3,1,312.20,431.33,36.15,119.59,0.9153,2,-1,-1
3,2,1289.14,416.22,35.93,103.90,0.8561,2,-1,-1
3,3,1325.83,444.05,34.05,116.56,0.8800,2,-1,-1
3,4,115.47,491.27,91.58,75.75,0.8718,2,-1,-1
3,5,719.85,480.39,39.15,82.44,0.8369,2,-1,-1
3,6,990.14,485.05,51.44,124.65,0.8902,2,-1,-1
3,7,1551.53,504.00,39.76,99.71,0.7197,2,-1,-1
3,8,1179.42,484.58,49.87,128.00,0.8482,2,-1,-1
3,9,718.16,548.24,47.85,130.14,0.8903,2,-1,-1
3,10,939.95,504.21,47.17,138.77,0.9170,2,-1,-1
3,11,1270.51,519.86,21.55,47.89,0.8499,2,-1,-1
3,12,1371.50,492.17,44.75,101.54,0.8227,2,-1,-1
3,13,1242.98,472.98,29.08,71.21,0.8469,2,-1,-1
3,14,1081.28,496.87,68.30,95.01,0.7833,2,-1,-1
3,0,477.62,334.66,14.10,14.83,1.0,0,-1,-1
4,1,315.11,460.44,28.61,90.65,0.8865,2,-1,-1
4,2,1290.77,416.03,33.59,103.35,0.8738,2,-1,-1
4,3,1325.34,444.06,34.35,116.76,0.8868,2,-1,-1
4,4,114.74,491.09,91.49,77.00,0.8467,2,-1,-1
4,5,720.50,482.02,37.91,84.21,0.8528,2,-1,-1
4,6,995.37,520.12,40.67,89.27,0.8502,2,-1,-1
4,7,1551.07,502.28,41.05,101.20,0.7452,2,-1,-1
4,8,1183.38,511.67,42.93,101.73,0.7779,2,-1,-1
4,9,712.70,553.76,50.04,125.23,0.8957,2,-1,-1
4,10,939.12,504.05,47.54,139.08,0.9073,2,-1,-1
4,11,1272.31,519.76,22.42,45.05,0.8590,2,-1,-1
4,12,1371.62,491.84,44.55,104.52,0.8281,2,-1,-1
4,13,1243.55,472.54,29.44,71.30,0.8404,2,-1,-1
4,14,1082.44,496.63,60.17,98.52,0.7700,2,-1,-1
4,16,1131.19,573.48,31.30,46.21,0.6381,2,-1,-1
4,0,477.75,334.83,13.90,14.79,1.0,0,-1,-1
5,1,315.23,471.35,26.49,79.50,0.8889,2,-1,-1
5,2,1290.68,415.40,33.70,104.80,0.8756,2,-1,-1
5,3,1325.02,444.37,34.63,117.19,0.8900,2,-1,-1
5,4,117.59,491.73,87.51,75.50,0.8525,2,-1,-1
5,5,721.05,480.28,36.18,80.73,0.8551,2,-1,-1
5,6,993.26,514.64,43.94,95.26,0.8297,2,-1,-1
5,7,1551.82,505.59,40.50,97.96,0.7431,2,-1,-1
5,8,1175.21,523.97,33.00,86.71,0.7411,2,-1,-1
5,9,706.39,551.25,55.70,129.11,0.9101,2,-1,-1
5,10,937.84,504.15,49.61,139.37,0.9116,2,-1,-1
5,12,1372.77,496.52,44.40,107.14,0.7757,2,-1,-1
5,13,1243.93,468.96,31.32,74.50,0.8194,2,-1,-1
5,14,1087.24,495.80,50.18,100.82,0.8366,2,-1,-1
5,16,1129.93,574.33,30.61,45.33,0.5194,2,-1,-1
6,1,315.52,480.00,25.58,70.70,0.8913,2,-1,-1
6,2,1286.78,415.31,35.48,103.30,0.8801,2,-1,-1
6,3,1324.48,444.74,34.78,116.60,0.8810,2,-1,-1
6,4,116.84,490.26,87.14,76.35,0.8420,2,-1,-1
6,5,721.20,480.94,35.62,81.25,0.8844,2,-1,-1
6,6,990.83,486.27,48.91,123.91,0.9003,2,-1,-1
6,7,1554.50,518.03,37.00,85.50,0.6900,2,-1,-1
6,8,1135.84,492.95,31.67,75.39,0.5430,2,-1,-1
6,9,703.84,548.94,58.40,131.52,0.9256,2,-1,-1
6,10,936.90,503.90,50.05,139.96,0.9114,2,-1,-1
6,12,1374.39,492.41,39.86,92.72,0.7845,2,-1,-1
6,13,1241.96,440.36,38.68,103.31,0.8556,2,-1,-1
6,14,1088.57,495.55,45.67,100.21,0.8015,2,-1,-1
6,16,1130.97,574.39,28.31,44.40,0.7361,2,-1,-1
7,1,314.69,478.83,26.83,72.26,0.8927,2,-1,-1
7,2,1286.81,415.56,34.68,102.59,0.8772,2,-1,-1
7,3,1324.43,445.34,34.79,116.27,0.8781,2,-1,-1
7,4,132.08,527.36,87.88,94.23,0.7781,2,-1,-1
7,5,720.96,480.62,35.93,80.95,0.8823,2,-1,-1
7,6,991.05,485.47,47.15,125.23,0.9139,2,-1,-1
7,7,1555.68,527.96,35.54,75.35,0.7334,2,-1,-1
7,9,702.56,547.86,59.27,133.02,0.9137,2,-1,-1
7,10,936.35,503.96,51.07,140.03,0.9164,2,-1,-1
7,12,1372.03,485.27,42.75,103.14,0.8488,2,-1,-1
7,13,1242.10,430.99,38.27,113.20,0.8887,2,-1,-1
7,14,1090.41,495.34,41.97,99.89,0.8278,2,-1,-1
7,22,1176.44,483.26,54.94,129.82,0.8693,2,-1,-1
8,1,313.76,476.53,27.46,74.72,0.8951,2,-1,-1
8,2,1279.55,445.44,31.53,90.11,0.7957,2,-1,-1
8,3,1323.13,443.20,35.73,118.76,0.8751,2,-1,-1
8,4,133.77,508.64,85.63,114.80,0.7835,2,-1,-1
8,5,719.96,480.68,37.76,88.87,0.8637,2,-1,-1
8,6,991.08,484.68,46.68,125.96,0.9064,2,-1,-1
8,7,1551.71,515.78,42.25,87.84,0.7674,2,-1,-1
8,9,702.34,548.09,58.83,134.94,0.9101,2,-1,-1
8,10,935.95,503.32,51.16,140.57,0.9123,2,-1,-1
8,12,1387.18,551.91,22.92,51.30,0.7840,2,-1,-1
8,13,1242.77,430.80,36.70,113.84,0.8948,2,-1,-1
8,14,1122.35,489.15,40.71,79.77,0.7942,2,-1,-1
8,22,1178.90,498.00,48.48,115.70,0.8586,2,-1,-1
9,1,312.31,467.72,28.82,83.76,0.8922,2,-1,-1
9,2,1280.19,445.17,33.77,93.00,0.8046,2,-1,-1
9,3,1323.70,442.55,35.27,119.00,0.8829,2,2,-1
9,4,139.76,498.11,73.91,126.08,0.8038,2,-1,-1
9,5,720.83,481.21,37.48,92.28,0.8640,2,2,-1
9,6,994.72,526.55,40.16,83.02,0.8973,2,-1,-1
9,7,1555.30,531.94,36.27,71.63,0.6542,2,2,-1
9,9,700.80,548.13,56.59,135.40,0.9211,2,1,-1
9,10,935.90,503.28,51.57,140.85,0.8914,2,1,-1
9,12,1387.29,553.90,23.04,49.45,0.8009,2,-1,-1
9,13,1243.47,430.56,36.70,114.13,0.8921,2,2,-1
9,14,1128.92,489.86,37.88,61.13,0.7483,2,1,-1
9,16,1130.74,573.90,26.28,45.95,0.7453,2,-1,-1
9,22,1177.74,519.84,37.98,91.64,0.6846,2,-1,-1
10,1,311.81,463.04,28.42,88.26,0.8903,2,-1,-1
10,2,1277.88,442.09,41.43,115.62,0.6259,2,-1,-1
10,3,1323.64,443.24,34.42,118.57,0.8916,2,2,-1
10,4,144.28,496.78,64.07,126.76,0.7917,2,-1,-1
10,5,720.98,481.73,35.49,92.07,0.8753,2,2,-1
10,6,991.88,523.87,43.44,85.71,0.8952,2,-1,-1
10,7,1553.22,527.65,39.96,76.33,0.7005,2,2,-1
10,9,699.43,547.71,53.30,134.84,0.9203,2,1,-1
10,10,934.90,503.29,51.91,140.45,0.9026,2,1,-1
10,12,1386.84,554.74,22.85,48.33,0.7762,2,-1,-1
10,13,1242.85,430.12,35.80,114.60,0.8883,2,2,-1
10,14,1129.05,489.86,36.49,55.22,0.6137,2,1,-1
10,16,1131.09,573.69,25.02,45.80,0.6943,2,-1,-1
10,22,1179.44,518.32,39.15,93.64,0.7931,2,2,-1
11,1,312.84,472.81,26.01,78.24,0.8884,2,-1,-1
11,2,1280.34,440.62,39.69,119.10,0.8785,2,-1,-1
11,3,1323.64,444.09,34.31,117.89,0.9010,2,2,-1
11,4,146.82,492.62,58.41,130.32,0.8022,2,-1,-1
11,5,721.10,482.61,34.51,88.81,0.8562,2,2,-1
11,6,992.33,532.20,42.17,76.99,0.8736,2,-1,-1
11,7,1548.35,512.62,47.42,91.38,0.6772,2,2,-1
11,9,696.77,547.29,50.17,134.88,0.9047,2,1,-1
11,10,934.16,503.79,51.47,139.36,0.8941,2,1,-1
11,12,1369.18,475.69,49.68,113.07,0.7838,2,2,-1
11,13,1243.08,429.21,35.37,115.62,0.8875,2,2,-1
11,14,1115.84,488.63,50.25,77.05,0.7337,2,1,-1
11,22,1179.97,525.55,37.02,86.01,0.8091,2,2,-1
11,24,1369.08,427.37,28.95,64.16,0.8335,2,-1,-1
12,1,309.22,432.82,31.82,118.17,0.9013,2,-1,-1
12,2,1282.49,441.44,38.73,116.66,0.6878,2,-1,-1
12,3,1324.20,444.23,33.87,117.79,0.8990,2,2,-1
12,4,139.85,492.16,59.68,130.43,0.8474,2,-1,-1
12,5,719.86,480.94,35.43,88.86,0.8654,2,2,-1
12,6,983.98,485.18,55.26,124.82,0.8923,2,-1,-1
12,7,1548.50,514.26,46.92,89.91,0.6251,2,2,-1
12,9,693.92,546.92,46.70,134.70,0.8931,2,1,-1
12,10,933.93,503.75,51.15,139.11,0.8971,2,1,-1
12,12,1373.77,492.61,40.47,89.31,0.7534,2,2,-1
12,13,1243.70,429.01,34.65,115.40,0.8885,2,2,-1
12,14,1114.70,489.14,51.36,80.00,0.6798,2,1,-1
12,22,1180.82,524.94,39.95,87.45,0.7975,2,2,-1
12,24,1368.09,427.20,30.41,67.22,0.7661,2,-1,-1
13,1,310.53,432.42,29.49,118.48,0.8944,2,-1,-1
13,2,1283.30,441.08,39.03,117.18,0.5267,2,1,-1
13,3,1325.14,445.17,32.95,116.38,0.9017,2,2,-1
13,4,130.98,492.21,66.11,131.11,0.8407,2,-1,-1
13,5,718.89,480.71,36.80,89.84,0.8695,2,2,-1
13,6,984.94,483.72,48.94,126.56,0.9185,3,0,-1
13,7,1549.50,517.63,45.64,86.59,0.6412,2,2,-1
13,8,1133.42,521.82,21.93,55.98,0.6158,2,-1,-1
13,9,690.63,546.74,44.46,134.95,0.9086,2,1,-1
13,10,933.74,503.85,49.49,135.76,0.8637,2,1,-1
13,12,1370.26,475.36,47.88,119.42,0.8109,2,2,-1
13,13,1243.92,429.31,34.39,115.21,0.8925,2,2,-1
13,14,1076.16,493.08,75.04,139.84,0.7639,2,1,-1
13,16,1131.26,573.79,23.96,44.81,0.5064,2,1,-1
13,22,1180.90,529.88,38.56,82.41,0.7273,2,2,-1
13,24,1367.70,426.80,30.76,67.59,0.5435,2,-1,-1
14,1,311.26,434.19,28.05,117.05,0.8714,2,-1,-1
14,3,1324.99,446.03,32.71,115.09,0.8936,2,2,-1
14,4,127.76,492.28,70.15,131.43,0.8472,2,-1,-1
14,5,725.13,522.65,51.03,130.86,0.9092,2,2,-1
14,6,984.77,482.71,45.60,127.34,0.9107,3,0,-1
14,7,1553.01,531.00,39.78,73.07,0.5168,2,2,-1
14,8,1133.08,525.59,20.93,54.06,0.7722,2,-1,-1
14,9,688.40,546.98,44.12,135.61,0.9147,2,1,-1
14,10,933.81,503.80,49.23,136.33,0.8848,2,1,-1
14,12,1372.53,473.29,43.81,108.31,0.7478,2,2,-1
14,13,1243.99,429.43,34.23,115.22,0.8904,2,2,-1
14,14,1079.29,492.84,65.14,143.07,0.8174,2,1,-1
14,22,1181.34,532.03,40.36,81.00,0.7917,2,2,-1
14,24,1367.52,427.18,30.84,69.34,0.8092,2,2,-1
15,1,311.43,433.53,27.63,117.69,0.8774,2,-1,-1
15,3,1324.25,444.46,33.53,116.70,0.8910,2,2,-1
15,4,138.58,492.17,65.43,131.29,0.7813,3,0,-1
15,5,718.37,523.00,56.52,132.23,0.8996,2,2,-1
15,6,984.67,482.72,43.38,126.45,0.8986,3,0,-1
15,7,1547.04,512.91,49.35,91.10,0.5940,2,2,-1
15,8,1134.80,524.41,23.11,56.99,0.7966,2,-1,-1
15,9,685.97,547.73,42.31,132.49,0.8602,2,1,-1
15,10,933.90,504.06,49.58,137.27,0.9031,2,1,-1
15,12,1371.03,471.49,46.89,121.69,0.7771,2,2,-1
15,13,1243.85,430.02,33.52,115.07,0.8905,2,2,-1
15,14,1080.60,492.37,61.21,143.41,0.7874,2,1,-1
15,22,1175.35,489.81,52.56,126.11,0.8761,2,2,-1
15,24,1368.07,427.99,30.34,69.04,0.8686,2,2,-1
16,1,311.65,434.80,27.06,116.39,0.8745,2,-1,-1
16,3,1321.52,443.15,35.89,119.24,0.8758,2,2,-1
16,4,144.67,495.76,59.43,127.06,0.7171,3,0,-1
16,5,721.42,523.55,53.49,130.01,0.8806,2,2,-1
16,6,984.91,483.68,42.92,125.71,0.8540,3,0,-1
16,8,1134.28,525.02,23.30,56.67,0.7133,2,-1,-1
16,9,684.03,548.36,43.10,130.15,0.8850,2,1,-1
16,10,933.95,503.61,50.04,140.13,0.9090,2,1,-1
16,12,1389.97,464.49,32.46,85.71,0.6822,2,2,-1
16,13,1243.97,429.97,33.76,115.29,0.8909,2,2,-1
16,14,1079.15,492.59,57.74,146.75,0.8106,2,1,-1
16,22,1177.96,491.19,48.42,124.26,0.8803,2,2,-1
16,24,1368.24,428.05,29.35,69.77,0.8729,2,2,-1
17,1,312.14,441.09,26.02,110.02,0.8730,2,-1,-1
17,3,1320.40,440.87,37.57,121.38,0.8716,2,2,-1
17,4,154.85,536.96,40.26,85.83,0.5346,3,0,-1
17,5,719.86,523.35,55.21,130.67,0.9196,2,2,-1
17,6,984.84,483.36,43.48,126.63,0.7959,3,0,-1
17,8,1134.45,524.43,23.14,56.00,0.8056,2,-1,-1
17,9,682.37,549.89,42.35,118.83,0.8588,2,1,-1
17,10,934.11,503.87,49.63,139.87,0.9162,2,1,-1
17,11,1283.34,467.80,23.17,52.78,0.6789,2,-1,-1
17,12,1372.80,472.40,45.15,120.23,0.7957,2,2,-1
17,13,1244.23,430.06,34.26,115.04,0.8923,2,2,-1
17,14,1077.65,494.13,53.97,146.00,0.7276,2,1,-1
17,22,1179.29,494.79,45.91,118.65,0.8303,2,2,-1
17,24,1368.79,428.71,28.27,70.77,0.8695,2,2,-1
18,1,311.53,433.20,27.92,117.78,0.8796,2,-1,-1
18,2,1280.09,419.78,32.15,101.04,0.6312,2,1,-1
18,3,1318.30,440.71,39.53,121.27,0.8830,2,2,-1
18,4,152.46,532.50,40.07,89.06,0.6867,3,0,-1
18,5,719.81,523.45,54.36,131.12,0.9228,2,2,-1
18,6,984.24,484.75,43.54,125.43,0.7605,3,0,-1
18,8,1133.96,525.33,22.74,55.87,0.7793,2,-1,-1
18,9,677.36,550.52,46.17,133.58,0.9097,2,1,-1
18,10,934.69,504.06,49.35,140.55,0.9232,2,1,-1
18,13,1244.23,429.82,35.05,115.33,0.8933,2,2,-1
18,22,1177.76,493.02,47.15,121.65,0.8545,2,2,-1
18,24,1368.88,428.51,28.40,73.43,0.8676,2,2,-1
19,1,311.19,432.76,27.33,118.47,0.8955,2,-1,-1
19,2,1282.36,450.14,27.11,69.73,0.7600,2,1,-1
19,3,1314.68,440.33,42.96,121.29,0.8970,2,2,-1
19,4,151.54,521.16,43.16,96.64,0.6902,3,0,-1
19,5,720.10,523.48,52.96,131.91,0.9276,2,2,-1
19,6,984.67,483.46,30.12,80.53,0.6119,3,0,-1
19,8,1133.46,524.12,22.39,56.75,0.7446,2,-1,-1
19,9,673.12,551.45,49.54,135.71,0.9280,2,1,-1
19,10,934.52,504.56,48.56,138.89,0.9234,2,1,-1
19,12,1371.80,465.72,50.73,137.58,0.8570,2,2,-1
19,13,1243.79,429.85,35.59,115.34,0.8954,2,2,-1
19,14,1079.65,495.78,50.39,143.40,0.7421,2,1,-1
19,22,1176.81,491.44,47.71,121.97,0.8470,2,2,-1
20,1,311.30,432.08,27.69,119.21,0.9074,2,-1,-1
20,2,1280.87,437.43,31.14,82.67,0.7979,2,1,-1
20,3,1311.09,439.68,46.62,122.03,0.9044,2,2,-1
20,4,132.15,490.69,55.36,72.74,0.7896,3,0,-1
20,5,719.78,524.10,52.35,131.91,0.9227,2,2,-1
20,6,980.21,477.91,48.31,133.51,0.6514,3,0,-1
20,8,1132.94,522.52,21.91,58.31,0.7150,2,-1,-1
20,9,670.59,552.12,50.21,135.03,0.8791,2,1,-1
20,10,935.27,504.17,48.83,140.42,0.9263,2,1,-1
20,12,1371.38,460.97,49.79,142.86,0.8509,2,2,-1
20,13,1243.27,429.19,36.48,116.43,0.8958,2,2,-1
20,14,1079.83,496.14,48.15,141.38,0.7809,2,1,-1
20,22,1176.11,491.68,48.57,122.17,0.8763,2,2,-1
21,1,311.43,432.25,27.92,119.34,0.8963,1,3,-1
21,2,1281.70,444.81,29.26,75.14,0.7829,2,1,-1
21,3,1311.42,439.80,46.87,121.63,0.9119,2,2,-1
21,4,124.59,488.64,66.43,69.09,0.8352,3,0,-1
21,5,719.71,523.97,51.03,132.33,0.9248,2,2,-1
21,6,980.29,480.70,48.17,132.31,0.6824,3,0,-1
21,8,1132.88,522.89,21.30,57.41,0.5588,2,-1,-1
21,9,668.11,552.71,50.74,134.02,0.9056,2,1,-1
21,10,935.74,504.40,48.68,140.12,0.9261,2,1,-1
21,12,1371.00,461.57,49.20,142.43,0.8697,2,2,-1
21,13,1242.90,428.92,37.54,118.05,0.8965,2,2,-1
21,14,1079.90,495.67,47.60,141.14,0.5785,2,1,-1
21,22,1176.38,492.44,48.11,121.81,0.8345,2,2,-1
21,0,478.22,336.07,12.92,14.05,1.0,0,-1,-1
22,1,311.22,432.08,27.93,119.71,0.9007,1,3,-1
22,2,1280.48,420.41,33.65,99.85,0.8299,2,1,-1
22,3,1312.52,440.18,45.96,121.33,0.9177,2,2,-1
22,4,116.52,487.45,93.95,129.49,0.8647,3,0,-1
22,5,719.83,523.75,49.77,132.01,0.9262,2,2,-1
22,6,979.69,484.26,48.86,128.87,0.7998,3,0,-1
22,8,1120.17,493.53,31.26,83.05,0.5873,2,2,-1
22,9,666.51,558.13,48.50,128.60,0.8924,2,1,-1
22,10,936.28,503.84,48.31,141.28,0.9133,2,1,-1
22,12,1371.66,461.64,48.76,142.47,0.8695,2,2,-1
22,13,1242.77,429.06,37.61,117.55,0.9004,2,2,-1
22,14,1079.85,496.67,46.38,139.29,0.7287,2,1,-1
22,22,1175.60,491.46,48.65,123.61,0.8422,2,2,-1
22,0,478.49,335.89,12.92,13.86,1.0,0,-1,-1
23,1,311.27,432.85,27.39,118.91,0.8805,1,3,-1
23,2,1279.93,427.26,32.40,92.90,0.8253,2,1,-1
23,3,1312.02,441.04,45.82,121.16,0.9158,2,2,-1
23,4,115.30,488.05,86.15,129.15,0.8599,3,0,-1
23,5,719.63,524.02,48.85,132.06,0.9297,2,2,-1
23,6,979.34,484.59,48.74,127.48,0.7449,3,0,-1
23,8,1133.92,519.08,19.93,55.61,0.6770,2,2,-1
23,9,665.72,564.27,45.85,121.89,0.8630,2,1,-1
23,10,937.83,504.52,47.30,140.42,0.9231,2,1,-1
23,12,1373.90,471.29,46.14,132.75,0.8897,2,2,-1
23,13,1243.03,428.86,37.14,116.41,0.9050,2,2,-1
23,14,1079.80,496.39,45.99,138.79,0.6220,2,1,-1
23,22,1176.81,493.85,47.89,122.83,0.7673,2,2,-1
23,29,722.30,484.65,30.84,61.94,0.8713,2,-1,-1
23,0,478.96,336.13,12.67,13.42,1.0,0,-1,-1
24,1,311.09,432.49,27.33,119.52,0.8826,1,3,-1
24,2,1280.52,426.94,32.79,93.23,0.8279,2,1,-1
24,3,1311.46,440.00,46.46,122.85,0.9196,2,2,-1
24,4,119.24,487.27,79.89,129.76,0.8630,3,0,-1
24,5,719.30,524.57,48.67,131.60,0.9304,2,-1,-1
24,6,979.60,485.53,46.92,128.41,0.8104,3,0,-1
24,8,1135.83,520.90,19.18,55.26,0.6047,2,2,-1
24,9,666.73,554.96,33.25,79.24,0.8077,2,1,-1
24,10,939.33,504.29,45.76,140.61,0.9252,2,1,-1
24,12,1374.99,463.84,46.28,139.93,0.8769,2,2,-1
24,13,1243.18,428.86,37.57,115.90,0.9022,2,2,-1
24,14,1083.85,495.34,38.04,108.79,0.5951,2,1,-1
24,22,1178.62,496.45,44.88,115.85,0.6791,2,2,-1
24,29,723.61,489.66,28.55,56.37,0.8753,2,-1,-1
25,1,312.34,448.47,25.13,103.80,0.8705,1,3,-1
25,2,1279.60,423.85,33.95,96.26,0.8398,2,1,-1
25,3,1311.77,439.32,45.78,123.61,0.9155,2,2,-1
25,4,120.70,486.90,75.03,129.89,0.8746,3,0,-1
25,5,718.63,524.50,48.32,131.89,0.9304,2,-1,-1
25,6,980.57,485.80,44.75,127.65,0.8614,3,0,-1
25,8,1121.22,491.79,30.25,83.29,0.6594,2,2,-1
25,9,661.53,555.09,32.68,77.22,0.7777,2,1,-1
25,10,940.15,504.26,44.87,140.58,0.9072,2,1,-1
25,12,1378.10,465.02,44.07,138.91,0.8802,2,2,-1
25,13,1242.60,428.84,38.08,116.15,0.9043,2,2,-1
25,14,1079.89,495.79,45.54,130.55,0.6380,2,1,-1
25,22,1176.35,493.54,47.31,123.75,0.8256,2,2,-1
25,29,723.12,489.15,28.60,56.45,0.8536,2,-1,-1
26,1,313.71,478.32,22.69,73.68,0.8798,1,3,-1
26,2,1279.71,420.69,34.02,99.19,0.8513,2,1,-1
26,3,1311.25,439.30,45.70,123.77,0.9113,2,2,-1
26,4,120.70,486.06,72.55,130.33,0.8736,3,0,-1
26,5,718.40,524.55,48.05,131.84,0.9299,3,0,-1
26,6,981.67,486.46,42.60,127.56,0.8631,3,0,-1
26,7,1546.77,501.24,49.44,102.66,0.7124,2,2,-1
26,8,1135.67,517.65,20.84,60.57,0.7061,2,2,-1
26,9,653.50,554.12,46.91,126.36,0.7898,2,1,-1
26,10,940.76,504.13,44.23,140.56,0.9130,2,1,-1
26,12,1378.62,463.08,43.46,141.20,0.8810,2,2,-1
26,13,1242.67,428.89,38.51,116.07,0.9055,2,2,-1
26,14,1079.52,495.73,46.45,132.29,0.5186,2,1,-1
26,22,1180.66,496.33,44.03,118.84,0.6868,2,2,-1
26,29,723.35,488.71,28.51,56.86,0.8586,2,2,-1
27,1,311.26,432.88,25.50,64.26,0.8891,1,3,-1
27,2,1280.25,419.94,33.52,100.19,0.8722,2,1,-1
27,3,1310.60,431.45,45.61,132.12,0.9022,2,2,-1
27,4,121.22,486.05,70.48,129.89,0.8698,3,0,-1
27,5,718.61,523.47,47.47,132.19,0.9189,3,0,-1
27,6,983.79,487.00,40.69,125.82,0.8675,3,0,-1
27,7,1555.89,533.86,35.92,70.55,0.6390,2,2,-1
27,8,1137.24,519.72,20.53,60.23,0.5934,2,2,-1
27,9,651.83,553.76,43.52,132.66,0.8161,2,1,-1
27,10,941.10,504.77,43.95,140.25,0.9268,2,1,-1
27,12,1378.67,461.51,44.12,142.70,0.8884,2,2,-1
27,13,1242.96,428.53,38.39,116.23,0.9008,2,2,-1
27,14,1109.38,489.91,32.84,92.98,0.6299,2,1,-1
27,22,1182.20,499.28,41.71,116.30,0.7172,2,2,-1
27,24,1354.58,428.04,37.93,111.73,0.7117,2,2,-1
27,29,721.66,484.50,29.70,60.24,0.8512,2,2,-1
28,1,309.68,432.27,28.31,64.30,0.9005,1,3,-1
28,2,1280.02,419.17,34.24,100.90,0.8796,2,-1,-1
28,3,1310.39,431.92,44.26,130.73,0.8881,2,2,-1
28,4,121.55,486.02,68.75,129.88,0.8740,3,0,-1
28,5,716.78,523.62,48.19,133.21,0.9253,3,0,-1
28,6,991.20,488.65,24.81,67.48,0.6935,3,0,-1
28,7,1556.01,536.63,34.75,67.76,0.5362,2,2,-1
28,8,1087.44,498.25,28.04,57.79,0.7353,2,2,-1
28,9,652.65,553.96,38.91,131.84,0.9137,2,1,-1
28,10,942.19,504.65,43.05,140.16,0.9235,2,1,-1
28,12,1377.70,461.25,44.34,143.24,0.8843,2,2,-1
28,13,1243.72,428.79,37.48,115.78,0.9004,2,2,-1
28,14,1112.90,489.59,30.07,84.74,0.6340,2,1,-1
28,22,1176.86,533.06,28.16,81.26,0.6563,2,2,-1
28,24,1353.78,428.47,36.15,111.23,0.8602,2,2,-1
28,29,722.35,484.22,30.46,60.25,0.8375,2,2,-1
28,30,1529.63,489.34,23.07,61.19,0.6999,2,-1,-1
29,1,309.40,432.73,29.50,63.94,0.8867,1,3,-1
29,2,1279.67,419.16,34.94,101.28,0.8787,2,2,-1
29,3,1310.24,437.55,43.44,125.57,0.8762,2,2,-1
29,4,121.71,486.18,67.15,129.56,0.8624,3,0,-1
29,5,715.88,523.39,48.63,133.65,0.9181,3,0,-1
29,6,990.50,491.48,25.32,59.45,0.7382,3,0,-1
29,9,650.09,553.74,38.54,135.17,0.9132,2,1,-1
29,10,942.75,504.74,42.71,140.47,0.9220,2,1,-1
29,12,1378.78,461.55,45.15,142.06,0.8976,2,2,-1
29,13,1244.05,428.77,36.79,115.73,0.9004,2,2,-1
29,14,1112.98,488.77,31.35,87.82,0.6981,2,1,-1
29,22,1180.62,530.53,32.16,84.95,0.7186,2,2,-1
29,24,1353.41,429.42,35.33,109.47,0.8531,2,2,-1
29,30,1531.93,483.70,25.51,66.58,0.7117,2,-1,-1
30,1,310.31,480.70,30.47,70.49,0.8731,1,3,-1
30,2,1279.13,419.32,36.03,101.14,0.8763,2,2,-1
30,3,1308.86,440.82,44.46,122.17,0.8953,2,2,-1
30,4,120.05,486.23,67.16,128.96,0.8668,3,0,-1
30,5,714.36,524.22,49.98,132.91,0.9255,3,0,-1
30,6,984.55,513.39,39.35,94.50,0.6246,3,0,-1
30,9,643.78,554.34,40.57,131.61,0.9315,2,1,-1
30,10,943.48,504.61,42.14,140.81,0.9225,2,1,-1
30,12,1379.04,462.23,46.30,142.20,0.9113,2,2,-1
30,13,1244.61,428.98,36.13,115.78,0.9003,2,2,-1
30,14,1079.06,496.10,47.72,135.48,0.7661,2,1,-1
30,16,1120.33,519.77,46.31,93.91,0.8535,2,1,-1
30,22,1176.51,539.58,27.23,75.32,0.6208,2,2,-1
30,24,1357.71,430.10,27.09,77.01,0.7750,2,2,-1
30,30,1533.10,482.73,27.52,68.23,0.6685,2,-1,-1
31,1,310.13,481.67,30.11,70.40,0.8553,1,3,-1
31,2,1279.20,419.24,37.63,101.39,0.8769,2,2,-1
31,3,1308.06,439.56,45.71,123.91,0.9010,2,2,-1
31,4,121.40,486.05,66.08,128.77,0.8694,3,0,-1
31,5,712.84,527.45,51.28,130.47,0.9267,3,0,-1
31,6,981.57,489.67,45.94,123.98,0.7882,3,0,-1
31,9,638.29,555.23,44.11,130.96,0.9290,2,1,-1
31,10,943.57,504.98,42.11,140.83,0.9195,2,1,-1
31,12,1377.92,462.91,48.34,141.57,0.9054,2,2,-1
31,13,1244.85,428.93,36.01,115.86,0.8990,2,2,-1
31,14,1077.58,496.42,48.16,138.29,0.7903,2,1,-1
31,16,1123.87,520.91,44.50,93.65,0.8228,2,1,-1
31,22,1179.71,504.52,40.96,112.54,0.6492,2,2,-1
31,24,1353.28,430.65,32.75,89.40,0.8284,2,2,-1
31,30,1533.23,484.74,28.03,65.59,0.7430,2,-1,-1
32,1,307.99,468.19,33.61,83.99,0.8415,1,3,-1
32,2,1278.98,419.59,38.21,100.81,0.8648,2,2,-1
32,3,1307.36,441.07,46.03,122.31,0.8900,2,2,-1
32,4,119.53,486.06,65.80,129.63,0.8696,3,0,-1
32,5,711.56,527.51,52.04,130.25,0.9254,3,0,-1
32,6,982.89,488.38,44.04,123.54,0.6969,3,0,-1
32,9,633.24,558.41,46.92,129.94,0.8775,2,1,-1
32,10,944.00,505.19,41.58,140.47,0.9190,2,1,-1
32,12,1377.18,462.13,48.62,141.50,0.8207,2,2,-1
32,13,1245.10,428.81,36.25,115.88,0.8998,2,2,-1
32,14,1077.99,496.73,47.33,135.62,0.7310,2,1,-1
32,16,1127.36,521.63,42.89,92.94,0.7761,2,1,-1
32,22,1186.62,501.24,28.83,74.04,0.6374,2,2,-1
32,24,1349.37,430.50,36.25,103.74,0.8517,2,2,-1
32,30,1532.72,484.67,28.62,65.24,0.7737,2,-1,-1
33,1,310.17,479.23,29.59,72.67,0.8307,1,3,-1
33,2,1279.26,419.55,38.24,100.74,0.8607,2,2,-1
33,3,1306.96,442.38,46.05,121.55,0.8641,2,2,-1
33,4,118.83,486.24,65.88,130.03,0.8904,3,0,-1
33,5,710.26,528.96,53.45,128.62,0.9265,3,0,-1
33,6,982.81,491.03,42.55,124.95,0.7172,3,0,-1
33,9,629.71,555.90,53.17,134.04,0.9290,2,1,-1
33,10,944.84,505.38,40.85,140.55,0.8939,2,1,-1
33,12,1376.43,460.05,33.00,96.04,0.7632,2,2,-1
33,13,1244.94,429.13,35.92,115.47,0.8995,2,2,-1
33,14,1078.31,496.53,47.61,134.36,0.7308,2,1,-1
33,16,1129.73,522.77,41.36,90.63,0.7373,2,1,-1
33,22,1172.18,497.46,48.23,118.10,0.7846,2,2,-1
33,24,1350.26,431.13,32.39,94.19,0.7916,2,2,-1
33,30,1531.58,479.15,30.90,70.87,0.6983,2,-1,-1
33,33,1552.98,491.92,37.56,112.08,0.7860,2,-1,-1
33,0,479.70,336.62,11.85,13.25,1.0,0,-1,-1
34,1,306.61,448.84,37.18,103.67,0.8564,1,3,-1
34,2,1279.10,419.62,38.34,100.83,0.8646,2,2,-1
34,3,1307.31,443.13,44.73,120.24,0.8549,2,2,-1
34,4,116.83,485.52,67.12,130.09,0.9108,3,0,-1
34,5,709.16,526.20,55.79,131.43,0.9221,3,0,-1
34,6,982.14,489.27,40.97,127.35,0.7950,3,0,-1
34,9,628.53,556.68,57.74,136.73,0.9260,2,1,-1
34,10,945.46,505.17,40.88,140.59,0.9027,2,1,-1
34,12,1376.25,458.40,31.09,91.13,0.7704,2,2,-1
34,13,1245.08,429.36,35.64,115.37,0.9003,2,2,-1
34,14,1078.59,496.46,48.10,133.88,0.7780,2,1,-1
34,16,1128.91,522.52,42.42,92.57,0.7575,2,1,-1
34,22,1182.78,529.94,37.48,87.29,0.6705,2,2,-1
34,24,1346.61,429.27,36.10,109.17,0.7978,2,2,-1
34,30,1531.58,481.03,30.39,70.04,0.7312,2,-1,-1
34,33,1553.90,492.37,36.38,111.43,0.8515,2,-1,-1
34,0,480.13,336.76,11.49,12.97,1.0,0,-1,-1
35,1,305.86,432.45,37.73,119.71,0.8574,1,3,-1
35,2,1279.10,419.43,37.93,101.00,0.8666,2,2,-1
35,3,1307.30,441.70,45.16,121.56,0.8548,2,2,-1
35,4,116.98,484.75,66.80,130.01,0.9158,3,0,-1
35,5,707.90,526.02,56.38,131.76,0.9267,3,0,-1
35,6,981.89,488.20,40.68,127.81,0.7757,3,0,-1
35,9,627.27,557.29,58.72,136.58,0.9310,2,1,-1
35,10,945.82,505.25,40.79,140.50,0.8931,2,1,-1
35,12,1376.47,457.96,29.89,86.99,0.7970,2,2,-1
35,13,1245.07,428.91,35.40,115.92,0.9006,2,2,-1
35,14,1078.84,496.20,49.81,136.58,0.7321,2,1,-1
35,16,1129.27,524.63,41.61,89.88,0.6648,2,1,-1
35,22,1183.06,532.15,37.59,85.91,0.5376,2,2,-1
35,24,1346.04,433.73,35.94,105.56,0.8192,2,2,-1
35,30,1531.36,478.20,29.59,71.16,0.7968,2,-1,-1
35,33,1554.48,490.67,35.85,113.64,0.8590,2,-1,-1
35,36,1404.55,553.20,15.51,47.88,0.8052,2,-1,-1
35,37,1383.32,550.80,22.50,49.63,0.7975,2,-1,-1
36,1,307.67,432.46,35.14,119.34,0.8729,1,3,-1
36,2,1278.27,419.08,38.62,101.16,0.8591,2,2,-1
36,3,1306.87,441.99,45.61,121.11,0.8667,2,2,-1
36,4,116.69,483.14,67.10,131.67,0.9229,3,0,-1
36,5,707.18,526.14,56.80,131.93,0.9252,3,0,-1
36,6,980.80,488.37,41.14,128.04,0.6532,3,0,-1
36,9,626.88,558.00,53.25,136.02,0.9307,2,1,-1
36,10,946.72,505.60,40.06,138.70,0.7238,2,1,-1
36,12,1375.94,456.89,30.75,87.38,0.8134,2,2,-1
36,13,1244.99,428.69,35.50,116.17,0.8971,2,2,-1
36,14,1078.53,496.81,48.01,131.84,0.8028,2,1,-1
36,16,1129.07,522.45,42.54,91.52,0.6545,2,1,-1
36,22,1180.37,540.88,28.68,72.15,0.7627,2,2,-1
36,30,1532.34,478.80,28.48,70.87,0.8154,2,-1,-1
36,33,1555.62,490.19,35.03,114.99,0.8302,2,2,-1
36,36,1404.95,553.21,15.50,47.92,0.8190,2,-1,-1
36,37,1383.51,545.53,23.85,54.26,0.7860,2,-1,-1
37,1,308.98,453.03,30.65,98.14,0.8550,1,3,-1
37,2,1278.53,419.32,37.86,100.73,0.8679,2,2,-1
37,3,1307.15,442.76,45.11,119.79,0.8467,2,2,-1
37,4,117.32,482.61,65.67,130.90,0.9103,3,0,-1
37,5,706.63,524.42,57.32,133.54,0.9244,3,0,-1
37,6,1003.93,490.00,23.63,76.13,0.6400,3,0,-1
37,9,627.48,557.82,54.62,136.55,0.9367,2,1,-1
37,10,946.83,505.56,40.06,139.00,0.6626,2,1,-1
37,12,1375.62,456.21,33.27,89.08,0.8100,2,2,-1
37,13,1244.99,428.40,35.62,116.49,0.8979,2,2,-1
37,14,1080.57,496.75,41.70,107.49,0.7647,2,1,-1
37,16,1131.60,521.82,41.21,90.36,0.6352,2,1,-1
37,22,1180.87,541.58,27.36,71.51,0.6697,2,2,-1
37,30,1532.60,478.35,28.16,71.46,0.8315,2,-1,-1
37,33,1557.27,491.67,33.17,113.39,0.8240,2,2,-1
37,36,1405.14,553.42,16.00,47.86,0.8295,2,-1,-1
37,37,1386.29,551.59,21.09,48.00,0.7724,2,-1,-1
38,1,307.05,443.19,33.20,107.87,0.8636,1,3,-1
38,2,1278.24,419.78,37.05,100.03,0.8613,2,2,-1
38,3,1307.63,441.89,44.39,121.24,0.8882,2,2,-1
38,4,118.06,482.17,64.64,130.65,0.8970,3,0,-1
38,5,706.70,523.75,57.22,134.08,0.9236,3,0,-1
38,6,981.79,487.99,39.61,123.18,0.6396,3,0,-1
38,9,624.03,557.77,49.52,136.81,0.9222,2,1,-1
38,10,946.90,505.54,40.08,139.14,0.6040,2,1,-1
38,12,1373.52,455.97,35.17,85.44,0.8358,2,2,-1
38,13,1244.85,428.22,35.82,116.76,0.9005,2,2,-1
38,14,1076.78,496.47,51.02,137.35,0.8125,2,1,-1
38,16,1125.40,488.06,38.91,85.42,0.7148,2,1,-1
38,22,1182.89,539.26,26.47,74.25,0.8036,2,2,-1
38,24,1342.30,425.91,35.48,112.59,0.8114,2,2,-1
38,30,1532.88,478.32,28.16,71.61,0.7699,2,-1,-1
38,33,1559.38,504.71,29.30,100.75,0.8264,2,2,-1
38,36,1405.55,553.75,16.18,47.59,0.8246,2,-1,-1
38,37,1387.58,551.98,20.48,47.21,0.8073,2,2,-1
39,1,306.26,435.19,34.45,116.00,0.8638,1,3,-1
39,2,1281.60,419.71,33.95,100.12,0.8597,2,2,-1
39,3,1308.21,440.52,43.45,122.40,0.8863,2,2,-1
39,4,116.82,481.94,64.63,130.72,0.8606,3,0,-1
39,5,706.96,523.73,57.51,134.00,0.9242,3,0,-1
39,6,1003.48,488.71,23.56,75.35,0.7388,3,0,-1
39,8,1078.75,496.61,43.46,88.09,0.6665,2,2,-1
39,9,622.04,556.87,43.62,136.59,0.9221,2,1,-1
39,12,1369.99,455.94,38.54,84.75,0.8420,2,2,-1
39,13,1244.92,428.28,36.25,116.88,0.9034,2,2,-1
39,16,1119.90,485.21,44.49,97.20,0.7827,2,1,-1
39,22,1185.92,535.30,28.86,78.27,0.7134,2,2,-1
39,30,1532.90,478.09,28.01,71.80,0.8108,2,-1,-1
39,33,1558.53,490.85,31.45,115.48,0.8330,2,2,-1
39,36,1405.54,554.00,16.36,47.41,0.8095,2,2,-1
39,37,1388.43,552.05,20.19,47.16,0.6847,2,2,-1
40,1,305.32,430.52,34.16,120.19,0.9153,1,3,-1
40,2,1283.93,419.11,30.99,101.04,0.8672,2,2,-1
40,3,1310.04,442.92,40.92,120.27,0.8923,2,2,-1
40,4,116.81,481.64,64.42,130.22,0.8670,3,0,-1
40,5,706.95,523.75,56.99,133.92,0.9208,3,0,-1
40,6,1004.29,490.47,21.92,69.54,0.7553,3,0,-1
40,9,619.30,556.07,42.84,137.15,0.9158,2,1,-1
40,12,1385.51,466.77,45.68,101.50,0.5058,2,2,-1
40,13,1244.65,428.33,36.79,117.00,0.9011,2,2,-1
40,14,1079.12,496.07,51.55,137.97,0.7939,2,1,-1
40,16,1121.36,484.95,41.57,87.63,0.8105,2,1,-1
40,22,1184.37,537.12,25.14,75.39,0.8194,2,2,-1
40,24,1343.12,425.31,37.01,113.34,0.8597,2,2,-1
40,29,729.78,480.41,32.51,72.59,0.7107,2,2,-1
40,30,1532.94,477.23,28.10,72.76,0.7620,2,-1,-1
40,33,1558.98,488.53,30.14,117.58,0.8677,2,2,-1
40,36,1406.15,554.05,16.26,47.33,0.8145,2,2,-1
41,1,305.16,430.55,33.76,120.35,0.9065,1,3,-1
41,2,1285.13,419.71,29.08,101.08,0.8491,2,2,-1
41,3,1311.03,442.97,40.40,120.67,0.8145,2,2,-1
41,4,117.22,481.51,64.11,129.97,0.8696,3,0,-1
41,5,706.50,523.96,56.82,133.61,0.9245,3,0,-1
41,6,983.30,487.92,27.86,79.14,0.7361,3,0,-1
41,9,617.03,557.38,42.38,135.41,0.9177,2,1,-1
41,12,1380.27,528.79,21.74,49.97,0.6127,2,2,-1
41,13,1244.42,428.70,37.10,116.67,0.9015,2,2,-1
41,14,1079.18,496.24,45.89,121.29,0.7738,2,1,-1
41,16,1121.20,485.02,41.69,86.59,0.8199,2,1,-1
41,22,1185.12,538.20,23.26,74.14,0.8481,2,2,-1
41,24,1371.62,455.72,33.43,82.95,0.8563,2,2,-1
41,30,1532.99,476.40,28.03,73.72,0.8213,2,-1,-1
41,33,1559.15,488.10,29.22,118.37,0.8742,2,2,-1
41,36,1406.67,553.71,16.17,47.82,0.7689,2,2,-1
42,1,304.75,430.50,34.52,120.51,0.9234,1,3,-1
42,2,1286.04,418.49,28.58,102.67,0.8394,2,2,-1
42,3,1312.43,443.81,39.22,119.49,0.8746,2,2,-1
42,4,118.11,481.45,63.66,129.80,0.8812,3,0,-1
42,5,706.52,523.71,56.46,133.92,0.9347,3,0,-1
42,6,982.47,488.25,33.08,72.61,0.7616,3,0,-1
42,9,614.94,558.15,40.66,128.71,0.9174,2,1,-1
42,11,1346.54,427.25,37.08,111.56,0.8891,2,-1,-1
42,12,1379.84,536.41,18.41,43.55,0.6341,2,2,-1
42,13,1243.62,428.86,36.99,116.85,0.9009,2,2,-1
42,14,1078.94,496.65,50.85,137.50,0.8411,2,1,-1
42,16,1131.99,518.63,40.54,91.14,0.8361,2,1,-1
42,22,1185.77,538.30,22.51,74.14,0.8442,2,2,-1
42,24,1385.77,466.88,49.64,132.46,0.7682,2,2,-1
42,30,1532.96,474.65,28.38,75.47,0.7780,2,-1,-1
42,33,1559.52,487.55,29.32,119.23,0.8818,2,2,-1
42,39,1209.60,573.24,15.86,44.11,0.6169,2,-1,-1
43,1,304.77,430.81,34.45,118.70,0.8413,1,3,-1
43,2,1285.26,418.79,29.12,102.69,0.8744,2,2,-1
43,3,1312.66,445.75,38.68,117.89,0.8595,2,2,-1
43,4,120.57,480.87,61.69,129.35,0.8909,3,0,-1
43,5,706.45,523.31,56.40,134.47,0.9310,3,0,-1
43,6,982.63,488.62,35.99,71.60,0.7673,3,0,-1
43,9,611.87,558.97,41.41,129.44,0.9150,2,1,-1
43,11,1347.11,427.09,36.98,112.32,0.8909,2,-1,-1
43,13,1243.19,428.52,37.30,117.23,0.9039,2,2,-1
43,14,1078.84,497.37,50.10,138.14,0.8703,2,1,-1
43,16,1122.27,486.06,39.83,88.01,0.8149,2,1,-1
43,22,1187.42,537.30,23.81,75.82,0.7874,2,2,-1
43,24,1389.52,466.36,48.74,136.36,0.6939,2,2,-1
43,30,1533.06,472.71,28.92,77.54,0.7704,2,-1,-1
43,33,1559.49,487.51,29.62,119.28,0.8703,2,2,-1
43,39,1209.42,571.01,16.61,46.18,0.5337,2,-1,-1
44,1,304.94,430.76,34.65,118.50,0.7333,1,3,-1
44,2,1281.16,418.28,31.80,103.21,0.8456,2,2,-1
44,3,1312.79,446.78,38.36,116.30,0.8381,2,2,-1
44,4,123.12,480.94,58.99,128.99,0.8950,3,0,-1
44,5,706.54,523.18,56.08,134.40,0.9189,3,0,-1
44,6,980.04,488.13,38.75,72.96,0.8167,2,-1,-1
44,9,607.69,559.02,45.34,136.60,0.9076,2,1,-1
44,11,1347.67,426.85,36.57,112.66,0.8950,2,2,-1
44,13,1243.00,428.32,36.66,117.51,0.9025,2,2,-1
44,14,1080.43,496.90,45.52,122.50,0.8584,2,1,-1
44,16,1129.42,517.31,41.18,91.55,0.8363,2,1,-1
44,22,1188.51,537.30,25.61,76.61,0.7666,2,2,-1
44,24,1391.96,466.24,45.06,136.28,0.7810,2,2,-1
44,30,1530.83,440.47,33.88,110.16,0.8804,2,-1,-1
44,33,1559.82,487.33,29.98,119.02,0.8885,2,2,-1
45,1,304.72,430.54,35.51,118.90,0.8230,1,3,-1
45,2,1277.58,416.83,35.44,105.36,0.8573,2,2,-1
45,3,1312.22,446.26,38.77,116.35,0.8092,2,2,-1
45,4,125.36,480.94,56.79,128.58,0.9114,3,0,-1
45,5,706.95,522.98,55.06,134.38,0.9205,3,0,-1
45,6,978.91,488.57,40.42,75.65,0.7868,2,1,-1
45,9,604.07,560.19,46.82,137.11,0.9199,2,1,-1
45,11,1347.80,425.02,36.33,114.13,0.8832,2,2,-1
45,13,1243.21,428.68,35.69,117.15,0.9018,2,2,-1
45,14,1081.12,497.57,46.01,121.34,0.8748,2,1,-1
45,16,1128.96,515.13,41.43,94.42,0.8314,2,1,-1
45,22,1187.59,538.41,25.65,76.45,0.7838,2,2,-1
45,24,1396.81,467.14,40.44,126.65,0.6875,2,2,-1
45,29,735.63,479.27,31.49,77.02,0.8626,2,2,-1
45,30,1532.43,443.09,31.55,107.55,0.8722,2,-1,-1
45,33,1559.69,487.66,30.35,118.70,0.8883,2,2,-1
45,39,1211.54,574.65,15.32,42.68,0.5536,2,-1,-1
46,1,304.01,430.36,36.19,118.19,0.9264,1,3,-1
46,2,1277.14,416.86,36.65,104.48,0.8669,2,2,-1
46,3,1316.41,465.32,33.49,96.93,0.7325,2,2,-1
46,4,127.49,481.75,53.99,128.29,0.9033,3,0,-1
46,5,707.39,523.11,54.62,134.50,0.9283,3,0,-1
46,6,976.36,488.44,40.67,73.17,0.7881,2,1,-1
46,9,600.49,561.38,48.84,135.31,0.9308,2,1,-1
46,11,1348.47,423.66,36.81,117.29,0.8784,2,2,-1
46,13,1243.09,428.75,35.11,116.99,0.9028,2,2,-1
46,14,1081.73,497.27,46.84,117.59,0.8905,2,1,-1
46,16,1133.18,518.92,36.42,91.48,0.8647,2,1,-1
46,22,1187.89,537.51,26.50,77.64,0.7958,2,2,-1
46,24,1403.30,468.94,30.77,96.56,0.6277,2,2,-1
46,29,736.36,479.17,31.02,75.54,0.8562,2,2,-1
46,30,1532.66,437.35,31.59,113.86,0.8782,2,-1,-1
46,33,1559.33,487.94,30.80,118.45,0.8992,2,2,-1
46,36,1403.62,553.76,18.90,47.83,0.7489,2,2,-1
46,37,1382.55,532.68,21.55,46.38,0.6298,2,2,-1
46,39,1211.54,573.91,15.52,43.46,0.5153,2,-1,-1
47,1,303.48,430.22,36.91,117.96,0.9355,1,3,-1
47,2,1275.77,417.05,38.24,104.31,0.8767,2,2,-1
47,3,1314.53,447.70,38.63,115.18,0.7214,2,2,-1
47,4,128.15,480.62,52.53,129.80,0.8932,3,0,-1
47,5,707.97,523.03,53.24,134.47,0.9264,3,0,-1
47,6,975.54,488.07,43.19,73.32,0.8511,2,1,-1
47,9,596.41,561.71,52.09,135.21,0.9455,2,1,-1
47,10,949.54,509.00,39.40,136.29,0.7632,2,1,-1
47,11,1349.91,424.61,34.95,112.64,0.8820,2,2,-1
47,13,1243.01,428.45,35.23,117.21,0.9023,2,2,-1
47,14,1082.46,495.96,48.55,117.93,0.9018,2,1,-1
47,16,1133.72,518.86,34.13,91.34,0.8918,2,1,-1
47,22,1188.65,537.49,26.88,76.13,0.7330,2,2,-1
47,24,1404.15,467.73,29.34,92.76,0.7486,2,2,-1
47,29,737.13,478.97,30.59,74.32,0.8489,2,2,-1
47,30,1533.20,438.29,30.84,112.52,0.8921,2,-1,-1
47,33,1558.77,488.25,31.44,117.88,0.8962,2,2,-1
47,36,1403.18,553.97,19.77,47.65,0.7400,2,2,-1
48,1,302.64,431.20,37.72,116.88,0.9002,1,3,-1
48,2,1272.94,416.69,40.91,104.90,0.8908,2,2,-1
48,4,128.87,481.12,50.30,129.49,0.8894,3,0,-1
48,5,708.67,522.86,51.83,132.34,0.9170,2,-1,-1
48,6,972.84,487.28,45.22,72.56,0.8749,2,1,-1
48,9,594.72,562.56,51.61,135.42,0.9394,2,1,-1
48,11,1351.07,422.01,33.81,114.57,0.8563,2,2,-1
48,13,1242.88,428.74,35.46,117.03,0.9035,2,2,-1
48,14,1082.82,496.61,51.38,116.67,0.9001,2,1,-1
48,16,1133.11,520.37,32.89,89.08,0.9015,2,1,-1
48,22,1188.00,533.95,28.73,79.30,0.7466,2,2,-1
48,24,1403.88,466.43,30.19,95.85,0.6699,2,2,-1
48,29,737.54,478.61,30.35,73.97,0.8452,2,2,-1
48,30,1533.36,438.65,30.65,112.45,0.8847,2,-1,-1
48,33,1557.44,488.62,32.29,117.68,0.8920,2,2,-1
48,36,1402.61,554.35,19.90,46.86,0.6926,2,2,-1
49,1,301.34,458.50,35.13,90.12,0.8943,1,3,-1
49,2,1272.49,416.32,41.58,105.18,0.8840,2,2,-1
49,3,1314.09,445.89,39.03,117.44,0.6235,2,2,-1
49,4,129.13,480.59,48.55,128.43,0.8623,3,0,-1
49,5,708.67,522.92,51.62,134.00,0.9213,2,1,-1
49,6,971.84,487.56,45.19,72.63,0.8730,2,1,-1
49,9,592.16,563.25,52.58,136.75,0.9399,2,1,-1
49,11,1351.77,421.87,32.97,114.91,0.8726,2,2,-1
49,13,1241.91,428.92,36.52,116.95,0.9053,2,2,-1
49,14,1082.12,496.91,53.00,118.94,0.8979,2,1,-1
49,16,1132.73,520.78,31.33,87.82,0.8981,2,1,-1
49,22,1190.23,497.82,27.76,69.93,0.7505,2,2,-1
49,24,1403.67,467.43,29.94,95.36,0.5392,2,2,-1
49,29,737.72,479.01,29.36,72.37,0.8240,2,2,-1
49,30,1533.04,438.46,30.79,113.17,0.8917,2,-1,-1
49,33,1556.29,489.48,32.79,116.83,0.8955,2,2,-1
49,36,1401.66,554.09,20.51,47.33,0.7349,2,2,-1
50,1,296.06,431.00,43.65,117.28,0.9282,1,3,-1
50,2,1272.24,416.57,42.07,105.03,0.8918,2,2,-1
50,3,1318.45,422.59,25.99,78.23,0.7025,2,2,-1
50,4,129.68,480.19,47.39,128.87,0.8778,3,0,-1
50,5,708.96,523.16,50.98,134.39,0.9181,2,1,-1
50,6,971.77,487.64,45.25,71.83,0.8759,2,1,-1
50,9,589.51,563.72,50.75,137.16,0.9348,2,1,-1
50,10,949.19,513.89,37.90,132.12,0.6005,2,1,-1
50,11,1350.10,420.54,34.16,115.79,0.8636,2,2,-1
50,13,1241.31,429.02,36.59,117.15,0.9029,2,2,-1
50,14,1083.11,496.95,53.70,123.10,0.8895,2,1,-1
50,16,1131.43,520.00,30.28,88.78,0.8560,2,1,-1
50,22,1188.25,532.45,32.29,79.08,0.7396,2,2,-1
50,24,1403.47,467.70,30.45,93.65,0.6319,2,2,-1
50,30,1532.92,438.55,30.75,112.94,0.8944,2,-1,-1
50,33,1553.69,489.73,34.16,116.81,0.8853,2,2,-1
50,36,1401.01,553.67,20.62,47.03,0.5216,2,2,-1
51,1,294.44,430.40,44.18,117.88,0.9347,1,3,-1
51,2,1271.78,416.54,42.94,104.80,0.9014,2,2,-1
51,3,1312.65,444.75,38.85,117.41,0.8494,2,2,-1
51,4,129.67,479.32,47.00,128.64,0.8274,3,0,-1
51,5,709.00,523.55,49.72,133.69,0.9108,2,1,-1
51,6,970.62,488.06,45.85,70.87,0.8846,2,1,-1
51,8,1083.65,497.55,49.87,98.77,0.8542,2,2,-1
51,9,588.51,563.81,48.92,136.76,0.9271,2,1,-1
51,11,1351.53,421.23,33.32,114.65,0.8757,2,2,-1
51,13,1240.36,428.38,36.87,117.42,0.8987,2,2,-1
51,16,1127.46,518.44,31.79,88.25,0.8775,2,1,-1
51,22,1185.25,539.19,28.74,75.49,0.7363,2,2,-1
51,30,1532.04,439.94,31.03,111.22,0.8957,2,-1,-1
51,33,1553.19,489.65,34.76,117.04,0.8809,2,2,-1
52,1,292.74,430.17,45.36,117.95,0.9282,1,3,-1
52,2,1271.50,416.60,43.74,104.90,0.9008,2,2,-1
52,3,1312.54,443.69,38.77,119.77,0.8981,2,2,-1
52,4,129.07,478.61,47.52,128.84,0.8817,3,0,-1
52,5,708.47,523.90,48.62,133.51,0.9216,2,1,-1
52,6,971.90,489.31,46.52,70.55,0.8522,2,1,-1
52,8,1082.74,494.42,51.84,105.50,0.6439,2,2,-1
52,9,586.39,563.75,47.80,135.65,0.8148,2,1,-1
52,11,1353.26,421.28,32.02,113.06,0.8263,2,2,-1
52,13,1239.92,428.82,36.75,117.24,0.8964,2,2,-1
52,16,1126.44,517.23,32.50,86.51,0.8841,2,1,-1
52,22,1191.58,497.60,27.28,66.75,0.6551,2,2,-1
52,30,1532.04,440.34,31.11,110.17,0.8856,2,-1,-1
52,33,1552.16,493.32,34.66,113.44,0.8177,2,2,-1
53,1,290.89,429.84,46.40,118.57,0.9314,1,3,-1
53,2,1271.43,416.56,43.53,104.90,0.8954,2,2,-1
53,3,1312.50,442.42,38.74,120.59,0.8966,2,2,-1
53,4,127.32,477.96,49.56,128.56,0.9068,3,0,-1
53,5,709.43,523.78,46.79,133.40,0.9184,2,1,-1
53,6,982.02,490.31,41.17,70.35,0.8496,2,1,-1
53,9,583.40,563.57,45.82,135.71,0.8960,2,1,-1
53,10,949.39,511.21,38.40,135.39,0.7199,2,1,-1
53,13,1239.71,428.35,37.30,117.57,0.8929,2,2,-1
53,14,1084.23,488.59,48.48,114.00,0.6028,2,1,-1
53,16,1125.64,516.98,32.99,85.74,0.8808,2,1,-1
53,22,1192.37,495.22,27.95,64.47,0.6838,2,2,-1
53,30,1532.00,440.06,31.56,111.25,0.8831,2,-1,-1
54,1,289.62,429.30,46.40,119.02,0.9365,1,3,-1
54,2,1271.93,415.86,44.11,105.60,0.9014,2,2,-1
54,3,1311.64,441.55,39.29,121.90,0.8996,2,2,-1
54,4,125.88,477.72,49.99,127.96,0.8884,3,0,-1
54,5,710.34,523.98,45.23,133.18,0.9199,2,1,-1
54,6,984.87,490.50,37.37,70.58,0.8680,2,1,-1
54,9,580.70,564.22,45.77,137.22,0.9017,2,1,-1
54,10,950.11,511.42,38.32,134.96,0.6518,2,1,-1
54,11,1353.50,421.81,30.73,106.38,0.8244,2,2,-1
54,13,1239.26,428.27,37.52,117.82,0.8950,2,2,-1
54,14,1086.10,491.12,46.75,116.12,0.7853,2,1,-1
54,16,1127.14,516.34,32.05,87.42,0.8753,2,1,-1
54,22,1190.27,539.72,34.80,73.74,0.7419,2,2,-1
54,33,1549.84,492.41,36.37,114.62,0.8932,2,2,-1
54,42,1390.57,466.10,42.45,133.91,0.8708,2,-1,-1
54,43,1098.12,587.46,15.99,48.02,0.5141,2,-1,-1
54,44,1120.60,586.72,20.57,46.52,0.6141,2,-1,-1
55,1,287.94,429.34,47.23,118.72,0.9359,1,3,-1
55,2,1271.36,415.89,44.70,105.51,0.9047,2,2,-1
55,3,1311.82,440.76,39.09,122.57,0.8947,2,2,-1
55,4,124.69,477.38,51.30,128.19,0.8932,3,0,-1
55,5,710.46,523.93,44.55,132.38,0.9196,2,1,-1
55,6,984.41,490.37,36.80,70.81,0.8571,2,1,-1
55,9,578.56,563.51,44.94,137.53,0.9085,2,1,-1
55,10,950.11,510.43,38.50,135.93,0.6380,2,1,-1
55,11,1351.36,422.36,32.27,108.45,0.8060,2,2,-1
55,13,1238.84,428.67,37.20,117.28,0.8965,2,2,-1
55,14,1086.91,480.41,49.12,125.91,0.8224,2,1,-1
55,16,1128.33,516.71,31.07,88.28,0.8489,2,1,-1
55,22,1184.88,543.65,31.25,71.48,0.7327,2,2,-1
55,33,1544.52,491.53,40.33,115.23,0.8870,2,2,-1
55,42,1390.69,466.27,42.58,134.06,0.8959,2,-1,-1
56,1,287.47,429.98,45.98,118.18,0.9375,1,3,-1
56,2,1271.95,415.90,44.05,105.57,0.9009,2,2,-1
56,3,1311.52,441.41,38.97,122.31,0.8899,2,2,-1
56,4,122.46,476.73,52.55,129.08,0.9086,3,0,-1
56,5,711.15,523.59,44.53,132.82,0.9142,2,1,-1
56,6,975.47,488.79,41.71,70.82,0.8526,2,1,-1
56,9,576.66,563.20,40.96,136.93,0.9194,2,1,-1
56,11,1349.45,422.17,34.03,110.87,0.8213,2,2,-1
56,13,1237.97,429.46,37.21,116.78,0.9009,2,2,-1
56,14,1117.25,480.54,35.75,81.85,0.7655,2,1,-1
56,16,1182.78,496.55,28.67,69.17,0.6859,2,1,-1
56,22,1185.18,545.65,29.35,69.56,0.6177,2,2,-1
56,33,1541.83,489.82,42.66,116.21,0.8921,2,2,-1
56,42,1390.91,466.09,43.02,133.27,0.9002,2,-1,-1
57,1,287.01,429.98,45.52,118.17,0.9392,1,3,-1
57,2,1272.28,416.28,44.50,105.53,0.9017,2,2,-1
57,3,1311.20,440.57,39.47,123.10,0.8951,2,2,-1
57,4,122.08,476.50,52.33,129.37,0.9077,3,0,-1
57,5,711.58,522.39,44.53,134.26,0.9023,2,1,-1
57,6,974.16,487.55,44.00,70.39,0.8743,2,1,-1
57,9,572.11,564.26,40.73,137.53,0.9180,2,1,-1
57,10,951.14,511.42,37.66,134.18,0.6622,2,1,-1
57,11,1349.71,422.10,32.92,103.33,0.7492,2,2,-1
57,13,1237.95,429.53,37.37,116.59,0.8978,2,2,-1
57,14,1121.08,481.71,34.27,83.59,0.7752,2,1,-1
57,16,1188.30,496.57,29.86,61.37,0.6683,2,1,-1
57,22,1185.99,546.96,28.10,67.99,0.5574,2,2,-1
57,33,1537.39,489.05,46.69,117.60,0.9140,2,2,-1
57,42,1391.30,465.69,42.41,132.43,0.8871,2,2,-1
58,1,286.02,429.50,44.70,118.59,0.9392,1,3,-1
58,2,1272.83,415.88,43.87,105.22,0.8968,2,2,-1
58,3,1310.85,439.43,39.90,124.02,0.9011,2,2,-1
58,4,122.75,476.12,51.72,129.62,0.9044,3,0,-1
58,5,712.36,522.28,43.67,134.32,0.9062,2,1,-1
58,6,968.57,486.56,47.26,71.14,0.8904,2,1,-1
58,8,1085.21,487.53,50.13,118.51,0.8332,2,2,-1
58,9,566.70,564.65,45.10,137.55,0.9280,2,1,-1
58,13,1238.65,429.03,38.59,117.06,0.8963,2,2,-1
58,22,1183.91,527.08,37.19,87.88,0.5198,2,2,-1
58,24,1360.88,455.17,38.23,110.26,0.7963,2,2,-1
58,33,1536.95,488.29,46.96,118.86,0.9128,2,2,-1
58,42,1390.93,465.27,42.50,132.93,0.8989,2,2,-1
59,1,285.95,429.71,43.55,118.13,0.9353,1,3,-1
59,2,1274.09,416.02,42.77,105.41,0.8925,2,2,-1
59,3,1310.48,440.11,40.06,123.58,0.8965,2,2,-1
59,4,123.15,476.48,50.19,129.05,0.9082,3,0,-1
59,5,713.49,522.45,42.88,134.03,0.8899,2,1,-1
59,6,969.55,485.49,46.44,71.71,0.8653,2,1,-1
59,8,1096.58,480.42,48.72,76.09,0.8164,2,2,-1
59,9,561.61,565.38,48.49,137.27,0.9353,2,1,-1
59,13,1238.42,429.58,39.57,116.68,0.9025,2,2,-1
59,22,1179.47,490.88,49.90,124.91,0.8644,2,2,-1
59,24,1361.77,454.07,38.06,112.32,0.8114,2,2,-1
59,33,1536.73,486.12,46.35,119.38,0.9250,2,2,-1
59,42,1391.11,464.79,44.89,134.20,0.8916,2,2,-1
59,44,1140.20,563.86,18.65,42.44,0.6450,2,-1,-1
60,1,285.77,430.18,43.56,118.19,0.9353,1,3,-1
60,2,1273.69,415.78,42.93,105.22,0.8957,2,2,-1
60,3,1310.05,442.26,40.25,121.74,0.8959,2,2,-1
60,4,124.54,475.58,48.31,129.19,0.8924,3,0,-1
60,5,714.66,522.29,42.26,134.72,0.8742,2,1,-1
60,6,970.81,486.42,44.40,71.17,0.8560,2,1,-1
60,8,1099.11,479.50,51.63,74.66,0.8148,2,2,-1
60,9,556.68,566.23,53.58,137.19,0.9397,2,1,-1
60,13,1237.64,429.50,39.19,116.97,0.9026,2,2,-1
60,22,1182.26,492.68,47.84,122.59,0.7975,2,2,-1
60,24,1355.85,423.22,27.67,70.69,0.7992,2,2,-1
60,33,1537.87,484.26,44.29,120.47,0.9175,2,2,-1
60,42,1389.70,464.64,45.83,133.84,0.9084,2,2,-1
60,44,1133.98,540.22,26.70,64.94,0.6415,2,-1,-1
61,1,285.75,429.89,43.15,118.30,0.9407,1,3,-1
61,2,1275.11,415.59,40.81,105.08,0.8859,2,2,-1
61,3,1308.47,441.37,42.19,123.19,0.8966,2,2,-1
61,4,123.68,475.67,47.60,129.44,0.9004,3,0,-1
61,5,715.18,521.98,42.05,134.92,0.8800,2,1,-1
61,6,970.57,487.39,43.81,71.27,0.8676,2,1,-1
61,8,1103.63,479.20,50.15,72.68,0.7675,2,2,-1
61,9,553.47,566.97,57.17,137.56,0.9352,2,1,-1
61,13,1237.54,429.43,39.13,117.13,0.9018,2,2,-1
61,22,1182.58,499.49,44.79,115.58,0.7723,2,2,-1
61,24,1356.45,451.41,44.27,115.14,0.9020,2,2,-1
61,33,1538.39,482.81,41.71,119.15,0.9022,2,2,-1
61,42,1391.22,464.70,45.30,133.68,0.8926,2,2,-1
61,44,1139.28,560.01,18.60,45.91,0.6354,2,-1,-1
62,1,285.01,429.78,43.58,118.18,0.9373,1,3,-1
62,2,1277.47,415.07,37.95,105.28,0.8851,2,2,-1
62,3,1307.86,440.42,43.10,124.17,0.9062,2,2,-1
62,4,122.26,476.47,47.60,128.37,0.9065,3,0,-1
62,5,715.67,522.76,41.34,133.78,0.8984,2,1,-1
62,6,971.55,488.39,42.74,71.17,0.8006,2,1,-1
62,8,1109.94,478.64,49.89,74.72,0.7717,2,2,-1
62,9,552.83,566.73,58.07,138.89,0.9356,2,1,-1
62,13,1237.71,428.81,39.10,117.55,0.9016,2,2,-1
62,22,1182.01,491.28,47.09,124.31,0.8189,2,2,-1
62,24,1355.59,449.70,43.86,116.43,0.9084,2,2,-1
62,33,1538.74,481.38,39.16,118.58,0.8910,2,2,-1
62,42,1392.16,464.77,43.52,133.80,0.8929,2,2,-1
63,1,283.46,430.64,42.94,116.67,0.9354,1,3,-1
63,2,1278.77,415.13,35.88,105.01,0.8901,2,2,-1
63,3,1307.82,439.85,43.04,124.39,0.9047,2,2,-1
63,4,120.75,477.06,47.32,127.18,0.8661,3,0,-1
63,5,715.81,522.71,42.46,133.53,0.9003,2,1,-1
63,6,976.01,489.30,39.54,70.56,0.7882,2,1,-1
63,9,553.59,566.62,57.04,140.51,0.9329,2,1,-1
63,10,950.04,510.42,37.51,137.39,0.8006,2,1,-1
63,13,1237.55,429.16,38.97,117.40,0.9032,2,2,-1
63,14,1137.50,513.77,18.31,40.43,0.6664,2,1,-1
63,22,1182.19,493.65,44.54,120.91,0.8143,2,2,-1
63,24,1354.19,449.64,41.38,116.03,0.8967,2,2,-1
63,33,1537.93,482.11,38.23,117.38,0.8972,2,2,-1
63,42,1393.33,464.99,42.51,133.04,0.9031,2,2,-1
63,47,1081.91,478.31,51.03,128.69,0.8241,2,-1,-1
64,1,282.15,430.36,42.89,116.61,0.9349,1,3,-1
64,2,1278.88,415.01,35.06,104.82,0.8781,2,2,-1
64,3,1305.08,440.37,44.92,124.39,0.8928,2,2,-1
64,4,120.38,477.05,46.34,127.82,0.9123,3,0,-1
64,5,716.69,522.35,42.97,133.75,0.9015,2,1,-1
64,6,975.47,489.13,38.04,71.12,0.8053,2,1,-1
64,9,552.88,567.09,56.65,140.11,0.9341,2,1,-1
64,10,949.59,509.96,37.62,137.78,0.7115,2,1,-1
64,13,1237.75,429.32,38.67,117.29,0.8971,2,2,-1
64,14,1135.64,514.73,20.80,45.43,0.5864,2,1,-1
64,22,1182.88,492.52,44.39,121.75,0.8165,2,2,-1
64,24,1353.54,446.67,39.22,120.02,0.8822,2,2,-1
64,33,1536.49,481.35,37.82,118.00,0.9055,2,2,-1
64,42,1393.65,464.99,41.72,133.72,0.9040,2,2,-1
64,43,1103.75,581.67,17.25,50.07,0.7232,2,-1,-1
64,47,1082.64,476.72,48.60,128.24,0.7305,2,-1,-1
65,1,280.96,429.81,42.67,116.63,0.9296,1,3,-1
65,2,1281.99,414.94,31.40,94.47,0.8038,2,2,-1
65,3,1302.11,440.60,47.35,124.33,0.8979,2,2,-1
65,4,119.55,476.48,46.65,127.44,0.9168,3,0,-1
65,5,716.78,522.47,42.97,133.55,0.9082,2,1,-1
65,6,969.79,488.14,39.70,70.86,0.7837,2,1,-1
65,9,551.26,567.28,55.27,139.86,0.9242,2,1,-1
65,13,1237.99,429.45,37.48,117.18,0.8953,2,2,-1
65,14,1136.37,513.95,21.09,47.23,0.7667,2,1,-1
65,22,1182.76,491.22,45.55,124.27,0.8542,2,2,-1
65,24,1350.70,446.55,38.75,118.54,0.8804,2,2,-1
65,33,1534.04,481.90,38.38,117.28,0.8958,2,2,-1
65,42,1393.50,465.26,41.45,133.06,0.9118,2,2,-1
65,47,1082.68,476.97,45.94,129.11,0.7607,2,-1,-1
66,1,279.57,430.56,41.68,115.94,0.9300,1,3,-1
66,2,1278.87,414.85,35.08,104.88,0.7858,2,2,-1
66,3,1303.23,441.37,47.34,123.58,0.8885,2,2,-1
66,4,118.20,475.51,47.30,127.67,0.9225,3,0,-1
66,5,717.30,522.60,43.45,133.26,0.9197,2,1,-1
66,6,961.19,486.72,52.32,102.64,0.7884,2,1,-1
66,9,549.29,566.99,50.80,140.19,0.9279,2,1,-1
66,13,1238.60,429.35,37.12,117.29,0.8963,2,2,-1
66,22,1182.29,490.76,46.21,125.56,0.8721,2,2,-1
66,24,1351.89,448.67,37.09,116.20,0.8722,2,2,-1
66,33,1529.31,481.00,41.77,118.54,0.9162,2,2,-1
66,42,1393.53,466.87,41.69,131.42,0.9151,2,2,-1
66,47,1084.47,477.09,43.45,131.23,0.8256,2,1,-1
67,1,278.37,430.01,40.19,116.29,0.9323,1,3,-1
67,2,1277.05,414.87,37.32,105.65,0.8623,2,2,-1
67,3,1304.00,440.97,47.11,123.88,0.8794,2,2,-1
67,4,117.73,474.43,47.03,127.81,0.9082,3,0,-1
67,5,717.34,523.20,43.09,132.24,0.9223,2,1,-1
67,9,546.34,566.42,47.00,140.30,0.9225,2,1,-1
67,10,946.94,510.22,39.34,138.42,0.8605,2,1,-1
67,13,1238.99,429.32,37.69,117.21,0.8970,2,2,-1
67,14,1138.71,513.45,19.96,44.37,0.5219,2,1,-1
67,22,1182.31,490.73,46.84,126.71,0.8776,2,2,-1
67,24,1351.14,448.68,37.06,116.09,0.8242,2,2,-1
67,33,1526.30,482.38,44.01,117.08,0.9071,2,2,-1
67,42,1392.33,467.03,41.26,130.46,0.9159,2,2,-1
67,47,1086.06,477.71,41.13,128.19,0.8266,2,1,-1
68,1,276.44,429.01,40.40,117.18,0.9236,1,3,-1
68,2,1276.75,415.77,37.74,104.33,0.8791,2,2,-1
68,3,1305.13,440.73,46.37,124.43,0.8887,2,2,-1
68,4,116.18,473.95,47.93,128.84,0.9150,3,0,-1
68,5,717.62,523.15,43.04,132.12,0.9200,2,1,-1
68,6,967.20,483.08,47.05,109.10,0.7992,2,1,-1
68,9,544.78,566.50,42.43,138.72,0.9128,2,1,-1
68,13,1239.68,429.69,37.56,116.70,0.9027,2,2,-1
68,14,1138.51,513.21,21.08,45.54,0.6681,2,1,-1
68,22,1181.59,489.79,47.69,128.11,0.9017,2,2,-1
68,24,1352.09,452.72,35.83,111.38,0.8189,2,2,-1
68,33,1521.98,485.21,46.97,114.36,0.9102,2,2,-1
68,42,1392.02,467.75,41.93,129.93,0.9222,2,2,-1
68,47,1085.25,478.07,41.47,127.75,0.8925,2,1,-1
69,1,274.99,429.14,40.04,116.60,0.9332,1,3,-1
69,2,1275.20,415.71,37.55,104.49,0.8746,2,2,-1
69,3,1302.68,441.13,48.67,123.68,0.8942,2,2,-1
69,4,116.40,473.96,46.57,127.36,0.9005,3,0,-1
69,5,717.65,523.40,43.09,131.67,0.9151,2,1,-1
69,6,973.03,505.42,37.44,86.47,0.6963,2,1,-1
69,9,542.84,567.11,41.61,139.51,0.9282,2,1,-1
69,11,1356.23,416.90,34.97,93.42,0.7708,2,2,-1
69,13,1239.85,429.94,36.65,116.34,0.9030,2,2,-1
69,22,1181.16,489.81,48.07,128.20,0.9173,2,2,-1
69,33,1521.71,485.32,47.71,113.45,0.8991,2,2,-1
69,42,1391.49,467.02,42.61,130.98,0.9218,2,2,-1
69,47,1085.24,479.06,41.16,123.29,0.8850,2,1,-1
70,1,273.88,428.58,40.68,117.19,0.9304,1,3,-1
70,2,1274.86,416.13,36.19,104.00,0.8906,2,2,-1
70,3,1304.04,441.10,50.57,124.26,0.8985,2,2,-1
70,4,115.28,473.13,46.53,127.64,0.9111,3,0,-1
70,5,717.88,523.47,42.40,131.61,0.9172,2,1,-1
70,9,540.16,567.72,40.64,136.81,0.9065,2,1,-1
70,10,945.30,510.32,39.45,138.24,0.8243,2,1,-1
70,13,1239.97,429.67,36.32,116.41,0.9076,2,2,-1
70,22,1180.76,490.02,48.22,128.13,0.9194,2,2,-1
70,24,1349.65,456.84,37.51,108.19,0.8275,2,2,-1
70,33,1521.91,485.60,47.80,113.67,0.8770,2,2,-1
70,42,1391.52,465.77,42.17,131.08,0.9226,2,2,-1
70,43,1116.98,577.90,21.85,54.12,0.6237,2,-1,-1
70,47,1086.01,480.30,40.84,121.63,0.8932,2,1,-1
71,1,271.70,427.14,41.57,118.56,0.9269,1,3,-1
71,2,1273.45,416.60,36.32,103.19,0.8399,2,2,-1
71,3,1303.44,441.58,52.06,123.64,0.8954,2,2,-1
71,4,115.21,472.46,45.89,127.69,0.9142,3,0,-1
71,5,717.84,523.17,42.13,131.85,0.9093,2,1,-1
71,7,1522.40,516.87,46.30,81.32,0.8691,2,2,-1
71,9,536.85,568.37,40.51,136.26,0.9093,2,1,-1
71,10,944.90,509.96,40.86,138.86,0.8748,2,1,-1
71,11,1355.30,415.63,37.54,113.87,0.8065,2,2,-1
71,13,1240.53,429.58,35.84,116.51,0.9091,2,2,-1
71,14,1139.94,513.79,22.16,48.37,0.6106,2,1,-1
71,22,1181.09,490.53,47.58,127.52,0.9114,2,2,-1
71,42,1391.38,463.65,42.11,132.75,0.9184,2,2,-1
71,43,1118.59,578.90,23.77,53.04,0.7239,2,-1,-1
71,47,1087.33,480.72,40.05,119.87,0.8861,2,1,-1
72,1,270.76,426.29,42.50,119.86,0.9219,1,3,-1
72,2,1274.36,439.89,30.60,79.72,0.8171,2,2,-1
72,3,1303.71,441.25,52.89,124.87,0.9066,2,2,-1
72,4,115.59,472.19,44.62,126.73,0.8987,3,0,-1
72,5,718.06,522.50,42.18,132.53,0.9107,2,1,-1
72,8,1114.07,475.07,39.99,77.79,0.7692,2,-1,-1
72,9,534.66,567.87,42.27,138.73,0.9110,2,1,-1
72,10,943.84,509.93,41.35,138.70,0.8928,2,1,-1
72,11,1362.18,415.71,29.51,90.77,0.7655,2,2,-1
72,13,1241.16,429.89,35.15,116.27,0.9077,2,2,-1
72,22,1179.90,490.34,48.38,126.90,0.9137,2,2,-1
72,33,1519.55,481.06,47.48,115.28,0.9217,2,2,-1
72,42,1392.36,462.38,40.75,133.73,0.9164,2,2,-1
72,47,1086.26,481.73,39.81,117.68,0.8949,2,1,-1
73,1,269.19,427.20,44.90,119.20,0.9217,1,3,-1
73,2,1271.32,418.16,37.88,101.74,0.8316,2,2,-1
73,3,1304.67,441.05,54.79,124.35,0.9053,2,2,-1
73,4,115.64,471.67,43.73,127.16,0.8922,3,0,-1
73,5,718.06,522.96,42.17,132.08,0.9106,2,1,-1
73,9,530.37,568.77,42.93,138.96,0.9025,2,1,-1
73,10,943.31,510.14,41.72,138.52,0.9172,2,1,-1
73,11,1358.00,416.24,34.69,112.01,0.7346,2,2,-1
73,13,1241.49,429.72,35.15,116.67,0.9075,2,2,-1
73,22,1179.91,490.68,48.49,126.67,0.9121,2,2,-1
73,33,1517.87,481.19,47.10,112.68,0.9206,2,2,-1
73,42,1393.43,462.03,39.67,133.91,0.9108,2,2,-1
73,43,1119.44,580.95,24.57,51.13,0.6836,2,-1,-1
73,47,1085.73,485.53,40.12,114.22,0.9115,2,1,-1
74,1,267.24,427.03,47.59,119.17,0.9218,1,3,-1
74,3,1307.04,441.71,62.42,124.60,0.9020,2,2,-1
74,4,113.31,472.19,43.87,126.68,0.9079,3,0,-1
74,5,717.54,522.71,42.87,132.06,0.9130,2,1,-1
74,8,1115.89,473.74,37.66,78.43,0.8378,2,1,-1
74,9,526.59,569.72,46.08,139.27,0.8969,2,1,-1
74,10,942.47,510.59,42.53,138.73,0.9287,2,1,-1
74,11,1359.37,416.70,33.37,114.09,0.7642,2,2,-1
74,13,1241.87,430.51,34.88,115.91,0.9029,2,2,-1
74,16,1271.07,434.92,37.80,84.96,0.8125,2,1,-1
74,22,1178.80,490.45,49.54,126.07,0.9116,2,2,-1
74,33,1513.42,476.54,48.46,115.75,0.9259,2,2,-1
74,42,1393.36,462.50,39.09,133.72,0.9132,2,2,-1
74,43,1118.30,581.42,25.14,50.47,0.5043,2,-1,-1
74,47,1085.76,487.76,40.64,111.89,0.9021,2,1,-1
75,1,266.63,427.33,48.95,118.95,0.8203,1,3,-1
75,2,1271.68,416.76,39.54,103.42,0.8507,2,2,-1
75,3,1308.50,442.50,66.34,124.47,0.9088,2,2,-1
75,4,113.94,472.78,42.67,125.85,0.8900,3,0,-1
75,5,716.56,522.42,42.69,131.80,0.9102,2,1,-1
75,8,1116.44,472.68,36.63,78.10,0.8266,2,1,-1
75,9,522.67,569.18,49.28,141.50,0.9140,2,1,-1
75,10,942.02,510.12,43.44,138.87,0.9305,2,1,-1
75,13,1242.36,430.53,34.51,115.44,0.8985,2,2,-1
75,22,1178.92,490.92,50.02,125.17,0.9166,2,2,-1
75,33,1510.21,474.13,47.81,116.95,0.8986,2,2,-1
75,42,1393.00,463.15,38.94,133.62,0.9103,2,2,-1
75,47,1085.76,487.64,41.63,111.78,0.9131,2,1,-1
76,1,265.41,426.68,51.26,119.40,0.8683,1,3,-1
76,2,1272.06,414.73,41.00,105.44,0.8640,2,2,-1
76,3,1309.59,444.03,65.34,123.03,0.9121,2,2,-1
76,4,112.86,472.37,42.05,124.71,0.7993,3,0,-1
76,5,716.40,522.56,43.15,131.46,0.9061,2,1,-1
76,9,521.11,570.75,50.89,139.62,0.8976,2,1,-1
76,10,941.32,510.69,44.31,138.50,0.9121,2,1,-1
76,13,1242.83,429.51,35.47,116.29,0.9001,2,2,-1
76,22,1179.45,491.72,50.10,124.86,0.9093,2,2,-1
76,33,1504.77,470.16,45.01,119.72,0.8979,2,2,-1
76,37,1359.40,416.00,33.40,84.33,0.6896,2,2,-1
76,42,1391.99,464.41,39.55,131.96,0.9119,2,2,-1
76,47,1085.48,487.34,42.68,112.39,0.9052,2,1,-1
77,1,263.96,426.39,53.99,119.84,0.9007,1,3,-1
77,2,1271.31,415.18,41.15,104.82,0.8482,2,2,-1
77,3,1310.09,443.71,62.84,123.29,0.9102,2,2,-1
77,4,112.48,472.75,41.87,124.62,0.8288,3,0,-1
77,5,716.29,522.04,45.41,131.54,0.9155,2,1,-1
77,9,518.66,571.64,51.57,138.71,0.9092,2,1,-1
77,10,940.09,510.87,45.77,138.32,0.9263,2,1,-1
77,13,1242.71,429.80,35.19,115.95,0.8962,2,2,-1
77,22,1179.08,491.36,50.66,125.73,0.9092,2,2,-1
77,33,1502.92,470.20,42.24,119.28,0.8944,2,2,-1
77,42,1391.34,465.28,39.69,130.96,0.9114,2,2,-1
77,47,1085.48,486.85,42.62,113.71,0.9116,2,1,-1
78,1,263.13,426.64,55.55,119.64,0.9101,1,3,-1
78,2,1271.82,414.91,42.96,105.01,0.8612,2,2,-1
78,3,1313.75,442.60,58.95,123.89,0.9177,2,2,-1
78,4,117.52,471.55,29.02,65.98,0.7712,3,0,-1
78,5,714.56,522.14,44.91,131.71,0.9172,2,1,-1
78,9,516.92,572.33,51.81,137.58,0.9238,2,1,-1
78,10,939.54,510.69,46.90,138.32,0.9269,2,1,-1
78,11,1360.89,424.14,30.82,106.20,0.6541,2,2,-1
78,13,1242.90,430.09,35.39,115.73,0.8968,2,2,-1
78,22,1181.92,493.65,48.51,123.24,0.8525,2,2,-1
78,33,1500.10,471.96,42.63,117.19,0.8552,2,2,-1
78,42,1390.09,465.40,40.31,131.01,0.9127,2,2,-1
78,47,1085.51,484.70,44.47,116.86,0.8912,2,1,-1
79,1,263.21,426.30,55.57,119.61,0.7193,1,3,-1
79,2,1272.10,414.13,44.68,105.86,0.8997,2,2,-1
79,3,1319.34,442.56,53.43,124.03,0.9060,2,2,-1
79,4,114.59,471.71,34.38,63.15,0.8207,3,0,-1
79,5,714.00,521.86,46.48,131.96,0.9164,2,1,-1
79,9,515.20,572.81,50.98,137.75,0.9152,2,1,-1
79,10,938.97,510.53,47.69,138.77,0.9234,2,1,-1
79,13,1243.17,429.70,35.44,116.21,0.9022,2,2,-1
79,22,1180.30,492.53,49.86,124.63,0.8882,2,2,-1
79,33,1497.18,472.01,45.34,117.25,0.8682,2,2,-1
79,42,1388.53,464.93,41.44,131.13,0.9134,2,2,-1
79,47,1085.71,480.90,46.38,119.97,0.8973,2,1,-1
80,1,262.79,426.25,56.35,119.14,0.9236,1,3,-1
80,2,1272.91,413.94,45.70,105.82,0.8988,2,2,-1
80,4,113.34,471.63,36.54,63.16,0.7601,3,0,-1
80,5,712.95,521.80,46.99,131.22,0.9198,2,1,-1
80,9,512.07,572.95,50.14,135.78,0.8403,2,1,-1
80,10,938.75,510.69,47.26,138.11,0.9193,2,1,-1
80,13,1243.33,429.71,35.44,116.40,0.8974,2,2,-1
80,22,1179.94,493.08,50.32,124.61,0.8737,2,2,-1
80,24,1328.82,442.10,41.89,125.03,0.9079,2,2,-1
80,30,1533.09,446.09,30.02,102.09,0.8713,2,-1,-1
80,33,1492.26,474.42,45.48,114.15,0.9050,2,2,-1
80,42,1387.49,464.35,42.69,131.36,0.9156,2,2,-1
80,47,1086.50,480.26,45.90,120.72,0.9042,2,1,-1
81,1,262.93,426.55,56.26,117.76,0.9265,1,3,-1
81,2,1273.31,414.24,45.83,105.90,0.9084,2,2,-1
81,4,111.01,471.46,40.21,63.79,0.8480,3,0,-1
81,5,711.24,521.94,48.77,131.08,0.9227,2,1,-1
81,9,518.14,574.21,32.97,83.61,0.5905,2,1,-1
81,10,938.02,511.20,47.31,137.45,0.9117,2,1,-1
81,13,1243.38,429.88,35.28,116.24,0.8927,2,2,-1
81,22,1181.62,496.46,48.58,120.64,0.8705,2,2,-1
81,24,1330.93,442.53,40.26,124.16,0.8782,2,2,-1
81,30,1532.20,438.95,31.66,110.63,0.8905,2,-1,-1
81,33,1489.10,474.70,48.15,113.89,0.9107,2,2,-1
81,42,1386.20,463.22,43.95,133.18,0.9150,2,2,-1
81,47,1088.39,479.96,45.23,120.71,0.8872,2,1,-1
82,1,262.90,426.48,56.30,118.19,0.9288,1,3,-1
82,2,1274.16,414.64,45.70,105.42,0.9002,2,2,-1
82,4,101.85,470.80,60.11,124.50,0.8316,3,0,-1
82,5,710.46,521.90,50.09,130.23,0.9243,2,1,-1
82,9,513.16,574.66,33.62,80.39,0.6263,2,1,-1
82,10,937.86,511.27,48.36,138.75,0.9076,2,1,-1
82,13,1243.22,429.95,35.58,116.16,0.9031,2,2,-1
82,22,1180.00,495.28,49.41,122.31,0.8940,2,2,-1
82,24,1334.25,442.59,37.99,124.20,0.8736,2,2,-1
82,30,1531.41,438.93,31.99,111.07,0.8858,2,-1,-1
82,33,1486.04,474.43,49.44,114.05,0.9190,2,2,-1
82,42,1385.99,462.64,45.29,133.73,0.9087,2,2,-1
82,43,1126.45,578.89,23.27,51.98,0.8035,2,-1,-1
82,47,1089.34,486.02,43.53,115.72,0.8638,2,1,-1
83,1,262.44,425.60,56.42,118.53,0.9149,1,3,-1
83,2,1274.48,414.42,45.75,105.88,0.8948,2,2,-1
83,4,116.91,523.06,33.26,74.61,0.7887,3,0,-1
83,5,709.80,521.65,48.99,130.05,0.9295,2,1,-1
83,9,500.47,573.25,51.37,129.59,0.6863,2,1,-1
83,10,937.65,511.04,50.01,139.01,0.9074,2,1,-1
83,11,1360.33,415.28,32.68,114.05,0.8661,2,2,-1
83,13,1242.95,430.48,35.86,115.59,0.9027,2,2,-1
83,22,1179.29,495.28,49.85,122.83,0.9086,2,2,-1
83,29,744.66,483.39,35.30,106.25,0.7189,2,2,-1
83,30,1531.41,437.82,31.56,112.86,0.8876,2,-1,-1
83,33,1483.42,474.27,49.17,113.58,0.9187,2,2,-1
83,42,1385.72,462.41,45.73,133.94,0.9018,2,2,-1
83,43,1126.92,577.69,22.76,51.90,0.7798,2,-1,-1
83,47,1088.49,480.51,42.89,122.08,0.8229,2,1,-1
83,0,706.75,638.60,12.74,12.94,1.0,0,-1,-1
84,1,261.94,424.26,55.70,119.57,0.9039,1,3,-1
84,2,1275.02,414.84,44.87,105.30,0.9032,2,2,-1
84,5,710.30,520.78,47.57,128.93,0.9253,2,1,-1
84,9,517.53,573.45,31.72,86.16,0.6794,2,1,-1
84,10,937.31,510.97,50.95,138.58,0.9113,2,1,-1
84,11,1362.31,414.67,31.73,114.11,0.8604,2,2,-1
84,13,1242.84,430.44,36.04,115.36,0.9021,2,2,-1
84,22,1178.58,493.39,50.42,124.32,0.9115,2,2,-1
84,29,746.03,485.43,34.03,104.70,0.5691,2,2,-1
84,30,1533.29,461.57,26.49,89.09,0.7971,2,-1,-1
84,33,1481.80,472.82,48.69,114.83,0.9130,2,2,-1
84,42,1385.85,462.67,45.76,133.80,0.8988,2,2,-1
84,43,1125.49,576.22,23.19,53.15,0.5437,2,-1,-1
84,47,1094.38,474.76,48.97,129.13,0.8346,2,1,-1
85,1,262.16,424.33,54.86,119.54,0.9009,1,3,-1
85,2,1275.37,414.64,44.09,105.31,0.8978,2,2,-1
85,5,709.93,520.88,46.95,129.12,0.9278,2,1,-1
85,9,498.81,572.47,42.96,136.95,0.8760,2,1,-1
85,10,937.95,510.85,51.61,138.86,0.9199,2,1,-1
85,13,1242.88,430.55,36.12,115.21,0.9037,2,2,-1
85,22,1177.74,491.69,51.12,126.02,0.9218,2,2,-1
85,29,744.11,481.24,35.59,107.81,0.8906,2,2,-1
85,30,1530.21,436.67,32.17,114.34,0.8357,2,-1,-1
85,33,1481.32,472.18,48.78,110.26,0.9164,2,2,-1
85,37,1364.51,412.86,31.11,98.05,0.8764,2,2,-1
85,42,1385.61,462.71,45.49,133.66,0.9044,2,2,-1
85,43,1125.92,576.51,23.02,52.45,0.5478,2,-1,-1
85,44,1095.78,491.96,38.43,110.32,0.7884,2,-1,-1
85,51,100.99,467.86,51.86,127.86,0.8636,2,-1,-1
85,0,706.96,638.93,11.17,11.78,1.0,0,-1,-1
86,1,262.20,424.74,53.74,118.92,0.8675,1,3,-1
86,2,1275.93,414.57,44.07,105.58,0.8974,2,2,-1
86,5,709.09,520.75,46.26,130.02,0.9248,2,1,-1
86,9,495.06,573.03,43.95,139.22,0.9256,2,1,-1
86,10,938.69,510.88,50.96,138.94,0.9199,2,1,-1
86,13,1242.73,430.64,36.53,115.11,0.9072,2,2,-1
86,22,1177.12,491.05,51.61,126.95,0.9173,2,2,-1
86,29,744.33,480.83,35.87,109.02,0.8638,2,2,-1
86,30,1529.69,438.28,31.46,113.21,0.8718,2,-1,-1
86,33,1480.12,470.75,45.80,111.13,0.9202,2,2,-1
86,37,1367.16,412.33,31.04,104.47,0.8659,2,2,-1
86,42,1386.54,462.82,45.42,133.52,0.9047,2,2,-1
86,47,1113.14,486.12,44.31,118.26,0.7386,2,1,-1
86,51,107.74,468.39,36.27,70.99,0.8600,2,-1,-1
87,1,262.77,424.29,52.26,118.41,0.8832,1,3,-1
87,5,707.69,520.08,47.77,130.95,0.9248,2,1,-1
87,9,488.82,573.62,48.84,139.35,0.9396,2,1,-1
87,10,939.05,510.99,50.09,139.67,0.9153,2,1,-1
87,13,1242.78,430.04,37.46,116.10,0.9056,2,2,-1
87,16,1276.18,414.08,50.62,105.47,0.8917,2,1,-1
87,22,1177.16,493.63,51.25,124.22,0.9155,2,2,-1
87,24,1340.49,442.46,43.33,126.52,0.8700,2,2,-1
87,29,745.33,480.80,35.21,109.41,0.8852,2,2,-1
87,30,1530.56,445.52,29.86,105.54,0.7955,2,-1,-1
87,33,1480.55,470.15,41.30,111.55,0.9219,2,2,-1
87,42,1386.73,462.57,45.80,134.03,0.9055,2,2,-1
87,43,1131.22,576.27,21.52,51.08,0.5581,2,-1,-1
87,47,1099.43,477.14,56.01,129.36,0.8733,2,1,-1
87,51,101.21,467.21,49.94,125.66,0.8945,2,-1,-1
88,1,262.53,423.00,49.64,119.08,0.9126,1,3,-1
88,3,1339.47,462.16,43.29,106.37,0.7954,2,2,-1
88,5,707.35,520.06,47.86,130.81,0.9167,2,1,-1
88,9,482.45,573.48,54.37,140.39,0.9415,2,1,-1
88,10,939.46,511.02,48.75,139.84,0.9151,2,1,-1
88,13,1242.90,430.06,37.51,116.04,0.9036,2,2,-1
88,16,1276.49,413.85,50.89,105.22,0.8915,2,1,-1
88,22,1175.74,495.77,51.32,120.58,0.8895,2,2,-1
88,29,746.07,480.87,34.75,110.25,0.8889,2,2,-1
88,30,1529.76,437.28,31.74,113.91,0.8088,2,-1,-1
88,33,1481.43,468.63,38.24,112.54,0.9216,2,2,-1
88,42,1386.01,462.78,46.63,133.50,0.8994,2,2,-1
88,43,1132.18,575.92,20.19,49.74,0.6976,2,-1,-1
88,47,1097.42,477.10,57.74,129.78,0.9084,2,1,-1
88,51,102.63,467.44,45.76,126.04,0.8618,2,-1,-1
89,1,262.95,422.62,48.06,119.32,0.9247,1,3,-1
89,3,1330.98,455.63,44.99,112.69,0.8113,2,2,-1
89,5,705.84,519.92,46.83,131.72,0.9165,2,1,-1
89,9,478.07,574.30,58.24,140.89,0.9324,2,1,-1
89,10,940.44,510.87,47.92,139.15,0.9085,2,1,-1
89,13,1242.99,429.88,37.59,116.23,0.9031,2,2,-1
89,16,1277.74,412.74,51.38,106.71,0.9044,2,1,-1
89,22,1175.71,491.29,51.49,123.32,0.8600,2,2,-1
89,29,746.21,480.73,34.73,110.94,0.8933,2,2,-1
89,30,1530.56,432.47,31.14,117.72,0.8836,2,-1,-1
89,33,1480.28,464.90,37.50,115.86,0.9054,2,2,-1
89,42,1385.73,463.27,47.15,133.04,0.9027,2,2,-1
89,47,1097.28,477.53,57.44,127.98,0.9023,2,1,-1
89,51,103.57,468.58,42.70,124.90,0.8412,3,0,-1
90,1,262.77,422.14,45.60,119.10,0.9285,1,3,-1
90,3,1332.73,467.15,39.48,100.22,0.7729,2,2,-1
90,5,705.43,519.82,46.61,131.12,0.9171,2,1,-1
90,6,977.07,486.88,44.83,67.09,0.8467,2,1,-1
90,9,476.90,574.70,59.90,140.93,0.9337,2,1,-1
90,10,942.64,510.67,48.13,139.80,0.8837,2,1,-1
90,11,1371.49,414.40,27.28,89.18,0.7947,2,2,-1
90,13,1243.24,430.62,37.03,115.45,0.9011,2,2,-1
90,14,1176.01,489.27,25.65,50.74,0.5634,2,1,-1
90,16,1277.15,411.97,52.10,107.20,0.9099,2,1,-1
90,29,746.50,480.75,34.23,110.64,0.8878,2,2,-1
90,30,1531.40,439.17,31.22,111.84,0.8938,2,-1,-1
90,33,1477.13,463.02,38.21,117.69,0.8891,2,2,-1
90,39,1177.15,518.84,47.61,95.91,0.8771,2,-1,-1
90,42,1388.33,462.16,45.22,133.74,0.9069,2,2,-1
90,47,1096.56,479.05,56.29,128.39,0.8923,2,1,-1
90,51,103.11,466.12,41.78,126.93,0.9055,3,0,-1
91,1,262.88,422.29,44.59,118.18,0.9320,1,3,-1
91,5,704.38,519.15,46.66,131.57,0.9155,2,1,-1
91,6,992.71,494.53,33.65,61.01,0.8273,2,1,-1
91,9,475.99,575.04,60.99,141.20,0.9398,2,1,-1
91,10,942.72,510.85,47.10,140.18,0.8527,2,1,-1
91,11,1372.08,413.96,28.40,89.21,0.8142,2,2,-1
91,13,1243.48,430.55,36.40,115.42,0.8980,2,2,-1
91,14,1175.99,488.71,26.94,52.22,0.6155,2,1,-1
91,16,1278.69,411.64,50.87,107.30,0.9113,2,1,-1
91,29,746.43,481.95,34.21,110.60,0.8957,2,2,-1
91,30,1531.24,441.49,31.51,109.65,0.8939,2,-1,-1
91,33,1472.17,463.47,40.26,115.65,0.9112,2,2,-1
91,36,1335.06,477.95,30.14,82.07,0.8255,2,2,-1
91,39,1177.25,520.96,47.05,93.59,0.8596,2,-1,-1
91,42,1391.00,462.61,43.45,132.74,0.9040,2,2,-1
91,47,1096.60,480.16,56.00,128.03,0.8628,2,1,-1
91,51,102.77,466.26,40.92,126.64,0.9020,3,0,-1
92,1,262.11,421.58,42.55,119.33,0.9346,1,3,-1
92,5,703.80,518.92,47.14,132.73,0.9271,2,1,-1
92,6,980.31,487.67,40.96,66.65,0.8504,2,1,-1
92,9,475.96,575.01,61.30,141.55,0.9355,2,1,-1
92,10,943.76,510.84,45.50,140.53,0.8850,2,1,-1
92,11,1372.37,414.15,29.55,91.85,0.7774,2,2,-1
92,13,1243.38,430.12,35.98,116.09,0.8992,2,2,-1
92,14,1179.77,488.48,24.64,54.37,0.7910,2,1,-1
92,16,1279.48,410.87,50.11,107.86,0.9071,2,1,-1
92,24,1335.06,446.71,32.50,116.08,0.8773,2,2,-1
92,29,746.66,483.79,33.83,107.88,0.8896,2,2,-1
92,30,1531.52,446.49,31.11,104.21,0.8856,2,-1,-1
92,33,1470.65,463.80,40.82,114.47,0.9139,2,2,-1
92,39,1176.31,521.13,47.78,93.50,0.8673,2,-1,-1
92,42,1390.54,462.47,43.23,132.41,0.9088,2,2,-1
92,43,1125.36,575.05,21.05,52.19,0.5366,2,-1,-1
92,47,1096.28,480.25,55.77,127.74,0.5871,2,1,-1
92,51,102.38,466.30,39.92,126.57,0.9136,3,0,-1
93,1,261.94,422.01,41.34,118.99,0.9334,1,3,-1
93,5,702.97,519.15,47.56,132.99,0.9285,2,1,-1
93,6,991.32,489.76,33.15,62.20,0.8308,2,1,-1
93,8,1133.94,493.23,23.38,55.92,0.6007,2,1,-1
93,9,475.63,574.48,61.09,141.94,0.9345,2,1,-1
93,10,944.99,510.66,45.05,140.64,0.8902,2,1,-1
93,13,1243.54,429.97,35.65,115.97,0.9033,2,2,-1
93,14,1181.54,488.58,21.81,48.26,0.7905,2,1,-1
93,16,1279.95,410.77,49.62,108.17,0.9030,2,1,-1
93,24,1335.34,447.06,32.57,115.89,0.8591,2,2,-1
93,29,747.59,485.74,33.00,106.04,0.8853,2,2,-1
93,30,1531.09,445.82,31.13,104.81,0.8525,2,-1,-1
93,33,1469.16,464.22,41.26,113.40,0.9113,2,2,-1
93,37,1373.14,414.30,33.41,98.93,0.7367,2,2,-1
93,39,1180.06,531.24,43.66,82.97,0.8360,2,2,-1
93,42,1392.01,462.57,43.57,132.08,0.9095,2,2,-1
93,44,1101.52,519.61,35.50,87.72,0.5122,2,-1,-1
93,51,101.52,466.29,39.96,126.37,0.9199,3,0,-1
94,1,261.21,422.14,39.97,118.63,0.9372,1,3,-1
94,3,1334.51,489.34,29.47,72.79,0.8566,2,2,-1
94,5,700.60,519.35,48.24,132.28,0.9281,2,1,-1
94,6,976.51,484.37,37.27,68.62,0.8082,2,1,-1
94,8,1134.79,495.37,22.71,58.07,0.6838,2,1,-1
94,9,473.96,574.45,59.92,141.47,0.9330,2,1,-1
94,10,946.60,511.14,44.42,139.75,0.8457,2,1,-1
94,12,1337.82,446.60,24.34,54.27,0.5091,2,2,-1
94,13,1243.65,429.73,35.64,116.21,0.9081,2,2,-1
94,16,1279.45,410.69,49.78,108.33,0.8988,2,-1,-1
94,22,1180.21,517.10,44.08,97.18,0.8835,2,2,-1
94,24,1360.41,448.67,35.76,121.33,0.8325,2,2,-1
94,29,746.47,484.52,33.58,107.03,0.8964,2,2,-1
94,30,1531.00,452.80,29.42,98.33,0.8515,2,-1,-1
94,33,1465.59,464.81,40.00,110.85,0.9212,2,2,-1
94,42,1392.77,463.26,42.78,131.08,0.9080,2,2,-1
94,47,1095.90,481.80,51.34,127.07,0.8781,2,1,-1
94,51,100.14,466.55,40.94,125.63,0.9253,3,0,-1
95,1,259.98,421.84,40.27,118.93,0.9391,1,3,-1
95,2,1330.29,445.48,36.13,116.21,0.8797,2,2,-1
95,5,699.57,518.79,49.04,133.24,0.9252,2,1,-1
95,6,994.61,494.99,25.68,55.12,0.8471,2,1,-1
95,7,1529.51,480.55,30.93,71.31,0.7833,2,2,-1
95,8,1134.76,496.54,24.40,62.03,0.7015,2,1,-1
95,9,471.32,574.59,55.26,141.42,0.9376,2,1,-1
95,10,946.96,510.80,44.70,139.97,0.8826,2,1,-1
95,13,1243.53,429.36,35.67,116.58,0.9054,2,2,-1
95,14,1180.81,488.60,23.16,53.81,0.7956,2,1,-1
95,16,1278.72,411.50,50.36,107.33,0.8996,2,2,-1
95,24,1361.33,447.35,37.65,123.71,0.8064,2,2,-1
95,29,746.07,484.84,33.60,106.41,0.9071,2,2,-1
95,33,1461.61,463.69,41.70,109.66,0.9203,2,2,-1
95,39,1178.86,524.67,46.17,89.63,0.8678,2,2,-1
95,42,1393.27,463.90,41.93,129.19,0.8909,2,2,-1
95,47,1095.68,492.03,49.20,117.95,0.8692,2,1,-1
95,51,98.75,466.69,41.16,125.93,0.9109,3,0,-1
96,1,258.96,422.13,39.43,119.00,0.9399,1,3,-1
96,2,1327.49,444.95,37.75,117.08,0.8855,2,2,-1
96,5,698.34,518.81,48.68,132.33,0.9120,2,1,-1
96,6,994.42,491.73,24.51,57.90,0.8313,2,1,-1
96,7,1529.27,478.13,30.71,73.46,0.8212,2,2,-1
96,8,1135.57,497.44,23.87,60.12,0.7731,2,1,-1
96,9,469.47,574.46,51.07,141.22,0.9195,2,1,-1
96,10,947.71,511.17,44.49,139.71,0.7989,2,1,-1
96,11,1396.59,411.11,26.06,74.41,0.6360,2,2,-1
96,13,1243.96,429.80,35.24,115.99,0.9067,2,2,-1
96,16,1278.59,410.86,51.82,107.87,0.9058,2,2,-1
96,22,1177.86,505.82,47.43,108.73,0.8790,2,2,-1
96,29,745.97,486.29,33.33,105.00,0.8927,2,2,-1
96,33,1457.45,462.69,41.98,109.33,0.9181,2,2,-1
96,42,1393.64,464.64,41.25,127.98,0.8159,2,2,-1
96,47,1092.74,484.34,51.64,126.17,0.8004,2,1,-1
96,51,98.57,465.96,40.60,126.22,0.9035,3,0,-1
97,1,258.48,421.52,38.04,119.49,0.9391,1,3,-1
97,2,1323.53,444.56,40.69,117.93,0.8953,2,2,-1
97,5,697.33,518.69,48.50,131.45,0.9144,2,1,-1
97,6,980.21,484.01,31.65,70.55,0.7122,2,1,-1
97,9,466.89,574.65,47.19,139.20,0.8994,2,1,-1
97,10,947.84,510.35,45.31,140.27,0.8376,2,1,-1
97,11,1393.16,411.83,27.02,73.84,0.5177,2,2,-1
97,13,1243.86,429.42,35.02,116.19,0.9059,2,2,-1
97,14,1182.56,488.35,20.55,48.14,0.7672,2,1,-1
97,16,1278.04,411.07,52.31,107.87,0.9093,2,2,-1
97,29,746.49,486.20,32.88,105.38,0.8964,2,2,-1
97,30,1529.24,446.62,30.50,104.85,0.8583,2,-1,-1
97,33,1456.29,461.26,42.01,109.70,0.9126,2,2,-1
97,37,1371.04,415.09,24.13,72.83,0.6065,2,2,-1
97,39,1179.01,516.74,46.63,97.62,0.8662,2,2,-1
97,42,1393.10,461.88,42.18,131.65,0.8189,2,2,-1
97,47,1096.46,479.83,52.44,131.53,0.8423,2,1,-1
97,51,97.41,465.51,40.94,125.89,0.9094,3,0,-1
98,1,258.52,421.94,37.01,119.00,0.9376,1,3,-1
98,2,1321.89,446.71,41.84,116.31,0.9045,2,2,-1
98,5,696.54,518.59,47.85,130.98,0.9164,2,1,-1
98,6,976.77,485.73,35.46,73.82,0.7962,2,1,-1
98,9,463.76,575.46,46.38,141.20,0.9105,2,1,-1
98,13,1243.90,429.68,34.88,115.95,0.9072,2,2,-1
98,16,1277.89,410.96,52.52,107.92,0.9155,2,2,-1
98,22,1178.97,498.92,46.47,115.73,0.8842,2,2,-1
98,29,746.06,484.74,33.19,107.11,0.8926,2,2,-1
98,30,1528.41,431.08,32.21,120.80,0.8866,2,-1,-1
98,33,1455.82,457.61,41.79,111.71,0.9119,2,2,-1
98,37,1368.94,447.65,30.88,82.17,0.8111,2,2,-1
98,42,1392.82,461.19,42.19,132.20,0.8133,2,2,-1
98,47,1107.08,481.80,44.55,113.30,0.8394,2,1,-1
98,51,95.69,465.10,41.74,126.32,0.9148,3,0,-1
99,1,257.75,421.84,36.83,118.82,0.9378,1,3,-1
99,2,1321.35,445.51,42.59,118.29,0.9053,2,2,-1
99,5,695.38,518.06,46.31,126.23,0.9047,2,1,-1
99,6,992.93,492.83,25.84,60.86,0.8165,2,1,-1
99,9,462.01,576.47,45.94,140.12,0.9035,2,1,-1
99,10,949.14,510.52,45.12,140.19,0.5098,2,1,-1
99,11,1393.23,411.11,31.32,75.51,0.8268,2,2,-1
99,13,1243.49,429.37,35.22,116.41,0.9053,2,2,-1
99,16,1276.83,411.40,53.17,107.02,0.9100,2,2,-1
99,22,1179.36,505.04,44.80,109.65,0.8672,2,2,-1
99,24,1366.44,449.41,37.16,121.31,0.8144,2,2,-1
99,29,747.91,487.94,31.30,103.57,0.8805,2,2,-1
99,30,1529.54,435.39,30.98,116.17,0.8911,2,-1,-1
99,33,1454.26,455.75,41.47,114.64,0.9053,2,2,-1
99,47,1105.52,480.81,52.93,130.34,0.8758,2,1,-1
99,51,93.04,464.53,43.84,126.80,0.9202,3,0,-1
100,1,257.41,421.91,37.42,118.07,0.9366,1,3,-1
100,2,1321.94,446.47,41.62,117.10,0.9079,2,2,-1
100,5,695.24,516.91,46.33,125.69,0.9121,2,1,-1
100,6,976.13,486.97,34.55,74.93,0.8084,2,1,-1
100,9,459.94,577.61,47.25,137.26,0.9049,2,1,-1
100,11,1394.67,409.70,31.97,73.29,0.8000,2,2,-1
100,13,1243.33,429.15,35.06,116.62,0.9053,2,2,-1
100,16,1277.25,411.61,52.18,106.52,0.9085,2,2,-1
100,22,1173.89,489.09,50.97,125.82,0.9025,2,2,-1
100,24,1367.07,449.58,37.15,120.02,0.8397,2,2,-1
100,29,747.92,488.06,30.98,103.73,0.8728,2,2,-1
100,30,1529.80,438.84,31.03,112.12,0.9019,2,-1,-1
100,33,1452.96,453.29,41.89,116.01,0.9010,2,2,-1
100,47,1100.01,480.78,50.49,137.76,0.8535,2,1,-1
100,51,92.10,464.22,44.00,125.50,0.9089,3,0,-1
101,1,256.50,421.47,38.16,117.08,0.9103,1,3,-1
101,2,1321.04,446.60,42.02,117.16,0.9087,2,2,-1
101,5,694.58,516.80,46.02,132.25,0.9160,2,1,-1
101,6,972.93,484.86,39.63,73.14,0.8410,2,1,-1
101,9,457.45,577.34,49.15,138.75,0.9095,2,1,-1
101,13,1243.07,429.29,34.93,116.57,0.9059,2,2,-1
101,16,1275.89,411.02,52.87,107.49,0.9064,2,2,-1
101,22,1172.09,488.87,52.29,126.29,0.8969,2,2,-1
101,24,1367.35,449.19,38.80,122.07,0.8323,2,2,-1
101,29,747.84,488.52,30.85,103.23,0.8723,2,2,-1
101,30,1529.45,439.05,31.58,112.33,0.9077,2,-1,-1
101,33,1453.00,453.52,40.37,114.40,0.8924,2,2,-1
101,47,1099.22,483.18,43.67,130.41,0.8751,2,1,-1
101,51,89.41,463.39,44.14,125.51,0.9091,3,0,-1
102,1,256.00,421.89,38.97,115.96,0.9146,1,3,-1
102,2,1320.56,446.78,42.10,116.90,0.9124,2,2,-1
102,5,694.05,516.70,45.00,131.87,0.9109,2,1,-1
102,6,972.39,483.43,40.33,69.80,0.8385,2,1,-1
102,9,455.48,578.22,50.52,135.68,0.8823,2,1,-1
102,11,1396.40,408.28,38.65,77.06,0.8157,2,2,-1
102,13,1242.54,429.41,34.95,116.68,0.9074,2,2,-1
102,16,1275.88,411.10,52.16,107.88,0.9001,2,2,-1
102,22,1173.60,488.44,51.31,126.69,0.9036,2,2,-1
102,29,747.39,485.30,31.44,106.39,0.8714,2,2,-1
102,30,1528.94,437.53,31.57,113.53,0.9005,2,-1,-1
102,33,1453.47,454.97,38.51,111.74,0.8989,2,2,-1
102,37,1369.01,448.81,34.24,80.88,0.8065,2,2,-1
102,47,1096.66,484.93,44.02,133.30,0.9054,2,1,-1
102,51,85.81,464.12,45.67,123.87,0.9113,3,0,-1
103,1,255.64,420.62,39.84,116.76,0.9328,1,3,-1
103,2,1319.15,445.61,43.21,118.29,0.9097,2,2,-1
103,5,694.15,516.76,44.79,132.10,0.9162,2,1,-1
103,6,969.54,482.33,42.66,68.71,0.8335,2,1,-1
103,9,449.08,577.20,56.35,140.79,0.9253,2,1,-1
103,13,1242.53,429.50,35.29,116.72,0.9066,2,2,-1
103,16,1274.80,411.85,52.95,107.32,0.9003,2,2,-1
103,22,1176.69,487.84,48.55,126.66,0.8988,2,2,-1
103,29,747.78,485.49,31.09,106.03,0.8813,2,2,-1
103,30,1528.17,434.39,31.97,117.24,0.8562,2,-1,-1
103,33,1453.78,455.71,36.83,110.49,0.9042,2,2,-1
103,37,1368.34,448.29,35.66,81.08,0.7911,2,2,-1
103,42,1397.01,456.26,38.58,135.36,0.7795,2,2,-1
103,47,1092.62,484.61,47.25,134.43,0.9099,2,1,-1
103,51,83.55,463.59,46.82,124.75,0.9083,3,0,-1
104,1,255.55,419.66,40.75,116.79,0.9265,1,3,-1
104,2,1318.60,444.97,43.28,119.13,0.9135,2,2,-1
104,5,693.66,516.76,44.57,132.23,0.9165,2,1,-1
104,6,968.69,481.88,44.48,69.50,0.8234,2,1,-1
104,9,444.47,578.27,56.74,141.94,0.9292,2,1,-1
104,11,1397.02,408.17,40.01,78.54,0.7046,2,2,-1
104,13,1242.10,429.27,34.83,117.14,0.9037,2,2,-1
104,16,1273.84,412.13,54.81,107.21,0.8950,2,2,-1
104,22,1168.82,487.64,52.98,126.66,0.8957,2,2,-1
104,29,751.71,515.19,25.60,76.26,0.8908,2,2,-1
104,30,1528.22,434.80,31.46,116.52,0.8785,2,-1,-1
104,33,1454.93,455.53,34.49,108.58,0.9036,2,2,-1
104,37,1368.43,448.81,36.46,79.93,0.8324,2,2,-1
104,42,1398.53,474.14,33.83,117.93,0.5397,2,2,-1
104,47,1090.29,485.49,46.87,134.25,0.8508,2,1,-1
104,51,82.81,462.70,46.54,125.11,0.8820,3,0,-1
105,1,255.50,419.04,43.44,117.01,0.9197,1,3,-1
105,2,1317.58,444.67,43.44,119.03,0.9151,2,2,-1
105,5,693.26,517.01,44.04,133.71,0.9168,2,1,-1
105,6,966.18,482.14,48.01,73.79,0.8563,2,1,-1
105,9,440.87,578.68,57.16,141.19,0.9271,2,1,-1
105,10,952.86,542.42,37.43,106.67,0.6026,2,1,-1
105,13,1241.25,429.06,35.07,117.45,0.9081,2,2,-1
105,16,1273.36,412.37,55.92,106.74,0.8917,2,2,-1
105,22,1178.32,487.53,45.41,124.76,0.9043,2,2,-1
105,24,1397.42,459.51,38.51,133.09,0.8584,2,2,-1
105,29,751.01,515.56,26.82,75.98,0.8895,2,2,-1
105,30,1527.30,434.34,31.35,116.73,0.8773,2,-1,-1
105,33,1455.23,453.50,33.43,111.10,0.8964,2,2,-1
105,37,1367.87,449.19,36.82,80.01,0.8297,2,2,-1
105,44,1123.38,512.88,49.66,95.43,0.8796,2,-1,-1
105,51,81.78,461.87,46.35,125.45,0.8952,3,0,-1
106,1,254.20,418.93,45.52,116.83,0.9218,1,3,-1
106,2,1317.44,444.29,43.36,119.66,0.9172,2,2,-1
106,5,693.01,517.08,44.12,133.83,0.9113,2,1,-1
106,6,967.01,484.40,48.69,72.10,0.8548,2,1,-1
106,9,439.21,579.22,56.64,140.29,0.9211,2,1,-1
106,10,955.02,569.36,31.43,79.51,0.5215,2,1,-1
106,13,1240.53,429.24,35.48,117.18,0.9132,2,2,-1
106,16,1273.21,412.66,55.06,106.75,0.8784,2,2,-1
106,22,1178.59,486.82,42.94,124.19,0.9061,2,2,-1
106,24,1398.15,458.88,40.37,133.14,0.8418,2,2,-1
106,29,750.78,515.27,27.42,76.30,0.8849,2,2,-1
106,30,1526.89,434.64,31.46,115.95,0.8548,2,-1,-1
106,33,1455.15,452.52,32.46,110.79,0.8858,2,2,-1
106,37,1367.62,448.75,37.32,80.82,0.8288,2,2,-1
106,44,1134.70,516.41,45.80,92.12,0.5997,2,1,-1
106,47,1088.91,484.98,48.05,135.84,0.9013,2,1,-1
106,51,81.59,462.08,45.79,125.48,0.8940,3,0,-1
107,1,253.47,418.84,46.80,116.68,0.8852,1,3,-1
107,2,1316.43,444.20,43.54,120.34,0.9111,2,2,-1
107,5,692.88,517.18,44.37,134.58,0.9085,2,1,-1
107,6,965.24,486.39,53.51,72.96,0.8538,2,1,-1
107,9,444.47,629.58,42.69,89.89,0.8323,2,1,-1
107,10,954.62,572.40,32.74,76.39,0.5200,2,1,-1
107,13,1239.41,428.62,36.27,117.44,0.9078,2,2,-1
107,16,1272.30,413.13,52.73,105.92,0.8830,2,2,-1
107,22,1176.60,485.27,43.06,124.16,0.9019,2,2,-1
107,29,750.70,515.25,27.75,76.12,0.8711,2,2,-1
107,30,1525.06,428.27,33.15,122.72,0.8778,2,-1,-1
107,33,1453.99,449.56,32.64,113.54,0.8849,2,2,-1
107,37,1365.17,448.55,34.74,81.25,0.8105,2,2,-1
107,44,1138.96,514.00,43.41,95.35,0.6319,2,1,-1
107,47,1088.82,484.51,48.19,136.59,0.8810,2,1,-1
107,51,82.41,462.18,44.31,124.73,0.8917,3,0,-1
108,1,252.76,418.64,48.04,116.60,0.8376,1,3,-1
108,2,1316.48,444.62,42.29,120.45,0.9011,2,2,-1
108,5,692.66,517.41,45.02,134.05,0.9067,2,1,-1
108,6,966.61,488.14,53.25,69.86,0.8919,2,1,-1
108,9,434.04,581.52,60.66,139.75,0.9025,2,1,-1
108,13,1236.01,428.75,38.52,117.26,0.9059,2,2,-1
108,16,1272.33,413.36,52.24,105.68,0.8867,2,2,-1
108,22,1176.73,491.14,41.02,118.00,0.8749,2,2,-1
108,24,1389.21,457.81,45.62,132.21,0.7823,2,2,-1
108,29,750.50,515.72,27.87,75.99,0.8745,2,2,-1
108,30,1525.94,431.49,32.31,118.51,0.8878,2,-1,-1
108,33,1452.73,449.58,32.30,113.58,0.7941,2,2,-1
108,37,1365.34,448.55,32.76,81.15,0.8251,2,2,-1
108,39,1135.09,485.04,49.16,126.51,0.5753,2,2,-1
108,47,1088.52,482.76,47.30,137.48,0.8699,2,1,-1
108,51,82.44,462.30,43.11,125.01,0.9038,3,0,-1
109,1,252.05,418.18,48.40,116.44,0.6614,1,3,-1
109,2,1316.90,445.21,40.95,119.41,0.8975,2,2,-1
109,5,692.09,517.43,45.44,134.03,0.9067,2,1,-1
109,6,966.49,488.25,53.66,70.54,0.8878,2,1,-1
109,9,433.00,581.72,56.58,139.52,0.9149,2,1,-1
109,13,1234.54,428.58,40.79,117.54,0.9042,2,2,-1
109,16,1273.61,413.83,51.40,105.34,0.8774,2,2,-1
109,22,1174.41,483.25,42.70,125.65,0.8834,2,2,-1
109,24,1388.31,457.12,48.72,129.96,0.8650,2,2,-1
109,29,750.71,516.11,27.63,75.64,0.8824,2,2,-1
109,30,1525.59,433.29,33.24,116.97,0.8974,1,3,-1
109,33,1452.26,459.95,30.81,103.72,0.8026,2,2,-1
109,36,1364.20,421.54,32.42,108.39,0.8493,2,2,-1
109,47,1088.74,483.60,45.06,135.38,0.8725,2,1,-1
109,51,82.56,462.58,42.28,125.42,0.8983,3,0,-1
110,1,249.33,417.72,51.92,117.64,0.9216,1,3,-1
110,2,1315.42,446.30,40.31,118.74,0.9002,2,2,-1
110,5,691.71,517.47,45.88,133.90,0.9125,2,1,-1
110,6,966.28,487.32,51.49,67.08,0.8793,2,1,-1
110,9,430.94,580.68,55.43,140.62,0.9000,2,-1,-1
110,13,1233.44,428.86,41.70,117.53,0.9075,2,2,-1
110,16,1274.25,414.25,49.28,104.55,0.8839,2,2,-1
110,22,1181.81,492.78,38.01,116.04,0.6915,2,2,-1
110,24,1388.16,457.02,49.90,132.95,0.8763,2,2,-1
110,29,744.12,483.76,36.12,108.09,0.8628,2,2,-1
110,30,1523.94,437.75,34.40,112.86,0.9000,1,3,-1
110,33,1446.89,446.84,37.32,115.68,0.8983,2,2,-1
110,36,1363.34,416.53,34.19,113.62,0.8734,2,2,-1
110,47,1088.97,483.46,42.99,129.69,0.8524,2,1,-1
110,51,82.08,463.20,41.41,123.89,0.9064,3,0,-1
111,1,248.74,417.77,52.99,117.91,0.9264,1,3,-1
111,2,1314.63,446.26,40.34,119.57,0.9033,2,2,-1
111,5,690.96,516.51,46.82,133.38,0.9011,2,1,-1
111,6,962.67,484.89,53.15,69.18,0.8392,2,1,-1
111,8,1181.15,525.14,34.99,83.41,0.7737,2,1,-1
111,9,427.21,582.00,33.61,82.51,0.8492,3,0,-1
111,13,1231.56,429.42,44.66,117.09,0.9070,2,2,-1
111,16,1276.64,414.05,45.83,104.64,0.8736,2,2,-1
111,24,1388.16,460.23,50.89,131.25,0.9099,2,2,-1
111,29,743.73,481.33,35.42,110.62,0.8867,2,2,-1
111,30,1519.46,435.23,38.06,115.94,0.8824,1,3,-1
111,33,1446.27,448.58,37.47,109.88,0.9102,2,2,-1
111,36,1362.88,416.46,35.15,113.91,0.8910,2,2,-1
111,47,1088.44,483.48,42.98,127.76,0.8814,2,1,-1
111,51,80.87,464.30,41.35,122.53,0.9149,3,0,-1
112,1,248.09,418.16,53.85,117.88,0.9284,1,3,-1
112,2,1313.39,447.14,41.55,118.49,0.9050,2,2,-1
112,5,689.54,515.88,47.48,134.37,0.9088,2,1,-1
112,6,981.25,485.79,40.39,66.23,0.8285,2,1,-1
112,8,1173.05,524.93,42.80,84.20,0.8767,2,1,-1
112,9,425.68,581.70,35.25,81.36,0.8518,3,0,-1
112,13,1227.33,429.18,47.33,117.34,0.9059,2,2,-1
112,14,1174.12,484.81,23.98,59.90,0.6114,2,1,-1
112,16,1278.12,414.23,44.63,103.65,0.8849,2,2,-1
112,24,1389.05,458.75,50.70,132.82,0.9024,2,2,-1
112,29,744.04,481.30,34.50,111.01,0.8848,2,2,-1
112,30,1520.12,440.94,37.39,110.81,0.8389,1,3,-1
112,33,1442.98,448.91,39.12,110.81,0.9174,2,2,-1
112,36,1362.03,415.68,35.05,114.52,0.8956,2,2,-1
112,39,1123.37,484.16,51.25,125.49,0.7464,2,2,-1
112,47,1087.99,483.60,43.48,132.03,0.8778,2,1,-1
112,51,79.80,465.28,42.08,121.35,0.9164,3,0,-1
113,1,246.86,418.30,54.50,116.64,0.9236,1,3,-1
113,2,1312.89,447.20,41.83,119.28,0.9078,2,2,-1
113,5,688.12,514.60,47.72,134.48,0.9105,2,1,-1
113,6,985.03,487.98,32.50,62.36,0.8066,2,1,-1
113,8,1172.41,523.89,43.94,85.22,0.8857,2,1,-1
113,9,421.50,596.95,27.07,65.72,0.8292,3,0,-1
113,13,1226.07,428.81,50.05,117.48,0.9110,2,2,-1
113,14,1174.69,484.21,18.53,44.73,0.7362,2,1,-1
113,16,1278.64,413.75,44.18,104.53,0.8896,2,2,-1
113,24,1391.41,458.16,49.59,132.74,0.9022,2,2,-1
113,29,744.04,481.55,33.70,110.57,0.8906,2,2,-1
113,30,1520.04,438.44,38.30,112.93,0.8160,1,3,-1
113,33,1439.76,445.43,41.14,113.42,0.9043,2,2,-1
113,36,1361.69,415.42,35.27,114.49,0.8948,2,2,-1
113,47,1087.60,483.53,43.64,138.02,0.9062,2,1,-1
113,51,79.41,465.83,42.69,120.89,0.9206,3,0,-1
114,1,246.55,418.07,54.78,116.96,0.9246,1,3,-1
114,2,1312.01,447.49,42.59,119.99,0.9125,2,2,-1
114,5,687.59,514.39,47.55,134.50,0.8902,2,1,-1
114,6,964.24,484.15,42.80,70.11,0.8283,2,1,-1
114,8,1171.97,522.89,44.29,86.07,0.8909,2,1,-1
114,9,419.86,591.19,28.98,73.08,0.8234,3,0,-1
114,13,1225.25,428.62,51.27,117.73,0.9134,2,2,-1
114,14,1173.28,484.73,20.52,50.46,0.5816,2,1,-1
114,16,1280.33,413.94,43.82,104.24,0.8966,2,2,-1
114,24,1391.20,461.11,51.07,129.38,0.9034,2,2,-1
114,29,743.97,481.14,33.43,111.12,0.8855,2,2,-1
114,30,1520.77,435.47,37.75,115.80,0.8317,1,3,-1
114,33,1438.97,443.82,41.72,113.46,0.8936,2,2,-1
114,36,1361.70,415.15,35.16,114.97,0.9011,2,2,-1
114,47,1088.11,483.30,42.61,136.52,0.9052,2,1,-1
114,51,78.60,467.87,43.70,118.47,0.9173,3,0,-1
115,1,245.85,418.26,54.65,117.30,0.9287,1,3,-1
115,2,1311.51,448.67,42.68,118.92,0.9129,2,2,-1
115,5,686.28,514.24,47.00,132.70,0.9208,2,1,-1
115,6,961.84,487.26,46.07,68.71,0.8706,2,1,-1
115,9,430.59,582.33,27.50,75.77,0.7850,3,0,-1
115,13,1224.84,428.58,52.19,118.07,0.9136,2,2,-1
115,16,1281.67,413.99,41.42,103.31,0.9062,2,2,-1
115,22,1171.56,490.29,44.20,118.21,0.8967,2,2,-1
115,24,1391.15,459.61,52.33,131.29,0.9005,2,2,-1
115,29,743.25,481.45,33.65,110.69,0.9031,2,2,-1
115,30,1520.88,433.28,36.82,118.30,0.8794,1,3,-1
115,33,1437.05,442.52,42.64,114.86,0.8912,2,2,-1
115,36,1361.07,414.74,35.91,116.08,0.8956,2,2,-1
115,47,1088.18,482.66,43.24,138.03,0.9041,2,1,-1
115,51,77.96,470.66,45.15,115.48,0.9017,3,0,-1
116,1,245.44,418.29,54.71,116.80,0.9320,2,-1,-1
116,2,1310.60,448.89,43.12,118.92,0.9173,2,2,-1
116,5,684.53,513.45,47.08,132.34,0.9262,2,1,-1
116,6,959.76,488.19,47.99,70.15,0.8659,2,1,-1
116,8,1171.63,521.65,43.73,86.77,0.8248,2,1,-1
116,9,412.03,581.16,43.53,138.57,0.9110,3,0,-1
116,11,1411.48,409.43,30.80,64.57,0.5663,2,2,-1
116,13,1224.22,428.64,52.34,118.16,0.9134,2,2,-1
116,16,1282.93,414.20,38.78,101.56,0.9121,2,2,-1
116,24,1390.80,457.11,52.76,133.91,0.9013,2,2,-1
116,29,742.58,481.18,33.91,110.95,0.8991,2,2,-1
116,30,1520.68,435.74,35.57,115.63,0.8709,1,3,-1
116,33,1436.46,441.76,43.54,114.48,0.8996,2,2,-1
116,36,1360.11,416.35,35.35,114.56,0.8804,2,2,-1
116,47,1087.34,483.05,44.43,139.22,0.8991,2,1,-1
116,51,82.48,471.10,35.60,65.81,0.8434,3,0,-1
117,1,245.91,417.55,53.99,116.73,0.9293,2,1,-1
117,2,1309.83,448.75,43.30,118.62,0.9142,2,2,-1
117,5,682.79,512.27,47.84,132.68,0.9331,2,1,-1
117,6,956.56,487.85,49.75,75.28,0.8505,2,1,-1
117,8,1175.23,522.43,41.18,85.48,0.7744,2,1,-1
117,9,404.85,580.41,47.53,141.24,0.9227,3,0,-1
117,13,1224.32,428.68,52.47,117.90,0.9166,2,2,-1
117,14,1168.82,484.60,21.39,53.24,0.5189,2,1,-1
117,16,1284.70,414.04,36.27,101.59,0.9080,2,2,-1
117,24,1390.17,454.62,52.32,136.86,0.9020,2,2,-1
117,29,742.04,481.62,33.85,110.53,0.9121,2,2,-1
117,30,1519.84,433.74,36.08,117.53,0.8690,1,3,-1
117,33,1436.01,442.66,45.10,111.34,0.8727,2,2,-1
117,36,1359.95,415.37,35.31,115.48,0.8844,2,2,-1
117,47,1086.03,483.04,45.36,139.27,0.9089,2,1,-1
117,51,78.25,471.50,42.42,63.89,0.8483,3,0,-1
118,1,246.81,416.96,52.45,117.25,0.9302,2,1,-1
118,2,1309.89,448.35,42.92,119.09,0.9131,2,2,-1
118,5,680.84,511.73,47.91,133.65,0.9325,2,1,-1
118,6,955.86,487.62,49.14,76.03,0.8563,2,1,-1
118,8,1174.49,521.67,40.62,85.52,0.7715,2,1,-1
118,9,398.06,580.91,54.48,142.02,0.9237,3,0,-1
118,13,1224.35,428.75,52.51,117.95,0.9137,2,2,-1
118,14,1168.73,483.92,20.84,51.47,0.5722,2,1,-1
118,16,1285.04,413.74,34.86,102.74,0.9027,2,2,-1
118,24,1390.89,459.17,50.84,132.42,0.9005,2,2,-1
118,29,741.89,483.19,33.34,108.95,0.9014,2,2,-1
118,30,1519.20,432.91,36.40,118.37,0.8732,1,3,-1
118,33,1434.38,444.65,43.74,106.59,0.8481,2,2,-1
118,36,1358.77,414.69,35.86,116.73,0.8860,2,2,-1
118,47,1085.98,483.82,45.13,138.00,0.9052,2,1,-1
118,51,75.98,472.48,44.27,62.63,0.8246,3,0,-1
119,1,248.00,417.18,48.99,117.10,0.9324,2,1,-1
119,2,1309.88,448.18,42.11,119.24,0.9083,2,2,-1
119,4,73.57,475.12,43.67,105.17,0.8356,3,0,-1
119,5,680.51,511.78,47.08,133.02,0.9250,2,1,-1
119,6,954.07,486.87,48.20,82.61,0.8631,2,1,-1
119,8,1173.31,520.10,41.47,86.50,0.7805,2,1,-1
119,9,392.98,582.58,59.70,141.42,0.9244,3,0,-1
119,13,1225.34,428.83,51.50,117.46,0.9096,2,2,-1
119,16,1285.60,414.01,33.50,101.50,0.8973,2,2,-1
119,24,1390.54,451.02,51.53,140.44,0.9059,2,2,-1
119,29,740.80,482.55,34.03,109.53,0.9125,2,2,-1
119,30,1518.64,431.55,37.23,119.88,0.8817,1,3,-1
119,33,1434.46,445.66,42.44,104.20,0.8590,2,2,-1
119,36,1357.99,415.04,36.24,116.11,0.8921,2,2,-1
119,47,1086.51,485.39,45.14,134.37,0.9136,2,1,-1
120,1,248.51,415.88,47.16,117.99,0.9312,2,1,-1
120,2,1309.05,448.07,42.13,119.45,0.9076,2,2,-1
120,4,70.44,473.55,43.79,106.30,0.8319,3,0,-1
120,5,679.56,511.27,46.83,132.22,0.9222,2,-1,-1
120,6,946.29,510.34,59.85,138.30,0.8655,2,1,-1
120,8,1173.58,521.05,41.71,85.55,0.8125,2,1,-1
120,9,389.84,582.75,63.08,141.39,0.9291,3,0,-1
120,13,1225.63,429.05,50.77,117.12,0.9093,2,2,-1
120,16,1284.81,413.42,32.92,102.67,0.8854,2,2,-1
120,24,1389.53,449.92,52.02,141.73,0.9036,2,2,-1
120,29,740.28,482.81,34.03,108.56,0.9072,2,2,-1
120,30,1518.30,432.53,37.47,118.79,0.8932,1,3,-1
120,33,1435.58,446.54,41.09,101.36,0.8615,2,2,-1
120,36,1357.73,414.64,36.11,116.23,0.9009,2,2,-1
120,47,1086.08,483.40,45.99,134.92,0.8902,2,1,-1
121,1,249.96,416.01,45.47,116.98,0.9333,2,1,-1
121,2,1307.12,447.67,43.93,120.15,0.9130,2,2,-1
121,4,68.98,472.87,42.72,105.46,0.8701,3,0,-1
121,5,678.62,511.30,47.32,132.58,0.9202,3,0,-1
121,6,955.91,484.94,38.52,79.00,0.8514,2,1,-1
121,8,1173.66,520.81,42.00,85.65,0.8054,2,1,-1
121,9,387.89,582.54,64.71,142.17,0.9345,3,0,-1
121,13,1226.98,429.41,49.27,116.73,0.9038,2,2,-1
121,14,1168.36,482.94,21.45,53.16,0.5114,2,1,-1
121,16,1285.76,413.16,31.69,102.90,0.8820,2,2,-1
121,24,1389.80,450.71,51.63,141.13,0.9006,2,2,-1
121,29,739.94,482.60,33.93,109.09,0.9048,2,2,-1
121,30,1517.59,431.99,38.14,119.37,0.8930,1,3,-1
121,33,1434.25,448.55,39.35,99.77,0.8470,2,2,-1
121,36,1356.98,414.71,36.49,115.68,0.8968,2,2,-1
121,47,1086.89,484.98,46.07,132.63,0.8209,2,1,-1
122,1,250.28,414.82,44.20,118.17,0.9182,2,1,-1
122,2,1303.88,447.35,46.61,120.89,0.9203,2,2,-1
122,4,67.27,472.12,40.97,105.74,0.8041,3,0,-1
122,5,677.54,511.70,47.04,131.57,0.9156,3,0,-1
122,6,954.31,484.11,38.23,70.72,0.8545,2,1,-1
122,8,1172.83,520.10,42.97,87.20,0.7943,2,-1,-1
122,9,387.76,583.15,65.42,142.58,0.9325,3,0,-1
122,13,1230.62,429.15,46.23,116.88,0.9038,2,2,-1
122,24,1391.35,457.28,48.86,134.43,0.8866,2,2,-1
122,29,739.66,482.70,33.38,109.30,0.9041,2,2,-1
122,30,1517.30,431.02,38.53,120.41,0.8978,1,3,-1
122,33,1434.04,445.44,37.55,102.37,0.8679,2,2,-1
122,36,1355.69,414.86,37.56,115.88,0.9038,2,2,-1
122,47,1084.39,486.06,48.13,135.60,0.8312,2,1,-1
123,1,251.06,414.69,42.62,117.90,0.9234,2,1,-1
123,2,1301.88,448.06,47.90,120.24,0.9213,2,2,-1
123,4,61.30,468.12,43.68,102.49,0.9065,3,0,-1
123,5,676.34,511.19,47.33,133.16,0.9213,3,0,-1
123,9,385.74,583.88,65.71,142.48,0.9297,3,0,-1
123,10,953.15,511.37,43.33,139.15,0.8920,2,1,-1
123,13,1231.39,429.06,44.93,117.11,0.9041,2,2,-1
123,24,1391.07,453.22,50.75,138.09,0.8927,2,2,-1
123,29,738.70,482.15,33.77,109.96,0.9030,2,2,-1
123,30,1516.35,431.30,39.40,120.61,0.8870,1,3,-1
123,33,1433.72,444.69,36.71,103.51,0.8840,2,2,-1
123,36,1354.62,414.96,38.05,115.99,0.9033,2,2,-1
123,44,1171.89,516.28,43.27,91.41,0.7338,2,1,-1
123,47,1084.45,486.15,48.61,135.64,0.7228,2,1,-1
124,1,250.98,414.33,41.90,116.97,0.9305,2,1,-1
124,2,1299.40,448.48,49.73,120.23,0.9229,2,2,-1
124,4,59.27,465.21,45.42,105.57,0.9168,3,0,-1
124,5,674.70,510.81,47.12,133.23,0.9166,3,0,-1
124,8,1171.85,519.01,43.29,88.43,0.7167,2,-1,-1
124,9,384.74,583.99,63.30,141.92,0.9280,3,0,-1
124,10,952.35,510.61,43.60,139.79,0.9025,2,1,-1
124,13,1231.58,428.76,43.75,117.32,0.8965,2,2,-1
124,24,1391.24,451.28,51.94,140.34,0.8871,2,2,-1
124,29,738.17,482.33,33.28,109.70,0.8870,2,2,-1
124,30,1517.49,431.92,38.69,119.93,0.8844,1,3,-1
124,36,1353.62,414.59,39.37,116.13,0.9069,2,2,-1
124,47,1084.62,486.34,49.44,134.82,0.6744,2,1,-1
125,1,250.39,414.41,42.43,116.80,0.9322,2,1,-1
125,2,1296.56,448.18,51.63,120.31,0.9181,2,2,-1
125,4,59.18,464.02,44.43,104.71,0.8937,3,0,-1
125,5,674.04,511.50,46.46,132.44,0.9237,3,0,-1
125,6,947.63,484.39,43.30,73.41,0.8379,2,1,-1
125,9,382.93,584.57,60.86,141.61,0.9034,3,0,-1
125,13,1232.48,429.03,41.99,116.95,0.8914,2,2,-1
125,24,1391.57,454.19,52.02,136.95,0.8812,2,2,-1
125,29,736.46,482.23,34.32,110.45,0.9002,2,2,-1
125,30,1515.90,431.06,39.98,120.87,0.8891,1,3,-1
125,36,1351.90,414.02,40.77,116.56,0.9069,2,2,-1
125,44,1170.74,515.69,43.74,91.80,0.6677,2,1,-1
125,47,1082.77,486.62,52.22,135.43,0.8192,2,1,-1
126,1,249.22,414.31,43.24,116.12,0.9245,2,1,-1
126,2,1293.85,448.45,53.07,119.93,0.9072,2,2,-1
126,4,58.38,462.81,44.93,105.55,0.8242,3,0,-1
126,5,673.26,511.14,46.47,132.39,0.9246,3,0,-1
126,8,1171.56,519.29,43.46,88.55,0.7151,2,2,-1
126,9,380.78,582.65,55.30,143.68,0.9198,3,0,-1
126,10,951.96,510.43,44.00,140.00,0.8553,2,1,-1
126,13,1233.40,429.79,41.37,116.41,0.9081,2,2,-1
126,24,1392.46,453.99,52.44,137.32,0.8655,2,2,-1
126,29,735.61,482.71,35.08,110.29,0.9063,2,2,-1
126,30,1515.82,430.73,40.72,121.09,0.8962,1,3,-1
126,36,1351.71,414.03,41.11,116.60,0.9076,2,2,-1
126,43,1148.50,520.84,28.45,84.13,0.5339,2,-1,-1
126,47,1082.25,486.89,52.36,135.03,0.8320,2,1,-1
127,1,248.28,414.02,42.79,115.81,0.9333,2,1,-1
127,2,1292.72,448.80,53.97,120.43,0.9040,2,2,-1
127,4,57.09,461.66,45.16,107.16,0.8789,3,0,-1
127,5,672.75,511.48,46.42,132.45,0.9261,3,0,-1
127,9,377.17,583.31,47.93,140.60,0.9038,3,0,-1
127,10,949.84,510.45,47.00,139.71,0.8995,2,1,-1
127,13,1233.87,429.67,40.19,115.88,0.8913,2,2,-1
127,29,735.02,484.02,35.07,108.70,0.9114,2,2,-1
127,30,1516.12,430.87,40.83,121.37,0.8874,1,3,-1
127,33,1431.82,451.11,32.54,94.86,0.8435,2,2,-1
127,36,1351.28,414.42,41.05,116.64,0.9077,2,2,-1
127,37,1386.57,448.53,34.83,87.71,0.5773,2,2,-1
127,44,1170.11,516.96,44.32,91.01,0.7708,2,1,-1
127,47,1083.44,486.92,52.23,134.30,0.7996,2,1,-1
128,1,248.20,413.49,42.21,116.72,0.9307,2,1,-1
128,2,1291.40,449.45,55.74,120.52,0.9128,2,2,-1
128,4,62.38,482.58,36.29,85.28,0.7286,3,0,-1
128,5,672.57,510.84,44.99,132.62,0.9217,3,0,-1
128,9,375.24,581.98,44.45,140.52,0.9144,3,0,-1
128,10,948.52,510.47,49.01,139.87,0.9043,2,1,-1
128,13,1233.39,429.81,40.58,115.69,0.8967,2,2,-1
128,22,1168.76,494.36,44.81,113.87,0.7740,2,2,-1
128,29,734.36,484.48,34.44,108.21,0.9078,2,2,-1
128,30,1516.08,431.46,40.54,120.27,0.8778,1,3,-1
128,33,1434.83,451.72,31.20,94.36,0.8558,2,2,-1
128,36,1350.63,414.91,41.55,117.39,0.9080,2,2,-1
128,47,1083.21,486.92,52.92,134.73,0.6833,2,1,-1
129,1,247.88,413.31,41.73,116.31,0.9372,2,1,-1
129,2,1290.52,449.62,55.88,120.73,0.9129,2,2,-1
129,4,56.43,454.45,44.42,113.75,0.8911,3,0,-1
129,5,671.83,509.51,44.65,132.88,0.9276,3,0,-1
129,9,373.11,582.16,44.26,141.22,0.8894,3,0,-1
129,10,947.76,510.50,49.91,139.23,0.9052,2,1,-1
129,13,1233.41,429.40,40.63,115.47,0.8723,2,2,-1
129,22,1168.78,494.74,45.17,113.47,0.8168,2,2,-1
129,29,733.82,483.00,34.75,109.56,0.8971,2,2,-1
129,30,1513.25,430.45,42.55,121.38,0.8437,1,3,-1
129,33,1436.72,453.62,32.90,91.95,0.8701,2,2,-1
129,36,1349.73,414.38,42.27,117.92,0.9147,2,2,-1
129,42,1382.82,447.62,37.59,129.09,0.6010,2,2,-1
129,43,1146.01,518.13,31.03,96.22,0.5473,2,-1,-1
129,47,1084.35,486.47,52.98,133.50,0.7063,2,1,-1
130,1,248.23,413.04,41.46,116.45,0.9396,2,1,-1
130,2,1290.73,449.88,55.01,120.58,0.9141,2,2,-1
130,4,55.11,450.48,45.18,115.76,0.8748,3,0,-1
130,5,670.28,507.79,44.93,132.06,0.9283,3,0,-1
130,9,369.97,582.12,43.21,139.66,0.7993,3,0,-1
130,10,949.44,510.98,48.38,138.53,0.8907,2,1,-1
130,13,1233.42,428.31,41.01,116.49,0.8922,2,2,-1
130,22,1168.80,493.87,45.33,113.77,0.8129,2,2,-1
130,29,733.12,481.08,35.24,111.53,0.8853,2,2,-1
130,30,1511.22,429.75,45.22,121.63,0.8656,1,3,-1
130,33,1437.73,450.52,35.05,95.47,0.8915,2,2,-1
130,36,1350.45,414.09,41.82,117.11,0.9097,2,2,-1
130,42,1384.30,447.78,37.03,125.92,0.7160,2,2,-1
130,43,1146.56,517.99,29.94,94.45,0.6560,2,-1,-1
130,47,1086.51,485.95,52.67,133.41,0.7534,2,1,-1
131,1,248.69,413.48,40.23,115.90,0.9361,2,1,-1
131,2,1290.19,450.01,54.31,120.87,0.9164,2,2,-1
131,4,54.26,448.51,45.91,113.61,0.8826,3,0,-1
131,5,669.20,506.76,45.48,131.51,0.9332,3,0,-1
131,6,942.58,489.62,46.58,69.23,0.8738,2,1,-1
131,7,1408.87,413.49,36.79,95.78,0.6030,2,2,-1
131,9,366.64,582.72,42.33,139.02,0.7077,3,0,-1
131,13,1233.63,428.33,40.77,116.05,0.8956,2,2,-1
131,29,732.64,481.04,35.59,112.10,0.8881,2,2,-1
131,30,1514.03,430.50,43.96,120.82,0.8448,1,3,-1
131,33,1439.68,449.28,35.22,96.47,0.8881,2,2,-1
131,36,1350.64,414.02,41.75,117.34,0.9062,2,2,-1
131,39,1167.46,481.23,47.05,126.64,0.8251,2,2,-1
131,43,1146.35,518.81,29.98,94.40,0.5985,2,-1,-1
131,47,1088.01,486.47,52.90,133.71,0.8373,2,1,-1
132,1,249.56,413.45,39.29,116.18,0.9357,2,1,-1
132,2,1289.81,450.02,53.62,120.56,0.9214,2,2,-1
132,4,55.97,447.27,43.54,108.29,0.8401,3,0,-1
132,5,669.17,506.24,45.70,132.10,0.9342,3,0,-1
132,6,941.70,489.03,48.76,71.26,0.8755,2,1,-1
132,9,364.64,582.78,46.91,142.49,0.9036,3,0,-1
132,13,1234.17,428.86,40.73,115.66,0.9030,2,2,-1
132,29,732.66,481.68,35.88,108.75,0.9032,2,2,-1
132,30,1513.41,433.02,43.96,118.36,0.8717,1,3,-1
132,33,1440.96,447.64,36.73,99.50,0.8813,2,2,-1
132,36,1351.27,413.81,41.52,118.28,0.9043,2,2,-1
132,39,1169.13,482.32,45.91,125.47,0.8574,2,2,-1
132,42,1386.98,448.78,36.40,124.47,0.8441,2,2,-1
132,43,1147.55,517.63,29.56,92.97,0.5365,2,-1,-1
132,47,1090.16,486.05,52.72,132.96,0.8311,2,1,-1
133,1,251.00,413.51,38.79,115.71,0.9374,2,1,-1
133,2,1288.54,450.10,53.64,120.41,0.9212,2,2,-1
133,4,55.06,446.90,44.56,107.10,0.8433,3,0,-1
133,5,669.31,506.39,45.91,132.15,0.9338,3,0,-1
133,6,941.28,488.71,47.73,69.84,0.8825,2,1,-1
133,9,359.34,582.69,51.32,143.42,0.9118,3,0,-1
133,13,1234.50,428.83,40.33,115.70,0.8928,2,2,-1
133,29,732.94,484.25,37.21,108.35,0.9150,2,2,-1
133,30,1514.91,433.63,42.97,117.66,0.9007,1,3,-1
133,33,1443.93,445.05,36.98,102.23,0.8800,2,2,-1
133,36,1352.20,413.35,42.48,118.19,0.8987,2,2,-1
133,39,1169.78,484.88,45.55,122.63,0.8816,2,2,-1
133,42,1386.90,448.15,38.31,125.09,0.8910,2,2,-1
133,43,1147.16,517.99,30.22,93.08,0.5633,2,-1,-1
133,47,1089.07,486.60,59.41,129.01,0.9016,2,1,-1
134,1,251.79,413.28,39.30,115.78,0.9283,2,1,-1
134,2,1288.09,450.11,52.17,120.44,0.9213,2,2,-1
134,4,55.61,446.80,44.68,106.79,0.8528,3,0,-1
134,5,667.79,505.39,47.25,132.46,0.9273,3,0,-1
134,9,355.10,583.17,55.15,143.38,0.9264,3,0,-1
134,10,948.31,509.59,52.74,139.97,0.9046,2,1,-1
134,13,1236.03,428.80,39.83,115.65,0.8920,2,2,-1
134,24,1421.38,462.19,36.11,128.61,0.8707,2,2,-1
134,29,732.16,487.01,38.89,105.47,0.9183,2,2,-1
134,30,1517.21,433.12,40.58,117.77,0.8987,1,3,-1
134,33,1447.73,444.29,35.46,104.00,0.8832,2,2,-1
134,36,1352.77,413.61,43.54,117.05,0.8925,2,2,-1
134,39,1170.55,484.89,45.37,122.70,0.8717,2,2,-1
134,42,1386.06,448.44,38.90,123.83,0.8945,2,2,-1
134,47,1088.46,487.43,59.90,129.15,0.7994,2,1,-1
135,1,253.56,412.84,38.70,115.21,0.9207,2,1,-1
135,2,1286.45,449.85,51.44,120.72,0.9178,2,2,-1
135,4,54.58,445.37,44.52,107.37,0.8021,3,0,-1
135,5,667.14,505.35,48.09,131.23,0.9269,3,0,-1
135,9,352.17,584.06,58.87,142.65,0.9197,3,0,-1
135,10,951.44,510.85,52.83,139.62,0.9248,2,1,-1
135,13,1236.92,428.71,38.40,115.22,0.8951,2,2,-1
135,24,1423.18,461.38,37.13,129.70,0.9194,2,2,-1
135,29,731.22,490.82,42.08,101.35,0.9159,2,2,-1
135,30,1518.49,433.48,38.39,117.27,0.8993,1,3,-1
135,36,1351.90,413.99,43.94,115.85,0.8913,2,2,-1
135,39,1170.54,487.22,45.83,119.52,0.8916,2,2,-1
135,42,1385.83,448.92,39.30,122.05,0.9019,2,2,-1
135,47,1086.28,493.05,56.98,123.96,0.8184,2,1,-1
136,1,254.63,412.00,38.69,114.92,0.9179,2,1,-1
136,2,1287.24,450.70,49.65,119.84,0.9251,2,2,-1
136,4,50.11,442.48,46.58,111.05,0.8499,3,0,-1
136,5,663.03,504.84,52.28,131.33,0.9323,3,0,-1
136,9,348.52,585.38,60.30,142.62,0.9291,3,0,-1
136,10,954.99,511.60,51.18,138.50,0.9213,2,1,-1
136,11,1413.03,414.29,28.39,59.52,0.5218,2,2,-1
136,13,1237.84,429.97,36.39,113.74,0.8797,2,2,-1
136,24,1424.23,461.82,38.43,129.57,0.9124,2,2,-1
136,29,728.50,493.00,49.06,99.02,0.9148,2,2,-1
136,30,1518.47,433.03,37.24,117.97,0.9091,1,3,-1
136,36,1351.67,414.73,43.55,112.04,0.8799,2,2,-1
136,39,1170.80,485.36,46.46,120.86,0.8773,2,2,-1
136,42,1384.39,449.42,39.88,121.28,0.9018,2,2,-1
136,47,1088.62,490.43,69.43,126.63,0.8745,2,1,-1
137,1,254.80,411.57,38.21,115.49,0.9178,2,1,-1
137,2,1286.71,451.04,49.30,119.56,0.9238,2,2,-1
137,3,1238.97,450.83,32.27,92.77,0.8595,2,2,-1
137,4,46.91,439.22,49.19,112.63,0.9083,3,0,-1
137,5,658.51,505.17,57.13,131.28,0.9346,3,0,-1
137,6,938.20,487.59,48.23,66.97,0.9075,2,1,-1
137,9,346.91,585.66,61.17,142.57,0.9496,3,0,-1
137,10,984.84,586.49,22.72,61.75,0.5658,2,1,-1
137,11,1415.66,414.91,24.03,56.03,0.7850,2,2,-1
137,24,1424.93,462.16,39.43,129.06,0.9135,2,2,-1
137,29,723.75,494.05,55.03,97.97,0.9193,2,2,-1
137,30,1518.46,432.95,36.18,117.46,0.9067,1,3,-1
137,39,1171.74,485.65,47.99,120.68,0.8854,2,2,-1
137,42,1383.54,448.45,41.10,123.06,0.9003,2,2,-1
137,47,1084.03,493.90,65.97,122.47,0.7619,2,1,-1
138,1,254.58,410.64,37.41,116.11,0.9222,2,1,-1
138,2,1285.51,450.95,49.71,119.63,0.9233,2,2,-1
138,4,46.05,435.36,49.48,113.78,0.9098,3,0,-1
138,5,656.38,505.13,58.80,131.67,0.9321,3,0,-1
138,9,346.07,586.60,60.88,142.38,0.9382,3,0,-1
138,10,957.36,513.63,51.52,137.15,0.9140,2,1,-1
138,11,1413.91,414.54,24.33,55.97,0.6866,2,2,-1
138,12,1238.06,462.24,32.47,81.01,0.8594,2,2,-1
138,24,1424.40,461.83,42.63,129.87,0.9106,2,2,-1
138,29,721.24,493.78,53.86,98.35,0.9043,2,2,-1
138,30,1518.83,434.84,35.16,115.74,0.9176,1,3,-1
138,39,1172.38,483.36,50.74,123.37,0.8950,2,2,-1
138,42,1383.20,448.34,41.69,123.17,0.9056,2,2,-1
138,43,1151.60,521.72,28.59,85.53,0.6255,2,-1,-1
138,47,1081.12,493.09,63.20,124.54,0.7380,2,1,-1
139,1,254.94,410.36,38.04,115.98,0.9244,2,1,-1
139,2,1284.76,450.27,50.13,120.38,0.9231,2,2,-1
139,4,49.47,432.86,45.99,115.26,0.9207,3,0,-1
139,5,654.04,505.11,60.69,131.97,0.9224,3,0,-1
139,9,345.83,588.60,58.63,139.92,0.9039,3,0,-1
139,10,957.40,514.24,52.31,136.30,0.9024,2,1,-1
139,11,1410.42,415.46,25.20,56.37,0.7108,2,2,-1
139,13,1236.80,429.07,34.87,114.66,0.8904,2,2,-1
139,14,1141.98,483.22,34.93,77.95,0.6658,2,1,-1
139,24,1424.33,463.93,44.63,127.94,0.9124,2,2,-1
139,29,720.64,490.42,51.07,102.13,0.9227,2,2,-1
139,30,1518.52,435.27,34.98,115.22,0.9028,1,3,-1
139,39,1173.77,483.69,51.51,123.07,0.9045,2,2,-1
139,42,1382.38,447.92,42.55,123.63,0.9088,2,2,-1
139,47,1108.14,562.80,29.31,58.03,0.6677,2,1,-1
140,1,255.01,410.17,38.48,115.88,0.9272,2,1,-1
140,2,1284.56,450.01,49.38,120.54,0.9219,2,2,-1
140,4,49.45,430.36,44.85,115.73,0.9174,3,0,-1
140,5,655.59,504.99,61.01,132.39,0.9206,3,0,-1
140,9,344.35,589.27,57.14,139.08,0.9154,3,0,-1
140,10,943.21,487.03,45.99,114.45,0.8932,2,1,-1
140,11,1408.84,416.47,24.80,54.97,0.7930,2,2,-1
140,13,1236.88,430.17,34.84,113.43,0.8826,2,2,-1
140,22,1114.52,490.49,50.71,117.37,0.6398,2,2,-1
140,24,1423.69,462.46,47.24,129.71,0.9092,2,2,-1
140,29,721.36,488.29,47.89,104.76,0.9296,2,2,-1
140,30,1519.13,437.91,34.16,113.39,0.9105,1,3,-1
140,39,1176.12,483.54,50.54,122.74,0.9101,2,2,-1
140,42,1381.18,447.99,43.74,123.31,0.9107,2,2,-1
141,1,255.48,409.66,39.53,116.85,0.9290,2,1,-1
141,2,1284.67,449.63,48.81,120.89,0.9219,2,2,-1
141,4,50.02,429.94,43.70,113.01,0.9192,3,0,-1
141,5,651.78,505.72,64.75,132.20,0.9261,3,0,-1
141,8,1111.39,520.95,58.60,94.11,0.8625,2,2,-1
141,9,343.12,587.92,55.94,140.51,0.9217,3,0,-1
141,10,944.18,487.21,46.92,118.66,0.9130,2,1,-1
141,11,1407.27,417.18,25.47,56.66,0.8208,2,2,-1
141,13,1237.04,431.16,34.74,112.74,0.8769,2,2,-1
141,24,1423.98,462.20,48.46,131.24,0.9182,2,2,-1
141,29,722.93,487.51,44.80,105.06,0.9288,2,2,-1
141,30,1518.89,438.28,34.66,114.50,0.8990,1,3,-1
141,33,1462.54,448.15,35.75,104.46,0.8634,2,2,-1
141,39,1176.53,488.36,50.22,118.09,0.9186,2,2,-1
141,42,1381.15,448.82,44.46,123.95,0.9051,2,2,-1
142,1,255.66,410.23,39.92,117.39,0.9358,2,1,-1
142,2,1284.84,450.00,48.58,122.44,0.9211,2,2,-1
142,4,50.52,431.71,43.52,111.05,0.9189,3,0,-1
142,5,650.60,506.86,66.84,131.22,0.9174,3,0,-1
142,9,342.45,587.86,52.31,140.59,0.9361,3,0,-1
142,10,945.91,487.37,47.50,119.55,0.8878,2,1,-1
142,11,1403.52,417.96,27.22,59.64,0.7402,2,2,-1
142,13,1236.54,431.46,35.21,113.62,0.8884,2,2,-1
142,22,1110.07,492.10,57.59,121.27,0.8534,2,2,-1
142,24,1426.75,464.79,47.50,129.03,0.9106,2,2,-1
142,29,724.25,485.98,42.45,105.38,0.9326,2,2,-1
142,30,1519.93,447.87,33.48,105.78,0.8981,1,3,-1
142,33,1466.86,451.53,36.26,104.53,0.8913,2,2,-1
142,39,1178.57,488.39,51.11,118.77,0.9302,2,2,-1
142,42,1380.82,449.58,44.55,123.80,0.8995,2,2,-1
142,54,990.48,514.86,32.01,82.54,0.5137,2,-1,-1
143,1,255.73,410.50,39.53,116.78,0.9283,2,1,-1
143,2,1284.40,450.07,48.14,122.50,0.9136,2,2,-1
143,4,48.92,431.71,43.74,110.29,0.9173,3,0,-1
143,5,649.03,507.33,67.61,130.72,0.9066,3,0,-1
143,9,338.91,588.32,49.46,140.50,0.9137,3,0,-1
143,10,947.00,487.64,47.18,119.63,0.8964,2,1,-1
143,13,1235.23,431.94,35.60,113.45,0.8766,2,2,-1
143,22,1107.22,485.62,58.86,127.00,0.8746,2,2,-1
143,24,1427.22,464.34,47.93,129.26,0.9083,2,2,-1
143,29,724.56,483.92,40.15,106.05,0.9327,2,2,-1
143,30,1518.79,438.99,34.93,115.29,0.9017,1,3,-1
143,33,1467.95,449.79,37.40,106.42,0.8919,2,2,-1
143,39,1180.37,490.73,50.47,116.56,0.9264,2,2,-1
143,42,1379.27,450.81,45.59,122.43,0.8930,2,2,-1
144,1,256.19,410.67,39.27,116.34,0.9291,2,1,-1
144,2,1285.69,449.99,47.88,123.21,0.9085,2,2,-1
144,4,48.78,430.51,44.07,112.01,0.9237,3,0,-1
144,5,649.49,507.24,67.29,130.68,0.8986,3,0,-1
144,9,355.51,589.13,30.30,84.52,0.7348,3,0,-1
144,10,949.53,488.36,47.17,118.44,0.9069,2,1,-1
144,13,1235.66,431.28,35.59,114.14,0.8834,2,2,-1
144,24,1429.42,463.83,47.89,129.96,0.8878,2,2,-1
144,29,724.92,481.30,39.01,106.74,0.9274,2,2,-1
144,30,1518.10,434.45,35.59,119.00,0.9073,1,3,-1
144,37,1470.29,473.51,37.95,83.48,0.8761,2,2,-1
144,39,1184.88,497.05,46.57,110.00,0.9111,2,2,-1
144,42,1379.30,449.98,45.43,122.85,0.8992,2,2,-1
144,44,1078.41,487.62,60.99,124.99,0.8642,2,1,-1
144,54,1003.08,520.18,29.02,77.53,0.7452,2,-1,-1
145,1,257.87,411.45,37.44,115.29,0.9087,2,1,-1
145,2,1285.40,450.53,48.88,122.70,0.9169,2,2,-1
145,4,49.36,427.18,43.13,113.88,0.9074,3,0,-1
145,5,650.77,507.38,67.30,130.42,0.8900,3,0,-1
145,9,334.23,588.06,45.64,139.73,0.8590,3,0,-1
145,10,952.11,488.61,47.15,113.63,0.9087,2,1,-1
145,13,1235.99,430.43,35.95,115.20,0.8903,2,2,-1
145,24,1433.11,464.58,47.05,129.90,0.8696,2,2,-1
145,29,723.70,479.51,40.48,107.75,0.9254,2,2,-1
145,30,1518.58,432.61,35.24,121.67,0.8978,1,3,-1
145,37,1473.86,483.13,36.51,74.57,0.8827,2,2,-1
145,39,1187.46,493.50,46.16,114.29,0.8655,2,2,-1
145,42,1380.36,451.21,44.31,121.47,0.8611,2,2,-1
145,43,1145.10,487.85,42.20,117.65,0.8411,2,-1,-1
145,44,1077.84,489.09,63.71,125.98,0.8633,2,1,-1
145,54,1010.78,521.80,27.90,74.87,0.8447,2,-1,-1
146,1,258.65,412.11,35.75,114.94,0.9165,2,1,-1
146,2,1286.70,451.47,49.29,122.33,0.9137,2,2,-1
146,4,50.32,425.62,42.62,114.72,0.9014,2,-1,-1
146,5,651.43,507.16,67.50,131.13,0.8742,3,0,-1
146,9,350.39,588.52,28.35,89.96,0.7180,3,0,-1
146,10,954.18,489.36,49.61,119.10,0.8891,2,1,-1
146,13,1235.67,431.07,36.72,114.82,0.8869,2,2,-1
146,16,1193.30,522.81,39.38,84.55,0.8694,2,2,-1
146,24,1434.28,465.03,47.92,129.61,0.8569,2,2,-1
146,29,724.46,476.32,41.00,111.67,0.9075,2,2,-1
146,30,1518.79,433.43,34.97,120.28,0.9030,1,3,-1
146,36,1351.55,419.51,53.96,110.14,0.8411,2,2,-1
146,37,1473.41,482.18,39.13,76.00,0.8643,2,2,-1
146,43,1146.50,488.38,45.32,122.20,0.8654,2,-1,-1
146,44,1081.15,491.10,63.46,122.08,0.9144,2,1,-1
146,54,1017.33,523.87,27.40,71.39,0.7142,2,1,-1
146,0,476.50,340.42,12.41,13.29,1.0,0,-1,-1
147,1,259.65,413.00,35.05,114.01,0.9127,2,1,-1
147,2,1285.99,451.63,50.72,123.37,0.9151,2,2,-1
147,4,51.29,424.34,42.08,117.13,0.8835,2,1,-1
147,5,653.16,507.21,66.08,130.84,0.8887,3,0,-1
147,9,334.00,589.04,41.17,141.34,0.9052,3,0,-1
147,10,956.14,489.96,50.87,118.93,0.9038,2,1,-1
147,13,1234.27,430.86,38.13,115.66,0.8992,2,2,-1
147,16,1188.11,517.31,43.69,91.15,0.8439,2,2,-1
147,24,1437.46,464.16,49.17,131.18,0.8748,2,2,-1
147,29,729.63,509.41,34.63,77.48,0.8969,2,2,-1
147,30,1518.85,433.68,35.00,120.50,0.9059,1,3,-1
147,33,1478.13,449.79,38.27,111.24,0.8522,2,2,-1
147,36,1348.61,418.81,55.91,111.09,0.8457,2,2,-1
147,43,1148.22,487.42,44.51,119.47,0.6570,2,-1,-1
147,44,1085.10,492.04,62.00,122.60,0.9116,2,1,-1
147,54,1023.76,525.29,27.94,70.95,0.7375,2,1,-1
148,1,260.02,413.48,34.15,114.73,0.9051,2,1,-1
148,2,1286.12,452.78,50.69,122.05,0.9106,2,2,-1
148,4,52.57,421.73,40.70,117.49,0.8762,2,1,-1
148,5,652.86,507.66,66.40,132.10,0.9025,3,0,-1
148,7,1385.47,487.51,35.84,86.97,0.7359,2,2,-1
148,9,330.64,589.37,42.71,142.29,0.9301,3,0,-1
148,10,959.05,490.90,47.80,109.57,0.6940,2,1,-1
148,13,1233.03,431.62,39.10,116.26,0.9011,2,2,-1
148,22,1094.82,492.32,55.15,124.98,0.8553,2,2,-1
148,24,1439.13,464.89,51.13,131.40,0.8744,2,2,-1
148,29,721.45,478.55,45.50,108.71,0.9268,2,2,-1
148,30,1518.83,435.59,35.09,120.59,0.8951,1,3,-1
148,33,1481.09,453.69,38.05,109.82,0.8863,2,2,-1
148,36,1345.76,418.17,55.69,113.53,0.8563,2,2,-1
148,39,1187.94,488.52,44.60,117.64,0.8575,2,2,-1
148,43,1145.43,487.25,43.30,121.89,0.7542,2,-1,-1
149,1,261.19,413.20,35.52,115.46,0.9136,2,1,-1
149,2,1288.12,453.19,48.83,121.83,0.9124,2,2,-1
149,4,60.18,463.26,26.83,71.72,0.7853,2,1,-1
149,5,650.84,508.71,67.81,131.74,0.9094,3,0,-1
149,9,325.55,590.46,45.80,142.43,0.9307,3,0,-1
149,10,959.09,491.69,49.29,108.16,0.8343,2,1,-1
149,13,1231.16,432.07,39.28,116.40,0.8970,2,2,-1
149,14,1104.33,493.07,46.00,104.41,0.8317,2,1,-1
149,16,1183.44,518.85,47.55,86.91,0.8246,2,2,-1
149,24,1443.45,464.48,50.58,131.71,0.9027,2,2,-1
149,29,720.09,479.63,43.52,104.81,0.9232,2,2,-1
149,30,1518.64,437.95,35.35,118.68,0.8871,1,3,-1
149,33,1484.89,457.09,36.86,106.57,0.8897,2,2,-1
149,36,1345.53,417.82,54.72,110.59,0.8589,2,2,-1
149,43,1147.82,488.85,35.35,118.44,0.8631,2,-1,-1
149,51,66.16,428.59,30.71,50.00,0.6235,3,0,-1
149,54,1032.93,527.06,28.68,72.20,0.6287,2,1,-1
150,1,261.65,413.54,36.22,115.98,0.9172,2,1,-1
150,2,1288.82,454.09,46.74,120.72,0.9127,2,2,-1
150,4,52.21,425.10,40.98,110.24,0.8827,2,1,-1
150,5,650.41,508.34,66.99,127.83,0.8973,3,0,-1
150,9,319.21,590.86,51.97,143.12,0.9399,3,0,-1
150,10,958.89,492.87,48.86,107.19,0.8110,2,1,-1
150,13,1230.36,433.27,39.26,114.95,0.9042,2,2,-1
150,14,1108.65,492.63,33.95,58.78,0.7776,2,1,-1
150,16,1192.55,520.03,42.79,83.08,0.8543,2,2,-1
150,24,1450.43,466.64,47.83,130.72,0.9204,2,2,-1
150,29,714.62,480.73,44.89,102.79,0.9054,2,2,-1
150,30,1517.51,440.63,35.89,117.17,0.8962,1,3,-1
150,33,1489.18,459.85,33.91,103.65,0.8688,2,2,-1
150,36,1341.89,416.09,53.97,112.00,0.8728,2,2,-1
150,42,1381.48,453.97,41.97,122.25,0.8236,2,2,-1
150,43,1149.92,502.85,32.61,107.95,0.6691,2,-1,-1
150,47,1096.53,547.36,29.72,63.46,0.5013,2,1,-1
150,54,1036.22,526.41,28.95,74.67,0.7125,2,1,-1
151,1,262.30,414.60,35.21,115.57,0.9149,2,1,-1
151,2,1289.56,455.15,45.24,120.19,0.9181,2,2,-1
151,4,52.51,425.60,42.22,109.72,0.8954,2,1,-1
151,5,649.66,509.19,68.02,127.87,0.9058,3,0,-1
151,9,314.96,592.66,56.59,142.63,0.9393,3,0,-1
151,10,963.86,492.83,44.13,96.11,0.7109,2,1,-1
151,13,1229.26,435.80,38.54,113.26,0.8933,2,2,-1
151,14,1105.08,492.26,35.65,54.33,0.8078,2,1,-1
151,16,1194.09,521.25,40.19,81.27,0.8751,2,2,-1
151,24,1455.53,468.80,48.16,128.93,0.9186,2,2,-1
151,29,711.36,480.48,43.68,104.02,0.9158,2,2,-1
151,30,1516.44,444.22,36.06,114.15,0.8887,1,3,-1
151,36,1338.20,415.43,53.66,103.43,0.8627,2,2,-1
151,42,1381.31,457.76,38.72,118.59,0.8267,2,2,-1
151,43,1146.62,490.17,37.48,122.54,0.7125,2,1,-1
151,54,1017.52,522.91,45.21,80.86,0.7880,2,1,-1
151,0,477.65,341.54,14.14,14.79,1.0,0,-1,-1
152,1,262.88,415.39,35.02,114.83,0.7096,2,1,-1
152,2,1290.02,456.01,44.50,119.62,0.9169,2,2,-1
152,4,52.12,425.67,43.41,110.08,0.9133,2,1,-1
152,5,650.87,510.05,67.18,128.08,0.9251,3,0,-1
152,9,312.81,593.59,59.83,144.55,0.9277,3,0,-1
152,10,962.23,493.75,45.93,106.09,0.8203,2,-1,-1
152,13,1228.45,436.02,38.63,113.62,0.8893,2,2,-1
152,16,1193.71,524.74,39.34,79.68,0.8838,2,2,-1
152,22,1099.26,492.80,43.93,99.29,0.8517,2,2,-1
152,24,1458.86,469.48,50.11,129.82,0.9266,2,2,-1
152,29,709.45,478.18,43.31,105.85,0.9163,2,2,-1
152,30,1516.29,451.45,36.68,107.56,0.8822,1,3,-1
152,36,1339.98,415.74,48.79,83.27,0.8135,2,2,-1
152,42,1380.65,456.98,38.59,120.21,0.8212,2,2,-1
152,43,1139.52,488.75,51.40,126.14,0.8646,2,1,-1
152,54,1020.04,521.83,51.77,77.07,0.8436,2,1,-1
153,1,263.23,417.02,35.11,115.42,0.9251,2,1,-1
153,2,1289.17,456.50,44.64,119.92,0.9102,2,2,-1
153,3,1253.79,419.50,44.26,99.16,0.8819,2,2,-1
153,4,51.94,424.27,43.66,111.91,0.9170,2,1,-1
153,5,652.28,510.88,66.12,128.87,0.9273,3,0,-1
153,9,313.13,594.16,59.68,144.86,0.9250,3,0,-1
153,10,962.58,490.18,47.33,110.05,0.8761,3,0,-1
153,12,1193.57,499.30,29.64,76.27,0.7326,2,2,-1
153,24,1460.95,467.33,53.50,132.73,0.9211,2,2,-1
153,29,706.62,475.21,45.19,109.37,0.9130,2,2,-1
153,36,1337.99,416.75,56.01,96.46,0.8012,2,2,-1
153,37,1516.82,474.47,39.27,87.39,0.8003,2,2,-1
153,42,1379.97,458.31,37.94,119.69,0.8095,2,2,-1
153,43,1137.44,490.33,57.81,125.36,0.8610,2,1,-1
153,44,1095.97,493.27,48.29,114.82,0.8717,2,1,-1
153,0,1015.19,636.73,15.91,20.01,1.0,0,-1,-1
154,1,263.45,417.26,35.91,116.16,0.9257,2,1,-1
154,2,1288.22,457.10,44.37,120.00,0.9042,2,2,-1
154,4,52.04,422.97,42.80,113.02,0.9235,2,1,-1
154,5,655.91,511.02,62.98,126.97,0.9216,3,0,-1
154,7,1376.45,481.58,40.89,96.81,0.6674,2,2,-1
154,8,1045.62,526.12,43.87,75.95,0.5852,2,2,-1
154,9,313.15,595.70,58.99,144.46,0.9249,3,0,-1
154,10,961.62,487.75,50.01,115.94,0.9085,3,0,-1
154,13,1228.40,436.13,38.36,115.86,0.8898,2,2,-1
154,22,1098.47,490.05,43.35,106.07,0.8948,2,2,-1
154,24,1461.64,472.88,56.56,128.27,0.9251,2,2,-1
154,29,702.99,474.25,48.39,110.38,0.9196,2,2,-1
154,36,1333.99,418.47,59.99,107.22,0.8600,2,2,-1
154,37,1521.01,486.63,33.29,71.97,0.7029,2,2,-1
154,39,1186.23,497.87,45.76,107.33,0.8303,2,2,-1
154,43,1136.05,491.38,58.73,124.87,0.8514,2,1,-1
154,55,1026.25,601.46,43.42,55.64,0.7069,2,-1,-1
155,1,263.14,418.01,36.18,115.56,0.9220,2,1,-1
155,2,1288.30,459.03,43.97,118.34,0.9018,2,2,-1
155,4,51.90,420.59,42.11,115.78,0.9178,2,1,-1
155,5,658.19,511.47,59.96,128.46,0.9170,3,0,-1
155,6,959.50,487.25,54.85,89.04,0.9014,2,1,-1
155,8,1060.16,528.49,34.93,72.50,0.7032,2,2,-1
155,9,313.23,597.44,56.58,144.49,0.9278,3,0,-1
155,13,1227.95,437.69,38.16,115.12,0.8795,2,2,-1
155,24,1462.04,473.91,59.28,128.04,0.9257,2,2,-1
155,36,1337.10,421.31,53.93,103.41,0.8773,2,2,-1
155,37,1524.26,498.31,28.91,62.80,0.7758,2,2,-1
155,39,1188.39,496.04,47.20,114.46,0.7564,2,2,-1
155,42,1376.07,457.49,40.89,123.11,0.8795,2,2,-1
155,43,1144.85,491.59,55.48,123.58,0.8534,2,1,-1
155,44,1097.36,488.71,41.10,116.07,0.8894,2,1,-1
155,56,1320.56,539.66,14.57,38.96,0.7638,2,-1,-1
155,0,1039.11,636.02,22.93,21.94,1.0,0,-1,-1
156,1,263.16,418.06,35.24,116.39,0.9229,2,1,-1
156,2,1287.24,459.52,42.32,116.50,0.8894,2,2,-1
156,4,52.14,419.99,41.05,114.11,0.9091,2,1,-1
156,5,659.38,512.24,57.39,128.98,0.9198,3,0,-1
156,6,961.79,486.89,53.74,88.36,0.8693,2,1,-1
156,9,312.66,598.25,57.62,144.57,0.9398,3,0,-1
156,13,1227.55,438.30,38.50,115.08,0.8802,2,2,-1
156,24,1462.34,475.06,60.84,127.96,0.9277,2,2,-1
156,29,700.43,474.51,49.14,108.64,0.8848,2,2,-1
156,36,1345.04,425.93,44.43,99.57,0.9069,2,2,-1
156,37,1527.34,501.84,27.18,61.29,0.6244,2,2,-1
156,42,1377.92,459.09,38.71,121.82,0.8897,2,2,-1
156,43,1147.28,492.49,55.15,122.37,0.8853,2,1,-1
156,44,1096.30,488.05,41.46,122.53,0.8467,2,1,-1
156,47,1074.73,530.92,23.79,76.84,0.8270,2,1,-1
156,56,1320.26,540.48,15.03,40.76,0.8556,2,-1,-1
157,1,263.65,418.81,35.73,116.82,0.9113,2,1,-1
157,2,1286.81,461.52,44.79,116.14,0.8940,2,2,-1
157,3,1253.41,448.81,37.59,72.73,0.8214,2,2,-1
157,4,50.89,420.45,41.33,113.98,0.9111,2,1,-1
157,5,659.31,513.09,55.15,128.85,0.9194,3,0,-1
157,6,966.44,487.71,42.65,68.51,0.5607,2,1,-1
157,9,311.39,598.94,59.18,145.38,0.9355,3,0,-1
157,22,1098.67,487.41,34.02,81.42,0.7412,2,2,-1
157,24,1463.58,477.09,59.69,126.88,0.9302,2,2,-1
157,29,698.48,475.56,49.94,106.46,0.8874,2,2,-1
157,36,1346.83,428.77,41.28,98.68,0.9065,2,2,-1
157,42,1377.88,460.40,37.47,121.14,0.8839,2,2,-1
157,43,1152.44,496.40,56.13,118.51,0.8548,2,1,-1
157,44,1103.77,552.33,19.19,55.38,0.6937,2,1,-1
157,47,1052.53,530.17,50.91,130.24,0.8860,2,1,-1
157,56,1319.56,541.56,15.21,38.91,0.8321,2,-1,-1
158,1,264.43,420.17,36.25,116.00,0.7644,2,1,-1
158,2,1282.25,463.95,52.13,116.37,0.9215,2,2,-1
158,4,49.36,422.40,41.01,110.64,0.9142,2,1,-1
158,5,661.10,514.19,51.94,130.34,0.9182,3,0,-1
158,6,965.98,488.27,43.47,66.81,0.6753,2,1,-1
158,9,308.92,598.34,60.61,146.95,0.9385,3,0,-1
158,13,1225.69,441.66,38.75,114.33,0.8286,2,2,-1
158,16,1193.98,569.23,29.22,55.23,0.7867,2,2,-1
158,22,1096.75,487.82,37.44,81.56,0.8793,2,2,-1
158,24,1463.39,478.69,59.73,127.05,0.9261,2,2,-1
158,33,1512.82,471.15,35.74,108.21,0.8618,2,2,-1
158,36,1344.00,432.74,41.32,97.30,0.8922,2,2,-1
158,42,1375.13,462.80,38.12,118.25,0.9020,2,2,-1
158,43,1154.22,500.99,52.33,116.14,0.7059,2,1,-1
158,47,1053.03,536.30,61.66,125.68,0.9335,2,1,-1
159,1,262.65,422.95,35.76,114.54,0.6991,2,1,-1
159,2,1274.71,465.58,59.22,116.86,0.9333,2,2,-1
159,4,47.35,424.11,41.27,109.48,0.9149,2,1,-1
159,6,964.66,489.77,49.26,68.16,0.8515,2,1,-1
159,9,305.77,600.24,56.40,146.01,0.9333,3,0,-1
159,13,1225.87,442.44,32.60,82.90,0.8089,2,2,-1
159,22,1091.58,488.55,40.31,76.07,0.8660,2,2,-1
159,24,1465.89,480.21,58.37,126.63,0.9292,2,2,-1
159,29,695.10,478.71,53.49,106.02,0.9216,2,2,-1
159,30,1516.62,503.05,32.92,78.68,0.8652,1,3,-1
159,36,1338.55,434.16,41.92,98.99,0.8942,2,2,-1
159,39,1172.67,500.32,45.73,117.42,0.8052,2,2,-1
159,42,1373.06,462.85,39.56,119.44,0.9021,2,2,-1
159,47,1054.72,547.44,67.60,113.98,0.9205,2,1,-1
160,1,259.97,424.11,35.36,113.64,0.8748,2,1,-1
160,2,1270.36,465.82,63.30,118.55,0.9249,2,2,-1
160,4,46.46,424.64,41.81,109.87,0.9138,2,1,-1
160,5,658.67,517.03,50.79,130.36,0.9236,3,0,-1
160,6,965.75,490.45,47.53,64.18,0.6365,2,1,-1
160,9,303.48,602.50,53.07,144.84,0.9374,3,0,-1
160,13,1222.90,441.05,35.79,89.16,0.7725,2,2,-1
160,24,1466.55,480.43,57.10,127.21,0.9339,2,2,-1
160,30,1513.82,507.70,37.17,77.64,0.8759,1,3,-1
160,36,1335.16,435.95,43.95,100.26,0.9065,2,2,-1
160,42,1371.23,465.05,39.58,117.77,0.8829,2,2,-1
160,43,1156.11,493.35,50.79,126.77,0.7248,2,1,-1
160,47,1056.87,542.18,73.69,121.58,0.8878,2,1,-1
161,1,257.59,442.56,31.22,96.27,0.8403,2,-1,-1
161,2,1268.15,465.80,62.30,117.73,0.9262,2,2,-1
161,4,45.12,425.02,41.23,110.86,0.8732,2,1,-1
161,5,657.31,518.18,52.53,129.94,0.9230,3,0,-1
161,9,300.91,603.16,49.37,141.87,0.9346,3,0,-1
161,10,973.03,490.09,46.69,105.85,0.9063,3,0,-1
161,13,1220.87,446.88,34.74,87.69,0.8143,2,2,-1
161,24,1474.04,482.33,51.36,125.77,0.9210,2,2,-1
161,30,1517.09,509.73,37.05,77.78,0.8370,1,3,-1
161,36,1328.69,433.98,46.72,104.62,0.8925,2,2,-1
161,42,1367.57,461.02,42.73,123.80,0.8915,2,2,-1
161,43,1146.36,493.78,43.35,81.93,0.7920,2,1,-1
161,47,1062.26,545.23,78.67,118.88,0.9124,2,1,-1
162,1,254.27,427.99,35.89,112.67,0.8828,1,3,-1
162,2,1264.67,465.85,60.55,117.81,0.9199,2,2,-1
162,4,43.56,424.32,39.99,112.09,0.8937,2,1,-1
162,5,655.74,519.74,52.79,129.95,0.9298,3,0,-1
162,9,296.84,605.66,50.46,145.07,0.9321,3,0,-1
162,10,974.40,488.69,47.86,113.99,0.9190,3,0,-1
162,13,1217.69,444.10,49.17,116.64,0.7650,2,2,-1
162,24,1476.81,481.06,48.97,129.09,0.9129,2,2,-1
162,30,1517.54,510.36,37.33,80.51,0.7594,1,3,-1
162,36,1325.18,434.14,44.42,106.10,0.8869,2,2,-1
162,39,1175.60,502.99,58.12,125.03,0.8695,2,2,-1
162,42,1363.40,465.61,44.87,120.17,0.9072,2,2,-1
162,47,1071.40,532.48,76.98,126.69,0.9002,2,1,-1
163,1,249.51,426.15,39.80,115.98,0.9042,1,3,-1
163,2,1259.15,464.53,59.67,119.42,0.9043,2,2,-1
163,4,42.38,424.11,38.76,112.55,0.9012,2,1,-1
163,5,653.20,521.16,51.22,129.57,0.9320,3,0,-1
163,9,293.22,608.11,50.08,144.90,0.9351,3,0,-1
163,10,975.34,487.58,45.83,112.99,0.9225,3,0,-1
163,13,1206.56,471.15,23.24,54.97,0.7685,2,2,-1
163,24,1475.86,481.03,48.41,130.10,0.9186,2,2,-1
163,33,1521.94,479.35,33.41,114.89,0.8718,2,2,-1
163,36,1320.34,438.97,40.26,103.02,0.8991,2,2,-1
163,39,1173.61,503.40,60.47,124.36,0.8982,2,2,-1
163,42,1359.82,469.40,45.94,117.81,0.9124,2,2,-1
163,47,1071.31,487.78,57.09,100.73,0.8882,2,1,-1
164,1,243.81,427.15,44.68,115.46,0.9219,1,3,-1
164,2,1251.36,464.13,59.09,120.33,0.8969,2,2,-1
164,3,1213.20,449.46,41.11,86.63,0.8252,2,2,-1
164,4,40.22,425.57,37.56,110.18,0.9068,2,1,-1
164,5,649.98,522.92,51.12,130.43,0.9347,3,0,-1
164,9,287.98,609.51,50.68,144.19,0.9282,3,0,-1
164,10,975.03,487.23,45.21,111.19,0.9041,3,0,-1
164,12,1132.81,491.94,42.56,96.44,0.7884,2,2,-1
164,24,1472.88,482.39,50.37,130.71,0.9253,2,2,-1
164,33,1521.19,482.67,34.30,113.76,0.8863,2,2,-1
164,36,1308.77,447.37,45.17,96.28,0.8836,2,2,-1
164,39,1169.56,506.78,61.91,122.31,0.8968,2,2,-1
164,42,1355.17,470.31,46.71,118.06,0.9169,2,2,-1
164,47,1069.71,485.47,54.29,113.82,0.8925,2,1,-1
165,1,236.35,428.72,44.59,115.70,0.6193,1,3,-1
165,2,1245.94,463.86,55.51,121.39,0.8971,2,2,-1
165,3,1206.35,447.24,39.48,87.19,0.7500,2,2,-1
165,4,35.97,427.10,36.83,108.46,0.9243,2,1,-1
165,5,646.08,524.52,50.75,129.96,0.9225,3,0,-1
165,9,281.49,611.27,51.40,142.14,0.9255,3,0,-1
165,10,974.28,487.55,43.69,108.66,0.9074,3,0,-1
165,24,1468.61,485.15,53.88,129.72,0.9282,2,2,-1
165,33,1519.40,486.35,35.49,112.21,0.8901,2,2,-1
165,36,1294.83,443.13,54.07,101.42,0.9077,2,2,-1
165,39,1172.49,507.75,57.89,125.09,0.9105,2,2,-1
165,42,1351.08,470.29,47.04,119.42,0.9099,2,2,-1
165,43,1126.65,492.03,50.40,91.69,0.8890,2,1,-1
165,47,1069.50,484.85,50.18,113.40,0.8348,2,1,-1
166,1,231.62,429.72,50.05,115.73,0.8882,1,3,-1
166,2,1241.76,464.32,53.70,118.96,0.8937,2,2,-1
166,3,1201.43,450.44,37.75,84.87,0.6760,2,2,-1
166,4,31.63,430.57,36.75,106.49,0.9235,2,1,-1
166,9,274.24,613.00,51.95,143.03,0.9269,3,0,-1
166,10,971.55,488.50,44.17,110.46,0.9113,3,0,-1
166,14,1119.52,492.85,43.07,67.28,0.8411,2,1,-1
166,24,1463.83,485.69,59.00,131.29,0.9172,2,2,-1
166,29,660.47,478.52,48.48,110.28,0.9121,2,2,-1
166,33,1518.53,488.21,37.46,111.39,0.9025,2,2,-1
166,36,1286.81,448.71,58.52,97.48,0.9055,2,2,-1
166,39,1181.18,509.43,52.88,120.16,0.8711,2,2,-1
166,42,1346.21,473.00,46.05,116.98,0.9200,2,2,-1
166,43,1111.82,536.04,65.51,123.30,0.7360,2,1,-1
166,47,1071.05,485.44,43.96,110.29,0.9155,2,1,-1
167,1,223.84,430.89,49.72,115.56,0.7472,1,3,-1
167,3,1174.52,457.94,35.78,97.06,0.8517,2,2,-1
167,4,25.57,433.64,38.66,103.90,0.9227,2,1,-1
167,5,638.41,527.19,50.70,128.78,0.9169,3,0,-1
167,9,265.92,615.03,53.98,144.78,0.9256,3,0,-1
167,10,969.67,488.31,41.86,108.68,0.9001,3,0,-1
167,12,1112.45,493.05,43.64,110.35,0.8710,2,2,-1
167,24,1459.94,491.67,61.38,126.61,0.9135,2,2,-1
167,33,1516.84,489.81,38.94,113.55,0.8857,2,2,-1
167,36,1274.05,448.65,65.55,98.23,0.8987,2,2,-1
167,39,1192.48,517.36,48.30,111.76,0.8781,2,2,-1
167,42,1339.72,474.39,46.35,116.31,0.9193,2,2,-1
167,43,1127.54,593.65,41.77,69.89,0.7212,2,1,-1
167,47,1069.76,485.66,44.05,108.31,0.9038,2,-1,-1
168,1,218.20,431.20,50.57,115.84,0.9315,1,3,-1
168,3,1164.20,461.00,33.84,93.26,0.8318,2,2,-1
168,4,18.21,435.79,42.49,102.06,0.9358,2,1,-1
168,9,258.45,616.49,55.36,143.35,0.9401,3,0,-1
168,10,968.71,488.28,40.67,110.17,0.8907,3,0,-1
168,24,1456.70,494.60,63.65,124.45,0.9161,2,2,-1
168,29,647.56,479.90,47.72,105.11,0.9047,2,2,-1
168,33,1518.77,491.44,38.02,115.26,0.8783,2,2,-1
168,36,1262.23,443.96,74.55,106.86,0.9056,2,2,-1
168,39,1194.33,513.78,44.93,115.57,0.8720,2,2,-1
168,42,1334.42,474.27,47.25,117.06,0.9227,2,2,-1
168,43,1121.96,533.92,67.98,132.18,0.9241,2,1,-1
168,47,1063.69,483.94,45.22,112.44,0.8966,3,0,-1
169,1,211.70,432.10,51.33,116.12,0.9289,1,3,-1
169,4,10.63,436.26,43.91,101.67,0.9290,2,1,-1
169,5,627.58,530.58,48.61,126.89,0.8789,3,0,-1
169,7,1326.51,477.60,53.24,114.28,0.9195,2,2,-1
169,9,250.86,618.28,56.12,145.05,0.9315,3,0,-1
169,10,968.35,486.88,39.58,104.22,0.8998,3,0,-1
169,12,1101.50,489.57,42.97,116.97,0.8677,2,2,-1
169,13,1175.77,460.56,38.61,76.29,0.8503,2,2,-1
169,24,1455.65,493.70,62.49,125.76,0.9394,2,2,-1
169,33,1519.87,491.25,39.25,117.37,0.8788,2,2,-1
169,36,1253.40,444.64,78.01,106.00,0.9301,2,2,-1
169,39,1195.08,513.30,42.49,117.90,0.9180,2,2,-1
169,43,1126.39,534.11,67.08,132.84,0.9112,2,1,-1
169,47,1059.95,480.15,44.64,120.17,0.9066,3,0,-1
170,1,204.56,432.54,52.46,116.65,0.9380,1,3,-1
170,4,3.49,435.02,44.62,102.69,0.9254,2,1,-1
170,7,1321.76,479.16,55.49,113.43,0.9240,2,2,-1
170,9,242.80,619.75,58.12,145.50,0.9351,3,0,-1
170,10,968.75,485.04,38.95,104.72,0.9040,3,0,-1
170,12,1093.81,486.91,46.00,119.44,0.8517,2,2,-1
170,13,1163.22,458.51,49.72,87.31,0.8690,2,2,-1
170,24,1455.81,493.98,61.37,126.03,0.9361,2,2,-1
170,29,632.91,477.91,46.07,106.10,0.9044,2,2,-1
170,30,1523.33,545.16,36.46,63.66,0.8755,1,3,-1
170,36,1248.39,445.45,76.09,105.13,0.8988,2,2,-1
170,39,1194.60,513.40,48.99,118.95,0.9245,2,2,-1
170,43,1134.17,539.14,63.22,131.02,0.8090,2,1,-1
170,47,1052.93,477.24,44.13,112.17,0.8419,3,0,-1
171,1,197.74,432.78,53.09,116.53,0.9398,1,3,-1
171,4,-0.60,433.03,42.63,104.00,0.9202,2,1,-1
171,7,1318.75,479.31,57.19,114.10,0.9293,2,2,-1
171,9,235.36,620.50,58.03,146.86,0.9319,3,0,-1
171,10,971.53,482.98,41.88,105.03,0.9211,3,0,-1
171,12,1089.67,485.15,43.60,119.09,0.8767,2,2,-1
171,13,1154.13,455.37,63.46,98.20,0.8609,2,2,-1
171,24,1456.52,492.44,59.82,127.02,0.9283,2,2,-1
171,29,628.50,476.31,37.96,84.71,0.8455,2,2,-1
171,33,1525.40,497.68,38.58,112.64,0.8879,2,2,-1
171,36,1240.10,447.16,57.65,84.79,0.8881,2,2,-1
171,39,1193.21,511.26,56.19,121.23,0.9075,2,2,-1
171,43,1146.61,537.62,50.11,102.86,0.6138,2,1,-1
171,47,1050.41,474.57,46.07,116.31,0.8628,3,0,-1
172,1,189.37,433.42,54.86,116.94,0.9370,1,3,-1
172,4,-1.49,432.87,35.75,104.94,0.9235,2,1,-1
172,5,612.40,533.33,47.55,127.42,0.9014,3,0,-1
172,7,1314.96,479.49,58.86,114.37,0.9316,2,2,-1
172,9,227.38,622.61,57.52,146.36,0.9355,3,0,-1
172,10,972.70,482.84,43.52,102.30,0.9239,3,0,-1
172,12,1085.30,481.30,40.87,120.54,0.8592,2,2,-1
172,13,1145.54,454.77,72.90,104.83,0.8812,2,2,-1
172,24,1455.84,492.50,58.87,127.90,0.9268,2,2,-1
172,29,633.51,477.27,33.83,79.08,0.7130,2,2,-1
172,33,1528.29,500.35,38.23,111.32,0.9014,2,2,-1
172,36,1232.88,449.55,51.76,82.70,0.8343,2,2,-1
172,39,1197.83,510.67,57.33,121.15,0.8982,2,2,-1
172,43,1155.05,536.88,47.69,100.03,0.8039,2,1,-1
172,47,1048.92,472.80,44.01,109.68,0.8683,3,0,-1
172,57,1113.89,438.61,39.30,83.36,0.8706,2,-1,-1
173,1,182.67,433.33,54.20,116.98,0.9387,1,3,-1
173,3,1134.05,454.39,48.43,107.97,0.8436,2,2,-1
173,4,-2.15,431.94,28.42,105.17,0.9095,2,1,-1
173,5,607.45,535.72,47.04,126.42,0.8019,3,0,-1
173,7,1310.45,479.50,58.90,113.06,0.9192,2,2,-1
173,9,220.33,622.79,56.22,146.12,0.9244,3,0,-1
173,10,970.70,482.63,45.77,103.33,0.9211,3,0,-1
173,11,1281.40,520.95,40.74,79.78,0.7227,2,2,-1
173,12,1079.38,478.61,40.63,120.51,0.8452,2,2,-1
173,24,1453.26,494.09,60.03,126.10,0.9263,2,2,-1
173,29,616.54,477.60,33.42,79.06,0.8210,2,2,-1
173,33,1531.77,501.09,37.79,111.86,0.9027,2,2,-1
173,36,1227.03,450.70,43.82,74.27,0.8554,2,2,-1
173,39,1198.30,511.96,57.70,118.31,0.8760,2,2,-1
173,43,1157.19,536.53,56.72,132.65,0.8108,2,1,-1
173,47,1045.60,473.11,41.87,100.35,0.8815,3,0,-1
173,57,1105.84,435.46,38.49,86.86,0.8555,2,-1,-1
174,1,175.03,433.01,54.91,117.48,0.9255,1,3,-1
174,3,1125.31,454.94,54.79,108.05,0.8403,2,2,-1
174,4,-4.04,435.34,23.34,101.58,0.8284,2,1,-1
174,5,602.01,533.72,46.60,128.88,0.8341,3,0,-1
174,7,1303.87,478.67,60.14,112.77,0.9213,2,2,-1
174,9,210.07,622.94,55.78,147.40,0.9234,3,0,-1
174,10,969.35,482.00,46.49,104.33,0.9156,3,0,-1
174,11,1291.80,565.30,35.67,66.21,0.5524,2,2,-1
174,12,1076.68,472.19,42.28,124.40,0.8525,2,2,-1
174,24,1448.38,492.80,63.79,128.22,0.9326,2,2,-1
174,29,623.16,478.39,31.44,78.18,0.7045,2,2,-1
174,33,1535.75,497.71,38.19,114.58,0.9029,2,2,-1
174,36,1199.59,477.54,39.01,51.66,0.8664,2,2,-1
174,39,1209.60,504.74,51.77,123.29,0.8929,2,2,-1
174,43,1166.41,535.66,53.49,131.04,0.8542,2,1,-1
174,47,1042.98,472.04,41.05,97.39,0.8647,3,0,-1
175,1,167.94,432.22,53.45,118.25,0.9325,1,3,-1
175,3,1117.15,454.74,60.09,109.13,0.9002,2,2,-1
175,5,597.85,532.95,47.08,129.85,0.8638,3,0,-1
175,7,1291.26,479.44,57.55,106.55,0.8398,2,2,-1
175,9,200.82,622.93,54.66,146.57,0.9190,3,0,-1
175,10,965.63,480.82,54.07,103.39,0.9236,3,0,-1
175,12,1069.91,469.68,44.04,124.53,0.9141,2,2,-1
175,24,1446.78,493.65,65.39,127.57,0.9319,2,2,-1
175,29,605.09,479.90,32.44,75.25,0.8461,2,2,-1
175,33,1539.31,494.97,38.46,117.48,0.9093,2,2,-1
175,36,1196.91,455.45,51.47,67.97,0.7237,2,2,-1
175,43,1174.89,536.71,70.28,130.04,0.9164,2,1,-1
175,47,1036.41,471.27,41.04,91.18,0.8968,3,0,-1
175,56,1303.16,585.34,26.11,52.31,0.5600,2,-1,-1
176,1,160.78,432.28,51.80,117.52,0.9348,1,3,-1
176,2,1206.98,452.69,37.92,69.09,0.8072,2,2,-1
176,5,591.72,532.53,46.53,131.23,0.8874,3,0,-1
176,7,1279.68,482.22,40.80,67.43,0.8802,2,2,-1
176,9,190.19,623.16,50.60,145.30,0.8938,3,0,-1
176,12,1064.70,469.91,47.53,121.89,0.8895,2,2,-1
176,14,1128.50,487.64,46.31,74.84,0.8757,2,1,-1
176,24,1441.16,496.87,70.35,126.01,0.9315,2,2,-1
176,33,1540.50,492.99,41.33,120.43,0.9212,2,2,-1
176,43,1180.65,539.40,78.28,127.31,0.9151,2,1,-1
176,47,1029.60,469.02,42.04,91.86,0.8477,3,0,-1
176,54,960.17,479.23,59.45,94.71,0.8801,2,1,-1
176,56,1307.34,591.81,21.97,45.99,0.6136,2,-1,-1
177,1,152.59,430.30,48.10,119.58,0.9361,1,3,-1
177,2,1188.49,472.35,50.50,94.09,0.7652,2,2,-1
177,3,1091.28,451.95,78.21,110.89,0.9254,2,2,-1
177,5,583.54,532.49,49.33,131.05,0.8861,3,0,-1
177,9,181.86,623.33,47.86,151.24,0.9144,2,-1,-1
177,22,1022.80,465.25,51.03,106.71,0.7896,2,2,-1
177,24,1434.75,497.79,76.92,125.48,0.9353,2,2,-1
177,33,1544.21,495.05,42.13,119.15,0.9225,2,2,-1
177,42,1271.11,483.74,48.59,84.47,0.8688,2,2,-1
177,43,1187.11,542.98,79.98,120.43,0.8982,2,1,-1
177,54,955.36,478.43,56.61,90.54,0.9053,2,1,-1
178,1,145.57,429.69,46.72,119.92,0.9382,1,3,-1
178,2,1183.32,447.65,47.31,97.18,0.7416,2,2,-1
178,3,1082.59,449.95,80.16,115.24,0.9171,2,2,-1
178,5,575.92,532.49,55.21,132.50,0.8935,3,0,-1
178,9,172.81,624.42,44.83,146.80,0.8709,2,1,-1
178,10,951.95,477.40,50.08,98.75,0.8819,3,0,-1
178,22,1012.53,463.08,50.79,110.07,0.8313,2,-1,-1
178,24,1422.69,497.98,85.73,124.72,0.9374,2,2,-1
178,29,579.64,479.63,35.19,77.41,0.8004,2,2,-1
178,33,1552.81,491.28,39.52,124.70,0.8954,2,2,-1
178,39,1224.38,501.18,52.57,125.76,0.9049,2,2,-1
178,42,1267.32,484.05,55.22,100.92,0.8833,2,2,-1
178,43,1307.14,508.17,65.41,102.46,0.8451,2,1,-1
178,56,1309.62,588.92,19.48,44.98,0.5698,2,-1,-1
179,1,136.24,428.15,41.31,121.86,0.9259,1,3,-1
179,2,1182.49,471.00,46.88,102.61,0.8429,2,2,-1
179,3,1075.45,448.96,74.67,110.44,0.9145,2,2,-1
179,5,570.47,531.24,56.26,134.19,0.8844,3,0,-1
179,8,1047.27,496.62,43.09,85.98,0.6741,2,2,-1
179,9,162.28,622.95,48.34,150.74,0.9330,2,1,-1
179,10,952.49,477.30,48.41,96.73,0.8185,3,0,-1
179,22,1001.29,462.80,48.94,105.74,0.7688,2,1,-1
179,24,1411.59,498.25,96.19,124.54,0.9327,2,2,-1
179,33,1555.72,494.47,38.34,122.72,0.8777,2,2,-1
179,39,1193.75,547.56,69.84,116.49,0.8887,2,2,-1
179,42,1261.64,483.23,60.46,103.42,0.9110,2,2,-1
179,43,1306.62,505.08,72.87,127.85,0.9200,2,1,-1
179,57,1048.15,431.86,27.86,57.75,0.8169,2,-1,-1
180,1,127.12,427.34,36.72,122.09,0.9205,1,3,-1
180,3,1069.78,459.10,68.05,100.43,0.6467,2,2,-1
180,5,562.83,533.73,60.82,131.08,0.9148,3,0,-1
180,6,946.72,479.50,50.35,67.84,0.6712,2,1,-1
180,9,147.11,623.74,54.22,154.73,0.9387,2,1,-1
180,13,1155.84,469.76,51.89,80.84,0.8584,2,2,-1
180,24,1403.04,498.34,102.97,123.50,0.9312,2,2,-1
180,29,563.39,476.87,40.34,80.34,0.8805,2,2,-1
180,33,1558.12,498.97,40.14,120.15,0.9054,2,2,-1
180,39,1182.54,546.77,71.96,108.01,0.8595,2,2,-1
180,42,1253.64,480.50,72.95,113.09,0.9212,2,2,-1
180,43,1310.15,504.38,68.62,126.43,0.9171,2,1,-1
180,57,1028.94,428.62,43.90,94.70,0.5577,2,2,-1
181,1,119.10,426.48,33.84,121.98,0.9060,1,3,-1
181,5,562.92,533.78,57.64,131.13,0.9204,3,0,-1
181,9,131.55,625.80,60.89,154.74,0.9316,2,1,-1
181,10,946.23,483.65,46.21,89.50,0.8151,3,0,-1
181,12,1043.78,463.40,44.33,107.46,0.7060,2,2,-1
181,13,1145.85,470.26,55.06,83.15,0.8328,2,2,-1
181,24,1394.62,497.73,103.73,123.35,0.9325,2,2,-1
181,33,1566.11,504.26,39.19,113.14,0.9002,2,2,-1
181,37,1460.09,464.19,35.12,65.06,0.7287,2,2,-1
181,39,1175.28,542.94,76.16,110.90,0.8980,2,2,-1
181,42,1241.02,512.09,70.43,115.19,0.9067,2,2,-1
181,43,1311.39,503.69,68.63,126.96,0.9171,2,1,-1
181,44,1025.96,427.15,30.31,81.71,0.6136,2,1,-1
181,47,998.82,465.22,32.07,69.11,0.6393,3,0,-1
182,1,111.20,425.41,32.96,123.08,0.8947,1,3,-1
182,2,1160.55,471.59,50.48,103.21,0.8705,2,2,-1
182,5,554.03,535.12,56.34,130.02,0.9272,3,0,-1
182,7,1234.46,481.00,42.74,62.60,0.8533,2,2,-1
182,9,118.72,626.85,68.59,155.05,0.9412,2,1,-1
182,10,940.00,482.58,50.32,91.06,0.8931,3,0,-1
182,22,999.90,477.71,42.46,89.66,0.6126,2,1,-1
182,24,1391.45,496.63,98.47,123.54,0.9263,2,2,-1
182,33,1567.67,504.62,45.15,114.29,0.9153,2,2,-1
182,42,1242.51,516.65,75.74,111.94,0.9095,2,2,-1
182,43,1309.07,504.19,64.07,107.14,0.9090,2,1,-1
182,55,1040.83,537.38,27.73,45.80,0.8004,2,-1,-1
183,1,102.71,425.02,33.06,122.26,0.9195,1,3,-1
183,2,1157.47,471.64,50.33,103.80,0.8887,2,2,-1
183,5,549.66,534.29,54.30,131.96,0.9202,3,0,-1
183,7,1227.00,480.70,40.95,70.55,0.8807,2,2,-1
183,9,111.23,629.11,69.25,154.91,0.9414,2,1,-1
183,10,933.27,481.41,54.27,91.83,0.9182,3,0,-1
183,12,1040.82,472.45,38.63,99.61,0.8012,2,2,-1
183,16,1136.03,511.50,20.13,44.00,0.7978,2,2,-1
183,22,981.39,466.65,24.67,45.43,0.6002,2,1,-1
183,24,1387.90,495.59,89.80,124.77,0.9229,2,2,-1
183,33,1573.24,507.24,48.87,114.55,0.9227,2,2,-1
183,42,1241.12,521.71,80.21,106.24,0.9226,2,2,-1
183,43,1451.43,460.29,49.69,110.69,0.8801,2,1,-1
183,44,1007.18,420.02,31.04,72.54,0.7854,2,1,-1
183,55,1020.84,496.87,34.88,63.11,0.5999,2,-1,-1
184,1,92.17,423.30,35.76,123.37,0.9160,1,3,-1
184,2,1155.51,468.60,48.40,107.58,0.8863,2,2,-1
184,5,546.15,533.98,52.49,132.98,0.9324,3,0,-1
184,7,1218.71,481.73,43.02,82.25,0.8398,2,2,-1
184,9,105.61,629.33,72.33,156.34,0.9380,2,1,-1
184,10,927.67,482.73,57.61,88.97,0.9225,3,0,-1
184,12,1040.82,474.51,35.91,90.03,0.8436,2,2,-1
184,16,1135.60,510.01,20.08,44.24,0.5729,2,2,-1
184,22,971.62,463.54,23.37,40.14,0.6162,2,1,-1
184,24,1393.04,494.20,74.35,125.82,0.9103,2,2,-1
184,29,537.04,468.03,36.30,92.95,0.8975,2,2,-1
184,33,1575.83,503.15,55.68,122.15,0.9244,2,2,-1
184,39,1177.24,533.22,74.79,114.97,0.6162,2,2,-1
184,42,1245.93,522.97,77.17,105.48,0.9256,2,2,-1
184,43,1458.86,460.83,40.19,106.91,0.8958,2,1,-1
184,44,996.88,417.28,33.29,75.89,0.7667,2,1,-1
184,55,1016.23,490.40,33.37,65.07,0.6276,2,-1,-1
185,1,83.17,422.53,39.22,124.54,0.9146,1,3,-1
185,2,1157.48,469.41,47.29,105.08,0.8789,2,2,-1
185,5,541.71,533.18,53.17,133.76,0.9333,3,0,-1
185,7,1210.60,481.24,55.87,109.75,0.7438,2,2,-1
185,9,99.97,629.04,73.38,157.85,0.9414,2,1,-1
185,10,926.48,488.08,54.43,81.25,0.8864,3,0,-1
185,12,1040.40,473.86,36.60,89.43,0.8454,2,2,-1
185,24,1393.77,491.39,65.72,130.37,0.9122,2,2,-1
185,29,533.33,465.79,31.51,76.54,0.8866,2,2,-1
185,33,1579.35,504.63,61.21,121.06,0.9285,2,2,-1
185,42,1252.12,521.85,72.61,105.05,0.9226,2,2,-1
185,43,1461.53,454.76,38.40,112.93,0.9021,2,1,-1
185,44,988.07,417.49,34.30,78.65,0.8072,2,1,-1
186,1,73.34,422.12,45.14,124.43,0.9218,1,3,-1
186,2,1159.42,469.55,45.34,104.62,0.8803,2,2,-1
186,5,538.23,533.78,51.49,133.45,0.9215,3,0,-1
186,9,96.53,629.84,71.82,156.61,0.9337,2,1,-1
186,10,922.35,485.42,53.88,79.53,0.8271,3,0,-1
186,12,1039.93,472.45,38.66,91.19,0.7897,2,2,-1
186,24,1391.21,489.60,65.33,131.93,0.9076,2,2,-1
186,29,525.73,464.43,36.76,105.60,0.8675,2,2,-1
186,33,1584.08,505.81,62.90,121.03,0.9240,2,2,-1
186,39,1178.93,525.58,73.14,122.22,0.8095,2,2,-1
186,42,1253.67,517.78,71.97,108.13,0.9273,2,2,-1
186,43,1465.89,475.58,33.07,89.45,0.9044,2,1,-1
186,44,981.37,418.28,32.51,71.73,0.8306,2,1,-1
186,57,1005.72,441.99,45.93,110.52,0.5980,2,2,-1
186,59,1327.46,491.59,55.58,125.66,0.8338,2,-1,-1
187,1,66.26,421.60,49.81,124.91,0.9374,1,3,-1
187,2,1130.49,435.65,46.40,126.70,0.8650,2,2,-1
187,5,534.16,533.95,49.39,131.73,0.9089,3,0,-1
187,9,92.96,628.54,69.81,159.99,0.9278,2,1,-1
187,10,919.51,480.82,33.20,42.57,0.7729,3,0,-1
187,11,1233.32,626.67,15.03,27.88,0.5606,2,2,-1
187,12,1039.88,470.44,42.32,92.87,0.8186,2,2,-1
187,24,1392.06,486.72,66.18,134.59,0.9244,2,2,-1
187,29,520.47,464.85,34.12,106.83,0.8816,2,2,-1
187,33,1590.95,505.58,60.73,121.80,0.9334,2,2,-1
187,39,1195.19,482.86,45.36,85.42,0.7805,2,2,-1
187,42,1251.88,514.34,73.43,112.59,0.9250,2,2,-1
187,43,1465.76,453.53,38.22,112.21,0.9096,2,1,-1
187,44,976.96,416.65,31.36,70.56,0.8887,2,1,-1
187,57,995.54,444.28,46.02,107.75,0.7592,2,2,-1
187,59,1337.33,503.17,46.84,112.73,0.7074,2,-1,-1
187,63,352.79,304.80,42.00,63.18,0.8479,2,-1,-1
188,1,61.06,426.41,52.32,119.47,0.9250,1,3,-1
188,2,1131.13,432.64,39.29,121.83,0.8873,2,2,-1
188,5,529.19,534.30,49.06,133.34,0.9096,3,0,-1
188,9,88.26,628.71,58.64,161.00,0.9335,2,1,-1
188,10,915.57,478.50,35.58,41.93,0.7504,3,0,-1
188,12,1038.00,470.14,45.67,90.87,0.8991,2,2,-1
188,14,1157.91,471.44,43.64,99.56,0.8457,2,1,-1
188,24,1390.98,485.75,67.75,136.12,0.9332,2,2,-1
188,29,509.57,466.25,37.01,107.73,0.8814,2,2,-1
188,33,1598.36,507.03,57.10,120.24,0.9224,2,2,-1
188,36,1183.79,442.98,36.53,58.77,0.7864,2,2,-1
188,42,1248.76,511.33,72.18,116.35,0.9310,2,2,-1
188,43,1467.92,451.03,37.86,113.36,0.9105,2,1,-1
188,44,970.64,414.21,30.55,70.48,0.8602,2,1,-1
188,54,984.71,478.33,52.71,74.72,0.8524,2,1,-1
188,59,1344.16,487.92,33.65,78.22,0.7732,2,-1,-1
188,63,353.70,328.30,26.20,39.12,0.6368,2,-1,-1
189,1,57.51,420.50,54.63,125.57,0.9266,1,3,-1
189,2,1128.08,432.17,39.78,123.09,0.8898,2,2,-1
189,5,526.01,533.70,49.96,134.98,0.9163,3,0,-1
189,9,84.81,626.44,50.70,159.13,0.9383,2,1,-1
189,10,908.97,476.28,34.38,39.97,0.6823,3,0,-1
189,12,1035.88,466.11,50.44,92.72,0.9004,2,2,-1
189,14,1157.36,472.72,40.55,99.76,0.8393,2,1,-1
189,24,1388.66,483.90,69.82,137.48,0.9360,2,2,-1
189,29,500.67,466.95,40.91,110.42,0.7958,2,2,-1
189,33,1606.33,504.83,52.55,122.66,0.9200,2,2,-1
189,42,1248.54,509.64,67.74,118.64,0.9440,2,2,-1
189,43,1470.80,448.17,39.16,116.05,0.8983,2,1,-1
189,44,964.77,413.53,31.31,72.51,0.8037,2,1,-1
189,57,982.11,438.41,52.35,114.40,0.8381,2,2,-1
189,59,1346.89,483.22,44.46,131.40,0.8787,2,-1,-1
189,63,352.24,327.42,25.03,39.11,0.8175,2,-1,-1
190,1,55.42,419.93,55.56,125.37,0.9301,1,3,-1
190,2,1124.24,430.70,40.77,120.32,0.8715,2,2,-1
190,5,522.89,533.81,50.26,134.31,0.9157,3,0,-1
190,7,1182.94,515.62,68.38,129.71,0.8845,2,2,-1
190,9,78.33,625.05,50.37,160.22,0.8865,2,1,-1
190,10,907.24,473.58,37.21,41.98,0.7008,3,0,-1
190,12,1036.96,459.79,53.75,97.41,0.8513,2,2,-1
190,24,1380.57,480.33,76.44,139.92,0.9429,2,2,-1
190,29,491.18,466.21,51.03,112.08,0.9071,2,2,-1
190,33,1614.35,504.62,48.23,121.00,0.8994,2,2,-1
190,42,1247.77,507.98,63.02,119.77,0.9313,2,2,-1
190,43,1474.05,450.40,39.87,112.46,0.9035,2,1,-1
190,47,954.82,437.20,32.11,54.74,0.7734,3,0,-1
190,57,978.29,435.51,54.08,117.72,0.8743,2,2,-1
190,63,347.64,323.83,24.64,41.45,0.7073,2,-1,-1
190,0,537.20,650.42,20.05,18.65,1.0,0,-1,-1
191,1,53.01,419.03,54.78,125.20,0.9149,1,3,-1
191,2,1130.78,436.56,30.88,83.85,0.8620,2,2,-1
191,5,520.48,533.90,49.51,130.77,0.9087,3,0,-1
191,7,1179.08,522.06,65.93,119.72,0.7930,2,2,-1
191,9,73.42,627.61,51.66,160.57,0.9055,2,1,-1
191,10,901.62,499.29,49.51,61.66,0.8278,3,0,-1
191,12,1045.06,456.83,48.88,93.73,0.8829,2,2,-1
191,24,1379.85,479.26,72.43,137.00,0.9302,2,2,-1
191,29,483.76,466.43,56.42,113.72,0.9060,2,2,-1
191,33,1621.76,497.78,47.65,127.67,0.8195,2,2,-1
191,42,1245.98,508.34,57.93,119.36,0.9310,2,2,-1
191,43,1480.42,446.97,41.27,113.28,0.8928,2,1,-1
191,44,961.68,415.83,29.74,76.09,0.8368,2,1,-1
191,57,978.24,432.48,52.39,118.79,0.8806,2,2,-1
191,63,343.96,323.89,22.68,39.20,0.5408,2,-1,-1
191,0,913.19,411.78,26.34,24.77,1.0,0,-1,-1
192,1,50.71,415.77,52.21,126.64,0.8928,1,3,-1
192,2,1128.87,434.88,34.68,95.88,0.8827,2,2,-1
192,5,517.37,533.97,51.14,132.32,0.9216,3,0,-1
192,7,1183.23,573.26,44.87,64.58,0.7756,2,2,-1
192,9,69.50,625.12,52.77,157.67,0.8528,2,1,-1
192,10,894.63,484.79,57.46,76.35,0.8141,3,0,-1
192,12,1048.71,452.55,48.38,97.36,0.8854,2,2,-1
192,14,1169.36,465.97,48.34,104.47,0.8341,2,1,-1
192,24,1372.72,476.27,72.28,136.79,0.9212,2,2,-1
192,29,480.54,465.49,56.19,112.11,0.8978,2,2,-1
192,33,1625.94,498.46,47.59,127.14,0.8401,2,2,-1
192,42,1246.77,507.35,60.50,122.99,0.9379,2,2,-1
192,43,1483.79,436.25,45.37,119.44,0.9059,2,1,-1
192,44,939.79,412.82,32.64,54.25,0.7886,2,1,-1
192,57,980.99,430.82,49.30,114.36,0.8560,2,2,-1
192,63,330.95,265.47,48.51,95.89,0.8109,2,-1,-1
193,2,1128.37,437.02,35.08,95.28,0.8661,2,2,-1
193,5,515.24,533.58,52.26,135.55,0.9053,3,0,-1
193,8,1111.46,529.55,22.07,49.83,0.8697,2,2,-1
193,9,65.31,628.70,57.00,152.13,0.9032,2,1,-1
193,10,891.69,470.03,61.98,91.79,0.8951,3,0,-1
193,12,1054.10,449.90,48.54,97.04,0.9112,2,2,-1
193,22,942.43,426.04,24.81,47.39,0.5013,2,1,-1
193,24,1371.49,474.84,62.56,137.09,0.9285,2,2,-1
193,29,479.35,466.47,55.60,111.75,0.9208,2,2,-1
193,33,1639.79,503.62,43.12,122.07,0.8102,2,2,-1
193,42,1244.95,507.09,65.64,124.44,0.9326,2,2,-1
193,43,1487.13,434.82,50.58,118.66,0.9167,2,1,-1
193,51,52.06,439.70,44.53,100.96,0.9034,3,0,-1
193,57,982.05,426.03,48.21,122.77,0.8583,2,2,-1
193,63,329.13,268.33,44.36,92.96,0.7940,2,-1,-1
194,1,50.90,424.83,44.09,115.55,0.9012,1,3,-1
194,2,1125.86,439.88,36.05,92.29,0.8622,2,2,-1
194,3,1095.38,526.23,25.52,45.07,0.7807,2,2,-1
194,5,512.76,533.18,52.99,136.87,0.9199,3,0,-1
194,9,59.20,629.51,60.07,156.31,0.9106,2,1,-1
194,10,895.80,503.57,44.75,57.52,0.8176,3,0,-1
194,12,1056.75,448.03,52.53,99.21,0.9065,2,2,-1
194,14,1179.53,463.98,43.02,96.51,0.6418,2,1,-1
194,22,937.71,425.35,36.23,75.04,0.7296,2,1,-1
194,29,479.11,465.61,54.17,110.90,0.9248,2,2,-1
194,33,1640.24,501.51,46.80,124.52,0.8619,2,2,-1
194,42,1240.75,506.63,68.69,126.75,0.9376,2,2,-1
194,43,1489.35,432.26,57.74,117.38,0.9280,2,1,-1
194,57,1012.48,428.05,31.08,83.12,0.7955,2,2,-1
194,59,1373.94,471.72,50.10,139.70,0.9319,3,0,-1
194,63,324.35,274.45,38.72,87.24,0.7696,2,-1,-1
195,1,52.59,457.90,35.16,81.66,0.8977,1,3,-1
195,2,1124.55,437.00,37.89,95.86,0.8123,2,2,-1
195,5,512.09,531.62,51.73,138.83,0.9186,3,0,-1
195,7,1162.43,580.42,38.63,58.27,0.5331,2,2,-1
195,9,73.78,629.63,43.28,88.62,0.8912,2,1,-1
195,10,894.56,506.59,49.56,55.08,0.8515,3,0,-1
195,12,1059.37,446.34,56.48,102.86,0.8843,2,2,-1
195,14,1179.49,459.60,43.12,97.72,0.8142,2,1,-1
195,22,943.48,435.05,31.32,66.09,0.7402,2,1,-1
195,29,477.60,463.28,51.14,112.24,0.9049,2,2,-1
195,33,1654.18,515.93,40.36,111.27,0.8797,2,2,-1
195,42,1233.87,505.90,68.51,127.90,0.9335,2,2,-1
195,43,1491.78,429.80,65.62,116.13,0.9331,2,1,-1
195,57,975.13,421.40,47.11,122.02,0.8217,2,2,-1
195,59,1374.39,465.77,47.44,142.95,0.9208,3,0,-1
195,63,321.68,267.89,42.05,92.97,0.8743,2,1,-1
196,2,1127.66,435.04,32.87,71.10,0.8475,2,2,-1
196,5,509.35,528.34,50.40,140.80,0.9054,3,0,-1
196,6,908.85,464.91,30.61,45.00,0.7451,2,1,-1
196,9,44.20,632.51,69.77,158.96,0.8945,2,1,-1
196,12,1063.62,442.49,57.71,103.93,0.8345,2,2,-1
196,13,1114.51,484.09,62.49,108.02,0.7960,2,2,-1
196,14,1183.91,455.60,40.52,90.36,0.8326,2,1,-1
196,22,926.94,401.64,40.63,90.54,0.8061,2,1,-1
196,29,480.03,460.22,48.17,113.60,0.9082,2,2,-1
196,33,1655.28,503.48,44.02,125.18,0.8655,2,2,-1
196,42,1222.98,505.23,63.92,128.51,0.9156,2,2,-1
196,43,1497.44,431.90,67.04,113.81,0.9269,2,1,-1
196,51,50.16,431.17,36.44,109.19,0.9073,3,0,-1
196,55,1027.45,470.96,14.80,37.04,0.8714,2,-1,-1
196,57,971.27,418.78,50.10,127.25,0.8145,2,2,-1
196,59,1375.35,465.55,47.73,142.78,0.9191,3,0,-1
196,63,317.89,272.89,41.07,87.32,0.9010,2,1,-1
197,2,1129.00,463.89,37.63,81.86,0.7684,2,2,-1
197,4,50.96,411.39,30.93,127.31,0.8987,2,1,-1
197,5,506.09,526.90,50.94,138.90,0.9124,3,0,-1
197,6,909.87,463.18,30.41,44.98,0.8250,2,1,-1
197,9,42.96,629.46,68.36,162.74,0.9052,2,1,-1
197,12,1071.09,437.83,52.20,99.45,0.8906,2,2,-1
197,13,1098.65,508.69,47.11,86.10,0.6234,2,2,-1
197,14,1191.19,458.06,37.41,84.80,0.8685,2,1,-1
197,22,950.77,419.50,31.54,72.34,0.5392,2,1,-1
197,29,478.16,459.69,44.62,112.29,0.8818,2,2,-1
197,33,1662.04,506.99,43.19,122.96,0.8412,2,2,-1
197,42,1233.55,504.33,49.90,127.05,0.9179,2,2,-1
197,43,1503.93,435.77,68.04,113.37,0.9324,2,1,-1
197,55,1026.12,467.27,15.54,38.97,0.8341,2,-1,-1
197,57,973.84,418.40,48.19,126.30,0.8326,2,2,-1
197,59,1376.02,464.03,51.75,143.41,0.9064,3,0,-1
197,63,313.89,272.04,43.21,87.07,0.8863,2,1,-1
198,5,503.24,526.12,52.65,135.54,0.9157,3,0,-1
198,9,66.47,630.17,43.85,87.73,0.8815,2,1,-1
198,12,1074.42,435.67,50.26,97.36,0.8985,2,2,-1
198,14,1194.50,454.24,38.76,88.54,0.8080,2,1,-1
198,22,915.85,401.82,41.87,96.08,0.8199,2,1,-1
198,24,1364.38,462.96,56.97,145.51,0.9128,2,2,-1
198,29,476.74,454.03,45.40,116.15,0.8677,2,2,-1
198,33,1663.28,504.44,49.04,124.91,0.9174,2,2,-1
198,42,1233.02,504.16,44.93,126.48,0.9202,2,2,-1
198,43,1508.32,434.78,68.71,117.56,0.9299,2,1,-1
198,51,50.12,444.21,30.01,93.94,0.8580,3,0,-1
198,57,971.32,418.09,48.32,125.88,0.7946,2,2,-1
198,63,311.89,268.33,45.27,90.46,0.9269,2,1,-1
198,71,1008.26,400.81,20.45,54.94,0.6453,2,-1,-1
198,0,536.24,654.73,19.09,15.10,1.0,0,-1,-1
199,4,48.09,409.85,32.81,128.17,0.8930,2,1,-1
199,5,500.48,526.47,55.04,137.30,0.9174,3,0,-1
199,9,64.19,629.06,45.42,86.21,0.8332,2,1,-1
199,12,1075.97,432.25,54.27,97.25,0.8780,2,2,-1
199,14,1151.84,493.52,61.03,119.48,0.7712,2,1,-1
199,22,914.92,400.86,38.69,86.01,0.8374,2,1,-1
199,24,1364.55,463.59,53.63,144.55,0.9027,2,2,-1
199,29,474.60,452.11,45.55,118.03,0.9070,2,2,-1
199,33,1666.14,505.40,51.61,123.99,0.9019,2,2,-1
199,39,1192.26,453.09,26.96,59.14,0.6447,2,2,-1
199,42,1228.64,503.42,45.01,126.10,0.9115,2,2,-1
199,43,1512.17,438.24,68.30,118.03,0.9384,2,1,-1
199,57,966.89,418.02,53.65,124.83,0.8484,2,2,-1
199,63,310.92,267.52,46.53,90.03,0.9378,2,1,-1
199,0,534.88,653.54,19.49,16.29,1.0,0,-1,-1
200,4,47.96,419.34,33.19,117.34,0.8924,2,1,-1
200,5,497.13,529.82,51.28,121.84,0.8944,3,0,-1
200,9,61.03,627.15,48.47,88.76,0.8445,2,1,-1
200,12,1080.43,431.64,52.12,94.23,0.9027,2,2,-1
200,14,1160.95,490.28,65.49,130.39,0.6949,2,1,-1
200,24,1365.56,463.56,48.59,142.81,0.9196,2,2,-1
200,29,471.88,452.34,44.85,116.56,0.8757,2,2,-1
200,33,1671.54,507.06,50.44,121.11,0.9145,2,2,-1
200,42,1228.26,504.08,42.58,122.02,0.8899,2,2,-1
200,43,1514.57,435.06,70.01,122.39,0.9285,2,1,-1
200,44,910.10,395.52,39.20,67.04,0.7916,2,1,-1
200,57,987.76,396.81,35.76,50.79,0.8626,2,2,-1
200,63,310.33,267.86,47.49,88.03,0.9282,2,1,-1
200,0,534.98,654.17,19.15,16.26,1.0,0,-1,-1
201,1,48.19,452.25,33.41,82.77,0.8901,1,3,-1
201,5,489.88,530.49,61.00,134.97,0.9023,3,0,-1
201,9,60.09,625.41,45.90,91.03,0.9102,2,1,-1
201,12,1085.68,429.13,51.59,99.85,0.8615,2,2,-1
201,14,1158.88,487.89,56.84,110.33,0.6475,2,1,-1
201,24,1363.84,464.11,48.93,141.06,0.8917,2,2,-1
201,29,469.96,451.68,45.65,118.18,0.8794,2,2,-1
201,33,1673.96,503.63,51.15,122.78,0.9254,2,2,-1
201,36,1198.84,435.77,30.67,60.45,0.7504,2,2,-1
201,42,1229.45,504.11,40.15,119.21,0.8464,2,2,-1
201,43,1518.04,445.15,68.43,109.60,0.9265,2,1,-1
201,44,905.62,392.56,38.29,70.62,0.8840,2,-1,-1
201,57,980.06,396.43,43.57,55.65,0.8629,2,2,-1
201,63,307.20,268.84,46.88,85.46,0.8789,2,1,-1
202,4,51.23,422.35,31.92,111.51,0.8593,2,1,-1
202,5,487.65,530.04,63.01,128.65,0.8948,3,0,-1
202,9,56.89,623.36,46.20,94.49,0.8470,2,1,-1
202,12,1090.24,425.10,48.64,106.20,0.8412,2,2,-1
202,14,1167.78,484.63,52.26,107.76,0.7453,2,1,-1
202,22,898.58,390.22,42.47,91.73,0.8495,2,1,-1
202,24,1360.96,463.89,46.17,140.09,0.9160,2,2,-1
202,29,464.29,453.30,47.72,116.50,0.8769,2,2,-1
202,33,1675.88,502.61,50.58,122.09,0.8907,2,2,-1
202,42,1229.81,503.22,38.63,120.54,0.9003,2,2,-1
202,43,1520.27,450.92,66.92,101.97,0.9200,2,1,-1
202,57,974.71,392.37,45.42,59.96,0.8237,2,2,-1
202,63,302.72,264.47,47.52,88.36,0.8661,2,1,-1
203,4,52.80,427.20,31.73,104.22,0.8835,2,1,-1
203,5,490.61,530.66,61.18,122.41,0.6929,3,0,-1
203,9,27.83,623.15,63.60,157.85,0.8752,2,1,-1
203,10,905.25,486.50,50.79,63.91,0.6955,3,0,-1
203,12,1096.05,423.26,39.71,97.98,0.8516,2,2,-1
203,14,1168.40,480.50,52.66,128.77,0.8889,2,1,-1
203,22,889.76,387.75,47.57,108.68,0.8761,2,1,-1
203,24,1359.28,462.88,44.53,139.38,0.9224,2,2,-1
203,29,460.32,457.32,51.87,112.30,0.8705,2,2,-1
203,33,1679.57,498.55,50.26,124.44,0.8152,2,2,-1
203,36,1206.76,443.15,26.65,52.49,0.7504,2,2,-1
203,37,1422.28,460.67,31.65,60.53,0.7039,2,2,-1
203,42,1227.09,503.39,39.61,122.65,0.9067,2,2,-1
203,43,1520.83,447.35,70.39,104.09,0.9183,2,1,-1
203,57,923.11,413.26,71.76,101.80,0.6642,2,2,-1
203,63,303.53,263.65,44.33,88.93,0.9108,2,1,-1
203,77,982.28,412.77,41.02,124.08,0.8876,2,-1,-1
203,0,856.92,448.71,27.87,21.50,1.0,0,-1,-1
204,4,55.05,434.11,31.50,96.54,0.8790,2,1,-1
204,5,483.03,530.80,78.22,129.70,0.8942,3,0,-1
204,9,30.23,622.61,57.88,162.20,0.8993,2,1,-1
204,10,907.26,485.24,48.32,63.38,0.5789,3,0,-1
204,12,1099.69,417.33,36.29,97.05,0.8464,2,2,-1
204,14,1175.74,479.07,48.37,121.87,0.9022,2,1,-1
204,22,887.72,390.80,52.01,103.72,0.8563,2,1,-1
204,24,1356.11,460.08,43.94,138.89,0.9181,2,2,-1
204,29,461.95,462.76,51.59,106.19,0.7999,2,2,-1
204,33,1693.05,503.14,42.16,118.91,0.8625,2,2,-1
204,36,1124.21,421.57,49.60,122.84,0.7918,2,2,-1
204,42,1226.61,505.19,38.65,121.04,0.9058,2,2,-1
204,43,1521.77,441.33,72.46,109.90,0.9129,2,1,-1
204,59,1425.57,450.64,36.90,111.20,0.6276,3,0,-1
204,63,303.49,260.42,41.88,91.05,0.8976,2,1,-1
204,77,984.65,411.80,37.31,122.86,0.9004,2,-1,-1
204,0,826.91,442.25,30.80,20.65,1.0,0,-1,-1
205,5,485.52,527.85,78.77,133.22,0.8984,3,0,-1
205,9,28.45,621.46,59.34,163.10,0.8957,2,1,-1
205,10,911.92,486.38,43.19,61.31,0.7683,3,0,-1
205,12,1106.20,414.42,33.59,89.47,0.7697,2,2,-1
205,14,1176.47,478.11,49.17,120.83,0.8739,2,1,-1
205,22,876.41,385.13,56.04,107.21,0.8418,2,1,-1
205,24,1351.76,457.18,47.16,141.28,0.9233,2,2,-1
205,29,464.48,471.06,48.58,96.40,0.8397,2,2,-1
205,30,1527.02,422.98,71.78,128.19,0.9201,1,3,-1
205,33,1688.15,493.09,47.35,126.86,0.8963,2,2,-1
205,42,1227.49,454.72,28.71,81.42,0.7869,2,2,-1
205,47,935.88,407.95,48.27,79.20,0.7666,3,0,-1
205,51,56.39,405.06,35.56,124.44,0.9203,3,0,-1
205,56,1435.38,521.84,26.31,57.03,0.6323,2,-1,-1
205,63,307.33,259.83,38.97,89.37,0.7841,2,1,-1
205,77,985.02,409.34,37.27,122.88,0.8574,2,-1,-1
205,79,1058.18,540.22,57.51,59.12,0.6640,2,-1,-1
205,0,801.67,436.32,27.17,19.77,1.0,0,-1,-1
206,3,1113.87,499.47,24.00,46.16,0.5198,2,2,-1
206,5,489.19,525.04,72.82,136.07,0.9280,3,0,-1
206,8,1159.73,508.36,18.21,44.49,0.7465,2,2,-1
206,9,26.40,621.39,62.25,161.49,0.8925,2,1,-1
206,10,917.09,475.81,46.59,69.63,0.6902,3,0,-1
206,12,1112.13,412.90,32.57,82.10,0.7675,2,2,-1
206,14,1180.18,476.62,50.73,124.83,0.9067,2,1,-1
206,22,875.15,388.21,60.09,100.04,0.9063,2,1,-1
206,24,1349.76,453.76,52.42,144.09,0.9234,2,2,-1
206,29,468.56,470.00,47.76,95.62,0.8568,2,2,-1
206,30,1533.29,425.04,69.07,123.69,0.9288,1,3,-1
206,33,1694.11,491.45,50.14,128.59,0.9094,2,2,-1
206,42,1225.13,439.70,40.12,110.12,0.7605,2,2,-1
206,51,61.86,407.60,36.71,119.61,0.8870,3,0,-1
206,56,1447.07,511.77,29.33,63.05,0.7401,2,-1,-1
206,57,933.33,403.77,64.53,100.74,0.7301,2,2,-1
206,63,323.06,300.53,20.00,47.85,0.8024,2,1,-1
206,77,991.79,407.34,35.70,123.67,0.8543,2,2,-1
206,79,1061.11,538.26,60.56,60.91,0.8791,2,-1,-1
206,0,777.54,431.94,26.03,18.50,1.0,0,-1,-1
207,5,496.04,522.97,73.21,138.30,0.9264,3,0,-1
207,9,28.89,618.56,68.81,164.62,0.9346,2,1,-1
207,10,928.04,481.29,41.37,63.22,0.7991,3,0,-1
207,11,1247.23,586.41,16.62,35.59,0.7539,2,2,-1
207,14,1187.92,475.82,48.87,116.68,0.8214,2,1,-1
207,22,875.47,387.48,63.73,100.15,0.9157,2,1,-1
207,24,1352.48,451.49,53.98,143.72,0.9138,2,2,-1
207,29,472.50,466.74,44.18,98.17,0.9033,2,2,-1
207,30,1540.81,419.94,69.29,127.64,0.9349,1,3,-1
207,33,1703.89,490.63,52.66,126.94,0.9112,2,2,-1
207,36,1116.74,423.68,64.98,121.46,0.8798,2,2,-1
207,42,1230.92,435.04,40.70,97.22,0.7836,2,2,-1
207,47,942.57,400.20,54.39,89.75,0.6986,3,0,-1
207,51,68.46,411.77,38.26,113.84,0.8994,3,0,-1
207,63,328.62,301.41,18.62,46.51,0.8518,2,1,-1
207,77,997.52,406.29,35.43,123.18,0.8755,2,2,-1
207,79,1064.05,535.54,54.39,59.48,0.8781,2,-1,-1
207,0,754.70,429.57,25.46,19.17,1.0,0,-1,-1
208,5,498.74,518.79,72.62,139.29,0.9293,3,0,-1
208,9,34.24,618.65,74.07,162.75,0.9401,2,1,-1
208,10,936.41,482.95,41.02,61.39,0.7099,3,0,-1
208,11,1257.05,584.70,15.37,35.53,0.7558,2,2,-1
208,14,1194.31,473.53,48.86,109.39,0.8284,2,1,-1
208,22,878.86,386.29,62.15,101.65,0.9253,2,1,-1
208,24,1354.91,449.90,55.15,140.92,0.9158,2,2,-1
208,29,480.29,471.90,40.31,95.06,0.8920,2,2,-1
208,30,1548.34,416.59,67.31,127.85,0.9303,1,3,-1
208,33,1712.98,488.83,54.74,127.31,0.9025,2,2,-1
208,36,1122.50,428.67,63.41,115.78,0.5466,2,2,-1
208,42,1239.84,431.74,48.77,119.93,0.8147,2,2,-1
208,51,76.37,408.95,44.09,114.66,0.8992,3,0,-1
208,57,949.89,395.45,62.23,111.08,0.8029,2,2,-1
208,63,334.64,303.87,16.92,42.96,0.8531,2,1,-1
208,77,1004.46,407.08,35.95,121.51,0.8732,2,2,-1
208,79,1066.75,534.50,50.13,59.51,0.8806,2,-1,-1
208,0,733.12,426.73,24.79,19.26,1.0,0,-1,-1
209,5,501.38,517.26,71.32,139.87,0.9340,3,0,-1
209,9,45.21,617.82,74.12,161.73,0.9403,2,1,-1
209,10,947.02,474.81,43.07,65.24,0.6343,3,0,-1
209,14,1227.33,494.60,55.06,123.58,0.8862,2,1,-1
209,22,884.57,384.84,61.50,102.45,0.9284,2,1,-1
209,24,1359.92,447.59,55.70,139.47,0.9192,2,2,-1
209,30,1558.68,413.91,65.95,127.87,0.9268,1,3,-1
209,33,1723.75,487.82,56.40,127.53,0.9135,2,2,-1
209,36,1128.85,426.35,70.65,116.80,0.8052,2,2,-1
209,44,961.65,395.57,40.13,73.75,0.5258,2,2,-1
209,51,83.12,408.76,52.47,113.65,0.9235,2,-1,-1
209,54,1060.75,532.90,48.90,62.35,0.7036,2,1,-1
209,63,341.46,305.52,16.04,40.66,0.7320,2,1,-1
209,77,1009.18,405.53,39.37,122.45,0.8808,2,2,-1
209,0,714.16,425.60,23.76,19.31,1.0,0,-1,-1
210,5,505.54,517.84,64.28,137.42,0.9357,3,0,-1
210,9,56.91,617.84,74.84,161.80,0.9403,2,1,-1
210,14,1234.77,493.94,57.48,124.02,0.9054,2,1,-1
210,22,890.24,384.76,63.59,103.26,0.9393,2,-1,-1
210,24,1368.07,444.89,55.09,138.15,0.9139,2,2,-1
210,30,1571.94,414.26,64.08,126.35,0.9058,1,3,-1
210,33,1736.49,486.09,56.95,128.73,0.9137,2,2,-1
210,51,93.07,408.36,55.68,112.14,0.9181,1,3,-1
210,54,1069.22,533.67,43.43,61.04,0.7966,2,1,-1
210,63,336.85,257.88,34.14,87.38,0.7661,2,1,-1
210,77,1019.23,405.19,41.78,122.70,0.8970,2,2,-1
210,0,697.13,425.84,23.10,18.92,1.0,0,-1,-1
211,5,510.72,515.66,59.12,138.02,0.9249,3,0,-1
211,9,69.07,616.34,71.66,161.78,0.9364,2,1,-1
211,16,1232.35,461.02,42.54,64.21,0.8775,2,2,-1
211,22,895.77,384.10,60.93,103.06,0.9230,2,2,-1
211,24,1379.70,442.21,50.80,139.86,0.9184,2,2,-1
211,30,1586.70,410.83,61.89,128.71,0.9329,1,3,-1
211,33,1751.30,485.52,55.49,127.69,0.9141,2,2,-1
211,36,1156.43,430.16,68.99,110.00,0.8384,2,2,-1
211,42,1276.30,424.66,63.53,126.71,0.9071,2,2,-1
211,51,100.63,407.80,58.19,111.07,0.9170,1,3,-1
211,54,1077.41,530.86,43.97,62.68,0.8368,2,1,-1
211,63,347.08,257.07,35.23,87.62,0.8249,2,1,-1
211,77,1029.80,404.48,43.65,123.09,0.8899,2,2,-1
211,0,681.41,427.64,22.48,18.77,1.0,0,-1,-1
212,2,1161.47,403.56,74.78,136.46,0.9153,2,2,-1
212,5,514.72,510.93,61.87,138.97,0.9217,3,0,-1
212,9,80.01,611.43,64.27,165.35,0.9367,2,1,-1
212,14,1252.15,492.08,58.31,120.72,0.9052,2,1,-1
212,22,905.40,385.11,52.93,100.99,0.9147,2,2,-1
212,24,1388.53,439.37,51.99,141.85,0.9191,2,2,-1
212,30,1601.67,410.45,61.12,127.94,0.9321,1,3,-1
212,33,1763.46,485.12,57.55,126.47,0.9197,2,2,-1
212,42,1288.92,423.49,63.62,126.04,0.9152,2,2,-1
212,51,113.21,405.80,60.58,109.32,0.9112,1,3,-1
212,54,1088.01,528.79,45.66,65.08,0.7104,2,1,-1
212,57,970.17,413.24,64.12,121.24,0.5295,2,2,-1
212,63,357.89,256.33,36.42,87.26,0.8430,2,1,-1
212,77,1043.08,402.99,43.40,123.84,0.8930,2,2,-1
212,0,665.38,430.46,23.27,18.34,1.0,0,-1,-1
213,5,523.93,506.12,65.07,144.05,0.9178,3,0,-1
213,9,94.71,609.71,57.69,161.22,0.9354,2,1,-1
213,14,1260.25,488.05,60.95,132.61,0.8682,2,1,-1
213,22,913.88,384.79,47.91,99.87,0.9300,2,2,-1
213,24,1394.42,440.13,58.60,140.97,0.9272,2,2,-1
213,30,1616.14,411.33,61.92,126.13,0.9160,1,3,-1
213,33,1774.14,483.20,60.95,126.64,0.9204,2,2,-1
213,36,1160.15,419.39,82.96,120.10,0.9273,2,2,-1
213,42,1303.58,425.88,64.25,123.80,0.9175,2,2,-1
213,51,127.03,403.13,68.42,114.00,0.9272,1,3,-1
213,56,1542.99,486.60,50.91,78.45,0.7903,2,-1,-1
213,63,371.61,253.76,39.71,89.95,0.8747,2,1,-1
213,71,1032.83,379.37,31.83,82.32,0.5668,2,-1,-1
213,77,1057.52,401.41,42.95,125.01,0.8854,2,2,-1
213,79,1092.46,524.17,55.98,65.51,0.6797,2,-1,-1
213,0,653.60,434.32,20.16,17.74,1.0,0,-1,-1
214,9,109.50,607.17,54.54,158.81,0.9248,2,-1,-1
214,16,1271.98,452.38,45.54,75.82,0.8446,2,2,-1
214,22,922.49,384.85,51.06,98.19,0.9236,2,2,-1
214,24,1398.08,439.20,68.85,139.84,0.9465,2,2,-1
214,29,538.04,463.55,57.00,94.40,0.9054,2,2,-1
214,30,1626.62,413.01,63.59,123.63,0.9318,1,3,-1
214,33,1782.74,481.27,64.59,126.71,0.9337,2,2,-1
214,36,1165.26,420.91,82.68,117.88,0.8455,2,2,-1
214,42,1315.89,428.10,65.77,122.13,0.9100,2,2,-1
214,51,145.42,401.73,65.16,115.34,0.9275,1,3,-1
214,63,388.53,271.50,36.59,71.62,0.8302,2,1,-1
214,77,1071.18,400.56,40.81,119.00,0.8381,2,2,-1
214,79,1099.83,522.16,58.24,65.02,0.8510,2,2,-1
214,0,640.91,439.28,20.72,18.43,1.0,0,-1,-1
215,5,541.95,500.07,66.54,146.00,0.9159,3,0,-1
215,9,123.69,605.43,54.86,160.00,0.9216,2,-1,-1
215,14,1271.72,488.21,61.94,132.23,0.9144,2,1,-1
215,22,925.79,382.92,59.82,98.95,0.9285,2,2,-1
215,24,1406.43,438.65,73.41,138.83,0.9425,2,2,-1
215,29,549.47,470.66,36.14,56.47,0.8051,2,2,-1
215,30,1638.57,410.84,64.72,125.17,0.9324,1,3,-1
215,33,1791.94,479.02,69.30,127.32,0.9385,2,2,-1
215,36,1172.50,419.52,77.81,117.10,0.8836,2,2,-1
215,42,1327.54,428.69,68.74,120.15,0.9177,2,2,-1
215,51,162.12,400.50,64.07,114.51,0.9401,1,3,-1
215,63,399.06,260.61,44.54,82.36,0.8883,2,1,-1
215,77,1083.58,397.76,38.20,104.08,0.8132,2,2,-1
215,79,1084.74,487.64,59.15,75.65,0.7114,2,2,-1
215,0,628.26,443.84,21.71,19.38,1.0,0,-1,-1
216,5,551.13,500.09,62.62,141.98,0.8997,3,0,-1
216,7,1301.83,569.80,31.83,48.72,0.7800,2,2,-1
216,9,138.50,604.46,54.13,153.35,0.8906,3,0,-1
216,16,1299.58,451.12,43.79,81.25,0.8737,2,2,-1
216,22,929.23,380.32,68.34,101.48,0.9343,2,2,-1
216,24,1416.61,438.44,75.99,137.20,0.9538,2,2,-1
216,30,1650.82,407.26,62.81,125.96,0.9299,1,3,-1
216,33,1798.77,479.20,75.46,125.63,0.9330,2,2,-1
216,36,1184.98,417.81,70.63,117.14,0.8783,2,2,-1
216,42,1339.84,430.21,70.51,117.80,0.9279,2,2,-1
216,51,176.90,399.14,61.88,112.93,0.9342,1,3,-1
216,63,410.98,256.93,46.20,86.79,0.8885,2,1,-1
216,77,1096.14,397.76,38.33,95.90,0.8976,2,2,-1
216,79,1100.74,482.63,44.80,60.10,0.5447,2,2,-1
216,0,616.63,450.04,20.56,18.97,1.0,0,-1,-1
217,5,562.53,500.32,54.31,138.43,0.8995,3,0,-1
217,9,152.02,599.79,54.72,157.63,0.8634,3,0,-1
217,14,1285.63,486.03,55.89,128.90,0.9171,2,1,-1
217,22,934.35,378.48,69.76,100.55,0.9342,2,2,-1
217,24,1427.70,437.12,76.09,135.21,0.9478,2,2,-1
217,30,1663.68,404.12,59.42,124.97,0.9194,1,3,-1
217,33,1807.56,479.63,79.52,122.11,0.9410,2,2,-1
217,36,1194.02,414.22,64.82,118.55,0.8772,2,2,-1
217,42,1353.36,429.59,71.12,118.84,0.9261,2,2,-1
217,51,191.75,397.45,55.22,111.17,0.9332,1,3,-1
217,56,1599.26,469.53,48.43,87.86,0.8675,2,-1,-1
217,63,422.76,253.52,45.04,83.31,0.7632,2,1,-1
217,71,1073.00,376.09,30.35,80.10,0.7654,2,-1,-1
217,77,1106.26,396.15,40.93,101.86,0.8829,2,2,-1
218,2,1241.05,384.67,58.56,114.32,0.8961,2,2,-1
218,5,575.95,498.71,52.11,136.19,0.9108,3,0,-1
218,9,166.69,598.84,55.56,160.68,0.9127,3,0,-1
218,14,1294.57,481.52,57.00,129.98,0.9250,2,1,-1
218,22,940.16,376.25,68.15,101.07,0.9242,2,2,-1
218,24,1439.89,437.02,75.13,132.51,0.9340,2,2,-1
218,30,1676.21,400.13,55.50,126.99,0.9188,1,3,-1
218,33,1818.10,477.33,80.88,121.74,0.9380,2,2,-1
218,42,1365.88,429.29,69.43,118.89,0.9090,2,2,-1
218,44,1071.43,377.67,44.12,85.98,0.6932,2,2,-1
218,51,207.71,395.40,53.68,111.29,0.9296,1,3,-1
218,56,1620.97,491.76,37.59,62.42,0.9111,2,-1,-1
218,77,1116.40,394.02,43.48,109.25,0.8663,2,2,-1
219,2,1251.42,385.03,60.12,111.96,0.9153,2,2,-1
219,5,587.34,494.98,56.73,136.02,0.9304,3,0,-1
219,9,179.75,596.83,57.78,160.18,0.8584,3,0,-1
219,13,1369.40,530.67,22.41,45.96,0.5457,2,2,-1
219,14,1301.51,478.65,58.18,131.48,0.9261,2,1,-1
219,22,941.65,374.83,64.25,100.46,0.9201,2,2,-1
219,24,1449.92,434.68,69.69,132.05,0.9349,2,2,-1
219,30,1687.63,397.06,49.90,126.97,0.9132,1,3,-1
219,33,1829.03,476.32,81.94,120.03,0.9371,2,2,-1
219,42,1379.40,427.29,65.57,117.61,0.8883,2,2,-1
219,44,1078.73,376.74,46.87,87.57,0.7625,2,2,-1
219,51,223.33,391.57,55.67,112.38,0.9208,1,3,-1
219,54,1142.64,513.45,54.27,72.88,0.7061,2,1,-1
219,59,1631.96,469.33,35.60,79.88,0.7793,3,0,-1
219,77,1128.22,391.49,49.84,120.52,0.8954,2,2,-1
219,0,584.99,471.53,19.26,18.74,1.0,0,-1,-1
220,5,595.99,490.94,63.65,136.18,0.9341,3,0,-1
220,9,193.66,595.33,61.73,161.34,0.8933,3,0,-1
220,14,1307.30,476.30,60.88,136.23,0.9266,2,1,-1
220,22,941.93,373.02,60.80,99.76,0.9298,2,2,-1
220,24,1457.30,432.34,63.15,129.62,0.9250,2,2,-1
220,30,1699.36,407.71,43.68,112.69,0.8918,1,3,-1
220,33,1838.03,472.87,78.47,120.94,0.9359,2,2,-1
220,36,1219.90,404.75,63.27,123.24,0.9020,2,2,-1
220,42,1396.71,423.75,59.28,119.32,0.8633,2,2,-1
220,47,1084.52,397.17,45.34,74.42,0.6712,3,0,-1
220,51,239.55,388.77,59.46,113.95,0.9168,1,3,-1
220,54,1149.93,509.81,52.48,72.80,0.6869,2,1,-1
220,56,1647.41,490.81,30.74,56.76,0.8954,2,-1,-1
220,77,1140.62,390.38,51.03,120.58,0.9206,2,2,-1
220,0,574.64,479.63,19.42,18.49,1.0,0,-1,-1
221,5,599.85,486.75,71.18,136.78,0.9488,3,0,-1
221,9,210.01,594.16,64.21,152.09,0.9367,3,0,-1
221,14,1313.99,476.80,61.12,138.24,0.9304,2,1,-1
221,22,944.74,370.96,64.56,99.26,0.9317,2,2,-1
221,24,1463.65,430.56,58.33,130.38,0.9061,2,2,-1
221,30,1705.99,391.60,40.97,125.58,0.8944,1,3,-1
221,33,1846.36,469.31,73.15,121.18,0.9235,2,2,-1
221,36,1229.75,403.51,62.11,123.14,0.9001,2,2,-1
221,42,1408.87,423.96,52.10,117.08,0.9014,2,2,-1
221,51,253.42,386.04,63.96,118.01,0.9235,1,3,-1
221,54,1152.91,506.58,51.94,72.06,0.8358,2,1,-1
221,57,1092.30,373.17,59.21,108.52,0.8607,2,2,-1
221,63,460.94,248.40,49.78,85.54,0.8292,2,1,-1
221,77,1151.78,388.79,52.06,119.92,0.9084,2,2,-1
221,82,5.04,379.82,47.75,103.64,0.8813,2,-1,-1
221,0,564.35,489.81,19.03,18.37,1.0,0,-1,-1
222,5,607.38,484.28,72.14,136.49,0.9320,3,0,-1
222,9,223.48,590.15,66.70,155.72,0.8983,3,0,-1
222,14,1359.72,441.02,62.80,130.75,0.9282,2,-1,-1
222,22,949.39,368.43,69.25,99.37,0.9424,2,2,-1
222,24,1475.09,427.56,47.77,129.61,0.9213,2,2,-1
222,33,1855.47,466.15,65.24,121.05,0.9270,2,2,-1
222,36,1233.64,403.03,64.82,122.88,0.9235,2,2,-1
222,42,1419.20,419.92,50.32,119.81,0.9185,2,2,-1
222,43,1717.34,436.17,36.92,79.56,0.8125,2,1,-1
222,47,1105.08,394.32,48.57,79.07,0.6930,2,-1,-1
222,51,266.23,384.78,64.18,117.28,0.9033,1,3,-1
222,54,1163.55,503.63,51.16,71.93,0.7581,2,1,-1
222,59,1665.67,472.40,33.10,71.78,0.7289,3,0,-1
222,63,477.33,245.90,44.26,69.57,0.7971,2,1,-1
222,77,1158.64,387.59,57.00,121.63,0.9183,2,2,-1
222,82,10.66,375.55,72.35,105.94,0.8922,2,-1,-1
222,0,559.53,477.07,19.62,20.47,1.0,0,-1,-1
223,2,1286.52,379.73,61.10,111.46,0.8651,2,2,-1
223,5,614.82,481.98,68.46,132.29,0.9339,3,0,-1
223,6,1115.60,365.79,46.65,65.12,0.7905,2,1,-1
223,9,237.32,587.15,65.11,155.75,0.9249,3,0,-1
223,14,1369.29,438.97,62.70,129.87,0.9324,2,2,-1
223,22,953.66,367.91,71.82,100.84,0.9513,2,2,-1
223,24,1481.54,425.61,48.22,129.66,0.9210,2,2,-1
223,30,1723.05,408.91,38.07,103.66,0.8998,1,3,-1
223,33,1859.83,461.65,60.86,122.91,0.9175,2,2,-1
223,36,1240.66,404.19,61.03,121.61,0.9114,2,2,-1
223,42,1428.65,417.66,49.69,119.46,0.9161,2,2,-1
223,51,278.06,383.42,62.98,117.11,0.9018,1,3,-1
223,54,1171.74,500.71,45.55,66.23,0.7194,2,1,-1
223,59,1679.59,479.65,29.63,62.74,0.6797,3,0,-1
223,63,488.00,245.36,43.70,61.46,0.7947,2,1,-1
223,77,1161.16,387.06,64.85,120.24,0.9215,2,2,-1
223,82,28.48,371.63,82.02,103.57,0.9123,2,-1,-1
223,0,556.45,465.44,17.14,17.57,1.0,0,-1,-1
224,2,1288.62,379.54,62.14,120.82,0.8816,2,2,-1
224,5,630.85,531.24,47.17,79.64,0.8454,3,0,-1
224,9,245.68,585.34,62.25,158.65,0.8412,3,0,-1
224,14,1373.89,436.53,61.94,131.71,0.9328,2,2,-1
224,22,955.15,366.54,74.01,100.06,0.9383,2,2,-1
224,24,1485.75,421.99,52.30,131.49,0.9152,2,2,-1
224,30,1725.07,410.99,44.58,101.41,0.9006,1,3,-1
224,33,1864.99,458.99,54.74,123.96,0.9365,2,2,-1
224,36,1247.59,404.71,51.96,117.14,0.8803,2,2,-1
224,42,1434.75,415.05,48.52,118.60,0.8731,2,2,-1
224,51,288.27,382.12,59.77,116.30,0.9193,1,3,-1
224,59,1686.68,474.83,31.40,66.01,0.7131,3,0,-1
224,63,494.18,247.15,53.84,88.15,0.8790,2,1,-1
224,71,1140.38,364.02,28.56,71.13,0.8327,2,-1,-1
224,77,1175.15,385.53,62.34,118.99,0.9192,2,2,-1
224,82,47.19,370.01,81.92,103.01,0.8151,2,-1,-1
224,0,550.99,453.62,17.97,19.67,1.0,0,-1,-1
225,2,1329.64,478.45,46.00,97.99,0.8370,2,2,-1
225,5,631.80,526.65,50.58,80.77,0.7869,3,0,-1
225,9,261.88,584.07,59.61,152.39,0.7267,3,0,-1
225,12,1295.28,378.50,57.59,99.47,0.8741,2,2,-1
225,14,1378.31,434.26,61.58,131.67,0.9288,2,2,-1
225,22,958.46,366.52,69.89,99.38,0.9267,2,2,-1
225,24,1487.14,419.33,59.07,133.86,0.9237,2,2,-1
225,30,1728.80,386.90,51.97,123.47,0.9110,1,3,-1
225,33,1869.95,458.66,50.05,121.09,0.9143,2,2,-1
225,36,1252.11,403.11,45.65,108.71,0.8177,2,2,-1
225,42,1442.19,412.41,53.14,124.84,0.8915,2,2,-1
225,51,297.69,379.86,54.60,117.57,0.9235,1,3,-1
225,59,1694.16,476.34,31.13,60.90,0.6882,3,0,-1
225,63,513.77,274.58,36.70,61.30,0.8280,2,1,-1
225,71,1143.96,363.22,30.64,72.47,0.7447,2,1,-1
225,77,1169.26,384.13,73.26,119.77,0.9377,2,2,-1
225,82,71.42,367.11,79.30,102.96,0.7460,2,-1,-1
225,83,1357.24,562.57,20.03,46.39,0.8170,2,-1,-1
225,0,544.76,443.74,18.81,19.25,1.0,0,-1,-1
226,2,1333.54,475.12,52.30,131.43,0.9177,2,2,-1
226,5,634.29,525.45,46.56,72.95,0.8120,3,0,-1
226,9,271.87,582.30,58.95,153.93,0.8381,2,-1,-1
226,12,1296.17,377.70,61.84,112.25,0.8959,2,2,-1
226,14,1387.17,433.34,60.66,132.45,0.8768,2,2,-1
226,22,959.81,365.18,61.81,98.67,0.9203,2,2,-1
226,24,1484.50,419.79,68.14,132.65,0.9361,2,2,-1
226,33,1873.50,458.97,46.71,120.50,0.9166,2,2,-1
226,36,1255.14,400.71,49.02,120.09,0.9038,2,2,-1
226,37,1698.70,477.07,37.95,64.90,0.8498,2,2,-1
226,42,1446.28,412.73,46.77,123.75,0.8901,2,2,-1
226,43,1737.27,412.70,50.53,96.49,0.8997,2,1,-1
226,51,306.05,378.58,54.93,118.84,0.9367,1,3,-1
226,63,516.23,249.39,42.91,85.90,0.8793,2,1,-1
226,71,1151.92,362.70,30.04,67.11,0.7240,2,1,-1
226,77,1182.44,383.51,69.73,119.96,0.9278,2,2,-1
226,82,104.72,367.79,60.80,100.45,0.9022,2,-1,-1
226,84,665.21,419.36,58.65,99.59,0.9161,2,-1,-1
226,0,539.59,435.90,18.98,18.53,1.0,0,-1,-1
227,2,1335.63,475.14,54.13,128.08,0.8836,2,2,-1
227,5,629.99,481.20,61.80,125.39,0.9081,3,0,-1
227,9,285.11,580.50,57.70,155.68,0.8639,2,1,-1
227,10,1222.79,506.02,34.76,60.24,0.6250,3,0,-1
227,12,1301.85,376.86,64.18,113.11,0.9114,2,2,-1
227,14,1390.95,432.28,62.18,131.61,0.9114,2,2,-1
227,22,959.16,363.82,49.38,98.42,0.9290,2,2,-1
227,24,1488.73,421.51,71.62,130.78,0.9207,2,2,-1
227,30,1743.98,385.58,50.79,122.64,0.9170,1,3,-1
227,33,1873.79,459.89,46.33,120.46,0.9138,2,2,-1
227,36,1257.18,397.97,54.49,122.14,0.9230,2,2,-1
227,37,1706.60,480.92,38.59,63.04,0.8597,2,2,-1
227,42,1453.71,412.03,44.57,127.44,0.8989,2,2,-1
227,51,311.89,378.54,55.07,120.62,0.9278,1,3,-1
227,57,1131.80,365.90,58.31,109.77,0.7960,2,2,-1
227,63,525.72,249.43,42.42,85.43,0.8064,2,1,-1
227,77,1194.98,381.61,61.15,118.43,0.9281,2,2,-1
227,84,668.76,418.10,66.48,98.83,0.9363,2,-1,-1
227,0,533.13,429.86,18.96,17.92,1.0,0,-1,-1
228,2,1336.64,472.23,60.21,134.34,0.9333,2,2,-1
228,5,649.61,523.73,42.66,79.73,0.7954,3,0,-1
228,9,298.63,579.23,54.65,149.55,0.9026,2,1,-1
228,10,1233.21,503.62,31.85,61.82,0.8221,3,0,-1
228,12,1307.90,375.68,64.46,111.20,0.9292,2,2,-1
228,14,1398.36,431.25,62.64,131.64,0.8874,2,2,-1
228,22,960.44,361.71,53.29,99.81,0.9321,2,2,-1
228,24,1498.64,421.83,67.09,129.13,0.8886,2,2,-1
228,33,1869.76,461.64,49.06,112.94,0.9194,2,2,-1
228,36,1261.69,396.63,57.49,122.91,0.9339,2,2,-1
228,37,1711.97,477.23,42.31,67.29,0.8905,2,2,-1
228,42,1461.73,414.44,40.80,123.37,0.8993,2,2,-1
228,43,1751.75,413.40,48.01,94.47,0.8893,2,1,-1
228,51,317.42,379.18,57.74,121.60,0.9270,1,3,-1
228,57,1137.67,369.16,57.27,111.50,0.8325,2,2,-1
228,63,532.60,249.56,46.40,85.53,0.9269,2,1,-1
228,77,1202.93,380.36,57.11,119.40,0.9200,2,2,-1
228,84,679.76,415.82,66.87,98.08,0.9414,2,-1,-1
228,0,528.75,424.27,18.32,16.83,1.0,0,-1,-1
229,2,1339.24,473.07,63.99,133.50,0.9306,2,2,-1
229,5,637.34,475.15,69.18,130.67,0.9175,3,0,-1
229,9,309.73,579.25,54.83,154.04,0.9243,2,1,-1
229,10,1237.51,498.14,35.09,66.28,0.7678,3,0,-1
229,12,1313.43,376.60,64.59,110.04,0.9143,2,2,-1
229,14,1412.28,432.17,58.13,131.85,0.8735,2,2,-1
229,22,960.93,360.36,58.49,99.52,0.9324,2,2,-1
229,24,1501.71,424.33,63.21,126.12,0.9094,2,2,-1
229,30,1759.12,384.97,46.56,122.66,0.8908,1,3,-1
229,33,1869.40,462.16,50.33,112.88,0.9211,2,2,-1
229,36,1264.79,397.66,59.54,121.20,0.9290,2,2,-1
229,42,1469.13,417.61,38.98,120.13,0.9109,2,2,-1
229,51,327.08,381.48,55.97,120.69,0.9337,1,3,-1
229,56,1718.90,464.27,41.59,79.83,0.8706,2,-1,-1
229,57,1149.98,370.75,58.39,109.59,0.7497,2,2,-1
229,63,537.31,249.61,52.09,87.10,0.9129,2,1,-1
229,77,1210.35,379.40,52.17,119.63,0.8974,2,2,-1
229,84,690.93,414.09,70.32,99.52,0.9464,2,2,-1
229,0,523.73,419.49,19.54,18.17,1.0,0,-1,-1
230,2,1339.68,473.29,67.00,124.87,0.9263,2,2,-1
230,5,638.34,473.84,73.02,130.31,0.9280,3,0,-1
230,9,317.63,578.34,56.37,153.97,0.9366,2,1,-1
230,10,1242.24,487.73,39.37,76.38,0.8260,3,0,-1
230,12,1320.41,377.83,63.57,106.40,0.9253,2,2,-1
230,14,1418.46,431.49,57.65,132.81,0.8956,2,2,-1
230,22,958.66,360.03,64.79,100.53,0.9373,2,2,-1
230,24,1502.89,422.07,62.08,125.94,0.8934,2,2,-1
230,33,1875.30,462.33,45.82,111.46,0.9087,2,2,-1
230,36,1268.26,398.74,58.57,118.85,0.9207,2,2,-1
230,37,1722.73,474.67,41.02,69.50,0.8868,2,2,-1
230,43,1768.89,429.96,39.38,77.40,0.5945,2,1,-1
230,44,1170.16,369.13,41.36,75.67,0.5065,2,2,-1
230,51,337.19,384.56,53.35,119.17,0.9308,1,3,-1
230,63,540.63,249.82,57.36,87.58,0.9189,2,1,-1
230,77,1214.25,379.47,47.37,110.61,0.7757,2,2,-1
230,82,182.57,367.81,61.92,91.55,0.7603,2,1,-1
230,84,700.89,413.03,65.28,95.79,0.9377,2,2,-1
230,0,520.39,416.93,17.00,17.58,1.0,0,-1,-1
231,2,1338.15,477.07,72.04,134.54,0.9320,2,2,-1
231,5,641.36,473.59,71.90,129.17,0.9235,3,0,-1
231,9,322.75,577.79,60.70,154.85,0.9395,2,1,-1
231,12,1325.52,378.60,58.85,97.89,0.8772,2,2,-1
231,14,1428.09,431.27,56.08,132.77,0.8996,2,2,-1
231,22,950.84,360.71,72.72,100.22,0.9402,2,2,-1
231,33,1882.92,462.84,38.90,111.80,0.9110,2,2,-1
231,36,1270.91,400.73,56.30,117.90,0.9289,2,2,-1
231,37,1726.15,478.60,38.58,66.42,0.7897,2,2,-1
231,39,1515.48,422.96,43.76,103.32,0.8499,2,2,-1
231,43,1775.21,431.14,36.95,75.65,0.7297,2,1,-1
231,51,348.60,386.22,49.24,119.82,0.9332,1,3,-1
231,54,1232.00,471.66,57.76,92.02,0.8527,2,1,-1
231,57,1163.50,371.46,63.07,108.43,0.8618,2,2,-1
231,63,545.36,253.06,57.32,85.19,0.8895,2,1,-1
231,77,1222.14,378.82,40.70,109.87,0.8976,2,2,-1
231,82,218.74,366.30,57.51,92.28,0.8070,2,1,-1
231,84,708.39,411.90,59.32,94.72,0.9239,2,2,-1
231,0,514.73,415.92,17.58,17.23,1.0,0,-1,-1
232,2,1334.30,480.71,74.44,132.33,0.9076,2,2,-1
232,3,1347.86,450.55,35.04,48.71,0.8163,2,2,-1
232,5,642.33,476.01,65.59,127.57,0.8793,3,0,-1
232,9,330.30,577.30,62.37,154.72,0.9377,2,1,-1
232,14,1439.90,432.88,51.05,133.90,0.8933,2,2,-1
232,22,953.61,362.10,68.13,99.19,0.9203,2,2,-1
232,24,1513.51,423.87,45.18,122.87,0.9219,2,2,-1
232,33,1888.55,464.53,33.04,110.96,0.9068,2,2,-1
232,36,1272.02,403.78,52.10,117.36,0.9149,2,2,-1
232,37,1729.52,476.88,38.24,68.04,0.7236,2,2,-1
232,43,1781.56,432.98,33.78,74.08,0.7063,2,1,-1
232,47,1164.67,371.93,54.79,97.15,0.8436,2,1,-1
232,51,357.58,389.21,46.73,118.69,0.9386,1,3,-1
232,55,1331.79,381.77,47.58,78.00,0.7393,2,-1,-1
232,63,551.42,259.95,53.56,80.76,0.7646,2,1,-1
232,77,1230.07,379.74,37.57,108.88,0.8872,2,2,-1
232,82,250.37,366.95,57.49,76.19,0.8807,2,1,-1
232,84,711.99,411.12,56.89,94.63,0.9079,2,2,-1
232,0,509.08,416.42,17.63,16.73,1.0,0,-1,-1
233,2,1330.33,482.53,75.27,130.40,0.9019,2,2,-1
233,3,1352.13,452.17,32.63,49.82,0.7132,2,2,-1
233,4,647.36,478.86,41.92,98.07,0.8875,2,1,-1
233,9,340.32,578.79,62.10,154.33,0.9315,2,1,-1
233,14,1454.05,434.08,43.75,132.72,0.8878,2,-1,-1
233,22,955.85,362.93,57.67,97.99,0.9007,2,2,-1
233,24,1516.94,422.28,43.50,127.20,0.9021,2,2,-1
233,33,1890.63,466.18,30.14,107.45,0.8886,2,2,-1
233,36,1274.77,405.65,44.74,115.70,0.8989,2,2,-1
233,37,1723.96,432.34,50.78,112.74,0.8375,2,2,-1
233,42,1486.76,419.14,36.09,118.75,0.8546,2,2,-1
233,43,1787.79,427.99,31.88,79.54,0.8605,2,1,-1
233,44,1173.33,373.87,45.39,74.15,0.7412,2,2,-1
233,51,364.61,389.92,46.92,118.21,0.9354,1,3,-1
233,55,1333.03,383.74,42.39,81.39,0.9004,2,-1,-1
233,63,556.13,281.35,40.78,59.40,0.7243,2,1,-1
233,77,1236.93,380.30,37.07,105.59,0.8386,2,2,-1
233,82,274.78,366.72,53.25,61.95,0.8381,2,1,-1
233,84,716.24,410.65,51.62,96.05,0.8930,2,2,-1
233,0,503.22,417.38,17.31,17.12,1.0,0,-1,-1
234,1,569.07,298.21,24.10,43.29,0.8153,1,3,-1
234,2,1328.21,481.86,71.40,130.70,0.9021,2,2,-1
234,4,646.97,480.34,42.25,102.01,0.8837,2,1,-1
234,9,351.05,579.33,62.55,154.72,0.9307,2,1,-1
234,12,1333.52,384.13,53.09,104.27,0.9130,2,2,-1
234,14,1462.22,440.47,39.12,125.39,0.8101,3,0,-1
234,22,954.95,363.07,48.63,97.40,0.8963,2,2,-1
234,24,1519.60,421.80,45.19,128.02,0.8923,2,2,-1
234,30,1788.93,389.43,37.61,120.27,0.9068,1,3,-1
234,33,1884.02,465.49,34.22,109.45,0.8712,2,2,-1
234,36,1274.57,407.37,42.91,114.86,0.8411,2,2,-1
234,37,1731.48,430.97,46.02,114.82,0.8793,2,2,-1
234,44,1176.27,375.31,48.88,78.10,0.8193,2,2,-1
234,51,369.66,390.41,44.58,117.50,0.9336,1,3,-1
234,63,561.22,258.43,33.96,48.83,0.6606,2,1,-1
234,77,1240.38,381.26,38.00,105.82,0.8457,2,2,-1
234,79,1256.25,508.02,48.19,57.29,0.7630,2,2,-1
234,82,292.73,366.41,59.81,60.96,0.8347,2,1,-1
234,84,720.34,406.49,51.86,101.92,0.8989,2,2,-1
234,0,497.79,419.53,17.70,16.81,1.0,0,-1,-1
235,2,1329.42,480.38,63.53,131.76,0.9193,2,2,-1
235,5,644.85,479.63,49.28,121.37,0.8672,3,0,-1
235,9,360.92,579.49,61.78,154.05,0.9295,2,1,-1
235,12,1336.14,383.87,57.18,105.34,0.9174,2,2,-1
235,16,1485.63,415.28,31.95,71.08,0.6662,2,2,-1
235,22,954.58,363.62,38.87,96.98,0.9201,2,2,-1
235,24,1522.68,419.63,47.96,130.18,0.9010,2,2,-1
235,30,1791.63,402.87,38.60,108.41,0.8686,1,3,-1
235,33,1883.17,465.46,35.15,108.24,0.8103,2,2,-1
235,36,1274.40,406.97,46.50,117.68,0.8236,2,2,-1
235,37,1740.76,430.29,29.99,63.14,0.7664,2,2,-1
235,51,374.29,389.13,41.48,118.40,0.9159,1,3,-1
235,63,557.42,256.79,47.28,83.94,0.8017,2,1,-1
235,71,1204.72,408.78,25.62,48.39,0.8173,2,1,-1
235,82,303.21,366.59,72.78,96.19,0.8861,2,1,-1
235,84,720.30,403.17,54.99,101.05,0.9258,2,2,-1
235,0,491.29,422.42,17.81,15.85,1.0,0,-1,-1
236,2,1332.15,482.86,62.79,129.00,0.9189,2,2,-1
236,5,645.14,479.44,54.38,110.06,0.9160,3,0,-1
236,9,369.21,581.09,62.47,152.34,0.9243,2,1,-1
236,12,1336.82,382.92,61.46,106.41,0.9330,2,2,-1
236,14,1476.00,437.34,39.79,128.73,0.7801,3,0,-1
236,22,952.61,364.12,39.46,98.79,0.9323,2,2,-1
236,24,1528.50,423.10,47.35,125.81,0.9053,2,2,-1
236,30,1788.98,398.18,48.21,114.46,0.9176,1,3,-1
236,33,1881.11,466.33,38.09,111.82,0.8607,2,2,-1
236,37,1735.82,426.70,55.20,119.80,0.8909,2,2,-1
236,51,377.72,388.12,40.93,120.76,0.9209,1,3,-1
236,54,1238.68,462.62,76.09,102.89,0.7776,2,1,-1
236,63,565.36,259.53,40.41,84.12,0.9012,2,1,-1
236,71,1205.71,407.25,26.77,50.08,0.8174,2,1,-1
236,82,322.87,365.92,65.95,97.83,0.8238,2,1,-1
236,84,720.49,401.98,58.96,98.56,0.9269,2,2,-1
236,0,483.53,426.51,18.17,16.98,1.0,0,-1,-1
237,2,1333.63,481.78,63.41,135.78,0.9351,2,2,-1
237,5,638.41,479.01,67.83,124.73,0.9139,3,0,-1
237,9,376.59,580.98,62.91,152.35,0.9407,2,1,-1
237,10,1261.58,466.24,44.93,98.09,0.8645,3,0,-1
237,12,1334.99,382.60,65.47,106.51,0.9329,2,2,-1
237,14,1480.89,435.27,41.56,131.64,0.7978,3,0,-1
237,22,941.62,366.34,49.57,94.68,0.9372,2,2,-1
237,24,1525.71,424.01,52.31,126.94,0.9092,2,2,-1
237,30,1791.45,403.70,51.00,109.71,0.9278,1,3,-1
237,33,1881.24,467.06,38.68,113.01,0.8928,2,2,-1
237,37,1734.60,422.87,60.34,125.71,0.9327,2,2,-1
237,44,1188.23,376.37,39.56,60.37,0.8239,2,2,-1
237,51,380.28,388.16,41.77,122.58,0.8994,1,3,-1
237,63,564.33,257.54,42.76,88.30,0.9236,2,1,-1
237,77,1240.76,386.00,43.97,116.80,0.8312,2,2,-1
237,82,337.49,366.16,52.64,99.04,0.9193,2,1,-1
237,84,720.74,401.98,59.13,94.88,0.9115,2,2,-1
237,0,476.76,432.26,17.46,15.74,1.0,0,-1,-1
238,2,1333.57,479.56,64.41,134.22,0.9407,2,2,-1
238,5,636.68,479.06,70.45,115.79,0.9112,3,0,-1
238,8,1497.34,419.19,24.47,43.43,0.6596,2,2,-1
238,9,383.09,581.54,63.10,151.53,0.9201,2,1,-1
238,10,1270.48,485.28,38.17,79.95,0.6747,3,0,-1
238,12,1329.06,382.73,74.45,108.67,0.9321,2,2,-1
238,22,928.11,367.98,61.20,94.33,0.9386,2,2,-1
238,24,1524.86,426.60,56.36,126.93,0.9179,2,2,-1
238,30,1795.24,402.86,52.54,111.03,0.9103,1,3,-1
238,33,1882.87,464.12,37.83,116.86,0.8917,2,2,-1
238,37,1733.68,426.27,63.78,123.23,0.9206,2,2,-1
238,51,379.90,389.56,43.93,123.33,0.9134,1,3,-1
238,57,1246.36,412.35,43.51,87.41,0.7685,2,2,-1
238,63,562.63,258.56,46.44,87.56,0.9229,2,1,-1
238,71,1208.59,408.22,28.07,51.21,0.7370,2,1,-1
238,77,1222.21,460.19,23.20,55.63,0.5737,2,2,-1
238,84,721.45,402.64,56.68,95.02,0.8891,2,2,-1
238,0,468.18,437.03,18.74,17.59,1.0,0,-1,-1
239,2,1325.32,480.25,71.42,139.49,0.9394,2,2,-1
239,5,628.43,480.27,77.32,123.06,0.9222,3,0,-1
239,9,388.81,581.15,64.36,152.91,0.9371,2,1,-1
239,10,1323.69,456.40,22.18,43.11,0.7547,3,0,-1
239,12,1331.61,384.15,73.20,106.90,0.9136,2,2,-1
239,16,1497.90,419.01,32.58,70.29,0.5996,2,2,-1
239,22,924.46,370.77,60.12,93.07,0.9351,2,2,-1
239,24,1521.47,427.69,57.74,126.55,0.9032,2,2,-1
239,30,1798.99,400.60,52.93,114.69,0.9269,1,3,-1
239,33,1883.39,465.27,36.65,113.72,0.8743,2,2,-1
239,37,1732.08,428.57,65.88,121.33,0.9313,2,2,-1
239,51,368.27,394.19,45.92,122.07,0.5604,1,3,-1
239,54,1262.00,471.02,63.03,94.07,0.8047,2,1,-1
239,57,1256.46,388.37,32.49,75.74,0.8370,2,2,-1
239,63,561.75,261.21,46.83,87.28,0.9130,2,1,-1
239,71,1207.45,409.00,29.84,49.70,0.8176,2,1,-1
239,84,723.76,402.74,45.62,95.15,0.9104,2,2,-1
239,0,458.09,443.67,19.96,18.08,1.0,0,-1,-1
240,2,1323.66,485.82,69.27,135.55,0.9378,2,2,-1
240,5,625.53,481.01,73.22,124.72,0.9352,3,0,-1
240,9,392.35,581.88,62.32,151.91,0.9433,2,1,-1
240,10,1325.56,455.77,22.76,45.86,0.8008,3,0,-1
240,12,1327.94,385.49,50.08,80.31,0.8623,2,2,-1
240,22,920.35,372.67,55.40,91.92,0.9298,2,2,-1
240,30,1800.80,396.70,53.17,118.90,0.9251,1,3,-1
240,33,1883.42,468.56,36.62,114.47,0.9140,2,2,-1
240,37,1727.86,431.45,66.10,122.63,0.8755,2,2,-1
240,42,1532.47,428.42,41.28,126.73,0.9092,2,2,-1
240,51,368.52,396.12,59.37,120.14,0.9300,1,3,-1
240,54,1262.44,477.02,59.73,88.84,0.6046,2,1,-1
240,57,1258.90,387.98,29.80,69.91,0.8357,2,2,-1
240,63,564.92,296.50,35.78,54.99,0.8623,2,1,-1
240,71,1207.59,410.83,29.53,48.20,0.8130,2,1,-1
240,83,1490.01,428.64,33.67,76.53,0.5745,2,-1,-1
240,84,726.72,401.98,40.77,96.23,0.9237,2,2,-1
240,0,444.58,451.85,21.87,20.50,1.0,0,-1,-1
241,2,1322.54,489.47,61.93,133.00,0.9239,2,2,-1
241,5,621.38,480.26,60.30,126.33,0.9317,3,0,-1
241,7,1495.14,520.00,30.16,54.59,0.6958,2,2,-1
241,9,393.92,582.09,60.88,152.27,0.9304,2,1,-1
241,10,1325.63,457.08,22.90,47.53,0.6561,3,0,-1
241,12,1323.22,387.37,46.24,80.05,0.8295,2,2,-1
241,22,921.64,373.62,45.67,91.39,0.9221,2,2,-1
241,30,1801.82,395.73,48.96,120.41,0.9147,1,3,-1
241,33,1880.72,469.46,38.68,113.55,0.9137,2,2,-1
241,42,1529.98,428.39,37.50,126.91,0.9033,2,2,-1
241,47,1254.11,387.42,36.56,84.85,0.7908,2,1,-1
241,51,361.46,400.49,63.14,117.23,0.9288,1,3,-1
241,54,1258.09,472.35,62.92,94.05,0.7386,2,1,-1
241,56,1727.68,436.31,55.63,101.32,0.6123,2,-1,-1
241,63,555.62,285.58,39.73,66.22,0.7620,2,1,-1
241,71,1204.59,408.65,30.62,51.95,0.8228,2,1,-1
241,77,1197.01,470.35,22.53,49.80,0.6664,2,2,-1
241,83,1483.03,424.43,41.40,92.28,0.8424,2,-1,-1
241,84,722.53,400.70,43.57,96.38,0.9280,2,2,-1
241,0,435.29,451.65,23.22,19.52,1.0,0,-1,-1
242,2,1320.46,494.28,51.62,130.54,0.9219,2,2,-1
242,5,614.75,478.85,50.54,126.74,0.9310,3,0,-1
242,9,392.54,582.26,59.02,152.06,0.9366,2,-1,-1
242,10,1323.46,459.91,24.31,52.28,0.7714,3,0,-1
242,12,1318.04,387.41,41.63,83.27,0.8873,2,2,-1
242,14,1477.34,422.77,41.87,121.91,0.8676,3,0,-1
242,22,919.86,373.89,40.96,90.53,0.9243,2,2,-1
242,30,1801.48,399.30,44.21,114.26,0.9075,1,3,-1
242,33,1875.29,470.89,42.33,112.22,0.9158,2,2,-1
242,42,1527.77,426.52,36.91,128.66,0.8999,2,2,-1
242,47,1253.72,387.15,33.34,89.42,0.8611,2,1,-1
242,51,353.13,402.15,69.99,116.54,0.9355,1,3,-1
242,54,1253.66,466.09,64.56,100.67,0.8916,2,-1,-1
242,56,1726.26,437.61,47.39,75.77,0.5355,2,-1,-1
242,63,557.04,307.09,24.85,44.60,0.8091,2,1,-1
242,71,1198.23,410.64,32.35,51.21,0.8339,2,1,-1
242,77,1193.34,467.00,24.95,54.72,0.5129,2,2,-1
242,84,715.56,400.78,46.56,95.80,0.9273,2,2,-1
243,2,1314.01,491.80,44.33,132.53,0.9095,2,2,-1
243,5,606.40,478.49,49.42,128.09,0.9252,3,0,-1
243,9,389.44,582.54,55.54,152.66,0.9437,3,0,-1
243,10,1322.11,462.06,24.50,51.55,0.6831,3,0,-1
243,12,1310.65,387.06,41.39,84.47,0.8389,2,2,-1
243,14,1470.87,421.99,43.92,121.87,0.8956,3,0,-1
243,22,912.95,373.15,41.93,89.11,0.9271,2,2,-1
243,24,1525.91,426.61,36.41,90.10,0.8867,2,2,-1
243,30,1799.77,401.75,40.50,109.00,0.9116,1,3,-1
243,33,1864.67,468.10,40.82,114.75,0.9306,2,2,-1
243,51,348.32,404.30,72.47,115.92,0.9442,1,3,-1
243,54,1252.00,463.14,62.27,103.37,0.8998,2,2,-1
243,57,1252.09,386.55,29.21,65.90,0.8488,2,2,-1
243,59,1732.78,509.91,25.33,43.73,0.5685,3,0,-1
243,71,1192.89,412.55,33.97,52.65,0.8619,2,1,-1
243,77,1197.88,475.77,27.46,46.52,0.5900,2,2,-1
243,84,703.42,400.24,52.65,93.40,0.9261,2,2,-1
243,90,418.97,370.52,51.75,46.55,0.8154,2,-1,-1
243,91,438.29,409.37,30.64,59.04,0.8310,2,-1,-1
244,2,1298.73,490.20,45.90,132.66,0.9140,2,2,-1
244,5,595.36,478.75,50.41,124.67,0.9275,3,0,-1
244,9,386.38,582.50,54.42,152.50,0.9336,3,0,-1
244,14,1462.54,421.88,47.35,122.98,0.8753,3,0,-1
244,22,895.89,372.38,52.42,90.19,0.9276,2,2,-1
244,24,1521.16,427.33,36.17,89.70,0.8491,2,2,-1
244,33,1854.34,470.10,46.10,114.15,0.9292,2,2,-1
244,36,1297.65,384.98,48.46,108.95,0.8700,2,2,-1
244,43,1797.29,415.81,37.07,94.64,0.9010,2,1,-1
244,44,1182.28,377.29,38.50,70.92,0.8220,2,2,-1
244,51,344.79,405.74,69.68,116.86,0.9393,1,3,-1
244,54,1247.13,457.87,61.71,107.06,0.8562,2,2,-1
244,56,1712.65,438.39,45.32,75.32,0.5370,2,-1,-1
244,57,1248.91,385.22,33.20,71.51,0.7770,2,2,-1
244,59,1723.20,506.68,29.21,48.47,0.7146,3,0,-1
244,84,692.64,401.06,52.53,91.34,0.9209,2,2,-1
244,90,427.70,367.42,54.00,46.92,0.7865,2,-1,-1
244,91,440.11,399.98,34.26,68.47,0.6515,2,-1,-1
244,93,537.74,265.33,36.07,87.80,0.9079,2,-1,-1
245,2,1287.66,487.82,49.95,136.04,0.9198,2,2,-1
245,5,582.48,480.62,53.16,126.14,0.9357,3,0,-1
245,9,381.66,583.60,53.26,152.16,0.9298,3,0,-1
245,14,1455.81,423.56,46.72,122.22,0.9001,3,0,-1
245,22,885.56,372.61,57.04,89.05,0.9298,2,2,-1
245,24,1515.57,428.02,35.21,83.31,0.8832,2,2,-1
245,30,1790.65,397.82,37.47,110.93,0.9057,1,3,-1
245,33,1843.26,467.90,52.48,116.48,0.9256,2,2,-1
245,36,1286.85,383.24,48.76,111.88,0.8942,2,2,-1
245,44,1169.58,377.75,41.06,72.83,0.8512,2,2,-1
245,47,1242.31,385.51,38.95,103.11,0.6115,2,1,-1
245,51,340.81,404.95,65.32,117.18,0.9426,1,3,-1
245,54,1241.90,467.82,56.31,97.39,0.6696,2,2,-1
245,56,1709.08,437.65,41.02,71.40,0.6603,2,1,-1
245,59,1712.12,503.29,33.58,55.49,0.6402,3,0,-1
245,84,685.46,406.49,44.48,86.29,0.8750,2,2,-1
245,90,419.41,366.12,42.56,38.71,0.5990,2,-1,-1
245,91,443.09,367.37,55.52,98.38,0.8240,2,-1,-1
245,93,527.37,264.22,39.66,90.35,0.9134,2,-1,-1
246,2,1274.67,489.28,55.02,135.50,0.9264,2,2,-1
246,5,569.46,483.02,55.37,121.88,0.9197,3,0,-1
246,9,377.49,583.71,52.71,152.79,0.9447,3,0,-1
246,14,1448.64,424.88,46.03,121.66,0.8808,3,0,-1
246,22,876.17,373.17,57.61,88.51,0.9289,2,2,-1
246,24,1508.37,433.36,35.37,82.68,0.8543,2,2,-1
246,30,1782.31,395.32,37.44,112.70,0.7360,1,3,-1
246,33,1823.14,467.13,65.61,117.36,0.9330,2,2,-1
246,36,1280.76,382.23,47.50,111.19,0.8822,2,2,-1
246,37,1698.22,435.86,48.36,119.67,0.8447,2,2,-1
246,44,1162.62,396.05,32.72,58.10,0.8115,2,2,-1
246,47,1229.90,385.07,45.16,112.68,0.7845,2,1,-1
246,51,335.01,403.33,59.59,119.43,0.9319,1,3,-1
246,84,677.66,404.53,38.91,87.48,0.9061,2,2,-1
246,91,432.64,360.16,65.13,91.43,0.8446,2,-1,-1
246,93,515.99,263.94,43.49,89.83,0.9118,2,-1,-1
246,0,600.55,387.74,28.96,19.20,1.0,0,-1,-1
247,2,1259.43,489.65,60.54,136.38,0.9293,2,2,-1
247,5,542.01,484.71,67.73,122.47,0.9263,3,0,-1
247,9,369.60,584.75,53.20,150.88,0.9323,3,0,-1
247,14,1441.19,424.36,45.97,123.17,0.9174,3,0,-1
247,22,870.28,372.36,53.41,89.51,0.9361,2,2,-1
247,24,1500.94,438.33,34.16,80.33,0.8747,2,2,-1
247,33,1807.69,466.47,72.33,119.16,0.9377,2,2,-1
247,36,1273.43,383.35,44.11,104.50,0.8271,2,2,-1
247,37,1693.11,437.66,46.29,116.80,0.8945,2,2,-1
247,43,1774.31,419.66,34.62,88.30,0.6392,2,1,-1
247,44,1155.01,399.33,30.01,53.88,0.8440,2,2,-1
247,47,1174.53,445.65,30.74,73.66,0.6414,2,1,-1
247,51,326.11,401.58,55.25,120.80,0.9288,1,3,-1
247,57,1226.97,386.69,37.75,78.26,0.7697,2,2,-1
247,84,666.94,404.87,38.04,87.17,0.9095,2,2,-1
247,91,429.20,358.73,70.86,97.63,0.8607,2,-1,-1
247,93,503.06,264.49,48.42,92.03,0.9229,2,-1,-1
247,0,637.84,375.35,28.32,19.52,1.0,0,-1,-1
248,2,1244.84,489.41,62.75,138.53,0.9262,2,2,-1
248,5,521.29,485.43,76.01,122.88,0.9259,3,0,-1
248,9,363.51,584.51,53.02,152.78,0.9389,3,0,-1
248,14,1431.74,425.16,42.71,121.25,0.9192,3,0,-1
248,22,862.85,370.65,50.98,89.85,0.9332,2,2,-1
248,24,1490.63,438.35,33.72,76.40,0.8297,2,2,-1
248,30,1762.33,392.44,37.34,114.71,0.7696,1,3,-1
248,33,1790.47,468.53,74.94,119.24,0.9315,2,2,-1
248,36,1262.68,382.96,44.62,110.74,0.8959,2,2,-1
248,44,1145.89,402.72,29.88,55.93,0.8565,2,2,-1
248,51,312.17,399.54,54.40,123.14,0.9183,1,3,-1
248,56,1685.25,439.00,41.15,71.73,0.7152,2,1,-1
248,57,1219.57,387.55,39.11,78.66,0.8053,2,2,-1
248,84,652.55,406.11,39.31,82.37,0.8901,2,2,-1
248,91,430.73,359.22,67.49,90.71,0.8709,2,1,-1
248,93,491.94,267.01,47.77,89.60,0.8536,2,-1,-1
248,0,673.39,362.77,29.64,20.42,1.0,0,-1,-1
249,2,1233.86,491.85,59.69,137.68,0.9325,2,2,-1
249,5,506.74,485.87,76.20,123.18,0.9311,3,0,-1
249,7,1468.69,521.82,28.97,59.11,0.6708,2,2,-1
249,9,357.71,585.33,50.59,152.45,0.9355,3,0,-1
249,14,1421.96,424.02,39.62,121.97,0.9106,3,0,-1
249,16,1481.24,442.89,31.82,64.48,0.7786,2,2,-1
249,22,853.66,368.45,50.71,93.10,0.9272,2,2,-1
249,30,1749.16,392.36,38.68,117.28,0.8679,1,3,-1
249,33,1781.68,470.37,66.83,116.73,0.9037,2,2,-1
249,36,1248.34,384.65,45.74,109.68,0.8932,2,2,-1
249,44,1135.24,406.39,28.27,54.21,0.8486,2,2,-1
249,51,298.19,399.23,54.42,123.58,0.9120,1,3,-1
249,56,1674.73,442.05,39.17,69.73,0.7340,2,1,-1
249,57,1208.86,387.19,39.11,81.79,0.8068,2,2,-1
249,84,633.32,406.54,45.94,82.66,0.9045,2,2,-1
249,91,432.47,363.15,66.25,91.48,0.8577,2,1,-1
249,93,483.20,269.32,34.99,63.41,0.8459,2,-1,-1
249,0,708.18,351.28,27.20,19.13,1.0,0,-1,-1
250,2,1225.42,495.46,52.66,133.90,0.9225,2,2,-1
250,5,493.28,485.74,79.47,125.81,0.9368,3,0,-1
250,9,350.28,585.14,49.15,153.16,0.9299,3,0,-1
250,14,1408.24,423.90,41.05,122.54,0.9119,3,0,-1
250,22,843.34,365.76,50.38,96.42,0.9282,2,2,-1
250,24,1470.89,440.08,29.93,65.72,0.7715,2,2,-1
250,33,1766.18,472.71,57.19,113.70,0.8522,2,2,-1
250,36,1233.20,386.47,45.38,111.81,0.8836,2,2,-1
250,43,1734.52,417.48,40.50,94.73,0.8417,2,1,-1
250,44,1124.63,408.48,27.81,55.64,0.8270,2,2,-1
250,51,284.23,399.34,54.11,124.28,0.8975,1,3,-1
250,54,1177.88,439.76,51.29,97.36,0.7410,2,2,-1
250,56,1661.03,445.29,38.21,72.23,0.8904,2,1,-1
250,57,1199.43,387.60,34.95,76.22,0.8281,2,2,-1
250,84,616.98,406.97,50.84,83.12,0.9246,2,2,-1
250,91,428.85,362.73,35.88,53.43,0.7825,2,1,-1
250,93,469.12,270.45,32.44,57.56,0.7545,2,-1,-1
250,0,739.82,339.79,27.73,19.81,1.0,0,-1,-1
251,2,1212.65,501.26,48.50,128.01,0.9171,2,2,-1
251,5,482.27,485.89,80.59,127.14,0.9327,3,0,-1
251,9,342.53,585.93,48.10,151.54,0.9342,3,0,-1
251,14,1392.60,425.10,44.08,123.67,0.9203,3,0,-1
251,22,829.78,363.19,51.37,98.66,0.9245,2,2,-1
251,30,1722.65,396.95,40.65,114.91,0.9041,1,3,-1
251,33,1752.69,473.21,47.97,112.45,0.9023,2,2,-1
251,36,1221.64,388.85,40.70,103.55,0.8752,2,2,-1
251,42,1445.56,439.15,41.70,114.72,0.8444,2,2,-1
251,51,269.68,402.03,54.25,122.65,0.9148,1,3,-1
251,56,1648.22,445.03,37.35,76.28,0.8597,2,1,-1
251,57,1189.41,388.03,35.51,80.80,0.8058,2,2,-1
251,59,1641.62,507.67,29.03,58.82,0.7552,3,0,-1
251,63,452.87,297.14,34.98,63.57,0.6180,2,1,-1
251,84,604.62,408.82,50.26,82.34,0.8408,2,2,-1
251,94,1139.75,391.22,29.11,74.22,0.8199,2,-1,-1
251,0,772.04,328.65,26.70,19.82,1.0,0,-1,-1
252,2,1198.52,504.54,45.15,127.15,0.9095,2,2,-1
252,5,468.34,486.28,79.10,126.37,0.9330,3,0,-1
252,9,334.41,586.88,47.98,151.94,0.9317,3,0,-1
252,12,1209.11,389.76,38.88,91.94,0.8528,2,2,-1
252,14,1374.99,425.68,48.27,122.70,0.9213,2,-1,-1
252,22,820.05,362.43,49.71,99.09,0.9217,2,2,-1
252,33,1737.39,472.62,43.03,115.20,0.9168,2,2,-1
252,39,1437.49,442.57,40.71,134.20,0.8180,2,2,-1
252,43,1711.90,406.47,41.81,101.85,0.7972,2,1,-1
252,51,254.90,404.55,55.13,121.07,0.9310,1,3,-1
252,56,1637.61,444.93,33.02,72.00,0.8928,2,1,-1
252,57,1175.29,388.09,43.48,108.84,0.7786,2,2,-1
252,59,1626.80,500.92,32.11,66.12,0.7505,3,0,-1
252,63,434.15,271.20,38.43,87.54,0.8753,2,1,-1
252,84,592.60,407.12,49.18,83.58,0.8658,2,2,-1
252,94,1130.64,391.96,28.75,74.23,0.7922,2,-1,-1
252,0,802.99,319.64,26.11,19.87,1.0,0,-1,-1
253,2,1181.72,503.49,44.02,130.08,0.9225,2,2,-1
253,5,459.20,485.95,75.27,126.97,0.9320,3,0,-1
253,9,325.64,587.79,47.47,152.39,0.9314,3,0,-1
253,13,1613.29,485.83,39.30,80.65,0.7654,2,2,-1
253,14,1354.06,428.13,56.32,122.26,0.9247,2,2,-1
253,22,811.75,362.80,46.60,98.16,0.9101,2,2,-1
253,33,1722.64,472.72,43.01,118.24,0.9202,2,2,-1
253,36,1195.67,389.32,39.92,115.34,0.8721,2,2,-1
253,39,1424.59,442.20,39.57,126.44,0.7477,2,2,-1
253,43,1703.19,408.11,40.98,99.77,0.7843,2,1,-1
253,51,238.56,407.15,58.58,122.45,0.9283,1,3,-1
253,57,1164.70,388.45,41.25,110.84,0.7521,2,2,-1
253,63,418.83,270.48,38.07,89.73,0.8810,2,1,-1
253,84,580.22,406.87,47.63,83.64,0.7388,2,2,-1
253,94,1094.38,408.10,38.78,87.37,0.8275,2,-1,-1
254,2,1165.00,503.19,47.24,130.74,0.9151,2,2,-1
254,5,447.28,485.57,72.88,127.41,0.9227,3,0,-1
254,6,1156.11,388.80,32.31,59.50,0.7996,2,1,-1
254,9,316.82,589.42,47.63,151.77,0.9281,3,0,-1
254,14,1338.40,431.97,59.15,120.38,0.9273,2,2,-1
254,22,804.23,364.95,42.69,95.44,0.8958,2,2,-1
254,33,1702.08,473.52,48.37,119.73,0.9171,2,2,-1
254,36,1184.01,389.39,38.24,116.04,0.8732,2,2,-1
254,37,1599.40,445.33,44.01,121.75,0.8360,2,2,-1
254,51,223.30,410.36,60.70,121.80,0.9341,1,3,-1
254,63,401.90,272.08,39.50,86.27,0.8806,2,1,-1
254,83,1418.22,438.84,29.83,74.53,0.8053,2,-1,-1
254,84,566.03,406.80,46.06,84.48,0.5879,2,2,-1
254,94,1081.96,408.23,43.31,88.89,0.8378,2,-1,-1
255,2,1142.81,503.72,57.09,131.77,0.9249,2,2,-1
255,5,428.13,485.73,76.90,127.82,0.9201,3,0,-1
255,6,1144.47,390.31,30.15,58.04,0.7865,2,1,-1
255,9,307.50,589.57,48.26,153.14,0.9331,3,0,-1
255,14,1327.04,434.99,57.45,117.41,0.9257,2,2,-1
255,22,795.20,364.19,45.68,97.77,0.9014,2,2,-1
255,33,1683.28,473.58,51.49,124.06,0.9234,2,2,-1
255,36,1171.59,389.05,38.10,117.56,0.8634,2,2,-1
255,37,1585.07,446.15,45.59,123.60,0.8770,2,-1,-1
255,47,1082.23,467.79,31.51,65.76,0.6987,2,1,-1
255,51,209.30,413.95,63.57,120.15,0.9362,1,3,-1
255,63,386.88,274.32,41.06,88.27,0.8461,2,1,-1
255,71,1069.56,402.08,40.83,64.54,0.6585,2,1,-1
255,83,1404.17,439.30,31.55,77.59,0.8173,2,1,-1
255,84,556.57,405.07,42.70,85.14,0.6913,2,2,-1
255,94,1100.96,396.49,28.37,61.14,0.7388,2,-1,-1
255,95,390.71,373.01,66.46,60.17,0.7739,2,-1,-1
256,2,1129.38,502.04,59.93,135.80,0.9184,2,2,-1
256,5,414.36,487.15,78.24,126.87,0.9055,3,0,-1
256,6,1130.92,391.77,32.67,65.20,0.7587,2,1,-1
256,9,298.53,590.10,51.65,153.35,0.9292,3,0,-1
256,14,1316.51,436.82,54.53,116.10,0.9260,2,2,-1
256,22,784.55,365.64,47.20,98.10,0.9252,2,2,-1
256,33,1671.36,474.34,45.61,123.35,0.9172,2,2,-1
256,36,1158.97,389.56,38.07,119.45,0.8878,2,2,-1
256,37,1574.58,446.51,46.04,122.22,0.9124,2,-1,-1
256,51,196.29,415.42,64.76,119.22,0.9412,1,3,-1
256,71,1059.70,401.27,39.60,65.08,0.7875,2,1,-1
256,82,389.22,371.45,58.79,92.90,0.8202,2,1,-1
256,83,1392.28,439.44,36.77,85.33,0.8239,2,1,-1
256,94,1092.76,394.72,26.59,61.94,0.8352,2,-1,-1
257,2,1102.29,502.88,69.70,135.99,0.9195,2,2,-1
257,5,394.93,490.23,65.20,126.04,0.8903,3,0,-1
257,9,288.41,592.66,53.95,151.32,0.9316,3,0,-1
257,14,1306.25,437.61,51.72,115.55,0.9226,2,2,-1
257,22,773.56,368.55,47.05,95.27,0.9216,2,2,-1
257,33,1656.62,476.28,41.87,121.27,0.9144,2,2,-1
257,36,1146.32,391.38,37.32,117.40,0.8597,2,2,-1
257,37,1559.77,448.39,49.48,126.10,0.9132,2,-1,-1
257,51,183.91,416.09,62.91,119.63,0.9403,1,3,-1
257,71,1048.32,399.19,39.57,69.31,0.8426,2,1,-1
257,82,385.40,369.56,51.25,93.63,0.9221,2,1,-1
257,83,1377.53,439.35,35.17,82.11,0.5910,2,1,-1
257,84,537.38,408.71,34.54,79.78,0.7879,2,2,-1
257,94,1082.93,393.38,26.46,61.91,0.8773,2,-1,-1
258,2,1088.33,504.63,67.16,132.95,0.9198,2,2,-1
258,5,384.20,492.96,58.58,122.68,0.8309,3,0,-1
258,9,278.37,594.03,56.63,151.36,0.9412,3,0,-1
258,14,1295.56,437.60,48.93,115.57,0.9229,2,2,-1
258,22,762.58,369.33,44.08,94.55,0.9144,2,2,-1
258,33,1640.30,481.18,41.91,115.47,0.9101,2,2,-1
258,36,1133.02,392.44,38.03,117.90,0.8631,2,2,-1
258,37,1547.43,450.74,50.47,126.76,0.9284,2,-1,-1
258,42,1362.25,477.79,48.49,112.21,0.8037,2,2,-1
258,51,172.93,416.15,58.72,119.23,0.9327,1,3,-1
258,71,1038.56,397.54,37.68,65.74,0.7797,2,1,-1
258,82,376.89,367.38,46.90,99.19,0.9166,2,1,-1
258,94,1072.29,391.84,27.66,61.38,0.8315,2,1,-1
259,2,1077.53,503.49,61.31,133.91,0.9162,2,2,-1
259,5,382.83,496.13,64.14,120.84,0.7844,3,0,-1
259,9,268.13,594.83,55.02,149.66,0.9140,3,0,-1
259,14,1285.22,435.73,45.99,117.67,0.9189,2,2,-1
259,22,751.90,369.15,40.44,94.89,0.9181,2,2,-1
259,33,1617.19,481.62,49.20,116.13,0.9185,2,2,-1
259,36,1121.36,395.07,38.21,117.24,0.8769,2,2,-1
259,37,1534.33,454.69,50.41,124.38,0.9259,2,-1,-1
259,51,160.92,415.67,54.91,120.66,0.9305,1,3,-1
259,57,1089.88,395.07,37.03,105.08,0.7265,2,2,-1
259,71,1027.67,395.76,34.55,58.16,0.7193,2,1,-1
259,82,367.76,364.73,45.12,104.28,0.9087,2,1,-1
259,83,1356.09,440.28,32.07,80.01,0.8023,2,1,-1
259,84,512.89,413.66,31.73,76.04,0.7560,2,2,-1
259,94,1059.68,389.78,29.70,63.78,0.7001,2,1,-1
259,0,372.00,597.08,23.70,22.29,1.0,0,-1,-1
260,2,1067.39,503.61,56.67,133.02,0.9149,2,2,-1
260,5,365.69,496.93,56.78,111.30,0.8245,3,0,-1
260,9,257.17,595.95,51.44,145.90,0.8695,3,0,-1
260,14,1274.54,434.42,46.13,119.06,0.9194,2,2,-1
260,22,742.03,367.85,36.58,96.61,0.9181,2,2,-1
260,24,1347.73,443.27,26.00,67.70,0.8267,2,2,-1
260,33,1593.19,484.64,59.06,113.11,0.9155,2,2,-1
260,37,1522.60,459.69,51.28,119.86,0.9082,3,0,-1
260,51,147.80,414.54,50.75,120.72,0.9264,1,3,-1
260,54,1110.11,433.67,39.64,77.68,0.8371,2,2,-1
260,57,1077.09,394.68,36.08,100.51,0.7794,2,2,-1
260,71,1014.43,395.41,38.67,65.00,0.8010,2,1,-1
260,82,358.39,364.23,41.77,104.12,0.8725,2,1,-1
260,84,500.38,416.38,31.32,74.27,0.7729,2,2,-1
260,94,1048.07,389.77,32.92,67.15,0.7829,2,1,-1
260,0,351.94,598.95,31.53,25.27,1.0,0,-1,-1
261,2,1056.34,506.22,53.02,131.37,0.9116,2,2,-1
261,5,350.52,496.71,67.07,121.94,0.7906,3,0,-1
261,9,249.67,597.26,53.40,143.68,0.8572,3,0,-1
261,14,1263.92,431.74,48.24,121.10,0.9270,2,2,-1
261,22,731.77,366.91,34.25,96.28,0.9150,2,2,-1
261,33,1576.89,489.62,63.41,109.15,0.9106,2,2,-1
261,36,1095.93,401.91,38.04,108.72,0.8502,2,2,-1
261,37,1512.41,463.30,50.81,116.41,0.8727,3,0,-1
261,51,133.98,414.59,47.79,121.27,0.9188,1,3,-1
261,57,1061.87,394.86,40.01,114.70,0.7156,2,2,-1
261,71,997.25,394.60,38.93,65.18,0.6508,2,1,-1
261,82,350.04,363.75,40.44,104.43,0.8515,2,1,-1
261,83,1334.41,448.57,30.23,79.52,0.7737,2,1,-1
261,84,488.32,415.08,32.90,75.77,0.7223,2,2,-1
261,93,295.92,307.45,34.05,62.83,0.6861,2,-1,-1
261,0,332.91,605.09,23.96,20.87,1.0,0,-1,-1
262,2,1040.53,509.44,53.25,127.34,0.9212,2,2,-1
262,5,330.34,496.86,66.01,120.12,0.7502,3,0,-1
262,9,235.11,599.32,52.71,142.70,0.8149,3,0,-1
262,11,1341.55,468.78,26.89,66.01,0.7833,2,2,-1
262,14,1253.84,430.88,49.57,122.27,0.9302,2,2,-1
262,22,721.32,366.37,36.69,97.25,0.9009,2,2,-1
262,33,1559.47,492.44,70.53,107.80,0.9207,2,2,-1
262,36,1082.89,401.45,37.99,111.61,0.8157,2,2,-1
262,37,1501.07,464.43,49.43,114.83,0.8470,3,0,-1
262,51,116.90,414.29,46.38,122.14,0.9215,1,3,-1
262,57,1040.80,395.82,43.17,119.53,0.7537,2,2,-1
262,71,985.03,394.55,40.21,67.01,0.8190,2,1,-1
262,82,338.52,362.11,39.06,103.98,0.7542,2,1,-1
262,84,476.32,415.35,34.94,76.04,0.7647,2,2,-1
262,93,280.98,304.64,35.46,67.32,0.7354,2,-1,-1
262,0,317.24,608.44,23.69,18.16,1.0,0,-1,-1
263,2,1023.91,510.61,55.64,126.79,0.9259,2,2,-1
263,5,315.21,495.92,58.74,121.15,0.8172,3,0,-1
263,9,226.23,602.28,51.57,138.58,0.7848,3,0,-1
263,11,1331.57,469.91,25.36,62.60,0.7507,2,2,-1
263,14,1243.59,431.51,49.89,121.36,0.9286,2,2,-1
263,22,709.23,366.77,40.48,96.07,0.9051,2,2,-1
263,33,1543.74,493.41,71.95,107.40,0.9297,2,2,-1
263,36,1065.76,400.21,40.82,113.41,0.8425,2,2,-1
263,37,1489.47,464.46,50.47,121.43,0.9141,3,0,-1
263,39,1298.25,449.27,39.67,124.00,0.7656,2,2,-1
263,51,95.63,414.79,48.46,122.04,0.9234,1,3,-1
263,57,1009.55,393.60,41.42,117.29,0.7709,2,2,-1
263,71,972.72,394.78,39.05,65.71,0.7045,2,1,-1
263,82,328.95,361.56,39.13,107.31,0.9084,2,1,-1
263,84,464.90,416.48,38.74,74.75,0.8230,2,2,-1
263,93,262.01,304.78,37.43,67.09,0.6568,2,-1,-1
263,0,304.53,610.65,26.40,17.93,1.0,0,-1,-1
264,2,1005.86,510.79,60.61,128.18,0.9252,2,2,-1
264,5,307.70,494.71,69.65,124.01,0.8827,3,0,-1
264,9,214.17,603.70,56.27,141.57,0.9050,3,0,-1
264,11,1322.27,467.80,23.77,60.89,0.7487,2,2,-1
264,14,1230.71,432.06,53.35,121.31,0.9230,2,2,-1
264,22,695.98,366.69,45.97,96.61,0.9121,2,2,-1
264,33,1525.32,494.33,72.30,110.69,0.9274,2,2,-1
264,36,1049.40,398.41,43.95,113.07,0.8793,2,2,-1
264,37,1473.65,465.27,51.27,122.00,0.9064,3,0,-1
264,39,1286.03,450.63,38.69,123.67,0.7936,2,2,-1
264,51,73.63,415.41,56.58,122.60,0.9309,1,3,-1
264,57,997.05,395.03,39.89,114.76,0.5737,2,2,-1
264,71,960.51,394.74,39.54,63.03,0.7406,2,1,-1
264,82,318.35,360.75,38.16,108.12,0.9043,2,1,-1
264,84,450.34,416.84,38.02,74.55,0.8076,2,2,-1
264,93,241.97,302.15,44.40,71.89,0.8228,2,-1,-1
264,0,292.76,611.09,27.23,17.88,1.0,0,-1,-1
265,2,987.30,511.95,63.85,128.52,0.9282,2,2,-1
265,3,1275.70,449.40,41.02,64.25,0.7038,2,2,-1
265,4,438.28,400.62,42.32,90.19,0.8218,2,1,-1
265,5,289.23,492.65,72.18,128.23,0.8666,3,0,-1
265,7,1274.17,499.36,32.09,73.76,0.8308,2,2,-1
265,9,204.13,606.25,56.89,136.95,0.9181,3,0,-1
265,14,1216.92,433.76,56.35,118.92,0.9204,2,2,-1
265,22,681.74,367.14,49.01,96.07,0.9101,2,2,-1
265,30,1594.59,394.30,41.10,121.40,0.8237,1,3,-1
265,33,1513.20,493.59,70.74,111.17,0.9252,2,2,-1
265,36,1036.97,399.16,43.00,108.64,0.8647,2,2,-1
265,37,1459.67,467.56,51.07,120.96,0.9165,3,0,-1
265,44,943.90,394.44,43.96,97.69,0.8690,2,2,-1
265,51,51.73,415.84,65.29,123.50,0.9282,1,3,-1
265,57,988.31,397.31,35.81,106.39,0.8007,2,2,-1
265,82,307.08,360.54,38.50,108.22,0.9140,2,1,-1
266,2,973.90,512.52,61.81,128.70,0.9259,2,2,-1
266,3,1264.11,448.99,40.25,63.97,0.7117,2,2,-1
266,4,442.14,395.22,36.87,95.06,0.7875,2,1,-1
266,5,271.99,491.54,62.57,132.17,0.8717,3,0,-1
266,7,1263.95,498.14,31.55,75.05,0.6699,2,2,-1
266,9,195.19,609.00,56.74,128.51,0.9100,3,0,-1
266,12,1019.90,398.07,49.92,145.66,0.7326,2,2,-1
266,14,1205.01,437.08,56.64,115.62,0.8685,2,2,-1
266,22,668.01,367.90,49.99,96.90,0.8856,2,2,-1
266,33,1500.30,491.78,67.78,112.69,0.9098,2,2,-1
266,37,1446.80,470.43,50.73,119.07,0.9232,3,0,-1
266,44,930.48,394.86,44.89,100.90,0.8133,2,2,-1
266,51,31.45,418.22,75.70,121.60,0.9468,1,3,-1
266,57,976.39,398.02,36.16,107.44,0.5555,2,2,-1
266,82,295.93,360.36,39.23,109.26,0.9112,2,1,-1
267,2,962.85,511.90,61.39,129.65,0.9198,2,2,-1
267,4,432.52,395.89,32.69,93.43,0.8046,2,1,-1
267,5,263.57,490.89,60.66,134.82,0.8772,3,0,-1
267,6,1014.58,401.58,41.82,86.66,0.7880,2,1,-1
267,9,184.55,612.25,59.05,128.51,0.8487,3,0,-1
267,14,1191.13,436.68,58.71,116.48,0.8814,2,2,-1
267,22,655.69,369.07,49.47,96.68,0.8556,2,2,-1
267,30,1574.54,399.35,42.28,118.71,0.8940,1,3,-1
267,33,1491.20,490.39,63.86,113.93,0.9228,2,2,-1
267,44,903.81,427.48,53.37,110.94,0.8244,2,2,-1
267,51,16.47,419.50,79.89,120.98,0.9424,1,3,-1
267,59,1437.31,472.87,48.46,74.25,0.8335,3,0,-1
267,82,285.11,360.10,38.56,109.71,0.9116,2,1,-1
267,83,1279.40,451.51,30.76,80.88,0.6413,2,1,-1
267,0,261.49,609.65,28.03,18.61,1.0,0,-1,-1
268,2,952.58,510.94,63.31,131.84,0.9158,2,2,-1
268,4,421.03,396.18,30.80,94.47,0.8187,2,1,-1
268,5,260.15,491.65,52.26,90.16,0.8708,3,0,-1
268,6,1004.90,402.83,42.27,86.86,0.8031,2,1,-1
268,9,173.87,616.96,58.41,131.30,0.8612,3,0,-1
268,16,1268.85,452.77,31.91,73.94,0.7693,2,2,-1
268,22,643.92,368.58,51.07,98.01,0.9034,2,2,-1
268,30,1563.56,396.89,45.79,121.95,0.9131,1,3,-1
268,33,1481.66,488.27,65.30,115.64,0.8918,2,2,-1
268,37,1422.49,473.73,52.32,114.98,0.8913,3,0,-1
268,44,884.80,427.94,56.07,110.16,0.8325,2,-1,-1
268,51,1.27,420.57,81.33,120.34,0.9356,1,3,-1
268,55,1181.04,438.31,42.19,112.16,0.8392,2,-1,-1
268,82,274.13,360.33,39.08,110.05,0.9071,2,1,-1
269,2,941.65,509.87,63.61,133.21,0.9092,2,2,-1
269,4,408.85,396.47,29.95,94.07,0.8377,2,1,-1
269,5,249.22,493.55,49.61,72.84,0.8614,3,0,-1
269,9,167.04,620.76,58.59,129.25,0.6053,3,0,-1
269,14,1175.10,434.16,61.80,117.17,0.9114,2,2,-1
269,16,1259.01,454.40,31.37,73.64,0.7952,2,2,-1
269,22,632.20,368.49,50.96,98.16,0.9117,2,2,-1
269,33,1474.95,486.38,62.63,116.06,0.9272,2,2,-1
269,36,992.67,428.97,44.93,113.70,0.8537,2,2,-1
269,43,1553.15,406.37,50.70,112.50,0.9189,2,1,-1
269,44,864.19,427.75,56.01,111.30,0.8391,2,-1,-1
269,51,-1.96,420.77,72.44,120.90,0.9243,1,3,-1
269,56,1410.03,521.48,34.29,67.19,0.8805,2,1,-1
269,82,263.24,360.49,39.23,109.97,0.9076,2,1,-1
269,94,949.88,395.91,42.63,76.38,0.6386,2,1,-1
269,0,234.97,614.27,25.44,18.00,1.0,0,-1,-1
270,2,926.93,509.52,56.96,134.19,0.8899,2,2,-1
270,5,234.76,496.53,53.38,72.40,0.9042,3,0,-1
270,8,1221.39,452.47,47.87,82.54,0.7210,2,2,-1
270,14,1165.24,436.48,56.50,114.55,0.8984,2,2,-1
270,22,620.57,369.01,51.25,97.23,0.9132,2,2,-1
270,33,1470.51,486.46,58.41,119.34,0.9294,2,2,-1
270,36,983.10,426.38,48.57,116.61,0.8838,2,2,-1
270,37,1401.08,472.69,54.70,116.49,0.8784,3,0,-1
270,43,1543.67,405.17,52.38,114.50,0.9176,2,1,-1
270,44,852.33,427.10,55.65,112.21,0.7684,2,1,-1
270,51,-3.30,420.45,57.39,118.86,0.9186,1,3,-1
270,82,252.64,359.95,39.40,109.40,0.9040,2,1,-1
270,84,379.23,401.47,44.55,90.57,0.7954,2,2,-1
270,94,939.24,396.61,45.27,76.82,0.6531,2,1,-1
270,0,223.26,617.12,24.63,17.48,1.0,0,-1,-1
271,2,913.73,509.69,48.22,134.15,0.9122,2,2,-1
271,4,380.82,399.12,31.83,92.52,0.8014,2,1,-1
271,5,220.80,500.40,53.56,70.98,0.8813,3,0,-1
271,9,148.43,645.15,51.35,106.71,0.5737,3,0,-1
271,13,1393.38,506.68,51.78,87.08,0.7534,2,2,-1
271,14,1156.35,438.08,58.14,113.84,0.9108,2,2,-1
271,22,609.35,368.69,52.24,98.24,0.9186,2,2,-1
271,33,1463.19,488.33,56.59,118.39,0.9271,2,2,-1
271,36,972.98,427.10,49.77,115.10,0.8694,2,2,-1
271,42,1215.30,452.96,58.93,144.81,0.5455,2,2,-1
271,43,1534.62,410.01,54.73,110.93,0.9210,2,1,-1
271,44,839.53,426.18,53.77,112.46,0.8743,2,1,-1
271,51,-5.36,433.89,43.52,108.09,0.8657,1,3,-1
271,82,241.17,361.07,39.73,109.28,0.9051,2,1,-1
272,2,898.78,510.28,48.88,133.63,0.9251,2,2,-1
272,5,206.22,504.06,53.32,70.95,0.7165,3,0,-1
272,9,171.99,635.66,36.52,65.21,0.6625,3,0,-1
272,14,1145.85,441.92,60.38,109.82,0.9216,2,2,-1
272,22,597.87,368.66,51.13,98.24,0.9000,2,2,-1
272,33,1455.05,490.10,56.17,118.85,0.9352,2,2,-1
272,36,965.62,427.92,48.32,113.95,0.8822,2,2,-1
272,37,1384.92,474.50,55.92,122.78,0.8814,3,0,-1
272,42,1208.81,454.45,54.97,139.42,0.8275,2,2,-1
272,43,1523.79,409.83,56.29,111.77,0.9084,2,1,-1
272,44,824.79,425.65,50.21,112.16,0.8955,2,1,-1
272,51,-4.89,413.26,26.51,72.07,0.7420,1,3,-1
272,71,866.62,392.61,40.35,68.88,0.5410,2,1,-1
272,82,229.68,360.96,39.60,110.73,0.9060,2,1,-1
272,84,360.58,398.22,42.33,94.16,0.8372,2,2,-1
272,93,119.27,322.28,34.43,59.69,0.8560,2,-1,-1
272,94,912.30,395.35,46.62,72.82,0.6282,2,1,-1
273,2,887.20,512.56,50.35,133.14,0.8964,2,2,-1
273,5,190.39,506.06,51.92,69.86,0.7697,3,0,-1
273,9,143.26,630.24,66.68,112.35,0.5830,3,0,-1
273,14,1135.90,441.24,63.43,109.85,0.9177,2,2,-1
273,22,585.74,367.33,50.39,98.60,0.9018,2,2,-1
273,33,1443.04,492.40,59.88,118.48,0.9388,2,2,-1
273,36,955.09,425.62,48.12,116.54,0.8944,2,2,-1
273,37,1375.25,474.39,55.21,126.90,0.9050,3,0,-1
273,43,1514.89,411.74,54.08,109.79,0.9095,2,1,-1
273,44,811.13,425.10,51.67,112.53,0.9189,2,1,-1
273,57,856.85,391.51,34.83,104.63,0.8041,2,2,-1
273,82,216.85,360.58,38.62,109.98,0.8851,2,1,-1
273,83,1214.59,457.77,38.81,88.20,0.7644,2,1,-1
273,84,345.62,395.50,43.28,96.68,0.8216,2,2,-1
273,93,103.67,322.02,35.25,60.81,0.5933,2,-1,-1
273,94,895.92,395.06,50.11,77.77,0.5465,2,1,-1
274,2,875.59,515.56,50.60,131.79,0.9204,2,2,-1
274,5,178.15,506.34,50.58,71.16,0.7634,3,0,-1
274,14,1127.81,440.43,67.32,110.63,0.9163,2,2,-1
274,22,575.87,368.08,47.97,99.02,0.9004,2,2,-1
274,30,1510.99,395.22,48.71,125.26,0.8814,1,3,-1
274,33,1433.06,495.32,65.61,116.38,0.9291,2,2,-1
274,36,943.37,425.82,48.05,116.39,0.8913,2,2,-1
274,37,1365.35,477.41,53.58,123.41,0.9194,3,0,-1
274,44,795.73,425.12,53.29,114.07,0.9258,2,1,-1
274,57,844.12,391.39,36.14,110.09,0.6436,2,2,-1
274,82,205.89,360.49,37.98,106.26,0.8837,2,1,-1
274,83,1198.78,455.36,45.91,96.45,0.7685,2,1,-1
274,84,332.68,395.58,42.85,95.33,0.8263,2,2,-1
275,2,865.07,516.03,50.10,134.17,0.9196,2,2,-1
275,3,1184.10,453.96,53.94,86.95,0.8375,2,2,-1
275,5,168.18,506.23,49.72,72.03,0.6733,3,0,-1
275,14,1122.14,439.86,64.72,110.85,0.9169,2,2,-1
275,22,563.69,369.11,46.57,98.53,0.8981,2,2,-1
275,33,1424.62,497.30,75.41,113.37,0.9288,2,2,-1
275,36,933.40,424.86,46.47,117.35,0.8906,2,2,-1
275,37,1355.03,480.83,52.02,121.54,0.8618,3,0,-1
275,43,1502.87,415.65,50.89,104.24,0.5121,2,1,-1
275,44,780.91,425.96,53.70,115.56,0.9079,2,1,-1
275,57,832.10,391.48,35.81,111.57,0.8210,2,2,-1
275,82,193.11,360.45,37.25,105.42,0.8783,2,1,-1
275,84,319.94,394.95,42.37,95.66,0.7755,2,2,-1
275,93,69.92,318.39,35.42,64.53,0.6752,2,-1,-1
275,0,154.70,626.91,18.56,14.62,1.0,0,-1,-1
276,2,851.77,517.01,49.09,136.82,0.9040,2,2,-1
276,4,312.74,395.39,33.71,90.86,0.7650,2,1,-1
276,5,156.76,506.51,49.19,71.77,0.7661,3,0,-1
276,14,1117.06,440.79,57.26,109.57,0.8856,2,2,-1
276,22,552.20,370.47,44.36,96.23,0.8874,2,2,-1
276,29,766.28,427.34,46.34,77.97,0.7670,2,2,-1
276,30,1497.51,397.59,46.43,122.60,0.7487,1,3,-1
276,33,1412.55,498.20,83.28,112.17,0.9237,2,2,-1
276,36,922.71,422.71,44.82,118.91,0.8742,2,2,-1
276,37,1345.29,485.39,54.84,116.35,0.9003,3,0,-1
276,39,1174.04,452.27,51.84,118.78,0.7699,2,2,-1
276,57,819.12,391.94,35.73,111.02,0.7447,2,2,-1
276,82,181.59,360.59,35.99,97.62,0.8875,2,1,-1
276,0,140.13,627.92,20.67,15.45,1.0,0,-1,-1
277,1,283.38,394.65,35.12,74.16,0.7899,1,3,-1
277,2,836.09,516.34,50.65,139.21,0.9094,2,2,-1
277,5,141.71,505.45,49.68,71.20,0.6866,3,0,-1
277,9,124.20,640.79,81.43,121.91,0.8290,3,0,-1
277,22,540.25,372.98,42.87,93.43,0.8777,2,2,-1
277,29,750.99,430.70,44.57,81.77,0.8724,2,2,-1
277,33,1400.50,498.24,89.40,114.96,0.8992,2,2,-1
277,36,910.36,421.57,43.29,118.97,0.8694,2,2,-1
277,37,1333.96,486.18,57.34,115.96,0.8893,3,0,-1
277,42,1162.61,451.75,55.87,132.11,0.8547,2,2,-1
277,47,843.97,394.45,57.36,116.58,0.8416,2,1,-1
277,55,1114.66,441.59,39.49,108.23,0.8381,2,-1,-1
277,57,804.05,392.58,37.20,111.33,0.9082,2,2,-1
277,82,164.90,359.39,38.31,107.80,0.8246,2,1,-1
277,0,124.07,627.19,23.79,16.41,1.0,0,-1,-1
278,2,825.99,518.22,49.81,136.54,0.6892,2,2,-1
278,9,98.33,635.87,79.03,125.24,0.6098,3,0,-1
278,22,523.94,373.13,44.93,95.16,0.8891,2,2,-1
278,33,1390.37,500.66,90.95,113.37,0.9087,2,2,-1
278,36,897.46,422.45,42.38,117.56,0.6102,2,2,-1
278,37,1320.78,486.68,62.03,118.69,0.9003,3,0,-1
278,55,1108.69,451.28,34.41,98.70,0.7671,2,-1,-1
278,82,150.65,359.30,36.26,96.61,0.8106,2,1,-1
278,84,271.87,395.25,43.64,95.92,0.7554,2,2,-1
279,2,810.85,518.90,52.58,136.06,0.8909,2,2,-1
279,9,132.99,641.10,67.04,116.09,0.8218,3,0,-1
279,12,861.61,405.61,41.60,116.16,0.5399,2,2,-1
279,22,506.36,372.01,48.37,95.92,0.9139,2,2,-1
279,33,1387.88,501.51,86.12,112.60,0.8764,2,2,-1
279,37,1305.95,485.06,65.60,122.86,0.9290,3,0,-1
279,42,1142.28,452.47,54.66,129.94,0.8413,2,2,-1
279,44,714.51,432.36,50.14,110.68,0.5440,2,1,-1
279,47,810.82,394.36,59.03,115.44,0.7639,2,1,-1
279,55,1099.24,453.49,33.45,96.35,0.8212,2,-1,-1
279,57,775.21,393.17,38.10,111.41,0.7182,2,-1,-1
279,82,132.04,358.02,38.87,107.75,0.8723,2,1,-1
279,84,254.84,395.87,44.46,93.05,0.8552,2,2,-1
279,0,1115.10,594.32,16.73,16.07,1.0,0,-1,-1
280,2,794.20,517.12,48.70,137.01,0.8978,2,2,-1
280,4,245.28,397.95,36.32,90.59,0.8053,2,1,-1
280,9,96.38,642.02,87.01,133.03,0.9274,3,0,-1
280,10,863.45,480.56,36.11,87.52,0.5052,3,0,-1
280,22,493.86,372.40,47.96,95.47,0.8832,2,2,-1
280,24,1107.07,434.37,28.09,78.80,0.7136,2,2,-1
280,33,1401.44,505.49,63.83,108.98,0.8754,2,2,-1
280,37,1296.13,486.41,66.12,123.08,0.8931,3,0,-1
280,39,1135.29,454.84,49.01,113.66,0.6319,2,2,-1
280,47,791.60,394.72,59.47,113.62,0.8958,2,1,-1
280,57,757.26,391.52,40.73,112.17,0.9003,2,1,-1
280,82,113.94,357.08,39.69,109.59,0.9062,2,1,-1
281,2,779.58,514.49,48.63,138.20,0.9017,2,2,-1
281,6,833.12,401.69,40.92,91.26,0.8013,2,1,-1
281,9,86.31,643.70,87.42,138.28,0.9274,3,0,-1
281,13,1289.42,487.89,63.08,101.51,0.9069,2,2,-1
281,22,475.89,368.96,49.80,97.86,0.8963,2,2,-1
281,33,1382.71,506.62,61.16,105.58,0.9129,2,2,-1
281,42,1124.09,453.83,48.22,128.73,0.8035,2,2,-1
281,44,675.19,427.62,50.84,112.73,0.8515,2,1,-1
281,47,771.48,395.64,56.66,112.78,0.8182,2,1,-1
281,57,739.69,390.71,40.98,111.92,0.9169,2,1,-1
281,82,93.60,355.95,40.58,110.89,0.8860,2,1,-1
281,84,216.70,397.31,46.09,91.25,0.8313,2,2,-1
282,2,762.88,513.66,46.98,137.88,0.9242,2,2,-1
282,9,96.01,647.12,59.08,90.49,0.6064,3,0,-1
282,13,1280.69,490.40,61.32,93.33,0.8956,2,2,-1
282,22,456.56,365.65,53.02,99.46,0.8792,2,2,-1
282,33,1374.85,505.98,56.33,106.33,0.9012,2,2,-1
282,42,1112.85,451.58,45.39,128.27,0.7809,2,2,-1
282,44,655.46,426.42,52.33,112.28,0.8112,2,1,-1
282,54,846.15,420.53,34.84,73.71,0.6527,2,2,-1
282,57,721.17,389.70,41.39,113.09,0.8088,2,1,-1
282,77,756.85,431.06,53.21,75.51,0.8352,2,2,-1
282,82,74.04,354.91,40.80,111.07,0.5560,2,1,-1
282,84,201.22,398.26,44.48,89.09,0.7968,2,2,-1
283,2,746.03,511.95,46.91,137.77,0.9219,2,2,-1
283,6,807.89,400.78,35.76,80.07,0.5883,2,1,-1
283,9,74.49,650.50,81.43,128.97,0.9112,3,0,-1
283,22,438.61,363.54,55.29,100.91,0.8934,2,2,-1
283,33,1364.89,503.34,56.25,111.50,0.9189,2,2,-1
283,37,1267.83,494.30,63.53,115.68,0.9118,3,0,-1
283,42,1099.59,449.85,44.10,127.78,0.8864,2,2,-1
283,43,1425.00,436.74,31.49,80.18,0.7737,2,1,-1
283,44,634.97,425.59,55.54,114.56,0.7395,2,1,-1
283,71,703.75,388.51,41.05,73.85,0.8964,2,1,-1
283,77,739.73,427.35,51.79,78.01,0.8206,2,2,-1
283,82,55.26,353.80,41.11,111.32,0.8744,2,1,-1
283,84,183.15,397.54,44.08,89.25,0.7765,2,2,-1
283,0,24.08,628.16,26.34,18.15,1.0,0,-1,-1
284,2,728.78,511.15,48.95,137.48,0.9179,2,2,-1
284,7,1031.69,535.09,31.39,67.36,0.6720,2,2,-1
284,9,93.69,651.78,56.08,86.84,0.7999,3,0,-1
284,10,800.27,474.27,48.64,92.35,0.7292,3,0,-1
284,22,421.08,361.62,56.33,100.61,0.9035,2,2,-1
284,33,1353.21,501.76,56.11,114.22,0.9126,2,2,-1
284,37,1253.89,495.57,66.49,112.69,0.9081,3,0,-1
284,42,1086.46,449.63,43.13,126.84,0.8970,2,2,-1
284,43,1411.54,436.67,30.45,79.41,0.6931,2,1,-1
284,71,685.77,386.36,40.89,74.51,0.9087,2,1,-1
284,77,721.58,426.56,46.33,77.31,0.8375,2,2,-1
284,82,34.84,352.23,42.37,110.94,0.8399,2,1,-1
284,84,164.55,398.13,42.98,87.16,0.7978,2,2,-1
284,0,7.50,628.86,25.98,18.51,1.0,0,-1,-1
285,2,712.70,510.70,51.91,138.13,0.9207,2,2,-1
285,9,47.55,655.67,78.08,119.93,0.8911,3,0,-1
285,22,403.14,360.46,56.36,100.88,0.8767,2,2,-1
285,33,1342.70,501.52,56.01,114.15,0.9065,2,2,-1
285,36,783.82,429.46,50.42,136.43,0.6836,2,2,-1
285,37,1242.39,495.15,69.22,112.65,0.9214,3,0,-1
285,42,1071.97,447.47,44.21,129.56,0.9018,2,2,-1
285,57,667.11,384.68,41.78,112.37,0.8932,2,1,-1
285,71,596.59,423.32,41.03,73.40,0.6878,2,1,-1
285,77,702.55,415.43,48.01,86.66,0.8312,2,2,-1
285,82,13.90,350.66,45.22,111.52,0.9015,2,1,-1
285,83,1017.88,424.64,56.89,133.60,0.6424,2,1,-1
285,84,145.31,397.18,44.22,88.24,0.8071,2,2,-1
285,0,49.06,557.99,17.03,16.14,1.0,0,-1,-1
286,2,693.87,510.51,57.57,138.53,0.9241,2,2,-1
286,9,41.61,652.59,83.16,125.95,0.7299,3,0,-1
286,10,771.23,469.46,48.49,96.49,0.7113,3,0,-1
286,22,387.75,360.15,55.20,100.07,0.8351,2,2,-1
286,33,1334.10,501.37,54.73,116.38,0.9198,2,2,-1
286,37,1230.21,493.35,72.66,117.13,0.9279,3,0,-1
286,42,1056.73,445.75,45.72,131.11,0.9153,2,2,-1
286,43,1384.71,442.12,27.37,70.30,0.5267,2,1,-1
286,57,648.56,383.25,43.00,114.88,0.8860,2,1,-1
286,71,568.20,426.96,42.36,71.83,0.8233,2,1,-1
286,77,684.25,421.93,41.64,78.00,0.7825,2,2,-1
286,82,-1.43,349.68,42.37,110.20,0.8576,2,1,-1
286,84,124.65,395.89,45.95,89.32,0.7508,2,2,-1
286,0,31.85,559.83,17.85,16.51,1.0,0,-1,-1
287,2,675.36,511.10,62.74,139.59,0.9329,2,2,-1
287,9,43.45,650.85,104.24,133.56,0.9205,3,0,-1
287,12,737.37,396.89,38.83,88.75,0.7314,2,2,-1
287,22,369.79,358.71,54.39,99.04,0.8791,2,2,-1
287,30,1368.84,432.07,31.12,78.59,0.6920,1,3,-1
287,33,1326.79,501.73,53.65,113.85,0.9272,2,2,-1
287,36,759.10,445.00,43.76,121.45,0.7682,2,2,-1
287,37,1219.28,493.84,75.43,121.41,0.9236,3,0,-1
287,42,1040.43,443.81,48.61,133.84,0.9280,2,2,-1
287,47,659.92,385.30,48.16,114.76,0.7179,2,1,-1
287,57,630.50,383.33,41.48,109.51,0.9122,2,1,-1
287,71,545.15,427.19,44.95,72.47,0.8510,2,1,-1
287,82,-9.67,358.33,35.53,98.05,0.6074,2,1,-1
287,83,986.78,419.26,57.82,136.87,0.8049,2,1,-1
287,84,104.17,394.31,48.72,89.88,0.8417,2,2,-1
287,0,14.79,563.69,16.69,12.85,1.0,0,-1,-1
288,2,657.95,510.92,68.61,139.84,0.9239,2,2,-1
288,9,81.58,651.87,62.28,67.08,0.8853,3,0,-1
288,14,976.87,419.87,55.34,110.42,0.5856,2,2,-1
288,22,350.92,358.04,55.28,100.27,0.8687,2,2,-1
288,33,1319.95,501.19,54.97,113.61,0.8562,2,2,-1
288,36,741.00,451.91,44.35,111.76,0.7794,2,2,-1
288,37,1215.18,495.76,71.33,122.78,0.8555,3,0,-1
288,42,1027.28,445.34,48.14,126.75,0.9139,2,2,-1
288,44,519.80,426.51,51.45,109.58,0.7956,2,1,-1
288,57,612.02,383.76,42.25,109.13,0.8154,2,1,-1
288,84,85.07,392.22,50.32,93.05,0.8874,2,2,-1
289,2,639.50,511.19,74.86,139.78,0.9151,2,2,-1
289,9,44.63,653.17,116.86,129.45,0.5569,3,0,-1
289,22,332.60,358.27,55.10,100.30,0.8747,2,2,-1
289,33,1310.27,500.25,60.06,109.62,0.8804,2,2,-1
289,42,1013.08,446.83,49.96,131.57,0.9151,2,2,-1
289,47,621.66,384.00,47.16,112.43,0.6697,2,1,-1
289,59,1218.49,497.20,51.93,68.38,0.8922,3,0,-1
289,83,961.67,415.39,53.74,134.40,0.9099,2,1,-1
289,84,67.96,390.37,49.08,90.40,0.5705,2,2,-1
290,2,619.57,510.41,82.25,141.35,0.9064,2,2,-1
290,13,1208.87,500.29,51.28,84.52,0.8389,2,2,-1
290,16,949.28,416.98,49.22,123.46,0.8625,2,2,-1
290,22,316.59,358.65,53.21,98.61,0.7846,2,2,-1
290,33,1289.89,496.22,69.80,115.66,0.9160,2,2,-1
290,36,712.99,442.78,45.72,118.72,0.6637,2,2,-1
290,42,999.97,443.17,50.19,133.42,0.8040,2,2,-1
290,47,600.33,383.78,48.52,113.20,0.8161,2,1,-1
291,2,602.05,511.29,84.38,139.32,0.8980,2,2,-1
291,12,666.47,392.40,40.44,87.66,0.6791,2,2,-1
291,16,932.09,416.63,50.43,124.02,0.7643,2,2,-1
291,22,296.12,357.80,54.15,99.62,0.8772,2,2,-1
291,33,1271.26,493.38,74.29,118.99,0.9331,2,2,-1
291,36,702.47,449.42,41.26,109.91,0.8411,2,2,-1
291,37,1199.64,499.94,53.17,106.46,0.8464,3,0,-1
291,42,986.94,441.35,49.53,134.42,0.8784,2,2,-1
291,44,449.88,419.00,61.48,110.76,0.9112,2,1,-1
291,57,550.06,383.69,44.58,111.43,0.8022,2,1,-1
291,84,28.09,385.29,52.03,96.23,0.6284,2,2,-1
292,2,581.93,508.29,86.38,140.54,0.8244,2,2,-1
292,16,917.91,416.98,50.98,122.52,0.9024,2,2,-1
292,22,281.86,356.58,51.47,100.04,0.8662,2,2,-1
292,33,1258.40,497.23,71.17,115.86,0.8952,2,2,-1
292,36,688.68,429.82,43.36,128.76,0.8947,2,2,-1
292,37,1171.94,499.76,68.01,117.14,0.9064,3,0,-1
292,39,973.51,475.48,42.33,98.59,0.8191,2,2,-1
292,47,560.88,384.66,50.96,109.68,0.8537,2,1,-1
292,0,1547.62,529.25,25.39,30.19,1.0,0,-1,-1
293,2,561.08,507.98,89.06,141.21,0.8942,2,2,-1
293,9,14.73,653.19,109.25,141.11,0.8015,3,0,-1
293,16,903.80,417.37,50.22,120.93,0.9056,2,2,-1
293,22,262.20,354.77,50.97,100.28,0.8682,2,2,-1
293,33,1246.90,497.36,70.67,116.92,0.6855,2,2,-1
293,36,676.73,428.43,42.84,128.29,0.8910,2,2,-1
293,37,1159.17,499.14,73.03,119.13,0.9435,3,0,-1
293,42,960.52,452.04,42.01,121.09,0.8099,2,2,-1
293,55,875.98,480.16,45.28,129.07,0.5757,2,2,-1
293,57,506.57,383.47,47.66,109.84,0.8858,2,1,-1
294,2,545.16,506.90,85.04,138.96,0.8577,2,2,-1
294,4,-0.52,386.15,22.78,91.62,0.8756,2,1,-1
294,9,21.24,652.97,107.57,150.74,0.8669,3,0,-1
294,16,889.29,416.98,49.98,121.73,0.9016,2,2,-1
294,22,246.90,353.14,49.79,100.43,0.8442,2,2,-1
294,33,1241.91,494.88,66.25,121.28,0.7894,2,2,-1
294,36,663.27,427.83,43.15,128.35,0.8773,2,2,-1
294,37,1156.27,499.06,71.78,122.43,0.9126,3,0,-1
294,42,949.29,445.83,44.70,126.41,0.8037,2,2,-1
294,47,521.89,384.40,56.18,109.71,0.8673,2,1,-1
294,55,859.01,478.86,47.38,134.95,0.8093,2,2,-1
295,2,531.94,508.29,79.88,136.83,0.8965,2,2,-1
295,9,35.30,657.89,95.10,132.47,0.6751,3,0,-1
295,16,876.69,418.32,48.64,121.28,0.9123,2,2,-1
295,22,231.31,353.22,49.74,101.09,0.8940,2,2,-1
295,30,1240.53,386.84,46.39,114.51,0.7506,1,3,-1
295,33,1244.86,502.85,54.91,112.11,0.7269,2,2,-1
295,36,649.17,427.41,46.54,132.32,0.9032,2,2,-1
295,37,1159.52,525.61,48.96,81.49,0.5004,3,0,-1
295,39,934.55,468.96,43.05,108.12,0.8074,2,2,-1
295,54,629.33,407.96,33.22,63.83,0.7491,2,2,-1
295,55,843.70,480.88,48.86,135.41,0.8436,2,2,-1
295,57,467.83,381.52,49.66,111.75,0.9095,2,1,-1
295,0,1570.58,609.81,23.50,29.97,1.0,0,-1,-1
296,2,516.41,508.71,73.93,137.84,0.8850,2,2,-1
296,8,828.17,482.91,49.87,82.15,0.7665,2,2,-1
296,9,52.28,663.08,83.31,130.64,0.8751,3,0,-1
296,16,863.04,417.16,48.15,121.75,0.9174,2,2,-1
296,22,217.27,353.36,49.84,100.32,0.8870,2,2,-1
296,33,1231.96,503.26,52.28,111.47,0.7287,2,2,-1
296,36,636.52,427.97,48.54,130.90,0.9035,2,2,-1
296,37,1182.89,505.66,35.24,60.30,0.5450,3,0,-1
296,39,922.62,471.31,40.99,105.67,0.7937,2,2,-1
296,47,489.87,386.01,54.84,108.02,0.8882,2,1,-1
296,54,615.10,407.17,33.02,64.20,0.7473,2,2,-1
296,0,1577.21,637.40,24.27,30.82,1.0,0,-1,-1
297,2,502.67,507.76,70.41,136.92,0.7239,2,2,-1
297,8,812.21,485.36,51.90,87.34,0.6809,2,2,-1
297,9,81.99,663.88,58.63,92.21,0.8741,3,0,-1
297,16,850.37,415.91,48.52,122.39,0.9138,2,2,-1
297,22,201.15,351.30,52.05,101.65,0.9123,2,2,-1
297,33,1222.34,499.94,51.76,112.78,0.8994,2,2,-1
297,36,622.80,427.50,50.81,129.95,0.9012,2,2,-1
297,37,1153.90,562.12,33.70,57.79,0.6924,3,0,-1
297,42,909.65,442.48,48.45,132.50,0.8353,2,2,-1
297,47,472.26,386.22,54.89,107.82,0.8967,2,1,-1
297,71,327.61,471.73,40.67,64.14,0.5185,2,1,-1
297,0,1584.24,668.58,23.84,28.99,1.0,0,-1,-1
298,6,547.69,386.94,51.26,120.75,0.6708,2,1,-1
298,9,93.09,662.47,51.77,67.46,0.8457,3,0,-1
298,16,837.90,414.44,48.52,121.80,0.9027,2,2,-1
298,22,187.94,351.43,52.19,101.48,0.9169,2,2,-1
298,33,1212.74,499.08,53.62,113.64,0.9023,2,2,-1
298,36,609.97,427.51,52.63,129.81,0.9104,2,2,-1
298,37,1140.97,503.95,62.34,115.52,0.8822,3,0,-1
298,42,896.64,444.28,49.14,130.26,0.8869,2,2,-1
298,55,798.43,485.99,49.96,130.38,0.9074,2,2,-1
298,57,419.12,382.11,47.73,107.44,0.8842,2,1,-1
298,77,502.28,379.23,54.51,114.69,0.5917,2,2,-1
298,0,1590.93,698.60,23.93,24.64,1.0,0,-1,-1
299,2,482.73,505.89,58.22,131.37,0.7572,2,2,-1
299,6,534.01,386.86,51.54,123.58,0.8671,2,1,-1
299,9,79.27,662.16,92.88,134.85,0.7755,3,0,-1
299,16,826.78,411.78,48.32,122.89,0.9187,2,2,-1
299,22,172.19,351.58,54.65,102.63,0.9224,2,2,-1
299,33,1203.47,496.66,56.80,118.33,0.9182,2,2,-1
299,36,597.97,427.00,54.01,130.35,0.9053,2,2,-1
299,37,1133.83,503.41,61.77,119.52,0.8591,3,0,-1
299,42,882.82,444.61,49.82,129.09,0.9132,2,2,-1
299,43,1185.44,410.20,40.71,84.79,0.7613,2,1,-1
299,44,283.26,417.13,56.11,116.31,0.9134,2,1,-1
299,55,784.02,486.09,50.32,128.70,0.9227,2,2,-1
299,57,400.56,383.70,50.91,105.58,0.9063,2,1,-1
299,0,1590.60,685.58,23.43,26.02,1.0,0,-1,-1
300,2,475.69,506.32,45.85,107.75,0.7272,2,2,-1
300,3,770.34,485.26,50.92,76.78,0.7415,2,2,-1
300,6,519.88,386.10,52.32,124.12,0.8876,2,1,-1
300,9,69.80,662.32,101.71,142.22,0.9053,3,0,-1
300,16,815.14,410.90,48.31,122.41,0.9139,2,2,-1
300,22,159.20,353.09,55.64,101.51,0.9290,2,2,-1
300,33,1196.19,497.67,56.79,119.23,0.8094,2,2,-1
300,36,585.13,426.15,55.36,130.48,0.9112,2,2,-1
300,37,1128.78,502.12,63.66,124.02,0.9285,3,0,-1
300,42,874.07,446.32,47.84,125.77,0.6051,2,2,-1
300,43,1172.19,408.12,41.88,86.77,0.5149,2,1,-1
300,57,385.22,384.08,53.27,104.51,0.8946,2,1,-1
300,77,476.20,378.59,54.01,125.47,0.6419,2,2,-1
300,0,1588.26,668.59,23.56,23.40,1.0,0,-1,-1
301,2,458.99,504.77,49.46,137.95,0.8710,2,2,-1
301,3,755.95,484.23,51.48,76.97,0.8619,2,2,-1
301,6,506.90,384.55,53.21,125.38,0.9012,2,1,-1
301,9,92.43,662.33,100.37,145.12,0.6515,3,0,-1
301,16,805.89,410.53,47.70,122.28,0.9121,2,2,-1
301,22,146.42,353.30,55.65,100.30,0.9274,2,2,-1
301,33,1191.53,499.04,56.54,121.31,0.8892,2,2,-1
301,36,572.98,425.02,56.02,130.46,0.9236,2,2,-1
301,37,1124.36,498.73,64.23,131.39,0.9068,3,0,-1
301,42,864.67,443.39,45.00,126.24,0.9126,2,2,-1
301,43,1161.82,408.29,42.51,86.97,0.8418,2,1,-1
301,44,248.59,413.86,63.17,113.99,0.9152,2,1,-1
301,47,413.43,382.41,48.11,105.75,0.9017,2,1,-1
301,77,466.26,378.62,48.09,121.58,0.7969,2,2,-1
301,0,1586.63,651.26,22.81,22.85,1.0,0,-1,-1
302,2,445.79,502.28,47.84,136.17,0.8875,2,2,-1
302,6,494.17,383.24,52.39,125.14,0.8956,2,1,-1
302,9,110.83,664.10,83.06,140.53,0.8649,3,0,-1
302,12,539.39,405.35,33.51,82.92,0.7769,2,2,-1
302,16,794.39,409.11,48.76,122.73,0.8974,2,2,-1
302,22,134.68,353.42,55.51,99.36,0.9279,2,2,-1
302,33,1194.20,501.87,50.99,94.77,0.8994,2,2,-1
302,36,560.56,423.03,57.61,131.12,0.8950,2,2,-1
302,37,1122.67,504.23,62.67,130.58,0.7136,3,0,-1
302,42,855.67,442.23,43.18,126.39,0.8792,2,2,-1
302,43,1152.24,409.17,41.57,84.57,0.8242,2,1,-1
302,44,234.34,413.01,42.07,75.11,0.5885,2,1,-1
302,47,401.61,381.59,46.70,106.89,0.8901,2,1,-1
302,55,742.61,482.85,52.65,133.35,0.9121,2,2,-1
302,77,455.36,378.99,45.58,119.27,0.8164,2,2,-1
302,0,1584.69,636.18,22.78,22.37,1.0,0,-1,-1
303,2,433.35,500.41,48.52,144.11,0.9111,2,2,-1
303,6,481.01,382.37,47.53,122.59,0.8428,2,1,-1
303,9,109.82,662.50,84.25,140.65,0.7742,3,0,-1
303,10,517.95,400.79,42.23,123.10,0.8891,2,-1,-1
303,16,780.51,408.13,52.17,124.17,0.9065,2,2,-1
303,22,123.23,353.87,54.30,99.02,0.9291,2,2,-1
303,33,1185.89,503.13,60.28,112.39,0.8311,2,2,-1
303,36,554.26,421.40,54.00,131.10,0.8990,2,2,-1
303,42,847.33,440.25,42.63,129.34,0.9071,2,2,-1
303,43,1141.93,404.21,41.48,87.72,0.7589,2,1,-1
303,44,220.83,415.62,52.08,88.98,0.5934,2,1,-1
303,47,389.68,381.20,45.93,109.56,0.8917,2,1,-1
303,55,729.49,482.74,53.32,136.02,0.8657,2,2,-1
303,57,341.19,385.36,57.34,103.36,0.8828,2,1,-1
303,77,444.54,378.54,45.31,119.34,0.5371,2,2,-1
303,0,1583.22,622.91,22.09,21.16,1.0,0,-1,-1
304,2,421.88,500.90,48.27,142.06,0.9155,2,2,-1
304,3,718.85,485.11,51.20,67.70,0.8471,2,2,-1
304,6,470.79,382.15,44.70,122.01,0.8895,2,1,-1
304,9,116.61,661.90,96.21,132.43,0.9128,3,0,-1
304,10,508.26,401.94,42.91,121.44,0.8987,2,2,-1
304,16,771.76,408.10,53.14,123.76,0.9089,2,2,-1
304,22,113.93,354.25,52.28,97.59,0.9233,2,2,-1
304,33,1176.78,502.63,62.66,109.14,0.8610,2,2,-1
304,36,550.07,422.10,47.34,129.37,0.8970,2,2,-1
304,42,838.40,439.34,42.83,131.30,0.8864,2,2,-1
304,47,377.79,380.45,45.37,109.81,0.9056,2,1,-1
304,57,326.27,386.47,55.79,100.30,0.8787,2,1,-1
304,77,433.31,377.62,43.06,117.45,0.8351,2,-1,-1
304,0,1581.22,610.57,22.56,21.61,1.0,0,-1,-1
305,2,410.78,500.09,48.05,140.36,0.9209,2,2,-1
305,6,459.94,381.34,43.56,121.81,0.8980,2,1,-1
305,9,127.31,661.87,105.79,137.20,0.9021,3,0,-1
305,10,498.39,401.10,43.72,120.09,0.8957,2,2,-1
305,16,761.51,408.80,55.34,122.74,0.9021,2,2,-1
305,22,104.17,354.33,50.15,97.61,0.9248,2,2,-1
305,33,1162.42,500.76,72.86,113.23,0.9152,2,2,-1
305,36,542.91,420.23,43.34,128.98,0.9161,2,2,-1
305,42,829.75,438.99,43.96,134.53,0.9163,2,2,-1
305,47,365.96,380.37,45.76,110.75,0.8885,2,1,-1
305,55,705.58,487.21,53.30,137.71,0.8506,2,2,-1
305,57,312.20,386.13,55.41,99.90,0.8989,2,1,-1
305,77,423.27,376.38,43.08,120.72,0.8335,2,-1,-1
305,0,1579.91,599.45,22.91,21.18,1.0,0,-1,-1
306,2,403.63,499.68,45.92,139.31,0.8766,2,2,-1
306,6,449.29,380.12,42.91,121.79,0.8915,2,-1,-1
306,7,708.80,550.51,32.28,69.82,0.7286,2,2,-1
306,8,696.77,489.67,49.95,76.36,0.7944,2,2,-1
306,9,157.09,660.19,88.33,144.48,0.9170,3,0,-1
306,10,490.62,398.78,43.59,121.40,0.8616,2,2,-1
306,16,750.33,409.26,58.20,121.64,0.9116,2,2,-1
306,22,95.42,354.06,48.31,96.25,0.9236,2,2,-1
306,33,1160.12,500.61,73.09,115.66,0.7598,2,2,-1
306,36,536.14,420.65,41.21,128.00,0.8177,2,2,-1
306,37,1115.40,504.62,59.91,126.31,0.9262,3,0,-1
306,42,820.01,438.59,46.91,135.29,0.9230,2,2,-1
306,47,356.17,381.67,44.71,108.60,0.8903,2,1,-1
306,57,300.30,383.94,57.10,101.73,0.9032,2,1,-1
306,77,412.70,375.66,42.13,122.30,0.8818,2,-1,-1
306,0,1578.84,589.08,23.12,22.04,1.0,0,-1,-1
307,2,391.02,498.84,47.75,140.12,0.8281,2,2,-1
307,6,441.36,380.92,41.51,120.93,0.9004,2,2,-1
307,9,195.75,661.99,55.67,87.58,0.7672,3,0,-1
307,10,480.55,397.32,45.51,121.76,0.8916,2,2,-1
307,16,742.64,408.76,59.76,122.47,0.9142,2,2,-1
307,22,87.60,352.00,47.49,96.68,0.8724,2,2,-1
307,33,1172.35,500.51,58.21,117.80,0.8688,2,2,-1
307,36,531.98,420.14,39.26,129.07,0.8345,2,2,-1
307,37,1112.16,505.65,61.72,114.04,0.9105,3,0,-1
307,39,812.30,441.33,49.16,116.72,0.9139,2,2,-1
307,44,149.09,415.35,50.32,73.61,0.8464,2,1,-1
307,47,347.97,384.04,42.62,104.36,0.9057,2,1,-1
307,55,687.93,490.47,48.14,121.25,0.8721,2,2,-1
307,57,291.05,382.50,54.56,102.19,0.8919,2,1,-1
307,77,405.01,374.07,40.14,116.43,0.8336,2,1,-1
307,0,1577.84,581.44,21.91,20.88,1.0,0,-1,-1
308,2,378.27,498.89,56.19,140.97,0.9077,2,2,-1
308,6,433.93,382.74,39.57,117.88,0.9048,2,2,-1
308,10,472.29,395.27,46.96,122.72,0.8832,2,2,-1
308,14,678.23,488.60,47.13,84.99,0.9135,2,2,-1
308,16,737.92,408.66,57.93,121.08,0.9119,2,2,-1
308,22,79.76,350.74,46.40,98.00,0.9022,2,2,-1
308,29,395.82,374.30,42.59,101.65,0.8486,2,2,-1
308,33,1166.77,501.54,54.80,120.06,0.8198,2,2,-1
308,36,525.72,417.28,40.53,131.60,0.8865,2,2,-1
308,37,1116.09,505.77,60.37,100.52,0.8389,3,0,-1
308,42,808.52,441.92,47.47,130.30,0.9054,2,2,-1
308,44,137.14,416.54,52.39,78.12,0.6677,2,1,-1
308,47,338.43,383.78,41.24,104.19,0.9096,2,1,-1
308,57,284.34,380.30,51.02,103.28,0.9180,2,1,-1
308,0,1577.00,574.33,22.99,20.27,1.0,0,-1,-1
309,2,370.57,499.05,62.31,140.52,0.9055,2,2,-1
309,6,425.77,382.51,39.62,116.83,0.8844,2,2,-1
309,10,465.79,394.91,46.91,120.98,0.8782,2,2,-1
309,11,686.56,527.10,30.12,88.54,0.8020,2,2,-1
309,16,730.85,407.71,58.87,120.80,0.9044,2,2,-1
309,22,73.16,350.22,45.39,99.73,0.9248,2,2,-1
309,33,1164.14,505.00,50.87,114.25,0.6985,2,2,-1
309,36,520.88,417.32,42.44,129.56,0.9143,2,2,-1
309,42,801.23,442.48,50.40,127.64,0.9220,2,2,-1
309,44,125.27,412.33,56.21,117.60,0.9085,2,1,-1
309,47,330.59,382.83,39.07,102.42,0.8979,2,-1,-1
309,57,275.86,378.91,50.43,107.16,0.9213,2,1,-1
309,94,388.35,373.25,42.61,75.80,0.8164,2,1,-1
309,0,1576.87,567.97,22.82,21.38,1.0,0,-1,-1
310,2,365.08,500.07,65.32,138.74,0.8982,2,2,-1
310,6,419.99,382.99,38.99,116.63,0.8854,2,2,-1
310,10,461.63,393.84,46.80,122.09,0.8531,2,2,-1
310,16,725.40,406.38,58.35,120.75,0.9203,2,2,-1
310,22,65.69,348.47,45.64,102.39,0.9331,2,2,-1
310,33,1128.97,507.24,55.21,135.17,0.7665,2,2,-1
310,36,514.36,417.80,42.98,128.71,0.9022,2,2,-1
310,42,798.58,439.31,49.82,129.47,0.9043,2,2,-1
310,44,115.78,412.53,54.95,115.67,0.9121,2,1,-1
310,47,323.05,380.77,38.11,106.23,0.9008,2,2,-1
310,55,659.00,485.39,48.31,133.05,0.9164,2,2,-1
310,57,268.62,378.21,49.55,108.29,0.9095,2,1,-1
310,94,381.89,373.26,41.86,70.70,0.8132,2,1,-1
310,0,1576.97,563.73,22.78,19.94,1.0,0,-1,-1
311,2,356.49,499.79,70.64,140.15,0.9172,2,2,-1
311,6,413.79,384.12,38.74,116.24,0.8908,2,2,-1
311,10,465.98,466.84,19.53,48.66,0.6649,2,2,-1
311,16,720.50,405.87,57.05,119.25,0.8998,2,2,-1
311,22,58.93,348.21,45.49,103.27,0.8949,2,2,-1
311,30,1068.74,375.99,46.37,111.21,0.6081,1,3,-1
311,33,1163.43,506.21,45.33,113.16,0.5902,2,2,-1
311,36,510.84,418.94,40.94,127.46,0.9115,2,2,-1
311,42,797.12,439.58,48.12,128.48,0.9183,2,2,-1
311,44,104.77,413.76,56.54,120.63,0.7412,2,1,-1
311,47,316.70,378.94,37.81,110.26,0.9171,2,2,-1
311,54,454.46,394.37,48.77,87.63,0.7080,2,2,-1
311,57,262.54,379.16,47.10,108.34,0.9081,2,1,-1
311,83,659.11,516.89,41.22,105.75,0.6895,2,1,-1
311,94,376.20,373.26,41.34,69.11,0.7536,2,1,-1
311,0,1578.91,561.46,22.91,19.47,1.0,0,-1,-1
312,2,353.09,500.08,70.40,138.29,0.8927,2,2,-1
312,6,407.52,383.03,39.33,117.68,0.8926,2,2,-1
312,10,462.36,473.15,17.60,42.87,0.6398,2,2,-1
312,12,449.01,394.15,33.80,67.05,0.7738,2,2,-1
312,16,717.73,406.43,53.78,117.28,0.9022,2,2,-1
312,22,52.51,349.38,46.02,101.23,0.9263,2,2,-1
312,33,1169.77,505.04,42.64,113.26,0.8369,2,2,-1
312,36,507.52,417.73,40.06,127.41,0.8349,2,2,-1
312,42,795.50,438.14,46.01,129.73,0.8914,2,2,-1
312,43,1067.49,394.54,41.12,90.90,0.5411,2,1,-1
312,47,310.18,378.18,38.38,111.74,0.9086,2,2,-1
312,55,642.46,482.27,51.20,141.42,0.8785,2,2,-1
312,57,256.19,380.05,44.34,107.24,0.8977,2,1,-1
312,77,370.04,373.07,41.59,121.97,0.8294,2,1,-1
312,0,1579.12,559.42,22.66,19.56,1.0,0,-1,-1
313,2,344.88,499.14,73.60,138.85,0.9177,2,2,-1
313,6,402.03,383.62,38.70,116.61,0.8795,2,2,-1
313,7,656.93,569.26,25.40,57.31,0.6310,2,2,-1
313,12,441.58,394.59,55.36,120.49,0.8648,2,2,-1
313,14,634.31,489.25,50.26,89.53,0.7528,2,2,-1
313,16,711.74,403.74,53.56,118.44,0.9158,2,2,-1
313,22,45.90,350.62,47.94,99.59,0.9246,2,2,-1
313,33,1168.95,505.15,44.82,116.61,0.8483,2,2,-1
313,36,504.02,416.17,39.78,127.16,0.9040,2,2,-1
313,37,1133.88,505.40,43.31,75.98,0.7994,3,0,-1
313,42,789.39,436.73,47.96,133.54,0.8500,2,2,-1
313,43,1062.15,400.83,35.56,83.34,0.6066,2,-1,-1
313,47,303.55,377.84,39.35,111.82,0.9132,2,2,-1
313,57,251.03,382.02,40.92,97.94,0.9022,2,1,-1
313,77,372.00,423.64,24.87,69.92,0.6355,2,1,-1
313,94,364.63,373.51,41.44,67.93,0.6960,2,1,-1
313,0,1579.46,558.50,22.75,19.81,1.0,0,-1,-1
314,2,338.67,498.63,73.32,136.74,0.9036,2,2,-1
314,6,394.60,382.74,38.41,114.71,0.8752,2,2,-1
314,14,627.31,491.02,49.37,86.77,0.9058,2,2,-1
314,16,705.75,402.45,52.03,119.67,0.9222,2,2,-1
314,22,38.70,350.68,48.97,98.27,0.9279,2,2,-1
314,24,500.82,451.98,37.42,89.35,0.8591,2,2,-1
314,29,355.39,372.95,44.77,121.33,0.8002,2,2,-1
314,33,1170.38,506.08,43.17,119.58,0.8728,2,2,-1
314,43,1057.30,396.67,34.85,85.29,0.7072,1,3,-1
314,47,296.02,377.81,41.00,111.50,0.9187,2,2,-1
314,54,437.45,394.17,39.23,68.07,0.8420,2,2,-1
314,56,783.20,435.55,34.71,61.13,0.7984,2,1,-1
314,57,242.91,382.56,40.04,102.03,0.8994,2,1,-1
314,0,1579.05,558.44,22.95,20.12,1.0,0,-1,-1
315,2,333.53,497.34,71.88,135.62,0.9216,2,2,-1
315,6,388.03,379.48,38.55,116.65,0.8949,2,2,-1
315,12,432.06,391.77,53.39,120.74,0.8818,2,2,-1
315,16,700.02,402.02,51.35,119.15,0.9143,2,2,-1
315,22,31.59,348.30,52.00,98.10,0.9211,2,2,-1
315,33,1171.00,507.69,43.31,116.91,0.8754,2,2,-1
315,36,497.98,415.06,37.70,124.68,0.9087,2,2,-1
315,37,1136.77,506.78,41.73,71.03,0.5684,3,0,-1
315,42,780.88,434.42,48.20,133.30,0.9061,2,2,-1
315,47,288.23,378.18,41.35,109.54,0.8841,2,2,-1
315,55,620.11,493.00,47.64,131.01,0.8858,2,-1,-1
315,57,235.60,381.02,38.17,102.82,0.9057,2,1,-1
315,63,71.03,413.69,42.00,79.28,0.8436,2,1,-1
315,77,359.37,430.49,24.21,63.50,0.6290,2,1,-1
315,94,350.65,371.91,45.03,73.72,0.7118,2,1,-1
315,0,1578.95,559.90,22.57,19.78,1.0,0,-1,-1
316,2,331.61,497.59,67.71,132.94,0.8919,2,2,-1
316,6,379.68,376.69,39.42,118.18,0.8779,2,2,-1
316,16,693.97,401.90,50.70,116.21,0.9164,2,2,-1
316,22,24.01,346.64,52.19,96.53,0.9111,2,2,-1
316,30,1043.78,379.43,36.43,98.70,0.7128,1,3,-1
316,33,1171.74,508.05,45.77,113.71,0.8901,2,2,-1
316,36,495.82,411.38,37.24,125.66,0.9065,2,2,-1
316,37,1133.75,509.57,46.76,69.47,0.8633,3,0,-1
316,39,776.72,435.65,46.71,93.89,0.8717,2,2,-1
316,42,790.45,511.99,20.18,54.78,0.6615,2,2,-1
316,47,280.55,378.74,40.95,106.99,0.8516,2,2,-1
316,54,427.86,391.92,38.92,69.53,0.8121,2,2,-1
316,55,611.21,491.71,47.74,131.26,0.7918,3,0,-1
316,57,228.59,378.52,36.99,102.10,0.9174,2,1,-1
316,94,340.29,370.78,46.27,78.15,0.8203,2,1,-1
316,0,1577.19,562.14,23.35,19.74,1.0,0,-1,-1
317,2,327.67,492.80,63.53,134.65,0.9209,2,2,-1
317,6,374.46,374.41,38.08,119.19,0.8792,2,2,-1
317,12,425.39,389.25,50.67,119.82,0.8209,2,2,-1
317,16,688.64,402.82,50.75,116.08,0.9088,2,2,-1
317,22,16.58,344.56,53.53,95.60,0.9078,2,2,-1
317,33,1171.24,505.74,46.93,100.13,0.8811,2,2,-1
317,36,491.90,413.82,35.56,121.76,0.8502,2,2,-1
317,37,1133.24,514.21,46.96,74.42,0.8429,3,0,-1
317,39,780.87,437.50,42.96,91.45,0.6952,2,2,-1
317,42,788.38,519.49,17.37,44.86,0.8164,2,2,-1
317,43,1037.95,389.73,34.79,85.89,0.5452,1,3,-1
317,44,46.43,411.00,52.69,116.73,0.6933,2,1,-1
317,47,273.12,376.73,43.31,106.48,0.8932,2,2,-1
317,55,602.43,490.13,46.50,129.81,0.9279,3,0,-1
317,57,220.73,376.43,37.69,104.53,0.9297,2,1,-1
317,94,335.61,369.71,46.41,79.73,0.6574,2,1,-1
317,106,353.13,660.26,95.60,126.58,0.9100,2,-1,-1
317,0,1576.63,564.41,23.03,20.93,1.0,0,-1,-1
318,2,321.61,491.88,61.10,133.85,0.8884,2,2,-1
318,6,368.55,373.68,36.67,116.84,0.8491,2,2,-1
318,16,682.55,402.16,51.17,116.06,0.9089,2,2,-1
318,22,9.78,342.82,52.54,99.54,0.9082,2,2,-1
318,30,1029.24,363.54,35.94,110.26,0.9030,1,3,-1
318,33,1165.12,503.20,52.70,112.15,0.8700,2,2,-1
318,36,488.19,410.25,36.54,123.19,0.8460,2,2,-1
318,39,764.78,436.49,54.40,124.53,0.7396,2,2,-1
318,44,38.98,407.56,52.87,118.84,0.8254,2,1,-1
318,47,264.55,375.32,45.64,106.62,0.9144,2,2,-1
318,54,421.23,389.01,37.17,71.75,0.8290,2,2,-1
318,55,592.74,488.72,50.52,131.30,0.9305,3,0,-1
318,57,213.11,374.96,40.29,105.36,0.9258,2,1,-1
318,94,329.26,367.85,43.19,73.03,0.5862,2,1,-1
318,106,397.19,658.19,86.54,138.39,0.9103,2,-1,-1
318,0,1575.12,570.59,23.14,21.36,1.0,0,-1,-1
319,2,316.56,490.03,58.70,135.88,0.9312,2,2,-1
319,6,362.12,372.90,37.14,115.68,0.8807,2,2,-1
319,12,419.78,387.18,47.11,117.54,0.8669,2,2,-1
319,16,676.16,401.80,52.53,115.67,0.9180,2,2,-1
319,22,3.56,341.30,54.14,101.80,0.9057,2,2,-1
319,29,324.87,366.16,43.32,108.45,0.8201,2,2,-1
319,33,1164.52,502.20,52.34,119.46,0.8850,2,2,-1
319,36,482.30,406.00,40.00,127.85,0.8681,2,2,-1
319,39,764.42,437.20,48.64,123.27,0.8866,2,2,-1
319,43,1024.53,383.30,35.32,88.83,0.5353,1,3,-1
319,44,30.33,410.81,52.17,114.29,0.5973,2,1,-1
319,47,256.44,372.96,47.62,108.42,0.9171,2,2,-1
319,55,583.57,488.17,54.23,131.55,0.9440,3,0,-1
319,57,205.02,374.71,42.08,105.93,0.9310,2,1,-1
319,106,419.74,658.06,80.78,143.61,0.8455,2,-1,-1
319,0,1573.95,577.55,22.94,20.29,1.0,0,-1,-1
320,2,312.07,490.38,55.06,135.56,0.9142,2,2,-1
320,6,355.14,370.69,37.85,117.25,0.8249,2,2,-1
320,12,418.53,388.19,44.20,114.31,0.8428,2,2,-1
320,16,670.28,401.20,54.06,114.25,0.9160,2,2,-1
320,22,1.05,341.97,55.55,100.50,0.8903,2,2,-1
320,29,315.13,364.71,45.65,118.32,0.8971,2,2,-1
320,30,1018.52,370.43,34.06,100.82,0.8194,1,3,-1
320,33,1163.12,502.31,50.09,122.48,0.8465,2,2,-1
320,36,477.34,404.00,44.56,129.16,0.8917,2,2,-1
320,39,763.99,435.06,45.35,123.22,0.8520,2,2,-1
320,47,249.62,370.44,47.96,110.69,0.9152,2,2,-1
320,55,571.36,487.35,56.09,133.10,0.9079,3,0,-1
320,57,196.88,374.88,43.18,107.09,0.9304,2,1,-1
320,106,425.87,657.90,82.94,154.42,0.8832,2,-1,-1
320,0,1572.87,585.98,23.09,20.03,1.0,0,-1,-1
321,1,-0.25,342.23,39.73,112.32,0.8698,1,3,-1
321,2,308.10,489.97,53.03,136.73,0.9231,2,2,-1
321,12,416.63,385.28,42.94,115.70,0.8656,2,2,-1
321,14,559.76,490.99,55.94,100.16,0.7526,2,2,-1
321,16,664.89,399.81,55.06,114.66,0.9066,2,2,-1
321,29,310.99,363.35,45.55,115.50,0.8787,2,2,-1
321,33,1162.84,502.98,50.77,126.36,0.8825,2,2,-1
321,36,474.12,404.93,46.46,127.17,0.8888,2,2,-1
321,39,761.86,433.41,41.70,125.33,0.9107,2,2,-1
321,47,242.90,368.82,47.09,113.98,0.9137,2,2,-1
321,57,187.92,374.97,42.72,106.60,0.7997,2,1,-1
321,106,447.50,659.89,79.20,149.19,0.6947,3,0,-1
321,0,1571.67,594.57,23.44,22.47,1.0,0,-1,-1
322,1,-0.17,344.13,34.14,97.89,0.8270,1,3,-1
322,2,305.40,489.74,51.31,135.35,0.8989,2,2,-1
322,6,343.50,370.97,39.14,115.86,0.8587,2,2,-1
322,8,552.69,494.33,48.16,68.09,0.6616,2,2,-1
322,12,414.54,383.63,41.79,116.66,0.8940,2,2,-1
322,16,657.88,398.30,57.76,114.17,0.9120,2,2,-1
322,29,304.79,363.00,46.20,117.77,0.8864,2,2,-1
322,30,1006.32,359.93,35.59,109.68,0.8745,1,3,-1
322,33,1159.21,505.66,53.37,138.58,0.8418,2,2,-1
322,36,468.69,405.15,50.82,126.05,0.9022,2,2,-1
322,39,759.49,431.34,41.17,127.39,0.9281,2,2,-1
322,47,237.52,368.69,45.44,113.48,0.9135,2,2,-1
322,57,178.95,377.49,41.62,102.80,0.8776,2,1,-1
322,106,491.82,662.42,51.40,95.44,0.7617,3,0,-1
322,0,1571.35,605.47,22.08,23.00,1.0,0,-1,-1
323,1,-0.26,344.96,28.83,85.66,0.8817,1,3,-1
323,2,305.27,490.50,46.70,123.35,0.7551,2,2,-1
323,3,543.41,496.21,50.32,76.82,0.8445,2,2,-1
323,6,341.41,371.94,38.27,115.22,0.9068,2,2,-1
323,10,439.84,460.18,14.27,38.18,0.7646,2,2,-1
323,16,650.42,396.62,61.17,114.31,0.9259,2,2,-1
323,24,410.98,410.37,32.05,88.17,0.8302,2,2,-1
323,29,298.95,362.06,45.87,117.72,0.8464,2,2,-1
323,33,1158.64,508.25,54.81,139.23,0.8592,2,2,-1
323,36,466.67,404.42,52.17,125.27,0.9120,2,2,-1
323,39,755.55,430.33,42.72,128.61,0.9212,2,2,-1
323,43,1003.42,384.45,33.22,82.97,0.5136,1,3,-1
323,47,233.41,369.74,43.49,112.71,0.9155,2,2,-1
323,57,171.08,376.38,46.20,102.71,0.9098,2,1,-1
323,106,482.58,658.95,87.36,144.75,0.8851,3,0,-1
323,0,1570.87,617.55,22.49,23.22,1.0,0,-1,-1
324,2,297.55,489.81,50.68,133.45,0.8615,2,2,-1
324,3,535.20,496.29,49.46,73.25,0.7810,2,2,-1
324,4,-0.01,343.94,25.85,104.01,0.8610,2,1,-1
324,6,339.09,372.60,36.89,114.01,0.8329,2,2,-1
324,10,439.72,459.34,15.32,38.34,0.8572,2,2,-1
324,16,644.12,393.69,63.12,116.11,0.8984,2,2,-1
324,29,292.77,362.47,46.78,117.37,0.8929,2,2,-1
324,33,1159.67,507.22,51.46,131.16,0.7126,2,2,-1
324,36,465.44,403.48,52.35,125.14,0.9071,2,2,-1
324,39,751.93,430.36,44.29,125.98,0.9255,2,2,-1
324,43,997.59,378.88,34.83,87.24,0.7386,1,3,-1
324,47,228.50,371.14,42.91,111.88,0.9107,2,2,-1
324,54,407.16,381.77,32.32,72.30,0.7952,2,2,-1
324,57,165.43,375.19,48.18,103.44,0.9106,2,1,-1
324,0,1570.90,630.66,22.43,22.90,1.0,0,-1,-1
325,2,293.17,488.52,50.57,133.41,0.8825,2,2,-1
325,4,-0.98,347.35,22.73,110.14,0.8840,2,1,-1
325,6,333.74,371.75,36.56,115.01,0.8778,2,2,-1
325,10,439.08,458.82,16.23,38.71,0.8558,2,2,-1
325,12,406.55,382.33,39.18,114.16,0.8160,2,2,-1
325,16,637.68,393.67,65.50,115.35,0.9154,2,2,-1
325,29,283.55,362.40,50.49,118.46,0.9224,2,-1,-1
325,30,992.95,362.56,33.72,102.28,0.6442,1,3,-1
325,33,1166.84,506.79,41.91,105.42,0.6302,2,2,-1
325,36,465.68,403.06,51.50,124.44,0.8819,2,2,-1
325,39,747.63,431.59,49.04,127.65,0.9273,2,2,-1
325,47,224.74,373.36,41.53,107.84,0.9122,2,2,-1
325,55,526.45,494.17,55.82,124.44,0.9232,3,0,-1
325,57,159.75,372.08,48.45,104.99,0.9218,2,1,-1
325,0,1571.04,645.89,22.10,21.36,1.0,0,-1,-1
326,2,289.68,487.13,49.48,130.10,0.6065,2,2,-1
326,4,-1.77,346.53,19.37,102.29,0.7864,2,1,-1
326,6,330.88,372.56,35.63,112.45,0.5901,2,2,-1
326,10,438.16,458.75,16.79,39.09,0.8451,2,2,-1
326,12,407.00,454.94,14.54,40.50,0.7720,2,2,-1
326,16,630.79,392.40,68.41,116.37,0.9207,2,2,-1
326,29,279.23,361.93,51.36,118.83,0.8947,3,0,-1
326,33,1161.87,506.67,52.57,143.19,0.8186,2,2,-1
326,36,466.27,402.27,50.24,123.37,0.8986,2,2,-1
326,39,745.44,433.08,52.22,125.81,0.9187,2,2,-1
326,43,986.42,372.08,36.21,91.05,0.7661,1,3,-1
326,47,219.77,373.81,41.26,106.33,0.9098,2,2,-1
326,54,414.84,383.14,34.14,78.03,0.7869,2,2,-1
326,55,516.44,492.18,54.97,126.65,0.9185,3,0,-1
326,57,153.64,370.26,48.91,108.43,0.8859,2,1,-1
327,2,288.36,485.47,48.78,132.75,0.8367,2,2,-1
327,4,-2.63,350.03,15.52,88.29,0.6444,2,1,-1
327,6,326.44,369.38,35.95,113.48,0.8923,2,2,-1
327,16,625.35,391.96,70.14,116.28,0.8854,2,2,-1
327,29,272.98,361.48,52.36,118.35,0.8973,3,0,-1
327,30,981.37,354.70,35.78,107.67,0.8730,1,3,-1
327,33,1164.55,507.63,47.54,129.48,0.8747,2,2,-1
327,36,469.08,400.33,45.27,124.67,0.8987,2,2,-1
327,39,744.96,434.78,52.05,122.32,0.9184,2,2,-1
327,47,214.12,372.37,40.91,105.15,0.8685,2,2,-1
327,54,401.50,380.67,52.60,116.54,0.9119,2,2,-1
327,55,506.10,491.75,59.92,134.59,0.9078,3,0,-1
327,57,148.47,369.01,46.56,110.17,0.9154,2,1,-1
327,0,1567.78,680.82,23.85,23.77,1.0,0,-1,-1
328,2,284.76,485.35,48.35,130.68,0.7349,2,2,-1
328,6,320.83,367.79,36.34,113.72,0.8382,2,2,-1
328,16,617.40,391.72,73.75,114.35,0.9015,2,2,-1
328,29,268.00,361.15,51.94,117.81,0.9180,3,0,-1
328,33,1162.28,510.23,52.32,141.11,0.8013,2,2,-1
328,36,471.29,399.27,40.62,122.43,0.9095,2,2,-1
328,39,744.26,434.76,51.44,121.01,0.9145,2,2,-1
328,47,209.29,371.01,40.87,106.85,0.8958,2,2,-1
328,54,398.69,381.31,52.46,115.33,0.9251,2,2,-1
328,57,143.62,369.00,45.05,109.38,0.9025,2,1,-1
328,0,1565.89,696.98,23.91,28.37,1.0,0,-1,-1
329,2,285.24,485.19,47.34,130.15,0.7883,2,2,-1
329,6,316.87,367.01,37.43,113.58,0.8818,2,2,-1
329,16,608.05,391.35,79.33,115.16,0.9102,2,2,-1
329,29,263.07,359.74,54.16,117.66,0.9290,3,0,-1
329,33,1174.80,514.73,40.79,104.76,0.6373,2,2,-1
329,36,471.86,398.18,38.89,121.65,0.9097,2,2,-1
329,39,744.44,433.77,49.50,118.30,0.9193,2,2,-1
329,43,970.71,369.74,35.18,88.49,0.8255,1,3,-1
329,47,203.30,368.84,41.95,110.78,0.9074,2,2,-1
329,54,395.26,379.06,52.07,114.73,0.9245,2,2,-1
329,57,138.74,369.64,43.90,110.67,0.9180,2,1,-1
329,83,488.42,495.22,50.14,120.67,0.6902,2,1,-1
329,0,1564.51,717.43,23.78,26.19,1.0,0,-1,-1
330,2,283.73,483.28,47.22,131.81,0.8689,2,2,-1
330,6,309.26,366.24,38.83,113.52,0.8157,2,2,-1
330,11,496.53,575.85,19.47,54.48,0.5323,2,2,-1
330,16,600.48,390.90,82.47,114.11,0.8832,2,2,-1
330,29,257.25,356.03,53.61,119.31,0.8885,3,0,-1
330,33,1176.13,514.82,42.73,91.10,0.8543,2,2,-1
330,36,470.11,396.86,38.46,120.36,0.8941,2,2,-1
330,39,743.12,431.62,48.75,119.82,0.9200,2,2,-1
330,43,965.38,371.27,34.40,85.64,0.6506,1,3,-1
330,47,197.48,367.17,41.90,111.37,0.9143,2,2,-1
330,54,391.63,377.71,51.17,113.95,0.9258,2,2,-1
330,57,133.52,371.24,43.21,109.22,0.9110,2,1,-1
330,111,643.34,659.29,81.48,127.25,0.9313,2,-1,-1
330,0,1562.65,738.00,23.34,29.02,1.0,0,-1,-1
331,2,277.50,480.10,50.61,132.53,0.9115,2,2,-1
331,6,300.95,364.48,44.53,114.93,0.8904,2,2,-1
331,16,594.95,389.60,84.45,113.65,0.8955,2,2,-1
331,29,251.68,356.70,50.62,116.93,0.9138,3,0,-1
331,30,959.03,359.68,34.01,94.66,0.7550,1,3,-1
331,33,1176.65,515.98,43.57,96.67,0.8430,2,2,-1
331,36,467.11,395.28,39.45,119.68,0.8955,2,2,-1
331,37,1125.11,527.60,60.66,100.12,0.7238,3,0,-1
331,39,740.79,429.87,50.40,124.06,0.9161,2,2,-1
331,47,192.18,365.50,42.44,113.87,0.8563,2,2,-1
331,54,390.14,375.30,49.36,114.46,0.9260,2,2,-1
331,71,129.09,372.29,41.08,72.99,0.9070,2,1,-1
331,111,652.35,658.01,99.06,135.50,0.9278,2,-1,-1
331,0,1558.41,753.10,24.55,23.46,1.0,0,-1,-1
332,2,274.87,479.74,52.12,132.76,0.9023,2,2,-1
332,6,295.81,363.66,46.33,114.75,0.8730,2,2,-1
332,13,704.97,657.54,78.51,141.66,0.9279,2,2,-1
332,29,247.12,360.49,46.67,111.16,0.8847,3,0,-1
332,33,1166.10,511.43,50.48,118.70,0.8932,2,2,-1
332,36,464.40,393.36,44.44,118.70,0.9162,2,2,-1
332,37,1120.79,523.76,50.84,94.32,0.8491,3,0,-1
332,39,740.21,427.92,50.36,124.41,0.9202,2,2,-1
332,43,952.38,371.62,35.95,82.57,0.8181,1,3,-1
332,47,186.92,366.46,42.34,112.88,0.8319,2,2,-1
332,54,390.50,373.04,46.29,114.50,0.9183,2,2,-1
332,56,617.42,387.82,56.81,112.44,0.9164,2,1,-1
332,57,125.06,371.24,40.57,107.66,0.9315,2,1,-1
332,83,461.05,499.81,48.95,126.43,0.6184,2,1,-1
332,0,1550.04,738.86,24.57,24.22,1.0,0,-1,-1
333,2,274.48,479.63,52.55,132.41,0.8876,2,2,-1
333,6,290.37,364.14,48.52,112.99,0.8815,2,2,-1
333,13,721.93,659.03,79.92,142.27,0.8150,2,2,-1
333,29,242.70,370.01,41.30,99.09,0.8525,3,0,-1
333,30,942.80,356.34,40.00,94.78,0.8847,1,3,-1
333,33,1165.33,511.63,51.38,122.66,0.8897,2,2,-1
333,36,462.93,392.48,51.95,118.25,0.9168,2,2,-1
333,39,740.19,427.07,50.10,126.19,0.9205,2,2,-1
333,47,179.94,368.25,42.91,110.45,0.8646,2,2,-1
333,54,391.30,370.79,42.86,114.86,0.9137,2,2,-1
333,56,611.16,385.29,58.35,114.01,0.9091,2,1,-1
333,57,120.98,369.52,39.09,106.11,0.9142,2,1,-1
333,83,454.17,499.07,46.08,124.73,0.7759,2,1,-1
333,0,1541.19,727.46,24.72,22.00,1.0,0,-1,-1
334,2,273.19,478.08,52.68,132.29,0.7687,2,2,-1
334,6,284.71,363.14,51.76,113.24,0.8942,2,2,-1
334,13,732.26,659.49,82.52,152.87,0.9073,2,2,-1
334,29,236.39,361.91,42.49,104.62,0.6964,3,0,-1
334,30,935.07,346.66,43.90,102.54,0.9108,1,3,-1
334,33,1162.71,512.14,53.15,122.78,0.8981,2,2,-1
334,36,455.99,391.52,60.29,119.90,0.9200,2,2,-1
334,37,1117.50,516.16,50.92,83.99,0.7384,3,0,-1
334,42,747.62,506.04,23.42,45.98,0.6111,2,2,-1
334,47,174.96,368.25,44.00,108.85,0.9043,2,2,-1
334,54,391.58,368.93,40.10,113.56,0.8977,2,2,-1
334,56,608.79,384.25,55.39,113.50,0.9069,2,1,-1
334,57,117.46,367.49,38.08,106.23,0.9082,2,1,-1
334,59,740.19,428.33,49.34,88.82,0.8962,3,0,-1
334,83,458.31,550.87,30.33,72.71,0.5495,2,1,-1
334,0,1533.22,717.13,23.69,20.67,1.0,0,-1,-1
335,2,270.26,476.76,55.23,132.89,0.9330,2,2,-1
335,6,281.76,363.49,53.31,112.69,0.9101,2,2,-1
335,13,773.06,663.03,45.35,81.17,0.7395,2,2,-1
335,33,1167.03,512.67,51.50,125.07,0.8111,2,2,-1
335,36,452.78,390.05,62.84,119.77,0.9363,2,2,-1
335,37,1104.61,511.36,69.80,128.79,0.8855,3,0,-1
335,42,747.76,505.19,23.89,45.94,0.8494,2,2,-1
335,43,931.10,360.79,41.31,86.87,0.8768,1,3,-1
335,47,170.28,367.11,45.22,107.35,0.9094,2,2,-1
335,54,386.91,367.10,41.56,114.35,0.9166,2,2,-1
335,55,433.02,495.27,57.17,129.43,0.9282,3,0,-1
335,56,606.51,382.33,53.31,112.45,0.8633,2,1,-1
335,57,112.93,365.24,38.34,108.80,0.9232,2,1,-1
335,59,740.79,430.00,46.53,84.75,0.8601,3,0,-1
335,94,231.77,350.24,42.25,88.71,0.8451,2,1,-1
335,0,1524.33,706.71,24.82,21.30,1.0,0,-1,-1
336,2,269.48,475.38,54.29,131.17,0.9301,2,2,-1
336,6,278.54,363.09,53.00,112.51,0.8840,2,2,-1
336,30,925.37,349.14,42.40,96.50,0.9138,1,3,-1
336,33,1169.48,513.92,47.97,123.11,0.8837,2,2,-1
336,36,450.91,389.02,61.82,118.09,0.9325,2,2,-1
336,37,1097.19,508.17,70.88,134.39,0.7740,3,0,-1
336,42,751.14,506.56,21.25,42.73,0.8411,2,2,-1
336,47,167.34,365.89,43.76,106.18,0.8727,2,2,-1
336,54,383.75,364.76,43.43,115.00,0.8981,2,2,-1
336,55,424.12,495.00,55.36,120.60,0.7913,3,0,-1
336,56,598.30,381.05,55.39,112.37,0.9095,2,1,-1
336,57,108.31,364.35,38.95,110.78,0.9233,2,1,-1
336,59,740.40,430.19,45.02,85.36,0.8329,3,0,-1
336,94,226.39,348.94,43.37,95.45,0.7699,2,1,-1
336,0,1516.25,698.14,24.19,20.67,1.0,0,-1,-1
337,2,267.41,474.17,53.90,130.38,0.9182,2,2,-1
337,6,275.88,360.96,52.13,113.30,0.9140,2,2,-1
337,16,574.70,379.63,75.84,112.57,0.8793,2,2,-1
337,29,221.83,347.69,42.00,115.22,0.8716,3,0,-1
337,33,1171.52,515.87,48.35,118.78,0.9171,2,2,-1
337,36,448.32,386.32,60.91,118.85,0.9401,2,2,-1
337,37,1092.50,506.09,63.28,131.79,0.8643,3,0,-1
337,39,740.90,428.66,42.35,116.02,0.8658,2,2,-1
337,43,919.87,356.28,42.16,87.29,0.9005,1,3,-1
337,47,162.21,362.68,43.94,108.24,0.9005,2,2,-1
337,54,379.37,362.40,49.68,115.04,0.8668,2,2,-1
337,57,101.96,363.40,40.22,111.75,0.9311,2,1,-1
337,0,1507.62,691.28,24.30,21.10,1.0,0,-1,-1
338,2,265.80,473.24,53.36,128.23,0.8893,2,2,-1
338,6,272.92,359.76,50.62,113.58,0.8800,2,2,-1
338,7,487.31,460.96,16.76,39.70,0.6926,2,2,-1
338,14,399.82,498.55,53.58,87.36,0.6673,2,2,-1
338,29,217.11,346.53,40.65,116.68,0.8789,3,0,-1
338,33,1171.63,514.85,50.11,116.55,0.9051,2,2,-1
338,36,446.57,383.88,60.06,119.36,0.9337,2,2,-1
338,37,1082.26,505.77,61.05,132.83,0.6673,3,0,-1
338,39,741.81,425.95,40.06,116.86,0.9114,2,2,-1
338,43,914.86,352.79,42.52,89.58,0.8442,1,3,-1
338,47,157.11,360.66,44.10,111.12,0.9077,2,2,-1
338,54,375.73,360.65,57.35,114.90,0.9161,2,2,-1
338,56,590.49,378.25,54.28,112.34,0.9102,2,1,-1
338,63,94.78,364.24,42.85,95.29,0.9072,2,1,-1
338,83,410.67,569.56,26.68,61.03,0.6139,2,1,-1
338,0,1499.93,686.05,24.08,19.83,1.0,0,-1,-1
339,2,265.41,470.31,53.18,129.20,0.8758,2,2,-1
339,6,273.28,358.23,47.10,112.03,0.9109,2,2,-1
339,14,389.42,499.85,53.05,82.32,0.8353,2,2,-1
339,29,214.86,350.32,38.05,111.48,0.8450,3,0,-1
339,33,1175.20,513.72,51.70,118.59,0.9070,2,2,-1
339,36,445.56,381.99,58.95,118.15,0.9175,2,2,-1
339,37,1083.68,504.75,59.35,135.08,0.8633,3,0,-1
339,39,741.89,422.90,40.65,119.91,0.9216,2,2,-1
339,43,910.83,356.04,41.11,84.04,0.9005,1,3,-1
339,47,152.96,358.71,44.22,113.87,0.9038,2,2,-1
339,54,369.23,359.31,65.12,113.99,0.9226,2,2,-1
339,56,586.96,377.90,53.49,111.45,0.9033,2,1,-1
339,57,88.35,365.36,44.26,108.02,0.9107,2,1,-1
339,83,400.40,564.70,28.18,64.08,0.5361,2,1,-1
339,0,1491.60,681.93,24.32,19.68,1.0,0,-1,-1
340,2,269.00,467.87,49.98,129.81,0.8422,2,2,-1
340,6,272.89,355.61,44.47,110.95,0.8994,2,2,-1
340,9,398.95,579.60,29.01,46.25,0.5819,3,0,-1
340,14,383.45,499.01,50.28,77.65,0.8463,2,2,-1
340,24,393.62,358.93,42.82,112.78,0.9091,2,2,-1
340,29,209.91,345.47,40.00,115.28,0.8699,3,0,-1
340,30,906.19,350.22,40.88,88.22,0.8875,1,3,-1
340,33,1176.19,513.72,54.29,120.25,0.9088,2,2,-1
340,36,445.70,376.50,58.33,121.38,0.9214,2,2,-1
340,37,1079.74,503.01,57.44,133.72,0.9180,3,0,-1
340,39,740.05,419.64,43.15,124.69,0.9306,2,2,-1
340,47,149.92,358.23,42.94,114.64,0.9082,2,2,-1
340,56,584.65,377.47,52.49,110.09,0.8886,2,1,-1
340,63,82.76,365.83,45.58,89.95,0.8938,2,1,-1
340,0,1483.98,677.27,23.56,19.64,1.0,0,-1,-1
341,2,264.64,466.44,51.40,130.64,0.8845,2,2,-1
341,6,272.01,353.27,42.64,111.03,0.8973,2,2,-1
341,14,373.55,496.46,51.48,84.54,0.8941,2,2,-1
341,24,393.10,356.68,43.77,111.97,0.9046,2,2,-1
341,29,217.12,409.25,24.32,50.42,0.8316,3,0,-1
341,30,902.69,348.31,41.37,87.44,0.9103,1,3,-1
341,33,1181.78,513.06,53.12,123.68,0.8645,2,2,-1
341,36,447.48,377.04,56.31,118.15,0.9258,2,2,-1
341,37,1072.77,502.15,58.67,132.84,0.9120,3,0,-1
341,39,738.62,417.97,45.51,125.73,0.9282,2,2,-1
341,47,148.07,358.29,41.99,114.81,0.9194,2,2,-1
341,56,583.15,376.35,50.48,111.28,0.8992,2,1,-1
341,57,78.24,364.83,47.17,107.69,0.9199,2,1,-1
341,77,208.13,342.74,36.56,70.55,0.7582,2,1,-1
341,0,1476.68,675.86,23.50,19.43,1.0,0,-1,-1
342,2,264.34,465.80,51.63,132.01,0.8479,2,2,-1
342,6,271.04,352.06,41.76,111.14,0.9113,2,2,-1
342,29,209.76,400.94,26.99,54.78,0.6196,3,0,-1
342,33,1185.99,514.12,51.76,126.07,0.8819,2,2,-1
342,36,449.43,374.54,55.48,117.91,0.9221,2,2,-1
342,37,1065.26,498.57,62.46,134.02,0.9200,3,0,-1
342,39,737.38,417.92,48.37,125.55,0.9232,2,2,-1
342,43,897.26,335.51,43.61,97.98,0.9222,1,3,-1
342,47,145.98,359.05,41.79,113.02,0.9097,2,2,-1
342,54,358.85,356.58,76.80,110.66,0.9134,2,2,-1
342,55,365.52,492.22,53.94,130.53,0.8667,3,0,-1
342,56,582.12,374.52,48.96,111.58,0.8908,2,1,-1
342,63,75.79,362.06,46.59,90.49,0.9199,2,1,-1
342,77,203.45,340.57,37.95,64.34,0.8345,2,1,-1
342,0,1470.17,674.97,22.87,19.55,1.0,0,-1,-1
343,2,263.15,464.15,52.74,130.68,0.9104,2,2,-1
343,6,270.81,350.13,41.05,112.39,0.9195,2,2,-1
343,24,389.27,355.59,46.59,108.38,0.9215,2,2,-1
343,30,894.54,343.63,42.88,87.93,0.9042,1,3,-1
343,33,1193.03,516.30,50.59,123.31,0.8779,2,2,-1
343,36,452.27,372.72,54.72,116.25,0.9164,2,2,-1
343,37,1060.57,495.10,65.19,134.43,0.9424,3,0,-1
343,39,738.59,417.99,50.88,124.16,0.9269,2,2,-1
343,47,143.50,358.74,42.87,111.39,0.9042,2,2,-1
343,55,357.75,491.52,56.03,134.91,0.9273,3,0,-1
343,56,580.62,373.57,47.58,110.78,0.8968,2,-1,-1
343,57,73.63,358.77,46.34,107.52,0.9260,2,1,-1
343,94,199.97,372.22,36.03,81.82,0.7454,2,1,-1
343,0,1464.20,676.12,22.40,18.94,1.0,0,-1,-1
344,2,264.44,462.56,53.15,130.41,0.9262,2,2,-1
344,6,271.64,347.97,40.46,112.22,0.9112,2,2,-1
344,24,389.76,353.75,46.81,107.49,0.9327,2,2,-1
344,33,1196.47,517.66,53.21,119.64,0.9160,2,2,-1
344,36,456.11,384.33,47.03,101.65,0.8488,2,2,-1
344,37,1056.65,491.25,66.91,135.44,0.9341,3,0,-1
344,39,744.83,418.28,49.95,122.36,0.9077,2,2,-1
344,43,891.56,334.37,43.49,95.20,0.8917,1,3,-1
344,47,143.03,358.18,43.22,110.13,0.8979,2,2,-1
344,55,350.10,491.90,54.35,132.40,0.7573,3,0,-1
344,56,581.69,372.33,45.67,109.62,0.8884,2,2,-1
344,57,73.21,356.36,45.87,110.90,0.8992,2,1,-1
344,94,196.94,374.08,32.73,76.74,0.6914,2,1,-1
344,0,1458.66,677.12,23.14,19.86,1.0,0,-1,-1
345,2,267.93,462.02,52.31,129.91,0.9082,2,2,-1
345,6,273.14,346.63,40.60,111.69,0.8982,2,2,-1
345,7,460.85,442.64,15.67,39.45,0.5461,2,2,-1
345,16,551.86,371.49,75.20,108.16,0.8600,2,2,-1
345,24,390.98,351.09,46.53,108.30,0.9237,2,2,-1
345,33,1203.11,516.58,51.92,118.16,0.9198,2,2,-1
345,36,460.22,369.17,51.53,114.40,0.8360,2,2,-1
345,37,1052.45,488.42,66.69,134.44,0.9279,3,0,-1
345,39,753.19,418.99,47.94,118.60,0.9095,2,2,-1
345,43,889.64,332.19,43.12,94.45,0.8994,1,3,-1
345,47,141.93,357.77,44.24,106.60,0.8958,2,2,-1
345,55,346.69,491.76,58.09,135.89,0.8528,3,0,-1
345,57,74.05,354.56,44.46,112.35,0.9096,2,1,-1
345,94,194.66,346.00,38.74,102.89,0.7947,2,1,-1
345,0,1454.81,680.70,21.69,19.63,1.0,0,-1,-1
346,2,273.36,460.43,51.17,130.18,0.8626,2,2,-1
346,6,276.37,346.22,39.77,111.21,0.8993,2,2,-1
346,14,343.07,495.34,50.71,82.06,0.5606,2,2,-1
346,16,553.36,368.68,74.65,109.68,0.8747,2,2,-1
346,24,392.54,348.62,46.26,108.32,0.9176,2,2,-1
346,33,1205.18,514.76,52.98,117.52,0.9320,2,2,-1
346,36,465.44,366.17,49.69,113.82,0.8361,2,2,-1
346,37,1051.29,485.10,63.89,132.87,0.8769,3,0,-1
346,39,758.82,417.51,47.12,117.27,0.9152,2,2,-1
346,43,886.62,326.85,41.50,97.21,0.9127,1,3,-1
346,47,143.25,354.26,44.44,107.45,0.8931,2,2,-1
346,63,75.78,354.45,42.56,88.73,0.9091,2,1,-1
346,94,197.17,332.60,39.03,113.09,0.8423,2,1,-1
346,0,1450.48,684.66,22.44,19.31,1.0,0,-1,-1
347,2,277.43,459.89,50.24,128.35,0.9033,2,2,-1
347,6,276.47,345.16,40.49,110.92,0.9044,2,2,-1
347,16,555.65,366.47,72.69,108.29,0.8435,2,2,-1
347,33,1205.41,514.56,59.33,120.25,0.9395,2,2,-1
347,36,469.28,363.32,48.27,114.24,0.8902,2,2,-1
347,37,1045.97,481.73,59.57,131.27,0.9170,3,0,-1
347,39,763.67,415.33,46.90,117.55,0.9190,2,2,-1
347,43,884.45,323.34,39.33,98.85,0.9109,1,3,-1
347,47,142.76,351.09,42.05,109.19,0.8383,2,2,-1
347,54,360.82,346.05,78.19,108.95,0.8778,2,2,-1
347,63,77.81,354.74,40.13,83.24,0.8979,2,1,-1
347,94,197.61,330.54,38.06,113.22,0.8791,2,1,-1
347,0,1446.00,690.56,23.14,20.71,1.0,0,-1,-1
348,2,295.37,537.66,18.93,47.93,0.7597,2,2,-1
348,6,277.33,344.09,41.21,110.20,0.9022,2,2,-1
348,16,556.10,363.90,72.19,109.20,0.8953,2,2,-1
348,24,393.23,344.16,46.57,109.12,0.9022,2,2,-1
348,33,1209.18,514.20,64.21,124.10,0.9326,2,2,-1
348,36,472.82,361.97,46.86,114.53,0.8977,2,2,-1
348,37,1042.11,478.17,52.78,133.28,0.9216,3,0,-1
348,39,767.93,412.69,45.88,116.62,0.9165,2,2,-1
348,43,882.49,321.51,37.91,98.64,0.9002,1,3,-1
348,44,88.00,422.41,22.22,46.56,0.5356,2,1,-1
348,47,143.00,354.46,38.75,106.79,0.7894,2,2,-1
348,63,80.31,356.96,38.72,78.32,0.8735,2,1,-1
348,94,197.05,329.06,39.21,114.06,0.8827,2,1,-1
348,106,279.56,457.19,52.22,90.70,0.7560,3,0,-1
348,114,1880.71,935.38,39.60,102.31,0.5543,3,-1,-1
348,0,1442.39,698.26,22.49,19.76,1.0,0,-1,-1
349,2,299.28,540.32,17.11,42.58,0.5189,2,2,-1
349,6,276.06,341.85,43.50,110.77,0.9174,2,2,-1
349,16,556.37,362.27,71.88,108.96,0.9243,2,2,-1
349,24,393.75,342.33,45.56,109.21,0.8910,2,2,-1
349,33,1223.90,515.40,59.86,126.69,0.8647,2,2,-1
349,36,473.67,359.69,45.51,114.45,0.9043,2,2,-1
349,37,1036.64,475.06,50.45,135.35,0.8976,3,0,-1
349,39,772.07,409.68,46.57,122.89,0.9221,2,2,-1
349,43,882.30,321.93,36.14,96.58,0.8964,1,3,-1
349,47,146.95,350.51,42.11,111.14,0.8007,2,2,-1
349,55,327.77,496.22,47.18,129.29,0.8503,3,0,-1
349,63,80.43,357.72,40.64,79.43,0.9073,2,1,-1
349,94,193.01,327.59,44.38,113.89,0.9111,2,1,-1
349,106,279.96,455.52,57.62,111.94,0.7441,3,0,-1
349,114,1880.46,932.32,38.48,98.41,0.5365,3,-1,-1
349,0,1439.64,706.49,21.74,19.44,1.0,0,-1,-1
350,6,276.87,340.14,45.35,109.89,0.9097,2,2,-1
350,16,556.54,360.73,72.46,108.84,0.9269,2,2,-1
350,24,393.32,340.23,43.62,108.75,0.8697,2,2,-1
350,33,1236.91,520.25,52.49,125.03,0.8980,2,2,-1
350,36,475.70,363.30,41.75,108.26,0.8514,2,2,-1
350,37,1032.52,473.19,49.95,135.40,0.8061,3,0,-1
350,39,777.04,407.71,46.83,125.69,0.9162,2,2,-1
350,43,882.31,322.04,34.36,94.29,0.8853,1,3,-1
350,47,146.18,348.18,43.95,112.66,0.7611,2,2,-1
350,63,80.80,356.91,40.59,80.76,0.8935,2,1,-1
350,94,191.54,328.76,45.76,110.17,0.8775,2,1,-1
350,114,1882.72,927.39,36.93,94.38,0.5690,3,-1,-1
350,0,1436.56,716.68,22.22,20.86,1.0,0,-1,-1
351,6,276.69,338.90,48.13,108.61,0.9122,2,2,-1
351,16,556.38,359.81,72.73,108.32,0.9204,2,2,-1
351,30,882.52,342.59,31.75,71.82,0.8617,1,3,-1
351,33,1240.67,519.46,53.55,124.83,0.9147,2,2,-1
351,36,478.55,360.58,39.68,109.11,0.8285,2,2,-1
351,37,1027.78,470.56,51.39,135.56,0.7898,3,0,-1
351,39,782.56,407.56,46.02,125.10,0.9271,2,2,-1
351,47,145.22,347.98,52.35,113.06,0.8979,2,2,-1
351,54,365.38,338.61,70.70,108.48,0.8353,2,2,-1
351,57,80.00,354.67,43.08,108.28,0.9209,2,1,-1
351,84,190.11,342.15,50.44,95.30,0.8660,2,2,-1
351,114,1881.93,924.21,39.83,104.18,0.5534,3,-1,-1
351,116,1113.48,699.98,85.65,110.45,0.9237,2,-1,-1
351,0,1432.76,728.92,22.61,20.40,1.0,0,-1,-1
352,3,488.88,427.69,18.38,39.74,0.7304,2,2,-1
352,6,277.54,336.08,49.05,109.56,0.9044,2,2,-1
352,16,557.28,359.32,73.32,108.14,0.8788,2,2,-1
352,30,883.10,343.01,29.95,69.25,0.8155,1,3,-1
352,33,1247.70,519.89,53.93,122.15,0.8268,2,2,-1
352,36,493.59,355.87,25.30,67.86,0.7423,2,2,-1
352,37,1025.20,469.65,47.98,78.30,0.8523,3,0,-1
352,39,787.39,407.36,45.64,125.97,0.9256,2,2,-1
352,47,144.87,349.13,55.12,110.59,0.8906,2,2,-1
352,54,368.92,337.12,65.36,108.02,0.8553,2,2,-1
352,57,79.66,352.24,43.42,108.19,0.9244,2,1,-1
352,94,192.68,323.90,50.13,111.61,0.9180,2,1,-1
352,114,1881.02,921.10,39.74,104.37,0.5051,3,-1,-1
352,116,1138.09,712.68,80.93,98.77,0.9088,2,-1,-1
352,0,1429.09,741.09,23.24,22.98,1.0,0,-1,-1
353,6,278.72,335.22,49.91,109.04,0.9074,2,2,-1
353,16,559.07,358.44,73.28,107.70,0.9293,2,2,-1
353,30,882.09,338.26,30.25,72.28,0.8756,1,3,-1
353,33,1251.12,518.33,59.78,120.65,0.9174,2,2,-1
353,36,482.61,352.23,38.46,112.65,0.8983,2,2,-1
353,37,1018.34,467.26,65.06,133.06,0.8982,3,0,-1
353,39,794.21,409.52,43.26,122.01,0.9063,2,2,-1
353,47,144.39,349.98,57.29,108.11,0.8970,2,2,-1
353,54,377.24,336.11,58.65,106.72,0.8665,2,2,-1
353,57,80.31,350.57,44.19,108.55,0.9254,2,1,-1
353,94,195.02,321.26,50.52,111.66,0.9368,2,1,-1
353,106,301.77,450.13,48.63,92.08,0.6849,3,0,-1
353,116,1151.53,662.72,59.21,77.89,0.7990,2,-1,-1
353,0,1427.28,751.79,21.11,20.22,1.0,0,-1,-1
354,3,496.39,423.48,16.59,39.25,0.8445,2,2,-1
354,6,282.32,333.98,50.61,109.71,0.9165,2,2,-1
354,12,485.82,351.16,29.57,70.76,0.7777,2,2,-1
354,16,561.60,358.27,73.02,106.89,0.9263,2,2,-1
354,24,394.33,335.15,42.05,105.89,0.8995,2,2,-1
354,30,882.02,336.12,29.63,72.58,0.8827,1,3,-1
354,33,1258.63,517.40,62.62,124.86,0.9136,2,2,-1
354,37,1020.70,465.73,61.67,133.14,0.8559,3,0,-1
354,47,146.33,348.83,58.18,107.83,0.8725,2,2,-1
354,57,80.89,349.28,43.75,110.54,0.9249,2,1,-1
354,59,800.19,410.53,41.50,86.75,0.8444,3,0,-1
354,94,195.81,321.26,52.12,110.86,0.9132,2,1,-1
354,111,811.00,488.07,23.94,40.62,0.7022,2,-1,-1
354,116,1171.93,662.89,49.87,74.41,0.8114,2,-1,-1
354,0,1426.51,743.67,21.91,21.43,1.0,0,-1,-1
355,6,284.27,333.52,51.14,108.54,0.9003,2,2,-1
355,16,561.48,357.60,74.50,107.00,0.9274,2,2,-1
355,24,393.21,334.87,44.46,104.69,0.9050,2,2,-1
355,30,882.17,335.47,28.94,70.76,0.9002,1,3,-1
355,33,1265.31,518.57,68.41,132.35,0.9266,2,2,-1
355,36,488.87,349.30,36.81,112.77,0.9129,2,2,-1
355,37,1016.65,465.36,62.47,129.83,0.8687,3,0,-1
355,39,806.45,409.55,41.66,117.49,0.9098,2,2,-1
355,55,306.33,448.52,46.32,147.16,0.8430,3,0,-1
355,57,81.79,349.48,44.33,109.17,0.9232,2,1,-1
355,94,195.52,318.96,54.80,110.76,0.9152,2,1,-1
355,116,1193.07,659.82,47.90,73.22,0.6335,2,-1,-1
355,0,1424.76,737.00,22.54,21.93,1.0,0,-1,-1
356,3,501.86,417.40,17.34,41.17,0.7257,2,2,-1
356,6,287.78,335.09,50.27,107.37,0.8946,2,2,-1
356,12,499.11,350.81,29.82,72.03,0.5441,2,2,-1
356,16,561.80,356.63,75.23,107.78,0.9324,2,2,-1
356,30,882.54,335.81,28.80,69.90,0.8985,1,3,-1
356,33,1274.95,520.98,71.46,130.57,0.9246,2,2,-1
356,37,1016.42,463.64,63.08,129.87,0.8898,3,0,-1
356,39,812.89,407.60,40.85,117.37,0.9203,2,2,-1
356,54,387.58,334.60,52.89,103.91,0.9186,2,2,-1
356,55,310.47,448.18,41.31,129.21,0.6027,3,0,-1
356,57,81.83,350.51,46.25,110.48,0.9277,2,1,-1
356,71,161.86,344.71,38.45,58.96,0.8049,2,1,-1
356,94,196.42,317.14,54.64,109.73,0.8814,2,1,-1
356,120,1215.09,664.05,87.73,135.33,0.8460,2,-1,-1
356,0,1424.87,732.00,21.80,20.05,1.0,0,-1,-1
357,6,291.37,336.91,48.62,105.01,0.8840,2,2,-1
357,16,562.95,355.99,75.82,107.99,0.9342,2,2,-1
357,30,882.46,335.63,29.77,69.06,0.9031,1,3,-1
357,33,1283.97,524.06,74.99,130.19,0.9284,2,2,-1
357,36,494.42,345.76,36.58,109.78,0.8860,2,2,-1
357,37,1017.42,462.61,62.47,126.94,0.8900,3,0,-1
357,39,820.03,405.69,40.27,119.69,0.9300,2,2,-1
357,47,172.24,345.13,46.08,107.38,0.8782,2,2,-1
357,54,387.91,334.49,53.93,103.52,0.9126,2,2,-1
357,55,286.79,498.72,43.46,125.81,0.7822,3,0,-1
357,57,81.68,352.85,46.94,108.47,0.9212,2,1,-1
357,77,200.16,316.34,41.76,65.87,0.6401,2,1,-1
357,120,1238.23,688.39,86.94,121.82,0.8372,2,-1,-1
357,0,1423.45,729.96,22.18,18.92,1.0,0,-1,-1
358,4,0.15,323.26,11.73,63.59,0.7830,2,1,-1
358,6,292.75,337.92,49.22,102.54,0.8843,2,2,-1
358,16,563.77,355.36,75.42,107.02,0.9301,2,2,-1
358,30,881.44,332.58,31.22,70.43,0.9042,1,3,-1
358,33,1297.21,527.69,77.28,128.08,0.8994,2,2,-1
358,36,497.41,345.52,36.81,108.37,0.9007,2,2,-1
358,37,1015.25,460.85,62.12,128.84,0.7704,3,0,-1
358,39,824.27,404.45,41.30,121.51,0.9276,2,2,-1
358,47,176.58,342.79,44.75,108.58,0.8815,2,2,-1
358,54,389.39,333.76,53.55,102.31,0.9126,2,2,-1
358,55,279.51,498.75,48.99,130.61,0.9084,3,0,-1
358,57,81.70,353.63,46.48,106.04,0.9021,2,1,-1
358,120,1241.89,659.45,101.93,148.35,0.6811,2,-1,-1
358,0,1423.04,728.14,22.32,18.79,1.0,0,-1,-1
359,1,-0.33,323.51,16.27,72.18,0.8249,1,3,-1
359,6,297.45,338.82,47.30,100.50,0.7832,2,2,-1
359,11,312.19,446.75,47.16,127.47,0.6284,2,2,-1
359,16,563.87,354.23,75.14,106.49,0.9127,2,2,-1
359,30,881.56,329.51,31.98,71.44,0.8916,1,3,-1
359,33,1306.35,528.98,77.93,127.16,0.8926,2,2,-1
359,36,499.06,341.87,38.90,110.34,0.9167,2,2,-1
359,37,1016.15,458.62,59.86,129.79,0.8376,3,0,-1
359,39,828.08,403.29,43.59,122.93,0.9334,2,2,-1
359,47,181.18,342.56,45.23,108.81,0.8480,2,2,-1
359,54,390.79,334.44,52.79,100.14,0.8988,2,2,-1
359,55,272.97,497.70,53.41,135.68,0.9218,3,0,-1
359,57,83.10,353.74,46.37,106.01,0.9200,2,1,-1
359,120,1254.79,657.07,96.11,144.72,0.5386,3,0,-1
359,0,1422.88,728.09,22.28,19.12,1.0,0,-1,-1
360,1,0.47,317.93,20.29,80.60,0.8733,1,3,-1
360,6,302.71,339.45,42.91,98.83,0.8127,2,2,-1
360,11,315.78,445.88,47.15,127.23,0.8511,2,2,-1
360,16,565.73,352.50,74.35,107.30,0.9166,2,2,-1
360,30,882.09,330.11,30.65,69.30,0.8783,1,3,-1
360,33,1317.15,528.21,73.35,125.67,0.9179,2,2,-1
360,36,500.83,339.95,41.57,110.49,0.9140,2,2,-1
360,37,1015.87,458.58,55.50,126.64,0.8240,3,0,-1
360,39,831.00,403.24,46.21,124.47,0.9243,2,2,-1
360,47,183.62,341.99,45.39,109.05,0.8870,2,2,-1
360,54,391.84,333.61,53.07,99.68,0.8995,2,2,-1
360,55,267.23,498.43,57.28,140.52,0.9150,3,0,-1
360,57,85.15,352.99,45.44,106.53,0.9072,2,1,-1
360,120,1274.65,656.31,69.67,108.74,0.5087,3,0,-1
360,0,1422.67,728.69,22.45,18.92,1.0,0,-1,-1
361,1,0.54,317.14,22.16,79.66,0.8962,1,3,-1
361,6,297.81,335.22,43.48,101.60,0.8791,2,2,-1
361,11,318.30,444.01,47.31,127.29,0.8957,2,2,-1
361,16,567.04,350.57,73.62,108.36,0.9144,2,2,-1
361,30,882.89,329.92,28.43,67.32,0.8561,1,3,-1
361,33,1325.66,527.27,68.05,129.63,0.9286,2,2,-1
361,36,502.68,338.50,44.13,109.72,0.9099,2,2,-1
361,37,1019.58,457.35,51.03,126.65,0.9043,3,0,-1
361,39,834.61,404.54,49.39,124.10,0.9367,2,2,-1
361,47,185.84,342.28,47.65,109.24,0.8928,2,2,-1
361,54,393.85,332.86,52.07,99.05,0.9107,2,2,-1
361,55,261.64,500.49,57.86,137.79,0.8983,3,0,-1
361,57,87.29,352.94,44.67,105.93,0.9325,2,1,-1
361,120,1296.73,658.40,50.66,80.25,0.5127,3,0,-1
361,0,1421.96,730.47,23.11,19.39,1.0,0,-1,-1
362,1,0.45,318.14,24.88,84.31,0.8970,1,3,-1
362,6,298.26,331.19,42.74,103.51,0.8589,2,2,-1
362,11,320.32,446.30,46.51,123.48,0.8492,2,2,-1
362,14,256.40,504.62,53.06,82.32,0.7801,2,2,-1
362,16,567.34,348.79,73.80,108.70,0.9250,2,2,-1
362,30,882.27,325.72,28.68,70.48,0.8142,1,3,-1
362,33,1334.06,527.49,65.66,133.60,0.9071,2,2,-1
362,36,504.83,337.15,46.32,109.43,0.9153,2,2,-1
362,37,1014.49,456.20,51.55,126.53,0.9422,3,0,-1
362,39,845.17,406.96,47.92,121.92,0.9056,2,2,-1
362,47,187.09,340.47,51.03,110.02,0.9186,2,2,-1
362,54,395.79,331.72,51.31,98.60,0.9217,2,2,-1
362,57,88.17,352.78,44.34,105.20,0.9186,2,1,-1
362,0,1421.29,732.99,22.89,19.79,1.0,0,-1,-1
363,1,0.87,319.58,29.29,90.60,0.9007,1,3,-1
363,6,300.48,327.37,40.99,105.15,0.8813,2,2,-1
363,11,321.83,446.63,48.38,122.25,0.9040,2,2,-1
363,14,251.31,508.15,56.87,90.91,0.7100,2,-1,-1
363,16,569.27,347.20,74.12,109.19,0.9294,2,2,-1
363,33,1338.57,531.03,69.48,134.82,0.9051,2,2,-1
363,36,507.81,336.05,47.79,108.70,0.9153,2,2,-1
363,37,1010.22,455.99,54.00,125.63,0.9261,3,0,-1
363,39,851.16,407.88,48.15,120.26,0.9174,2,2,-1
363,43,880.60,305.95,31.30,88.11,0.7835,1,3,-1
363,47,189.28,342.97,54.09,105.94,0.9241,2,2,-1
363,54,397.75,330.48,50.57,98.03,0.9278,2,2,-1
363,57,89.07,352.57,44.60,104.12,0.9221,2,1,-1
363,77,201.16,307.97,33.64,55.32,0.7496,2,1,-1
363,120,1328.71,656.96,43.94,73.16,0.7237,3,0,-1
363,0,1422.13,737.34,22.57,20.75,1.0,0,-1,-1
364,1,1.03,318.32,31.09,86.45,0.8980,1,3,-1
364,6,303.21,323.76,39.54,106.68,0.8997,2,2,-1
364,11,327.93,442.67,47.92,127.32,0.8528,2,2,-1
364,16,572.33,346.17,74.60,109.45,0.9163,2,2,-1
364,30,883.32,320.04,29.28,72.61,0.6442,1,3,-1
364,33,1344.18,533.72,74.85,134.15,0.9093,2,2,-1
364,36,510.08,335.15,49.39,109.16,0.9101,2,2,-1
364,37,1007.27,450.58,59.02,129.60,0.8997,3,0,-1
364,39,860.12,409.09,47.31,117.14,0.9043,2,2,-1
364,47,194.34,345.60,54.09,101.91,0.9040,2,2,-1
364,54,397.50,329.53,52.50,97.95,0.9028,2,2,-1
364,55,248.84,509.76,54.19,137.81,0.8546,3,0,-1
364,57,88.97,351.61,46.22,104.04,0.9158,2,1,-1
364,77,202.85,306.92,31.16,54.08,0.7650,2,1,-1
364,0,1422.09,743.71,22.97,21.21,1.0,0,-1,-1
365,1,0.56,316.75,34.87,91.71,0.9032,1,3,-1
365,6,306.46,322.03,38.59,105.47,0.9229,2,2,-1
365,11,328.68,440.98,50.02,130.06,0.9062,2,2,-1
365,16,574.04,345.37,76.62,110.67,0.9197,2,2,-1
365,33,1359.14,537.62,74.37,138.09,0.8484,2,2,-1
365,36,513.30,333.72,50.68,108.96,0.9055,2,2,-1
365,37,1007.52,458.09,60.92,120.97,0.9284,3,0,-1
365,39,866.87,407.53,48.15,116.75,0.9192,2,2,-1
365,47,198.80,342.86,54.01,103.03,0.8319,2,2,-1
365,54,403.46,328.48,51.07,97.77,0.8929,2,2,-1
365,55,247.30,510.78,50.42,135.99,0.9077,3,0,-1
365,57,90.58,350.78,48.09,104.35,0.9236,2,1,-1
365,84,204.67,305.51,30.76,58.91,0.6340,2,2,-1
366,6,309.73,318.20,38.35,107.06,0.8940,2,2,-1
366,8,375.12,327.03,84.09,99.00,0.9044,2,2,-1
366,11,329.91,440.96,52.21,129.53,0.9236,2,2,-1
366,16,576.54,344.99,78.44,110.08,0.9209,2,2,-1
366,22,1.15,314.96,41.47,90.33,0.8864,2,2,-1
366,33,1368.68,541.64,72.68,132.92,0.8853,2,2,-1
366,36,517.93,331.73,50.15,108.63,0.9091,2,2,-1
366,37,1008.41,460.39,62.99,118.17,0.9310,3,0,-1
366,39,874.97,406.38,47.77,116.51,0.9223,2,2,-1
366,43,882.14,296.19,34.97,92.93,0.8901,1,3,-1
366,47,208.46,341.67,50.62,102.52,0.8656,2,2,-1
366,55,243.36,509.69,49.76,134.69,0.9214,3,0,-1
366,57,91.17,349.42,49.72,105.10,0.9196,2,1,-1
366,77,207.01,304.36,29.23,52.11,0.7710,2,1,-1
367,6,312.59,314.56,38.67,108.61,0.9150,2,2,-1
367,8,381.16,326.46,82.39,98.49,0.8990,2,2,-1
367,11,333.15,440.81,53.26,129.44,0.9018,2,2,-1
367,16,580.35,345.31,78.01,108.70,0.9219,2,2,-1
367,22,9.08,312.92,42.09,90.89,0.8864,2,2,-1
367,33,1387.43,542.90,64.89,124.66,0.8069,2,2,-1
367,36,523.70,329.64,49.20,109.02,0.9059,2,2,-1
367,37,1011.34,462.00,63.44,114.61,0.9425,3,0,-1
367,39,882.64,403.97,48.80,118.62,0.9255,2,2,-1
367,43,881.40,294.84,38.03,92.75,0.9144,1,3,-1
367,47,217.07,335.45,47.18,107.81,0.8854,2,2,-1
367,55,236.10,507.75,53.38,139.27,0.9325,3,0,-1
367,57,91.36,348.30,51.19,104.27,0.9105,2,1,-1
367,84,208.88,303.41,28.73,55.60,0.7991,2,2,-1
368,6,315.13,311.51,38.93,110.12,0.9015,2,2,-1
368,8,381.00,325.68,87.78,98.26,0.8889,2,2,-1
368,11,337.37,440.32,54.33,130.65,0.9140,2,2,-1
368,16,583.46,344.65,79.58,108.58,0.9294,2,2,-1
368,22,17.60,312.05,43.32,94.50,0.9088,2,2,-1
368,33,1387.17,544.24,69.52,127.19,0.9153,2,2,-1
368,36,528.98,327.34,46.90,108.87,0.9122,2,2,-1
368,37,1013.67,462.75,62.20,112.83,0.9338,3,0,-1
368,39,889.79,402.67,49.44,121.79,0.9196,2,2,-1
368,43,879.31,288.98,41.96,97.06,0.9007,1,3,-1
368,47,221.66,331.26,45.43,111.00,0.8346,2,2,-1
368,55,231.74,509.49,56.48,141.84,0.9387,3,0,-1
368,57,94.78,349.71,49.70,102.06,0.8868,2,1,-1
368,84,211.35,301.95,29.81,59.30,0.8664,2,2,-1
368,122,1388.37,648.99,79.71,140.89,0.8307,2,-1,-1
369,1,0.16,337.40,38.80,98.12,0.9080,1,3,-1
369,6,320.60,311.23,37.54,106.87,0.9144,2,2,-1
369,8,387.34,325.39,90.21,98.51,0.8819,2,2,-1
369,11,341.83,440.57,54.21,129.70,0.9191,2,2,-1
369,16,589.18,344.23,77.61,108.18,0.9333,2,2,-1
369,33,1398.01,546.01,64.70,114.90,0.8883,2,2,-1
369,36,534.49,324.64,45.58,109.89,0.9034,2,2,-1
369,37,1016.08,460.66,57.34,115.18,0.9305,3,0,-1
369,39,898.74,402.54,49.67,126.35,0.9113,2,2,-1
369,43,878.44,291.61,46.09,93.42,0.9101,1,3,-1
369,47,228.00,331.01,46.36,111.26,0.8761,2,2,-1
369,55,227.81,510.45,59.40,127.44,0.9346,3,0,-1
369,57,98.22,347.51,50.02,102.99,0.8556,2,1,-1
369,94,214.32,300.16,29.89,66.03,0.8810,2,1,-1
369,122,1399.45,637.93,81.16,152.42,0.9061,2,-1,-1
370,1,1.75,334.18,42.51,100.39,0.8640,2,-1,-1
370,6,324.17,309.62,37.97,106.82,0.9049,2,2,-1
370,8,392.03,324.71,92.56,99.14,0.8942,2,2,-1
370,11,347.79,440.87,53.29,128.63,0.8079,2,2,-1
370,16,594.43,343.89,75.67,107.44,0.9243,2,2,-1
370,22,35.82,312.13,42.98,95.80,0.8815,2,2,-1
370,36,538.17,321.85,45.93,111.34,0.8879,2,2,-1
370,37,1020.74,458.54,53.24,116.92,0.9119,3,0,-1
370,39,907.77,403.32,49.06,127.74,0.9044,2,2,-1
370,43,877.64,292.68,49.63,91.58,0.9126,1,3,-1
370,47,233.83,330.55,47.40,110.70,0.9130,2,2,-1
370,55,222.69,513.82,62.86,122.93,0.9286,3,0,-1
370,57,102.61,344.90,48.79,104.60,0.9177,2,1,-1
370,94,217.23,299.59,29.94,68.08,0.8038,2,1,-1
370,122,1413.62,635.09,81.26,154.50,0.9329,2,-1,-1
371,6,328.97,310.35,37.90,104.77,0.9213,2,2,-1
371,8,399.84,324.01,93.83,99.54,0.8845,2,2,-1
371,11,354.22,439.53,52.18,130.05,0.9078,2,2,-1
371,16,601.49,343.04,72.60,108.13,0.9068,2,2,-1
371,22,45.05,315.51,42.96,91.43,0.8584,2,2,-1
371,36,541.34,321.25,46.14,110.19,0.9180,2,2,-1
371,37,1025.77,456.59,50.18,119.58,0.9370,3,0,-1
371,43,879.68,293.53,50.84,89.91,0.9213,1,3,-1
371,47,238.72,331.09,50.46,110.27,0.9087,2,2,-1
371,55,218.84,518.77,61.32,109.31,0.8950,3,0,-1
371,57,108.47,343.66,48.49,104.25,0.9096,2,1,-1
371,59,917.39,406.64,46.48,89.51,0.8799,3,0,-1
371,94,220.73,297.81,28.74,66.93,0.8832,2,1,-1
371,111,926.20,484.86,25.80,44.93,0.5892,2,-1,-1
371,122,1423.57,639.11,84.04,153.28,0.9206,3,0,-1
372,6,333.52,311.05,37.32,102.55,0.9086,2,2,-1
372,8,406.58,323.11,94.45,99.60,0.8968,2,2,-1
372,11,359.27,440.27,51.15,128.34,0.7424,2,2,-1
372,16,608.67,341.77,68.05,108.75,0.9229,2,2,-1
372,22,52.45,314.75,45.57,91.37,0.8404,2,2,-1
372,33,1427.49,559.89,66.80,109.51,0.8755,2,2,-1
372,36,545.74,321.47,46.20,109.04,0.8735,2,2,-1
372,37,1030.33,456.20,49.25,114.27,0.9062,3,0,-1
372,43,882.37,291.68,52.18,91.40,0.9305,1,3,-1
372,47,245.64,332.32,51.70,109.94,0.9270,2,2,-1
372,55,214.41,521.82,63.49,106.45,0.9118,3,0,-1
372,57,112.28,343.08,49.07,103.96,0.9160,2,1,-1
372,59,924.53,408.63,46.64,91.01,0.8856,3,0,-1
372,94,223.80,296.62,28.69,68.66,0.8594,2,1,-1
372,122,1431.23,642.18,85.68,151.89,0.9399,3,0,-1
373,6,338.10,311.28,37.02,102.74,0.9098,2,2,-1
373,8,414.52,322.26,92.42,101.06,0.8931,2,2,-1
373,11,363.58,439.35,50.40,129.02,0.8268,2,2,-1
373,16,613.22,341.66,64.51,108.72,0.9156,2,2,-1
373,22,61.04,311.65,48.66,94.76,0.8852,2,2,-1
373,33,1432.89,565.32,67.76,106.81,0.8136,2,2,-1
373,36,546.08,321.21,48.90,108.78,0.9025,2,2,-1
373,37,1034.06,456.96,50.06,112.14,0.8836,3,0,-1
373,39,933.62,410.85,44.94,118.43,0.9132,2,2,-1
373,43,885.54,292.06,52.48,91.00,0.9259,1,3,-1
373,44,225.59,296.18,30.60,109.53,0.8519,2,1,-1
373,47,250.33,332.41,53.77,111.72,0.9235,2,2,-1
373,55,212.20,525.03,63.26,108.34,0.9112,3,0,-1
373,63,116.59,378.73,47.39,67.96,0.8662,2,1,-1
373,122,1438.70,645.28,85.30,151.95,0.9278,3,0,-1
374,6,341.97,311.92,36.43,101.95,0.9136,2,2,-1
374,8,419.50,321.08,92.59,101.93,0.9066,2,2,-1
374,11,365.13,439.49,51.19,128.87,0.9195,2,2,-1
374,16,618.43,340.96,61.63,109.47,0.9031,2,2,-1
374,22,72.26,311.02,46.44,94.69,0.8762,2,2,-1
374,33,1434.38,568.39,79.06,157.85,0.8646,2,2,-1
374,36,547.79,320.94,49.64,109.16,0.8598,2,2,-1
374,37,1038.05,459.69,50.34,111.50,0.7671,3,0,-1
374,39,943.14,412.49,43.00,116.61,0.8979,2,2,-1
374,43,888.34,293.11,52.13,90.27,0.9253,1,3,-1
374,44,227.09,296.46,30.94,109.14,0.8781,2,1,-1
374,47,258.07,333.30,54.62,110.62,0.9236,2,2,-1
374,55,209.35,524.72,65.45,141.35,0.9155,3,0,-1
374,63,124.15,397.93,37.37,48.62,0.7286,2,1,-1
374,122,1488.88,651.54,56.03,95.20,0.7238,3,0,-1
374,124,28.75,332.52,34.01,65.20,0.6100,2,-1,-1
375,1,44.69,330.83,38.32,95.01,0.6464,2,-1,-1
375,6,344.27,311.62,37.01,102.56,0.9127,2,2,-1
375,8,423.26,319.00,91.54,104.16,0.8904,2,2,-1
375,11,367.61,440.29,50.41,128.32,0.9191,2,2,-1
375,13,1037.15,521.64,42.02,58.29,0.7711,2,2,-1
375,16,620.89,341.36,60.59,110.09,0.9042,2,2,-1
375,22,78.70,309.06,46.35,96.17,0.8996,2,2,-1
375,33,1445.36,573.26,61.13,110.97,0.8260,2,2,-1
375,36,549.49,322.09,49.86,107.34,0.8559,2,2,-1
375,37,1054.07,463.33,40.36,68.67,0.8452,3,0,-1
375,39,952.14,412.99,42.54,116.44,0.9200,2,2,-1
375,43,890.60,292.06,51.79,90.96,0.9178,1,3,-1
375,44,227.05,296.52,31.35,108.72,0.8851,2,1,-1
375,47,264.31,333.25,53.70,110.58,0.9196,2,2,-1
375,55,209.64,525.51,59.32,140.77,0.8833,3,0,-1
375,57,122.51,342.72,52.02,104.46,0.8620,2,1,-1
375,122,1461.48,651.90,88.11,146.61,0.8605,3,0,-1
376,1,48.21,331.78,38.48,91.87,0.5242,2,-1,-1
376,6,346.37,311.52,36.84,102.59,0.9048,2,2,-1
376,8,427.80,317.81,89.09,105.16,0.8980,2,2,-1
376,9,547.88,322.71,44.47,57.10,0.8357,3,0,-1
376,11,368.71,441.45,49.93,129.83,0.8735,2,2,-1
376,13,1035.21,468.75,66.79,110.84,0.8299,2,2,-1
376,16,622.92,341.96,59.09,109.10,0.9030,2,2,-1
376,22,83.75,307.57,46.65,98.15,0.8936,2,2,-1
376,29,225.55,343.76,29.18,60.85,0.8191,3,0,-1
376,33,1449.47,577.36,62.84,111.47,0.7678,2,2,-1
376,39,955.39,413.38,45.33,120.03,0.9275,2,2,-1
376,43,892.03,292.71,51.24,90.09,0.9153,1,3,-1
376,44,146.08,341.94,27.22,55.72,0.8272,2,1,-1
376,47,269.49,332.63,50.10,111.95,0.8948,2,2,-1
376,55,208.69,526.02,54.41,150.84,0.9347,3,0,-1
376,57,128.94,383.44,33.54,64.06,0.5405,2,1,-1
376,122,1478.75,651.41,78.92,147.94,0.8806,3,0,-1
377,6,346.73,311.12,37.13,102.79,0.9121,2,2,-1
377,8,435.55,316.05,85.28,107.42,0.8538,2,2,-1
377,9,550.12,322.61,42.84,56.00,0.8438,3,0,-1
377,11,371.61,443.55,48.37,129.94,0.8694,2,2,-1
377,13,1042.01,468.62,61.23,111.96,0.9094,2,2,-1
377,16,622.94,342.74,59.88,109.87,0.9103,2,2,-1
377,22,89.05,307.77,47.02,101.50,0.8979,2,2,-1
377,29,224.55,338.83,30.36,65.74,0.8805,3,0,-1
377,33,1452.73,579.22,63.65,117.41,0.8964,2,2,-1
377,39,956.18,413.16,49.79,123.79,0.9303,2,2,-1
377,43,892.12,290.93,51.81,91.58,0.9174,1,3,-1
377,47,276.38,332.77,42.35,110.89,0.8782,2,2,-1
377,55,206.18,530.22,52.69,148.68,0.8904,3,0,-1
377,63,124.67,395.18,40.42,52.83,0.6957,2,1,-1
377,71,137.76,343.26,44.73,56.18,0.8464,2,1,-1
377,122,1481.67,645.90,71.98,155.47,0.8829,3,0,-1
377,124,37.12,332.74,38.82,76.49,0.6764,2,-1,-1
377,0,210.23,665.97,15.33,17.46,1.0,0,-1,-1
378,6,346.29,310.60,37.67,103.65,0.9081,2,2,-1
378,8,433.01,315.24,85.40,108.36,0.8682,2,2,-1
378,9,551.63,324.26,39.86,54.01,0.8522,3,0,-1
378,11,372.48,444.94,47.67,129.84,0.8855,2,2,-1
378,13,1045.70,470.51,52.10,111.34,0.9016,2,-1,-1
378,16,622.81,342.94,59.87,109.32,0.9065,2,2,-1
378,22,95.42,310.31,46.82,99.39,0.8723,2,2,-1
378,29,223.98,341.49,29.97,63.74,0.8673,3,0,-1
378,33,1456.77,581.84,60.18,117.77,0.9175,2,2,-1
378,39,957.79,414.65,51.63,123.33,0.9230,2,2,-1
378,43,892.35,289.99,51.35,92.91,0.9218,1,3,-1
378,47,281.92,332.26,38.02,112.03,0.9139,2,2,-1
378,55,198.96,534.17,54.68,152.60,0.9002,3,0,-1
378,63,125.16,400.37,36.90,47.99,0.5859,2,1,-1
378,71,140.18,343.74,44.60,58.10,0.8561,2,1,-1
378,122,1485.58,642.89,69.98,158.90,0.7545,3,0,-1
379,6,345.64,309.60,38.23,104.53,0.9075,2,2,-1
379,8,435.28,316.60,82.59,106.28,0.8506,2,2,-1
379,11,372.60,445.81,47.46,130.85,0.8542,2,2,-1
379,13,1049.57,469.91,51.95,118.12,0.8468,3,0,-1
379,14,192.37,540.95,59.17,100.41,0.7536,2,1,-1
379,16,623.84,344.06,58.14,108.41,0.9014,2,2,-1
379,22,97.08,311.32,50.49,107.80,0.9011,2,2,-1
379,33,1455.03,585.58,52.23,114.75,0.8329,2,2,-1
379,36,557.66,325.95,47.28,104.37,0.8586,2,2,-1
379,39,960.19,415.83,51.90,126.57,0.9068,2,2,-1
379,43,892.10,289.26,50.48,93.84,0.9224,1,3,-1
379,47,284.37,333.15,35.94,110.02,0.8043,2,2,-1
379,63,124.93,399.80,38.57,48.39,0.7747,2,1,-1
379,71,143.25,344.29,41.73,54.60,0.8730,2,1,-1
379,94,227.79,296.72,27.21,69.21,0.8411,2,1,-1
379,122,1489.90,639.58,63.15,152.14,0.8750,3,0,-1
380,6,344.61,308.83,37.83,103.20,0.9125,2,2,-1
380,8,438.25,317.97,80.30,105.73,0.8467,2,2,-1
380,11,372.74,447.65,47.10,129.90,0.8863,2,2,-1
380,12,561.42,330.15,42.33,98.63,0.8725,2,2,-1
380,13,1052.79,469.72,48.67,120.47,0.8823,3,0,-1
380,16,622.58,344.41,58.52,108.49,0.9008,2,2,-1
380,22,104.05,313.02,48.33,103.72,0.8769,2,2,-1
380,33,1462.18,593.92,46.30,111.34,0.8617,2,2,-1
380,39,969.93,418.75,47.71,124.84,0.8787,2,2,-1
380,43,892.38,289.21,49.16,94.07,0.9206,1,3,-1
380,47,297.84,334.67,31.89,105.38,0.7756,2,2,-1
380,55,187.67,545.57,56.79,151.64,0.8881,3,0,-1
380,71,145.50,344.07,40.16,54.71,0.8833,2,1,-1
380,94,227.69,296.88,26.54,66.08,0.8368,2,1,-1
380,106,289.22,406.23,18.06,38.02,0.7090,3,0,-1
380,122,1492.06,635.06,62.64,145.33,0.9100,3,0,-1
381,1,60.73,333.50,51.26,97.38,0.6731,2,-1,-1
381,6,343.39,307.16,38.06,102.80,0.9175,2,2,-1
381,11,374.26,448.97,47.08,130.78,0.8494,2,2,-1
381,13,1057.16,469.83,48.01,124.38,0.9037,3,0,-1
381,16,622.46,344.22,58.18,108.74,0.9101,2,2,-1
381,22,111.28,313.96,44.92,99.74,0.8890,2,2,-1
381,24,470.30,318.95,46.13,104.95,0.8765,2,2,-1
381,33,1467.66,596.94,48.98,114.15,0.8290,2,2,-1
381,36,561.49,325.88,41.44,102.76,0.8903,2,2,-1
381,39,978.43,419.36,46.74,124.46,0.8582,2,2,-1
381,43,892.59,289.79,49.12,93.54,0.9261,1,3,-1
381,47,291.61,333.53,43.83,110.58,0.9275,2,2,-1
381,55,182.55,549.32,60.55,149.51,0.9136,3,0,-1
381,63,127.59,402.31,38.30,45.46,0.6523,2,1,-1
381,71,148.83,345.00,37.60,54.28,0.8655,2,1,-1
381,94,226.95,296.97,26.48,64.66,0.8479,2,1,-1
381,122,1502.45,631.55,58.89,151.82,0.9093,3,0,-1
382,4,56.98,339.10,27.28,93.96,0.8089,2,1,-1
382,6,341.23,305.60,39.05,102.93,0.9148,2,2,-1
382,11,374.79,449.73,46.45,129.01,0.6097,2,2,-1
382,14,175.01,552.73,64.46,121.93,0.7549,2,1,-1
382,16,621.21,344.83,58.47,108.25,0.9080,2,2,-1
382,22,115.13,313.82,42.55,100.75,0.8818,2,2,-1
382,33,1469.32,602.37,53.09,108.83,0.8973,2,2,-1
382,36,563.17,323.85,38.49,104.37,0.8968,2,2,-1
382,37,1076.65,472.65,32.38,66.04,0.7597,3,0,-1
382,43,892.31,289.22,49.56,93.65,0.9242,1,3,-1
382,47,291.83,333.79,51.66,110.34,0.9286,2,2,-1
382,54,466.10,322.13,52.85,102.33,0.8765,2,2,-1
382,59,986.71,446.31,44.89,97.41,0.8383,3,0,-1
382,71,152.10,344.99,33.97,55.05,0.8700,2,1,-1
382,94,226.38,296.78,26.23,63.26,0.8585,2,1,-1
382,126,-0.70,498.97,18.00,118.17,0.7239,2,-1,-1
382,0,72.34,332.78,15.69,14.69,1.0,0,-1,-1
383,4,58.52,346.62,28.61,88.38,0.7970,2,1,-1
383,6,338.50,304.60,39.55,103.03,0.9183,2,2,-1
383,8,446.37,323.84,75.33,102.16,0.8910,2,2,-1
383,11,375.51,450.03,47.12,129.75,0.8335,2,2,-1
383,14,175.82,554.27,52.56,96.61,0.5980,2,1,-1
383,16,622.22,344.54,56.74,108.48,0.9093,2,2,-1
383,22,121.51,313.14,41.78,97.78,0.8763,2,2,-1
383,33,1469.14,606.88,54.32,104.39,0.9183,2,2,-1
383,36,564.85,321.53,37.18,106.41,0.9030,2,2,-1
383,37,1068.02,474.26,31.54,61.24,0.6638,3,0,-1
383,39,990.17,427.37,47.53,114.46,0.9105,2,2,-1
383,43,892.08,288.67,49.46,94.51,0.9291,1,3,-1
383,44,158.90,344.38,27.14,57.12,0.8904,2,1,-1
383,47,291.99,334.81,56.43,109.64,0.9300,2,2,-1
383,94,224.88,297.75,26.83,65.34,0.8115,2,1,-1
383,122,1509.47,625.22,67.29,153.30,0.9252,3,0,-1
383,126,0.56,494.68,15.55,97.80,0.7404,2,-1,-1
384,4,59.04,341.95,30.62,93.75,0.6784,2,1,-1
384,6,337.73,304.58,39.00,102.33,0.9108,2,2,-1
384,8,444.95,324.69,80.10,102.23,0.9079,2,2,-1
384,11,375.96,450.14,47.60,129.71,0.8512,2,2,-1
384,16,623.78,344.78,54.93,108.66,0.8955,2,2,-1
384,22,124.28,312.85,42.98,99.55,0.8455,2,2,-1
384,33,1469.25,609.29,56.55,102.56,0.9055,2,2,-1
384,36,567.45,321.78,35.67,105.71,0.9075,2,2,-1
384,37,1070.47,474.34,36.84,70.68,0.5922,3,0,-1
384,39,994.07,429.12,49.12,114.81,0.9199,2,2,-1
384,43,891.87,289.44,49.11,93.75,0.9277,1,3,-1
384,44,162.47,345.54,26.20,54.74,0.8511,2,1,-1
384,47,291.85,335.67,58.56,108.72,0.9287,2,2,-1
384,55,166.29,552.88,58.69,150.78,0.9174,3,0,-1
384,94,224.29,298.65,26.65,65.13,0.7961,2,1,-1
384,122,1512.56,623.36,75.68,153.35,0.9352,3,0,-1
384,126,-0.58,494.27,18.33,117.14,0.6258,2,-1,-1
385,4,60.83,340.48,33.33,96.00,0.8407,2,1,-1
385,8,447.44,326.38,82.02,101.84,0.9167,2,2,-1
385,11,376.97,449.92,47.97,130.11,0.8420,2,2,-1
385,13,1067.82,472.87,44.27,122.91,0.9142,3,0,-1
385,16,626.80,345.33,52.26,108.32,0.9043,2,2,-1
385,22,125.10,312.87,43.91,98.32,0.8491,2,2,-1
385,33,1468.68,608.68,61.30,103.27,0.9401,2,2,-1
385,36,569.55,323.18,35.37,103.38,0.8724,2,2,-1
385,39,997.85,428.10,52.14,120.00,0.9206,2,2,-1
385,43,892.01,290.31,48.94,92.98,0.9301,1,3,-1
385,44,165.23,345.10,28.53,55.08,0.8545,2,1,-1
385,47,291.29,336.36,60.54,109.13,0.9318,2,2,-1
385,55,161.11,552.42,59.63,157.83,0.9372,3,0,-1
385,94,224.20,299.46,26.14,64.20,0.7774,2,1,-1
385,122,1514.67,626.84,82.49,147.29,0.9333,3,0,-1
386,4,62.55,340.89,34.70,95.14,0.8892,2,1,-1
386,8,456.18,327.56,78.89,100.79,0.8795,2,2,-1
386,11,378.59,450.87,48.06,129.67,0.8556,2,2,-1
386,13,1070.95,472.38,42.41,113.87,0.7981,3,0,-1
386,16,628.13,345.33,50.50,107.39,0.9135,2,2,-1
386,22,126.74,312.00,44.86,99.55,0.7320,2,2,-1
386,33,1468.59,606.39,64.66,106.84,0.9129,2,2,-1
386,39,1002.92,430.49,53.47,125.29,0.9166,2,2,-1
386,43,891.63,289.82,49.42,93.79,0.9302,1,3,-1
386,47,292.72,336.01,59.79,110.08,0.9243,2,2,-1
386,55,159.54,557.29,57.45,136.93,0.9252,3,0,-1
386,56,570.25,328.50,36.90,96.86,0.8817,2,2,-1
386,84,223.09,305.69,26.41,56.74,0.7067,2,2,-1
386,122,1515.77,629.15,84.94,146.20,0.9265,3,0,-1
386,0,155.73,701.81,16.50,16.17,1.0,0,-1,-1
387,4,65.93,339.03,35.55,97.53,0.6689,2,1,-1
387,8,467.36,327.61,75.70,100.46,0.8898,2,2,-1
387,11,380.31,452.37,47.27,130.68,0.8579,2,2,-1
387,13,1068.08,471.23,49.68,129.25,0.9074,3,0,-1
387,16,628.93,345.61,50.01,107.25,0.9143,2,2,-1
387,22,130.97,313.07,49.32,103.75,0.8484,2,2,-1
387,33,1468.45,604.06,64.07,108.24,0.8384,2,2,-1
387,36,569.30,320.60,39.15,106.64,0.9098,2,2,-1
387,39,1008.39,432.22,54.21,127.14,0.8974,2,2,-1
387,43,891.41,288.79,49.37,94.75,0.9296,1,3,-1
387,44,175.49,343.79,29.72,53.45,0.7153,2,1,-1
387,47,295.09,335.98,56.65,109.20,0.9248,2,2,-1
387,55,153.48,560.29,58.88,127.94,0.9092,3,0,-1
387,94,223.31,302.43,25.72,62.42,0.6559,2,1,-1
387,122,1512.63,629.29,86.74,146.03,0.9356,3,0,-1
388,4,68.17,338.16,35.63,98.46,0.7494,2,1,-1
388,8,460.08,327.90,85.04,100.20,0.8973,2,2,-1
388,11,381.05,458.20,46.04,127.23,0.7827,2,2,-1
388,13,1068.84,471.23,50.90,129.25,0.8320,3,0,-1
388,14,143.90,567.34,64.15,115.54,0.8581,2,1,-1
388,16,629.03,345.86,49.94,107.42,0.9119,2,2,-1
388,29,234.87,363.34,20.83,43.68,0.7159,3,0,-1
388,36,569.13,321.81,42.05,105.80,0.9091,2,2,-1
388,39,1023.81,509.35,23.17,49.86,0.7850,2,2,-1
388,43,891.30,288.87,49.43,95.17,0.9286,1,3,-1
388,47,300.13,335.67,52.84,108.66,0.9049,2,2,-1
388,59,1020.30,437.39,45.80,86.35,0.8409,3,0,-1
388,94,221.72,300.41,27.02,64.87,0.7336,2,1,-1
388,122,1512.15,625.60,86.44,149.02,0.9312,3,0,-1
388,0,150.01,714.70,15.34,14.55,1.0,0,-1,-1
389,1,107.14,331.46,46.26,96.50,0.6172,2,-1,-1
389,4,68.68,337.62,36.01,99.71,0.8978,2,1,-1
389,8,461.73,326.91,90.22,102.54,0.8938,2,2,-1
389,11,377.47,454.78,49.49,133.45,0.8694,2,2,-1
389,13,1068.10,470.62,57.58,133.73,0.9216,3,0,-1
389,14,137.76,571.45,70.84,156.45,0.9180,2,1,-1
389,16,629.35,346.63,49.91,107.05,0.9123,2,2,-1
389,22,141.96,317.52,48.41,101.74,0.8339,2,2,-1
389,29,234.40,363.11,19.82,42.58,0.6099,3,0,-1
389,36,568.21,321.74,43.22,105.86,0.9184,2,2,-1
389,43,891.01,291.09,49.08,93.02,0.9256,1,3,-1
389,47,305.59,336.19,47.86,108.06,0.9077,2,2,-1
389,59,1022.32,441.39,51.11,117.13,0.8578,2,-1,-1
389,94,221.25,299.59,26.69,67.14,0.8444,2,1,-1
389,122,1507.92,621.10,87.52,149.23,0.9210,3,0,-1
390,4,69.00,341.13,37.73,98.00,0.8730,2,1,-1
390,7,513.25,397.36,12.62,31.88,0.6632,2,2,-1
390,8,463.84,327.09,92.30,101.57,0.9063,2,2,-1
390,11,376.72,457.38,49.21,132.29,0.8077,2,2,-1
390,13,1068.10,472.88,60.12,136.56,0.9388,3,0,-1
390,16,630.75,347.11,50.07,107.29,0.9237,2,2,-1
390,22,146.74,318.75,47.72,103.34,0.8201,2,2,-1
390,33,1477.82,596.85,47.60,105.51,0.9039,2,2,-1
390,36,568.10,321.57,43.55,106.52,0.9108,2,2,-1
390,43,890.28,291.57,48.78,92.55,0.9261,1,3,-1
390,44,188.36,345.85,31.73,54.80,0.6289,2,1,-1
390,47,311.59,338.07,42.02,106.30,0.8926,2,2,-1
390,59,1030.25,443.73,44.99,116.43,0.8936,2,-1,-1
390,94,221.54,300.02,25.50,65.23,0.8540,2,1,-1
390,122,1509.81,616.84,81.86,150.72,0.9197,3,0,-1
390,127,-8.45,488.52,75.01,129.03,0.8158,2,-1,-1
391,4,68.71,340.53,42.25,98.37,0.9026,2,1,-1
391,8,465.95,326.28,93.78,103.37,0.9095,2,2,-1
391,11,376.21,459.94,49.50,131.85,0.8710,2,2,-1
391,13,1070.04,475.51,59.47,135.17,0.9376,3,0,-1
391,16,630.25,348.36,50.86,106.77,0.9245,2,2,-1
391,22,152.63,318.78,45.39,96.60,0.7830,2,2,-1
391,33,1479.04,595.19,45.62,105.17,0.8853,2,2,-1
391,36,567.54,322.14,43.38,105.98,0.9185,2,2,-1
391,43,889.77,293.10,48.73,91.48,0.9263,1,3,-1
391,47,318.80,338.34,35.57,106.28,0.8897,2,2,-1
391,59,1032.62,447.66,37.92,111.81,0.8822,2,2,-1
391,94,220.21,299.88,25.33,64.76,0.8191,2,1,-1
391,122,1505.97,613.26,78.82,153.16,0.9141,3,0,-1
391,127,132.77,574.02,56.51,85.81,0.8234,2,-1,-1
392,1,117.60,337.23,46.55,90.21,0.6430,2,-1,-1
392,6,322.16,309.09,49.61,99.93,0.8610,2,2,-1
392,11,379.27,461.03,47.19,131.51,0.8588,2,2,-1
392,16,630.46,349.61,51.67,105.92,0.9276,2,2,-1
392,22,156.26,319.00,45.53,97.73,0.6380,2,2,-1
392,33,1479.50,595.01,45.87,105.99,0.8801,2,2,-1
392,36,567.91,322.99,42.70,105.47,0.9135,2,2,-1
392,43,888.26,290.62,49.96,94.55,0.9292,1,3,-1
392,54,467.37,326.45,60.37,103.76,0.8630,2,2,-1
392,59,1035.16,447.46,48.49,115.39,0.9250,2,2,-1
392,84,219.33,301.52,24.98,55.96,0.7624,2,2,-1
392,122,1508.39,610.40,78.12,153.11,0.9082,3,0,-1
392,124,67.67,343.09,49.23,97.09,0.8347,2,-1,-1
392,127,138.17,578.04,53.17,76.34,0.7767,2,-1,-1
393,1,117.09,336.98,53.20,91.97,0.8732,2,-1,-1
393,11,379.04,462.01,47.11,132.61,0.8047,2,2,-1
393,13,1084.47,478.10,54.22,133.01,0.8128,3,0,-1
393,16,630.38,350.21,52.58,105.38,0.9323,2,2,-1
393,33,1478.17,597.01,41.53,104.48,0.8729,2,2,-1
393,36,569.26,320.75,42.58,108.22,0.9218,2,2,-1
393,43,888.57,293.47,48.80,92.10,0.9303,1,3,-1
393,54,470.28,325.21,59.37,105.91,0.8562,2,2,-1
393,59,1035.47,448.54,54.78,114.13,0.9203,2,2,-1
393,77,318.25,309.19,41.13,62.48,0.8185,2,1,-1
393,83,326.82,366.55,37.07,78.96,0.8466,2,1,-1
393,84,219.27,301.13,24.75,58.87,0.8363,2,2,-1
393,122,1508.25,608.02,79.00,154.24,0.9069,3,0,-1
393,124,68.27,343.00,52.41,99.24,0.8508,2,-1,-1
394,1,119.40,338.35,57.37,91.18,0.8930,2,-1,-1
394,11,377.73,462.77,48.79,132.21,0.8990,2,2,-1
394,13,1094.74,477.30,47.48,126.68,0.8032,3,0,-1
394,16,630.94,349.77,53.61,105.46,0.9290,2,2,-1
394,33,1479.33,598.78,39.89,102.19,0.7639,2,2,-1
394,36,573.54,320.18,42.21,108.94,0.8944,2,2,-1
394,43,888.57,295.43,48.44,90.38,0.9303,1,3,-1
394,54,471.57,324.62,59.70,108.42,0.7946,2,2,-1
394,55,130.90,580.44,53.52,80.97,0.8880,3,0,-1
394,57,71.25,340.82,46.75,80.63,0.5646,2,1,-1
394,59,1039.66,447.88,59.54,105.68,0.9295,2,2,-1
394,77,319.12,308.70,42.82,63.07,0.6448,2,1,-1
394,83,327.33,362.08,41.49,84.27,0.8683,2,1,-1
394,94,220.80,301.18,24.00,61.74,0.7671,2,1,-1
394,122,1503.11,608.92,74.55,150.62,0.9108,3,0,-1
395,1,124.35,338.71,58.77,89.49,0.8995,2,-1,-1
395,8,474.80,324.07,93.76,108.99,0.8594,2,2,-1
395,11,377.11,462.96,50.83,133.44,0.9134,2,2,-1
395,16,632.94,349.00,53.48,106.33,0.9234,2,2,-1
395,36,578.47,321.18,41.41,108.15,0.9007,2,2,-1
395,43,888.96,297.30,48.93,89.23,0.9307,1,3,-1
395,47,328.71,339.68,51.67,107.75,0.9260,2,2,-1
395,55,128.37,583.74,56.08,82.21,0.8876,3,0,-1
395,59,1046.37,454.73,57.54,97.68,0.8590,2,2,-1
395,77,317.36,307.49,36.84,50.52,0.7587,2,1,-1
395,84,221.66,303.48,23.77,55.30,0.7832,2,2,-1
395,122,1501.57,605.45,74.58,153.96,0.9124,3,0,-1
395,124,73.10,342.86,51.60,100.85,0.8427,2,-1,-1
396,1,131.55,340.34,56.92,87.91,0.6795,2,-1,-1
396,8,478.11,325.81,90.59,107.86,0.8573,2,2,-1
396,11,378.37,463.24,50.52,132.75,0.9209,2,2,-1
396,13,1104.51,476.96,40.21,107.52,0.6789,3,0,-1
396,16,637.89,347.86,49.74,107.56,0.9055,2,2,-1
396,37,1072.71,456.40,38.25,93.02,0.8709,3,0,-1
396,43,888.43,297.34,49.53,89.29,0.9294,1,3,-1
396,47,329.04,339.48,56.61,108.06,0.9218,2,2,-1
396,55,127.72,589.42,56.93,76.82,0.8763,3,0,-1
396,56,583.42,326.93,36.76,101.54,0.8681,2,2,-1
396,77,314.72,305.57,33.77,48.43,0.6616,2,1,-1
396,84,223.01,299.94,23.72,55.45,0.7935,2,2,-1
396,122,1499.81,604.09,74.02,153.91,0.9164,3,0,-1
396,124,85.19,343.26,36.38,63.87,0.7335,2,-1,-1
397,1,137.20,341.28,53.31,85.65,0.6297,2,-1,-1
397,4,85.22,342.74,43.43,101.67,0.8257,2,1,-1
397,6,316.73,305.73,35.94,65.95,0.7872,2,2,-1
397,8,481.98,328.17,91.01,106.97,0.9082,2,2,-1
397,11,378.05,463.48,50.30,132.51,0.9320,2,2,-1
397,16,643.02,345.87,46.33,109.72,0.9119,2,2,-1
397,22,181.95,322.05,33.39,69.57,0.5397,2,2,-1
397,36,584.51,322.88,39.37,104.97,0.8609,2,2,-1
397,37,1073.36,458.14,41.29,97.15,0.7736,3,0,-1
397,43,888.35,297.13,50.00,89.88,0.9293,1,3,-1
397,47,329.06,338.84,59.80,109.32,0.9276,2,2,-1
397,55,125.03,595.34,60.78,78.75,0.8029,3,0,-1
397,94,223.48,299.68,24.25,59.61,0.8538,2,1,-1
397,116,1106.72,478.36,43.52,83.27,0.6007,2,-1,-1
397,120,1459.65,601.48,58.30,93.84,0.9254,3,0,-1
397,129,29.08,485.28,38.61,71.25,0.7883,2,-1,-1
398,4,91.24,345.17,40.29,100.96,0.8443,2,1,-1
398,8,481.61,330.73,90.57,105.23,0.8852,2,2,-1
398,11,379.44,464.20,50.06,132.92,0.9307,2,2,-1
398,16,648.55,344.64,41.75,110.50,0.9067,2,2,-1
398,22,203.30,341.25,45.61,90.39,0.6929,2,2,-1
398,37,1081.96,460.45,39.06,93.87,0.7665,3,0,-1
398,43,888.37,296.61,50.23,90.59,0.9276,1,3,-1
398,47,330.91,340.35,59.90,108.13,0.9312,2,2,-1
398,55,124.93,602.13,60.95,73.08,0.7638,3,0,-1
398,56,588.23,333.03,36.10,95.87,0.8250,2,2,-1
398,71,160.15,337.60,40.98,78.14,0.6264,2,1,-1
398,94,224.23,299.42,25.27,62.19,0.6629,2,1,-1
398,116,1119.39,481.76,33.94,73.50,0.7874,2,-1,-1
398,120,1453.83,601.07,60.59,91.91,0.9104,3,0,-1
398,129,35.19,486.08,42.81,65.49,0.8495,2,-1,-1
399,1,150.95,338.28,51.67,91.98,0.7486,2,-1,-1
399,4,98.26,344.17,37.65,102.21,0.8505,2,1,-1
399,8,482.68,334.44,92.46,102.46,0.9137,2,2,-1
399,11,380.40,465.15,49.90,134.75,0.9147,2,2,-1
399,16,651.69,343.97,39.43,111.95,0.9059,2,2,-1
399,36,588.72,323.12,41.53,105.28,0.8659,2,2,-1
399,37,1096.73,460.35,36.19,88.17,0.5804,3,0,-1
399,43,888.33,297.28,50.42,90.56,0.9260,1,3,-1
399,47,335.43,341.34,57.49,107.66,0.9257,2,2,-1
399,55,121.91,605.47,68.91,75.14,0.8428,3,0,-1
399,84,225.15,299.40,24.85,58.70,0.8283,2,2,-1
399,120,1450.43,600.09,62.21,92.53,0.9198,3,0,-1
399,129,36.49,486.96,47.97,72.27,0.7732,2,-1,-1
400,1,156.91,340.25,45.26,88.20,0.6889,2,-1,-1
400,2,313.50,305.78,39.30,99.21,0.8967,2,2,-1
400,4,109.26,401.73,18.04,45.18,0.7895,2,1,-1
400,8,485.41,335.54,92.10,102.04,0.9052,2,2,-1
400,11,382.29,465.98,49.08,136.60,0.9034,2,2,-1
400,16,654.08,344.74,38.02,110.25,0.8556,2,2,-1
400,22,210.99,348.13,46.45,90.53,0.6389,2,2,-1
400,43,888.81,297.07,50.45,92.08,0.9255,1,3,-1
400,47,339.76,342.17,55.08,107.44,0.9263,2,2,-1
400,56,592.24,332.96,39.46,95.81,0.8718,2,2,-1
400,94,225.76,299.59,25.58,66.81,0.7879,2,1,-1
400,116,1107.97,463.22,32.44,71.30,0.6577,2,1,-1
400,120,1449.44,599.02,61.87,93.28,0.9217,3,0,-1
400,124,104.60,346.35,36.51,60.73,0.7979,2,-1,-1
400,127,115.18,608.29,76.71,102.56,0.6937,2,1,-1
400,129,34.00,487.13,70.70,137.61,0.9062,2,1,-1
401,1,161.35,341.06,44.41,88.70,0.5017,2,-1,-1
401,2,313.11,307.48,39.67,97.13,0.9044,2,2,-1
401,9,514.22,336.82,70.26,101.97,0.9239,3,0,-1
401,11,384.10,468.45,48.52,137.77,0.9145,2,2,-1
401,13,1099.45,459.25,47.95,125.16,0.8009,3,0,-1
401,16,656.07,346.39,38.63,109.33,0.8986,2,2,-1
401,22,198.09,329.95,45.29,93.45,0.5418,2,2,-1
401,43,890.03,296.60,50.69,92.44,0.9215,1,3,-1
401,47,347.56,341.62,51.98,108.82,0.9202,2,2,-1
401,55,111.47,608.81,75.70,77.26,0.7756,3,0,-1
401,56,594.58,332.33,42.12,98.16,0.8813,2,2,-1
401,84,229.05,300.51,24.83,61.90,0.8091,2,-1,-1
401,120,1450.36,598.35,59.69,94.90,0.9182,3,0,-1
401,124,101.24,346.74,50.10,95.09,0.7245,2,-1,-1
401,129,40.51,489.06,62.90,134.91,0.8962,2,1,-1
402,1,170.11,340.72,48.85,98.71,0.6128,2,-1,-1
402,2,312.32,309.07,40.81,96.44,0.8911,2,2,-1
402,8,496.05,337.21,91.26,102.21,0.9345,2,2,-1
402,11,387.43,470.96,47.40,134.99,0.8829,2,2,-1
402,16,658.36,348.09,40.09,108.14,0.8733,2,2,-1
402,36,596.16,326.49,43.73,105.61,0.8917,2,2,-1
402,37,1124.06,464.70,29.16,68.87,0.7266,3,0,-1
402,39,1099.77,483.60,20.55,48.87,0.5196,2,2,-1
402,43,890.43,299.84,50.68,89.54,0.9199,1,3,-1
402,47,354.96,341.62,47.21,108.94,0.9251,2,2,-1
402,55,106.46,609.25,76.11,76.72,0.7401,3,0,-1
402,84,230.67,303.87,23.72,59.28,0.7334,2,1,-1
402,122,1477.28,600.93,67.62,150.31,0.9164,3,0,-1
402,124,108.04,348.42,43.05,99.77,0.8528,2,-1,-1
402,129,40.79,490.38,67.64,136.54,0.9316,2,1,-1
403,1,175.36,343.84,49.05,96.19,0.8704,2,-1,-1
403,2,311.03,310.82,43.20,95.57,0.9106,2,2,-1
403,8,508.04,337.63,85.32,102.24,0.9335,2,2,-1
403,11,389.33,474.04,48.29,135.60,0.9182,2,2,-1
403,13,1107.58,465.61,45.48,109.99,0.8478,3,0,-1
403,16,664.56,350.77,40.29,105.79,0.8946,2,2,-1
403,36,597.62,326.97,45.20,106.60,0.9082,2,2,-1
403,43,891.02,305.24,51.30,85.18,0.9117,1,3,-1
403,44,242.19,343.42,28.48,57.02,0.8346,2,1,-1
403,47,362.09,341.86,45.64,108.88,0.9124,2,2,-1
403,84,232.66,302.28,23.91,60.32,0.8030,2,1,-1
403,122,1473.69,601.94,67.86,148.38,0.9231,3,0,-1
403,124,112.43,346.86,42.22,100.53,0.8315,2,-1,-1
403,129,45.65,491.87,66.73,135.01,0.9142,2,1,-1
404,2,308.50,311.91,47.64,95.13,0.9065,2,2,-1
404,8,512.40,337.83,85.37,102.83,0.9336,2,2,-1
404,11,391.77,475.91,48.40,134.93,0.9053,2,2,-1
404,16,665.16,351.93,46.04,105.58,0.9236,2,2,-1
404,30,889.93,296.27,56.30,94.66,0.9220,1,3,-1
404,37,1137.77,469.88,28.58,69.79,0.8200,3,0,-1
404,47,368.57,341.87,44.01,110.26,0.9117,2,2,-1
404,56,600.55,334.03,43.39,99.99,0.8908,2,2,-1
404,71,181.13,346.65,46.37,89.64,0.6971,2,1,-1
404,94,235.25,302.73,23.36,57.08,0.8237,2,1,-1
404,122,1475.37,598.87,68.40,150.29,0.9382,3,0,-1
404,124,116.92,352.82,42.10,99.16,0.6249,2,-1,-1
404,129,49.39,492.97,66.41,135.79,0.9263,2,1,-1
405,2,308.90,313.41,50.83,94.57,0.9129,2,2,-1
405,8,520.17,337.61,84.49,103.80,0.9341,2,2,-1
405,11,395.25,476.73,50.15,134.88,0.9159,2,2,-1
405,12,605.83,338.26,41.27,96.90,0.9049,2,2,-1
405,13,1119.52,476.72,39.54,97.09,0.8421,3,0,-1
405,14,98.33,614.86,72.66,154.87,0.9332,2,1,-1
405,16,668.43,352.90,47.03,105.71,0.9194,2,2,-1
405,43,896.58,305.07,56.35,86.55,0.9283,1,3,-1
405,47,374.55,342.68,44.97,108.84,0.9155,2,2,-1
405,71,186.13,347.67,45.66,90.67,0.9080,2,1,-1
405,94,238.49,303.57,24.59,55.59,0.8518,2,1,-1
405,122,1478.26,600.36,68.76,147.16,0.9335,3,0,-1
405,124,120.02,348.78,44.79,103.50,0.8930,2,-1,-1
405,129,55.28,493.17,64.91,136.15,0.9110,2,1,-1
405,0,52.93,606.36,19.78,22.59,1.0,0,-1,-1
406,1,194.86,348.75,45.91,92.08,0.7843,2,-1,-1
406,2,310.14,313.88,53.92,95.79,0.9061,2,2,-1
406,9,526.28,337.03,65.56,106.44,0.9019,3,0,-1
406,11,400.78,477.86,50.65,135.93,0.9035,2,2,-1
406,12,613.21,343.18,38.39,93.12,0.8886,2,2,-1
406,13,1128.87,479.10,41.86,93.30,0.8797,3,0,-1
406,14,99.93,619.86,73.15,151.16,0.9309,2,1,-1
406,16,673.83,354.16,46.04,105.47,0.9223,2,2,-1
406,33,1452.61,594.20,36.66,99.98,0.6853,2,2,-1
406,43,899.79,303.91,59.06,88.95,0.9250,1,3,-1
406,44,257.01,342.29,32.20,59.78,0.7915,2,1,-1
406,47,380.53,344.19,43.97,106.31,0.8916,2,2,-1
406,84,242.90,304.91,24.09,54.10,0.8235,2,1,-1
406,122,1477.66,600.09,70.96,146.47,0.9175,3,0,-1
406,124,126.29,354.19,43.08,101.02,0.8447,2,-1,-1
406,129,67.03,493.97,59.28,136.35,0.9169,2,1,-1
407,2,312.79,315.71,56.71,95.99,0.9096,2,2,-1
407,11,405.76,480.40,52.28,134.51,0.9213,2,2,-1
407,13,1139.05,482.74,41.67,90.29,0.8567,3,0,-1
407,14,107.42,637.50,68.84,138.51,0.8816,2,1,-1
407,16,678.98,355.77,45.54,105.92,0.9328,2,2,-1
407,33,1449.02,594.82,44.33,99.21,0.8339,2,2,-1
407,43,904.32,310.56,59.91,84.36,0.9325,1,3,-1
407,47,386.42,346.59,46.92,108.10,0.9302,2,2,-1
407,54,547.74,336.94,67.96,109.74,0.8175,2,2,-1
407,56,621.55,337.65,38.44,100.24,0.8647,2,2,-1
407,71,202.28,352.09,43.50,89.12,0.7934,2,1,-1
407,94,247.53,306.93,25.52,54.20,0.7779,2,1,-1
407,122,1480.11,599.87,69.94,148.27,0.9092,3,0,-1
407,124,134.51,352.59,43.93,104.83,0.9216,3,0,-1
407,129,79.02,495.24,53.86,134.00,0.8821,2,1,-1
407,0,76.61,608.13,19.27,21.26,1.0,0,-1,-1
408,2,314.77,316.69,61.12,96.79,0.9202,2,2,-1
408,11,412.65,483.39,52.44,133.09,0.9236,2,2,-1
408,12,631.37,345.87,34.96,93.29,0.8942,2,2,-1
408,13,1162.66,488.79,45.28,101.46,0.5947,3,0,-1
408,14,105.56,643.49,78.87,161.88,0.7521,2,1,-1
408,16,684.07,357.45,45.03,105.81,0.9296,2,2,-1
408,24,573.09,337.11,45.15,109.68,0.8195,2,2,-1
408,33,1441.75,596.00,53.51,94.42,0.9070,2,2,-1
408,43,907.77,311.03,62.15,86.23,0.9262,1,3,-1
408,47,392.29,348.67,52.19,108.50,0.9332,2,2,-1
408,59,1147.38,507.88,29.93,67.99,0.8227,2,2,-1
408,71,210.36,352.80,42.50,90.50,0.9022,2,1,-1
408,94,250.00,309.95,31.01,70.22,0.7728,2,1,-1
408,122,1480.83,596.93,70.68,153.46,0.8843,3,0,-1
408,124,141.10,356.61,40.50,102.50,0.8519,3,0,-1
408,129,95.83,545.54,34.82,84.47,0.5287,2,1,-1
408,0,88.49,608.27,20.96,20.40,1.0,0,-1,-1
409,2,318.70,317.79,64.54,96.80,0.9283,2,2,-1
409,11,419.60,484.18,52.44,133.86,0.9162,2,2,-1
409,13,1172.14,490.66,47.38,118.60,0.8154,3,0,-1
409,16,689.34,358.79,45.49,104.96,0.9315,2,2,-1
409,24,585.13,337.32,46.74,109.88,0.8412,2,2,-1
409,33,1439.19,596.79,56.84,93.25,0.9060,2,2,-1
409,43,911.74,309.08,63.22,90.15,0.9294,1,3,-1
409,47,398.04,350.01,56.06,108.05,0.9344,2,2,-1
409,56,639.83,338.46,33.75,102.22,0.8875,2,2,-1
409,59,1153.38,509.90,28.87,64.47,0.8203,2,2,-1
409,71,218.81,355.30,43.16,89.10,0.8941,2,1,-1
409,94,254.25,311.10,31.87,73.67,0.8214,2,1,-1
409,124,147.65,354.50,38.72,105.77,0.8461,3,0,-1
409,127,110.35,637.14,39.94,57.35,0.7804,2,1,-1
410,2,324.29,318.62,65.30,95.50,0.9233,2,2,-1
410,11,428.44,487.47,51.90,132.47,0.8975,2,2,-1
410,13,1185.45,494.03,37.83,102.33,0.8333,3,0,-1
410,16,693.82,359.91,47.16,105.29,0.9273,2,2,-1
410,24,594.29,338.72,47.91,108.53,0.8470,2,2,-1
410,33,1440.33,597.16,58.11,93.53,0.9094,2,2,-1
410,43,917.84,318.03,61.77,82.40,0.9308,1,3,-1
410,47,403.24,352.10,58.65,108.33,0.9351,2,2,-1
410,56,645.38,336.92,34.71,105.85,0.8797,2,2,-1
410,57,156.02,356.00,32.19,67.42,0.8178,2,1,-1
410,59,1161.46,516.99,30.46,68.99,0.8246,2,2,-1
410,71,226.22,358.56,43.66,89.35,0.8659,2,1,-1
410,94,260.93,313.42,31.85,77.85,0.8387,2,1,-1
410,127,107.93,637.97,49.70,90.59,0.8302,2,1,-1
410,131,6.81,268.02,30.16,96.68,0.8241,2,-1,-1
410,132,109.10,500.40,45.49,73.88,0.8543,2,-1,-1
411,2,329.30,319.74,68.54,95.96,0.9238,2,2,-1
411,11,433.82,488.01,51.94,135.12,0.8994,2,2,-1
411,13,1190.66,496.08,57.18,128.50,0.8938,3,0,-1
411,16,699.97,361.76,47.65,104.35,0.9241,2,2,-1
411,43,922.09,319.36,63.21,83.04,0.9199,1,3,-1
411,44,302.42,348.06,30.88,59.46,0.5083,2,1,-1
411,47,409.18,352.62,61.45,108.58,0.9320,2,2,-1
411,54,593.28,341.29,59.09,108.36,0.8789,2,2,-1
411,56,653.04,337.51,37.68,106.21,0.9046,2,2,-1
411,59,1178.97,539.18,49.46,103.49,0.6231,2,2,-1
411,71,234.30,360.80,43.68,89.82,0.9016,2,1,-1
411,94,268.81,315.90,29.56,73.96,0.8307,2,1,-1
411,122,1480.14,590.46,68.30,151.63,0.9157,3,0,-1
411,124,164.16,355.98,34.71,98.90,0.7818,3,0,-1
411,127,115.25,613.45,44.67,79.22,0.7325,2,1,-1
411,131,3.85,271.63,48.22,95.47,0.9182,2,-1,-1
411,132,117.32,502.38,47.69,75.68,0.7848,2,-1,-1
412,2,334.69,321.20,69.57,95.51,0.9106,2,2,-1
412,8,581.32,342.87,79.79,108.00,0.8704,2,2,-1
412,11,440.38,490.60,53.07,135.23,0.9066,2,2,-1
412,13,1193.54,501.01,66.22,132.60,0.8994,3,0,-1
412,16,706.79,362.19,47.70,104.65,0.9233,2,2,-1
412,33,1446.47,596.72,50.90,97.26,0.8767,2,2,-1
412,36,658.94,338.55,44.84,107.59,0.9076,2,2,-1
412,43,927.25,316.15,63.91,86.51,0.9162,1,3,-1
412,44,306.81,349.92,32.31,62.81,0.6692,2,1,-1
412,47,416.80,353.57,58.00,108.34,0.9411,2,2,-1
412,94,273.04,317.67,30.02,78.34,0.8216,2,1,-1
412,122,1484.23,589.51,63.74,150.63,0.9209,2,-1,-1
412,124,171.09,356.60,33.56,107.62,0.8931,3,0,-1
412,127,115.02,640.54,43.52,75.24,0.8514,2,1,-1
412,131,15.04,274.09,46.50,93.17,0.6422,2,-1,-1
412,132,123.53,504.45,52.39,84.33,0.6678,2,-1,-1
413,2,341.42,322.23,70.57,95.68,0.9067,2,2,-1
413,11,446.44,492.39,51.37,134.61,0.9131,2,2,-1
413,13,1200.52,507.26,68.40,133.22,0.9000,3,0,-1
413,16,715.05,363.29,46.12,103.83,0.9139,2,2,-1
413,30,933.94,312.13,61.39,91.75,0.9182,1,3,-1
413,33,1452.98,595.94,45.64,99.11,0.8886,2,2,-1
413,36,666.08,340.12,50.69,106.09,0.9171,2,2,-1
413,47,425.84,353.78,56.25,107.53,0.9338,2,2,-1
413,54,600.84,346.33,64.63,106.37,0.8785,2,2,-1
413,71,249.70,364.77,43.00,88.99,0.8329,2,1,-1
413,94,280.19,319.35,29.44,78.30,0.8530,2,1,-1
413,122,1490.98,593.25,57.21,144.34,0.9011,2,1,-1
413,124,179.05,359.00,33.25,106.47,0.8021,3,0,-1
413,126,118.71,644.42,44.40,163.64,0.7682,2,-1,-1
413,131,20.15,276.97,46.46,91.70,0.8134,2,-1,-1
413,132,136.65,507.25,50.56,78.61,0.7014,2,1,-1
414,2,349.57,323.08,69.70,95.72,0.9067,2,2,-1
414,11,452.85,493.64,52.28,134.97,0.9229,2,2,-1
414,13,1206.25,513.05,69.36,128.32,0.9134,3,0,-1
414,14,114.08,646.05,50.94,113.02,0.6475,2,1,-1
414,16,725.24,363.83,42.49,104.55,0.9262,2,2,-1
414,24,624.68,350.55,53.56,103.38,0.9122,2,2,-1
414,30,941.49,299.58,64.08,105.49,0.8798,1,3,-1
414,33,1455.94,595.85,43.87,99.61,0.8045,2,2,-1
414,36,670.93,342.29,51.32,105.32,0.9132,2,2,-1
414,47,435.57,353.38,51.97,107.98,0.9370,2,2,-1
414,71,256.78,366.60,42.91,88.13,0.7998,2,1,-1
414,83,316.86,353.92,37.09,98.59,0.7077,2,1,-1
414,84,285.93,321.26,27.82,67.60,0.8530,2,1,-1
414,122,1495.15,596.91,54.98,142.67,0.8470,2,1,-1
414,131,39.79,312.17,32.89,57.08,0.8066,2,-1,-1
414,132,139.74,506.04,67.10,135.67,0.9198,2,1,-1
415,1,274.06,369.97,37.23,83.58,0.6102,2,-1,-1
415,2,353.40,323.78,72.40,97.07,0.9254,2,2,-1
415,8,607.05,351.31,79.69,103.31,0.9253,2,2,-1
415,11,459.68,494.37,53.55,136.17,0.9234,2,2,-1
415,13,1211.70,516.19,67.39,124.38,0.9094,3,0,-1
415,14,113.11,718.36,54.03,108.84,0.7985,2,1,-1
415,16,733.52,363.70,41.01,106.10,0.9151,2,2,-1
415,33,1456.29,594.32,41.04,98.40,0.7740,2,2,-1
415,36,674.84,343.04,51.97,106.53,0.9054,2,2,-1
415,43,955.35,325.29,52.67,80.37,0.8944,1,3,-1
415,47,444.99,352.48,47.88,108.74,0.9287,2,2,-1
415,83,328.50,352.64,31.57,101.77,0.8096,2,1,-1
415,84,292.66,322.28,26.79,61.21,0.8701,2,1,-1
415,122,1496.67,600.35,53.43,136.47,0.6604,2,1,-1
415,124,193.82,360.51,33.76,106.37,0.6041,3,0,-1
415,131,45.58,277.21,39.59,92.13,0.8850,2,-1,-1
415,132,148.56,501.93,66.16,139.23,0.9215,2,1,-1
415,0,1510.64,708.51,24.50,22.04,1.0,0,-1,-1
416,1,281.95,371.81,35.57,82.89,0.5413,2,2,-1
416,2,362.90,325.32,70.37,96.55,0.9148,2,2,-1
416,8,616.36,352.39,79.44,102.93,0.9228,2,2,-1
416,11,468.44,497.12,53.18,134.49,0.9231,2,2,-1
416,13,1215.57,519.01,69.12,129.72,0.9061,3,0,-1
416,16,740.85,364.76,39.60,105.42,0.9126,2,2,-1
416,33,1457.08,593.08,42.89,96.18,0.8742,2,2,-1
416,43,966.98,326.16,48.31,80.34,0.8497,1,3,-1
416,47,454.02,351.76,43.84,108.53,0.9207,2,2,-1
416,83,337.09,352.72,30.87,103.85,0.7241,2,1,-1
416,84,297.27,323.41,28.98,67.15,0.8839,2,1,-1
416,120,1505.21,606.51,62.83,122.49,0.8597,3,0,-1
416,126,106.73,653.17,66.03,179.49,0.8995,2,-1,-1
416,131,62.31,304.45,30.10,66.60,0.7590,2,-1,-1
416,132,156.08,509.52,64.00,133.24,0.9200,2,1,-1
417,2,367.90,326.47,71.45,95.86,0.9219,2,2,-1
417,8,627.61,354.00,77.78,101.79,0.9109,2,2,-1
417,11,477.04,497.38,53.30,134.97,0.9247,2,2,-1
417,13,1219.83,521.39,70.68,126.72,0.9299,3,0,-1
417,14,103.82,732.94,71.81,105.41,0.8931,2,1,-1
417,16,748.08,365.50,38.49,105.03,0.9167,2,2,-1
417,33,1457.54,592.46,51.39,94.28,0.8887,2,2,-1
417,43,976.57,323.67,45.90,82.92,0.8171,1,3,-1
417,47,463.62,351.74,40.26,108.99,0.9219,2,2,-1
417,57,208.65,362.00,30.87,66.68,0.7728,2,1,-1
417,83,344.00,351.98,30.33,104.48,0.7763,2,1,-1
417,84,304.98,323.95,27.68,63.11,0.8757,2,1,-1
417,116,1176.69,534.22,35.16,73.34,0.5016,2,1,-1
417,120,1510.14,608.51,64.46,119.57,0.8890,3,0,-1
417,127,118.93,661.79,44.31,91.60,0.8861,2,1,-1
417,131,69.01,275.76,39.03,95.79,0.8575,2,-1,-1
417,132,165.35,550.17,58.13,92.27,0.9100,2,1,-1
418,2,381.84,328.02,65.59,94.94,0.9117,2,2,-1
418,8,638.49,354.81,76.31,102.77,0.9221,2,2,-1
418,11,489.33,498.15,50.98,134.61,0.9291,2,2,-1
418,13,1225.81,524.03,70.65,130.07,0.9162,2,-1,-1
418,14,96.61,707.27,90.16,137.23,0.7895,2,1,-1
418,16,753.43,365.93,38.82,104.76,0.8769,2,2,-1
418,43,985.69,324.34,42.11,82.25,0.8574,1,3,-1
418,47,472.55,352.39,38.23,107.87,0.9256,2,2,-1
418,57,215.92,367.34,29.72,62.33,0.6291,2,1,-1
418,84,311.48,325.05,28.21,64.70,0.8708,2,1,-1
418,116,1198.37,584.06,32.22,58.66,0.5092,2,1,-1
418,120,1501.45,611.83,75.88,121.28,0.9247,3,0,-1
418,127,121.98,665.22,37.04,74.27,0.7230,2,1,-1
418,129,168.38,508.12,59.83,135.19,0.9116,2,1,-1
418,131,82.50,289.76,37.81,83.36,0.8790,2,-1,-1
419,2,387.57,328.88,65.45,95.07,0.9151,2,2,-1
419,8,649.51,356.61,74.95,102.50,0.9392,2,2,-1
419,11,502.59,498.83,45.58,134.17,0.9144,2,2,-1
419,13,1232.41,525.93,69.29,127.17,0.9184,2,2,-1
419,14,100.54,695.63,88.83,135.52,0.8349,2,1,-1
419,16,760.26,366.51,38.29,104.11,0.9142,2,2,-1
419,33,1453.00,591.22,67.31,93.24,0.8979,2,2,-1
419,43,992.63,327.46,43.80,79.91,0.9085,1,3,-1
419,47,481.09,354.48,38.67,105.91,0.9249,2,2,-1
419,71,293.50,375.29,47.45,82.63,0.7932,2,1,-1
419,83,343.72,350.70,27.05,97.44,0.8215,2,1,-1
419,84,317.96,326.07,28.93,69.40,0.8347,2,1,-1
419,116,1182.21,537.53,45.32,73.68,0.5565,2,1,-1
419,120,1503.92,614.57,73.34,121.10,0.9288,3,0,-1
419,131,90.23,285.34,43.73,88.70,0.9154,2,-1,-1
419,132,175.56,556.79,60.44,86.32,0.8883,2,1,-1
419,0,171.11,628.27,23.28,16.42,1.0,0,-1,-1
420,2,397.11,329.33,64.92,95.16,0.9187,2,2,-1
420,8,660.02,356.47,71.59,103.43,0.9260,2,2,-1
420,11,511.97,499.92,43.09,133.21,0.9245,2,2,-1
420,12,735.71,344.03,22.80,57.56,0.7772,2,2,-1
420,13,1236.02,526.92,69.20,129.04,0.9155,2,2,-1
420,14,105.22,730.31,83.86,121.14,0.7842,2,1,-1
420,16,766.10,368.07,37.76,102.48,0.8157,2,2,-1
420,22,229.05,407.08,35.69,64.21,0.7556,2,2,-1
420,33,1451.75,591.03,70.62,93.61,0.8331,2,2,-1
420,43,997.73,328.23,50.32,79.59,0.9237,1,3,-1
420,47,489.06,356.88,42.18,105.02,0.9293,2,2,-1
420,83,351.46,349.05,27.97,99.03,0.7553,2,1,-1
420,94,326.35,327.91,28.49,82.10,0.7975,2,1,-1
420,111,1175.02,529.45,49.29,72.15,0.8301,2,-1,-1
420,116,1193.36,590.14,39.28,73.99,0.7613,2,1,-1
420,120,1505.01,615.38,71.80,118.76,0.9249,3,0,-1
420,129,181.82,507.37,59.01,135.57,0.8698,2,1,-1
420,131,99.27,278.79,44.37,95.96,0.9212,2,-1,-1
420,0,151.40,718.87,12.89,12.73,1.0,0,-1,-1
421,2,401.94,330.15,66.08,94.95,0.9173,2,2,-1
421,4,203.77,509.48,31.70,73.05,0.5811,2,1,-1
421,11,519.29,500.18,43.48,133.10,0.9211,2,2,-1
421,13,1237.52,528.08,66.76,127.89,0.8572,2,2,-1
421,14,109.94,738.82,81.71,114.38,0.8005,2,1,-1
421,16,773.12,367.15,38.84,103.87,0.9138,2,2,-1
421,33,1453.36,589.63,72.70,96.55,0.6385,2,2,-1
421,39,1174.75,529.42,41.10,72.54,0.8510,2,2,-1
421,43,1002.88,330.64,57.45,79.30,0.9200,1,3,-1
421,47,496.11,358.69,47.08,103.54,0.9340,2,2,-1
421,54,671.74,356.14,67.17,105.29,0.9252,2,2,-1
421,57,238.05,366.25,30.57,62.59,0.5494,2,1,-1
421,71,306.76,378.23,51.17,81.88,0.8815,2,1,-1
421,116,1191.54,588.28,39.05,76.74,0.8070,2,1,-1
421,120,1507.47,614.29,72.23,118.40,0.9264,2,-1,-1
421,127,115.28,674.68,42.45,90.28,0.8941,2,1,-1
421,131,110.46,281.07,39.54,93.32,0.8943,3,0,-1
421,132,191.58,564.30,55.91,78.82,0.7765,2,1,-1
421,0,187.57,625.48,20.73,19.63,1.0,0,-1,-1
422,2,406.30,330.17,69.35,95.89,0.9181,2,2,-1
422,4,210.69,510.02,31.19,73.27,0.5802,2,1,-1
422,11,524.83,500.49,47.22,134.10,0.9305,2,2,-1
422,13,1244.94,526.36,71.40,129.22,0.9134,2,2,-1
422,14,109.88,738.40,83.61,115.79,0.8878,2,1,-1
422,16,779.46,368.05,39.27,103.50,0.9013,2,2,-1
422,22,242.18,408.45,35.22,63.15,0.7575,2,2,-1
422,24,681.41,356.04,59.79,105.20,0.9108,2,2,-1
422,33,1456.89,590.41,63.78,95.36,0.9046,2,2,-1
422,39,1174.57,530.31,42.31,72.86,0.7734,2,2,-1
422,43,1008.10,328.94,62.87,81.53,0.9232,1,3,-1
422,47,501.23,360.08,55.27,102.94,0.9329,2,2,-1
422,71,314.05,379.20,50.67,81.49,0.6830,2,-1,-1
422,83,366.23,352.94,28.12,96.98,0.5560,2,1,-1
422,84,341.29,330.92,28.65,72.88,0.8348,2,1,-1
422,120,1506.50,609.72,77.15,124.32,0.9266,2,1,-1
422,131,123.60,299.84,31.60,75.02,0.8056,3,0,-1
422,132,198.61,564.94,54.20,77.76,0.7727,2,1,-1
422,0,196.99,624.00,19.99,21.28,1.0,0,-1,-1
423,2,412.30,330.90,69.31,95.32,0.9152,2,2,-1
423,4,217.94,510.28,30.77,72.63,0.8042,2,1,-1
423,6,346.80,333.97,30.20,59.20,0.8267,2,2,-1
423,11,531.08,502.06,52.83,133.98,0.9117,2,2,-1
423,12,751.67,346.34,23.16,49.23,0.7024,2,2,-1
423,13,1248.74,525.00,68.93,132.38,0.8329,2,2,-1
423,16,786.30,368.31,39.62,103.71,0.9205,2,2,-1
423,24,691.80,355.65,59.69,106.23,0.8921,2,2,-1
423,39,1172.02,532.16,41.24,70.57,0.7515,2,2,-1
423,43,1012.61,335.16,63.56,77.76,0.8976,1,3,-1
423,47,505.60,360.42,59.37,102.83,0.9312,2,2,-1
423,59,1300.27,598.37,21.08,49.65,0.8451,2,2,-1
423,71,321.73,381.06,50.11,79.52,0.7720,2,2,-1
423,106,380.01,356.72,42.55,103.38,0.6923,3,0,-1
423,120,1502.59,603.73,85.67,129.27,0.9305,2,1,-1
423,124,247.45,372.07,35.40,100.06,0.8745,3,0,-1
423,126,112.75,676.39,73.05,179.23,0.8786,2,-1,-1
423,131,138.58,316.77,25.74,58.54,0.8365,3,0,-1
423,132,208.64,568.04,50.71,77.05,0.8558,2,1,-1
424,2,418.48,331.11,69.56,96.87,0.9119,2,2,-1
424,4,223.68,511.37,30.84,72.89,0.7441,2,1,-1
424,6,353.84,336.38,30.65,60.00,0.8213,2,2,-1
424,11,535.75,503.42,64.83,133.89,0.9282,2,2,-1
424,13,1255.16,525.24,62.73,133.16,0.8258,2,2,-1
424,16,791.12,369.75,41.84,102.75,0.9163,2,2,-1
424,24,700.13,356.30,57.44,105.30,0.8344,2,2,-1
424,39,1169.54,534.27,39.79,71.89,0.8286,2,2,-1
424,43,1015.41,332.70,65.79,80.64,0.9272,1,3,-1
424,47,509.55,360.47,58.89,103.62,0.9343,2,2,-1
424,59,1302.96,597.32,22.55,50.74,0.8618,2,2,-1
424,71,328.70,381.39,50.08,80.33,0.7416,2,2,-1
424,120,1501.46,601.17,84.30,128.90,0.9198,2,1,-1
424,124,253.84,375.71,34.01,97.18,0.7852,3,0,-1
424,127,113.35,676.93,39.66,77.78,0.6459,2,1,-1
424,131,148.20,316.50,27.04,59.36,0.7978,3,0,-1
425,2,424.08,331.11,69.51,96.58,0.8963,2,2,-1
425,4,230.03,512.60,31.06,71.76,0.7565,2,1,-1
425,6,360.93,338.28,29.51,55.44,0.8437,2,2,-1
425,11,539.30,505.07,72.03,133.76,0.9302,2,2,-1
425,13,1265.27,525.41,64.57,130.60,0.8963,2,2,-1
425,16,796.50,371.02,44.69,102.20,0.9272,2,2,-1
425,24,709.11,356.00,55.85,106.65,0.8450,2,2,-1
425,33,1466.72,594.63,54.52,89.64,0.9153,2,2,-1
425,36,753.59,347.93,31.83,63.19,0.6913,2,2,-1
425,39,1167.96,537.28,36.50,71.80,0.9076,2,2,-1
425,43,1019.05,334.74,66.34,79.27,0.9251,1,3,-1
425,47,514.45,360.98,57.86,103.71,0.9258,2,2,-1
425,71,336.12,379.54,50.65,83.34,0.7457,2,2,-1
425,106,388.95,359.17,40.98,103.86,0.7430,3,0,-1
425,120,1502.18,599.63,77.69,129.17,0.8673,2,1,-1
425,124,257.71,372.12,35.10,101.19,0.8393,3,0,-1
425,127,112.71,674.77,44.50,87.66,0.8314,2,1,-1
425,131,153.30,312.37,32.50,65.53,0.8828,3,0,-1
426,1,353.98,381.63,37.04,82.11,0.6772,2,2,-1
426,2,428.78,331.61,70.46,97.46,0.9014,2,2,-1
426,4,236.10,514.05,31.56,71.86,0.7270,2,1,-1
426,11,544.02,505.24,74.02,134.82,0.9380,2,2,-1
426,13,1267.49,526.38,64.47,128.45,0.9007,2,2,-1
426,16,799.44,372.53,47.54,102.05,0.9318,2,2,-1
426,24,716.06,357.50,53.83,107.93,0.7959,2,2,-1
426,33,1467.78,594.31,52.72,88.50,0.9028,2,2,-1
426,39,1165.28,539.67,35.38,71.40,0.8858,2,2,-1
426,43,1023.18,334.06,66.64,81.25,0.9348,1,3,-1
426,44,368.74,340.71,29.85,60.19,0.8275,2,1,-1
426,47,522.47,361.17,55.40,104.62,0.9267,2,2,-1
426,106,393.57,365.70,38.36,98.83,0.6625,3,0,-1
426,124,262.77,377.23,33.40,97.28,0.7685,3,0,-1
426,127,105.18,675.00,49.27,94.59,0.8169,2,1,-1
426,131,158.39,284.49,44.08,95.04,0.9253,3,0,-1
427,2,442.01,332.43,65.99,98.37,0.8514,2,2,-1
427,4,242.12,516.04,32.37,71.20,0.7242,2,1,-1
427,11,550.70,509.30,73.06,132.96,0.9365,2,2,-1
427,13,1269.43,530.06,62.89,125.95,0.9246,2,2,-1
427,16,803.97,373.87,49.20,102.20,0.9205,2,2,-1
427,24,725.63,361.13,52.20,106.13,0.8299,2,2,-1
427,29,346.31,383.26,27.85,63.61,0.6315,3,0,-1
427,33,1468.72,593.68,53.09,88.08,0.8994,2,2,-1
427,39,1155.74,539.53,63.65,126.65,0.9060,2,2,-1
427,43,1027.79,337.56,66.42,78.49,0.9248,1,3,-1
427,44,376.59,342.40,30.33,62.88,0.8800,2,1,-1
427,47,535.22,361.50,50.61,104.69,0.9298,2,2,-1
427,106,401.48,359.98,40.93,103.87,0.8291,3,0,-1
427,122,1524.53,596.78,56.32,124.32,0.7899,2,1,-1
427,124,270.59,378.99,30.00,84.94,0.5518,3,0,-1
427,127,100.84,675.16,50.34,98.78,0.8554,2,1,-1
427,131,164.95,286.31,48.45,94.86,0.9296,3,0,-1
427,132,246.00,577.61,39.28,71.84,0.7210,2,1,-1
428,2,449.68,334.23,62.19,97.08,0.8909,2,2,-1
428,4,249.56,516.15,35.76,71.01,0.8323,2,1,-1
428,11,558.97,510.14,70.39,133.08,0.9290,2,2,-1
428,13,1266.73,534.67,62.14,123.26,0.9404,2,2,-1
428,16,808.78,375.25,50.70,100.85,0.9320,2,2,-1
428,24,734.57,365.09,52.89,103.95,0.8546,2,2,-1
428,33,1468.40,593.03,54.95,86.59,0.9052,2,2,-1
428,39,1153.54,540.81,67.58,127.45,0.9190,2,2,-1
428,43,1034.66,336.94,64.38,81.27,0.9235,1,3,-1
428,44,384.74,343.78,31.05,63.63,0.8717,2,1,-1
428,47,549.37,361.47,45.42,105.59,0.9212,2,2,-1
428,71,355.05,383.15,50.55,81.16,0.8044,2,2,-1
428,106,408.68,364.87,39.77,98.66,0.7377,3,0,-1
428,122,1526.57,595.40,59.09,118.54,0.8408,2,1,-1
428,124,273.88,381.82,32.96,93.83,0.5721,3,0,-1
428,127,99.38,678.89,47.72,100.16,0.8968,2,1,-1
428,131,169.80,288.16,51.71,94.56,0.9193,3,0,-1
429,2,454.74,336.60,62.74,96.30,0.8799,2,2,-1
429,4,256.07,517.50,37.23,70.11,0.8215,2,1,-1
429,11,569.84,511.09,62.46,132.77,0.9349,2,2,-1
429,13,1267.26,538.28,62.99,120.97,0.9419,2,2,-1
429,16,815.22,375.23,51.43,101.67,0.9141,2,2,-1
429,24,741.78,368.94,49.94,100.72,0.7719,2,2,-1
429,33,1468.67,591.02,62.13,88.95,0.8850,2,2,-1
429,37,1157.18,543.50,34.45,72.09,0.9019,3,0,-1
429,39,1159.82,595.10,53.63,76.04,0.8478,2,2,-1
429,43,1043.91,335.84,60.48,82.81,0.9205,1,3,-1
429,47,559.15,361.68,43.28,106.00,0.9230,2,2,-1
429,63,419.28,426.83,35.13,38.38,0.5855,2,1,-1
429,71,361.65,384.74,50.86,80.56,0.8788,2,2,-1
429,122,1525.82,592.56,63.91,125.08,0.8836,2,1,-1
429,124,279.19,378.71,34.24,100.02,0.8083,3,0,-1
429,127,93.72,682.83,47.57,101.17,0.8245,2,1,-1
429,131,177.32,290.29,51.69,93.58,0.9295,3,0,-1
430,2,462.80,339.58,62.02,94.68,0.8792,2,2,-1
430,4,261.57,519.49,37.68,71.14,0.7131,2,1,-1
430,11,583.71,512.30,54.01,132.10,0.9266,2,2,-1
430,13,1271.91,541.21,64.26,120.05,0.9330,2,2,-1
430,16,823.75,375.55,49.29,102.40,0.9115,2,2,-1
430,24,753.78,370.85,48.71,100.38,0.6742,2,2,-1
430,33,1470.51,591.24,63.42,89.46,0.8935,2,2,-1
430,37,1151.82,542.84,60.34,131.07,0.8900,3,0,-1
430,43,1054.47,336.40,56.02,84.10,0.9054,1,3,-1
430,47,567.28,363.00,43.12,107.26,0.9235,2,2,-1
430,71,367.12,387.41,53.59,80.20,0.9019,2,2,-1
430,106,430.77,363.02,40.91,103.30,0.7648,3,0,-1
430,120,1527.26,588.90,66.78,106.70,0.7897,2,1,-1
430,124,286.61,382.67,34.06,98.51,0.6221,3,0,-1
430,126,60.66,686.17,78.84,181.87,0.9339,3,0,-1
430,131,184.88,292.58,48.47,91.78,0.9285,3,0,-1
431,2,468.26,342.74,62.58,94.41,0.8829,2,2,-1
431,4,268.57,520.46,37.86,71.20,0.7708,2,1,-1
431,8,766.03,361.08,68.88,112.27,0.8875,2,2,-1
431,11,598.47,512.30,45.03,133.75,0.9194,2,2,-1
431,13,1276.72,544.58,63.47,117.57,0.9358,2,2,-1
431,16,834.02,375.19,46.25,103.32,0.8698,2,2,-1
431,33,1475.27,590.64,67.09,92.75,0.9143,2,2,-1
431,37,1150.12,542.18,53.15,128.54,0.8800,3,0,-1
431,43,1064.96,337.78,51.65,83.81,0.8919,1,3,-1
431,47,575.22,364.81,43.05,106.90,0.9169,2,2,-1
431,71,373.16,388.04,56.54,82.35,0.9082,2,2,-1
431,106,438.20,366.26,39.74,101.13,0.8824,2,-1,-1
431,122,1526.46,584.81,71.13,143.22,0.8552,2,1,-1
431,124,291.77,379.77,36.21,102.40,0.8246,3,0,-1
431,126,52.82,690.61,86.57,177.26,0.9262,3,0,-1
431,131,198.88,320.12,37.95,64.85,0.8850,3,0,-1
432,2,478.59,345.67,60.98,92.50,0.9095,2,2,-1
432,4,275.47,522.34,36.67,69.60,0.7048,2,1,-1
432,9,793.66,401.62,47.59,73.29,0.8189,3,0,-1
432,11,614.31,513.93,37.91,131.57,0.9224,2,2,-1
432,13,1279.59,546.35,65.08,118.14,0.9354,2,2,-1
432,16,844.92,375.28,42.23,104.54,0.8917,2,2,-1
432,33,1479.00,589.87,62.33,95.17,0.9247,2,2,-1
432,37,1141.93,541.86,55.03,140.66,0.6955,3,0,-1
432,43,1073.67,340.84,48.42,82.70,0.9014,1,3,-1
432,47,582.65,366.95,43.95,106.34,0.9263,2,2,-1
432,63,445.25,431.42,35.62,38.24,0.5518,2,1,-1
432,71,379.48,390.05,57.80,81.02,0.9174,2,2,-1
432,122,1528.86,583.14,69.94,142.25,0.9146,2,1,-1
432,124,296.31,386.32,34.89,98.36,0.7630,3,0,-1
432,126,44.01,692.06,98.39,177.90,0.9138,3,0,-1
432,131,210.75,329.03,34.12,57.53,0.8672,3,0,-1
433,2,489.47,348.01,59.03,91.70,0.8833,2,2,-1
433,8,775.27,355.88,74.53,121.43,0.9400,2,2,-1
433,11,625.15,515.68,36.57,133.65,0.9143,2,2,-1
433,13,1284.25,546.33,67.67,120.09,0.9392,2,2,-1
433,16,851.76,374.62,41.03,105.44,0.8476,2,2,-1
433,33,1483.82,589.81,58.80,96.30,0.9244,2,2,-1
433,37,1147.92,541.15,31.51,76.87,0.8955,3,0,-1
433,43,1082.02,341.63,47.79,83.70,0.9054,1,3,-1
433,47,589.99,370.06,46.28,104.97,0.9220,2,2,-1
433,71,385.54,391.63,58.09,80.76,0.8971,2,2,-1
433,77,451.11,369.21,40.68,75.46,0.7561,2,1,-1
433,84,424.48,347.58,36.18,78.52,0.8786,2,1,-1
433,122,1532.27,582.76,68.18,138.31,0.9295,2,1,-1
433,124,305.19,386.67,37.61,100.95,0.8381,3,0,-1
433,126,39.60,698.67,100.88,176.99,0.8439,3,0,-1
433,129,281.82,523.37,37.66,134.58,0.8869,2,1,-1
433,131,217.03,295.40,38.63,92.14,0.8944,3,0,-1
433,138,0.49,394.90,21.61,113.08,0.8967,2,-1,-1
434,1,392.62,392.69,42.48,79.61,0.8304,2,2,-1
434,2,496.86,350.43,57.45,90.49,0.8897,2,2,-1
434,8,782.18,358.50,76.67,119.97,0.9075,2,2,-1
434,11,632.29,516.85,39.04,134.59,0.9157,2,2,-1
434,13,1289.72,545.57,69.16,121.95,0.9386,2,2,-1
434,16,859.17,376.32,39.67,104.13,0.8645,2,2,-1
434,33,1489.47,589.29,55.98,96.27,0.9056,2,2,-1
434,37,1144.95,541.55,31.96,76.17,0.8873,3,0,-1
434,43,1090.32,347.28,49.61,79.09,0.9107,1,3,-1
434,47,596.53,372.37,51.01,103.41,0.9214,2,2,-1
434,84,431.45,346.93,37.67,79.99,0.8780,2,1,-1
434,122,1533.71,584.32,67.74,134.84,0.8826,2,1,-1
434,126,43.25,702.01,107.69,168.62,0.9099,3,0,-1
434,129,287.11,525.31,37.54,134.00,0.8760,2,1,-1
434,131,228.88,295.03,35.29,93.01,0.8338,3,0,-1
434,138,0.90,394.65,26.76,113.84,0.9201,2,-1,-1
435,2,505.27,352.24,59.10,90.70,0.9008,2,2,-1
435,11,638.25,518.64,48.45,135.27,0.9334,2,2,-1
435,13,1293.39,547.14,65.18,119.52,0.9327,2,2,-1
435,16,867.00,377.00,37.91,104.97,0.8788,2,2,-1
435,33,1495.21,588.48,55.45,96.03,0.9271,2,2,-1
435,37,1131.42,542.88,48.90,136.92,0.8729,3,0,-1
435,43,1097.26,349.57,54.31,78.53,0.9269,1,3,-1
435,47,603.87,373.01,55.06,103.66,0.9286,2,2,-1
435,54,793.59,379.32,63.55,99.86,0.8933,2,2,-1
435,71,399.20,393.60,55.59,80.43,0.8889,2,2,-1
435,84,438.96,346.90,39.33,87.68,0.8792,2,1,-1
435,122,1537.31,587.08,67.89,133.24,0.9253,2,1,-1
435,124,315.61,392.33,34.92,97.05,0.7554,3,0,-1
435,126,45.58,702.51,109.17,171.76,0.8792,3,0,-1
435,129,291.58,526.79,36.69,132.98,0.8341,2,1,-1
435,131,238.22,297.00,33.43,93.15,0.8699,3,0,-1
435,138,0.94,395.86,32.05,114.59,0.9263,2,-1,-1
436,2,509.83,352.67,62.66,92.32,0.8986,2,2,-1
436,11,642.18,521.06,59.33,133.34,0.9410,2,2,-1
436,13,1295.48,547.68,63.01,120.94,0.9309,2,2,-1
436,16,873.91,380.67,36.78,102.08,0.8683,2,2,-1
436,33,1500.28,589.45,54.98,94.81,0.9159,2,2,-1
436,37,1129.24,545.70,46.49,130.69,0.9167,3,0,-1
436,43,1101.75,348.42,59.34,81.84,0.9227,1,3,-1
436,47,610.94,373.39,59.04,105.51,0.9339,2,2,-1
436,54,804.86,378.73,60.11,101.96,0.8730,2,2,-1
436,83,479.50,375.75,25.97,79.59,0.7465,2,1,-1
436,84,446.99,348.34,39.76,95.25,0.9015,2,1,-1
436,124,320.47,395.82,34.59,95.39,0.7204,3,0,-1
436,126,42.19,698.80,105.59,179.63,0.8630,3,0,-1
436,129,296.41,527.90,36.00,132.71,0.7415,2,1,-1
436,131,244.44,298.07,34.95,94.27,0.8699,3,0,-1
436,138,1.04,396.52,37.62,114.81,0.9272,1,3,-1
437,2,520.70,354.10,61.33,93.21,0.8916,2,2,-1
437,11,644.11,523.29,63.70,132.44,0.9406,2,2,-1
437,13,1295.75,549.91,62.53,120.86,0.9264,2,2,-1
437,16,879.25,381.09,38.25,103.08,0.8742,2,2,-1
437,33,1504.43,590.68,52.06,91.97,0.9140,2,2,-1
437,37,1113.72,550.39,59.86,140.53,0.9288,3,0,-1
437,43,1104.86,349.85,66.16,82.55,0.9256,1,3,-1
437,47,617.98,374.16,58.03,105.10,0.9334,2,2,-1
437,56,807.80,362.68,37.02,102.70,0.8229,2,2,-1
437,71,413.93,394.89,53.05,81.73,0.7834,2,2,-1
437,84,453.39,350.00,40.82,104.12,0.8588,2,1,-1
437,122,1546.11,595.83,63.76,122.44,0.6778,2,1,-1
437,124,324.18,396.18,34.55,96.69,0.7791,3,0,-1
437,127,73.97,703.07,41.95,106.60,0.9014,2,1,-1
437,129,299.22,528.73,36.55,133.90,0.8653,2,1,-1
437,131,248.34,299.22,40.50,94.45,0.9155,3,0,-1
437,138,2.63,398.07,43.48,115.94,0.9320,1,3,-1
437,0,1580.45,687.32,19.95,22.99,1.0,0,-1,-1
438,2,524.43,354.22,63.87,93.45,0.8699,2,2,-1
438,4,303.43,531.45,35.49,66.78,0.8646,2,1,-1
438,11,648.52,524.87,67.29,133.06,0.9382,2,2,-1
438,13,1297.24,552.10,63.24,120.46,0.9238,2,2,-1
438,16,882.48,385.05,44.26,101.21,0.9275,2,2,-1
438,24,809.01,372.32,42.79,96.10,0.7525,2,2,-1
438,33,1509.87,589.75,58.34,92.08,0.8943,2,2,-1
438,37,1100.22,552.43,70.55,140.64,0.9261,3,0,-1
438,43,1108.41,355.06,68.40,79.21,0.9243,1,3,-1
438,47,623.66,374.94,56.64,104.56,0.9334,2,2,-1
438,94,462.50,353.16,35.02,75.28,0.8801,2,1,-1
438,120,1559.27,601.84,64.40,112.83,0.8055,2,1,-1
438,124,327.55,393.69,34.91,101.42,0.8014,3,0,-1
438,126,38.69,699.32,92.76,180.90,0.7773,3,0,-1
438,131,252.63,301.75,43.85,93.37,0.9212,3,0,-1
438,138,7.53,401.07,47.36,116.43,0.9287,1,3,-1
439,2,528.07,355.76,67.94,94.53,0.8859,2,2,-1
439,11,652.39,527.14,66.60,132.60,0.9395,2,2,-1
439,13,1299.90,554.05,63.21,122.36,0.9305,2,2,-1
439,16,884.45,385.91,47.50,102.63,0.9229,2,2,-1
439,33,1509.08,591.02,61.44,93.16,0.9151,2,2,-1
439,37,1090.04,557.37,79.32,137.62,0.9244,3,0,-1
439,43,1111.40,355.87,70.98,81.77,0.9404,1,3,-1
439,47,626.02,376.60,56.99,103.89,0.9331,2,2,-1
439,56,814.27,371.36,37.53,98.02,0.8740,2,2,-1
439,84,467.89,355.54,38.46,109.47,0.8353,2,1,-1
439,106,441.90,401.23,29.86,77.84,0.6257,2,1,-1
439,120,1559.08,602.70,67.20,112.66,0.7765,2,1,-1
439,124,330.68,395.06,34.86,100.57,0.8363,3,0,-1
439,126,48.90,703.30,69.51,158.21,0.8083,3,0,-1
439,129,305.38,554.00,34.29,113.72,0.8391,2,1,-1
439,131,254.97,304.32,46.98,93.93,0.9280,3,0,-1
439,138,12.41,403.76,50.73,115.81,0.9282,1,3,-1
440,2,529.93,356.94,70.37,92.10,0.8362,2,2,-1
440,11,656.39,527.96,65.61,134.32,0.9321,2,2,-1
440,13,1301.95,555.52,62.51,122.42,0.9271,2,2,-1
440,16,887.39,388.21,49.23,102.82,0.9184,2,2,-1
440,22,334.47,448.85,28.05,49.43,0.6199,2,2,-1
440,24,815.94,377.54,40.45,93.19,0.8347,2,2,-1
440,33,1511.30,591.10,64.28,94.72,0.9242,2,2,-1
440,36,861.89,448.45,15.23,37.49,0.7246,2,2,-1
440,37,1090.47,561.42,81.83,134.19,0.9197,3,0,-1
440,43,1113.92,357.77,70.49,80.16,0.9252,1,3,-1
440,47,631.12,378.11,55.39,103.28,0.9244,2,2,-1
440,71,426.54,401.44,47.79,80.46,0.7352,2,2,-1
440,83,507.55,390.46,27.16,72.37,0.6820,2,1,-1
440,94,476.71,359.71,31.66,69.33,0.8677,2,1,-1
440,127,59.21,705.72,44.61,103.67,0.8330,2,1,-1
440,129,306.37,535.73,39.24,133.92,0.8354,2,1,-1
440,131,257.02,306.88,48.52,93.26,0.9234,3,0,-1
440,138,16.01,407.04,51.87,115.50,0.9340,1,3,-1
441,2,533.74,358.45,73.30,93.57,0.8583,2,2,-1
441,11,664.95,529.79,60.61,135.02,0.9309,2,2,-1
441,13,1303.04,556.76,61.87,122.41,0.9306,2,2,-1
441,16,888.24,389.13,50.29,101.89,0.8858,2,2,-1
441,37,1084.62,565.64,85.29,135.29,0.9283,3,0,-1
441,43,1115.26,360.48,71.10,79.22,0.9295,1,3,-1
441,47,634.69,379.65,54.29,102.71,0.9329,2,2,-1
441,56,820.60,372.69,40.48,99.75,0.8598,2,2,-1
441,71,432.14,402.01,47.10,81.44,0.8240,2,2,-1
441,94,483.64,361.39,29.31,64.86,0.8110,2,1,-1
441,122,1550.69,596.19,86.99,132.09,0.9339,2,1,-1
441,124,334.36,400.80,34.67,100.65,0.6026,3,0,-1
441,127,50.27,709.37,49.37,106.79,0.8949,2,1,-1
441,129,308.57,537.05,38.80,135.22,0.8518,2,1,-1
441,131,260.61,308.17,46.82,93.36,0.9252,3,0,-1
441,138,18.51,409.24,52.49,115.81,0.9381,1,3,-1
441,0,1610.89,688.80,21.17,21.09,1.0,0,-1,-1
442,2,550.92,359.52,65.69,93.52,0.8557,2,2,-1
442,4,310.14,540.17,38.42,72.58,0.7850,2,1,-1
442,11,674.62,531.66,53.68,134.93,0.9289,2,2,-1
442,13,1304.51,557.44,62.99,125.42,0.9250,2,2,-1
442,16,894.20,389.87,48.47,103.05,0.9257,2,2,-1
442,37,1082.63,568.38,86.35,133.22,0.9326,3,0,-1
442,43,1118.25,362.94,70.62,78.29,0.9220,1,3,-1
442,47,638.84,381.86,54.35,102.24,0.9177,2,2,-1
442,54,846.56,387.76,57.69,103.00,0.8734,2,2,-1
442,71,436.60,405.26,46.94,81.75,0.6597,2,2,-1
442,94,489.48,362.01,29.43,65.21,0.6516,2,1,-1
442,122,1565.20,595.45,80.48,129.61,0.9279,2,1,-1
442,124,336.38,405.46,34.36,97.88,0.7839,3,0,-1
442,127,42.85,712.12,52.83,107.39,0.9134,2,1,-1
442,131,264.81,309.97,44.98,93.92,0.9085,3,0,-1
442,138,19.86,412.41,52.66,114.53,0.9362,1,3,-1
442,0,1624.41,689.33,20.39,19.82,1.0,0,-1,-1
443,2,554.67,360.07,62.56,92.10,0.8626,2,2,-1
443,11,684.92,533.57,45.71,134.90,0.9204,2,2,-1
443,13,1306.51,557.86,62.03,126.81,0.9198,2,2,-1
443,16,898.73,390.58,44.88,103.84,0.8394,2,2,-1
443,33,1514.20,601.37,52.54,90.70,0.8353,2,2,-1
443,37,1081.38,567.72,83.77,135.56,0.8842,3,0,-1
443,43,1120.64,365.21,70.17,78.35,0.9292,1,3,-1
443,47,641.64,382.46,52.54,103.45,0.9188,2,2,-1
443,56,827.76,372.26,40.42,103.00,0.8813,2,2,-1
443,71,437.50,406.62,50.30,84.58,0.9050,2,2,-1
443,84,487.57,361.76,38.04,109.36,0.7301,2,1,-1
443,120,1580.50,594.52,69.36,113.98,0.8760,2,1,-1
443,124,337.23,407.79,36.25,97.33,0.9075,3,0,-1
443,127,35.61,716.97,55.39,105.24,0.8929,2,1,-1
443,129,309.49,542.65,37.76,135.56,0.7965,2,1,-1
443,131,272.68,311.73,42.28,93.16,0.8538,3,0,-1
443,138,21.93,414.82,50.58,115.15,0.9322,1,3,-1
443,0,1635.24,689.55,20.57,19.74,1.0,0,-1,-1
444,2,559.75,363.66,61.37,95.87,0.8382,2,2,-1
444,4,309.93,544.53,37.12,70.34,0.7808,2,1,-1
444,11,694.76,535.35,38.86,135.38,0.9079,2,2,-1
444,13,1308.54,559.51,59.64,127.08,0.9203,2,2,-1
444,16,911.59,391.20,41.31,104.56,0.7933,2,2,-1
444,33,1524.95,580.47,86.99,114.46,0.9137,2,2,-1
444,37,1077.93,566.73,64.97,138.45,0.9074,3,0,-1
444,43,1124.37,362.49,68.93,83.24,0.9101,1,3,-1
444,47,645.16,382.99,50.67,104.55,0.8857,2,2,-1
444,54,843.97,387.30,49.04,107.74,0.8341,2,2,-1
444,57,282.79,347.15,27.84,60.32,0.7829,2,1,-1
444,71,438.86,407.85,49.90,83.92,0.7468,2,2,-1
444,84,491.36,362.61,39.27,107.44,0.6764,2,1,-1
444,124,337.24,409.01,38.45,100.55,0.9018,3,0,-1
444,127,28.56,721.02,58.88,110.29,0.8611,2,1,-1
444,138,23.62,416.51,49.48,115.91,0.9314,1,3,-1
444,0,1644.18,688.93,21.80,18.38,1.0,0,-1,-1
445,2,551.01,366.06,67.53,95.12,0.8526,2,2,-1
445,8,850.55,389.83,59.78,106.97,0.8339,2,2,-1
445,11,698.97,536.94,36.19,135.51,0.9054,2,2,-1
445,13,1309.40,558.76,58.42,126.16,0.9042,2,2,-1
445,16,914.70,391.52,37.20,106.26,0.8798,2,2,-1
445,30,1091.15,567.59,41.75,75.25,0.8951,1,3,-1
445,33,1529.62,577.75,76.98,114.26,0.8965,2,2,-1
445,43,1133.86,364.25,62.03,83.21,0.9100,1,3,-1
445,47,647.72,384.14,48.75,104.64,0.8892,2,2,-1
445,57,287.53,365.52,21.57,42.76,0.7858,2,1,-1
445,71,437.02,408.42,53.70,85.49,0.8717,2,2,-1
445,84,489.65,364.60,44.08,107.02,0.8881,2,1,-1
445,120,1598.88,592.82,69.18,117.76,0.6892,2,1,-1
445,124,336.91,414.50,40.81,96.72,0.8934,3,0,-1
445,127,20.32,724.48,60.35,109.02,0.7699,2,1,-1
445,129,308.14,545.69,37.82,137.10,0.7590,2,1,-1
445,138,24.75,417.87,48.25,116.44,0.9306,1,3,-1
445,0,1652.62,688.73,22.06,18.65,1.0,0,-1,-1
446,2,562.44,368.42,62.47,93.65,0.8855,2,2,-1
446,8,850.37,390.67,58.74,106.47,0.7992,2,2,-1
446,11,699.14,540.60,37.75,133.60,0.9199,2,2,-1
446,13,1307.56,563.57,50.96,122.47,0.9030,2,2,-1
446,16,915.49,392.20,36.96,108.17,0.8955,2,2,-1
446,30,1084.10,568.78,41.53,75.10,0.9036,1,3,-1
446,33,1534.17,578.05,66.29,113.21,0.9129,2,2,-1
446,36,868.90,462.29,12.75,35.94,0.7749,2,2,-1
446,43,1140.44,363.74,54.77,85.60,0.9095,1,3,-1
446,47,647.56,385.63,48.48,104.58,0.9040,2,2,-1
446,57,284.71,352.08,26.27,57.97,0.8083,2,1,-1
446,71,436.29,410.00,55.42,86.70,0.7354,2,2,-1
446,84,490.64,366.54,46.11,109.20,0.8608,2,1,-1
446,120,1604.02,596.79,68.32,118.85,0.9106,2,1,-1
446,124,335.10,417.74,40.62,95.25,0.5637,3,0,-1
446,127,11.63,728.31,60.42,107.27,0.5391,2,1,-1
446,129,306.40,548.28,32.03,109.54,0.7121,2,1,-1
446,138,26.11,418.73,46.75,117.69,0.9328,1,3,-1
446,0,1658.74,687.81,21.54,19.21,1.0,0,-1,-1
447,2,565.33,369.39,58.90,94.73,0.8929,2,2,-1
447,11,695.68,542.15,47.56,136.11,0.9198,2,2,-1
447,12,850.71,369.37,24.18,69.53,0.7309,2,2,-1
447,13,1304.73,554.58,55.94,128.02,0.9152,2,2,-1
447,16,914.09,394.00,36.74,107.24,0.8688,2,2,-1
447,30,1073.43,570.67,42.77,73.80,0.8821,1,3,-1
447,33,1535.86,577.91,66.00,113.77,0.9249,2,2,-1
447,36,864.95,462.18,12.97,37.08,0.6751,2,2,-1
447,43,1145.50,365.21,49.62,85.36,0.8541,1,3,-1
447,47,644.97,387.05,47.60,103.50,0.8525,2,2,-1
447,71,436.69,407.42,57.96,90.82,0.8929,2,2,-1
447,84,488.50,370.15,47.48,108.35,0.8530,2,1,-1
447,120,1626.47,595.26,47.18,80.50,0.5161,2,1,-1
447,124,328.86,418.18,45.27,97.70,0.9250,3,0,-1
447,126,33.99,731.43,40.68,109.22,0.8247,3,0,-1
447,129,299.36,550.28,37.21,128.48,0.7486,2,1,-1
447,131,279.80,318.61,34.27,93.44,0.8746,3,0,-1
447,138,24.98,420.33,45.13,118.26,0.9307,1,3,-1
447,0,1662.89,687.36,20.15,18.49,1.0,0,-1,-1
448,2,564.72,370.55,57.51,95.01,0.8720,2,2,-1
448,9,852.35,394.27,50.19,71.81,0.7633,3,0,-1
448,11,690.71,543.22,60.71,135.83,0.9442,2,2,-1
448,16,913.87,397.85,37.12,105.48,0.8322,2,2,-1
448,30,1062.84,572.90,43.65,76.74,0.8634,1,3,-1
448,33,1533.88,576.56,69.92,115.08,0.9241,2,2,-1
448,43,1146.88,365.07,44.12,87.42,0.8908,1,3,-1
448,47,644.36,387.98,47.12,102.23,0.8541,2,2,-1
448,77,440.63,406.94,50.68,93.30,0.8530,2,1,-1
448,83,534.64,394.31,28.07,65.25,0.7012,2,1,-1
448,94,506.55,374.00,27.36,57.22,0.7862,2,1,-1
448,116,1299.24,584.14,47.54,97.27,0.8987,2,1,-1
448,122,1599.61,593.80,81.72,119.39,0.9191,2,1,-1
448,124,323.93,418.63,47.49,99.77,0.9224,3,0,-1
448,127,7.10,734.51,61.08,109.09,0.7981,2,1,-1
448,129,291.77,551.13,38.78,136.85,0.7465,2,1,-1
448,131,276.86,319.61,39.51,94.87,0.9205,3,0,-1
448,138,21.91,421.77,45.69,118.62,0.9221,1,3,-1
448,0,1664.27,684.93,22.23,19.37,1.0,0,-1,-1
449,2,558.61,369.68,60.75,97.83,0.8723,2,2,-1
449,8,843.12,393.82,55.90,106.62,0.7860,2,2,-1
449,11,683.80,545.36,67.97,135.19,0.9248,2,2,-1
449,13,1293.43,546.66,56.80,133.81,0.9273,2,2,-1
449,16,909.41,401.08,43.40,103.04,0.9231,2,2,-1
449,33,1534.32,575.62,84.49,114.57,0.9170,2,2,-1
449,37,1042.12,575.87,53.17,121.82,0.8928,3,0,-1
449,43,1145.19,365.12,42.81,89.48,0.8691,1,3,-1
449,44,450.74,407.79,35.02,94.08,0.7532,2,1,-1
449,47,638.41,386.46,48.71,104.99,0.8786,2,2,-1
449,83,528.60,393.00,30.72,69.01,0.5260,2,1,-1
449,84,487.60,373.76,46.33,106.91,0.7073,2,1,-1
449,122,1606.05,593.70,76.13,113.39,0.8501,2,1,-1
449,124,319.06,417.68,47.91,101.78,0.9259,3,0,-1
449,127,3.04,738.10,56.70,104.47,0.8745,2,1,-1
449,129,284.69,552.07,37.52,130.69,0.8411,2,1,-1
449,131,270.18,320.79,42.91,94.71,0.9096,3,0,-1
449,138,15.52,423.61,46.64,119.01,0.9216,1,3,-1
449,0,1666.36,684.68,19.80,18.98,1.0,0,-1,-1
450,2,551.49,371.25,63.28,97.98,0.8728,2,2,-1
450,7,524.03,391.87,32.59,83.73,0.5578,2,2,-1
450,8,837.85,397.58,50.39,104.48,0.8856,2,2,-1
450,11,676.42,547.78,69.47,134.89,0.9354,2,2,-1
450,13,1287.67,544.89,54.02,135.99,0.9119,2,2,-1
450,16,903.25,403.72,50.31,101.48,0.9310,2,2,-1
450,33,1528.22,575.45,77.21,111.70,0.9445,2,2,-1
450,37,1023.83,579.89,56.58,121.75,0.8134,3,0,-1
450,43,1141.85,368.49,42.82,87.54,0.9178,1,3,-1
450,44,435.34,405.19,42.98,97.07,0.9054,2,1,-1
450,47,632.75,384.88,49.10,107.46,0.9058,2,2,-1
450,84,488.17,375.67,42.82,106.27,0.8243,2,1,-1
450,122,1612.84,593.15,65.62,113.35,0.9129,2,1,-1
450,124,311.87,421.06,46.33,98.77,0.8855,3,0,-1
450,127,-0.65,740.93,50.03,100.07,0.9228,2,1,-1
450,129,274.26,553.54,38.69,138.49,0.9049,2,1,-1
450,131,260.40,322.56,45.30,94.14,0.9240,3,0,-1
450,138,7.00,425.58,47.57,120.19,0.9173,1,3,-1
450,0,1664.58,683.07,20.98,19.16,1.0,0,-1,-1
451,2,550.88,370.95,61.71,99.21,0.8173,2,2,-1
451,8,831.14,401.90,46.54,101.42,0.8845,2,2,-1
451,11,670.80,548.89,70.01,135.77,0.9359,2,2,-1
451,13,1280.71,542.89,54.78,137.39,0.9175,2,2,-1
451,16,895.13,407.37,57.46,99.18,0.9433,2,2,-1
451,33,1529.05,575.34,79.07,115.12,0.9206,2,2,-1
451,37,997.40,583.81,73.57,140.85,0.9149,3,0,-1
451,43,1136.25,370.88,47.66,86.98,0.9234,1,3,-1
451,44,428.32,406.45,42.02,97.94,0.8696,2,1,-1
451,47,628.35,385.10,48.82,107.48,0.9239,2,2,-1
451,83,520.18,393.22,29.00,64.06,0.7302,2,1,-1
451,84,486.41,377.56,40.95,106.13,0.8500,2,1,-1
451,122,1606.46,592.46,73.03,120.45,0.9221,2,1,-1
451,124,305.21,420.84,47.20,101.59,0.8811,3,0,-1
451,126,-0.10,742.90,35.18,100.30,0.9017,3,0,-1
451,129,264.59,554.38,37.97,139.54,0.8762,2,1,-1
451,131,253.00,323.40,44.39,94.81,0.9228,3,0,-1
451,138,0.02,427.52,47.21,121.65,0.9277,1,3,-1
451,0,1661.96,681.92,20.37,19.17,1.0,0,-1,-1
452,2,550.85,373.82,51.54,85.73,0.6725,2,2,-1
452,8,823.57,402.35,43.24,101.89,0.8662,2,2,-1
452,11,666.78,550.51,67.14,135.20,0.9350,2,2,-1
452,13,1274.78,543.06,53.23,139.06,0.9161,2,2,-1
452,16,887.93,408.56,62.93,100.04,0.9303,2,2,-1
452,30,1016.78,590.40,45.93,74.66,0.7699,1,3,-1
452,33,1537.32,573.87,76.89,117.76,0.9090,2,2,-1
452,43,1132.23,374.32,53.86,85.43,0.9272,2,-1,-1
452,44,425.63,409.30,39.24,96.04,0.8423,2,1,-1
452,47,624.61,384.34,49.21,107.77,0.9171,2,2,-1
452,84,483.43,376.38,41.39,107.86,0.8320,2,1,-1
452,122,1600.48,589.86,81.17,123.93,0.9410,2,1,-1
452,124,300.32,425.14,45.17,99.39,0.8064,3,0,-1
452,129,256.16,556.62,37.76,138.69,0.6176,2,1,-1
452,131,249.58,356.40,35.60,62.37,0.8705,3,0,-1
452,138,-1.01,429.89,43.26,122.58,0.9206,1,3,-1
452,0,1660.08,680.10,19.66,19.86,1.0,0,-1,-1
453,2,552.76,374.17,49.13,80.11,0.6566,2,2,-1
453,4,243.63,557.85,42.42,89.07,0.8000,2,1,-1
453,8,816.22,402.81,39.74,102.21,0.8664,2,2,-1
453,11,664.01,551.43,62.02,136.29,0.9378,2,2,-1
453,13,1267.90,543.23,52.42,139.68,0.9202,2,2,-1
453,16,880.14,409.24,63.11,100.96,0.9350,2,2,-1
453,37,975.57,592.29,79.94,135.19,0.9279,3,0,-1
453,43,1125.09,377.81,60.96,83.96,0.9283,2,1,-1
453,44,419.43,410.87,39.58,97.64,0.8385,2,1,-1
453,47,619.88,385.51,51.70,107.05,0.9294,2,2,-1
453,84,477.73,376.26,43.60,106.42,0.8727,2,1,-1
453,122,1595.14,585.84,87.49,127.82,0.9312,2,1,-1
453,124,295.73,424.17,45.10,102.27,0.7727,3,0,-1
453,131,243.48,360.23,36.04,58.94,0.8759,3,0,-1
453,138,-1.01,433.46,38.40,121.26,0.9200,1,3,-1
453,0,1653.90,678.51,24.83,21.65,1.0,0,-1,-1
454,2,532.80,374.96,61.39,92.00,0.7470,2,2,-1
454,4,232.18,559.37,42.36,91.80,0.7509,2,1,-1
454,8,809.58,406.01,35.94,98.89,0.8375,2,2,-1
454,11,662.46,553.45,56.32,135.33,0.9314,2,2,-1
454,13,1258.18,545.95,51.79,137.31,0.9171,2,2,-1
454,16,871.68,409.36,64.53,102.64,0.9356,2,2,-1
454,30,1000.21,596.42,46.51,75.02,0.6558,1,3,-1
454,33,1536.21,567.79,74.12,124.29,0.9138,2,2,-1
454,43,1118.85,380.87,66.10,82.44,0.9306,2,1,-1
454,44,413.81,413.74,41.75,96.81,0.8621,2,1,-1
454,47,614.58,388.19,54.35,104.44,0.9236,2,2,-1
454,84,474.96,378.33,46.87,104.46,0.7453,2,1,-1
454,122,1602.63,584.28,79.78,119.44,0.9316,2,1,-1
454,124,291.57,425.96,42.82,101.97,0.8699,3,0,-1
454,131,237.27,360.42,34.59,59.97,0.8636,3,0,-1
454,138,-1.77,436.63,31.90,120.38,0.9072,1,3,-1
455,1,286.86,424.52,41.37,64.62,0.7925,2,2,-1
455,2,531.81,376.50,62.82,99.94,0.7933,2,2,-1
455,8,802.02,405.48,36.10,100.29,0.8261,2,2,-1
455,11,661.57,552.72,46.32,137.00,0.9274,2,2,-1
455,13,1247.77,549.89,53.13,137.30,0.9220,2,2,-1
455,16,866.32,410.69,62.21,101.44,0.9303,2,2,-1
455,22,288.22,490.87,21.68,39.55,0.8417,2,2,-1
455,30,988.93,597.37,46.85,75.62,0.7871,1,3,-1
455,33,1538.72,566.53,63.80,122.14,0.9348,2,2,-1
455,43,1113.33,384.68,67.00,80.14,0.9322,2,1,-1
455,47,606.18,390.96,59.21,103.24,0.9416,2,2,-1
455,71,402.72,418.05,52.69,94.57,0.8737,2,2,-1
455,84,468.71,379.81,48.87,102.31,0.7784,2,1,-1
455,122,1613.81,583.74,70.56,119.88,0.9243,2,1,-1
455,131,226.00,325.77,43.63,95.25,0.8401,3,0,-1
455,138,-4.64,451.95,25.69,107.29,0.7754,1,3,-1
455,0,1669.31,669.23,19.84,19.98,1.0,0,-1,-1
456,1,280.28,426.44,44.53,63.57,0.8514,2,2,-1
456,2,528.40,379.20,59.08,97.60,0.8251,2,2,-1
456,4,210.50,561.91,41.88,92.74,0.6758,2,1,-1
456,11,662.32,555.11,40.78,135.57,0.9315,2,2,-1
456,13,1238.58,550.55,57.77,138.67,0.9181,2,2,-1
456,16,864.71,408.49,56.70,104.28,0.9307,2,2,-1
456,22,279.76,491.05,20.92,42.32,0.8333,2,2,-1
456,30,977.15,596.97,45.11,75.07,0.8248,1,3,-1
456,33,1537.79,567.17,54.63,116.23,0.9280,2,2,-1
456,43,1105.15,386.06,68.32,80.18,0.9259,2,1,-1
456,47,597.47,393.09,63.28,103.18,0.9371,2,2,-1
456,54,775.28,390.06,49.04,109.71,0.7547,2,2,-1
456,71,395.02,418.96,56.65,96.38,0.9223,2,2,-1
456,84,476.45,383.53,45.17,80.99,0.8157,2,1,-1
456,120,1624.99,629.15,41.75,70.43,0.7424,2,1,-1
456,122,1648.26,581.73,42.85,78.67,0.7279,2,1,-1
456,131,223.83,326.66,34.45,95.33,0.8910,3,0,-1
456,138,-6.20,470.97,19.98,91.27,0.6320,1,3,-1
456,0,1671.67,664.14,22.98,20.91,1.0,0,-1,-1
457,1,270.94,429.65,44.38,61.90,0.7884,2,2,-1
457,2,524.72,382.85,56.25,87.63,0.8494,2,2,-1
457,11,661.65,557.51,38.10,135.07,0.9224,2,2,-1
457,13,1230.23,550.68,58.51,140.01,0.9249,2,2,-1
457,16,865.15,408.62,51.13,104.93,0.9266,2,2,-1
457,22,270.39,491.20,22.09,45.32,0.8052,2,2,-1
457,33,1530.18,567.03,57.10,116.17,0.9356,2,2,-1
457,37,934.12,594.93,78.99,138.28,0.6139,3,0,-1
457,43,1096.01,386.45,69.65,82.13,0.9271,2,1,-1
457,47,588.09,394.05,63.29,103.04,0.9359,2,2,-1
457,56,782.00,390.56,47.13,114.82,0.7771,2,2,-1
457,71,386.46,422.52,56.57,95.02,0.8657,2,2,-1
457,84,479.38,387.83,34.93,42.74,0.8180,2,1,-1
457,122,1625.03,580.05,60.17,120.82,0.8123,2,1,-1
457,129,201.45,562.16,43.32,140.98,0.8913,2,1,-1
457,131,217.60,327.68,33.04,97.26,0.8845,3,0,-1
457,0,1679.07,658.96,21.95,18.08,1.0,0,-1,-1
458,1,262.79,430.42,49.37,63.45,0.8667,2,2,-1
458,2,526.91,385.86,51.74,81.12,0.8106,2,2,-1
458,8,776.28,403.90,40.76,102.54,0.7646,2,2,-1
458,11,655.65,558.46,39.68,135.87,0.9239,2,2,-1
458,13,1221.99,551.62,58.16,140.51,0.9142,2,2,-1
458,16,864.76,408.81,46.59,106.65,0.9124,2,2,-1
458,22,262.04,494.33,23.69,44.63,0.7845,2,2,-1
458,30,951.33,595.42,43.90,76.49,0.7231,1,3,-1
458,33,1523.46,566.95,65.17,115.70,0.9374,2,2,-1
458,43,1088.47,386.00,69.06,84.32,0.9310,2,1,-1
458,47,582.05,394.07,60.44,103.61,0.9293,2,2,-1
458,71,377.56,421.53,58.48,98.56,0.9301,2,2,-1
458,83,466.03,390.82,38.35,63.14,0.7914,2,1,-1
458,122,1617.57,578.53,65.65,123.51,0.8982,2,1,-1
458,129,191.59,564.18,44.45,140.11,0.9216,2,1,-1
458,131,209.49,330.17,32.02,96.88,0.8837,3,0,-1
458,0,1684.47,656.33,21.32,18.39,1.0,0,-1,-1
459,1,255.63,433.21,47.71,60.76,0.5296,2,2,-1
459,2,523.00,388.39,48.91,77.07,0.7590,2,2,-1
459,8,765.85,405.29,46.51,103.29,0.8815,2,2,-1
459,11,647.85,560.00,42.26,138.37,0.9308,2,2,-1
459,13,1214.29,551.31,58.08,142.74,0.9158,2,2,-1
459,16,864.93,408.77,41.52,107.27,0.9140,2,2,-1
459,30,932.94,595.17,47.82,80.86,0.8568,1,3,-1
459,33,1516.07,565.18,74.46,119.39,0.9484,2,2,-1
459,39,918.26,674.91,44.46,64.83,0.6899,2,2,-1
459,43,1081.01,385.76,67.61,85.36,0.9274,2,1,-1
459,47,578.19,394.67,56.55,103.79,0.9277,2,2,-1
459,71,370.17,424.90,56.22,96.23,0.9035,2,2,-1
459,83,456.88,392.63,38.93,64.68,0.5866,2,1,-1
459,122,1624.72,577.04,62.33,116.68,0.9006,2,1,-1
459,129,181.23,566.15,46.45,141.00,0.9200,2,1,-1
459,131,200.39,331.77,38.29,97.58,0.9179,3,0,-1
459,0,1690.61,652.87,21.14,20.79,1.0,0,-1,-1
460,2,519.72,389.59,51.70,83.32,0.7810,2,2,-1
460,8,759.87,404.61,48.72,105.20,0.8956,2,2,-1
460,11,640.62,561.56,50.95,139.72,0.9361,2,2,-1
460,13,1205.48,550.49,56.46,143.31,0.9178,2,2,-1
460,16,860.45,410.30,40.24,106.06,0.9191,2,2,-1
460,33,1520.64,563.57,68.64,115.97,0.9302,2,2,-1
460,37,907.22,596.56,66.99,145.08,0.8203,3,0,-1
460,43,1074.55,387.63,66.23,84.01,0.9312,2,1,-1
460,47,576.47,394.82,52.67,104.27,0.9020,2,2,-1
460,71,365.81,423.93,53.26,98.78,0.9120,2,2,-1
460,122,1624.37,574.05,67.23,128.76,0.8977,2,1,-1
460,124,241.17,436.14,52.51,108.56,0.8584,3,0,-1
460,129,170.91,566.06,48.50,142.09,0.9269,2,1,-1
460,131,191.63,334.11,43.22,96.88,0.9113,3,0,-1
460,0,1697.06,652.38,20.81,19.67,1.0,0,-1,-1
461,2,496.31,391.90,61.26,90.10,0.8017,2,2,-1
461,7,435.22,394.08,29.32,94.25,0.8232,2,2,-1
461,8,751.60,411.45,48.84,100.09,0.8767,2,2,-1
461,11,631.40,563.59,63.12,138.97,0.9474,2,2,-1
461,13,1197.43,550.78,53.62,142.52,0.9166,2,2,-1
461,16,856.74,412.19,38.84,105.65,0.9156,2,2,-1
461,29,230.26,439.60,45.33,107.80,0.8789,3,0,-1
461,33,1528.23,563.05,61.92,114.11,0.8871,2,2,-1
461,37,898.07,597.16,62.47,146.84,0.8634,3,0,-1
461,43,1070.92,386.42,62.80,87.14,0.9290,2,1,-1
461,47,575.10,392.59,48.12,108.07,0.8961,2,2,-1
461,71,364.45,425.44,51.38,99.29,0.9196,2,2,-1
461,122,1627.98,572.03,65.90,117.34,0.8982,2,1,-1
461,129,160.56,569.62,48.66,137.98,0.9308,2,1,-1
461,131,179.87,335.42,46.52,96.67,0.9167,3,0,-1
461,0,1703.31,653.22,19.22,19.14,1.0,0,-1,-1
462,2,485.63,395.11,52.92,88.37,0.8310,2,2,-1
462,7,427.31,392.96,30.36,97.27,0.8662,2,2,-1
462,8,740.35,412.25,53.03,101.31,0.9095,2,2,-1
462,11,622.91,564.64,69.14,139.14,0.9238,2,2,-1
462,13,1189.92,551.71,50.39,136.83,0.9188,2,2,-1
462,16,851.09,415.26,38.85,104.05,0.9199,2,2,-1
462,33,1532.78,562.35,58.45,116.37,0.9107,2,2,-1
462,37,887.65,599.10,62.18,145.89,0.8205,3,0,-1
462,43,1068.96,386.04,58.57,88.61,0.9183,2,1,-1
462,47,574.24,391.68,43.45,108.94,0.8760,2,2,-1
462,71,361.41,426.05,49.94,100.41,0.9116,2,2,-1
462,83,448.52,392.56,36.61,65.22,0.6890,2,1,-1
462,106,222.14,459.23,36.31,89.79,0.7867,2,1,-1
462,122,1636.96,570.70,57.64,92.53,0.8489,2,1,-1
462,129,150.64,572.28,48.43,134.41,0.9265,2,1,-1
462,131,170.50,336.68,47.15,96.99,0.9115,3,0,-1
462,0,1707.06,654.27,20.62,18.28,1.0,0,-1,-1
463,2,485.70,394.10,49.75,93.10,0.8555,2,2,-1
463,7,417.04,391.61,30.78,97.89,0.8331,2,2,-1
463,8,730.83,419.09,51.53,95.54,0.8940,2,2,-1
463,11,612.94,567.35,68.56,138.25,0.9425,2,2,-1
463,13,1182.47,551.27,48.38,135.32,0.9234,2,2,-1
463,16,845.41,418.46,40.48,102.48,0.9390,2,2,-1
463,33,1521.98,561.62,67.68,117.87,0.9211,2,2,-1
463,37,877.25,598.85,61.33,147.62,0.8857,3,0,-1
463,43,1065.79,383.09,55.84,93.03,0.9187,2,1,-1
463,47,570.84,391.02,40.07,109.32,0.9026,2,2,-1
463,71,356.46,426.58,49.76,100.52,0.9223,2,2,-1
463,122,1647.94,570.69,57.39,88.15,0.8799,2,1,-1
463,124,212.64,441.18,47.02,105.54,0.8057,3,0,-1
463,129,139.89,573.44,49.89,137.09,0.9305,2,1,-1
463,131,161.98,337.59,47.51,97.00,0.9099,3,0,-1
463,0,1710.32,649.04,21.69,19.64,1.0,0,-1,-1
464,2,484.60,394.38,44.24,97.26,0.8591,2,2,-1
464,6,213.31,442.73,36.24,62.12,0.8403,2,2,-1
464,7,404.95,391.60,31.43,110.89,0.8843,2,2,-1
464,8,720.88,419.78,53.59,98.51,0.8951,2,2,-1
464,11,605.86,569.45,69.30,138.79,0.9363,2,2,-1
464,13,1174.97,550.13,45.79,137.09,0.9139,2,2,-1
464,16,839.22,421.95,43.76,100.25,0.9296,2,2,-1
464,22,208.21,510.53,27.84,41.48,0.8314,2,2,-1
464,30,887.27,603.01,44.21,89.95,0.8660,2,-1,-1
464,33,1518.69,557.92,72.83,123.58,0.9430,2,2,-1
464,43,1061.90,382.88,52.25,94.73,0.9054,2,1,-1
464,47,569.73,391.36,35.86,109.10,0.8821,2,2,-1
464,71,349.99,427.42,50.33,102.50,0.9039,2,2,-1
464,83,443.23,395.46,34.74,63.70,0.6833,2,1,-1
464,122,1650.60,568.44,58.42,92.61,0.8824,2,1,-1
464,129,131.38,575.20,48.31,133.62,0.9241,2,1,-1
464,131,154.42,338.69,44.50,97.76,0.8949,3,0,-1
464,0,1714.17,644.86,20.05,20.11,1.0,0,-1,-1
465,2,485.05,393.92,42.96,100.14,0.8360,2,2,-1
465,7,395.13,389.98,30.90,99.65,0.8878,2,2,-1
465,11,600.60,570.61,66.31,138.43,0.9435,2,2,-1
465,13,1166.85,547.98,44.73,138.89,0.9306,2,2,-1
465,16,830.18,422.31,52.38,101.52,0.9270,2,2,-1
465,24,712.54,437.15,45.44,83.72,0.8721,2,2,-1
465,33,1521.75,553.61,68.44,123.41,0.9246,2,2,-1
465,37,861.17,601.54,59.74,140.90,0.9064,3,0,-1
465,43,1056.30,383.48,50.05,95.41,0.9078,2,1,-1
465,47,561.86,391.91,36.37,109.34,0.8935,2,2,-1
465,71,341.97,428.77,51.79,104.26,0.8961,2,2,-1
465,77,201.68,480.95,31.17,72.91,0.8308,2,1,-1
465,83,443.93,398.31,30.34,56.64,0.8573,2,1,-1
465,122,1622.42,564.00,82.71,128.49,0.9229,2,1,-1
465,129,119.68,577.46,47.65,135.39,0.9237,2,1,-1
465,131,148.95,339.47,39.89,98.18,0.8788,3,0,-1
465,0,1716.23,640.67,20.43,21.22,1.0,0,-1,-1
466,2,482.52,394.44,43.78,102.95,0.8986,2,2,-1
466,6,193.75,444.97,38.22,66.44,0.5540,2,2,-1
466,7,383.61,390.15,33.54,97.04,0.8734,2,2,-1
466,8,700.72,424.34,51.89,97.54,0.8978,2,2,-1
466,11,595.42,571.32,61.79,139.21,0.9302,2,2,-1
466,13,1158.24,546.59,44.40,140.79,0.9298,2,2,-1
466,16,819.12,424.61,60.40,99.45,0.9380,2,2,-1
466,33,1527.51,553.29,59.68,113.00,0.9274,2,2,-1
466,37,850.61,604.59,59.13,126.48,0.9155,2,-1,-1
466,43,1048.71,389.55,48.47,90.52,0.8983,2,1,-1
466,47,555.53,393.82,37.37,107.91,0.9055,2,2,-1
466,71,334.25,431.93,50.70,101.39,0.8950,2,2,-1
466,83,440.85,399.87,32.62,56.69,0.8347,2,1,-1
466,122,1622.97,560.90,78.77,119.37,0.9336,2,1,-1
466,129,107.22,578.51,48.27,139.95,0.9246,2,1,-1
466,131,143.94,340.85,35.22,96.79,0.8833,3,0,-1
466,0,1719.59,638.95,20.10,19.59,1.0,0,-1,-1
467,2,473.24,395.26,45.33,104.91,0.8794,2,2,-1
467,7,369.62,390.78,38.25,92.52,0.8920,2,2,-1
467,8,691.18,426.07,54.59,97.06,0.9105,2,2,-1
467,11,591.34,571.81,55.71,140.62,0.9302,2,2,-1
467,13,1148.12,545.21,44.82,141.02,0.9204,2,2,-1
467,16,808.78,424.71,65.65,100.73,0.9307,2,2,-1
467,33,1530.11,552.44,54.64,115.79,0.9327,2,2,-1
467,37,839.42,605.57,60.00,125.97,0.9051,2,-1,-1
467,43,1040.05,389.60,54.60,92.36,0.9300,2,1,-1
467,47,550.54,396.34,38.00,107.93,0.8851,2,2,-1
467,57,139.81,385.43,25.77,54.79,0.7850,2,1,-1
467,71,323.78,432.86,48.93,102.78,0.9176,2,2,-1
467,83,421.45,400.69,50.68,94.32,0.7573,2,1,-1
467,122,1629.89,558.96,69.52,115.05,0.9348,2,1,-1
467,129,95.87,578.04,48.16,138.87,0.9220,2,1,-1
467,0,1720.19,638.81,20.58,18.00,1.0,0,-1,-1
468,2,467.79,396.81,43.99,104.97,0.8691,2,2,-1
468,7,353.54,392.14,43.47,94.65,0.8755,2,2,-1
468,8,679.06,429.25,55.04,94.93,0.9186,2,2,-1
468,11,586.90,573.38,46.35,139.70,0.9247,2,2,-1
468,13,1136.29,543.67,47.06,141.98,0.9237,2,2,-1
468,16,798.78,427.64,66.26,99.43,0.9295,2,2,-1
468,33,1521.78,551.82,56.42,115.70,0.9274,2,2,-1
468,37,822.76,606.17,67.45,145.94,0.8497,2,1,-1
468,43,1031.43,394.94,57.70,89.47,0.9243,2,-1,-1
468,47,542.49,400.78,40.84,104.29,0.8703,2,2,-1
468,71,314.39,436.36,45.51,100.76,0.9111,2,2,-1
468,83,408.28,401.14,55.41,114.19,0.8198,2,1,-1
468,122,1633.17,556.61,66.53,115.11,0.7974,2,1,-1
468,129,83.21,578.69,48.33,140.74,0.9241,2,1,-1
468,131,125.88,342.98,32.50,97.07,0.8939,3,0,-1
468,0,1719.90,639.11,20.68,17.76,1.0,0,-1,-1
469,2,456.36,398.94,45.98,107.16,0.9045,2,2,-1
469,8,667.36,431.24,60.84,94.48,0.9138,2,2,-1
469,11,582.97,573.15,42.09,141.12,0.8711,2,2,-1
469,13,1125.13,544.91,47.63,140.58,0.9247,2,2,-1
469,16,793.01,429.26,65.09,98.97,0.9377,2,2,-1
469,33,1512.22,550.79,58.18,114.64,0.9292,2,2,-1
469,37,813.07,607.12,65.08,148.13,0.9114,2,1,-1
469,43,1019.56,399.75,63.37,87.28,0.9225,1,3,-1
469,47,524.95,400.78,52.19,104.61,0.8835,2,2,-1
469,71,304.59,439.21,44.30,99.48,0.8832,2,2,-1
469,83,400.20,399.04,54.61,117.04,0.9207,2,1,-1
469,94,339.13,394.39,47.77,72.31,0.8686,2,1,-1
469,122,1637.72,554.40,58.91,123.45,0.9033,2,1,-1
469,124,154.44,447.42,47.51,115.42,0.7236,3,0,-1
469,129,68.76,578.02,51.07,145.59,0.9345,2,1,-1
469,131,114.15,346.07,34.12,96.19,0.8151,3,0,-1
469,0,1717.81,634.92,19.82,20.09,1.0,0,-1,-1
470,2,448.18,401.63,46.80,106.90,0.8954,2,2,-1
470,7,327.39,395.98,45.64,83.67,0.8830,2,2,-1
470,11,577.88,575.03,39.26,141.68,0.9237,2,2,-1
470,13,1112.47,546.47,48.95,138.11,0.9271,2,2,-1
470,16,788.92,427.04,64.02,100.98,0.9354,2,2,-1
470,33,1503.53,547.45,66.42,119.97,0.9416,2,2,-1
470,37,801.69,609.72,65.13,148.97,0.8781,2,1,-1
470,43,1007.92,404.13,67.14,83.55,0.9295,1,3,-1
470,47,522.70,400.24,49.91,101.37,0.8614,2,2,-1
470,54,653.10,432.64,46.83,94.79,0.8874,2,2,-1
470,56,690.64,396.46,36.19,97.97,0.8034,2,2,-1
470,71,298.05,441.25,46.88,99.98,0.8416,2,2,-1
470,83,390.30,400.32,57.60,116.96,0.9208,2,1,-1
470,122,1633.68,552.54,60.24,123.24,0.9089,2,1,-1
470,124,143.39,452.49,46.91,112.17,0.5972,3,0,-1
470,129,56.07,578.19,52.22,144.83,0.9316,2,1,-1
470,131,100.63,348.05,39.89,97.04,0.8542,3,0,-1
470,0,1714.15,631.80,20.28,19.04,1.0,0,-1,-1
471,2,437.83,405.85,49.58,104.73,0.8886,2,2,-1
471,11,569.17,576.52,41.97,140.30,0.9287,2,2,-1
471,13,1099.99,548.13,51.66,138.09,0.9298,2,2,-1
471,16,788.77,427.34,59.98,101.25,0.9316,2,2,-1
471,33,1504.54,545.27,60.87,114.38,0.9334,2,2,-1
471,37,790.26,608.79,65.86,150.35,0.8991,2,1,-1
471,43,995.72,407.94,69.10,80.61,0.9274,1,3,-1
471,47,477.80,437.41,59.68,109.51,0.9201,2,2,-1
471,54,642.19,432.54,51.82,96.36,0.8964,2,2,-1
471,56,684.25,396.66,34.42,91.41,0.7701,2,2,-1
471,71,289.12,443.18,45.06,99.28,0.8619,2,2,-1
471,83,386.77,401.89,56.46,116.95,0.9207,2,1,-1
471,94,310.21,396.56,50.92,75.49,0.7721,2,1,-1
471,122,1636.47,550.64,59.35,113.72,0.9193,2,1,-1
471,124,130.21,453.73,48.83,114.38,0.6595,3,0,-1
471,129,43.10,578.33,54.61,145.04,0.9242,2,1,-1
471,131,85.88,348.30,47.83,97.61,0.9068,3,0,-1
471,0,1712.11,628.28,19.77,18.49,1.0,0,-1,-1
472,2,433.36,407.77,49.62,103.92,0.8811,2,2,-1
472,11,558.79,576.57,49.66,143.35,0.9373,2,2,-1
472,12,512.07,399.37,39.55,104.59,0.8524,2,2,-1
472,13,1088.46,548.95,53.04,137.57,0.9303,2,2,-1
472,16,791.40,428.56,53.01,101.00,0.9178,2,2,-1
472,30,808.58,612.85,39.58,92.41,0.8379,2,1,-1
472,33,1508.73,544.47,54.84,115.01,0.8844,2,2,-1
472,43,983.84,409.97,70.64,80.47,0.9246,1,3,-1
472,54,629.44,433.81,53.27,96.47,0.8999,2,2,-1
472,56,675.29,397.15,34.79,86.19,0.7336,2,2,-1
472,71,280.79,444.06,44.14,100.67,0.7687,2,2,-1
472,83,377.50,403.91,57.01,107.51,0.9177,2,1,-1
472,84,298.13,396.79,50.31,64.11,0.7494,2,1,-1
472,122,1627.72,546.22,68.41,119.36,0.9224,2,1,-1
472,129,27.00,578.11,60.25,146.94,0.9209,2,1,-1
472,131,72.24,349.44,49.37,97.35,0.9052,3,0,-1
472,0,1708.88,626.44,20.08,18.02,1.0,0,-1,-1
473,2,427.85,408.82,49.98,102.80,0.9014,2,2,-1
473,6,113.18,459.61,37.89,61.13,0.8608,2,2,-1
473,8,618.32,433.94,61.87,97.58,0.9011,2,2,-1
473,11,547.27,578.11,55.95,143.63,0.9314,2,2,-1
473,12,507.01,401.05,37.18,104.42,0.8080,2,2,-1
473,13,1077.85,548.34,54.59,139.82,0.9264,2,2,-1
473,16,786.19,427.96,52.82,102.92,0.9169,2,2,-1
473,33,1505.55,544.49,53.44,116.66,0.9196,2,2,-1
473,37,769.89,612.81,68.48,153.14,0.9295,2,1,-1
473,43,971.49,409.85,71.02,82.35,0.9219,1,3,-1
473,44,280.19,396.24,47.71,113.10,0.8250,2,1,-1
473,56,666.19,398.26,37.44,89.37,0.6606,2,2,-1
473,83,371.17,405.77,58.07,110.60,0.8588,2,1,-1
473,122,1629.64,544.04,71.95,122.09,0.9055,2,1,-1
473,129,10.98,578.61,63.66,147.30,0.9152,2,1,-1
473,131,61.05,362.59,45.90,84.66,0.8697,3,0,-1
473,0,1705.94,626.14,20.13,17.19,1.0,0,-1,-1
474,2,418.80,408.90,53.02,105.55,0.9114,2,2,-1
474,8,610.96,430.11,77.85,103.55,0.9086,2,2,-1
474,9,658.12,399.35,43.56,56.03,0.6600,3,0,-1
474,11,534.21,581.95,63.11,142.42,0.9344,2,2,-1
474,12,484.15,402.57,46.16,104.40,0.8660,2,2,-1
474,13,1067.24,547.82,54.76,141.44,0.9281,2,2,-1
474,16,779.07,428.25,55.33,104.93,0.9252,2,2,-1
474,33,1493.55,542.44,61.54,119.83,0.9255,2,2,-1
474,37,761.07,616.44,66.93,150.48,0.9311,2,1,-1
474,43,960.25,410.85,70.55,82.52,0.9160,1,3,-1
474,44,272.80,397.88,49.41,113.67,0.8477,2,1,-1
474,57,48.59,385.45,42.97,62.61,0.8828,2,1,-1
474,83,382.76,408.46,42.46,87.49,0.7571,2,1,-1
474,122,1638.52,543.43,66.27,123.69,0.8895,2,1,-1
474,129,-0.04,580.98,64.19,148.69,0.9179,2,1,-1
474,0,1703.06,626.00,18.93,17.22,1.0,0,-1,-1
475,2,407.02,408.78,58.08,107.62,0.9138,2,2,-1
475,6,86.03,461.22,39.63,68.10,0.8221,2,2,-1
475,8,605.16,432.08,75.96,103.23,0.9106,2,2,-1
475,11,522.28,584.42,67.14,141.65,0.9374,2,2,-1
475,12,480.46,403.50,50.08,104.72,0.8782,2,2,-1
475,13,1056.19,545.98,55.44,144.46,0.9235,2,2,-1
475,16,773.26,429.61,56.28,103.98,0.9362,2,2,-1
475,33,1487.35,538.08,68.59,124.78,0.9309,2,2,-1
475,37,751.20,617.44,66.43,151.35,0.9276,2,1,-1
475,43,948.86,410.38,71.20,83.68,0.9162,1,3,-1
475,71,246.91,446.62,44.36,104.82,0.9091,2,2,-1
475,83,381.69,409.07,35.16,75.97,0.6916,2,1,-1
475,122,1648.60,542.88,54.72,89.24,0.8612,2,1,-1
475,129,-3.72,582.53,58.39,150.11,0.8715,2,1,-1
475,131,38.28,353.17,43.76,95.39,0.8873,3,0,-1
475,0,1699.72,627.49,19.58,17.89,1.0,0,-1,-1
476,2,395.12,409.04,67.93,110.81,0.9290,2,2,-1
476,6,73.44,461.99,37.84,63.49,0.8775,2,2,-1
476,11,510.68,585.65,68.53,142.64,0.9408,2,2,-1
476,12,476.50,403.24,47.25,98.22,0.8312,2,2,-1
476,13,1044.04,543.89,57.11,149.34,0.9218,2,2,-1
476,16,768.65,430.49,56.15,103.58,0.9285,2,2,-1
476,24,603.79,435.05,54.64,101.99,0.9066,2,2,-1
476,33,1487.61,536.13,68.03,119.72,0.9344,2,2,-1
476,37,744.74,618.07,63.82,150.84,0.8822,2,1,-1
476,43,936.86,409.87,71.59,85.08,0.9189,1,3,-1
476,57,31.93,378.98,39.59,67.76,0.8423,2,1,-1
476,71,236.12,446.85,50.61,107.33,0.8986,2,2,-1
476,122,1645.26,539.98,60.59,91.01,0.8837,2,1,-1
476,0,1693.63,623.68,20.54,17.51,1.0,0,-1,-1
477,2,387.59,409.41,69.95,112.32,0.9198,2,2,-1
477,4,-0.23,592.87,28.62,70.65,0.8079,2,1,-1
477,6,60.56,463.71,38.61,62.16,0.8831,2,2,-1
477,11,501.88,586.32,70.35,143.92,0.9185,2,2,-1
477,12,468.82,403.95,49.60,104.88,0.7762,2,2,-1
477,13,1032.86,542.83,56.87,150.21,0.9224,2,2,-1
477,16,771.31,434.14,50.99,100.35,0.9209,2,2,-1
477,24,600.60,430.94,51.59,107.91,0.9031,2,2,-1
477,30,763.78,619.74,38.64,93.98,0.5662,2,1,-1
477,33,1493.34,534.43,65.28,113.90,0.9166,2,2,-1
477,43,926.66,408.93,70.50,86.30,0.9222,1,3,-1
477,71,224.31,444.12,59.09,111.20,0.9160,2,2,-1
477,122,1629.79,536.18,79.47,127.80,0.9102,2,1,-1
477,131,26.06,350.07,36.78,100.21,0.9097,3,0,-1
477,0,1690.66,620.17,18.31,17.61,1.0,0,-1,-1
478,1,46.92,465.93,44.41,59.25,0.8707,2,2,-1
478,2,379.08,411.17,69.63,112.96,0.9218,2,2,-1
478,7,229.50,407.53,35.07,67.42,0.5554,2,2,-1
478,11,494.67,586.77,67.16,142.01,0.9249,2,2,-1
478,12,459.66,404.20,50.71,108.24,0.8408,2,2,-1
478,13,1023.03,543.91,56.51,149.89,0.9219,2,2,-1
478,16,774.54,435.65,44.02,99.93,0.9184,2,2,-1
478,24,598.83,440.77,45.28,100.92,0.8382,2,2,-1
478,33,1496.33,533.41,60.49,114.78,0.9216,2,2,-1
478,37,736.75,622.47,54.37,145.89,0.8613,2,1,-1
478,43,917.69,408.90,69.32,87.68,0.9229,1,3,-1
478,71,213.14,451.97,59.97,105.67,0.9215,2,2,-1
478,122,1630.36,536.59,77.62,118.31,0.9333,2,1,-1
478,131,16.53,351.00,36.53,101.50,0.9069,3,0,-1
478,0,1685.52,614.91,19.10,23.52,1.0,0,-1,-1
479,1,35.12,466.75,44.62,59.26,0.6263,2,2,-1
479,2,379.94,410.88,64.89,115.15,0.9087,2,2,-1
479,11,490.84,621.08,52.69,109.89,0.8687,2,2,-1
479,12,451.56,403.98,50.50,110.34,0.8957,2,2,-1
479,13,1012.83,545.44,55.92,147.59,0.9205,2,2,-1
479,16,768.38,438.88,45.42,97.78,0.9079,2,2,-1
479,33,1494.04,532.37,55.29,115.93,0.9227,2,2,-1
479,37,731.76,622.02,48.40,148.80,0.8441,2,1,-1
479,43,907.76,408.90,68.75,87.94,0.9143,1,3,-1
479,56,612.37,395.33,41.65,108.45,0.8923,2,2,-1
479,71,202.29,450.52,63.91,108.79,0.9231,2,2,-1
479,83,362.49,414.87,27.85,59.76,0.8653,2,1,-1
479,122,1635.03,535.65,73.86,108.15,0.9336,2,1,-1
479,131,5.59,352.29,39.81,101.41,0.9097,3,0,-1
480,1,24.86,468.29,44.67,57.57,0.5824,2,2,-1
480,2,379.20,410.05,59.99,117.19,0.8907,2,2,-1
480,11,487.62,649.88,43.80,82.64,0.9132,2,2,-1
480,12,447.32,405.05,52.42,110.05,0.8874,2,2,-1
480,13,1003.53,546.63,56.01,142.85,0.9280,2,2,-1
480,16,760.15,440.02,54.18,98.12,0.9284,2,2,-1
480,30,738.61,621.52,47.58,92.45,0.7813,2,1,-1
480,33,1486.55,530.22,56.85,117.95,0.9273,2,2,-1
480,39,734.00,717.19,28.55,57.81,0.8013,2,2,-1
480,43,898.42,412.59,68.82,85.30,0.9249,1,3,-1
480,56,609.17,396.84,39.85,103.26,0.8833,2,2,-1
480,71,195.79,455.92,60.10,105.02,0.9263,2,2,-1
480,83,358.26,418.57,28.22,58.41,0.8499,2,1,-1
480,94,218.50,401.27,42.73,71.45,0.8453,2,1,-1
480,122,1624.30,535.56,88.15,113.09,0.9155,2,1,-1
480,131,-0.15,353.61,39.15,100.67,0.8961,3,0,-1
481,2,379.97,410.42,55.28,118.02,0.8597,2,2,-1
481,11,485.80,653.06,41.25,78.09,0.8584,2,2,-1
481,12,441.54,406.24,49.74,104.02,0.8873,2,2,-1
481,13,996.26,548.40,55.88,138.74,0.9193,2,2,-1
481,16,753.65,441.18,65.20,98.66,0.9363,2,2,-1
481,33,1482.07,527.83,66.04,119.55,0.9388,2,2,-1
481,43,889.65,412.94,71.12,85.66,0.9205,1,3,-1
481,44,213.33,401.86,38.30,82.41,0.8766,2,1,-1
481,56,603.71,399.19,43.17,102.41,0.8881,2,2,-1
481,63,11.88,475.12,50.34,52.50,0.6195,2,1,-1
481,71,190.95,460.41,55.30,101.05,0.9185,2,2,-1
481,83,354.50,422.19,28.64,57.54,0.8679,2,1,-1
481,111,738.20,622.34,44.81,80.86,0.8030,2,-1,-1
481,122,1641.73,534.08,75.28,109.87,0.8869,2,1,-1
481,131,-1.24,354.82,34.38,100.44,0.9047,3,0,-1
481,148,1857.43,1040.50,27.88,38.08,0.6675,2,-1,-1
482,2,376.95,410.45,50.39,116.44,0.8727,2,2,-1
482,12,440.57,408.93,45.23,101.26,0.8939,2,2,-1
482,13,988.43,548.64,56.06,138.28,0.9245,2,2,-1
482,16,750.75,442.09,73.05,97.62,0.9392,2,2,-1
482,30,713.62,623.05,55.79,102.12,0.7363,2,1,-1
482,33,1487.75,527.11,63.16,108.84,0.9324,2,2,-1
482,43,882.13,416.11,71.33,82.51,0.9266,1,3,-1
482,44,207.94,401.10,38.10,80.29,0.8870,2,1,-1
482,54,575.59,450.89,33.97,57.01,0.6713,2,2,-1
482,56,600.59,400.26,45.94,99.75,0.8972,2,2,-1
482,71,187.77,460.79,51.06,101.38,0.9201,2,2,-1
482,83,350.63,426.02,29.59,57.32,0.8850,2,1,-1
482,122,1637.88,531.22,58.54,92.97,0.8247,2,1,-1
482,131,-2.80,355.26,27.69,100.40,0.8851,3,0,-1
482,148,1849.90,1041.35,27.22,37.21,0.5627,2,-1,-1
482,149,473.22,589.86,55.03,141.32,0.8928,2,-1,-1
483,2,375.27,411.05,47.53,120.15,0.8949,2,2,-1
483,6,0.66,478.77,35.25,55.64,0.7327,2,2,-1
483,12,441.43,410.19,42.71,101.57,0.8959,2,2,-1
483,13,981.92,547.80,54.23,140.48,0.9236,2,2,-1
483,16,751.32,444.80,69.27,93.60,0.9240,2,2,-1
483,33,1495.31,527.69,55.68,105.96,0.9197,2,2,-1
483,36,486.60,527.16,18.80,44.50,0.6639,2,2,-1
483,43,873.87,416.69,72.42,83.34,0.9305,1,3,-1
483,44,202.62,400.39,38.30,81.94,0.8975,2,-1,-1
483,56,596.73,400.86,47.69,98.06,0.8478,2,2,-1
483,71,185.78,461.18,45.53,102.56,0.9149,2,2,-1
483,83,347.90,428.78,28.77,57.03,0.8707,2,1,-1
483,111,717.42,624.09,49.51,86.54,0.6096,2,-1,-1
483,122,1643.37,527.58,59.60,107.22,0.8092,2,1,-1
483,131,-4.85,356.69,24.10,100.27,0.7844,3,0,-1
483,148,1842.64,1042.03,26.51,35.83,0.7137,2,-1,-1
483,149,473.36,589.54,45.61,142.91,0.9184,2,-1,-1
484,2,375.14,414.15,45.26,113.76,0.8767,2,2,-1
484,12,442.75,411.41,38.97,100.56,0.8907,2,2,-1
484,13,975.26,546.18,52.59,140.54,0.9260,2,2,-1
484,29,-0.49,476.33,24.21,65.33,0.6966,3,0,-1
484,33,1502.71,528.47,49.39,96.68,0.8712,2,2,-1
484,37,699.71,623.77,57.34,152.90,0.7967,2,1,-1
484,43,867.17,419.36,73.67,82.29,0.9341,1,3,-1
484,44,198.12,397.91,36.81,81.23,0.8847,2,2,-1
484,56,591.85,402.45,47.82,98.47,0.8872,2,2,-1
484,71,184.81,463.00,39.29,101.26,0.9053,2,2,-1
484,83,345.07,432.70,27.37,55.79,0.8322,2,1,-1
484,116,784.85,441.92,34.77,96.77,0.8523,2,1,-1
484,122,1624.62,522.12,66.97,117.68,0.6372,2,1,-1
484,148,1836.07,1043.10,25.64,34.70,0.5521,2,-1,-1
484,149,469.56,590.83,42.95,143.10,0.9250,2,-1,-1
485,12,443.33,411.44,34.52,104.21,0.9020,2,2,-1
485,13,969.14,543.40,51.92,142.78,0.9253,2,2,-1
485,24,567.55,458.93,40.98,97.15,0.7039,2,2,-1
485,29,-1.83,472.65,17.55,61.75,0.7555,3,0,-1
485,33,1493.34,529.03,62.08,106.83,0.8732,2,2,-1
485,37,692.60,623.03,60.74,154.78,0.8326,2,1,-1
485,43,859.68,422.43,74.31,80.19,0.9236,1,3,-1
485,44,193.90,397.10,36.85,85.87,0.8996,2,2,-1
485,47,371.71,419.49,59.37,110.83,0.9001,2,2,-1
485,56,589.72,402.71,47.63,100.63,0.8950,2,2,-1
485,71,180.37,464.02,41.37,103.03,0.9109,2,2,-1
485,83,343.11,429.74,30.10,60.29,0.7880,2,1,-1
485,116,775.74,441.83,44.36,98.38,0.8944,2,1,-1
485,148,1829.62,1044.13,25.33,33.50,0.6648,2,-1,-1
485,149,464.34,592.00,44.08,144.47,0.9261,2,2,-1
485,150,471.22,460.73,40.05,87.41,0.7495,2,-1,-1
486,12,442.51,410.11,31.42,106.04,0.8995,2,2,-1
486,13,962.96,542.13,50.97,143.03,0.9246,2,2,-1
486,33,1513.61,568.67,39.60,69.37,0.7893,2,2,-1
486,37,687.28,623.63,60.95,156.34,0.8241,2,1,-1
486,43,852.89,421.08,76.03,82.73,0.9243,1,3,-1
486,44,190.03,396.33,35.49,87.94,0.8803,2,2,-1
486,47,372.03,422.38,60.54,107.54,0.8989,2,2,-1
486,54,561.28,450.71,37.91,69.55,0.7325,2,2,-1
486,56,586.63,402.24,46.62,103.17,0.8505,2,2,-1
486,71,174.51,462.17,43.79,107.28,0.9124,2,2,-1
486,83,322.54,427.49,56.63,112.98,0.8729,2,1,-1
486,116,782.22,440.78,42.74,100.37,0.9299,2,1,-1
486,122,1638.02,524.94,56.74,106.53,0.8462,2,1,-1
486,149,460.49,592.62,49.41,144.58,0.9149,2,2,-1
486,150,465.34,460.47,49.24,109.73,0.5825,2,-1,-1
487,12,439.62,408.06,33.08,108.66,0.9045,2,2,-1
487,13,957.71,541.26,50.91,141.78,0.9180,2,2,-1
487,24,566.46,455.48,36.82,102.50,0.8383,2,2,-1
487,33,1483.11,531.86,66.88,106.08,0.7492,2,2,-1
487,37,682.59,623.14,60.70,156.35,0.8314,2,1,-1
487,43,846.74,420.61,75.99,83.46,0.9161,1,3,-1
487,44,187.88,395.88,36.55,90.38,0.9094,2,2,-1
487,47,364.86,419.83,63.47,111.97,0.9184,2,2,-1
487,71,170.76,465.33,43.88,106.14,0.9082,2,2,-1
487,83,320.34,430.43,55.35,109.89,0.6550,2,1,-1
487,116,778.95,439.52,48.97,103.49,0.9271,2,1,-1
487,122,1659.24,580.23,31.37,51.36,0.7600,2,1,-1
487,149,455.98,594.03,56.34,143.34,0.9289,2,2,-1
487,150,465.39,459.56,48.91,104.48,0.8502,2,-1,-1
488,9,582.85,405.60,35.79,59.01,0.7479,3,0,-1
488,12,438.08,409.00,33.57,107.32,0.8850,2,2,-1
488,13,952.55,541.67,52.98,142.87,0.9237,2,2,-1
488,24,569.60,473.38,33.88,85.07,0.8633,2,2,-1
488,30,677.28,623.48,60.40,128.61,0.8662,2,1,-1
488,33,1517.93,566.76,45.46,65.80,0.8878,2,2,-1
488,43,841.28,419.67,76.00,84.85,0.9039,1,3,-1
488,44,184.58,395.53,38.72,96.33,0.9004,2,2,-1
488,47,358.57,420.47,62.16,113.74,0.9131,2,2,-1
488,71,165.10,464.51,46.32,108.17,0.9130,2,2,-1
488,83,330.87,425.48,36.89,61.58,0.7512,2,1,-1
488,116,778.91,439.37,61.17,104.99,0.9293,2,1,-1
488,122,1647.05,525.33,67.99,105.27,0.8575,2,1,-1
488,149,449.65,594.39,59.86,143.33,0.9390,2,2,-1
489,2,362.25,419.85,52.25,112.80,0.9254,2,2,-1
489,12,437.57,419.98,31.47,95.66,0.8678,2,2,-1
489,13,947.16,542.98,52.19,141.29,0.9185,2,2,-1
489,24,564.27,451.06,40.94,108.18,0.8474,2,2,-1
489,33,1522.25,559.01,49.33,71.43,0.8833,2,2,-1
489,37,672.91,622.50,60.64,159.45,0.7707,2,1,-1
489,43,837.11,415.04,77.73,89.48,0.8736,1,3,-1
489,44,183.09,393.26,38.16,98.86,0.9061,2,2,-1
489,47,327.25,472.99,37.33,65.13,0.7250,2,2,-1
489,71,160.77,464.09,46.41,109.87,0.9251,2,2,-1
489,83,330.28,422.10,39.43,60.34,0.7821,2,1,-1
489,116,782.09,441.57,68.64,102.97,0.9247,2,1,-1
489,149,442.76,595.09,58.74,143.73,0.9328,2,2,-1
489,150,459.78,460.51,63.48,112.71,0.9000,2,1,-1
490,2,365.55,418.15,49.14,113.50,0.8888,2,2,-1
490,8,459.90,473.34,67.76,99.56,0.8929,2,2,-1
490,9,579.18,404.64,38.11,64.15,0.7730,3,0,-1
490,12,434.87,407.36,32.89,108.16,0.8830,2,2,-1
490,13,943.07,544.19,52.94,139.64,0.9219,2,2,-1
490,24,561.34,456.91,40.16,102.67,0.8043,2,2,-1
490,33,1533.24,564.28,47.19,65.42,0.8451,2,2,-1
490,39,685.14,720.12,32.29,61.28,0.6796,2,2,-1
490,43,833.23,412.20,78.10,92.96,0.7941,1,3,-1
490,44,181.95,392.18,35.39,92.67,0.8799,2,2,-1
490,47,324.42,476.82,35.09,60.90,0.7102,2,2,-1
490,71,158.07,466.55,47.81,108.37,0.9178,2,2,-1
490,83,331.50,418.87,44.19,60.14,0.8122,2,1,-1
490,111,670.84,624.11,57.31,107.69,0.8481,2,-1,-1
490,116,787.74,440.69,67.18,105.65,0.9259,2,1,-1
490,149,439.65,596.01,60.63,144.15,0.9338,2,2,-1
490,0,517.14,568.22,18.04,14.03,1.0,0,-1,-1
491,2,369.24,419.90,47.31,112.10,0.8725,2,2,-1
491,9,580.68,410.13,34.05,54.17,0.7273,3,0,-1
491,12,433.21,407.25,32.98,107.38,0.9110,2,2,-1
491,13,939.39,545.34,52.74,138.79,0.9256,2,2,-1
491,24,557.36,453.13,53.11,107.93,0.9181,2,2,-1
491,37,668.83,622.97,57.36,161.00,0.8958,2,1,-1
491,43,836.18,411.43,73.59,93.45,0.7645,1,3,-1
491,44,177.88,391.23,40.26,92.63,0.9134,2,2,-1
491,47,327.30,483.97,29.26,52.67,0.7756,2,2,-1
491,71,153.95,468.50,49.40,107.44,0.9207,2,2,-1
491,83,328.57,417.70,48.00,59.42,0.8483,2,1,-1
491,116,798.07,442.06,59.32,105.37,0.9013,2,1,-1
491,149,436.51,595.84,58.50,144.25,0.9284,2,2,-1
491,150,466.50,466.44,67.59,117.82,0.8415,2,1,-1
492,2,370.28,422.01,48.36,108.62,0.8965,2,2,-1
492,12,432.01,406.21,34.10,108.37,0.9203,2,2,-1
492,13,936.05,545.56,52.45,140.59,0.9239,2,2,-1
492,24,553.65,455.15,54.63,107.44,0.9202,2,2,-1
492,37,668.05,623.63,56.62,162.09,0.8872,2,1,-1
492,44,175.95,391.80,45.03,90.93,0.9179,2,2,-1
492,47,329.61,487.69,24.94,48.33,0.8370,2,2,-1
492,71,152.99,469.81,48.05,108.20,0.9271,2,2,-1
492,116,812.68,442.66,46.26,105.71,0.9041,2,1,-1
492,149,435.44,596.25,54.36,145.86,0.9239,2,2,-1
492,151,889.32,465.48,14.96,40.78,0.7814,2,-1,-1
493,2,387.51,426.58,41.58,96.53,0.6791,2,2,-1
493,12,432.12,405.30,38.62,110.80,0.9184,2,2,-1
493,13,932.08,543.16,52.37,143.68,0.9208,2,2,-1
493,24,552.38,452.28,61.78,112.80,0.9198,2,2,-1
493,37,667.41,623.00,56.18,158.89,0.8989,2,1,-1
493,44,176.11,392.39,47.16,92.67,0.9192,2,2,-1
493,47,319.77,451.83,36.55,84.21,0.8324,2,2,-1
493,71,152.89,470.24,46.68,108.86,0.9169,2,2,-1
493,116,826.16,447.73,37.13,103.02,0.8968,2,1,-1
493,149,436.88,595.91,50.40,146.55,0.9293,2,2,-1
493,151,888.74,466.45,15.86,42.65,0.7483,2,-1,-1
494,2,388.47,429.36,50.49,102.85,0.8564,2,2,-1
494,9,582.62,410.46,35.99,61.83,0.6901,3,0,-1
494,12,433.26,405.80,42.73,109.89,0.9023,2,2,-1
494,13,929.70,541.80,51.15,143.93,0.9133,2,2,-1
494,24,553.34,461.75,63.96,105.02,0.9231,2,2,-1
494,37,690.23,628.14,31.08,79.99,0.7983,2,1,-1
494,44,176.92,395.04,44.11,90.41,0.9263,2,2,-1
494,47,318.17,448.32,37.73,89.64,0.6074,2,2,-1
494,71,153.62,470.36,45.39,111.40,0.8677,2,2,-1
494,116,833.87,449.38,35.66,101.02,0.8975,2,1,-1
494,149,438.36,596.63,47.92,146.57,0.9234,2,2,-1
495,2,381.51,431.66,68.91,103.26,0.9207,2,2,-1
495,9,586.41,417.84,31.07,53.60,0.5889,3,0,-1
495,13,928.07,540.16,51.39,145.82,0.9170,2,2,-1
495,24,554.80,457.56,65.04,111.27,0.9229,2,2,-1
495,30,665.13,626.61,61.97,160.20,0.8790,2,1,-1
495,44,180.04,394.83,39.55,91.19,0.9220,2,2,-1
495,47,321.63,451.97,33.34,87.27,0.8314,2,2,-1
495,71,153.72,470.24,39.01,112.46,0.9116,2,2,-1
495,116,843.79,450.92,42.40,100.05,0.9110,2,1,-1
495,149,441.25,597.12,48.23,146.79,0.9053,2,2,-1
495,153,513.22,473.74,24.08,70.87,0.7380,2,-1,-1
496,2,369.54,436.16,82.93,99.73,0.9206,2,2,-1
496,13,926.97,540.36,50.20,144.73,0.9205,2,2,-1
496,24,561.37,459.85,61.08,109.29,0.9132,2,2,-1
496,30,667.01,629.83,62.72,159.28,0.9381,2,1,-1
496,44,185.52,395.10,35.49,91.26,0.9141,2,2,-1
496,47,324.08,454.47,31.94,84.50,0.6571,2,2,-1
496,54,518.67,477.34,27.05,61.00,0.8181,2,2,-1
496,56,592.30,415.92,31.02,67.34,0.5936,2,2,-1
496,71,155.85,476.03,36.66,107.82,0.7687,2,2,-1
496,116,851.00,457.66,47.53,95.65,0.8790,2,1,-1
496,149,447.00,599.05,49.03,144.71,0.8766,2,2,-1
497,2,370.15,439.70,84.27,97.79,0.9062,2,2,-1
497,12,441.86,411.49,37.15,107.82,0.8667,2,2,-1
497,13,926.44,541.65,50.34,146.03,0.9270,2,2,-1
497,24,572.00,464.40,53.95,105.86,0.9070,2,2,-1
497,30,668.08,630.83,64.67,160.30,0.9289,2,1,-1
497,44,189.41,395.78,33.67,90.82,0.8929,2,2,-1
497,47,332.45,500.73,22.39,42.05,0.8077,2,2,-1
497,71,157.13,474.29,35.97,110.42,0.8578,2,2,-1
497,116,881.33,513.36,24.22,42.17,0.7878,2,1,-1
497,149,448.70,600.79,50.33,145.67,0.8891,2,2,-1
497,150,504.53,473.55,62.84,120.99,0.8612,2,1,-1
498,2,378.63,442.07,79.41,97.19,0.8875,2,2,-1
498,12,446.73,418.21,33.10,102.48,0.8538,2,2,-1
498,13,925.53,543.91,50.39,142.31,0.9317,2,2,-1
498,24,587.21,506.22,36.14,66.59,0.8508,2,2,-1
498,30,669.19,633.17,65.50,162.46,0.6768,2,1,-1
498,44,194.17,402.77,30.71,84.48,0.8618,2,2,-1
498,71,158.97,476.10,35.27,109.32,0.8505,2,2,-1
498,83,329.78,429.54,40.59,58.61,0.7446,2,1,-1
498,116,863.84,467.81,52.71,90.11,0.8163,2,1,-1
498,149,449.66,600.70,55.40,147.89,0.8910,2,2,-1
498,150,510.21,476.01,62.91,118.72,0.9036,2,1,-1
499,2,379.29,442.79,77.73,98.14,0.8946,2,2,-1
499,12,456.61,463.14,21.47,58.90,0.8436,2,2,-1
499,13,923.78,545.94,52.15,139.05,0.9262,2,2,-1
499,24,596.22,511.13,33.14,64.27,0.8183,2,2,-1
499,37,700.33,635.86,36.19,78.81,0.6879,2,1,-1
499,39,666.47,737.89,25.28,53.28,0.5499,2,2,-1
499,43,842.72,435.35,70.97,82.72,0.8801,1,3,-1
499,44,196.65,403.82,29.91,83.99,0.8431,2,2,-1
499,47,331.68,504.00,22.64,41.18,0.5411,2,2,-1
499,71,159.42,478.21,38.97,110.32,0.9240,2,2,-1
499,83,330.55,430.85,44.46,64.05,0.6291,2,1,-1
499,149,448.76,600.82,56.22,148.61,0.8725,2,2,-1
499,150,516.66,481.46,65.66,115.81,0.8380,2,1,-1
500,2,377.18,442.19,76.65,99.56,0.9019,2,2,-1
500,12,449.33,418.73,32.53,103.42,0.8673,2,2,-1
500,13,921.38,547.32,53.31,137.61,0.9348,2,2,-1
500,24,592.60,479.12,46.74,99.49,0.7553,2,2,-1
500,30,671.38,633.29,67.40,161.29,0.8781,2,1,-1
500,43,835.72,427.15,72.90,91.67,0.7851,1,3,-1
500,44,198.64,411.56,27.58,75.13,0.8584,2,2,-1
500,47,330.95,498.90,25.34,45.54,0.6325,2,2,-1
500,71,159.32,479.04,43.24,112.01,0.9152,2,2,-1
500,83,331.76,430.59,44.00,64.92,0.7008,2,1,-1
500,149,447.69,602.04,58.13,148.97,0.8614,2,2,-1
500,153,547.24,482.24,25.30,63.82,0.8538,2,-1,-1
501,2,373.73,441.83,77.60,101.25,0.8794,2,2,-1
501,12,450.74,418.48,31.38,105.38,0.8669,2,2,-1
501,13,917.64,545.87,53.15,139.45,0.9363,2,2,-1
501,24,595.71,469.16,47.54,108.99,0.9140,2,2,-1
501,30,668.92,633.97,71.70,161.15,0.9043,2,1,-1
501,43,837.89,432.07,65.04,85.70,0.8253,1,3,-1
501,47,331.43,499.52,25.31,43.84,0.5941,2,2,-1
501,71,156.23,479.51,45.76,113.19,0.9305,2,2,-1
501,83,328.88,428.71,44.93,67.92,0.6309,2,1,-1
501,94,193.59,395.69,33.52,91.04,0.9188,2,1,-1
501,116,883.53,470.49,46.79,87.09,0.8749,2,1,-1
501,149,444.16,604.37,55.65,147.70,0.8860,2,2,-1
501,153,551.33,484.53,24.29,64.41,0.8244,2,-1,-1
502,2,376.80,440.87,73.10,101.71,0.8576,2,2,-1
502,12,447.65,418.23,30.35,105.88,0.8852,2,2,-1
502,13,912.93,544.10,52.80,140.73,0.9305,2,2,-1
502,24,595.09,470.25,55.26,110.43,0.9228,2,2,-1
502,30,665.57,634.04,72.88,161.32,0.9055,2,1,-1
502,43,835.56,430.80,66.03,87.22,0.8881,1,3,-1
502,71,152.15,480.50,46.87,113.47,0.9357,2,2,-1
502,83,320.27,426.07,48.57,114.00,0.8369,2,1,-1
502,94,190.70,395.21,34.26,90.83,0.9149,2,1,-1
502,116,884.62,469.85,44.03,88.37,0.8731,2,1,-1
502,149,442.43,604.58,57.47,147.79,0.9112,2,2,-1
502,153,558.77,483.83,21.56,56.22,0.6442,2,-1,-1
503,2,367.47,440.25,74.65,102.35,0.8657,2,2,-1
503,12,444.50,418.59,30.79,105.40,0.8945,2,2,-1
503,13,907.26,541.39,53.26,143.96,0.9228,2,2,-1
503,24,592.43,471.10,61.31,111.08,0.9214,2,2,-1
503,30,663.52,632.89,74.18,162.63,0.9183,2,1,-1
503,33,1553.92,564.97,42.21,48.85,0.8654,2,2,-1
503,43,830.83,427.38,67.46,90.76,0.8843,1,3,-1
503,56,611.48,418.49,32.19,69.27,0.6464,2,2,-1
503,71,148.03,481.08,46.84,113.07,0.9185,2,2,-1
503,83,322.53,423.15,40.49,116.25,0.8553,2,1,-1
503,94,188.46,393.43,36.16,91.76,0.9138,2,1,-1
503,116,885.03,469.29,43.04,88.58,0.8319,2,1,-1
503,149,438.59,604.17,57.29,148.18,0.9181,2,2,-1
503,153,554.79,484.60,25.67,62.41,0.7111,2,-1,-1
504,2,359.95,438.20,76.30,102.42,0.7816,2,2,-1
504,12,440.38,418.31,31.78,103.18,0.8942,2,2,-1
504,13,901.14,539.33,53.83,143.23,0.9294,2,2,-1
504,24,589.39,474.41,64.00,108.74,0.9027,2,2,-1
504,30,661.59,632.46,73.13,161.24,0.9155,2,1,-1
504,33,1556.82,561.01,39.70,48.94,0.8554,2,2,-1
504,36,382.77,503.49,14.82,37.72,0.6119,2,2,-1
504,43,825.03,423.58,65.77,94.80,0.9184,1,3,-1
504,71,140.37,481.73,46.86,112.70,0.9263,2,2,-1
504,83,319.86,422.65,37.40,114.39,0.8519,2,1,-1
504,94,183.80,392.68,40.04,90.25,0.9228,2,1,-1
504,116,883.01,467.59,41.14,91.34,0.8824,2,1,-1
504,149,433.79,605.38,55.92,147.98,0.9164,2,2,-1
504,150,548.18,482.82,53.75,118.32,0.8548,2,1,-1
505,2,351.67,436.47,77.63,105.86,0.8770,2,2,-1
505,12,434.61,416.88,33.08,106.95,0.8790,2,2,-1
505,13,893.33,538.22,54.08,140.27,0.9272,2,2,-1
505,24,585.68,469.90,63.86,113.14,0.8590,2,2,-1
505,30,655.14,633.41,67.16,161.02,0.8826,2,1,-1
505,33,1558.02,556.82,37.24,51.16,0.8892,2,2,-1
505,43,819.39,422.21,66.84,95.73,0.9135,1,3,-1
505,71,133.15,481.68,44.79,113.61,0.9253,2,2,-1
505,83,314.39,421.12,37.84,117.67,0.9028,2,1,-1
505,94,178.09,392.73,41.75,89.84,0.9106,2,1,-1
505,116,880.17,465.73,40.96,92.90,0.7604,2,1,-1
505,149,426.43,603.89,50.03,148.92,0.9076,2,2,-1
505,150,544.43,482.18,47.49,121.69,0.8913,2,1,-1
506,2,344.17,435.10,79.82,108.31,0.9256,2,2,-1
506,12,428.21,415.22,33.88,107.99,0.9023,2,2,-1
506,13,884.19,537.85,54.50,142.68,0.9165,2,2,-1
506,24,583.65,471.99,57.44,112.42,0.9205,2,2,-1
506,30,654.48,631.24,66.65,163.55,0.9007,2,1,-1
506,43,810.09,418.94,68.06,98.84,0.9114,1,3,-1
506,71,126.02,482.70,43.20,112.32,0.9273,2,2,-1
506,83,307.05,420.95,41.16,116.32,0.9283,2,1,-1
506,94,171.03,393.14,41.37,88.94,0.9164,2,1,-1
506,149,422.86,603.11,56.98,150.81,0.9129,2,2,-1
506,150,544.19,519.60,43.33,86.23,0.8578,2,1,-1
506,0,1810.97,623.73,22.21,20.16,1.0,0,-1,-1
507,2,337.85,433.88,79.27,109.10,0.8964,2,2,-1
507,12,421.40,412.55,34.58,109.85,0.9094,2,2,-1
507,13,875.80,537.91,53.50,141.12,0.9260,2,2,-1
507,24,582.60,469.08,52.13,114.50,0.9171,2,2,-1
507,30,646.98,632.35,65.60,160.48,0.9149,2,1,-1
507,43,802.55,417.56,70.26,100.60,0.9168,1,3,-1
507,56,593.09,410.37,31.92,73.82,0.5176,2,2,-1
507,71,120.37,482.48,40.93,113.61,0.9165,2,2,-1
507,83,302.27,421.43,39.41,115.60,0.9146,2,1,-1
507,94,165.34,394.31,38.94,87.54,0.9207,2,1,-1
507,149,415.35,601.77,56.95,151.56,0.9213,2,2,-1
507,150,536.98,521.79,52.96,81.70,0.8926,2,1,-1
507,0,1821.64,631.14,22.33,20.25,1.0,0,-1,-1
508,2,339.83,434.11,69.83,108.37,0.8947,2,2,-1
508,12,415.11,413.93,37.19,110.25,0.9259,2,2,-1
508,13,868.28,537.83,51.97,141.29,0.9231,2,2,-1
508,24,581.90,468.03,47.23,116.02,0.9130,2,2,-1
508,37,644.78,634.73,61.08,100.86,0.8423,2,1,-1
508,43,796.02,417.17,69.38,100.23,0.8811,1,3,-1
508,71,114.95,483.74,38.88,112.35,0.9156,2,2,-1
508,83,297.43,422.29,37.78,113.96,0.9253,2,1,-1
508,94,160.24,393.58,37.07,88.82,0.9104,2,1,-1
508,111,659.14,733.27,25.02,59.84,0.7951,2,-1,-1
508,149,409.06,603.97,54.47,147.54,0.9190,2,2,-1
508,150,533.97,523.50,59.05,79.19,0.8915,2,1,-1
508,0,1830.98,632.02,19.82,17.68,1.0,0,-1,-1
509,2,328.75,432.83,72.90,110.08,0.9172,2,2,-1
509,12,408.76,413.17,40.39,110.63,0.9197,2,2,-1
509,13,861.28,538.52,50.45,137.27,0.9170,2,2,-1
509,24,585.72,506.56,34.26,77.90,0.8640,2,2,-1
509,30,636.67,633.26,62.72,159.66,0.8836,2,1,-1
509,33,1549.69,553.97,38.51,51.30,0.5462,2,2,-1
509,43,791.05,416.22,68.08,101.89,0.8844,1,3,-1
509,83,292.73,422.40,36.92,112.75,0.9075,2,1,-1
509,94,153.96,394.25,36.30,88.32,0.9132,2,1,-1
509,124,111.73,511.62,36.58,84.34,0.8888,3,0,-1
509,149,402.89,603.56,53.28,150.53,0.9084,2,2,-1
509,150,527.12,487.52,71.19,123.62,0.9249,2,1,-1
509,0,1837.25,628.85,21.87,18.71,1.0,0,-1,-1
510,2,329.55,431.59,66.56,110.82,0.8944,2,2,-1
510,12,401.52,413.05,40.89,110.62,0.9330,2,2,-1
510,13,853.17,540.12,48.23,134.12,0.9229,2,2,-1
510,24,578.21,471.36,43.59,112.11,0.8625,2,2,-1
510,37,634.51,635.78,57.53,91.20,0.6994,2,1,-1
510,43,785.67,413.47,67.58,104.44,0.8183,1,3,-1
510,71,105.53,483.56,37.87,112.84,0.9024,2,2,-1
510,83,288.24,422.61,36.10,113.97,0.9002,2,1,-1
510,94,146.87,393.99,37.26,88.41,0.9036,2,1,-1
510,116,861.85,461.59,48.22,99.23,0.8708,2,1,-1
510,149,397.35,603.23,51.87,148.28,0.9202,2,2,-1
510,150,530.64,489.22,66.59,120.30,0.6532,2,1,-1
511,2,320.46,430.99,65.35,112.38,0.9064,2,2,-1
511,8,283.20,422.83,35.16,70.31,0.8829,2,2,-1
511,12,395.08,412.49,40.57,111.36,0.9223,2,2,-1
511,13,846.18,535.98,49.59,137.51,0.9199,2,2,-1
511,24,580.39,494.61,35.76,89.25,0.7626,2,2,-1
511,37,626.24,635.20,62.16,106.42,0.8436,2,1,-1
511,43,782.06,416.10,60.04,101.09,0.8432,1,3,-1
511,47,291.51,480.69,30.26,57.07,0.6948,2,2,-1
511,71,102.67,490.21,36.77,108.29,0.8912,2,2,-1
511,94,139.53,392.23,37.72,90.14,0.9091,2,1,-1
511,116,855.29,459.61,49.36,103.01,0.8768,2,1,-1
511,149,392.04,602.99,53.30,151.82,0.9208,2,2,-1
511,150,543.84,557.93,33.06,53.37,0.5947,2,1,-1
511,153,550.95,491.56,25.46,63.94,0.7987,2,-1,-1
512,2,316.45,427.76,64.13,115.94,0.9167,2,2,-1
512,12,389.72,412.65,40.15,111.13,0.9278,2,2,-1
512,13,838.10,533.61,48.94,139.21,0.9069,2,2,-1
512,24,577.28,488.38,38.80,95.42,0.6911,2,2,-1
512,30,621.73,634.00,57.74,158.10,0.9054,2,1,-1
512,43,776.85,412.19,62.85,105.85,0.9024,1,3,-1
512,71,93.82,484.39,40.28,116.09,0.8860,2,2,-1
512,83,279.14,421.93,38.37,118.03,0.9003,2,1,-1
512,94,131.87,391.85,38.74,90.00,0.9132,2,1,-1
512,116,850.91,458.23,48.50,102.64,0.8652,2,1,-1
512,149,388.22,603.67,54.34,147.23,0.9244,2,2,-1
513,2,310.57,426.88,62.06,116.34,0.9187,2,2,-1
513,12,384.87,411.97,39.01,111.53,0.9178,2,2,-1
513,13,830.39,528.32,46.75,143.46,0.9002,2,2,-1
513,24,564.64,463.75,49.12,120.33,0.8222,2,2,-1
513,30,618.61,633.23,57.79,163.07,0.9020,2,1,-1
513,43,769.66,413.33,61.64,105.67,0.9075,1,3,-1
513,83,273.89,420.41,39.48,119.30,0.8209,2,1,-1
513,94,125.51,389.88,38.21,92.19,0.9186,2,1,-1
513,116,844.35,456.02,49.57,105.44,0.8652,2,1,-1
513,124,89.91,504.49,40.48,95.80,0.8910,3,0,-1
513,149,384.55,601.96,57.21,148.27,0.9224,2,2,-1
514,2,305.87,427.05,60.77,116.26,0.9243,2,2,-1
514,12,380.84,410.99,36.46,112.86,0.9150,2,2,-1
514,13,822.69,526.26,44.71,144.37,0.8771,2,2,-1
514,24,564.68,469.43,46.70,114.24,0.6567,2,2,-1
514,37,612.13,635.25,59.62,106.40,0.7847,2,1,-1
514,43,763.72,411.06,62.49,106.28,0.9071,1,3,-1
514,71,82.11,486.71,42.08,115.63,0.8817,2,2,-1
514,83,273.57,449.36,32.11,90.78,0.7444,2,1,-1
514,94,119.02,387.90,38.46,93.64,0.9164,2,1,-1
514,116,841.27,453.71,47.69,108.05,0.8960,2,1,-1
514,149,380.15,601.41,61.80,149.58,0.9280,2,2,-1
515,2,300.21,426.49,59.38,115.14,0.9150,2,2,-1
515,12,377.30,410.73,35.31,113.32,0.9247,2,2,-1
515,13,817.90,526.82,43.22,143.50,0.9245,2,2,-1
515,16,543.85,541.55,45.83,70.27,0.8289,2,2,-1
515,30,612.42,632.22,50.91,131.81,0.7995,2,1,-1
515,43,756.82,410.59,62.81,107.99,0.9127,1,3,-1
515,83,263.69,418.77,40.98,119.72,0.8900,2,1,-1
515,94,113.71,386.04,36.94,95.52,0.9133,2,1,-1
515,116,835.53,453.14,45.92,108.64,0.8783,2,1,-1
515,124,77.51,496.42,42.26,105.03,0.8968,3,0,-1
515,149,374.82,600.38,60.68,151.29,0.9259,2,2,-1
516,2,294.17,427.05,60.58,115.33,0.9120,2,2,-1
516,12,376.04,410.52,33.92,114.19,0.9049,2,2,-1
516,13,811.61,526.54,43.74,143.19,0.9019,2,2,-1
516,16,541.97,544.38,51.46,68.95,0.8464,2,2,-1
516,30,605.05,630.76,58.54,162.40,0.8924,2,1,-1
516,43,750.90,409.13,63.12,108.91,0.9187,1,3,-1
516,71,72.07,486.73,44.41,116.54,0.9108,2,2,-1
516,83,259.73,415.93,40.84,118.66,0.8460,2,1,-1
516,94,107.13,385.09,36.36,96.28,0.9127,2,1,-1
516,116,831.34,452.60,45.93,110.23,0.8927,2,1,-1
516,149,370.94,600.48,60.18,149.38,0.9280,2,2,-1
517,2,288.96,429.41,60.75,113.44,0.9167,2,2,-1
517,12,373.49,410.07,33.46,115.22,0.8840,2,2,-1
517,13,806.11,527.35,46.97,139.84,0.9195,2,2,-1
517,16,534.70,516.79,67.15,97.69,0.8534,2,2,-1
517,30,602.73,630.62,57.47,161.74,0.8616,2,1,-1
517,43,742.40,408.21,63.28,109.58,0.9228,1,3,-1
517,71,67.59,487.55,44.50,116.27,0.9153,2,2,-1
517,83,255.79,414.43,40.99,119.64,0.7808,2,1,-1
517,94,102.70,383.95,36.21,97.79,0.9121,2,1,-1
517,116,827.25,450.42,44.74,110.16,0.9037,2,1,-1
517,149,367.56,600.55,59.79,148.14,0.9314,2,2,-1
517,0,1898.46,640.13,19.24,17.37,1.0,0,-1,-1
518,2,285.77,430.11,60.30,112.72,0.9145,2,2,-1
518,12,371.40,409.87,34.99,114.35,0.9022,2,2,-1
518,13,797.99,527.52,50.92,137.72,0.9321,2,2,-1
518,24,536.87,494.72,62.71,121.30,0.8798,2,2,-1
518,30,599.48,629.45,55.15,156.40,0.8875,2,1,-1
518,43,739.47,406.40,60.08,111.26,0.9203,1,3,-1
518,71,64.40,488.25,44.40,115.88,0.9211,2,2,-1
518,83,251.27,413.56,43.26,123.20,0.8696,2,1,-1
518,94,98.78,384.39,35.02,96.97,0.8970,2,1,-1
518,116,823.88,449.60,43.66,111.88,0.9080,2,1,-1
518,149,364.31,601.45,59.78,146.74,0.9247,2,2,-1
519,2,282.09,428.03,60.15,115.04,0.9195,2,2,-1
519,12,368.90,410.36,36.08,113.50,0.9047,2,2,-1
519,13,790.66,528.01,53.30,136.60,0.9296,2,2,-1
519,16,537.27,520.06,68.59,98.01,0.7039,2,2,-1
519,30,596.74,627.82,55.33,159.87,0.9134,2,1,-1
519,43,736.92,406.29,54.14,110.72,0.9207,1,3,-1
519,83,247.84,412.29,43.77,124.48,0.8566,2,1,-1
519,94,94.62,382.70,35.54,99.26,0.9157,2,1,-1
519,116,819.72,448.46,44.46,111.94,0.9089,2,1,-1
519,124,63.88,505.15,40.32,97.96,0.8916,3,0,-1
519,149,361.82,602.01,60.34,147.56,0.9259,2,2,-1
519,0,535.24,599.58,14.34,18.06,1.0,0,-1,-1
520,2,278.01,426.83,60.82,116.49,0.9183,2,2,-1
520,12,366.99,410.43,38.22,114.22,0.9106,2,2,-1
520,13,783.91,526.71,53.54,138.47,0.9345,2,2,-1
520,30,594.99,627.03,55.34,160.66,0.9319,2,1,-1
520,43,732.28,406.56,50.52,111.37,0.9063,1,3,-1
520,94,92.21,385.27,34.44,96.28,0.8879,2,1,-1
520,116,814.88,450.34,44.42,110.28,0.8995,2,1,-1
520,129,64.14,519.06,33.49,84.18,0.7924,2,1,-1
520,149,359.72,601.54,58.94,148.30,0.9268,2,2,-1
520,153,546.40,507.69,35.25,76.20,0.7425,2,-1,-1
520,0,537.41,601.34,15.10,17.19,1.0,0,-1,-1
521,2,274.87,426.52,60.95,117.19,0.9170,2,2,-1
521,12,366.44,410.85,41.10,115.01,0.9080,2,2,-1
521,13,779.09,525.39,51.13,139.18,0.9184,2,2,-1
521,30,592.08,626.26,55.88,156.31,0.9264,2,1,-1
521,94,88.79,383.81,35.06,97.58,0.8963,2,1,-1
521,116,810.87,447.95,45.58,113.39,0.9053,2,1,-1
521,129,61.24,517.07,33.61,87.17,0.7773,2,1,-1
521,149,357.00,601.32,60.67,149.22,0.9240,2,2,-1
521,151,730.23,418.70,41.32,97.73,0.7797,2,-1,-1
521,153,545.88,506.33,37.16,78.90,0.6531,2,1,-1
521,0,542.63,601.95,14.22,16.98,1.0,0,-1,-1
522,2,271.84,427.51,61.67,115.92,0.9248,2,2,-1
522,12,365.51,411.14,46.19,114.99,0.9151,2,2,-1
522,13,774.28,522.77,49.34,141.63,0.9183,2,2,-1
522,30,589.79,626.02,57.05,160.44,0.9274,2,1,-1
522,43,723.73,409.25,43.14,108.11,0.8218,1,3,-1
522,71,55.88,488.39,38.63,116.03,0.8333,2,2,-1
522,94,85.61,384.78,36.37,96.50,0.8990,2,1,-1
522,116,807.62,447.35,45.97,114.10,0.9120,2,1,-1
522,149,355.27,601.79,63.67,148.29,0.9243,2,2,-1
522,153,547.64,503.64,38.44,81.60,0.7480,2,1,-1
522,0,547.76,601.64,15.84,18.21,1.0,0,-1,-1
523,2,269.67,427.78,63.10,115.29,0.9300,2,2,-1
523,12,362.65,411.91,50.54,114.58,0.9195,2,2,-1
523,13,769.06,519.49,49.64,143.48,0.9121,2,2,-1
523,30,587.56,627.53,56.61,158.26,0.9256,2,1,-1
523,71,54.57,487.71,37.30,117.19,0.8939,2,2,-1
523,83,234.64,403.33,44.52,128.16,0.6393,2,1,-1
523,94,82.67,384.23,37.60,96.65,0.9175,2,1,-1
523,116,804.12,453.32,45.69,107.65,0.8831,2,1,-1
523,149,353.64,600.99,61.33,148.65,0.9252,2,2,-1
523,151,718.39,421.10,39.23,95.69,0.5116,2,-1,-1
523,0,552.02,601.86,17.14,17.50,1.0,0,-1,-1
524,2,267.37,425.93,64.00,117.29,0.9127,2,2,-1
524,12,361.64,413.04,51.87,113.34,0.9216,2,2,-1
524,13,765.34,517.40,49.89,144.41,0.8966,2,2,-1
524,30,585.91,628.58,56.84,152.00,0.9281,2,1,-1
524,33,1480.08,538.03,52.57,61.39,0.6399,2,2,-1
524,56,564.20,464.06,31.15,65.26,0.5725,2,2,-1
524,71,54.40,487.74,36.95,117.47,0.8288,2,2,-1
524,83,232.84,404.27,45.12,125.69,0.8055,2,1,-1
524,94,80.99,384.30,38.37,96.97,0.9009,2,1,-1
524,116,800.98,449.52,47.19,111.47,0.8928,2,1,-1
524,149,353.37,599.83,58.34,149.18,0.9271,2,2,-1
524,150,562.95,570.98,32.83,46.55,0.7776,2,1,-1
524,151,717.59,419.69,36.60,97.18,0.8021,2,-1,-1
525,2,269.03,427.01,61.00,115.88,0.9072,2,2,-1
525,12,360.02,413.29,52.83,113.71,0.9249,2,2,-1
525,13,762.36,516.89,51.27,143.67,0.9091,2,2,-1
525,24,560.81,523.64,39.74,92.23,0.6428,2,2,-1
525,30,585.54,628.77,55.59,145.07,0.9237,2,1,-1
525,33,1480.26,544.58,48.11,52.77,0.5439,2,2,-1
525,43,713.82,411.88,37.16,105.77,0.8939,1,3,-1
525,56,562.79,464.76,32.00,68.07,0.5840,2,2,-1
525,71,54.81,487.33,36.72,117.45,0.7280,2,2,-1
525,83,242.26,396.21,28.95,53.43,0.7246,2,1,-1
525,94,79.29,385.41,38.55,95.18,0.8915,2,1,-1
525,116,797.62,445.08,49.08,116.29,0.9091,2,1,-1
525,149,356.70,600.30,55.05,148.83,0.9260,2,2,-1
526,2,272.06,427.61,57.67,115.13,0.8501,2,2,-1
526,9,554.82,493.96,31.64,63.76,0.6683,3,0,-1
526,12,358.92,414.26,52.72,113.08,0.9283,2,2,-1
526,13,759.34,516.56,51.56,143.19,0.9187,2,2,-1
526,30,584.22,627.71,57.28,151.59,0.9298,2,1,-1
526,33,1473.17,543.07,48.87,53.94,0.5396,2,2,-1
526,43,708.90,411.80,40.15,105.28,0.9172,1,3,-1
526,71,53.52,486.82,39.25,119.13,0.8820,2,2,-1
526,84,237.16,397.14,41.61,46.17,0.8010,2,1,-1
526,94,79.17,385.85,40.79,94.82,0.9046,2,1,-1
526,116,798.02,446.18,48.54,115.19,0.9045,2,1,-1
526,149,360.76,599.54,51.93,147.69,0.9234,2,2,-1
527,2,276.92,422.43,53.78,120.59,0.8877,2,2,-1
527,12,359.42,414.88,51.56,112.86,0.9278,2,2,-1
527,13,757.98,516.71,51.89,139.19,0.9097,2,2,-1
527,30,584.74,626.01,57.05,154.73,0.9286,2,1,-1
527,33,1472.97,538.10,55.71,60.07,0.5087,2,2,-1
527,56,567.04,468.61,30.94,65.61,0.6828,2,2,-1
527,71,53.24,487.00,41.57,119.20,0.8863,2,2,-1
527,84,238.22,396.59,41.41,47.23,0.7096,2,1,-1
527,94,78.24,385.36,42.15,95.45,0.9061,2,1,-1
527,116,797.31,462.22,45.61,98.74,0.8988,2,1,-1
527,149,365.82,598.76,51.58,147.74,0.9187,2,2,-1
527,150,566.26,568.88,32.06,49.27,0.5284,2,1,-1
527,151,701.52,421.45,46.80,95.79,0.9174,1,3,-1
528,2,277.67,423.80,52.46,118.86,0.6163,2,2,-1
528,12,360.38,414.69,50.16,113.08,0.9262,2,2,-1
528,13,755.78,517.12,48.64,137.24,0.8994,2,2,-1
528,24,568.23,539.06,32.56,79.07,0.6369,2,2,-1
528,30,585.85,624.68,56.72,146.81,0.9186,2,1,-1
528,33,1478.04,549.25,49.91,50.65,0.5488,2,2,-1
528,56,567.27,464.54,31.58,70.09,0.7406,2,2,-1
528,71,52.46,487.37,42.80,119.16,0.9014,2,2,-1
528,84,239.18,397.34,39.31,46.12,0.7192,2,1,-1
528,94,78.86,385.54,43.16,96.01,0.8938,2,1,-1
528,116,794.63,450.15,50.24,110.75,0.9069,2,1,-1
528,149,367.03,598.61,49.44,147.78,0.8882,2,2,-1
528,151,695.31,422.50,52.40,94.45,0.9214,1,3,-1
529,11,281.42,423.03,51.69,85.57,0.7606,2,2,-1
529,12,362.45,413.30,48.40,114.74,0.9137,2,2,-1
529,13,756.13,516.60,49.97,137.94,0.9017,2,2,-1
529,24,569.07,543.43,28.29,74.65,0.7507,2,2,-1
529,30,585.67,623.14,57.62,153.74,0.9181,2,1,-1
529,33,1473.13,550.18,50.51,48.82,0.6184,2,2,-1
529,43,691.84,410.91,55.62,105.90,0.9280,1,3,-1
529,54,297.98,500.45,20.58,42.32,0.7572,2,2,-1
529,56,570.86,467.48,30.26,66.98,0.7855,2,2,-1
529,71,52.49,487.60,43.69,119.06,0.8968,2,2,-1
529,84,239.38,397.41,38.66,46.59,0.7715,2,1,-1
529,94,80.77,387.90,42.00,93.48,0.8592,2,1,-1
529,116,789.53,447.03,54.58,113.92,0.9040,2,1,-1
529,149,370.99,597.99,48.68,148.54,0.8998,2,2,-1
530,2,282.82,422.79,53.37,119.67,0.9015,2,2,-1
530,12,365.73,413.31,44.97,114.03,0.9170,2,2,-1
530,13,755.12,514.52,49.74,139.33,0.9028,2,2,-1
530,30,587.39,621.02,61.76,156.30,0.9115,2,1,-1
530,33,1468.04,548.64,50.56,50.31,0.7106,2,2,-1
530,43,689.21,414.81,56.98,101.76,0.9279,1,3,-1
530,56,558.07,425.53,37.31,89.51,0.7590,2,2,-1
530,71,52.84,487.84,45.77,118.81,0.9208,2,2,-1
530,84,236.66,396.52,40.47,48.38,0.8449,2,1,-1
530,94,81.14,384.21,43.25,97.40,0.9041,2,1,-1
530,116,786.98,446.30,57.12,114.48,0.9093,2,-1,-1
530,149,373.72,597.67,48.15,148.75,0.9164,2,2,-1
531,2,284.76,421.62,53.66,121.07,0.8945,2,2,-1
531,12,369.24,413.86,42.91,113.32,0.9130,2,2,-1
531,13,753.36,513.14,48.04,138.90,0.9096,2,2,-1
531,24,572.74,557.00,23.54,60.53,0.6495,2,2,-1
531,30,587.20,619.07,64.06,154.73,0.9203,2,1,-1
531,33,1468.62,554.95,44.87,43.52,0.7956,2,2,-1
531,43,687.94,415.53,58.52,101.46,0.9255,1,3,-1
531,56,560.88,431.95,28.86,69.97,0.5505,2,2,-1
531,71,54.21,488.40,48.61,118.51,0.9294,2,2,-1
531,84,237.33,396.58,40.41,48.15,0.7762,2,1,-1
531,94,82.31,383.31,42.26,97.86,0.9002,2,1,-1
531,116,785.55,447.02,55.32,112.61,0.8747,2,2,-1
531,122,1511.02,559.63,22.61,41.31,0.7536,2,1,-1
531,149,375.77,597.52,47.61,148.79,0.9203,2,2,-1
531,153,569.33,477.68,57.53,106.99,0.7965,2,1,-1
532,2,286.58,421.95,55.01,120.67,0.9132,2,2,-1
532,12,372.53,414.06,42.22,113.88,0.9139,2,2,-1
532,13,750.27,511.99,44.34,140.06,0.9127,2,2,-1
532,24,573.58,557.47,23.78,60.64,0.6700,2,2,-1
532,30,587.99,617.44,64.28,154.96,0.9137,2,1,-1
532,33,1467.73,556.60,43.05,41.91,0.7740,2,2,-1
532,43,687.38,416.69,57.37,100.28,0.9156,1,3,-1
532,71,54.43,488.74,52.08,117.81,0.9363,2,2,-1
532,84,234.15,396.59,42.76,50.40,0.8111,2,1,-1
532,94,84.05,384.27,40.43,96.88,0.8915,2,1,-1
532,116,784.07,445.87,54.57,114.33,0.9077,2,2,-1
532,122,1513.76,563.02,20.49,38.43,0.6399,2,1,-1
532,149,378.22,597.96,48.18,148.12,0.9240,2,2,-1
532,153,572.67,476.48,56.89,108.52,0.8372,2,1,-1
533,2,290.10,423.94,56.33,118.63,0.9236,2,2,-1
533,12,372.17,414.33,44.01,114.30,0.9041,2,2,-1
533,13,748.96,510.46,42.58,141.56,0.9093,2,2,-1
533,24,573.59,558.75,23.23,59.46,0.7095,2,2,-1
533,30,587.29,614.64,63.91,156.79,0.9008,2,1,-1
533,33,1464.07,557.95,37.19,40.31,0.7647,2,2,-1
533,71,54.66,489.18,55.68,117.36,0.9314,2,2,-1
533,84,234.59,397.17,46.07,54.40,0.7823,2,1,-1
533,94,86.98,383.24,39.32,97.69,0.8848,2,-1,-1
533,116,779.70,444.38,53.67,115.60,0.9051,2,2,-1
533,122,1508.87,562.23,23.71,39.47,0.7398,2,1,-1
533,149,379.47,598.60,50.44,146.96,0.9232,2,2,-1
533,151,687.94,421.48,53.30,95.28,0.9180,1,3,-1
533,153,578.61,488.59,50.98,96.96,0.7111,2,1,-1
534,2,293.64,424.18,57.19,119.46,0.9201,2,2,-1
534,12,372.21,414.16,48.25,115.03,0.8992,2,2,-1
534,13,746.45,510.76,42.25,139.82,0.9066,2,2,-1
534,16,580.74,510.30,50.03,75.27,0.5290,2,2,-1
534,24,573.42,557.01,23.49,60.41,0.6422,2,2,-1
534,30,586.66,613.65,63.53,158.19,0.9145,2,1,-1
534,33,1466.95,555.11,41.05,43.42,0.7645,2,2,-1
534,71,55.38,489.46,55.92,116.79,0.9229,2,2,-1
534,84,232.50,395.59,48.65,62.47,0.8665,2,1,-1
534,94,88.50,383.35,39.23,97.97,0.9163,2,2,-1
534,116,782.67,446.33,47.51,113.06,0.8666,2,2,-1
534,122,1507.40,562.90,25.59,38.48,0.8001,2,1,-1
534,149,380.47,598.46,52.33,146.56,0.9177,2,2,-1
534,151,690.85,453.62,42.75,63.76,0.8836,1,3,-1
534,153,559.20,413.51,43.99,98.10,0.7870,2,1,-1
535,2,297.10,424.49,56.08,118.91,0.9200,2,2,-1
535,12,371.33,412.36,51.21,117.29,0.9121,2,2,-1
535,13,743.62,510.85,42.35,138.95,0.9136,2,2,-1
535,16,576.13,467.70,59.48,118.02,0.7318,2,2,-1
535,24,574.86,566.40,20.22,51.12,0.5943,2,2,-1
535,30,586.05,613.16,62.82,156.21,0.9125,2,1,-1
535,33,1466.18,555.17,42.42,43.68,0.7655,2,2,-1
535,36,250.45,486.71,18.73,45.54,0.5950,2,2,-1
535,71,53.81,489.63,57.54,116.77,0.9334,2,2,-1
535,84,233.22,396.28,47.28,64.04,0.8207,2,1,-1
535,94,90.17,384.37,39.23,98.28,0.8878,2,2,-1
535,116,778.40,447.34,44.86,112.26,0.8108,2,2,-1
535,122,1505.00,562.44,28.19,38.92,0.8340,2,1,-1
535,149,380.61,599.28,54.94,146.69,0.9221,2,2,-1
535,151,688.94,458.84,39.77,57.47,0.8694,1,3,-1
535,153,562.20,409.89,38.46,91.64,0.7996,2,1,-1
536,2,300.63,426.53,54.31,117.35,0.9218,2,2,-1
536,12,372.00,412.80,52.15,117.47,0.9097,2,2,-1
536,13,741.79,510.95,42.35,139.00,0.9057,2,2,-1
536,16,581.95,474.85,49.40,110.70,0.7797,2,2,-1
536,24,574.94,572.62,18.75,45.15,0.6799,2,2,-1
536,33,1465.31,553.16,45.18,45.42,0.7064,2,2,-1
536,37,585.66,613.82,62.59,141.07,0.9226,2,1,-1
536,44,88.76,448.59,14.11,33.57,0.7665,2,2,-1
536,56,564.70,412.47,34.34,83.89,0.8065,2,2,-1
536,71,53.31,490.23,58.40,116.31,0.9192,2,2,-1
536,84,233.57,396.45,44.35,60.16,0.8439,2,1,-1
536,94,94.16,386.29,38.39,95.52,0.7592,2,2,-1
536,116,776.72,445.79,41.97,114.39,0.8717,2,2,-1
536,122,1505.99,564.46,27.51,36.87,0.7544,2,1,-1
536,149,381.19,599.53,57.53,146.45,0.9272,2,2,-1
536,151,686.22,455.23,37.27,60.96,0.8966,1,3,-1
537,2,303.09,427.05,52.69,117.07,0.9198,2,2,-1
537,9,586.18,509.89,41.68,74.87,0.8465,3,0,-1
537,12,374.11,413.16,50.95,116.98,0.9133,2,2,-1
537,13,739.47,510.50,44.02,139.64,0.9230,2,2,-1
537,33,1464.49,554.50,44.83,43.82,0.7681,2,2,-1
537,36,250.30,485.89,18.69,45.14,0.7362,2,2,-1
537,37,585.32,614.18,61.74,142.41,0.9161,2,1,-1
537,43,684.64,446.09,34.14,70.01,0.8665,1,3,-1
537,56,565.73,413.46,33.35,83.69,0.8179,2,2,-1
537,71,53.74,490.36,57.89,116.80,0.9019,2,2,-1
537,84,234.78,396.00,41.10,50.92,0.8867,2,1,-1
537,94,93.36,389.05,41.77,94.46,0.7975,2,2,-1
537,116,774.73,447.41,38.76,112.82,0.8614,2,2,-1
537,122,1504.93,564.13,28.83,37.57,0.7830,2,1,-1
537,149,382.51,600.20,60.59,145.48,0.9308,2,2,-1
538,2,306.26,426.08,50.80,117.45,0.9178,2,2,-1
538,9,585.87,504.03,44.64,81.68,0.5031,3,0,-1
538,12,374.66,412.53,51.42,117.65,0.9126,2,2,-1
538,13,737.58,510.63,45.44,139.00,0.9236,2,2,-1
538,33,1462.53,555.87,45.21,42.90,0.7608,2,2,-1
538,36,250.99,484.04,19.18,45.44,0.6053,2,2,-1
538,37,585.45,614.05,60.43,142.04,0.9126,2,1,-1
538,43,678.88,443.98,30.03,71.90,0.8744,1,3,-1
538,44,90.64,450.56,13.97,32.16,0.7483,2,2,-1
538,56,566.02,421.88,32.53,83.32,0.6253,2,2,-1
538,71,54.30,490.69,56.15,116.85,0.8710,2,2,-1
538,84,234.34,395.09,42.80,50.62,0.8962,2,1,-1
538,94,93.00,387.62,46.03,97.74,0.8615,2,2,-1
538,116,774.11,449.42,37.66,110.12,0.8583,2,2,-1
538,122,1506.33,565.31,28.23,36.80,0.7081,2,1,-1
538,149,383.16,599.83,61.69,145.52,0.9254,2,2,-1
539,2,308.91,426.26,49.22,117.54,0.9168,2,2,-1
539,9,590.88,503.61,39.96,81.42,0.8282,3,0,-1
539,12,375.79,412.59,50.01,117.03,0.9185,2,2,-1
539,13,735.42,509.92,46.55,136.16,0.9320,2,2,-1
539,33,1460.31,556.25,45.19,42.76,0.8169,2,2,-1
539,37,585.00,614.21,58.78,141.92,0.9079,2,1,-1
539,43,675.21,427.48,32.26,88.01,0.8945,1,3,-1
539,47,250.24,479.16,22.51,48.86,0.6317,2,2,-1
539,56,568.07,436.52,28.21,71.81,0.5562,2,2,-1
539,71,53.51,490.52,55.23,116.90,0.8690,2,2,-1
539,84,234.00,395.48,41.46,48.48,0.8784,2,1,-1
539,94,91.86,387.57,47.17,96.70,0.8555,2,2,-1
539,116,776.32,481.70,28.69,77.39,0.8284,2,2,-1
539,122,1505.41,563.97,28.80,37.45,0.6777,2,1,-1
539,149,386.67,599.59,61.72,144.16,0.9244,2,2,-1
540,2,311.07,420.09,46.20,123.09,0.8799,2,2,-1
540,9,598.33,507.10,34.81,77.31,0.8487,3,0,-1
540,12,376.53,412.75,48.40,116.87,0.9202,2,2,-1
540,13,732.95,508.35,47.01,135.82,0.9230,2,2,-1
540,30,585.21,612.70,55.56,152.73,0.9229,2,1,-1
540,33,1459.55,557.08,44.44,42.08,0.8552,2,2,-1
540,43,670.97,419.70,34.93,95.52,0.8974,1,3,-1
540,56,567.85,435.07,27.91,70.36,0.7271,2,2,-1
540,84,234.82,395.76,40.84,46.78,0.8610,2,1,-1
540,94,93.26,388.59,48.10,96.87,0.8705,2,2,-1
540,116,770.12,452.20,36.80,107.02,0.8476,2,2,-1
540,124,55.78,491.53,50.71,116.60,0.8259,3,0,-1
540,149,392.04,600.14,63.16,142.90,0.9305,2,2,-1
540,162,554.03,491.30,43.20,125.11,0.9005,2,-1,-1
541,8,319.14,453.92,35.13,87.90,0.8594,2,2,-1
541,9,605.92,466.76,32.33,69.16,0.6775,3,0,-1
541,12,377.94,412.77,46.14,116.15,0.9138,2,2,-1
541,13,729.65,505.83,45.54,136.99,0.9230,2,2,-1
541,30,584.05,611.41,55.57,150.16,0.9318,2,1,-1
541,33,1470.84,557.56,49.36,42.03,0.6710,2,2,-1
541,43,663.19,414.08,41.21,101.74,0.8915,1,3,-1
541,56,566.61,435.75,30.73,77.91,0.7090,2,2,-1
541,84,234.11,395.21,41.82,46.71,0.8631,2,1,-1
541,94,94.65,389.00,47.64,96.30,0.8611,2,2,-1
541,116,767.39,448.67,38.22,110.79,0.8984,2,2,-1
541,129,55.57,490.02,34.03,68.47,0.7296,2,1,-1
541,149,398.52,601.05,65.44,135.79,0.9162,2,2,-1
541,162,552.87,491.13,44.23,125.40,0.9051,2,-1,-1
542,8,323.77,455.08,34.76,87.40,0.8483,2,2,-1
542,12,379.70,412.87,43.70,116.35,0.9077,2,2,-1
542,13,727.19,504.77,43.41,138.15,0.9065,2,2,-1
542,16,603.81,462.41,48.10,122.48,0.8015,2,2,-1
542,30,584.42,608.88,53.53,152.62,0.9144,2,1,-1
542,33,1467.72,554.71,58.25,45.76,0.7038,2,2,-1
542,43,653.48,413.69,50.65,101.96,0.9113,1,3,-1
542,84,234.51,394.02,42.94,48.33,0.8718,2,1,-1
542,94,98.17,386.40,46.88,98.69,0.8897,2,2,-1
542,116,764.33,447.78,40.04,111.40,0.9083,2,2,-1
542,149,397.74,600.93,63.06,134.85,0.9278,2,2,-1
542,162,552.78,490.49,44.63,126.61,0.8979,2,-1,-1
543,2,326.74,422.55,46.95,120.50,0.8481,2,2,-1
543,12,382.48,413.49,39.98,115.15,0.9073,2,2,-1
543,13,726.06,503.63,42.44,139.58,0.9054,2,2,-1
543,16,606.72,462.02,47.82,122.79,0.7860,2,2,-1
543,30,583.28,607.20,53.11,150.88,0.9233,2,1,-1
543,33,1469.58,557.90,55.75,41.83,0.5621,2,2,-1
543,36,253.68,481.07,18.72,44.47,0.5350,2,2,-1
543,43,651.07,413.97,54.06,101.64,0.9127,1,3,-1
543,83,226.65,396.10,50.32,71.69,0.7719,2,1,-1
543,94,102.84,385.35,43.52,98.81,0.9272,2,2,-1
543,116,762.89,447.41,40.63,111.67,0.8935,2,2,-1
543,124,65.93,492.50,46.18,115.33,0.5842,3,0,-1
543,149,400.56,599.38,73.17,136.71,0.9249,2,2,-1
543,162,553.44,490.20,44.29,126.00,0.9081,2,1,-1
544,2,322.57,422.14,38.56,120.13,0.8459,2,2,-1
544,12,383.75,413.60,37.80,114.40,0.9017,2,2,-1
544,13,724.78,502.76,45.85,139.52,0.9076,2,2,-1
544,30,582.72,605.68,53.36,152.70,0.9158,2,1,-1
544,33,1479.10,559.58,55.59,41.18,0.7320,2,2,-1
544,43,651.39,415.58,53.71,100.03,0.9123,1,3,-1
544,47,253.70,482.47,18.22,42.17,0.7206,2,2,-1
544,83,225.92,396.08,52.96,72.37,0.8152,2,1,-1
544,94,109.81,389.27,39.03,94.42,0.9003,2,2,-1
544,111,609.29,513.37,27.41,70.39,0.8068,2,-1,-1
544,116,761.80,447.63,39.75,111.29,0.8927,2,2,-1
544,124,68.97,493.48,40.93,113.11,0.7042,3,0,-1
544,149,400.34,597.76,77.76,137.76,0.9451,2,2,-1
544,162,552.94,490.97,44.29,124.99,0.8359,2,1,-1
545,2,324.65,422.76,35.75,118.54,0.7899,2,2,-1
545,9,612.06,464.06,31.81,61.35,0.6658,3,0,-1
545,12,384.72,412.99,36.16,115.00,0.8985,2,2,-1
545,13,722.73,502.01,49.71,140.11,0.9018,2,2,-1
545,30,582.02,602.05,53.10,154.34,0.9367,2,1,-1
545,33,1480.09,557.79,56.74,42.95,0.7316,2,2,-1
545,36,254.84,481.59,17.52,42.50,0.5605,2,2,-1
545,43,650.65,415.03,53.46,100.63,0.9166,1,3,-1
545,71,72.70,498.78,34.34,76.77,0.7204,2,2,-1
545,83,231.08,395.03,46.95,65.06,0.6674,2,1,-1
545,94,114.84,384.78,38.82,99.00,0.8938,2,2,-1
545,111,610.80,512.55,28.98,70.66,0.7967,2,-1,-1
545,116,759.25,447.23,39.97,111.66,0.9056,2,2,-1
545,149,402.62,594.88,84.11,135.35,0.9366,2,2,-1
545,162,554.51,490.44,39.77,108.32,0.7467,2,1,-1
546,2,326.03,424.10,34.18,115.79,0.8216,2,2,-1
546,12,385.39,412.35,35.31,115.74,0.9046,2,2,-1
546,13,719.76,502.12,49.10,139.97,0.8770,2,2,-1
546,30,579.65,601.93,52.11,152.93,0.9284,2,1,-1
546,33,1483.50,556.05,53.84,44.54,0.8150,2,2,-1
546,43,648.38,407.49,55.22,106.99,0.9048,1,3,-1
546,84,230.65,394.83,48.32,53.61,0.7104,2,1,-1
546,94,117.72,387.89,37.76,95.15,0.8625,2,2,-1
546,111,612.50,512.40,31.52,70.92,0.8360,2,-1,-1
546,116,756.68,449.04,37.27,111.41,0.8843,2,2,-1
546,124,72.04,495.43,35.90,108.89,0.7486,3,0,-1
546,149,405.60,591.70,88.09,135.47,0.9337,2,2,-1
546,162,551.11,489.52,46.40,122.88,0.8735,2,1,-1
547,2,328.26,421.84,38.46,119.01,0.8632,2,2,-1
547,12,386.32,413.43,33.81,115.61,0.8979,2,2,-1
547,13,717.58,502.59,50.56,138.82,0.8763,2,2,-1
547,16,609.88,464.31,39.48,119.30,0.8491,2,2,-1
547,30,578.07,599.74,50.75,153.51,0.9230,2,1,-1
547,33,1483.47,555.77,53.02,45.11,0.8394,2,2,-1
547,43,647.20,404.13,53.82,109.47,0.8913,1,3,-1
547,83,233.14,395.77,46.04,63.20,0.7369,2,1,-1
547,94,120.47,386.88,38.80,97.59,0.8213,2,2,-1
547,116,752.48,448.38,37.25,114.11,0.8831,2,2,-1
547,124,73.48,498.05,32.23,99.81,0.7636,3,0,-1
547,149,413.94,590.29,86.97,133.54,0.9355,2,2,-1
547,162,550.13,488.30,47.49,123.84,0.7340,2,1,-1
547,163,587.67,485.40,13.37,39.10,0.6534,2,-1,-1
548,2,328.32,420.31,42.85,120.95,0.8847,2,2,-1
548,12,388.43,413.75,31.70,115.17,0.8842,2,2,-1
548,13,715.34,501.78,53.50,138.80,0.8951,2,2,-1
548,16,612.72,463.57,40.07,120.14,0.8499,2,2,-1
548,30,576.44,598.97,49.86,154.17,0.8977,2,1,-1
548,33,1485.08,555.79,50.42,44.16,0.8265,2,2,-1
548,43,645.33,402.76,50.85,110.16,0.8972,1,3,-1
548,84,236.73,394.67,43.52,52.92,0.7539,2,1,-1
548,94,121.94,385.59,44.42,99.75,0.9157,2,2,-1
548,129,55.99,499.49,30.85,68.81,0.7318,2,1,-1
548,149,420.65,590.76,90.82,130.41,0.9297,2,2,-1
548,162,548.90,487.37,47.66,122.49,0.7277,2,1,-1
549,2,330.14,420.17,52.82,121.65,0.8922,2,2,-1
549,12,389.34,411.61,30.96,116.98,0.8934,2,2,-1
549,13,712.62,500.66,54.93,138.01,0.9093,2,2,-1
549,16,614.36,464.46,38.75,118.24,0.8069,2,2,-1
549,30,574.69,600.93,49.40,151.95,0.9151,2,1,-1
549,33,1485.21,556.15,49.26,43.74,0.8223,2,2,-1
549,36,252.60,479.31,18.67,44.43,0.5226,2,2,-1
549,43,643.79,402.64,47.23,108.02,0.8247,1,3,-1
549,71,69.68,494.84,35.36,82.27,0.7539,2,2,-1
549,84,239.30,394.81,41.19,54.97,0.8215,2,1,-1
549,94,123.00,387.52,46.90,97.99,0.9128,2,2,-1
549,149,431.23,591.66,87.78,130.94,0.9153,2,2,-1
549,153,567.71,421.47,27.90,72.68,0.6982,2,1,-1
549,162,549.60,487.47,32.53,71.23,0.8098,2,1,-1
549,163,579.03,485.09,19.26,49.66,0.7874,2,-1,-1
550,2,328.14,419.41,53.79,121.05,0.8849,2,2,-1
550,12,390.13,412.66,30.16,115.69,0.8863,2,2,-1
550,13,710.91,499.70,54.26,136.10,0.9053,2,2,-1
550,16,617.41,461.41,42.16,121.24,0.8203,2,2,-1
550,30,572.64,600.27,50.47,151.98,0.9176,2,1,-1
550,33,1485.11,555.76,48.98,43.98,0.8329,2,2,-1
550,39,458.07,593.58,66.60,128.89,0.8394,2,2,-1
550,43,644.20,415.51,38.70,93.65,0.8125,1,3,-1
550,56,566.99,417.44,32.83,86.21,0.7879,2,2,-1
550,83,239.78,400.79,40.08,55.87,0.5137,2,1,-1
550,94,124.89,388.52,47.50,97.19,0.8896,2,2,-1
550,129,54.33,495.49,30.64,66.70,0.8104,2,1,-1
550,163,576.99,485.25,20.57,55.64,0.7117,2,-1,-1
551,2,329.29,418.77,56.78,120.92,0.8877,2,2,-1
551,12,390.86,411.42,29.78,115.71,0.8808,2,2,-1
551,13,708.61,498.29,50.64,136.81,0.9004,2,2,-1
551,16,617.00,460.72,40.03,121.34,0.8508,2,2,-1
551,30,570.77,600.07,52.32,152.83,0.9259,2,1,-1
551,33,1485.01,557.21,46.67,41.90,0.6860,2,2,-1
551,36,250.82,479.22,19.25,42.83,0.6554,2,2,-1
551,39,461.72,591.64,70.88,129.71,0.8950,2,2,-1
551,56,566.41,414.61,31.94,83.87,0.7353,2,2,-1
551,94,126.36,388.22,49.67,98.70,0.9180,2,2,-1
551,116,743.00,449.07,40.65,110.71,0.8974,2,2,-1
551,129,53.85,492.23,33.82,72.54,0.7734,2,1,-1
551,163,545.38,485.96,43.87,121.11,0.7838,2,-1,-1
552,2,327.61,418.01,52.32,121.18,0.8845,2,2,-1
552,9,640.54,450.86,29.53,66.58,0.7841,3,0,-1
552,12,389.36,411.20,30.97,115.57,0.8852,2,2,-1
552,13,708.43,497.25,49.06,135.54,0.9044,2,2,-1
552,24,558.96,540.72,25.43,67.72,0.6243,2,2,-1
552,30,568.08,599.94,54.11,151.90,0.9266,2,1,-1
552,33,1485.44,556.56,46.50,42.07,0.7319,2,2,-1
552,36,237.08,401.34,41.65,119.20,0.7864,2,2,-1
552,39,462.43,585.45,78.10,135.66,0.9291,2,2,-1
552,56,565.79,415.23,33.86,91.07,0.7681,2,2,-1
552,94,129.25,387.71,49.88,98.50,0.9235,2,2,-1
552,111,622.72,518.59,29.64,62.06,0.7798,2,-1,-1
552,116,766.61,517.67,15.59,41.73,0.7572,2,2,-1
552,124,57.79,494.04,43.14,113.80,0.7964,3,0,-1
552,162,541.57,486.45,30.28,67.91,0.5686,2,1,-1
552,163,574.21,486.48,18.29,49.94,0.7345,2,-1,-1
553,2,329.75,417.41,54.85,121.04,0.8963,2,2,-1
553,9,637.12,453.66,29.93,66.91,0.8134,3,0,-1
553,12,388.48,411.29,31.97,115.38,0.8728,2,2,-1
553,13,705.55,494.64,45.13,136.08,0.9003,2,2,-1
553,30,564.53,599.11,55.54,152.70,0.9092,2,1,-1
553,33,1482.10,553.93,49.29,45.41,0.6685,2,2,-1
553,36,237.93,400.72,38.64,117.47,0.6938,2,2,-1
553,39,468.89,581.50,80.00,139.71,0.9221,2,2,-1
553,56,564.15,415.06,36.34,110.27,0.8493,2,2,-1
553,94,131.90,387.38,49.91,98.74,0.9215,2,2,-1
553,111,623.84,511.34,29.96,65.00,0.7407,2,-1,-1
553,116,736.67,450.97,45.20,108.95,0.8998,2,2,-1
553,129,50.70,491.61,33.61,69.69,0.8284,2,1,-1
553,162,538.48,486.98,25.09,67.16,0.7705,2,1,-1
554,2,329.23,416.24,53.17,120.51,0.9176,2,2,-1
554,12,389.63,411.10,31.57,115.89,0.8771,2,2,-1
554,13,705.37,492.42,42.50,138.45,0.8860,2,2,-1
554,24,554.98,547.88,22.40,57.67,0.7491,2,2,-1
554,30,561.61,598.04,57.47,158.63,0.9130,2,1,-1
554,33,1484.06,554.95,45.35,42.93,0.6409,2,2,-1
554,36,238.89,398.34,35.71,114.61,0.8144,2,2,-1
554,39,476.17,576.89,79.98,141.75,0.9331,2,2,-1
554,56,563.81,414.43,35.45,112.16,0.8524,2,2,-1
554,94,135.29,386.68,48.98,100.51,0.9168,2,2,-1
554,116,735.07,451.89,46.79,107.29,0.9070,2,2,-1
554,124,55.48,493.71,48.32,114.14,0.8029,3,0,-1
554,150,628.36,535.42,20.98,40.58,0.7579,2,1,-1
554,151,618.29,459.94,41.65,82.40,0.8521,1,3,-1
554,162,536.78,487.19,24.20,65.83,0.8316,2,1,-1
555,2,329.67,415.62,50.76,119.12,0.9213,2,2,-1
555,11,237.24,398.29,37.41,81.29,0.6903,2,2,-1
555,12,390.19,411.69,31.11,115.00,0.8847,2,2,-1
555,16,619.04,456.93,39.31,120.10,0.8936,2,2,-1
555,37,559.42,596.40,56.40,151.40,0.8982,2,1,-1
555,47,257.62,477.46,14.95,41.47,0.6063,2,2,-1
555,54,240.56,477.02,15.38,42.07,0.8460,2,2,-1
555,56,563.77,414.61,34.63,111.14,0.8502,2,2,-1
555,94,139.59,386.62,46.78,99.99,0.9142,2,2,-1
555,116,732.00,451.89,49.37,108.06,0.9145,2,2,-1
555,124,52.30,492.53,55.45,115.85,0.8828,2,-1,-1
555,149,482.72,575.55,81.46,133.44,0.9381,2,2,-1
555,162,535.50,486.80,24.09,66.27,0.8566,2,1,-1
556,2,329.63,415.47,49.29,120.06,0.9148,2,2,-1
556,12,388.76,411.66,32.67,115.25,0.8805,2,2,-1
556,16,617.07,456.58,40.16,117.33,0.8077,2,2,-1
556,37,556.25,594.55,59.31,149.89,0.9081,2,1,-1
556,54,237.64,476.23,15.79,42.81,0.8093,2,2,-1
556,56,562.68,414.99,35.09,113.04,0.8316,2,2,-1
556,83,235.04,398.50,36.09,58.48,0.7260,2,1,-1
556,94,145.66,385.97,43.28,100.93,0.9134,2,2,-1
556,116,729.03,452.57,52.19,107.44,0.9179,2,2,-1
556,124,52.42,492.97,56.49,115.23,0.8591,2,2,-1
556,149,488.22,576.96,81.18,129.36,0.9259,2,2,-1
556,162,533.35,486.60,24.74,65.80,0.8546,2,1,-1
557,2,329.60,415.34,47.00,119.28,0.9098,2,2,-1
557,11,234.05,397.94,36.18,80.23,0.7553,2,2,-1
557,12,391.21,411.36,31.29,115.55,0.8822,2,2,-1
557,13,700.79,492.60,41.64,136.89,0.9137,2,2,-1
557,16,612.43,454.33,45.44,120.01,0.8137,2,2,-1
557,37,558.08,594.58,57.44,147.66,0.8643,2,1,-1
557,54,234.85,476.82,15.28,40.53,0.7939,2,2,-1
557,56,560.54,414.96,35.23,111.17,0.8104,2,2,-1
557,94,148.14,385.03,41.07,101.89,0.9177,2,2,-1
557,124,52.37,492.58,57.28,115.86,0.8731,2,2,-1
557,150,628.43,535.37,18.98,39.82,0.5041,2,1,-1
557,162,532.22,486.28,25.03,66.78,0.8588,2,1,-1
558,2,330.63,414.94,46.14,119.49,0.9180,2,2,-1
558,12,392.87,410.89,30.12,115.48,0.8944,2,2,-1
558,13,695.73,492.22,44.35,137.13,0.9177,2,2,-1
558,16,610.77,453.95,48.56,119.63,0.8066,2,2,-1
558,36,231.60,397.49,38.24,118.93,0.8090,2,2,-1
558,37,540.45,581.33,38.23,95.82,0.6936,2,1,-1
558,56,559.03,417.00,36.33,111.97,0.8795,2,2,-1
558,94,150.98,386.86,39.61,100.69,0.8220,2,2,-1
558,124,53.41,492.13,56.18,116.21,0.9087,2,2,-1
558,150,629.25,534.42,17.66,40.32,0.5996,2,1,-1
558,162,531.12,486.07,25.02,67.17,0.8549,2,1,-1
559,2,331.56,414.62,46.44,119.83,0.9154,2,2,-1
559,12,393.12,411.18,29.85,115.02,0.9007,2,2,-1
559,13,691.78,492.81,46.80,136.19,0.9305,2,2,-1
559,16,608.44,454.03,50.53,119.66,0.7402,2,2,-1
559,30,547.00,584.02,56.60,155.24,0.8940,2,1,-1
559,36,229.32,396.75,38.85,117.83,0.7906,2,2,-1
559,56,558.40,416.83,36.44,111.63,0.8878,2,2,-1
559,94,154.90,388.08,39.14,101.62,0.8847,2,2,-1
559,124,54.29,492.39,54.62,116.94,0.9007,2,2,-1
559,162,532.05,485.30,26.26,67.47,0.6344,2,1,-1
560,2,331.81,414.93,45.68,118.97,0.8961,2,2,-1
560,12,392.88,411.52,30.25,115.67,0.9009,2,2,-1
560,13,690.03,493.36,48.08,135.78,0.9330,2,2,-1
560,16,609.49,454.27,51.13,119.15,0.7914,2,2,-1
560,30,546.79,590.24,50.92,146.39,0.9042,2,1,-1
560,36,227.52,397.25,40.45,118.73,0.7546,2,2,-1
560,56,557.12,413.92,36.48,114.40,0.8813,2,2,-1
560,94,159.08,388.31,40.54,100.29,0.8872,2,2,-1
560,124,54.12,493.05,54.37,116.99,0.9026,2,2,-1
560,162,531.15,493.32,38.67,103.97,0.6352,2,1,-1
561,8,332.43,414.83,44.39,103.67,0.8887,2,2,-1
561,12,392.39,410.46,31.57,117.14,0.8989,2,2,-1
561,13,689.64,492.31,48.35,135.91,0.9318,2,2,-1
561,16,606.80,452.51,52.88,121.16,0.8128,2,2,-1
561,30,580.18,569.93,41.25,114.17,0.8602,2,1,-1
561,56,556.11,413.56,35.98,113.27,0.8436,2,2,-1
561,94,160.25,389.29,46.52,99.90,0.9233,2,2,-1
561,116,715.78,448.91,39.19,85.44,0.7491,2,2,-1
561,124,53.40,494.07,53.50,118.13,0.8958,2,2,-1
561,163,529.80,482.78,34.22,93.69,0.6143,2,2,-1
562,8,333.92,415.60,41.95,83.38,0.8857,2,2,-1
562,11,225.58,397.38,34.93,68.48,0.8003,2,2,-1
562,12,391.96,409.99,32.96,117.03,0.9044,2,2,-1
562,13,689.29,490.91,49.20,137.20,0.9301,2,2,-1
562,16,611.64,453.64,49.09,112.69,0.7670,2,2,-1
562,30,583.48,564.82,46.42,121.12,0.9006,2,1,-1
562,54,230.51,474.93,13.77,34.90,0.5267,2,2,-1
562,56,554.10,413.65,35.88,113.70,0.8687,2,2,-1
562,94,160.72,390.12,48.60,99.71,0.9204,2,2,-1
562,124,54.36,494.90,53.00,119.16,0.8325,2,2,-1
562,149,539.45,588.36,52.28,86.69,0.5592,2,2,-1
562,150,631.34,534.51,16.17,40.62,0.7913,2,1,-1
562,163,527.58,482.27,34.24,94.73,0.5403,2,2,-1
563,2,332.77,415.97,47.94,108.44,0.9036,2,2,-1
563,12,390.16,409.94,36.28,116.99,0.9044,2,2,-1
563,13,688.32,490.85,50.23,136.36,0.9359,2,2,-1
563,16,620.20,451.03,46.72,120.51,0.7962,2,2,-1
563,30,580.70,562.52,58.14,125.83,0.9272,2,1,-1
563,39,530.29,585.48,62.39,150.80,0.9241,2,2,-1
563,43,600.42,410.48,36.66,98.79,0.5593,1,3,-1
563,47,254.93,476.67,16.07,41.03,0.7109,2,2,-1
563,56,553.50,414.24,36.25,111.67,0.8820,2,2,-1
563,71,57.91,501.64,43.87,110.45,0.8157,2,2,-1
563,83,225.15,397.67,35.42,57.51,0.7284,2,1,-1
563,94,161.49,391.43,48.30,98.63,0.9281,2,2,-1
563,162,523.00,481.39,39.20,110.27,0.6737,2,1,-1
564,2,350.18,489.13,20.38,45.12,0.8240,2,2,-1
564,8,333.83,416.55,48.68,82.42,0.8980,2,2,-1
564,12,387.20,409.56,40.83,117.52,0.9019,2,2,-1
564,13,686.42,489.25,48.70,134.70,0.9266,2,2,-1
564,16,622.17,450.83,44.11,121.20,0.7889,2,2,-1
564,30,581.33,564.09,71.20,126.44,0.9368,2,1,-1
564,39,530.08,589.34,59.94,146.08,0.9148,2,2,-1
564,56,552.52,415.30,36.51,110.78,0.8802,2,2,-1
564,71,-4.57,396.81,29.88,107.14,0.7873,2,2,-1
564,84,228.17,398.28,30.18,41.46,0.7195,2,1,-1
564,94,163.72,389.99,47.21,100.13,0.9296,2,2,-1
564,122,1455.67,520.71,45.95,71.85,0.8243,2,1,-1
564,129,67.53,496.26,35.06,64.62,0.7603,2,1,-1
564,153,605.24,446.41,25.03,62.93,0.8264,2,1,-1
564,162,524.13,481.12,28.56,75.05,0.7454,2,1,-1
565,2,350.90,491.34,19.50,42.54,0.8529,2,2,-1
565,8,334.09,416.78,52.57,82.35,0.8889,2,2,-1
565,12,388.13,409.52,41.92,117.73,0.8814,2,2,-1
565,13,683.62,488.19,46.03,134.32,0.9178,2,2,-1
565,16,621.49,451.04,48.70,119.00,0.8240,2,2,-1
565,24,521.51,520.44,32.99,78.89,0.5457,2,2,-1
565,30,591.42,562.49,71.66,129.15,0.9013,2,1,-1
565,39,528.21,587.23,62.43,147.92,0.9274,2,2,-1
565,56,550.64,415.65,37.29,111.72,0.8700,2,2,-1
565,71,-2.74,394.36,24.63,107.52,0.8268,2,2,-1
565,83,225.19,397.25,32.30,54.00,0.6047,2,1,-1
565,84,223.26,437.85,47.84,77.58,0.8462,2,1,-1
565,94,167.95,389.19,45.30,102.60,0.9167,2,2,-1
565,122,1451.12,518.74,37.81,72.65,0.7895,2,1,-1
565,124,55.05,498.12,48.31,116.50,0.8270,2,2,-1
565,153,603.62,447.43,23.74,60.64,0.8496,2,1,-1
565,162,575.62,490.33,14.57,38.94,0.7989,2,1,-1
566,2,350.89,490.92,19.44,42.06,0.8461,2,2,-1
566,8,333.57,416.51,54.69,83.20,0.8512,2,2,-1
566,12,393.25,409.73,39.79,116.83,0.8638,2,2,-1
566,13,680.38,486.11,44.68,136.54,0.9087,2,2,-1
566,16,628.23,449.33,47.31,120.28,0.8824,2,2,-1
566,30,617.80,562.59,58.82,105.81,0.5823,2,1,-1
566,39,526.59,586.62,63.49,147.48,0.9272,2,2,-1
566,56,549.07,417.67,39.63,110.60,0.8898,2,2,-1
566,71,0.72,396.73,25.83,105.15,0.8565,2,2,-1
566,84,223.97,437.84,44.96,78.60,0.8781,2,1,-1
566,94,174.02,390.26,40.92,100.20,0.9118,2,2,-1
566,122,1451.71,519.86,33.24,71.10,0.7487,2,-1,-1
566,124,57.31,504.21,44.75,109.91,0.7832,2,2,-1
566,153,600.27,444.18,25.72,64.50,0.8550,2,1,-1
566,162,577.37,491.24,14.04,37.44,0.6607,2,1,-1
566,163,515.16,480.45,39.46,118.86,0.8760,2,2,-1
566,168,723.41,520.14,14.52,37.19,0.7597,2,-1,-1
567,8,329.10,415.09,68.37,117.09,0.8717,2,2,-1
567,12,395.78,410.42,38.05,115.63,0.8379,2,2,-1
567,13,676.18,485.94,42.28,135.99,0.9011,2,2,-1
567,16,629.01,448.55,49.88,122.09,0.8911,2,2,-1
567,30,631.95,563.77,54.03,127.42,0.8954,2,1,-1
567,39,526.24,585.24,64.05,150.23,0.9210,2,2,-1
567,56,547.70,420.32,40.36,107.63,0.8702,2,2,-1
567,71,1.60,399.55,32.60,102.17,0.9022,2,2,-1
567,84,222.83,438.72,43.35,78.87,0.7632,2,1,-1
567,94,181.10,390.87,38.86,99.00,0.8932,2,2,-1
567,116,699.77,445.32,33.51,83.34,0.7976,2,2,-1
567,122,1455.29,539.80,24.52,51.13,0.8121,2,-1,-1
567,124,57.70,501.37,45.99,112.82,0.8228,2,2,-1
567,151,596.30,437.20,30.40,72.48,0.8196,1,3,-1
567,162,576.97,490.69,14.26,37.78,0.7328,2,1,-1
567,163,511.91,479.96,41.95,120.15,0.8393,2,2,-1
567,168,722.45,520.08,15.51,37.72,0.8361,2,-1,-1
568,8,326.82,413.41,59.61,121.49,0.8683,2,2,-1
568,11,225.27,399.63,27.86,62.04,0.7208,2,2,-1
568,12,396.66,409.77,38.00,117.69,0.8492,2,2,-1
568,13,673.22,485.95,40.83,134.14,0.7919,2,2,-1
568,16,627.08,448.05,44.28,120.53,0.8395,2,2,-1
568,30,641.00,563.04,50.78,128.12,0.8979,2,1,-1
568,39,524.82,583.06,63.17,146.72,0.9205,2,2,-1
568,56,547.68,419.78,43.67,109.44,0.9039,2,2,-1
568,71,2.28,399.48,39.81,102.16,0.9035,2,2,-1
568,84,227.14,456.07,32.41,59.05,0.8089,2,1,-1
568,94,185.99,390.35,37.82,100.01,0.8952,2,2,-1
568,122,1455.36,545.49,23.07,45.26,0.7913,2,-1,-1
568,124,57.43,502.51,46.39,111.71,0.7720,2,2,-1
568,151,594.72,437.08,31.10,71.69,0.8287,1,3,-1
568,163,515.05,481.46,29.41,72.50,0.8017,2,2,-1
568,168,720.51,518.89,17.28,39.51,0.8225,2,-1,-1
569,8,329.68,412.46,52.38,119.11,0.9018,2,2,-1
569,9,696.47,444.76,44.26,112.92,0.8400,3,0,-1
569,12,395.94,409.78,38.56,117.55,0.8532,2,2,-1
569,16,629.23,447.93,44.17,120.08,0.8530,2,2,-1
569,30,646.57,559.60,56.96,131.23,0.9107,2,1,-1
569,36,222.80,402.19,34.20,111.44,0.5674,2,2,-1
569,37,502.37,481.62,52.69,115.23,0.8562,2,1,-1
569,39,520.13,580.98,55.39,146.97,0.8990,2,2,-1
569,43,589.08,403.11,37.35,105.55,0.8952,1,3,-1
569,56,546.83,418.63,45.36,110.66,0.9045,2,2,-1
569,71,7.05,398.39,45.15,104.07,0.9183,2,2,-1
569,94,187.86,390.05,36.89,101.23,0.8364,2,2,-1
569,122,1454.04,543.45,25.05,46.82,0.8036,2,2,-1
569,124,55.67,495.62,50.48,119.31,0.8457,2,2,-1
570,8,331.84,411.22,57.16,118.46,0.9112,2,2,-1
570,9,693.54,443.16,44.63,114.04,0.8499,2,-1,-1
570,12,394.04,409.64,40.74,118.11,0.8653,2,2,-1
570,16,630.75,446.91,46.61,120.13,0.8488,2,2,-1
570,30,655.07,558.63,59.54,132.13,0.8933,2,1,-1
570,36,223.01,402.68,29.67,110.86,0.6567,2,2,-1
570,37,500.28,480.91,57.28,115.03,0.8211,2,1,-1
570,39,519.19,576.94,51.38,151.45,0.9048,2,2,-1
570,43,586.86,399.97,39.12,109.66,0.9113,1,3,-1
570,56,544.76,418.03,46.79,111.16,0.9095,2,2,-1
570,71,10.48,396.23,47.72,107.55,0.9299,2,2,-1
570,94,190.63,392.27,35.81,99.17,0.8695,2,2,-1
570,122,1451.54,541.80,27.48,48.28,0.8215,2,2,-1
570,124,55.50,497.84,51.68,117.24,0.8853,2,2,-1
571,8,332.19,409.56,61.75,117.66,0.8868,2,2,-1
571,9,691.53,443.75,43.12,110.94,0.8369,2,2,-1
571,12,393.14,408.46,42.52,119.31,0.8514,2,2,-1
571,16,627.55,445.60,43.12,122.13,0.8349,2,2,-1
571,30,662.98,549.88,75.03,135.12,0.9161,2,-1,-1
571,37,494.79,480.40,56.83,115.29,0.5460,2,1,-1
571,39,516.79,574.46,49.13,154.08,0.9066,2,2,-1
571,43,583.70,401.28,41.39,108.44,0.9019,1,3,-1
571,54,230.17,468.56,18.76,44.02,0.6790,2,2,-1
571,56,543.44,417.72,47.13,111.40,0.9195,2,2,-1
571,71,15.72,394.57,48.88,110.32,0.9309,2,2,-1
571,94,195.74,390.70,24.56,64.95,0.5633,2,2,-1
571,122,1447.20,525.15,35.83,65.16,0.8244,2,2,-1
571,124,56.86,499.03,50.82,115.77,0.8523,2,2,-1
572,8,331.00,408.09,63.90,117.18,0.8858,2,2,-1
572,12,398.03,407.89,40.36,119.17,0.8487,2,2,-1
572,16,629.92,445.79,43.51,119.80,0.8351,2,2,-1
572,30,670.01,547.04,83.21,132.10,0.9289,2,2,-1
572,37,496.97,479.47,59.80,118.95,0.5299,2,1,-1
572,39,515.15,573.73,48.09,152.94,0.8564,2,2,-1
572,43,580.55,403.23,45.00,105.15,0.9115,1,3,-1
572,56,542.73,415.76,46.64,112.93,0.9173,2,2,-1
572,71,19.73,394.53,52.10,108.85,0.9377,2,2,-1
572,94,204.35,428.31,24.99,61.12,0.7229,2,2,-1
572,116,690.42,445.49,33.51,73.59,0.7815,2,2,-1
572,122,1453.36,540.00,27.52,49.63,0.8180,2,2,-1
572,124,56.11,498.61,50.69,115.68,0.8122,2,2,-1
573,8,325.51,406.71,55.95,117.02,0.8888,2,2,-1
573,12,392.09,405.86,43.39,119.93,0.8333,2,2,-1
573,16,629.56,442.90,43.70,122.78,0.8441,2,2,-1
573,30,679.66,546.29,80.35,129.08,0.9128,2,2,-1
573,39,512.05,572.37,47.87,153.45,0.8784,2,2,-1
573,43,577.39,398.86,47.91,108.32,0.9180,1,3,-1
573,56,541.63,425.26,41.86,101.21,0.9043,2,2,-1
573,71,23.43,394.40,53.73,106.55,0.8940,2,2,-1
573,94,204.09,431.59,25.67,57.62,0.7911,2,2,-1
573,116,685.78,444.26,30.22,72.70,0.8158,2,2,-1
573,122,1451.95,537.07,28.56,51.14,0.6889,2,2,-1
573,124,55.62,497.50,50.90,115.68,0.8389,2,2,-1
574,8,324.04,404.12,50.85,118.05,0.8829,2,2,-1
574,12,397.19,404.55,40.50,118.20,0.8494,2,2,-1
574,16,628.89,441.14,47.58,119.75,0.8709,2,2,-1
574,30,703.62,545.78,77.39,128.72,0.8746,2,2,-1
574,37,482.86,474.13,52.59,120.76,0.8792,2,1,-1
574,39,507.74,572.04,47.93,150.25,0.8703,2,2,-1
574,56,538.91,415.56,40.23,108.94,0.8950,2,2,-1
574,71,42.59,394.21,38.42,71.16,0.9099,2,2,-1
574,83,199.97,384.31,47.54,58.00,0.8358,2,1,-1
574,116,679.43,438.09,30.48,74.38,0.7685,2,2,-1
574,122,1448.98,527.51,32.47,59.03,0.5094,2,2,-1
574,124,49.68,494.34,55.44,117.48,0.8545,2,2,-1
574,151,575.40,423.81,48.49,82.06,0.8853,1,3,-1
575,8,326.54,402.89,55.31,116.01,0.8583,2,2,-1
575,12,381.04,402.52,47.64,118.09,0.8035,2,2,-1
575,13,656.64,475.93,50.37,135.48,0.8909,2,2,-1
575,30,718.60,542.30,72.52,129.62,0.8871,2,2,-1
575,37,479.52,469.82,50.84,122.49,0.7470,2,1,-1
575,39,502.37,570.97,49.14,147.35,0.9205,2,2,-1
575,43,570.09,396.45,51.57,106.99,0.9191,1,3,-1
575,56,533.70,410.86,37.01,111.68,0.8820,2,2,-1
575,71,45.80,394.07,40.27,74.52,0.7054,2,2,-1
575,83,197.55,379.68,52.72,64.81,0.5303,2,1,-1
575,122,1445.26,519.32,35.47,63.98,0.8165,2,2,-1
575,124,43.69,491.51,59.67,119.63,0.8725,2,2,-1
576,8,322.84,401.30,54.23,114.32,0.8391,2,2,-1
576,12,383.28,401.39,49.68,116.96,0.8332,2,2,-1
576,13,657.31,473.37,47.03,132.04,0.8286,2,2,-1
576,16,622.59,436.22,47.45,117.64,0.8733,2,2,-1
576,30,733.57,538.11,61.82,129.05,0.9135,2,2,-1
576,37,476.42,468.38,46.37,119.89,0.7277,2,1,-1
576,39,497.66,568.59,52.73,147.51,0.9402,2,-1,-1
576,43,568.64,393.08,52.39,107.77,0.9209,1,3,-1
576,56,530.70,410.46,32.92,109.28,0.8940,2,2,-1
576,84,200.13,412.99,49.57,90.11,0.6153,2,1,-1
576,124,46.63,492.25,58.74,115.75,0.8417,2,2,-1
577,8,327.44,400.21,55.27,113.12,0.8546,2,2,-1
577,12,378.35,399.63,54.96,115.78,0.8368,2,2,-1
577,16,621.39,434.77,46.55,115.87,0.8696,2,2,-1
577,30,738.70,531.31,58.41,131.11,0.9292,2,2,-1
577,36,204.95,382.10,53.10,121.81,0.8047,2,2,-1
577,37,478.13,472.39,37.79,113.08,0.8168,2,1,-1
577,39,495.50,565.46,55.14,145.95,0.9358,2,1,-1
577,43,568.17,391.76,51.79,107.06,0.9197,1,3,-1
577,56,529.14,409.19,30.50,108.66,0.8928,2,2,-1
577,116,666.77,433.07,29.79,67.86,0.7704,2,2,-1
577,124,55.17,490.34,57.67,112.74,0.8063,2,2,-1
577,169,1671.40,1006.91,57.98,70.74,0.6598,3,-1,-1
578,8,327.45,399.34,50.34,111.79,0.8953,2,2,-1
578,12,400.66,399.48,40.55,112.88,0.8913,2,2,-1
578,13,649.42,466.22,45.55,129.91,0.8717,2,2,-1
578,16,619.80,433.76,42.08,112.03,0.8557,2,2,-1
578,30,741.98,525.93,60.26,131.92,0.9293,2,2,-1
578,36,227.93,383.51,42.14,116.43,0.8504,2,2,-1
578,37,475.09,465.26,34.26,114.87,0.8632,2,1,-1
578,39,493.55,561.84,57.21,143.61,0.9381,2,1,-1
578,43,568.01,396.67,49.49,99.60,0.9112,1,3,-1
578,44,90.83,393.29,39.69,75.07,0.7964,2,2,-1
578,56,527.63,407.73,30.84,107.63,0.9100,2,2,-1
578,124,61.01,491.18,58.85,111.98,0.8681,2,2,-1
578,169,1649.33,996.14,67.28,82.01,0.6435,3,-1,-1
579,2,362.49,471.96,16.77,37.57,0.5018,2,2,-1
579,8,333.03,399.70,55.62,109.44,0.8718,2,2,-1
579,12,402.08,399.20,38.01,111.08,0.8407,2,2,-1
579,13,647.35,464.04,42.50,127.38,0.8699,2,2,-1
579,16,618.91,431.42,39.05,112.39,0.8687,2,2,-1
579,24,474.57,495.88,31.44,75.90,0.7957,2,2,-1
579,30,743.88,521.45,63.92,128.74,0.9295,2,2,-1
579,36,233.45,382.00,40.35,115.22,0.8568,2,2,-1
579,39,490.97,558.69,58.97,142.55,0.9255,2,1,-1
579,43,565.25,387.40,49.14,106.01,0.9170,1,3,-1
579,44,92.80,391.63,48.66,98.39,0.7222,2,2,-1
579,56,524.08,406.35,32.58,107.20,0.8987,2,2,-1
579,124,67.77,487.11,59.01,113.12,0.8315,2,2,-1
579,169,1637.85,984.80,68.59,94.64,0.7367,3,-1,-1
580,8,332.92,399.11,57.89,107.60,0.8801,2,2,-1
580,11,212.36,387.79,28.57,71.15,0.5108,2,2,-1
580,12,405.14,399.04,34.54,107.73,0.8504,2,2,-1
580,13,643.93,474.10,38.08,113.34,0.7521,2,2,-1
580,30,747.51,517.61,69.69,124.39,0.9381,2,2,-1
580,36,245.39,391.56,33.75,97.81,0.7439,2,2,-1
580,39,488.27,553.11,59.06,142.23,0.9294,2,1,-1
580,43,563.35,388.19,46.60,103.44,0.8967,1,3,-1
580,44,102.02,391.40,49.53,102.26,0.8229,2,2,-1
580,56,517.70,405.97,37.06,105.83,0.9018,2,2,-1
580,111,616.65,431.63,35.36,78.93,0.8566,2,-1,-1
580,124,74.73,485.82,56.84,111.54,0.8888,2,2,-1
580,163,466.37,462.66,32.23,62.75,0.7526,2,2,-1
581,8,330.98,397.05,52.58,107.56,0.9117,2,2,-1
581,11,212.01,418.05,42.64,76.65,0.8390,2,2,-1
581,12,392.22,399.61,41.20,106.85,0.8530,2,2,-1
581,13,636.54,461.92,41.76,123.41,0.8485,2,2,-1
581,16,611.29,428.45,35.93,112.40,0.8792,2,2,-1
581,30,750.47,515.41,72.71,119.12,0.9433,2,2,-1
581,36,247.09,382.82,35.68,100.02,0.8839,2,2,-1
581,39,483.08,549.13,58.99,135.97,0.9194,2,1,-1
581,43,559.28,393.42,42.59,96.71,0.8982,1,3,-1
581,44,109.68,392.59,52.47,101.83,0.9260,2,2,-1
581,56,510.57,405.55,41.11,104.69,0.9095,2,2,-1
581,124,80.43,483.63,54.88,111.05,0.8756,2,2,-1
581,149,464.59,461.58,30.56,50.18,0.6580,2,2,-1
582,8,329.19,395.90,50.54,107.46,0.9167,2,2,-1
582,11,212.13,418.04,44.06,76.88,0.7954,2,2,-1
582,12,393.35,399.93,41.22,105.30,0.8739,2,2,-1
582,13,626.28,459.78,44.64,123.18,0.8780,2,2,-1
582,24,451.59,491.64,43.54,72.89,0.8967,2,2,-1
582,30,756.63,514.61,68.75,117.22,0.9238,2,2,-1
582,36,253.08,386.63,34.56,92.95,0.8130,2,2,-1
582,39,477.38,544.65,59.66,134.45,0.9157,2,1,-1
582,44,118.48,394.54,53.37,101.27,0.8805,2,2,-1
582,56,505.67,405.11,42.76,103.59,0.9093,2,2,-1
582,124,84.20,482.74,53.30,109.90,0.8801,2,2,-1
582,153,558.33,414.10,34.86,74.41,0.8707,2,1,-1
583,8,327.25,394.24,48.78,105.71,0.9134,2,2,-1
583,11,209.81,389.91,51.19,102.53,0.8128,2,2,-1
583,12,394.69,400.26,38.82,103.54,0.8821,2,2,-1
583,16,600.86,426.66,33.68,108.05,0.8560,2,2,-1
583,24,443.90,494.54,45.56,69.18,0.8923,2,2,-1
583,30,764.51,514.12,58.94,113.69,0.8706,2,2,-1
583,36,254.65,385.77,39.12,94.37,0.8783,2,2,-1
583,39,471.33,540.62,57.65,131.52,0.9047,2,1,-1
583,43,549.42,389.04,38.13,97.90,0.8815,1,3,-1
583,56,502.06,407.79,42.45,99.40,0.9072,2,2,-1
583,124,89.15,482.74,50.94,107.41,0.9017,2,2,-1
583,149,453.71,460.90,27.74,43.32,0.6644,2,2,-1
584,8,322.94,395.53,49.18,102.98,0.9121,2,2,-1
584,9,609.77,473.83,46.53,101.90,0.7855,2,2,-1
584,11,222.17,450.25,27.96,41.08,0.7892,2,2,-1
584,12,394.32,400.21,36.85,101.62,0.8927,2,2,-1
584,24,434.96,483.95,50.39,80.35,0.9115,2,2,-1
584,30,770.27,511.05,50.37,113.64,0.9183,2,2,-1
584,36,257.15,386.91,41.67,90.70,0.9104,2,2,-1
584,39,466.56,537.10,58.37,130.29,0.9153,2,1,-1
584,56,496.77,407.05,43.47,98.95,0.9168,2,2,-1
584,84,143.26,402.03,55.44,92.76,0.8061,2,1,-1
584,124,94.44,482.43,49.28,104.94,0.7711,2,2,-1
584,153,547.34,415.67,31.64,69.91,0.8347,2,1,-1
585,8,321.39,395.03,47.50,101.60,0.9075,2,2,-1
585,11,223.04,454.30,26.14,35.32,0.7031,2,2,-1
585,12,397.17,399.57,33.10,100.80,0.8973,2,2,-1
585,13,605.18,455.73,44.17,117.45,0.9192,2,2,-1
585,24,431.38,484.99,47.14,76.48,0.8878,2,-1,-1
585,30,769.51,505.96,49.68,113.88,0.9209,2,2,-1
585,36,259.13,388.73,41.57,88.96,0.9176,2,2,-1
585,39,463.79,534.66,54.74,124.79,0.9064,2,1,-1
585,56,492.83,404.89,42.26,99.54,0.9158,2,2,-1
585,94,160.80,402.26,41.26,91.45,0.8736,2,2,-1
585,124,101.80,481.19,45.72,101.82,0.8574,2,2,-1
585,153,543.84,420.05,29.53,64.72,0.8083,2,1,-1
586,8,320.29,394.04,46.91,101.40,0.8884,2,2,-1
586,11,222.88,453.57,26.64,34.70,0.7700,2,2,-1
586,12,397.23,398.98,31.28,100.32,0.8947,2,2,-1
586,13,599.80,458.74,42.79,110.53,0.8952,2,2,-1
586,30,770.18,501.48,48.19,114.13,0.9227,2,2,-1
586,36,261.84,388.75,41.14,88.41,0.9128,2,2,-1
586,37,429.51,456.90,42.06,102.69,0.8875,2,1,-1
586,39,458.47,531.63,54.71,126.35,0.9144,2,1,-1
586,47,214.52,389.33,24.50,55.64,0.8176,2,2,-1
586,56,490.80,406.30,38.78,96.81,0.8990,2,2,-1
586,94,168.91,403.02,41.11,88.00,0.9014,2,2,-1
586,124,105.68,480.64,44.19,100.54,0.8427,2,2,-1
586,153,540.60,417.96,29.56,64.98,0.8495,2,1,-1
587,8,319.79,394.39,45.49,98.91,0.8936,2,2,-1
587,11,221.33,452.70,25.69,33.93,0.5507,2,2,-1
587,12,396.16,399.13,30.49,97.25,0.8925,2,2,-1
587,13,594.56,455.83,44.08,110.08,0.9287,2,2,-1
587,30,773.18,497.43,48.05,110.31,0.9355,2,2,-1
587,36,266.21,389.01,39.23,86.83,0.9113,2,2,-1
587,39,453.68,529.30,53.73,123.50,0.9168,2,1,-1
587,47,214.54,388.69,27.69,61.57,0.7777,2,2,-1
587,56,488.08,404.20,35.60,96.11,0.8897,2,2,-1
587,94,176.86,400.01,40.06,88.14,0.8925,2,2,-1
587,124,111.20,478.79,42.75,99.25,0.8755,2,2,-1
587,153,536.78,418.40,27.67,62.82,0.7964,2,1,-1
587,163,425.98,456.66,31.03,55.73,0.8770,2,2,-1
588,8,318.35,394.58,44.02,97.63,0.8742,2,2,-1
588,12,395.94,399.37,29.78,95.50,0.8926,2,2,-1
588,13,590.80,460.86,42.13,100.75,0.9158,2,2,-1
588,30,775.91,495.42,49.63,103.16,0.9342,2,2,-1
588,36,271.26,388.88,36.70,86.22,0.9044,2,2,-1
588,39,446.55,527.87,55.02,120.82,0.9134,2,1,-1
588,56,485.74,406.98,31.05,91.88,0.8750,2,2,-1
588,94,187.97,396.97,48.13,91.01,0.8743,2,2,-1
588,124,115.77,477.17,42.25,97.65,0.9059,2,2,-1
588,151,532.00,390.07,32.20,52.08,0.8564,1,3,-1
588,163,423.94,455.63,30.14,58.56,0.8724,2,2,-1
589,8,318.73,394.95,44.05,96.01,0.8922,2,2,-1
589,12,396.66,399.61,28.88,94.55,0.8904,2,2,-1
589,13,586.29,453.51,41.21,105.44,0.9204,2,2,-1
589,30,778.58,493.79,50.20,99.92,0.9340,2,2,-1
589,36,279.03,389.10,33.97,86.02,0.8933,2,2,-1
589,37,422.60,453.69,32.17,98.14,0.8629,2,1,-1
589,39,442.84,527.24,54.75,117.83,0.9278,2,1,-1
589,56,483.01,404.78,28.90,92.20,0.8855,2,2,-1
589,94,192.41,399.28,45.82,84.98,0.8316,2,2,-1
589,124,120.62,477.22,42.38,95.94,0.9153,2,2,-1
589,153,532.21,419.45,25.71,59.81,0.8201,2,-1,-1
590,8,320.04,395.12,43.46,94.50,0.8874,2,2,-1
590,12,398.53,399.87,27.43,93.27,0.8872,2,2,-1
590,13,584.20,456.11,36.24,100.24,0.8965,2,2,-1
590,24,418.27,480.70,33.37,69.53,0.7747,3,0,-1
590,30,781.54,493.81,46.24,97.63,0.9277,2,2,-1
590,36,286.66,390.50,31.21,82.93,0.8999,2,2,-1
590,39,444.73,526.85,51.53,114.96,0.9252,2,1,-1
590,43,481.74,428.43,24.23,68.74,0.8633,1,3,-1
590,94,198.77,395.34,49.25,92.28,0.6543,2,2,-1
590,124,126.30,476.75,41.88,95.15,0.9174,2,2,-1
590,153,531.17,418.31,25.37,60.49,0.8265,1,3,-1
591,8,323.98,396.85,41.55,92.82,0.8974,2,2,-1
591,12,400.67,400.94,25.92,90.47,0.8880,2,2,-1
591,13,581.14,454.12,33.87,100.17,0.8869,2,2,-1
591,30,784.73,492.33,44.69,97.11,0.9255,2,2,-1
591,36,293.14,392.17,29.86,81.59,0.8829,2,2,-1
591,37,419.32,469.50,27.80,79.63,0.8170,2,1,-1
591,39,445.49,524.39,49.47,114.56,0.9277,2,1,-1
591,43,480.23,423.70,25.99,72.68,0.8530,1,3,-1
591,94,212.74,391.47,43.50,98.96,0.8975,2,2,-1
591,124,132.95,476.93,42.44,93.32,0.9177,2,2,-1
591,153,529.56,414.44,26.79,63.88,0.8592,1,3,-1
592,8,328.25,398.98,38.96,90.14,0.8968,2,2,-1
592,12,403.01,402.00,25.08,89.13,0.8848,2,2,-1
592,13,578.29,453.67,33.05,98.92,0.8406,2,2,-1
592,30,789.93,490.41,40.56,96.13,0.9218,2,2,-1
592,36,299.62,394.97,26.45,76.89,0.8801,2,2,-1
592,37,415.51,456.21,33.25,92.14,0.8560,2,1,-1
592,39,446.35,522.41,48.15,113.43,0.9290,2,1,-1
592,56,477.21,406.50,30.11,89.99,0.8769,2,2,-1
592,94,219.07,393.66,43.68,96.23,0.8618,2,2,-1
592,124,140.65,477.87,42.04,92.40,0.8971,2,2,-1
592,153,530.96,416.94,25.40,61.26,0.8542,1,3,-1
593,8,331.38,399.35,37.56,88.31,0.8882,2,2,-1
593,12,405.80,403.09,24.42,86.57,0.8899,2,2,-1
593,13,573.89,455.51,37.01,96.56,0.8495,2,2,-1
593,30,793.60,486.87,38.54,98.64,0.9160,2,2,-1
593,36,306.67,396.67,26.35,78.13,0.8757,2,2,-1
593,39,447.81,521.63,47.28,110.07,0.9323,2,1,-1
593,56,475.60,407.80,31.84,88.07,0.8815,2,2,-1
593,94,221.85,395.16,39.00,88.15,0.8449,2,2,-1
593,111,530.08,394.23,27.82,84.59,0.8852,2,-1,-1
593,124,148.18,478.80,42.06,90.24,0.9186,2,2,-1
593,171,1116.16,452.44,40.26,83.71,0.8472,2,-1,-1
594,8,334.37,399.73,36.50,88.29,0.8908,2,2,-1
594,12,408.59,404.46,23.80,84.69,0.8795,2,2,-1
594,13,572.11,456.82,37.87,94.27,0.8247,2,2,-1
594,30,797.12,484.60,37.10,98.63,0.9087,2,2,-1
594,36,313.36,398.36,25.47,76.39,0.8874,2,2,-1
594,39,447.52,519.07,46.88,110.07,0.9252,2,1,-1
594,56,474.39,408.66,34.23,86.84,0.8986,2,2,-1
594,94,223.18,396.41,46.39,94.29,0.9190,2,2,-1
594,124,155.35,480.12,42.06,88.28,0.9202,2,2,-1
594,153,532.67,419.15,25.18,59.63,0.8566,1,3,-1
594,171,1107.04,454.92,37.06,80.75,0.8754,2,-1,-1
595,8,338.19,401.47,34.33,87.28,0.8775,2,2,-1
595,13,571.83,453.03,39.34,97.53,0.8676,2,2,-1
595,24,413.15,470.64,39.88,70.24,0.8934,3,0,-1
595,30,800.62,482.67,37.85,97.48,0.9163,2,2,-1
595,36,272.88,414.05,23.20,61.93,0.8044,2,2,-1
595,39,446.91,517.74,46.34,109.12,0.9228,2,1,-1
595,56,474.74,411.58,35.81,85.07,0.9124,2,2,-1
595,94,229.83,399.25,47.16,91.57,0.9051,2,2,-1
595,111,532.07,394.33,27.82,85.14,0.8623,2,-1,-1
595,124,163.39,480.85,41.86,87.79,0.9209,2,2,-1
595,171,1122.26,454.46,36.66,72.68,0.8646,2,-1,-1
596,8,342.35,404.45,31.96,83.79,0.8671,2,2,-1
596,9,574.05,468.23,35.88,81.33,0.8443,2,2,-1
596,12,415.06,408.32,22.17,73.68,0.8671,2,2,-1
596,24,409.65,468.06,44.82,78.59,0.9017,3,0,-1
596,30,804.62,481.86,40.26,91.84,0.9338,2,2,-1
596,39,447.85,517.37,46.69,108.16,0.9222,2,1,-1
596,56,476.24,413.03,36.03,84.00,0.9094,2,2,-1
596,94,233.43,401.11,48.45,90.78,0.9184,2,-1,-1
596,124,171.62,482.15,41.78,88.09,0.9222,2,2,-1
596,153,534.92,418.12,24.66,60.93,0.8052,1,3,-1
596,171,1081.60,453.96,41.02,80.01,0.8906,2,-1,-1
597,8,345.71,408.83,29.69,78.98,0.8579,2,2,-1
597,12,417.94,409.81,22.03,69.65,0.8721,2,2,-1
597,13,572.90,456.21,38.54,94.27,0.8682,2,2,-1
597,24,409.61,467.62,44.77,80.11,0.9028,3,0,-1
597,30,807.12,481.84,39.18,88.29,0.9358,2,2,-1
597,39,449.91,516.86,45.81,106.96,0.9178,2,1,-1
597,56,477.81,414.33,36.23,82.98,0.9152,2,2,-1
597,94,239.70,402.22,43.09,85.57,0.8984,2,-1,-1
597,124,179.06,483.42,41.06,86.89,0.8859,2,2,-1
597,153,536.57,420.02,24.50,60.83,0.8145,1,3,-1
597,171,1073.06,454.16,41.71,80.13,0.8831,2,-1,-1
598,8,343.95,407.19,32.75,81.64,0.8809,2,2,-1
598,12,421.24,410.97,21.56,65.31,0.8784,2,2,-1
598,13,572.40,456.25,36.87,94.43,0.8839,2,2,-1
598,16,538.43,400.02,26.33,80.33,0.8675,2,2,-1
598,30,809.28,482.81,38.71,86.24,0.9274,2,2,-1
598,39,450.43,517.23,46.24,105.23,0.9029,2,1,-1
598,56,480.07,414.35,35.29,82.70,0.9111,2,2,-1
598,94,244.17,403.46,39.85,85.21,0.9284,2,1,-1
598,124,185.86,483.41,41.46,86.54,0.9267,2,2,-1
598,171,1062.54,453.51,43.03,80.10,0.9011,2,-1,-1
599,8,352.31,409.36,31.52,80.48,0.8724,2,2,-1
599,12,424.44,412.59,22.52,65.30,0.8873,2,2,-1
599,13,574.91,456.83,34.82,91.43,0.8934,2,2,-1
599,16,541.06,404.06,25.61,77.35,0.8845,2,2,-1
599,30,812.13,483.61,39.43,85.62,0.9091,2,2,-1
599,37,422.01,470.67,31.93,78.50,0.7152,2,1,-1
599,39,453.26,518.21,44.90,103.14,0.8982,2,1,-1
599,56,483.69,415.20,32.16,81.90,0.9062,2,2,-1
599,94,250.06,406.09,37.78,83.78,0.8258,2,1,-1
599,124,193.93,485.54,40.76,84.74,0.8961,2,2,-1
599,171,1054.42,453.86,46.76,79.94,0.8913,2,-1,-1
600,8,358.21,410.05,31.53,80.43,0.8802,2,2,-1
600,12,426.76,414.76,24.49,67.86,0.8846,2,2,-1
600,13,577.23,458.72,32.65,88.06,0.8746,2,2,-1
600,16,543.94,404.66,26.14,78.22,0.8890,2,2,-1
600,30,814.20,484.31,40.12,84.46,0.9117,2,2,-1
600,37,422.45,470.15,32.59,78.30,0.8675,2,1,-1
600,39,455.76,519.32,44.79,100.06,0.9164,2,1,-1
600,56,488.19,416.65,29.35,79.66,0.8971,2,2,-1
600,94,257.23,406.92,32.18,83.12,0.8993,2,1,-1
600,124,201.94,486.69,40.77,83.36,0.8968,2,2,-1
600,129,-0.38,441.39,24.83,87.54,0.8762,2,1,-1
600,171,1045.87,456.11,46.00,77.67,0.8926,2,-1,-1
601,8,362.79,411.58,32.54,79.57,0.8885,2,2,-1
601,12,430.14,416.42,25.41,69.12,0.8552,2,2,-1
601,13,579.75,463.21,31.27,83.46,0.8613,2,2,-1
601,16,546.52,408.67,25.77,74.32,0.8743,2,2,-1
601,30,817.15,482.23,40.29,87.03,0.9004,2,2,-1
601,39,457.94,519.85,45.60,99.40,0.9274,2,1,-1
601,56,493.14,417.05,26.40,79.63,0.8947,2,2,-1
601,94,263.07,408.43,28.66,82.22,0.8995,2,1,-1
601,116,572.51,428.88,27.38,48.58,0.8398,2,2,-1
601,124,208.74,486.91,41.47,82.77,0.9222,2,2,-1
601,129,1.93,441.92,30.39,85.74,0.8983,2,1,-1
601,171,1067.70,453.35,44.15,77.42,0.7467,2,-1,-1
602,2,345.11,433.03,28.80,56.82,0.6438,2,2,-1
602,8,372.73,414.72,30.54,76.85,0.8327,2,2,-1
602,12,433.95,417.59,26.61,73.67,0.8633,2,2,-1
602,13,583.69,462.69,29.89,83.75,0.8716,2,2,-1
602,16,547.89,408.24,28.45,75.13,0.8986,2,2,-1
602,30,820.63,480.04,37.52,87.91,0.9078,2,2,-1
602,39,460.12,520.07,44.97,98.40,0.9293,2,1,-1
602,56,496.41,418.33,25.01,78.76,0.9003,2,2,-1
602,94,267.93,409.07,26.43,81.85,0.8974,2,1,-1
602,116,573.43,430.88,28.69,48.43,0.8312,2,2,-1
602,124,216.84,487.54,41.22,81.40,0.9090,2,2,-1
602,129,10.24,442.30,33.49,85.80,0.9094,2,1,-1
602,171,1066.82,455.69,39.63,73.18,0.8872,2,-1,-1
603,2,355.70,438.11,29.71,63.99,0.6796,2,2,-1
603,8,384.53,414.54,27.60,75.41,0.7947,2,2,-1
603,16,549.50,407.66,30.19,76.02,0.8912,2,2,-1
603,30,825.23,479.04,35.45,87.44,0.9101,2,2,-1
603,37,427.38,463.37,28.01,84.28,0.8743,2,1,-1
603,39,462.56,519.97,43.57,97.11,0.9231,2,1,-1
603,56,499.17,419.07,24.82,77.76,0.8897,2,2,-1
603,94,269.95,410.65,27.30,80.66,0.8900,2,1,-1
603,124,223.74,488.33,40.59,80.85,0.9178,2,2,-1
603,129,18.75,442.33,34.93,85.55,0.9163,2,1,-1
603,151,572.92,431.18,32.76,58.70,0.7474,1,3,-1
603,168,602.89,432.73,27.73,82.71,0.8607,2,-1,-1
603,171,1061.46,456.37,38.81,72.00,0.8888,2,-1,-1
604,2,366.03,444.51,28.46,59.10,0.5703,2,2,-1
604,8,390.64,415.61,26.24,72.03,0.8093,2,2,-1
604,13,584.59,455.55,31.68,89.04,0.8643,2,2,-1
604,16,551.40,409.81,30.62,73.75,0.8956,2,2,-1
604,30,832.08,478.03,37.38,82.99,0.9062,2,2,-1
604,37,425.73,464.51,29.74,83.11,0.8989,2,1,-1
604,39,463.61,519.54,43.65,96.85,0.9226,2,1,-1
604,56,500.26,419.60,25.04,77.23,0.8921,2,2,-1
604,94,270.62,411.73,29.24,79.37,0.8836,2,1,-1
604,124,228.62,488.40,41.43,80.29,0.9149,2,2,-1
604,129,25.90,442.31,34.78,84.96,0.9073,2,1,-1
604,171,1057.80,457.29,36.82,72.87,0.8858,2,-1,-1
604,174,1022.45,462.33,31.09,71.08,0.8938,2,-1,-1
605,2,369.12,415.51,31.61,81.91,0.8538,2,2,-1
605,16,553.77,410.52,31.14,72.06,0.8988,2,2,-1
605,30,834.76,477.89,35.43,78.83,0.9147,2,2,-1
605,37,423.90,465.81,33.28,81.84,0.9049,2,1,-1
605,39,464.50,518.50,42.31,95.39,0.9264,2,1,-1
605,56,500.81,419.38,25.58,78.07,0.8977,2,2,-1
605,94,275.63,412.14,28.54,80.08,0.8963,2,1,-1
605,124,234.06,489.12,40.81,79.67,0.9218,2,2,-1
605,129,32.18,442.13,34.10,84.73,0.9101,2,1,-1
605,168,606.61,435.04,26.85,78.55,0.8690,2,-1,-1
605,171,1050.93,457.97,34.89,71.83,0.8290,2,-1,-1
605,174,1016.58,461.95,33.10,69.93,0.9026,2,-1,-1
606,2,373.14,415.37,31.69,81.67,0.8573,2,2,-1
606,8,400.79,418.73,28.15,68.22,0.8185,2,2,-1
606,12,442.86,420.71,28.70,74.86,0.8913,2,2,-1
606,16,554.83,409.36,30.96,73.70,0.8754,2,2,-1
606,30,837.86,477.19,35.44,76.10,0.9072,2,2,-1
606,39,464.56,516.04,41.61,96.83,0.9213,2,1,-1
606,56,501.07,421.74,25.81,75.47,0.8934,2,2,-1
606,94,275.45,412.66,29.81,78.37,0.8810,2,1,-1
606,124,238.77,489.46,40.71,79.61,0.9008,2,2,-1
606,129,37.14,442.34,35.99,84.32,0.9147,2,1,-1
606,168,607.52,435.95,27.16,78.04,0.8567,2,2,-1
606,171,1046.90,458.59,31.42,71.51,0.8628,2,-1,-1
606,174,1009.33,458.87,36.83,72.65,0.9122,2,-1,-1
606,175,1.77,543.58,21.80,99.96,0.8992,2,-1,-1
607,2,374.41,415.32,28.47,78.33,0.8605,2,2,-1
607,8,405.62,418.38,27.25,66.71,0.7968,2,2,-1
607,12,445.86,420.98,28.60,74.34,0.8921,2,2,-1
607,16,556.33,410.30,30.03,71.00,0.8668,2,2,-1
607,24,416.90,465.22,44.56,81.11,0.9047,3,0,-1
607,30,839.58,476.55,36.02,76.44,0.9094,2,2,-1
607,39,465.40,513.31,37.54,94.95,0.9161,2,1,-1
607,56,499.86,421.72,27.31,75.17,0.8914,2,2,-1
607,94,275.69,413.11,31.82,78.35,0.8864,2,1,-1
607,124,241.57,488.84,39.24,79.71,0.9122,2,2,-1
607,129,41.36,441.99,35.75,84.26,0.9187,2,1,-1
607,168,607.44,435.30,27.82,78.04,0.8772,2,2,-1
607,171,1039.31,457.80,31.73,72.52,0.8846,2,-1,-1
607,174,1001.11,458.53,39.73,71.94,0.9200,2,-1,-1
607,175,1.38,541.78,28.55,99.79,0.9179,2,-1,-1
608,2,376.05,414.96,32.65,78.20,0.8852,2,2,-1
608,8,410.51,419.44,26.46,66.78,0.7054,2,2,-1
608,12,446.51,421.33,29.72,74.20,0.9081,2,2,-1
608,16,557.23,411.93,29.18,69.27,0.8205,2,-1,-1
608,24,415.76,466.29,45.12,79.47,0.9190,3,0,-1
608,30,840.91,475.12,35.56,76.61,0.9130,2,2,-1
608,39,465.32,512.00,35.47,93.95,0.9169,2,1,-1
608,56,497.00,420.73,29.89,76.07,0.8958,2,2,-1
608,94,275.52,413.98,32.76,77.14,0.8939,2,1,-1
608,124,244.28,489.03,39.10,79.36,0.9171,2,2,-1
608,129,45.20,441.82,35.15,83.21,0.9028,2,1,-1
608,168,606.82,435.96,27.92,77.49,0.8906,2,2,-1
608,171,1035.10,457.44,31.11,70.99,0.8922,2,-1,-1
608,174,989.84,457.48,44.72,71.47,0.9212,2,-1,-1
608,175,1.10,540.45,34.34,99.28,0.9256,2,-1,-1
609,2,373.77,413.71,32.13,79.00,0.8883,2,2,-1
609,12,444.34,421.38,30.86,73.45,0.8871,2,2,-1
609,16,557.82,409.52,28.77,69.19,0.7689,1,3,-1
609,24,414.19,467.89,44.44,77.70,0.9205,3,0,-1
609,30,841.75,473.63,34.96,77.53,0.9154,2,2,-1
609,39,463.99,510.99,32.89,94.14,0.9019,2,1,-1
609,56,496.07,421.33,30.21,75.00,0.9005,2,2,-1
609,94,275.98,414.35,34.02,76.60,0.9145,2,1,-1
609,124,245.50,488.96,38.82,78.13,0.9228,2,2,-1
609,129,47.77,442.14,34.46,81.61,0.9075,2,1,-1
609,163,402.30,434.38,25.20,48.97,0.6159,2,2,-1
609,168,605.32,435.04,27.81,77.35,0.8927,2,2,-1
609,171,1027.41,456.86,34.13,72.03,0.8942,2,-1,-1
609,174,983.52,457.69,46.95,71.48,0.9066,2,-1,-1
609,175,3.45,539.24,36.10,100.38,0.9079,2,1,-1
610,2,370.74,413.02,31.04,76.18,0.8843,2,2,-1
610,8,407.92,421.17,25.06,58.74,0.7601,2,2,-1
610,12,441.82,421.76,32.70,73.33,0.8888,2,2,-1
610,13,576.11,455.07,34.29,84.41,0.8826,2,2,-1
610,16,556.62,410.22,27.79,68.51,0.7745,1,3,-1
610,24,412.20,466.77,43.70,78.64,0.8884,3,0,-1
610,30,840.72,470.27,34.56,80.00,0.9162,2,2,-1
610,39,463.03,510.06,30.88,94.06,0.9080,2,1,-1
610,56,494.39,420.18,30.92,75.53,0.9007,2,2,-1
610,94,274.60,414.11,35.22,76.58,0.8962,2,1,-1
610,124,246.29,489.45,37.29,77.25,0.9170,2,2,-1
610,129,49.06,442.00,34.55,81.19,0.9156,2,1,-1
610,168,603.42,434.14,27.46,78.07,0.8884,2,2,-1
610,171,1018.29,457.24,37.05,71.09,0.9018,2,-1,-1
610,174,970.44,457.44,39.39,71.36,0.8540,2,-1,-1
610,175,5.88,538.35,37.89,100.01,0.9142,2,1,-1
611,2,365.33,413.71,31.73,75.38,0.8696,2,2,-1
611,8,410.97,419.01,25.44,58.83,0.8200,2,2,-1
611,12,439.01,422.31,33.25,72.77,0.8915,2,2,-1
611,13,573.50,454.76,34.80,83.50,0.8842,2,2,-1
611,16,554.37,412.79,26.65,66.85,0.7013,1,3,-1
611,30,839.58,470.66,33.43,77.64,0.9144,2,2,-1
611,39,460.04,509.67,29.72,93.40,0.9062,2,1,-1
611,56,492.57,420.27,30.93,75.07,0.9036,2,2,-1
611,94,270.56,414.57,37.11,76.56,0.8992,2,1,-1
611,124,246.42,489.76,34.92,76.41,0.9131,2,2,-1
611,129,50.81,441.93,33.14,80.59,0.9143,2,1,-1
611,168,601.49,434.07,26.72,75.79,0.8916,2,2,-1
611,169,1593.77,754.58,72.07,115.10,0.6109,2,-1,-1
611,171,1009.87,457.69,39.36,69.80,0.8897,2,-1,-1
611,174,963.10,456.64,36.33,71.99,0.8570,2,-1,-1
611,175,8.54,537.97,38.00,98.38,0.9170,2,1,-1
612,2,360.82,414.25,29.79,74.64,0.8871,2,2,-1
612,12,436.14,422.87,33.98,72.11,0.8930,2,2,-1
612,13,571.64,455.04,33.51,81.73,0.8855,2,2,-1
612,16,552.35,410.68,27.09,68.35,0.8172,1,3,-1
612,30,837.76,468.88,33.44,79.01,0.9159,2,2,-1
612,37,408.12,463.81,29.74,78.88,0.8292,2,1,-1
612,39,454.78,509.33,30.99,92.17,0.8966,2,1,-1
612,56,489.91,420.42,30.23,75.01,0.9037,2,2,-1
612,94,268.06,414.70,37.97,76.67,0.8915,2,1,-1
612,124,246.51,489.85,33.94,76.99,0.9053,2,2,-1
612,129,51.47,442.00,32.44,79.99,0.9178,2,1,-1
612,149,414.56,420.57,21.13,41.14,0.7202,2,2,-1
612,168,598.65,433.33,26.38,74.49,0.8931,2,2,-1
612,171,1003.34,461.72,38.49,65.77,0.8961,2,-1,-1
612,174,955.46,457.16,31.04,70.41,0.8984,2,-1,-1
612,175,10.17,537.96,38.44,96.82,0.9121,2,1,-1
613,2,360.84,415.18,26.47,73.61,0.8865,2,2,-1
613,12,434.75,422.75,34.16,73.14,0.8832,2,2,-1
613,13,567.71,452.32,34.81,84.82,0.9075,2,2,-1
613,30,836.91,467.71,33.78,78.19,0.9204,2,2,-1
613,37,405.96,463.02,26.28,78.98,0.8825,2,1,-1
613,39,449.09,509.45,34.16,90.65,0.9106,2,1,-1
613,43,417.85,419.38,22.84,65.45,0.7648,1,3,-1
613,56,488.08,421.23,28.77,72.70,0.9037,2,2,-1
613,94,269.58,414.49,34.19,76.70,0.8931,2,1,-1
613,124,246.29,489.14,31.98,77.15,0.9055,2,2,-1
613,129,54.32,441.75,31.67,79.30,0.9268,2,1,-1
613,153,550.75,414.96,26.55,66.12,0.7203,1,3,-1
613,168,596.41,433.22,27.05,75.58,0.9012,2,2,-1
613,171,996.29,459.09,38.30,68.79,0.8604,2,-1,-1
613,174,947.27,455.93,31.77,71.10,0.9096,2,-1,-1
613,175,13.14,537.84,37.81,97.03,0.9059,2,1,-1
614,2,362.30,415.56,23.85,72.73,0.8941,2,2,-1
614,8,418.89,420.10,23.18,59.29,0.8497,2,2,-1
614,12,435.74,424.09,30.95,68.42,0.8541,2,2,-1
614,13,565.90,451.98,34.22,83.59,0.9084,2,2,-1
614,30,836.49,467.72,34.38,76.79,0.9268,2,2,-1
614,37,403.61,463.48,24.76,79.22,0.8558,2,1,-1
614,39,446.71,509.70,36.57,89.96,0.9139,2,1,-1
614,56,486.78,420.69,27.22,72.46,0.8975,2,2,-1
614,94,270.05,414.62,30.32,76.26,0.8802,2,1,-1
614,124,247.87,488.86,30.44,77.41,0.9040,2,2,-1
614,129,57.61,442.14,30.69,77.95,0.9142,2,1,-1
614,153,550.79,417.29,25.47,63.20,0.6565,1,3,-1
614,168,595.87,432.69,27.61,77.09,0.8982,2,2,-1
614,171,989.41,460.35,36.50,66.78,0.6471,2,-1,-1
614,174,940.31,455.02,34.65,71.27,0.9141,2,-1,-1
614,175,17.84,538.01,37.76,96.76,0.9126,2,1,-1
614,0,42.96,615.99,13.72,14.16,1.0,0,-1,-1
615,2,360.04,416.72,25.46,71.58,0.8800,2,2,-1
615,8,421.07,422.68,23.81,63.05,0.8505,2,2,-1
615,13,565.48,451.60,33.22,84.43,0.9150,2,2,-1
615,30,836.90,467.99,34.34,75.90,0.9246,2,2,-1
615,37,401.72,469.27,23.52,73.18,0.8099,2,1,-1
615,39,444.51,510.83,38.54,88.93,0.9159,2,1,-1
615,56,485.00,422.17,25.87,71.39,0.8965,2,2,-1
615,94,270.86,415.41,26.51,75.20,0.8858,2,1,-1
615,124,249.95,488.52,30.09,77.88,0.9070,2,2,-1
615,129,61.13,442.00,29.65,77.95,0.9032,2,1,-1
615,168,595.96,433.54,27.30,73.87,0.8870,2,2,-1
615,171,985.93,459.48,30.96,67.51,0.8660,2,-1,-1
615,174,934.01,454.07,36.42,72.09,0.9175,2,-1,-1
615,175,22.42,537.71,37.82,95.70,0.9183,2,1,-1
616,2,355.96,417.77,28.95,70.65,0.8917,2,2,-1
616,8,424.13,427.03,23.19,60.20,0.7839,2,2,-1
616,13,566.59,453.29,28.99,82.16,0.8970,2,2,-1
616,30,835.97,466.36,35.25,76.28,0.9268,2,2,-1
616,37,396.55,465.69,27.61,78.46,0.8608,2,1,-1
616,39,443.43,510.74,39.40,89.31,0.9177,2,1,-1
616,47,269.90,415.67,21.25,68.23,0.8541,2,2,-1
616,56,482.31,422.11,24.57,71.18,0.8805,2,2,-1
616,111,551.57,436.79,22.27,69.64,0.7521,2,-1,-1
616,124,250.16,488.99,29.81,77.53,0.9007,2,2,-1
616,129,62.49,441.43,28.99,79.18,0.9035,2,1,-1
616,168,595.50,434.69,27.18,73.25,0.8863,2,2,-1
616,171,981.52,460.02,28.19,67.06,0.8635,2,-1,-1
616,174,926.67,454.21,39.83,71.16,0.9216,2,-1,-1
616,175,24.76,537.63,36.18,95.74,0.9217,2,1,-1
617,2,352.31,417.52,32.90,71.27,0.9104,2,2,-1
617,8,424.08,425.41,27.91,65.70,0.8486,2,2,-1
617,13,565.43,453.30,27.49,82.55,0.8932,2,2,-1
617,24,387.56,466.32,37.94,77.16,0.8807,3,0,-1
617,30,835.31,465.65,35.51,74.91,0.9320,2,2,-1
617,39,443.10,509.88,39.05,89.66,0.9199,2,1,-1
617,47,268.70,416.55,19.31,63.07,0.7571,2,2,-1
617,56,480.17,422.16,23.39,71.30,0.8811,2,2,-1
617,111,549.39,435.35,22.84,71.31,0.8236,2,2,-1
617,124,250.58,488.93,29.10,76.86,0.8957,2,2,-1
617,129,64.18,441.20,28.24,78.10,0.9037,2,1,-1
617,168,594.70,434.44,27.44,74.14,0.8894,2,2,-1
617,171,976.28,457.94,29.23,69.07,0.8737,2,-1,-1
617,174,918.93,454.67,43.21,71.47,0.9232,2,-1,-1
617,175,27.88,536.60,34.04,95.88,0.9273,2,1,-1
617,181,1846.96,563.01,42.99,94.09,0.7312,1,-1,-1
618,2,347.76,418.78,35.91,70.12,0.9046,2,2,-1
618,8,424.32,423.73,30.50,65.10,0.8611,2,2,-1
618,13,562.90,453.27,27.72,82.72,0.8876,2,2,-1
618,24,381.41,466.57,40.72,76.58,0.8979,3,0,-1
618,30,833.43,466.16,35.77,73.51,0.9266,2,2,-1
618,39,440.14,508.95,39.97,90.68,0.9208,2,1,-1
618,56,476.76,423.24,23.74,70.68,0.8591,2,2,-1
618,94,263.78,416.65,23.02,74.61,0.8491,2,1,-1
618,124,250.13,489.75,28.43,76.53,0.8815,2,2,-1
618,129,64.35,441.61,28.07,77.41,0.9014,2,1,-1
618,150,449.74,445.96,23.23,62.25,0.6399,2,1,-1
618,168,592.76,434.33,27.83,73.96,0.8936,2,2,-1
618,171,971.30,457.46,30.82,70.28,0.8550,2,-1,-1
618,174,911.22,455.74,37.29,71.36,0.8479,2,-1,-1
618,175,29.76,535.96,32.51,97.21,0.9218,2,1,-1
618,181,1844.93,563.13,43.52,94.62,0.5689,1,-1,-1
619,2,343.36,418.63,38.07,71.03,0.9158,2,2,-1
619,8,423.87,423.84,31.75,68.49,0.8530,2,2,-1
619,13,558.04,451.32,29.90,84.69,0.8760,2,2,-1
619,16,543.64,414.72,22.46,52.95,0.5131,1,3,-1
619,24,378.72,467.64,41.34,75.70,0.9040,3,0,-1
619,30,831.97,465.71,36.51,71.32,0.9236,2,2,-1
619,39,437.26,508.56,37.28,88.38,0.9242,2,1,-1
619,56,473.00,422.18,24.10,71.15,0.8668,2,2,-1
619,94,259.83,416.67,23.13,75.68,0.8759,2,1,-1
619,124,247.87,488.74,28.32,78.12,0.9030,2,2,-1
619,129,63.06,441.03,27.48,78.00,0.9135,2,1,-1
619,162,451.35,442.47,21.33,49.60,0.6815,2,1,-1
619,168,590.82,434.67,27.55,72.95,0.8899,2,2,-1
619,171,963.17,456.49,35.43,71.82,0.9079,2,-1,-1
619,174,903.51,456.25,32.11,70.87,0.8428,2,-1,-1
619,175,28.64,535.79,32.24,95.14,0.9245,2,1,-1
620,2,340.25,418.57,38.72,71.15,0.9187,2,2,-1
620,8,424.55,423.46,32.17,72.09,0.8718,2,2,-1
620,13,554.25,452.48,32.59,83.22,0.8846,2,2,-1
620,24,371.80,467.02,45.01,77.27,0.9091,3,0,-1
620,30,829.83,465.15,39.34,70.41,0.9162,2,2,-1
620,39,433.21,507.19,35.52,89.43,0.8950,2,1,-1
620,56,470.84,422.28,24.18,71.88,0.8556,2,2,-1
620,94,256.02,416.69,23.83,74.98,0.8578,2,1,-1
620,124,246.22,489.35,27.94,77.65,0.9014,2,2,-1
620,129,62.72,441.58,26.82,77.58,0.9051,2,1,-1
620,150,453.68,445.14,22.91,64.34,0.8030,2,1,-1
620,168,588.61,434.94,27.61,72.60,0.8960,2,2,-1
620,171,957.62,456.89,37.47,71.68,0.9050,2,-1,-1
620,174,900.89,456.27,26.52,70.24,0.8989,2,-1,-1
620,175,27.92,535.51,31.24,94.13,0.9121,2,1,-1
620,181,1839.12,563.23,44.32,94.61,0.6224,1,-1,-1
621,2,339.94,418.64,37.20,71.11,0.9059,2,2,-1
621,8,424.53,423.17,32.08,72.50,0.8623,2,2,-1
621,13,552.49,453.27,34.07,82.28,0.8937,2,2,-1
621,24,367.86,467.96,46.64,77.74,0.9140,3,0,-1
621,30,830.27,465.79,40.43,69.36,0.9193,2,2,-1
621,39,431.50,506.48,31.84,89.71,0.8934,2,1,-1
621,56,467.89,423.61,24.27,70.60,0.7372,2,2,-1
621,94,251.16,416.84,27.86,75.82,0.8834,2,1,-1
621,124,246.23,490.90,27.34,75.92,0.9028,2,2,-1
621,129,63.81,440.97,28.62,77.90,0.8997,2,1,-1
621,153,539.95,414.00,23.81,55.26,0.5549,1,3,-1
621,168,588.18,435.41,27.28,72.48,0.8919,2,2,-1
621,171,954.67,457.66,36.79,72.01,0.8984,2,-1,-1
621,174,893.53,455.34,28.50,71.01,0.8976,2,-1,-1
621,175,29.14,535.22,31.20,93.93,0.9190,2,1,-1
622,2,339.44,418.62,34.12,71.38,0.8971,2,2,-1
622,9,467.25,424.33,20.34,37.57,0.7490,2,2,-1
622,12,423.63,424.96,28.29,70.95,0.8713,2,2,-1
622,13,551.90,453.89,35.13,81.84,0.9019,2,2,-1
622,24,365.78,467.85,45.27,77.72,0.8885,3,0,-1
622,30,829.80,467.64,41.65,66.81,0.9154,2,2,-1
622,39,430.23,506.58,28.19,89.44,0.9057,2,1,-1
622,94,248.01,417.50,30.89,75.56,0.8781,2,1,-1
622,111,534.52,440.49,24.20,65.77,0.8408,2,2,-1
622,124,246.11,491.49,27.36,75.77,0.8971,2,2,-1
622,129,65.47,441.23,31.68,78.33,0.8865,2,1,-1
622,168,588.07,435.40,26.96,72.80,0.8915,2,2,-1
622,171,951.82,458.96,33.97,71.48,0.8936,2,-1,-1
622,174,887.79,454.91,32.44,72.91,0.8956,2,-1,-1
622,175,30.67,535.04,31.00,95.05,0.9196,2,1,-1
623,2,337.97,418.46,31.75,71.63,0.8802,2,2,-1
623,9,464.76,423.50,23.29,43.73,0.7300,2,2,-1
623,12,421.51,425.38,26.75,70.83,0.8786,2,2,-1
623,13,552.62,454.85,33.66,79.32,0.8882,2,2,-1
623,24,364.42,467.62,42.19,78.89,0.8961,3,0,-1
623,30,830.11,469.52,42.17,65.85,0.9195,2,2,-1
623,39,428.64,506.10,27.75,90.49,0.8945,2,1,-1
623,44,64.75,442.35,38.82,77.55,0.8729,2,2,-1
623,84,460.85,467.50,26.63,46.12,0.7979,2,1,-1
623,94,243.96,418.63,34.82,75.60,0.8937,2,1,-1
623,111,532.93,441.25,24.15,64.91,0.8402,2,2,-1
623,124,246.28,491.57,27.04,76.52,0.8887,2,2,-1
623,168,587.73,436.40,26.65,71.03,0.8901,2,2,-1
623,171,946.66,459.97,29.96,70.68,0.8306,2,-1,-1
623,174,882.24,454.49,35.38,72.58,0.9159,2,-1,-1
623,175,31.63,535.02,30.58,94.13,0.9066,2,1,-1
624,2,336.42,418.87,28.83,71.32,0.8729,2,2,-1
624,12,419.36,425.54,27.79,71.58,0.8697,2,2,-1
624,13,550.50,454.55,35.23,79.53,0.8918,2,2,-1
624,30,830.99,469.32,41.44,66.51,0.9197,2,2,-1
624,37,363.59,467.85,33.08,78.75,0.8674,2,1,-1
624,39,426.67,507.18,27.88,88.87,0.8971,2,1,-1
624,56,467.15,442.51,29.95,71.86,0.8073,2,2,-1
624,94,239.01,418.78,38.98,76.07,0.9006,2,1,-1
624,111,532.25,440.90,24.18,66.45,0.8413,2,2,-1
624,124,246.66,491.73,26.31,76.49,0.8954,2,2,-1
624,129,66.84,444.68,31.89,75.41,0.8600,2,1,-1
624,168,586.45,436.16,26.61,70.98,0.8851,2,2,-1
624,171,945.17,460.23,27.38,70.56,0.8697,2,-1,-1
624,174,876.99,455.00,37.40,70.22,0.9164,2,-1,-1
624,175,32.70,535.19,31.90,94.06,0.9093,2,1,-1
625,2,334.33,419.83,25.67,71.39,0.8625,2,2,-1
625,8,440.17,424.12,26.36,68.00,0.7353,2,2,-1
625,12,418.39,425.80,27.61,72.16,0.8788,2,2,-1
625,13,548.06,454.22,36.50,79.48,0.8876,2,2,-1
625,30,831.38,469.29,40.95,66.77,0.9202,2,2,-1
625,37,361.45,469.51,29.78,76.26,0.7605,2,1,-1
625,39,424.31,508.61,29.35,87.63,0.9003,2,1,-1
625,56,477.02,443.44,27.71,69.29,0.7950,2,2,-1
625,94,240.00,420.20,38.35,74.35,0.8894,2,1,-1
625,111,530.53,440.35,23.12,66.18,0.8285,2,2,-1
625,124,246.65,492.11,26.24,77.02,0.8849,2,2,-1
625,129,65.62,442.80,31.49,77.55,0.8727,2,1,-1
625,168,586.04,436.45,26.05,69.49,0.8863,2,2,-1
625,171,941.42,459.75,27.04,71.75,0.8933,2,-1,-1
625,174,869.99,455.60,40.11,69.16,0.9047,2,-1,-1
625,175,33.31,535.31,33.11,94.73,0.9166,2,1,-1
626,2,332.86,420.40,22.75,70.60,0.8662,2,2,-1
626,8,442.30,425.42,28.11,70.83,0.7493,2,2,-1
626,12,417.90,425.93,27.22,72.53,0.8860,2,2,-1
626,13,545.81,453.21,37.49,82.22,0.8911,2,2,-1
626,30,829.79,470.30,41.69,65.18,0.9005,2,2,-1
626,36,363.48,490.77,19.93,57.11,0.7411,2,2,-1
626,39,419.98,508.77,33.28,88.34,0.9082,2,1,-1
626,44,66.39,450.66,32.48,70.61,0.8569,2,2,-1
626,94,238.23,420.89,37.94,74.92,0.9012,2,1,-1
626,111,529.92,439.47,22.43,68.49,0.8364,2,2,-1
626,116,481.60,445.52,27.71,48.71,0.7257,2,2,-1
626,124,246.84,492.30,26.01,77.27,0.8833,2,2,-1
626,168,585.52,436.03,26.08,69.92,0.8931,2,2,-1
626,171,937.86,459.92,28.90,72.69,0.8949,2,-1,-1
626,174,867.04,457.22,38.21,68.84,0.8664,2,-1,-1
626,175,34.69,535.16,35.30,95.76,0.9210,2,1,-1
627,2,331.38,420.38,22.30,71.52,0.8626,2,2,-1
627,12,418.97,425.98,27.02,72.81,0.8960,2,2,-1
627,13,547.12,453.83,35.65,79.14,0.8909,2,2,-1
627,30,828.04,471.31,41.70,62.40,0.8776,2,2,-1
627,37,356.87,468.55,26.37,79.33,0.8778,2,1,-1
627,39,415.97,509.04,37.47,87.51,0.9219,2,1,-1
627,54,240.85,420.38,32.93,75.28,0.8854,2,2,-1
627,56,488.60,447.09,25.85,70.92,0.8157,2,2,-1
627,111,529.52,438.86,22.11,68.49,0.8578,2,2,-1
627,124,248.45,493.09,25.55,75.40,0.8727,2,2,-1
627,129,69.94,442.74,33.49,77.99,0.8686,2,1,-1
627,150,460.26,426.52,25.26,68.33,0.8058,2,1,-1
627,168,585.99,435.81,25.82,70.20,0.8938,2,2,-1
627,171,934.19,459.44,31.84,73.53,0.9100,2,-1,-1
627,174,860.49,457.05,34.15,69.60,0.8343,2,-1,-1
627,175,35.64,535.25,37.61,95.12,0.9205,2,1,-1
628,2,328.76,421.35,23.41,70.04,0.8858,2,2,-1
628,8,445.06,424.33,36.36,70.67,0.8810,2,2,-1
628,12,419.34,426.01,27.34,73.02,0.9007,2,2,-1
628,13,547.69,453.85,33.60,79.29,0.8932,2,2,-1
628,30,823.38,471.45,43.57,58.98,0.8814,2,2,-1
628,37,353.57,469.41,28.09,80.19,0.8936,2,1,-1
628,39,414.73,509.21,38.91,87.64,0.9222,2,1,-1
628,54,241.03,420.50,30.77,74.69,0.8479,2,2,-1
628,84,496.61,449.45,19.81,33.39,0.6545,2,1,-1
628,111,528.27,437.36,22.20,70.47,0.8547,2,2,-1
628,124,249.71,492.90,25.84,75.91,0.8513,2,2,-1
628,129,71.21,443.01,32.47,77.08,0.8824,2,1,-1
628,153,542.43,414.81,24.51,55.69,0.8263,1,3,-1
628,168,586.34,435.52,25.89,71.11,0.8920,2,2,-1
628,171,928.50,458.51,36.77,74.59,0.9161,2,-1,-1
628,175,37.75,535.25,37.81,93.27,0.9232,2,1,-1
629,2,326.48,420.38,25.54,71.09,0.8866,2,2,-1
629,8,445.61,423.44,37.18,70.66,0.8976,2,2,-1
629,12,418.28,426.08,29.00,73.62,0.9079,2,2,-1
629,13,548.61,454.01,30.16,78.69,0.8938,2,2,-1
629,24,346.12,470.45,37.43,78.64,0.9044,3,0,-1
629,30,818.02,469.35,43.96,60.64,0.8904,2,2,-1
629,39,412.99,509.06,40.26,87.95,0.9260,2,1,-1
629,47,243.49,420.77,23.59,65.26,0.8098,2,2,-1
629,56,500.64,447.09,23.36,68.19,0.8296,2,2,-1
629,111,527.46,438.66,21.80,69.37,0.8557,2,2,-1
629,124,250.50,492.91,26.37,75.97,0.8469,2,2,-1
629,129,74.12,442.61,34.69,77.14,0.8817,2,1,-1
629,168,586.22,435.69,25.77,70.25,0.8926,2,2,-1
629,171,923.15,458.73,40.47,74.37,0.9160,2,-1,-1
629,174,853.29,458.50,27.56,68.76,0.8643,2,-1,-1
629,175,39.26,535.28,37.20,92.48,0.9226,2,1,-1
629,184,1129.85,1042.66,44.17,37.35,0.7668,2,-1,-1
630,2,320.32,418.39,31.17,73.31,0.9022,2,2,-1
630,8,447.40,424.15,35.29,70.33,0.8825,2,2,-1
630,12,417.02,425.93,30.39,73.32,0.9041,2,2,-1
630,13,548.44,453.49,28.18,79.53,0.8932,2,2,-1
630,24,341.88,470.98,40.43,77.15,0.9055,3,0,-1
630,30,815.59,466.75,44.49,62.65,0.8777,2,2,-1
630,39,410.35,507.68,41.08,88.30,0.9073,2,1,-1
630,56,503.40,443.75,24.32,72.70,0.7178,2,2,-1
630,71,243.25,421.72,19.50,42.77,0.6498,2,2,-1
630,83,240.52,464.13,23.94,32.01,0.7837,2,1,-1
630,111,525.56,438.16,22.79,69.65,0.8517,2,2,-1
630,124,250.65,493.05,27.53,75.57,0.8832,2,2,-1
630,129,75.42,441.13,38.71,78.94,0.9087,2,1,-1
630,168,585.80,435.01,26.09,70.21,0.8913,2,2,-1
630,171,920.57,458.97,40.20,74.77,0.8906,2,-1,-1
630,175,40.15,534.64,37.34,93.60,0.9271,2,1,-1
630,184,1131.02,1042.00,44.59,38.00,0.7764,2,-1,-1
631,2,315.94,420.16,35.20,71.06,0.9023,2,2,-1
631,8,452.39,423.69,33.16,68.93,0.8869,2,2,-1
631,12,416.29,425.55,31.74,73.04,0.9063,2,2,-1
631,13,548.67,452.51,26.89,79.01,0.8855,2,2,-1
631,24,337.51,470.77,44.63,77.13,0.9066,3,0,-1
631,30,814.51,466.73,44.36,62.33,0.8908,2,2,-1
631,39,410.37,505.72,39.82,89.37,0.8911,2,1,-1
631,54,237.77,419.74,24.83,73.87,0.8769,2,2,-1
631,56,506.47,449.85,24.35,67.51,0.8397,2,2,-1
631,111,526.42,437.90,22.77,69.70,0.8185,2,2,-1
631,124,250.54,493.86,28.21,73.95,0.9000,2,2,-1
631,129,76.81,440.49,37.01,78.08,0.9047,2,1,-1
631,168,585.47,434.35,26.16,70.53,0.8851,2,2,-1
631,171,917.21,461.62,36.12,70.78,0.8777,2,-1,-1
631,175,42.15,533.08,36.63,94.37,0.9220,2,1,-1
631,184,1130.57,1040.92,45.70,39.08,0.6223,2,-1,-1
632,2,313.75,420.29,35.21,71.19,0.8813,2,2,-1
632,12,415.42,424.95,33.12,73.25,0.9072,2,2,-1
632,13,548.11,450.19,26.84,82.28,0.8854,2,2,-1
632,24,336.34,470.58,46.00,77.22,0.9139,3,0,-1
632,39,409.34,504.00,37.43,87.63,0.8903,2,1,-1
632,54,236.03,419.55,23.94,75.34,0.8699,2,2,-1
632,124,251.13,492.87,29.54,74.81,0.9169,2,2,-1
632,129,78.33,439.98,32.10,77.66,0.8937,2,1,-1
632,150,453.67,423.56,22.63,70.87,0.8091,2,1,-1
632,151,514.50,438.14,36.00,71.57,0.8276,1,3,-1
632,168,585.32,432.20,26.46,72.36,0.8886,2,2,-1
632,171,915.84,463.12,31.84,69.36,0.8726,2,-1,-1
632,174,841.95,451.58,30.75,73.41,0.8884,2,-1,-1
632,175,44.38,532.23,36.51,94.07,0.9156,2,1,-1
632,184,1130.06,1040.55,46.26,39.46,0.6621,2,-1,-1
633,2,312.88,420.03,36.09,71.18,0.8881,2,2,-1
633,12,414.29,424.13,34.17,73.08,0.9031,2,2,-1
633,13,547.55,449.30,26.76,80.96,0.8881,2,2,-1
633,24,335.12,470.10,45.56,76.46,0.9043,2,-1,-1
633,39,409.62,502.66,33.55,87.16,0.8750,2,1,-1
633,54,234.30,418.50,24.22,76.58,0.8743,2,2,-1
633,124,251.28,491.57,30.68,75.25,0.9165,2,2,-1
633,129,81.48,439.03,29.41,76.46,0.9044,2,1,-1
633,151,513.60,437.54,37.35,73.10,0.8463,1,3,-1
633,162,469.07,424.79,19.19,66.43,0.8303,2,1,-1
633,168,585.29,432.03,26.11,70.93,0.8918,2,2,-1
633,171,912.89,462.03,29.69,69.41,0.9005,2,-1,-1
633,174,838.05,450.84,32.19,68.92,0.8855,2,-1,-1
633,175,45.45,530.61,35.85,93.86,0.9234,2,1,-1
633,184,1129.06,1039.71,47.41,40.21,0.5201,2,-1,-1
634,2,311.46,418.20,34.22,71.56,0.8826,2,2,-1
634,12,414.70,423.90,34.14,71.66,0.8867,2,2,-1
634,13,545.27,448.97,27.83,79.48,0.8809,2,2,-1
634,24,332.67,468.50,44.91,77.30,0.8878,2,1,-1
634,39,408.45,500.06,30.95,88.59,0.8965,2,1,-1
634,54,229.47,417.06,27.18,76.12,0.8972,2,2,-1
634,111,518.59,436.53,26.64,68.29,0.8454,2,2,-1
634,124,251.64,490.20,30.90,74.35,0.9080,2,2,-1
634,129,83.62,437.21,27.53,76.90,0.9006,2,1,-1
634,150,449.16,420.47,25.76,71.52,0.8604,2,1,-1
634,162,471.14,423.53,18.68,64.16,0.8108,2,1,-1
634,168,585.52,429.43,26.21,72.00,0.8998,2,2,-1
634,171,908.15,461.75,28.02,68.80,0.8743,2,-1,-1
634,174,835.24,450.01,30.51,61.43,0.8737,2,-1,-1
634,175,46.41,528.00,35.64,93.17,0.9226,2,1,-1
635,2,311.79,417.28,30.34,71.31,0.8854,2,2,-1
635,12,411.90,421.11,36.53,72.88,0.8851,2,2,-1
635,13,543.57,445.56,29.37,81.27,0.8849,2,2,-1
635,24,340.84,505.06,24.82,39.06,0.6254,2,1,-1
635,30,800.47,453.82,49.03,66.57,0.8795,2,2,-1
635,39,408.70,497.61,28.51,88.70,0.9021,2,1,-1
635,54,226.47,416.69,30.47,76.47,0.9005,2,2,-1
635,111,517.85,433.00,29.51,70.45,0.8702,2,2,-1
635,124,252.19,488.49,31.23,75.77,0.9098,2,2,-1
635,129,87.43,435.53,26.84,76.60,0.9023,2,1,-1
635,150,448.02,417.96,28.03,72.84,0.8651,2,1,-1
635,162,472.44,422.52,19.31,62.75,0.8702,2,1,-1
635,163,336.79,468.13,21.16,44.17,0.7726,2,2,-1
635,168,585.71,427.64,26.18,72.27,0.8925,2,2,-1
635,171,905.17,457.34,29.01,70.90,0.9036,2,-1,-1
635,175,48.00,525.62,35.38,93.14,0.9195,2,1,-1
635,181,1852.69,560.46,42.54,96.75,0.7722,1,3,-1
635,184,1129.10,1036.16,51.17,43.68,0.5096,2,-1,-1
636,2,314.62,415.34,26.45,72.36,0.8870,2,2,-1
636,12,412.73,419.76,36.81,73.53,0.8850,2,2,-1
636,13,543.91,444.45,29.36,81.74,0.8840,2,2,-1
636,37,336.21,466.45,28.11,76.49,0.6350,2,1,-1
636,39,407.88,496.50,28.20,88.38,0.9045,2,1,-1
636,54,225.66,415.33,32.62,77.57,0.8833,2,2,-1
636,111,518.09,431.67,29.10,71.37,0.8844,2,2,-1
636,122,799.24,453.73,34.52,63.95,0.8544,2,2,-1
636,124,254.00,487.32,31.32,75.21,0.9073,2,2,-1
636,129,90.31,434.70,27.21,77.39,0.8933,2,1,-1
636,150,449.29,419.51,28.08,70.08,0.8724,2,1,-1
636,162,475.33,422.20,20.21,61.98,0.8692,2,1,-1
636,168,586.31,427.54,25.78,71.10,0.8957,2,2,-1
636,171,901.71,455.10,31.29,72.72,0.8923,2,-1,-1
636,175,50.66,523.90,35.74,94.03,0.9269,2,1,-1
636,181,1855.08,559.70,41.18,96.87,0.8850,1,3,-1
636,184,1132.70,1035.77,50.13,44.21,0.6722,2,-1,-1
637,2,316.11,420.54,22.57,65.77,0.8445,2,2,-1
637,8,475.73,422.85,26.66,63.31,0.8940,2,2,-1
637,12,415.32,420.25,35.38,72.90,0.8709,2,2,-1
637,13,546.23,444.85,27.64,79.65,0.8850,2,2,-1
637,30,795.94,454.80,41.25,63.05,0.8622,2,2,-1
637,37,333.78,465.03,25.28,76.52,0.8450,2,1,-1
637,39,405.26,496.33,30.45,88.70,0.9103,2,1,-1
637,54,224.10,415.28,35.86,78.30,0.9035,2,2,-1
637,111,518.68,431.33,29.70,71.45,0.9004,2,2,-1
637,124,255.55,486.97,31.88,76.34,0.9036,2,2,-1
637,129,93.83,434.83,26.83,76.29,0.8977,2,1,-1
637,150,449.40,418.57,28.84,70.93,0.8866,2,1,-1
637,168,586.42,425.78,26.24,72.28,0.8981,2,2,-1
637,171,897.29,453.89,35.29,75.18,0.9060,2,-1,-1
637,175,52.51,523.26,35.76,93.88,0.9230,2,1,-1
637,181,1857.95,559.04,40.10,97.39,0.8830,1,3,-1
637,184,1136.52,1035.80,48.19,44.04,0.6391,2,-1,-1
638,2,315.23,414.60,22.46,70.87,0.8855,2,2,-1
638,8,478.70,423.03,27.57,62.83,0.8913,2,2,-1
638,12,418.00,421.56,32.44,70.82,0.8409,2,2,-1
638,13,547.57,444.65,28.34,79.48,0.8840,2,2,-1
638,39,401.42,496.79,33.12,87.06,0.9095,2,1,-1
638,43,332.04,466.21,20.42,59.39,0.8101,1,3,-1
638,94,219.42,415.66,41.56,77.42,0.9057,2,1,-1
638,111,517.22,431.44,30.84,70.73,0.9053,2,2,-1
638,122,794.93,453.56,29.50,64.55,0.8860,2,2,-1
638,124,256.46,486.50,31.62,76.06,0.9090,2,2,-1
638,129,95.70,433.95,31.53,77.33,0.9189,2,1,-1
638,150,448.86,417.94,28.45,71.46,0.8901,2,1,-1
638,168,586.26,425.34,26.53,72.06,0.8928,2,2,-1
638,171,893.25,454.89,37.42,73.90,0.9201,2,-1,-1
638,175,54.31,522.55,36.11,94.25,0.9228,2,1,-1
638,181,1859.81,558.79,38.88,97.48,0.8679,1,3,-1
638,184,1137.55,1035.20,47.72,44.81,0.5961,2,-1,-1
639,2,313.66,413.35,22.57,71.02,0.8898,2,2,-1
639,8,481.08,424.61,28.06,61.69,0.8942,2,2,-1
639,12,417.81,419.68,32.65,71.48,0.8654,2,2,-1
639,13,546.88,442.69,28.91,81.34,0.8734,2,2,-1
639,37,327.60,466.08,25.72,75.26,0.8738,2,1,-1
639,39,398.68,496.36,36.08,87.34,0.9122,2,1,-1
639,94,218.38,415.24,43.11,77.08,0.9136,2,1,-1
639,111,516.53,430.54,31.31,70.58,0.9022,2,2,-1
639,124,257.62,485.53,32.00,75.35,0.9142,2,2,-1
639,129,96.60,433.78,36.14,77.40,0.9191,2,1,-1
639,150,448.38,416.18,27.57,72.13,0.8807,2,1,-1
639,168,586.07,425.10,26.60,70.68,0.8932,2,2,-1
639,171,890.30,456.62,37.98,71.89,0.8973,2,-1,-1
639,174,812.40,445.02,28.24,70.00,0.8709,2,-1,-1
639,175,56.32,522.32,37.40,93.83,0.9226,2,1,-1
639,181,1862.73,558.21,37.69,97.38,0.8468,1,3,-1
640,2,312.92,411.40,23.85,71.18,0.8830,2,2,-1
640,8,483.71,424.01,28.69,61.47,0.8959,2,2,-1
640,12,418.91,418.16,32.85,72.64,0.8671,2,2,-1
640,13,546.33,441.83,28.65,80.30,0.8362,2,2,-1
640,37,325.35,464.93,27.03,77.05,0.6577,2,1,-1
640,39,399.22,495.48,37.74,86.62,0.9114,2,1,-1
640,94,218.42,414.56,44.16,76.75,0.9120,2,1,-1
640,111,516.63,429.15,32.04,71.38,0.8920,2,2,-1
640,124,259.46,484.62,33.07,75.33,0.9275,2,2,-1
640,129,97.93,432.43,36.66,77.16,0.8967,2,1,-1
640,150,449.07,414.59,25.80,71.71,0.8817,2,1,-1
640,153,557.47,406.14,23.09,54.17,0.8881,1,3,-1
640,168,586.22,422.56,28.12,71.89,0.8949,2,2,-1
640,171,889.94,460.59,34.80,67.62,0.8008,2,-1,-1
640,174,810.49,443.24,27.51,70.46,0.8754,2,2,-1
640,175,58.16,521.20,38.59,93.46,0.9232,2,1,-1
640,181,1866.07,558.26,35.62,97.07,0.8660,1,3,-1
641,2,312.63,411.38,23.43,69.32,0.8929,2,2,-1
641,8,487.45,423.03,27.71,60.51,0.8858,2,2,-1
641,12,420.24,417.13,32.62,71.64,0.8456,2,2,-1
641,16,560.07,404.33,23.11,58.98,0.8736,1,3,-1
641,37,317.63,464.96,37.70,76.35,0.8896,2,1,-1
641,39,399.87,494.22,38.92,87.18,0.9181,2,1,-1
641,94,217.85,413.44,44.61,76.66,0.9093,2,1,-1
641,111,517.75,428.26,31.91,70.73,0.8757,2,2,-1
641,124,262.44,483.47,33.85,74.95,0.9178,2,2,-1
641,129,101.37,431.27,37.61,75.67,0.9175,2,1,-1
641,150,450.08,413.64,24.01,71.82,0.8650,2,1,-1
641,168,589.39,421.29,27.15,72.72,0.8798,2,2,-1
641,171,887.95,456.62,32.80,69.16,0.8363,2,-1,-1
641,174,807.44,441.09,29.92,72.47,0.8831,2,2,-1
641,175,60.33,519.90,38.28,93.49,0.9196,2,1,-1
641,181,1869.99,556.75,34.08,96.87,0.8754,1,3,-1
642,2,311.56,410.07,24.42,71.09,0.8976,2,2,-1
642,8,492.06,422.56,26.10,57.78,0.8721,2,2,-1
642,12,421.90,415.67,32.43,71.84,0.8756,2,2,-1
642,13,548.46,438.80,27.82,80.76,0.8400,2,2,-1
642,37,316.02,464.51,41.73,74.90,0.8862,2,1,-1
642,39,400.95,492.11,39.75,87.13,0.9222,2,1,-1
642,94,219.36,412.01,43.75,76.83,0.8991,2,1,-1
642,111,519.04,426.21,32.03,71.42,0.8693,2,2,-1
642,124,264.17,482.33,35.13,76.83,0.9025,2,2,-1
642,129,104.50,430.07,37.30,75.62,0.9177,2,1,-1
642,150,450.47,412.17,23.17,72.97,0.8635,2,-1,-1
642,168,590.36,419.02,27.05,72.46,0.7698,2,2,-1
642,171,884.63,455.84,29.34,69.60,0.8573,2,-1,-1
642,174,805.58,440.98,30.15,67.61,0.8839,2,2,-1
642,175,64.11,519.27,38.60,92.93,0.9262,2,1,-1
642,181,1873.54,555.81,33.47,97.27,0.8231,1,3,-1
642,185,0.92,434.37,14.45,75.81,0.8748,2,-1,-1
643,2,307.73,409.07,28.52,71.16,0.9074,2,2,-1
643,8,496.28,420.42,25.19,58.30,0.8709,2,2,-1
643,12,424.67,413.69,31.12,72.69,0.8787,2,2,-1
643,13,548.80,437.16,27.58,81.27,0.8378,2,2,-1
643,16,564.30,401.47,23.00,59.12,0.8378,1,3,-1
643,30,776.51,442.16,42.65,67.71,0.8431,2,2,-1
643,37,313.00,464.84,45.58,72.64,0.9028,2,1,-1
643,39,401.67,489.79,39.58,87.12,0.9238,2,1,-1
643,94,218.01,410.56,43.09,76.59,0.8919,2,1,-1
643,111,520.80,424.58,31.30,71.31,0.8783,2,2,-1
643,124,266.85,480.48,35.23,77.52,0.8945,2,2,-1
643,129,107.40,428.21,36.26,75.78,0.9175,2,1,-1
643,150,450.76,410.60,22.53,73.79,0.8679,2,2,-1
643,168,587.10,417.97,29.82,74.15,0.7796,2,2,-1
643,171,883.20,455.07,27.80,69.38,0.8792,2,-1,-1
643,175,67.18,517.54,40.90,92.90,0.9231,2,1,-1
643,181,1876.76,554.44,32.35,96.93,0.8365,1,3,-1
643,185,1.06,433.49,16.73,76.26,0.8675,2,-1,-1
644,2,305.79,408.08,32.26,71.74,0.9015,2,2,-1
644,12,427.68,412.50,29.71,72.88,0.8645,2,2,-1
644,13,549.29,437.57,26.69,78.93,0.8878,2,2,-1
644,16,565.61,398.73,23.77,65.16,0.8695,1,3,-1
644,30,774.36,447.02,40.91,60.56,0.8814,2,2,-1
644,37,311.03,463.16,48.65,73.23,0.9157,2,1,-1
644,39,402.47,487.63,37.08,87.29,0.9263,2,1,-1
644,94,219.86,409.22,39.93,75.97,0.8964,2,1,-1
644,111,522.97,421.47,30.48,73.73,0.8725,2,2,-1
644,124,269.74,479.68,34.96,75.67,0.9081,2,2,-1
644,129,112.26,426.25,33.52,75.33,0.9142,2,1,-1
644,150,452.06,408.56,22.11,75.17,0.8659,2,2,-1
644,162,501.96,418.66,22.15,60.95,0.8685,2,1,-1
644,168,594.15,416.54,24.25,53.31,0.7920,2,2,-1
644,171,881.49,452.08,29.09,70.93,0.8934,2,-1,-1
644,175,67.57,515.28,38.66,92.94,0.9188,2,1,-1
644,181,1878.89,553.02,31.83,96.96,0.7341,1,3,-1
644,185,0.76,433.09,19.43,76.49,0.8955,2,-1,-1
645,2,305.72,406.93,34.44,71.73,0.8955,2,2,-1
645,12,429.92,411.93,29.72,73.31,0.8598,2,2,-1
645,13,550.03,435.00,27.15,79.38,0.8881,2,2,-1
645,16,567.70,397.27,23.15,64.46,0.8818,1,3,-1
645,37,311.44,460.52,49.09,75.50,0.9186,2,1,-1
645,39,403.59,485.28,34.49,87.41,0.9111,2,1,-1
645,56,593.91,412.37,29.06,76.89,0.8894,2,2,-1
645,94,220.76,408.03,38.88,76.11,0.8393,2,1,-1
645,111,525.83,421.62,27.74,72.14,0.8600,2,2,-1
645,122,772.59,438.07,36.90,69.24,0.8131,2,2,-1
645,124,272.40,478.37,34.96,75.26,0.9035,2,2,-1
645,129,116.76,424.98,31.65,74.60,0.9044,2,1,-1
645,162,506.18,418.28,22.67,61.39,0.8686,2,1,-1
645,171,879.68,450.70,31.17,70.80,0.9038,2,-1,-1
645,175,72.33,513.02,43.56,93.94,0.9132,2,1,-1
645,181,1881.90,552.44,31.29,96.21,0.6252,1,3,-1
645,185,0.70,431.71,22.31,77.74,0.9070,2,-1,-1
646,12,432.43,410.46,28.51,73.49,0.8626,2,2,-1
646,13,549.97,432.77,28.73,79.86,0.8840,2,2,-1
646,16,569.64,395.64,23.19,66.78,0.8735,1,3,-1
646,37,311.66,457.70,46.64,76.52,0.9056,2,1,-1
646,39,402.95,482.66,31.72,88.27,0.9060,2,1,-1
646,56,594.82,410.71,29.54,77.69,0.8634,2,2,-1
646,94,222.59,406.66,37.08,76.50,0.8701,2,1,-1
646,111,526.84,420.27,25.60,71.20,0.8503,2,2,-1
646,122,766.79,435.99,31.46,69.86,0.8612,2,2,-1
646,124,274.48,476.75,34.67,75.55,0.9021,2,2,-1
646,129,122.27,423.26,28.60,73.68,0.9019,2,1,-1
646,162,508.97,415.67,22.71,64.63,0.8571,2,1,-1
646,171,874.71,449.33,35.79,71.61,0.9095,2,-1,-1
646,175,72.02,511.38,38.12,93.33,0.9253,2,1,-1
646,185,0.66,429.82,24.80,79.12,0.9065,1,3,-1
647,12,433.95,409.96,27.04,72.20,0.8610,2,2,-1
647,13,549.43,431.48,30.86,80.49,0.8801,2,2,-1
647,16,570.85,395.73,22.13,66.83,0.8794,1,3,-1
647,37,311.91,458.39,41.41,74.65,0.8992,2,1,-1
647,39,401.84,480.71,28.92,88.81,0.9103,2,1,-1
647,56,595.06,410.79,28.18,75.77,0.8756,2,2,-1
647,94,222.06,405.92,36.42,76.70,0.8688,2,1,-1
647,111,526.84,419.19,24.81,70.96,0.8479,2,2,-1
647,122,763.35,440.72,26.49,64.04,0.8255,2,2,-1
647,124,275.38,475.53,34.65,76.45,0.9103,2,2,-1
647,129,126.32,422.13,26.71,74.86,0.8956,2,1,-1
647,171,868.74,449.07,40.09,71.64,0.9102,3,0,-1
647,174,787.41,436.59,28.67,66.49,0.8567,2,2,-1
647,175,74.80,509.16,37.09,94.24,0.9255,2,1,-1
647,181,1885.04,550.73,31.06,96.59,0.5278,1,3,-1
647,185,0.50,428.53,26.86,78.80,0.9145,1,3,-1
648,2,306.86,403.48,36.55,73.84,0.8956,2,2,-1
648,12,434.43,408.32,26.43,72.76,0.8529,2,2,-1
648,13,547.74,429.43,32.80,81.47,0.8841,2,2,-1
648,16,571.40,395.64,22.02,67.55,0.8669,1,3,-1
648,39,400.29,479.47,28.24,89.50,0.9109,2,1,-1
648,54,225.30,405.52,32.18,75.12,0.8150,2,2,-1
648,56,595.61,410.41,27.35,75.36,0.8831,2,2,-1
648,122,757.53,435.55,28.19,68.47,0.8749,2,2,-1
648,124,276.35,475.19,34.21,76.23,0.9127,2,2,-1
648,129,129.60,421.84,24.96,74.19,0.8719,2,1,-1
648,162,512.58,413.04,22.47,67.21,0.8290,2,1,-1
648,171,864.71,446.94,42.18,72.60,0.9183,3,0,-1
648,174,782.49,430.21,31.66,71.99,0.8728,2,2,-1
648,175,75.65,506.96,37.77,93.29,0.9249,2,1,-1
648,181,1885.01,550.15,30.75,96.42,0.5757,1,3,-1
648,185,0.25,426.36,27.94,78.89,0.9143,1,3,-1
649,2,306.23,402.53,34.89,71.71,0.8867,2,2,-1
649,13,546.00,429.39,34.08,81.23,0.8890,2,2,-1
649,16,571.44,395.25,22.11,67.48,0.8648,1,3,-1
649,39,397.77,478.87,29.12,89.13,0.9151,2,1,-1
649,56,595.72,411.81,26.43,71.89,0.8800,2,2,-1
649,94,219.57,404.81,36.38,76.79,0.8603,2,1,-1
649,124,276.99,474.42,33.54,76.10,0.9129,2,2,-1
649,129,130.69,421.00,23.67,74.53,0.8827,2,1,-1
649,150,448.99,404.65,24.89,74.06,0.8513,2,2,-1
649,162,514.09,412.56,21.49,66.90,0.8384,2,1,-1
649,171,861.61,447.02,40.95,73.55,0.8599,3,0,-1
649,174,776.76,428.26,31.37,71.64,0.8931,2,2,-1
649,175,76.46,506.07,39.95,93.06,0.9166,2,1,-1
649,185,0.07,425.32,27.91,77.95,0.9154,1,3,-1
650,2,304.76,402.08,31.16,70.80,0.8830,2,2,-1
650,13,542.93,428.93,36.42,81.78,0.9043,2,2,-1
650,16,571.74,394.44,22.43,67.20,0.8728,1,3,-1
650,39,393.92,479.08,31.36,87.83,0.9132,2,1,-1
650,44,75.94,504.92,61.10,92.64,0.9129,2,2,-1
650,56,595.40,410.72,26.84,72.38,0.8894,2,2,-1
650,94,217.13,404.57,38.01,77.18,0.8687,2,1,-1
650,124,277.71,474.18,32.56,75.74,0.9012,2,2,-1
650,129,133.24,420.11,27.55,74.80,0.8960,2,1,-1
650,150,448.08,403.88,25.59,73.62,0.8508,2,2,-1
650,162,515.21,413.40,20.93,66.64,0.7730,2,1,-1
650,171,858.43,450.69,35.03,67.30,0.8560,3,0,-1
650,174,772.63,427.10,33.19,69.04,0.9047,2,2,-1
650,185,0.06,423.58,28.51,78.76,0.9200,1,3,-1
650,186,619.36,437.31,37.68,71.32,0.8963,2,-1,-1
651,2,303.75,401.48,26.76,67.72,0.8778,2,2,-1
651,12,436.57,409.81,24.79,69.51,0.8397,2,2,-1
651,13,543.35,427.71,35.23,80.34,0.9077,2,2,-1
651,16,572.19,393.89,23.15,66.97,0.8778,1,3,-1
651,39,392.28,478.73,33.50,87.16,0.9040,2,1,-1
651,56,595.86,409.07,26.62,72.32,0.8872,2,2,-1
651,94,213.57,403.85,41.78,79.58,0.8839,2,1,-1
651,111,523.61,415.98,22.74,70.77,0.7581,2,2,-1
651,124,278.61,473.46,32.65,76.17,0.8949,2,2,-1
651,129,135.60,419.21,30.33,75.90,0.8701,2,1,-1
651,171,856.11,451.33,31.11,66.27,0.8619,3,0,-1
651,174,770.12,426.23,33.91,66.53,0.8870,2,2,-1
651,175,76.74,503.75,39.68,93.08,0.9110,2,1,-1
651,181,1884.90,548.66,31.12,95.13,0.5740,1,3,-1
651,185,0.18,422.76,29.18,78.30,0.9208,1,3,-1
651,186,625.77,441.22,38.90,68.39,0.8599,2,-1,-1
652,2,303.12,400.85,22.39,64.62,0.8842,2,2,-1
652,13,543.07,426.83,35.98,82.21,0.9064,2,2,-1
652,16,572.72,393.68,23.68,68.33,0.8755,1,3,-1
652,39,389.81,478.82,37.07,86.86,0.9088,2,1,-1
652,43,305.43,451.69,25.33,79.76,0.8392,1,3,-1
652,56,596.39,407.78,26.26,72.72,0.8825,2,2,-1
652,94,213.36,404.75,42.14,77.40,0.8595,2,1,-1
652,111,524.42,417.50,21.76,68.63,0.7559,2,2,-1
652,122,738.15,426.34,36.02,72.76,0.8984,2,2,-1
652,124,279.74,473.31,32.65,77.08,0.8986,2,2,-1
652,129,137.78,419.27,32.11,74.70,0.8634,2,-1,-1
652,150,447.65,402.61,25.54,74.77,0.8276,2,2,-1
652,171,852.60,449.24,29.06,68.80,0.8726,3,0,-1
652,175,78.56,503.19,38.99,92.88,0.9178,2,1,-1
652,181,1884.99,548.92,32.14,95.08,0.6634,1,3,-1
652,185,0.21,421.98,30.38,78.78,0.9227,1,3,-1
652,186,641.79,442.70,33.03,67.71,0.8111,2,-1,-1
653,2,301.84,401.26,21.16,63.00,0.8907,2,2,-1
653,13,542.86,426.66,34.27,78.22,0.9030,2,2,-1
653,16,572.52,393.41,24.10,69.03,0.8732,2,-1,-1
653,39,388.02,478.79,39.06,86.73,0.9157,2,1,-1
653,44,78.87,502.95,57.58,92.68,0.9141,2,2,-1
653,56,596.29,406.78,26.50,73.04,0.8820,2,2,-1
653,94,211.47,405.12,44.19,78.43,0.8978,2,1,-1
653,111,522.89,415.10,22.76,71.32,0.7597,2,2,-1
653,122,730.96,425.90,39.88,72.00,0.8960,2,2,-1
653,124,280.36,473.46,32.46,76.53,0.8959,2,2,-1
653,129,138.48,418.95,34.30,75.38,0.8982,3,0,-1
653,150,447.83,402.95,25.22,74.14,0.8399,2,2,-1
653,171,846.84,448.35,29.81,69.99,0.8851,3,0,-1
653,181,1884.34,549.30,34.08,96.37,0.7196,1,3,-1
653,185,0.14,421.84,31.42,79.78,0.9211,1,3,-1
653,186,653.06,441.20,22.42,55.26,0.8716,2,-1,-1
654,2,297.96,401.28,22.94,65.00,0.8659,2,2,-1
654,13,541.06,425.06,32.50,79.86,0.8867,2,2,-1
654,39,385.93,478.51,38.91,86.94,0.9106,2,1,-1
654,44,79.97,502.78,59.03,92.66,0.9142,2,2,-1
654,56,596.73,406.23,26.31,73.81,0.8748,2,2,-1
654,94,208.79,405.15,46.48,76.43,0.9157,2,1,-1
654,111,522.82,414.28,22.30,71.59,0.7683,2,2,-1
654,122,725.49,427.36,39.76,71.95,0.8801,2,2,-1
654,124,281.13,474.48,32.36,75.31,0.8831,2,2,-1
654,129,140.26,423.09,34.11,70.73,0.8836,3,0,-1
654,150,448.59,403.14,25.16,72.01,0.8390,2,2,-1
654,153,573.23,411.61,20.78,50.58,0.7930,1,3,-1
654,163,309.82,479.47,21.77,50.84,0.5154,2,2,-1
654,171,843.71,445.61,31.78,72.41,0.9053,3,0,-1
654,181,1884.14,548.91,34.45,95.80,0.6503,1,3,-1
654,185,0.16,421.74,31.94,79.40,0.9196,1,3,-1
654,186,656.37,442.28,25.30,66.33,0.8156,2,-1,-1
655,13,539.74,423.38,30.92,79.98,0.8948,2,2,-1
655,39,383.61,477.23,39.34,89.06,0.9065,2,1,-1
655,44,80.69,502.80,60.73,92.14,0.9121,2,2,-1
655,47,291.61,401.08,28.60,71.99,0.8644,2,2,-1
655,56,596.03,405.70,26.44,73.25,0.8830,2,2,-1
655,94,206.50,404.69,48.37,76.69,0.9198,2,1,-1
655,111,522.56,413.09,22.14,71.98,0.8093,2,2,-1
655,122,722.86,428.07,34.82,71.25,0.8731,2,2,-1
655,124,280.82,476.63,31.29,73.29,0.8645,2,2,-1
655,129,140.63,421.55,35.07,72.52,0.9036,3,0,-1
655,150,447.75,403.01,25.48,73.06,0.8209,2,2,-1
655,153,573.10,413.42,20.67,50.04,0.8253,1,3,-1
655,171,838.26,445.13,35.61,73.08,0.9174,3,0,-1
655,174,752.54,427.65,27.47,65.68,0.8748,2,2,-1
655,181,1883.49,548.93,35.07,95.42,0.6904,1,3,-1
655,185,0.12,421.51,32.39,79.58,0.9179,1,3,-1
655,186,660.58,442.64,24.06,64.59,0.8538,2,-1,-1
656,13,538.35,425.97,28.65,78.30,0.8846,2,2,-1
656,39,380.46,476.74,38.43,89.21,0.8989,2,1,-1
656,47,287.50,401.53,31.14,71.56,0.8761,2,2,-1
656,56,595.19,405.60,25.84,74.28,0.8820,2,2,-1
656,94,203.40,405.19,49.29,76.58,0.9080,2,1,-1
656,122,717.30,430.89,29.10,68.56,0.8490,2,2,-1
656,124,280.64,478.29,30.50,71.07,0.8161,2,2,-1
656,129,141.65,424.26,34.92,69.31,0.8854,3,0,-1
656,150,447.57,403.55,24.78,70.97,0.8107,2,2,-1
656,153,572.12,411.72,20.83,50.79,0.8319,1,3,-1
656,162,521.70,414.55,19.95,70.30,0.8097,2,1,-1
656,171,830.66,445.20,39.78,73.17,0.9221,3,0,-1
656,174,747.48,426.46,26.48,67.90,0.8814,2,2,-1
656,175,80.28,502.71,46.48,92.44,0.9092,2,1,-1
656,181,1882.07,548.98,36.00,95.74,0.6827,1,3,-1
656,185,-0.04,421.62,32.05,79.20,0.9215,1,3,-1
656,186,667.86,441.05,21.77,57.57,0.8638,2,1,-1
657,13,535.77,425.45,27.14,79.67,0.8792,2,2,-1
657,16,570.38,396.42,22.94,66.21,0.8826,2,1,-1
657,39,378.85,475.95,34.60,88.79,0.9059,2,1,-1
657,47,286.17,402.39,31.14,71.61,0.8579,2,2,-1
657,56,593.02,406.38,25.51,73.19,0.8871,2,2,-1
657,94,201.09,405.42,48.64,77.53,0.8935,2,1,-1
657,111,519.53,413.17,22.36,73.06,0.7930,2,2,-1
657,122,711.04,429.49,27.73,70.21,0.8793,2,2,-1
657,124,279.82,477.37,32.23,72.43,0.7950,2,2,-1
657,129,140.98,420.96,36.89,72.95,0.8684,3,0,-1
657,150,443.20,403.15,26.53,71.94,0.7912,2,2,-1
657,171,825.66,448.14,41.18,71.05,0.9198,3,0,-1
657,174,742.65,423.89,27.69,70.30,0.8952,2,2,-1
657,175,77.60,503.14,41.93,92.71,0.9032,2,1,-1
657,181,1880.30,549.05,37.06,96.27,0.6736,1,3,-1
657,185,-0.16,421.99,31.36,79.19,0.9215,1,3,-1
657,186,665.98,439.65,29.97,67.95,0.8782,2,1,-1
658,12,435.51,407.08,27.79,73.34,0.7902,2,2,-1
658,13,533.37,425.87,27.03,78.45,0.8680,2,2,-1
658,16,568.43,395.58,23.90,68.04,0.8915,2,1,-1
658,39,379.05,475.11,31.21,86.07,0.9082,2,1,-1
658,44,79.05,503.01,56.93,92.14,0.9083,2,-1,-1
658,47,283.85,402.95,31.96,71.01,0.8659,2,2,-1
658,56,592.20,407.06,25.53,72.88,0.8977,2,2,-1
658,94,197.73,405.46,48.85,77.74,0.8867,2,1,-1
658,111,517.04,413.86,21.67,71.99,0.8201,2,2,-1
658,122,703.67,428.22,30.29,71.23,0.8913,2,2,-1
658,124,278.66,477.81,33.68,73.19,0.7802,2,2,-1
658,129,142.83,419.39,38.59,74.04,0.8269,3,0,-1
658,171,820.88,448.57,40.25,72.59,0.9076,3,0,-1
658,174,737.39,424.33,28.62,67.61,0.8945,2,2,-1
658,181,1878.70,549.22,38.13,96.28,0.7298,1,3,-1
658,185,-0.24,422.49,30.08,78.80,0.9220,1,3,-1
658,186,666.54,438.77,34.15,70.83,0.8982,2,1,-1
659,9,433.17,404.36,35.78,76.26,0.8576,2,2,-1
659,13,531.10,422.91,28.45,81.70,0.8950,2,2,-1
659,16,567.56,394.70,24.84,69.40,0.8810,2,1,-1
659,39,377.59,474.20,29.25,87.09,0.9154,2,1,-1
659,47,277.52,403.21,35.93,71.57,0.8655,2,2,-1
659,56,590.47,407.18,25.89,72.94,0.8990,2,2,-1
659,94,197.17,405.67,47.67,77.47,0.8714,2,1,-1
659,111,515.35,413.17,21.36,73.21,0.8213,2,2,-1
659,122,696.66,426.75,34.08,74.45,0.8690,2,2,-1
659,124,276.45,476.92,33.95,73.76,0.6576,2,2,-1
659,129,143.32,417.23,39.23,74.73,0.8702,3,0,-1
659,171,815.73,450.14,35.81,70.37,0.8704,3,0,-1
659,174,732.44,420.80,30.11,69.69,0.8932,2,2,-1
659,175,78.63,502.74,36.02,92.08,0.9160,2,1,-1
659,181,1877.15,549.31,39.55,95.77,0.8321,1,3,-1
659,185,-0.15,422.47,29.56,79.30,0.9213,1,3,-1
660,9,433.07,403.82,35.33,77.38,0.8774,2,2,-1
660,13,529.79,423.13,29.03,82.11,0.8830,2,2,-1
660,16,567.33,395.99,24.04,68.51,0.8652,2,1,-1
660,30,688.88,436.68,41.27,63.55,0.7848,2,2,-1
660,39,376.33,474.18,27.44,86.70,0.9043,2,1,-1
660,47,274.93,403.70,38.45,71.56,0.8652,2,2,-1
660,56,590.11,408.13,25.27,72.22,0.8975,2,2,-1
660,94,194.46,406.16,47.45,76.21,0.8789,2,1,-1
660,124,275.84,476.37,33.85,74.47,0.8412,2,2,-1
660,129,143.39,418.04,36.44,73.34,0.8568,3,0,-1
660,171,810.56,450.68,30.78,70.48,0.8444,3,0,-1
660,174,726.00,421.85,31.64,68.61,0.8912,2,2,-1
660,175,78.79,502.85,34.92,90.77,0.9139,2,1,-1
660,181,1876.96,549.72,40.11,96.70,0.7401,1,3,-1
660,185,-0.08,422.56,29.19,79.29,0.9219,1,3,-1
661,9,433.71,405.19,34.79,76.86,0.8735,2,2,-1
661,13,528.09,422.96,30.23,81.83,0.8957,2,2,-1
661,39,374.78,474.22,26.80,86.84,0.9092,2,1,-1
661,47,273.98,404.74,38.57,71.13,0.8598,2,2,-1
661,56,589.54,408.41,25.32,72.22,0.8893,2,2,-1
661,94,195.02,406.19,47.50,78.21,0.8291,2,1,-1
661,122,685.71,427.54,36.86,71.67,0.8133,2,2,-1
661,124,275.62,475.60,34.69,75.56,0.9042,2,2,-1
661,129,146.58,417.80,39.73,75.36,0.8717,3,0,-1
661,153,568.03,411.59,22.02,53.53,0.8450,1,3,-1
661,171,807.69,449.85,29.63,71.52,0.8840,3,0,-1
661,174,720.06,422.83,32.18,69.41,0.8707,2,2,-1
661,175,78.80,502.01,34.81,90.16,0.9085,2,1,-1
661,181,1877.03,549.83,40.31,96.85,0.6366,1,3,-1
661,185,-0.01,422.64,29.18,79.44,0.9219,1,3,-1
662,2,280.58,405.00,27.05,70.21,0.8353,2,2,-1
662,9,434.38,406.21,33.77,75.49,0.8662,2,2,-1
662,13,526.11,420.16,32.63,85.29,0.8825,2,2,-1
662,39,371.48,474.26,28.75,87.09,0.9061,2,1,-1
662,54,203.02,406.23,38.54,79.03,0.8315,2,2,-1
662,56,588.44,409.80,25.31,71.03,0.8821,2,2,-1
662,122,677.76,429.31,35.25,71.23,0.8595,2,2,-1
662,124,277.34,475.09,33.72,75.89,0.8936,2,2,-1
662,129,147.51,417.79,41.09,75.43,0.8860,3,0,-1
662,153,568.27,412.32,22.03,52.98,0.8386,1,3,-1
662,171,803.60,447.90,29.93,73.26,0.9004,3,0,-1
662,174,714.34,424.29,31.09,68.12,0.8407,2,2,-1
662,175,78.79,501.51,35.13,90.12,0.9055,2,1,-1
662,181,1878.00,549.80,40.31,97.21,0.5779,1,3,-1
662,185,0.10,422.49,29.44,78.93,0.9187,1,3,-1
663,2,278.96,404.77,26.38,70.21,0.8695,2,2,-1
663,9,434.69,404.56,33.70,76.90,0.8884,2,2,-1
663,13,523.91,417.93,34.37,88.03,0.8881,2,2,-1
663,16,567.79,396.66,23.54,68.63,0.8541,2,1,-1
663,39,367.47,474.69,31.61,85.79,0.9175,2,1,-1
663,54,201.69,406.32,38.59,79.17,0.8661,2,2,-1
663,56,587.57,409.67,25.43,71.41,0.8903,2,2,-1
663,71,267.59,453.42,20.99,47.30,0.6347,2,2,-1
663,122,675.44,428.56,37.30,71.87,0.8871,2,2,-1
663,124,276.62,475.69,33.64,75.47,0.8996,2,2,-1
663,129,148.23,416.89,42.31,76.36,0.9051,3,0,-1
663,171,799.91,447.77,31.61,74.10,0.8942,3,0,-1
663,174,711.20,425.63,28.33,64.02,0.7955,2,2,-1
663,175,80.26,500.76,34.36,90.71,0.9092,2,1,-1
663,181,1878.91,549.92,39.83,96.64,0.7019,1,3,-1
663,185,0.13,421.72,29.46,77.50,0.9181,1,3,-1
664,2,277.32,404.97,25.08,69.95,0.8729,2,2,-1
664,9,436.06,405.87,32.37,75.76,0.8795,2,2,-1
664,37,257.19,454.36,30.51,54.88,0.6280,2,1,-1
664,39,363.97,475.09,34.11,85.43,0.9085,2,1,-1
664,54,202.60,406.47,37.23,78.88,0.8742,2,2,-1
664,56,587.61,409.56,25.21,71.47,0.8818,2,2,-1
664,122,672.72,430.08,35.87,70.47,0.8807,2,2,-1
664,124,277.51,476.18,33.25,74.99,0.8974,2,2,-1
664,129,150.48,416.92,40.92,75.82,0.8924,3,0,-1
664,151,522.76,425.42,34.53,78.92,0.8962,1,3,-1
664,153,568.63,412.52,22.25,52.59,0.8347,1,3,-1
664,171,794.84,447.26,35.76,74.71,0.9096,3,0,-1
664,175,79.78,500.46,34.72,90.82,0.9066,2,1,-1
664,181,1879.86,549.94,39.66,97.10,0.6422,1,3,-1
664,185,0.17,421.07,30.07,76.98,0.9220,1,3,-1
664,186,707.74,444.05,29.39,69.70,0.8098,2,1,-1
665,2,276.49,405.29,24.64,72.57,0.8836,2,2,-1
665,9,437.42,406.12,31.53,75.81,0.8914,2,2,-1
665,39,362.05,475.25,36.33,86.82,0.9087,2,1,-1
665,43,253.72,454.88,29.73,77.33,0.8177,1,3,-1
665,54,202.68,407.27,36.04,78.88,0.8785,2,2,-1
665,56,588.34,408.44,24.74,72.63,0.8813,2,2,-1
665,122,666.78,431.66,32.70,68.96,0.8832,2,2,-1
665,124,277.39,475.96,33.07,75.36,0.8979,2,2,-1
665,129,151.87,417.23,39.45,76.14,0.8918,3,0,-1
665,151,523.56,430.85,31.85,73.14,0.8957,1,3,-1
665,168,568.81,405.80,23.71,59.15,0.8514,2,2,-1
665,171,788.16,447.00,40.43,75.18,0.9196,3,0,-1
665,174,705.55,421.15,26.90,66.59,0.8213,2,2,-1
665,175,80.02,500.51,36.00,91.40,0.8998,2,1,-1
665,181,1881.00,550.15,39.04,96.72,0.6881,1,3,-1
665,185,0.17,420.71,31.06,77.38,0.9234,1,3,-1
666,2,274.51,405.63,24.84,74.26,0.8997,2,2,-1
666,9,438.23,407.24,31.05,74.97,0.8863,2,2,-1
666,16,570.08,401.22,23.49,63.81,0.8642,2,1,-1
666,39,363.07,476.05,35.38,85.79,0.9102,2,1,-1
666,43,248.13,456.52,32.49,76.17,0.8464,1,3,-1
666,44,79.58,501.09,61.87,91.61,0.8998,2,1,-1
666,54,201.70,408.29,35.63,78.63,0.8353,2,2,-1
666,56,588.71,409.48,23.54,71.75,0.8751,2,2,-1
666,122,660.22,431.97,29.55,68.58,0.8893,2,2,-1
666,124,276.52,476.95,33.12,74.90,0.8943,2,2,-1
666,129,153.59,418.28,39.30,76.92,0.8844,3,0,-1
666,162,522.04,425.07,30.38,78.55,0.8872,2,1,-1
666,171,784.09,448.66,41.69,75.27,0.9176,3,0,-1
666,174,702.54,425.33,25.22,63.48,0.8286,2,2,-1
666,181,1881.67,550.72,38.66,97.08,0.6495,1,-1,-1
666,185,0.05,420.76,31.55,78.00,0.9246,1,3,-1
667,2,273.39,406.75,24.89,73.69,0.8944,2,2,-1
667,9,438.50,408.18,31.01,74.97,0.8889,2,2,-1
667,16,570.05,400.51,24.26,65.68,0.8618,2,1,-1
667,39,363.11,476.64,35.56,86.05,0.9166,2,1,-1
667,43,247.58,458.23,32.28,73.40,0.8030,1,3,-1
667,44,78.97,501.65,61.03,91.40,0.8984,2,1,-1
667,54,202.26,409.64,34.69,77.85,0.8505,2,2,-1
667,56,588.76,409.70,22.09,72.13,0.8806,2,2,-1
667,122,654.79,432.28,30.69,69.70,0.9029,2,2,-1
667,124,276.45,477.84,32.57,75.03,0.8844,2,2,-1
667,129,155.38,418.90,37.89,75.62,0.9060,3,0,-1
667,162,519.15,424.59,29.53,80.17,0.8743,2,1,-1
667,171,781.89,452.40,39.21,72.76,0.8693,3,0,-1
667,181,1881.94,551.68,38.33,97.33,0.6492,2,1,-1
667,185,0.29,421.88,31.94,76.72,0.9227,1,3,-1
667,186,717.91,444.80,38.19,71.83,0.8765,2,1,-1
668,2,271.95,408.23,24.84,72.95,0.8786,2,2,-1
668,8,540.88,419.13,23.59,65.30,0.8697,2,2,-1
668,12,438.79,408.29,30.63,76.63,0.8957,2,2,-1
668,39,362.17,477.21,36.24,85.68,0.9155,2,1,-1
668,56,588.63,410.74,20.11,71.94,0.8699,2,2,-1
668,94,192.85,410.07,44.73,78.72,0.8692,2,1,-1
668,122,650.01,432.06,33.00,69.66,0.9086,2,2,-1
668,124,275.83,479.84,31.64,72.88,0.8619,2,2,-1
668,129,156.49,419.75,38.59,75.82,0.9145,3,0,-1
668,153,570.44,413.10,22.02,54.64,0.8566,1,3,-1
668,162,517.54,424.10,28.32,81.09,0.8704,2,1,-1
668,171,777.51,452.70,36.37,71.07,0.7896,3,0,-1
668,174,693.46,421.70,32.92,67.71,0.8989,2,2,-1
668,175,78.18,502.42,39.24,90.93,0.8896,2,1,-1
668,181,1881.91,552.42,38.05,97.24,0.6563,2,1,-1
668,185,0.22,422.73,32.45,77.20,0.9203,1,3,-1
668,186,722.03,450.48,41.27,65.87,0.8891,2,1,-1
669,2,270.34,408.38,25.42,74.05,0.8789,2,2,-1
669,8,541.28,420.38,23.39,65.52,0.8596,2,2,-1
669,12,438.53,408.86,30.61,77.06,0.8861,2,2,-1
669,39,360.69,476.98,35.42,85.10,0.9058,2,1,-1
669,43,240.43,461.06,39.55,78.65,0.8680,1,3,-1
669,44,76.77,502.86,59.51,91.03,0.8947,2,1,-1
669,56,588.19,414.38,18.74,69.72,0.8141,2,2,-1
669,94,192.66,411.82,41.82,78.49,0.8715,2,-1,-1
669,122,642.99,430.80,36.90,72.63,0.9164,2,2,-1
669,124,274.65,479.61,31.80,74.02,0.8523,2,2,-1
669,129,158.07,421.32,36.21,74.53,0.9089,3,0,-1
669,153,570.25,410.80,22.90,57.54,0.8477,1,3,-1
669,162,516.38,425.31,28.37,80.66,0.8570,2,1,-1
669,171,773.03,454.74,32.74,71.51,0.8211,3,0,-1
669,174,689.75,424.44,35.86,65.23,0.8851,2,2,-1
669,181,1881.68,553.33,37.88,96.87,0.5981,2,1,-1
669,185,0.71,423.68,32.54,77.02,0.9159,1,3,-1
670,2,265.23,409.88,27.86,74.80,0.8869,2,2,-1
670,8,539.98,420.85,23.44,67.36,0.8447,2,2,-1
670,9,436.61,411.53,30.90,75.63,0.8846,2,2,-1
670,39,357.91,476.43,33.33,85.96,0.9096,2,1,-1
670,43,238.25,461.28,38.58,79.25,0.8819,1,3,-1
670,44,74.91,503.61,60.22,90.90,0.8918,2,1,-1
670,54,197.44,412.45,34.31,78.78,0.8910,2,2,-1
670,56,585.47,413.35,18.00,70.52,0.8518,2,2,-1
670,122,634.96,430.43,40.28,74.15,0.9153,2,2,-1
670,124,272.11,480.62,31.98,73.70,0.8928,2,2,-1
670,129,157.88,421.91,35.51,74.17,0.9075,3,0,-1
670,162,514.76,425.66,27.29,80.53,0.8555,2,1,-1
670,171,761.06,455.66,33.76,71.70,0.8707,3,0,-1
670,174,684.07,422.66,35.47,68.29,0.8690,2,2,-1
670,181,1880.40,554.43,38.16,96.02,0.6900,2,1,-1
670,185,-0.03,424.65,32.10,77.53,0.9245,1,3,-1
671,2,259.85,411.53,30.25,74.43,0.8802,2,2,-1
671,8,538.42,422.14,23.85,66.63,0.8584,2,2,-1
671,9,434.52,412.38,30.40,74.97,0.8795,2,2,-1
671,39,353.75,475.92,30.83,87.02,0.9053,2,1,-1
671,43,233.01,461.69,39.28,80.56,0.8916,1,3,-1
671,54,192.70,413.18,35.28,78.52,0.8871,2,2,-1
671,56,583.24,419.27,17.47,64.71,0.8424,2,2,-1
671,122,627.38,432.37,42.17,72.39,0.9228,2,2,-1
671,124,269.36,480.54,32.90,75.02,0.8976,2,2,-1
671,129,157.13,422.31,33.46,74.48,0.9136,3,0,-1
671,162,510.21,426.16,27.52,80.50,0.8649,2,1,-1
671,171,756.16,453.71,34.30,73.31,0.8614,3,0,-1
671,174,676.94,424.58,30.97,67.72,0.8550,2,2,-1
671,175,74.46,504.64,37.19,90.78,0.9102,2,1,-1
671,181,1878.86,555.42,38.13,95.58,0.5260,2,1,-1
671,185,-0.05,425.76,31.78,77.20,0.9208,1,3,-1
672,2,256.43,411.09,31.50,74.39,0.8919,2,2,-1
672,8,537.00,423.70,24.61,66.32,0.8707,2,2,-1
672,9,432.07,413.56,30.75,74.35,0.8895,2,2,-1
672,39,350.15,475.36,28.33,86.89,0.9065,2,1,-1
672,43,228.32,461.37,39.44,80.72,0.8778,1,3,-1
672,56,579.45,417.66,18.78,66.39,0.8455,2,2,-1
672,94,188.84,413.76,35.92,73.31,0.8927,3,0,-1
672,122,622.69,434.51,39.94,71.39,0.9049,2,2,-1
672,124,266.37,481.43,33.57,74.62,0.9062,2,2,-1
672,129,156.81,422.44,31.55,74.43,0.9169,3,0,-1
672,162,507.47,425.80,28.11,80.89,0.8731,2,1,-1
672,171,754.10,453.75,33.61,74.26,0.8959,3,0,-1
672,174,672.95,425.06,28.63,66.43,0.8912,2,2,-1
672,175,73.30,504.49,36.97,91.12,0.9022,2,1,-1
672,185,-0.04,426.20,31.25,76.28,0.9191,1,3,-1
673,2,255.09,412.65,32.59,73.91,0.8930,2,2,-1
673,8,536.08,424.04,25.66,66.50,0.8715,2,2,-1
673,9,430.75,412.94,31.20,75.27,0.8850,2,2,-1
673,39,347.63,475.45,27.94,87.36,0.9055,2,1,-1
673,43,226.76,461.21,34.58,81.23,0.8822,1,3,-1
673,54,188.86,414.09,33.65,79.43,0.8969,2,-1,-1
673,56,576.95,413.88,20.62,69.90,0.8437,2,2,-1
673,122,617.23,436.05,35.71,69.57,0.8759,2,2,-1
673,124,264.47,482.15,33.51,74.39,0.9063,2,2,-1
673,129,157.55,422.12,30.45,75.01,0.9143,3,0,-1
673,162,503.76,424.62,30.86,82.39,0.8817,2,1,-1
673,171,748.69,453.58,36.23,76.14,0.8902,3,0,-1
673,174,668.04,424.25,28.83,69.13,0.8612,2,2,-1
673,175,71.41,503.89,36.37,91.45,0.9115,2,1,-1
673,181,1876.50,555.51,38.38,96.78,0.6560,2,1,-1
673,185,-0.07,426.58,31.26,77.09,0.9197,1,3,-1
674,2,253.45,413.70,33.81,74.75,0.9017,2,2,-1
674,8,536.37,426.89,25.79,65.31,0.8498,2,2,-1
674,9,430.14,413.44,31.21,75.79,0.8603,2,2,-1
674,39,345.91,477.14,27.92,86.17,0.8911,2,1,-1
674,43,226.27,462.57,28.34,80.41,0.8969,1,3,-1
674,54,188.57,414.92,33.57,79.33,0.8965,2,-1,-1
674,56,575.54,415.49,21.31,69.07,0.8435,2,2,-1
674,122,613.39,438.16,31.68,67.99,0.8792,2,2,-1
674,124,263.45,483.76,33.76,74.22,0.8854,2,2,-1
674,129,158.31,422.77,29.08,74.80,0.9064,3,0,-1
674,162,500.54,425.70,33.31,81.93,0.8978,2,-1,-1
674,171,743.20,455.90,34.80,73.51,0.8664,3,0,-1
674,174,664.20,423.25,27.79,69.28,0.8793,2,2,-1
674,175,71.86,503.64,37.42,90.11,0.9000,2,1,-1
674,185,0.01,427.65,30.80,76.34,0.9188,1,3,-1
675,2,252.04,414.89,35.34,75.45,0.9052,2,2,-1
675,8,536.84,428.79,25.73,64.31,0.8693,2,2,-1
675,39,344.09,478.34,28.48,85.89,0.8926,2,1,-1
675,43,223.77,463.01,26.32,80.95,0.8944,1,3,-1
675,54,187.39,416.30,33.87,80.63,0.8872,2,-1,-1
675,56,574.20,416.87,22.28,68.28,0.8543,2,2,-1
675,122,607.42,438.44,29.12,67.87,0.8563,2,2,-1
675,124,262.71,486.31,33.38,72.72,0.8537,2,2,-1
675,129,158.98,423.15,27.97,74.07,0.9058,3,0,-1
675,150,430.54,413.35,28.99,76.35,0.8156,2,2,-1
675,162,498.21,424.44,34.19,83.61,0.9086,2,2,-1
675,171,738.09,456.75,37.11,76.08,0.8399,3,0,-1
675,174,662.93,424.47,26.08,67.57,0.8889,2,2,-1
675,175,69.98,503.77,36.57,90.46,0.9214,2,1,-1
675,181,1876.60,558.40,37.80,95.79,0.6958,2,1,-1
675,185,0.10,427.95,31.35,76.89,0.9202,1,3,-1
676,2,251.35,415.82,34.27,75.08,0.9018,2,2,-1
676,8,537.68,427.36,26.56,66.92,0.8739,2,2,-1
676,13,496.23,422.74,33.98,87.96,0.9119,2,2,-1
676,39,340.67,478.82,31.54,85.98,0.8952,2,1,-1
676,43,219.71,463.80,27.78,80.39,0.9108,1,3,-1
676,54,185.14,416.97,33.57,80.78,0.8645,3,0,-1
676,56,570.75,416.26,24.68,69.98,0.8603,2,2,-1
676,122,601.56,436.95,28.79,69.90,0.8980,2,2,-1
676,124,261.97,487.38,33.29,72.37,0.5893,2,2,-1
676,129,159.40,423.64,28.13,75.70,0.8834,3,0,-1
676,150,429.61,414.76,29.38,76.00,0.8657,2,2,-1
676,171,735.52,461.79,35.23,72.22,0.8490,3,0,-1
676,174,659.07,423.64,26.54,67.52,0.8899,2,2,-1
676,175,70.04,503.50,35.38,91.25,0.9168,2,1,-1
676,181,1876.58,558.47,37.68,96.30,0.7282,2,1,-1
676,185,0.17,428.39,31.61,76.88,0.9206,1,3,-1
676,186,763.63,455.43,40.28,72.78,0.8778,2,1,-1
677,2,250.41,416.73,32.30,73.22,0.9093,2,2,-1
677,8,539.10,428.74,26.69,65.56,0.8791,2,2,-1
677,9,427.93,414.61,30.93,77.22,0.8615,2,2,-1
677,39,338.03,479.30,34.44,85.96,0.8997,2,1,-1
677,43,213.23,464.29,33.11,81.16,0.9022,2,-1,-1
677,54,184.01,417.27,33.14,80.19,0.8502,3,0,-1
677,56,570.33,416.69,25.33,69.70,0.8609,2,2,-1
677,122,598.03,440.62,29.35,69.29,0.9093,2,2,-1
677,129,160.18,424.92,26.86,73.90,0.8753,3,0,-1
677,162,495.10,424.11,32.46,85.03,0.8991,2,2,-1
677,171,731.29,464.37,32.74,70.33,0.8684,3,0,-1
677,174,654.17,424.68,27.63,65.81,0.9024,2,2,-1
677,175,68.72,503.94,36.39,91.34,0.9174,2,1,-1
677,181,1876.87,558.83,37.30,96.66,0.7872,2,1,-1
677,185,0.26,428.95,31.34,76.51,0.9196,1,3,-1
677,186,768.19,456.78,41.35,71.76,0.8444,2,1,-1
678,2,248.27,417.00,31.40,73.76,0.9043,2,2,-1
678,8,540.65,430.28,26.10,65.39,0.8792,2,2,-1
678,9,427.39,414.96,30.56,77.26,0.8752,2,2,-1
678,39,335.32,479.82,37.42,85.81,0.8994,2,1,-1
678,43,207.10,465.15,38.92,81.41,0.9191,2,1,-1
678,54,183.78,417.56,32.67,79.66,0.8529,3,0,-1
678,56,570.45,416.49,25.66,70.31,0.7911,2,2,-1
678,111,495.26,423.03,28.08,84.89,0.8966,2,2,-1
678,122,591.30,439.30,33.56,70.40,0.9179,2,2,-1
678,124,259.32,486.64,34.67,74.06,0.8583,2,2,-1
678,129,160.83,426.30,26.20,72.60,0.8754,3,0,-1
678,171,725.34,464.80,29.75,70.23,0.8185,3,0,-1
678,174,648.77,424.05,29.76,66.16,0.9105,2,2,-1
678,175,68.26,504.15,37.01,91.11,0.9154,2,1,-1
678,181,1877.99,559.30,36.40,96.31,0.8456,2,1,-1
678,185,0.75,428.57,31.68,76.02,0.9141,1,3,-1
678,186,775.30,456.61,41.16,73.86,0.7645,2,1,-1
679,2,241.96,416.96,33.80,74.68,0.9001,2,2,-1
679,8,542.74,430.49,25.93,65.40,0.8890,2,2,-1
679,9,427.17,416.28,30.34,76.97,0.8853,2,2,-1
679,16,565.02,412.73,25.33,72.72,0.5732,2,1,-1
679,39,331.81,480.23,40.75,85.33,0.9111,2,1,-1
679,43,203.19,466.10,42.67,80.96,0.9174,2,1,-1
679,54,183.03,418.51,32.36,79.67,0.8549,3,0,-1
679,111,493.78,423.94,27.54,84.58,0.8923,2,2,-1
679,122,582.21,438.65,40.30,71.18,0.9180,2,2,-1
679,124,258.14,486.48,35.33,74.31,0.8756,2,2,-1
679,129,161.31,428.61,26.02,71.92,0.8625,3,0,-1
679,171,721.39,464.32,28.13,71.27,0.8887,3,0,-1
679,174,646.02,425.70,28.56,65.24,0.8788,2,2,-1
679,175,68.18,504.36,37.84,91.47,0.9098,2,1,-1
679,181,1878.19,559.84,35.89,96.05,0.8472,2,1,-1
679,185,1.12,428.12,32.39,76.69,0.9137,1,3,-1
679,186,787.91,458.56,32.62,73.94,0.8601,2,1,-1
680,2,237.46,417.75,35.38,74.41,0.8953,2,2,-1
680,8,543.89,432.02,25.26,65.08,0.8622,2,2,-1
680,39,329.79,480.31,42.00,86.20,0.9035,2,1,-1
680,43,199.61,466.72,46.35,81.57,0.9219,2,1,-1
680,94,184.08,426.08,30.99,70.00,0.8185,3,0,-1
680,111,492.81,424.27,27.35,85.57,0.8945,2,2,-1
680,122,575.00,438.81,44.64,71.72,0.9119,2,2,-1
680,124,257.56,487.23,36.06,73.72,0.8996,2,2,-1
680,129,162.99,430.19,24.83,70.01,0.8514,3,0,-1
680,150,427.33,415.71,29.51,77.35,0.8327,2,2,-1
680,171,716.51,465.93,29.23,70.11,0.8867,3,0,-1
680,174,641.69,426.02,26.66,65.27,0.8859,2,2,-1
680,175,69.67,505.35,41.03,91.03,0.9064,2,1,-1
680,181,1878.65,560.77,35.50,95.62,0.8498,2,1,-1
680,185,2.21,428.50,31.90,76.06,0.9182,1,3,-1
680,186,796.98,461.28,26.34,67.64,0.8436,2,1,-1
681,2,234.58,418.60,36.85,74.00,0.9036,2,2,-1
681,8,546.01,431.17,26.41,66.57,0.8125,2,2,-1
681,39,329.43,480.23,40.64,87.02,0.8924,2,1,-1
681,43,197.54,468.08,48.02,81.55,0.9309,2,1,-1
681,54,183.54,421.15,30.74,76.22,0.8506,3,0,-1
681,111,491.95,423.99,27.94,85.63,0.9064,2,2,-1
681,122,571.11,441.08,43.75,71.46,0.9004,2,2,-1
681,124,256.69,487.60,37.27,74.97,0.9177,2,2,-1
681,129,165.00,430.18,24.27,71.02,0.8556,3,0,-1
681,150,427.53,415.86,29.98,78.59,0.8679,2,2,-1
681,171,711.86,464.03,33.09,72.47,0.9051,3,0,-1
681,174,638.74,426.32,24.32,66.07,0.8873,2,2,-1
681,175,68.99,506.20,38.52,90.49,0.9139,2,1,-1
681,181,1879.11,561.73,35.55,95.80,0.8283,2,1,-1
681,185,3.80,428.75,31.70,76.15,0.9206,1,3,-1
681,186,803.19,463.68,24.67,67.16,0.8738,2,1,-1
682,2,233.05,419.46,37.85,72.77,0.9045,2,2,-1
682,8,547.16,431.63,26.89,67.68,0.8089,2,2,-1
682,39,329.26,480.01,39.43,86.51,0.8993,2,1,-1
682,43,196.55,468.74,49.25,81.92,0.9250,2,1,-1
682,111,490.11,424.60,29.38,85.04,0.9085,2,2,-1
682,122,567.17,444.26,41.00,69.27,0.7775,2,2,-1
682,124,256.33,488.34,38.07,74.85,0.9139,2,2,-1
682,129,166.60,430.82,23.42,70.89,0.8448,3,0,-1
682,150,427.07,416.36,29.15,78.24,0.7995,2,2,-1
682,171,705.24,462.94,37.82,74.15,0.9077,3,0,-1
682,174,634.90,426.57,23.46,66.21,0.8778,2,2,-1
682,175,70.37,506.70,38.04,90.69,0.9166,2,1,-1
682,181,1879.99,563.10,35.62,95.63,0.7967,2,1,-1
682,185,5.08,429.49,31.63,76.01,0.9193,1,3,-1
682,186,812.20,463.37,21.82,54.76,0.8413,2,1,-1
683,2,231.89,419.81,39.11,74.02,0.9015,2,2,-1
683,8,549.16,433.46,25.76,65.28,0.8236,2,2,-1
683,12,433.20,419.77,28.22,75.01,0.8070,2,2,-1
683,36,330.48,479.26,32.27,85.83,0.8982,2,2,-1
683,83,195.80,470.19,30.92,43.78,0.5473,2,1,-1
683,124,255.63,488.89,38.63,74.95,0.9188,2,2,-1
683,129,167.66,430.39,23.24,71.49,0.8635,3,0,-1
683,162,485.77,424.73,33.89,85.91,0.9099,2,2,-1
683,171,700.02,465.11,40.80,72.97,0.9081,3,0,-1
683,174,631.60,424.14,25.25,69.06,0.8840,2,2,-1
683,175,71.60,507.32,37.88,89.94,0.9150,2,1,-1
683,181,1880.67,563.73,35.55,95.23,0.6733,2,1,-1
683,185,6.44,429.46,30.66,75.95,0.9185,1,3,-1
683,186,811.42,463.43,29.17,68.96,0.8803,2,1,-1
684,2,231.54,420.51,38.71,74.24,0.9045,2,2,-1
684,36,330.32,479.10,30.25,86.15,0.9030,2,2,-1
684,116,552.07,439.87,36.57,73.45,0.8181,2,2,-1
684,124,255.58,489.93,39.05,74.17,0.9168,2,2,-1
684,129,169.06,430.34,23.20,72.47,0.8640,3,0,-1
684,150,427.04,416.85,25.20,77.60,0.8051,2,2,-1
684,162,483.12,425.30,36.16,85.21,0.9097,2,2,-1
684,171,694.88,467.88,44.02,71.58,0.9071,3,0,-1
684,174,628.19,422.94,27.36,68.15,0.9040,2,2,-1
684,175,72.49,507.33,37.23,90.08,0.9206,2,1,-1
684,181,1880.80,563.57,35.99,96.50,0.6872,2,1,-1
684,185,8.26,429.46,29.94,76.37,0.9184,1,3,-1
684,186,813.15,460.75,33.77,73.82,0.9062,2,1,-1
685,2,231.68,421.33,37.67,73.90,0.9018,2,2,-1
685,9,429.20,417.48,30.18,77.59,0.7978,2,2,-1
685,36,329.75,478.73,28.70,86.35,0.9020,2,2,-1
685,43,192.16,469.96,38.86,80.70,0.8616,2,1,-1
685,116,553.03,440.36,33.48,73.35,0.8848,2,2,-1
685,124,254.97,490.46,39.52,73.40,0.9161,2,2,-1
685,129,169.83,430.06,23.38,72.54,0.8600,3,0,-1
685,162,480.22,427.53,37.73,83.56,0.9086,2,2,-1
685,171,689.60,467.87,43.01,71.72,0.8306,3,0,-1
685,174,624.88,423.10,30.23,67.98,0.9136,2,2,-1
685,175,72.72,507.62,36.09,89.78,0.9095,2,1,-1
685,181,1880.67,564.07,36.21,96.88,0.6388,2,1,-1
685,185,8.98,429.38,28.83,77.15,0.9138,1,3,-1
685,186,816.97,460.71,37.61,73.96,0.9158,2,1,-1
686,2,231.96,421.65,36.03,73.78,0.8981,2,2,-1
686,30,688.32,482.75,29.77,58.21,0.7593,2,2,-1
686,36,328.30,478.96,28.02,85.76,0.8911,2,2,-1
686,43,191.67,470.61,32.13,79.56,0.8871,2,1,-1
686,116,551.74,438.70,33.82,74.97,0.9041,2,2,-1
686,124,253.52,490.79,39.98,72.99,0.9110,2,2,-1
686,129,170.13,431.04,23.33,72.04,0.8494,3,0,-1
686,150,427.82,417.42,23.57,77.46,0.7772,2,2,-1
686,162,479.21,430.44,37.10,81.15,0.9051,2,2,-1
686,174,619.66,423.04,33.46,68.29,0.9154,2,2,-1
686,175,72.54,507.69,35.69,90.78,0.9158,2,1,-1
686,181,1880.34,564.39,36.20,96.55,0.6303,2,1,-1
686,185,9.90,430.60,27.67,75.79,0.9118,1,3,-1
686,186,819.86,462.55,41.98,73.32,0.9180,2,1,-1
687,2,231.86,422.07,35.23,74.05,0.9067,2,2,-1
687,36,325.92,478.89,28.00,85.32,0.8975,2,2,-1
687,54,183.36,423.61,29.98,73.54,0.8608,3,0,-1
687,116,549.11,440.13,33.38,74.50,0.8871,2,2,-1
687,124,251.59,490.88,41.25,73.17,0.9155,2,2,-1
687,150,428.08,417.70,23.51,77.89,0.7767,2,2,-1
687,162,478.66,432.97,34.96,77.55,0.8973,2,2,-1
687,171,680.54,470.64,33.07,70.22,0.8305,3,0,-1
687,174,613.94,423.30,37.61,67.92,0.9154,2,2,-1
687,175,70.33,507.35,37.20,91.34,0.9108,2,1,-1
687,181,1879.86,564.53,36.27,96.28,0.6053,2,1,-1
687,185,10.34,430.80,25.92,75.86,0.9069,1,3,-1
687,186,825.20,465.64,41.52,72.40,0.7731,2,1,-1
688,2,231.75,422.69,34.19,73.88,0.9125,2,2,-1
688,12,439.00,422.51,26.69,73.69,0.8027,2,2,-1
688,36,321.44,479.20,30.59,84.99,0.8975,2,2,-1
688,94,183.27,424.03,29.84,70.03,0.8645,3,0,-1
688,124,251.43,491.17,40.91,73.29,0.9086,2,2,-1
688,151,543.95,440.04,35.51,74.49,0.8961,1,3,-1
688,162,477.70,433.70,34.54,77.07,0.8679,2,2,-1
688,171,678.10,469.08,30.33,71.56,0.8784,3,0,-1
688,174,610.97,423.73,36.68,67.25,0.8958,2,2,-1
688,175,70.30,506.66,37.39,91.01,0.9057,2,1,-1
688,181,1879.36,564.63,36.49,96.38,0.6499,2,1,-1
688,185,10.59,431.08,25.26,76.08,0.9031,1,3,-1
688,186,831.15,469.37,39.45,69.78,0.6366,2,1,-1
689,2,231.50,422.69,33.86,74.60,0.9130,2,2,-1
689,12,438.92,422.36,26.51,73.89,0.7933,2,2,-1
689,39,315.97,479.73,36.12,84.02,0.9152,2,1,-1
689,43,182.83,471.57,31.62,80.08,0.8968,2,1,-1
689,122,537.47,441.02,37.75,73.96,0.9004,2,2,-1
689,124,251.15,491.43,40.29,72.72,0.8925,2,2,-1
689,129,169.04,436.09,20.78,66.27,0.8311,3,0,-1
689,162,476.48,434.14,33.64,76.20,0.8825,2,2,-1
689,171,670.29,468.23,32.29,72.52,0.8892,3,0,-1
689,174,606.60,426.75,33.06,64.75,0.8472,2,2,-1
689,175,71.15,506.09,36.57,90.02,0.9131,2,1,-1
689,181,1878.66,564.42,36.73,96.64,0.7550,2,1,-1
689,185,10.86,431.07,25.16,76.31,0.9044,1,3,-1
689,186,847.33,470.76,29.34,64.39,0.8478,2,1,-1
690,2,231.37,423.29,32.57,74.20,0.9169,2,2,-1
690,12,438.43,423.62,26.31,73.12,0.8207,2,2,-1
690,13,474.68,434.71,29.00,75.21,0.8803,2,2,-1
690,39,314.40,479.93,36.37,83.85,0.9106,2,1,-1
690,43,180.23,472.39,32.60,79.63,0.8806,2,1,-1
690,122,532.42,441.54,38.22,73.47,0.9074,2,2,-1
690,124,251.73,494.76,38.90,69.54,0.7878,2,2,-1
690,129,167.97,429.86,21.51,71.62,0.8405,3,0,-1
690,168,565.33,437.10,24.19,66.28,0.7765,2,2,-1
690,171,665.81,467.39,32.51,72.24,0.9003,3,0,-1
690,174,601.43,425.71,31.83,66.65,0.8634,2,2,-1
690,175,71.86,506.06,35.65,88.57,0.9133,2,1,-1
690,181,1877.35,564.32,36.84,96.49,0.6936,2,1,-1
690,185,10.54,430.97,25.35,76.33,0.8978,1,3,-1
690,186,852.55,470.17,28.51,64.36,0.8300,2,1,-1
691,2,231.60,423.63,30.55,74.21,0.9144,2,2,-1
691,12,438.45,424.24,25.85,72.60,0.8248,2,2,-1
691,13,472.27,432.97,27.12,76.75,0.8795,2,2,-1
691,39,313.91,479.75,35.98,84.06,0.9112,2,1,-1
691,43,172.64,471.93,39.33,80.75,0.9058,2,1,-1
691,94,183.41,424.30,28.20,61.69,0.8440,3,0,-1
691,122,529.62,442.43,36.57,73.49,0.8832,2,2,-1
691,124,250.74,492.89,40.37,71.49,0.8492,2,2,-1
691,168,566.92,435.75,24.50,67.60,0.8621,2,2,-1
691,171,659.28,466.63,37.64,74.47,0.9110,3,0,-1
691,174,598.88,425.39,28.39,65.88,0.8762,2,2,-1
691,175,72.08,505.56,35.52,89.07,0.9090,2,1,-1
691,181,1875.97,564.52,36.26,95.26,0.7195,2,1,-1
691,185,10.03,430.85,25.28,76.13,0.8915,1,3,-1
691,186,855.91,469.41,29.87,66.08,0.8801,2,1,-1
692,2,233.18,424.43,27.68,73.30,0.9047,2,2,-1
692,12,438.60,424.95,25.71,72.52,0.8404,2,2,-1
692,13,470.68,432.02,26.04,76.52,0.8191,2,2,-1
692,37,252.60,503.39,36.84,61.07,0.7776,2,1,-1
692,39,314.09,480.01,35.95,83.24,0.9106,2,1,-1
692,43,169.90,472.62,43.47,80.42,0.9189,2,1,-1
692,111,490.98,426.86,23.77,73.26,0.8760,2,2,-1
692,122,525.78,445.71,31.86,69.32,0.8819,2,2,-1
692,168,567.35,435.92,25.24,68.28,0.8438,2,2,-1
692,171,652.77,466.31,40.74,74.77,0.9137,3,0,-1
692,174,597.16,423.76,25.68,67.06,0.8770,2,2,-1
692,175,73.37,505.40,36.38,88.87,0.9065,2,1,-1
692,181,1872.05,564.27,36.17,95.90,0.7687,2,1,-1
692,185,10.69,430.76,25.46,76.67,0.8930,1,3,-1
692,186,859.04,466.86,32.58,69.98,0.9018,2,1,-1
693,2,233.78,424.82,25.34,72.17,0.9075,2,2,-1
693,12,438.84,425.49,25.31,72.04,0.8505,2,2,-1
693,13,469.19,432.34,26.20,76.98,0.8577,2,2,-1
693,39,313.34,479.74,36.63,83.73,0.9119,2,1,-1
693,43,169.14,473.92,44.57,79.60,0.9185,2,1,-1
693,111,491.00,427.13,23.19,72.22,0.8696,2,2,-1
693,122,521.56,445.00,29.36,70.24,0.8778,2,2,-1
693,129,168.94,430.22,19.65,66.46,0.7622,3,0,-1
693,153,570.73,438.40,25.26,65.75,0.7109,1,3,-1
693,163,252.89,499.95,33.50,64.96,0.7906,2,2,-1
693,171,646.30,466.55,44.57,74.52,0.9155,3,0,-1
693,174,593.89,422.15,24.83,67.49,0.8611,2,2,-1
693,175,74.95,505.43,36.71,89.36,0.8985,2,1,-1
693,181,1869.90,564.95,35.62,95.11,0.6667,2,1,-1
693,185,10.83,430.77,26.61,76.45,0.9075,1,3,-1
693,186,858.83,465.52,36.25,74.93,0.9163,2,1,-1
694,2,233.86,425.50,23.95,72.19,0.9067,2,2,-1
694,12,438.96,425.58,25.56,72.28,0.8297,2,2,-1
694,13,466.69,431.47,26.30,78.26,0.8373,2,2,-1
694,39,312.51,479.24,37.17,83.77,0.9064,2,1,-1
694,43,166.54,473.29,45.41,80.98,0.9136,2,1,-1
694,54,168.67,429.91,18.96,49.07,0.7182,3,0,-1
694,71,252.95,505.82,26.15,58.78,0.7828,2,2,-1
694,111,489.77,427.20,22.70,71.34,0.8477,2,2,-1
694,122,516.52,446.37,27.17,68.94,0.8813,2,2,-1
694,153,568.36,437.04,28.49,67.55,0.7903,1,3,-1
694,171,641.04,467.14,44.99,76.17,0.9030,3,0,-1
694,174,592.31,421.71,23.64,66.22,0.8617,2,2,-1
694,175,76.85,505.73,39.77,88.83,0.8977,2,1,-1
694,181,1867.20,564.94,35.61,95.14,0.7746,2,1,-1
694,185,10.63,430.85,27.68,76.20,0.9091,1,3,-1
694,186,862.29,465.98,37.71,75.91,0.9044,2,1,-1
695,2,232.72,424.79,23.76,73.88,0.9037,2,2,-1
695,13,464.64,431.80,26.46,78.28,0.8429,2,2,-1
695,39,311.08,478.55,35.82,83.64,0.9057,2,1,-1
695,43,166.73,474.31,42.82,79.59,0.9208,2,1,-1
695,54,169.14,429.51,19.49,51.23,0.7399,3,0,-1
695,111,489.04,428.02,22.06,70.44,0.8293,2,2,-1
695,122,513.18,443.84,27.96,71.62,0.8922,2,2,-1
695,124,251.81,492.53,41.24,72.79,0.8919,2,2,-1
695,150,425.50,417.67,24.90,76.75,0.8351,2,2,-1
695,153,568.16,435.81,33.38,68.43,0.8636,1,3,-1
695,171,637.44,468.26,42.50,75.34,0.8700,3,0,-1
695,175,77.15,505.81,39.94,89.00,0.9012,2,1,-1
695,181,1864.79,564.70,35.34,94.72,0.7392,2,1,-1
695,185,10.13,430.93,28.68,75.69,0.9069,1,3,-1
695,186,864.50,467.75,41.07,74.62,0.9139,2,1,-1
696,2,231.90,425.47,23.59,73.35,0.9062,2,2,-1
696,13,461.68,431.61,27.04,78.42,0.8550,2,2,-1
696,36,309.79,477.82,32.79,84.28,0.8964,2,2,-1
696,43,166.23,474.29,39.51,80.21,0.9172,2,1,-1
696,54,168.12,430.27,20.18,54.59,0.7988,3,0,-1
696,111,487.72,426.62,22.55,72.74,0.8449,2,2,-1
696,122,508.68,443.26,30.43,73.34,0.9152,2,2,-1
696,124,251.45,492.69,40.78,72.26,0.8915,2,2,-1
696,150,425.51,418.46,25.32,77.04,0.8327,2,2,-1
696,153,568.70,440.65,36.18,64.03,0.8952,1,3,-1
696,171,632.65,473.18,36.61,69.90,0.8319,3,0,-1
696,175,78.56,505.82,38.58,89.14,0.9118,2,1,-1
696,181,1862.59,564.88,34.87,94.50,0.7136,2,1,-1
696,185,9.60,431.20,29.00,74.47,0.9104,1,3,-1
696,186,869.48,468.55,41.71,76.42,0.8851,2,1,-1
697,2,230.86,425.90,23.67,73.30,0.9031,2,2,-1
697,13,459.85,432.22,27.67,77.83,0.8881,2,2,-1
697,36,306.77,476.58,30.77,84.91,0.8946,2,2,-1
697,43,164.88,473.88,35.72,80.56,0.8888,2,1,-1
697,54,167.86,431.42,19.99,53.90,0.7684,3,0,-1
697,122,501.46,443.65,34.48,73.87,0.8957,2,2,-1
697,124,251.40,493.06,40.65,71.82,0.8874,2,2,-1
697,150,425.53,418.57,25.72,76.97,0.8457,2,2,-1
697,153,569.84,438.13,36.66,66.97,0.8903,1,3,-1
697,171,626.79,470.51,31.68,72.69,0.8844,2,-1,-1
697,175,78.50,506.24,36.47,89.31,0.9129,2,1,-1
697,181,1860.27,564.72,34.93,94.97,0.5880,2,1,-1
697,185,8.55,431.50,30.78,74.05,0.9125,1,3,-1
697,186,880.52,470.54,35.67,73.96,0.8571,2,1,-1
698,2,229.51,426.51,23.76,72.24,0.8953,2,2,-1
698,13,457.71,431.91,28.02,77.84,0.8794,2,2,-1
698,36,304.64,477.19,29.28,83.55,0.8799,2,2,-1
698,43,163.20,474.23,31.57,79.87,0.8773,2,1,-1
698,47,181.55,427.28,32.29,76.80,0.8800,2,2,-1
698,54,166.17,431.86,20.23,55.12,0.7119,3,0,-1
698,122,495.47,444.89,37.86,72.80,0.9088,2,2,-1
698,124,250.79,494.23,39.89,70.76,0.8184,2,2,-1
698,150,424.91,419.52,25.80,75.97,0.8581,2,2,-1
698,153,569.89,439.89,34.10,65.18,0.8892,1,3,-1
698,171,622.38,470.01,30.61,73.73,0.8906,2,1,-1
698,175,78.79,506.61,34.58,89.21,0.9121,2,1,-1
698,181,1858.19,565.51,34.55,94.48,0.5600,2,1,-1
698,185,7.12,431.54,32.67,74.90,0.9214,1,3,-1
698,186,885.23,471.93,34.48,71.92,0.7536,2,1,-1
699,2,226.24,427.12,25.82,73.35,0.8982,2,2,-1
699,9,424.35,419.71,26.23,73.38,0.8686,2,2,-1
699,36,303.53,477.54,28.22,84.32,0.8911,2,2,-1
699,43,161.50,474.36,28.99,79.39,0.8496,2,1,-1
699,47,180.65,427.46,32.87,77.20,0.8664,2,2,-1
699,54,165.52,431.84,19.77,53.57,0.5398,3,0,-1
699,122,489.28,445.53,39.71,73.34,0.9103,2,2,-1
699,124,250.35,494.35,39.81,71.25,0.8912,2,2,-1
699,153,570.89,439.33,32.75,66.20,0.8635,1,3,-1
699,162,445.23,430.48,38.47,78.69,0.8467,2,2,-1
699,171,616.96,468.67,32.38,74.98,0.9070,2,1,-1
699,175,78.26,506.87,33.50,88.43,0.9192,2,1,-1
699,181,1856.43,565.85,34.18,94.06,0.7155,2,1,-1
699,185,5.28,431.51,33.22,75.01,0.9208,1,3,-1
699,186,893.87,473.64,30.71,70.24,0.8373,2,1,-1
700,2,224.02,427.62,27.52,73.29,0.9023,2,2,-1
700,9,424.57,421.18,26.51,71.87,0.8695,2,2,-1
700,36,299.85,477.75,30.33,84.43,0.9028,2,2,-1
700,43,161.77,474.98,27.57,79.79,0.8603,2,1,-1
700,47,180.04,428.64,31.95,72.10,0.8445,2,2,-1
700,54,164.97,434.44,18.68,49.13,0.6672,3,0,-1
700,122,486.26,449.34,38.31,70.33,0.8999,2,2,-1
700,124,250.54,495.30,39.26,70.48,0.8982,2,2,-1
700,153,572.20,439.58,31.86,66.27,0.8590,1,3,-1
700,162,446.53,429.22,36.65,79.85,0.8906,2,2,-1
700,171,611.00,468.26,36.11,76.43,0.9097,2,1,-1
700,175,78.05,507.03,33.09,88.41,0.9176,2,1,-1
700,181,1854.55,565.53,33.51,94.02,0.8364,2,1,-1
700,185,4.02,432.22,34.53,73.88,0.9276,1,3,-1
700,186,897.37,471.99,31.29,73.13,0.8257,2,1,-1
701,2,223.16,428.34,28.34,72.96,0.8992,2,2,-1
701,9,424.99,423.02,26.02,69.97,0.8477,2,2,-1
701,36,297.59,478.43,31.57,82.76,0.9054,2,-1,-1
701,43,160.86,475.05,27.15,78.77,0.8648,2,1,-1
701,47,179.80,429.10,32.28,71.64,0.8245,2,2,-1
701,54,164.07,434.39,19.74,51.62,0.6103,3,0,-1
701,122,482.88,449.70,35.16,69.31,0.8842,2,2,-1
701,124,250.48,495.51,38.56,70.57,0.8834,2,2,-1
701,153,574.09,439.45,31.19,66.91,0.8497,1,3,-1
701,162,446.69,428.96,35.33,80.46,0.8881,2,2,-1
701,171,603.01,468.80,41.20,76.08,0.9130,2,1,-1
701,175,78.04,506.87,32.37,88.41,0.9147,2,1,-1
701,181,1853.20,565.97,33.28,93.60,0.7245,2,1,-1
701,185,1.79,432.90,36.01,74.68,0.9230,1,3,-1
701,186,907.43,473.14,22.91,47.18,0.7846,2,1,-1
702,2,222.50,428.81,29.05,72.53,0.9064,2,2,-1
702,9,425.89,424.70,24.86,68.30,0.8117,2,2,-1
702,13,448.25,430.49,29.50,78.79,0.8802,2,2,-1
702,36,296.10,479.33,33.13,82.88,0.8965,2,1,-1
702,43,159.93,476.96,26.86,77.14,0.8581,2,1,-1
702,47,180.12,429.94,32.14,70.47,0.8110,2,2,-1
702,54,163.79,435.39,19.22,50.23,0.6962,3,0,-1
702,56,559.71,423.03,26.06,69.39,0.8502,2,2,-1
702,111,480.30,428.83,29.56,89.92,0.8514,2,2,-1
702,163,250.98,495.88,36.12,71.23,0.7525,2,2,-1
702,171,594.66,471.39,46.04,73.23,0.9202,2,1,-1
702,175,77.92,506.69,32.65,88.10,0.9046,2,1,-1
702,181,1851.50,566.53,33.16,93.77,0.5568,2,1,-1
702,185,0.66,433.30,36.55,73.62,0.9206,1,3,-1
702,186,901.92,471.27,37.51,74.94,0.9034,2,1,-1
703,2,222.56,429.46,28.45,72.75,0.9080,2,2,-1
703,8,584.52,440.64,23.75,55.22,0.7191,2,2,-1
703,13,446.58,429.73,28.46,78.09,0.8834,2,2,-1
703,36,294.34,479.57,34.90,83.56,0.9095,2,1,-1
703,43,157.09,476.37,28.53,78.36,0.8757,2,1,-1
703,47,178.86,430.64,33.58,74.84,0.8287,2,2,-1
703,56,560.70,423.31,27.26,70.07,0.8467,2,2,-1
703,111,478.17,435.89,25.75,83.64,0.8671,2,2,-1
703,129,164.28,432.35,18.63,54.82,0.7089,3,0,-1
703,150,426.62,424.14,23.88,69.78,0.8267,2,2,-1
703,163,251.47,496.69,34.42,70.39,0.6995,2,2,-1
703,171,587.58,477.37,48.23,68.74,0.9022,2,1,-1
703,175,77.65,506.56,33.43,88.05,0.9187,2,1,-1
703,181,1850.12,567.02,33.03,93.77,0.6104,2,1,-1
703,185,0.12,434.13,36.29,72.94,0.9173,1,3,-1
703,186,903.94,472.10,40.81,75.92,0.9195,2,1,-1
704,2,223.29,430.84,27.17,72.16,0.9050,2,2,-1
704,13,446.33,429.24,28.03,79.82,0.8927,2,2,-1
704,16,585.71,441.93,24.12,62.64,0.8150,2,1,-1
704,36,292.43,480.27,36.07,83.17,0.9071,2,1,-1
704,43,154.76,476.75,29.18,79.02,0.8816,2,1,-1
704,47,179.07,430.82,33.90,77.27,0.8617,2,2,-1
704,54,163.22,434.47,19.73,50.72,0.7180,3,0,-1
704,56,557.30,422.43,28.16,71.04,0.8338,2,2,-1
704,111,474.40,434.27,27.10,85.89,0.8762,2,2,-1
704,150,426.84,422.51,24.10,71.96,0.8554,2,2,-1
704,163,249.83,495.87,34.23,71.35,0.7293,2,2,-1
704,175,76.75,506.80,34.04,87.54,0.9152,2,1,-1
704,181,1848.75,567.64,32.61,93.14,0.7633,2,1,-1
704,185,-0.07,434.92,36.13,73.24,0.9166,1,3,-1
704,186,908.14,474.43,42.25,73.87,0.8765,2,1,-1
705,2,223.07,431.08,26.72,73.04,0.9072,2,2,-1
705,8,588.46,442.77,23.83,56.14,0.8617,2,2,-1
705,13,445.99,429.62,27.31,77.40,0.8669,2,2,-1
705,36,290.55,479.94,36.22,84.62,0.8985,2,1,-1
705,43,152.95,477.38,29.90,79.27,0.8989,2,1,-1
705,54,162.85,439.03,19.73,49.30,0.6754,3,0,-1
705,94,180.28,431.72,29.43,53.37,0.8078,3,0,-1
705,122,468.37,448.29,32.32,72.21,0.8779,2,2,-1
705,150,427.08,423.06,23.77,71.89,0.8639,2,2,-1
705,163,249.65,496.33,33.32,71.13,0.8523,2,2,-1
705,171,584.09,485.04,41.15,63.45,0.8364,2,1,-1
705,174,560.69,422.46,23.92,71.65,0.7634,2,2,-1
705,175,76.20,506.99,34.45,86.94,0.9141,2,1,-1
705,181,1848.34,568.06,32.51,93.07,0.6580,2,1,-1
705,185,-0.36,435.75,34.08,72.94,0.9250,1,3,-1
705,186,917.55,479.10,40.35,71.50,0.5103,2,1,-1
705,0,168.21,434.03,14.28,14.24,1.0,0,-1,-1
706,2,222.70,431.76,26.85,72.60,0.9055,2,2,-1
706,16,589.84,442.83,24.73,66.58,0.8263,2,1,-1
706,36,288.72,479.64,36.96,86.55,0.9041,2,1,-1
706,43,152.43,477.05,30.28,79.92,0.8845,2,1,-1
706,54,162.50,439.00,21.09,51.36,0.6283,3,0,-1
706,94,179.66,432.31,29.39,55.82,0.7874,3,0,-1
706,122,464.58,449.40,33.37,71.71,0.8640,2,2,-1
706,150,428.00,422.73,23.13,71.86,0.8659,2,2,-1
706,163,248.92,496.49,33.61,71.85,0.8920,2,2,-1
706,168,547.54,424.08,21.02,66.68,0.8032,2,2,-1
706,175,75.81,507.00,35.03,86.73,0.9166,2,1,-1
706,181,1848.27,568.54,32.26,92.85,0.6422,2,1,-1
706,185,-0.06,435.91,34.04,73.46,0.9268,1,3,-1
706,186,932.54,479.82,32.52,71.92,0.8355,2,1,-1
707,2,222.15,431.68,27.31,73.03,0.9106,2,2,-1
707,16,591.13,444.51,24.67,65.10,0.8778,2,1,-1
707,36,288.35,479.36,34.87,84.21,0.9062,2,1,-1
707,43,151.78,475.87,29.04,82.06,0.8831,2,1,-1
707,47,179.21,432.67,30.86,70.96,0.7879,2,2,-1
707,54,161.05,436.90,22.82,54.92,0.6040,2,-1,-1
707,122,459.35,451.69,35.98,69.77,0.8942,2,2,-1
707,150,428.61,423.11,22.91,71.62,0.8566,2,2,-1
707,163,248.93,496.55,33.42,71.73,0.9091,2,2,-1
707,168,546.95,427.88,19.95,61.31,0.8502,2,2,-1
707,175,75.93,506.98,35.23,87.24,0.9191,2,1,-1
707,181,1848.16,568.49,32.24,93.54,0.6883,2,1,-1
707,185,-0.15,436.00,33.25,73.57,0.9285,1,3,-1
707,186,936.18,481.18,29.27,67.02,0.7791,2,1,-1
707,0,166.00,434.93,15.34,11.39,1.0,0,-1,-1
708,2,220.44,431.49,28.77,73.12,0.9082,2,2,-1
708,12,429.58,423.69,22.51,75.81,0.8366,2,2,-1
708,16,591.98,444.84,27.79,65.92,0.9053,2,1,-1
708,36,287.91,478.94,32.58,81.11,0.9046,2,1,-1
708,43,151.65,476.24,27.91,81.69,0.8909,2,1,-1
708,47,177.90,432.85,31.58,75.56,0.8017,2,2,-1
708,54,160.56,437.43,22.08,51.73,0.6793,2,1,-1
708,56,561.06,424.39,25.81,66.54,0.8239,2,2,-1
708,116,567.62,474.67,32.13,73.54,0.8908,2,2,-1
708,122,455.89,449.48,38.14,71.99,0.8857,2,2,-1
708,163,248.84,496.50,33.28,71.54,0.9036,2,2,-1
708,168,543.96,427.50,21.24,61.90,0.8520,2,2,-1
708,175,75.89,507.11,35.12,87.34,0.9190,2,1,-1
708,181,1848.36,568.45,32.19,93.87,0.7074,2,1,-1
708,185,-0.17,435.86,32.26,73.49,0.9305,1,3,-1
708,186,940.36,480.54,29.94,70.65,0.8911,2,1,-1
708,0,168.14,434.29,12.35,12.14,1.0,0,-1,-1
709,2,218.73,431.71,30.23,73.10,0.9028,2,2,-1
709,9,429.88,424.78,20.87,62.54,0.8008,2,2,-1
709,16,592.50,445.14,30.78,65.72,0.9201,2,1,-1
709,36,286.56,478.36,31.01,81.69,0.9054,2,1,-1
709,43,151.42,475.72,27.88,78.24,0.8698,2,1,-1
709,47,177.95,433.06,31.44,77.28,0.8413,2,2,-1
709,54,159.39,436.87,21.54,50.43,0.6898,2,1,-1
709,56,560.76,423.77,25.26,64.08,0.8385,2,2,-1
709,116,564.20,475.05,33.71,73.87,0.9037,2,2,-1
709,122,453.88,450.21,38.08,71.32,0.8841,2,2,-1
709,163,247.88,496.33,33.64,72.01,0.9162,2,2,-1
709,168,541.39,427.40,22.43,61.10,0.8521,2,2,-1
709,175,76.18,507.20,34.11,87.20,0.9194,2,1,-1
709,181,1848.47,568.23,32.08,94.07,0.7407,2,1,-1
709,185,-0.47,435.36,30.27,73.88,0.9228,1,3,-1
709,186,946.08,479.82,29.69,70.19,0.9002,2,1,-1
709,0,166.01,434.57,13.30,13.49,1.0,0,-1,-1
710,2,217.65,432.15,31.23,72.87,0.8947,2,2,-1
710,16,593.28,445.61,31.93,65.59,0.9221,2,1,-1
710,36,285.83,477.17,29.53,82.66,0.8955,2,1,-1
710,43,149.67,474.38,29.05,80.36,0.8949,2,1,-1
710,47,177.65,432.89,31.06,76.99,0.7754,2,2,-1
710,54,159.07,437.05,21.01,48.96,0.6910,2,1,-1
710,56,560.25,422.84,26.11,65.13,0.8090,2,2,-1
710,122,451.56,451.78,35.93,69.72,0.8693,2,2,-1
710,151,556.35,473.53,41.60,74.71,0.9116,1,3,-1
710,162,430.06,425.67,20.08,45.78,0.8095,2,2,-1
710,163,247.65,496.14,33.51,72.84,0.9031,2,2,-1
710,168,537.64,426.60,24.83,61.94,0.8495,2,2,-1
710,175,76.39,507.26,33.29,86.97,0.9156,2,1,-1
710,181,1848.41,568.08,32.09,94.33,0.7739,2,1,-1
710,185,-0.70,435.34,27.21,73.61,0.9175,1,3,-1
710,186,948.30,478.21,32.45,74.52,0.8959,2,1,-1
710,0,164.39,434.97,14.29,13.37,1.0,0,-1,-1
711,2,216.48,432.73,32.32,72.25,0.8855,2,2,-1
711,9,430.59,424.53,21.04,52.45,0.8204,2,2,-1
711,16,594.50,445.08,32.08,65.76,0.9244,2,1,-1
711,36,285.83,476.87,27.44,83.05,0.9077,2,1,-1
711,43,148.59,474.52,29.64,79.98,0.8891,2,1,-1
711,47,177.51,433.43,28.72,73.04,0.7914,2,-1,-1
711,54,158.67,437.61,20.60,47.88,0.6515,2,1,-1
711,111,474.28,434.25,27.39,73.20,0.8609,2,2,-1
711,122,450.32,457.58,31.21,63.88,0.8716,2,2,-1
711,151,548.42,474.05,45.44,74.52,0.9110,1,3,-1
711,163,247.29,496.53,33.97,72.93,0.9058,2,2,-1
711,168,533.40,424.83,26.78,62.82,0.8657,2,2,-1
711,175,76.83,506.94,32.27,87.51,0.9125,2,1,-1
711,181,1848.64,567.59,32.24,95.00,0.7197,2,1,-1
711,185,-0.53,434.84,25.07,73.58,0.9148,1,3,-1
711,186,950.87,478.80,34.67,74.67,0.8862,1,1,-1
711,0,164.31,434.99,13.89,13.03,1.0,0,-1,-1
712,2,215.92,433.48,33.12,71.45,0.8845,2,2,-1
712,13,435.02,436.69,37.59,83.71,0.8494,2,2,-1
712,16,596.50,445.21,31.57,65.86,0.9149,2,1,-1
712,36,284.97,476.68,27.07,82.98,0.9119,2,1,-1
712,43,147.54,474.09,29.66,80.82,0.8922,2,1,-1
712,47,177.17,433.87,27.85,71.62,0.7733,2,-1,-1
712,54,158.20,437.59,20.79,47.58,0.6721,2,1,-1
712,111,472.63,434.35,28.18,71.79,0.8316,2,2,-1
712,151,543.70,475.99,46.90,72.77,0.9127,1,3,-1
712,163,246.37,496.42,34.79,73.09,0.9132,2,2,-1
712,168,530.61,423.83,25.98,61.03,0.8730,2,2,-1
712,175,77.56,507.03,31.42,87.21,0.9138,2,1,-1
712,181,1848.89,567.48,32.29,95.28,0.6807,2,1,-1
712,185,-0.33,433.77,23.97,74.12,0.9128,1,3,-1
712,186,955.11,479.13,39.05,75.10,0.8937,2,1,-1
713,2,215.51,432.53,34.10,72.55,0.8861,2,2,-1
713,16,601.04,446.47,29.63,64.58,0.8894,2,1,-1
713,36,283.50,476.53,27.68,83.07,0.9080,2,1,-1
713,43,147.71,473.62,30.04,80.44,0.9057,2,1,-1
713,47,178.00,433.58,28.38,73.43,0.7549,2,-1,-1
713,111,475.30,434.54,26.81,70.26,0.8226,2,2,-1
713,122,442.79,455.53,28.36,65.99,0.8104,2,2,-1
713,129,159.55,436.34,21.05,52.06,0.6892,3,0,-1
713,151,541.59,476.64,46.03,74.44,0.8851,1,3,-1
713,163,246.19,496.10,35.97,71.96,0.9230,2,2,-1
713,168,525.45,423.42,27.94,61.72,0.8848,2,2,-1
713,174,562.27,424.02,26.62,71.46,0.8523,2,2,-1
713,175,78.61,506.56,31.62,87.20,0.9201,2,1,-1
713,181,1850.09,566.92,32.26,95.48,0.6485,2,1,-1
713,185,-0.19,433.33,23.24,74.25,0.9126,1,3,-1
713,186,961.16,480.69,39.63,75.01,0.8234,2,1,-1
714,2,215.76,431.95,34.61,73.06,0.8948,2,2,-1
714,16,604.52,445.22,28.70,65.46,0.8969,2,1,-1
714,36,283.03,476.30,28.08,82.50,0.9078,2,1,-1
714,43,147.66,474.01,30.11,80.70,0.8993,2,1,-1
714,47,179.21,433.90,27.83,73.34,0.8013,2,1,-1
714,54,159.59,437.37,20.80,47.70,0.7116,2,1,-1
714,111,477.99,435.13,25.59,69.26,0.8332,2,2,-1
714,122,441.40,448.91,29.38,72.17,0.8266,2,2,-1
714,124,245.36,494.54,39.17,73.76,0.9201,2,2,-1
714,151,538.91,479.71,41.72,70.56,0.7628,1,3,-1
714,168,523.87,422.73,29.45,62.50,0.8872,2,2,-1
714,174,563.02,421.88,26.64,73.77,0.8516,2,2,-1
714,175,79.79,506.04,31.60,86.99,0.9167,2,1,-1
714,181,1851.58,566.78,32.08,95.68,0.6679,2,1,-1
714,185,0.03,432.82,23.56,74.81,0.9155,1,3,-1
715,2,215.49,431.88,35.10,73.55,0.9009,2,2,-1
715,16,609.13,444.68,25.57,66.24,0.8903,2,1,-1
715,36,281.57,476.35,29.20,82.01,0.9103,2,1,-1
715,43,148.10,473.26,29.69,81.12,0.8926,2,1,-1
715,47,179.76,433.82,26.52,71.23,0.7517,2,1,-1
715,111,478.02,435.29,25.44,69.22,0.8413,2,2,-1
715,122,436.08,447.23,31.76,74.63,0.8696,2,2,-1
715,124,245.92,493.77,40.22,74.45,0.9136,2,2,-1
715,129,160.60,436.38,23.52,51.34,0.7033,3,0,-1
715,151,536.09,480.00,38.76,70.54,0.7853,1,3,-1
715,168,520.74,423.88,27.81,62.66,0.8715,2,2,-1
715,174,563.41,422.32,26.44,72.67,0.8481,2,2,-1
715,175,80.18,505.64,30.94,87.01,0.9122,2,1,-1
715,181,1852.41,566.63,31.66,95.67,0.7592,2,1,-1
715,185,-0.06,432.53,23.35,74.87,0.9130,1,3,-1
716,2,215.38,432.07,35.18,73.69,0.8965,2,2,-1
716,16,613.14,444.93,22.75,66.88,0.8964,2,1,-1
716,36,280.65,476.83,29.69,81.26,0.9102,2,1,-1
716,43,149.16,472.88,28.85,82.38,0.9058,2,1,-1
716,47,180.21,434.21,26.32,73.40,0.7455,2,1,-1
716,111,478.19,436.28,24.85,68.52,0.8446,2,2,-1
716,122,433.02,446.49,35.48,75.24,0.9009,2,2,-1
716,124,245.01,492.86,41.16,74.71,0.9175,2,2,-1
716,129,159.65,436.67,25.61,53.75,0.7202,3,0,-1
716,151,531.39,476.85,31.04,73.19,0.8688,1,3,-1
716,168,518.96,425.74,24.21,60.38,0.8775,2,2,-1
716,174,562.76,421.94,26.80,73.66,0.8329,2,2,-1
716,175,80.01,505.80,31.39,86.76,0.9158,2,1,-1
716,181,1852.65,566.79,31.40,95.63,0.7769,2,1,-1
716,185,0.10,432.60,23.83,75.18,0.9065,1,3,-1
716,186,989.71,486.40,27.83,69.06,0.8366,2,1,-1
717,2,215.23,432.10,34.89,73.43,0.8989,2,2,-1
717,13,426.24,434.35,41.39,87.37,0.9150,2,2,-1
717,16,615.53,444.40,21.96,66.75,0.9034,2,1,-1
717,36,279.39,476.46,30.45,81.50,0.8951,2,1,-1
717,43,149.56,473.13,27.93,81.47,0.8944,2,1,-1
717,47,180.79,434.12,23.64,67.40,0.8389,2,1,-1
717,54,158.56,436.20,21.99,50.01,0.7163,2,1,-1
717,111,477.38,436.21,24.30,67.57,0.8106,2,2,-1
717,124,243.69,492.25,41.40,75.14,0.9130,2,2,-1
717,151,527.77,477.12,29.12,73.05,0.9023,2,-1,-1
717,168,517.38,426.71,21.14,58.45,0.8762,2,2,-1
717,174,562.78,420.79,27.05,74.46,0.8433,2,2,-1
717,175,79.67,505.03,30.92,87.31,0.9139,2,1,-1
717,181,1852.52,566.69,31.36,95.80,0.7360,2,1,-1
717,185,0.13,431.47,24.48,77.24,0.9046,1,3,-1
717,186,994.30,486.64,27.28,68.83,0.8566,2,1,-1
718,2,215.43,432.69,34.02,72.40,0.8886,2,2,-1
718,13,424.12,438.81,41.87,83.10,0.9124,2,2,-1
718,16,617.40,444.08,22.27,66.74,0.8992,2,1,-1
718,36,278.31,476.13,31.02,81.21,0.8874,2,1,-1
718,43,150.47,473.13,27.46,81.40,0.8958,2,1,-1
718,56,562.49,426.85,26.18,68.64,0.7898,2,2,-1
718,94,178.25,434.44,25.12,57.56,0.7720,3,0,-1
718,124,242.97,491.60,42.58,75.21,0.9084,2,2,-1
718,129,157.94,435.67,25.56,53.31,0.6993,3,0,-1
718,150,464.29,430.28,25.58,66.89,0.8241,2,2,-1
718,151,522.48,475.42,31.64,74.71,0.9085,2,-1,-1
718,168,514.29,424.97,19.96,56.37,0.8677,2,2,-1
718,175,79.80,504.55,31.22,87.39,0.9144,2,1,-1
718,181,1852.56,566.28,31.35,96.13,0.6852,2,1,-1
718,185,0.17,431.73,24.32,76.51,0.9088,1,3,-1
718,186,998.04,483.65,29.57,71.58,0.8810,2,1,-1
719,2,215.19,432.34,33.60,72.90,0.8901,2,2,-1
719,16,618.85,444.24,22.35,66.13,0.8943,2,1,-1
719,43,150.27,473.36,27.04,80.65,0.9006,2,1,-1
719,47,178.80,434.09,22.27,62.41,0.7888,2,1,-1
719,54,157.86,435.62,22.82,51.61,0.6763,2,1,-1
719,122,422.78,449.79,40.80,72.22,0.9215,2,2,-1
719,124,243.06,491.21,42.25,75.16,0.9119,2,2,-1
719,150,466.51,431.11,26.88,67.97,0.7395,2,2,-1
719,151,517.49,475.03,34.44,75.31,0.9171,2,-1,-1
719,168,510.86,423.34,20.59,61.07,0.8574,2,2,-1
719,174,562.14,422.88,26.48,71.79,0.8106,2,2,-1
719,175,79.62,504.29,31.44,87.28,0.9191,2,1,-1
719,181,1852.61,566.34,31.30,96.20,0.6621,2,1,-1
719,185,0.30,431.65,24.82,76.45,0.9131,1,3,-1
719,186,1000.40,486.41,32.43,71.39,0.8735,2,1,-1
720,2,214.91,432.18,33.73,73.15,0.8933,2,2,-1
720,16,620.63,445.32,24.87,65.92,0.9031,2,1,-1
720,43,149.86,473.66,27.54,79.68,0.8964,2,1,-1
720,47,179.49,434.21,22.22,62.75,0.7833,2,1,-1
720,54,157.92,435.63,22.11,49.72,0.6809,2,1,-1
720,122,420.97,449.86,40.51,72.20,0.9138,2,2,-1
720,124,243.01,491.45,40.73,73.97,0.8955,2,2,-1
720,150,467.79,430.28,28.86,72.50,0.8445,2,2,-1
720,151,509.39,473.72,40.71,76.45,0.9232,2,-1,-1
720,168,508.71,423.48,19.88,56.16,0.8691,2,2,-1
720,174,562.63,424.17,26.06,71.39,0.7888,2,2,-1
720,175,79.49,503.90,31.86,86.75,0.9149,2,1,-1
720,181,1852.72,566.17,31.38,96.50,0.5843,2,1,-1
720,185,0.22,431.41,25.03,76.50,0.9135,1,3,-1
720,186,1005.00,486.96,33.07,71.10,0.5950,1,1,-1
721,2,214.86,432.18,33.24,73.09,0.8968,2,2,-1
721,16,620.66,445.34,28.33,65.26,0.9196,2,1,-1
721,36,272.19,474.19,31.82,82.03,0.8965,2,1,-1
721,43,149.48,472.39,27.93,81.25,0.8932,2,1,-1
721,54,157.78,435.25,22.05,49.69,0.7127,2,1,-1
721,71,177.30,434.22,23.46,74.02,0.8175,2,2,-1
721,122,418.62,448.82,38.52,72.73,0.9087,2,2,-1
721,150,468.13,429.63,28.58,73.68,0.8894,2,2,-1
721,151,501.20,474.93,45.77,75.18,0.9240,2,-1,-1
721,168,504.89,422.55,24.01,62.89,0.8687,2,2,-1
721,174,562.30,424.42,26.10,70.40,0.8018,2,2,-1
721,175,78.16,503.49,32.64,86.67,0.9130,2,1,-1
721,181,1852.72,566.09,31.38,96.40,0.6899,2,1,-1
721,185,0.16,431.02,24.91,76.45,0.9142,1,3,-1
721,186,1008.48,488.38,37.38,70.28,0.7886,2,1,-1
722,2,214.86,432.11,32.77,72.51,0.9007,2,2,-1
722,16,620.61,445.27,32.52,65.97,0.9235,2,1,-1
722,36,270.09,473.26,29.95,81.10,0.8889,2,1,-1
722,43,149.84,472.08,28.15,81.34,0.8827,2,1,-1
722,54,157.51,435.35,22.12,50.16,0.6853,2,1,-1
722,56,562.89,430.97,24.42,64.42,0.7529,2,2,-1
722,71,177.16,434.14,22.65,73.45,0.7841,2,2,-1
722,122,416.55,449.42,35.31,72.37,0.8888,2,2,-1
722,150,468.79,430.01,27.37,73.21,0.8828,2,2,-1
722,151,497.37,478.54,46.29,72.35,0.9249,3,0,-1
722,168,502.80,420.75,25.76,62.78,0.8726,2,2,-1
722,175,76.96,503.39,33.94,86.60,0.9149,2,1,-1
722,181,1852.59,566.31,31.32,96.15,0.7411,2,1,-1
722,185,0.05,430.66,24.42,76.08,0.9095,1,3,-1
722,186,1016.98,490.14,36.42,68.78,0.5680,2,1,-1
723,2,214.51,432.42,33.27,72.53,0.9029,2,2,-1
723,16,620.57,445.02,33.52,66.49,0.9213,2,1,-1
723,36,268.44,472.29,28.63,81.83,0.8847,2,1,-1
723,43,150.86,471.05,28.37,79.26,0.8786,2,1,-1
723,56,562.67,432.32,24.08,62.98,0.7282,2,2,-1
723,71,176.18,434.30,22.85,75.87,0.8277,2,2,-1
723,122,413.53,447.72,32.58,73.81,0.8696,2,2,-1
723,150,469.21,431.28,26.81,71.59,0.8673,2,2,-1
723,151,495.65,480.22,43.42,70.95,0.8931,3,0,-1
723,168,500.02,421.32,27.60,63.67,0.8649,2,2,-1
723,175,76.19,503.01,34.13,86.29,0.9161,2,1,-1
723,181,1852.69,566.26,31.38,96.12,0.6485,2,1,-1
723,185,-0.48,429.95,23.05,76.67,0.8959,1,3,-1
723,186,1029.68,491.12,29.28,67.76,0.8121,2,1,-1
724,2,214.45,432.48,33.49,72.59,0.9007,2,2,-1
724,12,437.51,423.55,22.51,70.33,0.8572,2,2,-1
724,13,410.02,440.76,33.53,80.79,0.8722,2,2,-1
724,16,620.93,445.54,33.29,66.07,0.9187,2,1,-1
724,43,150.75,471.11,28.65,77.57,0.8825,2,1,-1
724,56,562.14,431.05,24.55,64.32,0.6968,2,2,-1
724,71,175.78,434.65,22.66,75.31,0.8302,2,2,-1
724,129,157.17,435.40,22.30,47.13,0.6926,3,0,-1
724,150,469.44,430.61,28.79,72.73,0.8763,2,2,-1
724,151,491.00,481.49,40.56,69.83,0.7691,3,0,-1
724,163,242.16,492.14,33.23,74.54,0.8935,2,2,-1
724,168,494.41,423.65,29.31,62.15,0.8165,2,2,-1
724,175,76.80,502.74,33.80,87.07,0.9110,2,1,-1
724,181,1852.66,566.30,31.60,96.25,0.6663,2,1,-1
724,185,-1.38,429.26,21.06,76.51,0.8398,1,3,-1
724,186,1039.49,511.18,20.43,47.93,0.7951,2,1,-1
725,2,214.06,432.44,34.01,72.59,0.9003,2,2,-1
725,12,437.91,423.55,22.52,71.05,0.8545,2,2,-1
725,16,621.99,445.59,32.59,65.92,0.9136,2,1,-1
725,43,151.19,470.00,28.98,78.15,0.8803,2,1,-1
725,71,175.73,434.33,22.17,73.82,0.8245,2,-1,-1
725,111,494.24,425.84,25.17,52.85,0.8599,2,2,-1
725,122,408.65,446.08,32.87,75.62,0.8755,2,2,-1
725,129,157.17,435.32,22.41,46.89,0.6969,3,0,-1
725,150,468.82,430.89,29.54,72.99,0.8638,2,2,-1
725,151,486.62,482.52,36.20,68.76,0.7817,3,0,-1
725,163,241.88,492.61,32.98,74.27,0.8932,2,2,-1
725,174,561.44,425.10,26.34,70.08,0.7448,2,2,-1
725,175,76.62,502.95,33.56,85.98,0.9151,2,1,-1
725,181,1852.80,566.47,31.77,96.18,0.6963,2,1,-1
725,185,-1.84,428.42,18.78,77.55,0.8266,1,3,-1
725,186,1040.17,493.55,26.00,65.56,0.7847,2,1,-1
726,2,213.65,432.32,34.26,72.64,0.8989,2,2,-1
726,12,438.24,422.84,22.49,71.25,0.8637,2,2,-1
726,16,623.81,445.30,31.52,65.53,0.9126,2,1,-1
726,39,408.36,453.71,31.51,67.66,0.8779,2,1,-1
726,43,151.96,469.38,30.07,79.76,0.8860,2,1,-1
726,71,174.88,434.20,23.31,75.37,0.8324,2,-1,-1
726,129,156.82,435.32,22.37,46.04,0.7265,3,0,-1
726,151,483.78,491.15,30.64,59.87,0.7321,3,0,-1
726,163,241.62,493.71,32.73,71.81,0.8932,2,2,-1
726,168,487.94,426.91,26.77,55.00,0.7759,2,2,-1
726,174,561.45,427.16,26.31,67.98,0.7413,2,2,-1
726,175,76.84,503.37,33.04,84.48,0.9126,2,1,-1
726,181,1852.94,566.81,31.97,95.94,0.7391,2,1,-1
726,185,-2.22,427.60,16.40,78.41,0.8044,1,3,-1
726,186,1045.02,490.90,27.34,68.37,0.6755,2,1,-1
727,2,213.31,432.54,34.69,72.71,0.8980,2,2,-1
727,12,438.49,423.17,22.60,71.38,0.8673,2,2,-1
727,16,627.19,445.51,29.05,65.05,0.9043,2,1,-1
727,43,153.12,469.53,29.89,78.42,0.8823,2,1,-1
727,71,175.15,434.14,23.19,74.27,0.8219,2,-1,-1
727,116,477.54,477.95,32.70,72.19,0.8757,2,2,-1
727,122,402.58,453.63,34.42,68.65,0.8946,2,2,-1
727,129,156.81,435.27,22.73,46.00,0.6846,3,0,-1
727,153,564.71,445.05,22.80,50.84,0.7324,1,3,-1
727,163,241.54,494.06,33.66,71.09,0.8920,2,2,-1
727,168,486.46,428.04,24.33,49.83,0.7324,2,2,-1
727,175,76.31,503.39,33.37,84.70,0.9180,2,1,-1
727,181,1853.00,566.47,32.51,96.50,0.7401,2,1,-1
727,185,-2.01,429.02,13.48,75.69,0.7968,1,3,-1
727,186,1049.34,487.47,29.62,71.53,0.9032,2,1,-1
728,2,212.55,432.52,35.37,72.80,0.8963,2,2,-1
728,8,564.57,440.67,23.37,54.98,0.7431,2,2,-1
728,12,438.97,423.50,22.37,70.74,0.8692,2,2,-1
728,13,396.86,431.94,38.39,89.84,0.9067,2,2,-1
728,16,630.12,445.85,26.58,64.66,0.8870,2,1,-1
728,43,153.87,470.30,30.34,77.39,0.8780,2,1,-1
728,71,174.71,433.94,23.39,73.94,0.8317,2,1,-1
728,116,473.11,476.83,35.76,74.55,0.9076,2,2,-1
728,129,156.72,435.64,23.27,47.07,0.6998,2,-1,-1
728,150,467.27,431.90,23.93,60.88,0.8063,2,2,-1
728,163,240.60,493.18,33.97,71.79,0.8868,2,2,-1
728,175,76.07,503.33,33.36,84.19,0.9186,2,1,-1
728,181,1852.76,566.63,32.75,96.15,0.7669,2,1,-1
728,185,-2.18,428.59,11.89,76.26,0.7443,1,3,-1
728,186,1053.72,508.50,25.14,51.84,0.8116,2,1,-1
729,2,211.87,432.56,35.69,72.39,0.9017,2,2,-1
729,12,439.36,423.47,21.81,70.62,0.8771,2,2,-1
729,16,633.41,445.51,24.29,64.72,0.8858,2,1,-1
729,36,259.31,472.55,32.58,82.25,0.8714,2,1,-1
729,43,154.47,470.37,31.31,77.52,0.8650,2,1,-1
729,54,155.61,435.85,21.12,44.22,0.7781,2,1,-1
729,94,171.98,434.53,25.35,61.67,0.8012,3,0,-1
729,116,467.14,478.25,38.82,73.04,0.9165,2,2,-1
729,122,394.32,452.57,37.89,68.93,0.9011,2,2,-1
729,150,466.51,431.59,23.78,61.93,0.8001,2,2,-1
729,174,560.56,427.21,27.47,67.94,0.7759,2,2,-1
729,175,74.61,503.50,33.50,83.87,0.9213,2,1,-1
729,181,1852.31,566.79,32.95,96.16,0.6732,2,1,-1
729,185,-2.03,431.36,10.80,73.12,0.5771,1,3,-1
729,186,1051.51,487.04,37.20,74.85,0.9064,2,1,-1
730,2,211.08,432.65,35.76,72.52,0.8986,2,2,-1
730,9,482.37,428.57,26.86,71.63,0.8743,2,2,-1
730,12,439.37,423.51,21.46,70.28,0.8773,2,2,-1
730,16,637.11,445.22,22.93,65.19,0.8957,2,1,-1
730,36,258.68,472.04,32.96,82.57,0.8717,2,1,-1
730,43,154.73,469.41,32.05,78.35,0.8656,2,1,-1
730,116,461.13,480.12,41.81,70.85,0.9066,2,2,-1
730,122,390.49,448.91,40.56,72.66,0.9033,2,2,-1
730,174,559.98,424.58,28.37,70.49,0.7918,2,2,-1
730,175,74.18,503.36,33.40,83.81,0.9177,2,1,-1
730,181,1851.68,566.91,33.41,96.13,0.7435,1,-1,-1
730,186,1056.42,487.02,37.64,74.46,0.8626,2,1,-1
731,2,211.13,432.58,35.50,72.26,0.9010,2,2,-1
731,9,482.74,429.15,26.93,71.04,0.8565,2,2,-1
731,12,439.62,423.77,22.13,70.75,0.8884,2,2,-1
731,16,640.43,446.46,22.37,63.13,0.8926,2,1,-1
731,36,257.62,471.42,32.69,82.11,0.8601,2,1,-1
731,43,156.12,469.72,31.76,77.07,0.8386,2,1,-1
731,116,454.92,477.88,46.04,72.93,0.9085,2,2,-1
731,122,388.28,448.90,40.61,72.19,0.9102,2,2,-1
731,129,154.25,436.03,24.00,46.03,0.8455,2,1,-1
731,174,562.31,425.35,27.08,70.25,0.7450,2,2,-1
731,175,74.49,503.25,33.07,83.61,0.9175,2,1,-1
731,181,1851.89,566.88,33.66,96.30,0.6944,1,3,-1
731,186,1060.36,489.09,39.72,75.89,0.8856,2,1,-1
732,2,211.70,432.85,34.96,72.17,0.8994,2,2,-1
732,9,483.50,428.52,26.49,71.71,0.8536,2,2,-1
732,12,439.29,424.20,22.56,70.80,0.8761,2,2,-1
732,16,642.14,446.76,23.71,64.23,0.8878,2,1,-1
732,36,256.59,471.28,32.50,80.61,0.8607,2,1,-1
732,43,157.16,470.94,31.55,76.50,0.7843,2,1,-1
732,116,451.54,484.15,44.27,68.16,0.8988,2,2,-1
732,122,384.99,449.09,39.92,72.05,0.8945,2,2,-1
732,129,153.87,435.95,24.41,45.60,0.8502,2,1,-1
732,150,463.89,432.79,23.51,62.26,0.7777,2,2,-1
732,174,563.31,425.72,26.13,69.91,0.7528,2,2,-1
732,175,74.45,502.93,32.36,84.28,0.9159,2,1,-1
732,181,1852.05,566.96,33.65,95.80,0.6254,1,3,-1
732,186,1073.28,490.71,35.54,75.79,0.7862,2,1,-1
733,2,211.90,433.00,33.54,71.39,0.9072,2,2,-1
733,9,484.24,429.85,26.18,70.58,0.8619,2,2,-1
733,12,439.12,423.59,22.18,70.97,0.8725,2,2,-1
733,16,643.25,446.22,24.96,64.45,0.8804,2,1,-1
733,36,255.03,470.12,31.48,80.35,0.8698,2,1,-1
733,94,171.18,434.41,25.33,60.45,0.8192,3,0,-1
733,122,381.89,449.17,38.39,71.14,0.8795,2,2,-1
733,162,464.28,430.93,24.54,72.04,0.8382,2,2,-1
733,174,564.58,426.76,25.00,68.93,0.7708,2,2,-1
733,175,74.15,502.68,31.66,84.19,0.9145,2,1,-1
733,181,1852.00,567.07,33.75,95.64,0.6409,1,3,-1
734,2,212.07,432.61,32.27,72.19,0.9057,2,2,-1
734,9,484.78,430.08,26.46,70.69,0.8594,2,2,-1
734,12,438.91,423.36,22.35,72.59,0.8727,2,2,-1
734,16,643.24,445.58,27.64,65.45,0.9039,2,1,-1
734,43,160.71,470.48,29.82,72.64,0.6752,2,1,-1
734,54,152.77,435.78,25.81,51.85,0.8421,2,1,-1
734,122,379.91,448.53,36.95,71.87,0.8916,2,2,-1
734,151,449.66,503.23,27.40,48.60,0.7927,3,0,-1
734,162,465.10,430.93,23.79,71.64,0.8550,2,2,-1
734,163,235.83,491.55,30.64,72.03,0.8738,2,2,-1
734,174,563.58,424.18,26.02,71.19,0.7717,2,2,-1
734,175,73.86,502.52,31.56,83.36,0.9222,2,1,-1
734,181,1852.62,566.90,33.78,95.84,0.8473,1,3,-1
734,186,1085.74,491.44,30.41,69.77,0.7653,2,1,-1
735,2,212.58,433.02,31.05,71.35,0.9008,2,2,-1
735,9,486.41,429.71,25.71,70.78,0.8697,2,2,-1
735,12,439.96,422.75,21.10,67.14,0.8418,2,2,-1
735,16,643.82,445.88,28.85,65.28,0.9077,2,1,-1
735,39,443.89,487.12,27.37,64.92,0.8403,2,1,-1
735,54,152.24,436.17,26.97,54.72,0.8557,2,1,-1
735,122,378.11,447.85,34.79,72.46,0.8941,2,2,-1
735,162,465.70,430.69,23.64,72.49,0.8572,2,2,-1
735,163,234.93,491.10,31.10,71.71,0.8853,2,2,-1
735,174,564.95,425.08,25.40,70.20,0.8142,2,2,-1
735,175,74.26,502.03,31.34,83.37,0.9226,2,1,-1
735,181,1852.89,566.93,34.01,95.58,0.7949,1,3,-1
735,186,1092.66,490.05,32.22,74.85,0.6369,1,1,-1
736,2,213.81,433.31,29.52,71.16,0.8983,2,2,-1
736,9,487.58,430.27,25.16,70.13,0.8707,2,2,-1
736,12,441.46,423.25,20.63,59.66,0.8310,2,2,-1
736,16,644.76,445.59,30.44,65.52,0.9096,2,1,-1
736,30,438.45,476.95,28.66,74.60,0.8947,2,2,-1
736,43,161.98,466.66,31.11,76.57,0.8724,2,1,-1
736,47,172.26,434.09,22.90,47.39,0.8341,2,1,-1
736,122,378.39,447.84,31.82,72.21,0.8965,2,2,-1
736,162,466.34,432.08,23.36,70.80,0.7615,2,2,-1
736,163,235.11,490.99,31.75,70.75,0.8715,2,2,-1
736,174,566.39,426.74,24.56,68.53,0.8100,2,2,-1
736,175,74.36,501.78,31.28,83.49,0.9198,2,1,-1
736,181,1853.05,566.92,34.32,95.84,0.8120,1,3,-1
736,186,1096.09,489.02,32.57,76.26,0.8969,2,1,-1
737,2,214.84,433.31,29.07,71.98,0.8969,2,2,-1
737,9,488.90,429.55,24.56,70.71,0.8696,2,2,-1
737,12,440.54,423.59,22.98,67.26,0.8378,2,2,-1
737,16,646.06,446.29,30.90,64.71,0.9042,2,1,-1
737,30,434.49,476.42,30.89,75.19,0.9067,2,2,-1
737,71,151.18,437.25,26.86,68.16,0.8747,2,1,-1
737,122,379.26,447.14,29.45,72.68,0.8968,2,2,-1
737,162,465.86,431.70,23.82,71.38,0.7827,2,2,-1
737,163,234.14,490.39,33.37,70.64,0.8806,2,2,-1
737,174,566.74,426.99,24.42,68.15,0.8101,2,2,-1
737,175,74.47,501.52,31.41,83.39,0.9221,2,1,-1
737,181,1854.06,566.79,34.31,95.93,0.8032,1,3,-1
737,186,1097.28,489.62,36.48,77.33,0.9233,2,1,-1
738,2,216.72,433.19,28.17,73.80,0.8928,2,2,-1
738,9,490.26,429.50,24.00,70.97,0.8719,2,2,-1
738,12,441.72,424.18,22.55,68.60,0.8492,2,2,-1
738,16,648.56,446.69,30.12,64.00,0.9001,2,1,-1
738,30,428.24,475.43,36.21,76.49,0.9202,2,2,-1
738,43,167.76,465.77,30.27,76.33,0.8907,2,1,-1
738,47,173.42,434.22,21.98,42.12,0.8365,2,1,-1
738,122,377.71,446.58,30.32,73.39,0.8909,2,2,-1
738,162,466.32,433.53,22.89,69.17,0.7837,2,2,-1
738,163,232.97,489.47,34.02,72.21,0.8702,2,2,-1
738,174,568.82,428.75,23.32,66.34,0.8368,2,2,-1
738,175,74.81,501.01,31.37,83.74,0.9172,2,1,-1
738,181,1854.59,567.22,34.09,95.63,0.8147,1,3,-1
738,186,1101.80,493.24,39.44,73.16,0.9081,1,1,-1
739,2,218.41,433.86,26.51,73.27,0.8923,2,2,-1
739,9,491.06,429.40,24.19,71.48,0.8797,2,2,-1
739,12,441.65,424.96,22.44,69.50,0.8510,2,2,-1
739,16,651.41,446.45,30.00,64.01,0.8933,2,1,-1
739,30,420.27,474.61,42.60,78.16,0.9155,2,2,-1
739,43,171.54,465.28,28.87,77.11,0.8949,2,1,-1
739,47,174.36,434.19,22.20,43.37,0.8316,2,1,-1
739,71,149.83,437.30,27.95,72.04,0.8800,2,1,-1
739,122,372.11,447.07,35.17,72.71,0.9038,2,2,-1
739,162,466.09,432.91,22.56,70.26,0.8137,2,2,-1
739,163,232.68,489.21,33.27,71.31,0.8706,2,2,-1
739,174,569.17,429.44,23.30,66.19,0.8038,2,2,-1
739,175,74.39,500.76,31.91,83.99,0.9191,2,1,-1
739,181,1855.30,567.50,33.99,95.43,0.7774,1,3,-1
739,186,1108.19,498.43,38.10,69.72,0.5143,1,1,-1
740,2,219.84,434.14,25.50,73.71,0.8930,2,2,-1
740,9,491.59,429.44,24.13,70.90,0.8792,2,2,-1
740,12,442.24,424.94,21.97,69.27,0.8424,2,2,-1
740,16,654.35,448.11,28.11,62.93,0.8128,2,1,-1
740,30,415.79,476.02,45.85,76.70,0.9293,2,2,-1
740,43,173.23,464.06,28.71,77.72,0.8833,2,1,-1
740,47,175.17,434.30,21.49,42.25,0.8213,2,1,-1
740,56,568.16,428.50,24.47,66.76,0.8223,2,2,-1
740,71,149.65,437.58,28.64,71.80,0.8625,2,1,-1
740,122,368.65,446.54,39.73,73.48,0.9063,2,2,-1
740,162,465.72,432.96,22.41,70.89,0.8122,2,2,-1
740,163,232.32,490.15,32.75,69.79,0.8534,2,2,-1
740,175,74.24,500.61,32.04,83.97,0.9165,2,1,-1
740,181,1855.79,567.34,33.99,95.89,0.7409,1,3,-1
741,2,219.98,434.13,24.62,71.87,0.8926,2,2,-1
741,9,491.00,429.54,24.68,70.98,0.8832,2,2,-1
741,12,442.30,424.70,22.51,69.58,0.8337,2,2,-1
741,16,655.61,447.10,28.20,64.23,0.8738,2,1,-1
741,30,412.75,476.76,45.50,76.81,0.9234,2,2,-1
741,43,175.29,464.64,29.63,77.21,0.8865,2,1,-1
741,47,174.43,433.69,22.22,43.91,0.8462,2,1,-1
741,56,568.51,428.63,24.23,67.02,0.8000,2,2,-1
741,71,149.50,437.31,29.74,72.16,0.8718,2,1,-1
741,122,366.98,447.28,40.17,72.82,0.9088,2,2,-1
741,162,465.34,431.91,22.48,71.29,0.8273,2,2,-1
741,163,230.64,489.56,33.60,70.72,0.8469,2,2,-1
741,175,74.02,500.67,32.03,83.53,0.9183,2,1,-1
741,181,1855.95,567.17,33.83,95.88,0.7368,1,3,-1
742,2,219.72,434.31,23.99,68.80,0.8764,2,2,-1
742,9,490.79,429.79,25.05,71.42,0.8850,2,2,-1
742,12,442.72,424.01,24.09,70.73,0.8279,2,2,-1
742,16,656.99,446.92,27.54,64.76,0.8847,2,1,-1
742,30,409.73,478.70,41.73,74.50,0.8328,2,2,-1
742,43,175.84,464.85,31.23,76.96,0.8998,2,1,-1
742,47,175.30,434.25,21.11,41.61,0.8246,2,1,-1
742,56,568.27,428.49,23.98,67.05,0.7821,2,2,-1
742,71,147.61,438.08,30.81,71.92,0.8762,2,1,-1
742,122,365.46,448.17,39.87,71.72,0.9146,2,2,-1
742,124,244.84,468.17,25.81,53.69,0.8387,2,2,-1
742,162,464.87,431.08,22.30,71.78,0.8297,2,2,-1
742,175,73.08,500.59,32.63,83.89,0.9176,2,1,-1
742,181,1856.02,568.36,33.42,94.62,0.7769,1,3,-1
743,2,219.98,434.47,23.20,65.97,0.8868,2,2,-1
743,9,490.37,430.01,25.66,71.28,0.8867,2,2,-1
743,12,441.71,422.48,24.09,71.85,0.8284,2,2,-1
743,13,407.33,479.08,30.61,73.79,0.8182,2,2,-1
743,16,657.82,446.50,26.95,65.11,0.8922,2,1,-1
743,36,243.98,467.48,25.12,77.27,0.8632,2,1,-1
743,43,176.13,464.12,33.79,77.79,0.9097,2,1,-1
743,47,175.45,434.33,20.87,41.62,0.8317,2,1,-1
743,56,567.96,428.92,23.71,66.52,0.7546,2,2,-1
743,71,146.39,437.19,31.14,72.69,0.8848,2,1,-1
743,122,364.38,448.20,37.83,71.81,0.9043,2,2,-1
743,162,464.69,431.79,22.31,71.81,0.8250,2,2,-1
743,175,72.64,500.31,32.44,84.21,0.9151,2,1,-1
743,181,1855.79,567.31,33.68,95.56,0.7806,1,3,-1
743,186,1131.29,498.05,35.01,71.94,0.8153,2,1,-1
744,2,220.47,434.64,22.14,62.27,0.8840,2,2,-1
744,9,490.17,430.16,25.99,71.64,0.8866,2,2,-1
744,12,440.54,425.60,21.39,68.75,0.8108,2,2,-1
744,13,402.94,479.03,29.78,73.50,0.8274,2,2,-1
744,16,658.85,446.54,26.38,64.90,0.8768,2,1,-1
744,36,241.50,466.74,25.74,77.84,0.8411,2,1,-1
744,43,176.85,464.53,36.06,78.49,0.9125,2,1,-1
744,47,175.24,434.44,20.88,42.16,0.8509,2,1,-1
744,56,568.14,429.72,23.24,65.98,0.7392,2,2,-1
744,71,145.36,437.26,29.79,72.13,0.8903,2,1,-1
744,122,364.00,448.28,35.01,71.61,0.8925,2,2,-1
744,162,464.03,431.42,22.51,71.90,0.8484,2,2,-1
744,175,72.66,500.12,32.05,84.34,0.9177,2,1,-1
744,181,1855.92,568.95,33.33,94.11,0.8651,1,3,-1
744,186,1140.02,497.01,32.52,72.54,0.8080,1,1,-1
745,2,220.13,434.53,21.76,60.25,0.8829,2,2,-1
745,9,489.57,430.40,26.59,71.45,0.8926,2,2,-1
745,12,439.93,422.29,22.05,72.12,0.8465,2,2,-1
745,13,398.12,478.39,30.10,74.30,0.9016,2,2,-1
745,16,659.26,446.40,26.27,64.77,0.8445,2,1,-1
745,36,240.73,466.27,26.99,77.19,0.8425,2,1,-1
745,37,386.13,427.19,27.07,75.08,0.8774,2,1,-1
745,43,178.18,464.57,36.24,77.66,0.9133,2,1,-1
745,71,144.37,437.70,28.10,71.46,0.8959,2,1,-1
745,94,175.32,434.51,20.78,47.45,0.8413,3,0,-1
745,122,363.36,447.57,30.35,71.56,0.8973,2,2,-1
745,162,463.04,431.80,23.13,71.47,0.8606,2,2,-1
745,174,569.53,433.43,21.20,62.16,0.7339,2,2,-1
745,175,72.45,499.62,31.59,85.07,0.9185,2,1,-1
745,181,1855.73,568.78,33.35,94.23,0.8137,1,3,-1
745,186,1143.74,496.83,32.98,73.29,0.8468,2,1,-1
746,2,219.93,434.95,21.84,59.83,0.8725,2,2,-1
746,9,489.57,430.67,26.79,71.37,0.8955,2,2,-1
746,12,439.97,422.97,24.10,72.42,0.8759,2,2,-1
746,13,392.71,476.75,32.26,75.34,0.8918,2,2,-1
746,16,659.94,445.39,26.94,66.13,0.8808,2,1,-1
746,36,237.22,465.79,29.73,78.66,0.8460,2,1,-1
746,37,384.92,427.68,26.45,66.59,0.8712,2,1,-1
746,43,180.46,463.79,35.51,77.05,0.8758,2,1,-1
746,71,144.05,437.91,27.71,72.17,0.8745,2,1,-1
746,94,175.47,434.31,20.36,45.08,0.8056,3,0,-1
746,122,361.95,447.04,25.25,71.95,0.8977,2,2,-1
746,162,462.40,431.11,23.78,71.78,0.8617,2,2,-1
746,174,569.16,433.45,21.18,62.17,0.7358,2,2,-1
746,175,71.89,499.09,31.86,85.52,0.9182,2,1,-1
746,181,1855.22,567.37,33.81,95.36,0.7956,1,3,-1
746,186,1146.53,493.52,34.69,76.03,0.6392,2,1,-1
747,2,219.31,434.95,22.87,63.38,0.8666,2,2,-1
747,9,489.16,430.64,26.88,71.44,0.8956,2,2,-1
747,12,438.63,423.11,25.62,71.59,0.8823,2,2,-1
747,13,389.56,479.64,33.89,73.09,0.9046,2,2,-1
747,16,661.00,445.52,26.66,65.64,0.8723,2,1,-1
747,37,382.58,427.32,28.17,66.75,0.8746,2,1,-1
747,43,182.58,463.35,34.15,75.73,0.8823,2,1,-1
747,56,566.72,424.96,24.20,70.41,0.8028,2,2,-1
747,71,143.73,438.83,26.77,71.54,0.8953,2,1,-1
747,94,175.41,434.33,20.60,46.03,0.8274,3,0,-1
747,122,359.04,447.05,23.17,72.03,0.9015,2,2,-1
747,162,462.10,430.59,24.41,72.18,0.8579,2,2,-1
747,163,225.58,487.57,33.81,72.04,0.8486,2,2,-1
747,175,71.46,498.65,32.00,85.99,0.9204,2,1,-1
747,181,1855.34,567.51,33.68,95.34,0.8058,1,3,-1
747,186,1148.65,493.84,38.83,76.82,0.8059,2,1,-1
748,2,218.96,434.94,23.43,65.33,0.8592,2,2,-1
748,9,489.35,430.90,26.44,71.25,0.8946,2,2,-1
748,12,436.25,421.44,28.11,73.29,0.8869,2,2,-1
748,16,661.27,445.46,26.36,65.80,0.8464,2,1,-1
748,30,381.02,478.84,42.10,74.55,0.9202,2,2,-1
748,37,381.37,427.71,29.71,63.09,0.8851,2,1,-1
748,43,185.53,462.99,33.16,76.31,0.8767,2,1,-1
748,56,566.69,423.99,24.22,71.28,0.8127,2,2,-1
748,71,143.04,438.39,27.24,72.76,0.8766,2,1,-1
748,94,174.79,434.36,20.22,46.74,0.8277,3,0,-1
748,122,355.97,446.67,22.72,72.99,0.8909,2,2,-1
748,162,461.80,430.93,25.16,71.58,0.8512,2,2,-1
748,163,224.56,486.85,34.15,72.24,0.8612,2,2,-1
748,175,71.09,498.42,32.06,85.78,0.9218,2,1,-1
748,181,1855.22,567.50,33.72,95.48,0.8221,1,3,-1
749,2,218.71,435.25,23.13,65.70,0.8604,2,2,-1
749,9,488.81,430.98,26.47,71.12,0.8947,2,2,-1
749,12,435.11,420.75,28.59,71.98,0.8897,2,2,-1
749,16,661.87,446.34,26.30,64.91,0.8515,2,1,-1
749,30,375.89,477.68,43.92,75.34,0.9126,2,2,-1
749,43,190.06,461.63,30.40,75.66,0.8743,2,1,-1
749,54,173.95,433.84,22.34,76.73,0.8570,2,1,-1
749,56,565.94,424.09,24.66,71.24,0.8433,2,2,-1
749,71,142.26,438.78,26.46,71.71,0.9019,2,1,-1
749,122,351.73,446.40,24.14,72.48,0.8987,2,2,-1
749,162,461.07,430.28,25.96,71.92,0.8560,2,2,-1
749,163,223.84,485.66,32.56,73.37,0.8931,2,2,-1
749,175,70.62,497.85,31.89,85.74,0.9246,2,1,-1
749,181,1855.08,567.45,33.68,95.33,0.7980,1,3,-1
750,2,218.31,435.18,23.21,66.05,0.8495,2,2,-1
750,9,488.18,430.96,26.74,71.07,0.8937,2,2,-1
750,12,433.72,421.30,28.82,72.39,0.8973,2,2,-1
750,16,662.88,444.19,27.39,66.81,0.9066,2,-1,-1
750,30,370.96,474.62,45.41,78.69,0.9070,2,2,-1
750,43,193.83,461.54,28.44,75.34,0.8652,2,1,-1
750,54,174.07,433.74,20.89,76.89,0.8492,2,1,-1
750,56,565.35,424.55,25.08,70.91,0.8200,2,2,-1
750,71,141.58,439.25,27.46,71.60,0.8975,2,1,-1
750,122,347.21,446.20,26.60,72.52,0.8947,2,2,-1
750,162,461.01,430.80,26.33,71.40,0.8562,2,2,-1
750,163,223.26,485.21,31.66,73.89,0.8686,2,2,-1
750,175,69.73,497.77,32.16,84.65,0.9245,2,1,-1
750,181,1854.88,567.18,33.81,95.81,0.7735,1,3,-1
