3,1,314.42,743.60,39.67,103.88,0.9219,2,-1,-1
3,2,551.78,527.46,39.00,73.18,0.9305,2,-1,-1
3,3,764.93,673.68,56.07,89.23,0.9205,2,-1,-1
3,4,443.28,592.79,36.63,84.62,0.9242,2,-1,-1
3,5,90.58,680.31,47.36,96.25,0.9284,2,-1,-1
3,6,1003.86,548.64,28.19,77.58,0.9180,2,-1,-1
3,7,415.88,510.99,27.00,66.75,0.9206,2,-1,-1
3,8,187.76,544.13,29.72,78.10,0.8932,2,-1,-1
3,9,34.20,535.46,31.09,69.94,0.9165,2,-1,-1
3,10,767.97,452.30,25.56,59.34,0.9102,2,-1,-1
3,11,625.49,493.18,27.17,63.51,0.9111,2,-1,-1
3,12,506.99,454.48,24.43,55.41,0.9084,2,-1,-1
3,13,911.12,591.15,26.41,78.80,0.9130,2,-1,-1
3,14,279.23,547.82,28.76,72.60,0.9063,2,-1,-1
3,15,334.22,532.37,21.54,74.08,0.9114,2,-1,-1
3,16,1538.76,799.71,52.68,115.01,0.5729,3,-1,-1
3,17,860.75,459.22,21.65,63.33,0.8985,2,-1,-1
3,18,230.61,448.92,24.58,53.36,0.8948,2,-1,-1
3,19,652.27,417.38,20.08,50.52,0.8785,2,-1,-1
3,20,202.95,486.99,22.22,63.81,0.8176,2,-1,-1
3,21,252.88,359.42,19.19,35.38,0.8216,3,-1,-1
4,1,311.13,744.13,36.56,103.77,0.9179,2,-1,-1
4,2,550.84,528.62,38.79,72.51,0.9292,2,-1,-1
4,3,763.19,673.98,56.29,90.46,0.9011,2,-1,-1
4,4,438.30,594.75,41.16,83.31,0.9309,2,-1,-1
4,5,88.45,681.80,47.17,95.74,0.9346,2,-1,-1
4,6,1002.78,549.70,28.25,77.17,0.9190,2,-1,-1
4,7,413.48,511.80,28.61,66.81,0.9267,2,-1,-1
4,8,187.52,544.45,30.54,78.66,0.9195,2,-1,-1
4,9,34.19,536.70,29.51,68.69,0.9123,2,-1,-1
4,10,767.37,453.09,22.61,59.16,0.9025,2,-1,-1
4,11,624.64,493.72,24.69,63.43,0.9021,2,-1,-1
4,12,505.82,455.72,25.55,55.04,0.9157,2,-1,-1
4,13,910.17,591.82,23.90,79.06,0.9088,2,-1,-1
4,14,278.21,549.84,29.39,72.08,0.9099,2,-1,-1
4,15,331.60,534.16,22.56,74.11,0.9149,2,-1,-1
4,16,1536.41,800.14,51.09,116.27,0.7352,3,-1,-1
4,17,858.20,460.37,21.61,63.84,0.8999,2,-1,-1
4,18,229.37,449.69,22.89,52.87,0.8883,2,-1,-1
4,19,637.63,430.08,20.85,49.80,0.8746,2,-1,-1
4,20,202.76,488.18,21.91,63.08,0.8707,2,-1,-1
4,21,252.67,360.17,18.72,35.33,0.8439,3,-1,-1
4,0,276.16,613.47,10.57,10.61,1.0,0,-1,-1
5,1,309.10,746.38,35.38,101.74,0.9271,2,-1,-1
5,2,550.24,529.38,37.84,72.79,0.9269,2,-1,-1
5,3,758.46,674.56,58.48,89.44,0.9064,2,-1,-1
5,4,435.05,596.37,44.32,82.43,0.9336,2,-1,-1
5,5,86.43,681.87,46.45,96.43,0.9289,2,-1,-1
5,6,1001.72,550.66,28.31,77.18,0.9187,2,-1,-1
5,7,411.80,512.18,30.54,67.34,0.9219,2,-1,-1
5,8,186.65,545.81,31.35,78.29,0.9179,2,-1,-1
5,9,33.93,537.43,28.96,70.08,0.9132,2,-1,-1
5,10,766.63,453.99,19.50,58.68,0.9030,2,-1,-1
5,11,623.34,494.47,23.01,63.55,0.9039,2,-1,-1
5,12,505.08,456.06,26.14,55.61,0.9057,2,-1,-1
5,13,908.46,592.52,23.89,78.38,0.9080,2,-1,-1
5,14,277.19,551.03,30.17,72.74,0.9109,2,-1,-1
5,15,328.37,535.47,25.01,73.89,0.9212,2,-1,-1
5,16,1535.66,800.90,44.14,116.48,0.9003,3,-1,-1
5,17,854.02,461.50,23.71,63.32,0.9072,2,-1,-1
5,18,228.41,450.39,22.10,52.90,0.8852,2,-1,-1
5,19,636.67,431.16,21.32,50.40,0.8744,2,-1,-1
5,20,201.89,488.93,22.35,63.26,0.8526,2,-1,-1
5,21,252.76,360.95,18.07,34.49,0.8512,3,-1,-1
6,1,305.77,748.13,38.04,101.03,0.9370,2,-1,-1
6,2,549.16,529.83,36.68,72.71,0.9238,2,-1,-1
6,3,755.93,675.52,60.63,89.56,0.9182,2,-1,-1
6,4,433.50,597.31,45.48,82.99,0.9277,2,-1,-1
6,5,83.89,682.41,45.19,96.29,0.9219,2,-1,-1
6,6,1000.73,551.54,28.26,76.80,0.9216,2,-1,-1
6,7,410.65,513.06,31.44,66.50,0.9175,2,-1,-1
6,8,185.81,546.17,31.83,78.34,0.9240,2,-1,-1
6,9,33.60,538.85,28.16,71.23,0.9153,2,-1,-1
6,10,764.44,454.75,18.91,58.58,0.8962,2,-1,-1
6,11,621.82,494.40,21.69,64.21,0.9050,2,-1,-1
6,12,504.66,456.53,26.05,55.90,0.8931,2,-1,-1
6,13,904.29,593.34,25.17,78.40,0.9111,2,-1,-1
6,14,275.53,552.00,31.16,73.97,0.9149,2,-1,-1
6,15,325.71,536.35,27.33,77.10,0.9172,2,-1,-1
6,16,1534.06,801.25,39.78,116.54,0.8789,3,-1,-1
6,17,850.19,462.74,26.96,63.99,0.9083,2,-1,-1
6,18,226.61,451.05,22.17,52.50,0.8782,2,-1,-1
6,19,635.55,432.37,21.64,51.29,0.8761,2,-1,-1
6,20,201.53,489.04,23.38,65.06,0.8633,2,-1,-1
6,21,252.90,361.94,17.65,33.34,0.8457,3,-1,-1
7,1,301.51,749.32,42.96,100.90,0.9333,2,-1,-1
7,2,547.11,529.92,34.53,73.83,0.9230,2,-1,-1
7,3,753.89,676.75,62.56,89.33,0.9217,2,-1,-1
7,4,432.65,597.90,44.83,82.81,0.9239,2,-1,-1
7,5,82.41,683.02,44.30,95.62,0.9146,2,-1,-1
7,6,999.56,551.85,28.52,76.91,0.9223,2,-1,-1
7,7,410.06,513.01,32.94,67.23,0.9182,2,-1,-1
7,8,185.33,547.32,32.12,77.84,0.9247,2,-1,-1
7,9,32.98,539.75,28.07,72.63,0.9191,2,-1,-1
7,10,760.82,454.92,20.50,60.46,0.9030,2,-1,-1
7,11,619.72,494.50,21.52,64.39,0.9066,2,-1,-1
7,12,503.36,456.87,23.27,55.63,0.8911,2,-1,-1
7,13,899.33,594.42,27.76,78.36,0.8987,2,-1,-1
7,14,274.30,552.99,31.65,74.65,0.9144,2,-1,-1
7,15,323.91,537.21,29.37,76.96,0.9159,2,-1,-1
7,16,1532.37,801.73,36.87,116.62,0.8591,3,-1,-1
7,17,848.61,463.05,28.98,64.03,0.9176,2,-1,-1
7,18,225.30,451.28,23.07,53.34,0.8892,2,-1,-1
7,19,634.72,432.74,20.97,51.28,0.8802,2,-1,-1
7,20,201.15,491.42,23.39,63.50,0.8540,2,-1,-1
7,21,252.82,363.10,18.03,33.42,0.8429,3,-1,-1
8,1,295.07,750.74,49.31,102.54,0.9383,2,2,-1
8,2,545.16,530.67,30.55,73.86,0.9118,2,2,-1
8,3,752.04,676.91,63.96,89.31,0.9257,2,2,-1
8,4,431.17,598.29,40.04,83.03,0.9178,2,1,-1
8,5,81.25,684.07,43.85,96.01,0.9148,2,1,-1
8,6,998.63,552.84,28.52,75.88,0.9162,2,2,-1
8,7,409.57,513.67,32.50,66.96,0.9207,3,0,-1
8,8,184.16,547.67,32.90,78.45,0.9222,2,1,-1
8,9,32.16,540.89,28.26,73.64,0.9178,2,2,-1
8,10,758.24,455.87,22.40,60.65,0.9018,2,2,-1
8,11,618.39,495.20,21.28,64.51,0.9069,2,2,-1
8,12,503.31,457.15,21.62,55.49,0.8917,2,1,-1
8,13,893.04,595.15,32.95,79.52,0.9197,2,1,-1
8,14,272.81,554.04,31.88,74.60,0.9092,2,1,-1
8,15,322.41,538.18,30.32,78.10,0.9176,2,2,-1
8,16,1530.71,802.24,34.80,117.65,0.8903,3,0,-1
8,17,848.07,463.79,31.07,64.30,0.9223,2,1,-1
8,18,224.66,453.25,22.58,50.75,0.8949,2,-1,-1
8,19,634.16,433.48,20.51,50.71,0.8829,2,2,-1
8,20,200.76,492.28,23.53,62.91,0.8337,2,-1,-1
8,21,252.55,363.70,18.44,33.48,0.8562,3,0,-1
8,23,652.19,421.28,17.70,52.23,0.8832,2,-1,-1
9,1,289.13,752.62,54.62,102.46,0.9324,2,2,-1
9,2,543.53,530.96,26.64,74.31,0.9135,2,2,-1
9,3,748.95,677.45,65.99,89.40,0.9025,2,2,-1
9,4,431.25,599.15,41.32,83.39,0.9165,2,1,-1
9,5,79.78,684.97,42.59,95.64,0.9207,2,1,-1
9,6,996.85,553.74,29.13,77.14,0.9195,2,2,-1
9,7,408.42,514.02,32.37,66.73,0.9271,3,0,-1
9,8,183.68,548.91,32.20,77.79,0.9230,2,1,-1
9,9,31.47,542.61,28.54,72.61,0.9238,2,2,-1
9,10,755.17,456.59,24.29,60.86,0.9121,2,2,-1
9,11,616.47,495.67,21.77,64.67,0.9050,2,2,-1
9,12,502.05,457.79,19.91,55.65,0.8928,2,1,-1
9,13,889.37,596.47,35.12,79.69,0.9208,2,1,-1
9,14,271.86,555.09,30.94,74.14,0.8929,2,1,-1
9,15,321.76,539.06,30.22,76.98,0.9165,2,2,-1
9,16,1528.10,803.52,33.86,116.62,0.8516,3,0,-1
9,17,847.27,464.98,31.24,64.89,0.9133,2,1,-1
9,18,223.59,454.09,23.59,51.52,0.8976,2,-1,-1
9,19,633.89,433.87,20.60,51.22,0.8835,2,2,-1
9,20,200.21,493.66,23.63,62.64,0.8397,2,-1,-1
9,21,251.95,364.22,19.66,33.85,0.8512,3,0,-1
9,23,652.20,422.36,17.59,51.14,0.8763,2,-1,-1
10,1,286.48,754.24,56.60,102.51,0.9370,2,2,-1
10,2,541.84,532.31,25.51,73.91,0.9188,2,2,-1
10,3,746.36,678.66,66.48,88.90,0.8926,2,2,-1
10,4,429.25,599.04,37.56,84.43,0.9098,2,1,-1
10,5,78.11,686.37,40.91,95.89,0.9230,2,1,-1
10,6,995.20,555.08,29.71,77.40,0.9223,2,2,-1
10,7,406.86,514.17,31.87,67.27,0.9319,3,0,-1
10,8,182.92,550.12,32.23,77.92,0.9149,2,1,-1
10,9,29.62,543.98,29.81,72.76,0.9303,2,2,-1
10,10,753.88,457.43,25.28,61.14,0.9147,2,2,-1
10,11,614.52,496.82,22.42,65.07,0.9054,2,2,-1
10,12,500.91,458.27,18.48,57.19,0.8870,2,1,-1
10,13,885.69,597.56,37.39,79.69,0.9284,2,1,-1
10,14,270.66,555.92,29.26,73.50,0.9008,2,1,-1
10,15,321.11,540.26,29.67,77.18,0.9153,2,2,-1
10,16,1523.39,804.83,34.36,116.22,0.7108,3,0,-1
10,17,846.58,465.42,28.07,64.69,0.9126,2,1,-1
10,18,222.71,454.93,23.94,51.08,0.8973,2,-1,-1
10,19,633.07,434.94,20.26,50.73,0.8888,2,2,-1
10,20,199.67,497.86,21.88,58.83,0.8348,2,-1,-1
10,21,250.75,365.51,19.21,32.91,0.8476,3,0,-1
10,23,651.86,423.34,17.44,51.16,0.8810,2,-1,-1
11,1,284.54,755.40,59.14,103.23,0.9336,2,2,-1
11,2,539.39,533.33,25.55,72.93,0.9186,2,2,-1
11,3,744.95,679.79,65.66,88.49,0.8834,2,2,-1
11,4,425.97,599.43,32.67,84.18,0.9072,2,1,-1
11,5,76.03,687.94,42.41,95.21,0.9332,2,1,-1
11,6,993.30,556.83,30.41,76.97,0.9198,2,2,-1
11,7,405.71,515.18,30.90,66.89,0.9230,3,0,-1
11,8,182.30,550.89,31.66,77.78,0.9125,2,1,-1
11,9,28.32,544.95,30.20,73.17,0.9277,2,2,-1
11,10,752.47,458.89,26.00,60.57,0.9178,2,2,-1
11,11,612.22,497.80,24.10,64.95,0.9082,2,2,-1
11,12,499.59,458.62,17.53,56.36,0.8918,2,1,-1
11,13,883.26,598.53,40.69,79.73,0.9290,2,1,-1
11,14,269.03,556.62,27.15,72.96,0.9102,2,1,-1
11,15,320.14,540.90,27.74,77.42,0.9098,2,2,-1
11,16,1517.81,807.10,35.25,114.66,0.6436,3,0,-1
11,17,846.56,466.09,29.36,68.15,0.9082,2,1,-1
11,18,221.93,455.39,24.70,51.61,0.8956,2,1,-1
11,19,632.51,435.15,20.49,51.40,0.8888,2,2,-1
11,20,199.88,496.55,21.95,61.61,0.7978,2,-1,-1
11,21,250.11,366.20,18.70,32.70,0.8582,3,0,-1
11,23,651.63,424.94,17.14,50.26,0.8796,2,1,-1
12,1,283.61,756.73,58.23,103.31,0.9382,2,2,-1
12,2,536.96,535.10,27.62,73.10,0.9207,2,2,-1
12,3,743.30,680.52,64.42,89.44,0.9037,2,2,-1
12,4,424.32,600.20,29.74,85.93,0.9114,2,1,-1
12,5,72.37,688.99,44.25,96.14,0.9266,2,1,-1
12,6,991.92,558.01,30.77,77.29,0.9181,2,2,-1
12,7,404.06,516.15,28.61,66.16,0.9158,3,0,-1
12,8,180.98,551.69,31.00,77.61,0.9137,2,1,-1
12,9,26.69,545.65,30.58,73.13,0.9229,2,2,-1
12,10,751.36,459.85,26.38,61.16,0.9189,2,2,-1
12,11,608.15,499.33,27.73,66.38,0.9162,2,2,-1
12,12,498.63,459.69,18.03,55.76,0.8906,2,1,-1
12,13,881.15,599.54,42.15,79.60,0.9305,2,1,-1
12,14,267.06,557.60,26.35,73.09,0.9111,2,1,-1
12,15,318.55,541.39,25.30,77.59,0.9107,2,2,-1
12,16,1512.16,808.45,36.86,114.27,0.5697,3,0,-1
12,17,845.95,466.42,25.13,65.25,0.9068,2,1,-1
12,18,221.27,456.30,23.79,50.69,0.8885,2,1,-1
12,19,631.80,436.17,20.20,51.35,0.8783,2,2,-1
12,20,202.30,514.96,16.42,44.25,0.6368,2,-1,-1
12,21,249.48,366.17,18.87,34.40,0.8505,3,0,-1
12,23,650.90,425.72,17.30,50.67,0.8611,2,1,-1
13,1,281.20,757.33,55.31,103.00,0.9398,2,2,-1
13,2,534.10,536.22,29.80,74.51,0.9204,2,2,-1
13,3,742.52,681.48,62.57,88.64,0.9167,2,2,-1
13,4,422.11,601.12,27.36,84.28,0.9056,2,1,-1
13,5,68.76,689.73,46.78,96.87,0.9264,2,1,-1
13,6,990.83,559.83,30.99,76.74,0.9202,2,2,-1
13,7,402.06,516.02,26.81,66.58,0.9150,3,0,-1
13,8,178.69,552.92,29.23,76.66,0.9063,2,1,-1
13,9,25.19,546.68,30.50,73.40,0.9208,2,2,-1
13,10,749.90,460.87,26.91,60.79,0.9271,2,2,-1
13,11,607.37,500.29,28.05,65.35,0.9142,2,2,-1
13,12,496.77,461.00,18.92,57.13,0.8906,2,1,-1
13,13,879.05,600.46,42.45,79.07,0.9295,2,1,-1
13,14,265.72,558.60,26.16,73.41,0.9166,2,1,-1
13,15,316.75,541.60,23.31,77.26,0.9112,2,2,-1
13,17,845.56,467.14,22.31,65.81,0.9102,2,1,-1
13,18,220.62,456.79,24.11,51.95,0.8863,2,1,-1
13,19,630.93,437.28,20.19,50.94,0.8904,2,2,-1
13,20,198.02,501.43,21.57,58.58,0.7954,2,-1,-1
13,21,249.46,366.83,17.87,33.74,0.8442,3,0,-1
13,23,649.88,425.93,17.97,51.73,0.8780,2,1,-1
14,1,278.49,758.68,52.78,102.40,0.9330,2,2,-1
14,2,531.02,537.78,31.74,74.04,0.9205,2,2,-1
14,3,740.28,682.30,61.13,87.99,0.9211,2,2,-1
14,4,420.09,603.68,26.80,83.53,0.9016,2,1,-1
14,5,66.50,690.66,48.83,96.90,0.9329,2,1,-1
14,6,989.43,560.69,31.45,78.06,0.9199,2,2,-1
14,7,400.56,516.33,25.21,66.72,0.9151,3,0,-1
14,8,177.40,553.92,28.02,76.60,0.9002,2,1,-1
14,9,23.09,547.90,30.38,72.77,0.9234,2,2,-1
14,10,748.08,462.25,26.78,60.08,0.9204,2,2,-1
14,11,607.11,501.46,28.07,64.96,0.9170,2,2,-1
14,12,493.97,461.74,20.45,57.17,0.8935,2,1,-1
14,13,878.72,601.72,40.67,79.71,0.9305,2,1,-1
14,14,263.31,559.75,27.08,75.23,0.9181,2,1,-1
14,15,315.28,542.79,21.37,76.84,0.9095,2,2,-1
14,16,1505.48,811.99,39.97,113.01,0.5537,3,0,-1
14,17,844.60,467.66,19.67,65.21,0.9080,2,1,-1
14,18,220.19,458.27,23.64,51.48,0.8739,2,1,-1
14,19,629.33,438.49,20.89,50.31,0.8911,2,2,-1
14,20,196.78,502.21,21.32,57.94,0.8028,2,-1,-1
14,21,248.44,367.06,18.02,34.36,0.8690,3,0,-1
14,23,648.86,426.78,17.81,51.06,0.8733,2,1,-1
15,1,272.66,758.16,43.77,104.35,0.9270,2,2,-1
15,2,528.63,539.15,32.79,73.88,0.9211,2,2,-1
15,3,738.17,682.85,60.67,88.57,0.9110,2,2,-1
15,4,416.17,604.95,29.15,84.29,0.9089,2,1,-1
15,5,64.57,691.94,48.68,96.47,0.9266,2,1,-1
15,6,988.31,561.63,30.84,77.86,0.9191,2,2,-1
15,7,398.94,516.74,24.43,66.93,0.9065,3,0,-1
15,8,176.36,554.24,26.00,76.88,0.8980,2,1,-1
15,9,20.75,548.26,30.09,72.31,0.9200,2,2,-1
15,10,746.79,462.21,26.53,60.51,0.9147,2,2,-1
15,11,605.58,502.42,28.31,64.88,0.9216,2,2,-1
15,12,491.28,462.98,21.89,56.86,0.8957,2,1,-1
15,13,879.80,602.63,35.46,78.88,0.9246,2,1,-1
15,14,261.81,561.52,27.43,75.58,0.9119,2,1,-1
15,15,313.57,543.21,20.84,77.43,0.9097,2,2,-1
15,17,843.00,468.34,18.76,65.19,0.8961,2,1,-1
15,18,218.85,458.81,23.12,52.09,0.8656,2,1,-1
15,19,628.25,439.96,20.82,49.75,0.8922,2,2,-1
15,20,194.39,498.80,22.93,62.07,0.8138,2,-1,-1
15,21,247.15,367.97,17.86,33.47,0.8399,3,0,-1
15,23,648.21,427.86,17.85,50.38,0.8810,2,1,-1
16,1,270.06,759.28,39.63,103.97,0.9342,2,2,-1
16,2,526.39,539.97,33.19,74.10,0.9300,2,2,-1
16,3,736.56,683.83,58.84,87.40,0.9046,2,2,-1
16,4,411.63,606.29,32.48,84.45,0.9136,2,1,-1
16,5,62.81,693.15,48.51,96.30,0.9261,2,1,-1
16,6,986.89,563.23,30.14,77.38,0.9152,2,2,-1
16,7,396.51,517.41,24.54,66.75,0.9051,3,0,-1
16,8,174.42,555.21,24.48,76.63,0.9025,2,1,-1
16,9,17.96,550.14,29.74,70.78,0.9230,2,2,-1
16,10,745.32,463.21,25.73,60.72,0.9043,2,2,-1
16,11,603.49,502.98,28.45,64.77,0.9152,2,2,-1
16,12,488.96,463.65,22.99,56.86,0.8973,2,1,-1
16,13,878.44,603.27,29.63,78.54,0.9122,2,1,-1
16,14,259.59,562.64,27.62,74.81,0.9111,2,1,-1
16,15,311.01,543.76,20.54,76.92,0.9061,2,2,-1
16,16,1496.99,814.18,47.17,112.82,0.7669,3,0,-1
16,17,840.83,469.76,18.56,64.30,0.8948,2,1,-1
16,18,217.09,459.84,21.26,50.54,0.8494,2,1,-1
16,19,626.36,441.20,20.94,49.44,0.8902,2,2,-1
16,20,198.26,481.75,24.97,62.69,0.7147,2,-1,-1
16,21,247.18,368.81,18.58,33.37,0.7341,3,0,-1
16,23,646.45,428.54,18.52,50.28,0.8916,2,1,-1
17,1,265.84,760.45,37.94,103.69,0.9334,2,2,-1
17,2,524.22,540.61,32.82,74.17,0.9260,2,2,-1
17,3,733.36,684.91,59.30,87.23,0.9013,2,2,-1
17,4,406.47,607.66,36.84,84.77,0.9218,2,1,-1
17,5,60.66,693.69,47.41,97.12,0.9251,2,1,-1
17,6,985.74,563.41,29.92,78.15,0.9242,2,2,-1
17,7,394.69,517.37,24.50,67.13,0.9158,3,0,-1
17,8,172.42,556.14,23.30,75.77,0.9041,2,1,-1
17,9,15.02,550.63,31.14,70.70,0.9238,2,2,-1
17,10,744.58,463.73,23.97,60.43,0.9109,2,2,-1
17,11,601.24,503.12,28.14,65.35,0.9118,2,2,-1
17,12,487.22,464.48,23.37,56.11,0.8986,2,1,-1
17,13,877.70,603.91,25.41,79.07,0.9079,2,1,-1
17,14,257.03,563.79,28.94,73.73,0.9084,2,1,-1
17,15,307.29,544.97,22.34,75.80,0.9094,2,2,-1
17,16,1493.20,814.77,47.43,112.44,0.5748,3,0,-1
17,17,838.55,470.57,19.72,63.37,0.8875,2,1,-1
17,18,215.55,459.41,19.73,50.32,0.8737,2,1,-1
17,19,624.55,441.67,21.68,50.65,0.8915,2,2,-1
17,20,195.62,481.34,27.56,61.70,0.8187,2,-1,-1
17,21,245.44,368.77,18.44,33.00,0.5176,3,0,-1
17,23,644.96,428.70,18.98,49.76,0.8871,2,1,-1
18,1,258.53,761.65,39.96,102.60,0.9364,2,2,-1
18,2,521.78,540.43,32.17,74.80,0.9265,2,2,-1
18,3,731.03,686.80,59.25,85.32,0.9238,2,2,-1
18,4,403.64,608.17,38.59,85.39,0.9308,2,1,-1
18,5,57.25,693.86,47.26,97.68,0.9141,2,1,-1
18,6,984.31,563.35,29.14,79.15,0.9239,2,2,-1
18,7,392.35,518.14,24.67,66.91,0.9089,3,0,-1
18,8,170.85,556.34,23.85,75.14,0.9045,2,1,-1
18,9,11.15,551.17,33.91,71.69,0.9191,2,2,-1
18,10,743.75,464.03,22.73,60.67,0.9143,2,2,-1
18,11,598.36,503.55,26.90,65.47,0.9039,2,2,-1
18,12,485.70,465.27,23.73,55.24,0.9070,2,1,-1
18,13,877.07,603.78,21.97,79.60,0.9069,2,1,-1
18,14,254.69,564.68,29.67,74.73,0.9101,2,1,-1
18,15,303.32,545.35,24.71,76.18,0.9106,2,2,-1
18,16,1490.42,814.18,45.65,113.15,0.7589,3,0,-1
18,17,835.80,471.23,22.84,63.22,0.9015,2,1,-1
18,18,213.71,460.62,18.60,49.57,0.8546,2,1,-1
18,19,623.05,441.97,22.43,51.85,0.8873,2,2,-1
18,20,190.49,481.87,34.04,82.02,0.8287,2,-1,-1
18,21,243.66,368.93,18.45,33.46,0.7431,3,0,-1
18,23,643.37,429.28,19.53,49.94,0.8856,2,1,-1
19,1,251.44,762.72,44.89,105.27,0.9322,2,2,-1
19,2,519.92,540.58,31.27,74.81,0.9201,2,2,-1
19,3,729.91,687.32,59.45,85.76,0.9287,2,2,-1
19,4,402.27,609.06,38.23,84.97,0.9153,2,1,-1
19,5,54.97,694.22,44.52,97.40,0.9177,2,1,-1
19,6,983.24,563.64,28.36,78.76,0.9195,2,2,-1
19,7,390.11,518.75,26.04,67.14,0.9195,3,0,-1
19,8,168.77,556.93,26.17,76.06,0.9040,2,1,-1
19,9,9.47,551.97,35.69,72.98,0.9211,2,2,-1
19,10,742.74,464.69,21.65,59.91,0.9067,2,2,-1
19,11,595.73,503.58,25.48,65.60,0.9049,2,2,-1
19,12,484.30,465.61,23.27,55.78,0.8925,2,1,-1
19,13,873.38,604.41,21.32,78.84,0.9051,2,1,-1
19,14,251.71,566.10,31.42,75.87,0.9227,2,1,-1
19,15,298.23,545.93,28.13,76.31,0.9163,2,2,-1
19,16,1488.50,814.27,41.42,113.01,0.8329,3,0,-1
19,17,832.98,471.42,25.82,64.59,0.9067,2,1,-1
19,18,213.39,460.61,17.96,52.51,0.8603,2,1,-1
19,19,621.70,443.12,22.53,50.39,0.8966,2,2,-1
19,20,189.03,487.89,30.29,77.64,0.8081,2,-1,-1
19,23,642.56,429.96,19.38,49.21,0.8836,2,1,-1
20,1,243.31,764.25,53.51,105.70,0.9353,2,2,-1
20,2,517.59,541.14,28.55,74.31,0.9159,2,2,-1
20,3,726.44,687.51,61.86,86.08,0.9303,2,2,-1
20,4,400.93,609.97,38.02,85.19,0.9197,2,1,-1
20,5,53.51,694.41,42.47,97.37,0.9213,2,1,-1
20,6,981.97,563.93,28.04,78.97,0.9182,2,2,-1
20,7,387.98,519.11,27.86,66.96,0.9236,3,0,-1
20,8,165.46,557.75,28.96,76.18,0.9141,2,1,-1
20,9,8.37,553.15,37.38,73.64,0.9235,2,2,-1
20,10,741.71,464.89,21.30,60.28,0.9066,2,2,-1
20,11,592.32,504.02,24.50,65.59,0.9142,2,2,-1
20,12,483.24,465.49,22.75,55.89,0.8976,2,1,-1
20,13,869.21,605.12,22.54,78.51,0.8956,2,1,-1
20,14,251.19,566.74,31.74,76.22,0.9185,2,1,-1
20,15,296.28,546.88,30.80,76.69,0.9284,2,2,-1
20,16,1487.61,815.23,40.00,112.42,0.6727,3,0,-1
20,17,830.65,472.97,27.62,63.74,0.9066,2,1,-1
20,18,212.22,461.35,17.51,52.47,0.8683,2,1,-1
20,19,620.27,443.22,23.01,50.66,0.8993,2,2,-1
20,20,188.82,485.58,30.78,80.65,0.8289,2,-1,-1
20,23,641.70,430.62,19.32,49.26,0.8803,2,1,-1
21,1,240.30,766.54,57.11,107.83,0.9343,2,2,-1
21,2,515.36,541.43,25.77,74.75,0.9156,2,2,-1
21,3,724.00,687.57,63.15,85.95,0.9181,2,2,-1
21,4,399.43,610.15,37.24,84.98,0.9268,2,1,-1
21,5,52.67,694.41,43.82,98.07,0.9311,2,1,-1
21,6,980.86,564.79,28.38,78.76,0.9225,2,2,-1
21,7,386.20,519.65,29.47,66.49,0.9207,3,0,-1
21,8,163.63,558.15,30.54,76.70,0.9156,2,1,-1
21,9,6.47,554.31,39.09,73.72,0.9302,2,2,-1
21,10,739.79,465.43,21.63,60.97,0.9036,2,2,-1
21,11,589.54,504.62,24.53,66.59,0.9115,2,2,-1
21,12,481.72,465.57,20.83,56.00,0.8938,2,1,-1
21,13,863.22,606.18,28.65,78.80,0.9101,2,1,-1
21,14,249.74,567.07,31.08,76.65,0.9130,2,1,-1
21,15,294.88,547.59,32.22,77.67,0.9304,2,2,-1
21,16,1486.12,815.43,36.49,113.80,0.8426,3,0,-1
21,17,828.65,473.94,29.20,63.43,0.9064,2,1,-1
21,18,210.72,462.85,17.78,52.12,0.8692,2,1,-1
21,19,619.05,443.84,22.60,50.63,0.9033,2,2,-1
21,20,187.92,486.23,30.40,81.04,0.8394,2,-1,-1
21,23,641.10,431.24,19.77,50.25,0.8971,2,1,-1
22,1,236.10,767.88,59.66,108.05,0.9355,2,2,-1
22,2,513.72,542.16,24.22,74.55,0.9163,2,2,-1
22,3,722.61,687.94,63.04,86.08,0.9048,2,2,-1
22,4,397.68,610.57,34.92,85.22,0.9065,2,1,-1
22,5,51.31,695.01,44.73,98.82,0.9292,2,1,-1
22,6,980.29,565.65,28.66,79.44,0.9221,2,2,-1
22,7,384.21,520.17,31.10,66.62,0.9312,3,0,-1
22,8,162.27,558.90,32.46,76.72,0.9208,2,1,-1
22,9,5.50,555.65,39.53,73.27,0.9311,2,2,-1
22,10,737.06,466.49,22.75,60.99,0.8969,2,2,-1
22,11,587.92,505.45,24.33,66.34,0.9099,2,2,-1
22,12,481.11,465.77,19.37,56.54,0.9028,2,1,-1
22,13,858.51,606.72,35.74,78.50,0.9331,2,1,-1
22,14,248.27,567.95,29.95,76.62,0.9082,2,1,-1
22,15,293.87,548.36,32.41,77.17,0.9280,2,2,-1
22,16,1481.83,815.94,35.41,116.49,0.8423,3,0,-1
22,17,827.18,474.34,29.21,65.29,0.9101,2,1,-1
22,18,209.46,462.98,18.29,53.25,0.8814,2,1,-1
22,19,617.90,443.59,22.25,51.90,0.9004,2,2,-1
22,20,188.35,504.92,24.28,62.16,0.8061,2,-1,-1
22,23,640.54,431.73,19.79,51.41,0.8960,2,1,-1
23,1,232.19,768.86,63.57,109.33,0.9421,2,2,-1
23,2,512.23,542.80,23.84,73.91,0.9152,2,2,-1
23,3,720.77,688.02,60.89,86.23,0.9046,2,2,-1
23,4,395.11,611.14,30.28,84.24,0.9127,2,1,-1
23,5,49.87,695.59,44.94,99.17,0.9243,2,1,-1
23,6,979.24,567.08,28.56,78.60,0.9234,2,2,-1
23,7,383.65,520.48,30.73,66.42,0.9322,3,0,-1
23,8,160.96,558.83,34.11,77.85,0.9229,2,1,-1
23,9,3.94,556.76,40.22,73.73,0.9332,2,2,-1
23,10,734.06,467.39,24.63,60.64,0.9105,2,2,-1
23,11,585.20,506.60,26.11,66.06,0.9092,2,2,-1
23,12,479.92,466.41,17.13,56.34,0.9005,2,1,-1
23,13,854.57,607.03,39.77,78.72,0.9247,2,1,-1
23,14,247.27,568.57,28.27,76.16,0.9146,2,1,-1
23,15,293.40,549.16,33.13,78.10,0.9239,2,2,-1
23,16,1475.66,817.74,36.35,118.15,0.8798,3,0,-1
23,17,826.87,474.83,29.20,65.14,0.9003,2,1,-1
23,18,208.68,463.36,18.54,53.65,0.8755,2,1,-1
23,19,617.82,444.15,21.36,51.43,0.8983,2,2,-1
23,20,186.77,504.86,24.99,62.37,0.8050,2,1,-1
23,23,639.94,431.86,19.92,52.60,0.8951,2,1,-1
24,1,228.53,770.38,62.58,109.20,0.9366,2,2,-1
24,2,509.93,543.96,25.11,73.62,0.9222,2,2,-1
24,3,717.73,687.97,59.31,86.26,0.9132,2,2,-1
24,4,393.97,610.96,28.32,86.13,0.9028,2,1,-1
24,5,47.13,695.72,40.71,99.21,0.9077,2,1,-1
24,6,978.37,567.96,28.96,79.61,0.9232,2,2,-1
24,7,382.71,520.51,29.94,66.73,0.9260,3,0,-1
24,8,159.41,559.51,35.48,77.48,0.9257,2,1,-1
24,9,2.15,557.50,40.78,73.93,0.9335,2,2,-1
24,10,733.72,468.29,24.47,60.32,0.9065,2,2,-1
24,11,583.32,507.37,27.43,66.21,0.9143,2,2,-1
24,12,479.24,466.71,16.15,56.90,0.8969,2,1,-1
24,13,851.16,607.87,41.70,78.88,0.9288,2,1,-1
24,14,245.93,568.78,27.93,76.33,0.9061,2,1,-1
24,15,292.41,549.54,33.82,78.01,0.9263,2,2,-1
24,16,1467.23,819.25,40.21,117.64,0.8705,3,0,-1
24,17,825.89,475.58,28.20,64.77,0.9042,2,1,-1
24,18,207.70,463.99,18.78,53.06,0.8643,2,1,-1
24,19,616.65,445.17,21.14,51.56,0.8981,2,2,-1
24,20,185.03,506.88,26.45,61.34,0.8533,2,1,-1
24,23,639.80,432.95,19.85,51.63,0.8954,2,1,-1
25,1,226.10,770.29,59.97,110.02,0.9318,2,2,-1
25,2,507.13,544.87,28.38,73.89,0.9233,2,2,-1
25,3,716.15,687.99,57.72,86.41,0.9247,2,2,-1
25,4,391.78,611.94,26.82,85.95,0.8920,2,1,-1
25,5,46.42,696.25,37.93,100.38,0.9066,2,1,-1
25,6,977.53,569.19,28.90,79.50,0.9240,2,2,-1
25,7,380.90,520.56,29.21,66.62,0.9215,3,0,-1
25,8,158.10,560.00,36.51,77.69,0.9261,2,1,-1
25,9,1.08,558.01,39.39,73.87,0.9257,2,2,-1
25,10,733.20,469.12,23.90,61.01,0.9043,2,2,-1
25,11,581.18,508.85,28.94,66.45,0.9260,2,2,-1
25,12,478.43,467.37,15.62,56.06,0.8849,2,1,-1
25,13,849.89,608.60,42.70,78.70,0.9270,2,1,-1
25,14,244.62,569.05,27.53,76.13,0.9125,2,1,-1
25,15,290.84,550.09,32.76,77.02,0.9185,2,2,-1
25,16,1458.91,820.63,46.94,116.20,0.8813,3,0,-1
25,17,825.20,475.95,27.36,65.12,0.8936,2,1,-1
25,18,206.47,464.32,18.88,53.12,0.8687,2,1,-1
25,19,615.78,445.05,21.25,52.03,0.8943,2,2,-1
25,20,183.43,506.32,27.40,62.62,0.7503,2,1,-1
25,23,639.15,433.42,19.93,51.49,0.8950,2,1,-1
26,1,224.66,771.90,56.49,109.21,0.9305,2,2,-1
26,2,503.29,545.37,32.66,74.29,0.9284,2,2,-1
26,3,714.60,688.04,56.71,87.11,0.9172,2,2,-1
26,4,389.73,612.52,26.06,85.96,0.9024,2,1,-1
26,5,46.57,697.01,37.89,98.79,0.9198,2,1,-1
26,6,976.42,570.52,29.09,78.50,0.9262,2,2,-1
26,7,379.96,520.45,28.48,67.34,0.9176,3,0,-1
26,8,156.70,560.34,37.36,78.12,0.9232,2,1,-1
26,9,0.52,558.79,37.89,73.62,0.9254,2,2,-1
26,10,732.43,470.15,23.66,60.51,0.9104,2,2,-1
26,11,579.42,509.89,30.51,65.14,0.9240,2,2,-1
26,12,476.22,467.74,16.39,55.56,0.8861,2,1,-1
26,13,849.39,608.94,42.48,78.48,0.9289,2,1,-1
26,14,242.85,569.57,28.43,76.84,0.9124,2,1,-1
26,15,288.85,550.55,30.30,77.48,0.9127,2,2,-1
26,16,1454.31,823.33,50.29,114.28,0.8384,3,0,-1
26,17,823.26,476.26,25.21,66.10,0.8901,2,1,-1
26,18,205.18,465.80,19.04,52.85,0.8664,2,1,-1
26,19,614.83,446.21,20.62,52.07,0.8951,2,2,-1
26,20,182.54,504.88,28.16,65.31,0.7897,2,1,-1
26,23,638.52,433.77,19.75,51.98,0.8989,2,1,-1
27,1,223.82,772.03,49.92,108.76,0.9270,2,2,-1
27,2,499.09,546.18,36.75,74.36,0.9379,2,2,-1
27,3,711.86,688.02,57.11,88.49,0.8988,2,2,-1
27,4,386.35,613.13,27.52,85.48,0.9003,2,1,-1
27,5,45.10,697.95,38.59,97.51,0.9252,2,1,-1
27,6,975.50,572.10,29.41,78.59,0.9240,2,2,-1
27,7,378.13,520.46,27.11,67.56,0.9142,3,0,-1
27,8,156.12,560.70,36.86,77.85,0.9159,2,1,-1
27,9,0.11,559.53,36.30,73.44,0.9245,2,2,-1
27,10,730.66,470.30,23.54,60.86,0.9155,2,2,-1
27,11,577.65,510.75,31.81,66.38,0.9199,2,2,-1
27,12,473.90,468.69,18.07,56.75,0.8870,2,1,-1
27,13,848.56,609.01,41.34,78.32,0.9299,2,1,-1
27,14,241.37,570.28,28.59,77.33,0.9158,2,1,-1
27,15,287.34,550.70,28.19,78.20,0.9128,2,2,-1
27,16,1451.25,824.42,51.87,114.30,0.7520,3,0,-1
27,17,822.12,476.59,23.20,65.24,0.8959,2,1,-1
27,18,203.13,465.95,20.03,52.67,0.8816,2,1,-1
27,19,614.05,447.14,20.37,51.16,0.8936,2,2,-1
27,20,184.73,522.47,22.46,47.17,0.7792,2,1,-1
27,23,637.59,434.40,19.81,51.86,0.9012,2,1,-1
28,1,222.04,772.70,45.18,108.41,0.9237,2,2,-1
28,2,496.99,547.56,38.62,74.26,0.9390,2,2,-1
28,3,710.73,688.49,57.20,87.90,0.8990,2,2,-1
28,4,383.10,614.67,30.57,85.00,0.9145,2,1,-1
28,5,42.76,698.76,39.50,98.41,0.9327,2,1,-1
28,6,973.74,572.46,29.76,79.51,0.9221,2,2,-1
28,7,377.00,520.25,24.02,67.54,0.9090,3,0,-1
28,8,155.38,561.02,36.89,77.96,0.9196,2,1,-1
28,9,-0.32,560.26,33.12,73.21,0.9154,2,2,-1
28,10,729.61,470.53,23.22,60.97,0.9089,2,2,-1
28,11,575.91,511.58,32.33,65.81,0.9237,2,2,-1
28,12,471.19,469.04,20.64,56.28,0.8909,2,1,-1
28,13,847.77,609.14,38.30,79.05,0.9310,2,1,-1
28,14,239.41,570.80,29.60,79.05,0.9192,2,1,-1
28,15,286.07,551.06,26.40,78.51,0.9155,2,2,-1
28,16,1447.58,825.63,55.96,115.69,0.9202,3,0,-1
28,17,820.21,476.72,21.24,64.26,0.8945,2,1,-1
28,18,201.56,466.39,21.34,52.55,0.8838,2,1,-1
28,19,612.79,447.86,20.36,50.59,0.8980,2,2,-1
28,20,185.36,527.06,20.66,42.22,0.6398,2,1,-1
28,23,636.90,435.56,19.76,51.31,0.9010,2,1,-1
29,1,219.69,773.49,41.80,107.27,0.9372,2,2,-1
29,2,495.73,548.46,38.91,74.23,0.9349,2,2,-1
29,3,709.38,689.58,57.87,88.30,0.9073,2,2,-1
29,4,379.36,615.73,34.69,84.36,0.9184,2,1,-1
29,5,41.58,699.89,40.00,98.72,0.9349,2,1,-1
29,6,972.74,573.49,30.50,79.54,0.9268,2,2,-1
29,7,376.27,520.20,21.57,67.19,0.9056,3,0,-1
29,8,154.01,561.74,35.76,77.96,0.9054,2,1,-1
29,9,-0.49,561.19,30.47,72.65,0.9135,2,2,-1
29,10,727.96,471.04,23.32,60.90,0.9081,2,2,-1
29,11,575.22,512.52,31.41,66.02,0.9211,2,2,-1
29,12,468.55,469.54,23.06,56.48,0.8989,2,1,-1
29,13,846.94,609.58,33.47,79.06,0.9208,2,1,-1
29,14,237.88,572.26,30.74,78.59,0.9111,2,1,-1
29,15,283.59,551.62,26.22,78.19,0.9194,2,2,-1
29,16,1446.00,826.58,55.60,115.23,0.6977,3,0,-1
29,17,819.09,477.37,20.25,64.19,0.9017,2,1,-1
29,18,199.80,465.61,23.03,53.29,0.8757,2,1,-1
29,19,612.38,448.67,20.32,50.62,0.8940,2,2,-1
29,20,183.45,522.50,22.73,46.35,0.6996,2,1,-1
29,21,234.79,375.52,18.85,32.89,0.5799,3,0,-1
29,23,636.39,436.34,19.48,50.81,0.8950,2,1,-1
30,1,216.86,774.41,41.66,107.46,0.9293,2,2,-1
30,2,495.52,549.40,38.27,73.73,0.9331,2,2,-1
30,3,706.76,689.46,58.96,89.51,0.9195,2,2,-1
30,4,373.62,616.43,40.66,84.94,0.9304,2,1,-1
30,5,40.40,700.40,39.26,99.47,0.9248,2,1,-1
30,6,972.08,574.37,30.18,79.19,0.9255,2,2,-1
30,7,375.43,520.27,20.35,67.33,0.9035,3,0,-1
30,8,153.58,562.21,35.24,77.83,0.9144,2,1,-1
30,9,-0.36,561.87,28.28,72.04,0.9040,2,2,-1
30,10,726.59,471.63,23.42,60.81,0.9125,2,2,-1
30,11,574.23,512.97,31.05,66.50,0.9141,2,2,-1
30,12,467.79,470.52,24.07,56.34,0.8908,2,1,-1
30,13,846.10,609.89,27.80,79.55,0.9181,2,1,-1
30,14,236.10,573.59,32.28,78.90,0.9187,2,1,-1
30,15,280.69,552.51,27.00,78.22,0.9233,2,2,-1
30,16,1444.02,826.97,54.95,115.94,0.6542,3,0,-1
30,17,817.16,477.86,20.86,64.62,0.9039,2,1,-1
30,18,197.88,465.73,23.39,52.49,0.8637,2,1,-1
30,19,610.82,449.68,20.95,50.78,0.8985,2,2,-1
30,20,175.59,507.77,27.41,63.37,0.7802,2,1,-1
30,21,234.36,375.78,19.00,32.94,0.6067,3,0,-1
30,23,636.37,436.90,19.24,49.90,0.8954,2,1,-1
31,1,213.28,775.45,43.69,106.59,0.9345,2,2,-1
31,2,494.73,550.05,37.34,73.17,0.9297,2,2,-1
31,3,705.40,690.25,59.19,89.90,0.9293,2,2,-1
31,4,371.64,617.31,43.35,85.19,0.9248,2,1,-1
31,5,39.95,700.79,38.42,98.75,0.9091,2,1,-1
31,6,971.03,574.92,30.06,79.77,0.9226,2,2,-1
31,7,375.09,520.47,19.96,66.57,0.9021,3,0,-1
31,8,152.31,562.48,32.86,77.80,0.9033,2,1,-1
31,9,-0.44,562.80,26.81,73.24,0.8951,2,2,-1
31,10,725.22,472.18,23.27,60.99,0.9139,2,2,-1
31,11,573.96,513.51,27.09,65.96,0.9123,2,2,-1
31,12,465.96,470.77,25.78,56.85,0.8949,2,1,-1
31,13,845.30,610.43,23.67,79.51,0.9097,2,1,-1
31,14,235.16,572.96,33.23,79.82,0.9095,2,1,-1
31,15,278.25,553.89,26.93,76.94,0.9188,2,2,-1
31,16,1442.69,826.80,49.48,116.62,0.8246,3,0,-1
31,17,814.32,479.11,21.43,64.03,0.9014,2,1,-1
31,18,196.67,466.63,24.10,52.59,0.8440,2,1,-1
31,19,610.39,450.34,21.22,51.34,0.9047,2,2,-1
31,20,175.16,509.02,25.25,62.17,0.7721,2,1,-1
31,21,233.70,376.35,18.77,32.39,0.6829,3,0,-1
31,23,636.63,437.72,18.94,49.49,0.8971,2,1,-1
32,1,206.84,776.74,50.17,106.51,0.9372,2,2,-1
32,2,493.36,549.74,35.54,74.16,0.9227,2,2,-1
32,3,704.90,691.02,58.51,91.02,0.9294,2,2,-1
32,4,370.41,618.28,44.20,85.30,0.9203,2,1,-1
32,5,39.60,701.95,37.46,97.91,0.9150,2,1,-1
32,6,970.50,575.33,30.07,79.64,0.9220,2,2,-1
32,7,371.56,520.83,22.74,67.61,0.9088,3,0,-1
32,8,151.95,563.06,31.06,77.40,0.8940,2,1,-1
32,9,-0.50,563.74,25.69,74.21,0.8928,2,2,-1
32,10,723.76,472.59,23.46,61.19,0.9106,2,2,-1
32,11,574.29,513.86,24.24,66.80,0.9056,2,2,-1
32,12,465.80,471.70,26.08,55.89,0.8963,2,1,-1
32,13,843.58,610.69,22.34,79.95,0.9091,2,1,-1
32,14,234.52,575.33,33.72,78.03,0.9156,2,1,-1
32,15,276.60,554.89,29.56,77.20,0.9256,2,2,-1
32,16,1440.02,827.24,48.76,117.02,0.5217,3,0,-1
32,17,811.10,479.58,22.94,64.34,0.9047,2,1,-1
32,18,194.10,466.10,23.74,52.73,0.7783,2,1,-1
32,19,609.61,450.78,21.63,51.80,0.9063,2,2,-1
32,20,174.97,507.75,24.85,64.31,0.8062,2,1,-1
32,23,636.08,438.37,18.83,50.28,0.9009,2,1,-1
33,1,200.27,777.91,57.16,106.71,0.9409,2,2,-1
33,2,491.20,549.62,33.07,75.00,0.9235,2,2,-1
33,3,705.48,691.88,56.96,90.84,0.9253,2,2,-1
33,4,370.43,620.05,42.95,83.71,0.9212,2,1,-1
33,5,39.13,702.40,37.53,97.91,0.9189,2,1,-1
33,6,969.39,576.01,29.91,78.97,0.9225,2,2,-1
33,7,370.41,521.37,23.44,67.26,0.9096,3,0,-1
33,8,150.98,563.09,29.16,77.35,0.8972,2,1,-1
33,9,-0.27,564.56,25.17,75.38,0.9034,2,2,-1
33,10,722.44,473.14,23.96,61.63,0.9071,2,2,-1
33,11,573.90,513.93,22.42,66.51,0.9016,2,2,-1
33,12,464.84,471.88,25.69,55.99,0.8910,2,1,-1
33,13,840.33,611.07,23.29,79.30,0.9132,2,1,-1
33,14,233.53,576.49,34.17,77.49,0.9003,2,1,-1
33,15,274.50,555.77,31.25,77.61,0.9228,2,2,-1
33,16,1440.64,826.85,38.58,117.58,0.8877,3,0,-1
33,17,809.38,480.45,24.50,64.43,0.9077,2,1,-1
33,19,608.90,451.11,21.70,52.22,0.9071,2,2,-1
33,20,185.17,492.10,25.79,60.80,0.8094,2,1,-1
33,21,232.27,376.98,19.20,32.98,0.8130,3,0,-1
33,23,635.41,439.03,18.51,50.04,0.8997,2,1,-1
34,1,195.57,779.85,61.88,107.16,0.9363,2,2,-1
34,2,489.42,550.52,29.27,75.21,0.9155,2,2,-1
34,3,704.69,693.14,56.45,90.41,0.9211,2,2,-1
34,4,369.45,619.89,42.30,84.06,0.9150,2,1,-1
34,5,38.23,703.29,37.95,97.94,0.9206,2,1,-1
34,6,968.17,577.01,30.59,79.02,0.9218,2,2,-1
34,7,368.82,522.19,24.12,66.41,0.9096,3,0,-1
34,8,150.04,563.57,27.37,77.90,0.8997,2,1,-1
34,9,-0.08,565.92,24.77,75.06,0.9091,2,2,-1
34,10,720.32,473.83,24.55,61.84,0.9104,2,2,-1
34,11,572.71,514.81,21.46,67.39,0.9021,2,2,-1
34,12,464.37,472.38,24.16,55.58,0.8833,2,1,-1
34,13,836.14,612.03,25.88,79.43,0.8975,2,1,-1
34,14,232.14,577.07,33.58,77.02,0.8822,2,1,-1
34,15,273.49,556.62,33.19,77.92,0.9271,2,2,-1
34,16,1438.24,828.16,36.86,116.38,0.7558,3,0,-1
34,17,808.69,480.53,24.90,66.35,0.9102,2,1,-1
34,19,608.34,451.21,21.60,53.01,0.9069,2,2,-1
34,20,184.75,492.41,26.83,60.66,0.8193,2,1,-1
34,21,231.53,377.24,19.11,32.95,0.6623,3,0,-1
34,23,634.91,439.31,18.35,50.62,0.8965,2,1,-1
35,1,193.88,781.17,63.78,106.84,0.9328,2,2,-1
35,2,487.67,551.13,26.43,75.29,0.9141,2,2,-1
35,3,703.65,694.20,56.94,89.98,0.9194,2,2,-1
35,4,367.21,620.49,38.54,84.51,0.9019,2,1,-1
35,5,37.03,703.96,37.90,97.85,0.9275,2,1,-1
35,6,966.93,578.06,30.76,79.11,0.9243,2,2,-1
35,7,367.23,522.62,25.02,66.63,0.9160,3,0,-1
35,8,148.69,564.20,26.12,78.40,0.9025,2,1,-1
35,9,-0.05,567.05,24.53,74.82,0.9119,2,2,-1
35,10,719.44,474.68,24.49,61.67,0.9146,2,2,-1
35,11,571.04,515.31,21.31,65.95,0.9021,2,2,-1
35,12,463.58,472.68,22.40,55.94,0.8911,2,1,-1
35,13,831.72,613.13,29.35,82.22,0.8773,2,1,-1
35,14,230.08,577.66,31.50,76.40,0.8665,2,1,-1
35,15,271.93,557.41,33.66,79.00,0.9202,2,2,-1
35,16,1435.08,828.92,36.19,116.87,0.7071,3,0,-1
35,17,808.35,481.83,24.57,66.41,0.9053,2,1,-1
35,18,189.62,467.63,20.33,42.08,0.5825,2,1,-1
35,19,607.54,452.13,21.49,52.36,0.9085,2,2,-1
35,20,173.18,510.71,25.57,63.31,0.8054,2,1,-1
35,21,230.57,377.17,19.19,33.56,0.8368,3,0,-1
35,23,634.14,439.81,18.14,50.69,0.8949,2,1,-1
36,1,193.05,783.01,62.55,106.25,0.9326,2,2,-1
36,2,486.00,552.18,25.24,75.38,0.9197,2,2,-1
36,3,702.04,694.44,57.43,89.97,0.9089,2,2,-1
36,4,364.67,622.28,34.71,83.72,0.8823,2,1,-1
36,5,35.27,705.03,38.53,97.32,0.9227,2,1,-1
36,6,965.32,579.33,31.81,80.27,0.9269,2,2,-1
36,7,365.55,523.22,25.76,66.77,0.9162,3,0,-1
36,8,147.79,564.95,24.85,78.32,0.8978,2,1,-1
36,9,-0.12,568.07,24.01,74.56,0.9089,2,2,-1
36,10,718.27,475.80,24.78,61.36,0.9126,2,2,-1
36,11,568.92,515.89,22.16,66.44,0.9061,2,2,-1
36,12,463.00,473.05,21.40,56.73,0.8914,2,1,-1
36,13,826.29,614.36,34.75,80.59,0.9229,2,1,-1
36,14,228.55,578.00,28.04,77.09,0.8763,2,1,-1
36,15,270.14,559.04,33.46,79.63,0.9250,2,2,-1
36,16,1431.42,830.78,35.74,115.72,0.6711,3,0,-1
36,17,808.45,482.09,25.24,66.81,0.9044,2,1,-1
36,18,188.30,469.27,20.53,38.02,0.6558,2,1,-1
36,19,606.57,452.54,21.20,52.40,0.9085,2,2,-1
36,20,172.58,511.91,23.85,63.75,0.8282,2,1,-1
36,21,230.43,378.99,18.88,32.74,0.7791,3,0,-1
36,23,633.70,440.70,17.79,49.99,0.8930,2,1,-1
37,1,190.68,783.23,61.07,107.85,0.9297,2,2,-1
37,2,484.00,553.08,25.05,74.64,0.9178,2,2,-1
37,3,701.20,694.56,57.53,90.59,0.9166,2,2,-1
37,4,362.05,621.61,32.51,85.44,0.8841,2,1,-1
37,5,34.21,705.98,38.70,96.95,0.9259,2,1,-1
37,6,963.21,580.51,32.34,79.39,0.9275,2,2,-1
37,7,364.00,523.41,27.60,67.86,0.9165,3,0,-1
37,8,147.05,565.59,24.34,77.81,0.9047,2,1,-1
37,9,-0.16,568.56,23.29,74.28,0.9123,2,2,-1
37,10,716.61,476.52,25.14,60.78,0.9123,2,2,-1
37,11,567.14,517.05,22.60,66.42,0.9021,2,2,-1
37,12,461.58,473.61,18.79,56.84,0.8991,2,1,-1
37,13,822.04,615.58,38.64,79.27,0.9305,2,1,-1
37,14,226.74,579.54,25.87,76.47,0.8485,2,1,-1
37,15,269.44,560.34,32.94,79.45,0.9256,2,2,-1
37,17,807.58,482.74,24.09,66.83,0.9062,2,1,-1
37,18,186.80,471.11,22.30,35.33,0.7866,2,1,-1
37,19,605.91,453.54,20.93,52.03,0.9063,2,2,-1
37,20,171.13,511.99,23.60,64.79,0.8423,2,1,-1
37,21,229.23,379.16,18.52,33.06,0.8570,3,0,-1
37,23,633.13,441.33,17.61,50.33,0.8895,2,1,-1
38,1,189.10,783.51,53.96,107.68,0.9320,2,2,-1
38,2,481.89,554.02,26.53,75.31,0.9214,2,2,-1
38,3,699.36,695.81,57.75,89.75,0.9254,2,2,-1
38,4,360.09,621.63,29.07,87.07,0.8870,2,1,-1
38,5,33.02,706.64,39.32,97.09,0.9142,2,1,-1
38,6,962.68,582.13,32.12,79.40,0.9267,2,2,-1
38,7,362.89,524.10,28.60,67.88,0.9211,3,0,-1
38,8,145.49,566.39,24.47,78.48,0.9004,2,1,-1
38,9,-0.23,569.42,22.25,73.71,0.9103,2,2,-1
38,10,715.87,477.77,25.25,61.17,0.9106,2,2,-1
38,11,564.23,518.65,24.52,65.52,0.9073,2,2,-1
38,12,460.33,474.43,17.58,56.86,0.9012,2,1,-1
38,13,818.20,616.68,40.09,79.89,0.9307,2,1,-1
38,14,225.72,580.89,24.44,75.95,0.8938,2,1,-1
38,15,268.44,561.13,33.74,78.91,0.9195,2,2,-1
38,16,1413.28,833.36,47.47,114.24,0.9305,3,0,-1
38,17,806.54,483.15,24.29,66.66,0.8993,2,1,-1
38,18,185.30,471.50,23.60,36.13,0.7787,2,1,-1
38,19,604.43,454.35,21.37,53.02,0.9047,2,2,-1
38,20,170.36,512.85,23.27,64.71,0.8476,2,1,-1
38,21,228.40,380.93,18.44,32.10,0.8348,3,0,-1
38,23,632.15,441.97,17.74,51.32,0.8935,2,1,-1
38,0,1706.42,479.23,11.75,10.49,1.0,0,-1,-1
39,1,186.81,784.57,52.45,107.72,0.9387,2,2,-1
39,2,479.32,555.33,28.51,75.46,0.9233,2,2,-1
39,3,697.30,696.88,59.59,89.08,0.9218,2,2,-1
39,4,358.62,622.97,26.20,85.67,0.8893,2,1,-1
39,5,31.75,707.39,40.09,97.51,0.9146,2,1,-1
39,6,961.16,583.71,32.03,78.94,0.9215,2,2,-1
39,7,362.01,524.53,28.97,67.93,0.9165,3,0,-1
39,8,144.35,567.33,24.92,79.12,0.9025,2,1,-1
39,9,-0.53,570.64,20.96,73.46,0.8841,2,2,-1
39,10,715.02,478.78,25.20,61.55,0.9105,2,2,-1
39,11,561.62,519.84,27.40,66.29,0.9152,2,2,-1
39,12,459.71,474.89,16.85,56.29,0.8955,2,1,-1
39,13,816.76,618.28,41.31,79.68,0.9258,2,1,-1
39,14,224.23,581.64,24.00,75.17,0.8983,2,1,-1
39,15,266.74,561.78,30.92,78.82,0.9211,2,2,-1
39,16,1408.86,834.48,50.30,114.26,0.8858,3,0,-1
39,17,805.16,484.12,22.78,66.58,0.8938,2,1,-1
39,18,183.42,471.95,25.59,39.19,0.8251,2,1,-1
39,19,603.80,455.54,21.08,52.75,0.9045,2,2,-1
39,20,170.21,513.85,23.84,64.74,0.8611,2,1,-1
39,21,227.45,381.88,18.74,31.50,0.8224,3,0,-1
39,23,631.01,443.15,18.36,51.17,0.8970,2,1,-1
39,0,1706.61,479.64,11.61,10.54,1.0,0,-1,-1
40,1,182.36,785.65,45.15,108.60,0.9391,2,2,-1
40,2,476.38,557.27,31.96,76.02,0.9297,2,2,-1
40,3,695.92,698.01,60.72,89.54,0.9234,2,2,-1
40,4,357.02,623.98,25.45,87.59,0.9066,2,1,-1
40,5,30.51,708.15,39.88,97.44,0.9173,2,1,-1
40,6,960.40,585.09,32.14,79.86,0.9230,2,2,-1
40,7,361.13,525.07,29.57,67.63,0.9194,3,0,-1
40,8,142.21,568.36,25.56,79.08,0.8911,2,1,-1
40,9,-1.12,572.36,18.76,72.73,0.8602,2,2,-1
40,10,714.28,479.83,25.38,62.02,0.9091,2,2,-1
40,11,560.39,521.31,27.93,65.99,0.9126,2,2,-1
40,12,458.13,475.84,16.94,56.16,0.9032,2,1,-1
40,13,815.91,619.57,39.36,79.95,0.9246,2,1,-1
40,14,222.02,582.64,25.43,75.77,0.9040,2,1,-1
40,15,265.21,562.04,30.07,79.44,0.9208,2,2,-1
40,16,1404.46,836.57,54.95,114.05,0.9244,3,0,-1
40,17,803.98,484.71,20.90,66.58,0.8984,2,1,-1
40,18,182.66,472.80,25.29,38.72,0.7748,2,1,-1
40,19,602.64,457.06,20.98,52.17,0.8987,2,2,-1
40,20,169.01,514.15,23.76,65.60,0.8466,2,1,-1
40,21,226.72,382.72,19.35,31.62,0.8097,3,0,-1
40,23,630.16,444.15,19.15,51.01,0.8869,2,1,-1
40,0,1706.91,480.54,11.73,10.69,1.0,0,-1,-1
41,1,178.68,786.75,41.75,107.53,0.9363,2,2,-1
41,2,473.90,558.97,33.96,75.03,0.9340,2,2,-1
41,3,694.97,698.96,60.64,89.20,0.9247,2,2,-1
41,4,354.20,625.78,26.42,88.21,0.9070,2,1,-1
41,5,29.98,709.65,40.36,96.61,0.9251,2,1,-1
41,6,959.84,586.21,31.73,80.32,0.9266,2,2,-1
41,7,359.54,525.46,30.09,67.81,0.9216,3,0,-1
41,8,140.75,569.59,25.70,78.38,0.8827,2,1,-1
41,9,-1.01,575.91,16.28,69.13,0.8422,2,2,-1
41,10,714.23,480.49,25.01,62.54,0.9126,2,2,-1
41,11,559.57,522.58,28.08,66.91,0.9134,2,2,-1
41,12,456.19,477.34,17.61,56.48,0.9070,2,1,-1
41,13,815.73,619.95,37.21,80.02,0.9264,2,1,-1
41,14,218.46,583.99,28.48,76.95,0.8995,2,1,-1
41,15,263.79,562.71,29.69,79.48,0.9174,2,2,-1
41,16,1402.77,837.40,56.11,114.85,0.9203,3,0,-1
41,17,803.07,485.87,19.37,65.85,0.8975,2,1,-1
41,18,183.25,473.51,24.40,37.64,0.8180,2,1,-1
41,19,601.52,458.46,21.24,51.75,0.9003,2,2,-1
41,20,168.23,516.47,22.85,64.37,0.8259,2,1,-1
41,21,226.25,383.10,19.70,31.81,0.6025,3,0,-1
41,23,628.57,446.00,20.37,49.99,0.8883,2,1,-1
41,0,1706.96,481.02,11.91,10.85,1.0,0,-1,-1
42,1,175.37,788.76,41.05,107.18,0.9326,2,2,-1
42,2,472.05,560.19,35.14,74.91,0.9313,2,2,-1
42,3,692.56,700.28,61.60,88.50,0.9243,2,2,-1
42,4,351.21,627.57,29.30,88.06,0.9092,2,1,-1
42,5,28.84,710.47,40.41,96.62,0.9282,2,1,-1
42,6,959.45,587.14,31.11,81.26,0.9243,2,2,-1
42,7,357.81,526.52,28.02,66.79,0.9042,3,0,-1
42,8,140.00,570.17,28.94,79.79,0.9098,2,1,-1
42,9,-0.92,577.24,14.65,68.86,0.8441,2,2,-1
42,10,714.00,481.59,23.95,61.88,0.9186,2,2,-1
42,11,558.88,523.83,28.25,66.88,0.9157,2,2,-1
42,12,454.23,477.91,19.20,56.98,0.9015,2,1,-1
42,13,815.65,621.75,32.72,79.10,0.8953,2,1,-1
42,14,215.69,584.92,30.55,77.17,0.8987,2,1,-1
42,15,262.48,563.51,28.13,79.54,0.9144,2,2,-1
42,16,1401.11,838.60,55.18,114.67,0.9114,3,0,-1
42,17,802.27,486.96,18.64,65.28,0.8988,2,1,-1
42,18,183.77,474.07,23.00,35.46,0.8503,2,1,-1
42,19,600.70,459.75,21.35,51.49,0.9016,2,2,-1
42,20,178.13,499.37,24.07,61.07,0.8125,2,1,-1
42,21,225.93,383.68,20.11,31.98,0.7496,3,0,-1
42,23,627.33,446.60,21.42,51.02,0.8900,2,1,-1
42,0,1706.69,481.47,12.43,11.80,1.0,0,-1,-1
43,1,171.60,789.91,40.23,105.34,0.9369,2,2,-1
43,2,470.93,561.11,34.13,75.00,0.9285,2,2,-1
43,3,689.12,700.88,63.52,88.72,0.9095,2,2,-1
43,4,348.82,628.64,31.00,87.40,0.8956,2,1,-1
43,5,28.34,711.17,40.10,96.14,0.9243,2,1,-1
43,6,959.48,587.56,30.16,81.19,0.9238,2,2,-1
43,7,356.37,526.75,26.22,67.03,0.9060,3,0,-1
43,8,139.18,570.77,29.96,79.67,0.9158,2,1,-1
43,9,-0.53,578.03,13.57,67.75,0.8374,2,2,-1
43,10,714.14,482.01,23.28,61.87,0.9193,2,2,-1
43,11,557.31,524.31,27.88,66.81,0.9212,2,2,-1
43,12,452.94,478.50,20.89,56.70,0.8991,2,1,-1
43,13,816.34,621.79,27.92,78.87,0.9090,2,1,-1
43,14,213.45,585.70,33.86,77.42,0.9091,2,1,-1
43,15,261.23,564.14,25.79,78.66,0.9113,2,2,-1
43,16,1399.87,838.94,54.42,114.68,0.7961,3,0,-1
43,17,800.66,487.67,18.63,64.75,0.9000,2,1,-1
43,18,182.84,474.32,23.77,37.00,0.7976,2,1,-1
43,19,600.19,460.12,21.64,52.24,0.8948,2,2,-1
43,20,167.51,515.99,23.77,64.06,0.7956,2,1,-1
43,21,225.64,383.68,20.22,32.39,0.8080,3,0,-1
43,23,626.83,447.85,21.75,49.55,0.8879,2,1,-1
43,0,1707.10,482.19,12.21,11.27,1.0,0,-1,-1
44,1,167.76,791.03,41.40,107.54,0.9329,2,2,-1
44,2,469.19,560.79,34.44,75.31,0.9277,2,2,-1
44,3,686.65,701.26,64.46,89.37,0.8472,2,2,-1
44,4,348.63,629.23,32.52,87.15,0.9105,2,1,-1
44,5,27.77,710.88,39.12,94.63,0.9223,2,1,-1
44,6,959.14,587.19,29.92,81.48,0.9226,2,2,-1
44,7,354.70,526.34,25.15,65.94,0.9118,3,0,-1
44,8,137.75,570.50,31.99,80.05,0.9211,2,1,-1
44,9,-0.21,578.77,13.30,67.50,0.8079,2,2,-1
44,10,714.06,482.01,22.98,61.47,0.9217,2,2,-1
44,11,555.74,524.21,28.20,66.23,0.9186,2,2,-1
44,12,451.52,478.57,22.52,56.77,0.9023,2,1,-1
44,13,817.16,620.86,24.29,80.47,0.9078,2,1,-1
44,14,212.28,585.97,35.44,77.09,0.9163,2,1,-1
44,15,259.85,564.26,24.23,78.13,0.9134,2,2,-1
44,16,1399.97,838.07,48.34,114.96,0.9087,3,0,-1
44,17,799.13,487.88,19.57,63.97,0.9005,2,1,-1
44,18,181.96,474.21,24.77,39.38,0.7953,2,1,-1
44,19,599.66,460.05,21.60,52.57,0.8951,2,2,-1
44,20,167.42,522.29,21.51,58.39,0.7077,2,1,-1
44,21,225.43,383.36,20.07,31.82,0.7842,3,0,-1
44,23,626.07,447.44,22.79,50.20,0.8935,2,1,-1
44,0,1706.75,481.90,12.38,12.12,1.0,0,-1,-1
45,1,164.05,790.77,45.10,106.78,0.9352,2,2,-1
45,2,468.06,559.36,33.71,75.69,0.9247,2,2,-1
45,3,685.47,701.04,65.26,91.10,0.8652,2,2,-1
45,4,347.60,628.94,34.09,86.63,0.9173,2,1,-1
45,5,26.95,710.03,36.91,95.18,0.9202,2,1,-1
45,6,958.97,586.73,28.93,79.89,0.9212,2,2,-1
45,7,353.05,525.37,25.22,66.90,0.9185,3,0,-1
45,8,136.78,569.88,33.03,80.00,0.9239,2,1,-1
45,9,-0.31,576.32,13.62,71.23,0.7985,2,2,-1
45,10,713.76,481.49,22.75,61.79,0.9219,2,2,-1
45,11,552.71,523.43,28.42,66.05,0.9198,2,2,-1
45,12,450.47,477.87,23.37,57.15,0.9097,2,1,-1
45,13,815.67,620.73,21.85,78.65,0.9110,2,1,-1
45,14,211.31,585.02,35.70,76.61,0.9236,2,1,-1
45,15,257.93,563.90,24.49,77.59,0.9206,2,2,-1
45,17,796.91,487.63,21.45,65.75,0.9030,2,1,-1
45,18,181.70,473.91,24.15,38.46,0.7863,2,1,-1
45,19,599.05,458.86,22.10,53.04,0.8945,2,2,-1
45,20,165.29,515.79,22.44,63.66,0.8252,2,1,-1
45,21,224.79,382.41,20.17,32.65,0.8514,3,0,-1
45,23,624.61,446.19,23.35,50.35,0.8840,2,1,-1
45,0,1707.22,481.41,11.75,10.73,1.0,0,-1,-1
46,1,159.40,791.44,49.69,112.40,0.9413,2,2,-1
46,2,466.69,559.23,31.54,74.98,0.9165,2,2,-1
46,3,684.32,702.26,64.77,89.38,0.8735,2,2,-1
46,4,345.78,628.67,35.01,86.63,0.9148,2,1,-1
46,5,26.02,709.87,35.96,95.43,0.9182,2,1,-1
46,6,957.65,586.80,29.13,79.59,0.9228,2,2,-1
46,7,352.47,524.86,24.81,66.54,0.9187,3,0,-1
46,8,135.91,569.97,34.27,80.07,0.9276,2,1,-1
46,9,-0.16,577.32,12.85,68.52,0.7970,2,2,-1
46,10,713.30,481.07,22.23,61.31,0.9136,2,2,-1
46,11,550.68,523.36,27.36,65.70,0.9161,2,2,-1
46,12,449.61,477.71,23.82,57.13,0.9112,2,1,-1
46,13,811.39,620.48,22.85,78.81,0.9027,2,1,-1
46,14,209.97,584.66,35.06,76.58,0.9227,2,1,-1
46,15,255.67,564.17,26.01,77.61,0.9196,2,2,-1
46,16,1398.49,836.63,38.39,116.25,0.8842,3,0,-1
46,17,794.92,487.76,23.41,64.88,0.9017,2,1,-1
46,18,181.74,473.83,23.77,38.81,0.7787,2,1,-1
46,19,598.17,458.84,21.70,53.07,0.8967,2,2,-1
46,20,164.44,515.57,22.46,63.62,0.8430,2,1,-1
46,21,224.43,382.40,19.90,32.17,0.8166,3,0,-1
46,23,623.42,446.12,23.27,49.44,0.8909,2,1,-1
46,0,1707.01,480.96,11.95,10.54,1.0,0,-1,-1
47,1,155.06,792.67,54.20,112.57,0.9406,2,2,-1
47,2,465.24,558.65,30.32,76.25,0.9145,2,2,-1
47,3,683.65,703.01,64.13,91.56,0.8657,2,2,-1
47,4,344.00,628.68,33.93,86.61,0.9131,2,1,-1
47,5,24.84,710.10,35.72,96.21,0.8941,2,1,-1
47,6,956.86,586.49,29.82,80.59,0.9202,2,2,-1
47,7,351.08,524.44,25.27,66.66,0.8588,3,0,-1
47,8,135.49,570.26,34.29,79.10,0.9279,2,1,-1
47,9,0.05,577.21,12.77,68.17,0.8019,2,2,-1
47,10,712.46,480.99,22.27,62.25,0.9087,2,2,-1
47,11,548.40,523.34,27.39,66.09,0.9096,2,2,-1
47,12,448.99,477.84,23.20,56.58,0.9133,2,1,-1
47,13,806.88,620.87,26.68,78.53,0.9120,2,1,-1
47,14,208.68,584.78,36.24,76.83,0.9167,2,1,-1
47,15,252.25,564.40,28.83,77.19,0.9215,2,2,-1
47,16,1396.87,836.12,34.95,116.85,0.8569,3,0,-1
47,17,792.98,487.98,26.88,66.67,0.9134,2,1,-1
47,18,181.70,474.05,23.10,38.96,0.7793,2,1,-1
47,19,596.75,458.79,21.08,52.98,0.9039,2,2,-1
47,20,163.71,516.13,22.81,63.65,0.8234,2,1,-1
47,21,224.04,382.59,19.75,31.96,0.8077,3,0,-1
47,23,622.71,446.41,22.80,49.87,0.8893,2,1,-1
47,0,1707.07,480.97,11.62,10.32,1.0,0,-1,-1
48,1,151.58,794.15,56.77,112.23,0.9405,2,2,-1
48,2,463.67,558.57,28.46,76.31,0.9098,2,2,-1
48,3,681.98,703.59,64.38,92.21,0.8791,2,2,-1
48,4,341.15,627.95,30.77,87.20,0.9120,2,1,-1
48,5,24.22,709.91,35.79,96.37,0.9075,2,1,-1
48,6,955.39,587.47,30.53,81.12,0.9243,2,2,-1
48,7,348.83,524.61,25.81,66.12,0.9129,3,0,-1
48,8,135.00,570.36,34.04,79.26,0.9244,2,1,-1
48,9,-0.46,574.27,12.86,71.56,0.7727,2,2,-1
48,10,711.90,481.37,22.04,62.55,0.9058,2,2,-1
48,11,546.46,523.34,28.46,66.98,0.9112,2,2,-1
48,12,448.21,477.79,22.29,56.35,0.9076,2,1,-1
48,13,802.54,621.36,31.87,78.14,0.9146,2,1,-1
48,14,206.97,584.98,35.17,76.51,0.8934,2,1,-1
48,15,249.62,564.57,32.41,80.12,0.9246,2,2,-1
48,16,1392.96,836.36,35.15,119.48,0.6537,3,0,-1
48,17,791.65,488.53,28.44,66.64,0.9178,2,1,-1
48,19,595.80,458.61,21.03,53.43,0.9052,2,2,-1
48,20,175.61,498.73,24.03,59.93,0.8227,2,1,-1
48,21,223.57,382.77,19.29,31.54,0.7591,3,0,-1
48,23,622.40,446.51,20.96,48.43,0.8936,2,1,-1
48,0,1707.02,480.92,11.98,10.62,1.0,0,-1,-1
49,1,148.56,794.33,57.35,112.45,0.9433,2,2,-1
49,2,461.66,559.22,26.48,75.31,0.9196,2,2,-1
49,3,680.45,703.85,64.59,93.05,0.9020,2,2,-1
49,4,338.86,628.19,28.97,87.54,0.9089,2,1,-1
49,5,23.45,710.29,35.63,95.76,0.9154,2,1,-1
49,6,954.33,588.20,30.97,82.39,0.9250,2,2,-1
49,7,347.01,524.47,26.30,66.41,0.9140,3,0,-1
49,8,134.42,570.45,34.25,79.77,0.9218,2,1,-1
49,9,0.15,561.03,11.07,61.08,0.5854,2,2,-1
49,10,711.06,482.23,21.96,61.85,0.9106,2,2,-1
49,11,544.81,523.41,29.46,67.89,0.9111,2,2,-1
49,12,447.03,477.93,20.78,56.08,0.8967,2,1,-1
49,13,798.39,621.25,36.76,78.57,0.9188,2,1,-1
49,14,204.66,585.11,33.54,76.60,0.8974,2,1,-1
49,15,248.02,565.01,34.30,80.52,0.9330,2,2,-1
49,16,1389.63,837.37,34.53,120.80,0.7931,3,0,-1
49,17,790.91,488.99,27.55,65.92,0.9141,2,1,-1
49,18,181.43,473.65,21.23,35.88,0.8121,2,1,-1
49,19,594.57,458.64,20.95,53.30,0.9054,2,2,-1
49,20,161.63,515.02,25.66,65.85,0.8455,2,1,-1
49,21,223.32,382.41,19.57,32.45,0.6479,3,0,-1
49,23,620.71,446.50,19.76,48.59,0.8915,2,1,-1
49,0,1707.06,480.67,12.05,11.01,1.0,0,-1,-1
50,1,146.30,794.56,56.69,112.02,0.9374,2,2,-1
50,2,460.54,559.88,25.42,74.52,0.9167,2,2,-1
50,3,680.88,704.36,63.19,92.96,0.8969,2,2,-1
50,4,337.21,628.31,27.31,87.73,0.9135,2,1,-1
50,5,23.29,710.81,36.05,95.41,0.9297,2,1,-1
50,6,952.79,589.02,31.74,82.80,0.9291,2,2,-1
50,7,345.10,524.96,27.39,66.03,0.9103,3,0,-1
50,8,133.31,570.84,34.42,79.52,0.9132,2,1,-1
50,9,-0.77,553.32,11.27,64.71,0.6461,2,2,-1
50,10,710.27,482.49,21.96,62.01,0.9059,2,2,-1
50,11,543.58,524.55,30.06,67.06,0.9150,2,2,-1
50,12,446.16,477.87,19.56,55.68,0.9026,2,1,-1
50,13,794.08,621.66,41.52,78.96,0.9309,2,1,-1
50,14,202.35,585.20,31.46,76.53,0.8936,2,1,-1
50,15,247.09,565.67,34.62,79.30,0.9299,2,2,-1
50,16,1384.87,837.95,35.71,123.21,0.6730,3,0,-1
50,17,790.17,489.13,27.92,65.60,0.9114,2,1,-1
50,18,180.95,474.35,21.04,35.73,0.8025,2,1,-1
50,19,593.87,459.13,21.09,53.28,0.9087,2,2,-1
50,20,160.95,516.38,25.91,67.15,0.8559,2,1,-1
50,21,222.50,382.39,19.41,32.43,0.5546,3,0,-1
50,23,619.55,446.61,18.76,48.92,0.8930,2,1,-1
50,0,1707.09,480.70,11.97,11.15,1.0,0,-1,-1
51,1,144.59,794.98,54.83,111.57,0.9391,2,2,-1
51,2,457.95,560.56,27.20,74.26,0.9196,2,2,-1
51,3,680.45,704.37,61.97,92.47,0.8733,2,2,-1
51,4,335.08,628.40,26.23,86.05,0.9046,2,1,-1
51,5,22.20,711.01,36.06,94.49,0.9193,2,1,-1
51,6,951.07,590.85,33.10,81.76,0.9281,2,2,-1
51,7,343.53,525.54,28.58,65.62,0.9182,3,0,-1
51,8,132.51,571.13,34.53,79.58,0.9125,2,1,-1
51,9,-1.09,555.36,10.66,63.62,0.5588,2,2,-1
51,10,709.36,483.10,21.72,61.73,0.9046,2,2,-1
51,11,541.72,525.12,31.10,68.01,0.9129,2,2,-1
51,12,444.81,477.68,18.47,55.95,0.9088,2,1,-1
51,13,793.91,621.89,41.69,79.68,0.9217,2,1,-1
51,14,200.79,585.47,30.05,77.23,0.8853,2,1,-1
51,15,246.18,566.46,36.25,79.07,0.9302,2,2,-1
51,16,1376.54,838.92,41.95,124.44,0.8352,3,0,-1
51,17,788.30,488.84,27.28,65.20,0.9027,2,1,-1
51,18,180.74,473.97,20.58,36.20,0.8297,2,1,-1
51,19,592.82,459.30,21.31,53.24,0.9014,2,2,-1
51,20,160.49,517.35,25.84,65.04,0.8831,2,1,-1
51,21,221.66,382.10,18.66,32.37,0.7267,3,0,-1
51,23,618.61,446.61,18.62,49.61,0.8914,2,1,-1
51,0,1707.08,480.82,11.96,10.93,1.0,0,-1,-1
52,1,142.49,795.27,52.07,111.46,0.9377,2,2,-1
52,2,454.63,560.71,31.00,74.73,0.9278,2,2,-1
52,3,679.96,704.35,61.54,92.50,0.8597,2,2,-1
52,4,332.75,628.92,27.75,86.81,0.8896,2,1,-1
52,5,20.88,711.00,36.75,95.57,0.9154,2,1,-1
52,6,949.16,591.62,34.63,81.49,0.9299,2,2,-1
52,7,341.85,525.59,29.33,65.01,0.9200,3,0,-1
52,8,131.61,571.72,34.61,78.68,0.8921,2,1,-1
52,10,708.46,483.44,22.08,62.49,0.9076,2,2,-1
52,11,540.06,525.52,32.09,70.73,0.9174,2,2,-1
52,12,442.89,477.68,17.80,56.45,0.9061,2,1,-1
52,13,792.71,622.13,41.42,79.64,0.9258,2,1,-1
52,14,199.75,585.45,28.09,75.91,0.8908,2,1,-1
52,15,244.61,566.75,36.43,79.14,0.9287,2,2,-1
52,16,1369.70,841.14,46.54,122.46,0.8664,3,0,-1
52,17,786.79,488.63,27.82,65.63,0.9096,2,1,-1
52,18,179.63,474.02,20.94,36.84,0.8371,2,1,-1
52,19,591.82,459.47,21.54,53.26,0.8976,2,2,-1
52,20,159.81,518.05,25.98,64.19,0.8483,2,1,-1
52,23,618.22,446.50,18.14,48.96,0.8898,2,1,-1
52,0,1707.03,481.03,12.03,10.56,1.0,0,-1,-1
53,1,138.73,795.31,47.93,111.40,0.9269,2,2,-1
53,2,450.85,561.34,35.24,75.19,0.9386,2,2,-1
53,3,679.58,704.72,60.51,91.83,0.8644,2,2,-1
53,4,328.70,630.09,31.70,86.08,0.9187,2,1,-1
53,5,19.21,711.23,38.79,96.42,0.9276,2,1,-1
53,6,947.37,592.17,35.84,81.91,0.9273,2,2,-1
53,7,339.78,524.98,30.48,65.63,0.9203,3,0,-1
53,8,130.29,571.78,35.11,78.63,0.9063,2,1,-1
53,10,707.55,483.23,21.92,62.31,0.9047,2,2,-1
53,11,539.47,526.62,31.45,68.60,0.9195,2,2,-1
53,12,442.15,477.37,17.03,57.01,0.8991,2,1,-1
53,13,791.90,622.27,40.04,79.61,0.9231,2,1,-1
53,14,197.11,585.67,26.90,75.08,0.8684,2,1,-1
53,15,243.19,566.59,34.92,78.85,0.9247,2,2,-1
53,16,1367.54,840.72,47.59,124.49,0.6186,3,0,-1
53,17,785.68,488.74,26.87,65.49,0.9108,2,1,-1
53,18,178.54,474.23,22.21,40.59,0.8331,2,1,-1
53,19,591.16,460.17,21.56,52.59,0.8978,2,2,-1
53,20,158.61,517.21,26.40,64.77,0.8006,2,1,-1
53,21,220.60,382.29,18.26,31.85,0.6280,3,0,-1
53,23,616.76,446.57,18.29,50.51,0.8956,2,1,-1
53,0,1706.93,480.97,12.16,10.71,1.0,0,-1,-1
54,1,136.86,795.99,44.58,110.35,0.9314,2,2,-1
54,2,448.88,562.00,37.56,75.06,0.9375,2,2,-1
54,3,678.62,704.69,61.11,92.25,0.8597,2,2,-1
54,4,323.46,630.52,37.37,86.80,0.9216,2,1,-1
54,5,17.84,711.61,40.03,96.04,0.9277,2,1,-1
54,6,945.94,592.69,36.62,82.80,0.9285,2,2,-1
54,7,338.70,524.43,30.79,65.30,0.9232,3,0,-1
54,8,129.61,571.99,34.25,78.16,0.8920,2,1,-1
54,10,706.90,483.06,22.17,62.51,0.9091,2,2,-1
54,11,539.20,527.08,30.26,67.45,0.9193,2,2,-1
54,12,441.18,477.43,17.23,56.66,0.8971,2,1,-1
54,13,791.79,621.79,38.35,79.87,0.9192,2,1,-1
54,14,196.19,586.20,26.78,76.71,0.8804,2,1,-1
54,15,241.41,566.03,32.55,79.77,0.9073,2,2,-1
54,16,1363.76,841.48,50.70,124.15,0.8638,3,0,-1
54,17,784.68,488.88,26.18,65.75,0.9121,2,1,-1
54,18,177.16,474.46,24.60,48.79,0.8232,2,1,-1
54,19,590.91,460.60,21.33,51.96,0.8939,2,2,-1
54,20,158.63,519.67,26.63,62.19,0.8722,2,1,-1
54,23,616.29,446.90,19.44,49.44,0.8897,2,1,-1
54,0,1707.11,481.01,12.00,10.65,1.0,0,-1,-1
55,1,134.87,796.27,42.07,109.99,0.9339,2,2,-1
55,2,448.28,562.37,38.62,75.41,0.9333,2,2,-1
55,3,677.54,705.04,60.96,91.28,0.8371,2,2,-1
55,4,319.63,630.66,41.28,87.01,0.9279,2,1,-1
55,5,17.04,711.82,41.69,96.28,0.9323,2,1,-1
55,6,945.25,593.09,36.30,82.10,0.9294,2,2,-1
55,7,337.98,524.58,31.30,65.26,0.9212,3,0,-1
55,8,133.43,600.84,23.41,48.71,0.8286,2,1,-1
55,10,706.24,483.30,22.06,62.33,0.8997,2,2,-1
55,11,539.07,527.26,29.70,68.95,0.9180,2,2,-1
55,12,440.14,477.84,18.50,56.27,0.8952,2,1,-1
55,13,791.49,621.72,35.90,80.33,0.9201,2,1,-1
55,14,194.75,586.07,29.33,77.62,0.8952,2,1,-1
55,15,240.02,566.31,29.78,79.47,0.9132,2,2,-1
55,16,1362.74,841.90,50.57,124.38,0.8909,3,0,-1
55,17,783.67,488.99,24.34,65.76,0.9056,2,1,-1
55,18,176.99,474.54,24.09,51.24,0.8177,2,1,-1
55,19,590.72,461.22,21.34,52.08,0.8943,2,2,-1
55,20,157.14,518.25,28.06,63.91,0.8696,2,1,-1
55,23,615.23,447.01,20.04,49.57,0.8860,2,1,-1
55,0,1707.27,480.98,12.06,10.84,1.0,0,-1,-1
56,1,132.40,797.27,42.38,109.21,0.9357,2,2,-1
56,2,447.56,562.98,38.80,75.66,0.9303,2,2,-1
56,3,674.54,705.69,63.05,90.82,0.8778,2,2,-1
56,4,318.09,630.90,42.75,86.86,0.9289,2,1,-1
56,5,15.86,711.93,42.71,97.40,0.9313,2,1,-1
56,6,943.77,593.20,36.62,82.18,0.9294,2,2,-1
56,7,336.70,523.45,30.46,66.44,0.9197,3,0,-1
56,8,127.30,572.92,31.69,76.25,0.8647,2,1,-1
56,10,704.90,483.33,22.46,62.45,0.9029,2,2,-1
56,11,538.86,527.56,28.82,69.95,0.9146,2,2,-1
56,12,437.62,477.86,21.35,56.68,0.9111,2,1,-1
56,13,790.03,621.53,30.19,80.47,0.9164,2,1,-1
56,14,192.12,586.65,31.33,77.97,0.9004,2,1,-1
56,15,239.18,566.60,28.06,79.17,0.9227,2,2,-1
56,16,1360.46,842.91,50.07,124.05,0.5660,3,0,-1
56,17,782.23,488.89,21.62,65.40,0.8984,2,1,-1
56,18,175.51,475.03,24.60,54.63,0.8178,2,1,-1
56,19,590.08,461.09,22.09,54.37,0.8918,2,2,-1
56,20,155.95,517.33,27.86,65.19,0.8496,2,1,-1
56,23,614.38,447.43,20.41,48.97,0.8759,2,1,-1
56,0,1707.17,480.95,12.19,10.93,1.0,0,-1,-1
57,1,129.55,798.21,46.07,108.34,0.9390,2,2,-1
57,2,446.53,563.11,38.06,76.50,0.9240,2,2,-1
57,3,673.19,705.75,64.11,90.82,0.8993,2,2,-1
57,4,317.24,631.50,43.22,87.50,0.9208,2,1,-1
57,5,14.48,712.23,43.84,97.72,0.9292,2,1,-1
57,6,942.62,593.48,35.91,81.75,0.9305,2,2,-1
57,7,336.19,523.76,28.63,65.99,0.9182,3,0,-1
57,8,127.36,571.90,29.09,78.02,0.8744,2,1,-1
57,10,703.66,484.07,22.52,61.75,0.9099,2,2,-1
57,11,538.39,527.76,27.36,68.42,0.9124,2,2,-1
57,12,435.14,477.93,23.52,56.55,0.9133,2,1,-1
57,13,789.38,621.39,26.32,80.53,0.9055,2,1,-1
57,14,190.12,587.30,33.60,77.32,0.9104,2,1,-1
57,15,237.39,567.25,27.19,79.37,0.9166,2,2,-1
57,16,1359.24,843.32,47.88,123.25,0.7062,3,0,-1
57,17,779.48,489.13,22.31,65.60,0.9075,2,1,-1
57,18,175.30,475.75,24.03,54.30,0.7924,2,1,-1
57,19,588.91,461.04,22.45,54.09,0.8871,2,2,-1
57,20,156.05,516.15,28.84,66.10,0.8539,2,1,-1
57,21,218.33,382.05,18.87,32.80,0.7144,3,0,-1
57,23,612.67,447.55,20.17,49.45,0.8794,2,1,-1
57,0,1707.25,480.79,12.09,11.07,1.0,0,-1,-1
58,1,124.00,798.91,51.22,109.11,0.9383,2,2,-1
58,2,445.54,562.94,37.02,76.60,0.9180,2,2,-1
58,3,672.52,706.69,63.95,90.37,0.9128,2,2,-1
58,4,316.23,631.66,42.22,87.43,0.9224,2,1,-1
58,5,12.99,712.04,44.90,98.13,0.9224,2,1,-1
58,6,941.86,593.57,34.13,81.70,0.9266,2,2,-1
58,7,335.92,523.09,27.94,66.13,0.9157,3,0,-1
58,8,127.16,572.72,27.04,76.56,0.8837,2,1,-1
58,10,702.45,483.99,22.93,62.39,0.9147,2,2,-1
58,11,537.76,527.48,26.64,69.85,0.9092,2,2,-1
58,12,433.17,477.84,25.41,56.71,0.9139,2,1,-1
58,13,787.87,621.65,24.56,80.80,0.9043,2,1,-1
58,14,188.65,587.45,34.94,77.60,0.9133,2,1,-1
58,15,235.11,567.40,27.28,79.53,0.9183,2,2,-1
58,16,1360.89,843.72,40.22,123.09,0.8925,3,0,-1
58,17,776.08,489.43,24.18,66.33,0.9134,2,1,-1
58,19,588.18,461.03,22.66,54.35,0.8862,2,2,-1
58,20,165.14,499.62,28.51,62.15,0.8298,2,1,-1
58,21,217.86,381.86,19.21,32.72,0.6942,3,0,-1
58,23,611.43,447.43,20.02,50.36,0.8803,2,1,-1
58,0,1707.35,480.88,12.06,10.95,1.0,0,-1,-1
59,1,119.61,799.90,56.11,111.37,0.9378,2,2,-1
59,2,443.50,562.56,35.79,77.23,0.9234,2,2,-1
59,3,672.14,706.92,63.94,90.82,0.9230,2,2,-1
59,4,314.72,632.12,40.56,87.24,0.9176,2,1,-1
59,5,11.72,712.41,46.64,97.46,0.9282,2,1,-1
59,6,941.07,593.84,32.44,81.51,0.9258,2,2,-1
59,7,335.40,522.86,25.99,66.76,0.9143,3,0,-1
59,8,130.06,598.52,19.65,51.56,0.8339,2,1,-1
59,10,701.09,484.16,23.92,62.11,0.9213,2,2,-1
59,11,537.31,527.64,25.01,68.77,0.9014,2,2,-1
59,12,432.45,478.60,25.77,56.20,0.9073,2,1,-1
59,13,785.86,622.38,23.99,79.97,0.9042,2,1,-1
59,14,187.46,587.94,35.56,76.75,0.9089,2,1,-1
59,15,233.29,567.99,28.70,79.24,0.9226,2,2,-1
59,16,1358.69,844.01,36.88,123.05,0.8445,3,0,-1
59,17,773.29,490.23,26.50,65.89,0.9182,2,1,-1
59,18,175.12,475.93,23.45,53.85,0.8692,2,1,-1
59,19,587.68,461.37,22.81,54.98,0.8871,2,2,-1
59,20,153.33,515.41,29.58,66.30,0.7956,2,1,-1
59,21,216.71,381.55,20.09,33.16,0.7815,3,0,-1
59,23,610.38,447.43,19.15,49.21,0.8844,2,1,-1
59,0,1707.28,480.79,12.06,10.97,1.0,0,-1,-1
60,1,115.63,800.96,59.88,112.41,0.9395,2,2,-1
60,2,441.57,562.12,32.50,77.61,0.9228,2,2,-1
60,3,671.63,707.05,64.24,90.99,0.9211,2,2,-1
60,4,313.20,632.02,37.88,87.31,0.9100,2,1,-1
60,5,10.51,712.49,47.13,97.71,0.9201,2,1,-1
60,6,940.80,594.54,30.76,80.89,0.9260,2,2,-1
60,7,335.38,522.37,25.16,67.28,0.9166,3,0,-1
60,8,125.59,573.80,25.64,76.20,0.8671,2,1,-1
60,10,699.40,484.36,24.63,62.49,0.9086,2,2,-1
60,11,536.95,527.67,24.05,69.43,0.9035,2,2,-1
60,12,432.20,478.76,26.13,56.27,0.9108,2,1,-1
60,13,783.69,622.79,23.83,79.65,0.9009,2,1,-1
60,14,185.72,587.92,35.37,77.32,0.9186,2,1,-1
60,15,231.42,568.96,30.03,78.79,0.9219,2,2,-1
60,16,1356.71,844.58,35.94,122.60,0.6935,3,0,-1
60,17,772.09,490.48,27.67,66.74,0.9149,2,1,-1
60,19,587.37,461.37,22.99,54.97,0.8882,2,2,-1
60,20,163.75,499.30,28.90,61.42,0.8688,2,1,-1
60,21,216.35,381.92,20.34,32.69,0.8120,3,0,-1
60,23,609.81,447.06,19.08,50.56,0.8856,2,1,-1
60,0,1707.20,480.81,12.43,10.78,1.0,0,-1,-1
61,1,114.55,801.50,61.42,113.18,0.9358,2,2,-1
61,2,440.12,562.47,29.09,77.62,0.9111,2,2,-1
61,3,670.60,707.13,64.38,91.31,0.9214,2,2,-1
61,4,311.14,631.93,33.90,84.44,0.8948,2,1,-1
61,5,9.70,712.71,46.07,96.68,0.9107,2,1,-1
61,6,940.34,595.09,29.93,81.45,0.9237,2,2,-1
61,7,334.96,522.54,24.59,66.24,0.9156,3,0,-1
61,8,124.80,573.02,24.70,76.92,0.8742,2,1,-1
61,10,698.72,484.79,25.01,63.71,0.9034,2,2,-1
61,11,536.43,528.17,23.02,68.88,0.8955,2,2,-1
61,12,431.95,478.38,25.51,56.34,0.8979,2,1,-1
61,13,780.24,623.05,26.27,79.68,0.8806,2,1,-1
61,14,184.13,587.58,32.39,77.41,0.8995,2,1,-1
61,15,228.41,569.38,33.31,80.35,0.9229,2,2,-1
61,16,1353.80,844.81,35.52,122.44,0.7606,3,0,-1
61,17,772.53,490.62,27.69,67.34,0.9206,2,1,-1
61,19,587.06,461.45,22.94,56.14,0.8865,2,2,-1
61,20,164.55,499.36,27.84,60.71,0.8715,2,1,-1
61,21,215.70,381.73,21.25,33.04,0.7947,3,0,-1
61,23,609.02,446.85,17.57,50.99,0.8781,2,1,-1
61,0,1707.36,480.66,12.22,10.76,1.0,0,-1,-1
62,1,113.84,802.58,61.78,112.97,0.9363,2,2,-1
62,2,439.46,562.62,26.40,77.08,0.9106,2,2,-1
62,3,669.98,708.69,64.01,93.04,0.9262,2,2,-1
62,4,309.98,631.67,33.15,87.95,0.9090,2,1,-1
62,5,8.81,712.81,46.90,97.18,0.9050,2,1,-1
62,6,937.25,595.88,32.24,81.09,0.9250,2,2,-1
62,7,334.22,522.57,24.84,66.36,0.9146,3,0,-1
62,8,123.94,573.28,24.21,75.67,0.8540,2,1,-1
62,10,698.33,485.23,25.17,63.59,0.9039,2,2,-1
62,11,535.05,528.36,23.39,69.36,0.9045,2,2,-1
62,12,431.49,478.90,23.70,55.62,0.8971,2,1,-1
62,13,774.22,623.14,32.14,80.88,0.9101,2,1,-1
62,14,183.63,587.64,29.10,74.90,0.8732,2,1,-1
62,15,226.77,569.83,34.91,80.70,0.9239,2,2,-1
62,16,1350.29,845.52,35.93,121.58,0.7647,3,0,-1
62,17,772.03,490.96,28.24,67.13,0.9222,2,1,-1
62,19,587.17,461.48,22.44,55.36,0.8834,2,2,-1
62,20,164.22,499.27,28.21,61.16,0.8668,2,1,-1
62,21,215.28,381.71,21.15,33.09,0.8221,3,0,-1
62,23,608.42,446.35,16.92,52.38,0.8777,2,1,-1
62,0,1707.43,481.02,12.07,10.60,1.0,0,-1,-1
63,1,111.78,803.24,61.72,111.66,0.9352,2,2,-1
63,2,438.45,563.49,26.22,77.03,0.9200,2,2,-1
63,3,670.28,709.63,63.12,93.35,0.9294,2,2,-1
63,4,307.83,631.83,30.41,88.04,0.9043,2,1,-1
63,5,7.92,713.12,46.03,96.75,0.8995,2,1,-1
63,6,934.28,596.66,34.73,81.51,0.9262,2,2,-1
63,7,333.21,522.64,25.26,65.82,0.9157,3,0,-1
63,8,122.68,573.41,25.69,77.05,0.8659,2,1,-1
63,10,698.00,485.58,25.14,63.57,0.9008,2,2,-1
63,11,533.15,529.57,24.59,70.01,0.9114,2,2,-1
63,12,431.02,477.85,22.65,56.85,0.9000,2,1,-1
63,13,769.49,623.54,36.75,81.98,0.9194,2,1,-1
63,14,183.32,587.70,28.79,74.89,0.8858,2,1,-1
63,15,225.21,570.05,36.37,81.84,0.9239,2,2,-1
63,16,1344.62,845.87,40.58,121.14,0.8646,3,0,-1
63,17,771.86,490.79,27.21,67.35,0.9131,2,1,-1
63,19,586.86,461.62,22.61,54.86,0.8865,2,2,-1
63,20,164.62,499.30,28.22,62.86,0.8706,2,1,-1
63,21,214.49,381.62,21.00,32.81,0.5989,3,0,-1
63,23,608.27,446.40,16.02,51.92,0.8781,2,1,-1
63,0,1707.80,480.81,11.83,10.73,1.0,0,-1,-1
64,1,109.55,803.18,60.43,112.00,0.9346,2,2,-1
64,2,436.96,564.38,26.69,76.42,0.9149,2,2,-1
64,3,670.33,710.51,62.04,92.48,0.9266,2,2,-1
64,4,305.74,632.13,29.00,87.60,0.9051,2,1,-1
64,5,6.68,713.03,44.82,96.92,0.9077,2,1,-1
64,6,931.50,596.96,36.90,81.17,0.9279,2,2,-1
64,7,331.05,522.76,26.30,65.57,0.9230,3,0,-1
64,8,121.26,573.59,27.80,77.29,0.8873,2,1,-1
64,10,697.39,486.17,25.16,62.43,0.9073,2,2,-1
64,11,532.04,529.95,25.36,71.19,0.9096,2,2,-1
64,12,430.15,477.85,20.22,56.67,0.9002,2,1,-1
64,13,765.82,624.46,39.94,82.78,0.9201,2,1,-1
64,14,181.40,587.51,28.34,77.30,0.8987,2,1,-1
64,15,224.74,570.38,36.52,81.79,0.9182,2,2,-1
64,16,1341.00,846.82,43.15,119.05,0.7880,3,0,-1
64,17,771.06,490.77,24.68,67.52,0.9113,2,1,-1
64,19,586.53,461.99,22.70,54.10,0.8874,2,2,-1
64,20,165.87,499.44,27.40,61.58,0.8680,2,1,-1
64,21,214.44,381.47,21.13,33.35,0.8232,3,0,-1
64,23,607.67,446.64,15.53,50.96,0.8772,2,1,-1
64,0,1707.75,480.83,11.85,10.44,1.0,0,-1,-1
65,1,104.91,802.85,54.05,112.42,0.9310,2,2,-1
65,2,435.26,565.02,28.28,76.90,0.9116,2,2,-1
65,3,666.78,711.33,63.92,92.87,0.9292,2,2,-1
65,4,303.83,632.77,28.23,86.36,0.9088,2,1,-1
65,5,6.40,713.10,42.88,95.36,0.9114,2,1,-1
65,6,930.54,597.79,37.76,81.41,0.9296,2,2,-1
65,7,328.90,523.11,27.37,65.10,0.9244,3,0,-1
65,8,118.50,573.73,30.63,77.45,0.9022,2,1,-1
65,10,696.94,486.56,24.97,62.92,0.9087,2,2,-1
65,11,531.17,530.90,25.77,70.87,0.9071,2,2,-1
65,12,428.46,478.08,18.87,56.98,0.8964,2,1,-1
65,13,763.53,624.91,41.85,82.94,0.9194,2,1,-1
65,14,180.22,587.75,27.37,77.50,0.8932,2,1,-1
65,15,223.76,570.46,37.26,82.09,0.9163,2,2,-1
65,16,1334.76,849.67,45.04,117.58,0.6785,3,0,-1
65,17,770.11,490.49,23.64,68.11,0.9018,2,1,-1
65,19,586.17,462.41,22.31,54.27,0.8909,2,2,-1
65,20,164.40,499.66,27.73,62.66,0.8532,2,1,-1
65,21,213.10,381.01,20.53,33.23,0.7995,3,0,-1
65,23,606.54,446.37,16.29,51.99,0.8757,2,1,-1
65,0,1707.80,480.66,11.85,10.86,1.0,0,-1,-1
66,1,101.97,803.13,48.20,112.25,0.9366,2,2,-1
66,2,433.09,565.23,30.81,78.84,0.9165,2,2,-1
66,3,664.70,711.57,65.09,93.35,0.9209,2,2,-1
66,4,301.27,633.52,28.64,87.98,0.9023,2,1,-1
66,5,5.59,713.00,43.58,96.96,0.9150,2,1,-1
66,6,930.11,598.03,38.03,81.96,0.9327,2,2,-1
66,7,327.41,522.89,28.32,65.40,0.9237,3,0,-1
66,8,117.54,573.05,32.30,78.09,0.8880,2,1,-1
66,10,697.11,486.67,24.55,63.42,0.9086,2,2,-1
66,11,529.73,531.11,26.87,70.55,0.9085,2,2,-1
66,12,427.26,478.22,17.79,57.01,0.8943,2,1,-1
66,13,760.28,625.81,43.18,82.12,0.9252,2,1,-1
66,14,179.18,587.84,26.39,76.82,0.8970,2,1,-1
66,15,222.29,570.68,36.89,81.18,0.9203,2,2,-1
66,16,1331.13,850.92,46.69,117.21,0.6255,3,0,-1
66,17,769.04,490.65,21.72,67.79,0.8982,2,1,-1
66,19,585.70,462.48,22.16,54.09,0.8927,2,2,-1
66,20,164.10,500.00,27.91,63.25,0.8457,2,1,-1
66,21,213.27,380.94,19.87,33.38,0.7984,3,0,-1
66,23,605.65,446.83,16.70,51.58,0.8781,2,1,-1
66,0,1707.58,480.58,12.14,11.49,1.0,0,-1,-1
67,1,100.00,804.18,44.00,110.95,0.9384,2,2,-1
67,2,431.86,566.32,32.15,78.03,0.9191,2,2,-1
67,3,665.78,711.97,63.75,94.10,0.9257,2,2,-1
67,4,298.16,634.42,33.35,90.34,0.9042,2,1,-1
67,5,5.29,713.03,42.80,96.23,0.9165,2,1,-1
67,6,930.09,598.67,37.25,81.42,0.9364,2,2,-1
67,7,326.89,522.46,28.77,66.20,0.9226,3,0,-1
67,8,116.70,573.72,33.14,77.53,0.9022,2,1,-1
67,10,697.29,486.69,24.00,63.24,0.9080,2,2,-1
67,11,529.17,531.48,27.37,70.28,0.9124,2,2,-1
67,12,426.53,478.48,17.40,55.82,0.9019,2,1,-1
67,13,759.15,626.06,42.44,82.52,0.9216,2,1,-1
67,14,177.88,587.64,25.91,76.37,0.8835,2,1,-1
67,15,221.12,570.87,35.02,80.85,0.9234,2,2,-1
67,16,1327.06,850.05,51.67,118.79,0.8366,3,0,-1
67,17,768.50,490.74,21.02,67.87,0.9008,2,1,-1
67,19,585.39,462.84,21.92,53.96,0.8945,2,2,-1
67,20,163.67,500.08,27.80,64.31,0.8466,2,1,-1
67,21,213.53,380.54,18.88,33.66,0.8462,3,0,-1
67,23,604.71,447.18,17.54,51.39,0.8663,2,1,-1
67,0,1708.25,480.69,11.94,11.32,1.0,0,-1,-1
68,1,97.64,804.90,42.22,111.23,0.9337,2,2,-1
68,2,430.30,566.84,33.76,77.60,0.9210,2,2,-1
68,3,664.06,712.08,63.47,93.80,0.9251,2,2,-1
68,4,294.40,634.93,39.06,89.77,0.9344,2,1,-1
68,5,5.25,712.95,41.66,95.63,0.9155,2,1,-1
68,6,930.12,598.41,36.61,81.81,0.9327,2,2,-1
68,7,327.03,522.22,28.83,66.12,0.9231,3,0,-1
68,8,116.17,573.30,34.65,78.11,0.9147,2,1,-1
68,10,697.92,486.69,23.65,63.85,0.9058,2,2,-1
68,11,529.67,531.81,28.71,69.87,0.9134,2,2,-1
68,12,425.96,478.29,17.61,56.50,0.8975,2,1,-1
68,13,760.02,626.34,39.44,82.12,0.9047,2,1,-1
68,14,176.22,587.65,27.47,76.05,0.8995,2,1,-1
68,15,220.77,570.83,34.06,81.20,0.9209,2,2,-1
68,16,1326.93,850.28,52.31,119.72,0.7053,3,0,-1
68,17,768.09,490.46,20.98,68.10,0.8986,2,1,-1
68,18,168.03,476.90,25.23,56.13,0.7998,2,1,-1
68,19,585.64,463.31,21.36,53.82,0.8969,2,2,-1
68,21,214.31,381.43,18.73,33.28,0.8669,3,0,-1
68,23,604.17,447.22,17.99,51.29,0.8639,2,1,-1
69,1,94.82,805.21,41.41,109.87,0.9344,2,2,-1
69,2,429.97,567.40,34.88,77.57,0.9066,2,2,-1
69,3,663.10,712.30,62.59,93.95,0.9228,2,2,-1
69,4,291.36,635.44,42.27,89.94,0.9274,2,1,-1
69,5,5.38,712.91,40.89,94.42,0.9157,2,1,-1
69,6,928.96,598.14,35.26,82.10,0.9281,2,2,-1
69,7,326.66,522.34,29.81,66.05,0.9202,3,0,-1
69,8,115.30,573.35,35.53,78.00,0.9193,2,1,-1
69,10,698.24,486.99,23.50,64.22,0.9060,2,2,-1
69,11,528.70,532.39,26.29,70.24,0.9008,2,2,-1
69,12,425.13,478.97,18.55,56.27,0.9016,2,1,-1
69,13,761.36,626.85,35.03,81.35,0.8925,2,1,-1
69,14,174.26,587.38,29.71,76.48,0.9195,2,1,-1
69,15,219.56,571.11,34.10,81.72,0.9213,2,2,-1
69,16,1326.00,850.93,51.98,119.35,0.7346,3,0,-1
69,17,767.72,491.52,21.12,66.70,0.8964,2,1,-1
69,18,167.82,477.35,25.42,56.04,0.8241,2,1,-1
69,19,585.28,463.54,21.53,54.15,0.8985,2,2,-1
69,21,213.74,381.12,18.04,33.45,0.8718,3,0,-1
69,23,602.70,447.70,18.72,50.23,0.8710,2,1,-1
70,1,91.40,806.34,42.45,111.26,0.9340,2,2,-1
70,2,428.64,568.18,34.33,76.85,0.9066,2,2,-1
70,3,663.60,712.40,60.33,93.62,0.9270,2,2,-1
70,4,290.86,635.95,43.16,89.78,0.9328,2,1,-1
70,5,5.30,713.03,42.70,94.92,0.9220,2,1,-1
70,6,928.09,597.88,31.94,81.99,0.9231,2,2,-1
70,7,325.69,522.61,29.94,65.66,0.9196,3,0,-1
70,8,115.06,573.02,34.84,78.05,0.9066,2,1,-1
70,10,698.76,487.54,23.00,63.85,0.9032,2,2,-1
70,11,528.32,532.43,23.92,70.37,0.9066,2,2,-1
70,12,423.39,478.81,20.13,56.68,0.8915,2,1,-1
70,13,760.95,626.81,31.44,81.84,0.8746,2,1,-1
70,14,172.47,587.92,31.35,76.13,0.9051,2,1,-1
70,15,218.93,571.31,32.55,81.35,0.9164,2,2,-1
70,16,1325.36,851.12,51.10,118.99,0.6703,3,0,-1
70,17,766.22,491.88,22.06,65.72,0.8923,2,1,-1
70,18,167.80,477.55,24.48,53.21,0.8010,2,1,-1
70,19,584.75,464.11,21.82,53.98,0.8970,2,2,-1
70,21,212.19,381.13,18.68,33.41,0.8741,3,0,-1
70,23,601.45,447.68,18.72,49.32,0.8680,2,1,-1
71,1,88.02,807.47,46.43,112.91,0.9324,2,2,-1
71,2,427.74,567.99,32.78,76.68,0.9107,2,2,-1
71,3,663.06,712.48,58.88,94.87,0.9219,2,2,-1
71,4,290.11,636.03,43.88,89.91,0.9280,2,1,-1
71,5,5.25,712.88,42.97,94.17,0.9224,2,1,-1
71,6,928.04,597.11,29.12,82.44,0.9230,2,2,-1
71,7,324.18,521.94,31.02,66.68,0.9226,3,0,-1
71,8,115.15,573.11,34.10,78.05,0.8930,2,1,-1
71,10,699.27,487.41,22.39,63.18,0.9053,2,2,-1
71,11,528.07,532.24,22.76,70.49,0.9067,2,2,-1
71,12,421.91,479.28,22.30,56.79,0.9010,2,1,-1
71,13,762.33,626.36,27.76,82.51,0.8940,2,1,-1
71,14,171.88,587.38,33.25,76.19,0.8904,2,1,-1
71,15,218.13,571.81,29.56,79.80,0.9206,2,2,-1
71,16,1324.35,851.04,48.30,118.77,0.7335,3,0,-1
71,17,764.72,492.22,24.72,66.31,0.8980,2,1,-1
71,18,168.27,477.64,23.82,50.64,0.8138,2,1,-1
71,19,584.32,464.90,21.72,53.26,0.8983,2,2,-1
71,20,155.40,518.77,23.99,62.33,0.7659,2,1,-1
71,21,211.56,381.75,19.23,32.95,0.8762,3,0,-1
71,23,600.60,448.01,20.25,49.21,0.8749,2,1,-1
72,1,83.48,808.03,52.69,114.99,0.9302,2,2,-1
72,2,427.10,567.75,31.52,76.95,0.9129,2,2,-1
72,3,663.90,713.06,57.16,92.92,0.9241,2,2,-1
72,4,289.45,636.66,44.04,89.29,0.9263,2,1,-1
72,5,4.97,712.93,44.51,95.65,0.9211,2,1,-1
72,6,927.57,597.90,25.36,81.67,0.9143,2,2,-1
72,7,323.46,521.61,30.93,65.02,0.9245,3,0,-1
72,8,115.05,573.13,34.64,77.91,0.9135,2,1,-1
72,10,699.61,487.67,22.02,62.34,0.9074,2,2,-1
72,11,527.86,532.02,22.71,70.37,0.9031,2,2,-1
72,12,420.68,479.16,23.77,56.69,0.9027,2,1,-1
72,13,762.72,626.58,25.01,82.40,0.9063,2,1,-1
72,14,171.33,587.08,34.79,76.73,0.8876,2,1,-1
72,15,217.28,571.88,27.84,79.19,0.9189,2,2,-1
72,16,1324.51,850.97,44.87,119.33,0.7828,3,0,-1
72,17,763.05,492.69,26.74,66.88,0.9074,2,1,-1
72,18,168.07,477.52,24.12,50.70,0.8103,2,1,-1
72,19,584.19,464.79,21.88,53.29,0.9023,2,2,-1
72,20,161.19,536.82,17.72,44.15,0.6863,2,1,-1
72,21,211.51,381.59,19.68,33.26,0.8790,3,0,-1
72,23,600.09,447.01,20.90,50.33,0.8135,2,1,-1
73,1,79.04,809.51,57.98,114.70,0.9373,2,2,-1
73,2,425.82,567.74,30.06,77.22,0.8949,2,2,-1
73,3,663.88,713.13,56.76,92.92,0.9270,2,2,-1
73,4,287.90,636.70,44.02,88.19,0.9232,2,1,-1
73,5,4.56,713.08,43.41,95.08,0.9236,2,1,-1
73,6,926.03,597.86,22.74,81.59,0.9105,2,2,-1
73,7,322.61,521.25,29.57,65.25,0.9191,3,0,-1
73,8,114.41,573.32,34.44,77.77,0.9037,2,1,-1
73,10,699.75,487.93,21.78,62.64,0.9052,2,2,-1
73,11,527.41,531.97,22.79,69.68,0.8992,2,2,-1
73,12,420.14,479.62,24.28,56.05,0.8941,2,1,-1
73,13,760.28,626.74,24.97,82.29,0.8998,2,1,-1
73,14,170.69,586.70,35.26,77.42,0.8487,2,1,-1
73,15,215.95,572.34,28.34,80.05,0.9222,2,2,-1
73,16,1325.45,850.64,40.71,119.58,0.8516,3,0,-1
73,17,761.40,493.30,28.27,67.02,0.9074,2,1,-1
73,18,168.49,477.67,22.88,45.40,0.7990,2,1,-1
73,19,583.68,464.70,22.06,53.46,0.9015,2,2,-1
73,20,159.10,531.73,19.57,48.63,0.7250,2,1,-1
73,21,211.48,381.69,19.57,32.62,0.8752,3,0,-1
74,1,75.84,811.03,60.94,114.03,0.9415,2,2,-1
74,2,425.00,567.36,28.49,77.96,0.8953,2,2,-1
74,3,665.42,714.06,55.27,92.31,0.9369,2,2,-1
74,4,285.86,636.72,41.90,89.03,0.9079,2,1,-1
74,5,4.08,712.86,43.17,93.13,0.9208,2,1,-1
74,6,924.87,598.49,22.32,84.35,0.9078,2,2,-1
74,7,321.37,521.05,27.12,64.64,0.9150,3,0,-1
74,8,114.17,573.25,33.79,77.90,0.9127,2,1,-1
74,10,699.66,487.98,21.60,63.12,0.9056,2,2,-1
74,11,524.73,532.50,20.95,69.45,0.9007,2,2,-1
74,12,419.47,479.77,24.32,55.81,0.9027,2,1,-1
74,13,754.38,626.85,29.39,81.75,0.9120,2,1,-1
74,14,169.20,586.65,36.10,78.52,0.8656,2,1,-1
74,15,213.74,572.71,29.66,79.15,0.9255,2,2,-1
74,16,1322.65,851.50,39.04,118.68,0.7878,3,0,-1
74,17,760.74,493.31,28.69,66.68,0.9119,2,1,-1
74,18,167.07,478.18,25.07,51.29,0.7975,2,1,-1
74,19,583.05,464.92,21.94,53.18,0.8956,2,2,-1
74,20,157.04,519.76,23.49,61.01,0.7370,2,1,-1
74,21,210.97,381.91,19.86,32.49,0.8694,3,0,-1
75,1,73.14,811.65,62.97,114.72,0.9352,2,2,-1
75,2,424.27,567.94,26.66,77.36,0.9049,2,2,-1
75,3,667.55,714.04,53.75,93.44,0.9373,2,2,-1
75,4,284.24,636.45,39.13,88.25,0.8944,2,1,-1
75,5,4.21,712.73,44.14,95.14,0.9254,2,1,-1
75,6,922.46,598.86,23.84,84.28,0.9084,2,2,-1
75,7,320.36,520.74,26.30,64.26,0.9174,3,0,-1
75,8,114.36,573.62,32.98,77.61,0.9026,2,1,-1
75,10,699.86,488.22,21.49,63.06,0.9059,2,2,-1
75,11,522.45,532.76,22.21,68.78,0.9090,2,2,-1
75,12,418.91,479.43,24.09,56.07,0.8911,2,1,-1
75,13,749.02,626.66,34.03,82.15,0.9220,2,1,-1
75,14,168.80,586.98,34.76,77.44,0.8816,2,1,-1
75,15,212.03,573.22,30.99,79.45,0.9260,2,2,-1
75,16,1319.23,851.57,39.44,122.45,0.7889,3,0,-1
75,17,760.15,493.52,29.40,67.05,0.9141,2,1,-1
75,18,167.51,478.31,24.50,52.83,0.8196,2,1,-1
75,19,582.64,464.69,22.19,53.17,0.8898,2,2,-1
75,20,160.68,533.73,19.55,47.21,0.6305,2,1,-1
75,21,210.49,381.44,20.02,32.65,0.8415,3,0,-1
76,1,71.80,812.29,60.71,114.79,0.9342,2,2,-1
76,2,423.82,568.25,25.46,76.14,0.9060,2,2,-1
76,3,670.70,714.54,50.32,93.24,0.9351,2,2,-1
76,4,283.14,636.52,34.41,82.65,0.9041,2,1,-1
76,5,3.98,712.49,44.86,95.64,0.9257,2,1,-1
76,6,919.02,599.31,27.30,84.66,0.9224,2,2,-1
76,7,320.25,520.01,25.72,64.97,0.9190,3,0,-1
76,8,113.65,572.85,33.41,77.52,0.9118,2,1,-1
76,10,700.26,488.41,21.11,62.80,0.9078,2,2,-1
76,11,520.74,533.25,23.22,67.90,0.9120,2,2,-1
76,12,417.98,478.58,23.00,56.81,0.8845,2,1,-1
76,13,746.01,627.02,38.62,81.93,0.9226,2,1,-1
76,14,168.87,586.75,35.05,77.90,0.8883,2,1,-1
76,15,211.03,573.62,33.69,79.41,0.9340,2,2,-1
76,16,1315.29,851.85,39.62,124.02,0.5859,3,0,-1
76,17,759.55,493.32,29.60,66.48,0.9135,2,1,-1
76,18,167.89,478.30,23.78,51.97,0.8132,2,1,-1
76,19,582.63,464.38,22.51,53.25,0.8908,2,2,-1
76,20,157.27,521.35,23.59,58.74,0.7599,2,1,-1
76,21,210.52,381.38,20.62,33.03,0.8756,3,0,-1
77,1,71.41,813.05,60.84,114.68,0.9348,2,2,-1
77,2,422.29,568.07,27.15,76.76,0.9097,2,2,-1
77,3,672.80,714.73,47.87,94.13,0.9340,2,2,-1
77,4,281.43,636.21,33.37,88.09,0.8935,2,1,-1
77,5,3.54,712.32,42.98,97.08,0.9284,2,1,-1
77,6,915.87,599.58,30.43,84.65,0.9194,2,2,-1
77,7,318.75,519.75,25.84,65.32,0.9220,3,0,-1
77,8,113.37,572.86,34.28,77.63,0.9140,2,1,-1
77,10,700.33,488.76,21.04,62.79,0.9076,2,2,-1
77,11,519.29,533.18,25.02,69.30,0.9114,2,2,-1
77,12,417.87,478.35,20.63,56.60,0.9013,2,1,-1
77,13,744.43,627.63,41.37,81.27,0.9268,2,1,-1
77,14,168.10,585.50,34.81,78.45,0.8810,2,1,-1
77,15,210.56,573.79,34.82,80.71,0.9288,2,2,-1
77,17,758.92,493.61,29.37,66.17,0.9070,2,1,-1
77,18,167.88,478.41,23.70,52.47,0.8403,2,1,-1
77,19,582.53,464.44,22.56,53.11,0.8914,2,2,-1
77,20,161.47,533.46,18.96,46.68,0.5312,2,1,-1
77,21,210.45,381.17,20.45,32.58,0.8706,3,0,-1
78,1,69.62,813.84,57.43,113.19,0.9348,2,2,-1
78,2,418.58,568.59,29.33,76.84,0.9153,2,2,-1
78,3,674.30,716.15,45.54,94.13,0.9338,2,2,-1
78,4,280.12,635.89,31.74,89.40,0.9045,2,1,-1
78,5,2.54,712.47,40.57,96.99,0.9275,2,1,-1
78,6,914.63,600.53,31.97,84.84,0.9207,2,2,-1
78,7,316.50,519.89,26.41,64.89,0.9225,3,0,-1
78,8,114.44,589.23,28.94,60.82,0.8892,2,1,-1
78,10,699.76,489.08,21.17,62.98,0.9043,2,2,-1
78,11,516.48,533.87,26.49,68.46,0.9125,2,2,-1
78,12,416.20,478.25,19.13,56.92,0.8951,2,1,-1
78,13,741.59,628.06,43.70,82.77,0.9279,2,1,-1
78,14,166.38,585.53,32.60,78.46,0.8657,2,1,-1
78,15,209.63,574.61,35.34,79.68,0.9278,2,2,-1
78,16,1303.51,853.09,42.60,125.17,0.6698,3,0,-1
78,17,756.19,493.43,26.05,65.77,0.9066,2,1,-1
78,19,581.78,464.45,22.74,53.67,0.8988,2,2,-1
78,20,154.82,499.78,29.72,76.42,0.8390,2,1,-1
78,21,210.35,381.42,20.68,32.99,0.8700,3,0,-1
79,1,66.53,814.13,48.88,112.53,0.9194,2,2,-1
79,2,414.74,569.39,31.63,77.70,0.9255,2,2,-1
79,3,675.44,716.89,43.77,95.71,0.9362,2,2,-1
79,4,278.40,636.19,30.06,88.66,0.9073,2,1,-1
79,5,0.95,712.65,40.20,96.25,0.9211,2,1,-1
79,6,912.81,601.33,31.94,85.01,0.9160,2,2,-1
79,7,313.86,520.08,27.32,64.39,0.9153,3,0,-1
79,8,110.21,573.14,33.23,78.02,0.9077,2,1,-1
79,10,698.74,489.67,20.94,62.54,0.9023,2,2,-1
79,11,515.00,534.53,27.81,69.11,0.9114,2,2,-1
79,12,414.86,478.88,17.12,56.73,0.8936,2,1,-1
79,13,740.78,628.49,44.16,81.95,0.9280,2,1,-1
79,14,165.97,585.97,29.73,77.28,0.8890,2,1,-1
79,15,208.04,574.87,34.81,79.49,0.9279,2,2,-1
79,16,1297.97,854.76,44.52,124.90,0.5165,3,0,-1
79,17,755.23,493.65,26.22,66.47,0.9000,2,1,-1
79,18,168.19,478.44,21.35,46.78,0.8443,2,1,-1
79,19,580.74,464.52,23.06,54.58,0.8973,2,2,-1
79,21,208.85,381.77,20.63,32.54,0.8557,3,0,-1
79,23,592.71,447.27,15.92,30.74,0.7550,2,1,-1
80,1,64.68,814.13,43.58,112.57,0.9136,2,2,-1
80,2,412.82,570.34,33.68,76.34,0.9189,2,2,-1
80,3,675.30,717.57,43.08,95.47,0.9330,2,2,-1
80,4,275.55,636.83,31.72,88.62,0.9144,2,1,-1
80,5,0.42,712.54,39.59,96.90,0.9210,2,1,-1
80,6,911.76,601.65,32.64,84.89,0.9285,2,2,-1
80,7,312.75,519.81,28.04,64.85,0.9164,3,0,-1
80,8,110.03,572.44,31.78,78.18,0.9016,2,1,-1
80,10,698.41,489.82,21.17,63.47,0.9008,2,2,-1
80,11,514.74,534.73,28.71,68.93,0.9087,2,2,-1
80,12,414.51,478.98,16.95,56.34,0.8944,2,1,-1
80,13,740.57,628.65,43.90,82.26,0.9310,2,1,-1
80,14,165.68,586.16,27.51,76.69,0.8976,2,1,-1
80,15,207.80,574.74,34.55,80.49,0.9250,2,2,-1
80,16,1294.72,855.67,47.38,125.73,0.6475,3,0,-1
80,17,753.57,493.51,22.64,66.08,0.8956,2,1,-1
80,18,167.35,478.41,22.94,51.69,0.8342,2,1,-1
80,19,580.70,464.75,23.17,54.80,0.8980,2,2,-1
80,21,208.36,381.62,20.48,32.70,0.8578,3,0,-1
80,23,591.82,447.29,16.80,30.14,0.7192,2,1,-1
81,1,63.60,814.39,39.63,111.96,0.9381,2,2,-1
81,2,410.68,570.81,36.19,76.15,0.9277,2,2,-1
81,3,674.02,718.01,44.07,95.46,0.9301,2,2,-1
81,4,271.60,636.90,35.33,89.18,0.9193,2,1,-1
81,5,0.26,712.71,38.10,95.72,0.9223,2,1,-1
81,6,909.39,601.43,33.17,85.42,0.9251,2,2,-1
81,7,311.75,519.51,28.37,64.72,0.9169,3,0,-1
81,8,109.62,572.33,29.56,78.45,0.9018,2,1,-1
81,10,698.09,489.72,21.09,63.31,0.9024,2,2,-1
81,11,514.34,534.78,28.35,69.27,0.9075,2,2,-1
81,12,412.98,479.23,17.38,55.42,0.9025,2,1,-1
81,13,740.13,628.16,41.82,82.94,0.9234,2,1,-1
81,14,165.03,585.83,26.04,78.46,0.8995,2,1,-1
81,15,206.77,574.83,32.81,79.93,0.9078,2,2,-1
81,16,1291.21,855.99,51.86,126.52,0.8440,3,0,-1
81,17,753.17,493.90,21.24,65.72,0.8947,2,1,-1
81,18,167.29,478.48,22.58,50.65,0.8191,2,1,-1
81,19,580.62,464.79,23.31,54.49,0.8979,2,2,-1
81,21,208.12,381.16,19.97,32.74,0.8388,3,0,-1
82,1,62.66,815.61,38.54,109.83,0.9253,2,2,-1
82,2,409.75,570.64,36.48,77.09,0.9273,2,2,-1
82,3,672.12,717.85,45.58,95.73,0.9283,2,2,-1
82,4,267.64,637.66,40.01,88.72,0.9237,2,1,-1
82,5,-0.26,713.04,37.38,97.52,0.9131,2,1,-1
82,6,907.58,601.48,33.49,84.95,0.9329,2,2,-1
82,7,310.41,519.49,29.53,64.76,0.9186,3,0,-1
82,8,108.67,572.58,27.53,78.56,0.9075,2,1,-1
82,10,697.39,489.77,21.25,63.50,0.9044,2,2,-1
82,11,513.50,534.65,26.93,69.55,0.9038,2,2,-1
82,12,411.26,479.16,18.81,56.28,0.8953,2,1,-1
82,13,739.60,628.08,37.03,82.58,0.9246,2,1,-1
82,14,163.90,585.97,24.80,77.42,0.9000,2,1,-1
82,15,205.79,574.72,28.79,80.08,0.9106,2,2,-1
82,16,1290.12,857.14,52.13,125.86,0.9346,3,0,-1
82,17,751.64,493.88,21.13,66.50,0.8955,2,1,-1
82,18,166.70,478.53,23.21,52.98,0.8397,2,1,-1
82,19,580.36,465.36,23.21,53.77,0.8996,2,2,-1
82,21,207.90,381.51,19.20,32.45,0.8291,3,0,-1
83,1,60.07,815.84,40.61,109.92,0.9255,2,2,-1
83,2,409.54,570.81,36.71,76.87,0.9274,2,2,-1
83,3,670.35,717.58,47.14,96.27,0.9266,2,2,-1
83,4,266.41,638.34,41.31,87.96,0.9217,2,1,-1
83,5,0.17,713.32,36.98,97.82,0.9114,2,1,-1
83,6,906.00,601.62,32.13,84.60,0.9330,2,2,-1
83,7,310.08,519.80,29.83,64.20,0.9210,3,0,-1
83,8,107.37,572.72,26.67,79.03,0.8990,2,1,-1
83,10,696.85,489.67,21.33,62.76,0.9033,2,2,-1
83,11,513.50,534.44,25.08,70.15,0.9099,2,2,-1
83,12,409.30,479.26,21.06,56.54,0.8926,2,1,-1
83,13,738.92,627.72,31.77,83.07,0.9172,2,1,-1
83,14,163.39,585.74,23.79,76.73,0.9023,2,1,-1
83,15,205.52,574.79,27.07,81.13,0.9110,2,2,-1
83,16,1289.72,857.34,51.35,125.29,0.8766,3,0,-1
83,17,749.61,494.46,22.15,65.65,0.9089,2,1,-1
83,18,166.36,478.65,23.46,55.37,0.8486,2,1,-1
83,19,580.17,465.50,23.10,54.25,0.8978,2,2,-1
83,21,208.10,381.68,18.84,32.28,0.8340,3,0,-1
84,1,55.94,816.32,44.96,111.18,0.9358,2,2,-1
84,2,409.24,570.60,36.48,77.11,0.9272,2,2,-1
84,3,667.76,717.78,49.51,95.87,0.9334,2,2,-1
84,4,265.92,638.32,42.17,88.20,0.9251,2,1,-1
84,5,0.21,713.21,36.92,97.77,0.9051,2,1,-1
84,6,904.82,601.59,31.25,84.18,0.9300,2,2,-1
84,7,309.90,519.57,30.07,64.22,0.9219,3,0,-1
84,8,107.61,572.62,25.80,77.97,0.9072,2,1,-1
84,10,696.46,489.84,21.65,62.65,0.9050,2,2,-1
84,11,513.36,534.26,22.96,70.59,0.9100,2,2,-1
84,12,407.09,479.16,22.70,56.42,0.8927,2,1,-1
84,13,737.99,627.49,28.47,83.15,0.9066,2,1,-1
84,14,162.79,585.78,23.05,73.81,0.9022,2,1,-1
84,15,205.01,574.83,25.60,80.70,0.9139,2,2,-1
84,16,1287.22,856.51,48.77,125.80,0.8691,3,0,-1
84,17,746.69,494.44,23.98,65.99,0.9083,2,1,-1
84,18,166.13,478.71,23.44,55.30,0.8602,2,1,-1
84,19,580.25,465.76,22.88,53.88,0.8980,2,2,-1
84,21,208.20,381.45,18.82,32.39,0.8337,3,0,-1
85,1,51.23,817.97,50.16,111.91,0.9361,2,2,-1
85,2,408.83,570.48,35.17,77.18,0.9230,2,2,-1
85,3,664.22,717.21,51.03,96.13,0.9366,2,2,-1
85,4,264.99,638.06,42.44,88.78,0.9241,2,1,-1
85,5,0.03,712.80,37.01,98.78,0.9006,2,1,-1
85,6,902.89,601.92,31.88,84.03,0.9255,2,2,-1
85,7,309.17,519.63,30.20,63.64,0.9212,3,0,-1
85,8,106.49,572.71,25.92,79.14,0.8930,2,1,-1
85,10,695.62,489.89,22.19,62.70,0.9075,2,2,-1
85,11,512.72,534.49,21.84,70.83,0.9117,2,2,-1
85,12,405.11,479.27,24.51,56.36,0.9016,2,1,-1
85,13,736.51,627.74,25.92,81.72,0.9049,2,1,-1
85,14,161.28,585.99,24.23,75.91,0.8932,2,1,-1
85,15,203.24,575.08,25.14,79.67,0.9135,2,2,-1
85,16,1285.43,856.23,48.16,126.16,0.6504,3,0,-1
85,17,743.95,494.59,26.77,66.65,0.9169,2,1,-1
85,18,165.62,478.65,23.15,55.18,0.8605,2,1,-1
85,19,579.90,465.99,22.57,53.50,0.8922,2,2,-1
85,21,207.72,380.92,18.75,33.03,0.8130,3,0,-1
86,1,47.49,818.38,54.26,112.07,0.9371,2,2,-1
86,2,408.46,570.27,33.08,77.03,0.9182,2,2,-1
86,3,661.17,717.39,51.70,95.94,0.9328,2,2,-1
86,4,264.07,638.42,43.27,88.34,0.9211,2,1,-1
86,5,0.55,712.25,38.36,99.55,0.9048,2,1,-1
86,6,900.33,602.08,32.89,83.96,0.9272,2,2,-1
86,7,308.51,519.30,29.37,64.40,0.9156,3,0,-1
86,8,104.76,572.59,26.15,79.68,0.8876,2,1,-1
86,10,695.26,489.75,22.34,62.99,0.9083,2,2,-1
86,11,511.72,534.55,21.18,71.27,0.9083,2,2,-1
86,12,404.26,479.26,25.00,56.03,0.8982,2,1,-1
86,13,734.86,627.76,24.85,80.92,0.9096,2,1,-1
86,14,158.85,585.17,25.59,76.85,0.8942,2,1,-1
86,15,202.00,575.29,24.23,80.60,0.9154,2,2,-1
86,16,1285.65,855.68,41.66,126.45,0.9186,3,0,-1
86,17,742.76,494.45,27.89,68.28,0.9145,2,1,-1
86,18,165.21,478.55,23.00,55.38,0.8644,2,1,-1
86,19,579.47,465.57,22.29,54.23,0.8953,2,2,-1
86,20,147.67,497.09,23.67,60.13,0.5083,2,1,-1
86,21,207.59,380.58,18.14,33.01,0.8240,3,0,-1
87,1,44.02,819.10,57.89,114.57,0.9355,2,2,-1
87,2,407.83,569.57,30.35,78.09,0.9207,2,2,-1
87,3,658.76,717.62,52.26,95.01,0.9330,2,2,-1
87,4,262.85,638.07,42.85,87.86,0.9212,2,1,-1
87,5,0.33,712.48,38.76,98.75,0.9073,2,1,-1
87,6,898.85,602.99,32.66,83.06,0.9268,2,2,-1
87,7,308.43,518.29,28.84,64.08,0.9154,3,0,-1
87,8,103.35,572.44,25.84,79.88,0.9032,2,1,-1
87,10,694.09,489.70,23.10,63.82,0.9078,2,2,-1
87,11,510.61,534.79,20.79,71.65,0.9114,2,2,-1
87,12,403.24,478.56,24.82,56.51,0.8919,2,1,-1
87,13,729.54,627.99,27.23,81.70,0.9109,2,1,-1
87,14,157.39,584.27,27.83,78.38,0.9044,2,1,-1
87,15,200.87,575.68,23.25,80.93,0.9116,2,2,-1
87,16,1282.62,856.26,40.64,125.70,0.6071,3,0,-1
87,17,742.18,494.83,28.18,67.46,0.9051,2,1,-1
87,18,165.35,478.62,22.36,54.59,0.8787,2,1,-1
87,19,579.50,465.11,21.91,54.65,0.8920,2,2,-1
87,20,147.69,497.13,23.93,60.78,0.5435,2,1,-1
87,21,207.48,380.24,17.51,32.32,0.6988,3,0,-1
88,1,43.68,820.28,57.99,114.08,0.9399,2,2,-1
88,2,406.89,569.67,27.69,77.71,0.9159,2,2,-1
88,3,656.44,717.53,53.03,95.03,0.9328,2,2,-1
88,4,261.65,638.14,42.51,87.63,0.9166,2,1,-1
88,5,-0.01,712.69,38.30,98.36,0.9150,2,1,-1
88,6,897.10,603.41,32.78,83.29,0.9262,2,2,-1
88,7,308.07,517.58,27.94,64.18,0.9148,3,0,-1
88,8,102.72,572.63,26.54,79.47,0.9027,2,1,-1
88,10,693.25,489.81,23.94,64.31,0.9074,2,2,-1
88,11,508.95,535.48,20.47,71.68,0.9108,2,2,-1
88,12,402.87,478.39,24.87,56.71,0.8998,2,1,-1
88,13,723.80,628.17,31.65,82.85,0.9117,2,1,-1
88,14,157.22,584.66,27.13,77.73,0.8937,2,1,-1
88,15,200.09,575.84,22.99,80.89,0.9164,2,2,-1
88,16,1279.21,856.29,39.62,125.49,0.6234,3,0,-1
88,17,742.19,494.58,29.59,68.42,0.9159,2,1,-1
88,18,164.96,478.47,22.17,55.15,0.8870,2,1,-1
88,19,579.26,464.90,21.75,54.97,0.8917,2,2,-1
88,21,207.05,379.73,17.34,32.33,0.6714,3,0,-1
89,1,41.75,821.21,59.53,113.54,0.9390,2,2,-1
89,2,406.08,569.82,26.27,78.25,0.9133,2,2,-1
89,3,653.99,717.87,52.71,94.52,0.9273,2,2,-1
89,4,259.10,638.16,39.19,87.38,0.8994,2,1,-1
89,5,0.09,712.42,38.06,98.84,0.9189,2,1,-1
89,6,896.29,603.91,32.58,86.20,0.9260,2,2,-1
89,7,308.08,517.21,27.22,64.72,0.9132,3,0,-1
89,8,106.40,605.21,20.14,46.52,0.8348,2,1,-1
89,10,692.75,490.05,24.42,64.88,0.9069,2,2,-1
89,11,507.91,536.36,20.63,71.90,0.9096,2,2,-1
89,12,402.28,478.25,25.09,56.75,0.9012,2,1,-1
89,13,718.68,628.64,35.87,82.69,0.9215,2,1,-1
89,14,156.26,584.80,27.39,77.42,0.8904,2,1,-1
89,15,198.72,576.43,23.18,81.18,0.9170,2,2,-1
89,16,1275.78,857.07,38.00,124.25,0.8683,3,0,-1
89,17,742.15,494.79,28.82,67.94,0.9054,2,1,-1
89,18,164.15,478.77,22.15,54.68,0.8887,2,1,-1
89,19,579.21,465.52,21.32,54.32,0.8868,2,2,-1
89,21,206.74,379.50,17.44,32.63,0.7702,3,0,-1
90,1,39.77,822.16,59.67,113.27,0.9325,2,2,-1
90,2,404.95,570.40,25.48,78.19,0.9109,2,2,-1
90,3,650.48,718.20,53.36,94.45,0.9245,2,2,-1
90,4,258.17,638.06,33.57,79.94,0.9020,2,1,-1
90,5,0.02,713.04,37.62,97.88,0.9152,2,1,-1
90,6,895.35,604.44,32.21,85.72,0.9297,2,2,-1
90,7,308.01,516.87,26.59,64.60,0.9159,3,0,-1
90,8,101.48,593.16,29.09,59.10,0.8934,2,1,-1
90,10,691.96,490.47,24.86,64.40,0.9065,2,2,-1
90,11,506.19,536.89,21.37,72.71,0.9107,2,2,-1
90,12,401.32,477.87,23.22,56.99,0.9101,2,1,-1
90,13,715.20,629.04,38.82,83.00,0.9260,2,1,-1
90,14,155.55,584.80,27.92,77.38,0.8686,2,1,-1
90,15,197.51,576.60,24.63,83.00,0.9180,2,2,-1
90,16,1270.75,857.37,40.01,123.55,0.9115,3,0,-1
90,17,741.29,494.51,27.30,68.07,0.8975,2,1,-1
90,18,163.27,478.53,22.61,54.95,0.8898,2,1,-1
90,19,578.99,465.39,21.21,54.46,0.8893,2,2,-1
90,21,206.30,379.42,17.47,32.93,0.7779,3,0,-1
90,23,582.18,446.46,17.88,27.01,0.7533,2,1,-1
91,1,37.84,822.47,58.82,112.85,0.9350,2,2,-1
91,2,403.86,570.49,24.87,79.37,0.9077,2,2,-1
91,3,645.31,717.70,55.34,95.51,0.9173,2,2,-1
91,4,255.97,638.08,32.67,81.85,0.8931,2,1,-1
91,5,0.07,713.66,37.49,97.52,0.9114,2,1,-1
91,6,894.57,604.90,31.24,85.30,0.9288,2,2,-1
91,7,307.77,516.44,26.22,65.41,0.9178,3,0,-1
91,9,99.06,573.37,32.15,79.36,0.9019,2,2,-1
91,10,690.91,490.70,25.48,64.69,0.9070,2,2,-1
91,11,505.60,537.91,21.46,72.54,0.9119,2,2,-1
91,12,400.38,477.78,21.63,56.79,0.9011,2,1,-1
91,13,712.74,629.43,41.20,83.56,0.9328,2,1,-1
91,14,154.60,585.01,28.50,76.83,0.8576,2,1,-1
91,15,197.02,576.90,26.62,84.35,0.9190,2,2,-1
91,16,1266.49,857.73,40.53,122.99,0.7670,3,0,-1
91,17,740.20,494.34,24.72,67.73,0.8959,2,1,-1
91,18,162.95,478.38,22.64,55.12,0.8907,2,1,-1
91,19,578.70,465.52,20.89,54.52,0.8880,2,2,-1
91,21,206.30,379.46,17.35,32.60,0.7707,3,0,-1
92,1,34.45,822.44,56.53,113.27,0.9340,2,2,-1
92,2,402.57,570.97,24.92,79.77,0.9156,2,2,-1
92,3,641.14,718.97,56.94,94.00,0.9239,2,2,-1
92,4,254.01,638.30,31.41,87.97,0.9013,2,1,-1
92,5,0.14,713.61,37.54,97.21,0.9076,2,1,-1
92,6,893.60,604.97,30.71,85.29,0.9287,2,2,-1
92,7,307.77,516.08,25.52,65.59,0.9159,3,0,-1
92,9,97.15,573.08,33.50,80.20,0.9159,2,2,-1
92,10,690.70,491.34,25.40,64.11,0.9088,2,2,-1
92,11,504.56,538.19,21.72,71.95,0.9113,2,2,-1
92,12,399.56,477.58,19.39,56.98,0.9079,2,1,-1
92,13,711.04,629.91,42.63,83.74,0.9300,2,1,-1
92,14,153.91,585.38,29.18,76.04,0.8841,2,1,-1
92,15,195.63,576.95,27.85,84.41,0.9217,2,2,-1
92,16,1260.20,859.47,43.91,120.90,0.8531,3,0,-1
92,17,738.65,494.38,22.21,67.97,0.8999,2,1,-1
92,18,161.78,478.46,23.26,54.91,0.8861,2,1,-1
92,19,578.10,465.87,20.72,54.35,0.8874,2,2,-1
92,21,205.89,379.40,17.29,32.21,0.6503,3,0,-1
93,1,31.01,821.74,51.39,112.76,0.9275,2,2,-1
93,2,401.10,571.33,25.64,79.19,0.9082,2,2,-1
93,3,637.67,718.46,59.59,97.54,0.9287,2,2,-1
93,4,253.51,638.03,29.25,86.77,0.9102,2,1,-1
93,5,-0.13,712.99,37.44,98.07,0.8992,2,1,-1
93,6,892.75,604.48,30.31,85.18,0.9280,2,2,-1
93,7,307.60,515.58,24.39,64.12,0.9126,3,0,-1
93,9,96.61,573.11,33.58,79.64,0.9118,2,2,-1
93,10,690.38,490.78,25.43,64.95,0.9090,2,2,-1
93,11,504.04,538.35,22.17,71.84,0.9092,2,2,-1
93,12,398.13,477.03,18.11,57.18,0.9008,2,1,-1
93,13,709.68,630.02,43.74,82.98,0.9263,2,1,-1
93,14,153.40,584.63,29.20,76.43,0.8618,2,1,-1
93,15,194.58,576.67,28.05,83.14,0.9145,2,2,-1
93,16,1254.76,859.37,48.66,120.75,0.8743,3,0,-1
93,17,738.23,493.90,20.77,67.15,0.9012,2,1,-1
93,18,161.40,478.36,23.54,54.51,0.8829,2,1,-1
93,19,577.44,466.06,20.76,54.21,0.8797,2,2,-1
93,21,206.66,378.98,17.20,32.14,0.7307,3,0,-1
94,1,28.89,821.69,45.22,112.73,0.9358,2,2,-1
94,2,399.94,571.27,25.53,79.08,0.9148,2,2,-1
94,3,634.49,718.91,61.80,96.32,0.9269,2,2,-1
94,4,251.95,637.94,28.50,89.08,0.9114,2,1,-1
94,5,-0.19,712.50,36.37,97.34,0.9021,2,1,-1
94,6,891.45,604.29,29.77,85.08,0.9278,2,2,-1
94,7,307.45,515.14,24.19,64.31,0.9164,3,0,-1
94,9,95.89,572.28,35.12,79.88,0.9209,2,2,-1
94,10,690.29,490.52,25.54,65.59,0.9091,2,2,-1
94,11,503.41,537.22,22.48,71.82,0.9115,2,2,-1
94,12,398.00,476.83,17.00,56.48,0.8918,2,1,-1
94,13,708.85,630.42,43.19,82.38,0.9251,2,1,-1
94,14,152.82,583.99,27.94,75.86,0.8540,2,1,-1
94,15,193.88,576.62,28.30,82.85,0.9137,2,2,-1
94,16,1252.31,858.58,52.02,121.41,0.9342,3,0,-1
94,17,737.46,493.28,20.35,66.93,0.9047,2,1,-1
94,18,160.52,477.92,24.17,54.77,0.8784,2,1,-1
94,19,577.14,465.95,20.33,53.79,0.8813,2,2,-1
94,21,206.78,378.11,17.96,32.51,0.8114,3,0,-1
95,1,25.48,821.57,44.66,112.04,0.9262,2,2,-1
95,2,398.49,571.51,25.61,78.91,0.9125,2,2,-1
95,3,632.67,718.74,63.14,95.03,0.9326,2,2,-1
95,4,249.67,637.39,30.06,90.36,0.9144,2,1,-1
95,5,-0.38,711.51,35.09,97.04,0.8951,2,1,-1
95,6,890.17,603.35,29.53,85.22,0.9250,2,2,-1
95,7,306.87,514.01,24.38,64.86,0.9179,3,0,-1
95,9,95.44,572.28,35.56,79.81,0.9197,2,2,-1
95,10,690.48,489.77,25.68,65.77,0.9066,2,2,-1
95,11,502.73,536.61,22.90,71.75,0.9108,2,2,-1
95,12,396.39,476.47,17.22,56.58,0.8966,2,1,-1
95,13,708.28,630.18,41.64,82.20,0.9227,2,1,-1
95,14,152.68,583.02,27.64,76.00,0.8506,2,1,-1
95,15,192.07,576.22,28.81,82.80,0.9132,2,2,-1
95,16,1251.45,858.40,53.68,121.63,0.9258,3,0,-1
95,17,736.18,492.77,20.31,67.27,0.9050,2,1,-1
95,18,159.91,477.48,24.96,54.96,0.8864,2,1,-1
95,19,576.68,464.75,20.56,54.45,0.8886,2,2,-1
95,21,206.52,377.73,18.34,32.40,0.8187,3,0,-1
96,1,22.31,821.27,43.54,111.38,0.9313,2,2,-1
96,2,397.70,571.00,25.82,79.64,0.9089,2,2,-1
96,3,630.71,719.27,65.00,95.55,0.9345,2,2,-1
96,4,246.38,637.17,33.69,91.40,0.9205,2,1,-1
96,5,-0.75,711.09,32.56,96.29,0.8917,2,1,-1
96,6,888.52,602.55,30.17,85.06,0.9255,2,2,-1
96,7,305.71,513.24,24.85,64.63,0.9222,3,0,-1
96,9,94.46,571.97,35.92,79.22,0.9238,2,2,-1
96,10,690.95,488.65,24.95,65.40,0.9086,2,2,-1
96,11,501.44,535.45,23.50,72.09,0.9102,2,2,-1
96,12,394.85,475.45,18.25,57.57,0.8875,2,1,-1
96,13,709.31,629.69,37.05,81.85,0.9211,2,1,-1
96,14,152.29,582.43,26.49,75.77,0.8803,2,1,-1
96,15,191.15,575.35,27.68,81.66,0.9179,2,2,-1
96,16,1246.82,857.82,56.12,121.85,0.9320,3,0,-1
96,17,735.14,492.53,21.12,67.00,0.9004,2,1,-1
96,18,158.15,476.00,25.61,55.60,0.8816,2,1,-1
96,19,576.43,464.15,20.93,54.81,0.8865,2,2,-1
96,21,206.54,376.71,18.63,32.09,0.7773,3,0,-1
97,1,19.92,821.30,43.38,110.17,0.9353,2,2,-1
97,2,395.89,570.00,26.71,79.99,0.9040,2,2,-1
97,3,628.82,718.97,67.61,97.74,0.9353,2,2,-1
97,4,244.17,636.33,36.56,91.46,0.9217,2,1,-1
97,5,-0.76,710.18,29.90,96.37,0.8991,2,1,-1
97,6,887.33,602.17,30.64,84.02,0.9294,2,2,-1
97,7,304.77,511.48,25.48,65.63,0.9204,3,0,-1
97,9,94.06,570.61,35.18,79.46,0.9177,2,2,-1
97,10,691.33,488.08,24.35,64.74,0.9092,2,2,-1
97,11,500.81,534.38,23.80,72.22,0.9117,2,2,-1
97,12,392.57,474.77,20.13,57.72,0.8970,2,1,-1
97,13,710.35,628.65,31.35,81.59,0.9131,2,1,-1
97,14,152.29,581.20,26.45,75.96,0.8924,2,1,-1
97,15,190.18,574.44,26.32,81.56,0.9182,2,2,-1
97,16,1245.46,857.20,56.10,121.23,0.9365,3,0,-1
97,17,733.01,491.64,22.89,67.90,0.8910,2,1,-1
97,18,156.54,475.35,26.10,55.43,0.8807,2,1,-1
97,19,576.09,463.62,21.15,54.70,0.8838,2,2,-1
97,21,207.71,375.86,18.33,32.18,0.7645,3,0,-1
98,1,17.55,821.17,44.55,112.10,0.9398,2,2,-1
98,2,394.89,569.43,28.00,79.80,0.9044,2,2,-1
98,3,628.66,718.24,67.59,96.78,0.9336,2,2,-1
98,4,243.33,635.71,37.81,90.72,0.9286,2,1,-1
98,5,-1.01,708.91,27.03,96.66,0.8901,2,1,-1
98,6,885.34,601.24,31.85,84.87,0.9296,2,2,-1
98,7,303.72,510.47,26.19,64.94,0.9178,3,0,-1
98,9,93.18,570.00,34.80,79.37,0.9067,2,2,-1
98,10,691.69,487.35,24.00,64.33,0.9115,2,2,-1
98,11,500.22,533.51,24.26,72.13,0.9143,2,2,-1
98,12,391.30,473.84,22.40,57.58,0.9019,2,1,-1
98,13,712.52,627.55,26.23,81.94,0.9098,2,1,-1
98,14,152.06,579.88,25.91,76.28,0.8907,2,1,-1
98,15,189.10,573.52,25.52,82.40,0.9153,2,2,-1
98,16,1244.77,855.21,54.91,121.67,0.9136,3,0,-1
98,17,731.54,490.74,25.55,68.00,0.8963,2,1,-1
98,18,155.24,473.76,26.58,56.43,0.8745,2,1,-1
98,19,575.57,462.42,21.22,55.24,0.8892,2,2,-1
98,21,208.20,374.37,18.50,32.88,0.7337,3,0,-1
99,1,14.71,820.94,48.71,116.15,0.9271,2,2,-1
99,2,393.66,568.64,29.33,79.10,0.9069,2,2,-1
99,3,628.38,717.61,68.02,97.89,0.9372,2,2,-1
99,4,241.89,634.30,38.74,91.60,0.9279,2,1,-1
99,5,-0.99,707.06,24.77,98.02,0.8850,2,1,-1
99,6,883.33,600.45,32.81,83.67,0.9347,2,2,-1
99,7,302.58,508.81,27.45,65.63,0.9210,3,0,-1
99,9,92.47,569.38,34.65,78.85,0.9035,2,2,-1
99,10,691.99,486.41,23.43,64.16,0.9109,2,2,-1
99,11,498.86,532.90,24.70,71.76,0.9186,2,2,-1
99,12,390.35,472.74,23.83,58.59,0.9014,2,1,-1
99,13,712.47,626.50,23.91,81.67,0.9111,2,1,-1
99,14,151.79,578.55,24.96,76.35,0.8731,2,1,-1
99,15,187.50,572.87,25.11,81.72,0.9145,2,2,-1
99,16,1244.40,854.34,54.86,122.45,0.6830,3,0,-1
99,17,729.70,489.94,27.10,69.06,0.8941,2,1,-1
99,18,155.32,473.34,25.86,55.64,0.8753,2,1,-1
99,19,575.27,461.68,20.83,54.68,0.8922,2,2,-1
99,20,156.42,545.97,16.44,34.28,0.6738,2,1,-1
99,21,208.36,373.08,18.86,33.22,0.8049,3,0,-1
100,1,9.01,821.26,54.90,118.28,0.9308,2,2,-1
100,2,392.93,567.99,29.91,79.04,0.9094,2,2,-1
100,3,628.22,717.29,67.22,96.20,0.9328,2,2,-1
100,4,240.86,634.28,39.66,91.43,0.9243,2,1,-1
100,5,-0.20,706.56,24.24,97.75,0.8823,2,1,-1
100,6,880.23,600.66,34.73,83.91,0.9290,2,2,-1
100,7,302.12,508.24,27.97,65.73,0.9177,3,0,-1
100,9,91.34,568.28,35.10,79.24,0.9116,2,2,-1
100,10,691.77,485.80,23.28,64.07,0.9110,2,2,-1
100,11,497.75,532.33,25.28,72.05,0.9200,2,2,-1
100,12,388.95,472.39,25.07,58.01,0.8969,2,1,-1
100,13,710.52,625.46,23.61,81.50,0.9052,2,1,-1
100,14,151.48,577.56,24.10,76.85,0.8869,2,1,-1
100,15,186.34,572.30,24.78,81.66,0.9173,2,2,-1
100,16,1244.37,853.38,53.84,122.79,0.7013,3,0,-1
100,17,728.67,489.33,28.64,69.04,0.9016,2,1,-1
100,18,154.29,472.19,25.73,56.89,0.8721,2,1,-1
100,19,574.93,461.25,20.50,54.50,0.8946,2,2,-1
100,20,155.25,545.63,18.36,38.26,0.5203,2,1,-1
100,21,207.83,371.80,18.98,33.13,0.8373,3,0,-1
100,23,573.99,439.41,15.35,31.22,0.7916,2,1,-1
101,1,2.50,821.25,60.84,118.64,0.9338,2,2,-1
101,2,390.95,566.70,30.91,79.64,0.9170,2,2,-1
101,3,626.53,716.29,66.38,95.81,0.9236,2,2,-1
101,4,239.68,634.55,40.29,90.17,0.9227,2,1,-1
101,5,-0.20,705.77,23.78,97.74,0.8774,2,1,-1
101,6,877.72,600.50,37.34,86.87,0.9290,2,2,-1
101,7,301.46,507.13,28.62,65.90,0.9212,3,0,-1
101,9,90.17,567.35,33.80,79.08,0.8996,2,-1,-1
101,10,691.63,485.19,22.76,64.71,0.9113,2,2,-1
101,11,496.70,532.68,24.93,71.03,0.9217,2,2,-1
101,12,388.22,472.07,25.03,57.87,0.8871,2,1,-1
101,13,706.67,624.58,24.89,81.89,0.9046,2,1,-1
101,14,151.83,576.42,23.52,76.95,0.8736,2,1,-1
101,15,185.19,571.78,25.05,81.65,0.9213,2,2,-1
101,16,1244.33,852.39,52.37,121.89,0.6272,3,0,-1
101,17,727.67,488.82,29.72,68.21,0.9157,2,1,-1
101,18,153.92,471.70,25.31,56.13,0.8746,2,1,-1
101,19,574.56,460.45,20.40,53.87,0.8916,2,2,-1
101,20,154.51,545.49,18.50,39.05,0.5421,2,1,-1
101,21,205.30,371.12,18.83,32.86,0.8388,3,0,-1
101,0,1714.49,470.68,11.76,11.07,1.0,0,-1,-1
102,1,0.84,820.53,61.86,119.49,0.9332,2,2,-1
102,2,390.40,565.55,30.60,80.24,0.9195,2,2,-1
102,3,626.24,715.29,64.95,95.63,0.9276,2,2,-1
102,4,238.36,633.25,39.88,90.59,0.9196,2,1,-1
102,5,-0.32,706.75,22.87,96.00,0.8463,2,1,-1
102,6,875.38,600.41,38.41,87.54,0.9302,2,2,-1
102,7,301.60,505.67,28.13,66.61,0.9197,3,0,-1
102,9,89.26,565.92,32.92,79.78,0.9090,2,1,-1
102,10,691.48,484.65,22.40,65.10,0.9129,2,2,-1
102,11,495.76,532.20,25.04,73.27,0.9167,2,2,-1
102,12,387.59,470.97,24.17,56.70,0.8887,2,1,-1
102,13,702.04,623.81,28.57,81.81,0.9117,2,1,-1
102,14,151.28,575.25,22.67,76.79,0.8848,2,1,-1
102,15,184.04,570.81,25.84,82.11,0.9201,2,2,-1
102,16,1241.34,851.40,52.29,123.28,0.5608,3,0,-1
102,17,726.55,487.94,29.78,68.15,0.9091,2,1,-1
102,18,153.40,470.63,25.42,56.56,0.8715,2,1,-1
102,19,574.35,458.54,20.83,54.99,0.8896,2,2,-1
102,20,154.47,546.45,16.45,33.38,0.5009,2,1,-1
102,21,204.46,369.95,18.79,32.90,0.8429,3,0,-1
102,0,1714.06,469.56,11.79,11.12,1.0,0,-1,-1
103,1,0.93,820.93,61.01,119.09,0.9285,2,2,-1
103,2,389.66,564.46,30.53,79.55,0.9172,2,2,-1
103,3,624.13,713.97,64.44,96.41,0.9291,2,2,-1
103,4,237.24,632.04,39.32,90.07,0.9163,2,1,-1
103,5,-0.25,709.36,21.66,91.84,0.7802,2,1,-1
103,6,874.83,600.05,38.57,86.19,0.9324,2,2,-1
103,7,302.07,504.59,27.52,65.72,0.9196,3,0,-1
103,9,87.97,564.33,30.83,79.47,0.8954,2,1,-1
103,10,691.34,483.60,22.37,65.46,0.9098,2,2,-1
103,11,494.73,531.46,25.45,73.48,0.9155,2,2,-1
103,12,386.86,469.51,23.80,57.56,0.8881,2,1,-1
103,13,698.10,622.92,36.17,81.40,0.9212,2,1,-1
103,14,151.62,572.95,22.06,77.89,0.8922,2,1,-1
103,15,182.69,569.45,27.70,82.52,0.9131,2,2,-1
103,16,1237.50,849.68,51.76,126.10,0.6842,3,0,-1
103,17,726.00,487.14,29.99,68.37,0.9147,2,1,-1
103,18,152.81,469.26,25.53,56.81,0.8509,2,1,-1
103,19,574.12,457.48,20.76,54.51,0.8905,2,2,-1
103,21,203.57,368.47,19.02,33.58,0.7244,3,0,-1
103,0,1714.73,468.00,11.89,10.82,1.0,0,-1,-1
104,1,0.70,820.45,60.48,118.67,0.9319,2,2,-1
104,2,388.98,563.17,30.32,79.32,0.9143,2,2,-1
104,3,622.73,713.06,62.94,96.19,0.9289,2,2,-1
104,4,235.17,630.96,38.19,88.17,0.9122,2,1,-1
104,5,0.35,711.67,21.40,89.24,0.7910,2,1,-1
104,6,874.09,599.14,39.11,85.96,0.9330,2,2,-1
104,7,302.03,503.53,27.42,65.58,0.9198,3,0,-1
104,9,87.91,563.48,28.87,79.55,0.8864,2,1,-1
104,10,691.05,482.31,22.42,64.89,0.9126,2,2,-1
104,11,494.19,530.91,25.68,72.43,0.9177,2,2,-1
104,12,386.32,467.94,22.03,57.06,0.8933,2,1,-1
104,13,695.00,621.99,42.04,81.53,0.9123,2,1,-1
104,14,152.02,571.98,21.56,77.36,0.8863,2,1,-1
104,15,180.75,568.56,28.69,83.24,0.9086,2,2,-1
104,16,1233.82,848.92,49.25,126.60,0.7816,3,0,-1
104,17,724.95,485.85,29.90,68.08,0.9117,2,1,-1
104,18,152.77,466.96,25.87,58.09,0.8636,2,1,-1
104,19,573.75,456.14,20.97,55.00,0.8927,2,2,-1
105,1,-0.14,819.70,57.65,117.08,0.9259,2,2,-1
105,2,388.49,562.52,30.19,79.09,0.9143,2,2,-1
105,3,622.49,712.34,62.82,94.81,0.9298,2,2,-1
105,4,233.41,629.82,35.55,87.78,0.8869,2,1,-1
105,5,0.82,710.79,22.55,87.16,0.8474,2,1,-1
105,6,873.16,597.68,39.47,85.98,0.9318,2,2,-1
105,7,301.77,502.54,27.48,65.56,0.9202,3,0,-1
105,9,87.57,562.54,26.76,77.93,0.8766,2,1,-1
105,10,690.55,481.19,22.86,65.96,0.9158,2,2,-1
105,11,493.92,530.07,25.90,72.73,0.9091,2,2,-1
105,12,385.48,466.57,20.41,56.72,0.9015,2,1,-1
105,13,690.98,620.62,44.21,81.29,0.9152,2,1,-1
105,14,152.35,570.08,21.34,77.63,0.8755,2,1,-1
105,15,179.81,567.75,29.51,83.97,0.8963,2,2,-1
105,16,1229.16,847.98,48.63,126.18,0.5146,3,0,-1
105,17,723.97,484.08,28.87,69.18,0.9136,2,1,-1
105,18,153.22,466.28,25.31,57.39,0.8717,2,1,-1
105,19,573.61,455.31,21.10,54.59,0.8967,2,2,-1
105,20,153.10,541.88,16.96,33.63,0.5011,2,1,-1
105,21,204.11,366.05,18.69,32.62,0.7468,3,0,-1
106,1,-0.50,817.82,53.66,116.31,0.9260,2,2,-1
106,2,388.32,561.95,29.56,79.15,0.9106,2,2,-1
106,3,621.88,710.46,64.00,96.57,0.9294,2,2,-1
106,4,231.82,627.88,33.20,89.69,0.8836,2,1,-1
106,5,0.68,709.80,23.60,87.54,0.8370,2,1,-1
106,6,871.69,595.96,39.63,85.92,0.9335,2,2,-1
106,7,300.36,501.07,28.37,65.78,0.9244,3,0,-1
106,9,87.26,561.22,25.86,78.36,0.8979,2,1,-1
106,10,690.01,480.73,22.91,65.21,0.9176,2,2,-1
106,11,493.11,529.09,25.63,72.33,0.9066,2,2,-1
106,12,384.83,465.48,18.24,57.42,0.9027,2,1,-1
106,13,690.20,619.03,45.63,81.98,0.9237,2,1,-1
106,14,152.82,568.70,20.71,77.53,0.8727,2,1,-1
106,15,179.77,567.11,30.23,84.01,0.9083,2,2,-1
106,16,1222.21,847.55,49.26,126.34,0.5669,3,0,-1
106,17,722.73,482.79,27.98,68.83,0.9072,2,1,-1
106,18,154.35,465.64,24.04,55.73,0.8569,2,1,-1
106,19,573.45,454.40,21.49,55.06,0.8948,2,2,-1
106,21,202.96,364.22,19.47,32.90,0.8258,3,0,-1
107,1,-2.38,816.40,47.58,118.05,0.8980,2,2,-1
107,2,387.96,561.86,29.51,78.62,0.9073,2,2,-1
107,3,621.72,709.67,64.69,94.54,0.9296,2,2,-1
107,4,231.89,626.67,32.54,89.87,0.8983,2,1,-1
107,5,0.86,709.32,25.18,87.10,0.8559,2,1,-1
107,6,870.59,595.11,37.36,85.97,0.9343,2,2,-1
107,7,300.23,499.52,28.45,65.42,0.9219,3,0,-1
107,9,87.18,560.58,25.34,78.58,0.8935,2,1,-1
107,10,689.61,479.53,22.85,65.01,0.9127,2,2,-1
107,11,492.54,528.38,26.09,71.83,0.9087,2,2,-1
107,12,384.14,464.56,16.84,57.37,0.9021,2,1,-1
107,13,689.63,617.88,44.54,82.27,0.9258,2,1,-1
107,14,153.21,566.99,20.35,77.97,0.8737,2,1,-1
107,15,179.20,566.69,31.25,84.55,0.9004,2,2,-1
107,16,1218.96,846.79,50.48,125.91,0.6519,3,0,-1
107,17,721.75,481.55,26.86,68.99,0.9029,2,1,-1
107,18,154.23,464.75,24.09,56.16,0.8627,2,1,-1
107,19,573.20,452.77,21.81,56.02,0.8969,2,2,-1
107,21,202.18,362.19,20.25,33.73,0.8413,3,0,-1
108,1,-1.16,816.28,41.95,116.17,0.9123,2,2,-1
108,2,388.48,561.30,29.49,79.19,0.9078,2,2,-1
108,3,619.98,708.25,66.25,95.32,0.9275,2,2,-1
108,4,232.16,626.89,31.39,88.12,0.8948,2,1,-1
108,5,0.83,708.49,26.82,88.11,0.8481,2,1,-1
108,6,869.62,593.64,34.18,86.17,0.9321,2,2,-1
108,7,299.67,498.12,28.71,65.22,0.9203,3,0,-1
108,9,87.35,559.54,25.36,77.26,0.8909,2,1,-1
108,10,689.11,478.45,22.97,65.34,0.9094,2,2,-1
108,11,492.39,527.38,26.11,71.64,0.9104,2,2,-1
108,12,383.78,463.08,16.72,57.47,0.9015,2,1,-1
108,13,689.80,616.63,43.34,82.97,0.9242,2,1,-1
108,14,154.04,565.80,20.35,78.21,0.8656,2,1,-1
108,15,179.36,565.14,33.02,83.43,0.8915,2,2,-1
108,16,1215.49,846.10,54.08,126.63,0.9041,3,0,-1
108,17,720.32,480.77,23.97,68.21,0.8991,2,1,-1
108,18,154.27,463.63,24.71,56.72,0.8650,2,1,-1
108,19,573.25,452.27,22.09,55.51,0.8956,2,2,-1
108,21,201.52,361.12,20.93,34.63,0.8266,3,0,-1
109,1,-0.60,815.42,39.02,114.55,0.9053,2,2,-1
109,2,389.10,561.15,29.50,78.99,0.9079,2,2,-1
109,3,620.77,707.60,65.67,94.03,0.9224,2,2,-1
109,4,231.54,625.24,30.77,88.47,0.9000,2,1,-1
109,5,0.57,706.17,27.42,87.87,0.8214,2,1,-1
109,6,868.25,592.94,32.93,86.17,0.9310,2,2,-1
109,7,300.42,497.32,28.68,65.67,0.9249,3,0,-1
109,9,87.34,558.30,26.09,77.14,0.8918,2,1,-1
109,10,688.58,477.46,23.32,65.78,0.9061,2,2,-1
109,11,492.23,525.99,25.65,72.05,0.9079,2,2,-1
109,12,383.16,462.01,17.72,56.97,0.8931,2,1,-1
109,13,690.44,615.88,41.57,82.44,0.9234,2,1,-1
109,14,156.22,564.80,20.11,77.89,0.8373,2,1,-1
109,15,179.31,564.25,34.70,83.85,0.9033,2,2,-1
109,16,1212.98,845.41,56.25,127.23,0.8845,3,0,-1
109,17,719.48,479.98,22.88,68.28,0.9060,2,1,-1
109,18,156.21,462.77,24.47,55.85,0.8780,2,1,-1
109,19,573.35,451.58,22.68,55.40,0.8950,2,2,-1
109,21,202.98,360.59,20.86,34.55,0.8280,3,0,-1
110,1,0.37,814.10,39.06,114.40,0.9105,2,2,-1
110,2,390.12,560.99,30.20,79.26,0.9095,2,2,-1
110,3,620.11,707.01,66.74,95.34,0.9257,2,2,-1
110,4,230.35,624.88,30.36,88.17,0.8979,2,1,-1
110,5,0.35,704.65,27.44,86.61,0.8153,2,1,-1
110,6,867.55,592.08,31.20,85.87,0.9280,2,2,-1
110,7,300.87,496.58,28.59,65.30,0.9230,3,0,-1
110,9,87.44,557.25,28.74,77.98,0.9043,2,1,-1
110,10,688.41,476.82,23.59,64.86,0.9061,2,2,-1
110,11,492.47,524.15,25.25,73.29,0.9127,2,2,-1
110,12,382.99,461.16,18.30,56.46,0.8885,2,1,-1
110,13,690.59,614.62,41.09,82.95,0.9215,2,1,-1
110,14,158.18,561.58,20.20,80.38,0.8688,2,1,-1
110,15,179.29,563.57,35.27,83.80,0.9139,2,2,-1
110,16,1213.15,845.15,55.35,125.37,0.7743,3,0,-1
110,17,717.53,479.51,24.08,68.53,0.9083,2,1,-1
110,18,158.13,461.44,24.42,56.74,0.8765,2,1,-1
110,19,574.29,451.42,22.56,54.99,0.8990,2,2,-1
110,20,156.81,533.89,19.39,39.56,0.6077,2,1,-1
110,21,205.20,359.73,20.47,34.20,0.8461,3,0,-1
110,0,1714.75,460.02,12.28,11.99,1.0,0,-1,-1
111,1,0.31,813.96,40.66,114.51,0.9210,2,2,-1
111,2,390.99,560.49,29.71,79.62,0.9102,2,2,-1
111,3,620.17,705.94,66.72,95.17,0.9260,2,2,-1
111,4,228.83,623.66,34.97,89.46,0.9172,2,1,-1
111,5,-1.72,702.94,26.80,87.11,0.6515,2,1,-1
111,6,866.93,591.52,30.14,85.02,0.9246,2,2,-1
111,7,302.37,495.73,28.47,65.16,0.9169,3,0,-1
111,9,87.24,556.19,31.10,78.61,0.9116,2,1,-1
111,10,687.87,475.65,24.23,64.79,0.9076,2,2,-1
111,11,492.49,523.56,24.76,73.50,0.9133,2,2,-1
111,12,382.53,460.62,20.52,58.03,0.8911,2,1,-1
111,13,690.99,613.52,38.86,82.79,0.9260,2,1,-1
111,14,160.01,561.18,20.51,79.91,0.8762,2,1,-1
111,15,179.92,562.77,33.83,83.11,0.8990,2,2,-1
111,16,1212.08,843.18,55.43,126.41,0.5337,3,0,-1
111,17,715.06,478.69,26.09,68.13,0.9157,2,1,-1
111,18,159.75,460.93,24.04,56.82,0.8858,2,1,-1
111,19,575.30,450.40,22.21,55.52,0.8968,2,2,-1
111,21,206.86,359.66,20.38,33.26,0.8646,3,0,-1
111,23,570.97,426.70,15.63,35.30,0.8544,2,1,-1
111,0,1714.10,459.16,12.85,12.80,1.0,0,-1,-1
112,1,0.33,813.94,42.46,113.32,0.9335,2,2,-1
112,2,392.07,560.48,29.89,79.65,0.9139,2,2,-1
112,3,619.61,705.65,68.43,95.52,0.9274,2,2,-1
112,4,227.61,623.67,38.34,88.93,0.9247,2,1,-1
112,5,0.82,701.79,29.64,87.28,0.8637,2,1,-1
112,6,865.60,591.58,29.99,84.78,0.9240,2,2,-1
112,7,303.18,495.42,28.66,64.57,0.9165,3,0,-1
112,9,87.58,555.83,32.50,78.69,0.9230,2,1,-1
112,10,687.29,475.16,24.53,64.70,0.9051,2,2,-1
112,11,492.92,523.28,24.01,73.02,0.9133,2,2,-1
112,12,381.05,460.24,23.82,57.76,0.9008,2,1,-1
112,13,689.77,612.07,34.70,83.47,0.9155,2,1,-1
112,14,161.64,561.21,20.55,79.03,0.8658,2,1,-1
112,15,180.63,562.08,31.70,83.20,0.9011,2,2,-1
112,16,1214.17,841.88,49.41,125.93,0.9058,3,0,-1
112,17,713.49,478.52,27.95,68.79,0.9098,2,1,-1
112,18,160.77,460.01,24.00,56.32,0.8832,2,1,-1
112,19,575.57,449.83,22.63,56.56,0.9075,2,2,-1
112,21,207.54,359.06,20.93,33.39,0.8623,3,0,-1
112,23,571.09,426.20,14.65,31.80,0.8703,2,1,-1
112,0,1713.79,458.93,12.01,11.97,1.0,0,-1,-1
113,1,0.07,813.84,43.60,115.16,0.9338,2,2,-1
113,2,392.40,559.89,30.16,80.27,0.9146,2,2,-1
113,3,619.13,705.44,68.14,95.79,0.9235,2,2,-1
113,4,227.61,623.34,39.82,88.85,0.9240,2,1,-1
113,5,-1.24,703.28,26.25,84.05,0.8429,2,1,-1
113,6,863.95,591.78,29.66,84.71,0.9307,2,2,-1
113,7,303.65,494.97,28.56,64.22,0.9158,3,0,-1
113,9,87.69,555.42,33.86,78.38,0.9255,2,1,-1
113,10,686.68,474.70,24.57,64.74,0.9031,2,2,-1
113,11,492.46,523.14,24.46,73.81,0.9147,2,2,-1
113,12,380.54,459.68,24.95,57.97,0.8980,2,1,-1
113,13,689.15,611.48,29.28,83.61,0.9130,2,1,-1
113,14,162.90,560.48,20.70,79.15,0.8359,2,1,-1
113,15,180.24,561.51,30.58,83.32,0.9008,2,2,-1
113,16,1211.78,840.81,46.84,126.54,0.9131,3,0,-1
113,17,712.99,478.57,29.91,67.99,0.9028,2,1,-1
113,18,162.13,459.60,23.83,55.59,0.8793,2,1,-1
113,19,576.31,449.55,22.32,55.64,0.9090,2,2,-1
113,21,208.94,358.29,21.00,33.90,0.8612,3,0,-1
113,23,570.94,426.18,14.36,30.79,0.8786,2,1,-1
114,1,0.22,813.72,44.09,113.83,0.9211,2,2,-1
114,2,392.51,559.73,29.89,80.13,0.9107,2,2,-1
114,3,616.83,705.57,70.13,95.95,0.9268,2,2,-1
114,4,227.53,623.06,40.61,88.41,0.9294,2,1,-1
114,5,-0.85,700.57,25.45,85.91,0.8360,2,1,-1
114,6,862.76,591.49,29.19,85.16,0.9261,2,2,-1
114,7,303.39,493.46,28.46,66.19,0.9145,3,0,-1
114,9,87.48,554.74,35.39,78.71,0.9311,2,1,-1
114,10,685.59,474.45,25.06,64.95,0.9055,2,2,-1
114,11,491.62,523.26,25.00,74.25,0.9147,2,2,-1
114,12,380.71,459.24,25.63,57.42,0.9002,2,1,-1
114,13,688.76,611.28,25.91,82.01,0.9088,2,1,-1
114,14,163.34,559.89,21.53,79.47,0.8465,2,1,-1
114,15,180.28,561.34,29.57,82.68,0.8972,2,2,-1
114,16,1211.19,840.25,43.69,126.30,0.9293,3,0,-1
114,17,712.49,478.56,29.91,68.02,0.9106,2,1,-1
114,18,162.35,458.88,23.86,55.30,0.8832,2,1,-1
114,19,576.29,449.32,22.49,55.41,0.9054,2,2,-1
114,21,209.58,358.52,20.02,33.36,0.8668,3,0,-1
114,23,571.11,425.32,15.87,30.99,0.8784,2,1,-1
115,1,-0.29,813.03,43.62,115.86,0.9182,2,2,-1
115,2,392.10,559.30,29.82,80.47,0.9121,2,2,-1
115,3,615.55,705.68,70.29,94.66,0.9208,2,2,-1
115,4,227.35,622.64,41.44,89.26,0.9231,2,1,-1
115,5,0.39,700.47,26.57,86.55,0.8608,2,1,-1
115,6,860.90,591.08,29.95,86.90,0.9267,2,2,-1
115,7,303.64,493.08,27.11,65.19,0.9144,3,0,-1
115,9,87.10,554.15,35.92,78.65,0.9313,2,1,-1
115,10,685.00,473.98,24.87,65.18,0.9027,2,2,-1
115,11,490.01,523.52,26.42,73.93,0.9123,2,2,-1
115,12,380.21,458.92,25.94,57.18,0.9014,2,1,-1
115,13,687.58,610.67,24.76,81.85,0.9095,2,1,-1
115,14,163.21,557.90,21.79,80.90,0.6550,2,1,-1
115,15,179.98,560.47,29.25,82.88,0.8917,2,2,-1
115,16,1208.69,839.85,40.07,126.05,0.9261,3,0,-1
115,17,712.94,478.35,29.96,67.81,0.8973,2,1,-1
115,18,162.00,458.47,24.53,56.56,0.8855,2,1,-1
115,19,576.56,448.74,22.32,55.54,0.9036,2,2,-1
115,21,209.90,357.75,19.70,33.73,0.8667,3,0,-1
115,23,570.22,424.94,15.40,30.82,0.8778,2,1,-1
116,1,0.13,812.97,43.37,113.63,0.9170,2,2,-1
116,2,392.05,558.86,29.28,80.00,0.9133,2,2,-1
116,3,613.94,705.03,70.60,94.66,0.9223,2,2,-1
116,4,227.21,622.51,42.28,88.99,0.9284,2,1,-1
116,5,-0.42,699.72,24.96,83.40,0.8125,2,1,-1
116,6,860.18,591.17,29.80,86.46,0.9286,2,2,-1
116,7,304.04,492.11,26.37,65.99,0.9163,3,0,-1
116,9,87.69,553.49,35.69,78.62,0.9327,2,1,-1
116,10,684.82,473.87,24.48,65.96,0.9009,2,2,-1
116,11,488.78,523.29,28.53,75.67,0.9131,2,2,-1
116,12,379.47,458.14,25.55,57.12,0.8976,2,1,-1
116,13,686.21,610.37,24.84,81.80,0.9060,2,1,-1
116,15,179.55,560.27,28.99,83.65,0.8717,2,2,-1
116,16,1205.57,839.73,37.81,124.66,0.9214,3,0,-1
116,17,712.33,476.90,30.26,67.96,0.9071,2,1,-1
116,18,163.17,458.26,24.21,57.26,0.8701,2,1,-1
116,19,577.20,448.58,22.00,55.79,0.9014,2,2,-1
116,21,210.49,357.60,19.47,33.89,0.8689,3,0,-1
116,23,569.79,424.12,15.72,32.03,0.8784,2,1,-1
117,1,0.87,812.19,47.94,116.04,0.9155,2,2,-1
117,2,392.17,558.20,29.23,79.83,0.9123,2,2,-1
117,3,612.74,704.32,70.43,95.42,0.9215,2,2,-1
117,4,226.69,621.70,43.06,89.19,0.9155,2,1,-1
117,5,-1.83,692.00,24.94,93.64,0.8326,2,1,-1
117,6,858.69,591.14,30.64,85.76,0.9309,2,2,-1
117,7,304.68,492.12,25.90,65.78,0.9150,3,0,-1
117,9,88.39,552.81,36.06,79.12,0.9339,2,1,-1
117,10,684.61,473.83,24.36,65.75,0.9024,2,2,-1
117,11,488.31,524.55,30.65,74.11,0.9156,2,2,-1
117,12,379.33,458.17,24.91,56.46,0.8912,2,1,-1
117,13,680.60,609.56,28.10,83.09,0.9079,2,1,-1
117,15,180.32,560.50,28.30,83.56,0.8677,2,2,-1
117,16,1201.95,838.77,38.06,125.28,0.5751,3,0,-1
117,17,712.30,476.40,28.90,66.93,0.9001,2,1,-1
117,18,164.86,458.66,22.45,52.85,0.8619,2,1,-1
117,19,577.37,448.00,21.91,55.36,0.8956,2,2,-1
117,21,211.41,357.52,19.44,33.67,0.8646,3,0,-1
117,23,569.84,423.57,15.60,32.04,0.8855,2,1,-1
118,1,0.20,811.72,48.27,114.82,0.9158,2,2,-1
118,2,391.74,557.50,28.75,79.90,0.9174,2,2,-1
118,3,611.65,703.51,68.60,96.29,0.9177,2,2,-1
118,4,225.89,621.36,43.28,88.68,0.9191,2,1,-1
118,5,-1.47,692.65,23.06,93.27,0.8072,2,1,-1
118,6,857.91,590.96,30.79,85.25,0.9288,2,2,-1
118,7,305.05,492.19,25.48,64.84,0.9134,3,0,-1
118,9,88.15,552.31,33.93,78.59,0.9145,2,1,-1
118,10,684.31,473.88,24.39,65.49,0.9005,2,2,-1
118,11,486.52,524.03,33.33,75.14,0.9210,2,2,-1
118,12,380.53,457.77,24.08,57.47,0.8874,2,1,-1
118,13,673.66,609.43,33.24,82.69,0.9024,2,1,-1
118,15,180.39,560.30,29.40,85.63,0.8424,2,2,-1
118,16,1199.42,837.94,38.17,124.94,0.6623,3,0,-1
118,17,711.56,476.18,25.69,67.58,0.8947,2,1,-1
118,18,165.13,457.46,23.50,55.39,0.8650,2,1,-1
118,19,577.62,447.45,21.92,55.86,0.8980,2,2,-1
118,21,212.06,357.01,19.18,33.63,0.8695,3,0,-1
118,23,570.09,423.14,16.16,34.44,0.8796,2,1,-1
119,1,-0.11,812.73,46.60,111.89,0.9124,2,2,-1
119,2,391.49,557.48,28.52,79.33,0.9189,2,2,-1
119,3,610.70,703.15,66.43,96.62,0.9178,2,2,-1
119,4,225.15,620.93,42.89,88.65,0.9011,2,1,-1
119,5,-2.02,692.74,21.57,94.46,0.7653,2,1,-1
119,6,856.85,590.54,30.53,85.41,0.9283,2,2,-1
119,7,305.23,490.94,25.94,65.42,0.9156,3,0,-1
119,9,88.47,552.00,34.26,78.25,0.9115,2,1,-1
119,10,683.92,474.12,24.87,65.45,0.9009,2,2,-1
119,11,485.64,524.32,34.64,74.49,0.9217,2,2,-1
119,12,380.17,457.42,21.75,57.09,0.8929,2,1,-1
119,13,669.33,609.41,38.41,83.58,0.8973,2,1,-1
119,15,177.00,559.37,31.64,86.27,0.8554,2,2,-1
119,16,1195.76,837.17,39.46,125.66,0.7410,3,0,-1
119,17,711.40,475.89,23.86,68.22,0.8864,2,1,-1
119,18,165.64,457.53,23.49,54.82,0.8738,2,1,-1
119,19,577.43,447.34,22.02,55.71,0.8915,2,2,-1
119,21,212.42,356.81,19.18,33.61,0.8739,3,0,-1
119,23,569.66,422.73,16.28,35.45,0.8815,2,1,-1
120,1,-0.59,814.47,43.54,111.51,0.9214,2,2,-1
120,2,390.79,557.51,28.61,80.27,0.9197,2,2,-1
120,3,610.19,702.41,62.24,96.44,0.9195,2,2,-1
120,4,223.84,620.60,40.55,87.76,0.8984,2,1,-1
120,5,-1.82,690.52,20.37,96.32,0.7550,2,1,-1
120,6,855.45,589.71,29.97,86.06,0.9243,2,2,-1
120,7,305.44,490.32,26.35,65.47,0.9175,3,0,-1
120,9,88.20,551.33,34.50,78.60,0.9118,2,1,-1
120,10,683.49,473.89,24.71,65.26,0.8988,2,2,-1
120,11,486.58,524.66,34.61,73.96,0.9184,2,2,-1
120,12,379.62,456.79,20.12,57.63,0.8860,2,1,-1
120,13,666.71,609.50,41.79,84.22,0.9225,2,1,-1
120,15,175.04,558.52,34.55,87.76,0.8718,2,2,-1
120,16,1192.87,837.46,41.35,124.09,0.7887,3,0,-1
120,17,711.36,475.60,22.51,67.63,0.8830,2,1,-1
120,18,165.54,457.06,24.04,55.38,0.8768,2,1,-1
120,19,577.67,447.56,21.82,55.06,0.8923,2,2,-1
120,21,211.93,356.17,19.26,34.07,0.8718,3,0,-1
120,23,568.84,421.54,17.55,39.80,0.8781,2,1,-1
121,1,-1.31,815.78,38.01,110.13,0.9126,2,2,-1
121,2,389.38,557.87,29.00,80.23,0.9189,2,2,-1
121,3,609.65,702.11,59.38,96.32,0.9179,2,2,-1
121,4,222.64,620.14,38.36,87.89,0.9037,2,1,-1
121,5,-1.06,694.17,18.42,93.04,0.7849,2,1,-1
121,6,853.75,589.55,29.90,85.98,0.9240,2,2,-1
121,7,305.11,490.13,27.30,65.16,0.9174,3,0,-1
121,9,88.05,551.38,33.90,78.03,0.8967,2,1,-1
121,10,683.16,473.93,24.67,65.63,0.8977,2,2,-1
121,11,486.97,524.06,34.70,74.83,0.9196,2,2,-1
121,12,378.51,457.08,19.38,58.31,0.8804,2,1,-1
121,13,663.27,609.89,44.91,84.48,0.9205,2,1,-1
121,15,173.09,557.03,37.30,88.53,0.8845,2,2,-1
121,16,1187.28,839.61,47.41,121.28,0.8737,3,0,-1
121,17,711.00,475.38,22.30,67.86,0.8857,2,1,-1
121,18,165.61,456.82,24.09,55.73,0.8759,2,1,-1
121,19,577.45,447.28,22.21,55.51,0.8901,2,2,-1
121,21,212.50,355.83,18.81,34.52,0.8767,3,0,-1
121,23,569.02,421.46,16.77,38.73,0.8796,2,1,-1
122,1,-1.54,822.28,30.22,101.77,0.9010,2,2,-1
122,2,388.05,558.59,29.34,79.93,0.9154,2,2,-1
122,3,608.32,700.93,58.89,96.98,0.8848,2,2,-1
122,4,222.39,619.43,34.10,86.00,0.9059,2,1,-1
122,5,-1.12,695.98,17.76,92.30,0.6603,2,1,-1
122,6,852.58,588.65,30.23,86.66,0.9252,2,2,-1
122,7,305.06,489.69,27.47,64.98,0.9199,3,0,-1
122,9,86.64,550.69,30.97,78.15,0.8927,2,1,-1
122,10,682.87,473.35,24.47,65.72,0.8934,2,2,-1
122,11,488.38,523.41,33.19,74.36,0.9161,2,2,-1
122,12,378.60,457.11,18.30,57.10,0.8938,2,1,-1
122,13,660.73,609.79,47.81,84.34,0.9196,2,1,-1
122,15,171.93,555.09,39.96,90.32,0.9015,2,2,-1
122,16,1182.23,839.99,53.54,120.30,0.8760,3,0,-1
122,17,710.18,474.76,21.48,68.97,0.8803,2,1,-1
122,18,165.58,456.05,24.48,56.05,0.8821,2,1,-1
122,19,575.95,446.92,23.43,56.21,0.8898,2,2,-1
122,21,212.32,355.72,18.39,34.36,0.8696,3,0,-1
123,1,-2.76,832.61,25.44,91.13,0.7641,2,2,-1
123,2,387.19,558.87,29.82,80.23,0.9148,2,2,-1
123,3,607.29,701.40,58.76,96.39,0.8980,2,2,-1
123,4,221.74,618.45,32.59,89.10,0.9186,2,1,-1
123,5,-0.28,694.41,16.82,88.59,0.7419,2,1,-1
123,6,851.72,588.43,29.93,85.87,0.9235,2,2,-1
123,7,305.77,489.23,28.02,64.65,0.9223,3,0,-1
123,9,86.91,549.77,29.24,78.08,0.8721,2,1,-1
123,10,682.75,472.88,24.53,66.13,0.8877,2,2,-1
123,11,489.36,522.97,32.14,74.47,0.9157,2,2,-1
123,12,378.51,456.07,18.28,58.18,0.8993,2,1,-1
123,13,659.45,610.00,49.05,83.86,0.9143,2,1,-1
123,15,171.46,553.85,40.79,92.25,0.8944,2,2,-1
123,16,1180.17,838.38,56.98,121.11,0.8632,3,0,-1
123,17,709.77,474.08,21.17,68.79,0.8724,2,1,-1
123,18,165.66,455.76,24.77,55.69,0.8899,2,1,-1
123,19,576.81,446.97,23.07,55.60,0.8900,2,2,-1
123,21,213.11,354.82,17.62,33.09,0.8677,3,0,-1
124,1,-2.61,834.61,22.78,89.75,0.7676,2,2,-1
124,2,387.01,559.24,30.42,79.97,0.9142,2,2,-1
124,3,606.97,699.65,59.08,96.67,0.9140,2,2,-1
124,4,221.40,618.07,30.66,89.36,0.9145,2,1,-1
124,5,0.46,698.31,16.36,84.34,0.6953,2,1,-1
124,6,851.37,588.39,30.00,85.66,0.9228,2,2,-1
124,7,305.86,488.65,28.99,64.46,0.9247,3,0,-1
124,8,155.88,496.21,27.94,61.53,0.5293,2,1,-1
124,9,87.07,548.32,28.55,78.48,0.8756,2,1,-1
124,10,683.37,472.47,24.35,65.60,0.8888,2,2,-1
124,11,490.17,522.30,31.55,74.22,0.9176,2,2,-1
124,12,378.34,455.43,18.03,57.63,0.9058,2,1,-1
124,13,658.66,610.10,48.39,83.17,0.9135,2,1,-1
124,15,171.97,553.75,40.80,91.96,0.9068,2,2,-1
124,16,1178.45,836.07,60.79,122.46,0.9026,3,0,-1
124,17,708.77,473.98,20.79,69.27,0.8679,2,1,-1
124,18,165.89,455.86,25.15,55.24,0.8855,2,1,-1
124,19,577.83,447.12,22.75,54.85,0.8949,2,2,-1
124,21,214.39,354.16,18.41,32.85,0.8678,3,0,-1
124,23,567.23,419.25,18.85,50.50,0.8840,2,1,-1
125,1,-1.52,843.92,19.20,80.03,0.7333,2,2,-1
125,2,386.53,559.46,31.41,80.09,0.9087,2,2,-1
125,3,607.17,699.33,59.27,96.53,0.9211,2,2,-1
125,4,221.55,617.41,29.61,89.51,0.9148,2,1,-1
125,5,0.62,694.32,17.06,87.11,0.5254,2,1,-1
125,6,850.95,588.33,29.83,84.62,0.9238,2,2,-1
125,7,307.18,487.77,28.66,64.60,0.9206,3,0,-1
125,9,86.84,548.47,27.99,78.64,0.8132,2,1,-1
125,10,684.57,472.16,23.93,65.44,0.8837,2,2,-1
125,11,490.89,521.91,31.52,74.26,0.9188,2,2,-1
125,12,377.92,454.87,18.62,58.28,0.8962,2,1,-1
125,13,659.34,609.86,46.48,82.76,0.9096,2,1,-1
125,15,172.64,553.22,40.07,91.40,0.9116,2,2,-1
125,16,1179.10,836.10,60.22,121.77,0.8351,3,0,-1
125,17,708.05,473.92,20.89,69.94,0.8769,2,1,-1
125,18,166.56,455.25,26.09,54.73,0.8953,2,1,-1
125,19,578.34,446.78,22.91,54.86,0.8904,2,2,-1
125,21,214.45,353.03,19.63,35.27,0.8333,3,0,-1
125,23,567.67,418.17,18.48,51.45,0.8819,2,1,-1
126,1,-0.43,853.00,16.03,68.88,0.7833,2,2,-1
126,2,386.36,559.40,32.90,80.31,0.9172,2,2,-1
126,3,605.47,698.41,60.65,96.64,0.9166,2,2,-1
126,4,221.38,617.21,28.78,89.88,0.9154,2,1,-1
126,5,0.94,697.00,16.90,84.34,0.5868,2,1,-1
126,6,849.33,587.67,31.23,85.75,0.9265,2,2,-1
126,7,308.72,487.08,28.77,64.68,0.9190,3,0,-1
126,9,90.91,562.73,22.21,63.98,0.8036,2,1,-1
126,10,684.83,471.44,23.76,64.52,0.8845,2,2,-1
126,11,492.07,521.89,30.46,73.34,0.9186,2,2,-1
126,12,377.60,454.93,19.24,57.74,0.8979,2,1,-1
126,13,663.25,609.61,41.19,82.20,0.9020,2,1,-1
126,15,174.01,551.60,39.39,92.95,0.9251,2,2,-1
126,16,1179.27,834.89,60.10,121.61,0.5872,3,0,-1
126,17,708.52,473.46,21.48,69.70,0.8797,2,1,-1
126,18,167.20,454.57,27.22,55.19,0.8886,2,1,-1
126,19,580.04,446.70,22.62,54.74,0.9004,2,2,-1
126,21,215.52,351.96,19.95,36.10,0.8479,3,0,-1
126,23,567.64,417.73,18.36,51.99,0.8884,2,1,-1
127,1,-0.22,853.13,15.79,68.80,0.7600,2,2,-1
127,2,386.88,558.91,33.96,81.00,0.9206,2,2,-1
127,3,604.01,697.89,62.57,96.58,0.9180,2,2,-1
127,4,221.14,616.85,29.03,90.69,0.9232,2,1,-1
127,5,0.87,696.61,19.03,83.87,0.8173,2,1,-1
127,6,848.29,588.19,32.37,85.03,0.9298,2,2,-1
127,7,310.11,486.41,29.08,65.07,0.9213,3,0,-1
127,9,87.09,547.91,25.82,78.63,0.8901,2,1,-1
127,10,685.26,471.06,24.03,64.99,0.8765,2,2,-1
127,11,492.81,522.13,29.73,72.90,0.9194,2,2,-1
127,12,377.25,454.54,20.17,57.97,0.9009,2,1,-1
127,13,670.47,609.23,31.69,81.98,0.9071,2,1,-1
127,15,175.36,551.51,37.98,92.18,0.9164,2,2,-1
127,16,1179.24,833.73,58.58,121.85,0.9177,3,0,-1
127,17,708.44,474.48,21.85,68.49,0.8761,2,1,-1
127,18,168.78,454.34,26.99,54.97,0.8895,2,1,-1
127,19,580.71,446.80,22.41,54.24,0.9030,2,2,-1
127,21,217.01,352.21,19.12,34.05,0.8333,3,0,-1
127,23,568.18,417.02,18.50,52.46,0.8840,2,1,-1
128,1,-0.74,837.07,18.65,84.72,0.7575,2,2,-1
128,2,387.88,558.62,33.67,81.02,0.9163,2,2,-1
128,3,603.72,697.44,63.84,96.77,0.9218,2,2,-1
128,4,220.78,617.20,30.38,91.66,0.9079,2,1,-1
128,5,0.80,695.67,21.62,82.93,0.8717,2,1,-1
128,6,846.53,588.09,34.59,85.29,0.9389,2,2,-1
128,7,311.28,486.12,29.25,64.47,0.9244,3,0,-1
128,9,87.82,547.67,25.78,79.92,0.9034,2,1,-1
128,10,685.49,470.90,24.24,65.50,0.8866,2,2,-1
128,11,493.75,522.43,28.43,73.35,0.9181,2,2,-1
128,12,377.28,454.34,20.62,57.83,0.9027,2,1,-1
128,13,672.82,608.61,26.67,82.45,0.9111,2,1,-1
128,15,175.73,549.67,36.03,92.74,0.9219,2,2,-1
128,16,1179.89,833.00,57.55,121.87,0.8658,3,0,-1
128,17,708.30,474.40,23.15,69.23,0.8738,2,1,-1
128,18,170.48,454.35,26.60,54.89,0.8917,2,1,-1
128,19,581.56,446.33,22.64,54.73,0.9125,2,2,-1
128,21,217.45,351.36,18.69,34.09,0.8398,3,0,-1
128,23,568.11,416.64,18.55,52.29,0.8864,2,1,-1
129,1,-1.45,821.03,21.87,103.56,0.6873,2,2,-1
129,2,388.34,558.80,33.97,81.11,0.9176,2,2,-1
129,3,603.76,697.28,64.59,97.34,0.9247,2,2,-1
129,4,220.77,617.22,33.50,91.08,0.9153,2,1,-1
129,5,0.60,696.98,23.37,83.17,0.8798,2,1,-1
129,6,846.13,588.88,36.18,85.81,0.9398,2,2,-1
129,7,312.20,485.65,29.96,64.58,0.9272,3,0,-1
129,9,87.80,547.92,26.51,79.99,0.8982,2,1,-1
129,10,685.58,471.27,24.57,65.59,0.8801,2,2,-1
129,11,494.38,523.03,27.43,73.32,0.9125,2,2,-1
129,12,378.15,453.90,21.22,58.51,0.9062,2,1,-1
129,13,673.59,608.79,24.52,82.10,0.9094,2,1,-1
129,15,176.74,550.24,34.02,90.95,0.9251,2,2,-1
129,16,1181.50,833.20,55.45,121.09,0.8773,3,0,-1
129,17,708.06,474.33,24.44,68.90,0.8893,2,1,-1
129,18,170.87,454.08,26.94,54.47,0.8881,2,1,-1
129,19,582.74,445.92,22.51,55.81,0.8968,2,2,-1
129,21,218.70,351.56,18.44,33.59,0.8382,3,0,-1
129,23,568.69,416.52,18.78,52.94,0.8893,2,1,-1
130,1,-1.42,811.60,22.39,111.10,0.6971,2,2,-1
130,2,388.44,558.42,33.32,81.31,0.9170,2,2,-1
130,3,602.36,697.73,67.50,97.87,0.9252,2,2,-1
130,4,219.59,617.22,36.93,91.42,0.9303,2,1,-1
130,5,0.47,696.21,25.17,85.68,0.8743,2,1,-1
130,6,846.27,588.91,37.06,85.39,0.9395,2,2,-1
130,7,312.69,485.36,30.35,65.13,0.9242,3,0,-1
130,8,159.93,493.11,27.15,60.81,0.7689,2,1,-1
130,9,91.93,578.68,22.28,49.09,0.8750,2,1,-1
130,10,684.76,471.28,25.49,65.63,0.8857,2,2,-1
130,11,494.62,523.62,26.45,74.19,0.9178,2,2,-1
130,12,378.40,454.18,21.75,57.87,0.9067,2,1,-1
130,13,673.34,609.15,23.70,81.27,0.9095,2,1,-1
130,15,177.47,550.10,32.32,91.32,0.9307,2,2,-1
130,16,1181.95,833.19,53.29,120.65,0.9163,3,0,-1
130,17,708.23,474.12,26.02,69.21,0.8947,2,1,-1
130,18,171.87,454.41,27.07,53.67,0.8697,2,1,-1
130,19,583.30,445.81,22.32,55.55,0.9010,2,2,-1
130,21,219.26,351.71,17.89,33.22,0.8379,3,0,-1
130,23,569.47,416.83,18.70,52.28,0.8916,2,1,-1
131,1,-0.83,814.84,20.94,107.46,0.7094,2,2,-1
131,2,388.99,558.55,32.93,81.19,0.9180,2,2,-1
131,3,602.62,698.63,69.28,96.44,0.9293,2,2,-1
131,4,219.05,617.15,38.73,91.36,0.9309,2,1,-1
131,5,0.37,696.63,25.57,84.57,0.8639,2,1,-1
131,6,846.72,589.05,38.68,85.94,0.9357,2,2,-1
131,7,313.73,485.68,29.90,63.81,0.9190,3,0,-1
131,9,88.59,566.82,28.75,60.61,0.8849,2,1,-1
131,10,684.80,471.60,25.90,65.28,0.8885,2,2,-1
131,11,495.47,524.56,25.77,73.31,0.9183,2,2,-1
131,12,378.55,454.44,22.56,58.25,0.9074,2,1,-1
131,13,671.12,609.36,25.38,81.53,0.9046,2,1,-1
131,15,177.94,550.64,30.60,91.24,0.9259,2,2,-1
131,16,1181.49,832.66,50.65,121.45,0.9382,3,0,-1
131,17,709.09,474.34,25.95,68.32,0.8766,2,1,-1
131,18,172.53,454.42,28.12,54.54,0.8825,2,1,-1
131,19,584.37,445.73,21.91,55.41,0.9014,2,2,-1
131,21,220.65,351.57,17.85,33.49,0.8424,3,0,-1
131,23,569.78,416.73,18.81,53.01,0.8942,2,1,-1
132,1,-0.76,816.30,20.53,107.66,0.6470,2,2,-1
132,2,389.83,558.64,32.89,80.77,0.9240,2,2,-1
132,3,603.23,698.74,69.71,96.35,0.9360,2,2,-1
132,4,218.18,617.75,40.29,90.73,0.9248,2,1,-1
132,5,0.09,687.48,28.22,92.74,0.8693,2,1,-1
132,6,846.52,589.14,39.41,85.78,0.9356,2,2,-1
132,7,314.66,485.53,30.23,64.26,0.9200,3,0,-1
132,9,89.46,582.26,28.16,45.98,0.8984,2,1,-1
132,10,685.38,472.19,25.81,65.14,0.8903,2,2,-1
132,11,495.96,525.01,25.94,72.21,0.9173,2,2,-1
132,12,378.82,454.45,24.24,58.45,0.9052,2,1,-1
132,13,667.80,609.88,28.97,80.19,0.9122,2,1,-1
132,15,178.05,550.22,30.01,91.57,0.9255,2,2,-1
132,16,1179.28,832.32,50.03,121.48,0.9377,3,0,-1
132,17,709.17,474.78,26.11,68.63,0.8834,2,1,-1
132,18,173.58,454.41,28.53,53.56,0.8797,2,1,-1
132,19,585.08,445.44,21.69,55.24,0.8999,2,2,-1
132,21,221.56,351.67,18.69,33.41,0.8409,3,0,-1
132,23,570.42,416.66,18.40,52.87,0.8978,2,1,-1
133,1,-1.91,811.47,20.41,113.59,0.6522,2,2,-1
133,2,390.47,559.28,32.54,80.79,0.9212,2,2,-1
133,3,602.00,698.63,70.79,95.80,0.9347,2,2,-1
133,4,218.30,618.47,41.58,90.33,0.9232,2,1,-1
133,5,0.24,689.51,28.03,90.29,0.8720,2,1,-1
133,6,846.19,589.40,40.50,86.92,0.9346,2,2,-1
133,7,314.88,485.32,30.55,64.67,0.9238,3,0,-1
133,9,87.37,580.71,32.21,48.49,0.8810,2,1,-1
133,10,684.99,472.63,26.75,65.17,0.8960,2,2,-1
133,11,496.32,525.67,26.25,71.89,0.9212,2,2,-1
133,12,378.56,454.35,23.80,57.54,0.9085,2,1,-1
133,13,665.39,609.85,33.39,81.54,0.9145,2,1,-1
133,15,178.25,549.82,29.97,92.34,0.9239,2,2,-1
133,16,1177.74,832.62,50.48,122.73,0.9410,3,0,-1
133,17,709.89,475.18,25.52,67.62,0.8836,2,1,-1
133,18,173.91,454.45,28.34,53.50,0.8757,2,1,-1
133,19,585.51,445.63,21.65,55.19,0.8974,2,2,-1
133,20,163.63,505.07,24.20,48.03,0.5814,2,1,-1
133,21,222.31,351.88,19.04,33.16,0.8231,3,0,-1
133,23,572.26,417.07,16.45,48.49,0.8926,2,1,-1
134,1,-2.19,813.72,19.60,113.92,0.5614,2,2,-1
134,2,390.89,559.76,33.00,80.36,0.9273,2,2,-1
134,3,605.61,697.94,67.65,95.58,0.9335,2,2,-1
134,4,218.19,618.74,41.75,90.20,0.9211,2,1,-1
134,5,-0.40,685.75,28.32,94.40,0.8753,2,1,-1
134,6,845.36,588.90,41.01,87.38,0.9370,2,2,-1
134,7,315.80,485.53,30.86,64.74,0.9230,3,0,-1
134,8,160.10,489.26,27.21,63.65,0.6609,2,1,-1
134,9,86.70,582.29,34.07,47.27,0.8871,2,1,-1
134,10,684.84,472.58,27.43,65.77,0.8947,2,2,-1
134,11,496.34,525.58,26.64,72.62,0.9188,2,2,-1
134,12,378.79,453.94,24.30,58.20,0.9063,2,1,-1
134,13,662.29,610.45,38.04,81.48,0.9185,2,1,-1
134,15,178.18,550.27,30.61,92.58,0.9240,2,2,-1
134,16,1175.90,832.51,51.23,125.00,0.9419,3,0,-1
134,17,709.74,475.06,24.80,67.66,0.8861,2,1,-1
134,18,174.16,454.38,27.98,53.70,0.8599,2,1,-1
134,19,585.89,445.80,21.53,55.29,0.8975,2,2,-1
134,21,222.92,352.05,19.79,32.73,0.8423,3,0,-1
134,23,572.74,417.10,15.91,49.30,0.8913,2,1,-1
135,1,-1.61,817.37,18.30,109.90,0.5400,2,2,-1
135,2,391.56,560.77,33.16,81.14,0.9252,2,2,-1
135,3,607.56,697.47,64.26,95.92,0.9297,2,2,-1
135,4,218.00,618.75,41.49,89.69,0.9216,2,1,-1
135,5,-0.50,688.02,26.53,92.43,0.8724,2,1,-1
135,6,844.77,588.85,38.84,86.20,0.9356,2,2,-1
135,7,316.63,485.42,30.73,64.85,0.9237,3,0,-1
135,8,160.03,486.73,28.17,66.04,0.6118,2,1,-1
135,9,86.23,581.87,36.57,47.74,0.8827,2,1,-1
135,10,685.36,472.61,27.48,65.74,0.8958,2,2,-1
135,11,496.65,525.52,26.08,72.77,0.9166,2,2,-1
135,12,378.74,453.71,25.42,57.96,0.9109,2,1,-1
135,13,659.72,610.19,42.23,82.41,0.9292,2,1,-1
135,15,177.86,550.64,31.52,94.27,0.9282,2,2,-1
135,16,1172.04,832.60,52.17,126.44,0.9345,3,0,-1
135,17,710.23,474.98,24.24,68.22,0.8961,2,1,-1
135,18,174.76,453.30,27.37,54.67,0.8485,2,1,-1
135,19,586.49,445.62,21.68,55.97,0.8985,2,2,-1
135,21,224.51,351.90,20.25,32.99,0.8441,3,0,-1
135,23,573.62,416.89,16.56,51.50,0.8893,2,1,-1
136,2,391.99,561.16,33.44,81.90,0.9266,2,2,-1
136,3,611.02,697.55,59.03,95.14,0.9303,2,2,-1
136,4,217.83,618.74,41.52,90.13,0.9174,2,1,-1
136,5,-0.82,690.68,23.68,87.52,0.8508,2,1,-1
136,6,844.18,589.10,35.28,85.55,0.9314,2,2,-1
136,7,317.31,485.51,30.46,63.51,0.9272,3,0,-1
136,9,87.07,581.99,37.81,47.95,0.8964,2,1,-1
136,10,685.39,472.64,27.64,65.89,0.8973,2,2,-1
136,11,497.09,525.29,25.58,73.32,0.9133,2,2,-1
136,12,378.87,453.63,25.70,57.91,0.9107,2,1,-1
136,13,660.67,610.71,41.87,81.86,0.9265,2,1,-1
136,15,178.08,551.04,32.19,95.08,0.9240,2,2,-1
136,16,1165.64,832.28,56.93,128.54,0.9396,3,0,-1
136,17,710.73,475.21,23.45,67.62,0.8863,2,1,-1
136,18,176.65,453.65,26.37,53.88,0.8590,2,1,-1
136,19,587.43,446.14,21.52,56.11,0.9004,2,2,-1
136,20,161.01,498.67,26.96,53.47,0.7355,2,1,-1
136,21,224.10,351.62,20.58,33.76,0.8410,3,0,-1
136,23,574.05,416.99,16.42,50.95,0.8886,2,1,-1
137,2,392.73,561.84,33.31,81.41,0.9264,2,2,-1
137,3,614.06,696.78,52.33,95.75,0.9331,2,2,-1
137,4,216.86,618.89,40.25,89.68,0.9001,2,1,-1
137,5,-1.40,688.89,23.01,90.86,0.8084,2,1,-1
137,6,843.77,589.27,32.79,85.85,0.9263,2,2,-1
137,7,318.19,485.47,29.54,63.68,0.9258,3,0,-1
137,9,78.34,552.65,49.85,77.50,0.9186,2,1,-1
137,10,684.76,472.51,27.73,66.27,0.9024,2,2,-1
137,11,497.33,525.16,24.31,73.45,0.9159,2,2,-1
137,12,379.07,453.83,25.79,58.14,0.9074,2,1,-1
137,13,661.31,611.22,41.13,82.12,0.9223,2,1,-1
137,15,178.11,551.78,32.81,94.14,0.9181,2,2,-1
137,16,1161.54,832.57,59.16,127.41,0.9326,3,0,-1
137,17,710.52,475.73,22.94,67.85,0.8853,2,1,-1
137,18,177.24,453.48,25.46,54.01,0.8603,2,1,-1
137,19,588.15,446.74,21.16,55.56,0.9010,2,2,-1
137,20,162.20,498.00,26.42,53.55,0.7425,2,1,-1
137,21,224.32,351.01,20.60,33.66,0.8344,3,0,-1
137,23,574.51,417.09,16.41,51.07,0.8891,2,1,-1
138,2,392.98,562.10,33.41,82.14,0.9266,2,2,-1
138,3,616.68,696.59,46.90,95.78,0.9354,2,2,-1
138,4,216.33,618.74,39.15,89.63,0.8827,2,1,-1
138,5,-1.17,693.72,20.78,86.26,0.7675,2,1,-1
138,6,843.10,589.05,32.45,85.85,0.9291,2,2,-1
138,7,318.65,485.24,28.35,64.04,0.9245,3,0,-1
138,9,80.94,559.98,44.57,69.96,0.8837,2,1,-1
138,10,684.25,472.61,26.83,65.57,0.8998,2,2,-1
138,11,497.79,525.36,23.38,73.58,0.9164,2,2,-1
138,12,379.03,454.22,24.79,57.57,0.9078,2,1,-1
138,13,661.88,610.86,40.79,82.38,0.9225,2,1,-1
138,14,178.27,559.40,32.52,86.36,0.9017,2,1,-1
138,16,1159.62,833.71,59.57,126.43,0.8384,3,0,-1
138,17,710.85,476.04,22.43,67.44,0.8801,2,1,-1
138,18,177.26,453.54,23.39,52.04,0.8348,2,1,-1
138,19,588.66,447.09,21.30,55.75,0.9022,2,2,-1
138,20,162.89,495.33,25.89,54.41,0.7107,2,1,-1
138,21,224.37,351.17,20.98,33.91,0.8376,3,0,-1
138,23,574.65,417.05,16.15,50.26,0.8877,2,1,-1
138,31,1823.12,421.15,15.58,38.09,0.6990,1,-1,-1
139,2,393.63,562.26,34.13,83.32,0.9257,2,2,-1
139,3,618.67,696.40,41.54,95.65,0.9255,2,2,-1
139,4,215.98,618.93,37.09,88.19,0.8810,2,1,-1
139,5,-0.98,699.26,18.77,82.97,0.7945,2,1,-1
139,6,842.18,589.53,31.85,86.41,0.9239,2,2,-1
139,7,319.11,485.46,27.05,63.61,0.9225,3,0,-1
139,9,79.92,569.86,39.05,59.84,0.8470,2,1,-1
139,10,683.98,472.69,25.90,65.16,0.8985,2,2,-1
139,11,497.91,525.66,22.89,74.38,0.9171,2,2,-1
139,12,379.27,454.64,23.43,57.17,0.9117,2,1,-1
139,13,661.69,610.41,39.88,83.25,0.9208,2,1,-1
139,14,177.59,557.52,32.89,88.71,0.8989,2,1,-1
139,16,1158.16,834.68,59.36,125.93,0.6392,3,0,-1
139,17,711.36,477.23,22.05,67.59,0.8836,2,1,-1
139,18,178.03,453.53,22.75,54.33,0.8556,2,1,-1
139,19,589.32,447.12,21.37,55.92,0.9042,2,2,-1
139,20,163.65,499.15,24.67,51.69,0.6126,2,1,-1
139,21,224.34,351.19,20.76,33.97,0.8348,3,0,-1
139,23,574.84,416.61,17.25,51.19,0.8974,2,1,-1
140,2,393.71,562.54,33.45,83.69,0.9225,2,2,-1
140,3,620.04,696.29,38.13,95.95,0.9299,2,2,-1
140,4,215.22,618.88,34.90,89.02,0.9096,2,1,-1
140,5,-1.15,692.30,19.13,90.37,0.7855,2,1,-1
140,6,840.93,589.79,31.79,85.72,0.9240,2,2,-1
140,7,319.84,485.37,26.57,63.86,0.9205,3,0,-1
140,9,84.92,583.76,29.28,45.85,0.8105,2,1,-1
140,10,683.08,472.63,24.93,65.22,0.8913,2,2,-1
140,11,497.90,526.59,22.49,73.84,0.9193,2,2,-1
140,12,379.46,454.71,22.47,57.29,0.9102,2,1,-1
140,13,661.17,610.02,35.62,83.60,0.9220,2,1,-1
140,14,177.73,560.53,31.66,85.91,0.9002,2,1,-1
140,16,1158.35,834.62,58.50,125.03,0.6650,3,0,-1
140,17,711.59,477.74,22.50,69.72,0.8882,2,1,-1
140,18,178.34,453.35,21.45,54.99,0.8575,2,1,-1
140,19,589.68,447.33,21.40,55.55,0.9033,2,2,-1
140,20,161.75,494.33,25.88,55.81,0.7813,2,1,-1
140,21,225.37,351.32,21.04,33.72,0.8402,3,0,-1
140,23,574.74,416.43,17.36,50.94,0.8945,2,1,-1
140,31,1815.54,422.33,20.94,36.91,0.8766,1,-1,-1
141,2,394.18,563.22,33.17,83.10,0.9219,2,2,-1
141,3,620.19,695.77,37.12,96.45,0.9321,2,2,-1
141,4,214.15,618.71,33.05,89.48,0.9082,2,1,-1
141,5,-1.48,685.56,19.54,97.63,0.7360,2,1,-1
141,6,839.97,590.19,31.50,85.88,0.9225,2,2,-1
141,7,320.48,485.29,26.13,64.49,0.9183,3,0,-1
141,9,83.03,584.34,26.20,45.18,0.7469,2,1,-1
141,10,682.70,472.32,24.44,65.64,0.8907,2,2,-1
141,11,497.52,527.00,22.29,73.58,0.9168,2,2,-1
141,12,379.44,454.80,21.64,56.87,0.9097,2,1,-1
141,13,659.95,610.22,30.86,83.62,0.9153,2,1,-1
141,14,177.13,559.00,31.95,87.45,0.8993,2,1,-1
141,16,1158.07,834.76,57.91,125.23,0.5787,3,0,-1
141,17,712.25,478.61,22.26,68.12,0.8882,2,1,-1
141,18,178.52,453.40,20.28,54.13,0.8635,2,1,-1
141,19,589.75,447.23,21.65,56.00,0.9007,2,2,-1
141,20,161.08,493.46,25.88,56.49,0.8080,2,1,-1
141,21,225.88,351.69,20.96,33.25,0.8351,3,0,-1
141,23,574.96,416.48,17.92,50.77,0.8993,2,1,-1
141,31,1809.87,419.59,23.78,39.91,0.7850,1,-1,-1
142,2,393.85,562.76,33.06,83.50,0.9240,2,2,-1
142,3,619.73,695.76,37.43,96.43,0.9342,2,2,-1
142,4,213.52,618.89,31.98,88.52,0.9163,2,1,-1
142,5,-1.58,684.93,19.03,97.36,0.5652,2,1,-1
142,6,838.96,590.28,31.07,86.70,0.9304,2,2,-1
142,7,320.20,485.26,26.02,64.81,0.9204,3,0,-1
142,10,681.81,472.32,24.23,65.63,0.8953,2,2,-1
142,11,496.44,527.56,22.77,75.79,0.9194,2,2,-1
142,12,379.53,454.88,21.18,56.86,0.9097,2,1,-1
142,13,658.98,610.54,27.82,82.79,0.9111,2,1,-1
142,14,176.41,561.82,30.61,84.35,0.8567,2,1,-1
142,16,1158.05,835.09,57.05,125.10,0.5230,3,0,-1
142,17,712.15,478.61,23.27,69.08,0.8984,2,1,-1
142,18,178.02,452.48,20.15,53.83,0.8646,2,1,-1
142,19,589.47,447.28,22.07,56.10,0.9008,2,2,-1
142,20,160.68,492.43,25.96,57.39,0.7046,2,1,-1
142,21,224.55,351.58,21.67,33.67,0.8413,3,0,-1
142,23,573.71,415.89,18.73,51.43,0.8987,2,1,-1
142,31,1806.01,418.90,19.81,40.58,0.8436,1,-1,-1
143,2,394.00,562.78,33.28,83.39,0.9245,2,2,-1
143,3,618.51,695.91,38.64,96.10,0.9368,2,2,-1
143,4,211.52,619.14,31.28,87.28,0.9018,2,1,-1
143,5,-1.31,684.90,18.57,97.02,0.5446,2,1,-1
143,6,836.74,590.49,31.58,87.83,0.9234,2,2,-1
143,7,319.90,485.51,25.87,64.83,0.9166,3,0,-1
143,9,79.00,587.84,23.57,41.40,0.8162,2,1,-1
143,10,680.77,472.17,24.48,67.72,0.8999,2,2,-1
143,11,495.44,528.05,22.61,76.92,0.9156,2,2,-1
143,12,379.44,455.27,20.83,56.45,0.9106,2,1,-1
143,13,658.04,610.28,27.23,83.59,0.9097,2,1,-1
143,14,175.68,561.76,30.67,83.77,0.8347,2,1,-1
143,16,1157.15,834.88,56.09,125.29,0.5622,3,0,-1
143,17,711.94,478.63,24.16,68.46,0.9018,2,1,-1
143,18,177.92,452.07,20.55,54.66,0.8648,2,1,-1
143,19,589.51,446.92,22.00,56.16,0.8992,2,2,-1
143,20,159.50,492.18,26.16,58.37,0.7765,2,1,-1
143,21,224.04,351.46,22.16,33.81,0.8432,3,0,-1
143,23,572.93,415.42,18.41,50.41,0.8984,2,1,-1
143,31,1805.64,419.78,15.70,40.10,0.8658,1,-1,-1
143,33,64.28,554.04,26.32,47.94,0.7921,2,-1,-1
144,2,394.08,562.76,32.66,82.88,0.9234,2,2,-1
144,3,617.99,695.26,40.54,96.47,0.9377,2,2,-1
144,4,209.82,619.33,34.23,88.85,0.9180,2,1,-1
144,5,-0.87,687.57,17.52,94.21,0.6479,2,1,-1
144,6,836.10,590.70,31.17,87.72,0.9227,2,2,-1
144,7,319.77,485.34,25.93,65.22,0.9172,3,0,-1
144,9,70.85,580.06,31.56,49.99,0.8493,2,1,-1
144,10,680.58,472.50,24.10,66.95,0.9021,2,2,-1
144,11,494.51,528.39,22.83,77.59,0.9156,2,2,-1
144,12,379.41,455.37,20.94,56.45,0.9105,2,1,-1
144,13,656.72,610.58,26.03,81.98,0.9069,2,1,-1
144,14,174.03,562.21,31.44,84.82,0.8525,2,1,-1
144,16,1157.21,834.66,54.19,124.42,0.6527,3,0,-1
144,17,711.89,478.74,25.35,68.77,0.8998,2,1,-1
144,18,177.71,452.09,20.72,54.70,0.8601,2,1,-1
144,19,589.44,446.79,22.17,56.27,0.9033,2,2,-1
144,20,158.42,490.50,26.43,60.19,0.7855,2,1,-1
144,21,222.95,350.57,22.39,34.52,0.8313,3,0,-1
144,23,572.61,415.30,18.08,51.21,0.8965,2,1,-1
144,31,1800.86,419.69,16.72,39.40,0.8886,1,-1,-1
145,2,394.23,563.17,32.31,81.75,0.9252,2,2,-1
145,3,616.96,695.24,42.57,95.71,0.9395,2,2,-1
145,4,207.79,619.19,37.13,88.40,0.9269,2,1,-1
145,6,835.32,591.20,30.99,86.77,0.9283,2,2,-1
145,7,319.80,486.41,25.68,64.26,0.9154,3,0,-1
145,9,67.81,580.89,34.67,50.68,0.8940,2,1,-1
145,10,680.37,473.07,24.08,66.54,0.9015,2,2,-1
145,11,493.69,529.48,23.64,76.29,0.9197,2,2,-1
145,12,379.61,455.52,20.80,56.60,0.9100,2,1,-1
145,13,654.97,611.17,25.37,82.04,0.9080,2,1,-1
145,14,172.56,562.43,31.10,84.58,0.8101,2,1,-1
145,16,1154.79,834.67,53.84,124.25,0.5092,3,0,-1
145,17,711.87,478.82,26.97,69.96,0.8985,2,1,-1
145,18,177.30,451.82,20.86,54.85,0.8527,2,1,-1
145,19,589.59,446.41,22.17,56.53,0.9048,2,2,-1
145,20,157.98,489.75,26.84,59.88,0.7623,2,1,-1
145,21,222.87,350.06,22.47,35.32,0.7852,3,0,-1
145,23,572.63,415.18,18.10,51.07,0.8967,2,1,-1
145,31,1796.69,418.08,20.14,40.70,0.9069,1,-1,-1
145,33,56.44,554.09,24.54,45.27,0.8093,2,-1,-1
146,2,393.73,563.47,32.57,83.27,0.9241,2,2,-1
146,3,615.74,694.96,44.92,95.80,0.9376,2,2,-1
146,4,206.20,619.65,38.14,87.49,0.9231,2,1,-1
146,5,-1.00,686.69,17.19,94.91,0.5463,2,1,-1
146,6,834.64,591.70,30.85,86.40,0.9309,2,2,-1
146,7,319.49,486.48,25.92,64.02,0.9162,3,0,-1
146,9,52.30,554.42,48.88,77.03,0.9172,2,1,-1
146,10,679.68,473.52,24.29,66.21,0.9044,2,2,-1
146,11,492.61,529.41,24.53,76.35,0.9202,2,2,-1
146,12,379.57,455.73,20.49,56.63,0.9081,2,1,-1
146,13,650.08,611.44,27.99,81.93,0.9077,2,1,-1
146,14,171.50,564.57,30.59,82.58,0.8149,2,1,-1
146,16,1153.12,834.92,53.66,124.47,0.6356,3,0,-1
146,17,711.62,478.65,27.77,69.54,0.8996,2,1,-1
146,18,177.20,451.87,21.56,55.01,0.8590,2,1,-1
146,19,589.44,445.88,22.43,56.76,0.9029,2,2,-1
146,20,157.15,490.67,26.42,59.01,0.7309,2,1,-1
146,21,221.81,350.11,22.85,36.50,0.6443,3,0,-1
146,23,572.33,414.81,17.95,51.14,0.8967,2,1,-1
146,31,1791.40,418.46,24.68,39.90,0.9107,1,-1,-1
147,2,393.10,563.99,32.34,83.63,0.9241,2,2,-1
147,3,613.24,694.64,47.16,95.38,0.9378,2,2,-1
147,4,205.09,620.11,40.63,88.62,0.9218,2,1,-1
147,6,833.47,592.18,31.45,86.36,0.9322,2,2,-1
147,7,319.14,486.70,26.09,63.97,0.9168,3,0,-1
147,9,48.82,555.88,44.59,75.29,0.9067,2,1,-1
147,10,679.10,473.92,24.29,66.27,0.9035,2,2,-1
147,11,491.80,529.55,25.37,76.25,0.9198,2,2,-1
147,12,379.52,455.88,20.52,56.71,0.9074,2,1,-1
147,13,642.60,612.24,33.46,83.27,0.9053,2,1,-1
147,14,170.41,566.96,30.55,81.43,0.8644,2,1,-1
147,16,1151.14,835.04,53.50,124.14,0.7495,3,0,-1
147,17,711.21,478.47,29.02,69.77,0.9020,2,1,-1
147,18,176.39,451.81,22.21,54.99,0.8562,2,1,-1
147,19,589.19,445.60,22.52,56.66,0.9031,2,2,-1
147,20,154.75,489.90,26.37,58.83,0.8458,2,1,-1
147,21,221.80,349.40,22.10,36.32,0.8276,3,0,-1
147,23,572.05,414.65,18.22,51.40,0.9047,2,1,-1
147,31,1785.38,418.38,28.62,39.90,0.9208,1,-1,-1
148,2,393.08,564.93,32.56,84.30,0.9263,2,2,-1
148,3,611.25,693.87,49.41,94.93,0.9390,2,2,-1
148,4,204.60,620.14,42.31,89.04,0.9245,2,1,-1
148,6,833.11,592.22,30.81,85.92,0.9286,2,2,-1
148,7,318.96,486.72,26.30,63.94,0.9182,3,0,-1
148,9,45.89,557.22,39.65,75.17,0.9129,2,1,-1
148,10,678.86,473.96,24.66,66.81,0.9055,2,2,-1
148,11,491.49,529.45,25.92,76.45,0.9195,2,2,-1
148,12,379.72,455.83,20.45,56.66,0.9059,2,1,-1
148,13,637.74,612.64,38.90,84.77,0.9113,2,1,-1
148,14,169.45,566.84,30.35,83.56,0.8983,2,-1,-1
148,16,1149.50,834.99,53.27,124.12,0.8017,3,0,-1
148,17,711.01,478.38,29.07,70.06,0.8952,2,1,-1
148,18,176.12,451.56,22.74,55.51,0.8583,2,1,-1
148,19,589.08,445.61,22.95,56.83,0.9007,2,2,-1
148,20,153.20,488.00,27.70,61.70,0.8235,2,1,-1
148,21,221.56,349.77,21.57,35.41,0.8331,3,0,-1
148,23,572.20,414.47,18.07,50.24,0.9049,2,1,-1
148,31,1783.02,418.39,24.00,40.11,0.9041,1,-1,-1
149,2,392.61,566.10,32.72,85.08,0.9311,2,2,-1
149,3,609.88,693.21,51.08,95.22,0.9369,2,2,-1
149,4,204.53,620.27,42.63,88.46,0.9233,2,1,-1
149,6,833.05,592.50,30.67,86.02,0.9283,2,2,-1
149,7,319.03,486.64,26.75,64.34,0.9187,3,0,-1
149,9,44.93,558.28,36.07,75.16,0.9143,2,1,-1
149,10,679.30,474.02,24.77,67.16,0.9003,2,2,-1
149,11,491.77,529.35,26.58,76.25,0.9219,2,2,-1
149,12,379.91,455.97,20.81,56.67,0.9093,2,1,-1
149,13,634.89,613.51,42.32,85.47,0.8951,2,1,-1
149,14,168.98,568.96,30.64,81.59,0.8962,2,2,-1
149,16,1148.90,835.26,53.19,124.02,0.6767,3,0,-1
149,17,711.20,478.64,28.47,69.36,0.8978,2,1,-1
149,18,176.76,451.12,22.88,56.20,0.8535,2,1,-1
149,19,589.61,445.59,23.34,57.08,0.9024,2,2,-1
149,20,152.31,487.82,27.86,61.06,0.8347,2,1,-1
149,21,219.79,349.86,22.53,35.63,0.8289,3,0,-1
149,23,572.72,414.43,18.33,50.55,0.9035,2,1,-1
149,31,1781.11,417.78,20.32,41.08,0.8773,1,-1,-1
150,2,394.44,566.68,32.05,84.16,0.9275,2,2,-1
150,3,609.75,693.22,51.12,94.45,0.9393,2,2,-1
150,4,204.95,620.00,42.27,88.36,0.9176,2,1,-1
150,5,0.19,684.57,17.82,97.53,0.5495,2,1,-1
150,6,833.09,592.51,30.63,86.23,0.9286,2,2,-1
150,7,320.63,486.94,26.43,63.74,0.9173,3,0,-1
150,9,43.92,558.71,36.40,75.24,0.9209,2,1,-1
150,10,679.74,474.11,25.25,66.85,0.9032,2,2,-1
150,11,492.79,529.23,26.80,76.67,0.9252,2,2,-1
150,12,381.32,455.82,20.84,57.66,0.9152,2,1,-1
150,13,632.91,614.77,44.91,83.63,0.9012,2,1,-1
150,14,168.77,569.80,32.01,82.12,0.9039,2,2,-1
150,16,1149.21,835.11,53.42,124.63,0.7020,3,0,-1
150,17,711.41,478.54,27.94,69.75,0.8934,2,1,-1
150,18,177.76,450.79,22.98,56.12,0.8424,2,1,-1
150,19,590.39,445.47,23.98,57.56,0.9103,2,2,-1
150,20,152.84,488.30,28.82,60.74,0.8548,2,1,-1
150,21,222.82,350.07,22.39,35.55,0.8277,3,0,-1
150,23,574.14,414.10,17.81,50.52,0.9008,2,1,-1
150,31,1776.45,417.43,21.64,43.39,0.8550,1,-1,-1
151,2,395.12,567.85,32.71,83.79,0.9253,2,2,-1
151,3,609.44,692.94,48.99,94.54,0.9347,2,2,-1
151,4,203.59,619.25,38.64,88.63,0.8966,2,1,-1
151,5,0.49,684.77,17.89,96.43,0.5414,2,1,-1
151,6,833.19,592.51,30.57,86.14,0.9301,2,2,-1
151,7,321.51,487.24,26.30,63.78,0.9179,3,0,-1
151,9,42.60,558.25,39.63,77.05,0.9277,2,1,-1
151,10,680.64,473.97,25.57,67.57,0.9004,2,2,-1
151,11,493.94,529.64,26.71,76.31,0.9235,2,2,-1
151,12,382.94,455.83,20.44,56.68,0.9123,2,1,-1
151,13,631.94,615.42,47.41,84.21,0.9126,2,1,-1
151,14,168.46,569.87,33.23,84.03,0.9072,2,2,-1
151,16,1149.20,835.58,54.52,124.57,0.8261,3,0,-1
151,17,712.03,478.61,28.47,69.64,0.8926,2,1,-1
151,18,178.54,450.66,22.74,55.51,0.8393,2,1,-1
151,19,591.26,445.81,24.00,57.32,0.9107,2,2,-1
151,20,152.23,487.94,30.02,61.75,0.8621,2,1,-1
151,21,221.95,349.35,22.76,36.02,0.8293,3,0,-1
151,23,575.28,413.76,17.46,50.54,0.9025,2,1,-1
151,31,1776.13,419.57,20.50,38.70,0.8394,1,-1,-1
152,2,395.20,568.44,32.88,84.24,0.9205,2,2,-1
152,3,609.58,692.91,46.25,92.78,0.9298,2,2,-1
152,4,201.75,620.66,34.98,82.66,0.8736,2,1,-1
152,5,-0.13,686.31,17.65,95.87,0.5900,2,1,-1
152,6,833.04,592.33,30.65,86.55,0.9292,2,2,-1
152,7,321.52,487.55,26.54,63.19,0.9177,3,0,-1
152,9,41.61,565.59,40.99,71.79,0.9202,2,1,-1
152,10,680.38,474.28,25.96,67.87,0.9079,2,2,-1
152,11,493.90,529.95,26.80,76.16,0.9278,2,2,-1
152,12,383.40,456.09,20.60,56.47,0.9125,2,1,-1
152,13,632.53,616.31,46.20,83.68,0.9012,2,1,-1
152,14,168.26,571.93,31.77,81.59,0.8994,2,2,-1
152,16,1149.09,835.66,55.10,125.20,0.5906,3,0,-1
152,17,711.91,479.23,29.21,70.25,0.9083,2,1,-1
152,18,179.20,450.99,23.09,56.23,0.8456,2,1,-1
152,19,591.34,446.39,23.93,57.13,0.9057,2,2,-1
152,20,152.03,488.28,31.57,61.66,0.8418,2,1,-1
152,21,221.11,349.32,23.55,36.84,0.8275,3,0,-1
152,23,575.66,413.71,17.38,50.21,0.9054,2,1,-1
152,31,1768.16,418.50,26.63,39.56,0.8480,1,-1,-1
153,2,395.21,569.09,32.95,85.17,0.9186,2,2,-1
153,3,608.81,693.29,45.33,92.02,0.9269,2,2,-1
153,4,200.30,620.55,35.37,85.73,0.7887,2,1,-1
153,6,832.29,592.80,30.97,86.25,0.9294,2,2,-1
153,7,321.24,487.51,26.63,63.95,0.9178,3,0,-1
153,9,34.98,559.72,47.49,79.17,0.9283,2,1,-1
153,10,680.28,474.63,26.37,67.61,0.9028,2,2,-1
153,11,493.97,531.14,26.42,74.93,0.9247,2,2,-1
153,12,383.28,456.54,20.66,56.33,0.9163,2,1,-1
153,13,632.62,617.24,43.85,83.73,0.9010,2,1,-1
153,14,167.75,572.18,31.03,82.12,0.9061,2,2,-1
153,16,1148.48,836.15,56.96,124.34,0.8484,3,0,-1
153,17,711.73,480.06,29.18,70.62,0.9045,2,1,-1
153,18,179.09,451.20,23.46,56.45,0.8310,2,1,-1
153,19,591.15,447.16,24.04,56.51,0.9074,2,2,-1
153,20,149.89,488.91,34.73,62.41,0.8796,2,1,-1
153,21,221.81,350.10,21.91,35.53,0.8034,3,0,-1
153,23,575.86,413.74,17.37,50.19,0.9077,2,1,-1
153,31,1763.56,417.23,32.98,42.60,0.8677,1,-1,-1
154,2,396.30,569.61,32.73,85.73,0.9245,2,2,-1
154,3,609.64,693.45,43.82,93.26,0.9290,2,2,-1
154,4,200.41,621.34,33.94,88.85,0.8839,2,1,-1
154,5,-1.65,692.82,15.26,90.56,0.5961,2,1,-1
154,6,831.65,593.01,31.44,86.01,0.9285,2,2,-1
154,7,321.13,487.78,26.55,63.44,0.9172,3,0,-1
154,9,31.95,561.39,45.06,77.82,0.9259,2,1,-1
154,10,680.26,475.17,26.17,67.12,0.9026,2,2,-1
154,11,494.01,532.18,25.89,75.36,0.9218,2,2,-1
154,12,383.30,456.94,21.05,57.96,0.9118,2,1,-1
154,13,634.01,617.83,40.44,83.51,0.9037,2,1,-1
154,14,167.26,572.99,30.37,82.69,0.9030,2,2,-1
154,16,1147.93,836.40,58.16,124.88,0.8336,3,0,-1
154,17,712.30,481.60,28.55,69.89,0.9022,2,1,-1
154,18,178.87,451.17,24.19,56.71,0.8499,2,1,-1
154,19,591.36,447.99,23.72,56.08,0.9131,2,2,-1
154,20,148.47,489.33,37.72,62.56,0.8944,2,1,-1
154,21,222.38,350.75,21.63,34.67,0.8341,3,0,-1
154,23,576.14,414.14,17.23,50.37,0.9074,2,1,-1
154,31,1756.05,419.15,33.46,41.37,0.7956,1,-1,-1
155,2,396.64,570.16,32.48,85.61,0.9234,2,2,-1
155,3,609.40,694.01,42.23,91.92,0.9267,2,2,-1
155,4,199.24,620.57,32.23,91.10,0.8596,2,1,-1
155,6,831.03,593.62,32.17,85.56,0.9239,2,2,-1
155,7,321.11,488.28,26.20,63.46,0.9165,3,0,-1
155,9,25.02,564.00,42.27,75.54,0.7032,2,1,-1
155,10,680.25,476.26,26.34,65.97,0.9026,2,2,-1
155,11,494.34,533.12,25.26,75.92,0.9163,2,2,-1
155,12,383.46,457.25,21.28,58.74,0.9080,2,1,-1
155,13,637.67,618.02,35.81,84.52,0.8956,2,1,-1
155,14,166.77,573.75,30.26,82.33,0.9006,2,2,-1
155,16,1147.18,837.31,57.88,123.34,0.6580,3,0,-1
155,17,711.53,482.33,29.24,69.52,0.9071,2,1,-1
155,18,178.62,451.01,24.90,56.16,0.8515,2,1,-1
155,19,591.53,448.41,23.34,55.80,0.9085,2,2,-1
155,20,146.11,489.33,39.49,62.39,0.8937,2,1,-1
155,21,222.74,351.31,21.33,33.48,0.8301,3,0,-1
155,23,576.52,414.31,17.56,49.85,0.9096,2,1,-1
155,31,1751.10,420.61,32.94,41.58,0.8031,1,-1,-1
156,2,397.15,570.48,32.99,85.35,0.9234,2,2,-1
156,3,610.46,694.05,40.85,91.91,0.9262,2,2,-1
156,4,199.51,621.97,30.06,89.71,0.8608,2,1,-1
156,6,830.15,593.87,32.88,85.96,0.9244,2,2,-1
156,7,321.31,488.40,26.00,63.44,0.9185,3,0,-1
156,8,175.33,468.06,25.69,58.47,0.8616,2,1,-1
156,10,680.00,476.50,26.72,66.35,0.9020,2,2,-1
156,11,494.31,533.59,24.59,76.25,0.9138,2,2,-1
156,12,383.67,457.81,21.75,58.10,0.9080,2,1,-1
156,13,642.88,618.19,29.79,84.21,0.8980,2,1,-1
156,14,165.80,573.79,29.83,81.88,0.8962,2,2,-1
156,16,1145.88,837.26,58.39,123.20,0.8656,3,0,-1
156,17,711.74,483.12,29.37,66.78,0.9011,2,1,-1
156,19,591.86,448.40,23.28,55.66,0.9037,2,2,-1
156,20,144.14,489.53,38.68,62.33,0.9035,2,1,-1
156,21,222.68,351.19,22.58,34.23,0.8214,3,0,-1
156,23,577.00,414.14,17.59,49.47,0.9020,2,1,-1
156,33,22.49,564.10,25.36,50.80,0.8047,2,-1,-1
157,2,398.49,570.46,33.16,85.04,0.9215,2,2,-1
157,3,611.00,693.68,40.41,92.82,0.9272,2,2,-1
157,4,199.78,621.64,29.62,91.16,0.9007,2,1,-1
157,6,829.03,594.49,34.86,86.26,0.9249,2,2,-1
157,7,322.19,488.27,25.68,63.84,0.9187,3,0,-1
157,10,680.39,476.72,26.64,67.35,0.9022,2,2,-1
157,11,494.87,534.41,24.29,75.39,0.9119,2,2,-1
157,12,384.07,458.94,22.25,56.81,0.9086,2,1,-1
157,13,645.48,618.51,25.94,83.58,0.9020,2,1,-1
157,14,164.74,573.72,29.24,82.04,0.8870,2,2,-1
157,15,186.35,552.73,29.06,74.86,0.7824,2,2,-1
157,16,1144.84,837.76,58.24,122.07,0.7305,3,0,-1
157,17,712.43,484.19,30.26,69.73,0.8957,2,1,-1
157,18,179.96,451.74,25.33,55.90,0.8648,2,1,-1
157,19,593.98,448.12,22.46,55.90,0.9127,2,2,-1
157,20,143.51,488.88,38.26,62.40,0.8785,2,1,-1
157,21,223.08,351.35,22.77,33.12,0.8202,3,0,-1
157,23,578.52,414.46,17.56,49.72,0.8986,2,1,-1
157,31,1752.27,426.65,28.22,35.48,0.5992,1,-1,-1
157,33,20.25,563.75,24.66,46.76,0.8311,2,1,-1
158,2,400.15,570.42,33.59,85.61,0.9278,2,2,-1
158,3,612.90,693.70,39.47,92.55,0.9271,2,2,-1
158,4,198.71,622.26,29.39,92.21,0.7993,2,1,-1
158,6,828.61,594.72,36.60,86.44,0.9280,2,2,-1
158,7,323.53,487.86,25.49,64.23,0.9176,3,0,-1
158,9,15.68,562.83,36.52,75.71,0.8990,2,1,-1
158,10,681.26,476.66,26.74,68.27,0.9007,2,2,-1
158,11,496.20,534.83,24.94,75.77,0.9172,2,2,-1
158,12,384.65,458.98,23.21,57.31,0.9139,2,1,-1
158,13,646.16,618.51,25.13,83.94,0.9107,2,1,-1
158,14,163.86,572.17,27.77,83.01,0.9066,2,2,-1
158,15,188.96,552.44,28.84,75.36,0.8519,2,2,-1
158,16,1144.55,837.89,57.99,122.50,0.7412,3,0,-1
158,17,714.54,484.48,28.88,70.18,0.9124,2,1,-1
158,18,180.04,450.78,26.32,57.64,0.8570,2,1,-1
158,19,596.10,447.35,22.21,56.27,0.9070,2,2,-1
158,20,142.98,487.41,24.52,42.21,0.8705,2,1,-1
158,21,223.34,350.92,24.97,34.71,0.8251,3,0,-1
158,23,579.92,413.83,17.98,51.28,0.8999,2,1,-1
159,2,402.67,570.23,33.71,85.65,0.9268,2,2,-1
159,3,614.07,693.62,39.30,92.93,0.9318,2,2,-1
159,4,201.17,622.13,31.33,90.54,0.8465,2,1,-1
159,6,829.73,595.35,36.97,85.67,0.9270,2,2,-1
159,7,325.25,487.99,25.14,63.47,0.9133,3,0,-1
159,8,181.41,467.46,26.48,57.96,0.8658,2,1,-1
159,9,14.64,562.19,45.25,79.30,0.9206,2,1,-1
159,10,682.20,477.63,25.71,66.79,0.9045,2,2,-1
159,11,497.94,535.52,25.30,74.98,0.9137,2,2,-1
159,12,386.64,459.78,23.10,57.04,0.9162,2,1,-1
159,13,645.32,619.28,26.16,83.21,0.9088,2,1,-1
159,14,164.26,570.71,27.34,84.43,0.9102,2,2,-1
159,15,191.52,552.03,26.91,70.55,0.8728,2,2,-1
159,16,1144.74,839.21,56.70,121.32,0.6777,3,0,-1
159,17,716.42,484.72,28.71,68.51,0.9034,2,1,-1
159,19,597.92,446.92,22.96,56.59,0.9068,2,2,-1
159,20,142.91,485.87,25.15,45.58,0.8826,2,1,-1
159,21,226.30,351.07,25.25,34.11,0.8441,3,0,-1
159,23,581.75,413.70,17.76,51.99,0.9078,2,1,-1
159,31,1745.75,427.05,31.03,37.84,0.5909,1,-1,-1
159,0,1713.66,445.65,17.84,15.25,1.0,0,-1,-1
160,2,405.14,570.70,33.60,84.46,0.9267,2,2,-1
160,3,615.57,693.19,40.63,93.71,0.9385,2,2,-1
160,4,202.36,624.70,33.96,89.65,0.8722,2,1,-1
160,6,831.12,595.16,38.10,86.43,0.9356,2,2,-1
160,7,327.62,488.13,25.06,63.93,0.9171,3,0,-1
160,8,184.29,467.42,26.41,58.02,0.8542,2,1,-1
160,9,13.59,563.24,47.30,79.89,0.8907,2,1,-1
160,10,684.45,478.91,25.20,65.87,0.8606,2,2,-1
160,11,500.15,535.48,25.70,74.98,0.9059,2,2,-1
160,12,388.80,459.88,24.01,58.00,0.9139,2,1,-1
160,13,643.90,619.53,29.58,83.26,0.9141,2,1,-1
160,14,165.19,570.13,27.34,84.13,0.9091,2,2,-1
160,15,195.33,552.87,25.37,64.29,0.8487,2,2,-1
160,16,1146.94,838.89,56.13,121.34,0.6639,3,0,-1
160,17,718.51,484.17,27.77,69.51,0.9010,2,1,-1
160,19,600.98,447.19,23.22,56.51,0.9114,2,2,-1
160,20,143.53,485.47,24.68,46.38,0.8739,2,1,-1
160,21,228.75,350.84,25.34,34.63,0.8470,3,0,-1
160,23,584.13,413.29,17.87,52.67,0.8976,2,1,-1
160,31,1750.31,427.45,30.73,37.40,0.8331,1,-1,-1
160,35,156.35,517.65,17.84,31.27,0.7482,2,-1,-1
161,2,408.92,571.63,33.15,83.92,0.9198,2,2,-1
161,3,616.87,694.33,42.35,92.30,0.9403,2,2,-1
161,4,204.60,624.72,36.04,91.03,0.9017,2,1,-1
161,6,833.70,595.62,38.51,85.47,0.9412,2,2,-1
161,7,330.25,488.12,25.39,64.60,0.9172,3,0,-1
161,8,187.88,465.85,26.67,61.10,0.8509,2,1,-1
161,9,12.05,562.99,47.57,80.23,0.9119,2,1,-1
161,10,687.41,479.00,25.43,66.47,0.8978,2,2,-1
161,11,502.93,535.81,25.03,75.18,0.9038,2,2,-1
161,12,391.76,459.66,24.07,58.43,0.9058,2,1,-1
161,13,643.84,619.86,32.92,82.66,0.9164,2,1,-1
161,14,166.79,569.06,27.55,86.05,0.9179,2,2,-1
161,15,199.01,552.63,29.75,73.88,0.8832,2,2,-1
161,16,1149.90,841.11,52.62,119.75,0.7576,3,0,-1
161,17,721.68,484.59,26.86,69.70,0.8993,2,1,-1
161,19,604.26,447.10,24.04,56.37,0.9100,2,2,-1
161,20,145.13,485.09,24.47,43.89,0.8214,2,1,-1
161,21,232.67,350.68,24.32,35.86,0.8328,3,0,-1
161,23,587.17,413.50,18.09,51.12,0.8954,2,1,-1
161,31,1753.97,428.16,30.72,39.12,0.8367,1,-1,-1
161,35,157.66,516.83,17.50,31.59,0.5559,2,-1,-1
162,2,413.76,572.03,33.16,84.58,0.9242,2,2,-1
162,3,619.18,694.23,44.42,92.83,0.9396,2,2,-1
162,4,208.06,624.63,34.96,87.60,0.8670,2,1,-1
162,6,836.49,595.39,39.38,85.77,0.9356,2,2,-1
162,7,333.50,487.85,26.74,65.09,0.9203,3,0,-1
162,8,192.20,465.75,25.81,59.38,0.8704,2,1,-1
162,9,17.43,569.41,39.91,73.18,0.8441,2,1,-1
162,10,690.97,478.46,25.80,67.75,0.8980,2,2,-1
162,11,507.07,535.37,25.52,74.92,0.9124,2,2,-1
162,12,395.68,459.54,24.52,58.39,0.9077,2,1,-1
162,13,646.65,620.25,35.64,82.23,0.9112,2,1,-1
162,14,169.40,570.00,27.38,85.28,0.9188,2,2,-1
162,15,205.06,552.38,25.01,59.75,0.7480,2,2,-1
162,16,1152.90,839.32,52.76,121.76,0.5752,3,0,-1
162,17,726.07,483.93,26.38,71.48,0.8916,2,1,-1
162,19,608.78,446.41,25.25,57.10,0.9144,2,2,-1
162,20,146.11,485.53,29.43,63.01,0.8956,2,1,-1
162,21,236.87,350.61,23.38,34.96,0.7347,3,0,-1
162,23,591.55,413.39,17.36,46.28,0.8978,2,1,-1
162,31,1757.34,428.35,31.04,40.19,0.8644,1,-1,-1
162,0,1667.44,433.08,13.62,13.31,1.0,0,-1,-1
163,2,418.82,572.68,32.91,84.50,0.9238,2,2,-1
163,3,622.80,694.70,45.61,92.17,0.9310,2,2,-1
163,4,212.47,624.30,37.07,90.34,0.8921,2,1,-1
163,6,840.15,595.15,39.79,86.02,0.9335,2,2,-1
163,7,336.45,487.47,29.24,65.61,0.9247,3,0,-1
163,8,197.74,464.84,25.50,60.79,0.8752,2,1,-1
163,9,14.04,565.52,36.05,77.18,0.9067,2,1,-1
163,10,695.10,479.23,24.81,67.24,0.9088,2,2,-1
163,11,511.67,534.87,25.44,75.36,0.9067,2,2,-1
163,12,400.39,459.44,24.58,57.74,0.9149,2,1,-1
163,13,649.86,620.65,37.80,81.43,0.9210,2,1,-1
163,14,172.85,570.48,27.58,86.09,0.9226,2,2,-1
163,15,209.10,551.97,30.63,75.09,0.8439,2,2,-1
163,16,1157.89,839.18,50.29,122.25,0.8047,3,0,-1
163,17,730.78,484.47,24.75,70.74,0.8965,2,1,-1
163,19,614.31,446.71,25.66,56.62,0.9154,2,2,-1
163,20,151.47,485.97,26.14,61.30,0.9067,2,1,-1
163,21,241.00,350.17,23.03,35.20,0.8250,3,0,-1
163,23,595.64,413.15,19.07,49.56,0.8925,2,1,-1
163,31,1763.19,428.68,30.22,39.80,0.8735,1,-1,-1
164,2,425.08,573.33,32.64,83.53,0.9224,2,2,-1
164,3,626.11,694.30,46.49,92.32,0.9370,2,2,-1
164,4,216.84,622.39,36.22,89.46,0.8711,2,1,-1
164,5,1.49,697.37,24.83,85.04,0.8087,2,1,-1
164,6,844.30,595.14,38.73,86.22,0.9360,2,2,-1
164,7,341.71,487.47,29.84,65.19,0.9249,3,0,-1
164,8,204.51,464.99,24.80,58.36,0.8710,2,1,-1
164,9,16.20,565.70,33.92,77.39,0.9081,2,1,-1
164,10,700.30,479.44,25.07,66.99,0.8939,2,2,-1
164,11,516.76,534.88,25.59,75.20,0.9137,2,2,-1
164,12,406.19,459.00,24.03,58.44,0.9097,2,1,-1
164,13,653.41,620.67,38.81,82.64,0.9302,2,1,-1
164,14,177.66,571.63,27.50,84.67,0.9185,2,2,-1
164,15,217.24,551.57,22.64,51.70,0.7835,2,2,-1
164,16,1163.51,838.75,47.76,122.45,0.8216,3,0,-1
164,17,737.28,484.29,23.85,71.08,0.8887,2,1,-1
164,19,620.29,446.64,26.31,56.65,0.9126,2,2,-1
164,20,155.98,486.31,26.38,60.25,0.9020,2,1,-1
164,21,246.66,349.93,23.91,38.15,0.7534,3,0,-1
164,23,600.62,412.76,20.18,52.43,0.8722,2,1,-1
164,31,1769.57,430.86,30.22,38.13,0.8743,1,-1,-1
165,1,0.29,687.48,33.06,99.93,0.8911,2,2,-1
165,2,432.90,574.73,31.77,83.13,0.9189,2,2,-1
165,3,631.61,694.44,47.36,91.73,0.9340,2,2,-1
165,4,222.47,621.50,35.61,89.83,0.8316,2,1,-1
165,6,849.00,595.08,36.99,86.40,0.9307,2,2,-1
165,7,348.35,487.78,30.19,64.99,0.9253,3,0,-1
165,8,212.08,464.88,24.56,58.64,0.8757,2,1,-1
165,9,20.73,565.45,32.39,76.59,0.9088,2,1,-1
165,10,705.85,479.28,25.11,66.85,0.9077,2,2,-1
165,11,523.37,534.72,25.79,75.66,0.9137,2,2,-1
165,12,412.64,458.47,24.08,58.19,0.9125,2,1,-1
165,13,659.76,621.30,39.32,82.45,0.9188,2,1,-1
165,14,183.55,573.50,29.31,84.27,0.9215,2,2,-1
165,15,222.39,551.26,30.58,71.64,0.7460,2,2,-1
165,16,1169.46,839.58,47.06,121.99,0.7268,3,0,-1
165,17,742.23,484.40,24.76,70.82,0.8851,2,1,-1
165,19,627.68,446.79,26.60,56.63,0.9141,2,2,-1
165,20,161.58,486.60,26.51,58.33,0.8048,2,1,-1
165,21,253.92,349.41,24.06,38.08,0.5751,3,0,-1
165,23,607.70,412.88,20.13,50.36,0.8926,2,1,-1
165,31,1777.23,431.34,31.82,39.77,0.8760,1,-1,-1
166,1,1.18,689.59,37.47,93.75,0.9120,2,2,-1
166,2,441.24,574.93,31.84,83.59,0.9175,2,2,-1
166,3,638.18,693.72,46.33,92.43,0.9344,2,2,-1
166,4,228.91,619.85,33.62,91.41,0.8732,2,1,-1
166,6,855.26,595.41,35.75,86.62,0.9326,2,2,-1
166,7,355.88,487.71,30.62,64.57,0.9276,3,0,-1
166,8,219.87,464.76,24.64,58.08,0.8880,2,1,-1
166,9,26.85,564.40,37.67,78.37,0.8695,2,1,-1
166,10,713.08,479.73,25.25,66.36,0.8961,2,2,-1
166,11,531.04,534.59,25.65,76.07,0.9158,2,2,-1
166,12,419.76,458.57,24.47,58.36,0.9014,2,1,-1
166,13,665.84,621.42,39.04,82.29,0.9268,2,1,-1
166,14,189.44,575.30,29.79,84.78,0.9195,2,2,-1
166,15,230.42,550.84,28.59,71.19,0.8119,2,2,-1
166,16,1177.19,839.63,45.36,121.59,0.8450,3,0,-1
166,17,749.65,485.82,25.07,71.00,0.8955,2,1,-1
166,19,635.96,447.15,26.14,56.00,0.8938,2,2,-1
166,20,167.61,486.17,28.61,56.25,0.8613,2,1,-1
166,21,260.49,348.21,24.21,38.53,0.8169,3,0,-1
166,23,614.08,412.33,21.81,51.47,0.8839,2,1,-1
166,31,1786.94,431.82,33.09,41.41,0.8783,1,-1,-1
167,1,1.40,688.08,42.35,95.97,0.9248,2,2,-1
167,2,450.12,574.99,31.65,85.08,0.9184,2,2,-1
167,3,644.92,693.82,43.57,91.78,0.9286,2,2,-1
167,4,236.33,618.12,32.76,93.00,0.7904,2,1,-1
167,6,861.23,595.88,35.83,86.92,0.9322,2,2,-1
167,7,363.80,487.22,31.22,65.20,0.9249,3,0,-1
167,8,228.72,464.06,24.37,58.47,0.8818,2,1,-1
167,9,29.10,563.96,45.94,80.04,0.9293,2,1,-1
167,10,720.47,480.03,25.30,66.10,0.9005,2,2,-1
167,11,538.81,534.96,25.73,76.33,0.9140,2,2,-1
167,12,428.17,458.48,23.81,58.14,0.8988,2,1,-1
167,13,673.45,621.46,37.54,82.01,0.9164,2,1,-1
167,14,195.41,575.95,32.38,85.16,0.9206,2,2,-1
167,15,239.41,550.27,27.30,70.80,0.8661,2,-1,-1
167,16,1183.39,840.05,45.68,123.48,0.5110,3,0,-1
167,17,757.67,486.80,25.04,70.26,0.8804,2,1,-1
167,19,645.09,446.77,26.47,56.15,0.9141,2,2,-1
167,20,173.45,485.14,31.63,53.63,0.8783,2,1,-1
167,21,267.92,348.61,23.27,37.07,0.7942,3,0,-1
167,23,622.87,412.33,21.30,50.08,0.8625,2,1,-1
167,31,1796.95,432.46,33.85,43.19,0.8788,1,3,-1
168,1,0.86,687.00,45.29,96.74,0.9055,2,2,-1
168,2,459.31,575.20,31.45,84.89,0.9173,2,2,-1
168,3,653.31,693.75,41.98,91.69,0.9346,2,2,-1
168,4,244.50,617.71,30.80,92.66,0.8771,2,1,-1
168,6,868.43,595.71,37.10,86.87,0.9396,2,2,-1
168,7,371.98,487.06,32.81,65.30,0.9241,3,0,-1
168,8,238.00,462.89,23.75,58.66,0.8844,2,-1,-1
168,9,33.36,563.86,47.48,81.13,0.9219,2,1,-1
168,10,728.76,479.93,25.59,65.92,0.9081,2,2,-1
168,11,547.66,534.92,25.39,76.38,0.9156,2,2,-1
168,12,437.24,458.20,23.75,58.50,0.9117,2,1,-1
168,13,680.55,621.01,34.89,82.85,0.9146,2,1,-1
168,14,201.58,576.22,34.41,84.98,0.9268,2,2,-1
168,15,248.94,549.86,27.56,72.30,0.8535,2,1,-1
168,16,1192.68,840.69,45.68,125.04,0.7747,3,0,-1
168,17,767.03,486.89,24.75,70.45,0.8907,2,1,-1
168,19,655.01,446.38,26.53,56.19,0.9059,2,2,-1
168,20,181.88,485.01,31.38,49.87,0.7374,2,1,-1
168,23,632.67,412.10,20.11,45.61,0.7751,2,1,-1
168,31,1809.49,432.62,33.64,43.18,0.8043,1,3,-1
169,1,6.68,686.17,43.50,94.45,0.9271,2,2,-1
169,2,469.60,574.88,31.74,85.04,0.9169,2,2,-1
169,3,661.54,694.11,41.21,91.45,0.9326,2,2,-1
169,4,254.08,618.06,29.19,91.84,0.8990,2,1,-1
169,6,875.04,596.83,39.17,85.89,0.9318,2,2,-1
169,7,381.28,486.67,32.96,65.16,0.9311,3,0,-1
169,8,247.57,462.61,23.45,58.79,0.8846,2,2,-1
169,9,39.96,564.96,44.92,79.09,0.9324,2,1,-1
169,10,737.74,480.13,25.90,67.21,0.9034,2,2,-1
169,11,556.87,535.23,25.38,78.18,0.9186,2,2,-1
169,12,446.54,457.87,23.55,59.73,0.9063,2,1,-1
169,13,688.69,620.81,31.21,83.87,0.9180,2,1,-1
169,14,209.52,576.48,35.08,83.26,0.9330,2,2,-1
169,15,260.16,549.73,29.52,74.33,0.8442,2,1,-1
169,16,1201.03,840.50,41.81,126.23,0.9133,3,0,-1
169,17,775.67,488.84,24.92,70.12,0.8925,2,1,-1
169,19,665.31,446.31,26.53,55.57,0.9167,2,2,-1
169,20,186.63,484.44,37.26,56.18,0.8634,2,1,-1
169,21,283.55,348.79,20.98,34.90,0.7687,3,0,-1
169,23,640.60,411.90,21.77,50.86,0.8936,2,1,-1
169,31,1825.24,432.03,31.85,44.95,0.8434,1,3,-1
170,1,14.83,685.25,42.37,94.16,0.9206,2,2,-1
170,2,479.83,574.47,32.07,85.69,0.9183,2,2,-1
170,3,670.31,694.25,39.87,91.19,0.9277,2,2,-1
170,4,262.21,617.84,29.77,90.58,0.9011,2,1,-1
170,6,882.90,597.24,41.36,85.42,0.9344,2,2,-1
170,7,390.36,485.98,33.73,65.48,0.9306,3,0,-1
170,8,257.51,462.02,23.78,58.26,0.8853,2,2,-1
170,9,46.04,566.19,39.70,77.05,0.9136,2,1,-1
170,10,746.60,480.78,25.89,66.75,0.9098,2,2,-1
170,11,566.58,535.65,24.61,76.89,0.9143,2,2,-1
170,12,456.26,458.01,23.82,59.40,0.9069,2,1,-1
170,13,697.23,621.17,28.75,82.33,0.9165,2,1,-1
170,14,218.51,576.12,34.40,82.66,0.9279,2,2,-1
170,15,269.17,548.63,30.90,75.92,0.8472,2,1,-1
170,16,1209.17,842.23,40.79,126.96,0.9235,3,0,-1
170,17,786.10,489.21,25.26,70.02,0.8876,2,1,-1
170,19,675.76,446.13,26.98,54.55,0.9001,2,2,-1
170,20,192.79,483.60,36.21,57.73,0.8941,2,1,-1
170,23,650.98,412.23,20.67,45.54,0.8405,2,1,-1
170,31,1839.82,433.38,31.58,45.59,0.8381,1,3,-1
171,1,23.65,684.59,42.96,93.80,0.9111,2,2,-1
171,2,489.99,574.33,32.97,83.67,0.9194,2,2,-1
171,3,679.55,694.21,39.18,92.07,0.9330,2,2,-1
171,4,269.17,617.46,33.04,90.74,0.8906,2,1,-1
171,6,889.91,597.76,43.53,87.80,0.9347,2,2,-1
171,7,399.46,486.16,33.72,64.50,0.9241,3,0,-1
171,8,267.72,463.19,23.39,56.84,0.8705,2,2,-1
171,9,50.75,565.87,35.95,77.11,0.9141,2,1,-1
171,10,756.23,481.08,25.59,67.02,0.9093,2,2,-1
171,11,576.17,536.10,24.18,77.46,0.9165,2,2,-1
171,12,465.88,458.31,23.93,58.99,0.9047,2,1,-1
171,13,705.73,621.09,28.41,84.91,0.9070,2,1,-1
171,14,228.00,576.53,34.75,81.61,0.9161,2,2,-1
171,15,279.02,548.29,30.26,75.02,0.8546,2,1,-1
171,16,1216.60,843.39,41.22,128.32,0.7553,3,0,-1
171,17,796.49,489.93,24.61,70.02,0.8945,2,1,-1
171,19,686.42,445.44,27.18,54.84,0.9052,2,2,-1
171,20,200.67,481.67,31.47,56.10,0.8973,2,1,-1
171,23,660.48,412.32,21.33,46.87,0.7182,2,1,-1
171,31,1852.28,433.33,32.58,47.05,0.8446,1,3,-1
171,36,2.02,818.82,36.64,119.91,0.9199,2,-1,-1
171,0,1555.18,399.95,13.13,11.92,1.0,0,-1,-1
172,1,31.81,684.47,43.53,91.81,0.9258,2,2,-1
172,2,499.96,574.46,33.54,83.39,0.9116,2,2,-1
172,3,688.38,694.54,39.26,92.99,0.9372,2,2,-1
172,4,275.33,618.02,36.78,88.71,0.8957,2,1,-1
172,6,897.00,598.64,45.34,88.98,0.9275,2,2,-1
172,7,408.62,485.50,33.78,64.52,0.9219,3,0,-1
172,8,277.82,461.37,23.65,57.68,0.8544,2,2,-1
172,9,56.36,564.76,35.21,76.24,0.8883,2,1,-1
172,10,765.90,480.97,25.38,68.37,0.9079,2,2,-1
172,11,585.61,536.50,23.56,78.06,0.9109,2,2,-1
172,12,475.90,459.05,23.66,58.33,0.8970,2,1,-1
172,13,713.37,621.66,28.49,82.75,0.9062,2,1,-1
172,14,236.88,575.95,33.67,81.68,0.9193,2,2,-1
172,15,288.32,548.19,28.49,73.97,0.8857,2,1,-1
172,16,1222.09,844.23,42.09,129.62,0.7875,3,0,-1
172,17,805.61,488.74,25.54,71.11,0.8833,2,1,-1
172,19,696.92,444.06,26.85,56.14,0.9061,2,2,-1
172,20,208.11,480.30,28.76,59.91,0.9019,2,1,-1
172,23,669.08,412.22,22.34,50.44,0.8417,2,1,-1
172,31,1868.78,433.57,31.62,46.61,0.8429,1,3,-1
172,36,1.98,816.66,47.69,120.09,0.9279,2,-1,-1
172,0,1543.25,396.77,14.24,12.17,1.0,0,-1,-1
173,1,39.59,683.89,48.32,92.05,0.9333,2,2,-1
173,2,509.17,573.84,33.36,83.93,0.9179,2,2,-1
173,3,697.20,694.74,38.56,92.79,0.9246,2,2,-1
173,4,281.49,617.82,39.12,87.51,0.9024,2,1,-1
173,6,903.87,599.44,46.66,88.25,0.9308,2,2,-1
173,7,417.60,484.18,33.06,65.87,0.9244,3,0,-1
173,8,287.63,460.65,23.26,56.69,0.8515,2,2,-1
173,9,59.95,562.68,40.41,78.75,0.9127,2,1,-1
173,10,775.04,481.11,25.03,67.38,0.9097,2,2,-1
173,11,595.20,536.59,23.22,78.45,0.9126,2,2,-1
173,12,485.33,458.91,24.09,58.90,0.9076,2,1,-1
173,13,718.33,622.07,30.02,81.84,0.8952,2,1,-1
173,14,244.43,575.05,32.08,81.63,0.9197,2,2,-1
173,15,297.41,547.59,26.91,74.24,0.8921,2,1,-1
173,16,1226.25,845.16,44.72,129.79,0.8547,3,0,-1
173,17,815.77,489.57,25.25,70.28,0.8707,2,1,-1
173,19,707.96,443.92,25.57,55.69,0.9103,2,2,-1
173,20,216.22,479.13,26.48,61.12,0.9052,2,1,-1
173,21,318.56,347.18,19.67,35.06,0.7948,3,0,-1
173,23,678.89,412.15,21.49,48.50,0.6024,2,1,-1
173,31,1882.43,434.94,31.62,46.92,0.7781,1,3,-1
173,36,3.91,815.06,55.72,120.06,0.9325,2,-1,-1
174,1,43.63,684.61,52.14,90.65,0.9362,2,2,-1
174,2,517.18,573.43,34.18,85.80,0.9153,2,2,-1
174,3,705.20,694.87,39.90,94.19,0.9310,2,2,-1
174,4,286.65,617.89,44.20,87.74,0.9164,2,1,-1
174,6,911.93,599.49,47.79,88.65,0.9299,2,2,-1
174,7,425.82,483.18,31.85,65.71,0.9237,3,0,-1
174,8,296.05,460.85,23.28,55.69,0.8435,2,2,-1
174,9,63.65,561.69,45.97,80.30,0.9171,2,1,-1
174,10,783.78,481.73,24.82,65.80,0.9032,2,2,-1
174,11,604.01,537.02,23.15,78.18,0.9136,2,2,-1
174,12,494.24,457.33,23.86,60.68,0.9083,2,1,-1
174,13,725.79,622.31,30.65,81.50,0.9031,2,1,-1
174,14,250.53,573.43,31.04,81.17,0.9145,2,2,-1
174,15,305.71,546.97,26.51,72.21,0.7764,2,1,-1
174,16,1234.11,846.30,46.54,130.55,0.8884,3,0,-1
174,17,826.73,489.80,20.41,53.99,0.6916,2,1,-1
174,19,718.10,442.83,25.09,56.18,0.9157,2,2,-1
174,20,222.69,478.81,25.34,59.73,0.9079,2,1,-1
174,21,325.43,344.46,20.60,37.17,0.8012,3,0,-1
174,23,687.69,410.47,21.79,47.90,0.8848,2,1,-1
174,31,1893.00,434.39,37.05,58.14,0.5026,1,3,-1
174,36,8.80,814.22,59.32,120.39,0.9311,2,2,-1
174,37,1.18,561.72,28.56,77.39,0.9225,2,-1,-1
174,0,1520.00,388.33,14.08,12.54,1.0,0,-1,-1
175,1,48.25,684.73,57.03,89.80,0.9302,2,-1,-1
175,2,526.12,573.65,34.96,86.99,0.9177,2,2,-1
175,3,713.86,695.73,41.03,94.48,0.9366,2,2,-1
175,4,293.48,617.77,46.97,88.09,0.9053,2,1,-1
175,6,919.29,599.70,48.31,88.98,0.9258,2,2,-1
175,7,434.00,482.92,30.90,65.51,0.9245,3,0,-1
175,8,304.50,459.48,24.17,56.44,0.8762,2,2,-1
175,9,66.42,561.39,48.85,81.28,0.9221,2,1,-1
175,10,792.65,481.90,25.41,67.00,0.9078,2,2,-1
175,11,613.13,537.61,22.76,78.51,0.9166,2,2,-1
175,12,502.54,456.87,24.21,60.58,0.9079,2,1,-1
175,13,731.83,623.47,32.29,81.03,0.8797,2,1,-1
175,14,258.05,572.24,30.46,82.71,0.9105,2,2,-1
175,15,313.68,546.63,26.02,73.26,0.8829,2,1,-1
175,16,1244.21,847.85,46.29,131.19,0.8936,3,0,-1
175,17,834.20,489.50,26.11,70.86,0.8666,2,1,-1
175,19,728.63,442.15,24.91,55.75,0.9028,2,2,-1
175,20,229.40,478.87,25.77,59.32,0.8994,2,1,-1
175,21,332.70,344.71,20.21,36.50,0.7947,3,0,-1
175,23,696.24,410.64,23.02,52.48,0.8724,2,1,-1
175,36,14.90,813.46,63.14,120.53,0.9320,2,2,-1
175,37,1.22,560.59,35.12,77.16,0.9273,2,-1,-1
175,0,1508.88,384.57,14.64,13.83,1.0,0,-1,-1
176,1,54.40,683.79,60.80,89.93,0.9358,2,1,-1
176,2,535.67,573.69,36.37,88.42,0.9176,2,2,-1
176,3,722.95,696.14,43.07,95.29,0.9336,2,2,-1
176,4,300.97,616.63,47.78,88.78,0.8990,2,1,-1
176,6,927.56,599.86,47.92,89.65,0.9280,2,2,-1
176,7,443.96,482.66,29.69,65.54,0.9188,3,0,-1
176,8,312.78,458.87,25.10,56.24,0.8548,2,2,-1
176,9,71.81,561.65,47.63,80.21,0.8948,2,1,-1
176,10,802.57,482.08,25.41,67.10,0.9036,2,2,-1
176,11,623.57,538.53,22.04,76.64,0.9070,2,2,-1
176,12,512.35,456.20,24.21,60.83,0.9064,2,1,-1
176,13,737.79,624.47,35.41,79.32,0.9076,2,1,-1
176,14,266.14,570.93,30.28,84.49,0.9228,2,2,-1
176,15,323.59,545.83,26.08,73.70,0.8615,2,1,-1
176,16,1255.36,849.98,46.03,131.49,0.7674,3,0,-1
176,17,842.95,488.80,27.57,72.38,0.8890,2,1,-1
176,19,739.25,441.48,25.39,56.12,0.9057,2,2,-1
176,20,236.44,478.85,25.12,59.69,0.9064,2,1,-1
176,21,340.42,344.20,20.98,35.46,0.8686,3,0,-1
176,23,705.89,410.43,22.37,52.07,0.8628,2,1,-1
176,36,21.51,811.50,65.39,121.99,0.9359,2,2,-1
176,37,7.95,559.88,37.53,75.77,0.9346,2,-1,-1
176,0,1498.17,382.16,13.71,11.84,1.0,0,-1,-1
177,1,57.85,683.69,60.36,90.08,0.9348,2,1,-1
177,2,544.79,574.25,35.60,87.60,0.9042,2,2,-1
177,3,731.41,697.46,43.97,94.88,0.9265,2,2,-1
177,4,307.45,616.45,45.93,89.08,0.9135,2,1,-1
177,6,936.36,599.87,45.99,90.20,0.9293,2,2,-1
177,7,452.58,482.93,28.59,65.39,0.9153,3,0,-1
177,8,321.51,457.89,25.60,57.08,0.8525,2,2,-1
177,9,73.99,562.59,43.01,79.38,0.9012,2,1,-1
177,10,812.38,483.00,25.81,67.00,0.9054,2,2,-1
177,11,632.72,539.50,21.40,76.72,0.9060,2,2,-1
177,12,521.43,456.23,24.18,61.67,0.9163,2,1,-1
177,13,746.16,625.91,36.83,79.87,0.9178,2,1,-1
177,14,273.14,570.86,30.69,85.26,0.9160,2,2,-1
177,15,332.24,545.60,26.43,73.58,0.8452,2,1,-1
177,16,1265.28,851.92,45.91,132.24,0.8827,3,0,-1
177,17,853.29,489.53,27.84,71.22,0.8863,2,1,-1
177,19,749.52,441.35,25.18,56.29,0.9133,2,2,-1
177,20,243.05,478.89,25.23,59.22,0.9048,2,1,-1
177,21,347.14,344.05,20.19,34.67,0.8508,3,0,-1
177,23,715.86,409.53,21.99,53.41,0.9017,2,1,-1
177,36,27.06,811.59,66.11,121.93,0.9410,2,2,-1
177,37,14.41,558.60,35.80,75.87,0.9257,2,-1,-1
177,0,1487.89,378.56,13.50,12.40,1.0,0,-1,-1
178,1,61.12,683.41,56.90,90.46,0.9211,2,1,-1
178,2,553.73,575.74,35.95,87.07,0.9161,2,2,-1
178,3,739.63,697.85,44.42,96.30,0.9296,2,2,-1
178,4,317.74,615.74,46.08,90.09,0.9243,2,1,-1
178,6,945.43,600.28,45.09,90.21,0.9265,2,2,-1
178,7,461.93,482.94,27.00,64.66,0.9179,3,0,-1
178,8,330.27,456.55,26.47,57.97,0.8654,2,2,-1
178,9,77.48,563.61,37.45,78.89,0.8800,2,1,-1
178,10,822.18,483.40,26.43,67.34,0.9094,2,2,-1
178,11,642.23,539.67,21.49,76.24,0.9130,2,2,-1
178,12,530.44,455.69,24.07,60.66,0.9090,2,1,-1
178,13,755.35,627.10,36.91,81.31,0.9073,2,1,-1
178,14,279.83,572.24,32.62,83.86,0.9200,2,2,-1
178,15,339.93,545.42,27.80,75.00,0.8574,2,1,-1
178,16,1276.63,854.94,45.80,132.15,0.7326,3,0,-1
178,17,862.42,489.94,29.07,72.42,0.8826,2,1,-1
178,19,760.29,441.24,24.73,56.30,0.9174,2,2,-1
178,20,249.11,478.77,24.35,59.01,0.9035,2,1,-1
178,21,354.98,343.82,20.64,35.08,0.7781,3,0,-1
178,23,725.78,409.83,21.18,48.92,0.8595,2,1,-1
178,36,33.00,811.08,60.33,122.04,0.9295,2,2,-1
178,37,20.59,557.44,32.78,76.77,0.9158,2,2,-1
178,0,1476.22,377.22,13.34,11.20,1.0,0,-1,-1
179,1,63.89,682.88,59.22,91.43,0.9297,2,1,-1
179,2,562.86,577.55,36.49,87.80,0.9172,2,2,-1
179,3,748.25,699.58,44.86,96.09,0.9362,2,2,-1
179,4,324.75,616.55,42.82,89.11,0.9023,2,1,-1
179,6,954.57,601.47,44.31,90.89,0.9273,2,2,-1
179,7,470.95,482.92,26.74,65.54,0.9142,3,0,-1
179,8,338.11,455.95,26.96,58.45,0.8849,2,2,-1
179,9,80.77,564.18,34.59,78.45,0.8795,2,1,-1
179,10,832.16,484.23,26.93,67.27,0.9111,2,2,-1
179,11,651.99,539.33,23.08,77.05,0.9137,2,2,-1
179,12,539.62,455.98,24.16,61.10,0.9130,2,1,-1
179,13,764.83,628.79,35.16,80.44,0.8863,2,1,-1
179,14,285.48,574.71,37.01,82.52,0.9183,2,2,-1
179,15,347.69,545.09,27.41,74.23,0.8967,2,1,-1
179,16,1291.95,858.46,43.52,129.67,0.7911,3,0,-1
179,17,872.58,491.55,29.15,72.53,0.8880,2,1,-1
179,19,770.47,441.43,25.00,56.55,0.9112,2,2,-1
179,20,254.92,478.30,26.22,58.94,0.9036,2,1,-1
179,21,362.02,343.29,20.21,35.28,0.8152,3,0,-1
179,23,735.33,409.63,21.99,50.73,0.9000,2,1,-1
179,36,40.01,810.47,55.34,122.98,0.9478,2,2,-1
179,37,27.07,556.65,29.77,76.60,0.9181,2,2,-1
179,0,1466.02,373.70,12.85,11.35,1.0,0,-1,-1
180,1,63.92,681.92,53.14,92.96,0.9310,2,1,-1
180,2,572.17,578.26,37.09,89.87,0.9259,2,2,-1
180,3,756.51,699.83,44.27,97.00,0.9307,2,2,-1
180,4,333.54,616.52,41.08,88.85,0.9129,2,1,-1
180,6,962.93,602.37,45.14,90.86,0.9274,2,2,-1
180,7,479.78,482.84,26.75,66.57,0.9123,3,0,-1
180,8,346.81,455.77,27.09,58.62,0.8755,2,2,-1
180,9,85.63,563.64,34.67,79.82,0.8495,2,1,-1
180,10,842.16,485.26,27.51,66.75,0.9121,2,2,-1
180,11,660.19,540.19,24.66,77.54,0.9158,2,2,-1
180,12,549.26,455.77,24.09,60.75,0.9061,2,1,-1
180,13,775.31,629.39,33.48,80.07,0.9070,2,1,-1
180,14,290.15,577.89,42.86,80.87,0.9277,2,2,-1
180,15,354.68,545.39,27.00,75.72,0.8996,2,1,-1
180,16,1303.34,861.60,44.64,133.25,0.7143,3,0,-1
180,17,882.41,492.93,30.43,73.07,0.8835,2,1,-1
180,19,780.78,441.58,24.77,56.83,0.9121,2,2,-1
180,20,259.30,476.93,28.20,60.91,0.9030,2,1,-1
180,21,367.62,340.53,21.22,38.29,0.8458,3,0,-1
180,23,746.05,409.70,21.00,44.45,0.8804,2,1,-1
180,36,46.96,810.27,52.99,122.41,0.9319,2,2,-1
180,37,33.35,556.60,28.67,77.59,0.9169,2,2,-1
180,0,1455.72,371.15,13.27,12.18,1.0,0,-1,-1
181,1,66.66,680.88,52.08,94.36,0.9344,2,1,-1
181,2,582.61,579.64,36.65,89.89,0.9249,2,2,-1
181,3,764.40,701.99,42.93,96.90,0.9241,2,2,-1
181,4,340.80,616.42,37.28,87.67,0.9218,2,1,-1
181,6,972.90,604.19,45.22,90.80,0.9272,2,2,-1
181,7,488.85,483.21,26.54,67.07,0.9180,3,0,-1
181,8,355.01,455.03,28.04,59.28,0.8927,2,2,-1
181,9,88.37,563.23,42.98,80.82,0.9294,2,1,-1
181,10,852.04,485.98,28.33,67.17,0.9089,2,2,-1
181,11,669.60,540.30,25.60,77.73,0.9122,2,2,-1
181,12,558.60,456.19,24.02,61.69,0.9094,2,1,-1
181,13,783.93,630.64,32.90,82.38,0.9118,2,1,-1
181,14,296.28,581.02,47.98,80.07,0.9228,2,2,-1
181,15,362.91,545.28,26.65,76.03,0.8927,2,1,-1
181,16,1313.48,863.91,45.30,133.98,0.5071,3,0,-1
181,17,892.27,494.10,30.60,73.59,0.8432,2,1,-1
181,19,791.60,441.57,24.63,56.99,0.9157,2,2,-1
181,20,265.24,476.77,30.28,60.64,0.8964,2,1,-1
181,21,376.63,341.89,18.96,35.13,0.8256,3,0,-1
181,23,754.75,410.03,23.20,50.54,0.8623,2,1,-1
181,36,53.58,809.05,52.40,124.22,0.9386,2,2,-1
181,37,39.37,556.48,28.21,76.77,0.9210,2,2,-1
181,0,1444.08,368.53,14.54,12.06,1.0,0,-1,-1
182,1,66.48,681.05,50.74,95.13,0.9295,2,1,-1
182,2,591.25,580.43,35.20,90.02,0.9203,2,2,-1
182,3,771.57,703.46,43.04,96.74,0.9335,2,2,-1
182,4,347.51,617.42,34.09,87.34,0.9179,2,1,-1
182,6,980.94,605.50,46.72,91.02,0.9311,2,2,-1
182,7,497.04,483.43,26.58,67.49,0.9152,3,0,-1
182,8,361.61,454.56,28.71,59.99,0.8844,2,2,-1
182,9,88.07,563.52,47.72,81.09,0.9303,2,1,-1
182,10,862.15,486.52,28.58,67.15,0.9139,2,2,-1
182,11,677.60,540.60,27.13,79.16,0.9163,2,2,-1
182,12,567.26,456.27,24.13,62.38,0.9080,2,1,-1
182,13,793.26,631.58,31.72,86.37,0.9119,2,1,-1
182,14,301.10,584.66,52.87,78.60,0.9100,2,2,-1
182,15,369.32,545.44,26.55,75.38,0.8996,2,1,-1
182,16,1325.41,867.83,46.94,133.94,0.7819,3,0,-1
182,17,903.46,495.85,30.15,73.17,0.8800,2,1,-1
182,19,801.59,441.53,25.30,57.23,0.9161,2,2,-1
182,20,269.05,475.73,32.23,61.00,0.9138,2,1,-1
182,21,382.29,341.03,19.27,35.67,0.8380,3,0,-1
182,23,765.38,409.01,23.11,51.53,0.8452,2,1,-1
182,36,58.98,808.39,52.62,125.51,0.9287,2,2,-1
182,37,44.45,557.02,28.18,76.15,0.9177,2,2,-1
183,1,68.29,681.85,49.52,95.94,0.9283,2,1,-1
183,2,599.93,579.99,34.52,91.18,0.9205,2,2,-1
183,3,779.10,704.40,43.65,97.20,0.9249,2,2,-1
183,4,353.32,618.11,34.85,86.93,0.9141,2,1,-1
183,6,990.24,606.72,47.06,90.83,0.9336,2,2,-1
183,7,504.55,483.48,26.70,68.11,0.9138,3,0,-1
183,8,369.52,453.91,29.23,60.38,0.8791,2,2,-1
183,9,88.02,563.77,48.21,81.57,0.9334,2,1,-1
183,10,871.63,487.27,29.47,67.37,0.9206,2,2,-1
183,11,686.08,541.06,28.26,78.62,0.9220,2,2,-1
183,12,575.38,456.75,23.97,62.00,0.9116,2,1,-1
183,13,801.47,632.39,30.92,86.77,0.9125,2,1,-1
183,14,309.04,585.94,54.76,78.75,0.9115,2,2,-1
183,15,375.62,545.41,26.30,75.67,0.8862,2,1,-1
183,16,1336.69,871.03,48.67,133.80,0.8119,3,0,-1
183,17,912.83,496.74,30.55,73.66,0.8913,2,1,-1
183,19,811.40,441.38,25.77,57.88,0.9091,2,2,-1
183,20,273.66,475.96,35.14,60.66,0.9125,2,1,-1
183,21,387.61,339.06,20.12,37.31,0.8098,3,0,-1
183,23,774.81,408.75,23.36,55.31,0.9067,2,1,-1
183,36,64.99,807.82,54.26,126.68,0.9443,2,2,-1
183,37,48.18,556.32,31.31,77.01,0.9235,2,2,-1
183,0,1421.80,362.74,15.28,12.83,1.0,0,-1,-1
184,1,69.37,683.06,46.22,96.89,0.9280,2,1,-1
184,2,608.60,580.35,34.84,91.09,0.9288,2,2,-1
184,3,786.63,705.12,44.26,97.48,0.9296,2,2,-1
184,4,360.04,618.86,34.73,85.51,0.9042,2,1,-1
184,6,999.13,608.32,47.84,89.66,0.9335,2,2,-1
184,7,512.69,483.40,26.49,67.97,0.9160,3,0,-1
184,9,88.68,565.04,45.06,81.39,0.9185,2,1,-1
184,10,881.33,488.71,30.17,68.27,0.9184,2,2,-1
184,11,694.47,541.81,29.18,78.41,0.9192,2,2,-1
184,12,583.59,457.13,24.10,61.47,0.9043,2,1,-1
184,13,809.78,633.07,30.06,87.59,0.9130,2,1,-1
184,14,317.09,585.97,55.12,81.54,0.9134,2,2,-1
184,15,382.60,545.00,28.34,76.16,0.8986,2,1,-1
184,16,1347.76,873.29,50.18,135.63,0.7521,3,0,-1
184,17,922.83,496.95,30.07,75.18,0.9048,2,1,-1
184,18,379.03,452.76,26.77,60.49,0.8695,2,1,-1
184,19,821.53,440.97,25.83,57.28,0.9110,2,2,-1
184,20,276.82,474.43,35.08,62.48,0.9093,2,1,-1
184,21,392.33,338.74,20.09,35.27,0.7355,3,0,-1
184,23,785.62,408.69,21.47,47.18,0.8816,2,1,-1
184,36,70.41,806.86,56.55,127.68,0.9347,2,2,-1
184,37,52.07,555.77,33.16,76.95,0.9210,2,2,-1
184,0,1408.37,360.53,15.35,12.95,1.0,0,-1,-1
185,1,71.49,685.34,48.96,98.09,0.9341,2,1,-1
185,2,618.02,580.26,34.44,91.44,0.9209,2,2,-1
185,3,794.14,706.94,44.82,97.96,0.9280,2,2,-1
185,4,365.12,620.03,35.85,84.43,0.8992,2,1,-1
185,6,1008.53,608.94,48.98,89.50,0.9327,2,2,-1
185,7,520.71,482.97,26.69,68.11,0.9171,3,0,-1
185,9,87.42,566.02,27.02,49.57,0.7052,2,1,-1
185,10,891.78,489.67,30.30,68.83,0.9071,2,2,-1
185,11,703.18,542.25,29.99,78.75,0.9138,2,2,-1
185,12,591.54,457.16,24.03,61.41,0.9073,2,1,-1
185,13,817.15,633.81,30.54,89.30,0.9156,2,1,-1
185,14,325.50,586.33,53.14,81.51,0.9024,2,2,-1
185,15,388.30,544.53,30.41,76.72,0.8891,2,1,-1
185,16,1359.25,876.49,53.05,136.18,0.8645,3,0,-1
185,17,931.48,496.87,31.01,75.35,0.9013,2,1,-1
185,18,385.77,451.71,27.25,61.17,0.8775,2,1,-1
185,19,831.73,440.66,25.72,57.26,0.9142,2,2,-1
185,20,280.49,473.31,34.74,62.79,0.9190,2,1,-1
185,21,397.77,336.89,21.45,36.10,0.7272,3,0,-1
185,23,794.68,407.65,22.61,49.35,0.8911,2,1,-1
185,35,369.87,441.27,21.85,53.31,0.8327,2,-1,-1
185,36,75.51,807.17,58.73,123.67,0.9355,2,2,-1
185,37,56.08,555.00,35.87,77.19,0.9237,2,2,-1
185,0,1395.20,358.88,15.26,11.98,1.0,0,-1,-1
186,1,69.26,687.81,56.84,97.12,0.9333,2,1,-1
186,2,626.23,581.26,34.21,90.50,0.9189,2,2,-1
186,3,802.52,707.73,44.46,98.49,0.9263,2,2,-1
186,4,372.19,621.03,38.07,83.78,0.9062,2,1,-1
186,6,1018.83,609.86,50.08,88.17,0.9360,2,2,-1
186,7,528.89,482.99,26.92,68.00,0.9169,3,0,-1
186,9,101.36,599.29,24.91,46.00,0.7691,2,1,-1
186,10,902.30,490.88,30.39,68.84,0.8945,2,2,-1
186,11,712.12,543.09,32.20,80.05,0.9176,2,2,-1
186,12,600.16,457.60,24.47,62.53,0.9113,2,1,-1
186,13,825.48,635.02,31.68,89.00,0.9144,2,1,-1
186,14,333.95,587.31,51.70,80.94,0.8928,2,2,-1
186,15,394.21,544.60,30.20,75.55,0.8958,2,1,-1
186,16,1370.63,880.32,54.86,135.44,0.8819,3,0,-1
186,17,942.16,496.91,30.41,76.67,0.8869,2,1,-1
186,18,391.73,450.74,26.90,61.25,0.8753,2,1,-1
186,19,842.20,440.17,26.08,57.31,0.9119,2,2,-1
186,20,285.33,471.95,30.61,62.29,0.9149,2,1,-1
186,23,803.89,407.60,24.25,54.49,0.8641,2,1,-1
186,36,80.66,807.18,59.00,120.92,0.9357,2,2,-1
186,37,60.39,553.97,36.43,76.58,0.9149,2,2,-1
186,0,1382.54,356.12,15.38,13.32,1.0,0,-1,-1
187,1,66.92,689.55,68.00,96.51,0.9436,2,1,-1
187,2,636.07,581.84,34.10,90.49,0.9181,2,2,-1
187,3,810.93,708.11,44.68,100.03,0.9272,2,2,-1
187,4,377.53,620.55,38.49,81.89,0.8945,2,1,-1
187,6,1029.16,610.28,50.76,88.66,0.9357,2,2,-1
187,7,537.22,482.83,26.97,68.04,0.9170,3,0,-1
187,9,100.68,601.02,25.25,44.87,0.6682,2,1,-1
187,10,913.53,491.94,30.97,68.42,0.8976,2,2,-1
187,11,721.77,543.57,35.21,80.71,0.9209,2,2,-1
187,12,608.77,457.29,24.36,62.36,0.9081,2,1,-1
187,13,833.76,636.22,32.97,90.35,0.9153,2,1,-1
187,15,402.05,544.08,32.22,76.27,0.9014,2,1,-1
187,16,1383.72,883.56,56.12,138.56,0.7784,3,0,-1
187,17,952.33,496.86,30.19,77.36,0.8322,2,1,-1
187,18,399.74,450.15,25.95,61.00,0.8835,2,1,-1
187,19,853.09,439.63,26.41,57.11,0.9081,2,2,-1
187,20,289.47,470.65,29.05,62.69,0.9021,2,1,-1
187,23,815.05,407.28,23.57,53.77,0.8363,2,1,-1
187,36,83.26,807.44,60.66,121.14,0.9340,2,2,-1
187,37,65.10,552.52,37.50,78.52,0.8532,2,2,-1
187,0,1369.59,354.01,15.14,13.14,1.0,0,-1,-1
188,1,65.09,689.91,77.80,97.27,0.9431,2,1,-1
188,2,645.82,582.62,34.36,91.17,0.9242,2,2,-1
188,3,820.22,708.94,44.61,101.02,0.9330,2,2,-1
188,6,1040.23,610.82,48.93,88.79,0.9355,2,2,-1
188,7,545.70,482.57,27.29,68.02,0.9138,3,0,-1
188,10,925.62,492.54,31.34,67.90,0.9049,2,2,-1
188,11,731.22,544.43,37.90,80.95,0.9261,2,2,-1
188,12,617.60,456.66,25.17,62.73,0.9066,2,1,-1
188,13,842.48,637.18,34.73,90.46,0.9134,2,1,-1
188,14,349.39,592.19,45.65,76.30,0.8544,2,2,-1
188,15,408.26,543.44,31.23,76.17,0.9036,2,1,-1
188,16,1397.25,885.86,56.59,138.84,0.8004,3,0,-1
188,17,963.91,497.04,29.71,77.93,0.9082,2,1,-1
188,18,407.95,449.09,25.06,62.38,0.8904,2,1,-1
188,19,864.61,438.65,26.84,58.06,0.9116,2,2,-1
188,20,295.08,468.89,27.69,63.03,0.9113,2,1,-1
188,21,418.11,334.45,19.49,32.90,0.7153,3,0,-1
188,23,825.63,406.54,23.66,54.16,0.6055,2,1,-1
188,36,84.62,805.50,61.14,123.24,0.9311,2,2,-1
188,37,67.67,550.27,42.97,95.55,0.8410,2,2,-1
188,0,1356.58,352.60,15.66,13.21,1.0,0,-1,-1
189,1,65.08,689.82,84.31,98.24,0.9430,2,1,-1
189,2,656.44,583.27,34.91,91.54,0.9220,2,2,-1
189,3,828.97,710.38,45.64,102.92,0.9300,2,2,-1
189,6,1051.95,610.53,48.11,89.12,0.9365,2,2,-1
189,7,554.19,481.30,28.04,68.63,0.9181,3,0,-1
189,10,937.53,493.24,31.51,67.12,0.9042,2,2,-1
189,11,741.20,544.53,40.80,81.96,0.9293,2,2,-1
189,12,627.11,455.73,25.18,63.60,0.9121,2,1,-1
189,13,850.37,638.44,36.28,89.48,0.9205,2,1,-1
189,14,359.40,593.13,46.18,74.15,0.8842,2,2,-1
189,15,416.10,542.38,31.03,76.53,0.9067,2,1,-1
189,16,1411.48,888.80,56.93,138.10,0.7628,3,0,-1
189,17,975.48,496.93,28.96,77.57,0.8986,2,1,-1
189,18,417.35,447.96,24.06,62.72,0.8908,2,1,-1
189,19,876.35,437.92,26.83,57.84,0.9104,2,2,-1
189,20,301.61,468.02,26.98,64.87,0.9125,2,1,-1
189,21,425.42,334.00,17.63,32.28,0.8023,3,0,-1
189,23,838.11,412.07,21.53,48.70,0.5762,2,1,-1
189,36,89.42,802.49,62.24,125.78,0.9370,2,2,-1
189,37,76.56,549.78,26.13,56.18,0.7189,2,2,-1
189,38,396.78,440.48,24.36,44.09,0.7713,2,-1,-1
189,0,1343.79,351.08,14.91,12.55,1.0,0,-1,-1
190,1,65.29,690.01,85.41,99.33,0.9413,2,1,-1
190,2,666.37,583.92,35.78,92.65,0.9219,2,2,-1
190,3,838.44,712.17,45.60,103.06,0.9300,2,2,-1
190,6,1063.51,610.39,47.32,89.68,0.9336,2,2,-1
190,7,563.42,480.50,27.36,68.14,0.9109,3,0,-1
190,10,950.63,494.78,30.80,66.75,0.9060,2,2,-1
190,11,750.86,544.87,42.69,82.51,0.9305,2,2,-1
190,12,636.80,454.99,24.84,63.44,0.9127,2,1,-1
190,13,858.70,639.46,37.39,88.14,0.9257,2,1,-1
190,14,367.65,593.39,46.80,73.41,0.8830,2,2,-1
190,15,423.66,541.03,32.17,77.77,0.8904,2,1,-1
190,16,1425.24,892.56,57.79,139.62,0.6574,3,0,-1
190,17,987.30,497.10,28.32,77.39,0.9025,2,1,-1
190,18,424.41,446.45,24.69,63.27,0.8938,2,1,-1
190,19,888.63,436.92,27.02,57.95,0.9116,2,2,-1
190,20,307.04,468.27,26.67,63.81,0.9075,2,1,-1
190,21,431.77,332.07,17.84,33.09,0.7674,3,0,-1
190,36,93.81,799.61,62.76,124.33,0.9285,2,2,-1
190,37,80.55,548.52,25.18,53.59,0.5633,2,2,-1
190,38,403.59,439.03,22.81,41.81,0.7798,2,-1,-1
190,0,1329.61,348.75,14.93,13.64,1.0,0,-1,-1
191,1,66.67,690.08,81.88,101.00,0.9355,2,1,-1
191,2,675.74,584.80,35.77,92.07,0.9155,2,2,-1
191,3,847.37,714.38,46.29,103.41,0.9286,2,2,-1
191,6,1075.08,610.59,45.81,90.40,0.9337,2,2,-1
191,7,572.21,479.83,27.50,68.89,0.9197,3,0,-1
191,10,962.98,495.10,30.40,66.77,0.8624,2,2,-1
191,11,761.08,544.88,43.52,83.01,0.9321,2,2,-1
191,12,646.52,454.31,25.04,63.61,0.9158,2,1,-1
191,13,867.11,640.59,40.11,88.49,0.9263,2,1,-1
191,14,377.83,592.71,50.34,75.87,0.8860,2,2,-1
191,15,430.52,540.29,31.74,78.90,0.9059,2,1,-1
191,16,1437.35,895.74,59.10,140.96,0.6057,3,0,-1
191,17,998.13,497.59,28.27,77.98,0.8830,2,1,-1
191,18,433.15,444.98,24.44,63.23,0.8899,2,1,-1
191,19,900.58,435.79,27.79,58.64,0.9092,2,2,-1
191,20,312.69,468.56,27.77,63.75,0.9292,2,1,-1
191,21,437.75,329.15,18.76,33.94,0.8617,3,0,-1
191,23,859.80,408.08,23.64,54.08,0.6044,2,1,-1
191,36,99.02,797.16,63.37,127.58,0.9391,2,2,-1
191,38,410.95,438.63,23.05,43.40,0.7820,2,-1,-1
191,39,92.95,564.46,46.53,81.86,0.8459,2,-1,-1
191,0,1314.89,347.60,15.64,12.99,1.0,0,-1,-1
192,1,67.37,690.47,73.29,98.25,0.9470,2,1,-1
192,2,686.07,584.49,36.09,94.57,0.9164,2,2,-1
192,3,857.31,717.22,46.54,102.06,0.9361,2,2,-1
192,4,412.61,653.74,22.94,49.56,0.7651,2,1,-1
192,6,1087.09,610.64,43.53,91.42,0.9290,2,2,-1
192,7,581.25,479.77,27.45,68.70,0.9216,3,0,-1
192,10,975.95,496.16,29.87,65.88,0.8776,2,2,-1
192,11,770.80,544.81,44.58,83.10,0.9347,2,2,-1
192,12,655.99,452.90,24.88,64.22,0.9115,2,1,-1
192,13,874.26,640.90,43.45,90.19,0.9319,2,1,-1
192,14,404.12,593.20,52.25,71.82,0.8382,2,2,-1
192,15,437.83,539.27,31.67,80.12,0.9053,2,1,-1
192,16,1449.83,898.51,61.80,140.95,0.7813,3,0,-1
192,17,1008.84,497.83,29.12,79.32,0.8829,2,1,-1
192,18,440.81,443.70,25.37,64.06,0.8891,2,1,-1
192,19,912.56,435.13,28.44,58.70,0.9104,2,2,-1
192,20,318.13,468.99,28.27,61.79,0.9137,2,1,-1
192,21,443.75,328.06,19.59,32.59,0.8245,3,0,-1
192,23,873.87,403.49,19.12,40.80,0.6184,2,1,-1
192,36,105.70,794.19,61.49,126.46,0.9292,2,2,-1
192,38,418.23,435.23,23.81,47.48,0.7909,2,-1,-1
192,39,85.97,547.02,38.52,75.12,0.8080,2,-1,-1
192,0,1299.25,346.63,16.84,13.79,1.0,0,-1,-1
193,1,65.77,689.74,63.77,98.89,0.9311,2,1,-1
193,2,697.13,585.07,35.77,94.02,0.9153,2,2,-1
193,3,865.58,718.35,47.86,102.73,0.9292,2,2,-1
193,6,1099.55,610.97,41.01,92.42,0.9262,2,2,-1
193,7,589.99,478.58,28.21,69.16,0.9158,3,0,-1
193,10,988.24,495.89,30.51,67.06,0.8850,2,2,-1
193,11,781.13,544.55,44.15,84.30,0.9266,2,2,-1
193,12,665.88,452.41,24.62,64.51,0.9137,2,1,-1
193,13,882.05,641.21,44.26,92.13,0.9315,2,1,-1
193,14,411.16,593.39,56.45,77.55,0.8441,2,2,-1
193,15,445.29,538.22,31.50,81.27,0.8994,2,1,-1
193,16,1462.75,903.20,63.94,142.14,0.7860,3,0,-1
193,17,1020.37,499.14,28.60,77.88,0.8959,2,1,-1
193,18,448.54,442.99,25.93,64.63,0.8954,2,1,-1
193,19,924.85,434.34,28.93,59.34,0.9052,2,2,-1
193,20,321.86,468.58,32.07,61.42,0.9138,2,1,-1
193,21,449.61,326.51,20.84,34.06,0.7254,3,0,-1
193,36,113.12,793.08,57.57,120.89,0.9374,2,2,-1
193,38,425.61,433.92,22.77,48.81,0.8195,2,-1,-1
193,39,89.61,548.15,46.43,95.63,0.7033,2,-1,-1
193,0,1284.31,346.26,16.39,12.56,1.0,0,-1,-1
194,1,67.46,687.18,59.31,102.15,0.9368,2,1,-1
194,2,708.37,585.87,35.60,93.43,0.9159,2,2,-1
194,3,875.05,718.28,48.49,103.34,0.9300,2,2,-1
194,6,1113.14,611.22,38.64,93.25,0.9234,2,2,-1
194,7,598.77,478.11,28.59,70.16,0.9133,3,0,-1
194,10,1000.23,495.23,31.38,67.58,0.8889,2,2,-1
194,11,791.66,544.44,42.59,84.95,0.9267,2,2,-1
194,12,675.64,452.27,24.98,64.95,0.9108,2,1,-1
194,13,885.67,641.64,47.31,93.23,0.9263,2,1,-1
194,14,402.34,617.14,53.21,82.73,0.8202,2,2,-1
194,15,453.08,537.79,29.95,80.57,0.9055,2,1,-1
194,16,1474.92,906.34,65.93,144.91,0.7930,3,0,-1
194,17,1031.04,500.08,29.22,78.96,0.8921,2,1,-1
194,18,457.15,441.33,26.09,64.58,0.8981,2,-1,-1
194,19,937.04,433.86,29.68,59.08,0.9119,2,2,-1
194,20,326.40,467.51,35.93,61.85,0.9223,2,1,-1
194,21,456.72,323.46,21.10,34.73,0.8356,3,0,-1
194,36,119.68,792.60,60.29,118.51,0.9302,2,2,-1
194,38,433.22,432.50,21.27,48.92,0.8597,2,-1,-1
194,39,92.82,545.56,43.54,77.69,0.8698,2,-1,-1
194,0,1268.01,345.53,16.56,12.63,1.0,0,-1,-1
195,1,69.04,685.12,60.06,102.82,0.9322,2,1,-1
195,2,718.78,586.12,36.76,93.33,0.9189,2,2,-1
195,3,883.75,719.18,49.15,104.65,0.9242,2,2,-1
195,6,1126.87,611.30,36.70,93.74,0.9224,2,2,-1
195,7,607.84,477.44,28.49,70.17,0.9151,3,0,-1
195,10,1011.87,495.09,33.68,67.93,0.8970,2,2,-1
195,11,802.75,543.36,40.12,85.73,0.9230,2,2,-1
195,12,685.64,451.60,24.70,65.34,0.9103,2,1,-1
195,13,889.20,642.06,50.76,94.56,0.9289,2,1,-1
195,14,441.76,595.71,48.13,78.37,0.7911,2,2,-1
195,15,461.06,537.09,28.08,72.81,0.8844,2,1,-1
195,16,1489.24,908.86,67.21,146.21,0.9012,3,0,-1
195,17,1042.90,500.44,29.49,81.00,0.8788,2,1,-1
195,18,464.78,440.00,27.06,65.23,0.9010,2,2,-1
195,19,948.51,433.05,30.07,59.41,0.9063,2,2,-1
195,20,330.43,466.57,40.42,61.64,0.9294,2,1,-1
195,21,464.23,321.54,21.59,35.44,0.6533,3,0,-1
195,36,125.91,792.60,57.50,117.41,0.9371,2,2,-1
195,38,440.14,431.27,21.55,53.93,0.8353,2,-1,-1
195,39,90.25,561.60,50.38,85.06,0.8955,2,-1,-1
195,0,1250.81,345.32,17.41,13.73,1.0,0,-1,-1
196,1,69.37,683.87,61.61,104.48,0.9301,2,1,-1
196,2,729.23,585.83,37.81,94.76,0.9210,2,2,-1
196,3,894.76,720.13,48.03,104.15,0.9287,2,2,-1
196,6,1141.19,611.61,34.83,94.14,0.9203,2,2,-1
196,7,617.09,477.22,28.71,69.98,0.9194,3,0,-1
196,10,1025.13,493.72,37.72,70.47,0.8756,2,2,-1
196,11,813.68,542.91,37.02,86.51,0.9249,2,2,-1
196,12,695.43,451.13,24.98,64.96,0.9113,2,1,-1
196,13,897.91,642.00,51.92,93.32,0.9266,2,1,-1
196,14,453.93,594.36,46.33,78.33,0.7655,2,2,-1
196,15,469.11,536.17,27.91,69.91,0.8673,2,1,-1
196,16,1502.90,910.78,68.14,147.53,0.8558,3,0,-1
196,18,473.24,438.82,28.46,65.70,0.9013,2,2,-1
196,19,960.38,432.19,30.09,59.58,0.9072,2,2,-1
196,20,333.82,465.97,41.34,62.14,0.9297,2,1,-1
196,21,470.20,320.82,21.43,34.81,0.7272,3,0,-1
196,36,133.24,791.51,54.24,118.75,0.9304,2,2,-1
196,38,447.90,429.81,20.95,54.03,0.7604,2,-1,-1
196,39,104.63,545.07,50.51,76.98,0.9094,2,-1,-1
196,0,1234.77,345.48,17.50,14.05,1.0,0,-1,-1
197,1,69.02,683.85,59.46,104.81,0.9289,2,1,-1
197,2,739.61,585.96,38.39,93.61,0.9246,2,2,-1
197,3,906.25,720.16,46.45,103.83,0.9266,2,2,-1
197,6,1154.83,611.28,33.78,94.94,0.9274,2,2,-1
197,7,626.32,475.24,29.50,72.46,0.9155,3,0,-1
197,10,1037.16,492.85,40.92,71.71,0.8670,2,2,-1
197,11,825.19,542.91,34.49,85.98,0.9247,2,2,-1
197,12,705.66,451.10,25.24,64.95,0.9104,2,1,-1
197,13,902.84,642.61,54.55,88.50,0.9179,2,1,-1
197,14,463.39,594.03,49.06,82.07,0.6797,2,2,-1
197,15,477.61,534.28,27.83,68.20,0.7129,2,1,-1
197,16,1517.24,914.40,68.90,146.39,0.8692,3,0,-1
197,18,481.33,437.43,29.75,65.95,0.8915,2,2,-1
197,19,971.93,431.26,30.77,60.01,0.9123,2,2,-1
197,20,336.47,465.15,44.27,60.71,0.9241,2,1,-1
197,21,477.77,318.97,21.04,35.14,0.7383,3,0,-1
197,36,139.50,788.16,51.95,120.49,0.9375,2,2,-1
197,38,454.97,429.45,20.20,52.20,0.7759,2,1,-1
197,39,91.19,560.27,58.78,87.53,0.9087,2,-1,-1
197,0,1216.10,346.68,18.14,13.47,1.0,0,-1,-1
198,1,67.21,684.26,56.76,106.06,0.9311,2,1,-1
198,2,750.42,586.35,38.80,94.54,0.9236,2,2,-1
198,3,917.59,720.61,46.09,104.34,0.9275,2,2,-1
198,6,1168.36,611.35,33.71,95.89,0.9276,2,2,-1
198,7,636.42,474.97,29.14,73.15,0.9168,3,0,-1
198,10,1052.32,492.91,43.00,73.18,0.9039,2,2,-1
198,11,837.10,541.94,32.89,87.01,0.9248,2,2,-1
198,12,716.14,449.49,25.81,66.43,0.9098,2,1,-1
198,13,911.33,643.26,56.78,87.75,0.9126,2,1,-1
198,14,479.37,596.20,44.77,78.12,0.8842,2,2,-1
198,15,484.89,533.59,30.79,74.26,0.8907,2,1,-1
198,16,1531.52,918.04,71.09,148.41,0.9003,3,0,-1
198,18,490.50,436.08,30.40,66.17,0.9017,2,2,-1
198,19,984.17,429.44,31.04,60.58,0.9135,2,2,-1
198,20,338.44,463.42,43.63,60.16,0.9112,2,1,-1
198,21,485.66,316.86,19.66,33.48,0.7244,3,0,-1
198,36,144.72,783.04,52.28,124.30,0.9284,2,2,-1
198,38,458.22,428.04,23.70,55.58,0.8749,2,1,-1
198,39,117.06,542.04,49.78,76.94,0.9139,2,-1,-1
198,41,418.39,619.80,67.72,80.25,0.9278,2,-1,-1
198,0,1199.40,347.17,16.95,13.31,1.0,0,-1,-1
199,1,67.40,685.16,58.87,106.40,0.9323,2,1,-1
199,2,762.33,586.23,38.45,95.67,0.9224,2,2,-1
199,3,929.72,720.93,44.95,105.35,0.9278,2,2,-1
199,6,1182.10,611.02,33.57,96.40,0.9256,2,2,-1
199,7,646.49,473.93,29.07,73.56,0.9169,3,0,-1
199,10,1070.24,493.86,40.96,72.52,0.8326,2,2,-1
199,11,848.17,541.65,32.00,87.23,0.9190,2,2,-1
199,12,727.29,449.20,25.65,67.03,0.9096,2,1,-1
199,13,920.45,643.89,58.34,88.06,0.9203,2,1,-1
199,14,488.88,595.44,47.14,84.76,0.8729,2,2,-1
199,15,493.93,532.37,31.27,76.59,0.8332,2,1,-1
199,16,1545.97,920.30,72.64,151.23,0.9224,3,0,-1
199,18,499.17,434.53,30.77,66.46,0.9165,2,2,-1
199,19,997.77,428.40,30.57,60.32,0.9116,2,2,-1
199,20,343.25,461.67,40.50,60.62,0.9248,2,1,-1
199,21,491.31,314.35,21.01,34.84,0.7836,3,0,-1
199,36,152.05,777.55,52.89,125.81,0.9367,2,2,-1
199,38,464.81,426.87,25.08,56.01,0.8612,2,1,-1
199,39,123.02,538.93,49.23,80.93,0.9223,2,-1,-1
199,41,425.87,618.27,65.35,81.70,0.9173,2,-1,-1
199,0,1181.39,347.99,17.37,14.82,1.0,0,-1,-1
200,1,68.03,686.33,58.44,107.29,0.9330,2,1,-1
200,2,773.86,586.30,38.66,96.90,0.9273,2,2,-1
200,3,941.72,720.71,44.43,106.12,0.9276,2,2,-1
200,6,1195.00,610.28,34.78,97.55,0.9131,2,2,-1
200,7,656.18,473.61,29.61,72.12,0.9165,3,0,-1
200,8,508.49,432.91,33.57,66.40,0.9099,2,2,-1
200,10,1084.76,495.86,36.84,70.36,0.8018,2,2,-1
200,11,861.48,540.97,29.88,87.21,0.9144,2,2,-1
200,12,738.88,448.32,26.04,67.42,0.9098,2,1,-1
200,13,933.20,644.24,56.68,89.27,0.9183,2,1,-1
200,14,499.71,595.73,47.14,87.90,0.8759,2,2,-1
200,15,502.36,531.37,31.91,79.58,0.8696,2,1,-1
200,16,1561.60,922.82,74.29,152.51,0.8868,3,0,-1
200,19,1010.98,427.13,30.13,60.67,0.9153,2,2,-1
200,20,348.67,459.57,40.94,60.97,0.9146,2,1,-1
200,21,498.86,311.08,21.95,36.19,0.8370,3,0,-1
200,36,159.65,772.80,53.33,116.81,0.9321,2,2,-1
200,38,474.27,425.12,25.77,57.50,0.8541,2,1,-1
200,39,128.81,535.35,45.56,82.78,0.9253,2,-1,-1
200,41,436.69,617.91,65.22,80.99,0.9239,2,-1,-1
200,0,1162.55,350.07,18.17,14.97,1.0,0,-1,-1
201,1,65.85,687.01,60.51,105.20,0.9433,2,1,-1
201,2,785.73,585.49,38.08,98.03,0.9235,2,2,-1
201,3,953.82,721.45,44.18,106.04,0.9263,2,2,-1
201,6,1210.30,609.73,34.44,98.61,0.9102,2,2,-1
201,7,665.90,472.11,30.60,72.73,0.9212,3,0,-1
201,8,517.63,431.44,34.47,66.29,0.9081,2,2,-1
201,10,1101.10,495.69,34.73,71.53,0.7911,2,2,-1
201,11,873.15,540.04,29.01,87.64,0.9127,2,2,-1
201,12,750.88,447.05,25.50,67.11,0.9131,2,1,-1
201,13,947.36,644.74,54.01,89.70,0.9118,2,1,-1
201,14,512.80,596.72,47.98,89.44,0.8986,2,2,-1
201,15,509.97,529.66,32.44,82.85,0.9145,2,1,-1
201,16,1577.04,928.58,74.86,150.41,0.9241,3,0,-1
201,19,1025.24,425.77,29.80,61.43,0.9170,2,2,-1
201,20,354.08,456.76,45.79,63.48,0.9227,2,1,-1
201,21,506.57,307.89,23.08,38.48,0.8837,3,0,-1
201,36,166.28,769.22,50.63,113.72,0.9314,2,2,-1
201,38,483.79,423.42,25.51,57.56,0.8445,2,1,-1
201,39,134.33,532.88,39.90,83.55,0.9252,2,-1,-1
201,41,445.25,617.26,60.43,80.15,0.9259,2,1,-1
201,0,1144.12,351.95,18.86,14.00,1.0,0,-1,-1
202,1,60.07,687.57,70.53,108.53,0.9392,2,1,-1
202,2,799.30,585.45,36.88,99.95,0.9251,2,2,-1
202,3,966.45,720.61,43.58,107.24,0.9273,2,2,-1
202,6,1224.28,608.89,34.74,99.68,0.9206,2,2,-1
202,7,676.86,471.42,30.85,73.04,0.9207,3,0,-1
202,8,525.65,429.33,36.38,66.79,0.8999,2,2,-1
202,11,886.11,539.82,28.14,88.13,0.9124,2,2,-1
202,12,762.72,445.54,25.83,67.09,0.9138,2,1,-1
202,13,965.52,645.44,46.97,89.39,0.8973,2,1,-1
202,14,526.46,598.58,45.52,89.78,0.9106,2,2,-1
202,15,518.69,528.19,33.34,83.64,0.9113,2,1,-1
202,16,1594.28,930.70,75.20,149.33,0.9048,3,0,-1
202,17,1121.94,498.23,29.72,75.62,0.7121,2,1,-1
202,19,1040.06,424.23,28.75,61.24,0.9058,2,2,-1
202,20,359.86,455.08,46.82,63.84,0.9245,2,1,-1
202,21,513.18,304.10,23.84,40.26,0.8556,3,0,-1
202,23,994.96,389.90,23.73,47.18,0.7200,2,1,-1
202,36,169.40,766.32,54.41,115.83,0.9309,2,2,-1
202,38,494.06,421.51,22.01,51.66,0.7923,2,1,-1
202,39,140.67,529.73,35.68,86.43,0.9269,2,2,-1
202,41,454.93,617.58,55.50,79.10,0.9195,2,1,-1
202,43,100.98,557.44,46.88,89.27,0.9317,2,-1,-1
202,0,1126.46,353.79,17.79,14.92,1.0,0,-1,-1
203,1,57.44,688.31,76.89,108.53,0.9407,2,1,-1
203,2,811.65,585.44,36.61,100.29,0.9259,2,2,-1
203,3,980.02,721.38,43.11,107.99,0.9244,2,2,-1
203,6,1239.91,608.86,34.56,99.92,0.9222,2,2,-1
203,7,688.09,471.09,30.49,73.04,0.9230,3,0,-1
203,8,536.12,427.75,37.14,67.21,0.8963,2,2,-1
203,11,898.53,538.69,28.00,88.99,0.9129,2,2,-1
203,12,774.49,443.56,26.17,68.21,0.9169,2,1,-1
203,13,981.63,645.99,41.15,84.68,0.9099,2,1,-1
203,14,533.78,599.07,46.69,87.71,0.8872,2,2,-1
203,15,529.00,527.43,32.97,84.27,0.8893,2,1,-1
203,16,1611.57,933.34,74.63,146.68,0.9157,3,0,-1
203,17,1148.74,493.16,24.63,59.63,0.7965,2,1,-1
203,19,1055.14,422.87,28.14,61.62,0.9015,2,2,-1
203,20,366.32,453.78,45.47,64.04,0.9225,2,1,-1
203,21,522.35,303.25,22.38,37.99,0.8166,3,0,-1
203,23,1007.77,387.71,24.95,49.50,0.7524,2,1,-1
203,35,505.65,419.73,18.57,35.72,0.7925,2,-1,-1
203,36,174.04,762.33,58.44,118.97,0.9301,2,2,-1
203,39,148.22,527.66,34.53,86.89,0.9282,2,2,-1
203,41,466.75,617.82,53.64,81.05,0.9150,2,1,-1
203,43,102.60,557.00,46.31,88.58,0.9454,2,-1,-1
203,0,1106.06,356.86,17.60,15.04,1.0,0,-1,-1
204,1,66.99,688.92,72.45,107.24,0.9382,2,1,-1
204,2,826.26,584.75,35.58,100.45,0.9265,2,2,-1
204,3,993.93,721.81,42.39,107.99,0.9248,2,2,-1
204,6,1254.66,608.56,35.45,101.37,0.9187,2,2,-1
204,7,699.12,469.29,31.28,74.26,0.9211,3,0,-1
204,8,546.24,425.68,36.55,67.46,0.9053,2,2,-1
204,10,1152.52,490.52,38.90,87.62,0.8467,2,2,-1
204,11,912.13,538.43,28.09,88.57,0.9165,2,2,-1
204,12,787.19,441.67,26.55,69.10,0.9183,2,1,-1
204,13,994.53,646.18,39.01,82.87,0.9256,2,1,-1
204,14,538.52,597.82,54.52,89.01,0.9141,2,2,-1
204,15,539.77,526.16,33.33,84.56,0.8998,2,1,-1
204,16,1631.08,936.76,75.32,142.68,0.9236,3,0,-1
204,19,1071.94,420.93,26.90,63.20,0.9094,2,2,-1
204,20,372.46,451.78,44.55,64.08,0.9014,2,1,-1
204,21,532.03,301.62,20.98,37.12,0.8735,3,0,-1
204,23,1022.75,386.75,25.42,52.77,0.8196,2,1,-1
204,36,182.27,756.02,60.56,121.96,0.9353,2,2,-1
204,38,514.43,416.75,23.93,57.47,0.7109,2,1,-1
204,39,156.12,526.31,34.73,87.68,0.9253,2,2,-1
204,41,479.43,617.44,53.79,84.78,0.9169,2,1,-1
204,43,104.66,556.32,43.99,90.23,0.9236,2,-1,-1
204,0,1088.00,359.95,18.73,15.39,1.0,0,-1,-1
205,1,78.93,686.76,63.74,101.98,0.9232,2,1,-1
205,2,841.37,585.78,34.43,98.59,0.9206,2,2,-1
205,3,1008.91,721.29,42.18,108.55,0.9164,2,2,-1
205,6,1272.41,608.24,33.95,101.84,0.9230,2,2,-1
205,7,711.51,467.98,31.66,74.46,0.9220,3,0,-1
205,8,557.43,424.06,35.74,67.30,0.9003,2,2,-1
205,10,1168.93,493.08,39.41,88.97,0.6860,2,2,-1
205,11,925.91,538.07,28.13,88.47,0.9113,2,2,-1
205,12,800.63,440.31,26.77,69.30,0.9138,2,1,-1
205,13,1007.40,646.27,38.16,80.94,0.9204,2,1,-1
205,14,547.37,596.51,58.40,89.39,0.8859,2,2,-1
205,15,551.67,524.32,33.08,84.70,0.8486,2,1,-1
205,16,1651.03,940.18,74.29,139.07,0.9340,3,0,-1
205,19,1087.89,419.80,26.25,63.35,0.9068,2,2,-1
205,21,541.88,299.40,19.65,36.54,0.8370,3,0,-1
205,33,382.68,450.66,34.36,59.58,0.7967,2,1,-1
205,36,193.00,750.10,61.00,124.01,0.9324,2,2,-1
205,38,526.01,414.62,22.82,57.44,0.7777,2,1,-1
205,39,166.07,525.85,34.73,85.42,0.9251,2,2,-1
205,41,493.33,617.27,52.96,86.13,0.9242,2,1,-1
205,43,108.68,556.60,43.32,88.56,0.9088,2,1,-1
205,0,1068.54,363.19,19.49,15.70,1.0,0,-1,-1
206,1,90.72,682.57,57.26,107.18,0.9372,2,1,-1
206,2,855.07,585.07,35.33,99.71,0.9180,2,2,-1
206,3,1023.84,722.21,42.37,108.12,0.9267,2,2,-1
206,6,1288.68,608.20,33.92,102.45,0.9300,2,2,-1
206,7,724.16,466.33,32.21,74.69,0.9251,3,0,-1
206,8,569.70,422.10,35.21,67.93,0.9159,2,2,-1
206,10,1193.71,491.53,33.83,80.10,0.7663,2,2,-1
206,11,939.30,537.09,28.51,88.27,0.9135,2,2,-1
206,12,815.02,439.43,26.54,69.07,0.9097,2,1,-1
206,13,1019.89,646.16,37.58,83.75,0.9201,2,1,-1
206,14,560.29,594.89,61.28,89.20,0.8945,2,2,-1
206,15,563.80,523.35,32.97,84.10,0.8181,2,1,-1
206,16,1671.44,943.11,73.41,136.89,0.9326,3,0,-1
206,19,1104.06,418.51,26.36,64.14,0.8994,2,2,-1
206,21,553.82,299.91,17.95,33.53,0.8273,3,0,-1
206,23,1050.59,383.19,28.64,60.31,0.5644,2,1,-1
206,33,391.95,449.68,30.75,57.41,0.8619,2,1,-1
206,36,206.97,744.28,56.68,119.23,0.9395,2,2,-1
206,38,537.12,412.64,22.19,57.86,0.8178,2,1,-1
206,39,175.84,525.59,37.36,84.39,0.9291,2,2,-1
206,41,504.32,616.68,54.08,85.92,0.9350,2,1,-1
206,43,114.15,556.20,45.41,87.50,0.9214,2,1,-1
206,0,1051.24,368.23,17.54,16.11,1.0,0,-1,-1
207,1,101.65,678.40,50.54,110.41,0.9359,2,1,-1
207,2,869.83,584.80,35.45,99.76,0.9220,2,2,-1
207,3,1039.76,721.92,41.42,108.61,0.9209,2,2,-1
207,6,1306.19,609.21,33.31,102.83,0.9233,2,2,-1
207,7,736.85,465.16,32.97,74.59,0.9266,3,0,-1
207,8,581.88,420.28,34.72,68.07,0.9209,2,2,-1
207,10,1212.13,491.76,32.80,83.87,0.8750,2,2,-1
207,11,953.90,537.03,28.75,88.52,0.9147,2,2,-1
207,12,828.13,439.37,27.54,69.11,0.9111,2,1,-1
207,13,1033.30,646.34,36.73,85.79,0.9328,2,1,-1
207,14,569.86,593.32,63.98,91.31,0.9143,2,2,-1
207,15,575.90,522.52,31.42,79.91,0.5630,2,1,-1
207,16,1692.60,946.01,74.33,133.68,0.9367,3,0,-1
207,19,1120.34,417.32,26.02,65.13,0.9100,2,2,-1
207,20,398.96,448.04,38.22,62.28,0.9018,2,1,-1
207,21,563.30,296.52,19.28,36.08,0.8047,3,0,-1
207,23,1067.70,382.20,26.42,58.16,0.8246,2,1,-1
207,36,218.56,739.65,55.46,111.20,0.9391,2,2,-1
207,38,548.59,410.47,21.39,59.54,0.8917,2,1,-1
207,39,184.22,524.94,40.94,83.80,0.9304,2,2,-1
207,41,514.29,616.31,54.72,85.25,0.9184,2,1,-1
207,43,118.66,554.81,47.26,86.08,0.9117,2,1,-1
207,0,1031.11,372.62,19.42,16.58,1.0,0,-1,-1
208,1,107.96,673.42,51.44,114.62,0.9311,2,1,-1
208,2,885.74,583.77,35.22,100.80,0.9275,2,2,-1
208,3,1053.18,722.12,42.27,109.76,0.9239,2,2,-1
208,6,1323.18,609.69,32.94,103.14,0.9323,2,2,-1
208,7,748.47,463.53,33.81,74.96,0.9188,3,0,-1
208,8,593.78,418.51,34.60,68.35,0.9135,2,2,-1
208,10,1229.31,493.23,32.62,81.11,0.8722,2,2,-1
208,11,968.01,536.42,30.00,89.20,0.9185,2,2,-1
208,12,842.48,438.34,27.97,70.44,0.9136,2,1,-1
208,13,1045.65,646.29,36.84,95.50,0.9348,2,1,-1
208,14,582.34,592.55,64.22,91.49,0.9131,2,2,-1
208,15,587.26,521.40,31.86,80.73,0.6069,2,1,-1
208,16,1712.82,949.34,75.51,130.51,0.9341,3,0,-1
208,19,1136.33,416.39,25.93,64.28,0.9051,2,2,-1
208,20,408.10,446.19,40.13,61.67,0.9124,2,1,-1
208,21,575.12,294.45,19.40,35.73,0.6144,3,0,-1
208,36,232.46,735.75,57.15,111.57,0.9421,2,2,-1
208,38,559.04,408.47,22.79,60.77,0.8753,2,1,-1
208,39,193.42,523.24,45.37,83.29,0.9322,2,2,-1
208,41,522.41,615.01,51.77,85.57,0.9120,2,1,-1
208,43,121.86,552.77,52.77,87.51,0.9304,2,1,-1
208,0,1011.69,377.86,20.04,16.90,1.0,0,-1,-1
209,1,112.29,669.98,55.71,113.40,0.9338,2,1,-1
209,2,901.10,583.85,36.11,100.46,0.9186,2,2,-1
209,3,1067.63,721.37,43.99,111.47,0.9130,2,2,-1
209,6,1341.17,610.62,32.41,103.24,0.9234,2,2,-1
209,7,761.55,462.49,34.53,75.21,0.9199,3,0,-1
209,8,607.44,417.10,33.75,68.80,0.9154,2,2,-1
209,10,1246.22,494.26,33.33,81.10,0.8741,2,2,-1
209,11,982.58,536.09,31.52,89.74,0.9154,2,2,-1
209,12,857.27,437.80,27.83,70.13,0.9198,2,1,-1
209,13,1057.67,646.67,36.46,100.67,0.9343,2,1,-1
209,14,598.61,591.40,55.12,94.66,0.9169,2,2,-1
209,15,599.13,520.51,33.82,83.86,0.8545,2,1,-1
209,16,1735.02,952.88,76.09,127.12,0.9230,3,0,-1
209,19,1152.78,415.19,26.23,65.17,0.9102,2,2,-1
209,20,415.31,443.31,43.44,64.92,0.9194,2,1,-1
209,21,586.53,291.51,21.92,38.07,0.7736,3,0,-1
209,23,1100.11,380.73,24.45,55.17,0.8267,2,1,-1
209,36,246.03,731.28,56.05,115.34,0.9345,2,2,-1
209,38,571.12,408.58,23.79,59.72,0.8569,2,1,-1
209,39,203.48,521.89,49.13,81.98,0.9382,2,2,-1
209,41,530.58,613.24,46.60,84.90,0.8649,2,1,-1
209,43,123.20,550.98,63.28,88.61,0.9416,2,1,-1
209,0,992.48,384.77,19.45,16.52,1.0,0,-1,-1
210,1,121.05,666.91,58.15,106.89,0.9376,2,1,-1
210,2,917.85,583.56,38.42,100.48,0.9201,2,2,-1
210,3,1085.59,722.16,43.06,111.39,0.9216,2,2,-1
210,5,549.24,624.54,33.00,73.50,0.7266,2,1,-1
210,6,1357.98,611.02,33.28,103.44,0.9283,2,2,-1
210,7,774.68,461.59,34.71,75.61,0.9211,3,0,-1
210,8,621.06,415.71,34.11,69.42,0.9063,2,2,-1
210,10,1265.79,494.97,32.74,80.98,0.8905,2,2,-1
210,11,997.52,535.26,32.91,91.27,0.9170,2,2,-1
210,12,871.91,437.53,27.93,69.00,0.9186,2,1,-1
210,13,1070.14,646.78,37.05,103.14,0.9274,2,1,-1
210,14,616.65,592.45,49.59,94.89,0.9228,2,2,-1
210,15,611.69,518.78,33.86,84.03,0.6319,2,1,-1
210,16,1758.31,956.82,75.20,123.19,0.9134,3,0,-1
210,19,1169.24,414.06,27.05,65.66,0.9111,2,2,-1
210,20,423.83,441.92,48.00,64.89,0.9289,2,1,-1
210,21,596.81,290.87,21.18,35.78,0.7803,3,0,-1
210,23,1115.56,379.54,26.59,63.11,0.8576,2,1,-1
210,36,257.81,724.63,55.87,117.20,0.9355,2,2,-1
210,38,581.51,407.20,26.39,60.84,0.8650,2,1,-1
210,39,212.36,519.68,52.60,82.85,0.9402,2,2,-1
210,43,125.90,549.25,72.03,89.07,0.9402,2,1,-1
210,0,972.97,391.20,19.33,17.30,1.0,0,-1,-1
211,1,128.37,665.15,62.38,103.83,0.9394,2,1,-1
211,2,934.40,583.32,42.22,102.73,0.9251,2,2,-1
211,3,1101.85,722.34,43.40,112.31,0.8950,2,2,-1
211,4,563.44,647.36,30.92,50.22,0.8196,2,1,-1
211,5,552.17,607.00,32.17,54.72,0.8623,2,1,-1
211,6,1376.52,612.02,34.25,104.15,0.9133,2,2,-1
211,7,788.97,459.57,34.76,76.08,0.9158,3,0,-1
211,8,634.58,413.85,34.13,69.41,0.9034,2,2,-1
211,10,1286.31,494.33,32.68,80.40,0.8813,2,2,-1
211,11,1012.99,535.05,33.48,93.47,0.9222,2,2,-1
211,12,886.74,436.60,28.48,70.50,0.9104,2,1,-1
211,13,1081.56,646.84,39.23,105.81,0.9271,2,1,-1
211,14,629.93,593.32,48.57,93.05,0.9233,2,2,-1
211,15,624.52,517.89,33.10,84.59,0.8721,2,1,-1
211,16,1785.45,961.13,75.12,118.92,0.8501,3,0,-1
211,19,1186.71,413.51,27.38,65.43,0.9067,2,2,-1
211,20,431.76,441.04,48.16,65.72,0.9160,2,1,-1
211,21,606.63,288.87,21.97,36.87,0.8165,3,0,-1
211,36,270.59,717.32,57.21,120.19,0.9342,2,2,-1
211,38,594.24,405.94,28.38,59.82,0.8685,2,1,-1
211,39,221.19,516.74,52.90,84.04,0.9359,2,2,-1
211,43,132.97,548.57,71.08,89.05,0.9336,2,1,-1
211,0,954.26,399.20,20.12,16.64,1.0,0,-1,-1
212,1,139.10,663.87,64.08,103.12,0.9370,2,1,-1
212,2,951.19,583.30,44.84,103.71,0.9262,2,2,-1
212,3,1119.81,723.19,42.59,112.04,0.9219,2,2,-1
212,5,560.81,602.99,30.89,52.03,0.8790,2,1,-1
212,6,1395.51,613.51,34.82,104.07,0.9189,2,2,-1
212,7,803.05,458.53,35.60,76.19,0.9181,3,0,-1
212,8,649.24,412.81,33.59,68.42,0.9076,2,2,-1
212,10,1306.11,493.85,34.29,81.88,0.8883,2,2,-1
212,11,1028.59,535.06,34.16,95.06,0.9214,2,2,-1
212,12,902.86,435.22,28.76,71.53,0.9087,2,1,-1
212,13,1094.81,647.51,40.94,106.34,0.9235,2,1,-1
212,14,642.50,592.73,50.59,93.69,0.9010,2,2,-1
212,15,637.64,517.57,33.53,83.27,0.8938,2,1,-1
212,16,1810.64,965.55,75.77,114.49,0.8389,3,0,-1
212,17,1277.84,499.47,31.14,74.44,0.6567,2,1,-1
212,19,1204.57,413.03,28.05,64.74,0.9104,2,2,-1
212,20,440.55,439.02,45.44,64.77,0.9032,2,1,-1
212,21,619.99,287.07,21.74,35.36,0.6002,3,0,-1
212,36,282.58,711.01,56.93,112.74,0.9371,2,2,-1
212,38,607.99,404.89,28.81,59.69,0.7234,2,1,-1
212,39,231.47,513.07,51.27,85.48,0.9313,2,2,-1
212,43,141.35,548.17,65.80,89.89,0.9380,2,1,-1
212,0,935.65,406.78,19.22,16.39,1.0,0,-1,-1
213,1,150.41,662.97,63.52,102.93,0.9315,2,1,-1
213,2,967.40,584.16,47.68,102.95,0.9250,2,2,-1
213,3,1136.53,724.15,42.24,111.70,0.9087,2,2,-1
213,4,589.18,646.40,29.61,46.73,0.5281,2,1,-1
213,5,571.78,599.60,30.20,51.49,0.8780,2,1,-1
213,6,1413.44,614.75,35.79,104.15,0.9163,2,2,-1
213,7,817.99,458.21,35.11,76.26,0.9207,3,0,-1
213,8,664.75,412.18,32.98,68.31,0.9187,2,2,-1
213,10,1326.43,494.58,35.85,84.77,0.8902,2,2,-1
213,11,1044.66,534.71,35.28,95.88,0.9238,2,2,-1
213,12,918.79,435.05,28.57,71.52,0.9035,2,1,-1
213,13,1109.29,648.05,40.69,107.90,0.9232,2,1,-1
213,14,652.83,591.36,54.56,95.35,0.9277,2,2,-1
213,15,651.37,516.76,33.23,83.13,0.8467,2,1,-1
213,16,1833.92,970.53,76.29,109.52,0.7935,3,0,-1
213,17,1293.72,500.24,33.69,86.55,0.7924,2,1,-1
213,19,1221.70,412.05,29.14,65.42,0.9083,2,2,-1
213,20,448.59,437.31,40.68,64.57,0.9175,2,1,-1
213,21,632.76,286.41,21.69,34.91,0.8293,3,0,-1
213,23,1169.13,377.85,25.17,59.43,0.8061,2,1,-1
213,36,295.36,705.68,51.55,103.28,0.9291,2,2,-1
213,38,622.29,403.46,29.62,58.97,0.7594,2,1,-1
213,39,242.91,510.15,46.01,86.68,0.9284,2,2,-1
213,43,150.25,547.17,59.07,89.58,0.9395,2,1,-1
213,0,916.97,414.25,19.42,17.97,1.0,0,-1,-1
214,1,162.52,660.12,62.03,104.24,0.9291,2,1,-1
214,2,984.77,584.89,48.85,104.02,0.9276,2,2,-1
214,3,1152.57,724.86,43.25,111.95,0.8979,2,2,-1
214,4,599.07,642.42,26.98,48.41,0.8261,2,1,-1
214,5,582.96,596.73,29.20,52.22,0.8890,2,1,-1
214,6,1433.02,616.03,36.18,104.65,0.9161,2,2,-1
214,7,832.96,457.51,35.51,78.58,0.9218,3,0,-1
214,8,680.18,411.23,32.23,68.64,0.9160,2,2,-1
214,10,1345.53,494.46,38.88,87.77,0.8738,2,2,-1
214,11,1059.97,535.23,36.37,95.73,0.9215,2,2,-1
214,12,934.64,434.41,28.56,71.89,0.9085,2,1,-1
214,13,1125.01,649.18,39.62,108.21,0.9245,2,1,-1
214,14,663.72,587.48,58.26,97.79,0.9332,2,2,-1
214,15,666.91,517.21,33.51,79.14,0.8117,2,1,-1
214,16,1852.71,975.55,70.71,104.54,0.7375,3,0,-1
214,17,1310.72,500.03,34.07,90.49,0.8738,2,1,-1
214,19,1239.85,411.45,29.43,65.37,0.9082,2,2,-1
214,20,456.10,435.29,38.31,66.61,0.9162,2,1,-1
214,21,644.33,284.85,22.12,37.42,0.8065,3,0,-1
214,23,1187.02,377.56,24.75,55.74,0.7193,2,1,-1
214,36,301.03,701.64,55.15,106.94,0.9323,2,2,-1
214,38,635.37,402.06,26.59,53.54,0.7969,2,1,-1
214,39,255.48,507.82,41.84,86.71,0.9317,2,2,-1
214,43,157.36,545.97,49.71,90.72,0.9351,2,1,-1
214,0,896.52,424.14,21.81,18.24,1.0,0,-1,-1
215,1,177.53,656.44,60.25,106.97,0.9353,2,1,-1
215,2,1000.41,586.61,49.54,102.13,0.9330,2,2,-1
215,3,1170.42,725.27,42.69,113.55,0.9182,2,2,-1
215,4,607.09,644.21,24.34,44.36,0.7159,2,1,-1
215,5,593.19,595.15,27.69,51.60,0.8956,2,1,-1
215,6,1450.66,616.57,37.74,105.56,0.9227,2,2,-1
215,7,848.59,457.50,34.14,78.16,0.9192,3,0,-1
215,8,694.08,410.57,32.52,68.32,0.9197,2,2,-1
215,10,1364.45,496.28,42.07,87.90,0.9092,2,2,-1
215,11,1076.53,535.29,36.19,95.32,0.9162,2,2,-1
215,12,950.75,434.27,28.13,72.03,0.9113,2,1,-1
215,13,1139.91,650.53,39.41,108.85,0.9249,2,1,-1
215,14,676.36,585.74,62.65,98.54,0.9374,2,2,-1
215,15,679.29,516.21,34.41,81.28,0.8790,2,1,-1
215,17,1328.00,500.98,34.52,90.47,0.8867,2,1,-1
215,19,1257.26,410.38,30.23,65.78,0.9090,2,2,-1
215,20,465.21,432.93,40.56,69.70,0.8889,2,1,-1
215,21,657.06,282.20,21.60,38.22,0.8491,3,0,-1
215,23,1205.20,376.82,24.85,54.92,0.7415,2,1,-1
215,36,307.17,696.52,61.79,111.06,0.9292,2,2,-1
215,38,648.54,400.99,26.80,53.89,0.8424,2,1,-1
215,39,266.38,506.23,40.24,87.40,0.9299,2,2,-1
215,43,163.74,543.63,42.96,91.57,0.9222,2,1,-1
215,0,877.03,433.31,21.43,17.74,1.0,0,-1,-1
216,1,192.21,652.95,58.92,107.19,0.9358,2,1,-1
216,2,1015.12,586.71,50.41,102.96,0.9281,2,2,-1
216,3,1186.74,727.11,42.09,115.09,0.8896,2,2,-1
216,6,1469.76,617.19,38.32,106.62,0.9269,2,2,-1
216,7,862.91,456.84,33.56,79.24,0.9148,3,0,-1
216,8,708.06,409.61,33.32,69.12,0.9130,2,2,-1
216,10,1384.43,497.62,43.00,89.74,0.9181,2,2,-1
216,11,1093.15,535.17,36.17,96.23,0.9225,2,2,-1
216,12,966.23,433.20,28.26,73.20,0.9156,2,1,-1
216,13,1155.09,651.95,37.01,109.05,0.9183,2,1,-1
216,14,687.15,582.80,61.78,101.36,0.9289,2,2,-1
216,15,692.59,515.87,34.39,82.06,0.8842,2,1,-1
216,17,1344.76,502.04,34.20,91.83,0.9026,2,1,-1
216,19,1274.96,409.67,30.59,66.02,0.9090,2,2,-1
216,20,474.07,431.29,44.06,70.58,0.9242,2,1,-1
216,21,668.76,280.12,23.12,37.64,0.8699,3,0,-1
216,23,1221.75,375.69,26.05,55.03,0.8098,2,1,-1
216,36,314.75,690.44,65.17,113.78,0.9294,2,2,-1
216,38,661.66,399.83,26.67,55.32,0.8628,2,1,-1
216,39,277.48,505.21,38.73,87.17,0.9288,2,2,-1
216,41,603.42,593.49,34.92,92.20,0.8934,2,1,-1
216,43,171.09,542.21,41.10,93.78,0.9241,2,1,-1
216,0,856.49,443.30,22.59,18.77,1.0,0,-1,-1
217,1,203.73,650.24,66.86,103.19,0.9363,2,1,-1
217,2,1030.03,586.07,51.14,104.16,0.9314,2,2,-1
217,3,1202.38,728.06,42.15,114.83,0.8675,2,2,-1
217,6,1487.92,618.06,38.32,107.48,0.9224,2,2,-1
217,7,877.00,457.09,33.39,79.03,0.9145,3,0,-1
217,8,721.40,408.85,33.49,69.69,0.9178,2,2,-1
217,10,1404.05,499.31,42.83,88.48,0.9209,2,2,-1
217,11,1109.39,535.97,36.02,95.62,0.9207,2,2,-1
217,12,981.61,432.94,28.06,72.75,0.9101,2,1,-1
217,13,1169.53,653.31,36.51,108.05,0.9168,2,1,-1
217,14,699.19,580.49,58.86,102.92,0.9267,2,2,-1
217,15,705.79,514.95,34.11,82.19,0.8242,2,1,-1
217,17,1361.44,503.22,34.95,93.22,0.8870,2,1,-1
217,19,1292.62,408.62,30.50,66.43,0.9073,2,2,-1
217,20,481.74,430.78,46.95,69.32,0.9291,2,1,-1
217,21,678.26,277.80,24.80,39.77,0.7983,3,0,-1
217,23,1239.45,375.96,26.22,55.82,0.7301,2,1,-1
217,36,326.65,683.51,67.53,118.72,0.9299,2,2,-1
217,38,674.02,398.37,25.57,57.06,0.8588,2,1,-1
217,39,288.28,504.79,37.95,87.16,0.9285,2,2,-1
217,41,612.08,592.06,34.14,96.43,0.8952,2,1,-1
217,43,177.51,541.45,40.16,95.04,0.9211,2,1,-1
217,0,835.49,455.45,22.16,17.82,1.0,0,-1,-1
218,1,216.03,648.15,75.28,100.87,0.9353,2,1,-1
218,2,1045.63,587.01,51.25,103.33,0.9274,2,2,-1
218,3,1219.24,729.13,40.47,115.65,0.9039,2,2,-1
218,6,1506.63,618.92,38.09,108.79,0.9284,2,2,-1
218,7,891.30,457.73,32.63,78.92,0.9210,3,0,-1
218,8,735.00,408.28,33.73,70.02,0.9233,2,2,-1
218,10,1424.84,502.20,41.14,86.90,0.9130,2,2,-1
218,11,1125.32,536.21,35.24,95.57,0.9166,2,2,-1
218,12,996.03,432.79,28.69,72.93,0.9178,2,1,-1
218,13,1184.92,654.68,36.37,108.27,0.9093,2,1,-1
218,14,711.55,576.60,51.36,104.96,0.9353,2,2,-1
218,15,719.52,514.54,31.48,74.00,0.7610,2,1,-1
218,17,1377.38,505.43,35.17,92.67,0.9115,2,1,-1
218,19,1310.78,407.98,30.10,66.83,0.9029,2,2,-1
218,20,489.55,430.75,48.65,68.29,0.9239,2,1,-1
218,21,689.34,276.78,25.48,39.80,0.8232,3,0,-1
218,23,1255.52,375.02,28.16,63.38,0.8567,2,1,-1
218,36,342.34,678.47,62.25,112.92,0.9350,2,2,-1
218,38,685.79,396.82,23.88,61.84,0.8888,2,1,-1
218,39,298.71,505.53,37.28,84.32,0.9288,2,2,-1
218,41,622.14,591.70,34.06,88.14,0.8935,2,1,-1
218,43,183.89,542.10,39.82,93.70,0.9200,2,1,-1
218,0,815.53,467.03,20.86,17.85,1.0,0,-1,-1
219,1,227.72,645.28,79.16,100.62,0.9408,2,1,-1
219,2,1061.45,587.00,49.72,104.38,0.9242,2,2,-1
219,3,1235.47,731.19,39.04,116.37,0.9177,2,2,-1
219,6,1524.71,620.68,37.96,108.68,0.9263,2,2,-1
219,7,905.04,457.87,32.24,79.89,0.9170,3,0,-1
219,8,747.53,408.10,34.11,69.30,0.9213,2,2,-1
219,10,1443.25,503.40,40.29,87.25,0.9271,2,2,-1
219,11,1141.94,536.53,34.18,96.86,0.9211,2,2,-1
219,12,1010.81,433.02,28.76,73.75,0.9149,2,1,-1
219,13,1198.03,655.41,33.53,107.60,0.9133,2,1,-1
219,14,720.77,574.84,46.94,106.07,0.9287,2,2,-1
219,15,730.43,514.19,33.69,78.96,0.7811,2,1,-1
219,17,1394.10,507.97,35.47,90.21,0.9107,2,1,-1
219,19,1328.14,408.27,29.38,66.29,0.9009,2,2,-1
219,20,496.23,430.39,46.88,66.81,0.8204,2,1,-1
219,21,700.15,275.48,26.44,41.10,0.7855,3,0,-1
219,23,1272.81,375.50,27.39,61.89,0.8272,2,1,-1
219,36,358.25,673.44,54.66,103.20,0.9280,2,2,-1
219,38,697.47,396.21,22.88,62.58,0.8698,2,1,-1
219,39,305.98,505.37,39.96,84.06,0.9429,2,2,-1
219,41,627.40,590.82,37.55,93.77,0.9113,2,1,-1
219,43,188.81,543.49,40.07,93.73,0.9176,2,1,-1
219,0,791.35,479.23,23.35,18.41,1.0,0,-1,-1
220,1,237.96,641.21,82.18,103.45,0.9446,2,1,-1
220,2,1076.79,587.40,48.23,104.48,0.9081,2,2,-1
220,3,1250.39,733.20,38.61,115.66,0.9137,2,2,-1
220,6,1541.43,622.53,39.07,109.60,0.9315,2,2,-1
220,7,917.79,457.76,32.38,80.11,0.9152,3,0,-1
220,8,759.95,407.26,33.84,70.28,0.9177,2,2,-1
220,10,1461.82,504.17,38.31,86.82,0.9211,2,2,-1
220,11,1156.08,537.32,34.20,96.74,0.9233,2,2,-1
220,12,1024.78,433.48,29.19,75.10,0.9137,2,1,-1
220,13,1210.51,656.74,31.48,107.60,0.9123,2,1,-1
220,14,729.99,575.22,44.42,107.68,0.9250,2,2,-1
220,15,741.12,514.06,34.49,81.97,0.8907,2,1,-1
220,17,1409.80,510.18,35.40,90.01,0.9162,2,1,-1
220,19,1345.41,407.93,29.36,66.34,0.9035,2,2,-1
220,20,502.99,430.35,35.76,53.54,0.8729,2,1,-1
220,21,710.74,274.89,24.15,39.93,0.8238,3,0,-1
220,23,1289.48,375.46,27.46,61.74,0.8297,2,1,-1
220,36,373.10,670.37,60.19,105.42,0.9363,2,2,-1
220,38,708.85,395.23,22.30,62.49,0.8712,2,1,-1
220,39,311.96,505.21,45.41,82.76,0.9332,2,2,-1
220,41,633.82,580.82,38.50,102.86,0.9182,2,1,-1
220,43,193.07,544.99,44.93,95.46,0.9200,2,1,-1
220,0,768.06,491.36,24.38,18.69,1.0,0,-1,-1
221,1,249.34,636.66,86.85,105.71,0.9318,2,1,-1
221,2,1097.81,587.90,42.07,105.03,0.9028,2,2,-1
221,3,1264.75,734.41,38.72,117.61,0.9235,2,2,-1
221,6,1558.61,623.55,38.02,110.12,0.9255,2,2,-1
221,7,930.50,458.37,31.65,79.36,0.9137,3,0,-1
221,8,770.96,406.73,32.76,70.19,0.9090,2,2,-1
221,10,1480.06,504.52,36.54,89.72,0.9226,2,2,-1
221,11,1171.45,537.91,33.31,97.05,0.9174,2,2,-1
221,12,1038.72,433.89,28.99,75.25,0.9152,2,1,-1
221,13,1219.85,658.02,32.70,108.46,0.9020,2,1,-1
221,14,739.55,576.32,44.51,108.48,0.9171,2,2,-1
221,17,1424.26,512.28,36.28,91.58,0.8927,2,1,-1
221,19,1360.94,407.93,29.41,66.43,0.9046,2,2,-1
221,20,510.54,429.30,35.13,54.65,0.8199,2,1,-1
221,21,719.27,274.80,22.59,40.62,0.8130,3,0,-1
221,23,1304.74,375.01,27.90,62.71,0.8101,2,1,-1
221,36,383.63,666.18,58.50,109.28,0.9332,2,2,-1
221,38,717.22,394.90,24.57,63.12,0.8718,2,1,-1
221,39,319.30,503.94,49.78,83.69,0.9394,2,2,-1
221,41,638.92,569.56,42.69,113.88,0.8319,2,1,-1
221,43,193.72,546.11,49.41,91.93,0.9246,2,1,-1
221,0,746.32,504.87,25.78,17.83,1.0,0,-1,-1
222,1,265.66,632.27,86.44,104.39,0.9377,2,1,-1
222,2,1114.75,588.02,37.89,105.70,0.9157,2,2,-1
222,3,1278.36,736.37,38.76,117.91,0.9241,2,2,-1
222,6,1574.94,624.44,38.65,110.75,0.9215,2,2,-1
222,7,942.32,458.02,31.21,80.24,0.9128,3,0,-1
222,8,782.55,406.07,30.73,70.86,0.8930,2,2,-1
222,10,1497.18,504.89,35.53,93.77,0.9250,2,2,-1
222,11,1185.29,538.96,32.55,96.97,0.9123,2,2,-1
222,12,1051.65,434.87,28.80,75.23,0.9171,2,1,-1
222,13,1231.19,659.36,33.02,108.05,0.9164,2,1,-1
222,14,747.76,576.58,44.39,111.99,0.9317,2,2,-1
222,17,1439.87,513.86,35.99,90.17,0.9122,2,1,-1
222,19,1376.09,408.25,30.30,66.69,0.9054,2,2,-1
222,21,729.46,274.17,19.74,36.84,0.8083,3,0,-1
222,23,1320.30,374.71,27.51,63.73,0.8725,2,1,-1
222,36,394.30,661.01,54.64,113.38,0.9340,2,2,-1
222,37,518.35,427.26,30.97,65.72,0.8865,2,2,-1
222,38,723.26,394.50,28.85,62.85,0.8711,2,1,-1
222,39,327.43,503.03,52.91,83.18,0.9371,2,2,-1
222,41,648.34,575.85,25.48,55.13,0.7685,2,1,-1
222,43,186.26,546.59,56.72,92.08,0.9327,2,1,-1
222,0,721.28,518.83,23.37,18.13,1.0,0,-1,-1
223,1,287.33,628.38,80.26,98.84,0.9263,2,1,-1
223,2,1128.78,588.25,35.87,106.53,0.9132,2,2,-1
223,3,1291.02,738.01,38.39,117.40,0.9197,2,2,-1
223,6,1590.55,626.34,39.31,111.78,0.9280,2,2,-1
223,7,954.03,457.94,30.20,79.92,0.9104,3,0,-1
223,8,792.64,405.65,29.30,70.74,0.8961,2,2,-1
223,10,1514.01,506.18,34.17,94.42,0.9237,2,2,-1
223,11,1198.61,539.21,32.23,97.92,0.9142,2,2,-1
223,12,1064.42,435.66,28.82,74.99,0.9098,2,1,-1
223,13,1241.48,661.33,34.05,108.09,0.9193,2,1,-1
223,14,757.02,581.67,42.75,111.14,0.9156,2,2,-1
223,15,769.86,514.23,37.67,88.11,0.7085,2,1,-1
223,17,1454.39,515.69,35.69,88.61,0.9157,2,1,-1
223,19,1391.27,408.01,31.31,67.01,0.9131,2,2,-1
223,21,738.04,273.06,20.17,37.63,0.7586,3,0,-1
223,23,1335.38,374.85,27.38,63.96,0.8760,2,1,-1
223,36,404.45,654.58,50.61,119.49,0.9279,2,2,-1
223,37,523.41,424.93,35.21,68.84,0.9191,2,2,-1
223,38,731.15,394.02,33.77,64.41,0.8765,2,1,-1
223,39,332.57,501.55,55.82,84.09,0.9355,2,2,-1
223,41,650.19,573.48,25.33,50.75,0.6931,2,1,-1
223,43,182.89,546.18,63.68,92.68,0.9315,2,1,-1
223,0,696.59,532.69,23.22,19.03,1.0,0,-1,-1
224,1,309.30,625.62,73.45,101.23,0.9384,2,1,-1
224,2,1141.99,589.06,34.89,106.48,0.9107,2,2,-1
224,3,1303.27,739.26,38.69,119.18,0.9275,2,2,-1
224,6,1605.73,627.37,39.95,112.93,0.9268,2,2,-1
224,7,964.51,457.57,29.77,80.94,0.9136,3,0,-1
224,8,802.20,405.62,28.04,70.69,0.9075,2,2,-1
224,10,1529.53,507.94,34.20,95.44,0.9264,2,2,-1
224,11,1211.36,540.20,32.13,97.67,0.9118,2,2,-1
224,12,1076.43,436.02,28.77,75.14,0.9140,2,1,-1
224,13,1248.49,663.21,38.62,108.57,0.9216,2,1,-1
224,14,765.02,584.71,40.71,109.02,0.9235,2,2,-1
224,15,777.53,513.31,42.24,89.78,0.9150,2,1,-1
224,17,1466.92,516.91,36.72,93.52,0.9061,2,1,-1
224,19,1405.49,408.02,32.84,68.06,0.9140,2,2,-1
224,21,744.58,270.99,21.57,39.50,0.8514,3,0,-1
224,23,1350.28,374.68,26.44,63.73,0.8755,2,1,-1
224,36,413.03,649.93,48.75,111.78,0.9348,2,2,-1
224,37,528.09,423.75,38.37,70.08,0.9147,2,2,-1
224,38,739.47,394.54,36.77,63.31,0.9016,2,1,-1
224,39,337.31,499.65,54.19,85.34,0.9403,2,2,-1
224,41,658.19,569.79,35.81,62.63,0.6754,2,1,-1
224,43,185.07,545.66,70.78,93.62,0.9414,2,1,-1
225,1,322.90,621.97,73.44,104.82,0.7640,2,1,-1
225,2,1153.92,589.67,34.51,107.50,0.9117,2,2,-1
225,3,1314.05,741.04,39.61,119.55,0.9284,2,2,-1
225,6,1620.28,629.00,42.00,112.69,0.9277,2,2,-1
225,7,974.98,457.68,29.11,81.53,0.9215,3,0,-1
225,8,812.03,405.48,26.97,71.11,0.9066,2,2,-1
225,10,1544.31,510.62,34.35,97.13,0.9252,2,2,-1
225,11,1222.81,540.38,32.08,98.39,0.9132,2,2,-1
225,12,1088.54,436.20,29.07,75.72,0.9106,2,1,-1
225,13,1253.14,665.41,46.14,108.82,0.9425,2,1,-1
225,14,771.38,588.42,41.59,108.94,0.9290,2,2,-1
225,15,785.66,513.44,43.45,90.00,0.9119,2,1,-1
225,17,1481.62,517.10,36.28,93.87,0.9106,2,1,-1
225,19,1419.00,408.52,33.35,67.66,0.9167,2,2,-1
225,21,751.39,269.42,23.14,40.70,0.8845,3,0,-1
225,23,1363.48,374.52,26.60,64.12,0.8882,2,1,-1
225,36,421.51,645.59,47.26,96.71,0.9308,2,2,-1
225,37,528.08,423.02,44.82,71.57,0.9291,2,2,-1
225,38,748.78,394.33,37.42,63.46,0.8618,2,1,-1
225,39,341.68,497.58,50.61,86.98,0.9379,2,2,-1
225,41,670.13,593.94,43.99,72.93,0.6071,2,1,-1
225,43,189.51,545.39,70.55,94.02,0.9428,2,1,-1
225,0,817.12,590.31,12.75,13.93,1.0,0,-1,-1
226,1,339.47,618.32,69.68,108.39,0.9284,2,1,-1
226,2,1166.26,590.76,33.76,107.16,0.9118,2,2,-1
226,3,1322.88,742.68,42.17,118.93,0.9272,2,2,-1
226,6,1634.66,630.13,42.52,114.00,0.9329,2,2,-1
226,7,984.43,457.99,29.41,81.62,0.9165,3,0,-1
226,8,820.66,405.41,26.56,70.94,0.9016,2,2,-1
226,10,1557.92,513.43,34.48,95.56,0.9254,2,2,-1
226,11,1233.81,540.99,32.26,98.81,0.9189,2,2,-1
226,12,1100.26,436.76,27.95,75.14,0.9135,2,1,-1
226,13,1255.93,667.87,53.98,107.77,0.9280,2,1,-1
226,14,778.93,590.81,42.15,108.83,0.9306,2,2,-1
226,15,793.12,511.52,42.09,91.52,0.9307,2,1,-1
226,17,1494.04,516.40,37.14,95.48,0.9016,2,1,-1
226,19,1432.18,409.18,32.81,68.02,0.9163,2,2,-1
226,21,757.67,268.32,23.16,40.14,0.8766,3,0,-1
226,23,1376.22,374.52,26.89,65.31,0.8945,2,1,-1
226,36,426.70,641.76,49.85,96.85,0.9248,2,2,-1
226,37,529.07,422.40,48.95,71.52,0.9291,2,2,-1
226,38,757.10,394.84,37.58,63.00,0.9003,2,1,-1
226,39,345.93,495.43,44.66,88.54,0.9295,2,2,-1
226,41,655.31,566.89,65.81,103.93,0.8173,2,1,-1
226,43,197.63,544.71,63.88,93.13,0.9359,2,1,-1
226,0,676.12,529.98,21.18,21.82,1.0,0,-1,-1
227,1,359.00,615.82,62.72,102.42,0.8292,2,1,-1
227,2,1176.14,591.71,34.83,108.69,0.9157,2,2,-1
227,3,1331.81,744.08,45.29,120.17,0.9267,2,2,-1
227,6,1648.69,632.11,42.79,113.98,0.9339,2,2,-1
227,7,992.97,457.59,29.51,82.41,0.9067,3,0,-1
227,8,829.06,405.12,26.16,71.67,0.9018,2,2,-1
227,10,1569.63,516.02,36.64,94.60,0.9263,2,2,-1
227,11,1245.08,541.64,32.24,99.66,0.9210,2,2,-1
227,12,1110.78,436.82,27.55,75.67,0.9124,2,1,-1
227,13,1263.56,670.13,57.55,107.22,0.9305,2,1,-1
227,14,785.75,592.41,43.01,109.43,0.9345,2,2,-1
227,15,799.79,510.02,38.58,92.58,0.9300,2,1,-1
227,17,1505.39,515.40,38.05,98.61,0.7537,2,1,-1
227,19,1444.74,409.18,32.86,68.41,0.9146,2,2,-1
227,21,763.52,267.39,24.60,40.87,0.8688,3,0,-1
227,23,1389.54,374.43,26.39,65.98,0.8944,2,1,-1
227,36,432.51,637.64,48.85,101.49,0.9298,2,2,-1
227,37,530.43,422.58,50.32,73.10,0.9342,2,2,-1
227,38,765.57,394.21,36.99,63.72,0.8800,2,1,-1
227,39,350.12,493.44,40.54,91.22,0.9286,2,2,-1
227,41,658.65,566.76,66.25,93.97,0.8660,2,1,-1
227,43,203.16,543.90,55.81,93.99,0.9367,2,1,-1
227,0,692.36,510.96,20.40,20.93,1.0,0,-1,-1
228,1,377.74,614.44,54.10,96.18,0.9105,2,1,-1
228,2,1186.41,594.20,34.69,106.99,0.9138,2,2,-1
228,3,1341.02,745.74,47.44,119.81,0.9295,2,2,-1
228,6,1662.31,633.60,42.28,115.15,0.9334,2,2,-1
228,7,1000.96,458.40,30.08,82.85,0.9209,3,0,-1
228,8,836.26,405.14,26.10,71.30,0.9091,2,2,-1
228,10,1581.12,516.87,38.77,95.16,0.9220,2,2,-1
228,11,1255.13,542.27,32.69,100.85,0.9251,2,2,-1
228,12,1120.66,436.88,27.67,76.43,0.9163,2,1,-1
228,13,1270.11,672.44,61.51,107.66,0.9353,2,1,-1
228,14,790.36,593.34,44.45,109.78,0.9276,2,2,-1
228,15,807.00,509.31,35.59,93.87,0.9259,2,1,-1
228,17,1516.89,515.41,37.62,99.02,0.8724,2,1,-1
228,19,1456.25,409.81,33.41,67.98,0.9128,2,2,-1
228,21,766.64,266.60,21.76,39.38,0.8484,3,0,-1
228,23,1401.54,374.53,25.71,65.34,0.9044,2,1,-1
228,36,437.81,632.42,47.06,105.63,0.9247,2,2,-1
228,37,535.50,423.79,46.11,71.43,0.9242,2,2,-1
228,38,772.73,392.94,34.64,64.21,0.8291,2,1,-1
228,39,353.01,492.44,38.77,92.05,0.9319,2,2,-1
228,41,656.75,561.30,68.23,97.18,0.5927,2,1,-1
228,43,205.77,542.74,47.05,95.40,0.9394,2,1,-1
228,0,708.28,491.46,19.96,21.33,1.0,0,-1,-1
229,1,393.82,614.51,47.13,93.33,0.9017,2,1,-1
229,2,1195.13,597.01,35.95,108.95,0.9194,2,2,-1
229,3,1349.85,747.08,48.65,120.96,0.9291,2,2,-1
229,6,1673.83,634.79,42.23,115.89,0.9322,2,2,-1
229,7,1008.16,458.79,30.59,82.55,0.9239,3,0,-1
229,8,841.92,404.86,26.89,72.09,0.9050,2,2,-1
229,10,1592.69,518.36,39.87,95.39,0.9226,2,2,-1
229,11,1263.78,543.47,32.55,100.25,0.9184,2,2,-1
229,12,1129.47,437.03,27.47,76.80,0.9108,2,1,-1
229,13,1276.08,674.31,65.26,108.94,0.9456,2,1,-1
229,14,794.37,593.05,44.64,110.82,0.9368,2,2,-1
229,15,813.32,508.69,34.59,94.19,0.9258,2,1,-1
229,17,1527.96,516.51,36.92,97.91,0.8781,2,1,-1
229,19,1467.33,410.11,33.80,68.26,0.9083,2,2,-1
229,21,773.00,266.15,21.64,40.25,0.8732,3,0,-1
229,23,1412.79,374.47,25.79,65.92,0.8698,2,1,-1
229,36,443.51,626.84,47.84,108.16,0.9065,2,2,-1
229,37,536.72,424.34,43.08,71.86,0.9200,2,2,-1
229,38,780.45,392.99,29.51,63.38,0.8707,2,1,-1
229,39,356.07,492.19,37.59,92.40,0.9310,2,2,-1
229,41,656.92,568.35,62.92,98.73,0.7956,2,1,-1
229,43,206.63,541.66,44.19,98.02,0.9295,2,1,-1
229,0,723.29,474.61,18.87,21.26,1.0,0,-1,-1
230,1,406.06,614.57,44.13,91.52,0.9131,2,1,-1
230,2,1204.19,601.39,36.11,107.81,0.9040,2,2,-1
230,3,1358.12,748.18,50.48,122.99,0.9267,2,2,-1
230,6,1685.58,635.79,41.95,117.00,0.9315,2,2,-1
230,7,1014.40,459.30,31.02,83.25,0.9250,3,0,-1
230,8,846.16,405.32,28.78,72.59,0.9172,2,2,-1
230,10,1605.34,518.85,39.63,97.90,0.9238,2,2,-1
230,11,1271.80,544.79,32.90,99.96,0.9173,2,2,-1
230,12,1137.47,437.80,27.12,77.34,0.9092,2,1,-1
230,13,1281.84,675.84,66.48,108.83,0.9321,2,1,-1
230,14,799.04,592.73,43.50,112.16,0.9272,2,2,-1
230,15,817.25,509.38,35.53,93.66,0.9243,2,1,-1
230,17,1537.37,517.84,37.45,99.72,0.8319,2,1,-1
230,19,1477.93,409.97,34.11,68.82,0.9097,2,2,-1
230,21,777.52,265.96,21.08,39.82,0.8484,3,0,-1
230,23,1423.08,374.74,25.79,66.78,0.8905,2,1,-1
230,36,450.40,621.75,46.28,104.01,0.9081,2,2,-1
230,37,537.69,424.47,38.47,71.87,0.9032,2,2,-1
230,38,786.07,392.36,26.43,63.70,0.8770,2,1,-1
230,39,358.94,492.79,36.47,92.00,0.9288,2,2,-1
230,43,206.96,541.42,44.69,98.76,0.9340,2,1,-1
230,0,737.18,458.46,19.20,20.71,1.0,0,-1,-1
231,1,418.14,613.93,41.89,90.65,0.9041,2,1,-1
231,2,1211.74,604.54,36.89,106.30,0.9148,2,2,-1
231,3,1366.75,750.32,52.15,122.54,0.9300,2,2,-1
231,6,1695.49,637.19,43.32,118.07,0.9301,2,2,-1
231,7,1019.60,460.00,32.40,82.51,0.9247,3,0,-1
231,8,851.50,405.42,29.72,73.64,0.9020,2,2,-1
231,9,656.78,577.86,31.38,46.55,0.5413,2,1,-1
231,10,1616.66,519.65,39.99,103.00,0.9215,2,2,-1
231,11,1279.62,546.36,33.83,99.08,0.9276,2,2,-1
231,12,1145.88,438.93,27.00,77.29,0.9135,2,1,-1
231,13,1289.80,676.82,62.00,109.76,0.9317,2,1,-1
231,14,803.16,591.86,41.79,112.52,0.9244,2,2,-1
231,15,819.94,510.24,37.94,93.51,0.9300,2,1,-1
231,17,1545.68,520.76,37.62,100.13,0.7804,2,1,-1
231,19,1490.76,409.44,32.68,69.22,0.9082,2,2,-1
231,21,781.18,265.54,19.79,40.28,0.8434,3,0,-1
231,23,1433.31,375.21,25.84,67.35,0.8853,2,1,-1
231,36,455.15,616.57,48.63,107.45,0.9120,2,2,-1
231,37,538.71,424.71,36.09,72.03,0.9075,2,2,-1
231,38,790.62,391.59,23.93,64.59,0.8880,2,1,-1
231,39,359.52,494.66,36.92,91.06,0.9286,2,2,-1
231,43,206.46,542.30,51.72,100.63,0.9274,2,1,-1
231,0,750.86,442.89,18.72,20.74,1.0,0,-1,-1
232,1,429.05,612.93,39.20,91.53,0.9076,2,1,-1
232,2,1220.01,606.87,36.87,105.26,0.9111,2,2,-1
232,3,1375.93,751.26,52.68,124.27,0.9313,2,2,-1
232,6,1706.71,638.65,43.30,118.27,0.9345,2,2,-1
232,7,1025.06,460.03,33.56,83.57,0.9266,3,0,-1
232,10,1628.03,521.01,40.06,103.40,0.9245,2,2,-1
232,11,1286.90,547.11,35.10,99.56,0.9282,2,2,-1
232,12,1153.41,439.99,27.04,77.55,0.9097,2,1,-1
232,13,1298.87,677.32,56.49,111.13,0.8813,2,1,-1
232,14,806.71,591.64,38.85,113.83,0.9322,2,2,-1
232,15,823.77,511.23,39.08,93.65,0.9337,2,1,-1
232,17,1554.71,522.75,39.01,103.03,0.9048,2,1,-1
232,18,853.53,405.05,34.83,73.19,0.9046,2,2,-1
232,19,1502.49,408.80,31.70,70.19,0.9041,2,2,-1
232,21,785.04,264.12,18.48,39.97,0.8577,3,0,-1
232,23,1443.76,374.90,26.56,67.98,0.8929,2,1,-1
232,36,462.38,612.83,48.70,105.11,0.9172,2,2,-1
232,37,540.95,423.47,34.48,72.48,0.9151,2,-1,-1
232,38,795.06,390.96,21.92,66.44,0.8912,2,1,-1
232,39,356.90,496.18,40.84,88.88,0.9335,2,2,-1
232,41,673.20,586.80,66.91,102.90,0.7052,2,1,-1
232,43,203.99,543.51,55.64,101.48,0.9218,2,1,-1
232,0,764.93,429.51,18.22,18.46,1.0,0,-1,-1
233,2,1227.80,607.05,37.01,106.51,0.9155,2,2,-1
233,3,1384.86,752.89,52.81,125.23,0.9344,2,2,-1
233,6,1716.68,639.67,43.49,118.81,0.9334,2,2,-1
233,7,1030.11,461.86,34.04,82.69,0.9252,3,0,-1
233,10,1637.27,522.87,40.97,105.79,0.9356,2,2,-1
233,11,1293.23,549.09,35.78,99.19,0.9263,2,2,-1
233,12,1160.50,441.32,26.45,77.21,0.9074,2,1,-1
233,13,1304.57,678.14,51.93,111.80,0.8249,2,1,-1
233,14,808.56,592.64,36.43,112.03,0.9255,2,2,-1
233,15,827.75,512.17,40.34,93.32,0.9253,2,1,-1
233,17,1560.81,526.68,40.43,105.20,0.8843,2,1,-1
233,18,858.89,405.95,34.58,73.56,0.9109,2,2,-1
233,19,1513.39,408.72,30.35,70.75,0.9076,2,2,-1
233,21,788.93,263.48,17.97,39.86,0.8461,3,0,-1
233,23,1453.19,375.22,27.42,68.12,0.9019,2,1,-1
233,36,465.47,610.59,50.98,103.90,0.8926,2,2,-1
233,37,542.93,422.99,34.54,73.06,0.9258,2,1,-1
233,38,799.92,391.03,21.95,67.01,0.8576,2,1,-1
233,39,354.58,497.42,46.86,87.07,0.9400,2,2,-1
233,41,656.32,586.74,71.62,104.54,0.7345,2,1,-1
233,43,202.16,545.58,56.00,98.94,0.7641,2,1,-1
233,0,777.38,415.53,17.83,19.12,1.0,0,-1,-1
234,2,1233.39,604.87,38.23,109.50,0.9127,2,2,-1
234,3,1393.38,753.69,52.65,124.15,0.9277,2,2,-1
234,6,1726.07,640.18,44.00,121.24,0.9333,2,2,-1
234,7,1036.41,463.21,33.79,82.47,0.9252,3,0,-1
234,10,1647.54,526.54,41.06,105.50,0.9288,2,2,-1
234,11,1299.21,549.55,37.67,100.51,0.9300,2,2,-1
234,12,1167.22,442.56,26.07,77.43,0.9065,2,1,-1
234,13,1310.52,678.96,41.93,112.03,0.9147,2,1,-1
234,14,811.28,594.55,36.28,112.31,0.9253,2,2,-1
234,15,833.05,512.17,39.65,93.15,0.9381,2,1,-1
234,17,1567.78,530.65,41.14,101.80,0.9286,2,1,-1
234,18,864.16,406.27,35.21,72.74,0.9080,2,2,-1
234,19,1524.33,408.63,28.75,71.24,0.9116,2,2,-1
234,21,791.08,263.07,18.80,39.93,0.8463,3,0,-1
234,23,1461.51,375.38,27.85,68.50,0.8912,2,1,-1
234,36,470.27,609.13,52.16,104.41,0.8882,2,2,-1
234,37,540.83,422.64,37.54,73.07,0.9222,2,1,-1
234,38,797.85,391.37,26.06,66.96,0.8420,2,1,-1
234,39,353.19,498.07,52.35,86.52,0.9407,2,2,-1
234,41,663.31,591.09,69.07,101.09,0.8128,2,1,-1
234,43,187.99,547.85,68.77,98.50,0.9134,2,1,-1
235,2,1240.65,604.45,37.40,110.57,0.9143,2,2,-1
235,3,1402.80,755.57,52.53,125.88,0.9281,2,2,-1
235,6,1733.78,641.84,46.37,121.36,0.9366,2,2,-1
235,7,1041.63,464.97,34.11,80.52,0.9245,3,0,-1
235,10,1655.96,530.00,40.89,102.97,0.9227,2,2,-1
235,11,1305.05,549.65,38.57,101.32,0.9231,2,2,-1
235,12,1172.94,444.39,25.97,77.83,0.9091,2,1,-1
235,13,1314.20,679.76,38.95,116.30,0.8911,2,1,-1
235,14,812.80,596.81,37.11,115.33,0.9220,2,2,-1
235,15,836.03,513.12,38.42,91.08,0.9323,2,1,-1
235,17,1575.63,534.09,40.85,102.51,0.9179,2,1,-1
235,18,869.21,406.59,35.37,72.80,0.9163,2,2,-1
235,19,1533.12,408.92,27.91,71.63,0.9093,2,2,-1
235,21,791.82,262.54,20.04,40.54,0.7930,3,0,-1
235,23,1470.21,375.69,28.46,69.92,0.9162,2,1,-1
235,36,475.82,606.69,51.08,104.29,0.8945,2,2,-1
235,37,539.30,422.96,39.31,73.89,0.9267,2,1,-1
235,38,802.19,392.95,28.47,65.19,0.8757,2,1,-1
235,39,354.99,498.92,54.97,85.80,0.9433,2,2,-1
235,41,677.46,638.18,35.26,55.30,0.6447,2,1,-1
235,43,181.41,548.97,78.17,97.67,0.9223,2,1,-1
236,2,1246.82,602.60,36.87,113.66,0.9087,2,2,-1
236,3,1411.41,756.87,52.58,126.75,0.9362,2,2,-1
236,6,1742.22,643.87,48.81,121.16,0.9323,2,2,-1
236,7,1046.98,465.63,34.61,81.35,0.9286,3,0,-1
236,10,1663.13,532.41,40.76,102.17,0.9263,2,2,-1
236,11,1310.22,549.21,39.44,103.02,0.9291,2,2,-1
236,12,1178.73,445.93,25.89,77.63,0.9148,2,1,-1
236,13,1318.26,681.37,34.05,119.40,0.9042,2,1,-1
236,14,810.06,599.59,40.49,117.35,0.9135,2,2,-1
236,15,838.04,514.85,37.85,88.29,0.9245,2,1,-1
236,17,1582.74,537.11,40.30,102.80,0.9185,2,1,-1
236,18,873.67,406.66,35.07,72.97,0.9152,2,2,-1
236,19,1542.58,409.13,26.92,72.29,0.9144,2,2,-1
236,21,792.79,262.56,21.29,40.79,0.8282,3,0,-1
236,23,1477.58,375.84,28.71,69.39,0.9113,2,1,-1
236,36,482.03,603.49,47.04,103.55,0.8830,2,2,-1
236,37,538.10,423.54,39.04,73.15,0.9232,2,1,-1
236,38,802.71,394.97,32.02,63.67,0.8956,2,1,-1
236,39,356.14,498.74,53.42,86.93,0.9368,2,2,-1
236,43,178.44,549.97,76.41,97.17,0.9297,2,1,-1
237,2,1252.65,601.35,35.78,113.53,0.9021,2,2,-1
237,3,1419.75,758.75,52.41,127.78,0.9367,2,2,-1
237,6,1749.57,644.93,51.93,122.46,0.9331,2,2,-1
237,7,1050.64,466.49,35.77,81.54,0.9298,3,0,-1
237,10,1667.96,533.74,42.03,102.73,0.9212,2,2,-1
237,11,1315.12,549.32,38.31,103.18,0.9276,2,2,-1
237,12,1183.95,447.68,26.73,76.66,0.8998,2,1,-1
237,13,1320.04,682.27,35.21,120.47,0.9195,2,1,-1
237,14,813.01,604.28,39.25,109.45,0.9016,2,2,-1
237,15,839.64,516.48,36.92,87.66,0.9234,2,1,-1
237,17,1589.06,538.35,40.26,102.56,0.9258,2,1,-1
237,18,876.75,406.07,35.22,74.30,0.9137,2,2,-1
237,19,1551.19,408.87,26.09,73.38,0.9162,2,2,-1
237,21,793.93,262.05,20.59,39.83,0.5282,3,0,-1
237,23,1483.57,375.49,30.58,70.54,0.9133,2,1,-1
237,36,486.14,599.67,43.87,105.18,0.9061,2,2,-1
237,37,536.32,424.92,36.74,70.79,0.8961,2,1,-1
237,38,802.55,393.22,36.37,66.36,0.9204,2,1,-1
237,39,356.04,496.99,49.78,87.15,0.9345,2,2,-1
237,43,177.39,550.39,65.52,96.86,0.9293,2,1,-1
237,0,823.08,371.53,17.25,19.22,1.0,0,-1,-1
238,2,1258.41,598.92,34.35,114.56,0.9144,2,2,-1
238,3,1424.88,758.83,54.90,128.17,0.9338,2,2,-1
238,6,1755.57,645.45,54.91,123.27,0.9325,2,2,-1
238,7,1053.71,467.52,37.24,80.25,0.9384,3,0,-1
238,10,1674.74,533.90,38.60,102.74,0.9234,2,2,-1
238,11,1318.72,549.54,38.84,103.73,0.9271,2,2,-1
238,12,1187.71,450.54,33.24,73.89,0.9262,2,1,-1
238,13,1320.81,683.66,38.21,124.06,0.9163,2,1,-1
238,14,812.17,607.86,41.08,111.48,0.9298,2,2,-1
238,15,841.11,518.60,35.83,86.52,0.9131,2,1,-1
238,17,1594.11,540.14,40.28,101.69,0.9264,2,1,-1
238,18,879.71,405.65,34.16,74.65,0.9023,2,2,-1
238,19,1558.09,409.10,25.28,73.35,0.9104,2,2,-1
238,21,795.23,261.65,20.24,39.95,0.6540,3,0,-1
238,23,1488.83,375.30,31.58,71.47,0.9163,2,1,-1
238,36,488.81,597.26,41.90,106.25,0.8994,2,2,-1
238,37,531.38,424.92,36.74,72.35,0.8978,2,1,-1
238,38,803.39,393.46,37.35,66.39,0.9170,2,1,-1
238,39,355.60,494.86,46.50,89.82,0.9336,2,2,-1
238,43,178.84,549.49,57.15,96.72,0.9360,2,1,-1
238,0,832.40,364.25,16.95,17.36,1.0,0,-1,-1
239,2,1262.34,595.73,33.18,115.60,0.9072,2,2,-1
239,3,1429.39,759.20,56.25,128.90,0.9336,2,2,-1
239,6,1761.83,645.98,57.49,124.29,0.9255,2,2,-1
239,7,1056.46,468.91,38.13,79.14,0.9309,3,0,-1
239,10,1680.94,534.08,35.08,103.92,0.9231,2,2,-1
239,11,1319.88,549.66,38.46,102.53,0.9263,2,2,-1
239,12,1190.07,453.90,37.76,72.84,0.9250,2,1,-1
239,13,1321.43,686.26,40.43,122.69,0.9278,2,1,-1
239,14,811.52,608.91,42.13,111.15,0.9242,2,2,-1
239,15,842.47,520.16,35.43,85.72,0.8974,2,1,-1
239,17,1598.05,540.34,41.11,102.17,0.9084,2,1,-1
239,18,881.15,406.11,34.32,74.54,0.8980,2,2,-1
239,19,1564.31,408.73,24.82,73.66,0.9130,2,2,-1
239,21,795.22,261.26,20.02,40.95,0.7216,3,0,-1
239,23,1495.44,375.01,30.76,70.71,0.9139,2,1,-1
239,36,491.07,594.68,41.79,100.90,0.9141,2,2,-1
239,37,529.22,424.19,36.52,72.75,0.8691,2,1,-1
239,38,804.45,393.65,35.91,66.38,0.8943,2,1,-1
239,39,353.94,491.46,42.05,93.27,0.9306,2,2,-1
239,43,179.24,548.59,53.93,96.21,0.9346,2,1,-1
239,45,630.45,592.05,63.57,107.73,0.9119,2,-1,-1
239,0,841.04,356.31,16.60,17.69,1.0,0,-1,-1
240,1,457.74,593.97,50.53,100.63,0.9180,2,1,-1
240,2,1265.79,592.68,32.91,117.38,0.9140,2,2,-1
240,3,1437.04,758.95,55.09,127.61,0.9321,2,2,-1
240,6,1767.13,646.68,59.95,124.28,0.9304,2,2,-1
240,7,1059.09,470.11,39.39,78.21,0.9378,3,0,-1
240,10,1686.54,533.24,32.89,105.28,0.9190,2,2,-1
240,11,1316.68,549.39,40.25,100.64,0.9220,2,2,-1
240,12,1189.10,456.87,42.75,70.30,0.9280,2,1,-1
240,13,1322.34,687.37,41.57,123.21,0.9274,2,1,-1
240,14,809.39,609.00,44.31,111.95,0.9209,2,2,-1
240,15,846.09,520.81,32.60,78.10,0.8486,2,1,-1
240,17,1600.91,540.71,41.25,102.43,0.9387,2,1,-1
240,18,881.33,406.34,35.43,74.49,0.9216,2,2,-1
240,19,1569.18,408.52,24.53,73.76,0.9086,2,2,-1
240,20,528.24,423.28,32.89,44.40,0.8178,2,1,-1
240,21,792.72,260.31,18.81,38.73,0.8577,3,0,-1
240,23,1499.91,374.70,31.39,70.28,0.9158,2,1,-1
240,38,804.96,393.14,33.88,66.02,0.8790,2,1,-1
240,39,350.25,489.82,34.87,94.98,0.9180,2,2,-1
240,43,178.13,545.45,50.76,98.86,0.9329,2,1,-1
240,45,620.48,595.57,59.94,108.35,0.9119,2,-1,-1
240,0,848.67,348.58,16.23,17.81,1.0,0,-1,-1
241,1,454.29,589.28,53.57,104.85,0.9225,2,1,-1
241,2,1268.89,589.77,32.45,117.80,0.9197,2,2,-1
241,3,1440.82,758.20,55.93,128.65,0.9340,2,2,-1
241,6,1772.65,646.72,62.03,125.00,0.9294,2,2,-1
241,7,1061.87,470.90,39.58,76.41,0.9358,3,0,-1
241,10,1690.44,532.55,32.51,107.07,0.9174,2,2,-1
241,11,1312.03,548.68,43.63,98.43,0.9337,2,2,-1
241,12,1187.26,459.50,47.91,67.78,0.9332,2,1,-1
241,13,1323.16,688.41,40.57,122.74,0.9273,2,1,-1
241,14,807.52,607.06,45.82,114.69,0.9192,2,2,-1
241,15,843.76,519.96,34.87,84.64,0.7991,2,1,-1
241,17,1603.22,540.30,41.99,104.34,0.9297,2,1,-1
241,18,880.87,406.36,36.55,74.66,0.9236,2,2,-1
241,19,1574.68,407.66,24.24,74.30,0.9086,2,2,-1
241,21,789.01,258.93,19.97,39.40,0.8546,3,0,-1
241,23,1503.47,373.10,32.49,72.37,0.9151,2,1,-1
241,37,519.55,420.82,38.42,74.96,0.9170,2,1,-1
241,38,804.29,392.44,31.50,67.35,0.8888,2,1,-1
241,39,346.57,488.46,30.39,94.75,0.9150,2,2,-1
241,43,175.61,543.29,45.99,100.89,0.9242,2,1,-1
241,45,615.25,599.11,55.41,104.76,0.9037,2,-1,-1
241,0,856.08,342.68,16.11,17.41,1.0,0,-1,-1
242,2,1270.27,588.14,32.56,117.61,0.9224,2,2,-1
242,3,1445.97,757.10,55.40,130.36,0.9362,2,2,-1
242,6,1777.69,646.21,61.83,125.22,0.9321,2,2,-1
242,7,1063.33,471.32,39.86,75.11,0.9344,3,0,-1
242,10,1693.54,532.74,32.54,107.79,0.9169,2,2,-1
242,11,1312.44,548.11,43.58,97.93,0.9243,2,2,-1
242,12,1185.10,460.66,52.32,66.98,0.9332,2,1,-1
242,13,1322.86,688.73,38.26,123.97,0.9300,2,1,-1
242,14,806.74,605.18,47.12,116.57,0.9192,2,2,-1
242,17,1606.63,539.47,40.07,107.47,0.9238,2,1,-1
242,18,880.62,407.17,36.76,73.83,0.9185,2,2,-1
242,19,1578.12,406.96,24.33,75.29,0.9105,2,2,-1
242,21,786.65,258.35,20.47,39.15,0.8688,3,0,-1
242,23,1507.41,373.07,31.80,71.94,0.9154,2,1,-1
242,33,850.11,518.37,30.67,66.51,0.7882,2,1,-1
242,36,494.20,590.90,40.77,100.73,0.9297,2,2,-1
242,37,515.94,419.25,39.80,76.82,0.9208,2,1,-1
242,38,804.55,391.63,27.30,67.16,0.8813,2,1,-1
242,39,343.49,488.14,28.75,94.95,0.9172,2,2,-1
242,43,174.63,539.95,41.71,104.27,0.9285,2,1,-1
242,45,612.60,601.09,53.12,102.77,0.9190,2,1,-1
242,0,863.69,337.66,15.56,16.73,1.0,0,-1,-1
243,2,1269.41,588.18,34.73,116.57,0.9295,2,2,-1
243,3,1451.83,757.21,53.62,131.17,0.9313,2,2,-1
243,6,1783.02,645.06,61.71,125.71,0.9351,2,2,-1
243,7,1065.16,470.29,40.19,76.75,0.9307,3,0,-1
243,10,1695.13,533.70,33.01,107.18,0.9219,2,2,-1
243,11,1320.30,546.87,38.23,97.00,0.9050,2,2,-1
243,12,1182.86,459.27,57.21,69.38,0.9360,2,1,-1
243,13,1322.84,688.91,34.04,119.30,0.8865,2,1,-1
243,14,806.26,602.45,48.70,120.03,0.9231,2,2,-1
243,15,845.89,515.44,35.77,89.25,0.8444,2,1,-1
243,17,1609.69,538.61,37.51,110.83,0.9094,2,1,-1
243,18,880.94,409.42,36.36,71.58,0.9116,2,2,-1
243,19,1582.01,407.08,24.72,74.30,0.9109,2,2,-1
243,21,785.87,257.74,19.25,39.28,0.8660,3,0,-1
243,23,1509.60,372.60,32.58,72.26,0.9026,2,1,-1
243,36,494.51,587.88,42.04,103.07,0.9288,2,2,-1
243,37,511.89,418.52,41.33,76.18,0.9297,2,1,-1
243,38,804.37,390.73,24.68,68.40,0.8692,2,1,-1
243,39,338.24,488.75,30.55,94.15,0.9179,2,2,-1
243,43,171.90,539.03,40.71,102.54,0.9227,2,1,-1
243,45,601.35,602.06,63.24,100.00,0.9292,2,1,-1
243,0,869.38,334.76,15.37,15.20,1.0,0,-1,-1
244,1,442.03,580.91,60.24,111.30,0.9341,2,1,-1
244,2,1268.27,588.41,37.05,116.59,0.9252,2,2,-1
244,3,1456.81,757.81,51.77,131.10,0.9277,2,2,-1
244,6,1788.30,644.36,59.69,125.22,0.9294,2,2,-1
244,7,1065.78,469.37,41.63,78.17,0.9324,3,0,-1
244,10,1696.02,534.64,33.41,106.75,0.9331,2,2,-1
244,11,1314.18,543.64,42.51,100.99,0.9269,2,2,-1
244,12,1174.90,457.35,64.06,70.25,0.9273,2,1,-1
244,13,1319.81,687.92,33.99,124.68,0.8578,2,1,-1
244,14,805.90,600.45,48.95,121.42,0.9239,2,2,-1
244,15,845.17,513.16,38.93,92.40,0.9079,2,1,-1
244,17,1610.88,541.48,36.07,110.28,0.7850,2,1,-1
244,18,879.79,410.82,37.17,69.68,0.9077,2,2,-1
244,19,1583.68,406.56,25.12,74.82,0.9082,2,2,-1
244,21,783.66,257.15,19.27,39.73,0.5472,3,0,-1
244,23,1511.12,371.89,32.97,72.69,0.9019,2,1,-1
244,37,507.99,418.08,42.03,75.91,0.9249,2,1,-1
244,38,803.37,389.25,23.57,68.53,0.8729,2,1,-1
244,39,332.88,490.01,33.46,94.02,0.9248,2,2,-1
244,43,166.33,538.97,42.73,101.70,0.9269,2,1,-1
244,45,584.68,603.46,82.30,101.00,0.9388,2,1,-1
244,0,875.19,330.64,15.86,15.89,1.0,0,-1,-1
245,1,434.67,580.28,62.68,107.46,0.9318,2,1,-1
245,2,1268.14,589.31,38.91,115.87,0.9230,2,2,-1
245,3,1461.40,757.38,50.24,132.24,0.9248,2,2,-1
245,6,1793.50,642.83,56.38,126.09,0.9344,2,2,-1
245,7,1067.11,467.76,42.59,79.63,0.9336,3,0,-1
245,10,1696.15,535.18,35.31,106.44,0.9312,2,2,-1
245,11,1314.18,540.77,42.96,105.48,0.9185,2,2,-1
245,12,1175.35,456.62,48.67,48.46,0.7697,2,1,-1
245,13,1318.01,702.79,31.96,110.62,0.8113,2,1,-1
245,14,805.78,599.32,48.06,121.39,0.9237,2,2,-1
245,15,846.32,575.28,14.40,29.34,0.6553,2,1,-1
245,17,1612.73,540.35,35.75,112.79,0.8705,2,1,-1
245,18,879.53,412.18,37.86,68.25,0.9074,2,2,-1
245,19,1584.37,406.52,26.85,74.21,0.9145,2,2,-1
245,21,781.60,256.74,18.44,39.12,0.8563,3,0,-1
245,23,1513.20,371.38,32.99,72.35,0.9065,2,1,-1
245,33,849.72,512.74,34.17,77.69,0.6758,2,1,-1
245,36,490.14,579.81,53.14,109.45,0.9211,2,2,-1
245,37,504.83,417.48,41.49,75.40,0.9271,2,1,-1
245,38,801.33,389.10,22.93,68.91,0.8557,2,1,-1
245,39,328.71,491.61,34.94,92.89,0.9223,2,2,-1
245,43,158.11,538.63,46.36,101.16,0.9368,2,1,-1
245,45,570.30,604.67,91.19,101.22,0.9374,2,1,-1
245,0,881.58,328.56,15.05,15.32,1.0,0,-1,-1
246,1,427.37,580.63,64.87,107.48,0.9219,2,1,-1
246,2,1265.13,589.87,43.17,115.76,0.9263,2,2,-1
246,3,1463.70,759.02,49.64,132.05,0.9328,2,2,-1
246,6,1798.98,642.60,54.28,127.85,0.9342,2,2,-1
246,7,1069.55,466.70,42.70,80.30,0.9333,3,0,-1
246,10,1696.73,535.36,36.31,106.73,0.9261,2,2,-1
246,11,1314.36,537.72,42.85,105.82,0.9226,2,2,-1
246,12,1162.03,456.34,63.75,66.67,0.8698,2,1,-1
246,13,1316.70,688.66,35.56,124.54,0.8161,2,1,-1
246,14,805.12,598.88,47.71,122.93,0.9251,2,2,-1
246,17,1615.03,541.33,34.15,114.39,0.8640,2,1,-1
246,18,880.07,413.84,39.64,65.91,0.9039,2,2,-1
246,19,1587.67,406.75,26.69,72.58,0.9143,2,2,-1
246,21,776.31,255.12,20.81,41.02,0.8653,3,0,-1
246,23,1516.49,370.76,32.56,72.31,0.9218,2,1,-1
246,33,854.63,512.13,37.10,77.40,0.8300,2,1,-1
246,36,487.13,576.42,56.67,108.07,0.9262,2,2,-1
246,37,503.86,417.88,35.51,73.87,0.9286,2,1,-1
246,38,796.55,387.89,26.03,70.59,0.8955,2,1,-1
246,39,321.35,492.40,37.11,92.84,0.9205,2,2,-1
246,43,150.38,539.34,49.36,101.29,0.9306,2,1,-1
246,45,559.70,606.88,94.58,98.69,0.9279,2,1,-1
246,0,840.08,582.82,17.31,16.96,1.0,0,-1,-1
247,1,423.99,580.19,63.67,103.99,0.9022,2,1,-1
247,2,1261.61,590.21,47.57,116.44,0.9218,2,2,-1
247,3,1465.19,760.15,51.29,132.96,0.9297,2,2,-1
247,6,1803.66,643.33,52.62,128.30,0.9310,2,2,-1
247,7,1074.31,466.13,41.15,80.51,0.9280,3,0,-1
247,10,1697.07,535.75,36.75,106.40,0.9245,2,2,-1
247,11,1318.48,536.03,39.03,104.08,0.9257,2,2,-1
247,12,1156.82,456.65,58.53,69.51,0.8821,2,1,-1
247,13,1307.93,688.33,43.18,125.87,0.8799,2,1,-1
247,14,805.69,598.83,46.73,118.94,0.9296,2,2,-1
247,17,1619.95,586.78,21.32,69.22,0.6107,2,1,-1
247,18,880.33,414.33,42.18,65.92,0.9036,2,2,-1
247,19,1588.21,405.99,27.58,73.03,0.9147,2,2,-1
247,21,773.58,253.94,21.86,41.13,0.8698,3,0,-1
247,23,1517.78,370.19,32.99,72.44,0.9145,2,1,-1
247,33,849.52,512.12,43.10,83.72,0.7988,2,1,-1
247,36,486.11,575.18,56.75,104.93,0.9266,2,2,-1
247,37,502.72,415.93,31.39,75.07,0.9194,2,1,-1
247,38,791.57,388.19,29.12,69.64,0.9057,2,1,-1
247,39,314.22,492.65,40.46,92.78,0.9213,2,2,-1
247,43,144.69,540.52,50.88,102.10,0.9244,2,1,-1
247,45,554.26,608.78,89.21,96.41,0.7997,2,1,-1
247,0,839.95,583.88,12.70,14.52,1.0,0,-1,-1
248,1,423.18,578.78,62.34,105.07,0.9163,2,1,-1
248,2,1259.32,589.57,50.26,117.43,0.9240,2,2,-1
248,3,1465.94,760.08,51.83,132.87,0.9342,2,2,-1
248,6,1806.81,644.12,51.27,128.50,0.9302,2,2,-1
248,7,1081.94,464.09,37.14,82.60,0.9118,3,0,-1
248,10,1697.20,535.09,34.38,107.49,0.9239,2,2,-1
248,11,1321.88,535.25,34.63,100.30,0.9250,2,2,-1
248,12,1149.27,456.03,57.44,69.75,0.8988,2,1,-1
248,13,1302.46,689.73,49.80,125.11,0.9334,2,1,-1
248,14,805.01,598.79,46.77,115.95,0.9319,2,2,-1
248,18,881.15,415.56,43.82,64.13,0.9223,2,2,-1
248,19,1588.59,404.99,28.01,72.57,0.9186,2,2,-1
248,21,771.12,254.38,21.57,40.06,0.8696,3,0,-1
248,23,1519.61,370.17,31.78,71.91,0.9081,2,1,-1
248,33,845.71,511.26,54.93,84.06,0.9138,2,1,-1
248,36,484.51,574.51,55.04,98.59,0.9257,2,2,-1
248,37,498.89,413.66,30.31,76.66,0.9140,2,1,-1
248,38,788.10,387.78,32.19,70.23,0.9191,2,1,-1
248,39,307.90,491.55,41.43,93.92,0.9274,2,2,-1
248,43,141.49,540.79,50.85,101.87,0.9332,2,1,-1
248,45,553.31,608.88,73.28,95.57,0.9161,2,1,-1
248,0,896.93,325.97,14.59,15.69,1.0,0,-1,-1
249,1,424.10,575.67,58.66,105.76,0.9315,2,1,-1
249,2,1258.55,588.21,50.96,117.93,0.9244,2,2,-1
249,3,1466.37,760.03,52.69,132.94,0.9330,2,2,-1
249,6,1809.56,645.11,50.90,128.28,0.9284,2,2,-1
249,7,1089.80,462.73,31.79,83.72,0.9082,3,0,-1
249,10,1695.54,534.56,33.50,107.93,0.9216,2,2,-1
249,11,1319.14,534.84,34.59,98.04,0.9262,2,2,-1
249,12,1143.82,455.17,60.03,70.45,0.9106,2,1,-1
249,13,1291.47,690.43,60.16,124.74,0.9202,2,1,-1
249,14,803.98,598.23,48.09,113.32,0.9315,2,2,-1
249,18,880.31,416.19,45.80,63.85,0.9311,2,2,-1
249,19,1587.47,404.24,29.32,72.02,0.9227,2,2,-1
249,21,769.42,253.79,21.14,39.70,0.8727,3,0,-1
249,23,1520.79,369.65,30.74,72.18,0.9095,2,1,-1
249,33,846.92,511.12,59.05,79.53,0.9051,2,1,-1
249,36,482.34,571.44,53.24,98.89,0.9236,2,2,-1
249,37,495.42,411.71,29.47,80.97,0.9217,2,1,-1
249,38,786.27,387.69,32.99,70.38,0.9281,2,1,-1
249,39,303.43,490.63,41.20,93.96,0.9290,2,2,-1
249,43,138.73,539.94,50.33,102.49,0.9320,2,1,-1
249,45,550.32,608.05,61.00,95.46,0.9354,2,1,-1
249,46,1622.73,545.68,28.65,59.87,0.8892,2,-1,-1
249,0,901.65,326.68,14.68,15.35,1.0,0,-1,-1
250,1,425.18,572.05,54.41,108.90,0.9332,2,1,-1
250,2,1257.59,586.52,50.61,119.68,0.9272,2,2,-1
250,3,1466.83,759.88,53.93,133.68,0.9272,2,2,-1
250,6,1809.47,645.94,51.11,128.49,0.9286,2,2,-1
250,7,1094.62,461.46,29.15,84.92,0.9129,3,0,-1
250,10,1696.11,533.46,32.99,109.56,0.9157,2,2,-1
250,11,1312.53,534.96,39.57,98.40,0.9281,2,2,-1
250,12,1137.87,453.07,62.78,73.71,0.9202,2,1,-1
250,13,1289.51,692.02,63.13,124.25,0.9246,2,1,-1
250,14,802.26,597.75,49.20,114.05,0.9347,2,2,-1
250,18,879.80,416.17,47.51,63.16,0.9292,2,2,-1
250,19,1587.52,403.89,28.84,71.60,0.9217,2,2,-1
250,21,767.31,252.76,20.96,41.03,0.8663,3,0,-1
250,23,1521.23,369.18,30.52,72.55,0.9120,2,1,-1
250,33,848.16,510.46,64.48,79.74,0.9202,2,1,-1
250,36,482.11,568.37,51.34,101.48,0.9256,2,2,-1
250,37,491.39,410.82,28.89,79.40,0.9177,2,1,-1
250,38,784.79,387.78,33.81,70.41,0.9300,2,1,-1
250,39,300.82,489.51,41.87,94.60,0.9228,2,2,-1
250,43,135.64,538.19,50.54,104.60,0.9284,2,1,-1
250,45,543.77,606.96,51.93,96.33,0.9331,2,1,-1
250,46,1616.84,545.53,39.11,111.36,0.9065,2,-1,-1
250,0,905.65,328.68,14.48,14.78,1.0,0,-1,-1
251,1,423.66,570.20,54.68,109.95,0.9366,2,1,-1
251,2,1256.72,585.23,48.99,121.11,0.9317,2,2,-1
251,3,1468.19,758.99,55.09,134.73,0.9306,2,2,-1
251,6,1808.89,646.46,52.95,127.70,0.9304,2,2,-1
251,7,1097.66,461.37,28.57,85.56,0.9092,3,0,-1
251,10,1696.79,532.80,32.59,110.23,0.9133,2,2,-1
251,11,1309.61,533.41,44.37,99.93,0.9235,2,2,-1
251,12,1131.90,451.50,61.98,74.24,0.9174,2,1,-1
251,13,1283.06,692.02,68.46,126.20,0.9250,2,1,-1
251,14,802.20,596.41,49.31,115.46,0.9359,2,2,-1
251,18,877.79,415.62,50.89,64.45,0.9290,2,2,-1
251,19,1587.56,403.63,28.36,71.25,0.9235,2,2,-1
251,21,765.96,251.59,20.07,41.73,0.8632,3,0,-1
251,23,1521.63,368.84,29.77,72.42,0.9094,2,1,-1
251,33,848.77,510.23,66.52,77.57,0.9113,2,1,-1
251,36,481.33,563.06,48.47,104.97,0.9267,2,2,-1
251,37,487.41,410.06,28.65,78.33,0.9024,2,1,-1
251,38,783.68,387.04,33.48,70.63,0.9224,2,1,-1
251,39,297.71,487.49,42.97,94.90,0.9207,2,2,-1
251,43,132.81,535.75,50.50,106.57,0.9329,2,1,-1
251,45,536.94,605.90,50.07,95.88,0.9254,2,1,-1
251,46,1618.37,544.42,35.96,113.83,0.9108,2,-1,-1
251,0,910.42,330.79,14.15,15.09,1.0,0,-1,-1
252,1,419.61,569.31,57.34,109.52,0.9402,2,1,-1
252,2,1256.75,584.43,47.35,119.13,0.9344,2,2,-1
252,3,1470.87,758.64,54.60,134.14,0.9305,2,2,-1
252,6,1810.15,645.70,55.17,128.41,0.9299,2,2,-1
252,7,1100.41,462.21,32.30,85.43,0.9137,3,0,-1
252,10,1695.96,532.99,34.58,109.91,0.9106,2,2,-1
252,11,1310.09,530.11,44.83,102.74,0.9245,2,2,-1
252,12,1124.96,449.46,51.26,76.73,0.8825,2,1,-1
252,13,1283.34,692.32,67.83,126.32,0.9332,2,1,-1
252,14,802.51,593.74,50.26,119.13,0.9288,2,2,-1
252,18,877.70,413.63,54.02,64.76,0.9245,2,2,-1
252,19,1589.37,403.78,27.39,70.61,0.9158,2,2,-1
252,21,764.75,250.13,18.54,40.81,0.8488,3,0,-1
252,23,1522.87,368.19,29.27,72.62,0.9159,2,1,-1
252,33,852.82,510.38,63.96,77.49,0.9052,2,1,-1
252,36,477.16,559.02,41.96,107.67,0.9119,2,2,-1
252,37,482.26,410.25,29.44,77.08,0.9115,2,1,-1
252,38,782.43,387.20,32.36,69.48,0.9211,2,1,-1
252,39,295.01,484.29,41.87,97.04,0.9192,2,2,-1
252,43,127.93,534.36,52.38,104.88,0.9284,2,1,-1
252,45,529.47,606.14,50.87,94.56,0.9083,2,1,-1
252,46,1619.86,543.57,35.07,115.07,0.9043,2,1,-1
252,0,914.21,334.68,14.55,14.26,1.0,0,-1,-1
253,1,414.70,568.74,61.37,104.21,0.9446,2,1,-1
253,2,1257.21,582.39,45.72,118.64,0.9320,2,2,-1
253,3,1473.53,757.12,55.23,134.85,0.9302,2,2,-1
253,6,1810.76,645.54,57.94,127.05,0.9296,2,2,-1
253,7,1103.69,463.80,34.98,85.99,0.9128,3,0,-1
253,10,1691.90,532.89,39.12,111.17,0.9104,2,2,-1
253,11,1311.39,526.95,44.20,105.90,0.9327,2,2,-1
253,13,1283.44,691.37,64.36,127.44,0.9088,2,1,-1
253,14,802.59,590.94,50.72,122.15,0.9269,2,2,-1
253,18,877.37,411.44,56.00,67.15,0.9266,2,2,-1
253,19,1590.79,404.12,26.65,69.69,0.9112,2,2,-1
253,21,763.64,248.75,18.02,40.70,0.8470,3,0,-1
253,23,1524.01,367.69,28.65,72.29,0.9112,2,1,-1
253,33,855.48,509.59,61.70,77.57,0.9009,2,1,-1
253,36,476.09,555.90,37.01,108.09,0.9275,2,2,-1
253,37,478.55,409.44,29.75,76.85,0.9065,2,1,-1
253,38,781.15,385.60,32.08,70.29,0.9194,2,1,-1
253,39,294.71,481.63,40.25,98.07,0.9262,2,2,-1
253,43,126.38,531.79,53.45,105.18,0.9302,2,1,-1
253,45,519.39,606.89,53.93,91.87,0.9061,2,1,-1
253,46,1621.95,543.42,34.96,115.74,0.8720,2,1,-1
253,0,919.21,337.35,14.41,16.12,1.0,0,-1,-1
254,1,408.42,569.73,66.28,103.18,0.9332,2,1,-1
254,2,1258.31,581.67,44.47,115.87,0.9295,2,2,-1
254,3,1477.37,756.68,56.13,134.14,0.9279,2,2,-1
254,6,1813.51,645.41,59.79,122.24,0.9270,2,2,-1
254,7,1106.72,464.97,38.42,85.54,0.8907,3,0,-1
254,10,1695.29,534.28,38.80,110.10,0.9197,2,2,-1
254,11,1311.93,524.49,43.59,105.67,0.9340,2,2,-1
254,13,1286.36,691.28,59.33,126.71,0.8644,2,1,-1
254,14,805.59,588.14,49.18,123.23,0.9289,2,2,-1
254,18,885.08,410.85,49.42,65.30,0.9220,2,2,-1
254,19,1592.00,403.72,26.25,70.25,0.9138,2,2,-1
254,21,762.34,248.08,17.95,40.91,0.8661,3,0,-1
254,23,1525.26,367.14,28.58,72.89,0.9123,2,1,-1
254,33,859.07,508.41,58.82,79.14,0.8807,2,1,-1
254,36,475.65,553.48,33.92,104.46,0.9247,2,2,-1
254,37,474.29,408.60,29.57,76.74,0.9173,2,1,-1
254,38,779.85,384.46,31.67,71.21,0.9214,2,1,-1
254,39,292.36,479.72,38.75,98.29,0.9260,2,2,-1
254,43,125.53,528.16,54.19,105.34,0.9363,2,1,-1
254,45,500.84,607.94,60.67,92.29,0.9270,2,1,-1
254,46,1623.11,543.13,36.33,116.14,0.8751,2,1,-1
254,0,923.64,342.51,14.61,15.60,1.0,0,-1,-1
255,1,402.85,570.77,70.22,99.83,0.9425,2,1,-1
255,2,1258.78,580.75,43.68,116.01,0.9262,2,2,-1
255,3,1481.19,756.43,54.99,130.99,0.9298,2,2,-1
255,6,1817.43,644.23,60.12,120.45,0.9364,2,2,-1
255,7,1109.80,469.36,42.57,82.43,0.9165,3,0,-1
255,10,1695.60,535.17,39.77,109.67,0.9240,2,2,-1
255,11,1312.16,523.50,41.21,99.69,0.9337,2,2,-1
255,13,1289.20,691.26,48.99,127.67,0.8988,2,1,-1
255,14,806.73,585.21,49.40,123.20,0.9299,2,2,-1
255,18,888.59,411.31,46.31,65.65,0.9016,2,2,-1
255,19,1593.55,403.53,25.70,70.76,0.9106,2,2,-1
255,21,760.99,247.19,18.02,41.33,0.8783,3,0,-1
255,23,1526.12,367.08,28.91,73.02,0.9150,2,1,-1
255,33,863.68,506.69,55.43,81.43,0.8880,2,1,-1
255,37,470.39,407.77,29.60,78.32,0.8952,2,1,-1
255,38,778.32,383.45,30.55,71.98,0.9160,2,1,-1
255,39,289.26,478.74,37.92,97.83,0.9183,2,2,-1
255,43,124.91,525.45,55.57,104.80,0.9409,2,1,-1
255,45,485.39,609.17,67.43,89.71,0.9315,2,1,-1
255,46,1624.91,543.15,37.41,115.40,0.8919,2,1,-1
255,0,928.26,347.10,15.16,16.88,1.0,0,-1,-1
256,1,398.12,571.20,68.33,99.09,0.9352,2,1,-1
256,2,1257.98,580.83,42.81,115.93,0.9244,2,2,-1
256,3,1484.42,755.13,54.06,131.59,0.9244,2,2,-1
256,6,1821.27,641.80,61.08,121.89,0.9272,2,2,-1
256,7,1111.73,467.17,46.48,85.72,0.9251,3,0,-1
256,10,1695.53,535.56,40.85,109.36,0.9280,2,2,-1
256,11,1311.12,523.18,39.09,93.19,0.9307,2,2,-1
256,13,1287.78,691.73,42.74,126.31,0.9271,2,1,-1
256,14,806.42,585.12,48.80,117.34,0.9327,2,2,-1
256,18,893.30,413.54,42.15,63.33,0.8432,2,2,-1
256,19,1594.04,402.46,26.46,71.70,0.9051,2,2,-1
256,21,758.16,246.85,19.03,41.50,0.8747,3,0,-1
256,23,1526.31,366.63,28.61,72.80,0.9116,2,1,-1
256,33,865.09,504.07,51.80,83.98,0.9146,2,1,-1
256,37,464.71,405.84,30.40,79.96,0.9153,2,1,-1
256,38,776.02,383.50,28.86,71.31,0.9140,2,1,-1
256,39,283.72,478.42,38.24,96.78,0.9245,2,2,-1
256,43,123.76,523.81,54.47,105.18,0.9321,2,1,-1
256,45,470.00,611.18,76.25,92.25,0.9400,2,1,-1
256,46,1626.86,543.39,37.17,114.47,0.9114,2,1,-1
256,0,932.28,353.88,14.37,16.52,1.0,0,-1,-1
257,1,391.04,570.21,67.58,99.50,0.9394,2,1,-1
257,2,1255.95,579.72,40.98,116.65,0.9253,2,2,-1
257,3,1486.62,753.66,54.81,131.96,0.9287,2,2,-1
257,6,1823.80,638.48,59.00,123.04,0.9256,2,2,-1
257,7,1112.82,467.19,48.42,86.48,0.9288,3,0,-1
257,10,1694.15,534.99,41.61,109.53,0.9253,2,2,-1
257,11,1307.21,522.24,38.45,93.98,0.9234,2,2,-1
257,12,1074.83,444.82,47.19,76.45,0.8022,2,1,-1
257,13,1283.36,690.80,43.46,129.39,0.9057,2,1,-1
257,14,804.71,584.49,48.97,116.13,0.9309,2,2,-1
257,18,891.21,415.73,40.68,61.53,0.8557,2,2,-1
257,19,1593.45,400.91,26.75,72.40,0.9000,2,2,-1
257,21,754.18,246.08,19.79,41.51,0.8702,3,0,-1
257,23,1525.56,365.70,28.08,72.58,0.9133,2,1,-1
257,33,865.10,501.32,50.00,86.01,0.8027,2,1,-1
257,37,459.42,404.94,31.57,79.42,0.9186,2,1,-1
257,38,773.08,382.97,28.04,70.88,0.9205,2,1,-1
257,39,279.31,478.56,37.88,95.13,0.9231,2,2,-1
257,43,121.65,522.24,53.97,105.38,0.9327,2,1,-1
257,45,461.66,611.29,77.06,96.26,0.9349,2,1,-1
257,46,1627.04,542.69,37.47,115.38,0.9202,2,1,-1
257,0,935.30,360.43,14.03,17.25,1.0,0,-1,-1
258,1,384.92,568.22,65.35,101.92,0.9432,2,1,-1
258,2,1251.20,579.76,43.34,116.63,0.9305,2,2,-1
258,3,1487.44,752.94,57.35,132.07,0.9274,2,2,-1
258,6,1827.50,635.78,59.61,125.09,0.9313,2,2,-1
258,7,1111.43,467.68,49.60,87.33,0.9236,3,0,-1
258,10,1692.04,534.13,42.08,110.20,0.9222,2,2,-1
258,11,1304.17,519.57,37.74,95.74,0.9202,2,2,-1
258,12,1067.47,444.87,44.55,77.63,0.9047,2,1,-1
258,13,1279.07,690.37,44.40,128.73,0.9273,2,1,-1
258,14,802.76,584.86,48.99,113.15,0.9249,2,2,-1
258,18,890.81,417.80,41.35,60.07,0.8830,2,2,-1
258,19,1591.67,400.19,27.39,72.77,0.9005,2,2,-1
258,21,749.73,245.28,20.77,41.75,0.8783,3,0,-1
258,23,1523.89,365.28,28.60,73.13,0.9167,2,1,-1
258,33,859.62,497.76,48.38,84.68,0.8937,2,1,-1
258,37,453.79,403.33,33.51,79.54,0.9180,2,1,-1
258,38,770.09,382.35,28.10,72.03,0.9158,2,1,-1
258,39,272.79,480.31,39.50,94.85,0.9304,2,2,-1
258,43,121.56,521.91,52.69,102.53,0.9248,2,1,-1
258,45,459.24,612.39,72.98,93.85,0.9308,2,1,-1
258,46,1625.95,542.44,38.85,117.73,0.9284,2,1,-1
258,0,936.64,368.85,14.75,16.14,1.0,0,-1,-1
259,1,381.04,566.57,56.27,104.51,0.9360,2,1,-1
259,2,1245.07,579.48,46.42,117.15,0.9312,2,2,-1
259,3,1488.48,752.22,60.22,134.14,0.9263,2,2,-1
259,6,1829.62,634.80,61.53,126.08,0.9373,2,2,-1
259,7,1111.72,467.41,47.99,87.86,0.9310,3,0,-1
259,10,1690.73,534.03,44.29,111.08,0.9241,2,2,-1
259,11,1302.51,516.12,37.19,98.31,0.9231,2,2,-1
259,12,1062.95,446.69,43.86,78.14,0.9119,2,1,-1
259,13,1276.44,690.66,44.23,129.33,0.9279,2,1,-1
259,14,801.94,585.17,49.16,115.02,0.9317,2,2,-1
259,18,890.91,419.15,41.69,61.14,0.9024,2,2,-1
259,19,1592.87,399.28,26.91,72.53,0.9045,2,2,-1
259,21,744.95,244.40,21.97,42.63,0.8808,3,0,-1
259,23,1523.72,365.18,28.89,72.74,0.9176,2,1,-1
259,33,851.35,495.33,51.87,88.93,0.8251,2,1,-1
259,37,448.29,405.51,32.66,76.52,0.9181,2,1,-1
259,38,767.33,381.49,26.99,72.09,0.9088,2,1,-1
259,39,266.39,482.33,40.82,93.26,0.9280,2,2,-1
259,43,117.18,522.34,53.44,101.57,0.9321,2,1,-1
259,45,454.73,610.87,72.10,97.70,0.9303,2,1,-1
259,46,1626.24,542.64,42.48,116.53,0.9273,2,1,-1
259,0,938.77,376.91,14.96,16.87,1.0,0,-1,-1
260,1,379.13,563.85,49.73,106.63,0.9355,2,1,-1
260,2,1243.02,579.03,46.40,116.40,0.9318,2,2,-1
260,3,1488.74,752.33,61.87,134.05,0.9302,2,2,-1
260,6,1831.45,632.84,62.66,127.81,0.9383,2,2,-1
260,7,1113.79,467.42,45.61,87.77,0.9339,3,0,-1
260,10,1690.08,533.79,46.66,111.35,0.9221,2,2,-1
260,11,1301.73,511.43,37.04,103.61,0.9305,2,2,-1
260,12,1057.50,447.05,39.17,76.33,0.9082,2,1,-1
260,13,1272.69,691.32,45.61,129.35,0.9250,2,1,-1
260,14,802.16,585.27,49.09,114.12,0.9262,2,2,-1
260,18,895.79,419.45,39.64,62.05,0.8896,2,2,-1
260,19,1596.69,397.72,25.02,72.86,0.9022,2,2,-1
260,21,742.49,243.36,21.64,42.75,0.8763,3,0,-1
260,23,1523.69,364.17,29.02,73.56,0.9180,2,1,-1
260,33,840.15,493.00,55.34,88.58,0.9110,2,1,-1
260,37,442.01,404.06,32.79,77.24,0.9064,2,1,-1
260,38,765.36,381.14,26.86,71.74,0.9089,2,1,-1
260,39,261.94,483.12,40.66,93.31,0.9248,2,2,-1
260,43,116.20,522.82,52.81,99.64,0.9292,2,1,-1
260,45,451.38,609.23,70.98,99.59,0.9368,2,1,-1
260,46,1627.45,542.38,45.20,116.88,0.9287,2,1,-1
260,0,941.97,387.19,14.05,16.12,1.0,0,-1,-1
261,1,377.93,561.40,46.28,107.55,0.9382,2,1,-1
261,2,1242.89,578.63,45.34,115.99,0.9335,2,2,-1
261,3,1489.69,752.51,63.43,134.82,0.9302,2,2,-1
261,6,1833.93,632.83,63.31,127.92,0.9330,2,2,-1
261,7,1118.78,466.18,40.59,88.95,0.9326,3,0,-1
261,10,1689.14,533.52,50.00,111.28,0.9250,2,2,-1
261,11,1299.04,507.67,37.74,105.66,0.9293,2,2,-1
261,12,1047.38,445.94,40.48,78.62,0.8985,2,1,-1
261,13,1267.63,690.33,48.17,131.16,0.9250,2,1,-1
261,14,801.94,584.25,49.15,114.94,0.9308,2,2,-1
261,18,900.71,419.76,37.66,63.89,0.8953,2,2,-1
261,19,1598.90,395.49,24.24,73.89,0.9034,2,2,-1
261,21,739.87,242.70,21.87,43.05,0.8720,3,0,-1
261,23,1523.18,363.96,29.56,73.41,0.9169,2,1,-1
261,33,834.40,490.99,56.50,88.48,0.8598,2,1,-1
261,37,436.63,405.72,31.14,74.58,0.9084,2,1,-1
261,38,763.07,381.19,26.84,71.52,0.9135,2,1,-1
261,39,257.67,482.77,41.39,93.43,0.9355,2,2,-1
261,43,116.12,522.15,51.40,99.78,0.9337,2,1,-1
261,45,449.29,605.86,71.86,102.80,0.9403,2,1,-1
261,46,1628.28,542.91,47.81,116.83,0.9316,2,1,-1
261,0,944.19,395.87,14.22,16.01,1.0,0,-1,-1
262,1,377.36,559.78,44.77,109.18,0.9390,2,1,-1
262,2,1241.39,575.93,44.59,118.89,0.9364,2,2,-1
262,3,1490.31,752.28,63.73,135.81,0.9320,2,2,-1
262,6,1836.76,632.91,62.10,127.31,0.9301,2,2,-1
262,7,1124.10,465.36,35.05,90.31,0.9206,3,0,-1
262,10,1689.14,533.39,52.31,112.30,0.9249,2,2,-1
262,11,1295.79,505.81,39.10,102.48,0.9280,2,2,-1
262,12,1037.30,444.59,42.87,81.87,0.9107,2,1,-1
262,13,1257.67,690.79,54.61,131.54,0.9295,2,1,-1
262,14,803.43,582.19,46.88,117.78,0.9310,2,2,-1
262,18,903.86,420.37,34.39,64.62,0.9006,2,2,-1
262,19,1599.84,393.00,24.57,75.36,0.9058,2,2,-1
262,21,737.28,241.86,21.97,43.23,0.8719,3,0,-1
262,23,1523.32,363.84,30.02,73.19,0.9185,2,1,-1
262,33,832.45,489.24,55.35,87.13,0.8795,2,1,-1
262,37,430.41,403.78,30.77,76.95,0.9005,2,1,-1
262,38,761.07,381.45,26.85,72.08,0.9092,2,1,-1
262,39,254.71,481.57,40.42,94.35,0.9261,2,2,-1
262,43,120.23,521.05,47.51,101.47,0.9314,2,1,-1
262,45,447.97,603.31,70.55,103.80,0.9315,2,1,-1
262,46,1629.01,542.84,47.74,117.21,0.9262,2,1,-1
262,0,946.80,407.05,13.43,14.92,1.0,0,-1,-1
263,1,374.96,559.09,44.28,109.01,0.9399,2,1,-1
263,2,1239.66,575.95,42.72,118.19,0.9344,2,2,-1
263,3,1490.62,752.02,63.85,136.50,0.9320,2,2,-1
263,6,1839.98,632.99,61.31,123.99,0.9402,2,2,-1
263,7,1126.98,465.66,30.87,90.24,0.9182,3,0,-1
263,10,1689.35,533.31,52.81,111.79,0.9236,2,2,-1
263,11,1291.58,504.62,43.15,97.79,0.9361,2,2,-1
263,12,1029.09,444.57,42.36,81.97,0.8869,2,1,-1
263,13,1253.34,691.30,56.72,132.05,0.9339,2,1,-1
263,14,803.99,579.21,46.09,120.63,0.9321,2,2,-1
263,18,905.50,421.88,30.99,61.31,0.8912,2,2,-1
263,19,1600.33,390.86,25.42,76.25,0.9094,2,2,-1
263,21,735.35,241.65,21.60,43.03,0.8677,3,0,-1
263,23,1523.13,363.66,30.85,73.24,0.9178,2,1,-1
263,33,831.19,488.16,50.75,85.46,0.9084,2,1,-1
263,37,425.13,402.49,30.62,77.59,0.9159,2,1,-1
263,38,758.70,381.15,26.46,72.26,0.9104,2,1,-1
263,39,250.97,479.75,40.08,96.02,0.9255,2,2,-1
263,43,119.34,519.17,45.64,104.09,0.9287,2,1,-1
263,45,446.83,600.99,65.98,106.49,0.9454,2,1,-1
263,46,1628.84,542.86,45.59,117.86,0.9055,2,1,-1
263,0,948.83,416.62,14.04,16.76,1.0,0,-1,-1
264,1,371.27,559.81,46.31,110.73,0.9273,2,1,-1
264,2,1236.28,574.53,41.58,116.22,0.9329,2,2,-1
264,3,1490.67,751.27,62.71,136.55,0.9383,2,2,-1
264,6,1842.01,632.51,60.05,121.53,0.9426,2,2,-1
264,7,1128.19,465.65,29.09,91.74,0.9137,3,0,-1
264,8,832.28,487.33,37.70,86.16,0.8935,2,2,-1
264,10,1689.01,533.29,52.57,112.31,0.9230,2,2,-1
264,11,1288.72,503.78,43.63,92.03,0.9347,2,2,-1
264,12,1019.03,445.95,42.60,83.00,0.8887,2,1,-1
264,13,1253.12,691.30,55.20,132.00,0.9334,2,1,-1
264,14,804.90,576.38,46.50,123.32,0.9263,2,2,-1
264,18,906.37,423.36,31.87,60.23,0.8879,2,2,-1
264,19,1600.66,389.32,25.53,76.44,0.9072,2,2,-1
264,21,732.16,241.05,21.35,42.91,0.8725,3,0,-1
264,23,1522.35,363.27,31.43,73.22,0.9152,2,1,-1
264,37,418.93,400.63,31.25,78.37,0.9050,2,1,-1
264,38,756.50,379.68,27.40,73.85,0.9099,2,1,-1
264,39,248.01,478.74,39.15,97.39,0.9271,2,2,-1
264,43,117.85,516.31,45.45,107.07,0.9142,2,1,-1
264,45,446.72,601.81,62.60,107.19,0.9402,2,1,-1
264,46,1629.33,542.88,45.45,118.33,0.9221,2,1,-1
264,0,950.73,428.14,15.02,19.17,1.0,0,-1,-1
265,1,367.18,561.20,48.32,105.43,0.9344,2,1,-1
265,2,1233.22,573.55,40.93,116.68,0.9291,2,2,-1
265,3,1491.23,750.95,61.77,136.81,0.9375,2,2,-1
265,6,1845.87,630.57,58.27,122.42,0.9323,2,2,-1
265,7,1128.44,465.91,29.53,92.98,0.9187,3,0,-1
265,8,830.31,487.45,36.34,85.76,0.8954,2,2,-1
265,10,1688.61,533.39,52.62,113.12,0.9235,2,2,-1
265,11,1285.01,503.70,41.41,89.22,0.9289,2,2,-1
265,12,1024.16,448.35,27.77,54.68,0.6940,2,1,-1
265,13,1252.67,691.02,52.49,134.10,0.9338,2,1,-1
265,14,806.26,574.64,46.61,119.46,0.9297,2,2,-1
265,18,905.96,423.35,35.59,61.74,0.8757,2,2,-1
265,19,1600.86,388.16,25.50,76.33,0.9092,2,2,-1
265,21,729.70,240.57,21.28,43.11,0.8756,3,0,-1
265,23,1521.80,362.88,31.54,72.26,0.9172,2,1,-1
265,37,413.69,400.55,30.17,77.57,0.9065,2,1,-1
265,38,754.21,378.81,28.08,74.31,0.9101,2,1,-1
265,39,244.16,477.80,38.87,96.03,0.9304,2,2,-1
265,43,115.34,514.88,49.19,108.02,0.9303,2,1,-1
265,45,447.23,602.39,59.46,108.58,0.9415,2,1,-1
265,46,1630.47,543.05,44.77,119.01,0.9177,2,1,-1
265,0,952.72,441.79,14.44,16.68,1.0,0,-1,-1
266,1,360.47,562.06,53.49,104.15,0.9354,2,1,-1
266,2,1228.34,573.32,42.28,116.45,0.9299,2,2,-1
266,3,1491.11,750.10,61.55,137.85,0.9357,2,2,-1
266,6,1850.38,627.52,56.20,124.97,0.9297,2,2,-1
266,7,1126.85,466.99,32.97,94.50,0.9340,3,0,-1
266,8,825.35,487.46,36.23,84.36,0.8748,2,2,-1
266,10,1689.55,533.60,51.39,113.15,0.9213,2,2,-1
266,11,1281.26,503.05,38.50,89.48,0.9229,2,2,-1
266,13,1250.47,691.06,51.34,132.47,0.9327,2,1,-1
266,14,807.50,573.76,46.62,111.47,0.9282,2,2,-1
266,18,904.19,423.86,41.87,60.29,0.8948,2,2,-1
266,19,1602.60,388.35,24.68,76.02,0.9136,2,2,-1
266,21,726.10,240.02,21.60,44.13,0.8728,3,0,-1
266,23,1522.46,361.39,31.61,73.90,0.9169,2,1,-1
266,37,407.28,399.81,30.62,79.56,0.9172,2,1,-1
266,38,751.95,377.71,28.98,74.18,0.9134,2,1,-1
266,39,240.32,476.62,36.73,93.70,0.9265,2,2,-1
266,43,113.27,514.08,52.57,109.94,0.9320,2,1,-1
266,45,443.86,604.10,59.45,109.27,0.9372,2,1,-1
266,46,1630.35,543.23,46.48,119.43,0.9184,2,1,-1
266,0,953.98,454.48,14.46,17.18,1.0,0,-1,-1
267,1,356.79,562.10,54.21,102.41,0.9346,2,1,-1
267,2,1224.63,572.27,43.22,118.34,0.9307,2,2,-1
267,3,1490.67,749.69,61.52,138.19,0.9349,2,2,-1
267,6,1854.54,624.47,54.91,128.77,0.9344,2,2,-1
267,7,1126.36,468.13,35.96,95.42,0.9287,3,0,-1
267,10,1691.34,533.65,50.26,113.05,0.9241,2,2,-1
267,11,1277.75,500.67,36.43,92.15,0.9305,2,2,-1
267,13,1250.16,690.10,49.13,132.70,0.9295,2,1,-1
267,14,805.77,573.65,48.48,112.03,0.9256,2,2,-1
267,18,901.07,424.14,46.43,63.08,0.9013,2,2,-1
267,19,1604.60,388.51,23.76,75.47,0.9074,2,2,-1
267,21,723.63,238.71,21.74,44.63,0.8790,3,0,-1
267,23,1522.61,360.42,31.51,73.78,0.9155,2,1,-1
267,33,815.88,487.09,47.18,83.06,0.8403,2,1,-1
267,37,401.48,400.16,29.65,78.47,0.9117,2,1,-1
267,38,749.71,377.49,29.60,73.71,0.9180,2,1,-1
267,39,237.06,475.78,35.21,93.48,0.9282,2,2,-1
267,43,111.60,514.29,53.46,103.39,0.9261,2,1,-1
267,45,439.59,606.20,60.59,110.99,0.9456,2,1,-1
267,46,1631.07,544.52,47.53,118.78,0.9254,2,1,-1
267,47,999.64,482.59,27.70,47.34,0.7950,2,-1,-1
267,0,956.28,467.53,14.07,17.70,1.0,0,-1,-1
268,1,354.93,561.45,53.04,102.34,0.9417,2,1,-1
268,2,1220.56,572.03,45.49,119.25,0.9271,2,2,-1
268,3,1490.19,747.17,60.94,139.62,0.9318,2,2,-1
268,6,1857.69,622.74,53.76,130.75,0.9287,2,2,-1
268,7,1126.23,470.75,38.81,94.90,0.9350,3,0,-1
268,10,1693.24,534.42,49.08,112.61,0.9263,2,2,-1
268,11,1273.93,496.69,35.65,97.43,0.9210,2,2,-1
268,12,1007.80,445.14,20.82,49.26,0.8223,2,1,-1
268,13,1248.06,690.30,48.09,132.61,0.9227,2,1,-1
268,14,800.27,573.83,52.39,113.60,0.9281,2,2,-1
268,18,898.65,425.50,51.18,69.61,0.9086,2,2,-1
268,19,1606.22,389.14,22.92,74.91,0.9049,2,2,-1
268,21,720.71,238.62,21.58,44.03,0.8673,3,0,-1
268,23,1522.42,359.28,31.52,74.34,0.9062,2,1,-1
268,33,810.24,487.50,49.08,84.26,0.9108,2,1,-1
268,37,395.28,399.97,28.97,77.25,0.9117,2,1,-1
268,38,747.55,376.39,29.59,74.12,0.9167,2,1,-1
268,39,233.98,475.27,34.17,94.00,0.9260,2,2,-1
268,43,112.79,514.72,50.61,102.48,0.9199,2,1,-1
268,45,436.70,608.36,60.76,111.37,0.9360,2,1,-1
268,46,1628.36,544.47,51.21,118.32,0.9246,2,1,-1
268,47,986.82,483.67,30.82,46.39,0.7274,2,-1,-1
268,0,957.33,482.18,15.56,17.55,1.0,0,-1,-1
269,1,356.74,559.64,47.81,104.24,0.9327,2,1,-1
269,2,1216.40,571.05,47.72,121.37,0.9283,2,2,-1
269,3,1490.23,746.22,59.29,136.71,0.9301,2,2,-1
269,6,1860.03,622.03,53.92,130.86,0.9199,2,2,-1
269,7,1126.22,472.70,39.80,94.11,0.9374,3,0,-1
269,10,1693.53,534.46,49.44,113.05,0.9269,2,2,-1
269,11,1270.77,494.11,34.59,99.34,0.9238,2,2,-1
269,13,1246.48,690.07,46.62,130.28,0.9248,2,1,-1
269,14,793.82,573.32,58.52,115.02,0.9259,2,2,-1
269,18,898.84,427.80,51.49,70.49,0.9159,2,2,-1
269,19,1606.04,389.78,22.91,74.71,0.9073,2,2,-1
269,21,718.35,238.66,21.43,44.61,0.8559,3,0,-1
269,23,1522.32,358.94,31.21,74.15,0.9166,2,1,-1
269,33,806.16,487.72,46.15,82.25,0.8877,2,1,-1
269,37,389.42,399.33,29.24,79.25,0.9120,2,1,-1
269,38,745.81,376.39,30.87,73.26,0.9137,2,1,-1
269,39,231.44,474.88,33.63,94.64,0.9236,2,2,-1
269,43,119.89,514.76,41.91,99.13,0.8926,2,1,-1
269,45,434.18,608.23,62.67,112.73,0.9332,2,1,-1
269,46,1628.93,544.88,53.20,119.26,0.9217,2,1,-1
269,47,975.26,444.78,48.10,85.49,0.8771,2,-1,-1
269,0,960.22,497.43,16.37,17.80,1.0,0,-1,-1
270,1,357.95,557.96,41.71,105.37,0.9284,2,1,-1
270,2,1211.64,571.10,50.78,120.40,0.9313,2,2,-1
270,3,1490.76,746.71,57.24,134.78,0.9330,2,2,-1
270,6,1861.79,622.48,54.86,133.63,0.9214,2,2,-1
270,7,1126.50,473.77,39.62,94.36,0.9377,3,0,-1
270,8,801.74,488.08,35.72,81.53,0.8748,2,2,-1
270,10,1694.10,534.38,50.16,113.49,0.9294,2,2,-1
270,11,1267.76,491.18,34.51,100.56,0.9236,2,2,-1
270,13,1245.15,690.77,46.36,128.91,0.9242,2,1,-1
270,14,792.17,568.09,61.11,120.27,0.9296,2,2,-1
270,18,892.46,431.07,56.15,67.93,0.9044,2,2,-1
270,19,1606.14,390.43,22.95,74.79,0.9090,2,2,-1
270,21,716.75,238.59,20.98,44.18,0.8685,3,0,-1
270,23,1522.30,358.99,30.88,74.48,0.9131,2,1,-1
270,36,435.31,533.28,44.27,98.43,0.9282,2,2,-1
270,37,383.77,398.75,29.15,79.80,0.9121,2,1,-1
270,38,743.45,376.24,31.41,73.42,0.9142,2,1,-1
270,39,229.44,474.84,34.23,95.59,0.9173,2,2,-1
270,43,121.45,513.83,36.00,99.24,0.8889,2,1,-1
270,45,432.23,608.75,65.09,112.75,0.9368,2,1,-1
270,46,1628.56,544.93,53.95,118.96,0.9220,2,1,-1
270,47,969.44,445.25,45.92,85.46,0.9019,2,1,-1
270,0,950.02,510.43,21.86,15.36,1.0,0,-1,-1
271,1,357.07,556.92,39.63,106.15,0.9241,2,1,-1
271,2,1207.39,571.76,48.30,120.77,0.9282,2,2,-1
271,3,1490.85,746.13,56.16,135.24,0.9313,2,2,-1
271,6,1862.28,623.16,55.32,127.61,0.9234,2,2,-1
271,7,1127.75,474.11,37.51,93.90,0.9344,3,0,-1
271,8,796.72,487.10,35.79,79.98,0.8988,2,2,-1
271,10,1695.69,533.93,50.32,113.55,0.9234,2,2,-1
271,11,1264.05,489.81,33.89,95.20,0.9218,2,2,-1
271,13,1241.98,690.12,46.35,129.44,0.9173,2,1,-1
271,14,796.39,567.20,56.87,120.39,0.9257,2,2,-1
271,18,888.83,433.31,58.71,66.19,0.8968,2,2,-1
271,19,1606.38,390.24,23.08,75.11,0.9088,2,2,-1
271,21,713.72,237.77,21.12,45.52,0.8716,3,0,-1
271,23,1521.34,358.89,30.60,74.62,0.9107,2,1,-1
271,36,431.92,531.11,46.93,100.68,0.9290,2,2,-1
271,37,377.61,397.20,30.04,81.68,0.9114,2,1,-1
271,38,741.69,377.05,32.43,72.45,0.9168,2,1,-1
271,39,226.87,474.64,34.86,96.51,0.9181,2,2,-1
271,43,119.84,512.08,35.19,102.69,0.9119,2,1,-1
271,45,431.92,608.66,66.61,113.28,0.9358,2,1,-1
271,46,1631.71,544.54,51.92,118.24,0.9228,2,1,-1
271,47,963.16,447.37,45.25,84.90,0.9157,2,1,-1
271,0,933.20,519.75,17.32,16.97,1.0,0,-1,-1
272,1,355.29,555.83,40.33,108.84,0.9289,2,1,-1
272,2,1202.83,572.48,50.84,119.81,0.9244,2,2,-1
272,3,1489.96,746.02,55.97,135.58,0.9286,2,2,-1
272,6,1860.67,624.18,57.08,125.07,0.9317,2,2,-1
272,7,1128.34,473.84,35.30,94.55,0.9328,3,0,-1
272,8,790.30,485.68,35.89,84.24,0.8996,2,2,-1
272,10,1699.71,533.46,47.37,113.86,0.9188,2,2,-1
272,11,1258.65,487.97,34.17,95.47,0.9254,2,2,-1
272,13,1231.34,690.26,53.64,128.90,0.9063,2,1,-1
272,14,799.31,565.12,52.62,119.09,0.9289,2,2,-1
272,18,886.26,435.86,58.76,65.78,0.9055,2,2,-1
272,19,1606.02,390.04,23.65,76.07,0.9019,2,2,-1
272,21,711.16,238.38,20.76,44.75,0.8842,3,0,-1
272,23,1520.37,358.78,30.32,74.74,0.8980,2,1,-1
272,36,430.12,529.62,48.96,102.77,0.9288,2,2,-1
272,37,371.45,396.91,30.80,80.84,0.9097,2,1,-1
272,38,739.53,377.51,32.60,72.19,0.9128,2,1,-1
272,39,224.72,474.55,36.46,96.34,0.9212,2,2,-1
272,43,122.98,511.09,31.76,103.00,0.9121,2,1,-1
272,45,434.92,607.62,64.36,116.22,0.9375,2,1,-1
272,46,1633.12,544.36,49.98,118.85,0.9168,2,1,-1
272,47,958.46,449.19,43.24,85.29,0.8670,2,1,-1
272,0,918.25,521.37,17.99,16.19,1.0,0,-1,-1
273,1,352.09,556.00,41.74,109.11,0.9440,2,1,-1
273,2,1199.40,572.45,50.41,119.57,0.9293,2,2,-1
273,3,1488.73,746.02,55.97,136.32,0.9263,2,2,-1
273,6,1860.51,624.38,56.92,124.05,0.9246,2,2,-1
273,7,1128.58,473.13,33.51,96.19,0.9320,3,0,-1
273,8,783.11,486.00,35.78,85.83,0.9044,2,2,-1
273,10,1703.71,532.79,43.54,115.41,0.9200,2,2,-1
273,11,1254.10,488.39,34.26,94.06,0.9249,2,2,-1
273,12,972.17,452.39,21.12,45.73,0.7322,2,1,-1
273,13,1222.26,691.18,61.11,128.75,0.9277,2,1,-1
273,14,802.01,562.90,47.83,108.05,0.9317,2,2,-1
273,18,882.01,437.18,60.88,67.53,0.9300,2,2,-1
273,19,1605.03,389.55,25.00,76.76,0.8977,2,2,-1
273,21,708.43,238.40,20.61,44.62,0.8669,3,0,-1
273,23,1519.30,358.89,30.21,74.35,0.8806,2,1,-1
273,36,427.54,528.77,51.76,100.44,0.9354,2,2,-1
273,37,365.05,396.28,32.49,81.07,0.9308,2,1,-1
273,38,736.92,378.27,32.08,71.72,0.9191,2,1,-1
273,39,221.51,474.70,35.67,97.43,0.9233,2,2,-1
273,43,122.29,509.63,30.87,106.39,0.9126,2,1,-1
273,45,438.17,606.11,60.53,118.91,0.9379,2,1,-1
273,46,1634.90,544.08,47.74,119.57,0.9229,2,1,-1
273,0,907.66,517.22,17.35,17.33,1.0,0,-1,-1
274,1,349.29,557.16,43.17,109.02,0.9317,2,1,-1
274,2,1195.43,572.16,52.43,119.98,0.9268,2,2,-1
274,3,1488.68,746.07,55.36,138.50,0.9255,2,2,-1
274,6,1861.94,623.39,55.66,126.16,0.9194,2,2,-1
274,7,1129.24,472.88,31.75,97.24,0.9247,3,0,-1
274,8,771.32,485.35,40.18,88.14,0.9020,2,2,-1
274,10,1706.93,532.01,40.72,115.18,0.9245,2,2,-1
274,11,1248.18,488.48,35.08,93.49,0.9194,2,2,-1
274,13,1219.10,691.50,63.39,130.36,0.9207,2,1,-1
274,14,802.27,560.98,45.34,106.25,0.9336,2,2,-1
274,18,882.29,439.03,56.59,68.01,0.9200,2,2,-1
274,19,1605.50,389.29,25.56,76.46,0.9040,2,2,-1
274,21,705.07,238.53,20.49,44.70,0.8730,3,0,-1
274,23,1518.38,358.95,30.08,74.45,0.8906,2,1,-1
274,36,426.61,529.34,53.35,94.82,0.9346,2,2,-1
274,37,358.08,398.05,32.62,80.61,0.9143,2,1,-1
274,38,733.77,378.04,29.88,72.32,0.9112,2,1,-1
274,39,218.44,474.34,34.86,97.77,0.9221,2,2,-1
274,43,119.55,508.53,33.89,107.26,0.9230,2,1,-1
274,45,443.16,603.28,54.45,122.02,0.9268,2,1,-1
274,46,1636.64,543.86,45.80,120.13,0.9199,2,1,-1
274,47,944.42,454.88,41.00,84.59,0.8840,2,1,-1
275,1,345.25,558.37,45.14,108.57,0.9305,2,1,-1
275,2,1192.51,571.94,51.10,119.88,0.9251,2,2,-1
275,3,1488.22,745.90,54.25,139.73,0.9308,2,2,-1
275,6,1865.60,621.79,52.41,126.74,0.9199,2,2,-1
275,7,1129.80,473.00,30.08,97.12,0.9256,3,0,-1
275,8,760.66,486.25,43.29,88.55,0.9077,2,2,-1
275,10,1708.21,531.50,40.54,115.81,0.9273,2,2,-1
275,11,1239.17,489.80,38.78,90.47,0.9225,2,2,-1
275,13,1211.68,691.41,67.36,133.13,0.9156,2,1,-1
275,14,801.65,560.18,43.93,108.67,0.9295,2,2,-1
275,18,876.67,440.76,54.12,70.36,0.9260,2,2,-1
275,19,1607.21,389.01,24.89,76.30,0.9001,2,2,-1
275,21,701.47,237.69,20.57,45.65,0.8730,3,0,-1
275,23,1516.16,358.79,30.26,75.20,0.8807,2,1,-1
275,36,426.86,529.97,54.98,92.88,0.9260,2,2,-1
275,37,351.13,398.92,31.67,80.79,0.9174,2,1,-1
275,38,731.07,377.71,28.45,73.02,0.9112,2,1,-1
275,39,215.48,473.85,33.84,97.54,0.9217,2,2,-1
275,43,114.90,508.94,44.96,107.73,0.9388,2,1,-1
275,45,448.25,602.19,47.49,124.59,0.9355,2,1,-1
275,46,1637.43,543.75,44.11,119.72,0.9248,2,1,-1
275,47,935.63,459.24,40.84,83.51,0.8411,2,1,-1
276,1,343.14,559.00,45.22,108.50,0.9330,2,1,-1
276,2,1190.97,570.33,48.66,118.57,0.9257,2,2,-1
276,3,1488.54,745.97,52.82,139.37,0.9318,2,2,-1
276,5,933.91,496.75,29.60,46.54,0.7284,2,1,-1
276,6,1869.44,619.08,50.49,127.67,0.9170,2,2,-1
276,7,1130.25,473.31,28.85,97.64,0.9207,3,0,-1
276,8,752.33,485.83,45.81,88.54,0.9206,2,2,-1
276,10,1707.72,531.70,41.97,114.98,0.9295,2,2,-1
276,11,1234.03,492.88,39.98,88.60,0.9147,2,2,-1
276,13,1211.38,691.59,67.65,133.98,0.9239,2,1,-1
276,14,800.66,558.75,42.43,109.36,0.9306,2,2,-1
276,18,876.29,443.53,52.04,73.35,0.9108,2,2,-1
276,19,1608.74,387.94,24.28,76.12,0.9056,2,2,-1
276,21,698.38,237.91,20.40,45.02,0.8837,3,0,-1
276,23,1514.96,358.57,30.38,75.15,0.8577,2,1,-1
276,36,430.07,529.90,53.10,94.08,0.9214,2,2,-1
276,37,344.11,399.84,30.35,79.25,0.9102,2,1,-1
276,38,728.48,377.59,26.88,73.28,0.9016,2,1,-1
276,39,213.77,472.91,33.55,95.87,0.9301,2,2,-1
276,43,109.56,509.36,54.35,108.12,0.9377,2,1,-1
276,45,451.02,601.59,44.00,125.97,0.9305,2,1,-1
276,46,1639.20,544.45,42.10,119.45,0.9191,2,1,-1
276,0,873.89,506.34,13.90,13.56,1.0,0,-1,-1
277,1,343.78,559.24,42.91,108.99,0.9264,2,1,-1
277,2,1191.03,568.89,47.69,117.97,0.9270,2,2,-1
277,3,1488.90,746.75,52.13,138.52,0.9302,2,2,-1
277,5,929.22,502.41,19.21,40.26,0.8134,2,1,-1
277,6,1871.83,616.65,48.67,130.49,0.9292,2,2,-1
277,7,1130.34,473.51,27.82,97.25,0.9166,3,0,-1
277,8,745.89,485.14,47.24,86.37,0.9211,2,-1,-1
277,10,1706.81,532.31,44.54,114.29,0.9271,2,2,-1
277,11,1232.81,495.30,38.46,86.54,0.9188,2,2,-1
277,12,940.67,466.03,20.12,44.35,0.8774,2,1,-1
277,13,1210.15,691.44,66.82,134.02,0.9140,2,1,-1
277,14,799.72,556.35,41.78,112.34,0.9252,2,2,-1
277,18,871.06,444.72,53.62,75.70,0.8883,2,2,-1
277,19,1610.09,387.28,23.90,76.27,0.9022,2,2,-1
277,21,695.99,238.03,20.69,45.54,0.8655,3,0,-1
277,23,1513.73,358.57,30.84,75.04,0.9000,2,1,-1
277,36,433.70,528.40,51.18,96.03,0.9245,2,2,-1
277,37,338.02,399.56,29.71,79.72,0.9134,2,1,-1
277,38,726.86,377.95,25.51,73.04,0.9110,2,1,-1
277,39,212.02,471.90,34.36,96.32,0.9303,2,2,-1
277,43,107.51,510.18,58.78,107.46,0.9361,2,1,-1
277,45,454.66,602.03,40.46,126.55,0.9215,2,1,-1
277,46,1640.10,545.13,41.05,119.34,0.9226,2,1,-1
277,0,865.29,504.77,12.48,13.16,1.0,0,-1,-1
278,1,346.43,559.55,40.20,107.58,0.9251,2,1,-1
278,2,1191.43,567.81,45.87,118.27,0.9275,2,2,-1
278,3,1489.72,746.62,51.77,138.01,0.9310,2,2,-1
278,5,922.60,503.01,20.50,40.68,0.8232,2,1,-1
278,6,1874.99,615.00,45.75,134.02,0.9310,2,2,-1
278,7,1131.17,473.81,27.60,97.53,0.9178,3,0,-1
278,8,739.60,483.41,51.26,92.47,0.9326,2,1,-1
278,10,1707.52,532.72,47.76,114.33,0.9309,2,2,-1
278,11,1231.72,496.15,37.20,85.02,0.9287,2,2,-1
278,12,936.42,468.26,20.78,43.24,0.8853,2,1,-1
278,13,1215.10,692.20,62.40,133.32,0.9120,2,1,-1
278,14,797.20,553.65,44.74,115.06,0.9247,2,2,-1
278,18,867.50,447.79,52.94,73.35,0.9088,2,2,-1
278,19,1611.66,386.28,25.85,75.88,0.9149,2,2,-1
278,21,694.07,238.46,20.63,44.86,0.8626,3,0,-1
278,23,1513.04,358.60,31.75,74.42,0.9070,2,1,-1
278,36,434.49,525.99,52.34,98.28,0.9334,2,2,-1
278,37,333.36,398.60,29.42,80.30,0.9131,2,1,-1
278,38,725.79,377.97,25.36,72.89,0.9089,2,1,-1
278,39,209.63,471.11,37.58,96.64,0.9373,2,2,-1
278,43,106.09,511.12,63.72,107.59,0.9379,2,1,-1
278,45,457.84,605.91,38.06,124.28,0.9292,2,1,-1
278,46,1641.09,545.39,41.03,118.88,0.9178,2,1,-1
278,0,852.02,502.08,15.58,14.30,1.0,0,-1,-1
279,1,350.33,559.33,38.59,108.33,0.9214,2,1,-1
279,2,1193.15,567.17,43.53,118.12,0.9248,2,2,-1
279,3,1490.70,746.19,52.12,139.93,0.9278,2,2,-1
279,5,918.68,504.24,22.78,39.39,0.7830,2,1,-1
279,6,1879.18,615.22,41.62,132.51,0.9228,2,2,-1
279,7,1132.59,474.17,29.29,98.26,0.9256,3,0,-1
279,8,736.72,482.38,52.52,92.90,0.9359,2,1,-1
279,10,1709.59,533.36,50.79,114.41,0.9363,2,2,-1
279,11,1231.78,495.69,37.27,86.27,0.9282,2,2,-1
279,12,932.20,466.90,22.10,44.95,0.8497,2,1,-1
279,13,1218.62,692.52,58.67,133.30,0.9197,2,1,-1
279,14,796.68,551.06,44.48,102.92,0.9321,2,2,-1
279,18,865.87,449.32,53.46,71.91,0.8629,2,2,-1
279,19,1615.09,386.96,27.49,75.02,0.9145,2,2,-1
279,21,692.12,237.45,22.15,46.65,0.8726,3,0,-1
279,23,1514.25,358.29,31.87,74.67,0.9069,2,1,-1
279,36,437.69,523.15,53.38,100.10,0.9349,2,2,-1
279,37,329.00,396.52,30.20,82.20,0.9117,2,1,-1
279,38,725.70,378.14,25.44,70.80,0.9092,2,1,-1
279,39,208.41,470.53,40.55,97.22,0.9376,2,2,-1
279,43,106.66,511.40,62.64,107.02,0.9387,2,1,-1
279,45,459.84,608.74,38.77,121.50,0.9220,2,1,-1
279,46,1643.07,545.76,41.06,118.46,0.9177,2,1,-1
279,0,843.18,501.91,16.45,15.89,1.0,0,-1,-1
280,1,354.61,558.73,36.80,108.02,0.9216,2,1,-1
280,2,1194.56,567.27,39.63,117.99,0.9220,2,2,-1
280,3,1492.36,744.41,51.72,140.35,0.9300,2,2,-1
280,5,918.63,499.80,26.37,43.84,0.7320,2,1,-1
280,6,1883.86,615.98,36.88,127.68,0.9201,2,2,-1
280,7,1134.30,474.10,32.06,99.10,0.9294,3,0,-1
280,8,735.14,482.61,50.96,91.60,0.9310,2,1,-1
280,10,1711.78,534.27,53.65,114.10,0.9330,2,2,-1
280,11,1232.73,493.91,36.95,88.46,0.9243,2,2,-1
280,12,929.07,465.54,22.29,44.86,0.8403,2,1,-1
280,13,1223.74,692.85,54.54,134.63,0.9233,2,1,-1
280,14,796.74,549.07,45.76,104.83,0.9390,2,2,-1
280,18,856.31,455.44,43.30,66.31,0.7490,2,2,-1
280,19,1618.24,387.56,29.13,75.16,0.9061,2,2,-1
280,21,690.88,237.28,22.73,46.38,0.8781,3,0,-1
280,23,1514.09,357.92,33.64,75.04,0.9117,2,1,-1
280,36,442.17,520.72,53.46,99.21,0.9314,2,2,-1
280,37,325.41,396.66,30.26,81.17,0.9124,2,1,-1
280,38,725.75,378.85,25.53,68.91,0.9100,2,1,-1
280,39,207.75,469.77,44.13,98.69,0.9335,2,2,-1
280,43,107.64,511.64,60.10,105.58,0.9334,2,1,-1
280,45,460.73,611.38,45.81,122.38,0.9269,2,1,-1
280,46,1644.55,545.70,42.05,118.43,0.9226,2,1,-1
280,0,833.25,502.69,16.03,16.63,1.0,0,-1,-1
281,1,357.60,558.33,36.83,109.93,0.9224,2,1,-1
281,2,1193.37,567.31,39.90,117.50,0.9233,2,2,-1
281,3,1495.25,743.17,50.71,137.95,0.9301,2,2,-1
281,6,1887.76,618.00,32.90,123.61,0.9182,2,2,-1
281,7,1135.40,474.11,33.65,99.63,0.9287,3,0,-1
281,8,734.49,483.25,48.76,90.30,0.9306,2,1,-1
281,10,1713.68,534.63,56.42,114.28,0.9368,2,2,-1
281,11,1234.53,490.06,37.97,92.17,0.9246,2,2,-1
281,13,1228.29,692.88,51.43,134.40,0.9202,2,1,-1
281,14,799.57,547.22,46.28,98.94,0.9342,2,2,-1
281,18,867.19,453.25,45.29,64.73,0.8855,2,2,-1
281,19,1621.24,388.61,29.67,73.88,0.9093,2,2,-1
281,21,690.00,236.68,23.16,46.43,0.8799,3,0,-1
281,23,1516.27,357.03,33.80,75.85,0.8985,2,1,-1
281,36,449.03,519.02,53.94,98.74,0.9311,2,2,-1
281,37,322.03,396.50,30.02,81.17,0.9145,2,1,-1
281,38,725.78,377.84,26.34,69.54,0.9094,2,1,-1
281,39,206.95,469.23,46.33,99.00,0.9319,2,2,-1
281,43,113.54,510.65,52.85,103.81,0.9217,2,1,-1
281,45,460.37,613.23,55.16,121.01,0.9322,2,1,-1
281,46,1646.99,545.79,43.15,118.27,0.9316,2,1,-1
281,47,915.14,464.31,34.85,78.40,0.8509,2,1,-1
281,0,824.82,504.17,14.44,13.90,1.0,0,-1,-1
282,1,358.45,558.57,36.99,111.16,0.9221,2,1,-1
282,2,1188.57,567.36,44.30,118.11,0.9205,2,2,-1
282,3,1497.15,742.23,51.24,134.34,0.9269,2,2,-1
282,6,1891.24,617.71,29.67,121.28,0.9003,2,2,-1
282,7,1137.17,473.68,32.55,98.96,0.9227,3,0,-1
282,8,734.71,482.93,45.91,89.79,0.9260,2,1,-1
282,10,1717.35,534.84,57.05,113.77,0.9320,2,2,-1
282,11,1234.97,485.38,41.11,95.39,0.9217,2,2,-1
282,13,1232.49,692.49,48.62,128.52,0.9210,2,1,-1
282,14,799.88,544.49,46.80,101.60,0.9301,2,2,-1
282,18,858.74,454.66,48.00,68.00,0.9225,2,2,-1
282,19,1624.71,389.18,28.73,73.96,0.9232,2,2,-1
282,21,689.36,236.95,23.74,46.21,0.8827,3,0,-1
282,23,1519.03,356.18,33.26,75.96,0.9058,2,1,-1
282,36,456.91,517.58,53.16,98.72,0.9244,2,2,-1
282,37,318.63,396.17,29.99,79.15,0.9139,2,1,-1
282,38,726.56,377.57,26.87,69.21,0.9093,2,1,-1
282,39,206.98,468.73,47.74,98.53,0.9329,2,2,-1
282,43,118.15,508.94,48.06,105.39,0.9271,2,1,-1
282,45,460.11,614.31,64.39,121.53,0.9335,2,1,-1
282,46,1649.10,545.02,44.02,117.85,0.9261,2,1,-1
282,47,915.31,462.64,34.12,79.04,0.7695,2,1,-1
282,0,816.32,505.25,15.18,15.21,1.0,0,-1,-1
283,1,359.07,558.02,38.82,112.18,0.9256,2,1,-1
283,2,1184.82,566.98,47.82,118.52,0.9304,2,2,-1
283,3,1499.87,741.17,51.89,134.17,0.9305,2,2,-1
283,6,1894.82,616.82,26.33,119.75,0.8892,2,2,-1
283,7,1138.89,473.47,32.15,99.62,0.9200,3,0,-1
283,8,735.78,480.27,49.58,91.86,0.9147,2,1,-1
283,10,1721.30,534.11,57.21,114.99,0.9359,2,2,-1
283,11,1239.34,482.24,39.72,97.63,0.9165,2,2,-1
283,13,1236.17,691.46,45.88,131.59,0.9301,2,1,-1
283,14,798.45,540.83,47.83,104.67,0.9348,2,2,-1
283,18,854.32,455.66,49.12,74.06,0.9133,2,2,-1
283,19,1628.33,389.35,27.75,73.73,0.9104,2,2,-1
283,21,688.37,236.30,24.21,45.58,0.8845,3,0,-1
283,23,1521.44,355.16,33.03,76.93,0.9150,2,1,-1
283,36,464.23,517.32,52.22,97.21,0.9184,2,2,-1
283,37,315.07,394.91,30.91,82.10,0.9098,2,1,-1
283,38,727.51,375.99,27.77,70.54,0.9139,2,1,-1
283,39,207.17,468.62,48.69,98.16,0.9336,2,2,-1
283,43,123.47,507.48,41.85,107.08,0.8812,2,1,-1
283,45,460.17,615.02,70.50,124.27,0.9299,2,1,-1
283,46,1651.51,543.91,45.39,119.51,0.9222,2,1,-1
283,47,917.39,457.85,32.62,81.13,0.8849,2,1,-1
283,0,806.94,506.82,15.94,15.21,1.0,0,-1,-1
284,1,359.02,558.60,43.08,111.39,0.9206,2,1,-1
284,2,1184.88,566.94,48.47,118.02,0.9294,2,2,-1
284,3,1502.10,739.66,51.86,133.61,0.9366,2,2,-1
284,6,1899.35,618.29,22.86,117.15,0.8403,2,2,-1
284,7,1141.06,472.79,31.51,99.76,0.9211,3,0,-1
284,8,735.27,478.33,50.81,93.57,0.9142,2,1,-1
284,10,1728.32,533.58,55.06,115.18,0.9275,2,2,-1
284,11,1245.00,479.40,36.91,100.07,0.9030,2,2,-1
284,13,1239.25,690.95,44.28,127.68,0.9389,2,1,-1
284,14,796.30,535.86,48.37,108.30,0.9398,2,2,-1
284,18,852.83,456.17,49.91,75.55,0.9087,2,2,-1
284,19,1631.99,388.71,27.49,74.39,0.9113,2,2,-1
284,21,687.42,236.60,24.42,44.77,0.8834,3,0,-1
284,23,1524.14,354.82,32.87,76.47,0.9093,2,1,-1
284,36,469.07,517.16,51.42,97.57,0.9282,2,2,-1
284,37,310.98,393.59,30.07,81.75,0.9185,2,1,-1
284,38,728.56,374.79,28.56,71.92,0.9126,2,1,-1
284,39,206.53,468.32,49.27,98.03,0.9305,2,2,-1
284,43,127.69,505.62,36.09,107.68,0.9025,2,1,-1
284,45,458.66,616.14,69.99,123.01,0.9349,2,1,-1
284,46,1654.10,544.09,47.56,119.67,0.9311,2,1,-1
284,47,919.67,456.36,31.73,79.27,0.8920,2,1,-1
284,0,798.70,509.60,15.09,14.97,1.0,0,-1,-1
285,1,358.50,558.86,47.73,112.18,0.9309,2,1,-1
285,2,1186.48,566.69,47.13,117.34,0.9298,2,2,-1
285,3,1503.66,738.98,53.16,134.55,0.9294,2,2,-1
285,6,1904.37,619.10,17.78,97.94,0.7490,2,2,-1
285,7,1142.72,471.84,31.41,100.38,0.9273,3,0,-1
285,8,735.15,475.44,48.00,94.86,0.9119,2,1,-1
285,10,1734.93,532.30,52.61,116.76,0.9276,2,2,-1
285,11,1251.11,477.38,33.16,100.70,0.9169,2,2,-1
285,13,1239.76,690.03,46.16,130.74,0.9307,2,1,-1
285,14,794.22,531.08,49.73,113.79,0.9246,2,2,-1
285,18,846.28,457.47,55.69,74.78,0.9187,2,2,-1
285,19,1635.17,387.32,27.16,75.55,0.9073,2,2,-1
285,21,686.67,236.67,25.20,44.51,0.8807,3,0,-1
285,23,1527.89,354.37,31.73,77.08,0.9128,2,1,-1
285,36,473.63,516.29,47.53,99.03,0.9275,2,2,-1
285,37,307.35,393.06,30.66,81.49,0.9087,2,1,-1
285,38,729.94,372.76,28.57,72.17,0.9076,2,1,-1
285,39,207.31,467.79,48.80,98.42,0.9289,2,2,-1
285,43,129.70,504.22,34.51,109.57,0.9000,2,1,-1
285,45,462.33,618.20,67.11,119.59,0.9402,2,1,-1
285,46,1657.67,543.53,48.26,119.51,0.9272,2,1,-1
285,47,923.23,455.01,29.42,78.93,0.8737,2,1,-1
285,0,788.73,513.88,15.57,15.44,1.0,0,-1,-1
286,1,358.41,559.55,49.78,111.91,0.9319,2,1,-1
286,2,1187.51,566.36,46.18,117.63,0.9298,2,2,-1
286,3,1505.43,738.78,54.32,135.40,0.9351,2,2,-1
286,6,1907.53,619.58,14.87,87.96,0.6741,2,2,-1
286,7,1144.29,471.32,30.83,99.43,0.9257,3,0,-1
286,8,736.35,473.09,46.96,90.85,0.9198,2,1,-1
286,10,1739.87,531.61,51.54,117.22,0.9259,2,2,-1
286,11,1254.56,476.33,30.77,100.78,0.9157,2,2,-1
286,13,1241.14,689.76,46.59,129.20,0.9289,2,1,-1
286,14,792.51,527.30,51.97,116.69,0.9301,2,2,-1
286,18,842.61,456.40,60.40,77.61,0.9230,2,2,-1
286,19,1638.05,386.39,26.92,76.11,0.9083,2,2,-1
286,21,685.58,236.74,26.23,44.22,0.8780,3,0,-1
286,23,1529.37,354.37,31.21,77.07,0.9118,2,1,-1
286,36,478.58,514.34,42.94,99.31,0.9197,2,2,-1
286,37,305.17,391.42,31.51,81.82,0.9137,2,1,-1
286,38,731.28,372.06,28.60,72.47,0.9112,2,1,-1
286,39,208.37,467.01,47.96,96.51,0.9273,2,2,-1
286,43,132.37,503.59,33.08,110.37,0.8948,2,1,-1
286,45,467.38,617.43,65.07,122.50,0.9300,2,1,-1
286,46,1659.76,543.29,49.51,121.32,0.9274,2,1,-1
286,47,925.81,453.80,27.66,78.99,0.9041,2,1,-1
286,0,781.56,518.90,15.18,14.64,1.0,0,-1,-1
287,1,359.52,559.87,49.84,111.76,0.9301,2,1,-1
287,2,1189.47,565.84,44.13,118.01,0.9282,2,2,-1
287,3,1506.62,738.52,55.43,136.01,0.9302,2,2,-1
287,7,1146.19,470.42,30.65,99.33,0.9248,3,0,-1
287,8,736.07,472.27,48.39,89.92,0.9063,2,1,-1
287,10,1746.41,531.41,49.07,118.56,0.9245,2,2,-1
287,11,1257.04,475.68,28.94,101.54,0.9075,2,2,-1
287,13,1242.52,689.22,46.94,129.23,0.9279,2,1,-1
287,14,790.21,524.66,51.04,109.48,0.9326,2,2,-1
287,18,840.04,453.45,62.30,81.43,0.9248,2,2,-1
287,19,1640.98,385.55,26.35,76.12,0.9039,2,2,-1
287,21,684.22,236.00,26.92,44.21,0.8775,3,0,-1
287,23,1532.26,354.50,30.13,76.89,0.9072,2,1,-1
287,36,484.13,511.37,42.54,100.49,0.9320,2,2,-1
287,37,302.35,390.96,33.43,81.85,0.9246,2,1,-1
287,38,731.99,371.38,28.81,72.26,0.9135,2,1,-1
287,39,210.44,465.54,46.30,95.22,0.9306,2,2,-1
287,43,134.91,502.72,33.47,111.04,0.9058,2,1,-1
287,45,473.54,616.26,63.63,124.74,0.9406,2,1,-1
287,46,1661.52,543.00,50.52,120.73,0.9305,2,1,-1
287,47,926.81,453.36,27.17,79.22,0.9025,2,1,-1
287,0,773.51,523.77,14.14,14.31,1.0,0,-1,-1
288,1,360.33,560.04,49.84,111.90,0.9333,2,1,-1
288,2,1190.37,564.97,43.06,115.97,0.9303,2,2,-1
288,3,1507.45,738.47,56.29,136.19,0.9311,2,2,-1
288,7,1147.84,469.68,30.11,98.65,0.9169,3,0,-1
288,8,736.65,472.26,46.74,91.22,0.9112,2,1,-1
288,10,1753.15,531.71,45.72,118.63,0.9266,2,2,-1
288,11,1259.38,475.47,27.80,102.22,0.9050,2,2,-1
288,13,1243.02,688.40,48.24,130.22,0.9294,2,1,-1
288,14,788.24,522.67,52.66,106.37,0.9352,2,2,-1
288,18,836.80,452.76,59.64,82.52,0.9089,2,2,-1
288,19,1643.05,384.55,26.48,75.94,0.9016,2,2,-1
288,21,683.05,235.01,27.98,45.70,0.8708,3,0,-1
288,23,1534.53,354.63,29.42,75.85,0.9106,2,1,-1
288,36,488.44,509.44,41.98,100.95,0.9288,2,2,-1
288,37,299.25,391.41,34.27,81.35,0.9172,2,1,-1
288,38,734.13,370.87,28.47,72.20,0.9128,2,1,-1
288,39,213.83,464.47,43.29,95.13,0.9258,2,2,-1
288,43,136.48,503.02,34.96,110.65,0.9141,2,1,-1
288,45,484.39,613.96,56.90,126.57,0.9317,2,1,-1
288,46,1662.98,542.97,51.30,120.86,0.9294,2,1,-1
288,47,927.54,453.62,26.95,78.58,0.8965,2,1,-1
289,1,362.44,560.05,48.90,112.26,0.9316,2,1,-1
289,2,1190.58,563.57,42.71,115.88,0.9354,2,2,-1
289,3,1507.34,737.59,56.49,136.77,0.9264,2,2,-1
289,7,1148.82,469.18,30.28,98.99,0.9172,3,0,-1
289,8,737.87,472.10,45.18,90.48,0.9224,2,1,-1
289,10,1759.74,532.23,41.66,118.32,0.9206,2,2,-1
289,11,1260.78,476.48,27.33,101.26,0.9090,2,2,-1
289,13,1244.66,687.55,48.35,129.87,0.9293,2,1,-1
289,14,785.72,521.84,51.37,102.28,0.9315,2,2,-1
289,19,1644.84,383.49,26.68,76.00,0.8994,2,2,-1
289,21,682.35,234.37,27.23,46.40,0.8777,3,0,-1
289,23,1535.94,354.68,29.01,76.56,0.9068,2,1,-1
289,33,835.83,450.22,42.43,84.93,0.8872,2,1,-1
289,36,492.85,507.68,39.82,99.76,0.9265,2,2,-1
289,37,297.12,392.35,32.12,79.70,0.9122,2,1,-1
289,38,735.75,369.98,27.79,71.81,0.9135,2,1,-1
289,39,216.78,463.90,40.52,95.73,0.9278,2,2,-1
289,43,138.89,502.94,36.56,110.89,0.9208,2,1,-1
289,45,493.88,609.96,51.68,129.64,0.9176,2,1,-1
289,46,1664.82,543.40,52.29,120.95,0.9274,2,1,-1
289,47,928.46,453.67,26.91,79.25,0.9095,2,1,-1
290,1,364.28,559.93,48.57,112.15,0.9285,2,1,-1
290,2,1189.48,562.62,43.27,116.51,0.9325,2,2,-1
290,3,1507.70,735.92,56.52,137.79,0.9238,2,2,-1
290,7,1150.28,469.12,29.93,98.13,0.9135,3,0,-1
290,8,735.52,471.39,45.53,90.06,0.9163,2,1,-1
290,10,1765.09,532.64,39.56,117.89,0.9204,2,2,-1
290,11,1261.32,477.62,28.71,100.89,0.9198,2,2,-1
290,13,1244.57,686.82,49.58,130.85,0.9328,2,1,-1
290,14,785.21,521.05,50.76,101.58,0.9244,2,2,-1
290,19,1645.79,382.24,27.92,76.16,0.9075,2,2,-1
290,21,681.01,233.23,27.65,46.98,0.8812,3,0,-1
290,23,1536.94,355.24,28.65,75.39,0.9071,2,1,-1
290,33,829.28,448.27,35.02,85.41,0.9020,2,1,-1
290,36,496.30,506.49,38.95,97.40,0.9408,2,2,-1
290,37,294.64,393.51,30.64,77.91,0.9062,2,1,-1
290,38,736.72,368.95,27.17,71.65,0.9143,2,1,-1
290,39,218.72,463.31,37.55,95.82,0.9277,2,2,-1
290,43,140.74,502.91,36.09,109.55,0.9156,2,1,-1
290,45,503.04,608.32,45.08,132.41,0.9298,2,1,-1
290,46,1665.44,543.34,54.25,120.73,0.9298,2,1,-1
290,47,929.14,453.25,27.16,79.75,0.9002,2,1,-1
291,1,369.67,559.84,44.31,112.82,0.9249,2,1,-1
291,2,1186.74,561.70,46.50,117.30,0.9306,2,2,-1
291,3,1508.09,734.60,55.59,137.78,0.9234,2,2,-1
291,6,1910.77,606.91,10.85,69.70,0.5157,2,2,-1
291,7,1150.88,469.53,29.41,97.67,0.9107,3,0,-1
291,8,734.32,470.89,44.35,87.18,0.9113,2,1,-1
291,10,1767.27,533.20,39.22,117.42,0.9182,2,2,-1
291,11,1260.94,478.99,31.18,100.15,0.9187,2,2,-1
291,13,1243.00,686.79,52.65,130.79,0.9329,2,1,-1
291,14,786.26,518.56,50.56,105.47,0.9240,2,2,-1
291,19,1646.91,380.48,28.44,76.66,0.9107,2,2,-1
291,21,680.01,232.57,26.10,47.92,0.8762,3,0,-1
291,23,1538.41,354.88,27.83,74.78,0.9083,2,1,-1
291,33,819.88,447.14,38.55,86.96,0.9244,2,1,-1
291,36,499.67,504.54,38.24,94.50,0.9266,2,2,-1
291,37,292.29,391.64,30.85,80.00,0.8926,2,1,-1
291,38,737.16,367.81,27.18,72.86,0.9116,2,1,-1
291,39,220.54,462.92,35.01,96.10,0.9272,2,2,-1
291,43,142.77,501.79,34.11,110.36,0.9035,2,1,-1
291,45,510.53,607.64,40.43,132.48,0.9344,2,1,-1
291,46,1664.89,543.48,56.66,119.62,0.9339,2,1,-1
291,47,929.69,451.94,26.21,81.14,0.9035,2,1,-1
292,1,375.36,560.06,39.53,112.47,0.9224,2,1,-1
292,2,1183.87,560.87,49.40,118.06,0.9318,2,2,-1
292,3,1507.79,732.16,55.30,139.77,0.9227,2,2,-1
292,7,1151.38,470.15,29.51,97.72,0.9131,3,0,-1
292,8,734.61,471.15,42.44,83.99,0.8767,2,1,-1
292,10,1767.34,533.31,41.56,117.21,0.9175,2,2,-1
292,11,1261.60,479.21,33.59,99.19,0.9263,2,2,-1
292,13,1242.36,686.63,54.62,131.78,0.9325,2,1,-1
292,14,789.55,514.52,47.57,109.12,0.9200,2,2,-1
292,19,1648.33,379.76,28.17,76.15,0.9147,2,2,-1
292,21,679.47,232.38,25.89,48.21,0.8758,3,0,-1
292,23,1539.21,353.85,27.34,75.97,0.9088,2,1,-1
292,33,816.59,446.80,39.99,87.46,0.9005,2,1,-1
292,36,503.55,502.21,37.72,95.56,0.9259,2,2,-1
292,37,289.36,390.05,31.25,82.70,0.9055,2,1,-1
292,38,738.32,367.95,26.13,71.14,0.9109,2,1,-1
292,39,222.22,462.74,33.17,96.58,0.9218,2,2,-1
292,43,145.56,500.64,31.79,109.88,0.8849,2,1,-1
292,45,515.89,607.69,38.37,130.97,0.9190,2,1,-1
292,46,1665.80,542.08,59.57,120.53,0.9301,2,1,-1
292,47,931.43,450.41,24.51,82.95,0.8908,2,1,-1
293,1,379.71,560.49,35.96,111.72,0.9156,2,1,-1
293,2,1181.32,560.44,52.16,119.40,0.9313,2,2,-1
293,3,1507.75,730.01,55.33,140.69,0.9250,2,2,-1
293,7,1150.86,470.40,29.96,96.91,0.9157,3,0,-1
293,8,733.07,471.38,43.85,84.32,0.8906,2,1,-1
293,10,1766.07,533.61,45.10,117.23,0.9192,2,2,-1
293,11,1262.07,477.70,35.91,101.00,0.9230,2,2,-1
293,13,1241.39,686.23,57.59,131.87,0.9345,2,1,-1
293,14,791.66,510.18,43.89,109.74,0.9123,2,2,-1
293,19,1649.60,379.35,27.77,76.51,0.9137,2,2,-1
293,21,678.29,233.30,24.99,47.26,0.8860,3,0,-1
293,23,1540.58,353.19,25.91,75.49,0.9086,2,1,-1
293,33,810.54,446.41,41.74,88.49,0.8843,2,1,-1
293,36,504.97,498.22,39.31,98.37,0.9252,2,2,-1
293,37,286.90,388.96,29.50,82.28,0.9138,2,1,-1
293,38,738.30,367.76,26.24,70.55,0.9146,2,1,-1
293,39,223.49,462.50,32.04,96.41,0.9148,2,2,-1
293,43,148.88,498.49,34.88,107.00,0.9131,2,1,-1
293,45,519.67,607.95,38.06,132.84,0.9238,2,1,-1
293,46,1669.07,541.02,58.03,119.72,0.9328,2,1,-1
293,47,929.61,448.12,26.39,85.66,0.9046,2,1,-1
294,1,384.43,560.67,33.66,112.48,0.9202,2,1,-1
294,2,1179.24,560.33,56.62,119.73,0.9350,2,2,-1
294,3,1507.74,728.46,53.97,136.38,0.9314,2,2,-1
294,7,1150.72,470.83,30.37,96.35,0.9240,3,0,-1
294,8,735.84,471.43,42.66,83.31,0.8760,2,1,-1
294,10,1766.23,533.78,47.45,116.85,0.9270,2,2,-1
294,11,1262.97,475.40,37.53,103.63,0.9207,2,2,-1
294,13,1240.16,686.68,59.30,131.44,0.9226,2,1,-1
294,14,791.97,505.91,41.58,113.60,0.9137,2,2,-1
294,19,1650.95,379.74,27.57,75.86,0.9124,2,2,-1
294,21,676.77,233.89,24.73,47.34,0.8837,3,0,-1
294,23,1541.64,352.17,24.83,76.69,0.9018,2,1,-1
294,36,505.66,494.34,41.21,102.63,0.9266,2,2,-1
294,37,284.06,388.82,29.70,81.34,0.9113,2,1,-1
294,38,738.11,368.84,26.83,69.17,0.9139,2,1,-1
294,39,224.76,462.32,31.54,96.38,0.9151,2,2,-1
294,43,150.90,497.45,34.98,105.56,0.9183,2,1,-1
294,45,523.91,611.09,38.30,130.51,0.9394,2,1,-1
294,46,1671.76,540.06,57.22,119.72,0.9412,2,1,-1
294,47,930.13,444.58,26.95,86.79,0.8920,2,1,-1
295,1,387.02,561.27,33.41,111.92,0.9227,2,1,-1
295,2,1177.09,560.09,57.50,120.42,0.9305,2,2,-1
295,3,1507.70,726.82,53.33,133.51,0.9334,2,2,-1
295,7,1149.25,470.89,31.44,97.33,0.9278,3,0,-1
295,8,738.38,471.44,43.06,83.12,0.9035,2,1,-1
295,10,1766.37,533.91,49.31,114.79,0.9258,2,2,-1
295,11,1265.79,474.45,36.66,102.37,0.9221,2,2,-1
295,13,1239.51,686.19,60.75,130.90,0.9084,2,1,-1
295,14,793.83,505.40,40.51,106.20,0.8659,2,2,-1
295,19,1651.45,380.72,28.13,74.91,0.9104,2,2,-1
295,21,674.60,235.03,23.71,46.51,0.8871,3,0,-1
295,23,1542.75,352.11,23.38,75.26,0.8550,2,1,-1
295,36,507.42,490.59,41.98,105.28,0.9370,2,2,-1
295,37,281.20,389.63,29.12,80.46,0.9021,2,1,-1
295,38,736.98,369.55,28.48,68.62,0.9133,2,1,-1
295,39,225.05,461.08,31.52,98.27,0.9165,2,2,-1
295,43,151.39,496.35,34.12,106.72,0.9057,2,1,-1
295,45,526.98,615.66,42.06,127.22,0.9233,2,1,-1
295,46,1677.60,538.74,53.98,121.55,0.9365,2,1,-1
295,47,930.22,444.14,27.85,84.19,0.9049,2,1,-1
296,1,388.27,561.92,34.04,111.35,0.9182,2,1,-1
296,2,1175.70,560.62,59.27,119.72,0.9311,2,2,-1
296,3,1506.86,725.52,52.99,132.00,0.9359,2,2,-1
296,7,1147.46,470.84,32.35,96.86,0.9255,3,0,-1
296,8,738.28,470.80,44.67,82.20,0.9180,2,1,-1
296,10,1767.47,533.98,50.35,113.98,0.9289,2,2,-1
296,11,1266.22,474.27,36.43,101.62,0.9228,2,2,-1
296,13,1256.79,685.67,48.49,123.60,0.8876,2,1,-1
296,14,792.18,503.44,37.79,101.48,0.9043,2,2,-1
296,19,1650.53,382.10,29.03,73.74,0.9163,2,2,-1
296,21,671.84,235.57,24.85,46.61,0.8700,3,0,-1
296,23,1543.33,352.09,22.39,75.93,0.8746,2,1,-1
296,36,508.69,488.43,43.23,103.94,0.9355,2,2,-1
296,37,278.35,389.97,28.95,80.85,0.9145,2,1,-1
296,38,736.25,370.22,29.69,67.58,0.9124,2,1,-1
296,39,225.11,460.63,30.36,97.96,0.9160,2,2,-1
296,41,786.79,448.89,49.61,71.33,0.8618,2,1,-1
296,43,153.43,495.85,33.64,107.29,0.9146,2,1,-1
296,45,528.56,618.28,51.84,125.80,0.9265,2,1,-1
296,46,1679.37,537.82,53.20,121.45,0.9368,2,1,-1
296,47,930.53,443.90,27.04,81.74,0.9072,2,1,-1
297,1,389.28,562.83,37.74,110.51,0.9232,2,1,-1
297,2,1173.64,560.65,61.39,119.37,0.9325,2,2,-1
297,3,1505.91,724.21,54.33,132.30,0.9409,2,2,-1
297,7,1145.97,470.54,33.81,97.42,0.9321,3,0,-1
297,8,739.89,468.46,44.08,83.65,0.9275,2,1,-1
297,10,1769.81,533.17,49.37,114.29,0.9314,2,2,-1
297,11,1267.00,474.52,35.60,100.01,0.9238,2,2,-1
297,13,1252.94,684.74,48.84,125.43,0.8794,2,1,-1
297,14,790.09,501.99,38.45,98.08,0.9125,2,2,-1
297,19,1649.49,382.81,29.76,73.22,0.9179,2,2,-1
297,21,667.03,235.85,25.79,46.55,0.8751,3,0,-1
297,23,1543.31,352.65,21.60,75.68,0.8902,2,1,-1
297,36,510.60,487.59,42.57,99.70,0.9320,2,2,-1
297,37,275.30,389.94,28.40,79.65,0.9084,2,1,-1
297,38,735.87,371.18,31.05,66.89,0.9072,2,1,-1
297,39,225.16,459.88,30.02,97.88,0.9138,2,2,-1
297,41,785.98,450.00,45.02,67.08,0.8290,2,1,-1
297,43,153.58,495.37,35.47,108.39,0.9201,2,1,-1
297,45,526.77,622.70,61.22,123.30,0.9235,2,1,-1
297,46,1682.80,538.12,51.00,120.42,0.9264,2,1,-1
297,47,930.79,443.35,27.13,82.45,0.9074,2,1,-1
298,1,389.49,563.96,43.26,109.45,0.9300,2,1,-1
298,2,1173.31,560.81,62.81,118.61,0.9312,2,2,-1
298,3,1505.71,724.03,54.71,132.81,0.9394,2,2,-1
298,7,1144.85,468.79,34.60,97.90,0.9230,3,0,-1
298,8,739.19,465.82,45.30,85.83,0.9291,2,1,-1
298,10,1772.77,531.52,47.75,114.15,0.9257,2,2,-1
298,11,1266.97,474.79,33.68,95.33,0.9243,2,2,-1
298,13,1257.49,683.01,46.28,127.99,0.8751,2,1,-1
298,14,788.11,501.50,40.03,97.28,0.9157,2,2,-1
298,19,1648.74,381.73,29.61,74.34,0.9206,2,2,-1
298,21,665.49,236.60,26.29,45.42,0.8784,3,0,-1
298,23,1543.04,354.08,21.28,74.48,0.8941,2,1,-1
298,36,512.65,486.99,43.05,96.92,0.9245,2,2,-1
298,37,272.09,388.92,27.35,80.60,0.8980,2,1,-1
298,38,733.69,371.21,32.56,67.17,0.9002,2,1,-1
298,39,224.91,458.67,30.60,97.34,0.9187,2,2,-1
298,43,155.04,495.53,37.70,108.41,0.9082,2,1,-1
298,45,523.84,623.57,72.44,122.73,0.9353,2,1,-1
298,46,1683.28,538.04,50.92,120.72,0.9233,2,1,-1
298,47,930.42,441.89,27.10,83.57,0.9087,2,1,-1
299,1,388.05,563.85,51.76,111.07,0.9380,2,1,-1
299,2,1173.35,560.37,63.30,119.66,0.9291,2,2,-1
299,3,1506.08,724.82,55.01,132.19,0.9357,2,2,-1
299,6,1910.02,604.73,11.39,84.54,0.5264,2,2,-1
299,7,1144.91,468.05,34.19,96.53,0.6441,3,0,-1
299,8,739.97,462.84,48.04,88.38,0.9157,2,1,-1
299,10,1775.88,529.71,46.74,114.91,0.9282,2,2,-1
299,11,1266.94,474.84,32.52,93.73,0.9213,2,2,-1
299,13,1258.72,682.16,44.39,127.92,0.8838,2,1,-1
299,14,786.79,499.33,42.21,99.37,0.9163,2,2,-1
299,19,1647.91,380.75,28.94,75.38,0.9182,2,2,-1
299,21,663.78,236.77,27.17,45.40,0.8922,3,0,-1
299,23,1542.36,356.55,20.64,72.26,0.8903,2,1,-1
299,36,514.15,487.58,43.80,93.65,0.9193,2,2,-1
299,37,269.33,388.36,26.14,80.83,0.8810,2,1,-1
299,38,733.28,370.19,33.46,68.27,0.9104,2,1,-1
299,39,223.93,457.91,32.29,96.06,0.9241,2,2,-1
299,43,155.39,495.98,41.24,108.28,0.9270,2,1,-1
299,45,523.11,624.21,79.53,122.60,0.9384,2,1,-1
299,46,1684.79,538.69,50.16,122.49,0.9132,2,1,-1
299,47,930.43,439.94,27.14,85.25,0.9062,2,1,-1
300,1,386.37,565.42,57.10,109.59,0.9303,2,1,-1
300,2,1173.32,559.66,63.36,120.21,0.9294,2,2,-1
300,3,1505.92,724.54,55.43,133.15,0.9358,2,2,-1
300,7,1144.84,466.89,33.98,95.03,0.9130,3,0,-1
300,8,741.22,459.98,46.96,90.40,0.9113,2,1,-1
300,10,1779.92,527.02,44.11,117.26,0.9321,2,2,-1
300,11,1267.34,473.64,30.73,94.37,0.9163,2,2,-1
300,13,1256.46,680.34,45.60,127.06,0.8899,2,1,-1
300,14,785.86,495.52,45.04,103.80,0.9278,2,2,-1
300,19,1647.52,379.88,27.48,76.07,0.9105,2,2,-1
300,21,661.49,237.19,27.02,46.06,0.8796,3,0,-1
300,23,1541.13,358.30,21.65,70.01,0.8915,2,1,-1
300,36,514.89,488.88,44.06,92.20,0.9203,2,2,-1
300,37,265.98,387.35,26.11,80.75,0.9058,2,1,-1
300,38,733.65,370.17,33.00,67.23,0.8783,2,1,-1
300,39,221.20,457.40,35.00,96.08,0.9297,2,2,-1
300,43,154.92,496.49,43.23,107.94,0.9221,2,1,-1
300,45,522.31,624.54,78.32,123.11,0.9421,2,1,-1
300,46,1686.23,538.73,49.17,121.19,0.9167,2,1,-1
300,47,929.34,438.93,28.12,84.91,0.9164,2,1,-1
301,1,385.43,566.20,62.32,109.25,0.9360,2,1,-1
301,2,1174.40,558.49,62.55,120.79,0.9269,2,2,-1
301,3,1504.93,724.01,56.79,132.43,0.9366,2,2,-1
301,6,1907.84,602.53,12.88,104.85,0.6365,2,2,-1
301,7,1144.54,466.39,34.29,95.16,0.9327,3,0,-1
301,8,745.92,458.48,43.14,91.84,0.8677,2,1,-1
301,10,1779.15,524.95,45.81,119.15,0.9289,2,2,-1
301,11,1268.05,471.36,29.68,96.73,0.9145,2,2,-1
301,13,1259.11,679.06,44.30,125.74,0.9134,2,1,-1
301,14,784.79,493.26,46.88,105.37,0.9230,2,2,-1
301,19,1647.27,379.64,26.06,74.27,0.9114,2,2,-1
301,21,659.11,236.94,27.23,46.63,0.8608,3,0,-1
301,23,1540.57,359.34,22.15,69.29,0.8849,2,1,-1
301,36,517.11,488.52,42.61,92.68,0.9227,2,2,-1
301,37,260.31,386.71,28.57,80.99,0.9115,2,1,-1
301,38,735.58,369.96,32.22,66.82,0.8937,2,1,-1
301,39,219.48,457.04,37.39,96.12,0.9273,2,2,-1
301,43,154.90,497.00,42.92,107.89,0.9226,2,1,-1
301,45,524.02,625.02,77.61,122.49,0.9345,2,1,-1
301,46,1686.49,539.02,48.76,120.65,0.9215,2,1,-1
301,47,927.86,437.70,30.13,83.13,0.9135,2,1,-1
302,1,384.24,566.93,64.80,109.26,0.9341,2,1,-1
302,2,1176.08,557.01,60.95,122.11,0.9309,2,2,-1
302,3,1503.39,722.00,58.66,133.08,0.9356,2,2,-1
302,6,1906.36,600.34,13.51,105.85,0.8124,2,2,-1
302,7,1143.93,466.34,34.93,93.82,0.9421,3,0,-1
302,8,744.61,454.65,45.13,95.42,0.8964,2,1,-1
302,10,1775.61,523.99,50.78,119.12,0.9342,2,2,-1
302,11,1269.08,468.80,28.48,98.67,0.9096,2,2,-1
302,13,1258.17,678.37,44.94,126.33,0.9092,2,1,-1
302,14,787.83,489.89,45.42,107.50,0.9246,2,2,-1
302,19,1646.34,379.08,25.69,73.32,0.9077,2,2,-1
302,21,656.69,237.29,27.27,46.68,0.8703,3,0,-1
302,23,1541.09,359.03,22.90,69.25,0.8902,2,1,-1
302,36,521.26,487.35,38.08,94.58,0.9271,2,2,-1
302,37,254.56,387.05,32.43,80.19,0.9215,2,1,-1
302,38,738.95,370.16,31.70,65.39,0.8704,2,1,-1
302,39,218.50,457.84,39.82,96.17,0.9252,2,2,-1
302,43,154.98,496.85,41.89,106.94,0.9218,2,1,-1
302,45,527.34,626.42,77.43,121.72,0.9294,2,1,-1
302,46,1687.33,539.84,48.32,120.20,0.9279,2,1,-1
302,47,926.67,437.94,33.24,78.93,0.9183,2,1,-1
303,1,383.71,567.45,65.03,109.14,0.9367,2,1,-1
303,2,1178.23,555.42,59.13,123.19,0.9296,2,2,-1
303,3,1502.06,722.53,61.63,131.94,0.9326,2,2,-1
303,6,1905.73,599.35,14.05,106.65,0.8205,2,2,-1
303,7,1143.05,466.53,36.08,93.53,0.9426,3,0,-1
303,10,1775.48,524.01,52.83,117.48,0.9333,2,2,-1
303,11,1268.52,466.85,28.87,98.83,0.9127,2,2,-1
303,13,1255.49,677.69,48.03,127.37,0.9145,2,1,-1
303,14,789.66,487.66,44.79,108.69,0.9153,2,2,-1
303,18,743.42,453.08,62.30,91.16,0.8892,2,2,-1
303,19,1645.06,378.31,25.54,71.92,0.9033,2,2,-1
303,21,654.41,236.43,28.06,48.01,0.8762,3,0,-1
303,23,1541.52,357.73,22.81,70.19,0.8961,2,1,-1
303,36,524.37,484.83,35.31,96.26,0.9264,2,2,-1
303,37,248.03,389.46,35.03,77.14,0.9174,2,1,-1
303,38,742.66,369.58,33.03,64.65,0.9007,2,1,-1
303,39,216.95,457.82,41.71,95.85,0.9220,2,2,-1
303,43,154.69,496.44,40.41,108.17,0.9263,2,1,-1
303,45,535.78,627.03,72.22,120.02,0.9207,2,1,-1
303,46,1687.00,540.39,50.27,119.04,0.9337,2,1,-1
303,47,926.09,437.91,35.84,79.97,0.9240,2,1,-1
304,1,382.90,568.19,65.93,108.76,0.9368,2,1,-1
304,2,1181.65,554.82,54.31,117.69,0.9341,2,2,-1
304,3,1499.36,722.37,64.98,130.88,0.9318,2,2,-1
304,6,1904.93,596.50,14.55,101.65,0.8446,2,2,-1
304,7,1142.47,466.98,36.56,94.18,0.9348,3,0,-1
304,8,753.90,451.32,46.03,97.02,0.8067,2,1,-1
304,10,1774.18,524.66,55.26,115.72,0.9308,2,2,-1
304,11,1267.27,465.76,29.93,95.22,0.9180,2,2,-1
304,13,1256.94,677.45,47.86,126.88,0.9265,2,1,-1
304,14,791.44,486.29,42.73,99.45,0.9132,2,2,-1
304,19,1642.15,377.06,26.66,73.39,0.9069,2,2,-1
304,21,651.64,235.90,26.70,47.75,0.8709,3,0,-1
304,23,1541.00,356.55,22.79,71.75,0.8940,2,1,-1
304,36,524.39,481.99,34.54,98.22,0.9217,2,2,-1
304,37,245.56,390.97,35.51,74.46,0.9229,2,1,-1
304,38,744.28,369.23,34.11,64.06,0.8953,2,1,-1
304,39,216.66,457.94,42.19,95.71,0.9190,2,2,-1
304,43,154.77,495.19,39.37,108.16,0.9168,2,1,-1
304,45,547.29,627.48,71.50,118.92,0.8929,2,1,-1
304,46,1686.18,540.66,52.77,116.84,0.9342,2,1,-1
304,47,928.51,438.97,35.90,78.81,0.9284,2,1,-1
305,1,382.54,568.34,67.80,109.89,0.9414,2,1,-1
305,2,1183.46,554.17,52.67,116.90,0.9326,2,2,-1
305,3,1501.18,721.60,64.65,129.18,0.9336,2,2,-1
305,6,1903.36,593.50,16.00,103.01,0.8475,2,2,-1
305,7,1142.21,467.59,36.76,94.82,0.9336,3,0,-1
305,8,763.87,451.20,36.73,96.67,0.8470,2,1,-1
305,10,1773.33,525.86,57.41,114.30,0.9306,2,2,-1
305,11,1265.70,465.63,31.94,89.82,0.9192,2,2,-1
305,13,1261.10,677.13,46.42,127.54,0.9260,2,1,-1
305,14,792.51,484.81,43.08,98.31,0.9146,2,2,-1
305,19,1640.11,375.46,27.18,74.69,0.9086,2,2,-1
305,21,649.48,235.07,26.16,48.58,0.8835,3,0,-1
305,23,1539.89,356.17,22.18,70.55,0.8976,2,1,-1
305,36,522.77,480.01,35.65,99.23,0.9262,2,2,-1
305,37,243.70,391.95,35.09,71.89,0.9162,2,1,-1
305,38,743.47,368.48,36.17,64.18,0.8887,2,1,-1
305,39,216.47,457.88,42.30,95.63,0.9192,2,2,-1
305,43,155.53,493.97,38.25,106.52,0.9136,2,1,-1
305,45,564.61,626.20,55.99,120.65,0.9226,2,1,-1
305,46,1684.61,540.08,56.01,119.16,0.9352,2,1,-1
305,47,929.32,438.87,35.05,78.88,0.9260,2,1,-1
306,1,383.60,568.14,69.28,110.14,0.9431,2,1,-1
306,2,1185.52,553.53,50.90,117.39,0.9328,2,2,-1
306,3,1504.20,721.17,61.50,124.62,0.9437,2,2,-1
306,6,1900.27,590.37,18.87,105.79,0.8765,2,2,-1
306,7,1141.93,468.27,36.75,92.47,0.9307,3,0,-1
306,8,765.60,451.67,35.72,96.45,0.6086,2,1,-1
306,10,1775.91,526.82,57.10,110.96,0.9261,2,2,-1
306,11,1264.57,465.94,34.40,89.59,0.9214,2,2,-1
306,13,1262.64,677.31,47.47,127.10,0.9277,2,1,-1
306,14,792.76,484.61,43.89,94.41,0.9231,2,2,-1
306,19,1637.15,373.93,28.72,75.75,0.9110,2,2,-1
306,21,647.28,235.29,26.37,48.86,0.8641,3,0,-1
306,23,1537.83,356.46,23.11,70.24,0.8999,2,1,-1
306,36,521.66,479.48,37.50,97.66,0.9329,2,2,-1
306,37,242.08,391.29,33.73,71.27,0.9057,2,1,-1
306,38,743.39,367.46,37.16,64.43,0.8991,2,1,-1
306,39,216.10,458.01,41.17,94.93,0.9221,2,2,-1
306,43,157.36,492.28,36.54,106.14,0.9208,2,1,-1
306,45,570.75,624.75,55.72,122.83,0.9332,2,1,-1
306,46,1683.95,540.12,58.49,116.08,0.9352,2,1,-1
306,47,928.77,435.78,36.60,81.64,0.9310,2,1,-1
307,1,387.24,568.39,67.20,109.75,0.9399,2,1,-1
307,2,1186.88,553.45,49.42,117.25,0.9345,2,2,-1
307,3,1507.41,720.87,58.40,120.93,0.9324,2,2,-1
307,6,1897.68,584.51,21.77,111.62,0.8942,2,2,-1
307,7,1140.59,467.64,38.00,93.72,0.9329,3,0,-1
307,8,769.79,460.86,31.33,88.54,0.7336,2,1,-1
307,10,1779.00,526.58,56.34,111.33,0.9288,2,2,-1
307,11,1264.72,466.05,36.21,89.79,0.9234,2,2,-1
307,13,1263.38,677.70,51.20,127.56,0.9184,2,1,-1
307,14,794.44,484.33,42.69,94.61,0.9215,2,2,-1
307,19,1634.04,373.54,31.13,76.60,0.9177,2,2,-1
307,21,645.06,236.56,26.04,48.16,0.8711,3,0,-1
307,23,1536.71,357.60,23.72,68.74,0.9049,2,1,-1
307,33,741.26,470.20,36.28,68.39,0.8848,2,1,-1
307,36,520.76,479.43,39.66,95.23,0.9334,2,2,-1
307,37,241.42,390.54,31.73,70.36,0.9092,2,1,-1
307,38,743.35,367.36,38.94,64.82,0.9112,2,1,-1
307,39,216.35,458.26,39.49,94.21,0.9291,2,2,-1
307,43,160.28,491.04,35.37,106.01,0.9231,2,1,-1
307,45,572.77,622.08,57.61,124.60,0.9413,2,1,-1
307,46,1684.66,540.32,59.90,115.09,0.9353,2,1,-1
307,47,928.59,432.80,37.56,82.44,0.9242,2,1,-1
308,1,390.77,568.27,63.34,109.98,0.9390,2,1,-1
308,2,1187.68,553.69,48.70,116.97,0.9354,2,2,-1
308,3,1508.64,718.73,59.54,122.26,0.9343,2,2,-1
308,6,1895.80,583.57,23.74,113.57,0.9005,2,2,-1
308,7,1139.75,467.74,38.46,92.91,0.9360,3,0,-1
308,8,772.43,456.38,30.12,93.60,0.8075,2,1,-1
308,10,1783.79,525.20,53.60,112.10,0.9288,2,2,-1
308,11,1267.37,465.33,35.83,90.29,0.9235,2,2,-1
308,13,1260.95,677.76,56.10,127.32,0.9260,2,1,-1
308,14,796.16,484.27,41.47,94.33,0.9240,2,2,-1
308,19,1630.73,374.05,33.51,74.65,0.9235,2,2,-1
308,21,642.49,237.52,26.46,47.73,0.8680,3,0,-1
308,23,1533.77,357.65,25.33,69.01,0.8965,2,1,-1
308,33,737.38,469.52,41.82,67.66,0.9045,2,1,-1
308,36,519.41,480.17,44.28,92.14,0.9295,2,2,-1
308,37,240.22,389.94,30.81,72.15,0.8977,2,1,-1
308,38,745.19,367.81,38.94,64.15,0.9125,2,1,-1
308,39,217.78,458.23,36.63,90.89,0.9261,2,2,-1
308,43,163.44,490.74,35.74,105.19,0.9133,2,1,-1
308,45,574.40,619.90,58.05,126.68,0.9353,2,1,-1
308,46,1687.32,540.55,58.91,110.72,0.9277,2,1,-1
308,47,930.06,431.75,36.59,79.07,0.9291,2,1,-1
308,0,780.98,442.79,11.96,12.46,1.0,0,-1,-1
309,1,394.84,568.87,59.41,109.84,0.9298,2,1,-1
309,2,1187.89,553.51,48.17,118.01,0.9360,2,2,-1
309,3,1507.45,716.58,61.94,123.42,0.9409,2,2,-1
309,6,1893.63,582.88,25.85,113.73,0.9095,2,2,-1
309,7,1138.73,467.36,39.20,93.45,0.9365,3,0,-1
309,8,773.18,457.53,28.29,86.63,0.7303,2,1,-1
309,10,1783.90,523.37,52.78,112.95,0.9319,2,2,-1
309,11,1266.90,463.57,37.74,91.81,0.9282,2,2,-1
309,13,1259.84,678.41,59.99,126.11,0.9277,2,1,-1
309,14,795.54,482.62,42.64,95.78,0.9152,2,2,-1
309,19,1626.04,375.00,37.07,72.31,0.9270,2,2,-1
309,21,639.96,238.44,26.20,46.55,0.8904,3,0,-1
309,23,1530.00,357.29,27.70,69.01,0.9105,2,1,-1
309,33,731.87,467.71,46.26,65.31,0.9034,2,1,-1
309,36,517.01,482.26,46.57,88.07,0.9302,2,2,-1
309,37,238.95,390.41,30.32,71.47,0.8934,2,1,-1
309,38,748.57,367.74,35.62,62.50,0.8671,2,1,-1
309,39,218.34,457.50,35.00,90.25,0.9202,2,2,-1
309,43,166.39,490.67,35.33,105.70,0.9195,2,1,-1
309,45,578.64,619.38,58.62,125.92,0.9410,2,1,-1
309,46,1693.73,540.19,55.49,110.48,0.9333,2,1,-1
309,47,931.95,431.65,35.10,75.78,0.9209,2,1,-1
309,0,780.73,440.30,11.75,13.18,1.0,0,-1,-1
310,1,400.42,568.75,52.82,110.39,0.9382,2,1,-1
310,2,1187.13,554.37,48.19,117.25,0.9349,2,2,-1
310,3,1505.64,713.63,66.16,125.44,0.9428,2,2,-1
310,6,1892.22,581.81,27.34,114.22,0.9019,2,2,-1
310,7,1138.19,467.72,39.35,91.66,0.9380,3,0,-1
310,8,773.65,460.49,29.56,88.74,0.7814,2,1,-1
310,10,1782.50,522.56,54.45,114.82,0.9359,2,2,-1
310,11,1265.83,460.95,39.66,92.77,0.9333,2,2,-1
310,13,1257.72,678.24,65.33,125.87,0.9296,2,1,-1
310,14,794.85,478.78,44.50,98.74,0.9098,2,2,-1
310,19,1621.40,375.88,40.06,70.74,0.9256,2,2,-1
310,21,635.16,239.13,26.62,46.83,0.8634,3,0,-1
310,23,1529.19,356.11,27.78,70.71,0.9121,2,1,-1
310,33,735.30,467.03,45.23,66.10,0.8560,2,1,-1
310,36,519.79,483.58,47.35,86.72,0.9313,2,2,-1
310,37,236.16,390.53,30.72,67.17,0.8961,2,1,-1
310,38,751.54,367.71,32.77,62.14,0.8825,2,1,-1
310,39,217.65,455.81,34.88,91.91,0.9172,2,2,-1
310,43,167.49,491.15,36.16,105.77,0.9169,2,1,-1
310,45,577.68,619.67,62.94,125.74,0.9339,2,1,-1
310,46,1696.35,538.70,53.40,109.96,0.9301,2,1,-1
310,47,934.64,431.68,33.98,75.79,0.9065,2,1,-1
310,0,780.60,437.07,11.77,12.42,1.0,0,-1,-1
311,1,405.91,569.78,45.86,107.66,0.9161,2,1,-1
311,2,1187.45,554.59,49.62,116.71,0.9335,2,2,-1
311,3,1503.26,712.05,70.08,125.85,0.9461,2,2,-1
311,6,1891.30,579.27,28.50,116.35,0.9030,2,2,-1
311,7,1138.83,467.81,38.30,88.71,0.9401,3,0,-1
311,10,1783.66,522.06,53.80,112.49,0.9325,2,2,-1
311,11,1263.36,458.50,42.49,95.83,0.9282,2,2,-1
311,13,1256.16,678.10,68.22,123.72,0.9330,2,1,-1
311,14,792.97,476.21,47.51,99.16,0.9104,2,2,-1
311,19,1617.51,377.14,40.17,69.79,0.9211,2,2,-1
311,21,631.40,239.90,26.65,46.94,0.8621,3,0,-1
311,23,1529.14,355.30,26.11,69.33,0.9053,2,1,-1
311,33,737.45,465.17,46.01,68.32,0.8294,2,1,-1
311,36,522.69,483.21,47.32,87.45,0.9294,2,2,-1
311,37,235.04,391.91,31.50,66.57,0.9019,2,1,-1
311,38,755.47,367.10,28.70,62.64,0.8759,2,1,-1
311,39,215.23,453.01,36.73,94.58,0.9196,2,2,-1
311,43,166.56,491.47,37.75,105.18,0.9177,2,1,-1
311,45,583.10,620.90,62.00,124.03,0.9425,2,1,-1
311,46,1695.26,536.72,54.86,111.57,0.9220,2,1,-1
311,47,934.58,431.74,34.65,76.44,0.9101,2,1,-1
311,0,780.31,433.13,12.04,12.50,1.0,0,-1,-1
312,1,413.37,571.01,39.42,105.89,0.9131,2,1,-1
312,2,1187.81,554.74,48.62,117.06,0.9342,2,2,-1
312,3,1503.72,711.03,71.24,123.27,0.9526,2,2,-1
312,6,1890.01,575.49,29.81,118.91,0.9120,2,2,-1
312,7,1138.56,467.42,38.56,89.13,0.9361,3,0,-1
312,10,1786.93,522.70,51.72,108.68,0.9310,2,2,-1
312,11,1262.31,457.19,44.00,92.55,0.9234,2,2,-1
312,13,1255.61,677.00,71.26,125.05,0.9295,2,1,-1
312,14,792.27,473.79,50.30,98.14,0.9158,2,2,-1
312,19,1616.78,377.50,37.73,69.22,0.9242,2,2,-1
312,21,627.94,240.59,27.16,47.06,0.9037,3,0,-1
312,23,1528.54,355.34,24.82,68.68,0.9038,2,1,-1
312,33,720.62,462.36,61.74,71.15,0.8987,2,1,-1
312,36,528.95,482.27,45.35,88.62,0.9273,2,2,-1
312,37,232.37,393.58,32.12,65.83,0.8690,2,1,-1
312,38,757.96,365.74,26.43,63.63,0.8915,2,1,-1
312,39,214.75,451.12,40.77,96.66,0.9176,2,2,-1
312,43,164.28,491.68,40.58,106.27,0.9162,2,1,-1
312,45,590.09,622.74,58.64,122.57,0.9303,2,1,-1
312,46,1692.07,534.93,59.61,113.46,0.9254,2,1,-1
312,47,933.32,431.87,37.24,76.04,0.9186,2,1,-1
312,0,780.12,429.51,11.26,12.33,1.0,0,-1,-1
313,1,414.71,572.40,40.04,108.73,0.9213,2,1,-1
313,2,1188.37,554.93,47.68,115.59,0.9334,2,2,-1
313,3,1504.66,711.20,71.79,118.19,0.9523,2,2,-1
313,6,1888.88,572.92,30.97,121.07,0.9162,2,2,-1
313,7,1138.38,465.62,38.96,90.80,0.9341,3,0,-1
313,10,1789.90,523.40,50.29,105.53,0.9331,2,2,-1
313,11,1262.86,456.31,43.01,87.66,0.9298,2,2,-1
313,13,1255.94,675.94,72.11,123.40,0.9252,2,1,-1
313,14,791.46,472.55,53.58,95.36,0.9169,2,2,-1
313,19,1615.13,376.90,34.49,69.31,0.9203,2,2,-1
313,21,625.49,241.28,26.72,46.02,0.8830,3,0,-1
313,23,1526.66,356.47,25.13,66.68,0.8957,2,1,-1
313,33,717.22,461.02,65.56,73.48,0.8909,2,-1,-1
313,36,531.59,479.89,43.77,89.71,0.9330,2,2,-1
313,37,222.60,396.94,38.65,68.21,0.8949,2,1,-1
313,38,760.15,364.34,24.88,65.03,0.9022,2,1,-1
313,39,213.09,450.42,41.97,96.55,0.9179,2,2,-1
313,43,161.85,492.59,42.13,104.33,0.9224,2,1,-1
313,45,599.92,626.03,52.92,120.29,0.9107,2,1,-1
313,46,1689.75,533.42,63.55,114.63,0.9317,2,1,-1
313,47,932.31,429.47,40.86,79.53,0.9264,2,1,-1
313,0,251.33,395.35,13.27,14.58,1.0,0,-1,-1
314,1,413.71,574.61,42.86,107.95,0.9342,2,1,-1
314,2,1189.36,555.44,46.43,115.27,0.9327,2,2,-1
314,3,1506.28,711.23,71.65,115.35,0.9494,2,2,-1
314,6,1887.28,571.79,32.30,119.70,0.9145,2,2,-1
314,7,1138.80,463.17,38.48,92.48,0.9309,3,0,-1
314,10,1792.43,523.63,48.69,106.24,0.9313,2,2,-1
314,11,1264.13,456.52,41.74,86.41,0.9279,2,2,-1
314,13,1259.55,674.99,69.81,121.57,0.9217,2,1,-1
314,14,791.83,472.58,55.17,91.55,0.9163,2,2,-1
314,18,729.26,457.88,53.54,76.70,0.8532,2,2,-1
314,19,1614.03,375.35,32.66,71.35,0.9139,2,2,-1
314,21,621.90,241.05,26.09,47.27,0.8594,3,0,-1
314,23,1519.77,357.10,29.31,65.11,0.8929,2,1,-1
314,36,531.61,478.29,44.50,90.49,0.9307,2,2,-1
314,37,218.98,398.10,42.84,66.84,0.8867,2,1,-1
314,38,759.26,364.59,25.34,64.04,0.8959,2,1,-1
314,39,212.10,450.11,42.34,93.67,0.9231,2,2,-1
314,43,160.18,492.54,44.05,104.32,0.9238,2,1,-1
314,45,610.50,627.08,48.27,117.95,0.8758,2,1,-1
314,46,1688.23,532.18,67.00,115.88,0.9331,2,1,-1
314,47,932.11,426.99,43.02,79.97,0.9336,2,1,-1
314,0,778.47,424.57,10.90,11.29,1.0,0,-1,-1
315,1,410.93,576.12,48.96,107.74,0.9327,2,1,-1
315,2,1189.67,555.33,45.79,114.27,0.9329,2,2,-1
315,3,1510.36,711.33,69.63,113.14,0.9375,2,2,-1
315,6,1886.37,571.11,33.13,115.13,0.9148,2,2,-1
315,7,1138.46,461.43,39.01,95.16,0.9318,3,0,-1
315,10,1794.95,522.63,46.74,107.33,0.9334,2,2,-1
315,11,1266.49,456.87,38.94,86.49,0.9247,2,2,-1
315,13,1263.78,673.50,64.53,123.49,0.9208,2,1,-1
315,14,794.01,473.18,55.46,90.68,0.9058,2,2,-1
315,18,728.31,454.86,54.89,79.46,0.8648,2,2,-1
315,19,1612.23,374.16,30.91,71.52,0.9164,2,2,-1
315,21,618.47,241.64,25.50,47.33,0.8697,3,0,-1
315,23,1518.58,356.93,32.17,65.90,0.9028,2,1,-1
315,36,531.64,477.45,44.76,91.42,0.9291,2,2,-1
315,37,216.60,400.51,46.20,65.47,0.8636,2,1,-1
315,38,758.18,363.81,26.36,63.86,0.8922,2,1,-1
315,39,211.77,449.41,42.02,92.24,0.9226,2,2,-1
315,43,158.13,493.49,45.15,104.03,0.9251,2,1,-1
315,45,611.56,629.72,51.94,116.86,0.9250,2,1,-1
315,46,1687.32,532.55,69.13,114.75,0.9362,2,1,-1
315,47,934.29,425.80,42.23,73.22,0.9257,2,1,-1
315,0,776.52,422.72,12.26,11.75,1.0,0,-1,-1
316,1,408.43,578.38,54.90,106.62,0.9356,2,1,-1
316,2,1191.08,556.52,44.59,108.34,0.9391,2,2,-1
316,3,1517.84,711.57,66.14,112.66,0.9328,2,2,-1
316,6,1883.24,571.09,35.85,109.99,0.9196,2,2,-1
316,7,1138.26,459.50,39.17,95.68,0.9344,3,0,-1
316,10,1796.32,520.62,46.02,109.51,0.9314,2,2,-1
316,11,1265.76,456.78,39.04,87.24,0.9284,2,2,-1
316,13,1268.18,673.00,60.08,125.45,0.9070,2,1,-1
316,14,798.28,473.60,54.56,91.52,0.9013,2,2,-1
316,18,726.07,451.12,58.18,81.68,0.8968,2,2,-1
316,19,1610.47,373.58,29.44,67.17,0.9106,2,2,-1
316,21,616.17,241.40,24.40,47.12,0.8711,3,0,-1
316,23,1515.36,355.93,33.81,66.93,0.9043,2,1,-1
316,36,531.96,476.99,45.14,91.96,0.9313,2,2,-1
316,37,212.62,400.51,50.71,64.50,0.9051,2,1,-1
316,38,756.96,363.80,28.44,64.56,0.8918,2,1,-1
316,39,209.72,450.03,42.67,89.16,0.9194,2,2,-1
316,43,158.30,493.61,45.48,100.86,0.9138,2,1,-1
316,45,611.35,629.03,60.16,119.29,0.9387,2,1,-1
316,46,1691.72,533.49,66.66,114.56,0.9366,2,1,-1
316,47,935.98,424.73,41.43,72.84,0.9247,2,1,-1
317,1,404.85,580.55,60.12,105.46,0.9386,2,1,-1
317,2,1189.24,556.52,45.44,108.04,0.9347,2,2,-1
317,3,1520.65,709.02,65.04,114.51,0.9366,2,2,-1
317,6,1879.39,571.22,39.85,109.65,0.9270,2,2,-1
317,7,1137.51,458.86,39.63,92.77,0.9388,3,0,-1
317,8,782.25,452.39,32.63,94.70,0.8967,2,1,-1
317,10,1795.08,518.44,48.33,110.94,0.9336,2,2,-1
317,11,1263.96,455.02,40.39,89.31,0.9305,2,2,-1
317,13,1272.60,673.29,53.10,124.11,0.9106,2,1,-1
317,14,805.37,472.35,50.10,91.67,0.9098,2,2,-1
317,19,1607.92,373.19,28.69,68.08,0.9131,2,2,-1
317,21,612.79,242.18,22.94,47.72,0.8591,3,0,-1
317,23,1512.64,354.49,33.50,67.53,0.9171,2,1,-1
317,36,533.08,477.51,45.14,89.98,0.9301,2,2,-1
317,37,210.74,399.19,54.16,65.51,0.9162,2,1,-1
317,38,755.48,363.96,30.65,64.82,0.9038,2,1,-1
317,39,208.03,450.81,45.00,88.28,0.9174,2,2,-1
317,41,724.63,449.26,55.61,71.50,0.9149,2,1,-1
317,43,163.99,493.89,42.53,97.27,0.8955,2,1,-1
317,45,610.02,628.31,67.59,118.90,0.9412,2,1,-1
317,46,1697.72,534.87,61.70,111.01,0.9188,2,1,-1
317,47,940.00,424.77,37.99,71.60,0.9146,2,1,-1
318,1,401.92,582.55,63.35,104.56,0.9412,2,1,-1
318,2,1186.06,555.46,49.02,108.95,0.9321,2,2,-1
318,3,1519.36,706.19,70.53,118.58,0.9418,2,2,-1
318,6,1876.44,569.98,43.01,110.56,0.9266,2,2,-1
318,7,1135.62,459.22,40.70,88.79,0.9423,3,0,-1
318,8,783.56,451.03,31.61,97.62,0.9088,2,1,-1
318,10,1793.31,516.47,51.59,112.46,0.9298,2,2,-1
318,11,1263.73,452.49,41.04,91.66,0.9331,2,2,-1
318,13,1276.37,674.19,48.47,124.26,0.9247,2,1,-1
318,14,808.52,471.29,47.62,93.33,0.9181,2,2,-1
318,19,1605.87,372.99,27.71,67.73,0.9120,2,2,-1
318,21,609.09,241.94,22.25,48.50,0.8590,3,0,-1
318,23,1512.01,354.03,32.17,64.89,0.9154,2,1,-1
318,36,535.96,478.81,43.28,86.26,0.9332,2,2,-1
318,37,209.97,399.39,55.10,66.07,0.8912,2,1,-1
318,38,754.56,366.37,30.24,63.03,0.9032,2,1,-1
318,39,211.26,453.18,43.90,87.23,0.9164,2,2,-1
318,41,720.89,449.03,53.03,73.68,0.9173,2,1,-1
318,43,162.74,495.77,43.68,98.64,0.9134,2,1,-1
318,45,612.10,628.10,74.40,119.53,0.9352,2,1,-1
318,46,1702.41,535.29,57.96,110.36,0.9237,2,1,-1
318,47,940.96,425.07,36.88,73.15,0.9147,2,1,-1
318,0,783.06,417.07,12.18,12.32,1.0,0,-1,-1
319,1,401.36,584.19,65.01,104.49,0.9402,2,1,-1
319,2,1182.96,554.65,52.94,109.81,0.9423,2,2,-1
319,3,1519.14,704.34,74.59,119.89,0.9299,2,2,-1
319,6,1873.26,567.71,46.27,112.50,0.9284,2,2,-1
319,7,1135.17,459.97,40.21,87.17,0.9400,3,0,-1
319,10,1792.41,515.76,53.14,109.62,0.9297,2,2,-1
319,11,1263.14,450.16,41.52,93.36,0.9360,2,2,-1
319,12,783.65,450.89,30.73,70.66,0.9108,2,1,-1
319,13,1275.25,674.65,46.39,124.42,0.9292,2,1,-1
319,14,809.80,468.47,47.90,96.32,0.9175,2,2,-1
319,19,1602.20,371.66,27.68,68.94,0.9160,2,2,-1
319,21,606.37,243.68,21.03,46.59,0.8638,3,0,-1
319,23,1510.33,354.46,30.90,62.54,0.9096,2,1,-1
319,36,539.31,481.20,40.59,82.56,0.9273,2,2,-1
319,37,210.78,401.04,52.78,60.97,0.8835,2,1,-1
319,38,752.04,367.62,32.03,62.52,0.9064,2,1,-1
319,39,213.54,453.13,42.50,88.14,0.9230,2,2,-1
319,41,718.55,450.55,49.89,73.11,0.9182,2,1,-1
319,43,165.34,496.14,40.05,96.81,0.8856,2,1,-1
319,45,612.87,629.79,80.26,118.75,0.9414,2,1,-1
319,46,1705.48,534.95,56.14,110.29,0.9330,2,1,-1
319,47,938.04,424.70,40.31,74.58,0.9288,2,1,-1
319,0,788.29,414.95,12.66,13.10,1.0,0,-1,-1
320,1,403.50,585.83,64.57,103.86,0.9326,2,1,-1
320,2,1179.92,552.99,56.23,109.97,0.9396,2,2,-1
320,3,1519.26,703.28,77.65,118.47,0.9384,2,2,-1
320,6,1871.32,564.70,48.48,115.30,0.9296,2,2,-1
320,7,1134.55,462.33,38.97,85.75,0.9389,3,0,-1
320,8,783.19,450.59,31.39,92.14,0.9227,2,1,-1
320,10,1791.42,515.47,54.19,104.83,0.9317,2,2,-1
320,11,1262.53,447.38,41.71,94.71,0.9327,2,2,-1
320,13,1273.56,676.33,47.10,123.52,0.9269,2,1,-1
320,14,809.70,466.18,49.53,98.09,0.9261,2,2,-1
320,19,1599.97,370.15,27.26,70.02,0.9139,2,2,-1
320,21,602.78,244.32,21.08,46.98,0.8769,3,0,-1
320,23,1508.28,355.00,28.58,61.77,0.9097,2,1,-1
320,36,544.07,482.84,36.80,80.65,0.9193,2,2,-1
320,37,215.86,401.50,47.70,55.80,0.8530,2,1,-1
320,38,748.26,368.63,35.16,62.60,0.9157,2,1,-1
320,39,216.06,452.73,40.64,89.07,0.9196,2,2,-1
320,41,715.33,451.24,52.18,74.49,0.9232,2,1,-1
320,43,171.14,496.66,31.31,80.19,0.8849,2,1,-1
320,45,616.39,631.04,77.51,119.25,0.9295,2,1,-1
320,46,1705.65,532.99,56.84,112.26,0.9269,2,1,-1
320,47,935.96,423.65,43.83,74.95,0.9273,2,1,-1
321,1,409.13,586.61,62.13,104.26,0.9081,2,1,-1
321,2,1176.72,551.73,60.27,111.01,0.9329,2,2,-1
321,3,1523.02,702.55,74.73,112.27,0.9359,2,2,-1
321,6,1869.77,562.18,49.56,117.84,0.9303,2,2,-1
321,7,1131.20,463.59,40.77,85.72,0.9210,3,0,-1
321,8,782.33,450.76,31.47,90.60,0.9103,2,1,-1
321,10,1789.26,516.09,56.20,104.36,0.9287,2,2,-1
321,11,1262.28,446.36,41.43,89.79,0.9308,2,2,-1
321,13,1271.02,677.69,49.48,121.21,0.9330,2,1,-1
321,14,810.46,464.68,50.95,100.75,0.9184,2,2,-1
321,18,712.59,450.81,56.69,73.20,0.9143,2,2,-1
321,19,1596.94,369.04,26.38,71.23,0.9051,2,2,-1
321,21,598.95,244.51,21.66,47.79,0.8630,3,0,-1
321,23,1504.49,354.65,26.57,62.85,0.9093,2,1,-1
321,36,541.41,482.24,39.98,83.02,0.9276,2,2,-1
321,37,221.61,401.18,43.71,56.93,0.8731,2,1,-1
321,38,745.29,368.87,37.92,63.08,0.9160,2,1,-1
321,39,214.05,449.83,41.87,93.21,0.9212,2,2,-1
321,43,162.82,496.15,40.12,98.19,0.9126,2,1,-1
321,45,622.29,633.86,74.14,115.81,0.8879,2,1,-1
321,46,1705.39,531.35,58.75,113.26,0.9039,2,1,-1
321,47,935.72,421.80,46.44,76.88,0.9220,2,1,-1
322,1,415.91,586.17,58.36,105.91,0.9153,2,1,-1
322,2,1174.30,551.64,62.98,110.55,0.9341,2,2,-1
322,3,1531.49,702.36,68.43,110.17,0.9380,2,2,-1
322,6,1867.69,560.86,51.17,117.89,0.9325,2,2,-1
322,7,1127.45,462.95,44.20,87.15,0.9396,3,0,-1
322,8,780.78,451.99,31.15,89.32,0.8999,2,1,-1
322,10,1791.95,516.84,54.62,103.97,0.9268,2,2,-1
322,11,1261.34,446.28,41.52,85.48,0.9303,2,2,-1
322,13,1267.45,678.45,54.51,119.74,0.9357,2,1,-1
322,14,811.37,463.94,51.43,97.34,0.9259,2,2,-1
322,18,710.28,448.14,62.04,77.54,0.9231,2,2,-1
322,19,1592.45,368.81,26.98,70.22,0.9079,2,2,-1
322,21,595.20,245.42,22.19,48.22,0.8781,3,0,-1
322,23,1501.41,353.53,25.18,63.97,0.9027,2,1,-1
322,36,539.14,482.30,43.98,82.96,0.9338,2,2,-1
322,37,220.41,401.14,45.75,61.42,0.7206,2,1,-1
322,38,742.82,369.29,40.01,62.95,0.9032,2,1,-1
322,39,213.46,447.08,43.54,96.24,0.9172,2,2,-1
322,43,160.87,495.05,42.91,99.72,0.8956,2,1,-1
322,45,639.01,636.30,71.10,114.67,0.6198,2,1,-1
322,46,1702.38,530.14,62.59,114.34,0.9245,2,1,-1
322,47,937.63,421.41,46.47,70.28,0.9234,2,1,-1
322,0,802.94,413.36,12.29,13.42,1.0,0,-1,-1
323,1,423.52,585.85,53.76,106.81,0.9315,2,1,-1
323,2,1174.97,553.41,63.17,106.65,0.9359,2,2,-1
323,3,1543.07,701.82,59.00,110.46,0.9317,2,2,-1
323,6,1866.54,560.74,51.81,112.45,0.9327,2,2,-1
323,7,1124.38,461.11,46.98,89.13,0.9398,3,0,-1
323,8,780.14,453.70,29.04,87.50,0.9116,2,1,-1
323,10,1795.51,518.19,52.20,103.20,0.9328,2,2,-1
323,11,1263.16,446.68,39.52,87.43,0.9223,2,2,-1
323,13,1265.40,679.61,57.60,116.68,0.9341,2,1,-1
323,14,812.93,464.04,50.39,93.34,0.9211,2,2,-1
323,18,712.61,447.88,60.12,73.98,0.9285,2,2,-1
323,19,1587.85,369.02,27.93,68.50,0.9112,2,2,-1
323,21,591.77,246.43,22.27,47.83,0.8840,3,0,-1
323,23,1496.93,352.28,24.21,66.90,0.9080,2,1,-1
323,36,537.64,481.56,47.51,81.96,0.9362,2,2,-1
323,37,218.97,400.21,45.28,62.19,0.8768,2,1,-1
323,38,745.51,369.62,42.37,61.71,0.8935,2,1,-1
323,39,212.45,445.50,44.45,97.12,0.9128,2,2,-1
323,43,158.27,493.68,47.52,101.68,0.9311,2,1,-1
323,45,656.79,636.58,57.60,115.17,0.9072,2,1,-1
323,46,1702.14,530.29,63.57,114.23,0.9216,2,1,-1
323,47,940.24,421.94,46.96,69.50,0.9111,2,1,-1
323,0,807.91,414.45,12.62,12.85,1.0,0,-1,-1
324,1,422.69,585.34,55.55,107.92,0.9318,2,1,-1
324,2,1177.44,553.79,62.29,104.52,0.9248,2,2,-1
324,3,1544.04,699.52,60.02,111.82,0.9377,2,2,-1
324,6,1867.33,561.31,50.93,106.95,0.9291,2,2,-1
324,7,1122.30,458.99,49.32,91.86,0.9417,3,0,-1
324,8,778.57,453.32,28.54,89.51,0.9116,2,1,-1
324,10,1795.27,517.44,52.70,104.69,0.9327,2,2,-1
324,11,1265.35,448.31,36.58,85.62,0.9257,2,2,-1
324,13,1262.83,679.33,61.56,118.94,0.9284,2,1,-1
324,14,817.34,465.05,47.11,91.53,0.9070,2,2,-1
324,18,715.89,446.91,57.80,69.26,0.9072,2,2,-1
324,19,1582.96,369.60,31.25,69.58,0.9127,2,2,-1
324,21,588.18,248.17,22.09,46.32,0.8858,3,0,-1
324,23,1493.06,351.54,23.30,64.33,0.9109,2,1,-1
324,36,536.84,481.15,51.53,85.62,0.9340,2,2,-1
324,38,747.71,370.33,42.09,60.31,0.8740,2,1,-1
324,39,212.07,445.53,44.59,92.71,0.9125,2,2,-1
324,43,154.67,493.51,53.75,102.19,0.9316,2,1,-1
324,45,657.06,634.62,55.34,117.96,0.9248,2,1,-1
324,46,1703.42,531.30,63.70,112.71,0.9091,2,1,-1
324,47,949.13,423.58,42.81,68.34,0.8754,2,1,-1
324,0,812.92,415.36,11.79,12.27,1.0,0,-1,-1
325,1,420.02,584.30,59.78,110.31,0.9366,2,1,-1
325,2,1180.34,554.91,59.87,104.45,0.9280,2,2,-1
325,3,1540.23,695.90,66.39,116.13,0.9415,2,2,-1
325,6,1866.89,562.16,49.62,106.05,0.9268,2,2,-1
325,7,1121.31,458.39,50.02,88.96,0.9366,3,0,-1
325,8,775.53,452.68,29.64,89.95,0.9027,2,1,-1
325,10,1790.77,516.22,55.41,105.19,0.9254,2,2,-1
325,11,1265.84,448.64,34.25,85.46,0.9261,2,2,-1
325,13,1264.72,680.23,60.87,116.95,0.9256,2,1,-1
325,14,822.32,466.28,42.63,90.63,0.9037,2,2,-1
325,18,720.27,446.79,55.06,71.03,0.9061,2,2,-1
325,19,1579.30,370.87,33.66,69.18,0.9057,2,2,-1
325,21,584.07,249.76,22.86,46.47,0.8788,3,0,-1
325,23,1487.71,351.47,23.33,62.52,0.9126,2,1,-1
325,36,535.87,481.77,56.06,85.65,0.9329,2,2,-1
325,38,747.84,371.51,43.72,59.50,0.9037,2,1,-1
325,39,211.49,445.66,43.91,91.25,0.9138,2,2,-1
325,43,154.01,493.88,56.04,101.80,0.9285,2,1,-1
325,45,656.84,634.98,57.10,118.98,0.7972,2,1,-1
325,46,1708.69,532.75,58.67,110.46,0.9248,2,1,-1
325,47,951.82,424.87,40.89,68.98,0.9024,2,1,-1
325,0,816.57,416.73,12.71,12.12,1.0,0,-1,-1
326,1,417.19,584.12,63.84,112.40,0.9369,2,1,-1
326,2,1189.27,554.57,51.75,105.42,0.9247,2,2,-1
326,3,1539.26,694.27,69.63,117.33,0.9522,2,2,-1
326,6,1863.87,561.32,48.87,106.99,0.9310,2,2,-1
326,7,1119.66,458.08,50.56,87.13,0.9343,3,0,-1
326,8,772.97,450.10,30.77,92.36,0.8850,2,1,-1
326,10,1786.59,514.56,58.46,107.46,0.9285,2,2,-1
326,11,1263.52,448.01,35.14,86.10,0.9199,2,2,-1
326,13,1267.02,680.70,58.57,115.96,0.9301,2,1,-1
326,14,828.33,466.08,37.11,91.45,0.9123,2,2,-1
326,18,720.95,446.42,53.68,72.14,0.9115,2,2,-1
326,19,1575.60,370.53,34.61,69.50,0.9153,2,2,-1
326,21,579.51,251.20,22.75,45.69,0.8890,3,0,-1
326,23,1482.86,351.87,23.16,62.36,0.9111,2,1,-1
326,36,535.96,483.28,55.64,81.14,0.9307,2,2,-1
326,37,213.59,399.30,48.63,59.80,0.8439,2,1,-1
326,38,744.03,371.78,47.51,60.09,0.8963,2,1,-1
326,39,211.48,450.30,42.10,87.62,0.9077,2,2,-1
326,43,154.69,495.03,55.24,99.42,0.9207,2,1,-1
326,45,656.47,631.80,63.76,118.75,0.9277,2,1,-1
326,46,1712.79,533.88,52.77,108.97,0.9326,2,1,-1
326,47,950.40,423.72,43.56,69.32,0.9150,2,1,-1
326,0,818.76,415.38,12.41,11.88,1.0,0,-1,-1
327,1,414.86,584.95,67.27,111.09,0.9370,2,1,-1
327,2,1190.41,552.32,49.20,107.42,0.9301,2,2,-1
327,3,1538.37,691.44,72.60,113.07,0.9473,2,2,-1
327,6,1859.15,559.92,50.30,108.36,0.9317,2,2,-1
327,7,1119.32,459.22,50.05,84.98,0.9356,3,0,-1
327,8,773.33,448.59,27.95,83.00,0.8457,2,1,-1
327,10,1782.74,513.32,60.38,109.36,0.9340,2,2,-1
327,11,1258.09,446.26,38.12,88.30,0.9240,2,2,-1
327,13,1272.50,680.79,52.67,115.90,0.9266,2,1,-1
327,14,829.46,465.50,34.73,92.99,0.9162,2,2,-1
327,18,717.85,445.84,54.81,73.67,0.9145,2,2,-1
327,19,1571.34,369.42,34.05,69.65,0.9114,2,2,-1
327,21,574.57,251.72,23.70,47.22,0.8669,3,0,-1
327,23,1477.17,351.72,23.92,62.70,0.9025,2,1,-1
327,36,537.21,485.41,54.86,78.15,0.9294,2,2,-1
327,37,222.94,400.39,44.30,58.11,0.7045,2,1,-1
327,38,740.27,371.78,48.68,60.88,0.9051,2,1,-1
327,39,211.11,454.16,40.30,84.75,0.9001,2,2,-1
327,43,155.38,496.54,53.68,98.08,0.8565,2,1,-1
327,45,660.34,631.16,64.56,116.18,0.9349,2,1,-1
327,46,1716.54,534.69,47.75,109.40,0.9209,2,1,-1
327,47,947.38,421.23,48.81,73.57,0.9173,2,1,-1
328,1,411.47,587.64,69.95,109.52,0.9306,2,1,-1
328,2,1186.55,550.59,51.41,110.24,0.9293,2,2,-1
328,3,1538.76,690.92,73.76,108.14,0.9484,2,2,-1
328,6,1854.00,557.37,52.07,110.04,0.9319,2,2,-1
328,7,1121.16,459.61,47.26,85.01,0.9363,3,0,-1
328,10,1781.02,513.04,59.64,103.22,0.9442,2,2,-1
328,11,1253.28,443.55,41.20,90.84,0.9317,2,2,-1
328,13,1272.96,680.31,50.85,116.66,0.9309,2,1,-1
328,14,826.23,463.67,36.36,93.74,0.9239,2,2,-1
328,18,714.47,444.07,58.82,75.69,0.9261,2,2,-1
328,19,1567.41,368.87,33.41,68.66,0.9134,2,2,-1
328,21,569.41,254.05,24.28,46.72,0.8702,3,0,-1
328,23,1471.09,351.06,26.30,63.99,0.8823,2,1,-1
328,36,540.42,487.15,52.53,78.19,0.9194,2,2,-1
328,38,736.67,371.66,48.23,60.53,0.9150,2,1,-1
328,39,214.91,454.48,35.60,85.49,0.9046,2,2,-1
328,43,156.91,498.43,52.17,96.80,0.8909,2,1,-1
328,45,658.89,631.89,71.22,118.88,0.9247,2,1,-1
328,46,1713.23,533.29,48.33,109.18,0.9207,2,1,-1
328,47,945.76,419.29,50.16,73.43,0.9205,2,1,-1
329,1,411.31,590.49,69.37,108.93,0.8745,2,1,-1
329,2,1183.06,548.93,53.87,112.80,0.9350,2,2,-1
329,3,1542.05,691.68,72.79,104.42,0.9444,2,2,-1
329,6,1847.04,554.94,55.32,113.43,0.9302,2,2,-1
329,7,1123.86,461.62,42.97,85.10,0.9215,3,0,-1
329,10,1778.98,513.01,60.07,100.59,0.9353,2,2,-1
329,11,1249.29,442.53,42.36,87.59,0.9329,2,2,-1
329,13,1269.90,679.25,52.67,117.05,0.9266,2,1,-1
329,14,822.54,461.92,40.66,94.52,0.9325,2,2,-1
329,18,713.13,443.08,59.02,76.87,0.9124,2,2,-1
329,19,1562.10,368.05,32.68,67.63,0.9021,2,2,-1
329,21,563.44,255.24,23.95,45.49,0.8733,3,0,-1
329,23,1464.23,348.83,31.38,66.02,0.9023,2,1,-1
329,36,546.69,488.03,47.61,78.90,0.9050,2,2,-1
329,37,225.89,402.06,36.02,58.31,0.8536,2,1,-1
329,38,734.42,372.32,45.45,59.33,0.9157,2,1,-1
329,39,215.45,453.36,32.42,86.98,0.9124,2,2,-1
329,43,160.25,498.83,46.70,97.83,0.9150,2,1,-1
329,45,658.59,633.39,72.96,119.14,0.8384,2,1,-1
329,46,1706.80,531.56,53.02,112.52,0.9268,2,1,-1
329,47,945.46,418.49,48.72,68.30,0.9210,2,1,-1
330,1,414.96,592.37,67.02,107.38,0.8047,2,1,-1
330,2,1181.14,547.68,54.79,111.98,0.9376,2,2,-1
330,3,1545.69,690.77,71.16,106.58,0.9347,2,2,-1
330,6,1842.00,553.47,57.37,115.50,0.9351,2,2,-1
330,7,1125.99,462.20,39.01,84.39,0.9203,3,0,-1
330,10,1777.52,513.68,58.78,100.30,0.9213,2,2,-1
330,11,1246.66,442.02,42.59,83.30,0.9280,2,2,-1
330,13,1265.37,677.16,56.71,115.05,0.9181,2,1,-1
330,14,815.63,460.59,46.70,94.74,0.9367,2,2,-1
330,18,714.91,441.34,55.70,68.45,0.8805,2,2,-1
330,19,1557.00,367.99,31.83,66.74,0.9161,2,2,-1
330,21,556.81,256.61,24.97,45.27,0.8866,3,0,-1
330,23,1455.68,346.68,31.00,67.30,0.9087,2,1,-1
330,36,550.59,487.70,42.25,79.62,0.9204,2,2,-1
330,37,225.58,402.76,32.61,59.67,0.8805,2,1,-1
330,38,735.15,373.05,43.65,58.42,0.8508,2,1,-1
330,39,210.04,452.93,35.96,88.01,0.9135,2,2,-1
330,43,160.14,497.95,42.10,99.35,0.9257,2,1,-1
330,45,661.77,635.52,71.64,119.43,0.8603,2,1,-1
330,46,1699.72,529.79,59.04,113.20,0.9452,2,1,-1
330,47,949.35,418.53,45.33,68.65,0.9067,2,1,-1
331,1,419.22,592.83,60.90,109.89,0.8936,2,1,-1
331,2,1178.28,547.95,55.36,109.46,0.9341,2,2,-1
331,3,1558.86,689.43,61.11,109.01,0.9263,2,2,-1
331,5,747.78,374.64,28.77,55.61,0.8077,2,1,-1
331,6,1837.51,553.44,57.53,109.66,0.9288,2,2,-1
331,7,1122.41,460.56,39.49,87.38,0.9318,3,0,-1
331,8,756.46,450.84,31.41,85.38,0.8668,2,1,-1
331,10,1783.54,514.01,51.47,101.26,0.9130,2,2,-1
331,11,1244.10,442.13,43.44,82.90,0.9203,2,2,-1
331,13,1260.05,675.09,62.82,119.68,0.9356,2,1,-1
331,14,813.49,459.81,48.39,92.88,0.9338,2,2,-1
331,19,1551.43,368.52,30.72,67.86,0.9130,2,2,-1
331,21,549.75,256.93,25.32,45.37,0.8852,3,0,-1
331,23,1449.32,345.94,29.24,63.31,0.9104,2,1,-1
331,36,545.46,486.80,45.51,81.31,0.9267,2,2,-1
331,37,223.29,403.21,32.41,60.65,0.8639,2,1,-1
331,39,203.74,451.85,39.27,90.15,0.9209,2,2,-1
331,43,155.06,496.59,43.34,101.25,0.9150,2,1,-1
331,46,1695.93,528.74,62.21,114.23,0.9410,2,1,-1
331,47,953.51,419.43,40.66,68.22,0.9110,2,1,-1
332,1,423.78,593.50,56.49,108.43,0.8549,2,1,-1
332,2,1176.40,548.44,55.28,106.04,0.9357,2,2,-1
332,3,1558.91,687.67,60.65,109.90,0.9365,2,2,-1
332,6,1832.67,553.57,58.29,103.63,0.9319,2,2,-1
332,7,1118.09,457.37,41.76,90.99,0.9314,3,0,-1
332,10,1781.40,513.98,50.02,101.23,0.9342,2,2,-1
332,11,1247.65,442.76,39.17,83.70,0.9028,2,2,-1
332,13,1256.37,674.53,66.21,120.35,0.9347,2,1,-1
332,14,810.00,460.61,53.33,91.20,0.9353,2,2,-1
332,18,720.84,442.26,48.96,70.63,0.8807,2,2,-1
332,19,1545.53,368.41,29.13,68.73,0.9141,2,2,-1
332,21,544.39,257.40,24.88,46.08,0.8931,3,0,-1
332,23,1442.55,345.06,28.52,63.82,0.9031,2,1,-1
332,36,540.09,486.61,49.80,81.97,0.9290,2,2,-1
332,37,211.95,403.63,37.21,64.41,0.7675,2,1,-1
332,38,739.68,375.56,38.02,56.16,0.8679,2,1,-1
332,39,198.69,451.33,41.66,90.17,0.9205,2,2,-1
332,43,149.87,495.37,46.11,102.14,0.9201,2,1,-1
332,46,1691.77,528.88,64.61,112.66,0.9332,2,1,-1
332,47,956.14,419.64,37.26,67.11,0.8884,2,1,-1
332,0,819.89,416.24,11.65,12.89,1.0,0,-1,-1
333,1,424.46,592.14,55.01,111.17,0.9287,2,1,-1
333,2,1176.47,551.03,52.67,104.04,0.9213,2,2,-1
333,3,1554.80,684.28,67.84,114.13,0.9363,2,2,-1
333,6,1831.05,554.59,57.95,102.60,0.9293,2,2,-1
333,7,1114.94,455.12,43.40,93.17,0.9345,3,0,-1
333,10,1777.71,512.01,52.55,103.46,0.9346,2,2,-1
333,11,1247.21,443.78,36.11,83.49,0.9130,2,2,-1
333,13,1253.02,675.08,68.04,119.67,0.9321,2,1,-1
333,14,805.15,461.50,54.17,90.93,0.9247,2,2,-1
333,18,716.19,442.63,54.66,71.87,0.8678,2,2,-1
333,19,1540.78,366.86,27.06,68.33,0.9139,2,2,-1
333,21,537.41,257.07,24.46,46.59,0.8784,3,0,-1
333,23,1436.20,345.39,26.78,64.17,0.9070,2,1,-1
333,36,535.22,486.13,52.78,82.17,0.9362,2,2,-1
333,38,737.23,375.52,39.88,58.59,0.8965,2,1,-1
333,39,191.47,449.26,45.57,91.08,0.9155,2,2,-1
333,43,140.67,495.18,53.55,103.26,0.9281,2,1,-1
333,45,684.63,640.11,58.39,109.77,0.8938,2,1,-1
333,46,1692.94,530.16,63.40,110.06,0.9331,2,1,-1
333,47,951.55,418.49,40.49,70.95,0.9230,2,1,-1
333,0,817.04,415.31,12.38,12.33,1.0,0,-1,-1
334,1,417.05,591.35,58.08,112.14,0.9322,2,1,-1
334,2,1179.26,552.47,47.97,103.62,0.9175,2,2,-1
334,3,1554.85,681.52,72.08,116.28,0.9376,2,2,-1
334,6,1829.71,554.95,56.38,103.18,0.9248,2,2,-1
334,7,1110.86,454.04,45.61,90.39,0.9429,3,0,-1
334,10,1774.69,509.84,55.25,105.28,0.9341,2,2,-1
334,11,1244.20,443.49,36.37,84.06,0.9224,2,2,-1
334,13,1250.33,676.24,70.56,119.69,0.9259,2,1,-1
334,14,804.73,462.90,52.81,89.66,0.9161,2,2,-1
334,18,711.93,442.83,57.49,72.23,0.8318,2,2,-1
334,19,1535.42,365.23,25.97,69.22,0.9114,2,2,-1
334,21,529.75,257.59,23.99,46.58,0.8715,3,0,-1
334,23,1428.61,343.83,25.12,66.29,0.8998,2,1,-1
334,36,530.79,486.47,54.35,81.89,0.9351,2,2,-1
334,37,208.27,403.68,38.48,72.21,0.8423,2,1,-1
334,38,731.47,374.02,43.18,60.11,0.8954,2,1,-1
334,39,185.21,450.05,46.83,89.36,0.9184,2,2,-1
334,43,136.77,495.34,54.19,101.90,0.9269,2,1,-1
334,45,681.14,639.52,63.25,119.96,0.9187,2,1,-1
334,46,1695.46,531.38,62.38,108.73,0.9337,2,1,-1
334,47,946.73,417.50,45.80,70.83,0.9219,2,1,-1
335,1,407.24,590.76,64.27,115.14,0.9345,2,1,-1
335,2,1181.74,553.65,41.85,103.36,0.9331,2,2,-1
335,3,1552.94,680.57,76.49,113.31,0.9411,2,2,-1
335,6,1828.78,552.94,55.03,106.05,0.9353,2,2,-1
335,7,1107.75,452.92,46.03,87.73,0.9212,3,0,-1
335,10,1772.13,507.53,58.38,105.28,0.9338,2,2,-1
335,11,1239.95,441.39,38.29,86.57,0.9316,2,2,-1
335,12,706.68,440.46,64.42,100.30,0.9251,2,1,-1
335,13,1253.11,678.10,68.53,119.25,0.9189,2,1,-1
335,14,805.76,463.41,51.25,90.85,0.9101,2,2,-1
335,19,1530.38,363.81,25.50,66.70,0.9159,2,2,-1
335,21,520.82,257.00,24.10,47.63,0.8799,3,0,-1
335,23,1421.45,341.46,23.82,67.53,0.9046,2,1,-1
335,36,526.53,487.90,56.14,81.94,0.9318,2,2,-1
335,37,207.52,403.81,33.72,71.42,0.8861,2,1,-1
335,38,729.20,372.42,43.39,57.88,0.8985,2,1,-1
335,39,177.14,452.40,46.49,88.09,0.9028,2,2,-1
335,43,128.38,496.59,56.03,101.68,0.8792,2,1,-1
335,45,680.77,639.27,63.09,100.60,0.9264,2,1,-1
335,46,1698.65,532.96,60.68,108.22,0.9137,2,1,-1
335,47,943.84,416.51,49.49,69.54,0.9267,2,1,-1
335,0,723.91,423.24,10.50,12.69,1.0,0,-1,-1
336,1,399.51,591.63,68.59,115.22,0.9336,2,1,-1
336,2,1175.43,552.91,44.82,104.90,0.9343,2,2,-1
336,3,1554.03,680.00,76.02,107.88,0.9391,2,2,-1
336,6,1825.98,550.38,55.52,108.31,0.9293,2,2,-1
336,7,1105.24,453.94,46.09,85.89,0.9348,3,0,-1
336,10,1769.57,506.24,60.97,100.11,0.9370,2,2,-1
336,11,1233.98,438.26,41.34,88.51,0.9292,2,2,-1
336,12,707.62,440.07,60.80,96.37,0.8741,2,1,-1
336,13,1259.19,680.38,63.06,118.52,0.9171,2,1,-1
336,14,810.17,462.75,45.98,92.64,0.9075,2,2,-1
336,19,1524.09,362.59,26.48,68.77,0.9110,2,2,-1
336,21,512.38,257.18,24.07,46.54,0.8844,3,0,-1
336,23,1414.28,339.47,23.07,68.64,0.9013,2,1,-1
336,36,526.35,489.59,54.74,81.84,0.8343,2,2,-1
336,37,202.11,405.13,31.91,68.05,0.8122,2,1,-1
336,38,722.56,371.66,42.89,57.28,0.8666,2,1,-1
336,39,172.11,454.29,44.91,87.84,0.9124,2,2,-1
336,43,124.94,498.31,51.86,97.50,0.8065,2,1,-1
336,45,681.80,639.93,64.63,101.24,0.9278,2,1,-1
336,46,1704.22,532.90,55.45,108.04,0.9199,2,1,-1
336,47,944.26,416.68,50.27,66.85,0.9183,2,1,-1
336,0,806.75,414.53,12.18,12.80,1.0,0,-1,-1
337,1,393.29,593.25,71.40,113.86,0.9324,2,1,-1
337,2,1168.55,551.62,50.03,105.22,0.9347,2,2,-1
337,3,1563.46,680.12,69.07,107.81,0.9179,2,2,-1
337,6,1821.22,546.78,57.81,111.81,0.9324,2,2,-1
337,7,1105.00,454.53,43.74,86.92,0.8660,3,0,-1
337,8,738.72,438.95,24.74,61.69,0.5674,2,1,-1
337,10,1765.73,505.67,64.56,100.18,0.9351,2,2,-1
337,11,1229.71,435.94,42.67,88.69,0.9274,2,2,-1
337,12,719.63,482.79,33.68,53.93,0.5575,2,1,-1
337,13,1265.96,680.67,54.29,117.27,0.9344,2,1,-1
337,14,809.21,460.60,43.62,95.05,0.9332,2,2,-1
337,19,1517.26,362.30,26.95,67.72,0.9135,2,2,-1
337,21,503.74,257.98,23.79,45.89,0.8740,3,0,-1
337,23,1406.92,338.65,21.92,63.82,0.9001,2,1,-1
337,36,525.81,492.16,51.77,80.32,0.8870,2,2,-1
337,37,196.01,407.03,30.64,68.27,0.8621,2,1,-1
337,38,725.03,371.10,37.92,54.27,0.7781,2,1,-1
337,39,165.80,454.92,45.16,88.73,0.8812,2,2,-1
337,43,132.35,500.73,34.26,77.78,0.8917,2,1,-1
337,45,669.20,641.43,82.55,120.13,0.9355,2,1,-1
337,46,1703.52,530.82,54.20,110.43,0.9225,2,1,-1
337,47,945.76,417.37,48.92,68.02,0.8895,2,1,-1
337,0,802.34,415.33,12.27,12.81,1.0,0,-1,-1
338,1,387.81,596.36,70.21,112.37,0.7229,2,1,-1
338,2,1161.31,549.00,56.65,107.87,0.9330,2,2,-1
338,3,1571.86,679.10,60.69,110.23,0.9299,2,2,-1
338,6,1817.64,545.02,59.45,112.90,0.9358,2,2,-1
338,7,1103.30,455.65,41.56,85.04,0.7445,3,0,-1
338,10,1768.40,505.83,62.07,100.58,0.9180,2,2,-1
338,11,1224.66,434.23,43.83,83.00,0.9287,2,2,-1
338,12,710.67,446.04,39.66,88.64,0.8687,2,1,-1
338,13,1262.37,679.08,55.45,120.31,0.9359,2,1,-1
338,14,802.93,457.90,44.36,97.33,0.9354,2,2,-1
338,19,1509.62,361.66,29.44,68.73,0.9138,2,2,-1
338,21,493.45,258.50,24.65,47.31,0.8720,3,0,-1
338,23,1398.54,337.53,21.55,62.38,0.8991,2,1,-1
338,36,529.44,494.34,47.20,79.35,0.9032,2,2,-1
338,37,190.27,407.24,28.86,65.36,0.8712,2,1,-1
338,38,723.11,370.57,35.76,56.61,0.8204,2,1,-1
338,39,163.19,456.41,40.60,88.19,0.9130,2,2,-1
338,43,124.88,501.76,33.75,84.52,0.8637,2,1,-1
338,45,666.33,643.37,81.24,113.35,0.9181,2,1,-1
338,46,1698.59,527.84,58.12,114.57,0.9316,2,1,-1
338,47,952.02,417.11,42.82,68.22,0.8828,2,1,-1
338,0,795.92,414.20,12.93,12.93,1.0,0,-1,-1
339,1,385.36,599.48,66.19,110.08,0.8416,2,1,-1
339,2,1155.50,547.26,62.55,109.17,0.9382,2,2,-1
339,3,1576.33,676.97,56.57,112.87,0.9368,2,2,-1
339,6,1813.80,543.73,59.84,111.33,0.9309,2,2,-1
339,7,1103.32,455.38,35.44,85.39,0.9307,3,0,-1
339,10,1769.23,505.89,58.41,100.82,0.9270,2,2,-1
339,11,1220.94,433.07,44.11,82.92,0.9212,2,2,-1
339,12,706.78,447.73,34.20,86.56,0.8666,2,1,-1
339,13,1261.80,676.37,54.63,119.87,0.9271,2,1,-1
339,14,796.38,455.65,45.38,98.90,0.9288,2,2,-1
339,19,1501.35,360.09,31.37,69.50,0.9088,2,2,-1
339,21,483.48,258.74,25.28,47.20,0.8876,3,0,-1
339,23,1389.60,337.00,21.52,61.31,0.8850,2,1,-1
339,36,524.29,495.36,49.87,79.19,0.9070,2,2,-1
339,37,183.27,404.59,27.97,63.84,0.8511,2,1,-1
339,38,723.08,369.37,32.75,56.26,0.8575,2,1,-1
339,39,155.67,454.76,40.74,90.68,0.9175,2,2,-1
339,43,114.37,501.38,37.27,99.63,0.8869,2,1,-1
339,45,666.73,647.72,80.64,113.35,0.9186,2,1,-1
339,46,1694.49,526.02,60.63,114.71,0.9220,2,1,-1
339,47,950.68,417.12,40.46,69.04,0.8865,2,1,-1
339,0,791.03,413.29,12.11,13.21,1.0,0,-1,-1
340,2,1150.27,546.79,64.99,107.34,0.9404,2,2,-1
340,3,1571.08,674.54,61.86,113.50,0.9393,2,2,-1
340,6,1810.64,543.63,60.30,106.86,0.9284,2,2,-1
340,7,1093.96,453.48,39.67,88.55,0.9262,3,0,-1
340,10,1775.71,505.09,51.38,101.74,0.9297,2,2,-1
340,11,1220.72,433.08,40.64,84.53,0.9224,2,2,-1
340,12,701.13,444.79,32.71,89.70,0.8576,2,1,-1
340,13,1256.06,673.75,58.99,124.16,0.9277,2,1,-1
340,14,789.80,454.61,47.33,96.95,0.9308,2,2,-1
340,19,1493.45,358.71,32.30,68.89,0.9144,2,2,-1
340,21,471.92,258.88,26.09,47.98,0.8663,3,0,-1
340,23,1380.04,336.40,22.59,61.45,0.8932,2,1,-1
340,36,514.15,495.53,52.27,78.94,0.9208,2,2,-1
340,37,174.22,407.53,28.09,67.40,0.8602,2,1,-1
340,38,713.09,367.50,36.72,58.77,0.8857,2,1,-1
340,39,143.83,453.69,43.22,93.06,0.9164,2,2,-1
340,43,104.32,500.02,38.96,101.77,0.8654,2,1,-1
340,45,667.94,649.46,82.41,118.55,0.7290,2,1,-1
340,46,1690.33,524.97,63.80,116.04,0.9348,2,1,-1
340,47,945.20,413.88,44.47,72.39,0.9159,2,1,-1
340,0,783.85,412.84,13.28,13.78,1.0,0,-1,-1
341,1,392.84,600.70,56.88,112.40,0.9099,2,1,-1
341,2,1146.82,547.34,65.83,106.01,0.9365,2,2,-1
341,3,1566.82,671.74,68.61,116.91,0.9467,2,2,-1
341,6,1811.18,545.00,56.73,103.24,0.9287,2,2,-1
341,7,1086.12,450.88,43.85,90.85,0.9415,3,0,-1
341,10,1771.32,503.37,53.52,103.66,0.9333,2,2,-1
341,11,1221.14,433.46,35.80,83.59,0.9161,2,2,-1
341,12,695.48,447.05,30.52,87.67,0.8973,2,1,-1
341,13,1254.06,673.23,59.71,120.88,0.9357,2,1,-1
341,14,784.67,454.04,50.03,96.83,0.9362,2,2,-1
341,19,1484.98,356.30,33.48,68.48,0.9164,2,2,-1
341,21,460.19,258.90,27.01,47.69,0.8596,3,0,-1
341,23,1369.89,335.33,24.62,65.02,0.9001,2,1,-1
341,36,506.29,495.68,54.73,79.90,0.9283,2,2,-1
341,37,166.25,402.57,29.49,74.66,0.8732,2,1,-1
341,38,705.51,366.13,42.01,59.73,0.8957,2,1,-1
341,39,132.95,452.16,44.96,93.95,0.9196,2,2,-1
341,43,88.15,498.53,46.27,105.13,0.9158,2,1,-1
341,46,1687.37,524.68,64.60,114.61,0.9414,2,1,-1
341,47,940.08,409.83,49.51,76.76,0.9153,2,1,-1
341,0,182.64,400.84,13.00,12.19,1.0,0,-1,-1
342,1,387.00,599.27,57.31,115.09,0.9135,2,1,-1
342,2,1144.95,547.86,64.13,105.91,0.9264,2,2,-1
342,3,1563.45,669.42,72.99,114.31,0.9486,2,2,-1
342,6,1812.28,545.11,50.82,102.72,0.9339,2,2,-1
342,7,1079.31,449.35,46.89,92.52,0.9318,3,0,-1
342,10,1764.37,500.68,57.80,104.99,0.9313,2,2,-1
342,11,1216.74,431.70,34.70,85.66,0.9237,2,2,-1
342,12,688.59,446.46,32.00,89.19,0.8909,2,1,-1
342,13,1250.57,672.38,61.34,123.63,0.9270,2,1,-1
342,14,782.25,453.95,48.11,95.01,0.9248,2,2,-1
342,19,1476.78,354.95,32.65,66.01,0.9073,2,2,-1
342,21,449.63,258.69,27.84,48.17,0.8713,3,0,-1
342,23,1360.05,332.81,26.81,66.84,0.9071,2,1,-1
342,36,499.37,495.03,60.52,82.75,0.9346,2,2,-1
342,37,160.70,402.38,33.31,77.61,0.9016,2,1,-1
342,38,702.87,365.07,41.73,59.86,0.8065,2,1,-1
342,39,123.32,451.93,46.42,91.67,0.9225,2,2,-1
342,43,76.02,497.53,55.76,106.76,0.9267,2,1,-1
342,45,685.80,650.25,63.70,117.51,0.8954,2,1,-1
342,46,1685.58,525.01,64.08,114.87,0.9314,2,1,-1
342,47,937.56,407.95,50.42,71.47,0.9193,2,1,-1
342,0,770.21,412.41,13.36,13.57,1.0,0,-1,-1
343,1,381.94,660.97,38.05,54.87,0.8805,2,1,-1
343,2,1148.00,548.29,59.62,106.05,0.9198,2,2,-1
343,3,1563.43,667.59,74.59,109.13,0.9493,2,2,-1
343,6,1809.79,543.70,48.99,104.54,0.9303,2,2,-1
343,7,1074.18,448.70,48.75,86.84,0.9389,3,0,-1
343,10,1759.20,499.12,61.40,105.62,0.9370,2,2,-1
343,11,1208.86,429.80,37.92,86.35,0.9227,2,2,-1
343,12,679.21,444.57,31.63,90.13,0.9086,2,1,-1
343,13,1251.55,674.24,58.35,121.81,0.9316,2,1,-1
343,14,781.60,455.36,43.89,95.57,0.9127,2,2,-1
343,19,1468.41,354.22,32.57,67.04,0.9180,2,2,-1
343,21,439.69,259.47,27.48,47.52,0.8453,3,0,-1
343,23,1349.30,329.90,27.92,68.82,0.9082,2,1,-1
343,33,389.38,597.73,51.88,59.71,0.8780,2,2,-1
343,36,492.62,496.19,64.48,83.23,0.9387,2,2,-1
343,37,152.03,402.35,35.75,76.16,0.8994,2,1,-1
343,38,707.81,364.53,35.04,54.10,0.7574,2,1,-1
343,39,112.92,451.44,50.85,91.66,0.9143,2,2,-1
343,43,67.46,497.19,60.49,105.54,0.9345,2,1,-1
343,45,688.77,647.89,53.27,87.48,0.8357,2,1,-1
343,46,1699.24,526.76,46.63,83.68,0.8983,2,1,-1
343,47,937.83,406.55,49.53,72.74,0.8981,2,1,-1
343,49,715.83,426.91,41.27,72.91,0.8705,2,-1,-1
343,0,764.65,412.59,11.92,12.56,1.0,0,-1,-1
344,2,1153.45,547.64,52.64,107.34,0.9192,2,2,-1
344,3,1565.91,668.00,73.76,107.76,0.9490,2,2,-1
344,6,1803.97,541.19,51.10,107.25,0.9324,2,2,-1
344,7,1069.43,448.32,49.99,85.85,0.9324,3,0,-1
344,10,1755.32,497.60,63.85,103.76,0.9355,2,2,-1
344,11,1200.13,427.17,42.46,89.63,0.9274,2,2,-1
344,12,669.16,441.95,33.24,92.87,0.9090,2,1,-1
344,13,1254.34,675.60,53.98,122.09,0.9260,2,1,-1
344,14,780.00,456.39,41.80,94.29,0.9051,2,2,-1
344,19,1461.29,353.37,30.42,68.32,0.9139,2,2,-1
344,21,431.84,260.15,25.88,45.35,0.8376,3,0,-1
344,23,1340.14,328.36,27.26,64.16,0.9128,2,1,-1
344,33,364.58,595.00,74.32,120.72,0.9229,2,2,-1
344,36,487.82,498.11,61.90,80.95,0.9288,2,2,-1
344,37,143.87,404.62,34.15,75.59,0.8234,2,1,-1
344,38,703.11,363.03,35.86,60.34,0.8423,2,1,-1
344,39,105.96,452.95,50.51,90.36,0.9126,2,2,-1
344,43,57.77,498.40,62.41,105.02,0.9187,2,1,-1
344,45,672.60,645.62,73.74,128.71,0.8899,2,1,-1
344,46,1695.69,526.93,47.38,85.79,0.8983,2,1,-1
344,47,937.52,406.01,47.24,73.67,0.8851,2,1,-1
344,49,707.53,425.36,43.78,75.67,0.8921,2,-1,-1
344,0,757.55,412.07,13.09,13.82,1.0,0,-1,-1
345,2,1152.72,546.10,50.44,108.95,0.9323,2,2,-1
345,3,1572.82,668.09,71.83,108.71,0.9280,2,2,-1
345,7,1068.41,448.22,48.06,86.34,0.9342,3,0,-1
345,10,1755.79,496.63,62.35,99.46,0.9336,2,2,-1
345,11,1195.02,425.05,44.70,85.51,0.9312,2,2,-1
345,12,660.08,440.51,33.86,90.87,0.9047,2,1,-1
345,13,1261.72,677.67,45.22,121.24,0.9206,2,1,-1
345,14,777.56,455.68,39.52,96.28,0.9197,2,2,-1
345,19,1453.30,351.69,28.46,68.85,0.9126,2,2,-1
345,21,422.26,260.20,25.16,44.64,0.7653,3,0,-1
345,23,1329.31,326.53,29.37,64.38,0.9105,2,1,-1
345,33,361.40,595.22,69.40,117.62,0.9269,2,2,-1
345,38,699.19,361.42,36.54,64.47,0.8710,2,1,-1
345,39,100.44,454.24,44.99,89.90,0.9036,2,2,-1
345,41,487.99,499.96,59.35,81.84,0.9308,2,1,-1
345,43,51.53,500.15,57.50,103.21,0.8810,2,1,-1
345,45,676.92,644.65,68.26,125.05,0.9187,2,1,-1
345,46,1695.74,526.39,45.36,84.85,0.9089,2,1,-1
345,47,941.15,406.07,43.65,74.30,0.8297,2,1,-1
345,49,708.06,425.71,42.62,75.66,0.9141,2,-1,-1
345,0,751.37,411.47,12.46,12.80,1.0,0,-1,-1
346,2,1147.15,543.74,53.83,111.34,0.9444,2,2,-1
346,3,1580.01,668.00,67.92,109.63,0.9296,2,2,-1
346,6,1792.08,535.83,59.37,112.40,0.9343,2,2,-1
346,7,1069.28,449.47,43.51,85.21,0.9206,3,0,-1
346,11,1190.08,423.52,46.29,80.74,0.9284,2,2,-1
346,12,650.48,439.38,37.02,91.47,0.9069,2,1,-1
346,13,1259.10,676.86,44.37,118.50,0.9162,2,1,-1
346,14,774.55,454.84,37.23,96.81,0.9327,2,2,-1
346,19,1446.12,349.42,27.47,69.64,0.9095,2,2,-1
346,21,412.63,260.89,24.47,43.45,0.8389,3,0,-1
346,23,1321.36,325.47,28.88,64.75,0.9021,2,1,-1
346,33,353.47,596.30,71.01,118.95,0.9382,2,2,-1
346,36,490.98,502.56,52.79,79.88,0.9048,2,2,-1
346,37,130.63,404.51,26.59,60.65,0.6853,2,1,-1
346,38,693.11,359.45,37.42,64.96,0.8981,2,1,-1
346,39,95.72,455.50,39.53,89.47,0.8968,2,2,-1
346,43,46.21,502.38,55.75,102.97,0.8652,2,1,-1
346,45,669.28,645.09,79.01,125.26,0.9199,2,1,-1
346,46,1690.91,524.23,49.71,113.42,0.9264,2,1,-1
346,47,949.49,404.98,33.02,62.01,0.8559,2,1,-1
346,49,700.91,424.45,48.93,77.38,0.9249,2,2,-1
346,0,745.67,411.16,11.56,13.11,1.0,0,-1,-1
347,2,1143.06,541.52,56.85,113.68,0.9369,2,2,-1
347,3,1588.67,665.62,59.96,112.36,0.9363,2,2,-1
347,6,1787.02,534.56,61.76,111.62,0.9301,2,2,-1
347,7,1070.75,449.12,39.57,86.88,0.9235,3,0,-1
347,11,1188.18,423.43,46.35,80.93,0.9223,2,2,-1
347,12,641.66,439.58,37.97,89.00,0.9131,2,1,-1
347,13,1249.64,674.48,52.92,124.80,0.9284,2,1,-1
347,14,768.30,452.39,38.47,97.34,0.9291,2,2,-1
347,19,1438.49,347.71,25.96,64.74,0.9062,2,2,-1
347,21,401.92,257.45,26.11,48.46,0.8603,3,0,-1
347,23,1312.57,323.78,27.41,67.14,0.9066,2,1,-1
347,33,347.07,597.26,70.89,119.05,0.9045,2,2,-1
347,36,494.27,502.99,46.23,80.71,0.9205,2,2,-1
347,37,122.48,402.37,27.13,62.02,0.5593,2,1,-1
347,38,691.34,359.84,35.00,62.28,0.7143,2,1,-1
347,39,87.41,455.85,38.25,90.87,0.8953,2,2,-1
347,43,43.07,503.33,46.48,95.84,0.8457,2,1,-1
347,45,700.36,648.17,43.88,69.71,0.8675,2,1,-1
347,46,1685.78,521.91,50.83,115.17,0.9350,2,1,-1
347,47,940.96,403.12,40.10,75.82,0.9189,2,1,-1
347,49,694.82,422.02,56.00,79.31,0.9284,2,2,-1
347,0,736.21,410.95,15.34,14.34,1.0,0,-1,-1
348,2,1138.80,539.71,58.94,113.00,0.9341,2,2,-1
348,3,1587.02,662.30,63.26,115.52,0.9374,2,2,-1
348,6,1783.63,534.07,63.89,106.63,0.9324,2,2,-1
348,7,1068.09,447.53,38.35,88.82,0.9262,3,0,-1
348,11,1189.48,423.22,43.42,82.51,0.9050,2,2,-1
348,12,632.81,440.25,38.23,88.93,0.9139,2,1,-1
348,13,1242.90,671.60,59.37,124.68,0.9368,2,1,-1
348,14,759.29,450.75,42.83,101.30,0.9261,2,2,-1
348,19,1429.54,345.87,26.66,64.66,0.9039,2,2,-1
348,21,391.74,256.50,26.69,48.57,0.8546,3,0,-1
348,23,1303.26,321.74,25.43,68.29,0.9012,2,1,-1
348,33,365.52,601.17,44.74,86.43,0.8622,2,2,-1
348,36,485.79,501.49,49.79,82.87,0.9277,2,2,-1
348,37,113.92,402.76,30.26,66.68,0.8409,2,1,-1
348,38,692.02,359.12,32.59,60.33,0.8113,2,1,-1
348,39,81.58,454.83,35.47,92.24,0.9163,2,2,-1
348,43,37.96,502.78,41.30,103.76,0.9009,2,1,-1
348,45,682.80,649.50,72.27,121.55,0.6877,2,1,-1
348,46,1679.47,519.25,55.26,118.10,0.9342,2,1,-1
348,47,934.92,401.82,45.37,75.85,0.9290,2,1,-1
348,49,694.05,421.18,57.17,71.82,0.9228,2,2,-1
348,0,731.17,410.11,11.92,12.93,1.0,0,-1,-1
349,2,1136.51,539.62,60.18,109.52,0.9386,2,2,-1
349,3,1584.69,658.67,70.19,118.87,0.9311,2,2,-1
349,6,1782.32,534.73,65.41,103.89,0.9358,2,2,-1
349,7,1062.35,443.57,41.44,92.26,0.9342,3,0,-1
349,11,1191.59,422.76,39.01,82.79,0.9132,2,2,-1
349,12,627.54,441.01,36.22,88.87,0.9028,2,1,-1
349,13,1238.12,670.18,64.57,126.39,0.9290,2,1,-1
349,14,749.46,449.27,48.35,102.05,0.9317,2,2,-1
349,19,1420.83,344.65,27.48,65.85,0.9140,2,2,-1
349,21,380.41,255.62,26.02,46.89,0.8593,3,0,-1
349,23,1294.60,319.15,23.94,68.34,0.8987,2,1,-1
349,33,362.47,602.71,38.29,89.31,0.8722,2,2,-1
349,36,476.40,500.03,55.42,85.19,0.9313,2,2,-1
349,37,104.67,404.79,31.67,72.79,0.8830,2,1,-1
349,38,692.37,359.62,28.66,59.51,0.8640,2,1,-1
349,39,68.74,453.74,37.65,92.47,0.9094,2,2,-1
349,43,27.75,500.50,41.47,107.43,0.9095,2,1,-1
349,45,699.35,651.95,51.00,100.59,0.7941,2,1,-1
349,46,1675.36,517.65,58.96,117.84,0.9441,2,1,-1
349,47,931.78,400.36,49.77,74.02,0.9260,2,1,-1
349,49,693.87,419.95,57.73,74.10,0.9084,2,2,-1
349,0,723.34,409.97,11.92,12.16,1.0,0,-1,-1
350,2,1136.00,540.73,58.59,109.84,0.9297,2,2,-1
350,3,1584.00,657.10,74.12,117.01,0.9362,2,2,-1
350,7,1057.40,440.67,43.90,95.94,0.9280,3,0,-1
350,10,1764.91,490.50,51.29,108.33,0.9346,2,2,-1
350,11,1186.54,421.69,39.68,84.85,0.9269,2,2,-1
350,12,621.38,440.98,35.08,89.44,0.9154,2,1,-1
350,13,1234.80,669.44,69.73,126.72,0.9344,2,1,-1
350,14,742.78,448.54,53.65,98.96,0.9321,2,2,-1
350,19,1411.57,344.00,29.53,67.66,0.9163,2,2,-1
350,21,368.77,254.63,27.44,47.55,0.8623,3,0,-1
350,23,1284.32,317.48,23.97,65.82,0.8962,2,1,-1
350,33,359.46,603.11,35.47,86.77,0.8505,2,2,-1
350,36,468.17,499.57,60.64,85.77,0.9355,2,2,-1
350,37,93.04,399.39,35.45,81.30,0.8989,2,1,-1
350,38,689.85,359.42,27.06,61.19,0.8870,2,1,-1
350,39,56.24,452.22,42.07,94.01,0.8945,2,2,-1
350,43,16.53,498.84,42.90,108.81,0.8217,2,1,-1
350,45,704.06,653.90,40.95,92.75,0.8834,2,1,-1
350,46,1672.38,517.13,61.42,116.50,0.9415,2,1,-1
350,47,931.65,400.08,49.98,73.55,0.9043,2,1,-1
350,49,698.21,418.33,53.60,76.25,0.8904,2,2,-1
350,0,717.65,409.53,11.74,11.65,1.0,0,-1,-1
351,2,1137.73,541.68,54.48,109.10,0.9194,2,2,-1
351,3,1584.10,655.68,76.29,113.10,0.9397,2,2,-1
351,7,1052.78,439.49,44.99,94.13,0.9354,3,0,-1
351,10,1762.27,487.69,53.09,110.59,0.9278,2,2,-1
351,11,1180.84,418.39,42.50,87.87,0.9335,2,2,-1
351,12,615.47,439.65,33.53,90.21,0.9223,2,1,-1
351,13,1231.45,670.69,72.93,126.29,0.9415,2,1,-1
351,14,735.95,448.57,55.89,98.88,0.9290,2,2,-1
351,19,1401.73,342.98,31.81,68.12,0.9192,2,2,-1
351,21,357.07,254.30,28.98,47.43,0.8759,3,0,-1
351,23,1273.99,316.77,23.78,64.15,0.8981,2,1,-1
351,33,345.39,602.37,46.85,119.19,0.8883,2,2,-1
351,36,461.55,500.33,65.46,87.36,0.9328,2,2,-1
351,37,84.79,399.15,39.35,83.77,0.8862,2,1,-1
351,38,682.81,358.68,34.16,63.80,0.9095,2,1,-1
351,39,44.95,451.17,44.47,95.20,0.8983,2,2,-1
351,43,5.29,497.35,50.43,108.06,0.9268,2,1,-1
351,45,691.36,652.59,50.13,105.44,0.8007,2,1,-1
351,46,1671.34,517.67,62.25,114.29,0.9382,2,1,-1
351,47,935.80,401.32,45.65,74.50,0.8727,2,1,-1
351,49,704.97,416.99,47.76,78.25,0.9002,2,2,-1
351,0,715.83,408.67,13.43,12.24,1.0,0,-1,-1
352,2,1144.06,543.13,46.41,108.35,0.9166,2,2,-1
352,3,1588.18,656.17,73.91,113.72,0.9284,2,2,-1
352,7,1048.69,437.97,45.68,89.49,0.9357,3,0,-1
352,10,1759.25,485.37,56.46,107.51,0.9361,2,2,-1
352,11,1176.01,415.37,44.93,88.88,0.9283,2,2,-1
352,12,606.75,437.15,34.07,94.21,0.9122,2,1,-1
352,13,1231.09,672.40,73.40,125.72,0.9318,2,1,-1
352,14,730.68,449.53,54.07,98.31,0.9134,2,2,-1
352,19,1391.39,340.26,33.16,68.61,0.9213,2,2,-1
352,21,346.88,254.26,29.81,47.16,0.8662,3,0,-1
352,23,1264.17,315.62,24.29,65.26,0.9016,2,1,-1
352,33,331.17,600.30,58.94,124.69,0.9294,2,2,-1
352,36,456.05,501.45,70.54,90.35,0.9290,2,2,-1
352,37,73.81,401.75,40.96,78.04,0.8891,2,1,-1
352,38,674.99,356.33,38.36,65.88,0.9133,2,1,-1
352,39,33.68,450.26,51.04,96.05,0.9163,2,2,-1
352,45,678.71,649.97,66.91,132.16,0.9181,2,1,-1
352,46,1673.13,519.21,61.39,112.76,0.9377,2,1,-1
352,47,939.40,401.53,42.91,73.08,0.8648,2,1,-1
352,49,699.25,413.23,49.87,82.82,0.9037,2,2,-1
352,0,672.33,411.13,10.62,12.71,1.0,0,-1,-1
353,2,1144.82,542.96,41.36,109.06,0.9401,2,2,-1
353,3,1600.93,656.65,64.50,113.46,0.9180,2,2,-1
353,7,1045.99,438.10,45.09,88.30,0.9315,3,0,-1
353,10,1757.72,483.95,58.52,102.72,0.9403,2,2,-1
353,11,1170.24,412.17,47.94,88.34,0.9298,2,2,-1
353,12,598.40,433.95,34.11,96.28,0.9165,2,1,-1
353,13,1234.54,674.79,72.27,123.98,0.9163,2,1,-1
353,14,733.15,450.22,48.91,98.12,0.8971,2,2,-1
353,19,1380.33,337.92,34.24,69.20,0.9177,2,2,-1
353,21,334.78,252.62,30.15,48.82,0.8624,3,0,-1
353,23,1254.53,315.14,23.98,63.97,0.9033,2,1,-1
353,33,319.81,600.01,65.79,125.03,0.9342,2,2,-1
353,36,452.82,502.84,68.56,89.98,0.8821,2,2,-1
353,37,64.59,400.02,46.63,84.37,0.8788,2,1,-1
353,38,668.89,355.40,37.92,65.50,0.9010,2,1,-1
353,39,24.51,450.67,53.42,95.89,0.9079,2,2,-1
353,45,675.42,650.58,70.55,129.56,0.9356,2,1,-1
353,46,1675.29,520.13,60.42,113.72,0.9124,2,1,-1
353,47,939.74,399.60,39.74,76.57,0.9008,2,1,-1
353,49,694.72,409.56,53.25,86.43,0.9158,2,2,-1
353,0,734.85,399.15,14.55,15.78,1.0,0,-1,-1
354,2,1137.43,540.85,46.39,110.06,0.9348,2,2,-1
354,3,1613.34,655.46,52.96,115.13,0.9264,2,2,-1
354,6,1780.96,527.43,62.37,113.27,0.9411,2,2,-1
354,7,1046.22,438.14,41.00,89.04,0.9148,3,0,-1
354,11,1165.46,410.56,48.79,82.51,0.9271,2,2,-1
354,12,589.63,432.05,34.47,97.23,0.9119,2,1,-1
354,13,1247.28,675.54,61.75,125.60,0.9102,2,1,-1
354,14,730.25,450.33,45.44,98.20,0.9128,2,2,-1
354,19,1370.21,335.74,33.50,64.58,0.9157,2,2,-1
354,21,325.40,252.90,28.93,47.91,0.8307,3,0,-1
354,23,1243.90,313.82,24.81,65.65,0.9000,2,1,-1
354,33,309.52,599.19,75.19,125.93,0.9330,2,2,-1
354,36,456.52,505.54,62.83,86.20,0.8631,2,2,-1
354,37,58.74,401.06,41.09,83.42,0.8275,2,1,-1
354,38,668.27,354.83,35.15,64.52,0.8491,2,1,-1
354,39,15.49,451.89,48.83,96.22,0.8938,2,2,-1
354,43,-5.78,499.58,39.32,110.02,0.8193,2,1,-1
354,45,672.24,651.07,78.11,119.47,0.9309,2,1,-1
354,46,1677.66,519.51,57.12,114.59,0.9294,2,1,-1
354,47,935.13,395.90,45.79,80.23,0.9063,2,1,-1
354,49,692.68,409.72,55.05,75.03,0.9214,2,2,-1
354,0,745.23,394.89,13.94,14.56,1.0,0,-1,-1
355,2,1129.61,538.80,52.93,111.64,0.9360,2,2,-1
355,3,1614.73,652.28,51.37,118.19,0.9448,2,2,-1
355,6,1777.17,525.99,64.36,113.35,0.9309,2,2,-1
355,7,1046.32,438.34,36.46,90.12,0.9160,3,0,-1
355,11,1164.66,409.44,47.77,83.07,0.9040,2,2,-1
355,12,581.73,432.30,34.15,93.52,0.9125,2,1,-1
355,13,1249.96,673.45,54.82,126.29,0.9309,2,1,-1
355,14,729.57,448.76,42.90,100.25,0.9109,2,2,-1
355,19,1359.82,334.78,32.58,65.89,0.9186,2,2,-1
355,21,317.95,252.47,27.49,47.97,0.8407,3,0,-1
355,23,1232.74,311.53,26.65,67.14,0.9070,2,1,-1
355,33,302.91,601.28,79.62,122.74,0.9360,2,-1,-1
355,36,465.27,507.00,53.50,87.00,0.8974,2,2,-1
355,38,665.54,354.58,33.58,65.39,0.7926,2,1,-1
355,39,16.06,453.85,38.33,95.17,0.9119,2,2,-1
355,43,-7.80,501.96,29.93,92.54,0.6426,2,1,-1
355,45,667.39,651.96,95.72,127.87,0.9313,2,1,-1
355,46,1678.81,517.62,51.99,114.00,0.9263,2,1,-1
355,47,936.22,394.17,44.74,76.02,0.8993,2,1,-1
355,49,694.87,408.50,51.09,65.61,0.8706,2,2,-1
355,0,754.35,393.55,13.53,12.33,1.0,0,-1,-1
356,2,1124.39,537.15,59.78,113.52,0.9400,2,2,-1
356,3,1611.98,649.72,57.24,120.94,0.9391,2,2,-1
356,6,1775.34,525.41,65.29,109.58,0.9230,2,2,-1
356,7,1042.71,437.97,35.45,90.98,0.9256,3,0,-1
356,11,1164.94,409.86,44.92,84.52,0.8990,2,2,-1
356,12,572.76,432.23,34.82,92.67,0.9263,2,1,-1
356,13,1248.27,670.77,54.42,120.72,0.9357,2,1,-1
356,14,722.69,446.15,42.79,104.03,0.9254,2,2,-1
356,19,1351.04,333.49,31.07,67.50,0.9086,2,2,-1
356,21,307.90,251.96,26.84,47.98,0.8548,3,0,-1
356,23,1221.06,309.63,28.31,68.45,0.9038,2,1,-1
356,33,296.66,603.54,76.29,120.53,0.9292,2,1,-1
356,36,460.85,507.64,52.18,87.07,0.9231,2,2,-1
356,37,39.03,406.07,38.79,80.36,0.8342,2,1,-1
356,38,662.06,352.55,32.63,66.91,0.8897,2,1,-1
356,39,1.65,455.55,41.49,95.72,0.9057,2,2,-1
356,45,663.25,653.80,97.41,130.35,0.9278,2,1,-1
356,46,1676.05,513.91,52.57,118.66,0.9316,2,1,-1
356,47,937.82,393.12,43.11,77.10,0.9111,2,1,-1
356,49,699.85,408.12,46.09,60.31,0.7336,2,2,-1
356,0,763.39,390.95,13.59,13.43,1.0,0,-1,-1
357,2,1120.19,536.42,68.27,112.40,0.9356,2,2,-1
357,3,1607.86,647.12,64.70,122.34,0.9413,2,2,-1
357,6,1774.67,526.27,65.88,107.95,0.9303,2,2,-1
357,7,1034.68,434.81,38.43,93.25,0.9335,3,0,-1
357,11,1169.53,410.27,38.09,84.61,0.9140,2,2,-1
357,12,566.12,433.45,32.71,90.72,0.9143,2,1,-1
357,13,1247.90,668.69,55.44,123.22,0.9265,2,1,-1
357,14,717.25,442.87,41.76,106.92,0.9145,2,2,-1
357,19,1341.40,332.91,28.99,68.23,0.9056,2,2,-1
357,21,297.49,250.79,26.04,48.81,0.8533,3,0,-1
357,23,1209.78,307.85,30.26,66.53,0.9087,2,1,-1
357,33,293.91,605.94,70.68,119.34,0.9056,2,1,-1
357,36,452.93,507.36,57.52,89.00,0.9344,2,2,-1
357,38,657.68,350.53,33.02,66.15,0.8807,2,1,-1
357,39,-1.44,455.92,36.75,96.19,0.9054,2,2,-1
357,45,669.38,656.86,83.08,113.31,0.8039,2,1,-1
357,46,1672.13,511.41,55.58,120.04,0.9291,2,1,-1
357,47,936.45,393.06,43.53,77.26,0.8698,2,1,-1
357,0,770.46,390.45,15.12,13.49,1.0,0,-1,-1
358,2,1116.83,536.52,71.45,110.78,0.9322,2,2,-1
358,3,1605.40,646.38,71.38,116.10,0.9428,2,2,-1
358,7,1027.24,432.64,43.04,96.44,0.9357,3,0,-1
358,10,1764.97,480.45,52.39,109.91,0.9254,2,2,-1
358,11,1167.70,409.54,35.10,85.31,0.9183,2,2,-1
358,12,559.14,434.11,30.98,90.65,0.9152,2,1,-1
358,13,1239.65,667.03,62.58,129.00,0.9322,2,1,-1
358,14,707.47,442.01,45.12,106.62,0.9189,2,2,-1
358,19,1332.15,331.08,28.21,67.87,0.9051,2,2,-1
358,21,287.30,250.43,27.14,50.41,0.8611,3,0,-1
358,23,1199.83,306.20,31.27,66.22,0.9064,2,1,-1
358,33,295.37,607.64,67.03,119.36,0.8909,2,1,-1
358,36,446.37,508.21,61.43,90.99,0.9335,2,2,-1
358,37,23.95,399.12,38.13,84.15,0.8964,2,1,-1
358,38,649.61,349.38,37.95,65.61,0.8836,2,1,-1
358,39,-2.10,455.19,31.79,96.64,0.8864,2,2,-1
358,45,693.48,659.06,73.36,129.71,0.8462,2,1,-1
358,46,1667.09,510.65,58.86,120.22,0.9303,2,1,-1
358,47,934.71,393.19,42.78,78.63,0.8408,2,1,-1
358,0,778.84,385.70,13.87,14.30,1.0,0,-1,-1
359,2,1113.15,537.93,68.76,110.45,0.9294,2,2,-1
359,3,1604.52,645.55,77.66,112.54,0.9388,2,2,-1
359,7,1020.64,431.53,46.48,93.10,0.9298,3,0,-1
359,10,1760.41,479.00,54.42,110.91,0.9274,2,2,-1
359,11,1160.31,408.08,39.03,86.44,0.9313,2,2,-1
359,12,552.09,434.26,29.82,92.41,0.9115,2,1,-1
359,13,1237.09,666.88,65.68,130.07,0.9359,2,1,-1
359,14,700.59,441.97,47.46,102.57,0.9287,2,2,-1
359,19,1321.99,329.56,28.89,65.87,0.9093,2,2,-1
359,21,276.10,249.96,29.44,51.10,0.8867,3,0,-1
359,23,1190.59,306.27,30.35,65.62,0.9075,2,1,-1
359,33,301.97,607.45,61.86,122.02,0.9020,2,1,-1
359,36,440.69,510.33,68.72,91.28,0.9378,2,2,-1
359,37,15.80,398.30,41.45,85.42,0.9068,2,1,-1
359,38,647.35,349.30,40.31,64.35,0.8552,2,1,-1
359,39,-6.29,454.03,29.96,102.54,0.7639,2,2,-1
359,45,693.08,660.21,66.87,131.33,0.7305,2,1,-1
359,46,1662.24,510.52,60.57,118.14,0.9252,2,1,-1
359,47,945.27,392.95,32.12,71.74,0.8811,2,1,-1
359,0,785.82,382.60,13.18,13.08,1.0,0,-1,-1
360,2,1117.73,539.05,63.86,110.37,0.9053,2,2,-1
360,3,1609.21,646.31,78.06,114.32,0.9409,2,2,-1
360,7,1014.63,431.08,52.39,88.85,0.9384,3,0,-1
360,10,1756.00,476.48,56.31,111.16,0.9266,2,2,-1
360,11,1151.75,406.38,44.83,88.51,0.9323,2,2,-1
360,12,544.08,432.52,29.96,94.47,0.9163,2,1,-1
360,13,1238.89,667.80,62.95,129.81,0.9369,2,1,-1
360,14,694.08,443.23,50.11,100.81,0.9254,2,2,-1
360,19,1311.27,327.88,28.43,63.65,0.9053,2,2,-1
360,21,264.57,249.88,31.73,51.85,0.8951,3,0,-1
360,23,1181.27,305.95,27.50,65.72,0.9012,2,1,-1
360,33,300.44,606.38,57.55,124.27,0.9186,2,1,-1
360,36,435.56,512.82,70.52,91.22,0.9270,2,2,-1
360,37,3.55,398.01,50.48,88.88,0.9252,2,1,-1
360,38,644.88,363.23,34.22,52.83,0.7154,2,1,-1
360,39,-5.91,464.85,19.09,68.79,0.5165,2,2,-1
360,45,697.55,658.54,60.23,133.14,0.9039,2,1,-1
360,46,1661.12,511.47,59.82,117.64,0.9337,2,1,-1
360,47,939.58,392.02,35.21,78.41,0.8674,2,1,-1
360,0,792.47,378.67,12.87,12.43,1.0,0,-1,-1
361,2,1123.54,538.23,57.04,113.50,0.9111,2,2,-1
361,3,1617.21,647.23,76.22,114.65,0.9298,2,2,-1
361,6,1782.72,525.54,51.71,113.16,0.9321,2,2,-1
361,7,1010.74,431.07,52.50,88.94,0.9378,3,0,-1
361,10,1672.61,513.60,45.36,85.96,0.9210,2,2,-1
361,11,1146.41,405.08,47.96,84.37,0.9370,2,2,-1
361,12,534.64,430.31,30.95,97.10,0.9106,2,1,-1
361,13,1241.82,671.32,58.88,127.74,0.9267,2,1,-1
361,14,707.27,402.19,45.86,81.92,0.8990,2,2,-1
361,19,1299.17,326.96,27.57,65.96,0.9072,2,2,-1
361,21,255.52,249.75,31.19,52.12,0.8716,3,0,-1
361,23,1171.77,304.92,25.43,65.22,0.8908,2,1,-1
361,33,291.59,604.09,59.88,127.38,0.9192,2,1,-1
361,36,435.10,514.44,68.27,93.34,0.8810,2,2,-1
361,37,-0.51,397.87,49.53,92.95,0.9198,2,1,-1
361,38,640.98,350.37,34.16,65.76,0.8494,2,1,-1
361,45,698.32,716.27,43.87,80.47,0.7779,2,1,-1
361,46,1671.05,579.10,27.80,51.01,0.5202,2,1,-1
361,47,931.61,390.20,42.78,81.04,0.9256,2,1,-1
361,0,798.82,377.02,13.04,13.31,1.0,0,-1,-1
362,2,1128.23,536.78,50.31,114.95,0.9271,2,2,-1
362,3,1627.18,647.03,69.45,116.66,0.9193,2,2,-1
362,6,1751.94,475.81,56.90,100.13,0.9290,2,2,-1
362,7,1008.97,432.48,49.16,89.68,0.9302,3,0,-1
362,10,1669.27,515.56,45.53,89.20,0.9182,2,2,-1
362,11,1141.11,404.11,51.30,82.22,0.9281,2,2,-1
362,12,523.58,428.88,32.75,97.67,0.9181,2,1,-1
362,13,1254.03,673.93,44.29,96.82,0.8803,2,1,-1
362,14,689.43,448.70,46.24,97.27,0.9090,2,2,-1
362,19,1287.61,326.75,27.34,67.76,0.9089,2,2,-1
362,21,245.07,250.81,29.02,49.98,0.8472,3,0,-1
362,23,1159.91,303.66,25.54,67.79,0.8957,2,1,-1
362,33,278.48,602.91,66.60,131.19,0.9323,2,1,-1
362,36,446.19,516.51,57.69,90.53,0.8760,2,2,-1
362,37,-4.34,401.53,44.53,88.29,0.7804,2,1,-1
362,38,639.93,349.56,27.75,66.16,0.8917,2,1,-1
362,47,927.28,388.93,47.71,79.73,0.9228,2,1,-1
362,0,803.51,375.60,12.30,12.52,1.0,0,-1,-1
363,2,1126.02,534.65,49.72,118.07,0.9314,2,2,-1
363,3,1632.68,644.98,62.16,119.04,0.9308,2,2,-1
363,6,1771.75,522.57,59.76,115.39,0.9360,2,2,-1
363,7,1009.28,433.23,46.22,90.04,0.9365,3,0,-1
363,10,1666.09,515.74,46.05,92.36,0.9213,2,2,-1
363,11,1141.36,404.74,50.47,82.09,0.9143,2,2,-1
363,12,513.28,428.48,36.40,96.20,0.9239,2,1,-1
363,13,1253.25,674.25,45.13,125.21,0.9268,2,1,-1
363,14,685.15,448.30,42.95,98.47,0.9111,2,2,-1
363,19,1275.50,325.73,29.40,69.15,0.9118,2,2,-1
363,21,236.31,251.94,27.68,50.29,0.8397,3,0,-1
363,23,1150.30,303.36,25.11,65.08,0.8861,2,1,-1
363,33,269.98,602.83,70.40,131.05,0.9371,2,1,-1
363,36,450.16,517.38,50.23,92.58,0.9068,2,2,-1
363,37,-12.14,400.60,43.36,91.64,0.5768,2,1,-1
363,38,635.79,347.72,27.25,67.03,0.8855,2,1,-1
363,47,926.60,389.50,51.31,78.25,0.9160,2,1,-1
363,51,686.22,656.18,74.16,134.93,0.9324,2,-1,-1
363,0,808.10,374.60,13.00,13.48,1.0,0,-1,-1
364,2,1121.01,532.69,52.38,121.04,0.9314,2,2,-1
364,3,1629.76,642.62,63.43,121.50,0.9394,2,2,-1
364,6,1768.52,521.92,61.51,115.08,0.9408,2,2,-1
364,7,1007.37,433.35,45.66,90.46,0.7155,3,0,-1
364,10,1665.12,513.97,43.31,89.96,0.9058,2,2,-1
364,11,1147.00,406.02,44.08,82.40,0.8920,2,2,-1
364,12,503.42,428.63,38.29,93.59,0.9159,2,1,-1
364,13,1249.27,673.00,47.12,129.79,0.9169,2,1,-1
364,14,680.01,447.30,40.48,99.93,0.9168,2,2,-1
364,19,1262.51,324.21,32.46,70.35,0.9153,2,2,-1
364,21,227.09,251.20,26.19,51.98,0.8418,3,0,-1
364,23,1138.51,303.26,24.90,64.17,0.8832,2,1,-1
364,33,261.93,604.14,74.40,127.35,0.9300,2,1,-1
364,36,443.46,516.20,52.76,95.62,0.9322,2,2,-1
364,38,625.21,346.56,33.96,66.74,0.9153,2,1,-1
364,47,928.30,390.18,50.77,79.33,0.8920,2,1,-1
364,51,678.18,656.98,85.34,135.66,0.9222,2,-1,-1
364,0,812.58,374.88,11.69,11.95,1.0,0,-1,-1
365,2,1116.07,531.10,55.29,120.33,0.9363,2,2,-1
365,3,1627.23,640.68,67.50,125.28,0.9373,2,2,-1
365,6,1764.44,521.83,65.86,112.32,0.9366,2,2,-1
365,7,1007.18,431.27,40.91,94.01,0.9405,3,0,-1
365,10,1662.24,511.26,45.63,113.26,0.9158,2,2,-1
365,11,1146.42,406.67,40.80,82.70,0.9096,2,2,-1
365,12,494.58,429.68,36.90,92.93,0.9096,2,1,-1
365,13,1239.55,670.64,56.10,134.74,0.9303,2,1,-1
365,14,674.63,444.59,40.44,101.38,0.9217,2,2,-1
365,19,1249.29,321.90,34.00,68.38,0.9175,2,2,-1
365,21,215.60,250.94,25.28,52.47,0.8546,3,0,-1
365,23,1127.19,303.60,24.98,64.08,0.8755,2,1,-1
365,33,253.32,606.19,76.18,128.72,0.8992,2,1,-1
365,36,435.39,515.86,58.59,96.30,0.9320,2,2,-1
365,38,617.89,346.01,34.76,62.27,0.8955,2,1,-1
365,47,932.88,391.49,45.40,78.49,0.8717,2,1,-1
365,51,676.52,659.31,90.82,137.35,0.9080,2,-1,-1
365,52,698.50,398.22,46.28,86.96,0.9001,2,-1,-1
365,0,816.11,375.29,12.52,13.23,1.0,0,-1,-1
366,2,1111.73,530.84,57.29,116.71,0.9338,2,2,-1
366,3,1625.58,638.70,70.23,121.93,0.9424,2,2,-1
366,6,1762.62,522.81,65.89,112.97,0.9302,2,2,-1
366,7,1001.17,428.87,41.63,96.72,0.9366,3,0,-1
366,10,1649.97,509.30,52.68,120.72,0.9343,2,2,-1
366,11,1141.62,405.79,42.71,83.87,0.9253,2,2,-1
366,12,484.55,430.39,35.16,94.39,0.9134,2,1,-1
366,13,1234.47,668.63,60.91,134.90,0.9342,2,1,-1
366,14,665.71,443.09,42.72,107.48,0.9311,2,2,-1
366,19,1236.70,320.40,33.36,65.39,0.9078,2,2,-1
366,21,202.54,249.96,25.83,53.38,0.8457,3,0,-1
366,23,1114.61,303.25,24.90,62.29,0.8789,2,1,-1
366,33,267.02,610.44,48.11,92.91,0.8943,2,1,-1
366,36,426.59,515.54,65.91,97.24,0.9380,2,2,-1
366,38,610.59,345.99,33.69,62.21,0.8572,2,1,-1
366,47,937.83,391.43,41.79,80.03,0.8774,2,1,-1
366,51,702.85,663.17,58.24,116.97,0.8818,2,1,-1
366,52,697.17,395.95,45.73,86.63,0.8903,2,-1,-1
367,2,1108.80,532.09,58.19,113.45,0.9333,2,2,-1
367,3,1625.37,639.33,71.64,116.16,0.9413,2,2,-1
367,6,1748.06,472.64,48.26,112.01,0.9269,2,2,-1
367,7,995.22,426.85,42.67,99.06,0.9381,3,0,-1
367,10,1642.33,507.98,57.19,122.89,0.9358,2,2,-1
367,11,1133.30,403.43,48.59,85.10,0.9254,2,2,-1
367,12,474.82,432.52,33.81,92.56,0.9123,2,1,-1
367,13,1228.44,668.46,68.02,131.48,0.9398,2,1,-1
367,14,654.13,441.60,46.20,106.92,0.9297,2,2,-1
367,19,1223.95,319.62,32.47,66.84,0.9130,2,2,-1
367,21,188.64,251.31,28.16,53.57,0.8559,3,0,-1
367,23,1101.97,302.71,24.63,64.14,0.8918,2,1,-1
367,33,264.45,611.95,42.44,96.03,0.9064,2,1,-1
367,36,418.68,516.95,75.55,102.16,0.9296,2,2,-1
367,38,605.61,345.30,32.08,64.51,0.8736,2,1,-1
367,47,935.71,389.12,41.10,82.23,0.9119,2,1,-1
367,51,714.05,666.39,38.25,97.50,0.9100,2,1,-1
367,52,694.91,394.61,45.60,81.24,0.8973,2,-1,-1
367,0,820.27,368.12,12.31,12.12,1.0,0,-1,-1
368,2,1108.21,533.90,54.54,115.97,0.9251,2,2,-1
368,3,1626.01,640.37,69.91,117.18,0.9241,2,2,-1
368,6,1745.03,469.70,45.07,114.07,0.9297,2,2,-1
368,7,989.30,425.92,44.22,95.74,0.9457,3,0,-1
368,10,1636.61,507.79,59.87,120.78,0.9383,2,2,-1
368,11,1128.33,400.64,51.86,86.36,0.9268,2,2,-1
368,12,464.63,431.81,34.29,94.29,0.9114,2,1,-1
368,13,1224.16,668.38,73.42,131.01,0.9308,2,1,-1
368,14,644.75,441.41,50.33,104.55,0.9300,2,2,-1
368,19,1211.22,319.23,31.76,68.99,0.9150,2,2,-1
368,21,175.96,251.89,30.87,53.08,0.8499,3,0,-1
368,23,1087.92,300.17,26.43,67.89,0.8978,2,1,-1
368,33,258.86,612.74,40.68,102.99,0.9042,2,1,-1
368,36,415.28,519.51,79.59,102.45,0.9194,2,2,-1
368,38,602.08,345.07,35.80,66.06,0.8897,2,1,-1
368,47,930.33,386.71,42.75,84.07,0.9179,2,1,-1
368,51,718.57,668.58,35.81,99.47,0.8864,2,1,-1
368,52,695.86,393.98,48.76,82.81,0.9001,2,2,-1
369,2,1110.06,535.37,48.49,117.00,0.9172,2,2,-1
369,3,1633.57,641.79,64.16,117.04,0.9253,2,2,-1
369,6,1740.63,467.81,46.72,113.73,0.9259,2,2,-1
369,7,982.91,425.10,45.97,91.45,0.9374,3,0,-1
369,10,1632.67,508.56,62.00,118.67,0.9298,2,2,-1
369,11,1123.58,399.89,53.34,81.64,0.9286,2,2,-1
369,12,454.00,430.28,34.32,94.92,0.9161,2,1,-1
369,13,1219.59,671.02,76.32,131.36,0.9378,2,1,-1
369,14,635.55,442.04,52.14,102.12,0.9311,2,2,-1
369,19,1198.45,318.21,28.72,69.90,0.9091,2,2,-1
369,21,162.57,253.36,33.22,52.24,0.8569,3,0,-1
369,23,1075.41,298.10,26.96,66.46,0.8984,2,1,-1
369,33,254.59,612.01,37.80,98.66,0.9052,2,1,-1
369,36,415.54,522.13,72.41,100.16,0.9268,2,2,-1
369,38,591.26,344.23,40.07,67.80,0.8982,2,1,-1
369,47,924.29,385.26,45.44,82.59,0.9137,2,1,-1
369,51,698.61,667.26,56.96,136.04,0.9197,2,1,-1
369,52,692.46,393.85,48.29,84.09,0.9071,2,2,-1
369,0,823.18,364.19,11.58,12.20,1.0,0,-1,-1
370,2,1111.56,536.53,42.42,117.17,0.9239,2,2,-1
370,3,1642.91,641.22,57.52,118.57,0.9262,2,2,-1
370,6,1735.27,466.50,48.80,109.15,0.9270,2,2,-1
370,7,976.93,425.16,46.21,92.10,0.9195,3,0,-1
370,10,1630.21,510.42,63.57,117.20,0.9225,2,2,-1
370,11,1121.88,398.53,52.49,79.20,0.8912,2,2,-1
370,12,442.45,427.98,35.42,99.69,0.9188,2,1,-1
370,13,1220.81,673.24,73.20,131.36,0.9282,2,1,-1
370,14,628.63,443.24,49.75,101.45,0.9153,2,2,-1
370,19,1185.96,316.50,27.68,70.58,0.9017,2,2,-1
370,21,149.56,251.84,35.08,54.85,0.8481,3,0,-1
370,23,1062.76,297.76,26.94,64.97,0.8897,2,1,-1
370,33,243.74,609.61,44.49,130.58,0.9014,2,1,-1
370,36,421.46,525.50,66.33,98.99,0.8719,2,2,-1
370,38,583.39,342.61,41.26,65.56,0.8999,2,1,-1
370,47,926.45,385.07,44.64,76.25,0.8679,2,1,-1
370,51,690.33,666.14,67.44,143.69,0.9333,2,1,-1
370,52,696.53,394.16,38.40,84.74,0.9056,2,2,-1
370,0,824.19,362.81,11.90,13.02,1.0,0,-1,-1
371,2,1112.09,536.04,39.37,117.88,0.9327,2,2,-1
371,3,1645.75,638.38,54.07,120.51,0.9351,2,2,-1
371,6,1730.10,466.69,49.71,105.96,0.9241,2,2,-1
371,7,974.73,425.82,42.92,93.22,0.9231,3,0,-1
371,10,1631.76,512.32,60.97,114.97,0.9227,2,-1,-1
371,11,1122.13,398.76,50.96,83.19,0.8823,2,2,-1
371,12,432.54,426.72,34.09,93.96,0.9132,2,1,-1
371,13,1226.67,674.63,68.26,131.94,0.9153,2,1,-1
371,14,624.22,444.45,47.45,101.92,0.9202,2,2,-1
371,19,1173.93,314.88,26.54,66.85,0.9006,2,2,-1
371,21,137.78,250.44,34.19,57.45,0.8684,3,0,-1
371,23,1050.51,297.10,25.60,63.10,0.8913,2,1,-1
371,33,223.03,608.47,57.56,134.85,0.9327,2,1,-1
371,36,431.06,527.66,56.70,98.87,0.9008,2,2,-1
371,38,576.93,341.57,43.24,63.67,0.9074,2,1,-1
371,47,925.38,385.22,44.63,74.22,0.8048,2,1,-1
371,51,685.01,666.63,72.85,144.55,0.9188,2,1,-1
371,52,699.26,393.87,32.27,86.09,0.9084,2,2,-1
371,53,1765.45,519.17,53.34,120.07,0.9309,2,-1,-1
371,0,824.40,363.09,12.34,12.43,1.0,0,-1,-1
372,2,1104.49,534.60,43.44,119.15,0.9350,2,2,-1
372,3,1639.79,634.77,58.11,124.11,0.9390,2,2,-1
372,6,1726.45,467.99,52.42,106.96,0.9243,2,2,-1
372,7,974.05,426.83,40.03,93.12,0.9204,3,0,-1
372,10,1632.50,512.58,58.17,115.86,0.9218,2,1,-1
372,11,1126.45,399.20,44.50,83.98,0.8870,2,2,-1
372,12,420.97,425.81,35.55,99.52,0.9105,2,1,-1
372,13,1236.67,673.41,57.62,134.32,0.9280,2,1,-1
372,14,621.08,444.72,44.85,102.71,0.9256,2,2,-1
372,19,1159.16,313.93,29.30,65.72,0.9126,2,2,-1
372,21,126.88,251.26,31.80,57.22,0.8631,3,0,-1
372,23,1037.45,297.03,24.85,65.06,0.8964,2,1,-1
372,33,210.44,609.16,72.32,134.89,0.9374,2,1,-1
372,36,425.62,527.43,58.23,100.36,0.9369,2,2,-1
372,38,567.60,341.14,45.64,61.21,0.8999,2,1,-1
372,47,930.97,386.16,41.39,75.99,0.8736,2,1,-1
372,51,681.81,668.00,89.76,138.42,0.9297,2,1,-1
372,52,696.19,392.20,32.73,86.71,0.8583,2,2,-1
372,53,1759.80,517.12,56.58,122.22,0.9348,2,-1,-1
372,0,826.10,363.63,11.45,11.87,1.0,0,-1,-1
373,2,1096.87,532.33,49.11,121.64,0.9421,2,2,-1
373,3,1636.23,632.61,63.69,125.81,0.9456,2,2,-1
373,7,971.62,426.36,37.10,94.32,0.9143,3,0,-1
373,10,1633.73,511.25,53.45,114.64,0.9282,2,1,-1
373,11,1126.18,398.95,40.80,84.49,0.9113,2,2,-1
373,12,410.52,425.84,36.11,96.88,0.9204,2,1,-1
373,13,1236.12,671.29,54.77,135.69,0.9351,2,1,-1
373,14,614.49,443.73,45.02,105.56,0.9321,2,2,-1
373,19,1144.54,313.03,31.74,64.55,0.9093,2,2,-1
373,21,116.81,251.29,29.60,56.99,0.8562,3,0,-1
373,23,1024.65,294.79,24.94,67.58,0.8780,2,1,-1
373,33,202.09,610.00,79.41,129.79,0.9287,2,1,-1
373,36,417.83,527.27,62.30,102.28,0.9435,2,2,-1
373,38,563.73,341.04,41.64,62.80,0.9015,2,1,-1
373,47,932.31,386.08,36.99,72.56,0.8472,2,1,-1
373,51,675.69,670.04,99.38,137.93,0.9235,2,1,-1
373,52,688.83,389.83,42.40,89.13,0.9226,2,2,-1
373,53,1757.79,516.11,57.30,121.20,0.9346,2,-1,-1
373,0,825.22,361.21,12.21,12.85,1.0,0,-1,-1
374,2,1089.43,531.04,55.90,122.93,0.9359,2,2,-1
374,3,1633.34,631.14,70.08,120.41,0.9398,2,2,-1
374,6,1721.68,468.22,60.35,109.75,0.9394,2,2,-1
374,7,966.72,424.53,34.97,96.60,0.9228,3,0,-1
374,10,1632.64,509.36,52.70,121.60,0.9333,2,1,-1
374,11,1120.50,396.14,45.75,86.26,0.9166,2,2,-1
374,12,399.41,426.86,35.89,95.73,0.9207,2,1,-1
374,13,1234.75,668.72,53.75,131.36,0.9329,2,1,-1
374,14,606.82,441.37,44.99,108.69,0.9261,2,2,-1
374,19,1131.45,313.18,32.37,65.39,0.9058,2,2,-1
374,21,107.79,250.80,26.83,56.14,0.8590,3,0,-1
374,23,1013.38,294.41,24.95,65.82,0.8885,2,1,-1
374,33,191.40,611.62,82.11,130.93,0.9269,2,1,-1
374,36,411.20,528.04,68.39,104.89,0.9384,2,2,-1
374,38,560.25,341.14,37.77,60.87,0.9013,2,1,-1
374,47,932.76,384.97,30.68,66.21,0.8742,2,1,-1
374,51,675.84,671.53,97.96,141.24,0.9228,2,1,-1
374,52,683.75,388.55,51.42,82.24,0.9261,2,2,-1
374,0,824.71,356.95,12.11,13.18,1.0,0,-1,-1
375,2,1084.27,531.17,64.40,118.95,0.9329,2,2,-1
375,3,1632.14,631.53,74.79,116.46,0.9368,2,2,-1
375,6,1720.21,466.54,58.85,110.93,0.9333,2,2,-1
375,7,959.03,422.40,37.85,100.27,0.9304,3,0,-1
375,10,1628.76,506.71,54.28,125.64,0.9106,2,1,-1
375,11,1113.66,395.11,52.39,85.47,0.9295,2,2,-1
375,12,389.02,428.24,35.62,95.75,0.9132,2,1,-1
375,13,1229.41,667.37,59.09,138.43,0.9315,2,1,-1
375,14,600.54,439.98,43.32,111.08,0.9248,2,2,-1
375,19,1119.63,313.59,32.92,68.14,0.9005,2,2,-1
375,21,94.95,250.46,27.18,57.11,0.8688,3,0,-1
375,23,1001.37,294.26,26.65,63.64,0.8795,2,1,-1
375,33,185.40,615.47,75.63,129.37,0.9264,2,1,-1
375,36,408.18,529.72,77.83,104.58,0.9400,2,2,-1
375,38,552.66,341.48,39.33,61.11,0.8844,2,1,-1
375,47,923.27,384.03,39.30,80.24,0.9133,2,1,-1
375,51,695.14,675.15,84.60,138.43,0.8120,2,1,-1
375,52,683.26,387.81,52.48,81.69,0.8934,2,2,-1
375,0,824.46,354.51,12.01,12.76,1.0,0,-1,-1
376,2,1080.11,532.28,68.21,116.31,0.9358,2,2,-1
376,3,1635.65,632.96,75.98,117.49,0.9444,2,2,-1
376,6,1717.76,464.26,56.29,113.06,0.9249,2,2,-1
376,7,951.89,420.91,41.35,99.39,0.9378,3,0,-1
376,10,1624.79,505.47,55.83,123.73,0.9205,2,1,-1
376,11,1108.18,393.74,59.09,83.60,0.9386,2,2,-1
376,12,380.07,430.18,34.62,95.46,0.9180,2,1,-1
376,13,1227.48,667.29,61.37,136.17,0.9334,2,1,-1
376,14,594.91,438.85,42.22,111.69,0.9300,2,2,-1
376,19,1108.66,312.96,33.54,67.92,0.9041,2,2,-1
376,21,82.43,250.09,29.45,58.29,0.8809,3,0,-1
376,23,988.19,294.59,28.28,62.84,0.8820,2,1,-1
376,36,406.05,532.28,81.41,105.86,0.9335,2,2,-1
376,38,542.08,340.37,46.59,63.81,0.9111,2,1,-1
376,41,202.75,618.24,51.25,99.13,0.9029,2,1,-1
376,47,916.73,383.64,45.32,79.38,0.9149,2,1,-1
376,51,713.99,678.03,62.60,134.39,0.8648,2,1,-1
376,52,686.41,387.06,46.27,84.97,0.8782,2,2,-1
376,53,1760.05,521.98,50.36,114.37,0.9162,2,2,-1
376,0,824.25,353.04,12.08,12.96,1.0,0,-1,-1
377,2,1077.57,534.75,64.71,117.67,0.9267,2,2,-1
377,3,1642.28,634.86,74.65,117.39,0.9332,2,2,-1
377,6,1715.00,462.43,53.91,115.85,0.9291,2,2,-1
377,7,944.26,420.43,45.89,93.60,0.9393,3,0,-1
377,10,1622.16,505.44,57.34,123.57,0.9202,2,1,-1
377,11,1108.91,394.54,60.50,83.60,0.9355,2,2,-1
377,12,371.74,430.89,33.05,96.26,0.9082,2,1,-1
377,13,1226.43,668.13,65.02,137.73,0.9359,2,1,-1
377,14,589.64,438.57,42.48,108.04,0.9360,2,2,-1
377,19,1098.98,312.12,33.61,66.67,0.9109,2,2,-1
377,21,71.12,249.73,31.69,59.07,0.8877,3,0,-1
377,23,977.08,295.81,28.94,63.50,0.8866,2,1,-1
377,33,187.67,619.14,67.48,128.79,0.8994,2,1,-1
377,36,407.37,536.08,73.61,105.80,0.9176,2,2,-1
377,38,538.79,340.42,48.61,61.03,0.9098,2,1,-1
377,47,914.90,384.30,45.58,71.67,0.8948,2,1,-1
377,51,715.68,679.11,54.08,139.58,0.8769,2,1,-1
377,52,687.30,386.94,45.12,86.23,0.9010,2,2,-1
377,53,1762.15,523.16,48.09,114.55,0.9262,2,2,-1
377,0,824.57,352.74,12.06,12.69,1.0,0,-1,-1
378,2,1079.13,536.38,59.70,117.06,0.9307,2,2,-1
378,3,1652.81,634.40,68.70,118.77,0.9272,2,2,-1
378,6,1713.26,461.75,52.41,113.84,0.9282,2,2,-1
378,7,939.47,420.45,49.43,91.01,0.9393,3,0,-1
378,10,1619.86,506.26,58.33,123.72,0.9255,2,1,-1
378,11,1114.05,394.95,56.47,85.95,0.9196,2,2,-1
378,12,362.41,429.90,32.80,98.69,0.9091,2,1,-1
378,13,1230.76,671.28,58.65,134.88,0.9333,2,1,-1
378,14,583.52,439.03,41.89,103.84,0.9356,2,2,-1
378,19,1087.98,311.09,34.41,64.95,0.9084,2,2,-1
378,21,59.48,249.28,33.22,59.64,0.8574,3,0,-1
378,23,965.15,296.75,27.27,61.26,0.8781,2,1,-1
378,33,185.04,618.30,63.17,133.28,0.9226,2,1,-1
378,36,416.57,537.98,66.15,104.87,0.9043,2,2,-1
378,38,535.98,340.41,49.02,60.07,0.9140,2,1,-1
378,51,711.87,677.86,54.99,144.95,0.9109,2,1,-1
378,52,686.52,385.33,44.42,88.42,0.9198,2,2,-1
378,53,1765.65,522.51,46.09,115.65,0.9372,2,2,-1
378,0,824.51,352.48,12.13,13.01,1.0,0,-1,-1
379,2,1087.05,536.28,52.67,118.80,0.9134,2,2,-1
379,3,1657.34,632.97,62.02,121.19,0.9312,2,2,-1
379,6,1710.53,461.86,50.92,108.33,0.9348,2,2,-1
379,7,937.14,420.87,49.07,92.88,0.9046,3,0,-1
379,10,1621.88,509.19,55.86,121.02,0.9159,2,1,-1
379,11,1121.14,394.72,51.26,85.30,0.9027,2,2,-1
379,12,352.70,427.12,33.04,101.72,0.9226,2,1,-1
379,13,1237.25,673.94,50.65,134.77,0.9328,2,1,-1
379,14,578.52,440.07,40.68,103.21,0.9305,2,2,-1
379,19,1076.64,310.65,34.66,63.35,0.9097,2,2,-1
379,21,49.20,250.30,33.57,59.44,0.8617,3,0,-1
379,23,953.22,296.05,27.05,61.48,0.8707,2,1,-1
379,33,178.93,615.66,63.49,138.80,0.9138,2,1,-1
379,36,429.00,538.20,54.41,106.29,0.9237,2,2,-1
379,38,536.82,340.64,46.65,61.04,0.9062,2,1,-1
379,51,721.29,676.31,45.87,102.30,0.8613,2,1,-1
379,52,684.66,383.36,43.41,91.32,0.9255,2,2,-1
379,53,1761.90,520.49,48.90,117.87,0.9306,2,2,-1
379,0,824.38,352.77,12.09,13.31,1.0,0,-1,-1
380,2,1090.03,534.55,47.64,120.94,0.9252,2,2,-1
380,3,1658.55,629.85,58.87,125.45,0.9381,2,2,-1
380,6,1708.29,462.17,49.74,106.96,0.9383,2,2,-1
380,7,937.25,420.91,46.26,93.88,0.9067,3,0,-1
380,10,1626.07,511.31,46.72,91.34,0.9183,2,1,-1
380,11,1129.32,394.72,44.21,86.08,0.9114,2,2,-1
380,12,344.29,426.21,31.43,100.64,0.9161,2,1,-1
380,13,1242.21,674.66,45.27,134.30,0.9248,2,1,-1
380,14,572.98,441.92,41.69,104.09,0.9238,2,2,-1
380,19,1063.87,310.97,36.41,63.12,0.9115,2,2,-1
380,21,39.89,251.71,32.46,58.66,0.7712,3,0,-1
380,23,941.27,296.51,25.86,59.65,0.8875,2,1,-1
380,33,172.58,613.58,60.88,142.61,0.9163,2,1,-1
380,36,426.35,536.63,56.78,110.30,0.9340,2,2,-1
380,38,538.30,342.45,42.31,59.63,0.8763,2,1,-1
380,51,713.26,673.59,59.97,125.12,0.9300,2,1,-1
380,52,683.35,381.65,42.37,87.61,0.9260,2,2,-1
380,53,1757.08,518.13,51.69,121.88,0.9360,2,2,-1
380,0,824.45,353.66,12.21,13.00,1.0,0,-1,-1
381,2,1088.95,532.82,48.02,123.57,0.9280,2,2,-1
381,3,1658.02,627.47,60.70,127.30,0.9295,2,2,-1
381,6,1706.20,463.49,48.29,106.15,0.9268,2,2,-1
381,7,935.20,423.84,45.08,92.01,0.7420,3,0,-1
381,10,1623.46,511.91,48.86,107.77,0.9293,2,1,-1
381,11,1126.94,392.46,46.05,88.97,0.9337,2,2,-1
381,12,333.44,425.40,33.18,102.46,0.9123,2,1,-1
381,13,1248.09,673.63,37.94,102.03,0.9074,2,1,-1
381,14,567.17,442.41,42.05,104.50,0.9325,2,2,-1
381,19,1052.11,311.77,37.51,63.03,0.9166,2,2,-1
381,21,30.96,252.81,31.10,58.52,0.6767,3,0,-1
381,23,929.82,296.04,25.30,60.09,0.8869,2,1,-1
381,33,165.80,612.88,62.84,143.21,0.9316,2,1,-1
381,36,420.29,535.49,64.01,110.24,0.9432,2,2,-1
381,38,537.88,340.07,42.16,62.47,0.8673,2,1,-1
381,51,712.55,675.22,67.34,128.86,0.9229,2,1,-1
381,52,684.42,380.42,42.17,81.97,0.9157,2,2,-1
381,53,1751.74,516.73,55.72,123.71,0.9356,2,2,-1
381,0,823.86,352.70,11.92,12.99,1.0,0,-1,-1
382,2,1086.06,529.46,50.52,127.57,0.9318,2,2,-1
382,3,1656.98,625.14,64.32,125.87,0.9316,2,2,-1
382,6,1705.78,462.88,45.98,107.50,0.9302,2,2,-1
382,7,931.74,421.70,46.46,96.25,0.9225,3,0,-1
382,10,1623.06,511.01,48.69,120.30,0.9249,2,1,-1
382,11,1124.57,389.36,48.88,90.82,0.9324,2,2,-1
382,12,322.11,425.65,33.86,99.19,0.9204,2,1,-1
382,13,1238.57,671.13,50.12,138.84,0.9191,2,1,-1
382,14,561.81,441.79,41.63,104.50,0.9241,2,2,-1
382,19,1039.53,311.62,39.56,63.70,0.9192,2,2,-1
382,23,918.42,295.96,25.77,61.24,0.8675,2,1,-1
382,33,159.91,614.06,64.77,138.22,0.9402,2,1,-1
382,36,413.26,535.77,72.16,111.35,0.9480,2,2,-1
382,38,531.28,338.01,47.97,63.85,0.8950,2,1,-1
382,51,702.29,673.87,89.46,148.83,0.9054,2,1,-1
382,52,686.21,379.81,42.32,83.30,0.9102,2,2,-1
382,53,1749.68,516.17,57.28,119.91,0.9362,2,2,-1
382,0,822.83,350.82,11.65,11.49,1.0,0,-1,-1
383,2,1082.61,528.98,52.46,127.39,0.9286,2,2,-1
383,3,1656.94,625.26,66.83,119.82,0.9313,2,2,-1
383,6,1704.02,461.73,44.21,109.52,0.9254,2,2,-1
383,7,927.88,419.81,47.50,98.41,0.9306,3,0,-1
383,10,1623.94,509.36,44.65,110.37,0.9224,2,1,-1
383,11,1122.81,387.87,51.29,87.04,0.9360,2,2,-1
383,12,311.92,426.72,33.57,97.50,0.9220,2,1,-1
383,13,1232.39,669.01,55.90,139.55,0.9324,2,1,-1
383,14,555.38,439.69,42.21,109.12,0.9345,2,2,-1
383,19,1026.94,311.19,42.05,62.06,0.9199,2,2,-1
383,23,907.33,294.72,26.92,62.50,0.8813,2,1,-1
383,33,151.75,615.32,68.14,138.16,0.9386,2,1,-1
383,36,409.99,537.36,88.60,112.33,0.9399,2,2,-1
383,38,527.33,335.78,52.57,63.25,0.9005,2,1,-1
383,51,720.39,678.41,76.88,145.71,0.9160,2,1,-1
383,52,688.13,379.81,39.02,85.00,0.9218,2,2,-1
383,53,1746.57,517.10,60.02,115.81,0.9402,2,2,-1
383,0,822.13,347.99,11.65,13.25,1.0,0,-1,-1
384,2,1079.64,528.56,53.93,123.80,0.9341,2,2,-1
384,3,1659.90,626.61,66.24,119.09,0.9210,2,2,-1
384,6,1701.74,459.38,42.72,111.58,0.9249,2,2,-1
384,7,926.54,418.78,46.17,98.80,0.9175,3,0,-1
384,10,1618.10,506.11,49.45,125.76,0.9325,2,1,-1
384,11,1121.70,386.38,54.19,85.89,0.9321,2,2,-1
384,12,302.63,428.24,33.85,97.10,0.9144,2,1,-1
384,13,1229.20,667.82,59.99,138.13,0.9370,2,1,-1
384,14,550.64,437.86,41.39,108.30,0.9263,2,2,-1
384,19,1016.95,311.25,43.54,60.09,0.9195,2,2,-1
384,23,896.00,295.41,26.06,61.73,0.8679,2,1,-1
384,33,149.95,618.30,60.53,135.44,0.9138,2,1,-1
384,36,409.97,539.67,91.54,111.09,0.9260,2,2,-1
384,38,525.40,334.97,53.65,60.80,0.8918,2,1,-1
384,51,735.33,683.11,47.94,100.98,0.8903,2,1,-1
384,52,692.61,380.41,33.16,84.23,0.9129,2,2,-1
384,53,1745.78,518.83,61.18,114.44,0.9368,2,2,-1
384,54,932.20,377.69,35.43,53.11,0.9002,2,-1,-1
384,0,301.08,501.77,14.31,19.16,1.0,0,-1,-1
385,2,1078.73,529.90,53.79,119.15,0.9309,2,2,-1
385,3,1671.07,627.21,58.39,119.68,0.9327,2,2,-1
385,6,1697.36,456.65,44.23,115.23,0.9322,2,2,-1
385,7,922.96,418.00,46.22,99.80,0.9107,3,0,-1
385,10,1614.06,504.19,51.48,126.10,0.9302,2,1,-1
385,11,1121.21,385.94,56.65,87.54,0.9058,2,2,-1
385,12,292.72,429.12,34.91,97.13,0.9164,2,1,-1
385,13,1226.80,667.42,64.76,135.14,0.9414,2,1,-1
385,14,544.52,436.47,41.44,110.38,0.9373,2,2,-1
385,19,1007.94,311.41,43.31,60.40,0.9164,2,2,-1
385,21,-1.59,251.61,24.66,61.85,0.8483,3,0,-1
385,23,886.26,294.97,24.50,61.34,0.8802,2,1,-1
385,36,413.05,543.72,90.83,112.03,0.9269,2,2,-1
385,38,524.38,334.60,52.95,62.81,0.8774,2,1,-1
385,41,153.10,620.99,49.70,105.09,0.8823,2,1,-1
385,51,743.67,685.42,42.09,103.83,0.8986,2,1,-1
385,52,692.91,379.15,31.05,86.72,0.9095,2,2,-1
385,53,1749.86,520.32,59.66,115.66,0.9180,2,2,-1
385,54,932.79,378.13,34.32,49.49,0.8970,2,-1,-1
385,0,820.56,348.15,11.56,11.20,1.0,0,-1,-1
386,2,1078.77,531.46,50.69,121.02,0.9291,2,2,-1
386,3,1674.98,627.56,57.73,120.75,0.9360,2,2,-1
386,6,1692.90,455.38,45.65,116.93,0.9204,2,2,-1
386,7,921.32,418.48,46.04,95.59,0.9211,3,0,-1
386,10,1608.09,503.59,57.23,128.28,0.9313,2,1,-1
386,11,1126.62,386.35,52.69,90.46,0.9007,2,2,-1
386,12,283.92,429.01,36.07,98.72,0.9274,2,1,-1
386,13,1223.23,668.74,72.21,136.29,0.9356,2,1,-1
386,14,537.46,435.85,44.44,108.25,0.9329,2,2,-1
386,19,997.85,312.44,43.60,60.44,0.9158,2,2,-1
386,21,-3.02,252.32,20.03,61.82,0.8183,3,0,-1
386,23,874.58,294.07,23.96,62.56,0.8881,2,1,-1
386,36,418.84,546.62,79.38,109.71,0.8952,2,2,-1
386,38,527.65,334.73,49.42,63.57,0.8627,2,1,-1
386,41,150.19,622.16,46.15,105.79,0.9001,2,1,-1
386,51,750.91,686.40,38.45,108.07,0.9057,2,1,-1
386,52,687.05,377.06,37.19,88.62,0.9214,2,2,-1
386,53,1753.03,520.88,56.26,116.26,0.9238,2,2,-1
386,54,932.90,378.71,36.98,52.33,0.8939,2,-1,-1
386,0,819.75,348.86,11.48,11.34,1.0,0,-1,-1
387,2,1081.34,534.18,46.47,120.54,0.9281,2,2,-1
387,3,1679.55,625.94,56.36,124.28,0.9339,2,2,-1
387,6,1689.79,454.62,46.48,112.68,0.9144,2,2,-1
387,7,918.09,415.64,45.83,95.15,0.8990,3,0,-1
387,10,1608.62,504.64,58.33,124.72,0.9312,2,1,-1
387,11,1137.78,387.49,44.11,90.37,0.9059,2,2,-1
387,12,274.76,427.23,36.60,101.86,0.9235,2,1,-1
387,13,1223.36,671.93,72.14,136.24,0.9333,2,1,-1
387,14,529.75,436.20,47.36,107.19,0.9315,2,2,-1
387,19,989.66,313.24,44.89,60.18,0.9236,2,2,-1
387,23,863.67,293.13,24.17,63.40,0.8973,2,1,-1
387,33,147.55,621.64,44.53,121.55,0.9224,2,1,-1
387,36,430.28,548.77,71.20,109.12,0.8740,2,2,-1
387,38,535.52,334.78,40.34,60.00,0.8815,2,1,-1
387,51,737.81,684.43,55.86,149.65,0.8915,2,1,-1
387,52,682.11,375.70,44.85,85.99,0.9278,2,2,-1
387,53,1756.74,519.51,52.76,118.45,0.9325,2,2,-1
387,54,933.30,379.49,38.98,52.86,0.8941,2,1,-1
387,0,818.77,347.26,12.01,12.17,1.0,0,-1,-1
388,2,1081.89,534.53,43.31,121.28,0.9323,2,2,-1
388,3,1679.23,623.18,58.10,125.98,0.9371,2,2,-1
388,6,1685.54,454.38,48.46,108.13,0.9230,2,2,-1
388,7,915.91,419.67,44.24,92.53,0.8253,3,0,-1
388,10,1607.76,506.57,59.77,122.91,0.9289,2,1,-1
388,11,1143.77,387.04,38.54,91.52,0.9174,2,2,-1
388,12,266.58,425.59,35.68,104.29,0.9258,2,1,-1
388,13,1227.81,674.42,69.32,134.28,0.9262,2,1,-1
388,14,522.65,437.45,47.79,106.36,0.9349,2,2,-1
388,19,981.56,312.75,47.35,60.75,0.9193,2,2,-1
388,23,853.55,292.10,23.92,63.38,0.8633,2,1,-1
388,33,138.43,620.27,47.57,139.53,0.9248,2,1,-1
388,36,445.54,550.02,58.03,112.11,0.9263,2,2,-1
388,38,531.07,334.16,41.35,56.95,0.8546,2,1,-1
388,51,736.80,683.77,62.35,125.90,0.9208,2,1,-1
388,52,680.49,374.32,48.63,81.70,0.9172,2,2,-1
388,53,1757.28,517.31,51.36,122.17,0.9364,2,2,-1
388,54,933.70,378.81,37.36,52.92,0.8934,2,1,-1
388,0,817.93,345.71,12.06,12.74,1.0,0,-1,-1
389,2,1083.17,533.99,40.81,122.24,0.9404,2,2,-1
389,3,1675.69,621.49,64.31,129.58,0.9436,2,2,-1
389,6,1681.66,454.52,49.56,108.45,0.9173,2,2,-1
389,7,915.24,419.50,42.67,93.40,0.8264,3,0,-1
389,10,1608.68,509.65,61.50,121.40,0.9312,2,1,-1
389,11,1143.78,385.44,39.23,92.59,0.9262,2,2,-1
389,12,256.98,424.86,35.76,102.52,0.9263,2,1,-1
389,13,1234.55,674.71,65.57,137.85,0.9253,2,1,-1
389,14,516.92,439.30,47.67,105.60,0.9296,2,2,-1
389,19,974.32,311.60,50.75,61.47,0.9201,2,2,-1
389,23,843.00,292.06,23.47,61.01,0.8612,2,1,-1
389,33,126.51,618.41,54.11,142.91,0.9271,2,1,-1
389,36,442.41,549.89,59.83,114.06,0.9300,2,2,-1
389,38,524.60,334.49,53.59,65.18,0.9178,2,1,-1
389,51,739.69,683.49,66.12,129.12,0.9340,2,1,-1
389,52,683.17,374.50,46.04,84.10,0.8713,2,2,-1
389,53,1755.69,515.55,52.72,124.92,0.9330,2,2,-1
389,54,932.03,377.15,37.59,64.81,0.8947,2,1,-1
389,0,816.94,345.70,11.82,11.97,1.0,0,-1,-1
390,2,1080.94,532.31,41.99,123.66,0.9330,2,2,-1
390,3,1673.68,619.42,69.62,125.50,0.9402,2,2,-1
390,6,1678.81,455.99,50.22,109.80,0.9196,2,2,-1
390,7,914.58,419.50,39.96,93.71,0.8411,3,0,-1
390,10,1611.32,510.86,58.16,123.13,0.9358,2,1,-1
390,11,1138.40,383.60,45.51,94.50,0.9289,2,2,-1
390,12,248.13,423.91,36.74,105.88,0.9292,2,1,-1
390,13,1242.12,674.07,56.58,137.99,0.9303,2,1,-1
390,14,513.54,440.26,46.27,106.61,0.9271,2,2,-1
390,19,966.77,310.68,55.33,63.81,0.9234,2,2,-1
390,23,831.97,291.87,24.89,62.82,0.8577,2,1,-1
390,33,117.13,618.33,63.96,145.61,0.9287,2,1,-1
390,36,438.37,549.40,65.57,115.93,0.9385,2,2,-1
390,38,522.37,332.96,56.75,64.82,0.9241,2,1,-1
390,51,730.10,685.33,77.15,133.44,0.9330,2,1,-1
390,52,688.97,374.40,38.22,85.17,0.8922,2,2,-1
390,53,1752.69,514.88,56.13,127.35,0.9319,2,2,-1
390,54,932.13,375.77,32.27,67.78,0.8873,2,1,-1
390,0,816.37,345.59,11.77,11.86,1.0,0,-1,-1
391,2,1075.15,530.75,47.10,126.91,0.9391,2,2,-1
391,3,1673.75,619.95,74.37,119.28,0.9506,2,2,-1
391,6,1676.35,455.38,52.82,110.84,0.9274,2,2,-1
391,7,914.04,417.29,40.19,97.61,0.9252,3,0,-1
391,10,1614.68,510.83,54.77,124.40,0.9306,2,1,-1
391,11,1134.60,383.40,53.61,90.81,0.9368,2,2,-1
391,12,238.93,425.04,35.55,103.03,0.9230,2,1,-1
391,13,1244.32,671.89,54.47,133.93,0.9262,2,1,-1
391,14,508.77,439.41,44.60,109.00,0.9334,2,2,-1
391,19,964.23,310.05,56.99,63.53,0.9255,2,2,-1
391,23,818.97,293.95,26.53,63.04,0.8791,2,1,-1
391,33,106.99,619.29,73.27,142.74,0.9240,2,1,-1
391,36,435.06,551.43,71.98,113.12,0.9383,2,2,-1
391,38,523.19,333.07,58.13,65.08,0.9146,2,1,-1
391,51,727.95,686.55,97.82,146.74,0.9285,2,1,-1
391,52,690.07,373.58,38.07,86.63,0.9137,2,2,-1
391,53,1751.84,515.08,57.95,120.84,0.9359,2,2,-1
391,0,812.14,344.98,12.82,13.38,1.0,0,-1,-1
392,2,1070.81,529.34,52.52,128.60,0.9344,2,2,-1
392,3,1676.38,621.62,78.32,117.98,0.9452,2,2,-1
392,6,1676.00,453.84,53.37,112.87,0.9278,2,2,-1
392,7,907.52,415.39,39.35,100.43,0.9279,3,0,-1
392,10,1615.25,508.93,53.76,126.99,0.9259,2,1,-1
392,11,1132.88,383.31,63.66,89.15,0.9305,2,2,-1
392,12,228.83,425.82,35.98,100.68,0.9242,2,1,-1
392,13,1246.10,670.25,53.87,136.02,0.9298,2,1,-1
392,14,503.40,437.70,45.12,111.52,0.9215,2,2,-1
392,19,961.15,309.54,53.88,62.15,0.9152,2,2,-1
392,23,809.11,295.74,25.90,61.67,0.8813,2,1,-1
392,33,97.59,620.85,76.63,141.15,0.9380,2,1,-1
392,36,433.58,553.52,86.59,113.41,0.9406,2,2,-1
392,38,537.95,333.07,44.43,64.27,0.8994,2,1,-1
392,51,731.52,689.69,97.08,148.28,0.9109,2,1,-1
392,52,687.32,371.33,40.80,88.99,0.9314,2,2,-1
392,53,1751.79,516.08,59.18,118.19,0.9346,2,2,-1
392,54,933.33,374.17,34.84,82.93,0.8974,2,1,-1
392,0,802.98,344.44,12.55,13.39,1.0,0,-1,-1
393,2,1064.81,529.33,60.33,126.18,0.9382,2,2,-1
393,3,1682.13,622.22,77.71,119.34,0.9344,2,2,-1
393,6,1674.65,452.02,52.41,114.59,0.9216,2,2,-1
393,7,902.08,414.05,42.53,101.94,0.9313,3,0,-1
393,10,1613.77,506.79,53.00,128.17,0.9283,2,1,-1
393,11,1134.42,383.68,65.83,89.74,0.9080,2,2,-1
393,12,220.13,427.72,35.27,99.12,0.9221,2,1,-1
393,13,1243.38,668.65,57.40,141.72,0.9310,2,1,-1
393,14,498.20,435.61,44.05,112.46,0.9210,2,2,-1
393,19,958.50,307.97,49.88,63.60,0.9196,2,2,-1
393,23,799.06,296.30,26.82,61.19,0.8582,2,1,-1
393,33,91.55,625.06,72.11,137.49,0.9288,2,1,-1
393,36,433.91,555.69,89.11,114.27,0.9121,2,2,-1
393,38,538.63,333.66,40.76,64.67,0.8850,2,1,-1
393,51,755.69,693.34,74.13,140.27,0.8980,2,1,-1
393,52,683.72,369.43,43.57,90.39,0.9317,2,2,-1
393,53,1754.62,518.49,57.15,117.62,0.9257,2,2,-1
393,54,933.55,375.70,37.94,81.50,0.9073,2,1,-1
393,0,793.07,344.30,13.46,12.71,1.0,0,-1,-1
394,2,1062.67,530.97,61.48,121.74,0.9449,2,2,-1
394,3,1687.45,623.19,73.87,119.76,0.9332,2,2,-1
394,6,1672.51,450.15,51.42,114.31,0.9266,2,2,-1
394,7,895.68,413.16,46.97,98.02,0.9385,3,0,-1
394,10,1611.43,504.77,53.25,130.04,0.9300,2,1,-1
394,11,1139.26,384.40,62.91,89.93,0.9194,2,2,-1
394,12,212.33,428.56,34.72,99.76,0.9240,2,1,-1
394,13,1241.13,669.26,60.26,140.13,0.9363,2,1,-1
394,14,494.13,433.13,42.64,116.57,0.9183,2,2,-1
394,19,957.13,306.10,46.23,64.24,0.9175,2,2,-1
394,23,788.37,296.66,28.60,61.34,0.8773,2,1,-1
394,33,90.49,627.68,68.36,134.59,0.9343,2,1,-1
394,36,437.85,558.54,80.57,115.17,0.9045,2,2,-1
394,38,544.22,332.46,39.63,66.69,0.8934,2,1,-1
394,51,753.15,694.06,76.76,152.96,0.8976,2,1,-1
394,52,683.46,368.12,44.64,82.60,0.9223,2,2,-1
394,53,1757.99,520.50,52.76,117.41,0.9259,2,2,-1
394,54,932.14,377.49,42.25,82.61,0.9084,2,1,-1
394,0,783.52,344.39,12.81,13.33,1.0,0,-1,-1
395,2,1061.86,533.09,59.12,121.02,0.9405,2,2,-1
395,3,1695.89,621.48,65.17,122.10,0.9305,2,2,-1
395,6,1668.48,449.55,50.80,114.06,0.9291,2,2,-1
395,7,890.91,413.04,51.11,95.17,0.9389,3,0,-1
395,10,1609.11,504.81,52.82,130.03,0.9232,2,1,-1
395,11,1149.19,384.80,56.75,91.79,0.9093,2,2,-1
395,12,205.93,427.64,34.07,102.63,0.9277,2,1,-1
395,13,1242.57,670.14,59.48,139.03,0.9395,2,1,-1
395,14,490.15,432.90,40.66,112.76,0.9190,2,2,-1
395,19,956.30,305.40,42.86,65.96,0.9161,2,2,-1
395,23,778.85,296.75,30.30,62.20,0.8850,2,1,-1
395,33,97.61,627.78,61.34,126.89,0.9195,2,1,-1
395,36,452.75,562.76,71.17,112.02,0.9029,2,2,-1
395,38,540.57,330.46,48.66,69.19,0.9146,2,1,-1
395,51,769.18,695.57,62.63,150.03,0.8931,2,1,-1
395,52,689.95,367.10,43.42,83.13,0.8854,2,2,-1
395,53,1758.92,520.53,49.76,117.69,0.9258,2,2,-1
395,54,929.54,379.78,40.12,82.63,0.9089,2,1,-1
396,2,1066.39,534.42,55.12,121.05,0.9307,2,2,-1
396,3,1699.73,618.90,60.23,124.80,0.9419,2,2,-1
396,6,1665.93,448.90,50.72,111.63,0.9241,2,2,-1
396,7,888.46,413.77,52.41,92.64,0.9216,3,0,-1
396,10,1609.25,505.62,53.24,128.54,0.9275,2,1,-1
396,11,1157.21,383.38,49.07,92.54,0.9094,2,2,-1
396,12,197.07,426.48,34.59,104.37,0.9290,2,1,-1
396,13,1247.18,672.89,54.81,137.71,0.9338,2,1,-1
396,14,485.10,433.68,40.03,107.97,0.9355,2,2,-1
396,19,956.43,304.84,37.51,66.05,0.9114,2,2,-1
396,23,768.19,296.79,29.86,61.66,0.8753,2,1,-1
396,36,470.04,561.59,60.11,115.63,0.9118,2,2,-1
396,38,539.20,328.57,54.53,69.25,0.9139,2,1,-1
396,41,94.74,626.90,57.25,140.21,0.9110,2,1,-1
396,51,774.70,694.42,58.99,153.71,0.9248,2,1,-1
396,52,693.84,367.16,40.59,84.83,0.9006,2,2,-1
396,53,1761.43,518.78,47.79,119.80,0.9263,2,2,-1
396,54,929.85,380.24,35.88,83.22,0.9164,2,1,-1
396,0,765.75,346.99,14.82,12.41,1.0,0,-1,-1
397,2,1070.80,534.46,52.26,122.98,0.9307,2,2,-1
397,3,1699.62,616.09,61.73,128.82,0.9424,2,2,-1
397,6,1663.98,450.10,49.23,108.24,0.9276,2,2,-1
397,7,887.52,414.70,51.05,95.93,0.8930,3,0,-1
397,10,1615.75,508.24,46.08,91.54,0.8875,2,1,-1
397,11,1160.58,381.52,44.66,94.53,0.9171,2,2,-1
397,12,187.33,424.06,36.26,106.93,0.9328,2,1,-1
397,13,1254.08,675.11,49.00,139.62,0.9180,2,1,-1
397,14,479.49,434.10,39.99,106.42,0.9225,2,2,-1
397,19,953.47,305.70,35.37,67.00,0.9165,2,2,-1
397,23,756.98,295.08,30.87,62.86,0.8405,2,1,-1
397,33,88.68,625.43,61.68,132.02,0.9092,2,1,-1
397,36,472.93,559.18,58.31,117.95,0.9439,2,2,-1
397,38,536.38,327.02,58.65,67.24,0.9220,2,1,-1
397,51,784.77,693.23,45.17,88.15,0.8908,2,1,-1
397,52,697.15,367.48,37.62,85.66,0.9118,2,2,-1
397,53,1761.12,516.86,48.72,122.76,0.9322,2,2,-1
397,54,930.12,378.59,37.64,85.35,0.9198,2,1,-1
397,0,756.58,346.38,13.84,13.14,1.0,0,-1,-1
398,2,1072.13,533.02,51.98,124.41,0.9293,2,2,-1
398,3,1699.90,614.23,64.81,129.76,0.9362,2,2,-1
398,6,1663.32,451.52,46.60,108.29,0.9243,2,2,-1
398,7,890.18,416.13,49.17,93.78,0.8100,3,0,-1
398,10,1609.29,509.60,54.32,124.58,0.9245,2,1,-1
398,11,1162.88,379.72,41.08,95.26,0.9269,2,2,-1
398,12,179.96,423.36,36.59,105.25,0.9233,2,1,-1
398,13,1259.81,675.47,41.89,117.81,0.9028,2,1,-1
398,14,472.85,436.33,40.30,105.09,0.9293,2,2,-1
398,19,949.84,307.06,33.56,63.07,0.9151,2,2,-1
398,23,743.80,293.32,30.94,65.25,0.8770,2,1,-1
398,36,471.12,558.48,63.86,118.99,0.9407,2,2,-1
398,38,537.55,326.68,61.58,69.19,0.9103,2,1,-1
398,41,84.86,622.81,61.54,148.49,0.9267,2,1,-1
398,51,780.33,691.02,62.98,156.40,0.9336,2,1,-1
398,52,700.14,366.75,34.36,86.99,0.9192,2,2,-1
398,53,1758.20,514.57,51.63,125.45,0.9389,2,2,-1
398,54,928.33,376.45,39.67,85.47,0.9197,2,1,-1
398,0,746.96,345.48,16.32,15.00,1.0,0,-1,-1
399,2,1071.57,530.69,51.16,126.99,0.9304,2,2,-1
399,3,1699.12,614.02,65.66,123.90,0.9405,2,2,-1
399,6,1662.24,452.44,44.14,107.36,0.9248,2,2,-1
399,7,893.92,416.23,46.68,94.61,0.9041,3,0,-1
399,10,1609.63,511.02,51.50,118.51,0.9134,2,1,-1
399,11,1163.42,378.84,41.34,94.87,0.9272,2,2,-1
399,12,168.97,424.26,41.65,104.67,0.9309,2,1,-1
399,13,1260.21,673.09,44.26,138.18,0.9177,2,1,-1
399,14,468.08,438.01,42.67,105.17,0.9254,2,2,-1
399,19,945.58,308.31,34.86,63.12,0.9114,2,2,-1
399,23,733.03,295.09,29.94,64.98,0.8675,2,1,-1
399,36,469.12,559.05,69.80,117.10,0.9365,2,2,-1
399,38,540.99,326.55,60.28,72.15,0.8359,2,1,-1
399,41,80.71,622.06,61.06,146.93,0.9080,2,1,-1
399,51,784.82,690.46,60.59,129.96,0.9355,2,1,-1
399,52,696.09,365.25,38.06,88.78,0.9121,2,2,-1
399,53,1755.93,513.42,53.32,122.68,0.9352,2,2,-1
399,54,926.39,375.44,40.82,84.78,0.9179,2,1,-1
399,0,739.24,345.92,19.16,15.59,1.0,0,-1,-1
400,2,1070.28,528.89,51.07,128.44,0.9304,2,2,-1
400,3,1701.21,614.23,66.06,120.39,0.9316,2,2,-1
400,6,1661.43,452.17,43.15,108.23,0.9257,2,2,-1
400,7,895.06,415.28,42.73,97.03,0.9264,3,0,-1
400,10,1610.02,510.78,51.48,124.15,0.9258,2,1,-1
400,11,1163.07,378.76,43.79,91.29,0.9363,2,2,-1
400,12,160.21,425.22,45.90,102.78,0.9309,2,1,-1
400,13,1256.58,671.05,49.49,143.70,0.9334,2,1,-1
400,14,465.29,438.08,43.83,105.68,0.9170,2,2,-1
400,19,940.46,309.57,38.16,61.52,0.9170,2,2,-1
400,23,720.99,296.87,32.86,63.49,0.8811,2,1,-1
400,36,470.24,559.55,86.21,119.51,0.9353,2,2,-1
400,38,554.56,326.96,45.42,72.82,0.8906,2,1,-1
400,41,77.26,621.78,63.92,144.73,0.9320,2,1,-1
400,51,784.18,690.69,76.02,151.14,0.9281,2,1,-1
400,52,693.31,362.66,44.35,91.58,0.9299,2,2,-1
400,53,1752.38,512.99,56.97,119.72,0.9364,2,2,-1
400,54,923.74,374.84,38.97,85.14,0.9194,2,1,-1
400,0,730.78,348.18,15.78,13.66,1.0,0,-1,-1
401,2,1069.29,527.15,52.32,130.02,0.9340,2,2,-1
401,3,1709.32,615.52,60.69,120.28,0.9246,2,2,-1
401,6,1658.49,450.30,43.87,110.59,0.9312,2,2,-1
401,7,895.37,413.08,41.29,99.01,0.9265,3,0,-1
401,10,1610.64,509.19,50.64,125.26,0.9200,2,1,-1
401,11,1164.26,379.30,46.82,88.72,0.9304,2,2,-1
401,12,151.35,427.68,50.06,101.32,0.9395,2,1,-1
401,13,1252.08,668.29,55.39,143.91,0.9311,2,1,-1
401,14,460.91,436.92,43.58,109.06,0.9308,2,2,-1
401,19,935.16,308.29,44.06,62.26,0.9267,2,2,-1
401,23,708.99,296.68,36.26,62.30,0.8893,2,1,-1
401,36,475.39,561.88,88.54,117.97,0.9198,2,2,-1
401,38,567.71,326.56,35.40,74.44,0.9072,2,1,-1
401,41,75.41,622.35,63.80,141.72,0.9417,2,1,-1
401,47,692.29,362.12,54.04,83.96,0.9278,2,1,-1
401,51,777.68,691.38,83.35,147.03,0.9308,2,1,-1
401,53,1750.40,513.71,60.17,118.75,0.9394,2,2,-1
401,54,923.56,374.81,37.21,83.62,0.9084,2,1,-1
402,2,1068.39,526.51,53.33,125.36,0.9363,2,2,-1
402,3,1715.12,615.22,59.75,120.71,0.9244,2,2,-1
402,6,1657.03,448.28,43.86,113.25,0.9288,2,2,-1
402,7,894.29,411.31,42.80,101.60,0.9314,3,0,-1
402,10,1610.09,506.74,49.12,124.89,0.9264,2,1,-1
402,11,1166.92,380.33,47.86,88.66,0.9278,2,2,-1
402,12,147.24,429.51,51.15,99.72,0.9395,2,1,-1
402,13,1250.16,666.37,61.48,141.93,0.9283,2,1,-1
402,14,459.44,434.58,42.78,111.50,0.9318,2,2,-1
402,19,931.54,307.22,49.77,63.74,0.9221,2,2,-1
402,23,694.46,301.09,41.66,60.18,0.9065,2,1,-1
402,33,79.30,623.89,57.75,121.48,0.9026,2,1,-1
402,36,482.33,565.18,85.90,116.94,0.9150,2,2,-1
402,38,567.53,324.71,38.76,77.76,0.9216,2,1,-1
402,47,697.56,360.88,55.73,82.11,0.9192,2,1,-1
402,51,807.23,695.11,55.18,113.47,0.8780,2,1,-1
402,53,1751.38,515.61,61.17,117.40,0.9325,2,2,-1
402,54,924.02,375.11,37.43,83.33,0.8903,2,1,-1
402,0,720.12,349.28,13.66,12.47,1.0,0,-1,-1
403,2,1071.29,527.34,52.20,122.12,0.9374,2,2,-1
403,3,1719.98,614.03,57.43,122.50,0.9434,2,2,-1
403,6,1654.91,446.52,43.56,108.42,0.9243,2,2,-1
403,7,893.44,410.20,44.02,97.26,0.9365,3,0,-1
403,10,1604.76,504.49,54.35,128.95,0.9327,2,1,-1
403,11,1169.44,381.82,45.82,87.31,0.9176,2,2,-1
403,12,148.31,429.54,49.13,100.58,0.9396,2,1,-1
403,13,1248.59,665.80,68.80,138.43,0.9424,2,1,-1
403,14,458.20,432.70,41.39,112.09,0.9293,2,2,-1
403,19,932.30,307.27,52.10,64.64,0.9210,2,2,-1
403,23,686.47,300.71,40.82,60.18,0.9074,2,1,-1
403,33,84.76,625.84,53.38,110.88,0.8844,2,1,-1
403,36,496.72,566.82,74.01,115.44,0.8904,2,2,-1
403,38,569.39,324.23,45.36,72.39,0.9283,2,1,-1
403,51,818.65,696.62,47.03,110.38,0.9198,2,1,-1
403,52,708.25,361.32,46.87,83.78,0.9042,2,2,-1
403,53,1754.24,516.77,59.93,116.97,0.9279,2,2,-1
403,54,924.18,377.13,36.73,80.71,0.8450,2,1,-1
404,2,1073.16,528.88,50.32,122.53,0.9310,2,2,-1
404,3,1721.88,611.50,55.97,122.75,0.9454,2,2,-1
404,6,1650.39,444.79,46.66,107.81,0.9272,2,2,-1
404,7,892.06,409.23,48.02,98.31,0.9237,3,0,-1
404,10,1601.52,503.36,59.08,126.28,0.9365,2,1,-1
404,11,1172.54,381.19,44.61,87.79,0.9164,2,2,-1
404,12,150.09,428.81,45.82,102.26,0.9403,2,1,-1
404,13,1247.45,667.35,72.43,137.44,0.9432,2,1,-1
404,14,455.93,431.34,42.58,113.30,0.9276,2,2,-1
404,19,938.42,307.43,51.82,63.79,0.9081,2,2,-1
404,23,679.77,301.55,39.24,60.00,0.9025,2,1,-1
404,36,519.64,567.32,60.72,115.10,0.8841,2,2,-1
404,38,571.97,324.48,55.31,70.85,0.9231,2,1,-1
404,41,86.92,625.96,52.92,138.11,0.9307,2,1,-1
404,51,828.17,696.09,44.73,112.99,0.8985,2,1,-1
404,52,718.58,361.58,42.66,84.72,0.8575,2,2,-1
404,53,1756.94,516.64,57.69,116.63,0.9380,2,2,-1
404,0,706.99,350.14,12.65,13.19,1.0,0,-1,-1
405,2,1077.19,530.14,47.04,121.82,0.9240,2,2,-1
405,3,1720.53,607.88,59.65,126.86,0.9406,2,2,-1
405,6,1648.01,444.74,48.52,107.51,0.9282,2,2,-1
405,7,892.81,408.48,51.31,96.53,0.9138,3,0,-1
405,10,1602.35,503.53,60.04,124.47,0.9366,2,1,-1
405,11,1175.29,379.44,45.22,90.22,0.9303,2,2,-1
405,12,153.96,426.31,40.81,104.02,0.9319,2,1,-1
405,13,1252.16,669.24,69.52,137.44,0.9364,2,1,-1
405,14,453.18,431.17,45.11,110.14,0.9284,2,2,-1
405,19,945.99,306.57,47.93,65.78,0.8982,2,2,-1
405,23,675.78,302.77,36.90,58.66,0.8822,2,1,-1
405,33,94.19,625.80,46.47,106.43,0.9017,2,1,-1
405,36,532.51,566.25,52.64,116.51,0.9429,2,2,-1
405,38,577.51,324.39,58.83,69.87,0.8854,2,1,-1
405,51,829.82,692.64,54.27,153.19,0.9088,2,1,-1
405,52,723.76,359.84,41.94,85.88,0.9218,2,2,-1
405,53,1761.49,515.59,53.93,116.93,0.9347,2,2,-1
405,0,702.59,349.55,11.52,12.81,1.0,0,-1,-1
406,2,1082.00,530.99,45.15,121.30,0.9328,2,2,-1
406,3,1719.86,604.06,63.68,128.30,0.9394,2,2,-1
406,6,1646.38,445.23,50.68,106.20,0.9258,2,2,-1
406,7,895.38,410.97,49.41,94.74,0.7722,3,0,-1
406,10,1606.75,504.42,58.41,123.71,0.9275,2,1,-1
406,11,1178.15,378.42,45.66,90.56,0.9344,2,2,-1
406,12,155.49,424.66,38.22,106.26,0.9294,2,1,-1
406,13,1261.13,669.51,64.79,137.31,0.9346,2,1,-1
406,14,451.51,431.81,47.58,107.07,0.9318,2,2,-1
406,19,952.60,305.45,40.86,65.14,0.9250,2,2,-1
406,23,668.86,301.93,35.11,60.28,0.8202,2,1,-1
406,36,534.71,563.92,59.69,119.17,0.9332,2,2,-1
406,38,585.05,325.32,55.55,71.87,0.9086,2,1,-1
406,41,98.39,623.89,45.28,139.06,0.9280,2,1,-1
406,51,831.24,689.61,58.69,129.28,0.9252,2,1,-1
406,52,728.53,357.04,42.87,89.87,0.9164,2,2,-1
406,53,1762.92,513.05,52.67,119.41,0.9294,2,2,-1
406,54,923.15,374.75,35.27,84.57,0.8893,2,1,-1
406,0,698.13,350.61,12.26,12.79,1.0,0,-1,-1
407,2,1086.51,529.64,41.62,121.79,0.9372,2,2,-1
407,3,1719.81,602.95,67.67,123.98,0.9392,2,2,-1
407,6,1644.91,446.21,52.69,106.08,0.9229,2,2,-1
407,7,901.25,411.56,45.29,94.45,0.9069,3,0,-1
407,10,1609.75,505.16,57.04,123.45,0.9197,2,1,-1
407,11,1184.13,377.39,43.59,90.96,0.9239,2,2,-1
407,12,154.12,423.55,38.82,106.54,0.9284,2,1,-1
407,13,1278.49,667.93,52.75,138.45,0.9232,2,1,-1
407,14,449.93,433.17,50.00,105.26,0.9309,2,2,-1
407,19,952.30,303.23,39.93,67.23,0.8932,2,2,-1
407,23,668.98,301.41,34.38,59.86,0.8456,2,1,-1
407,36,537.57,563.76,67.86,119.17,0.9391,2,2,-1
407,38,599.17,325.55,50.20,72.96,0.8249,2,1,-1
407,41,94.48,620.03,50.89,145.63,0.9327,2,1,-1
407,51,836.58,687.33,62.72,129.51,0.9296,2,1,-1
407,52,731.56,354.93,43.42,90.91,0.9257,2,2,-1
407,53,1766.42,510.46,51.31,116.80,0.9326,2,2,-1
407,0,694.41,351.93,12.31,11.77,1.0,0,-1,-1
408,2,1086.62,526.84,43.93,124.36,0.9329,2,2,-1
408,3,1722.69,602.88,71.25,116.49,0.9402,2,2,-1
408,6,1645.36,446.67,51.82,102.44,0.9193,2,2,-1
408,7,906.25,411.80,40.43,94.94,0.9316,3,0,-1
408,10,1612.52,504.49,53.47,124.06,0.9215,2,1,-1
408,11,1189.83,376.78,44.27,89.56,0.9331,2,2,-1
408,12,154.24,423.29,38.15,106.02,0.9302,2,1,-1
408,13,1281.35,665.77,51.88,139.07,0.9275,2,1,-1
408,14,451.68,434.71,50.75,105.76,0.9257,2,2,-1
408,19,956.20,303.38,35.79,66.45,0.9032,2,2,-1
408,23,668.03,298.91,35.03,61.66,0.8751,2,1,-1
408,36,541.68,563.56,78.51,114.77,0.9427,2,2,-1
408,38,615.25,325.74,40.10,72.17,0.8775,2,1,-1
408,41,91.68,618.54,57.38,143.48,0.9341,2,1,-1
408,51,832.72,685.73,87.68,152.29,0.9362,2,1,-1
408,52,736.25,353.50,43.87,85.17,0.9181,2,2,-1
408,53,1768.84,509.41,51.33,116.82,0.9265,2,2,-1
408,0,690.16,351.84,12.63,12.06,1.0,0,-1,-1
409,2,1085.40,524.51,48.51,127.02,0.9352,2,2,-1
409,3,1727.71,604.03,73.46,116.92,0.9376,2,2,-1
409,6,1646.91,445.34,51.46,101.62,0.9174,2,2,-1
409,7,910.83,411.14,38.64,95.34,0.9259,3,0,-1
409,10,1614.95,502.36,49.17,125.97,0.9129,2,1,-1
409,11,1195.12,377.54,52.02,86.42,0.9368,2,2,-1
409,12,153.50,423.88,38.23,106.56,0.9270,2,1,-1
409,13,1286.29,661.76,50.78,126.90,0.9297,2,1,-1
409,14,454.15,434.70,50.44,105.99,0.9281,2,2,-1
409,19,963.86,302.50,30.45,67.54,0.8894,2,2,-1
409,23,664.69,297.78,38.19,64.97,0.8827,2,1,-1
409,36,549.36,564.51,89.22,113.99,0.9332,2,2,-1
409,38,619.06,323.00,39.84,75.73,0.9203,2,1,-1
409,41,90.59,617.74,64.91,140.92,0.9354,2,1,-1
409,51,833.21,683.55,92.48,152.05,0.9290,2,1,-1
409,52,741.03,352.47,46.96,83.41,0.9281,2,2,-1
409,53,1771.56,508.94,50.88,116.61,0.9267,2,2,-1
409,0,686.37,351.09,14.62,12.74,1.0,0,-1,-1
410,2,1083.92,522.68,55.81,126.41,0.9369,2,2,-1
410,3,1734.90,606.40,72.37,115.34,0.9227,2,2,-1
410,6,1649.09,443.52,49.36,97.86,0.9183,2,2,-1
410,7,909.51,409.18,40.40,97.20,0.9223,3,0,-1
410,10,1616.62,498.85,47.96,125.95,0.9180,2,1,-1
410,11,1198.53,378.48,50.65,86.02,0.9343,2,2,-1
410,12,154.24,426.13,36.00,102.73,0.9278,2,1,-1
410,13,1286.22,658.74,54.83,141.74,0.9314,2,1,-1
410,14,457.37,433.44,47.18,106.92,0.9309,2,2,-1
410,19,968.58,302.06,27.70,68.51,0.8946,2,2,-1
410,23,664.73,296.93,38.26,65.49,0.8843,2,1,-1
410,36,561.70,566.29,84.63,115.41,0.9323,2,2,-1
410,38,623.49,322.34,42.25,74.89,0.9203,2,1,-1
410,41,90.20,617.60,75.89,140.47,0.9388,2,1,-1
410,51,841.72,686.56,87.63,148.21,0.9374,2,1,-1
410,52,748.82,352.07,48.50,81.72,0.9060,2,2,-1
410,53,1772.33,509.54,51.24,117.31,0.9237,2,2,-1
410,0,676.39,350.88,20.86,12.98,1.0,0,-1,-1
411,2,1082.16,522.16,60.21,120.43,0.9424,2,2,-1
411,3,1741.04,603.81,68.44,117.34,0.9239,2,2,-1
411,6,1649.95,440.97,48.55,102.98,0.9210,2,2,-1
411,7,906.76,407.76,44.33,98.67,0.9259,3,0,-1
411,10,1617.01,496.84,51.88,128.46,0.9131,2,1,-1
411,11,1201.51,379.27,44.85,84.77,0.9263,2,2,-1
411,12,155.39,428.33,33.61,97.96,0.9273,2,1,-1
411,13,1286.81,656.60,55.92,141.03,0.9349,2,1,-1
411,14,457.89,430.86,44.70,109.71,0.9324,2,2,-1
411,19,970.55,302.27,26.19,70.22,0.9084,2,2,-1
411,23,666.66,297.53,32.71,54.21,0.8974,2,1,-1
411,36,573.36,568.07,76.94,113.31,0.8799,2,2,-1
411,38,627.16,321.59,48.01,70.24,0.9098,2,1,-1
411,41,88.37,618.85,74.73,136.34,0.9486,2,1,-1
411,51,852.66,687.59,76.83,132.02,0.9034,2,1,-1
411,52,754.61,351.93,49.25,85.47,0.9148,2,2,-1
411,53,1772.68,510.92,50.82,116.47,0.9230,2,2,-1
411,0,678.58,351.91,14.26,13.56,1.0,0,-1,-1
412,2,1082.06,522.32,59.17,118.57,0.9402,2,2,-1
412,3,1749.18,599.19,61.51,121.40,0.9266,2,2,-1
412,6,1649.86,438.91,47.07,105.78,0.9242,2,2,-1
412,7,904.83,406.14,48.80,96.24,0.9267,3,0,-1
412,10,1615.23,494.92,53.32,127.44,0.9261,2,1,-1
412,11,1205.12,378.87,41.28,85.44,0.9342,2,2,-1
412,12,156.05,429.38,32.64,97.02,0.9144,2,1,-1
412,13,1288.97,657.20,55.99,137.48,0.9394,2,1,-1
412,14,457.87,428.40,43.89,112.09,0.9319,2,2,-1
412,19,973.60,303.41,28.15,68.82,0.9176,2,2,-1
412,23,662.97,298.37,31.34,54.00,0.8796,2,1,-1
412,36,590.09,567.64,68.89,114.06,0.8872,2,2,-1
412,41,89.51,620.08,71.19,132.91,0.9454,2,1,-1
412,51,866.00,688.28,73.71,137.48,0.8068,2,1,-1
412,52,762.99,352.92,45.24,85.02,0.9117,2,2,-1
412,53,1773.29,511.67,49.63,113.02,0.9243,2,2,-1
413,2,1085.54,523.57,57.09,117.21,0.9384,2,2,-1
413,3,1752.01,596.68,57.60,122.10,0.9336,2,2,-1
413,6,1649.62,437.63,46.01,105.25,0.9248,2,2,-1
413,7,902.44,405.94,54.31,91.22,0.9257,3,0,-1
413,10,1614.34,494.63,51.80,122.99,0.9252,2,1,-1
413,11,1206.33,376.67,38.66,87.80,0.9346,2,2,-1
413,12,154.23,428.68,35.37,97.91,0.9162,2,1,-1
413,13,1293.32,658.04,52.60,135.44,0.9305,2,1,-1
413,14,457.05,426.49,44.19,111.73,0.9296,2,2,-1
413,19,972.21,303.47,33.98,69.48,0.9243,2,2,-1
413,23,664.97,298.64,26.78,33.33,0.8595,2,1,-1
413,36,610.43,565.74,56.85,115.29,0.9275,2,2,-1
413,38,640.46,324.26,46.40,69.27,0.9003,2,1,-1
413,41,95.39,620.82,69.23,131.44,0.8997,2,1,-1
413,51,879.68,684.22,61.40,150.22,0.9042,2,1,-1
413,52,768.22,352.56,43.41,85.65,0.9153,2,2,-1
413,53,1773.98,511.13,47.63,103.23,0.9202,2,2,-1
414,2,1090.66,522.41,54.83,118.50,0.9298,2,2,-1
414,3,1751.41,593.94,58.66,124.81,0.9324,2,2,-1
414,6,1648.60,437.73,45.63,104.17,0.9214,2,2,-1
414,7,901.11,406.07,54.77,91.37,0.8345,3,0,-1
414,10,1618.22,495.94,44.06,91.77,0.8716,2,1,-1
414,11,1206.50,374.53,36.39,89.20,0.9292,2,2,-1
414,12,149.31,427.18,36.63,98.22,0.9019,2,1,-1
414,13,1298.69,659.41,47.41,134.99,0.9250,2,1,-1
414,14,455.96,425.51,44.68,108.98,0.9277,2,2,-1
414,19,966.83,302.62,41.18,70.14,0.9308,2,2,-1
414,36,611.41,562.85,61.56,117.22,0.9212,2,2,-1
414,38,645.41,320.86,44.90,73.44,0.8228,2,1,-1
414,41,104.16,620.12,67.63,132.92,0.9081,2,1,-1
414,46,1617.91,573.83,28.81,42.99,0.7684,2,1,-1
414,51,886.56,680.90,57.01,153.21,0.9229,2,1,-1
414,52,772.35,350.25,40.27,87.31,0.9214,2,2,-1
414,53,1773.87,509.31,47.33,103.88,0.9198,2,2,-1
415,2,1097.82,521.30,50.61,119.68,0.9304,2,2,-1
415,3,1748.66,592.40,62.42,124.09,0.9350,2,2,-1
415,6,1646.90,438.46,45.33,103.71,0.9353,2,2,-1
415,7,903.33,406.36,52.68,92.54,0.9139,3,0,-1
415,10,1612.09,496.87,52.78,115.02,0.9087,2,1,-1
415,11,1205.89,373.20,38.99,89.71,0.9349,2,2,-1
415,12,140.70,426.01,43.54,99.92,0.9271,2,1,-1
415,13,1302.97,659.33,43.59,134.99,0.9251,2,1,-1
415,14,454.42,425.93,43.74,106.95,0.9270,2,2,-1
415,19,962.00,301.71,45.98,70.11,0.9291,2,2,-1
415,36,613.44,561.78,65.43,118.71,0.9388,2,2,-1
415,38,643.68,299.13,43.07,60.91,0.8622,2,1,-1
415,41,110.85,617.25,61.07,134.57,0.9352,2,1,-1
415,51,890.78,677.42,55.73,143.81,0.9245,2,1,-1
415,52,775.36,348.70,37.49,87.97,0.9176,2,2,-1
415,53,1773.08,505.97,46.87,104.65,0.9289,2,2,-1
415,56,910.65,374.02,32.33,44.29,0.6441,2,-1,-1
416,2,1098.96,518.95,50.37,121.84,0.9269,2,2,-1
416,3,1748.28,587.34,63.39,123.70,0.9332,2,2,-1
416,6,1645.24,439.43,45.09,102.19,0.9289,2,2,-1
416,7,905.11,406.71,51.04,91.84,0.8612,3,0,-1
416,10,1611.00,496.34,45.71,99.05,0.9056,2,1,-1
416,11,1204.39,373.41,40.62,88.34,0.9323,2,2,-1
416,12,135.74,425.22,47.76,100.37,0.9326,2,1,-1
416,13,1304.73,657.71,42.20,136.95,0.9208,2,1,-1
416,14,453.94,427.42,41.37,103.88,0.9246,2,2,-1
416,19,965.16,302.78,42.15,70.13,0.9280,2,2,-1
416,36,614.25,561.26,72.02,113.40,0.9397,2,2,-1
416,41,111.26,613.92,60.14,137.92,0.9455,2,1,-1
416,47,659.81,319.68,35.43,75.48,0.8974,2,1,-1
416,51,893.95,674.24,56.71,140.48,0.9325,2,1,-1
416,52,774.00,346.57,41.37,88.17,0.9282,2,2,-1
416,53,1771.82,504.37,46.85,106.18,0.9340,2,2,-1
417,2,1097.18,515.78,51.55,125.13,0.9303,2,2,-1
417,3,1748.98,587.56,61.95,118.69,0.9321,2,2,-1
417,6,1644.33,439.02,43.77,99.98,0.9221,2,2,-1
417,7,907.45,406.60,50.53,92.72,0.6634,3,0,-1
417,10,1608.98,494.02,51.23,120.18,0.9229,2,1,-1
417,11,1202.55,374.25,40.99,84.07,0.9330,2,2,-1
417,12,130.75,425.73,51.17,97.86,0.9276,2,1,-1
417,13,1303.32,654.48,44.41,136.73,0.9222,2,1,-1
417,14,452.21,429.13,41.01,102.46,0.9246,2,2,-1
417,19,971.51,301.44,33.81,73.03,0.9108,2,2,-1
417,36,614.97,562.32,82.90,112.01,0.9369,2,2,-1
417,41,108.25,610.48,61.60,143.79,0.9305,2,1,-1
417,47,659.28,318.77,41.23,70.77,0.8990,2,1,-1
417,51,898.42,672.77,56.55,127.51,0.9310,2,1,-1
417,52,773.57,345.95,49.65,82.61,0.9299,2,2,-1
417,53,1764.20,503.01,51.92,109.50,0.9121,2,2,-1
417,54,900.20,376.30,19.96,43.46,0.6413,2,1,-1
418,2,1096.13,513.95,53.01,126.23,0.9262,2,2,-1
418,3,1751.80,593.38,57.07,111.66,0.9040,2,2,-1
418,6,1640.18,437.80,43.52,94.90,0.9140,2,2,-1
418,7,912.81,405.51,43.56,94.30,0.9286,3,0,-1
418,10,1607.41,490.92,48.00,119.49,0.9230,2,1,-1
418,11,1199.97,374.68,40.69,82.09,0.9290,2,2,-1
418,12,124.98,426.04,54.04,96.41,0.9265,2,1,-1
418,13,1296.18,650.95,50.98,140.62,0.9277,2,1,-1
418,14,450.03,430.50,43.12,101.50,0.9296,2,2,-1
418,19,974.73,303.23,29.38,71.52,0.9017,2,2,-1
418,36,623.23,563.55,82.94,114.46,0.9208,2,2,-1
418,38,635.42,300.39,37.46,59.08,0.8732,2,1,-1
418,41,107.87,609.34,60.96,137.49,0.9435,2,1,-1
418,47,664.12,318.25,44.80,68.70,0.8866,2,1,-1
418,51,891.33,671.70,72.27,147.45,0.9291,2,1,-1
418,52,777.26,345.84,49.23,81.42,0.9192,2,2,-1
418,53,1758.22,502.38,57.69,111.40,0.9368,2,2,-1
418,54,893.52,369.58,31.40,71.21,0.9143,2,1,-1
419,2,1093.98,512.86,54.39,121.59,0.9331,2,2,-1
419,3,1754.79,592.81,56.17,112.73,0.9304,2,2,-1
419,6,1636.33,435.70,44.39,96.74,0.9216,2,2,-1
419,7,910.38,402.72,42.23,97.13,0.9228,3,0,-1
419,10,1602.50,487.75,50.95,126.37,0.9265,2,1,-1
419,11,1196.62,374.87,39.11,81.23,0.9238,2,2,-1
419,12,120.77,428.20,54.25,94.98,0.9194,2,1,-1
419,13,1292.32,648.13,55.38,138.70,0.9258,2,1,-1
419,14,447.72,430.28,41.75,102.01,0.9425,2,2,-1
419,19,975.82,303.50,28.09,69.85,0.9065,2,2,-1
419,36,633.71,565.52,74.13,112.90,0.9130,2,2,-1
419,38,631.64,302.31,37.83,59.03,0.8731,2,1,-1
419,41,108.46,609.10,62.58,137.15,0.9410,2,1,-1
419,47,661.73,318.27,49.64,69.91,0.8817,2,1,-1
419,51,891.32,671.17,74.47,148.13,0.9355,2,1,-1
419,52,781.46,346.29,44.80,84.37,0.8919,2,2,-1
419,53,1755.92,503.24,58.78,108.64,0.9331,2,2,-1
419,54,887.34,367.56,31.05,72.31,0.9132,2,1,-1
420,2,1094.04,512.87,53.60,118.00,0.9344,2,2,-1
420,3,1755.40,590.59,57.26,115.54,0.9374,2,2,-1
420,6,1632.74,433.00,46.05,107.04,0.9230,2,2,-1
420,7,909.29,400.54,43.20,100.36,0.7792,3,0,-1
420,10,1598.45,486.56,50.96,123.77,0.9245,2,1,-1
420,11,1194.22,372.86,38.51,83.54,0.9282,2,2,-1
420,12,119.31,428.77,55.10,95.04,0.9250,2,1,-1
420,13,1288.34,647.28,63.76,136.49,0.9356,2,1,-1
420,14,443.03,428.73,44.06,105.30,0.9385,2,2,-1
420,19,973.99,303.16,30.96,70.14,0.9186,2,2,-1
420,36,651.79,566.66,67.97,111.89,0.7808,2,2,-1
420,38,625.95,296.36,44.24,66.33,0.8379,2,1,-1
420,41,99.17,609.17,69.57,138.50,0.9372,2,1,-1
420,47,664.57,318.74,48.20,70.99,0.8204,2,1,-1
420,51,898.97,671.82,64.30,150.47,0.9163,2,1,-1
420,52,785.79,346.60,40.96,83.69,0.8696,2,2,-1
420,53,1755.57,503.97,58.25,105.66,0.9258,2,2,-1
420,54,879.65,364.82,32.77,79.94,0.9202,2,1,-1
421,2,1094.39,514.23,51.80,116.67,0.9319,2,2,-1
421,3,1754.22,588.88,55.46,114.60,0.9355,2,2,-1
421,6,1630.92,431.09,44.80,102.92,0.9180,2,2,-1
421,7,907.31,399.71,43.95,98.43,0.9424,3,0,-1
421,10,1593.21,485.74,56.36,120.62,0.9313,2,1,-1
421,11,1190.77,370.55,38.50,85.84,0.9277,2,2,-1
421,12,120.64,429.69,51.25,94.98,0.9203,2,1,-1
421,13,1285.68,646.95,66.72,133.85,0.9424,2,1,-1
421,14,438.37,426.50,46.62,106.44,0.9397,2,2,-1
421,19,973.38,301.73,32.81,70.40,0.9145,2,2,-1
421,36,669.10,565.44,51.70,112.64,0.9164,2,2,-1
421,38,621.04,294.13,47.48,67.95,0.8427,2,1,-1
421,41,100.84,610.83,66.57,134.63,0.9362,2,1,-1
421,47,675.65,318.72,43.48,70.88,0.8874,2,1,-1
421,51,918.12,674.15,43.02,105.73,0.9253,2,1,-1
421,52,790.13,345.67,39.86,84.53,0.8966,2,2,-1
421,53,1757.79,503.87,55.03,101.74,0.9289,2,2,-1
421,54,873.10,362.81,32.51,83.63,0.9124,2,1,-1
422,2,1096.90,515.06,48.35,116.52,0.9333,2,2,-1
422,3,1750.16,584.92,57.20,118.71,0.9305,2,2,-1
422,6,1626.86,430.12,46.30,103.21,0.9162,2,2,-1
422,7,904.72,399.16,45.75,95.09,0.9438,3,0,-1
422,10,1591.64,485.79,56.49,118.21,0.9335,2,1,-1
422,11,1186.61,367.89,37.83,87.57,0.9279,2,2,-1
422,12,125.56,428.37,44.45,95.51,0.9231,2,1,-1
422,13,1284.88,648.44,66.93,132.87,0.9418,2,1,-1
422,14,432.51,425.04,51.13,106.31,0.9359,2,2,-1
422,19,974.14,303.24,32.61,70.12,0.9124,2,2,-1
422,36,673.18,600.50,47.69,76.87,0.9084,2,2,-1
422,38,617.60,296.94,45.50,63.26,0.8673,2,1,-1
422,45,118.72,612.85,45.91,95.55,0.8776,2,1,-1
422,47,681.18,318.60,40.12,70.90,0.9047,2,1,-1
422,51,922.03,672.61,43.94,113.39,0.9138,2,1,-1
422,52,789.47,343.62,40.02,86.66,0.9215,2,2,-1
422,53,1759.81,502.04,51.79,98.41,0.9258,2,2,-1
422,54,867.04,362.00,31.62,86.41,0.9184,2,1,-1
423,2,1099.37,515.27,44.35,116.34,0.9274,2,2,-1
423,3,1745.65,582.37,60.96,120.02,0.9441,2,2,-1
423,7,903.77,399.38,45.87,91.66,0.9427,3,0,-1
423,10,1592.02,487.32,56.81,115.95,0.9224,2,1,-1
423,11,1182.77,365.17,37.07,90.05,0.9263,2,2,-1
423,12,125.44,426.78,42.30,97.71,0.9294,2,1,-1
423,13,1286.93,649.94,66.43,131.77,0.9379,2,1,-1
423,14,428.99,424.66,52.28,103.59,0.9343,2,2,-1
423,19,972.16,304.39,34.17,70.62,0.9123,2,2,-1
423,36,666.81,561.00,68.16,117.10,0.9340,2,2,-1
423,38,628.97,304.30,32.41,51.89,0.8243,2,1,-1
423,41,114.73,613.19,52.17,120.05,0.8641,2,1,-1
423,47,680.76,315.93,42.11,74.24,0.9071,2,1,-1
423,51,923.53,669.84,49.54,139.94,0.9111,2,1,-1
423,52,789.53,342.47,39.81,87.91,0.9197,2,2,-1
423,53,1759.28,499.20,49.71,95.96,0.9255,2,2,-1
423,54,861.60,362.93,30.58,86.02,0.9036,2,1,-1
424,2,1101.49,514.46,41.29,116.54,0.9325,2,2,-1
424,3,1742.51,578.23,64.61,117.89,0.9403,2,2,-1
424,6,1621.19,431.36,48.65,105.92,0.9173,2,2,-1
424,7,903.92,400.26,44.41,92.19,0.8988,3,0,-1
424,11,1178.96,364.39,35.26,90.09,0.9232,2,2,-1
424,12,122.84,425.17,42.98,99.56,0.9278,2,1,-1
424,13,1294.09,649.20,59.04,133.54,0.9355,2,1,-1
424,14,429.26,425.00,50.15,101.32,0.9311,2,2,-1
424,19,973.57,307.48,33.74,67.90,0.9138,2,2,-1
424,36,668.33,559.82,71.82,114.15,0.9331,2,2,-1
424,38,623.86,301.60,35.31,56.61,0.6774,2,1,-1
424,41,123.57,612.29,41.03,108.48,0.8926,2,1,-1
424,47,680.27,315.18,45.00,71.50,0.9221,2,1,-1
424,51,915.11,666.19,60.37,154.48,0.9337,2,1,-1
424,52,788.93,341.00,38.74,81.29,0.9179,2,2,-1
424,53,1759.29,496.21,48.62,91.26,0.9231,2,2,-1
424,54,855.16,363.67,30.01,86.80,0.9137,2,1,-1
425,2,1097.71,511.69,44.33,119.06,0.9388,2,2,-1
425,3,1741.60,577.29,66.79,116.94,0.9439,2,2,-1
425,6,1620.43,431.71,47.64,104.07,0.9258,2,2,-1
425,7,906.04,401.66,41.63,91.43,0.9002,3,0,-1
425,10,1590.84,486.28,50.01,118.37,0.9165,2,1,-1
425,11,1175.03,363.26,34.50,89.67,0.9151,2,2,-1
425,12,118.22,423.34,46.21,100.83,0.9240,2,1,-1
425,13,1301.93,646.56,51.45,134.39,0.9300,2,1,-1
425,14,430.22,425.92,50.01,100.39,0.9321,2,2,-1
425,19,975.64,308.43,34.29,67.86,0.9047,2,2,-1
425,33,121.84,609.09,43.27,137.55,0.8719,2,1,-1
425,36,671.75,559.47,84.51,113.75,0.9389,2,2,-1
425,38,627.73,302.59,29.49,51.26,0.8536,2,1,-1
425,47,683.41,315.26,46.69,66.60,0.8828,2,1,-1
425,51,916.08,663.88,61.23,124.71,0.9271,2,1,-1
425,52,791.15,340.08,41.18,80.70,0.9147,2,2,-1
425,54,848.79,366.14,30.57,83.74,0.8982,2,1,-1
426,2,1095.12,509.11,48.19,120.66,0.9343,2,2,-1
426,3,1741.01,578.89,69.32,112.74,0.9437,2,2,-1
426,6,1620.77,431.20,46.15,102.93,0.9233,2,2,-1
426,7,909.02,401.80,38.20,91.21,0.9270,3,0,-1
426,10,1589.61,483.23,46.03,120.73,0.9284,2,1,-1
426,11,1172.09,363.12,34.30,86.80,0.9264,2,2,-1
426,12,115.12,423.14,51.18,100.43,0.9314,2,1,-1
426,13,1301.67,642.46,52.65,138.68,0.9361,2,1,-1
426,14,434.95,426.42,47.51,100.69,0.9191,2,2,-1
426,19,976.74,309.74,36.97,66.39,0.9169,2,2,-1
426,33,110.75,607.01,54.96,136.91,0.9420,2,1,-1
426,36,678.80,561.94,87.06,112.89,0.9250,2,2,-1
426,38,628.53,301.88,28.78,49.41,0.8107,2,1,-1
426,47,692.08,313.56,44.94,70.34,0.8706,2,1,-1
426,51,912.17,659.66,84.08,151.29,0.9378,2,1,-1
426,52,795.09,340.44,39.95,80.75,0.8960,2,2,-1
426,54,842.51,367.43,31.30,82.43,0.9025,2,1,-1
427,2,1090.51,508.16,56.79,121.85,0.9351,2,2,-1
427,3,1741.81,580.74,71.95,110.92,0.9449,2,2,-1
427,6,1622.48,429.63,44.45,97.97,0.9285,2,2,-1
427,7,910.80,400.73,35.16,92.13,0.9244,3,0,-1
427,10,1588.16,480.07,46.10,121.40,0.9265,2,1,-1
427,11,1169.04,363.59,34.14,85.32,0.9276,2,2,-1
427,12,114.38,424.04,50.57,99.12,0.9195,2,1,-1
427,13,1302.25,640.11,52.23,137.33,0.9284,2,1,-1
427,14,436.52,426.21,44.99,101.24,0.9277,2,2,-1
427,19,975.58,308.44,40.52,68.29,0.9272,2,2,-1
427,33,109.53,605.13,61.72,134.68,0.9317,2,1,-1
427,36,685.42,563.08,81.58,115.41,0.9238,2,2,-1
427,38,615.95,301.53,41.11,58.81,0.9129,2,1,-1
427,47,694.50,323.92,36.86,60.36,0.8383,2,1,-1
427,51,911.83,662.50,86.98,145.14,0.9344,2,1,-1
427,52,799.56,341.17,37.58,81.87,0.9168,2,2,-1
427,53,1747.93,492.94,59.27,109.05,0.9312,2,2,-1
427,54,836.20,369.35,32.10,81.89,0.8924,2,1,-1
428,2,1088.43,507.68,60.65,116.14,0.9365,2,2,-1
428,3,1744.63,579.62,70.27,112.56,0.9387,2,2,-1
428,6,1620.16,427.89,45.71,98.32,0.9245,2,2,-1
428,7,908.09,398.22,35.19,93.59,0.9301,3,0,-1
428,10,1586.64,478.67,47.71,121.00,0.8805,2,1,-1
428,11,1165.50,364.60,34.46,84.27,0.9248,2,2,-1
428,12,113.14,426.04,48.05,97.94,0.9094,2,1,-1
428,13,1301.58,637.52,53.18,135.57,0.9321,2,1,-1
428,14,434.31,425.57,45.76,102.68,0.9306,2,2,-1
428,19,970.82,307.57,44.96,68.68,0.9318,2,2,-1
428,33,103.04,605.69,71.71,135.86,0.9428,2,1,-1
428,36,698.98,564.51,73.35,112.82,0.9044,2,2,-1
428,38,612.38,305.06,44.77,55.60,0.9188,2,1,-1
428,47,703.69,315.02,31.42,66.16,0.8621,2,1,-1
428,51,913.76,663.68,82.33,140.63,0.9434,2,1,-1
428,52,802.13,342.24,34.32,80.78,0.9047,2,2,-1
428,53,1752.19,494.40,52.54,99.02,0.9231,2,2,-1
428,54,830.61,368.81,31.71,81.68,0.8919,2,1,-1
428,0,694.74,352.89,13.67,13.06,1.0,0,-1,-1
429,2,1087.32,508.69,60.64,113.80,0.9405,2,2,-1
429,3,1750.49,578.15,62.47,114.48,0.9244,2,2,-1
429,6,1617.26,426.78,45.95,101.27,0.9325,2,2,-1
429,7,903.84,396.35,38.36,97.78,0.9325,3,0,-1
429,10,1582.40,477.18,47.83,120.58,0.8738,2,1,-1
429,11,1159.39,365.16,37.76,84.40,0.9247,2,2,-1
429,12,127.38,428.73,33.42,76.29,0.8573,2,1,-1
429,13,1301.03,636.85,53.07,135.01,0.9346,2,1,-1
429,14,431.66,423.35,47.51,105.16,0.9298,2,2,-1
429,19,968.39,306.12,45.25,71.55,0.9351,2,2,-1
429,33,100.09,607.50,73.81,133.31,0.9390,2,1,-1
429,36,724.10,563.88,59.22,114.13,0.8963,2,2,-1
429,38,611.72,302.92,48.05,57.12,0.8966,2,1,-1
429,47,711.41,313.51,23.43,51.76,0.8628,2,1,-1
429,51,920.42,665.08,75.54,141.38,0.9336,2,1,-1
429,53,1752.55,495.38,48.26,91.56,0.9217,2,2,-1
429,54,824.54,369.46,31.80,81.15,0.8825,2,1,-1
429,0,694.94,352.85,10.03,11.69,1.0,0,-1,-1
430,2,1088.28,509.88,57.92,113.37,0.9320,2,2,-1
430,3,1752.29,574.61,56.60,115.47,0.9342,2,2,-1
430,6,1614.88,426.78,44.85,101.71,0.9240,2,2,-1
430,7,897.48,395.91,43.07,95.93,0.9355,3,0,-1
430,10,1578.67,477.59,51.14,116.74,0.9258,2,1,-1
430,11,1152.85,364.75,39.93,85.74,0.9245,2,2,-1
430,12,123.34,429.24,34.51,93.80,0.9082,2,1,-1
430,13,1300.75,637.49,51.07,131.47,0.9324,2,1,-1
430,14,428.29,421.82,48.27,105.59,0.9327,2,2,-1
430,19,969.01,305.66,39.42,72.54,0.9204,2,2,-1
430,33,97.66,610.03,70.51,130.66,0.9451,2,1,-1
430,36,729.60,561.99,54.93,116.17,0.9273,2,2,-1
430,38,611.21,303.75,49.15,58.06,0.8370,2,1,-1
430,47,704.65,312.45,32.94,71.22,0.8790,2,1,-1
430,51,929.65,664.77,65.61,142.83,0.9300,2,1,-1
430,53,1750.24,495.48,47.43,95.53,0.9088,2,2,-1
430,54,817.98,370.78,32.13,80.01,0.8778,2,1,-1
430,0,693.41,352.96,10.88,12.57,1.0,0,-1,-1
431,2,1093.05,510.45,53.86,113.48,0.9261,2,2,-1
431,3,1748.22,571.65,57.09,118.65,0.9370,2,2,-1
431,6,1611.80,426.74,43.95,102.15,0.9270,2,2,-1
431,7,892.75,396.09,48.80,91.84,0.9399,3,0,-1
431,10,1581.86,479.64,42.84,91.70,0.8356,2,1,-1
431,11,1147.24,363.19,40.88,87.55,0.9256,2,2,-1
431,12,121.99,428.51,34.38,91.71,0.8993,2,1,-1
431,13,1302.94,639.01,47.78,132.43,0.9279,2,1,-1
431,14,426.11,421.16,48.35,101.81,0.9366,2,2,-1
431,19,970.95,309.03,31.97,68.66,0.9169,2,2,-1
431,36,728.81,559.32,58.57,119.71,0.9382,2,2,-1
431,38,622.34,306.16,39.42,56.42,0.7991,2,1,-1
431,41,124.47,612.37,39.07,99.22,0.7715,2,1,-1
431,47,705.87,312.69,35.15,66.35,0.8923,2,1,-1
431,51,936.93,662.58,57.27,144.47,0.9289,2,1,-1
431,54,811.65,370.54,32.00,76.88,0.8739,2,1,-1
431,56,803.49,338.52,28.77,42.98,0.6317,2,-1,-1
431,0,611.88,341.07,13.03,12.21,1.0,0,-1,-1
432,2,1097.75,509.86,48.72,114.19,0.9316,2,2,-1
432,3,1743.84,571.43,58.13,119.32,0.9343,2,2,-1
432,6,1609.00,428.06,43.29,102.45,0.9267,2,2,-1
432,7,888.26,396.54,52.55,90.02,0.9300,3,0,-1
432,10,1575.17,481.09,46.21,107.10,0.9212,2,1,-1
432,11,1143.14,361.47,39.77,90.36,0.9275,2,2,-1
432,12,112.67,427.83,39.72,99.03,0.8640,2,1,-1
432,13,1302.60,641.10,44.29,128.82,0.9311,2,1,-1
432,14,423.71,421.06,48.14,99.43,0.9301,2,2,-1
432,19,973.50,310.89,26.63,66.58,0.9024,2,2,-1
432,33,104.65,612.25,66.83,129.79,0.9204,2,1,-1
432,36,726.00,558.55,64.81,116.39,0.9427,2,2,-1
432,38,621.22,302.57,37.43,61.02,0.8622,2,1,-1
432,47,705.62,312.95,39.36,66.89,0.8274,2,1,-1
432,51,937.79,658.93,55.82,148.76,0.9249,2,1,-1
432,52,796.59,337.43,38.11,79.78,0.8945,2,2,-1
432,0,688.05,353.80,21.73,18.07,1.0,0,-1,-1
433,2,1097.39,506.88,48.19,117.33,0.9334,2,2,-1
433,6,1606.43,429.01,41.31,101.29,0.9187,2,2,-1
433,7,884.71,397.60,52.77,90.20,0.9240,3,0,-1
433,10,1571.45,480.95,47.37,115.36,0.9058,2,1,-1
433,11,1138.23,360.61,38.55,88.43,0.9253,2,2,-1
433,12,104.18,426.38,46.30,100.68,0.9330,2,1,-1
433,13,1303.10,640.31,41.45,127.69,0.9229,2,1,-1
433,14,426.22,422.33,43.35,99.30,0.9254,2,2,-1
433,19,972.05,311.37,25.23,66.17,0.9083,2,2,-1
433,33,110.31,610.66,61.27,132.53,0.9274,2,1,-1
433,36,728.51,558.75,73.93,113.28,0.9386,2,2,-1
433,38,620.30,298.95,37.71,64.65,0.8906,2,1,-1
433,47,709.64,312.83,38.09,66.91,0.8062,2,1,-1
433,51,938.16,655.00,54.91,153.75,0.9286,2,1,-1
433,53,1735.45,488.61,53.32,117.40,0.9331,2,2,-1
433,54,795.67,372.56,30.83,75.41,0.8225,2,1,-1
433,0,686.07,353.41,12.91,14.32,1.0,0,-1,-1
434,2,1094.43,503.24,49.16,119.50,0.9272,2,2,-1
434,6,1602.67,428.88,40.29,100.78,0.9198,2,2,-1
434,7,884.77,398.58,50.23,88.63,0.9219,3,0,-1
434,10,1569.14,478.43,47.90,115.85,0.9061,2,1,-1
434,11,1132.65,359.41,38.17,86.91,0.9258,2,2,-1
434,12,99.03,425.18,50.59,100.69,0.9291,2,1,-1
434,13,1301.74,637.88,40.67,131.36,0.9342,2,1,-1
434,14,426.15,422.85,39.11,97.10,0.9180,2,2,-1
434,19,968.89,310.74,26.49,66.10,0.9006,2,2,-1
434,33,108.82,608.17,61.40,134.75,0.9252,2,1,-1
434,36,727.86,557.81,81.85,114.96,0.9270,2,2,-1
434,38,614.36,300.03,38.27,64.82,0.7567,2,1,-1
434,47,710.54,314.81,35.74,66.75,0.8139,2,1,-1
434,51,938.54,651.52,55.32,154.26,0.9347,2,1,-1
434,53,1729.75,486.67,54.83,116.01,0.9351,2,2,-1
434,54,790.48,365.64,31.06,81.85,0.8813,2,1,-1
434,0,95.09,509.57,15.70,17.72,1.0,0,-1,-1
435,2,1090.48,501.61,50.33,119.90,0.9332,2,2,-1
435,3,1739.30,568.52,53.55,111.16,0.9165,2,2,-1
435,6,1599.52,427.18,39.60,101.53,0.9282,2,2,-1
435,7,884.47,398.75,48.49,88.88,0.8590,3,0,-1
435,10,1564.36,475.17,45.79,112.95,0.9194,2,1,-1
435,11,1126.70,359.58,38.28,84.43,0.9200,2,2,-1
435,12,92.70,425.21,55.95,99.52,0.9307,2,1,-1
435,13,1296.02,633.80,43.79,132.28,0.9289,2,1,-1
435,14,424.91,422.76,36.36,97.47,0.9337,2,2,-1
435,19,964.62,309.70,29.13,67.39,0.9094,2,2,-1
435,33,104.78,606.59,62.57,133.68,0.9354,2,1,-1
435,36,732.95,560.09,80.13,113.96,0.9146,2,2,-1
435,38,610.10,299.91,40.71,62.58,0.8961,2,1,-1
435,47,713.47,313.44,33.06,68.51,0.8215,2,1,-1
435,51,938.10,649.57,56.74,147.45,0.9251,2,1,-1
435,52,801.85,337.13,36.74,79.25,0.7822,2,2,-1
435,53,1723.22,485.49,56.35,110.12,0.9368,2,2,-1
435,54,785.54,384.48,24.27,61.47,0.8574,2,1,-1
435,0,682.14,353.13,12.08,13.08,1.0,0,-1,-1
436,2,1087.83,500.42,51.13,116.23,0.9423,2,2,-1
436,3,1738.66,569.50,51.66,109.75,0.9273,2,2,-1
436,6,1596.41,425.74,37.47,92.01,0.9117,2,2,-1
436,7,887.33,397.83,42.92,90.26,0.9122,3,0,-1
436,10,1556.22,472.76,52.07,118.65,0.9322,2,1,-1
436,11,1120.26,360.47,39.14,83.50,0.9227,2,2,-1
436,12,91.37,427.66,54.74,97.46,0.9121,2,1,-1
436,13,1288.32,630.67,49.03,133.98,0.9350,2,1,-1
436,14,421.07,421.54,37.12,98.95,0.9295,2,2,-1
436,19,962.02,309.52,30.07,67.82,0.9065,2,2,-1
436,33,98.37,604.47,65.93,137.59,0.9377,2,1,-1
436,36,748.21,561.76,64.78,111.78,0.9152,2,2,-1
436,38,610.30,299.67,43.18,62.52,0.8902,2,1,-1
436,47,712.63,311.59,34.12,70.31,0.8799,2,1,-1
436,51,937.62,649.79,59.72,143.03,0.9317,2,1,-1
436,52,800.05,335.42,38.27,81.62,0.8461,2,2,-1
436,53,1720.31,486.10,55.28,103.40,0.9332,2,2,-1
436,54,777.61,361.32,29.48,84.37,0.8552,2,1,-1
436,0,679.61,354.36,11.83,12.29,1.0,0,-1,-1
437,2,1086.33,500.68,51.70,114.30,0.9427,2,2,-1
437,3,1738.33,569.59,51.39,109.28,0.9277,2,2,-1
437,6,1593.46,424.22,37.51,89.65,0.9039,2,2,-1
437,7,887.09,395.43,39.34,93.24,0.9276,3,0,-1
437,10,1549.90,471.30,54.63,119.26,0.9277,2,1,-1
437,11,1114.01,361.99,40.47,83.02,0.9207,2,2,-1
437,12,84.09,429.60,54.56,97.57,0.8978,2,1,-1
437,13,1282.48,629.15,55.44,132.65,0.9360,2,1,-1
437,14,414.50,419.96,42.32,100.63,0.9369,2,2,-1
437,19,962.20,310.39,30.42,67.86,0.9099,2,2,-1
437,33,96.53,604.83,67.55,132.20,0.9449,2,1,-1
437,36,762.02,563.00,55.71,112.04,0.8716,2,2,-1
437,38,611.48,302.62,41.38,59.38,0.7848,2,1,-1
437,47,714.61,312.85,31.42,61.41,0.8507,2,1,-1
437,51,937.59,650.62,57.07,140.62,0.9268,2,1,-1
437,52,797.34,335.17,38.31,82.34,0.8941,2,2,-1
437,53,1719.38,487.61,54.15,96.06,0.9199,2,2,-1
437,54,774.71,359.84,28.09,85.11,0.8840,2,1,-1
437,0,677.38,355.12,10.86,11.20,1.0,0,-1,-1
438,2,1086.29,502.60,49.52,113.21,0.9344,2,2,-1
438,3,1734.98,566.86,51.97,111.68,0.9335,2,2,-1
438,6,1588.00,422.62,41.20,101.96,0.9286,2,2,-1
438,7,883.28,394.06,39.29,94.46,0.9310,3,0,-1
438,10,1543.90,469.72,58.28,117.58,0.9334,2,1,-1
438,11,1107.58,363.22,41.15,81.89,0.9246,2,2,-1
438,12,84.03,430.95,51.75,97.08,0.8629,2,1,-1
438,13,1277.68,627.72,60.36,131.56,0.9432,2,1,-1
438,14,408.01,418.14,47.53,101.69,0.9288,2,2,-1
438,19,961.55,311.17,34.30,66.45,0.9215,2,2,-1
438,33,89.32,605.87,72.94,133.44,0.9438,2,1,-1
438,36,771.61,561.39,46.65,113.92,0.9177,2,2,-1
438,38,607.51,300.57,42.74,64.31,0.8033,2,1,-1
438,47,711.73,313.61,33.72,61.29,0.8661,2,1,-1
438,51,937.24,650.67,52.93,141.53,0.9213,2,1,-1
438,52,794.78,333.75,36.87,84.16,0.9067,2,2,-1
438,53,1716.87,487.94,54.22,92.97,0.9087,2,2,-1
438,54,767.82,360.39,28.43,85.87,0.8850,2,1,-1
438,0,674.08,354.33,12.75,13.13,1.0,0,-1,-1
439,2,1087.68,503.07,45.81,113.32,0.9202,2,2,-1
439,3,1729.07,564.19,53.90,112.32,0.9287,2,2,-1
439,6,1583.69,420.93,41.43,102.83,0.9156,2,2,-1
439,7,879.39,392.27,38.99,95.86,0.9317,3,0,-1
439,10,1540.69,470.29,55.94,112.62,0.9341,2,1,-1
439,11,1101.66,362.06,41.34,83.75,0.9190,2,2,-1
439,12,87.92,430.83,45.80,96.64,0.8990,2,1,-1
439,13,1274.56,628.74,61.24,127.19,0.9381,2,1,-1
439,14,401.61,417.33,51.55,96.72,0.9386,2,2,-1
439,19,957.44,311.26,39.93,66.17,0.9282,2,2,-1
439,33,90.18,607.29,68.87,131.16,0.9201,2,1,-1
439,36,774.23,593.73,42.68,79.43,0.8684,2,2,-1
439,38,613.78,301.16,34.29,55.22,0.6834,2,1,-1
439,47,718.37,312.11,32.01,57.60,0.8254,2,1,-1
439,51,938.94,650.08,43.81,106.01,0.9281,2,1,-1
439,52,792.83,331.58,36.55,79.28,0.9051,2,2,-1
439,54,760.27,362.53,29.80,84.00,0.9078,2,1,-1
439,0,671.49,354.46,12.68,13.12,1.0,0,-1,-1
440,2,1088.50,503.43,41.55,112.54,0.9251,2,2,-1
440,3,1722.06,561.18,58.32,115.35,0.9437,2,2,-1
440,6,1579.82,420.91,41.47,103.38,0.9118,2,2,-1
440,7,875.43,391.51,40.50,95.87,0.9176,3,0,-1
440,10,1539.60,471.90,57.69,109.40,0.9113,2,1,-1
440,11,1097.17,361.09,40.36,84.84,0.9233,2,2,-1
440,12,91.15,429.42,37.26,88.60,0.9148,2,1,-1
440,13,1271.16,629.73,62.53,127.36,0.9350,2,1,-1
440,14,397.70,416.86,54.34,96.05,0.9290,2,2,-1
440,19,951.36,310.35,45.42,65.93,0.9227,2,2,-1
440,33,99.51,609.56,59.32,128.22,0.8883,2,1,-1
440,36,765.60,557.01,63.88,117.19,0.9354,2,2,-1
440,38,616.84,297.74,30.03,68.27,0.8823,2,1,-1
440,51,937.25,648.51,45.63,105.55,0.9231,2,1,-1
440,52,791.55,330.63,37.39,77.92,0.9184,2,2,-1
440,54,752.12,364.11,30.90,82.64,0.9145,2,1,-1
440,56,710.26,311.78,36.83,63.89,0.8613,2,-1,-1
440,0,669.79,355.82,10.94,11.98,1.0,0,-1,-1
441,2,1089.04,502.91,40.27,113.27,0.9227,2,2,-1
441,3,1716.65,559.31,61.47,113.38,0.9343,2,2,-1
441,6,1575.55,422.52,41.91,100.94,0.9304,2,2,-1
441,7,871.57,392.34,41.57,91.93,0.9005,3,0,-1
441,10,1538.94,472.77,54.33,107.41,0.9071,2,1,-1
441,11,1092.94,359.40,39.74,84.76,0.9179,2,2,-1
441,12,87.21,427.80,38.31,100.32,0.9276,2,1,-1
441,13,1272.02,630.81,60.92,126.45,0.9289,2,1,-1
441,14,394.26,417.17,54.45,96.66,0.9181,2,2,-1
441,19,946.60,310.26,46.94,66.69,0.9280,2,2,-1
441,36,765.73,556.50,68.85,113.65,0.9338,2,2,-1
441,38,612.76,297.57,31.34,67.76,0.9018,2,1,-1
441,41,108.20,611.39,44.44,105.10,0.8455,2,1,-1
441,51,933.79,644.77,52.00,145.92,0.9211,2,1,-1
441,52,791.86,331.16,38.43,76.91,0.9117,2,2,-1
441,54,744.83,364.81,31.89,82.27,0.9190,2,1,-1
441,56,717.16,327.77,26.53,49.12,0.8092,2,-1,-1
441,0,666.98,354.76,12.03,12.76,1.0,0,-1,-1
442,2,1087.20,500.57,40.75,114.17,0.9343,2,2,-1
442,3,1712.87,558.18,64.18,109.76,0.9383,2,2,-1
442,6,1570.92,422.64,43.83,100.62,0.9201,2,2,-1
442,7,869.51,392.61,41.40,90.50,0.8040,3,0,-1
442,10,1536.87,471.93,49.88,111.00,0.9235,2,1,-1
442,11,1091.44,357.24,36.45,85.14,0.9121,2,2,-1
442,12,80.10,426.81,41.56,102.51,0.9297,2,1,-1
442,13,1277.80,629.85,53.97,127.65,0.9319,2,1,-1
442,14,400.99,418.09,49.95,95.15,0.8730,2,2,-1
442,19,947.29,309.46,42.57,66.96,0.9255,2,2,-1
442,36,767.14,556.67,81.12,111.89,0.9447,2,2,-1
442,38,610.76,297.94,34.79,64.90,0.9065,2,1,-1
442,41,111.44,610.33,40.17,101.99,0.8941,2,1,-1
442,47,724.95,311.66,22.16,47.66,0.8695,2,1,-1
442,51,934.83,641.68,49.50,143.08,0.9232,2,1,-1
442,52,791.26,331.64,39.13,77.94,0.9120,2,2,-1
442,54,738.27,364.19,34.15,81.71,0.9229,2,1,-1
442,0,664.33,354.95,12.46,12.48,1.0,0,-1,-1
443,2,1081.93,497.01,44.53,116.11,0.9284,2,2,-1
443,3,1710.22,558.25,66.19,108.01,0.9428,2,2,-1
443,7,866.31,394.08,40.86,87.71,0.8986,3,0,-1
443,10,1537.47,468.91,48.87,112.68,0.9207,2,1,-1
443,11,1087.94,355.23,34.74,87.56,0.9244,2,2,-1
443,12,76.09,426.62,48.40,101.73,0.9311,2,1,-1
443,13,1280.48,625.66,49.20,129.67,0.9256,2,1,-1
443,14,402.87,417.99,47.56,95.57,0.9084,2,2,-1
443,19,950.96,308.10,37.49,68.77,0.9231,2,2,-1
443,36,769.81,557.10,87.23,113.75,0.9277,2,2,-1
443,38,609.58,296.30,39.75,66.60,0.9190,2,1,-1
443,41,103.59,607.44,45.45,105.51,0.8789,2,1,-1
443,47,720.17,302.75,29.71,66.84,0.8127,2,1,-1
443,51,933.09,637.55,54.00,146.15,0.9328,2,1,-1
443,52,790.92,331.96,38.05,77.27,0.9058,2,2,-1
443,54,732.67,364.40,35.03,79.71,0.9208,2,1,-1
444,2,1077.35,495.35,52.19,118.01,0.9277,2,2,-1
444,3,1709.23,559.43,66.73,106.98,0.9406,2,2,-1
444,6,1564.11,421.28,47.48,101.13,0.9226,2,2,-1
444,7,865.22,394.63,40.53,87.65,0.6914,3,0,-1
444,10,1531.47,465.31,45.42,116.43,0.9131,2,1,-1
444,11,1082.51,354.94,34.94,87.02,0.9191,2,2,-1
444,12,69.71,427.99,57.12,101.19,0.9309,2,1,-1
444,13,1278.63,622.11,49.17,132.12,0.9298,2,1,-1
444,14,406.22,417.35,43.09,96.15,0.9219,2,2,-1
444,19,955.82,309.45,31.75,67.60,0.9150,2,2,-1
444,33,93.48,605.39,57.54,134.82,0.9317,2,1,-1
444,36,773.99,559.59,79.62,111.38,0.9146,2,2,-1
444,38,609.83,297.88,37.24,66.36,0.8923,2,1,-1
444,47,715.53,306.49,33.94,65.46,0.8939,2,1,-1
444,51,929.79,635.40,58.33,145.73,0.9425,2,1,-1
444,52,789.27,331.01,37.71,78.85,0.8960,2,2,-1
444,53,1699.02,477.12,53.81,108.83,0.9275,2,2,-1
444,54,728.58,364.67,34.78,79.09,0.9208,2,1,-1
444,0,660.03,354.88,12.60,12.63,1.0,0,-1,-1
445,2,1073.48,495.82,58.89,112.30,0.9373,2,2,-1
445,3,1709.74,560.25,65.17,107.35,0.9363,2,2,-1
445,6,1562.28,420.11,45.78,97.47,0.9187,2,2,-1
445,7,865.04,394.96,37.27,89.29,0.9126,3,0,-1
445,10,1529.51,464.69,44.60,116.00,0.9145,2,1,-1
445,11,1077.07,355.49,35.74,86.53,0.9230,2,2,-1
445,12,71.35,430.77,54.81,98.23,0.9029,2,1,-1
445,13,1276.86,619.98,50.64,131.51,0.9265,2,1,-1
445,14,402.15,415.82,45.61,98.93,0.9351,2,2,-1
445,19,956.36,310.42,29.79,66.29,0.9153,2,2,-1
445,33,88.83,605.39,62.18,135.34,0.9366,2,1,-1
445,36,788.76,560.97,71.46,111.39,0.8872,2,2,-1
445,38,613.55,299.74,31.52,65.97,0.8700,2,1,-1
445,47,717.19,308.73,33.70,57.41,0.8758,2,1,-1
445,51,924.90,635.65,60.31,139.63,0.9382,2,1,-1
445,52,788.96,330.09,35.22,80.98,0.8898,2,2,-1
445,53,1697.90,478.92,51.76,103.47,0.9270,2,2,-1
445,54,726.30,364.16,32.89,81.28,0.9104,2,1,-1
445,0,657.96,355.26,12.29,12.20,1.0,0,-1,-1
446,2,1068.88,496.76,59.94,111.27,0.9348,2,2,-1
446,3,1712.30,559.35,57.87,108.88,0.9359,2,2,-1
446,6,1558.93,419.04,44.51,100.23,0.9242,2,2,-1
446,7,864.42,393.07,34.03,92.02,0.9222,3,0,-1
446,10,1524.04,470.26,41.62,109.63,0.8559,2,1,-1
446,11,1071.03,357.25,37.50,84.78,0.9199,2,2,-1
446,12,73.82,433.64,38.14,70.61,0.7921,2,1,-1
446,13,1275.55,619.28,49.98,130.24,0.9330,2,1,-1
446,14,398.29,414.68,48.74,100.95,0.9309,2,2,-1
446,19,954.89,310.95,29.39,65.18,0.9202,2,2,-1
446,33,86.43,605.42,66.13,133.69,0.9278,2,1,-1
446,36,809.21,559.20,57.49,113.28,0.9043,2,2,-1
446,38,618.09,307.54,25.95,59.92,0.8618,2,1,-1
446,47,723.45,308.66,31.96,56.29,0.7156,2,1,-1
446,51,921.83,637.45,56.38,135.34,0.9349,2,1,-1
446,52,788.10,329.34,33.51,78.73,0.7928,2,2,-1
446,53,1696.41,480.76,49.36,103.05,0.9253,2,2,-1
446,54,723.16,363.50,30.19,81.95,0.9108,2,1,-1
446,0,655.36,355.13,12.39,12.73,1.0,0,-1,-1
447,2,1066.13,497.71,55.70,110.63,0.9347,2,2,-1
447,3,1714.55,557.40,51.83,108.94,0.9331,2,2,-1
447,6,1553.76,418.26,43.91,100.27,0.9216,2,2,-1
447,7,858.38,391.70,34.48,92.82,0.9273,3,0,-1
447,10,1521.10,463.66,45.23,113.56,0.9188,2,1,-1
447,11,1060.70,358.93,41.06,83.22,0.9165,2,2,-1
447,12,72.19,434.94,33.82,71.33,0.8942,2,1,-1
447,13,1270.36,618.93,52.09,129.61,0.9308,2,1,-1
447,14,392.54,413.08,51.21,99.75,0.9329,2,2,-1
447,19,951.60,311.01,30.14,64.61,0.9124,2,2,-1
447,33,83.11,606.04,71.73,131.12,0.9298,2,1,-1
447,36,809.57,558.00,55.06,113.87,0.9310,2,2,-1
447,38,612.85,300.43,29.28,66.50,0.8957,2,1,-1
447,47,723.87,308.41,30.10,56.15,0.6812,2,1,-1
447,51,919.83,638.11,51.28,130.85,0.9388,2,1,-1
447,52,783.93,327.63,33.73,83.05,0.8969,2,2,-1
447,53,1692.75,481.21,47.42,103.27,0.9229,2,2,-1
447,54,716.22,362.76,29.94,83.21,0.8911,2,1,-1
447,0,650.72,355.35,11.90,12.95,1.0,0,-1,-1
448,2,1067.02,497.62,52.37,110.74,0.9299,2,2,-1
448,3,1710.96,553.45,51.64,112.57,0.9390,2,2,-1
448,6,1550.22,417.22,42.49,100.37,0.9279,2,2,-1
448,7,849.63,389.75,37.42,95.43,0.9302,3,0,-1
448,10,1519.61,464.20,44.03,111.95,0.8911,2,1,-1
448,11,1051.77,358.75,42.93,83.03,0.9184,2,2,-1
448,12,62.18,434.80,34.88,79.39,0.8554,2,1,-1
448,13,1269.07,619.58,49.61,126.04,0.9059,2,1,-1
448,14,386.05,411.42,53.12,94.97,0.9347,2,2,-1
448,19,948.53,310.70,30.35,63.58,0.9086,2,2,-1
448,33,66.38,608.12,75.44,131.00,0.9341,2,1,-1
448,36,806.27,556.12,59.28,117.76,0.9326,2,2,-1
448,38,605.42,298.50,32.51,68.09,0.9039,2,1,-1
448,47,715.83,310.69,31.86,61.56,0.7468,2,1,-1
448,51,914.75,637.15,49.68,136.98,0.9335,2,1,-1
448,52,776.86,325.40,38.18,80.08,0.9258,2,2,-1
448,53,1688.84,480.01,46.70,105.20,0.9189,2,2,-1
448,54,708.43,359.94,29.50,82.36,0.9050,2,1,-1
448,0,645.83,356.14,10.61,11.97,1.0,0,-1,-1
449,2,1068.24,496.65,47.67,112.02,0.9356,2,2,-1
449,3,1706.22,551.37,53.27,114.37,0.9307,2,2,-1
449,6,1545.82,417.31,41.24,100.08,0.9221,2,2,-1
449,7,839.76,388.63,40.97,94.61,0.9370,3,0,-1
449,10,1518.62,465.17,38.47,87.35,0.8887,2,1,-1
449,11,1044.08,357.89,42.57,83.33,0.9181,2,2,-1
449,12,53.78,432.53,33.50,91.07,0.9009,2,1,-1
449,13,1267.50,621.08,45.93,123.62,0.9273,2,1,-1
449,14,382.60,410.83,52.12,93.37,0.9257,2,2,-1
449,19,944.22,309.90,31.24,64.26,0.9095,2,2,-1
449,33,63.59,611.20,72.52,135.54,0.9446,2,1,-1
449,36,801.00,554.13,64.51,115.57,0.9442,2,2,-1
449,38,600.92,301.80,34.48,62.99,0.8874,2,1,-1
449,47,718.05,307.13,25.75,51.24,0.7602,2,1,-1
449,51,908.40,634.13,49.89,138.87,0.9225,2,1,-1
449,52,771.01,323.95,42.25,77.65,0.9237,2,2,-1
449,53,1684.40,477.25,45.70,108.03,0.9323,2,2,-1
449,54,699.81,358.53,28.77,81.45,0.9119,2,1,-1
449,0,639.06,356.71,11.88,11.97,1.0,0,-1,-1
450,2,1065.51,493.70,46.56,114.86,0.9242,2,2,-1
450,3,1700.54,551.29,54.88,113.45,0.9337,2,2,-1
450,6,1540.49,418.52,41.22,99.17,0.9303,2,2,-1
450,7,831.45,388.34,44.80,91.73,0.9327,3,0,-1
450,10,1511.38,464.94,41.87,106.05,0.8809,2,1,-1
450,11,1035.59,355.85,41.75,85.18,0.9237,2,2,-1
450,12,41.03,431.67,36.39,100.11,0.5709,2,1,-1
450,13,1264.96,621.97,43.11,123.86,0.9371,2,1,-1
450,14,383.80,411.51,46.58,94.16,0.9018,2,2,-1
450,19,941.04,308.25,31.58,66.28,0.9131,2,2,-1
450,36,796.76,554.19,74.98,114.22,0.9475,2,2,-1
450,38,594.32,299.20,33.50,64.42,0.8927,2,1,-1
450,41,83.51,612.65,46.92,94.77,0.8775,2,1,-1
450,47,715.02,303.49,27.89,60.52,0.8479,2,1,-1
450,51,901.18,630.41,50.31,144.10,0.9282,2,1,-1
450,52,764.56,324.18,43.03,77.36,0.9263,2,2,-1
450,53,1679.75,474.26,45.48,111.95,0.9199,2,2,-1
450,54,690.28,358.02,29.09,79.69,0.9105,2,1,-1
450,0,628.45,355.51,15.42,12.88,1.0,0,-1,-1
451,2,1060.14,490.86,46.30,116.87,0.9260,2,2,-1
451,3,1695.98,550.50,54.77,110.57,0.9288,2,2,-1
451,6,1535.55,419.25,39.65,98.19,0.9159,2,2,-1
451,7,821.82,388.50,49.36,89.98,0.9400,3,0,-1
451,10,1506.05,463.19,40.37,112.42,0.8925,2,1,-1
451,11,1026.76,354.15,40.53,86.40,0.9228,2,2,-1
451,13,1262.32,620.68,40.96,125.75,0.9287,2,1,-1
451,14,379.17,412.81,43.26,94.84,0.9071,2,2,-1
451,19,935.02,308.06,32.98,65.98,0.9211,2,2,-1
451,33,64.24,611.74,61.73,130.23,0.9248,2,1,-1
451,36,794.02,555.46,80.45,114.36,0.9381,2,2,-1
451,38,594.85,304.88,27.13,56.24,0.8335,2,1,-1
451,47,708.29,301.95,32.34,62.89,0.8690,2,1,-1
451,51,894.63,625.90,49.10,145.87,0.9208,2,1,-1
451,52,759.84,324.54,43.49,78.73,0.9041,2,2,-1
451,53,1672.98,472.18,46.02,112.96,0.9334,2,2,-1
451,54,679.42,357.33,30.61,81.24,0.8993,2,1,-1
451,0,623.30,354.56,13.11,13.01,1.0,0,-1,-1
452,2,1054.65,489.21,46.03,117.26,0.9201,2,2,-1
452,3,1691.05,551.22,53.79,106.88,0.9280,2,2,-1
452,6,1529.73,419.08,38.78,97.13,0.9166,2,2,-1
452,7,814.30,390.37,49.88,89.07,0.9324,3,0,-1
452,11,1017.90,352.75,40.29,87.41,0.9191,2,2,-1
452,13,1255.98,618.96,41.37,127.06,0.9308,2,1,-1
452,14,376.93,412.65,39.35,95.37,0.9213,2,2,-1
452,19,925.75,305.49,41.82,69.21,0.9290,2,2,-1
452,33,62.38,610.64,57.55,130.60,0.8530,2,1,-1
452,36,793.77,557.36,77.05,114.94,0.9227,2,2,-1
452,47,704.49,301.68,32.36,61.54,0.8584,2,1,-1
452,51,887.58,624.18,48.63,144.58,0.9184,2,1,-1
452,52,752.83,325.20,45.10,77.94,0.8983,2,2,-1
452,53,1664.50,470.80,47.63,111.83,0.9342,2,2,-1
452,54,668.06,358.84,31.58,81.27,0.9173,2,1,-1
452,56,593.13,301.26,23.35,64.75,0.8747,2,-1,-1
452,0,614.99,354.57,13.29,13.26,1.0,0,-1,-1
453,2,1048.22,487.42,46.13,116.86,0.9335,2,2,-1
453,3,1687.58,552.94,51.33,106.05,0.9231,2,2,-1
453,7,808.44,391.91,47.77,87.80,0.9333,3,0,-1
453,10,1493.85,458.22,45.70,115.61,0.9222,2,1,-1
453,11,1009.42,352.19,39.76,86.38,0.9192,2,2,-1
453,13,1246.51,617.28,45.72,127.72,0.9274,2,1,-1
453,14,370.18,411.92,38.48,95.95,0.9218,2,2,-1
453,19,917.38,305.67,49.73,66.69,0.9319,2,2,-1
453,33,54.89,607.57,56.70,133.99,0.8509,2,1,-1
453,36,799.32,559.85,69.43,113.24,0.8955,2,2,-1
453,47,701.33,299.21,33.61,64.73,0.8194,2,1,-1
453,51,879.61,622.97,48.11,143.25,0.9236,2,1,-1
453,52,744.95,324.66,47.17,79.13,0.9156,2,2,-1
453,53,1656.87,470.96,49.95,107.61,0.9368,2,2,-1
453,54,657.32,358.90,31.57,81.82,0.9184,2,1,-1
453,56,585.87,300.84,25.04,65.50,0.8725,2,1,-1
453,0,608.09,354.30,11.54,13.16,1.0,0,-1,-1
454,2,1042.45,488.21,46.46,113.12,0.9317,2,2,-1
454,3,1683.84,552.84,48.35,106.59,0.9309,2,2,-1
454,7,803.78,392.16,47.13,88.20,0.9321,3,0,-1
454,10,1483.98,456.33,49.20,116.24,0.9240,2,1,-1
454,11,1000.84,352.17,40.13,86.38,0.9297,2,2,-1
454,13,1237.67,614.64,49.18,129.57,0.9315,2,1,-1
454,14,358.49,409.78,43.16,97.68,0.9232,2,2,-1
454,19,912.72,305.06,51.08,66.85,0.9302,2,2,-1
454,33,42.40,606.48,57.23,134.72,0.9346,2,1,-1
454,36,806.56,559.62,62.19,114.38,0.8563,2,2,-1
454,38,572.81,301.31,36.77,65.53,0.9133,2,1,-1
454,47,699.69,300.06,27.38,52.93,0.7442,2,1,-1
454,51,871.45,622.60,47.87,137.79,0.9305,2,1,-1
454,52,736.77,322.82,47.61,81.09,0.9171,2,2,-1
454,53,1651.54,471.40,50.24,103.87,0.9298,2,2,-1
454,54,646.48,357.86,31.64,82.94,0.9184,2,1,-1
454,0,598.17,354.06,15.04,15.09,1.0,0,-1,-1
455,2,1036.90,489.15,46.23,112.59,0.9334,2,2,-1
455,3,1681.44,551.66,46.75,109.15,0.9330,2,2,-1
455,6,1513.39,414.07,38.70,97.63,0.8961,2,2,-1
455,7,800.42,391.89,43.39,89.39,0.9329,3,0,-1
455,10,1477.09,456.49,51.96,115.26,0.9252,2,1,-1
455,11,991.01,353.58,41.17,85.03,0.9222,2,2,-1
455,13,1229.75,613.58,55.19,130.32,0.9349,2,1,-1
455,14,345.97,407.98,50.95,101.55,0.9347,2,2,-1
455,19,909.67,305.52,44.84,67.66,0.9320,2,2,-1
455,33,32.25,606.66,61.60,136.15,0.9333,2,1,-1
455,36,818.19,558.36,48.02,117.49,0.9320,2,2,-1
455,38,566.45,302.28,36.85,62.68,0.8888,2,1,-1
455,47,694.49,300.05,28.21,54.25,0.8615,2,1,-1
455,51,862.34,624.20,48.67,136.03,0.9234,2,1,-1
455,52,731.53,321.77,43.74,82.99,0.9173,2,2,-1
455,53,1649.23,472.97,49.76,106.11,0.9221,2,2,-1
455,54,636.30,356.51,31.12,84.07,0.9185,2,1,-1
455,0,593.62,355.69,14.94,13.28,1.0,0,-1,-1
456,2,1031.61,491.54,45.81,112.93,0.9241,2,2,-1
456,3,1678.14,550.06,46.18,109.99,0.9256,2,2,-1
456,7,794.66,391.05,40.00,91.84,0.9288,3,0,-1
456,10,1472.56,457.02,52.34,112.98,0.9181,2,1,-1
456,11,981.34,354.90,43.35,84.61,0.9168,2,2,-1
456,13,1222.43,614.18,60.58,128.50,0.9365,2,1,-1
456,14,334.02,407.64,58.22,101.07,0.9363,2,2,-1
456,19,908.22,306.09,39.01,67.86,0.9147,2,2,-1
456,33,25.15,609.13,61.17,134.88,0.9315,2,1,-1
456,36,813.05,559.18,53.63,117.64,0.9243,2,2,-1
456,38,561.75,300.53,35.49,60.90,0.8478,2,1,-1
456,47,690.83,299.54,30.13,64.68,0.8777,2,1,-1
456,51,854.68,626.24,46.52,121.69,0.9123,2,1,-1
456,52,726.56,319.89,38.37,84.80,0.9156,2,2,-1
456,53,1646.73,474.02,48.10,106.40,0.9257,2,2,-1
456,54,625.60,355.39,31.19,84.06,0.9240,2,1,-1
456,0,590.85,356.60,14.65,13.44,1.0,0,-1,-1
457,2,1026.85,491.92,45.09,113.29,0.9260,2,2,-1
457,3,1672.24,547.61,46.80,113.56,0.9332,2,2,-1
457,6,1502.31,412.63,41.28,100.98,0.9162,2,2,-1
457,7,788.17,389.36,38.98,94.31,0.9292,3,0,-1
457,10,1467.44,460.17,51.11,109.99,0.9219,2,1,-1
457,11,971.00,356.03,46.82,84.09,0.9172,2,2,-1
457,13,1215.41,616.95,63.42,126.39,0.9434,2,1,-1
457,14,326.42,407.40,65.18,98.11,0.9340,2,2,-1
457,19,905.63,304.57,34.88,69.77,0.9155,2,2,-1
457,33,18.32,612.41,55.56,129.76,0.8883,2,1,-1
457,36,807.61,557.77,59.48,119.34,0.9331,2,2,-1
457,38,557.01,298.64,34.16,59.89,0.8510,2,1,-1
457,47,692.68,297.95,25.04,56.21,0.8162,2,1,-1
457,52,721.85,318.09,34.51,80.43,0.9089,2,2,-1
457,53,1642.82,473.44,47.39,108.91,0.9226,2,2,-1
457,54,615.97,355.00,31.00,84.17,0.9177,2,1,-1
457,0,586.87,357.22,16.18,14.10,1.0,0,-1,-1
458,2,1022.14,492.29,43.50,113.20,0.9382,2,2,-1
458,3,1664.92,545.64,48.35,113.48,0.9338,2,2,-1
458,7,780.14,388.00,38.63,96.08,0.9315,3,0,-1
458,10,1464.47,460.37,48.82,110.26,0.9174,2,1,-1
458,11,960.85,356.21,48.93,84.19,0.9248,2,2,-1
458,13,1209.77,619.16,64.94,127.16,0.9355,2,1,-1
458,14,319.03,408.04,66.19,99.91,0.9083,2,2,-1
458,19,903.40,304.37,30.86,68.73,0.9056,2,2,-1
458,36,802.03,557.68,64.75,111.31,0.9332,2,2,-1
458,38,553.38,300.32,30.10,60.03,0.8486,2,1,-1
458,41,13.02,615.64,48.66,99.75,0.9037,2,1,-1
458,47,676.66,297.87,34.88,64.62,0.8917,2,1,-1
458,52,716.11,319.12,33.87,78.20,0.9110,2,2,-1
458,53,1638.27,471.00,45.63,111.05,0.9278,2,2,-1
458,54,605.02,354.84,31.37,83.53,0.9189,2,1,-1
458,0,587.29,358.47,11.72,13.09,1.0,0,-1,-1
459,2,1017.40,491.20,42.39,113.72,0.9288,2,2,-1
459,3,1657.22,545.90,52.17,112.81,0.9323,2,2,-1
459,6,1489.50,415.12,42.80,99.48,0.9182,2,2,-1
459,7,771.55,387.99,40.35,96.42,0.9407,3,0,-1
459,11,950.66,355.15,50.27,86.06,0.9280,2,2,-1
459,13,1208.27,620.50,63.44,127.42,0.9285,2,1,-1
459,14,312.52,409.60,61.47,99.28,0.8968,2,2,-1
459,19,899.57,304.70,29.22,69.43,0.9043,2,2,-1
459,38,550.56,300.65,29.54,66.53,0.8572,2,1,-1
459,41,7.20,618.66,46.39,99.16,0.9071,2,1,-1
459,47,669.14,299.73,37.14,57.98,0.8640,2,1,-1
459,51,827.63,622.81,54.97,143.74,0.9242,2,1,-1
459,52,710.14,320.11,32.44,79.82,0.8939,2,2,-1
459,53,1633.31,469.05,45.00,115.38,0.9217,2,2,-1
459,54,594.29,355.83,31.07,82.52,0.9130,2,1,-1
459,0,582.67,359.16,10.79,11.52,1.0,0,-1,-1
460,2,1011.67,489.05,42.57,118.29,0.9345,2,2,-1
460,3,1652.60,546.99,52.92,110.92,0.9346,2,2,-1
460,6,1482.43,415.47,44.89,100.13,0.9124,2,2,-1
460,7,762.07,388.46,42.89,96.26,0.9464,3,0,-1
460,11,942.93,353.52,48.82,87.22,0.9256,2,2,-1
460,13,1210.36,619.95,56.58,128.76,0.9283,2,1,-1
460,14,311.48,411.29,57.26,98.19,0.9199,2,2,-1
460,19,895.64,304.08,28.39,69.89,0.8977,2,2,-1
460,38,546.26,300.32,29.45,70.50,0.8492,2,1,-1
460,41,1.21,620.19,44.54,101.99,0.8770,2,1,-1
460,47,676.59,300.09,31.82,52.27,0.8271,2,1,-1
460,51,816.43,620.67,58.34,147.04,0.8866,2,1,-1
460,52,702.27,321.48,32.33,78.61,0.9013,2,2,-1
460,53,1628.08,467.56,44.42,116.28,0.9218,2,2,-1
460,54,584.57,357.91,31.57,82.22,0.9098,2,1,-1
460,0,577.25,358.03,12.00,11.74,1.0,0,-1,-1
461,2,1005.60,487.66,44.52,118.87,0.9304,2,2,-1
461,3,1648.92,548.62,54.25,109.65,0.9371,2,2,-1
461,6,1477.50,415.53,47.93,100.67,0.9155,2,2,-1
461,7,754.24,389.42,43.13,93.91,0.9382,3,0,-1
461,11,931.64,351.67,49.88,88.96,0.9216,2,2,-1
461,13,1214.13,618.81,49.93,130.11,0.9337,2,1,-1
461,14,313.12,410.74,50.50,100.25,0.9025,2,2,-1
461,19,890.64,303.09,28.01,70.21,0.8995,2,2,-1
461,38,538.44,301.92,32.67,67.55,0.9063,2,1,-1
461,41,-0.87,619.63,37.33,89.97,0.8813,2,1,-1
461,47,677.89,299.69,24.82,45.74,0.8344,2,1,-1
461,51,831.43,564.17,42.04,116.74,0.9085,2,1,-1
461,52,693.65,321.49,34.36,79.65,0.8951,2,2,-1
461,53,1622.99,467.53,44.72,113.73,0.9316,2,2,-1
461,54,574.66,358.98,32.37,82.10,0.9164,2,1,-1
461,0,570.95,357.99,13.07,14.36,1.0,0,-1,-1
462,2,998.04,486.83,49.94,118.73,0.9350,2,2,-1
462,3,1645.98,550.42,56.01,108.29,0.9311,2,2,-1
462,6,1473.68,414.82,48.03,101.04,0.9183,2,2,-1
462,7,748.02,391.44,41.88,91.94,0.9170,3,0,-1
462,11,922.22,350.82,50.81,91.91,0.9261,2,2,-1
462,13,1208.36,617.12,50.46,132.82,0.9334,2,1,-1
462,14,310.40,409.40,47.63,101.88,0.9190,2,2,-1
462,19,885.73,304.33,27.77,69.23,0.9039,2,2,-1
462,33,-1.79,618.01,33.55,119.11,0.8887,2,1,-1
462,38,529.97,299.19,40.72,71.44,0.9236,2,1,-1
462,47,673.86,296.96,26.31,51.41,0.8029,2,1,-1
462,51,803.63,618.34,49.37,137.82,0.9096,2,1,-1
462,52,686.45,320.43,36.35,80.72,0.8968,2,2,-1
462,53,1617.24,468.20,45.83,109.08,0.9166,2,2,-1
462,54,564.79,359.00,32.25,82.98,0.9159,2,1,-1
463,2,988.80,487.98,52.60,114.84,0.9345,2,2,-1
463,3,1642.85,551.48,55.81,108.42,0.9345,2,2,-1
463,6,1469.27,413.52,47.77,103.17,0.9128,2,2,-1
463,7,742.80,392.81,38.54,90.44,0.9160,3,0,-1
463,11,912.30,350.42,50.42,89.54,0.9226,2,2,-1
463,13,1205.13,614.49,50.50,134.31,0.9329,2,1,-1
463,14,302.87,407.58,47.68,104.85,0.9345,2,2,-1
463,19,881.34,305.16,31.48,70.19,0.9132,2,2,-1
463,33,-2.67,617.14,29.70,138.13,0.8925,2,1,-1
463,38,523.58,301.21,39.82,67.13,0.8865,2,1,-1
463,51,794.34,618.33,50.31,140.67,0.9208,2,1,-1
463,52,679.53,318.31,38.46,83.87,0.8928,2,2,-1
463,53,1610.81,469.81,45.94,106.49,0.9225,2,2,-1
463,54,554.82,357.17,32.37,86.32,0.9079,2,1,-1
464,2,982.75,490.79,50.79,112.79,0.9337,2,2,-1
464,3,1642.17,551.01,52.21,109.88,0.9270,2,2,-1
464,6,1464.63,412.41,45.14,101.82,0.9259,2,2,-1
464,7,737.70,393.05,35.96,91.50,0.9313,3,0,-1
464,11,899.94,350.56,53.15,89.95,0.9095,2,2,-1
464,13,1199.99,614.29,51.32,134.07,0.9274,2,1,-1
464,14,295.24,406.72,48.42,105.56,0.9364,2,2,-1
464,19,875.73,304.46,35.95,71.08,0.9213,2,2,-1
464,33,-1.03,618.70,27.89,137.35,0.8623,2,1,-1
464,38,525.86,302.81,35.24,62.04,0.7605,2,1,-1
464,51,785.92,621.26,49.15,135.79,0.9300,2,1,-1
464,52,670.42,317.92,41.49,84.51,0.8956,2,2,-1
464,53,1604.04,471.67,46.27,104.88,0.9160,2,2,-1
464,54,545.30,358.64,30.93,85.00,0.8817,2,1,-1
465,2,978.33,491.55,50.74,112.89,0.9361,2,2,-1
465,3,1641.13,549.33,48.91,111.42,0.9286,2,2,-1
465,6,1459.32,412.17,43.94,101.99,0.9177,2,2,-1
465,7,732.55,392.29,34.60,95.01,0.9262,3,0,-1
465,11,889.36,352.04,55.47,89.22,0.9074,2,2,-1
465,13,1195.57,615.63,51.31,130.05,0.9387,2,1,-1
465,14,288.24,405.61,50.84,101.68,0.9382,2,2,-1
465,19,869.60,303.66,38.71,71.45,0.9236,2,2,-1
465,33,-6.13,620.72,24.67,135.59,0.7139,2,1,-1
465,36,823.44,561.68,55.99,119.36,0.9317,2,2,-1
465,38,522.57,303.00,30.55,55.70,0.7287,2,1,-1
465,51,778.91,622.98,48.23,135.03,0.9235,2,1,-1
465,52,661.03,317.04,44.99,83.26,0.9005,2,2,-1
465,53,1597.21,472.05,46.41,105.76,0.9204,2,2,-1
465,54,535.78,359.32,29.84,84.19,0.8628,2,1,-1
466,2,974.59,491.62,49.82,114.56,0.9366,2,2,-1
466,3,1637.82,546.93,48.03,113.49,0.9302,2,2,-1
466,6,1455.45,413.12,40.91,101.24,0.9218,2,2,-1
466,7,725.13,391.37,34.40,96.04,0.9287,3,0,-1
466,11,882.04,354.36,55.56,89.52,0.8780,2,2,-1
466,13,1193.70,618.32,49.52,128.91,0.9237,2,1,-1
466,14,283.37,405.48,53.57,100.14,0.9314,2,2,-1
466,19,861.68,303.26,41.43,72.04,0.9282,2,2,-1
466,36,818.41,561.39,59.01,121.77,0.9409,2,2,-1
466,38,516.53,303.25,30.50,57.66,0.7735,2,1,-1
466,51,771.23,623.68,47.73,137.69,0.9314,2,1,-1
466,52,652.87,316.82,48.56,81.93,0.9220,2,2,-1
466,53,1592.62,471.04,45.59,107.92,0.9170,2,2,-1
466,54,527.05,360.53,28.62,79.98,0.8405,2,1,-1
466,0,547.98,362.92,12.30,15.41,1.0,0,-1,-1
467,2,969.00,490.46,49.18,115.69,0.9308,2,2,-1
467,3,1633.73,546.26,47.63,114.95,0.9310,2,2,-1
467,6,1451.34,414.42,39.46,101.98,0.9036,2,2,-1
467,7,715.62,390.47,36.09,98.20,0.9300,3,0,-1
467,11,890.30,357.37,41.93,86.26,0.9076,2,2,-1
467,13,1191.67,620.38,46.53,128.51,0.9343,2,1,-1
467,14,281.56,406.59,49.89,98.97,0.9168,2,2,-1
467,19,855.94,301.13,41.12,73.02,0.9220,2,2,-1
467,36,813.25,562.18,69.77,119.66,0.9469,2,2,-1
467,38,511.76,302.65,31.91,61.43,0.8719,2,1,-1
467,51,763.54,622.03,48.14,140.48,0.9201,2,1,-1
467,52,645.85,317.58,50.29,80.40,0.9156,2,2,-1
467,53,1588.29,468.48,44.66,111.73,0.9310,2,2,-1
467,54,515.31,357.83,31.55,83.59,0.9071,2,1,-1
467,0,542.98,363.51,13.21,12.72,1.0,0,-1,-1
468,2,963.19,487.64,49.71,118.72,0.9279,2,2,-1
468,3,1627.03,546.57,49.90,115.40,0.9294,2,2,-1
468,6,1448.04,415.58,39.07,100.91,0.9045,2,2,-1
468,7,706.13,390.10,39.60,99.12,0.9270,3,0,-1
468,11,882.64,358.81,39.75,85.88,0.9142,2,2,-1
468,13,1190.53,622.53,42.89,127.07,0.9341,2,1,-1
468,14,280.17,408.35,44.80,101.44,0.9268,2,2,-1
468,19,852.84,300.88,37.32,72.20,0.9033,2,2,-1
468,36,810.62,563.49,78.27,119.94,0.9423,2,2,-1
468,38,505.34,303.04,34.89,67.68,0.8760,2,1,-1
468,51,755.11,619.93,48.19,142.68,0.9219,2,1,-1
468,52,637.65,321.05,54.22,77.54,0.9181,2,2,-1
468,53,1583.66,466.62,44.82,114.11,0.9224,2,2,-1
468,54,504.43,359.35,32.12,81.76,0.9099,2,1,-1
468,0,537.20,364.04,13.89,13.64,1.0,0,-1,-1
469,2,956.40,485.97,49.86,120.63,0.9242,2,2,-1
469,3,1624.93,547.16,47.80,113.09,0.9331,2,2,-1
469,6,1443.13,416.61,39.95,99.57,0.9008,2,2,-1
469,7,696.58,389.86,45.21,98.73,0.9355,3,0,-1
469,11,873.78,359.28,40.61,85.80,0.9105,2,2,-1
469,13,1188.48,621.89,40.32,123.95,0.9130,2,1,-1
469,14,277.99,409.47,42.60,102.27,0.9272,2,2,-1
469,19,850.82,303.14,31.64,70.16,0.8968,2,2,-1
469,36,809.43,565.37,78.42,122.02,0.9259,2,2,-1
469,38,501.25,303.75,34.23,67.67,0.8462,2,1,-1
469,51,747.67,617.84,46.77,146.54,0.9314,2,1,-1
469,52,629.38,320.71,57.22,79.66,0.9186,2,2,-1
469,53,1576.99,464.69,45.07,114.95,0.9265,2,2,-1
469,54,494.15,359.25,33.16,82.95,0.9119,2,1,-1
469,0,530.67,363.01,14.32,14.33,1.0,0,-1,-1
470,2,948.99,484.56,51.16,122.51,0.9247,2,2,-1
470,3,1620.66,548.99,46.55,108.32,0.9232,2,2,-1
470,7,688.84,391.38,49.41,96.38,0.9348,3,0,-1
470,10,1413.94,459.52,49.05,112.65,0.9151,2,1,-1
470,11,865.15,359.20,42.38,85.52,0.9186,2,2,-1
470,13,1183.60,619.50,42.49,131.52,0.9351,2,1,-1
470,14,274.37,410.04,40.67,101.37,0.9216,2,2,-1
470,19,848.79,302.16,28.05,68.78,0.8865,2,2,-1
470,36,814.24,567.67,68.85,119.29,0.9098,2,2,-1
470,38,497.83,304.18,33.73,68.71,0.8873,2,1,-1
470,51,740.79,614.16,46.04,148.10,0.9074,2,1,-1
470,52,624.20,322.73,56.00,77.68,0.9156,2,2,-1
470,53,1569.63,464.08,46.78,112.64,0.9272,2,2,-1
470,54,484.26,359.34,33.79,83.40,0.9139,2,1,-1
470,0,526.70,364.47,13.65,12.63,1.0,0,-1,-1
471,2,942.25,484.07,51.29,119.48,0.9242,2,2,-1
471,3,1615.71,550.04,47.84,107.43,0.9240,2,2,-1
471,7,680.70,393.78,50.58,93.69,0.9369,3,0,-1
471,10,1407.24,457.01,52.39,115.60,0.9238,2,1,-1
471,11,855.68,358.24,45.35,88.45,0.9182,2,2,-1
471,13,1177.70,617.78,45.05,132.91,0.9334,2,1,-1
471,14,270.14,408.98,41.10,102.92,0.9267,2,2,-1
471,19,845.71,301.97,25.75,67.97,0.8883,2,2,-1
471,36,825.12,569.78,58.95,118.64,0.8861,2,2,-1
471,38,495.86,307.08,31.35,64.08,0.8111,2,1,-1
471,51,733.42,613.02,45.67,144.57,0.9184,2,1,-1
471,52,621.59,322.10,50.14,78.32,0.9179,2,2,-1
471,53,1563.24,464.20,48.88,109.58,0.9293,2,2,-1
471,54,474.43,358.74,35.07,82.25,0.9214,2,1,-1
472,2,934.59,484.44,53.16,116.41,0.9237,2,2,-1
472,3,1610.45,550.14,48.22,108.78,0.9225,2,2,-1
472,7,676.30,395.89,48.45,92.12,0.9334,3,0,-1
472,10,1401.35,457.11,56.07,115.15,0.9214,2,1,-1
472,11,850.18,356.81,45.30,89.37,0.9136,2,2,-1
472,13,1170.03,616.14,49.92,132.60,0.9416,2,1,-1
472,14,262.70,407.79,45.47,105.67,0.9180,2,2,-1
472,19,842.59,302.30,24.79,66.38,0.8885,2,2,-1
472,36,838.50,568.06,44.51,121.34,0.9225,2,2,-1
472,38,492.42,309.74,35.72,67.30,0.8614,2,1,-1
472,51,724.71,612.65,46.19,140.23,0.9333,2,1,-1
472,52,622.32,320.84,45.75,79.57,0.9032,2,2,-1
472,53,1557.38,465.79,50.53,107.33,0.9275,2,2,-1
472,54,463.59,357.36,37.88,84.20,0.9234,2,1,-1
473,2,925.65,486.55,56.49,114.88,0.9232,2,2,-1
473,3,1607.90,548.31,47.94,111.15,0.9254,2,2,-1
473,7,672.86,396.58,47.71,92.01,0.9383,3,0,-1
473,10,1397.52,459.49,58.49,110.54,0.9201,2,1,-1
473,11,845.56,355.02,44.78,90.84,0.8694,2,2,-1
473,13,1165.71,614.79,55.64,134.35,0.9300,2,1,-1
473,14,254.16,406.80,53.11,105.51,0.9235,2,2,-1
473,19,839.44,301.08,24.67,66.43,0.8917,2,2,-1
473,36,835.51,566.01,48.35,123.42,0.9458,2,2,-1
473,38,486.03,309.33,37.54,68.26,0.8913,2,1,-1
473,51,716.44,613.68,46.89,136.19,0.9209,2,1,-1
473,52,623.72,318.52,37.87,82.45,0.8884,2,2,-1
473,53,1553.14,466.89,52.62,107.53,0.9324,2,2,-1
473,54,454.71,357.08,40.12,84.14,0.9247,2,1,-1
473,59,648.56,293.27,27.52,62.70,0.8578,2,-1,-1
474,2,919.39,487.63,61.74,115.50,0.9232,2,2,-1
474,3,1606.04,545.96,47.09,113.03,0.9209,2,2,-1
474,7,670.90,395.57,42.82,93.93,0.9310,3,0,-1
474,10,1396.11,457.55,59.72,112.09,0.9184,2,1,-1
474,11,842.78,351.97,42.15,92.71,0.8998,2,2,-1
474,13,1159.96,615.42,60.32,132.30,0.9430,2,1,-1
474,14,248.81,405.93,60.83,101.25,0.9333,2,2,-1
474,19,836.29,301.91,23.89,63.84,0.8735,2,2,-1
474,36,831.96,564.19,55.36,126.47,0.9400,2,2,-1
474,38,482.98,309.35,38.80,68.60,0.8768,2,1,-1
474,51,707.66,615.06,48.63,140.15,0.9197,2,1,-1
474,52,623.49,316.76,32.64,83.09,0.9072,2,2,-1
474,53,1551.20,467.02,53.05,108.00,0.9211,2,2,-1
474,54,447.07,356.81,40.67,82.94,0.9198,2,1,-1
474,59,649.13,290.44,29.80,66.47,0.8208,2,-1,-1
474,0,503.25,365.07,15.44,15.52,1.0,0,-1,-1
475,2,914.63,487.72,65.76,115.66,0.9238,2,2,-1
475,3,1602.82,543.55,48.33,115.67,0.9328,2,2,-1
475,6,1425.26,412.67,37.15,70.31,0.8899,2,2,-1
475,7,667.63,394.11,41.04,95.98,0.9260,3,0,-1
475,10,1396.58,457.41,61.99,112.02,0.9259,2,1,-1
475,11,837.79,350.30,41.03,94.23,0.8638,2,2,-1
475,13,1155.27,617.96,61.90,131.16,0.9363,2,1,-1
475,14,245.55,406.09,59.00,101.12,0.9160,2,2,-1
475,19,832.76,301.29,25.19,64.34,0.8863,2,2,-1
475,36,826.46,563.71,63.32,125.65,0.9358,2,2,-1
475,38,479.88,309.08,39.81,70.35,0.8921,2,1,-1
475,51,701.43,615.74,46.09,115.00,0.9290,2,1,-1
475,52,620.64,316.91,29.25,81.29,0.8984,2,2,-1
475,53,1549.67,465.56,50.52,109.69,0.9213,2,2,-1
475,54,439.24,357.74,42.21,82.38,0.9286,2,1,-1
475,59,646.19,291.87,28.94,62.80,0.8634,2,-1,-1
475,0,497.75,365.89,20.55,16.24,1.0,0,-1,-1
476,2,909.63,486.17,67.29,116.84,0.9284,2,2,-1
476,3,1599.21,541.45,49.54,115.45,0.9366,2,2,-1
476,7,660.55,392.19,40.32,97.85,0.9261,3,0,-1
476,10,1397.45,456.87,57.79,112.27,0.9214,2,1,-1
476,11,815.45,346.46,50.81,96.46,0.8420,2,2,-1
476,13,1153.99,619.26,61.15,129.71,0.9293,2,1,-1
476,14,248.22,407.14,49.54,102.19,0.9040,2,2,-1
476,19,828.50,302.96,26.76,62.51,0.8860,2,2,-1
476,36,827.15,563.16,77.13,121.81,0.9323,2,2,-1
476,38,474.82,310.04,35.21,67.56,0.8796,2,1,-1
476,51,692.70,614.03,50.72,142.18,0.9191,2,1,-1
476,52,617.22,318.58,28.88,78.61,0.8914,2,2,-1
476,53,1549.10,463.22,47.25,111.95,0.9244,2,2,-1
476,54,433.26,357.10,43.15,83.06,0.9243,2,1,-1
476,59,645.77,298.48,25.76,57.75,0.8085,2,-1,-1
476,0,490.86,365.90,16.99,15.49,1.0,0,-1,-1
477,2,904.73,483.69,69.04,118.85,0.9161,2,2,-1
477,3,1594.09,540.81,52.65,114.57,0.9308,2,2,-1
477,7,654.96,390.35,39.51,98.40,0.9283,3,0,-1
477,10,1400.59,455.68,54.17,113.97,0.9082,2,1,-1
477,11,808.33,344.25,54.38,99.07,0.7950,2,2,-1
477,13,1159.60,620.13,55.46,129.81,0.9235,2,1,-1
477,14,246.54,406.94,46.14,101.15,0.9237,2,2,-1
477,19,824.29,300.81,30.94,64.62,0.8656,2,2,-1
477,36,825.36,563.74,84.60,121.73,0.9321,2,2,-1
477,38,471.90,310.31,32.59,69.33,0.8792,2,1,-1
477,51,687.50,611.39,48.16,143.48,0.9306,2,1,-1
477,52,612.96,319.26,31.11,78.18,0.9100,2,2,-1
477,53,1547.71,460.46,45.20,114.58,0.9175,2,2,-1
477,54,430.19,356.30,41.24,84.24,0.9185,2,1,-1
477,59,642.86,297.19,23.26,59.60,0.8526,2,-1,-1
478,2,898.58,481.38,71.34,120.84,0.9251,2,2,-1
478,3,1592.20,540.77,53.97,113.54,0.9338,2,2,-1
478,6,1415.45,412.62,41.17,84.12,0.9094,2,2,-1
478,7,650.20,389.66,40.61,99.70,0.9309,3,0,-1
478,11,798.04,345.25,58.41,97.80,0.7977,2,2,-1
478,13,1163.63,618.84,49.05,130.54,0.9353,2,1,-1
478,14,243.55,405.23,44.66,103.58,0.9257,2,2,-1
478,19,822.11,301.54,34.75,64.34,0.8682,2,2,-1
478,36,826.38,566.11,82.33,122.10,0.9375,2,2,-1
478,38,470.14,310.78,32.46,69.15,0.7684,2,1,-1
478,51,684.41,607.87,43.02,109.85,0.9256,2,1,-1
478,52,606.10,321.15,39.41,75.31,0.9246,2,2,-1
478,53,1546.22,457.86,44.58,116.88,0.9194,2,2,-1
478,54,429.54,353.98,36.66,85.85,0.9210,2,1,-1
478,59,640.80,300.90,21.95,56.24,0.7640,2,-1,-1
478,0,483.58,367.19,15.37,15.40,1.0,0,-1,-1
479,2,894.87,479.64,72.19,121.62,0.9289,2,2,-1
479,3,1590.67,542.28,55.65,111.62,0.9425,2,2,-1
479,6,1415.13,411.27,40.86,84.28,0.8986,2,2,-1
479,7,646.13,389.87,42.33,99.45,0.9323,3,0,-1
479,11,792.77,347.17,61.51,94.97,0.8572,2,2,-1
479,13,1163.71,615.78,48.99,133.10,0.9275,2,1,-1
479,14,240.10,402.50,45.49,105.98,0.9322,2,2,-1
479,19,820.02,301.14,37.51,65.03,0.8938,2,2,-1
479,36,832.63,567.14,74.40,121.31,0.8973,2,2,-1
479,38,469.74,313.36,19.89,39.07,0.7859,2,1,-1
479,51,677.47,604.73,47.01,140.95,0.9206,2,1,-1
479,52,599.73,320.97,47.68,75.61,0.9315,2,2,-1
479,53,1544.27,457.21,43.68,115.74,0.9228,2,2,-1
479,54,427.34,351.86,33.86,88.70,0.9130,2,1,-1
479,59,641.22,294.66,22.85,55.71,0.7795,2,-1,-1
479,0,480.16,367.59,13.98,13.87,1.0,0,-1,-1
480,2,891.14,478.85,73.48,117.29,0.9341,2,2,-1
480,3,1590.70,542.74,56.49,111.05,0.9416,2,2,-1
480,7,642.08,390.97,43.41,99.09,0.9384,3,0,-1
480,10,1399.52,451.59,48.89,117.69,0.9040,2,1,-1
480,11,787.23,348.59,67.51,93.86,0.9139,2,2,-1
480,13,1164.00,612.96,47.95,131.89,0.9280,2,1,-1
480,14,238.87,399.58,44.59,108.56,0.9255,2,2,-1
480,19,821.20,301.59,35.05,65.04,0.9005,2,2,-1
480,36,848.39,565.56,63.21,122.26,0.9130,2,2,-1
480,38,467.50,314.78,21.63,39.74,0.8183,2,1,-1
480,47,478.20,341.99,18.95,39.42,0.7270,2,1,-1
480,51,674.41,602.55,44.47,141.52,0.9312,2,1,-1
480,52,592.67,320.18,54.93,75.94,0.9324,2,2,-1
480,53,1542.97,457.19,42.79,112.94,0.9302,2,2,-1
480,54,423.85,349.55,32.99,90.19,0.9234,2,1,-1
480,59,643.49,287.72,23.49,54.90,0.7987,2,-1,-1
480,0,478.72,367.98,14.39,14.16,1.0,0,-1,-1
481,2,886.57,478.69,76.80,116.05,0.9318,2,2,-1
481,3,1592.42,542.33,54.48,110.91,0.9330,2,2,-1
481,7,638.20,392.57,42.29,96.46,0.9343,3,0,-1
481,10,1399.43,454.39,46.60,114.86,0.8956,2,1,-1
481,11,789.33,353.15,66.45,88.70,0.9250,2,2,-1
481,13,1165.17,610.88,48.57,135.18,0.9256,2,1,-1
481,14,238.26,396.83,45.18,106.47,0.9230,2,2,-1
481,19,821.96,302.04,32.96,64.72,0.8844,2,2,-1
481,36,862.38,562.60,54.21,126.14,0.9189,2,2,-1
481,38,461.15,314.06,32.05,65.41,0.8323,2,1,-1
481,51,668.78,601.28,45.69,142.77,0.9221,2,1,-1
481,52,585.27,320.72,59.83,74.86,0.9350,2,2,-1
481,53,1542.33,458.18,42.63,109.95,0.9293,2,2,-1
481,54,419.20,349.11,33.06,89.43,0.9102,2,1,-1
481,59,641.09,285.38,29.20,64.18,0.8646,2,-1,-1
482,2,883.46,478.75,80.15,116.67,0.9398,2,2,-1
482,3,1597.07,541.23,50.35,111.63,0.9331,2,2,-1
482,6,1407.26,405.17,49.81,109.07,0.8976,2,2,-1
482,7,635.08,392.84,41.02,95.86,0.9263,3,0,-1
482,10,1405.08,515.85,33.82,51.46,0.9027,2,1,-1
482,11,784.87,354.24,69.88,87.98,0.9339,2,2,-1
482,13,1164.66,609.56,48.82,137.79,0.9347,2,1,-1
482,14,239.06,395.41,47.56,101.35,0.9364,2,2,-1
482,19,822.02,300.49,32.01,65.46,0.8989,2,2,-1
482,36,867.25,559.28,51.35,128.63,0.9284,2,2,-1
482,38,461.23,315.32,30.46,65.95,0.7666,2,1,-1
482,51,664.88,602.32,46.95,137.69,0.9371,2,1,-1
482,52,584.39,321.28,56.49,73.53,0.9308,2,2,-1
482,53,1540.36,459.40,43.31,107.43,0.9264,2,2,-1
482,54,415.56,348.93,33.23,88.18,0.9039,2,1,-1
482,59,644.05,287.03,29.93,63.40,0.8414,2,-1,-1
482,0,471.75,368.71,14.05,15.28,1.0,0,-1,-1
483,2,882.16,477.80,80.78,116.86,0.9338,2,2,-1
483,3,1600.13,537.59,47.38,114.68,0.9355,2,2,-1
483,6,1418.19,404.46,37.78,72.50,0.8488,2,2,-1
483,7,634.53,392.23,38.56,95.32,0.9237,3,0,-1
483,10,1409.45,522.30,30.66,44.58,0.7778,2,1,-1
483,11,784.46,354.34,69.83,87.01,0.9272,2,2,-1
483,13,1167.46,609.86,47.59,134.62,0.9291,2,1,-1
483,14,241.21,394.33,46.71,99.21,0.9282,2,2,-1
483,19,822.83,298.22,32.17,65.23,0.8921,2,2,-1
483,36,869.16,557.69,52.44,128.47,0.9366,2,2,-1
483,38,462.62,312.46,22.30,31.85,0.8146,2,1,-1
483,51,663.28,602.63,47.15,137.09,0.9374,2,1,-1
483,52,588.88,318.55,50.70,76.05,0.9113,2,2,-1
483,53,1539.41,459.38,43.76,107.00,0.9215,2,2,-1
483,54,412.60,349.74,34.08,86.27,0.9041,2,1,-1
483,59,649.61,298.19,25.57,51.95,0.8307,2,-1,-1
484,3,1601.24,535.65,46.26,117.12,0.9354,2,2,-1
484,7,634.37,391.24,38.64,95.98,0.9291,3,0,-1
484,10,1401.99,453.74,55.10,113.38,0.9039,2,1,-1
484,11,783.36,354.09,68.13,86.62,0.9210,2,2,-1
484,13,1169.14,610.96,45.91,132.99,0.9307,2,1,-1
484,14,241.73,394.64,44.71,102.43,0.9320,2,2,-1
484,19,823.87,296.36,34.66,66.05,0.8989,2,2,-1
484,36,870.98,556.21,54.46,127.05,0.9313,2,2,-1
484,38,455.37,288.79,34.63,51.37,0.7870,2,1,-1
484,51,662.22,603.00,48.14,137.86,0.9352,2,1,-1
484,52,595.45,318.20,42.12,76.14,0.8997,2,2,-1
484,53,1538.21,458.40,43.95,108.34,0.9180,2,2,-1
484,54,410.30,350.40,33.44,81.79,0.9125,2,1,-1
484,59,648.97,286.94,28.45,62.99,0.8255,2,-1,-1
485,3,1601.44,534.72,45.15,117.21,0.9340,2,2,-1
485,7,634.01,390.27,38.05,96.97,0.9307,3,0,-1
485,10,1407.14,452.60,47.87,111.12,0.9000,2,1,-1
485,11,787.49,353.18,64.26,87.23,0.9256,2,2,-1
485,13,1171.21,612.45,43.96,131.33,0.9198,2,1,-1
485,14,243.48,394.66,42.18,101.75,0.9347,2,2,-1
485,19,824.72,297.01,37.13,66.72,0.9073,2,2,-1
485,36,873.28,557.74,61.89,121.22,0.9333,2,2,-1
485,51,660.56,601.61,47.71,138.77,0.9278,2,1,-1
485,52,601.73,317.86,35.04,75.57,0.8986,2,2,-1
485,53,1538.12,456.78,44.91,109.75,0.9281,2,2,-1
485,54,408.31,349.25,33.04,83.57,0.8919,2,1,-1
485,59,647.98,285.76,27.44,62.74,0.7939,2,-1,-1
486,2,879.92,471.98,72.03,107.65,0.8567,2,2,-1
486,3,1600.36,534.86,45.20,117.22,0.9330,2,2,-1
486,7,631.59,388.64,35.68,97.94,0.9318,3,0,-1
486,10,1420.94,407.35,42.19,99.81,0.8749,2,1,-1
486,11,784.28,352.09,66.08,88.13,0.9152,2,2,-1
486,13,1172.66,611.94,42.69,131.14,0.9191,2,1,-1
486,14,247.05,393.89,40.17,101.81,0.9285,2,2,-1
486,19,825.14,295.61,38.14,68.83,0.9033,2,2,-1
486,36,874.82,557.69,67.22,121.69,0.9433,2,2,-1
486,51,658.18,598.35,47.58,141.59,0.9265,2,1,-1
486,52,604.59,317.19,31.07,75.84,0.8977,2,2,-1
486,53,1536.75,455.27,46.30,110.62,0.9313,2,2,-1
486,54,407.93,347.88,32.50,86.52,0.9107,2,1,-1
486,59,655.72,301.39,20.17,47.23,0.7181,2,-1,-1
486,60,456.06,315.32,32.29,68.47,0.8191,2,-1,-1
487,2,877.25,470.46,71.28,101.09,0.8757,2,2,-1
487,3,1599.18,535.54,45.97,113.33,0.9312,2,2,-1
487,7,629.25,387.42,35.68,99.41,0.9353,3,0,-1
487,10,1411.91,446.92,51.15,117.25,0.8840,2,1,-1
487,11,782.15,351.01,65.83,88.42,0.8989,2,2,-1
487,13,1175.05,610.36,41.09,130.16,0.9124,2,1,-1
487,14,248.45,391.67,40.06,104.59,0.9221,2,2,-1
487,19,826.68,298.30,35.97,66.95,0.8997,2,2,-1
487,36,880.26,562.74,65.29,117.60,0.9310,2,2,-1
487,51,656.86,594.07,47.93,145.58,0.9154,2,1,-1
487,52,606.47,317.11,30.06,75.08,0.9003,2,2,-1
487,53,1534.24,452.25,48.38,113.98,0.9277,2,2,-1
487,54,407.48,346.41,31.94,88.62,0.9078,2,1,-1
487,59,654.93,284.58,22.79,56.94,0.7893,2,-1,-1
487,60,456.40,316.50,29.45,64.41,0.8486,2,-1,-1
487,0,471.44,375.42,13.44,11.28,1.0,0,-1,-1
488,2,872.17,469.16,76.83,105.50,0.8987,2,2,-1
488,3,1599.19,536.20,46.33,110.97,0.9330,2,2,-1
488,6,1420.50,405.20,37.21,61.59,0.8787,2,2,-1
488,7,627.29,388.26,35.83,98.25,0.9319,3,0,-1
488,10,1411.39,445.18,56.69,117.48,0.8990,2,1,-1
488,11,777.67,350.03,68.31,89.06,0.8876,2,2,-1
488,13,1175.68,607.43,41.51,134.80,0.9234,2,1,-1
488,14,250.07,389.33,40.01,105.01,0.9159,2,2,-1
488,19,829.55,300.93,31.28,63.08,0.8917,2,2,-1
488,36,891.21,561.16,60.31,119.49,0.9146,2,2,-1
488,51,655.37,590.30,48.16,146.81,0.9225,2,1,-1
488,52,607.64,316.75,32.18,75.68,0.9016,2,2,-1
488,53,1532.59,450.26,51.23,114.62,0.9319,2,2,-1
488,54,406.76,345.62,31.63,88.58,0.9160,2,1,-1
488,59,654.83,288.65,25.65,61.00,0.8496,2,-1,-1
488,60,459.31,330.14,24.60,52.35,0.6854,2,-1,-1
488,0,470.21,373.72,14.70,14.10,1.0,0,-1,-1
489,2,868.74,469.08,81.30,108.79,0.9251,2,2,-1
489,3,1598.15,535.57,46.55,110.17,0.9278,2,2,-1
489,6,1419.11,402.76,39.06,63.84,0.8871,2,2,-1
489,7,625.05,388.46,39.26,97.76,0.9301,3,0,-1
489,10,1408.68,443.41,61.45,118.16,0.9017,2,1,-1
489,11,778.11,350.25,66.84,88.80,0.9068,2,2,-1
489,13,1175.64,605.14,41.26,133.06,0.9276,2,1,-1
489,14,250.39,386.82,42.42,103.59,0.9329,2,2,-1
489,19,831.26,301.19,28.28,62.83,0.8841,2,2,-1
489,36,905.60,561.81,50.06,118.10,0.9042,2,2,-1
489,51,655.01,588.84,44.34,117.40,0.9269,2,1,-1
489,52,608.36,316.55,34.75,74.51,0.8893,2,2,-1
489,53,1530.22,449.80,54.09,113.18,0.9361,2,2,-1
489,54,405.03,344.84,32.20,89.24,0.9229,2,1,-1
489,59,654.82,282.38,30.84,65.40,0.8509,2,1,-1
489,60,455.95,314.82,30.31,70.81,0.8787,2,-1,-1
490,2,867.02,470.37,83.20,108.79,0.9304,2,2,-1
490,3,1597.69,534.76,46.57,110.25,0.9297,2,2,-1
490,6,1419.76,401.09,39.70,65.27,0.8801,2,2,-1
490,7,622.93,388.16,42.03,98.18,0.9294,3,0,-1
490,10,1408.89,441.36,67.62,118.17,0.9019,2,1,-1
490,11,782.37,350.33,60.83,87.56,0.9142,2,2,-1
490,13,1172.36,601.97,47.40,136.48,0.9404,2,1,-1
490,14,248.40,385.25,46.15,101.11,0.9377,2,2,-1
490,19,833.55,301.73,28.13,61.53,0.8782,2,2,-1
490,36,913.95,557.59,44.23,121.47,0.9419,2,2,-1
490,51,650.23,586.53,48.94,144.59,0.9334,2,1,-1
490,52,608.98,317.88,39.84,73.77,0.8907,2,2,-1
490,53,1529.36,450.43,54.63,111.45,0.9325,2,2,-1
490,54,404.01,345.32,33.48,88.11,0.9263,2,1,-1
490,59,655.48,285.58,35.77,60.92,0.8568,2,1,-1
490,60,454.13,314.52,33.69,72.06,0.9118,2,-1,-1
491,2,865.95,471.07,84.14,111.78,0.9221,2,2,-1
491,3,1597.17,532.32,46.79,112.19,0.9270,2,2,-1
491,6,1419.08,400.09,41.38,67.16,0.8831,2,2,-1
491,7,619.85,390.20,43.25,95.98,0.9366,3,0,-1
491,11,785.36,350.84,56.18,86.99,0.9208,2,2,-1
491,13,1169.10,601.20,53.49,135.86,0.9409,2,1,-1
491,14,245.47,384.66,49.21,101.05,0.9345,2,2,-1
491,19,832.87,298.96,30.49,63.94,0.9021,2,2,-1
491,36,913.01,554.27,49.31,124.30,0.9375,2,2,-1
491,51,648.81,586.85,45.52,119.98,0.9241,2,1,-1
491,52,609.09,320.20,44.45,72.00,0.9083,2,2,-1
491,53,1529.79,451.67,54.97,109.68,0.9327,2,2,-1
491,54,401.93,346.27,34.80,87.62,0.9316,2,1,-1
491,59,660.84,286.34,36.80,59.34,0.8459,2,1,-1
491,60,453.13,314.67,35.29,71.81,0.9141,2,-1,-1
492,2,868.43,470.39,80.94,113.46,0.9159,2,2,-1
492,3,1596.58,530.46,47.55,112.54,0.9286,2,2,-1
492,7,616.45,390.61,42.95,95.23,0.9374,3,0,-1
492,10,1408.11,441.52,53.82,117.15,0.8988,2,1,-1
492,11,789.73,352.99,53.13,84.83,0.9242,2,2,-1
492,13,1167.13,601.84,54.92,132.68,0.9407,2,1,-1
492,14,247.05,385.10,48.12,99.83,0.9182,2,2,-1
492,19,832.35,299.10,31.33,63.93,0.9119,2,2,-1
492,36,911.81,552.04,55.85,126.21,0.9355,2,2,-1
492,51,643.88,586.76,49.06,133.08,0.9268,2,1,-1
492,52,608.78,321.30,48.14,70.96,0.9115,2,2,-1
492,53,1530.74,451.80,54.00,109.56,0.9331,2,2,-1
492,54,399.70,347.73,35.47,86.46,0.9264,2,1,-1
492,59,662.19,286.37,36.49,61.44,0.8086,2,1,-1
492,60,455.05,315.27,35.29,70.23,0.8915,3,0,-1
492,0,645.28,325.64,13.21,13.80,1.0,0,-1,-1
493,2,871.30,468.92,74.75,114.73,0.9154,2,2,-1
493,3,1594.48,527.71,48.53,114.72,0.9278,2,2,-1
493,7,613.69,391.09,41.76,95.27,0.9344,3,0,-1
493,10,1416.93,400.98,41.73,85.39,0.8550,2,1,-1
493,11,791.91,355.36,55.58,82.42,0.9321,2,2,-1
493,13,1166.82,603.44,54.66,130.19,0.9421,2,1,-1
493,14,251.98,385.62,46.92,98.88,0.9062,2,2,-1
493,19,831.33,297.12,32.13,65.44,0.9114,2,2,-1
493,36,911.18,551.56,61.25,121.95,0.9372,2,2,-1
493,51,640.54,587.76,48.33,135.61,0.9255,2,1,-1
493,52,607.71,321.14,51.25,71.94,0.9251,2,2,-1
493,53,1532.45,450.54,51.52,110.99,0.9222,2,2,-1
493,54,395.84,349.11,37.77,84.86,0.9206,2,1,-1
493,59,668.74,288.22,29.37,59.54,0.8263,2,1,-1
493,60,455.79,318.84,34.32,69.90,0.7888,3,0,-1
494,2,862.80,465.86,77.84,117.56,0.9250,2,2,-1
494,3,1592.19,526.41,49.41,114.38,0.9323,2,2,-1
494,6,1414.78,401.18,45.52,72.81,0.8356,2,2,-1
494,7,609.95,391.42,41.15,94.12,0.9325,3,0,-1
494,10,1416.19,450.74,47.83,97.61,0.5520,2,1,-1
494,11,799.29,356.51,52.77,81.36,0.9303,2,2,-1
494,13,1169.50,604.67,52.26,128.92,0.9436,2,1,-1
494,14,255.93,384.37,46.76,100.42,0.9180,2,2,-1
494,19,831.42,297.65,31.52,65.83,0.9056,2,2,-1
494,36,913.81,551.17,68.75,119.98,0.9357,2,2,-1
494,51,638.60,587.20,46.47,135.73,0.9265,2,1,-1
494,52,603.78,320.64,53.16,72.87,0.9281,2,2,-1
494,53,1533.52,448.41,48.08,112.25,0.9208,2,2,-1
494,54,393.34,351.82,39.99,80.92,0.9146,2,1,-1
494,59,670.37,288.75,24.91,57.85,0.7941,2,1,-1
494,60,458.53,319.90,27.24,39.90,0.7838,3,0,-1
495,2,860.72,463.47,76.27,119.09,0.9190,2,2,-1
495,3,1591.02,525.40,50.66,114.00,0.9346,2,2,-1
495,6,1414.10,401.71,45.22,71.77,0.8846,2,2,-1
495,7,607.58,390.98,40.80,94.83,0.9378,3,0,-1
495,10,1411.89,458.71,47.43,97.67,0.6669,2,1,-1
495,11,796.58,356.64,54.27,81.64,0.9354,2,2,-1
495,13,1173.63,604.40,48.80,128.86,0.9365,2,1,-1
495,14,257.48,382.66,46.29,103.34,0.9320,2,2,-1
495,19,832.64,300.90,29.10,63.52,0.8900,2,2,-1
495,36,916.43,551.81,71.41,118.61,0.9408,2,2,-1
495,51,638.01,584.53,44.38,136.15,0.9357,2,1,-1
495,52,600.54,320.90,53.46,72.32,0.9326,2,2,-1
495,53,1531.81,446.58,47.43,114.12,0.9125,2,2,-1
495,54,392.31,353.15,41.62,78.20,0.9169,2,1,-1
495,59,671.28,300.84,18.69,46.06,0.8380,2,1,-1
495,60,447.43,320.07,44.66,66.24,0.8268,3,0,-1
495,0,467.15,378.44,15.65,14.64,1.0,0,-1,-1
496,2,859.70,461.72,73.60,121.26,0.9167,2,2,-1
496,3,1589.60,526.09,52.29,111.91,0.9359,2,2,-1
496,6,1413.96,400.82,49.80,83.91,0.8777,2,2,-1
496,7,604.88,389.59,40.46,95.84,0.9411,3,0,-1
496,10,1412.79,474.67,39.98,82.30,0.8689,2,1,-1
496,11,793.23,356.11,55.07,81.89,0.9338,2,2,-1
496,13,1175.96,601.94,46.94,129.83,0.9282,2,1,-1
496,14,258.62,379.91,45.21,105.57,0.9332,2,2,-1
496,19,834.20,300.63,27.50,63.02,0.8960,2,2,-1
496,36,919.59,553.76,69.04,116.66,0.9316,2,2,-1
496,51,637.69,581.72,43.15,136.59,0.9292,2,1,-1
496,52,600.09,321.85,51.47,71.36,0.9335,2,2,-1
496,53,1532.53,444.76,45.32,114.76,0.9178,2,2,-1
496,54,391.67,353.52,41.52,77.27,0.9167,2,1,-1
496,59,669.43,289.72,22.06,56.90,0.8496,2,1,-1
496,60,449.03,320.15,42.47,67.33,0.8583,3,0,-1
497,2,858.11,460.42,71.47,117.39,0.9146,2,2,-1
497,3,1589.31,527.30,53.12,108.93,0.9350,2,2,-1
497,6,1417.61,399.42,44.32,73.39,0.8859,2,2,-1
497,7,602.37,389.12,41.29,96.45,0.9290,3,0,-1
497,10,1417.74,512.86,32.11,39.93,0.8766,2,1,-1
497,11,790.51,355.60,55.70,83.20,0.9384,2,2,-1
497,13,1178.01,598.68,46.25,131.72,0.9328,2,1,-1
497,14,260.10,378.71,43.66,103.91,0.9289,2,2,-1
497,19,834.65,300.01,29.75,63.79,0.8968,2,2,-1
497,36,930.07,552.49,64.66,117.91,0.9290,2,2,-1
497,51,636.27,577.44,42.79,141.36,0.9153,2,1,-1
497,52,602.02,323.92,45.80,69.49,0.9223,2,2,-1
497,53,1532.05,444.58,43.79,113.14,0.9199,2,2,-1
497,54,392.78,353.36,38.72,78.03,0.9132,2,1,-1
497,59,670.28,280.01,26.36,65.51,0.8672,2,1,-1
497,60,451.27,318.03,41.51,72.83,0.8404,3,0,-1
497,0,470.01,381.51,12.98,14.09,1.0,0,-1,-1
498,2,854.86,460.68,73.43,114.38,0.9280,2,2,-1
498,3,1589.68,527.26,53.01,109.05,0.9352,2,2,-1
498,6,1417.11,397.34,48.69,88.98,0.8379,2,2,-1
498,7,599.32,386.15,41.46,99.06,0.9388,3,0,-1
498,10,1416.48,501.23,39.01,50.14,0.7938,2,1,-1
498,11,791.90,355.48,54.81,82.77,0.9329,2,2,-1
498,13,1178.63,596.38,45.88,131.10,0.9314,2,1,-1
498,14,261.31,378.04,43.16,98.33,0.9259,2,2,-1
498,19,834.53,298.00,33.35,65.85,0.8909,2,2,-1
498,36,944.23,551.75,56.51,118.66,0.9252,2,2,-1
498,51,635.32,574.88,41.41,134.29,0.9172,2,1,-1
498,52,606.47,324.38,38.15,68.98,0.9031,2,2,-1
498,53,1530.89,445.17,43.29,111.63,0.9233,2,2,-1
498,54,394.60,353.86,32.94,76.43,0.9210,2,1,-1
498,59,668.35,278.19,30.66,66.23,0.9006,2,1,-1
498,60,452.67,315.29,40.60,77.49,0.8688,3,0,-1
498,0,471.00,382.87,13.05,13.68,1.0,0,-1,-1
499,2,852.38,462.01,75.28,111.83,0.9203,2,2,-1
499,3,1590.47,526.64,51.14,109.40,0.9307,2,2,-1
499,6,1419.49,395.90,47.56,93.45,0.8531,2,2,-1
499,7,595.90,386.76,41.18,98.59,0.9389,3,0,-1
499,11,794.09,354.49,56.26,84.57,0.9298,2,2,-1
499,13,1179.46,594.45,45.53,133.58,0.9342,2,1,-1
499,14,262.47,377.83,44.09,95.35,0.9237,2,2,-1
499,19,835.54,298.03,35.08,64.59,0.8959,2,2,-1
499,36,953.77,548.73,50.23,121.61,0.9315,2,2,-1
499,51,633.73,573.15,43.28,133.11,0.9168,2,1,-1
499,52,606.90,328.99,32.03,62.37,0.7399,2,2,-1
499,53,1528.71,446.93,44.50,108.92,0.9297,2,2,-1
499,54,396.33,354.86,31.57,76.18,0.9129,2,1,-1
499,59,667.71,278.74,33.17,64.96,0.9069,2,1,-1
499,60,454.69,316.76,37.76,76.16,0.8734,3,0,-1
499,0,469.85,385.12,13.92,14.00,1.0,0,-1,-1
500,2,849.56,462.45,78.27,111.22,0.9324,2,2,-1
500,3,1591.69,524.77,48.75,109.27,0.9294,2,2,-1
500,6,1422.29,394.95,42.99,84.32,0.8776,2,2,-1
500,7,592.17,387.71,39.95,96.93,0.9438,3,0,-1
500,11,800.60,353.33,54.39,85.41,0.9222,2,2,-1
500,13,1181.01,593.83,45.53,133.39,0.9331,2,1,-1
500,14,265.05,378.48,44.40,93.03,0.9261,2,2,-1
500,19,835.59,297.34,37.69,65.31,0.9095,2,2,-1
500,36,955.04,545.72,51.39,125.33,0.9381,2,2,-1
500,51,627.72,573.64,47.59,133.97,0.9308,2,1,-1
500,52,612.28,340.66,22.51,49.02,0.7596,2,2,-1
500,53,1526.94,447.98,44.46,107.90,0.9214,2,2,-1
500,54,395.74,357.44,32.43,73.63,0.8976,2,1,-1
500,59,668.97,279.33,33.74,63.33,0.8789,2,1,-1
500,60,455.53,320.90,35.17,77.35,0.8919,3,0,-1
500,0,467.36,386.51,15.51,13.99,1.0,0,-1,-1
501,2,845.96,461.93,81.30,112.28,0.9357,2,2,-1
501,3,1592.53,522.94,47.05,110.96,0.9256,2,2,-1
501,6,1417.33,394.89,49.97,105.00,0.8917,2,2,-1
501,7,588.78,388.30,39.20,96.87,0.9378,3,0,-1
501,11,809.25,352.40,50.35,86.61,0.9056,2,2,-1
501,13,1181.71,594.17,44.54,130.86,0.9294,2,1,-1
501,14,266.56,380.20,45.34,92.01,0.9237,2,2,-1
501,19,835.48,296.62,39.20,65.92,0.9098,2,2,-1
501,36,957.57,544.83,54.41,125.67,0.9315,2,2,-1
501,38,456.36,323.54,30.80,51.12,0.8435,2,1,-1
501,51,626.90,574.89,47.72,129.79,0.9324,2,1,-1
501,52,616.49,326.59,27.74,68.47,0.8286,2,2,-1
501,53,1525.96,448.88,46.24,106.58,0.9203,2,2,-1
501,54,393.07,360.31,35.08,71.15,0.8636,2,1,-1
501,59,672.15,285.62,30.30,57.38,0.8219,2,1,-1
502,2,844.47,460.19,79.89,113.58,0.9294,2,2,-1
502,3,1592.28,521.47,46.34,113.76,0.9271,2,2,-1
502,6,1417.29,396.29,49.59,100.40,0.9071,2,2,-1
502,7,584.29,387.54,39.43,97.42,0.9425,3,0,-1
502,11,815.66,351.57,44.99,88.11,0.9068,2,2,-1
502,13,1183.31,595.15,43.98,130.67,0.9234,2,1,-1
502,14,267.69,380.73,44.29,92.61,0.9266,2,2,-1
502,19,836.58,296.60,39.27,65.52,0.9139,2,2,-1
502,36,958.82,543.43,58.28,125.18,0.9317,2,2,-1
502,51,626.60,574.41,47.26,130.37,0.9303,2,1,-1
502,52,618.05,325.90,26.24,71.01,0.8604,2,2,-1
502,53,1526.05,448.48,49.95,106.53,0.9102,2,2,-1
502,54,387.83,361.34,43.61,70.56,0.9165,2,1,-1
502,59,671.70,278.31,31.34,65.70,0.8420,2,1,-1
502,60,456.73,323.97,31.06,77.53,0.8978,3,0,-1
503,2,843.66,457.15,75.20,114.84,0.9260,2,2,-1
503,3,1592.36,519.95,45.16,112.98,0.9287,2,2,-1
503,6,1420.24,397.70,48.30,97.20,0.9036,2,2,-1
503,7,580.08,387.42,40.44,98.38,0.9393,3,0,-1
503,11,817.32,351.72,43.30,88.22,0.9184,2,2,-1
503,13,1183.59,596.16,43.34,130.43,0.9233,2,1,-1
503,14,271.12,379.98,41.48,92.68,0.9188,2,2,-1
503,19,838.04,296.81,39.63,65.91,0.9191,2,2,-1
503,36,961.87,543.38,64.73,120.49,0.9402,2,2,-1
503,51,627.77,573.74,46.42,131.52,0.9312,2,1,-1
503,52,620.06,324.27,26.86,72.79,0.8510,2,2,-1
503,53,1527.75,447.00,53.18,107.77,0.9284,2,2,-1
503,54,385.15,360.87,49.78,71.29,0.9214,2,1,-1
503,59,674.02,276.46,31.63,67.51,0.5561,2,1,-1
503,60,457.16,323.33,31.24,79.11,0.8982,3,0,-1
503,0,470.68,390.52,14.37,14.43,1.0,0,-1,-1
504,2,842.51,454.54,71.27,118.36,0.9251,2,2,-1
504,3,1592.26,519.73,44.80,112.08,0.9266,2,2,-1
504,6,1423.26,398.19,44.83,96.09,0.9001,2,2,-1
504,7,576.15,387.75,40.48,98.55,0.9381,3,0,-1
504,11,817.01,351.85,43.46,87.85,0.9140,2,2,-1
504,13,1186.67,596.48,40.83,126.47,0.9210,2,1,-1
504,14,271.10,378.35,41.43,94.35,0.9326,2,2,-1
504,19,838.57,297.04,40.38,66.27,0.9263,2,2,-1
504,36,965.91,543.83,65.56,120.51,0.9384,2,2,-1
504,51,627.57,570.86,45.52,133.54,0.9345,2,1,-1
504,52,606.75,322.91,37.89,75.99,0.8620,2,2,-1
504,53,1527.14,445.39,55.60,107.48,0.9283,2,2,-1
504,54,385.32,362.59,50.16,68.75,0.9269,2,1,-1
504,59,678.26,274.66,28.68,68.73,0.7941,2,1,-1
504,60,458.30,322.92,33.99,78.11,0.9100,2,-1,-1
504,0,471.59,393.81,12.41,11.85,1.0,0,-1,-1
505,2,843.82,453.60,67.11,120.62,0.9249,2,2,-1
505,3,1591.48,520.12,46.40,110.54,0.9292,2,2,-1
505,6,1431.36,397.07,34.16,78.02,0.8911,2,2,-1
505,7,572.19,388.36,40.98,97.63,0.9424,3,0,-1
505,11,817.27,352.59,44.05,87.70,0.9186,2,2,-1
505,13,1188.39,595.94,40.38,127.89,0.9265,2,1,-1
505,14,269.86,376.23,45.29,96.60,0.9374,2,2,-1
505,19,838.60,299.69,41.63,63.62,0.9262,2,2,-1
505,36,971.36,544.87,60.01,119.57,0.9236,2,2,-1
505,51,628.02,567.72,45.64,137.16,0.9304,2,1,-1
505,52,608.78,323.46,42.09,75.71,0.8598,2,2,-1
505,53,1525.33,444.25,57.97,108.73,0.9203,2,2,-1
505,54,385.79,364.77,48.33,68.04,0.9205,2,1,-1
505,59,679.02,279.39,26.10,64.34,0.8338,2,1,-1
505,60,456.06,324.47,37.17,78.71,0.9000,2,1,-1
505,0,472.06,394.13,12.64,13.45,1.0,0,-1,-1
506,2,846.74,453.00,61.88,117.18,0.9307,2,2,-1
506,3,1590.92,521.61,47.54,107.46,0.9300,2,2,-1
506,6,1430.72,395.03,36.49,101.40,0.8993,2,2,-1
506,7,567.25,388.43,41.23,98.13,0.9411,3,0,-1
506,11,816.30,354.22,46.85,87.95,0.9197,2,2,-1
506,12,0.41,636.57,23.53,55.21,0.7553,2,1,-1
506,13,1187.68,593.38,42.37,128.89,0.9275,2,1,-1
506,14,267.38,375.10,50.33,96.67,0.9281,2,2,-1
506,19,837.70,302.61,43.54,62.17,0.9270,2,2,-1
506,36,982.29,545.71,54.64,118.61,0.9176,2,2,-1
506,51,627.66,563.69,45.91,140.05,0.9280,2,1,-1
506,52,612.01,324.64,44.80,74.77,0.8823,2,2,-1
506,53,1525.73,443.61,58.79,107.94,0.9244,2,2,-1
506,54,391.03,369.21,43.29,62.91,0.8647,2,1,-1
506,59,678.77,278.00,27.99,65.48,0.8789,2,1,-1
506,60,456.57,329.68,35.19,69.64,0.7991,2,1,-1
506,0,472.22,396.30,12.98,12.26,1.0,0,-1,-1
507,2,847.83,453.75,58.67,114.06,0.9289,2,2,-1
507,3,1590.41,521.35,47.61,108.09,0.9266,2,2,-1
507,6,1432.64,393.99,33.52,102.14,0.9037,2,2,-1
507,7,562.36,388.87,42.46,97.59,0.9415,3,0,-1
507,11,819.17,357.38,49.03,85.79,0.9173,2,2,-1
507,13,1184.35,590.69,47.62,131.40,0.9422,2,1,-1
507,14,268.13,374.27,54.03,93.29,0.9325,2,2,-1
507,19,836.12,302.73,44.96,64.87,0.9122,2,2,-1
507,33,0.42,619.58,23.49,102.18,0.7444,2,1,-1
507,36,994.01,544.83,47.15,119.18,0.9297,2,2,-1
507,47,411.31,390.65,22.77,42.39,0.8188,2,1,-1
507,51,627.72,560.76,45.68,138.03,0.9283,2,1,-1
507,52,614.20,326.67,47.38,72.72,0.9171,2,2,-1
507,53,1524.01,443.68,60.24,106.90,0.9196,2,2,-1
507,59,678.65,274.62,32.89,67.38,0.8732,2,1,-1
507,60,450.61,326.86,49.19,77.20,0.8774,2,1,-1
507,0,472.42,396.04,12.20,13.86,1.0,0,-1,-1
508,2,849.57,454.85,56.16,112.62,0.9332,2,2,-1
508,3,1591.57,520.42,46.56,108.32,0.9209,2,2,-1
508,6,1433.61,393.48,30.07,84.90,0.8954,2,2,-1
508,7,557.94,389.09,42.32,97.37,0.9464,3,0,-1
508,11,820.41,357.43,51.45,86.54,0.9295,2,2,-1
508,13,1182.47,588.96,51.03,130.87,0.9391,2,1,-1
508,14,270.44,374.73,55.89,90.57,0.9364,2,2,-1
508,19,836.36,302.45,42.62,65.39,0.9158,2,2,-1
508,33,0.48,613.00,22.28,87.82,0.8559,2,1,-1
508,36,1000.24,542.88,45.34,121.29,0.9368,2,2,-1
508,51,626.89,559.86,45.39,132.03,0.9312,2,1,-1
508,52,615.72,326.43,49.31,73.98,0.9376,2,2,-1
508,53,1523.26,444.38,60.82,104.16,0.9260,2,2,-1
508,56,408.83,367.79,33.11,65.78,0.8597,2,1,-1
508,59,680.05,275.95,33.86,65.06,0.8552,2,1,-1
508,60,448.13,328.99,53.88,69.32,0.8592,2,1,-1
509,2,852.57,456.16,52.94,110.44,0.9231,2,2,-1
509,3,1592.01,519.53,45.98,108.70,0.9149,2,2,-1
509,6,1431.93,393.23,34.31,104.99,0.8964,2,2,-1
509,7,553.36,389.50,42.13,97.47,0.9433,3,0,-1
509,11,822.41,357.73,52.79,87.04,0.9310,2,2,-1
509,13,1179.16,588.22,54.30,130.33,0.9368,2,1,-1
509,14,274.61,374.94,54.92,90.06,0.8932,2,2,-1
509,19,832.44,302.06,42.85,65.52,0.9115,2,2,-1
509,33,0.73,611.91,22.67,80.82,0.8748,2,1,-1
509,36,1000.30,540.34,48.70,122.85,0.9380,2,2,-1
509,51,624.29,559.35,46.51,132.95,0.9272,2,1,-1
509,52,615.97,325.69,49.71,76.24,0.9337,2,2,-1
509,53,1523.19,443.80,59.36,104.41,0.9173,2,2,-1
509,56,407.64,365.69,38.90,68.21,0.8222,2,1,-1
509,59,681.49,278.84,33.21,62.45,0.8677,2,1,-1
509,60,445.59,330.37,59.00,77.70,0.8669,2,1,-1
510,2,854.13,457.11,50.55,109.43,0.9264,2,2,-1
510,3,1590.96,516.48,46.29,110.95,0.9213,2,2,-1
510,6,1432.64,393.38,33.20,102.93,0.8911,2,2,-1
510,7,549.22,389.51,41.50,97.97,0.9377,3,0,-1
510,10,1443.47,495.59,33.16,45.98,0.7702,2,1,-1
510,11,824.16,359.98,50.54,85.66,0.9339,2,2,-1
510,13,1180.54,588.95,53.24,127.49,0.9391,2,1,-1
510,14,284.56,376.13,51.08,88.93,0.8572,2,2,-1
510,19,832.68,300.18,41.08,67.13,0.9075,2,2,-1
510,33,-2.51,611.73,31.09,120.57,0.8003,2,1,-1
510,36,998.54,538.83,54.93,123.41,0.9384,2,2,-1
510,51,622.63,559.84,46.55,129.81,0.9320,2,1,-1
510,52,614.89,325.51,50.37,78.25,0.9344,2,2,-1
510,53,1527.55,441.95,51.61,104.71,0.9114,2,2,-1
510,56,403.69,363.90,44.95,69.86,0.9124,2,1,-1
510,59,683.11,281.99,30.94,59.41,0.5789,2,1,-1
510,60,449.51,330.24,53.08,72.64,0.9029,2,1,-1
511,2,851.44,456.66,50.92,109.33,0.9260,2,2,-1
511,3,1589.87,513.97,47.15,114.38,0.9316,2,2,-1
511,6,1432.10,394.78,33.31,100.19,0.9032,2,2,-1
511,7,545.25,389.68,41.00,97.77,0.9510,3,0,-1
511,11,827.75,361.01,44.91,84.90,0.9285,2,2,-1
511,13,1183.24,590.64,52.18,124.80,0.9353,2,1,-1
511,14,294.90,375.85,46.18,89.50,0.8916,2,2,-1
511,19,835.73,301.49,38.83,65.69,0.8259,2,2,-1
511,33,-0.92,612.07,31.37,128.80,0.8394,2,1,-1
511,36,997.85,539.22,60.11,121.36,0.9342,2,2,-1
511,38,459.29,329.73,41.36,80.78,0.9084,2,1,-1
511,51,620.08,560.48,46.86,129.13,0.9205,2,1,-1
511,52,614.73,326.56,49.86,79.30,0.9289,2,2,-1
511,53,1531.38,440.22,46.46,106.67,0.9140,2,2,-1
511,56,406.30,363.86,48.85,70.93,0.8706,2,1,-1
512,2,849.18,455.06,51.14,109.46,0.9299,2,2,-1
512,3,1587.85,513.41,48.54,110.75,0.9279,2,2,-1
512,6,1430.67,394.89,34.65,99.32,0.9120,2,2,-1
512,7,541.13,389.52,41.44,98.13,0.9420,3,0,-1
512,11,832.93,363.00,38.12,82.73,0.9106,2,2,-1
512,12,0.04,613.49,29.90,77.42,0.8828,2,1,-1
512,13,1188.58,590.79,49.16,125.80,0.9282,2,1,-1
512,14,296.98,373.78,49.37,91.99,0.9148,2,2,-1
512,19,837.22,298.74,37.96,72.19,0.8513,2,2,-1
512,36,998.84,539.07,70.08,118.67,0.9328,2,2,-1
512,38,460.96,331.06,37.78,76.94,0.9178,2,1,-1
512,51,619.47,560.33,42.32,97.79,0.9261,2,1,-1
512,52,615.79,327.29,45.91,77.77,0.9247,2,2,-1
512,53,1532.95,438.48,42.81,108.24,0.9235,2,2,-1
512,56,407.71,363.47,49.40,73.36,0.8415,2,1,-1
512,59,683.06,286.13,26.92,56.01,0.7630,2,1,-1
512,0,476.99,402.94,13.02,13.35,1.0,0,-1,-1
513,2,843.59,452.86,53.41,110.63,0.9294,2,2,-1
513,3,1585.23,513.43,51.29,109.64,0.9271,2,2,-1
513,6,1429.94,394.52,35.43,100.23,0.9180,2,2,-1
513,7,535.99,389.58,42.25,98.11,0.9391,3,0,-1
513,11,838.78,361.19,33.23,84.79,0.9069,2,2,-1
513,12,-0.92,613.59,31.93,88.09,0.8566,2,1,-1
513,13,1191.11,587.76,47.49,127.94,0.9283,2,1,-1
513,14,295.35,371.62,54.19,95.06,0.9246,2,2,-1
513,19,839.24,297.09,35.51,75.14,0.8695,2,2,-1
513,36,999.94,540.33,72.30,117.50,0.9390,2,2,-1
513,38,461.89,332.07,35.18,75.23,0.9166,2,1,-1
513,51,616.32,558.63,46.38,130.77,0.9219,2,1,-1
513,52,617.59,328.21,40.78,77.34,0.8993,2,2,-1
513,53,1533.12,437.76,41.74,105.27,0.9257,2,2,-1
513,56,420.66,365.46,42.34,72.41,0.7966,2,1,-1
513,59,685.21,276.85,25.79,65.33,0.8469,2,1,-1
513,0,479.23,405.17,13.28,12.06,1.0,0,-1,-1
514,2,840.04,451.45,55.27,113.10,0.9241,2,2,-1
514,3,1583.91,513.54,52.10,108.23,0.9268,2,2,-1
514,6,1431.14,393.16,36.26,101.53,0.9211,2,2,-1
514,7,531.07,389.46,41.29,98.38,0.9396,3,0,-1
514,11,842.37,358.84,30.67,87.28,0.9040,2,2,-1
514,13,1193.63,585.65,46.52,125.69,0.9218,2,1,-1
514,14,296.17,370.98,59.40,95.27,0.9257,2,2,-1
514,19,841.03,297.43,32.20,72.65,0.8819,2,2,-1
514,33,1.14,613.37,30.73,109.00,0.8544,2,1,-1
514,36,1002.88,541.95,70.67,115.08,0.9418,2,2,-1
514,38,463.40,333.69,31.73,74.83,0.9003,2,1,-1
514,51,617.55,555.59,42.72,132.87,0.9293,2,1,-1
514,52,620.30,328.88,35.89,76.99,0.9094,2,2,-1
514,53,1533.63,437.53,41.30,104.13,0.9323,2,2,-1
514,56,426.96,367.39,34.86,70.21,0.8576,2,1,-1
514,59,686.57,282.03,23.16,59.71,0.8563,2,1,-1
514,0,481.14,406.98,13.47,12.34,1.0,0,-1,-1
515,2,838.34,451.38,56.10,108.44,0.9280,2,2,-1
515,3,1583.96,514.37,52.92,107.76,0.9275,2,2,-1
515,6,1430.69,391.40,39.80,103.55,0.9163,2,2,-1
515,7,526.81,389.23,38.75,98.45,0.9343,3,0,-1
515,11,845.14,358.34,30.32,87.39,0.9032,2,2,-1
515,13,1193.41,582.78,46.93,126.80,0.9268,2,1,-1
515,14,298.35,369.58,64.82,92.04,0.9280,2,2,-1
515,19,841.74,296.89,30.85,72.84,0.8964,2,2,-1
515,33,1.17,612.79,36.68,121.31,0.8528,2,1,-1
515,36,1010.46,541.65,68.62,115.57,0.9360,2,2,-1
515,38,465.30,336.70,28.18,68.61,0.8911,2,1,-1
515,51,619.18,552.16,39.04,109.30,0.9210,2,1,-1
515,52,621.76,328.88,33.14,77.34,0.9080,2,2,-1
515,53,1535.19,437.95,40.14,103.19,0.9165,2,2,-1
515,56,428.87,368.20,34.91,69.78,0.8859,2,1,-1
515,59,685.88,284.82,25.74,57.28,0.8656,2,1,-1
515,63,1459.58,427.33,68.42,93.21,0.8423,2,-1,-1
515,0,483.52,408.27,12.92,13.15,1.0,0,-1,-1
516,2,836.30,451.62,57.93,106.14,0.9331,2,2,-1
516,3,1584.22,514.61,52.23,107.29,0.9236,2,2,-1
516,6,1428.54,390.39,42.90,103.22,0.9269,2,2,-1
516,7,521.97,389.07,34.86,98.82,0.9315,3,0,-1
516,11,849.19,359.01,31.42,86.98,0.9125,2,2,-1
516,13,1195.75,580.04,45.37,127.41,0.9211,2,1,-1
516,14,313.25,369.11,61.45,86.95,0.8775,2,2,-1
516,19,843.39,297.30,29.38,74.40,0.8868,2,2,-1
516,36,1021.89,539.63,60.95,118.50,0.9348,2,2,-1
516,38,466.48,339.67,28.66,72.34,0.8635,2,1,-1
516,41,0.69,611.37,40.46,72.14,0.7750,2,1,-1
516,51,616.36,549.47,43.82,130.20,0.9219,2,1,-1
516,52,622.68,328.57,32.35,78.71,0.9134,2,2,-1
516,53,1533.64,438.95,42.11,99.69,0.9044,2,2,-1
516,56,428.45,368.25,38.83,70.15,0.8721,2,1,-1
516,59,683.04,274.07,32.62,68.24,0.8898,2,1,-1
516,63,1464.10,425.96,55.47,88.32,0.8884,2,-1,-1
516,0,484.99,410.01,14.11,12.82,1.0,0,-1,-1
517,2,837.06,452.49,58.77,104.22,0.9297,2,2,-1
517,3,1587.55,513.61,49.59,106.97,0.9268,2,2,-1
517,6,1426.98,389.44,45.63,103.63,0.9303,2,2,-1
517,7,518.33,389.37,31.28,98.19,0.9265,3,0,-1
517,11,853.82,359.26,32.94,87.31,0.9173,2,2,-1
517,13,1197.41,578.26,45.25,129.03,0.9239,2,1,-1
517,14,322.95,369.62,60.36,89.49,0.8928,2,2,-1
517,19,845.27,298.70,29.14,71.00,0.8883,2,2,-1
517,33,0.84,609.87,40.78,126.41,0.8588,2,1,-1
517,36,1032.91,536.90,51.93,120.52,0.9312,2,2,-1
517,38,469.30,340.81,29.05,73.23,0.8847,2,1,-1
517,51,616.41,547.38,42.65,130.08,0.9257,2,1,-1
517,52,623.76,328.74,32.31,80.62,0.9207,2,2,-1
517,53,1533.24,438.60,44.38,98.36,0.9053,2,2,-1
517,56,429.31,368.89,44.38,71.23,0.9114,2,1,-1
517,59,683.52,281.37,34.16,60.66,0.8961,2,1,-1
517,63,1467.78,424.78,63.03,105.01,0.8862,2,-1,-1
517,0,486.04,410.74,14.86,13.80,1.0,0,-1,-1
518,2,840.69,452.52,57.50,104.27,0.9273,2,2,-1
518,3,1589.89,511.46,47.54,108.47,0.8990,2,2,-1
518,6,1425.99,389.50,46.37,101.69,0.9333,2,2,-1
518,7,514.26,388.96,30.45,98.96,0.9153,3,0,-1
518,11,858.37,363.76,33.11,83.41,0.9118,2,2,-1
518,13,1200.03,579.05,43.26,125.12,0.9175,2,1,-1
518,14,330.57,370.60,54.65,87.93,0.9151,2,2,-1
518,19,847.23,301.75,31.98,68.54,0.8958,2,2,-1
518,33,0.13,609.27,45.51,139.27,0.9080,2,1,-1
518,36,1039.44,534.59,48.90,121.85,0.9280,2,2,-1
518,38,470.53,341.98,30.43,77.78,0.8526,2,1,-1
518,51,614.25,547.38,43.70,130.17,0.9333,2,1,-1
518,52,624.24,329.08,32.67,81.91,0.9222,2,2,-1
518,53,1532.46,437.60,47.13,99.93,0.9041,2,2,-1
518,56,430.87,370.51,46.49,71.29,0.8974,2,1,-1
518,59,683.09,280.26,35.26,61.97,0.8787,2,1,-1
518,63,1463.07,424.03,64.01,106.25,0.9117,2,1,-1
518,0,488.94,411.66,13.95,13.46,1.0,0,-1,-1
519,2,843.58,450.39,57.27,105.72,0.9275,2,2,-1
519,3,1591.43,509.66,46.02,108.74,0.9133,2,2,-1
519,6,1425.56,389.96,47.31,99.58,0.9311,2,2,-1
519,7,510.02,389.30,29.51,98.18,0.9209,3,0,-1
519,11,860.43,365.07,34.65,81.10,0.9149,2,2,-1
519,13,1201.10,580.37,42.73,123.58,0.9227,2,1,-1
519,14,329.10,371.04,54.77,88.97,0.9076,2,2,-1
519,19,847.03,303.03,36.02,69.63,0.9156,2,2,-1
519,33,0.76,608.88,48.54,142.75,0.9019,2,1,-1
519,36,1042.11,532.56,50.53,124.12,0.9268,2,2,-1
519,38,473.51,343.01,28.92,78.27,0.8624,2,1,-1
519,51,612.28,547.62,45.27,127.63,0.9349,2,1,-1
519,52,624.54,330.13,32.91,81.81,0.9130,2,2,-1
519,53,1532.78,434.89,50.24,102.29,0.9139,2,2,-1
519,56,435.52,371.74,44.07,73.02,0.8610,2,1,-1
519,59,683.93,283.78,33.08,59.04,0.8784,2,1,-1
519,63,1466.19,424.56,63.47,105.63,0.9184,2,1,-1
520,2,842.59,449.48,58.79,106.99,0.9331,2,2,-1
520,3,1592.20,508.02,45.27,111.04,0.9178,2,2,-1
520,6,1427.12,390.02,46.87,98.91,0.9237,2,2,-1
520,7,504.61,389.82,30.02,97.09,0.9060,3,0,-1
520,11,861.67,365.16,35.34,81.41,0.9178,2,2,-1
520,13,1203.04,581.12,41.91,121.88,0.9268,2,1,-1
520,14,327.94,370.28,56.08,88.32,0.8995,2,2,-1
520,19,847.73,303.99,36.33,67.55,0.8929,2,2,-1
520,33,4.53,608.86,58.39,134.92,0.9032,2,1,-1
520,36,1044.59,531.56,52.13,124.88,0.9300,2,2,-1
520,38,474.77,344.96,28.16,76.40,0.8782,2,1,-1
520,51,612.18,548.90,45.33,125.08,0.9358,2,1,-1
520,52,625.51,332.42,33.37,79.72,0.9054,2,2,-1
520,53,1532.29,432.16,53.70,104.77,0.9263,2,2,-1
520,56,446.67,377.13,37.06,68.17,0.7486,2,1,-1
520,59,686.34,287.52,29.47,54.61,0.8543,2,1,-1
520,63,1470.63,425.71,63.05,104.33,0.9244,2,1,-1
521,2,843.93,446.84,59.41,107.30,0.9359,2,2,-1
521,3,1593.17,507.54,43.87,109.97,0.9172,2,2,-1
521,6,1429.68,389.51,44.21,99.36,0.9141,2,2,-1
521,7,497.07,389.25,33.24,97.26,0.9212,3,0,-1
521,11,861.83,366.44,36.70,81.84,0.9084,2,2,-1
521,13,1206.74,580.29,38.64,108.11,0.9271,2,1,-1
521,14,328.84,369.76,64.03,88.52,0.9312,2,2,-1
521,19,847.75,304.98,36.48,66.50,0.8837,2,2,-1
521,33,1.54,609.07,66.44,135.46,0.9210,2,1,-1
521,36,1047.74,532.41,54.36,120.30,0.9343,2,2,-1
521,51,612.93,548.21,43.99,125.64,0.9284,2,1,-1
521,52,626.59,334.01,38.32,77.98,0.9135,2,2,-1
521,53,1532.86,429.81,56.38,106.45,0.9313,2,2,-1
521,56,454.90,374.71,32.10,69.90,0.8486,2,1,-1
521,59,687.18,278.53,28.60,63.28,0.8740,2,1,-1
521,60,474.25,347.20,37.09,65.23,0.8565,2,1,-1
521,63,1478.46,425.90,57.38,103.54,0.9255,2,1,-1
522,2,845.82,445.93,58.85,106.27,0.9365,2,2,-1
522,3,1593.24,508.15,43.57,107.42,0.9163,2,2,-1
522,6,1432.60,388.24,40.98,101.06,0.9133,2,2,-1
522,7,491.51,390.05,34.83,97.69,0.9091,3,0,-1
522,11,864.57,367.77,37.50,79.03,0.8617,2,2,-1
522,13,1208.34,577.68,40.04,121.80,0.9266,2,1,-1
522,14,332.17,369.18,67.14,84.11,0.9331,2,2,-1
522,19,845.67,304.71,36.07,66.63,0.8917,2,2,-1
522,33,0.28,609.53,66.94,132.70,0.9352,2,1,-1
522,36,1050.75,533.16,55.39,119.44,0.9392,2,2,-1
522,51,612.83,546.65,42.91,126.32,0.9279,2,1,-1
522,52,627.59,335.88,42.81,76.42,0.9122,2,2,-1
522,53,1533.86,427.74,56.92,107.77,0.9252,2,2,-1
522,56,457.61,378.06,31.24,67.08,0.8240,2,1,-1
522,59,688.89,274.13,27.34,67.27,0.8125,2,1,-1
522,60,478.47,348.89,37.49,53.77,0.8685,2,1,-1
522,63,1485.46,424.83,52.56,96.39,0.9012,2,1,-1
523,2,850.28,445.48,56.61,103.41,0.9231,2,2,-1
523,3,1592.13,508.98,43.75,106.00,0.9158,2,2,-1
523,6,1434.57,387.01,37.15,100.15,0.9137,2,2,-1
523,7,483.37,390.44,38.11,96.80,0.9107,3,0,-1
523,11,869.27,368.48,38.42,74.10,0.8316,2,2,-1
523,13,1208.61,574.30,40.64,124.33,0.9256,2,1,-1
523,14,339.95,369.80,64.98,79.77,0.9017,2,2,-1
523,19,845.64,305.56,35.50,66.94,0.9052,2,2,-1
523,33,-0.17,609.45,65.45,130.80,0.9022,2,1,-1
523,36,1056.75,534.34,51.10,117.53,0.9279,2,2,-1
523,51,613.43,543.80,42.72,127.99,0.9186,2,1,-1
523,52,629.98,336.50,40.74,72.74,0.8352,2,2,-1
523,53,1537.37,426.88,56.63,107.53,0.9231,2,2,-1
523,56,456.63,374.96,35.60,68.65,0.8831,2,1,-1
523,59,690.29,275.64,25.10,64.43,0.6295,2,1,-1
523,60,481.60,350.19,39.33,52.82,0.8860,2,1,-1
523,63,1487.92,423.33,52.76,105.15,0.9157,2,1,-1
524,2,858.44,445.36,50.36,103.14,0.9294,2,2,-1
524,3,1590.75,508.37,45.49,106.95,0.9195,2,2,-1
524,6,1436.91,386.48,34.48,100.09,0.9085,2,2,-1
524,7,479.06,391.10,39.67,96.95,0.9161,3,0,-1
524,11,869.24,368.91,44.39,81.96,0.9254,2,2,-1
524,13,1207.94,571.02,42.55,125.70,0.9269,2,1,-1
524,19,847.72,305.56,34.62,67.24,0.9056,2,2,-1
524,36,1063.97,535.51,47.30,115.93,0.9227,2,2,-1
524,41,16.80,610.05,44.21,90.78,0.7489,2,1,-1
524,47,374.62,370.31,31.17,81.41,0.8533,2,1,-1
524,51,615.03,540.60,39.26,92.99,0.9112,2,1,-1
524,52,629.17,337.46,40.43,73.65,0.8808,2,2,-1
524,53,1538.34,425.81,56.76,109.25,0.9196,2,2,-1
524,59,689.52,267.86,24.96,71.48,0.8097,2,1,-1
524,60,485.53,351.24,38.77,51.21,0.8712,2,1,-1
524,63,1489.64,422.33,54.43,105.87,0.9169,2,1,-1
525,2,868.04,444.57,42.72,104.25,0.9290,2,2,-1
525,3,1590.10,507.80,46.80,106.28,0.9198,2,2,-1
525,6,1438.67,386.29,32.68,100.57,0.9047,2,2,-1
525,7,468.87,387.11,45.50,101.25,0.9033,3,0,-1
525,11,867.83,367.55,48.02,83.18,0.9289,2,2,-1
525,13,1206.55,568.55,46.29,125.44,0.9315,2,1,-1
525,19,850.91,305.53,32.61,67.56,0.8954,2,2,-1
525,36,1069.85,534.49,45.66,117.15,0.9318,2,2,-1
525,41,20.52,609.10,45.16,101.59,0.7932,2,1,-1
525,47,375.33,371.15,34.09,80.85,0.8737,2,1,-1
525,51,611.00,536.74,48.17,133.84,0.9113,2,1,-1
525,52,629.37,336.71,39.06,74.46,0.9108,2,2,-1
525,53,1540.57,425.11,56.71,107.16,0.9192,2,2,-1
525,59,691.21,268.18,23.86,71.72,0.8561,2,1,-1
525,63,1493.40,422.78,51.71,102.16,0.9071,2,1,-1
525,0,511.82,418.14,14.92,17.23,1.0,0,-1,-1
526,2,869.92,442.36,41.93,105.03,0.9286,2,2,-1
526,3,1592.90,506.47,46.50,106.82,0.9245,2,2,-1
526,6,1439.45,386.72,31.72,98.34,0.9045,2,2,-1
526,7,468.61,392.13,43.77,96.53,0.9229,3,0,-1
526,11,866.35,367.99,49.46,82.08,0.9310,2,2,-1
526,13,1203.45,566.97,52.10,124.66,0.9385,2,1,-1
526,19,853.79,304.91,31.05,69.00,0.8898,2,2,-1
526,33,15.12,607.92,56.84,135.00,0.7578,2,1,-1
526,36,1073.78,532.90,45.38,118.56,0.9330,2,2,-1
526,51,612.44,535.18,45.07,130.03,0.9181,2,1,-1
526,52,628.23,335.49,39.38,75.48,0.9180,2,2,-1
526,53,1541.51,424.90,56.51,105.68,0.9100,2,2,-1
526,54,377.68,371.96,46.27,79.90,0.9062,2,1,-1
526,59,693.32,269.17,24.17,70.90,0.8875,2,1,-1
526,63,1495.73,424.01,52.63,101.70,0.9054,2,1,-1
526,0,519.66,419.86,13.72,14.88,1.0,0,-1,-1
527,2,868.55,442.38,46.66,103.60,0.9286,2,2,-1
527,3,1594.61,504.17,45.74,107.76,0.9244,2,2,-1
527,6,1439.42,387.87,31.58,97.74,0.9169,2,2,-1
527,7,466.31,391.05,43.81,97.68,0.9317,3,0,-1
527,11,862.36,367.32,50.99,82.15,0.9241,2,2,-1
527,13,1204.76,567.09,53.04,122.66,0.9333,2,1,-1
527,19,856.70,304.55,29.21,69.61,0.8938,2,2,-1
527,36,1075.68,530.29,45.68,120.87,0.9350,2,2,-1
527,38,501.34,355.88,28.33,57.98,0.8619,2,1,-1
527,41,28.56,607.88,39.59,88.25,0.8462,2,1,-1
527,51,612.21,534.50,45.24,128.23,0.9233,2,1,-1
527,52,629.24,335.87,36.40,75.88,0.9248,2,2,-1
527,53,1545.97,425.86,53.13,102.59,0.9080,2,2,-1
527,54,378.68,372.70,55.76,79.31,0.9238,2,1,-1
527,59,694.44,271.80,26.23,67.79,0.8893,2,1,-1
527,63,1498.48,423.97,51.96,101.69,0.9201,2,1,-1
527,0,526.12,420.38,14.85,14.48,1.0,0,-1,-1
528,2,866.25,438.46,52.39,107.47,0.9328,2,2,-1
528,3,1594.61,502.56,46.22,108.67,0.9261,2,2,-1
528,6,1439.73,388.74,31.68,95.92,0.9139,2,2,-1
528,7,463.15,391.61,42.61,97.08,0.9193,3,0,-1
528,11,862.72,367.68,46.45,81.25,0.9146,2,2,-1
528,13,1207.71,568.20,54.20,121.44,0.9284,2,1,-1
528,19,857.96,304.43,28.54,69.78,0.9145,2,2,-1
528,33,29.44,606.96,46.54,136.57,0.9248,2,1,-1
528,36,1076.40,527.93,50.46,122.61,0.9321,2,2,-1
528,38,506.60,357.23,27.77,60.36,0.8337,2,1,-1
528,51,610.63,534.57,44.37,121.91,0.9216,2,1,-1
528,52,629.96,337.09,34.12,77.19,0.8979,2,2,-1
528,53,1550.62,427.30,50.47,101.91,0.9125,2,2,-1
528,54,379.06,372.79,67.52,79.76,0.9341,2,1,-1
528,59,694.12,274.24,29.94,65.68,0.8966,2,1,-1
528,63,1500.76,423.71,55.34,102.83,0.9317,2,1,-1
528,0,533.41,422.77,15.52,13.86,1.0,0,-1,-1
529,2,865.12,437.66,60.86,106.38,0.9339,2,2,-1
529,3,1593.67,500.01,47.90,110.46,0.9293,2,2,-1
529,6,1439.65,388.86,31.47,94.18,0.9150,2,2,-1
529,7,460.27,391.73,40.91,97.18,0.9370,3,0,-1
529,11,861.56,368.44,42.29,79.83,0.9152,2,2,-1
529,13,1211.05,568.81,52.54,120.28,0.9263,2,1,-1
529,19,858.83,305.09,28.27,69.75,0.9113,2,2,-1
529,33,32.28,607.37,47.87,134.73,0.8580,2,1,-1
529,36,1075.54,526.66,59.51,123.69,0.9360,2,2,-1
529,38,512.48,357.43,26.21,56.23,0.7888,2,1,-1
529,51,609.60,535.54,42.99,107.59,0.9200,2,1,-1
529,52,631.28,339.08,33.45,80.56,0.9194,2,2,-1
529,53,1550.77,428.21,53.49,101.85,0.9173,2,2,-1
529,54,385.63,373.27,66.57,74.96,0.8567,2,1,-1
529,56,495.83,394.08,29.60,60.24,0.7896,2,1,-1
529,59,692.16,280.06,33.51,60.19,0.8985,2,1,-1
529,63,1499.70,422.28,60.58,103.97,0.9275,2,1,-1
529,0,540.92,424.60,15.45,14.61,1.0,0,-1,-1
530,2,864.12,436.34,67.86,104.42,0.9356,2,2,-1
530,3,1592.91,499.94,49.13,108.30,0.9298,2,2,-1
530,6,1439.08,387.90,32.24,95.43,0.9174,2,2,-1
530,7,455.09,391.44,39.18,96.78,0.9143,3,0,-1
530,11,862.94,369.54,41.74,80.43,0.9027,2,2,-1
530,13,1218.18,568.24,48.03,120.45,0.9270,2,1,-1
530,19,859.63,306.42,28.43,71.50,0.8914,2,2,-1
530,33,29.27,607.53,60.44,136.45,0.9208,2,1,-1
530,36,1074.90,526.77,64.18,122.27,0.9369,2,2,-1
530,38,518.70,357.79,25.84,52.76,0.7992,2,1,-1
530,51,605.63,535.18,45.96,122.92,0.9237,2,1,-1
530,52,633.59,341.44,31.90,79.25,0.9078,2,2,-1
530,54,411.27,373.80,54.32,73.97,0.8259,2,1,-1
530,56,491.75,379.99,38.47,74.80,0.8919,2,1,-1
530,59,689.36,277.78,37.34,62.37,0.8985,2,1,-1
530,63,1498.33,420.98,64.78,103.38,0.9310,2,1,-1
530,0,547.89,425.31,14.03,13.71,1.0,0,-1,-1
531,2,865.32,435.97,69.56,104.60,0.9359,2,2,-1
531,3,1592.46,500.63,50.17,106.97,0.9284,2,2,-1
531,6,1438.49,386.75,33.83,95.22,0.9223,2,2,-1
531,7,450.67,391.00,37.21,97.65,0.9141,3,0,-1
531,11,863.76,371.80,41.24,79.92,0.8799,2,2,-1
531,13,1220.32,565.95,47.01,123.20,0.9239,2,1,-1
531,19,859.40,308.12,28.61,69.78,0.8936,2,2,-1
531,33,24.66,608.39,68.54,135.58,0.9254,2,1,-1
531,36,1074.25,527.50,66.11,121.59,0.9388,2,2,-1
531,51,605.53,534.88,43.52,122.86,0.9198,2,1,-1
531,52,633.24,344.72,33.57,76.26,0.9059,2,2,-1
531,54,422.03,375.45,43.63,70.04,0.8100,2,1,-1
531,56,492.89,380.79,42.16,75.81,0.8648,2,1,-1
531,59,687.18,277.24,39.05,64.00,0.9199,2,1,-1
531,63,1499.76,421.03,66.18,101.11,0.9331,2,1,-1
531,0,550.47,425.62,16.22,13.11,1.0,0,-1,-1
532,2,868.29,436.88,67.08,103.85,0.9389,2,2,-1
532,3,1593.01,501.14,49.87,105.89,0.9241,2,2,-1
532,6,1436.24,385.69,36.60,95.61,0.9239,2,2,-1
532,7,442.67,388.18,37.81,100.30,0.8512,3,0,-1
532,11,866.19,375.99,39.58,79.09,0.8913,2,2,-1
532,13,1219.84,562.47,48.20,124.92,0.9302,2,1,-1
532,19,860.07,310.38,29.83,69.32,0.8794,2,2,-1
532,33,27.35,609.10,71.38,127.45,0.9218,2,1,-1
532,36,1078.14,529.20,62.60,118.68,0.9341,2,2,-1
532,38,527.02,359.70,29.20,54.58,0.8354,2,1,-1
532,51,606.22,533.05,41.36,124.19,0.9265,2,1,-1
532,52,632.24,345.99,37.64,75.65,0.9094,2,2,-1
532,56,503.35,390.72,38.32,68.68,0.7157,2,1,-1
532,59,686.18,276.90,38.69,64.84,0.9185,2,1,-1
532,63,1508.35,420.21,61.11,98.46,0.9355,2,1,-1
532,0,559.54,426.27,13.29,13.89,1.0,0,-1,-1
533,2,873.10,435.75,64.04,104.81,0.9333,2,2,-1
533,3,1592.87,501.16,48.53,105.38,0.9190,2,2,-1
533,6,1434.53,385.46,39.70,96.25,0.9249,2,2,-1
533,7,437.29,390.94,37.42,97.61,0.8324,3,0,-1
533,11,867.56,374.35,38.76,81.99,0.8853,2,2,-1
533,13,1221.59,559.82,47.55,124.25,0.9288,2,1,-1
533,19,861.09,311.20,30.35,66.80,0.8754,2,2,-1
533,33,22.12,609.01,79.57,136.21,0.9206,2,1,-1
533,36,1083.12,530.22,59.80,117.89,0.9339,2,2,-1
533,38,531.12,360.21,30.96,60.36,0.8208,2,1,-1
533,51,606.07,530.30,39.86,125.79,0.9294,2,1,-1
533,52,631.78,346.85,40.30,76.40,0.9156,2,2,-1
533,53,1563.39,425.76,45.39,103.26,0.9218,2,2,-1
533,56,513.94,404.68,28.89,54.81,0.7888,2,1,-1
533,59,687.67,280.80,34.73,60.53,0.8832,2,1,-1
533,63,1516.93,419.44,55.70,104.02,0.9221,2,1,-1
533,0,563.40,429.03,13.91,12.96,1.0,0,-1,-1
534,2,879.82,434.21,59.44,105.36,0.9335,2,2,-1
534,3,1592.86,500.43,46.44,104.84,0.9205,2,2,-1
534,6,1434.80,385.64,39.03,96.72,0.9185,2,2,-1
534,7,434.34,392.25,33.04,96.74,0.8882,3,0,-1
534,11,863.95,375.46,41.08,81.44,0.9209,2,2,-1
534,13,1222.90,558.30,47.15,123.07,0.9303,2,1,-1
534,19,858.29,311.12,34.10,66.71,0.9151,2,2,-1
534,33,18.62,606.82,84.23,140.53,0.9050,2,1,-1
534,36,1089.40,529.79,56.23,117.68,0.9340,2,2,-1
534,38,458.61,377.35,37.35,69.79,0.9064,2,1,-1
534,51,605.66,527.10,39.78,124.09,0.9318,2,1,-1
534,52,632.25,347.44,43.72,78.44,0.9238,2,2,-1
534,53,1566.44,423.13,42.25,104.58,0.9062,2,2,-1
534,56,516.28,385.67,36.80,73.70,0.8701,2,1,-1
534,59,689.77,290.43,29.17,51.12,0.6293,2,1,-1
534,63,1523.78,418.60,48.24,104.03,0.9230,2,1,-1
534,0,568.07,431.24,14.92,14.07,1.0,0,-1,-1
535,2,888.00,431.94,53.80,108.30,0.9211,2,2,-1
535,3,1592.12,498.43,46.22,107.22,0.9217,2,2,-1
535,6,1434.12,386.34,37.30,96.41,0.9236,2,2,-1
535,7,431.51,392.02,31.54,97.62,0.9053,3,0,-1
535,11,862.77,377.84,41.07,79.46,0.9282,2,2,-1
535,13,1225.60,558.43,45.25,121.92,0.9320,2,1,-1
535,19,855.09,311.45,36.74,66.89,0.9095,2,2,-1
535,36,1097.38,528.21,50.33,119.90,0.9334,2,2,-1
535,38,461.66,379.77,39.70,69.43,0.8060,2,1,-1
535,51,604.32,525.47,39.46,121.71,0.9313,2,1,-1
535,52,632.95,348.51,44.50,79.86,0.9088,2,2,-1
535,53,1566.92,421.30,40.86,103.66,0.9029,2,2,-1
535,56,514.14,395.29,32.60,63.85,0.8778,2,1,-1
535,59,687.92,291.34,27.45,50.61,0.8075,2,1,-1
535,63,1526.03,417.61,45.15,104.99,0.9064,2,1,-1
535,0,572.61,432.13,14.41,13.22,1.0,0,-1,-1
536,2,896.22,430.56,46.01,109.70,0.9197,2,2,-1
536,3,1592.16,497.18,43.85,105.98,0.9266,2,2,-1
536,6,1432.91,386.32,35.67,94.74,0.9214,2,2,-1
536,7,424.79,392.43,31.69,97.41,0.9040,3,0,-1
536,11,861.85,379.28,38.97,80.23,0.9116,2,2,-1
536,13,1228.87,559.31,42.48,120.71,0.9326,2,1,-1
536,19,851.90,309.15,40.13,69.55,0.9123,2,2,-1
536,33,30.38,607.56,80.59,137.32,0.5366,2,1,-1
536,36,1101.94,526.29,46.04,121.98,0.9198,2,2,-1
536,38,459.47,380.00,47.07,69.27,0.7975,2,1,-1
536,51,598.87,524.57,43.16,125.15,0.9258,2,1,-1
536,52,635.77,350.26,42.33,80.01,0.8934,2,2,-1
536,53,1566.83,419.79,40.18,101.54,0.8888,2,2,-1
536,56,513.50,384.03,45.86,77.43,0.9005,2,1,-1
536,59,687.40,289.64,26.42,52.61,0.8189,2,1,-1
536,63,1528.05,417.19,43.73,105.25,0.9120,2,1,-1
536,0,576.46,431.48,14.09,13.68,1.0,0,-1,-1
537,2,898.47,429.22,42.21,108.18,0.9180,2,2,-1
537,3,1591.12,496.06,41.85,108.26,0.9289,2,2,-1
537,6,1431.92,385.82,34.83,95.49,0.9216,2,2,-1
537,7,416.11,392.07,34.36,98.25,0.9265,3,0,-1
537,11,859.63,379.88,39.22,84.08,0.9146,2,2,-1
537,12,54.37,606.53,47.46,137.66,0.5067,2,1,-1
537,13,1230.56,560.15,40.00,120.18,0.9263,2,1,-1
537,19,851.51,311.00,39.99,68.78,0.9120,2,2,-1
537,36,1103.01,524.54,44.39,123.26,0.9216,2,2,-1
537,38,469.79,380.56,48.12,70.10,0.8761,2,1,-1
537,51,593.31,524.58,46.65,123.70,0.9288,2,1,-1
537,52,640.82,352.15,37.20,78.87,0.9223,2,2,-1
537,53,1568.09,419.26,39.99,97.44,0.8907,2,2,-1
537,56,514.03,382.61,54.00,80.44,0.9171,2,1,-1
537,59,687.00,290.72,24.79,51.46,0.8138,2,1,-1
537,63,1529.15,418.39,42.92,102.43,0.9158,2,1,-1
537,0,579.77,431.67,14.05,15.33,1.0,0,-1,-1
538,2,899.35,429.35,40.85,105.24,0.9212,2,2,-1
538,3,1589.32,495.33,41.28,107.80,0.9264,2,2,-1
538,6,1430.38,385.88,37.67,94.50,0.9139,2,2,-1
538,7,407.32,393.19,36.34,97.08,0.9301,3,0,-1
538,11,858.29,381.85,38.35,83.45,0.9170,2,2,-1
538,12,55.04,605.89,42.20,137.22,0.8231,2,1,-1
538,13,1231.32,560.62,38.47,116.86,0.9197,2,1,-1
538,19,855.78,313.96,37.84,68.81,0.7935,2,2,-1
538,36,1104.39,523.85,43.23,123.32,0.9219,2,2,-1
538,38,477.72,381.70,43.93,72.28,0.8084,2,1,-1
538,51,588.84,526.14,50.16,119.82,0.9264,2,1,-1
538,52,639.20,353.39,37.89,78.22,0.9194,2,2,-1
538,53,1567.92,420.21,41.18,96.83,0.8860,2,2,-1
538,56,550.18,359.77,33.68,58.79,0.8826,2,1,-1
538,59,685.51,288.68,26.50,54.04,0.8073,2,1,-1
538,63,1528.44,420.35,44.58,99.35,0.9207,2,1,-1
538,0,583.65,434.26,13.81,14.53,1.0,0,-1,-1
539,2,899.52,430.04,39.52,104.35,0.9210,2,2,-1
539,3,1585.65,495.83,42.43,106.04,0.9158,2,2,-1
539,6,1426.78,386.24,43.01,95.78,0.9192,2,2,-1
539,7,400.34,393.34,37.71,97.26,0.9343,3,0,-1
539,11,856.14,382.07,38.00,84.20,0.9243,2,2,-1
539,12,53.76,606.72,40.10,132.05,0.8945,2,1,-1
539,13,1230.08,558.68,39.79,120.36,0.9245,2,1,-1
539,19,858.03,315.54,33.71,67.96,0.8840,2,2,-1
539,36,1104.54,523.89,42.69,123.56,0.9252,2,2,-1
539,38,486.10,381.49,36.93,66.57,0.8118,2,1,-1
539,51,586.75,526.93,51.74,118.69,0.9298,2,1,-1
539,52,634.50,354.10,40.54,77.95,0.9141,2,2,-1
539,56,555.43,362.45,31.03,56.32,0.8453,2,1,-1
539,59,677.66,275.89,32.66,67.53,0.8358,2,1,-1
539,63,1526.39,423.27,47.01,97.12,0.9182,2,1,-1
539,0,585.42,436.98,14.23,14.51,1.0,0,-1,-1
540,2,899.34,431.83,39.73,103.24,0.9260,2,2,-1
540,3,1581.53,497.52,43.93,104.42,0.9109,2,2,-1
540,6,1424.17,386.75,46.68,95.62,0.9266,2,2,-1
540,7,393.03,393.90,38.50,97.21,0.9292,3,0,-1
540,11,855.28,383.06,36.83,83.62,0.9175,2,2,-1
540,12,51.20,607.50,45.06,137.66,0.9297,2,1,-1
540,13,1226.91,556.36,42.32,120.50,0.9328,2,1,-1
540,19,858.36,316.20,32.92,69.07,0.8963,2,2,-1
540,36,1104.50,525.08,42.31,122.14,0.9227,2,2,-1
540,38,486.49,379.75,45.84,72.67,0.8758,2,1,-1
540,51,586.68,526.57,48.94,118.47,0.9370,2,1,-1
540,52,630.75,352.63,45.59,79.36,0.9290,2,2,-1
540,56,559.04,366.87,31.13,56.06,0.8179,2,1,-1
540,63,1524.48,425.07,48.19,92.90,0.9173,2,1,-1
540,0,588.16,438.41,15.03,14.28,1.0,0,-1,-1
541,2,899.62,434.19,44.05,100.69,0.9279,2,2,-1
541,3,1577.29,498.61,45.03,101.80,0.9271,2,2,-1
541,6,1420.56,388.13,48.45,93.84,0.9271,2,2,-1
541,7,386.75,394.39,38.56,97.21,0.9285,3,0,-1
541,11,852.84,383.28,37.25,83.36,0.9092,2,2,-1
541,13,1222.69,553.67,46.11,121.94,0.9308,2,1,-1
541,19,857.46,315.93,34.56,68.02,0.9106,2,2,-1
541,33,44.82,609.11,64.86,136.68,0.9288,2,1,-1
541,36,1103.44,526.79,43.92,120.12,0.9256,2,2,-1
541,38,483.71,378.57,54.61,74.45,0.8894,2,1,-1
541,51,588.05,524.57,46.00,121.39,0.9347,2,1,-1
541,52,627.03,352.94,50.79,79.80,0.9323,2,2,-1
541,53,1563.65,425.87,57.71,93.18,0.9143,2,2,-1
541,56,562.61,368.75,32.71,60.33,0.7855,2,1,-1
541,0,591.34,439.76,14.39,14.85,1.0,0,-1,-1
542,2,898.18,435.66,52.09,100.14,0.9342,2,2,-1
542,3,1573.54,495.48,46.03,104.91,0.9273,2,2,-1
542,6,1416.89,389.28,47.43,93.80,0.9292,2,2,-1
542,7,380.30,394.97,39.30,96.65,0.9258,3,0,-1
542,11,849.82,383.75,38.33,83.44,0.9095,2,2,-1
542,13,1218.23,552.00,52.35,120.93,0.9422,2,1,-1
542,19,854.93,316.21,36.81,69.13,0.9046,2,2,-1
542,33,38.82,610.80,65.73,135.38,0.9336,2,1,-1
542,36,1100.98,528.42,45.04,118.47,0.9230,2,2,-1
542,38,487.66,378.12,59.83,74.78,0.8398,2,1,-1
542,51,587.79,521.85,44.86,123.19,0.9256,2,1,-1
542,52,625.58,353.64,54.34,82.03,0.9272,2,2,-1
542,56,571.33,370.73,37.05,63.01,0.6877,2,1,-1
542,59,666.30,276.94,31.71,68.16,0.7354,2,1,-1
542,63,1521.90,428.97,55.60,90.39,0.9164,2,1,-1
542,0,592.53,441.62,15.03,15.62,1.0,0,-1,-1
543,2,896.06,436.53,58.95,99.38,0.9430,2,2,-1
543,3,1570.38,496.06,45.69,104.62,0.9157,2,2,-1
543,6,1412.53,390.53,45.22,92.45,0.9223,2,2,-1
543,7,374.03,395.55,38.77,96.45,0.9303,3,0,-1
543,11,847.77,383.73,38.81,82.61,0.9069,2,2,-1
543,13,1215.82,551.51,53.84,118.00,0.9393,2,1,-1
543,19,851.33,315.78,40.01,70.83,0.9146,2,2,-1
543,33,35.11,612.03,74.44,134.80,0.9281,2,1,-1
543,36,1098.31,529.14,45.88,118.21,0.9271,2,2,-1
543,38,508.47,378.72,49.71,65.64,0.7414,2,1,-1
543,51,583.88,518.71,46.44,125.68,0.9183,2,1,-1
543,52,625.30,355.43,55.38,83.27,0.9017,2,2,-1
543,56,575.87,372.53,39.72,60.97,0.7048,2,1,-1
543,59,661.83,278.27,29.59,68.42,0.8463,2,1,-1
543,63,1514.28,430.96,58.14,89.97,0.9148,2,1,-1
543,0,595.18,442.96,13.82,14.46,1.0,0,-1,-1
544,2,892.64,437.69,61.43,98.25,0.9445,2,2,-1
544,3,1568.95,494.61,44.41,105.28,0.8999,2,2,-1
544,6,1407.41,390.33,43.18,91.88,0.9211,2,2,-1
544,7,366.90,395.88,39.72,95.33,0.9238,3,0,-1
544,11,844.77,385.12,39.46,82.81,0.9064,2,2,-1
544,13,1211.56,552.16,54.65,118.54,0.9335,2,1,-1
544,19,854.25,317.31,36.99,71.22,0.9031,2,2,-1
544,33,27.75,610.05,77.57,135.47,0.9237,2,1,-1
544,36,1097.46,528.23,46.27,118.46,0.9351,2,2,-1
544,38,514.69,379.05,48.11,72.96,0.7553,2,-1,-1
544,51,582.62,516.59,46.05,124.46,0.9231,2,1,-1
544,52,626.82,356.95,54.64,84.03,0.8866,2,2,-1
544,59,655.86,278.01,27.98,66.66,0.8290,2,1,-1
544,63,1507.76,432.13,61.20,89.89,0.8883,2,1,-1
544,0,594.82,443.34,16.56,16.57,1.0,0,-1,-1
545,2,889.80,437.96,62.57,98.16,0.9357,2,2,-1
545,3,1566.42,491.66,42.79,106.48,0.9169,2,2,-1
545,6,1400.92,390.69,41.23,92.46,0.9197,2,2,-1
545,7,359.68,396.16,39.90,95.28,0.9295,3,0,-1
545,11,840.73,387.11,39.82,82.52,0.9013,2,2,-1
545,13,1217.65,552.67,48.87,118.02,0.9227,2,1,-1
545,19,855.83,318.93,33.51,69.75,0.8966,2,2,-1
545,33,31.70,613.74,77.60,134.98,0.9287,2,1,-1
545,36,1096.33,526.77,50.51,119.71,0.9406,2,2,-1
545,38,519.59,379.59,43.66,76.39,0.8065,2,2,-1
545,51,580.58,516.38,44.89,118.55,0.9262,2,1,-1
545,52,643.57,358.53,43.53,84.46,0.8566,2,2,-1
545,59,650.78,278.68,27.36,67.58,0.8916,2,1,-1
545,63,1499.57,432.92,62.12,87.33,0.9115,2,1,-1
545,70,551.96,392.42,38.07,83.15,0.8522,2,-1,-1
545,0,598.43,446.28,14.21,13.95,1.0,0,-1,-1
546,2,886.03,437.90,61.36,98.49,0.9330,2,2,-1
546,3,1561.98,492.46,43.29,104.91,0.9086,2,2,-1
546,6,1393.74,391.08,39.16,92.09,0.9148,2,2,-1
546,7,352.77,396.61,39.94,94.31,0.9312,3,0,-1
546,11,838.06,388.81,39.04,83.16,0.9178,2,2,-1
546,13,1218.32,551.95,45.85,118.87,0.9246,2,1,-1
546,19,856.78,319.59,30.69,70.09,0.9154,2,2,-1
546,33,26.67,613.75,74.25,136.53,0.9259,2,1,-1
546,36,1092.92,525.19,53.76,119.06,0.9347,2,2,-1
546,38,533.23,379.71,42.27,71.80,0.6004,2,2,-1
546,51,572.01,515.66,49.18,124.68,0.9204,2,1,-1
546,52,637.40,360.46,43.30,83.40,0.8771,2,2,-1
546,53,1551.19,427.49,43.57,84.52,0.8957,2,2,-1
546,56,575.56,379.82,39.84,67.96,0.8734,2,1,-1
546,59,644.77,278.38,27.48,69.24,0.8914,2,1,-1
546,63,1493.49,432.02,64.13,89.66,0.9137,2,1,-1
546,0,600.13,446.34,13.74,14.86,1.0,0,-1,-1
547,2,880.15,437.78,59.96,98.93,0.9355,2,2,-1
547,3,1555.87,490.83,45.02,106.63,0.9168,2,2,-1
547,6,1387.70,391.18,37.26,91.91,0.9215,2,2,-1
547,7,344.07,397.05,42.23,94.26,0.9334,3,0,-1
547,11,835.08,390.93,38.76,82.58,0.9135,2,2,-1
547,13,1216.49,548.97,44.90,119.72,0.9303,2,1,-1
547,19,851.42,319.68,32.98,70.03,0.9127,2,2,-1
547,33,20.04,612.04,73.98,138.55,0.9292,2,1,-1
547,36,1086.88,524.21,57.83,118.65,0.9470,2,2,-1
547,38,524.71,381.56,42.45,75.67,0.8694,2,2,-1
547,51,570.48,516.79,45.39,114.16,0.9247,2,1,-1
547,52,639.12,360.28,43.15,83.64,0.9160,2,2,-1
547,53,1543.33,426.89,45.20,85.03,0.8894,2,2,-1
547,56,571.47,379.79,41.21,76.91,0.7756,2,1,-1
547,59,639.26,278.52,26.63,68.91,0.8826,2,1,-1
547,63,1486.59,430.81,65.05,92.29,0.9235,2,1,-1
547,0,600.07,448.20,14.45,14.44,1.0,0,-1,-1
548,2,873.21,436.80,59.19,100.73,0.9422,2,2,-1
548,3,1550.18,491.99,45.15,105.19,0.9181,2,2,-1
548,6,1380.34,391.25,37.59,91.86,0.9169,2,2,-1
548,7,336.63,397.85,44.33,93.48,0.9310,3,0,-1
548,11,830.14,393.16,40.28,80.98,0.9193,2,2,-1
548,12,25.20,612.15,57.32,138.47,0.9268,2,1,-1
548,13,1213.03,546.18,44.83,120.55,0.9231,2,1,-1
548,19,845.00,319.76,37.22,70.82,0.9201,2,2,-1
548,36,1080.82,524.39,57.63,119.07,0.9366,2,2,-1
548,38,525.24,381.31,44.13,75.28,0.8691,2,2,-1
548,51,567.43,519.08,41.60,93.36,0.9248,2,1,-1
548,52,634.60,360.05,46.61,83.68,0.9173,2,2,-1
548,53,1536.81,427.01,47.31,83.45,0.8872,2,2,-1
548,56,576.48,380.67,35.88,67.98,0.6995,2,1,-1
548,59,632.44,277.60,27.10,71.08,0.8286,2,1,-1
548,63,1483.04,429.17,61.20,90.38,0.9179,2,1,-1
548,0,601.39,449.32,14.16,15.30,1.0,0,-1,-1
549,2,870.35,435.61,55.22,101.70,0.9317,2,2,-1
549,3,1543.41,494.43,45.48,102.29,0.9143,2,2,-1
549,6,1372.34,391.32,38.18,92.50,0.9189,2,2,-1
549,7,328.76,398.98,46.20,92.82,0.9335,3,0,-1
549,11,826.43,396.40,39.08,77.81,0.9120,2,2,-1
549,12,29.83,611.81,45.79,137.14,0.9210,2,1,-1
549,13,1210.64,543.60,44.17,118.61,0.9222,2,1,-1
549,19,840.12,319.87,41.04,71.00,0.9218,2,2,-1
549,36,1075.57,525.26,58.55,118.41,0.9448,2,2,-1
549,51,561.02,519.43,45.29,113.33,0.9172,2,1,-1
549,52,632.36,360.02,49.94,84.15,0.9249,2,2,-1
549,53,1528.65,427.06,54.80,85.07,0.8908,2,2,-1
549,59,625.26,279.20,26.71,70.09,0.8471,2,1,-1
549,63,1476.01,427.94,62.43,94.56,0.9194,2,1,-1
549,70,552.12,394.45,34.02,85.29,0.8670,2,-1,-1
549,0,600.25,450.16,15.20,15.10,1.0,0,-1,-1
550,2,870.41,433.37,49.13,102.45,0.9323,2,2,-1
550,3,1536.51,494.12,46.46,103.65,0.9156,2,2,-1
550,6,1365.74,391.12,38.37,93.18,0.9199,2,2,-1
550,7,320.10,400.33,49.32,92.00,0.9353,3,0,-1
550,11,821.85,398.12,40.40,76.28,0.9189,2,2,-1
550,12,34.76,612.00,40.82,140.60,0.8812,2,1,-1
550,13,1207.88,541.77,43.59,119.08,0.9241,2,1,-1
550,19,836.75,319.85,44.79,70.94,0.9242,2,2,-1
550,36,1068.83,526.88,59.93,118.36,0.9305,2,2,-1
550,51,559.62,517.93,40.64,107.71,0.9131,2,1,-1
550,52,629.70,360.34,55.04,86.90,0.9295,2,2,-1
550,53,1520.71,427.99,59.43,84.53,0.8982,2,2,-1
550,56,580.13,380.72,39.05,81.09,0.7951,2,1,-1
550,59,618.69,279.88,27.52,69.95,0.8918,2,1,-1
550,63,1469.38,426.60,61.07,95.53,0.9242,2,1,-1
550,70,548.59,395.02,39.76,87.72,0.8803,2,-1,-1
550,0,602.30,450.95,13.88,15.67,1.0,0,-1,-1
551,2,867.98,431.43,46.00,103.43,0.9283,2,2,-1
551,3,1532.19,494.53,44.65,101.86,0.8582,2,2,-1
551,6,1357.96,390.68,38.44,92.08,0.9151,2,2,-1
551,7,311.73,401.06,51.80,91.66,0.9369,3,0,-1
551,11,816.44,399.34,41.92,76.07,0.9165,2,2,-1
551,12,32.20,612.37,41.39,141.65,0.9236,2,1,-1
551,13,1205.47,541.40,42.29,117.50,0.9372,2,1,-1
551,19,834.86,320.60,45.04,72.61,0.8945,2,2,-1
551,36,1061.03,527.61,64.16,119.87,0.9360,2,2,-1
551,51,556.28,515.93,40.44,112.29,0.9245,2,1,-1
551,52,629.43,361.60,57.93,89.18,0.9105,2,2,-1
551,53,1513.03,428.98,65.17,86.90,0.9189,2,2,-1
551,59,611.47,281.37,27.20,69.34,0.8604,2,1,-1
551,63,1462.47,424.97,59.36,97.10,0.9232,2,1,-1
551,70,546.81,393.15,47.09,91.49,0.8906,2,1,-1
552,2,864.63,430.68,44.38,104.11,0.9302,2,2,-1
552,3,1527.41,490.40,41.69,107.55,0.9159,2,2,-1
552,6,1350.61,390.51,38.22,94.29,0.9176,2,2,-1
552,7,303.93,401.87,52.29,91.54,0.9352,3,0,-1
552,11,811.42,400.95,44.53,74.57,0.9235,2,2,-1
552,12,26.74,613.71,53.76,139.91,0.9427,2,1,-1
552,13,1202.99,541.84,40.78,116.44,0.9324,2,1,-1
552,19,837.03,322.04,42.10,74.00,0.8713,2,2,-1
552,36,1060.38,527.57,61.83,119.16,0.9348,2,2,-1
552,51,549.22,513.11,43.55,123.08,0.9239,2,1,-1
552,52,631.01,363.40,55.84,89.22,0.8953,2,2,-1
552,59,604.53,282.42,27.11,68.91,0.8901,2,1,-1
552,63,1454.67,424.39,58.55,95.78,0.9212,2,1,-1
552,70,541.82,385.85,53.53,100.90,0.8480,2,1,-1
552,0,603.02,454.20,13.52,15.60,1.0,0,-1,-1
553,2,860.12,429.26,44.26,105.52,0.9230,2,2,-1
553,6,1342.54,390.87,38.33,94.04,0.9151,2,2,-1
553,7,295.45,403.25,53.28,90.07,0.9414,3,0,-1
553,11,807.73,403.05,44.72,72.95,0.9214,2,2,-1
553,13,1199.32,543.21,39.45,114.80,0.9214,2,1,-1
553,19,839.43,323.47,37.98,73.12,0.8831,2,2,-1
553,33,15.31,614.61,73.89,140.63,0.9376,2,1,-1
553,36,1061.44,525.84,56.10,119.24,0.9315,2,2,-1
553,51,543.68,512.01,45.36,123.16,0.9270,2,1,-1
553,52,641.01,365.13,47.63,87.53,0.8615,2,2,-1
553,53,1502.49,431.24,64.41,91.54,0.9165,2,2,-1
553,56,586.66,382.61,38.35,74.19,0.8225,2,1,-1
553,59,596.49,284.34,27.35,66.78,0.8935,2,1,-1
553,63,1447.02,423.85,60.25,99.97,0.9260,2,1,-1
553,70,540.18,381.17,57.95,110.73,0.5979,2,1,-1
553,0,602.10,452.71,13.61,16.87,1.0,0,-1,-1
554,2,854.56,430.27,44.23,103.70,0.9197,2,2,-1
554,6,1333.91,391.21,38.00,92.95,0.9096,2,2,-1
554,7,287.77,402.98,53.81,91.27,0.9406,3,0,-1
554,11,803.07,404.85,45.22,72.51,0.9149,2,2,-1
554,13,1195.23,543.36,38.64,114.36,0.9300,2,1,-1
554,19,841.61,323.80,34.57,73.31,0.9099,2,2,-1
554,33,7.19,617.92,82.16,138.19,0.9330,2,1,-1
554,36,1064.17,523.67,48.71,120.38,0.9165,2,2,-1
554,51,535.98,511.15,48.97,121.33,0.9287,2,1,-1
554,52,646.78,366.07,40.63,86.69,0.8555,2,2,-1
554,53,1495.49,430.55,62.57,97.29,0.9087,2,2,-1
554,56,590.88,384.42,34.92,67.08,0.5781,2,1,-1
554,59,588.49,285.59,27.61,67.32,0.9015,2,1,-1
554,63,1438.62,423.90,58.69,98.10,0.9183,2,1,-1
555,2,849.88,430.92,46.17,103.41,0.9263,2,2,-1
555,3,1509.72,489.13,37.78,103.07,0.8580,2,2,-1
555,6,1325.19,391.42,37.62,93.41,0.9122,2,2,-1
555,7,281.17,403.23,53.16,90.68,0.9422,3,0,-1
555,11,796.38,406.46,46.16,70.71,0.9096,2,2,-1
555,13,1191.76,541.66,38.50,114.00,0.9201,2,1,-1
555,19,837.25,325.07,34.87,73.36,0.8916,2,2,-1
555,33,1.24,619.22,84.23,136.92,0.9382,2,1,-1
555,36,1061.59,522.14,43.06,121.13,0.9272,2,2,-1
555,51,529.07,512.06,52.79,120.01,0.9298,2,1,-1
555,52,643.34,366.01,37.67,87.51,0.9217,2,2,-1
555,53,1487.40,429.30,51.94,82.87,0.8961,2,2,-1
555,56,593.47,386.96,36.19,62.32,0.8074,2,1,-1
555,59,580.33,286.71,27.73,68.27,0.9001,2,1,-1
555,63,1428.82,423.87,59.49,98.90,0.9177,2,1,-1
556,2,843.98,432.44,52.57,102.20,0.9326,2,2,-1
556,3,1501.98,489.62,38.06,101.66,0.9009,2,2,-1
556,6,1317.06,391.57,36.76,93.75,0.9138,2,2,-1
556,7,274.22,402.64,53.08,90.53,0.9358,3,0,-1
556,11,792.55,407.45,47.28,68.90,0.9220,2,2,-1
556,13,1187.08,538.78,38.45,116.75,0.9249,2,1,-1
556,19,833.23,324.46,36.96,74.75,0.9047,2,2,-1
556,33,-0.57,619.88,80.73,137.15,0.9364,2,1,-1
556,36,1056.69,521.09,42.68,122.60,0.9211,2,2,-1
556,51,520.35,513.55,55.50,117.51,0.9303,2,1,-1
556,52,639.24,365.12,42.24,88.42,0.9116,2,2,-1
556,53,1478.32,426.54,53.69,88.41,0.8727,2,2,-1
556,56,592.63,388.37,40.36,69.46,0.5417,2,1,-1
556,59,571.30,286.21,28.33,69.69,0.8996,2,1,-1
556,63,1418.80,422.99,62.59,100.58,0.9265,2,1,-1
557,2,839.13,435.11,58.62,99.18,0.9323,2,2,-1
557,3,1493.14,488.59,38.01,101.46,0.9035,2,2,-1
557,6,1307.81,392.06,36.83,92.48,0.9127,2,2,-1
557,7,268.63,401.73,50.62,91.70,0.9405,3,0,-1
557,11,789.01,407.78,49.48,68.03,0.9127,2,2,-1
557,13,1182.27,535.85,38.84,116.49,0.9347,2,1,-1
557,19,830.02,324.68,39.40,74.35,0.9168,2,2,-1
557,33,-0.62,620.39,70.54,125.14,0.9257,2,1,-1
557,36,1050.75,520.77,41.66,122.78,0.9242,2,2,-1
557,51,515.18,514.44,56.88,116.12,0.9305,2,1,-1
557,52,634.36,364.24,48.95,87.99,0.9204,2,2,-1
557,56,553.81,433.54,32.94,58.97,0.6827,2,1,-1
557,59,563.98,286.77,27.52,69.54,0.8677,2,1,-1
557,63,1411.53,422.38,58.87,95.86,0.9009,2,1,-1
558,2,832.45,439.00,63.25,95.66,0.9411,2,2,-1
558,3,1486.93,489.42,37.95,99.49,0.9103,2,2,-1
558,6,1299.83,392.26,36.54,91.18,0.9102,2,2,-1
558,7,264.87,401.68,49.01,91.30,0.9295,3,0,-1
558,11,784.06,407.30,50.93,68.70,0.9139,2,2,-1
558,13,1175.97,534.00,41.47,119.68,0.9263,2,1,-1
558,19,829.80,326.71,38.60,74.48,0.8945,2,2,-1
558,33,2.22,620.49,62.74,117.52,0.8476,2,1,-1
558,36,1044.90,521.81,41.92,121.29,0.9239,2,2,-1
558,51,515.52,514.96,53.16,115.33,0.9290,2,1,-1
558,52,630.99,364.26,55.83,88.85,0.9212,2,2,-1
558,53,1464.69,424.36,44.93,91.15,0.9075,2,2,-1
558,59,555.80,286.94,27.82,69.93,0.8884,2,1,-1
558,63,1401.26,421.75,64.06,100.25,0.9127,2,1,-1
558,70,550.44,408.73,35.43,88.58,0.8816,2,1,-1
559,2,828.01,443.48,66.06,91.30,0.9507,2,2,-1
559,3,1479.47,490.98,39.82,96.78,0.9285,2,2,-1
559,6,1292.34,392.48,35.92,91.90,0.9070,2,2,-1
559,7,261.81,401.01,44.98,91.57,0.9294,3,0,-1
559,11,779.75,405.40,51.50,71.66,0.9119,2,2,-1
559,13,1169.24,532.61,45.50,116.44,0.9295,2,1,-1
559,19,831.20,329.10,35.12,73.69,0.8574,2,2,-1
559,33,-0.80,619.79,54.43,104.46,0.7823,2,1,-1
559,36,1038.89,523.07,44.95,119.10,0.9365,2,2,-1
559,51,514.57,514.06,50.73,117.91,0.9350,2,1,-1
559,52,637.46,364.56,57.64,90.56,0.9089,2,2,-1
559,53,1459.33,424.08,40.68,93.15,0.9088,2,2,-1
559,56,553.92,445.85,29.40,54.35,0.7004,2,1,-1
559,59,547.25,286.28,28.02,70.51,0.8946,2,1,-1
559,63,1390.51,420.86,66.96,98.69,0.9320,2,1,-1
559,70,597.11,392.57,35.93,84.44,0.7652,2,1,-1
560,2,823.72,448.88,65.11,86.30,0.9378,2,2,-1
560,3,1471.04,492.09,41.72,95.59,0.9305,2,2,-1
560,6,1284.24,392.52,35.67,92.34,0.9129,2,2,-1
560,7,258.41,400.27,41.29,91.25,0.9311,3,0,-1
560,11,775.68,403.73,49.06,76.07,0.9139,2,2,-1
560,12,-0.64,618.17,42.56,116.64,0.7916,2,1,-1
560,13,1164.41,533.12,46.13,113.76,0.9302,2,1,-1
560,19,831.97,328.83,31.36,73.70,0.8766,2,2,-1
560,36,1032.15,526.22,51.15,117.19,0.9304,2,2,-1
560,51,515.98,511.23,46.31,120.19,0.9206,2,1,-1
560,52,643.45,365.91,55.43,90.32,0.9149,2,2,-1
560,53,1453.36,424.13,37.41,93.70,0.9257,2,2,-1
560,56,566.19,393.70,40.37,84.20,0.8678,2,1,-1
560,59,539.44,286.59,27.50,69.63,0.8871,2,1,-1
560,63,1383.31,419.32,67.63,99.97,0.9212,2,1,-1
560,70,601.20,392.36,37.49,83.73,0.7735,2,1,-1
561,2,820.28,452.22,60.84,82.55,0.9367,2,2,-1
561,3,1464.94,493.78,43.94,94.44,0.9185,2,2,-1
561,6,1277.37,392.34,34.77,93.28,0.9092,2,2,-1
561,7,253.59,399.76,38.16,92.76,0.9262,3,0,-1
561,11,772.59,404.66,43.96,77.89,0.9099,2,2,-1
561,12,-3.73,617.92,36.97,129.62,0.8332,2,1,-1
561,13,1160.21,533.28,46.22,112.37,0.9289,2,1,-1
561,19,829.48,329.83,29.36,72.66,0.8408,2,2,-1
561,36,1025.70,528.17,59.09,116.94,0.9442,2,2,-1
561,51,510.85,508.80,47.32,121.63,0.9259,2,1,-1
561,52,641.28,367.78,53.59,91.15,0.8997,2,2,-1
561,53,1445.95,425.30,35.84,91.79,0.9043,2,2,-1
561,56,564.93,392.15,46.60,92.71,0.8223,2,1,-1
561,59,531.03,286.50,28.41,70.14,0.8957,2,1,-1
561,63,1376.35,418.06,66.68,101.85,0.8987,2,1,-1
561,0,580.35,470.04,15.74,17.74,1.0,0,-1,-1
562,2,811.71,455.36,60.47,79.21,0.9321,2,2,-1
562,3,1457.54,495.28,43.66,91.41,0.9278,2,2,-1
562,6,1271.29,392.72,32.70,92.01,0.9044,2,2,-1
562,7,244.98,399.67,37.71,92.83,0.9281,3,0,-1
562,11,768.67,405.62,39.07,76.75,0.9079,2,2,-1
562,12,-3.28,618.22,31.13,145.54,0.8723,2,1,-1
562,13,1158.52,532.62,45.57,113.05,0.9290,2,1,-1
562,19,827.09,328.10,31.29,75.07,0.8714,2,2,-1
562,36,1019.60,531.61,64.05,113.19,0.9392,2,2,-1
562,51,506.29,507.00,48.27,123.70,0.9250,2,1,-1
562,52,643.27,369.22,46.96,90.83,0.8705,2,2,-1
562,53,1439.18,426.64,34.37,90.67,0.9046,2,2,-1
562,56,563.24,392.79,51.12,86.16,0.8682,2,1,-1
562,59,522.19,286.61,28.29,70.02,0.8886,2,1,-1
562,63,1368.51,416.94,65.56,102.56,0.9085,2,1,-1
563,2,803.08,455.68,61.61,78.78,0.9273,2,2,-1
563,3,1452.76,496.18,41.48,90.57,0.9256,2,2,-1
563,6,1263.84,392.56,32.16,92.90,0.9093,2,2,-1
563,7,236.38,399.80,39.85,92.69,0.9291,3,0,-1
563,11,765.58,407.25,34.43,74.42,0.9142,2,2,-1
563,13,1156.98,530.14,42.00,115.07,0.9365,2,1,-1
563,19,822.02,326.63,36.31,75.59,0.9251,2,2,-1
563,36,1016.33,535.43,63.76,108.66,0.9347,2,2,-1
563,41,-0.35,616.80,25.45,83.64,0.8362,2,1,-1
563,51,502.77,505.16,48.49,123.56,0.9247,2,1,-1
563,52,646.07,369.26,40.95,90.18,0.8416,2,2,-1
563,53,1431.37,429.37,33.94,88.17,0.9265,2,2,-1
563,56,541.10,420.29,51.66,81.77,0.8970,2,1,-1
563,59,514.29,287.37,29.10,69.25,0.8980,2,1,-1
563,63,1365.01,416.66,61.27,101.38,0.8839,2,1,-1
563,70,604.10,391.11,38.34,66.14,0.8410,2,1,-1
564,2,792.73,455.69,63.71,78.84,0.9276,2,2,-1
564,3,1447.57,496.68,39.61,89.92,0.9235,2,2,-1
564,6,1257.22,392.56,30.58,92.54,0.9072,2,2,-1
564,7,227.18,399.92,43.04,92.83,0.9347,3,0,-1
564,11,760.53,407.00,33.25,75.00,0.8965,2,2,-1
564,12,1.32,631.57,32.93,130.28,0.8723,2,1,-1
564,13,1153.90,527.28,41.06,116.26,0.9279,2,1,-1
564,19,817.04,326.24,45.85,75.78,0.9277,2,2,-1
564,36,1009.97,538.78,64.04,104.74,0.9414,2,2,-1
564,51,500.45,504.75,48.97,124.10,0.9323,2,1,-1
564,52,648.95,368.44,39.11,91.08,0.8435,2,2,-1
564,53,1423.46,430.41,34.65,87.20,0.9157,2,2,-1
564,56,562.25,393.85,57.31,91.57,0.8877,2,1,-1
564,59,506.42,289.06,28.86,67.66,0.9032,2,1,-1
564,63,1360.27,416.33,55.11,97.79,0.9102,2,1,-1
564,0,576.50,488.73,17.34,18.67,1.0,0,-1,-1
565,2,781.88,455.13,65.26,79.84,0.9322,2,2,-1
565,3,1442.04,495.65,38.85,91.16,0.9281,2,2,-1
565,6,1250.84,391.86,29.28,93.26,0.9174,2,2,-1
565,7,218.76,399.87,46.29,93.48,0.9374,3,0,-1
565,11,757.11,406.46,32.46,75.46,0.8991,2,2,-1
565,12,5.19,685.67,28.34,76.85,0.8393,2,1,-1
565,13,1150.73,524.53,40.14,117.50,0.9203,2,1,-1
565,19,812.31,326.75,53.66,74.50,0.9322,2,2,-1
565,36,1004.17,539.42,63.28,104.17,0.9362,2,2,-1
565,41,0.52,612.79,24.79,78.96,0.7636,2,1,-1
565,51,499.24,504.89,49.63,120.89,0.9281,2,1,-1
565,52,648.62,368.99,39.05,90.09,0.8915,2,2,-1
565,53,1414.72,430.38,35.16,87.39,0.9120,2,2,-1
565,56,563.27,394.56,53.45,88.92,0.8224,2,1,-1
565,59,498.53,288.57,28.29,68.28,0.8955,2,1,-1
565,63,1355.73,416.87,51.11,99.39,0.9112,2,1,-1
565,0,573.81,498.00,17.99,20.11,1.0,0,-1,-1
566,2,770.28,457.12,64.79,76.66,0.9232,2,2,-1
566,3,1436.42,494.34,37.77,92.56,0.9192,2,2,-1
566,6,1244.75,391.45,27.91,93.62,0.9056,2,2,-1
566,7,210.45,399.33,47.19,94.00,0.9337,3,0,-1
566,11,752.81,405.32,31.57,78.15,0.8446,2,2,-1
566,12,-3.10,625.77,43.95,137.19,0.8565,2,1,-1
566,13,1148.10,522.31,38.83,116.41,0.9301,2,1,-1
566,19,811.24,327.43,56.05,78.16,0.9281,2,2,-1
566,36,997.40,538.70,63.50,104.86,0.9364,2,2,-1
566,51,497.10,505.47,49.87,114.20,0.9199,2,1,-1
566,52,644.28,366.32,42.77,93.57,0.9002,2,2,-1
566,53,1406.96,427.87,35.73,90.46,0.9219,2,2,-1
566,56,561.75,394.18,52.90,89.31,0.6027,2,1,-1
566,59,491.19,288.58,28.26,69.17,0.8486,2,1,-1
566,63,1352.33,417.52,46.97,96.63,0.9201,2,1,-1
566,70,613.33,393.95,34.92,55.14,0.7939,2,1,-1
566,0,572.61,509.02,16.81,17.25,1.0,0,-1,-1
567,2,757.75,462.35,62.19,71.09,0.9133,2,2,-1
567,3,1431.10,493.35,37.28,94.34,0.9253,2,2,-1
567,6,1238.56,390.84,27.41,94.78,0.9086,2,2,-1
567,7,206.20,398.48,45.54,93.98,0.9322,3,0,-1
567,11,748.97,404.56,30.82,79.24,0.8843,2,2,-1
567,12,-4.70,640.10,37.35,125.66,0.7411,2,1,-1
567,13,1145.33,521.56,38.50,114.91,0.9229,2,1,-1
567,19,815.09,329.30,50.93,77.36,0.9050,2,2,-1
567,36,990.63,535.30,64.37,108.60,0.9346,2,2,-1
567,51,494.37,506.76,48.05,113.26,0.9267,2,1,-1
567,52,641.76,367.03,46.25,94.07,0.9038,2,2,-1
567,53,1398.84,426.47,36.13,91.74,0.9126,2,2,-1
567,56,568.68,397.04,46.62,85.86,0.7656,2,1,-1
567,59,484.41,288.95,28.00,69.21,0.8939,2,1,-1
567,63,1348.45,421.66,45.27,95.34,0.8925,2,1,-1
567,70,619.52,394.87,32.25,51.54,0.8004,2,1,-1
567,0,572.50,508.84,15.48,16.62,1.0,0,-1,-1
568,2,750.62,462.34,53.10,71.05,0.8925,2,2,-1
568,3,1425.41,493.68,36.87,93.96,0.9095,2,2,-1
568,6,1231.75,390.42,27.96,95.38,0.9131,2,2,-1
568,7,200.79,396.41,44.40,95.20,0.9275,3,0,-1
568,11,745.05,404.69,30.27,73.82,0.8958,2,2,-1
568,13,1142.30,522.01,38.08,113.89,0.9205,2,1,-1
568,19,817.34,330.63,44.56,76.52,0.8891,2,2,-1
568,36,983.69,532.77,63.92,111.74,0.9325,2,2,-1
568,51,489.57,509.70,46.73,112.83,0.9289,2,1,-1
568,52,636.58,368.62,57.63,98.15,0.9011,2,2,-1
568,53,1391.36,424.37,36.35,94.05,0.9062,2,2,-1
568,56,570.08,394.14,47.75,89.59,0.7310,2,1,-1
568,59,477.00,289.14,27.67,69.05,0.9058,2,1,-1
568,63,1342.73,418.64,44.64,99.53,0.9120,2,1,-1
568,0,571.76,508.27,15.39,15.58,1.0,0,-1,-1
569,2,740.69,464.19,43.93,69.07,0.8636,2,2,-1
569,3,1418.94,493.32,37.65,95.41,0.9165,2,2,-1
569,6,1225.30,389.71,28.96,95.99,0.9116,2,2,-1
569,7,197.78,395.79,41.53,93.75,0.9309,3,0,-1
569,11,742.89,405.78,29.38,68.99,0.8787,2,2,-1
569,13,1138.60,522.40,38.30,113.59,0.9227,2,1,-1
569,19,819.13,330.66,39.35,76.55,0.9113,2,2,-1
569,36,976.47,531.24,62.71,112.72,0.9432,2,2,-1
569,51,481.59,512.09,55.29,111.45,0.9331,2,1,-1
569,52,635.21,372.85,63.03,94.30,0.8877,2,2,-1
569,53,1384.55,421.66,36.43,95.94,0.9189,2,2,-1
569,56,573.10,395.20,57.43,91.98,0.8466,2,1,-1
569,59,470.40,288.01,27.35,69.87,0.8824,2,1,-1
569,63,1337.28,417.58,43.23,98.42,0.9183,2,1,-1
569,73,543.38,432.13,34.90,77.16,0.8423,2,-1,-1
569,0,570.83,507.32,15.25,18.51,1.0,0,-1,-1
570,2,715.38,407.56,65.92,125.34,0.8325,2,2,-1
570,3,1415.37,491.54,35.86,96.92,0.9139,2,2,-1
570,6,1218.77,389.19,29.61,95.15,0.9128,2,2,-1
570,7,195.08,394.17,37.84,94.38,0.9274,3,0,-1
570,13,1136.09,521.79,38.23,114.19,0.9281,2,1,-1
570,19,820.00,329.37,36.01,76.67,0.9212,2,2,-1
570,36,969.22,529.75,61.70,114.37,0.9333,2,2,-1
570,51,474.50,514.60,66.29,107.40,0.9421,2,1,-1
570,52,650.06,378.81,52.25,84.81,0.8880,2,2,-1
570,53,1377.12,418.88,37.70,99.09,0.9197,2,2,-1
570,56,568.89,396.21,63.04,90.97,0.9137,2,1,-1
570,59,464.06,287.73,27.06,69.78,0.8971,2,1,-1
570,63,1332.13,415.15,43.07,99.87,0.9080,2,1,-1
570,73,543.98,433.24,34.78,77.44,0.8444,2,-1,-1
570,0,568.53,508.67,16.75,17.20,1.0,0,-1,-1
571,2,714.01,457.18,46.28,76.13,0.9081,2,2,-1
571,3,1410.99,491.59,34.34,95.48,0.9120,2,2,-1
571,6,1212.12,388.47,31.30,96.25,0.9054,2,2,-1
571,7,194.13,393.21,34.20,95.09,0.9251,3,0,-1
571,11,734.28,407.70,25.94,59.37,0.6076,2,2,-1
571,13,1132.68,520.42,39.02,113.33,0.9314,2,1,-1
571,19,820.64,328.16,34.51,78.00,0.9184,2,2,-1
571,36,960.84,528.70,60.18,114.77,0.9352,2,2,-1
571,51,471.63,515.67,75.29,103.84,0.9293,2,1,-1
571,52,656.01,382.11,45.21,80.46,0.8365,2,2,-1
571,53,1371.10,417.20,38.61,100.06,0.9161,2,2,-1
571,56,584.97,424.87,47.07,65.51,0.8286,2,1,-1
571,59,457.37,287.53,27.71,69.65,0.9022,2,1,-1
571,63,1326.64,414.01,43.38,100.80,0.8940,2,1,-1
571,73,544.42,432.22,35.44,84.23,0.8343,2,-1,-1
571,0,569.63,512.51,15.30,14.71,1.0,0,-1,-1
572,2,698.79,456.72,53.14,79.30,0.9167,2,2,-1
572,3,1404.91,491.73,34.12,97.53,0.9116,2,2,-1
572,6,1205.88,389.11,32.02,95.82,0.9127,2,2,-1
572,7,190.52,392.10,31.69,96.65,0.9232,3,0,-1
572,11,727.60,408.54,25.26,57.51,0.6091,2,2,-1
572,13,1129.40,518.72,40.60,113.27,0.9224,2,1,-1
572,19,820.45,327.71,33.21,79.73,0.9107,2,2,-1
572,36,952.54,530.34,58.10,111.93,0.9426,2,2,-1
572,51,464.34,516.09,86.59,104.09,0.9300,2,1,-1
572,52,642.76,374.25,42.60,73.10,0.7600,2,2,-1
572,53,1363.47,415.78,39.45,101.74,0.9203,2,2,-1
572,56,589.80,430.82,43.24,62.59,0.7850,2,1,-1
572,59,449.69,286.18,28.13,71.42,0.8913,2,1,-1
572,63,1320.02,411.76,43.96,104.95,0.9127,2,1,-1
572,73,546.57,434.83,32.63,81.88,0.8625,2,1,-1
572,0,568.70,515.42,15.67,15.70,1.0,0,-1,-1
573,2,685.14,454.25,59.51,84.54,0.9250,2,2,-1
573,3,1399.67,491.76,33.71,95.92,0.9102,2,2,-1
573,6,1199.88,389.64,32.62,95.77,0.9092,2,2,-1
573,7,185.86,392.54,32.49,96.04,0.9317,3,0,-1
573,11,727.84,409.29,37.18,74.09,0.8694,2,2,-1
573,13,1126.71,516.80,42.38,113.17,0.9213,2,1,-1
573,19,820.56,327.72,33.43,80.16,0.9246,2,2,-1
573,36,943.21,532.09,55.82,110.20,0.9366,2,2,-1
573,51,466.07,514.56,85.27,103.93,0.9182,2,1,-1
573,52,641.56,373.08,45.15,82.62,0.7174,2,2,-1
573,53,1357.09,415.65,39.80,102.34,0.9172,2,2,-1
573,56,604.69,458.00,24.82,37.37,0.5538,2,1,-1
573,59,443.80,285.94,27.88,71.42,0.8668,2,1,-1
573,63,1315.27,411.08,43.74,104.11,0.8994,2,1,-1
573,73,547.14,433.40,31.58,83.24,0.8595,2,1,-1
573,0,569.33,519.95,15.13,15.61,1.0,0,-1,-1
574,2,676.54,454.61,59.74,87.33,0.9215,2,2,-1
574,3,1395.12,491.69,34.85,96.90,0.9185,2,2,-1
574,6,1192.60,389.87,34.48,95.85,0.9118,2,2,-1
574,7,179.60,392.26,39.13,96.45,0.9354,3,0,-1
574,11,722.90,415.07,32.44,73.45,0.8126,2,2,-1
574,13,1124.05,515.15,44.14,113.21,0.9280,2,1,-1
574,19,820.68,327.95,34.82,78.93,0.9243,2,2,-1
574,36,934.01,534.52,53.39,110.80,0.9356,2,2,-1
574,51,460.83,513.03,87.58,106.34,0.9223,2,1,-1
574,52,645.34,371.90,41.82,82.63,0.6696,2,2,-1
574,53,1348.75,416.12,42.15,102.17,0.9157,2,2,-1
574,59,437.30,285.56,28.47,71.95,0.9043,2,1,-1
574,63,1308.90,411.56,44.23,100.32,0.8950,2,1,-1
574,73,544.82,434.91,35.17,84.93,0.8960,2,1,-1
574,0,569.57,524.53,15.18,15.23,1.0,0,-1,-1
575,2,669.22,455.13,56.08,87.87,0.8988,2,2,-1
575,3,1390.89,492.34,37.14,96.56,0.9155,2,2,-1
575,6,1186.03,390.49,35.42,95.77,0.8893,2,2,-1
575,7,173.83,393.30,45.65,95.19,0.9369,3,0,-1
575,11,724.27,407.12,38.59,87.99,0.8600,2,2,-1
575,13,1121.36,514.82,46.00,111.33,0.9336,2,1,-1
575,19,820.94,329.18,36.56,79.27,0.9184,2,2,-1
575,36,924.06,538.37,50.26,108.27,0.9236,2,2,-1
575,51,465.10,511.98,79.02,106.29,0.9222,2,1,-1
575,52,653.53,370.43,29.81,57.67,0.7946,2,2,-1
575,53,1343.22,417.65,42.81,102.39,0.9114,2,2,-1
575,59,431.38,286.28,28.62,71.71,0.9169,2,1,-1
575,63,1300.48,411.88,47.72,102.61,0.8856,2,1,-1
575,73,539.13,435.53,40.15,84.11,0.8936,2,1,-1
575,75,569.69,416.91,55.23,73.70,0.6845,2,-1,-1
575,0,571.02,530.56,15.64,16.11,1.0,0,-1,-1
576,2,664.53,459.44,50.85,83.54,0.8900,2,2,-1
576,3,1386.25,492.87,38.55,93.82,0.9125,2,2,-1
576,6,1181.63,391.62,35.12,94.10,0.8160,2,2,-1
576,11,718.49,404.94,44.11,93.38,0.8792,2,2,-1
576,13,1117.76,515.18,47.83,111.65,0.9244,2,1,-1
576,19,820.35,331.61,37.28,78.67,0.9126,2,2,-1
576,36,914.68,540.74,49.06,107.31,0.9248,2,2,-1
576,51,472.40,510.28,69.27,106.95,0.9177,2,1,-1
576,52,653.11,370.27,31.26,61.24,0.7818,2,2,-1
576,53,1336.04,420.18,44.68,101.20,0.9120,2,2,-1
576,54,166.51,394.37,54.62,94.24,0.9347,2,1,-1
576,59,425.56,286.16,28.65,71.52,0.9132,2,1,-1
576,63,1292.68,412.12,50.11,104.35,0.9067,2,1,-1
576,75,564.27,406.91,54.83,87.64,0.8706,2,-1,-1
576,0,571.55,537.28,15.90,16.25,1.0,0,-1,-1
577,2,660.09,457.67,51.67,85.12,0.8842,2,2,-1
577,3,1378.29,495.15,42.08,90.96,0.9141,2,2,-1
577,6,1173.79,392.66,33.03,93.86,0.8428,2,2,-1
577,11,717.11,409.24,40.05,83.06,0.7668,2,2,-1
577,13,1111.95,514.09,48.13,110.66,0.9066,2,1,-1
577,19,819.72,332.69,37.40,77.42,0.9131,2,2,-1
577,36,908.10,543.59,49.77,104.63,0.9154,2,2,-1
577,51,484.79,508.38,57.04,106.57,0.9187,2,1,-1
577,52,653.94,371.16,30.44,61.26,0.8377,2,2,-1
577,53,1329.50,423.31,45.23,98.67,0.9115,2,2,-1
577,54,160.87,395.30,57.43,92.93,0.9352,2,1,-1
577,59,419.71,286.29,29.26,72.33,0.9160,2,1,-1
577,63,1283.88,412.67,53.25,103.27,0.8869,2,1,-1
577,75,569.39,407.78,52.83,88.97,0.8497,2,-1,-1
577,0,571.79,544.73,16.32,17.13,1.0,0,-1,-1
578,2,653.07,458.68,57.97,84.94,0.8881,2,2,-1
578,3,1371.46,494.73,44.59,91.53,0.9170,2,2,-1
578,6,1170.53,393.84,34.96,92.94,0.8719,2,2,-1
578,11,713.37,413.67,36.59,81.95,0.7672,2,2,-1
578,13,1103.56,512.24,50.21,110.48,0.8875,2,1,-1
578,19,820.14,332.80,36.71,76.89,0.9110,2,2,-1
578,36,903.55,542.87,50.72,105.05,0.9155,2,2,-1
578,51,499.52,508.26,47.69,100.97,0.8734,2,1,-1
578,52,654.29,371.71,31.44,63.08,0.6062,2,2,-1
578,53,1322.44,425.26,46.96,96.97,0.9046,2,2,-1
578,54,154.65,395.96,60.01,92.00,0.9361,2,1,-1
578,59,413.32,285.53,29.42,72.27,0.9160,2,1,-1
578,75,564.81,407.80,56.46,92.12,0.9053,2,2,-1
578,76,681.37,394.32,42.92,64.64,0.8351,2,-1,-1
578,0,572.26,550.21,16.78,15.27,1.0,0,-1,-1
579,2,645.79,455.78,62.30,91.27,0.8755,2,2,-1
579,3,1365.91,493.35,46.76,93.35,0.9137,2,2,-1
579,6,1163.76,394.56,34.21,93.15,0.8126,2,2,-1
579,11,717.03,407.31,41.24,95.18,0.8027,2,2,-1
579,13,1100.95,510.16,48.92,111.01,0.8756,2,1,-1
579,19,819.62,331.61,36.21,77.51,0.9182,2,2,-1
579,36,898.36,540.07,51.80,107.06,0.9233,2,2,-1
579,51,504.40,507.77,44.94,105.84,0.8918,2,1,-1
579,52,655.72,375.91,42.39,84.76,0.8347,2,2,-1
579,53,1317.88,426.13,45.89,95.49,0.9184,2,2,-1
579,54,149.71,395.42,60.88,92.27,0.9397,2,1,-1
579,59,407.78,286.89,29.46,71.08,0.9023,2,1,-1
579,75,573.74,435.76,44.41,66.97,0.8595,2,2,-1
579,0,573.73,549.79,15.87,15.61,1.0,0,-1,-1
580,2,637.97,458.65,56.78,89.76,0.8715,2,2,-1
580,3,1358.60,491.73,48.26,94.76,0.9278,2,2,-1
580,6,1157.71,394.63,38.12,92.83,0.8943,2,2,-1
580,11,717.53,410.85,39.85,92.18,0.8518,2,2,-1
580,12,-5.31,652.56,24.06,113.86,0.6079,2,1,-1
580,13,1101.66,508.13,44.89,108.98,0.9018,2,1,-1
580,19,819.05,330.14,35.01,78.27,0.9178,2,2,-1
580,36,892.00,535.42,47.14,109.90,0.9206,2,2,-1
580,51,506.38,507.85,43.43,103.51,0.8937,2,1,-1
580,52,654.91,375.92,38.83,81.11,0.8227,2,2,-1
580,53,1313.62,426.36,44.75,96.42,0.9117,2,2,-1
580,54,145.57,394.43,62.03,91.84,0.9392,2,-1,-1
580,59,402.64,284.68,29.05,72.56,0.8937,2,1,-1
580,63,1260.45,410.67,57.14,103.20,0.8756,2,1,-1
580,75,576.01,440.19,43.02,64.56,0.8631,2,2,-1
580,0,575.34,549.84,15.36,15.28,1.0,0,-1,-1
581,2,629.76,459.86,51.79,91.57,0.8906,2,2,-1
581,3,1347.25,488.11,53.02,97.56,0.9246,2,2,-1
581,6,1153.52,395.57,38.08,91.02,0.8509,2,2,-1
581,11,715.10,413.02,41.07,90.10,0.8758,2,2,-1
581,13,1100.47,506.26,44.33,109.80,0.8918,2,1,-1
581,19,819.40,328.98,35.80,79.93,0.9239,2,2,-1
581,36,886.38,531.09,45.11,115.36,0.9142,2,2,-1
581,51,500.18,506.83,51.59,105.49,0.9096,2,1,-1
581,52,650.31,371.80,46.01,89.50,0.9042,2,2,-1
581,53,1310.66,426.58,41.48,95.93,0.9138,2,2,-1
581,54,141.99,395.17,60.59,90.70,0.9383,3,0,-1
581,56,583.05,452.36,31.92,51.51,0.8465,2,-1,-1
581,63,1259.31,409.73,35.80,55.32,0.8590,2,1,-1
581,73,546.33,455.93,42.35,77.04,0.6546,2,1,-1
581,0,576.26,551.26,16.14,16.10,1.0,0,-1,-1
582,2,625.05,460.82,52.71,91.88,0.9004,2,2,-1
582,3,1343.22,486.17,51.63,97.37,0.9284,2,2,-1
582,6,1147.65,395.67,37.06,90.32,0.8297,2,2,-1
582,11,713.41,414.42,43.03,87.30,0.8716,2,2,-1
582,13,1097.87,505.94,45.08,107.04,0.9179,2,1,-1
582,19,819.31,327.66,39.95,81.28,0.9364,2,2,-1
582,36,881.75,526.59,42.07,115.54,0.9223,2,2,-1
582,51,497.78,503.53,63.30,108.99,0.9072,2,1,-1
582,52,648.67,370.00,48.59,90.80,0.9111,2,2,-1
582,53,1306.67,426.27,39.73,96.49,0.9057,2,2,-1
582,54,143.34,394.72,55.70,89.66,0.9330,3,0,-1
582,56,561.75,411.89,50.99,71.96,0.8606,2,2,-1
582,59,389.88,283.28,28.79,72.34,0.7782,2,1,-1
582,63,1255.33,407.85,36.80,59.12,0.8464,2,1,-1
582,0,578.04,553.47,16.00,16.35,1.0,0,-1,-1
583,2,619.73,461.87,55.82,90.35,0.9121,2,2,-1
583,3,1336.24,484.87,50.14,98.56,0.9272,2,2,-1
583,6,1144.72,396.12,37.51,89.10,0.8158,2,2,-1
583,7,148.04,393.19,49.14,89.66,0.9229,3,0,-1
583,11,711.03,413.25,46.53,86.86,0.8759,2,2,-1
583,13,1095.29,504.64,47.27,106.17,0.9184,2,1,-1
583,19,818.58,327.23,41.55,81.21,0.9332,2,2,-1
583,36,875.48,523.59,42.22,115.81,0.9168,2,2,-1
583,51,495.08,502.66,67.02,109.71,0.9183,2,1,-1
583,52,648.99,370.24,48.44,90.40,0.8995,2,2,-1
583,53,1303.12,426.46,37.74,95.63,0.9169,2,2,-1
583,56,556.97,409.56,51.30,73.39,0.7912,2,2,-1
583,59,384.68,281.83,29.27,73.36,0.5207,2,1,-1
583,63,1249.29,405.96,37.09,62.47,0.8574,2,1,-1
583,0,578.45,556.70,17.74,16.12,1.0,0,-1,-1
584,2,613.88,463.61,60.11,87.77,0.9179,2,2,-1
584,3,1331.20,485.85,46.98,98.44,0.9135,2,2,-1
584,6,1143.19,397.20,38.68,87.53,0.8387,2,2,-1
584,7,149.88,392.87,46.75,87.54,0.8876,3,0,-1
584,11,708.87,414.76,46.58,87.04,0.8958,2,2,-1
584,13,1090.54,503.47,46.50,106.00,0.9210,2,1,-1
584,19,818.20,328.58,41.76,80.93,0.9346,2,2,-1
584,36,869.57,520.80,42.06,112.31,0.9181,2,2,-1
584,51,495.90,500.52,66.41,112.78,0.9396,2,1,-1
584,52,645.57,368.82,50.36,92.09,0.9136,2,2,-1
584,53,1298.11,427.18,35.94,95.16,0.9104,2,2,-1
584,56,546.52,407.75,62.37,99.96,0.8097,2,2,-1
584,59,379.05,280.78,29.35,73.63,0.5938,2,1,-1
584,63,1243.53,404.57,36.87,63.64,0.8511,2,1,-1
584,0,580.94,561.39,16.58,16.14,1.0,0,-1,-1
585,2,609.22,464.52,62.66,86.91,0.8946,2,2,-1
585,3,1322.56,486.50,44.35,98.12,0.9182,2,2,-1
585,6,1140.87,397.55,40.39,86.48,0.8981,2,2,-1
585,7,154.26,392.55,43.89,88.58,0.9289,3,0,-1
585,11,709.50,419.61,46.83,84.55,0.8630,2,2,-1
585,13,1085.05,501.12,44.93,107.81,0.8871,2,1,-1
585,19,817.67,330.16,40.06,80.47,0.9276,2,2,-1
585,36,863.52,519.38,43.62,111.21,0.9228,2,2,-1
585,51,501.61,498.63,61.44,112.91,0.8560,2,1,-1
585,52,643.20,368.77,49.47,92.96,0.9036,2,2,-1
585,53,1293.01,428.22,34.68,93.21,0.9132,2,2,-1
585,56,546.77,406.84,53.64,93.22,0.9037,2,2,-1
585,63,1237.35,403.94,36.00,63.80,0.8474,2,1,-1
585,0,583.13,567.51,16.03,16.06,1.0,0,-1,-1
586,2,607.90,462.83,65.60,90.32,0.8250,2,2,-1
586,3,1315.44,490.45,43.14,96.17,0.9110,2,2,-1
586,6,1136.48,396.10,44.52,88.49,0.9095,2,2,-1
586,7,150.43,391.08,47.47,89.98,0.9351,3,0,-1
586,11,711.90,414.92,50.98,92.65,0.8167,2,2,-1
586,13,1079.05,499.11,42.72,107.94,0.9065,2,1,-1
586,19,817.89,331.60,37.70,79.00,0.9225,2,2,-1
586,36,857.84,520.08,43.60,108.63,0.9264,2,2,-1
586,51,517.52,497.04,46.78,113.30,0.9113,2,1,-1
586,53,1288.93,427.45,33.83,93.92,0.8970,2,2,-1
586,56,541.12,405.83,54.62,99.83,0.8693,2,2,-1
586,59,369.01,281.50,27.72,73.12,0.6906,2,1,-1
586,63,1225.45,404.57,45.82,103.19,0.9078,2,1,-1
586,76,652.17,390.66,36.57,70.65,0.8380,2,-1,-1
586,0,585.60,568.48,16.50,15.80,1.0,0,-1,-1
587,2,603.55,463.93,62.97,92.98,0.8675,2,2,-1
587,3,1301.70,493.59,52.26,93.44,0.9168,2,2,-1
587,6,1132.05,395.10,47.44,90.12,0.8949,2,2,-1
587,7,147.29,388.48,53.03,92.28,0.9404,3,0,-1
587,11,714.52,416.51,47.06,93.19,0.8347,2,2,-1
587,13,1073.47,497.63,40.67,109.03,0.8619,2,1,-1
587,19,818.24,331.79,35.77,78.55,0.9183,2,2,-1
587,36,850.77,519.95,43.86,110.04,0.9123,2,2,-1
587,51,523.03,495.57,42.02,115.61,0.9117,2,1,-1
587,52,645.65,369.01,41.80,91.19,0.8726,2,2,-1
587,53,1283.34,425.85,32.83,95.43,0.8588,2,2,-1
587,56,538.29,408.39,50.34,99.84,0.8772,2,2,-1
587,59,365.47,283.62,26.41,71.19,0.7348,2,1,-1
587,63,1219.11,404.39,45.01,103.04,0.9181,2,1,-1
587,81,761.10,392.30,19.57,37.13,0.6688,2,-1,-1
587,0,588.34,568.72,16.78,15.64,1.0,0,-1,-1
588,2,611.19,463.97,64.08,97.43,0.7654,2,2,-1
588,3,1289.07,498.23,61.38,87.40,0.9227,2,2,-1
588,6,1127.78,393.45,50.47,93.08,0.9144,2,2,-1
588,7,144.65,387.05,57.32,93.60,0.9407,3,0,-1
588,11,722.40,422.26,38.06,87.04,0.8620,2,2,-1
588,13,1071.13,496.05,37.86,109.43,0.8954,2,1,-1
588,19,817.68,331.03,34.69,78.91,0.9120,2,2,-1
588,36,844.57,521.74,43.29,108.18,0.9232,2,2,-1
588,51,527.36,494.84,40.58,114.90,0.8979,2,1,-1
588,52,644.57,366.92,39.70,93.19,0.8544,2,2,-1
588,53,1278.27,425.34,33.26,98.48,0.8958,2,2,-1
588,56,535.14,409.24,49.00,103.32,0.8917,2,2,-1
588,59,359.34,282.21,26.22,71.46,0.7779,2,1,-1
588,63,1212.11,404.99,47.89,102.99,0.9309,2,1,-1
588,81,764.79,419.21,32.46,61.92,0.6935,2,-1,-1
588,0,591.31,569.87,16.84,15.42,1.0,0,-1,-1
589,2,626.49,469.21,52.63,73.76,0.7184,2,2,-1
589,3,1277.18,500.01,69.43,85.38,0.9256,2,2,-1
589,6,1126.10,393.93,50.16,93.36,0.9019,2,2,-1
589,7,142.31,386.11,60.68,94.74,0.9413,3,0,-1
589,11,726.53,419.01,40.77,90.35,0.8780,2,2,-1
589,13,1066.26,494.05,38.49,109.55,0.8798,2,1,-1
589,19,817.21,329.39,33.85,79.94,0.8966,2,2,-1
589,36,838.91,523.61,43.23,106.20,0.9091,2,2,-1
589,51,533.43,496.56,36.25,94.58,0.8889,2,1,-1
589,52,643.92,368.03,38.22,90.47,0.7587,2,2,-1
589,53,1272.86,424.53,33.52,99.80,0.9066,2,2,-1
589,56,532.92,410.91,48.50,100.79,0.9153,2,2,-1
589,59,356.48,280.58,26.60,73.75,0.8149,2,1,-1
589,63,1201.67,405.11,53.36,102.99,0.9273,2,1,-1
589,81,771.91,396.06,28.71,57.78,0.8019,2,-1,-1
589,0,594.50,572.44,16.68,16.10,1.0,0,-1,-1
590,2,610.05,468.90,67.26,95.15,0.8133,2,2,-1
590,3,1271.33,496.44,71.48,93.32,0.9167,2,2,-1
590,6,1127.35,394.30,47.61,93.92,0.8949,2,2,-1
590,7,142.06,386.10,62.12,93.58,0.9428,3,0,-1
590,11,723.65,419.68,48.72,89.17,0.9241,2,2,-1
590,12,-1.97,654.14,20.18,116.40,0.6072,2,1,-1
590,13,1068.68,524.98,29.68,78.08,0.8306,2,1,-1
590,19,817.05,327.99,33.89,82.76,0.8967,2,2,-1
590,36,832.08,523.89,45.92,106.07,0.9246,2,2,-1
590,38,353.70,315.99,20.52,40.04,0.7652,2,2,-1
590,51,540.18,495.70,44.27,94.84,0.8765,2,1,-1
590,52,637.62,363.78,42.92,93.04,0.8847,2,2,-1
590,53,1266.02,424.42,34.89,99.82,0.9138,2,2,-1
590,56,531.16,412.54,47.62,93.63,0.9013,2,2,-1
590,63,1194.98,404.60,57.18,104.39,0.9341,2,1,-1
590,81,775.06,394.79,35.30,83.70,0.8367,2,-1,-1
590,0,597.53,575.56,17.04,17.24,1.0,0,-1,-1
591,2,607.23,469.78,71.29,94.65,0.8762,2,2,-1
591,3,1264.22,496.50,67.27,91.93,0.9093,2,2,-1
591,6,1129.02,404.43,38.90,83.59,0.8579,2,2,-1
591,7,146.45,387.04,59.69,92.02,0.9341,3,0,-1
591,11,721.57,418.17,62.80,90.79,0.9240,2,2,-1
591,12,-0.14,653.47,19.73,114.57,0.7480,2,1,-1
591,13,1061.86,511.59,33.84,89.85,0.8212,2,1,-1
591,19,816.83,327.75,32.97,83.36,0.8875,2,2,-1
591,36,827.30,523.20,47.03,105.64,0.9094,2,2,-1
591,51,540.50,498.22,45.57,98.83,0.7943,2,1,-1
591,52,634.69,363.32,44.67,94.56,0.9186,2,2,-1
591,53,1258.76,424.76,36.37,100.52,0.8874,2,2,-1
591,56,526.69,412.54,50.86,98.49,0.9193,2,2,-1
591,59,349.70,289.58,23.07,65.87,0.7625,2,1,-1
591,63,1190.76,404.60,55.92,103.87,0.9314,2,1,-1
591,81,786.33,393.65,26.74,55.14,0.7783,2,1,-1
591,0,600.94,580.04,17.39,16.97,1.0,0,-1,-1
592,2,603.24,472.64,69.53,90.39,0.9005,2,2,-1
592,3,1253.12,498.32,52.48,89.23,0.8857,2,2,-1
592,6,1129.42,404.07,37.33,83.42,0.8503,2,2,-1
592,7,153.76,388.86,58.62,89.67,0.9062,3,0,-1
592,11,720.08,418.12,65.95,91.44,0.9405,2,2,-1
592,12,0.06,642.22,21.77,125.11,0.8197,2,1,-1
592,13,1058.17,496.02,34.53,101.66,0.8920,2,1,-1
592,19,816.44,328.05,32.67,83.45,0.9008,2,2,-1
592,36,824.69,522.62,45.50,103.98,0.9056,2,2,-1
592,38,346.27,315.83,19.38,39.66,0.5962,2,2,-1
592,51,544.55,495.24,49.38,110.13,0.8940,2,1,-1
592,52,633.00,363.61,44.80,94.08,0.9000,2,2,-1
592,53,1253.68,424.97,37.32,86.84,0.8956,2,2,-1
592,56,523.09,411.61,51.52,100.83,0.9166,2,2,-1
592,63,1184.92,403.65,56.09,103.45,0.9272,2,1,-1
592,81,786.78,393.48,38.30,75.17,0.7830,2,1,-1
592,0,604.18,582.36,16.82,16.50,1.0,0,-1,-1
593,2,600.56,469.33,77.17,96.98,0.9218,2,2,-1
593,3,1248.86,498.49,42.70,88.39,0.8972,2,2,-1
593,6,1127.29,393.89,40.54,94.21,0.8450,2,2,-1
593,7,164.86,388.37,51.55,90.02,0.9006,3,0,-1
593,11,725.35,418.50,65.39,93.69,0.9331,2,2,-1
593,13,1055.60,488.51,33.64,106.52,0.8838,2,1,-1
593,19,815.67,329.11,33.12,86.37,0.9009,2,2,-1
593,36,823.26,541.68,38.84,84.08,0.8894,2,2,-1
593,41,-0.08,617.76,25.01,85.82,0.7518,2,1,-1
593,51,550.18,494.88,49.41,110.80,0.9103,2,1,-1
593,52,630.88,364.11,44.29,94.72,0.9159,2,2,-1
593,53,1246.79,424.41,38.82,85.82,0.8881,2,2,-1
593,56,518.92,410.35,50.07,101.99,0.9070,2,2,-1
593,59,338.26,280.06,25.63,75.00,0.6346,2,1,-1
593,63,1179.05,402.75,53.00,103.45,0.9289,2,1,-1
593,81,788.73,392.94,45.34,86.12,0.7701,2,1,-1
593,0,607.84,581.61,16.95,16.93,1.0,0,-1,-1
594,2,601.35,468.74,78.37,98.24,0.9346,2,2,-1
594,3,1238.97,496.84,41.67,89.81,0.9042,2,2,-1
594,6,1125.69,392.23,40.93,96.98,0.8784,2,2,-1
594,7,168.24,389.53,48.81,87.84,0.8886,3,0,-1
594,11,735.13,419.96,62.68,96.30,0.8794,2,2,-1
594,13,1049.75,482.61,34.59,110.28,0.9133,2,1,-1
594,19,816.02,331.31,31.85,80.43,0.8981,2,2,-1
594,33,-0.43,632.86,24.19,73.51,0.8262,2,1,-1
594,36,810.96,510.36,47.27,111.46,0.9223,2,2,-1
594,51,554.47,495.34,49.82,107.73,0.9189,2,1,-1
594,52,627.79,365.10,45.08,95.56,0.9117,2,2,-1
594,53,1242.17,423.97,39.00,87.46,0.8695,2,2,-1
594,56,513.68,410.73,51.56,106.14,0.9214,2,2,-1
594,59,333.69,278.26,25.84,76.29,0.7679,2,1,-1
594,63,1173.11,401.02,48.66,103.12,0.9064,2,1,-1
594,81,801.47,393.40,48.36,87.41,0.7267,2,1,-1
594,0,611.09,583.34,17.66,17.32,1.0,0,-1,-1
595,2,605.91,469.58,77.76,102.56,0.8914,2,2,-1
595,3,1227.61,494.60,47.37,92.84,0.9064,2,2,-1
595,6,1124.03,392.18,41.00,98.23,0.8755,2,2,-1
595,7,165.80,386.07,53.59,90.15,0.9239,3,0,-1
595,11,751.60,440.06,45.80,75.84,0.7467,2,2,-1
595,13,1046.28,481.17,34.01,108.98,0.9071,2,1,-1
595,19,815.74,333.05,31.49,69.14,0.8874,2,2,-1
595,33,-1.05,636.44,21.85,70.85,0.7275,2,1,-1
595,36,804.73,515.11,47.86,102.61,0.9252,2,2,-1
595,51,560.25,496.39,56.53,105.31,0.9284,2,1,-1
595,52,625.72,366.12,45.37,96.45,0.9048,2,2,-1
595,56,509.75,411.67,50.68,100.47,0.9079,2,2,-1
595,59,330.74,279.97,25.14,73.80,0.5769,2,1,-1
595,63,1168.47,399.08,44.92,104.66,0.9159,2,1,-1
595,81,812.14,391.56,49.93,89.69,0.7482,2,1,-1
595,0,610.29,586.78,21.95,14.92,1.0,0,-1,-1
596,2,634.19,471.59,61.18,101.34,0.8596,2,2,-1
596,3,1214.42,489.61,54.77,95.96,0.9226,2,2,-1
596,6,1123.84,392.43,41.45,99.73,0.8901,2,2,-1
596,7,163.89,384.59,56.12,92.73,0.9292,3,0,-1
596,11,756.74,424.93,51.29,91.79,0.8755,2,2,-1
596,12,2.03,639.12,27.51,98.92,0.8481,2,1,-1
596,13,1041.96,480.44,34.34,107.01,0.9018,2,1,-1
596,19,813.93,333.74,34.39,78.36,0.8835,2,2,-1
596,36,799.08,520.00,42.85,91.85,0.9295,2,2,-1
596,51,565.77,498.29,65.05,105.56,0.8893,2,1,-1
596,52,623.82,366.70,45.31,96.07,0.8906,2,2,-1
596,63,1163.90,398.15,43.39,105.82,0.9149,2,1,-1
596,73,502.85,412.81,54.04,115.38,0.8933,2,1,-1
596,81,820.07,389.80,48.41,91.35,0.6550,2,1,-1
596,0,615.31,589.12,22.57,16.85,1.0,0,-1,-1
597,2,637.50,472.26,56.22,101.94,0.8566,2,2,-1
597,3,1197.61,489.68,64.75,95.72,0.9241,2,2,-1
597,6,1122.33,393.30,40.82,100.10,0.8855,2,2,-1
597,7,163.86,383.94,57.59,94.75,0.9339,3,0,-1
597,11,757.10,429.35,53.60,85.93,0.8971,2,2,-1
597,12,3.27,642.28,32.90,96.38,0.8288,2,1,-1
597,13,1036.61,480.18,34.95,108.83,0.9126,2,1,-1
597,19,814.24,333.65,33.12,78.44,0.8608,2,2,-1
597,36,792.30,519.68,42.45,92.44,0.9271,2,2,-1
597,51,572.55,501.20,62.95,105.17,0.7696,2,1,-1
597,52,620.84,366.99,44.76,95.26,0.8267,2,2,-1
597,59,320.25,278.22,26.06,76.04,0.5009,2,1,-1
597,63,1158.85,396.80,42.29,105.97,0.8909,2,1,-1
597,75,497.30,417.55,56.77,88.67,0.8855,2,2,-1
597,81,835.77,388.82,33.48,66.51,0.6700,2,1,-1
597,0,617.99,592.18,20.32,17.13,1.0,0,-1,-1
598,2,637.74,473.92,57.52,100.55,0.9006,2,2,-1
598,3,1174.61,487.59,78.10,97.62,0.9303,2,2,-1
598,6,1121.59,394.97,39.36,97.78,0.8665,2,2,-1
598,7,164.12,383.71,60.58,94.81,0.9405,3,0,-1
598,11,757.00,425.40,64.40,89.31,0.9214,2,2,-1
598,12,7.59,643.19,39.43,85.71,0.8074,2,1,-1
598,13,1032.47,480.39,32.98,107.24,0.8967,2,1,-1
598,19,812.95,333.40,31.97,78.92,0.8741,2,2,-1
598,36,787.37,520.34,43.11,92.44,0.9337,2,2,-1
598,51,563.76,502.00,60.68,102.64,0.9180,2,1,-1
598,52,617.99,366.82,43.91,96.08,0.9106,2,2,-1
598,59,315.83,281.39,26.04,73.36,0.6670,2,1,-1
598,63,1154.82,397.99,41.27,102.33,0.8841,2,1,-1
598,73,492.69,418.40,56.48,111.19,0.8817,2,1,-1
598,81,841.29,386.50,33.92,68.04,0.6855,2,1,-1
598,83,717.93,443.33,27.96,72.61,0.7943,2,-1,-1
598,0,618.10,587.62,21.19,22.23,1.0,0,-1,-1
599,2,637.35,473.93,64.30,100.27,0.9228,2,2,-1
599,3,1161.00,488.69,80.76,97.55,0.9300,2,2,-1
599,6,1120.86,397.16,37.89,96.58,0.7825,2,2,-1
599,7,165.87,385.25,61.21,94.15,0.9329,3,0,-1
599,11,760.02,426.04,70.12,90.58,0.9149,2,2,-1
599,12,0.99,641.05,57.74,121.97,0.8420,2,1,-1
599,13,1029.68,485.99,30.36,102.16,0.8761,2,1,-1
599,19,811.59,332.91,31.14,80.49,0.8826,2,2,-1
599,36,780.64,519.49,45.34,92.01,0.9323,2,2,-1
599,51,564.13,502.73,61.47,100.63,0.9188,2,1,-1
599,52,614.78,366.19,42.51,96.32,0.9184,2,2,-1
599,59,310.64,280.59,27.11,73.86,0.8483,2,1,-1
599,73,488.90,419.74,55.45,110.11,0.9136,2,1,-1
599,81,843.72,384.44,40.45,80.85,0.6521,2,1,-1
599,83,708.95,442.50,50.94,99.10,0.8957,2,-1,-1
599,0,622.28,585.52,18.39,21.20,1.0,0,-1,-1
600,2,637.04,473.93,72.29,101.09,0.9196,2,2,-1
600,3,1151.24,491.60,77.13,95.15,0.9248,2,2,-1
600,7,169.84,386.98,56.20,93.69,0.9279,3,0,-1
600,11,769.36,425.36,75.35,96.25,0.8757,2,2,-1
600,12,0.38,638.76,56.33,116.89,0.8707,2,1,-1
600,13,1024.23,485.16,30.05,102.01,0.8931,2,1,-1
600,19,808.04,333.68,31.75,80.98,0.8923,2,2,-1
600,36,770.09,520.26,50.94,92.37,0.9152,2,2,-1
600,51,566.08,503.15,60.70,98.11,0.9212,2,1,-1
600,52,610.88,365.53,41.43,96.83,0.9058,2,2,-1
600,53,1205.54,433.38,43.34,100.05,0.9283,2,2,-1
600,59,305.49,280.22,27.80,75.11,0.7902,2,1,-1
600,63,1140.31,400.44,42.13,100.50,0.8186,2,1,-1
600,73,486.65,419.80,51.55,109.43,0.9171,2,1,-1
600,81,844.27,383.06,47.90,89.64,0.8669,2,1,-1
600,83,719.06,442.25,51.41,97.38,0.6092,2,-1,-1
600,0,626.11,585.15,16.20,16.10,1.0,0,-1,-1
601,2,641.04,474.06,79.50,101.68,0.9137,2,2,-1
601,3,1146.28,491.14,67.50,95.32,0.9244,2,2,-1
601,6,1116.53,399.39,35.07,95.76,0.7495,2,2,-1
601,7,190.79,387.72,39.10,92.45,0.9185,3,0,-1
601,11,789.96,425.85,62.26,100.18,0.8738,2,2,-1
601,12,1.75,637.60,59.00,126.71,0.9112,2,1,-1
601,13,1019.48,486.56,29.48,100.06,0.8766,2,1,-1
601,19,802.76,335.20,36.22,82.26,0.9029,2,2,-1
601,36,765.74,516.75,51.07,93.87,0.9228,2,2,-1
601,51,568.93,505.00,58.84,97.08,0.8102,2,1,-1
601,52,607.05,365.05,36.95,97.45,0.9273,2,2,-1
601,53,1195.43,436.63,46.43,97.27,0.9158,2,2,-1
601,59,301.58,284.72,26.67,71.20,0.6394,2,1,-1
601,73,485.90,419.62,46.12,109.04,0.8898,2,1,-1
601,81,857.86,383.44,50.30,88.86,0.8681,2,1,-1
601,83,730.75,442.99,48.54,81.51,0.7903,2,1,-1
601,0,627.22,583.79,16.76,17.34,1.0,0,-1,-1
602,2,652.69,474.11,84.87,106.32,0.9136,2,2,-1
602,3,1141.11,495.68,58.36,90.62,0.9207,2,2,-1
602,7,193.31,388.02,34.67,92.16,0.9233,3,0,-1
602,11,800.98,440.42,49.54,85.37,0.7356,2,2,-1
602,12,1.76,638.77,63.95,128.35,0.9235,2,1,-1
602,13,1015.00,491.86,27.96,95.36,0.8376,2,1,-1
602,19,799.79,337.50,39.20,80.33,0.9131,2,2,-1
602,36,758.96,520.74,51.02,88.73,0.9063,2,2,-1
602,51,589.37,501.94,34.47,60.09,0.7840,2,1,-1
602,52,602.37,365.38,35.66,97.23,0.9064,2,2,-1
602,53,1187.39,439.48,48.72,94.19,0.9161,2,2,-1
602,59,295.80,285.47,26.91,70.18,0.8208,2,1,-1
602,63,1129.86,404.16,40.48,94.98,0.7361,2,1,-1
602,73,483.89,419.25,41.60,110.34,0.9144,2,1,-1
602,81,870.83,383.70,51.71,88.92,0.8844,2,1,-1
602,85,1877.04,376.75,41.37,90.78,0.8892,1,-1,-1
602,0,628.00,584.58,17.41,17.25,1.0,0,-1,-1
603,2,665.42,476.41,78.60,105.42,0.8932,2,2,-1
603,3,1133.06,496.42,52.25,88.28,0.9129,2,2,-1
603,7,194.52,387.35,35.54,92.68,0.9263,3,0,-1
603,11,822.40,429.57,36.08,63.76,0.5345,2,2,-1
603,12,11.53,639.90,60.97,128.81,0.8996,2,1,-1
603,13,1011.10,490.14,28.09,94.11,0.8357,2,1,-1
603,19,799.50,338.91,40.42,79.60,0.9091,2,2,-1
603,36,752.62,522.46,49.04,84.43,0.8951,2,2,-1
603,51,589.96,500.41,30.33,58.69,0.8145,2,1,-1
603,52,596.40,365.30,35.96,98.41,0.9095,2,2,-1
603,53,1180.28,442.48,48.77,90.93,0.8940,2,2,-1
603,59,289.84,284.52,27.89,71.67,0.7737,2,1,-1
603,63,1112.14,396.33,54.46,102.39,0.8913,2,1,-1
603,73,481.31,419.20,40.25,113.53,0.8571,2,1,-1
603,81,875.97,384.35,52.43,90.85,0.8919,2,1,-1
603,85,1872.00,375.21,43.19,93.90,0.8659,2,-1,-1
603,0,628.23,585.75,18.41,18.16,1.0,0,-1,-1
604,2,676.14,477.40,68.61,103.83,0.8896,2,2,-1
604,3,1124.54,496.69,48.27,89.47,0.9189,2,2,-1
604,7,190.78,385.57,42.15,94.11,0.9373,3,0,-1
604,11,811.79,440.92,42.44,83.71,0.8861,2,2,-1
604,12,21.39,641.96,58.03,127.01,0.9134,2,1,-1
604,13,1011.07,522.19,20.96,63.32,0.7554,2,1,-1
604,19,799.90,339.55,40.56,79.45,0.9128,2,2,-1
604,36,746.23,522.57,48.22,82.38,0.9092,2,2,-1
604,51,572.36,507.21,29.06,49.59,0.8428,2,1,-1
604,52,591.75,367.35,36.46,96.94,0.8850,2,2,-1
604,53,1169.60,444.89,52.48,89.33,0.9210,2,2,-1
604,59,284.62,282.29,28.35,73.28,0.6286,2,1,-1
604,63,1105.48,397.33,53.36,101.17,0.8353,2,1,-1
604,73,478.75,420.85,38.93,113.95,0.8950,2,1,-1
604,81,884.10,385.27,46.65,91.34,0.8517,2,1,-1
604,85,1866.58,369.95,43.31,99.00,0.9226,2,-1,-1
604,0,630.41,588.16,17.61,17.87,1.0,0,-1,-1
605,2,683.97,477.65,59.20,103.57,0.8775,2,2,-1
605,3,1115.80,497.32,48.18,88.57,0.8870,2,2,-1
605,6,1107.56,401.04,37.59,97.19,0.8087,2,2,-1
605,7,188.80,384.28,48.92,97.85,0.9376,3,0,-1
605,11,813.56,428.04,51.04,97.16,0.8874,2,2,-1
605,12,20.78,643.71,67.22,125.28,0.9211,2,1,-1
605,13,1006.41,523.63,21.44,60.82,0.7913,2,1,-1
605,19,800.51,339.57,40.71,80.11,0.8670,2,2,-1
605,36,742.08,522.21,45.02,81.18,0.9017,2,2,-1
605,52,585.01,367.57,39.00,98.32,0.8988,2,2,-1
605,53,1162.17,447.96,54.10,87.60,0.9132,2,2,-1
605,59,279.43,282.11,28.41,74.40,0.7703,2,1,-1
605,73,474.56,422.76,41.03,112.06,0.9129,2,1,-1
605,76,591.57,500.19,31.40,62.23,0.6815,2,-1,-1
605,81,906.25,428.07,22.47,48.43,0.7729,2,1,-1
605,85,1862.86,370.84,42.65,98.33,0.9007,1,3,-1
605,87,783.43,444.93,31.34,59.44,0.6162,2,-1,-1
605,0,632.37,591.73,17.19,16.27,1.0,0,-1,-1
606,2,698.44,477.46,53.04,103.35,0.8552,2,2,-1
606,3,1099.72,498.12,57.56,87.76,0.9172,2,2,-1
606,6,1124.60,396.17,38.27,103.79,0.8706,2,2,-1
606,7,186.50,383.99,56.54,97.90,0.9391,3,0,-1
606,11,815.72,425.00,60.38,96.53,0.9199,2,2,-1
606,12,34.90,644.95,55.55,85.36,0.7976,2,1,-1
606,13,1001.52,521.76,24.27,62.43,0.8125,2,1,-1
606,19,799.15,340.14,42.38,80.94,0.9236,2,2,-1
606,36,739.14,521.57,40.45,80.25,0.8933,2,2,-1
606,51,569.63,505.47,30.68,51.65,0.6523,2,1,-1
606,52,579.13,368.45,40.54,97.80,0.8884,2,2,-1
606,53,1158.10,449.58,52.46,87.42,0.9160,2,2,-1
606,59,273.38,280.84,28.73,76.10,0.8427,2,1,-1
606,73,468.26,425.61,44.63,112.41,0.9074,2,1,-1
606,81,907.24,433.68,19.82,41.31,0.7714,2,1,-1
606,85,1858.04,369.86,43.37,98.76,0.9098,1,3,-1
606,0,632.46,592.85,18.41,18.38,1.0,0,-1,-1
607,2,703.08,477.11,45.72,103.60,0.8334,2,2,-1
607,3,1094.42,502.37,56.32,83.99,0.8912,2,2,-1
607,6,1124.02,395.38,37.53,101.70,0.8620,2,2,-1
607,7,185.68,384.01,62.68,97.57,0.9432,3,0,-1
607,11,826.54,425.83,60.70,98.38,0.9179,2,2,-1
607,12,18.18,643.26,91.20,111.01,0.9272,2,1,-1
607,13,998.07,483.31,25.03,54.75,0.7643,2,1,-1
607,19,800.40,340.74,41.15,81.87,0.8946,2,2,-1
607,36,736.22,529.72,36.78,73.76,0.8799,2,2,-1
607,51,602.94,546.79,36.71,57.57,0.7330,2,1,-1
607,52,574.92,369.47,40.92,97.20,0.8622,2,2,-1
607,53,1152.48,450.18,53.73,88.59,0.9187,2,2,-1
607,56,463.58,430.18,52.64,109.39,0.9201,2,2,-1
607,59,269.25,280.42,28.87,76.91,0.8440,2,1,-1
607,76,570.11,503.38,37.66,69.80,0.6659,2,-1,-1
607,85,1853.31,371.43,44.06,97.77,0.9229,1,3,-1
607,88,901.52,381.00,32.12,67.32,0.8746,2,-1,-1
607,0,635.47,590.02,19.61,17.99,1.0,0,-1,-1
608,3,1090.42,504.39,52.53,82.19,0.8741,2,2,-1
608,6,1119.36,393.80,40.22,105.02,0.8700,2,2,-1
608,7,187.28,385.10,64.96,97.96,0.9392,3,0,-1
608,12,21.05,641.67,99.87,129.26,0.9323,2,1,-1
608,13,991.80,498.11,34.01,79.40,0.7739,2,1,-1
608,19,803.55,342.27,37.02,81.93,0.9123,2,2,-1
608,36,732.34,527.74,36.67,77.25,0.8235,2,2,-1
608,51,603.54,550.86,47.34,58.42,0.8583,2,1,-1
608,52,570.62,369.46,41.32,98.36,0.8703,2,2,-1
608,53,1146.73,451.18,56.84,89.21,0.9227,2,2,-1
608,56,460.42,433.92,57.95,108.04,0.9321,2,2,-1
608,59,264.62,280.64,28.80,76.31,0.7898,2,1,-1
608,76,578.82,503.05,29.56,56.35,0.5758,2,1,-1
608,83,711.96,478.84,37.57,64.94,0.5607,2,1,-1
608,85,1849.94,369.94,44.24,98.73,0.9097,1,3,-1
608,88,903.81,379.89,41.29,91.65,0.9087,2,-1,-1
608,0,634.30,589.84,20.56,19.76,1.0,0,-1,-1
609,3,1085.66,505.75,48.04,81.04,0.8927,2,2,-1
609,6,1122.36,392.67,38.09,106.23,0.8798,2,2,-1
609,7,191.33,386.63,61.30,96.51,0.9308,3,0,-1
609,11,849.96,428.97,66.68,101.28,0.8836,2,2,-1
609,12,22.45,642.11,102.75,127.74,0.9371,2,1,-1
609,13,991.25,518.02,28.16,62.02,0.7607,2,1,-1
609,19,804.12,344.50,33.73,79.94,0.8427,2,2,-1
609,36,701.73,520.88,51.63,85.46,0.8217,2,2,-1
609,52,564.79,369.69,42.52,98.80,0.8912,2,2,-1
609,53,1142.70,451.47,59.48,89.58,0.9157,2,2,-1
609,56,458.39,437.34,58.88,105.60,0.9209,2,2,-1
609,59,259.90,281.91,28.32,76.16,0.8611,2,1,-1
609,63,1081.71,401.15,46.57,104.71,0.8755,2,1,-1
609,76,577.09,502.93,28.35,51.51,0.7998,2,1,-1
609,85,1845.53,370.18,43.86,97.80,0.9136,1,3,-1
609,88,908.04,379.20,43.10,88.51,0.8984,2,-1,-1
609,0,625.62,591.73,21.69,18.34,1.0,0,-1,-1
610,3,1082.30,506.64,45.59,80.40,0.8439,2,2,-1
610,7,196.47,387.15,58.52,96.14,0.9091,3,0,-1
610,11,856.78,431.04,65.22,101.71,0.9105,2,2,-1
610,12,29.58,643.37,100.19,132.85,0.9279,2,1,-1
610,13,985.67,515.71,36.08,66.31,0.8937,2,1,-1
610,19,805.67,343.82,31.50,80.94,0.8924,2,2,-1
610,36,691.10,513.50,67.35,94.03,0.8987,2,2,-1
610,52,560.76,369.47,42.39,98.92,0.9013,2,2,-1
610,53,1137.19,449.96,62.48,90.51,0.9291,2,2,-1
610,56,457.68,440.58,56.12,101.56,0.9255,2,2,-1
610,59,253.87,279.34,29.52,78.90,0.8138,2,1,-1
610,63,1077.70,401.86,46.91,105.35,0.9224,2,1,-1
610,76,577.14,503.42,27.89,51.42,0.6970,2,1,-1
610,85,1840.13,370.50,43.33,98.34,0.9170,1,3,-1
610,88,911.16,379.93,46.04,89.73,0.8940,2,1,-1
610,0,618.02,592.52,19.67,17.29,1.0,0,-1,-1
611,3,1075.66,506.45,45.01,80.43,0.9029,2,2,-1
611,7,203.48,386.03,53.36,96.50,0.9223,3,0,-1
611,11,861.83,434.33,59.79,99.57,0.8495,2,2,-1
611,12,67.48,645.64,74.57,132.01,0.8980,2,1,-1
611,13,977.65,490.06,46.15,91.86,0.9019,2,1,-1
611,19,805.85,344.05,30.23,80.75,0.8831,2,2,-1
611,36,682.36,511.18,64.87,97.99,0.9039,2,2,-1
611,52,555.70,369.77,42.06,98.20,0.9061,2,2,-1
611,53,1133.60,448.53,64.40,92.04,0.9250,2,2,-1
611,56,455.81,441.72,54.82,100.74,0.9186,2,2,-1
611,59,248.58,280.72,28.36,77.46,0.8749,2,1,-1
611,63,1072.13,403.04,47.09,103.98,0.9137,2,1,-1
611,76,580.51,504.97,23.55,48.76,0.7949,2,1,-1
611,85,1837.01,370.62,42.10,97.20,0.9126,1,3,-1
611,88,916.52,380.53,44.96,85.00,0.8510,2,1,-1
611,0,607.64,590.97,20.64,18.24,1.0,0,-1,-1
612,2,734.83,485.36,50.62,97.90,0.9089,2,2,-1
612,3,1072.29,506.16,44.15,80.11,0.8609,2,2,-1
612,7,212.26,384.61,46.49,98.14,0.9372,3,0,-1
612,11,855.32,510.47,25.13,40.81,0.7536,2,2,-1
612,12,87.72,647.57,59.40,131.18,0.8995,2,1,-1
612,13,974.30,485.17,47.55,96.18,0.9014,2,1,-1
612,19,803.27,343.17,32.05,82.24,0.8778,2,2,-1
612,36,679.79,512.05,61.21,101.22,0.9157,2,2,-1
612,52,552.71,370.00,40.97,98.31,0.9098,2,2,-1
612,53,1131.19,446.49,64.32,93.52,0.9157,2,2,-1
612,56,455.11,441.77,53.55,102.63,0.9291,2,2,-1
612,59,242.69,279.30,29.57,79.09,0.7032,2,1,-1
612,63,1066.40,403.71,47.59,102.65,0.9222,2,1,-1
612,76,562.88,506.72,47.74,98.89,0.8282,2,1,-1
612,85,1831.43,368.00,41.88,100.72,0.9156,1,3,-1
612,88,929.79,381.17,29.52,51.27,0.8096,2,1,-1
612,0,598.32,591.11,24.12,17.03,1.0,0,-1,-1
613,2,736.97,486.45,50.25,97.03,0.9190,2,2,-1
613,3,1068.03,505.82,44.19,80.64,0.8460,2,2,-1
613,7,213.29,383.77,44.74,98.69,0.9357,3,0,-1
613,11,851.20,479.29,43.22,73.08,0.7788,2,2,-1
613,12,91.88,646.87,60.71,129.70,0.9248,2,1,-1
613,13,969.46,476.49,51.55,104.51,0.9112,2,1,-1
613,19,799.20,343.28,37.05,82.64,0.9189,2,2,-1
613,36,692.11,514.73,47.02,98.26,0.9211,2,2,-1
613,52,549.54,369.21,40.47,99.09,0.8953,2,2,-1
613,53,1131.92,444.68,61.99,96.25,0.9110,2,2,-1
613,56,461.12,443.32,45.64,100.77,0.9050,2,2,-1
613,59,238.29,285.13,28.65,73.72,0.8139,2,1,-1
613,63,1060.77,403.68,48.03,103.24,0.9066,2,1,-1
613,76,562.82,508.18,64.30,98.54,0.9166,2,1,-1
613,85,1827.24,368.69,41.06,99.22,0.9020,1,3,-1
613,88,932.34,381.32,35.70,63.47,0.8152,2,1,-1
613,0,588.92,591.49,23.25,16.88,1.0,0,-1,-1
614,2,746.77,488.19,52.54,90.54,0.8553,2,2,-1
614,3,1063.40,503.61,45.07,81.68,0.9160,2,2,-1
614,7,213.81,383.12,44.98,101.55,0.9382,3,0,-1
614,11,852.63,452.01,49.04,100.72,0.8976,2,2,-1
614,12,91.54,644.23,74.66,134.25,0.9278,2,1,-1
614,13,966.66,472.18,52.40,107.98,0.8974,2,1,-1
614,19,796.82,343.60,41.84,84.08,0.9262,2,2,-1
614,36,682.81,515.30,50.06,97.65,0.9266,2,2,-1
614,38,236.92,315.51,20.37,44.89,0.7649,2,2,-1
614,52,546.37,369.80,39.86,98.47,0.9088,2,2,-1
614,53,1135.08,443.31,57.30,96.95,0.9061,2,2,-1
614,63,1056.10,402.63,49.15,104.86,0.9097,2,1,-1
614,73,465.22,445.17,37.58,106.68,0.9179,2,-1,-1
614,76,557.91,509.86,71.56,100.68,0.8816,2,1,-1
614,85,1823.38,367.19,41.37,101.19,0.8493,1,3,-1
614,88,937.35,380.34,39.33,87.38,0.8891,2,1,-1
614,0,581.71,592.07,16.61,17.59,1.0,0,-1,-1
615,2,748.09,489.23,65.55,94.51,0.8872,2,2,-1
615,3,1061.31,502.69,45.26,83.36,0.8648,2,2,-1
615,6,1110.41,399.30,43.64,104.70,0.8805,2,2,-1
615,7,211.42,383.63,51.28,101.33,0.9448,3,0,-1
615,11,858.88,454.49,55.12,97.57,0.9109,2,2,-1
615,12,91.32,641.65,87.73,135.82,0.9337,2,1,-1
615,13,966.23,481.59,49.32,97.59,0.9080,2,1,-1
615,19,796.16,344.39,44.27,85.93,0.9248,2,2,-1
615,36,677.12,519.85,52.80,93.83,0.9279,2,2,-1
615,38,231.64,312.12,22.47,49.26,0.7942,2,2,-1
615,52,544.41,369.79,39.73,98.93,0.9084,2,2,-1
615,53,1137.65,448.82,50.95,90.97,0.8226,2,2,-1
615,63,1051.23,402.20,46.13,105.40,0.8921,2,1,-1
615,73,465.46,448.14,38.02,103.76,0.9234,2,2,-1
615,76,550.88,511.98,74.90,101.64,0.9200,2,1,-1
615,85,1820.36,367.55,39.42,100.39,0.9224,1,3,-1
615,88,945.18,379.45,25.96,58.14,0.7664,2,1,-1
615,92,946.74,437.87,17.86,36.91,0.6937,2,-1,-1
615,0,574.30,591.25,16.62,18.28,1.0,0,-1,-1
616,2,747.08,487.66,74.51,96.71,0.9323,2,2,-1
616,3,1063.96,499.90,41.17,86.22,0.9100,2,2,-1
616,7,211.98,384.40,57.79,100.05,0.9361,3,0,-1
616,11,898.08,432.88,51.59,105.22,0.8670,2,2,-1
616,12,96.26,639.61,94.18,134.76,0.9339,2,1,-1
616,13,962.73,475.18,50.60,104.20,0.9045,2,1,-1
616,19,798.58,345.40,43.17,86.33,0.9135,2,2,-1
616,36,667.49,522.17,58.48,90.77,0.9338,2,2,-1
616,52,541.05,369.73,39.58,99.32,0.9043,2,2,-1
616,53,1140.99,439.46,48.36,100.25,0.9049,2,2,-1
616,56,464.03,451.62,47.85,99.41,0.9137,2,2,-1
616,59,224.65,287.12,30.77,73.61,0.8562,2,1,-1
616,63,1047.49,401.63,41.60,103.27,0.9202,2,1,-1
616,76,546.35,512.02,78.83,102.44,0.9142,2,1,-1
616,85,1816.87,368.04,39.76,99.03,0.9127,1,3,-1
616,88,950.27,379.03,21.35,51.16,0.8581,2,1,-1
616,0,564.66,590.76,17.55,18.41,1.0,0,-1,-1
617,2,747.06,486.59,76.76,97.64,0.9396,2,2,-1
617,3,1063.83,498.53,40.04,88.41,0.9009,2,2,-1
617,7,213.83,386.23,63.46,100.09,0.9372,3,0,-1
617,11,903.08,434.17,53.66,104.43,0.8848,2,2,-1
617,12,113.78,639.37,90.95,125.64,0.8405,2,1,-1
617,13,961.91,479.85,47.97,99.32,0.9015,2,1,-1
617,19,805.50,347.40,39.01,84.96,0.8627,2,2,-1
617,36,655.42,504.39,69.67,109.15,0.9330,2,2,-1
617,52,537.96,369.61,39.20,99.56,0.9109,2,2,-1
617,53,1143.01,437.89,43.70,101.60,0.9149,2,2,-1
617,56,464.57,455.07,55.79,97.37,0.9091,2,2,-1
617,59,220.31,280.46,31.73,79.87,0.8605,2,1,-1
617,63,1044.21,401.75,40.95,104.30,0.8024,2,1,-1
617,76,542.39,509.95,80.98,104.92,0.9259,2,1,-1
617,85,1813.16,368.99,39.59,97.87,0.9042,1,3,-1
617,88,955.29,379.36,21.67,51.37,0.7133,2,1,-1
617,0,558.55,589.63,17.47,18.39,1.0,0,-1,-1
618,2,750.70,485.41,74.10,97.25,0.9327,2,2,-1
618,3,1063.63,497.63,39.17,89.02,0.8982,2,2,-1
618,6,1113.28,410.49,40.96,93.32,0.8701,2,2,-1
618,7,217.41,388.74,63.33,99.61,0.9243,3,0,-1
618,11,907.17,437.56,57.11,112.84,0.8894,2,2,-1
618,12,137.94,639.45,89.60,133.23,0.7513,2,1,-1
618,13,961.74,476.49,46.10,102.28,0.9211,2,1,-1
618,19,806.85,347.78,38.27,84.16,0.8879,2,2,-1
618,36,654.91,509.30,67.30,103.56,0.9235,2,2,-1
618,52,535.93,369.31,38.70,100.51,0.9182,2,2,-1
618,53,1143.23,437.33,41.25,104.00,0.9186,2,2,-1
618,56,462.02,456.54,63.14,99.73,0.9297,2,2,-1
618,59,216.45,282.06,31.14,78.24,0.8701,2,1,-1
618,63,1041.51,399.80,39.55,104.32,0.9135,2,1,-1
618,76,536.54,507.59,83.38,106.59,0.9227,2,1,-1
618,85,1809.46,366.92,40.73,99.86,0.9118,1,3,-1
618,88,959.61,380.37,20.77,50.72,0.8620,2,1,-1
618,0,548.47,590.12,19.81,17.96,1.0,0,-1,-1
619,2,749.95,483.98,74.22,97.87,0.9425,2,2,-1
619,3,1063.14,495.98,39.25,90.66,0.9160,2,2,-1
619,6,1113.90,413.13,40.14,90.25,0.8874,2,2,-1
619,7,225.23,391.03,55.79,97.24,0.9319,3,0,-1
619,11,918.72,439.79,53.31,104.02,0.6732,2,2,-1
619,12,151.94,640.28,81.43,142.36,0.8048,2,1,-1
619,13,962.78,480.26,43.36,98.06,0.8329,2,1,-1
619,19,808.28,347.57,37.14,83.74,0.8663,2,2,-1
619,36,641.97,516.46,75.87,97.13,0.9244,2,2,-1
619,52,533.49,369.88,38.64,100.55,0.9165,2,2,-1
619,53,1143.10,438.07,39.90,103.96,0.9128,2,2,-1
619,56,461.46,459.38,65.05,100.54,0.9213,2,2,-1
619,59,214.37,282.57,31.42,78.35,0.8818,2,1,-1
619,63,1038.96,399.22,38.61,97.83,0.9061,2,1,-1
619,76,531.28,506.40,80.62,104.88,0.9321,2,1,-1
619,85,1807.26,367.56,39.83,98.56,0.9199,1,3,-1
619,88,966.26,382.95,22.12,49.74,0.8416,2,1,-1
619,0,543.57,589.19,17.75,18.73,1.0,0,-1,-1
620,2,749.94,483.17,72.72,97.88,0.9439,2,2,-1
620,3,1062.79,496.54,38.53,90.28,0.9115,2,2,-1
620,6,1114.51,414.44,37.92,89.58,0.8974,2,2,-1
620,7,232.83,391.99,47.88,95.66,0.9245,3,0,-1
620,11,925.66,442.70,35.46,69.19,0.7320,2,2,-1
620,12,175.24,642.81,56.99,140.11,0.8612,2,1,-1
620,13,960.51,475.71,44.26,102.30,0.7059,2,1,-1
620,19,810.06,345.65,39.13,85.91,0.8988,2,2,-1
620,36,629.78,515.75,84.52,97.28,0.9337,2,2,-1
620,52,530.68,370.79,38.61,99.96,0.9063,2,2,-1
620,53,1142.69,439.40,38.93,103.96,0.9126,2,2,-1
620,56,461.89,462.67,67.84,100.84,0.9230,2,2,-1
620,59,210.89,285.34,30.33,75.87,0.7763,2,1,-1
620,63,1034.82,399.12,41.68,106.43,0.9221,2,1,-1
620,76,526.22,505.99,73.87,102.26,0.9388,2,1,-1
620,85,1802.90,367.63,40.83,99.21,0.9113,1,3,-1
620,88,974.34,385.57,25.24,50.68,0.7216,2,1,-1
621,2,752.30,481.19,69.20,99.45,0.9233,2,2,-1
621,3,1062.45,496.84,38.36,92.45,0.9050,2,2,-1
621,6,1113.73,414.79,37.17,88.44,0.8818,2,2,-1
621,7,242.28,391.75,39.41,96.51,0.9198,3,0,-1
621,11,927.86,444.72,47.65,95.02,0.6403,2,2,-1
621,12,186.80,643.37,52.82,140.12,0.8868,2,1,-1
621,19,811.77,345.98,39.99,88.60,0.8576,2,2,-1
621,36,624.29,513.32,86.94,99.37,0.9308,2,2,-1
621,52,528.70,371.70,38.44,99.62,0.9004,2,2,-1
621,53,1142.22,440.09,39.01,104.84,0.9284,2,2,-1
621,56,462.26,466.30,68.80,99.99,0.9095,2,2,-1
621,59,207.40,283.76,31.12,78.13,0.8744,2,1,-1
621,63,1031.70,398.69,42.22,107.77,0.9072,2,1,-1
621,76,523.92,505.83,68.33,102.70,0.9218,2,1,-1
621,85,1799.10,366.43,42.04,100.74,0.9125,1,3,-1
621,88,972.09,386.78,24.83,51.43,0.8534,2,1,-1
621,92,986.98,419.87,23.33,42.24,0.6792,2,-1,-1
622,2,753.53,479.11,66.60,100.72,0.9335,2,2,-1
622,3,1061.90,496.35,39.21,95.02,0.9273,2,2,-1
622,6,1111.85,414.07,37.36,89.41,0.8987,2,2,-1
622,7,247.73,390.97,34.17,97.35,0.9160,3,0,-1
622,11,919.71,459.01,43.90,94.92,0.8019,2,2,-1
622,12,207.89,642.36,46.13,110.04,0.8744,2,1,-1
622,13,962.99,478.33,39.87,99.67,0.7534,2,1,-1
622,19,816.84,347.24,37.68,87.24,0.8730,2,2,-1
622,36,618.48,510.21,85.06,98.80,0.9244,2,2,-1
622,52,527.25,372.08,38.66,99.90,0.9021,2,2,-1
622,53,1141.87,440.83,40.24,106.97,0.9315,2,2,-1
622,56,464.91,470.10,63.33,95.55,0.9161,2,2,-1
622,59,206.00,284.13,30.23,78.08,0.8832,2,1,-1
622,63,1030.35,398.46,42.02,106.50,0.9153,2,1,-1
622,76,522.60,505.07,67.41,103.51,0.9180,2,1,-1
622,85,1795.71,365.69,42.46,100.54,0.9264,1,3,-1
622,88,975.74,386.45,25.58,51.00,0.8756,2,1,-1
622,92,992.97,421.83,22.63,44.04,0.7592,2,-1,-1
623,2,755.10,477.85,64.16,98.46,0.9168,2,2,-1
623,3,1063.09,498.11,39.66,94.04,0.9301,2,2,-1
623,6,1110.60,412.32,37.53,91.27,0.8954,2,2,-1
623,7,253.35,389.47,32.08,97.34,0.9149,3,0,-1
623,11,943.06,447.41,39.12,82.65,0.7021,2,2,-1
623,12,201.70,641.44,66.90,126.98,0.9349,2,1,-1
623,13,971.53,520.06,24.84,57.46,0.5748,2,1,-1
623,19,818.78,347.49,40.40,86.96,0.8833,2,2,-1
623,36,611.67,510.28,81.54,97.76,0.9070,2,2,-1
623,52,526.85,372.71,38.60,99.01,0.9039,2,2,-1
623,53,1141.56,441.19,41.78,107.08,0.9259,2,2,-1
623,56,466.18,473.04,60.08,91.49,0.9216,2,2,-1
623,59,204.89,285.40,29.51,77.24,0.8319,2,1,-1
623,63,1030.43,398.58,40.82,104.24,0.8831,2,1,-1
623,76,517.25,503.15,69.31,104.89,0.9285,2,1,-1
623,85,1793.19,366.77,44.20,99.62,0.9240,1,3,-1
623,87,801.00,538.01,17.51,40.03,0.7314,2,-1,-1
623,88,979.07,385.75,27.57,51.83,0.8597,2,1,-1
624,2,757.74,477.53,63.21,96.92,0.9201,2,2,-1
624,3,1064.06,498.64,40.34,95.40,0.9269,2,2,-1
624,6,1108.83,410.73,38.72,93.03,0.8933,2,2,-1
624,7,257.48,388.96,36.79,99.96,0.9377,3,0,-1
624,11,958.82,447.49,51.56,95.59,0.7599,2,2,-1
624,12,206.28,640.94,80.80,143.86,0.9418,2,1,-1
624,19,823.85,350.42,41.27,86.55,0.8990,2,2,-1
624,36,606.43,512.55,71.59,94.14,0.9070,2,2,-1
624,52,526.25,373.10,38.45,98.64,0.9097,2,2,-1
624,53,1142.82,441.69,44.08,106.71,0.9228,2,2,-1
624,56,466.13,476.02,59.75,91.67,0.9099,2,2,-1
624,59,203.98,290.55,28.58,72.72,0.8673,2,1,-1
624,63,1030.57,398.27,39.69,102.85,0.8687,2,1,-1
624,76,514.78,502.47,72.96,106.88,0.9277,2,1,-1
624,85,1792.26,367.37,44.64,98.59,0.9219,1,3,-1
624,88,982.46,385.30,27.00,49.78,0.8815,2,1,-1
625,2,761.28,478.43,64.70,98.78,0.9086,2,2,-1
625,3,1064.52,499.47,42.75,96.50,0.9237,2,2,-1
625,6,1106.75,410.47,43.90,94.28,0.8909,2,2,-1
625,7,262.20,390.31,45.23,99.24,0.9345,3,0,-1
625,11,959.65,449.63,37.42,66.48,0.8246,2,2,-1
625,12,214.35,641.66,87.48,131.42,0.9337,2,1,-1
625,13,973.01,517.44,26.43,60.03,0.7380,2,1,-1
625,19,825.50,353.84,45.19,86.87,0.9124,2,2,-1
625,52,526.20,374.13,39.15,98.75,0.8879,2,2,-1
625,53,1145.12,444.36,43.09,104.78,0.9225,2,2,-1
625,56,463.82,477.40,60.43,96.19,0.8978,2,2,-1
625,59,202.90,289.08,29.71,75.13,0.8814,2,1,-1
625,63,1029.50,399.23,39.99,105.88,0.7596,2,1,-1
625,76,511.70,501.38,76.98,107.99,0.9278,2,1,-1
625,83,606.40,516.00,45.99,90.39,0.8762,2,1,-1
625,85,1791.51,367.30,44.56,99.44,0.9200,1,3,-1
625,88,986.90,386.57,28.68,48.37,0.8673,2,1,-1
626,2,765.07,479.96,65.03,97.05,0.9210,2,2,-1
626,3,1066.71,499.54,43.13,97.86,0.9200,2,2,-1
626,6,1105.13,409.31,48.90,95.56,0.9016,2,2,-1
626,7,265.10,391.54,53.09,99.31,0.9339,3,0,-1
626,11,960.99,449.18,48.89,85.99,0.8385,2,2,-1
626,12,228.48,643.67,90.16,138.63,0.8938,2,1,-1
626,13,974.49,516.23,25.86,60.82,0.8362,2,1,-1
626,19,828.13,356.47,45.41,84.59,0.9113,2,2,-1
626,52,526.16,374.21,38.94,98.66,0.8822,2,2,-1
626,53,1145.51,442.71,43.38,105.91,0.9122,2,2,-1
626,56,459.89,476.79,62.92,100.18,0.9288,2,2,-1
626,59,202.21,289.01,30.66,75.52,0.8828,2,1,-1
626,63,1028.59,398.89,39.96,107.44,0.7536,2,1,-1
626,76,509.81,500.19,73.75,109.50,0.9296,2,1,-1
626,83,597.86,517.74,48.78,88.66,0.9116,2,1,-1
626,85,1792.14,368.98,43.56,97.78,0.9186,1,3,-1
626,88,991.06,386.60,31.81,53.53,0.8086,2,1,-1
626,0,505.38,589.09,15.89,17.41,1.0,0,-1,-1
627,2,769.40,485.00,63.12,91.31,0.9057,2,2,-1
627,3,1066.36,499.10,45.31,97.72,0.9142,2,2,-1
627,6,1099.22,407.76,56.46,97.64,0.9132,2,2,-1
627,7,269.44,393.44,55.68,98.43,0.9325,3,0,-1
627,11,1017.49,464.98,24.24,44.49,0.6179,2,2,-1
627,12,277.31,647.34,49.15,78.15,0.8234,2,1,-1
627,13,969.70,500.40,32.18,76.39,0.7220,2,1,-1
627,19,833.66,357.87,44.92,82.71,0.9158,2,2,-1
627,52,526.82,373.98,38.71,98.74,0.8723,2,2,-1
627,53,1147.94,440.27,42.07,108.75,0.9161,2,2,-1
627,56,457.77,475.91,65.01,104.92,0.9170,2,2,-1
627,59,202.31,290.89,31.02,74.16,0.8667,2,1,-1
627,63,1026.06,398.67,35.29,87.16,0.6200,2,1,-1
627,76,505.14,498.35,67.14,109.68,0.8991,2,1,-1
627,83,587.78,519.96,50.59,86.29,0.8817,2,1,-1
627,85,1792.37,368.20,43.38,98.65,0.9191,1,3,-1
627,88,995.33,386.88,30.90,52.37,0.6905,2,1,-1
628,2,773.47,489.37,60.99,86.95,0.8811,2,2,-1
628,3,1066.44,498.25,48.97,98.84,0.9209,2,2,-1
628,6,1095.02,407.19,59.74,98.11,0.9171,2,2,-1
628,7,274.21,396.17,53.15,95.69,0.9311,3,0,-1
628,13,976.42,451.16,41.55,93.76,0.7509,2,1,-1
628,19,839.71,356.53,43.32,84.62,0.9243,2,2,-1
628,52,527.65,374.28,38.95,98.94,0.8658,2,2,-1
628,53,1150.31,438.27,40.24,110.35,0.9170,2,2,-1
628,56,455.58,477.32,66.94,107.41,0.8979,2,2,-1
628,59,203.35,288.33,32.20,76.78,0.8880,2,1,-1
628,63,1024.39,399.32,43.31,105.70,0.8919,2,1,-1
628,83,587.86,520.28,51.81,87.08,0.9094,2,1,-1
628,85,1792.43,368.32,43.24,98.55,0.9234,1,3,-1
628,88,1002.93,389.26,28.14,50.77,0.7566,2,1,-1
628,0,500.13,588.09,15.47,18.06,1.0,0,-1,-1
629,2,788.17,500.64,49.28,75.37,0.8691,2,2,-1
629,3,1075.36,498.19,45.83,97.75,0.9129,2,2,-1
629,6,1090.65,407.16,61.95,98.53,0.9123,2,2,-1
629,7,280.88,396.62,49.51,95.15,0.9421,3,0,-1
629,13,981.44,444.48,43.90,66.75,0.8307,2,1,-1
629,19,845.87,356.92,41.81,85.34,0.9161,2,2,-1
629,51,578.40,519.23,62.94,87.50,0.9287,2,1,-1
629,52,528.74,373.98,39.52,99.50,0.8780,2,2,-1
629,53,1152.98,437.85,38.26,110.80,0.9212,2,2,-1
629,56,454.58,478.83,63.69,105.60,0.8856,2,2,-1
629,59,206.21,292.61,30.91,72.94,0.9003,2,1,-1
629,63,1026.19,399.49,43.09,106.58,0.7819,2,1,-1
629,73,507.05,497.90,46.86,110.34,0.7819,2,2,-1
629,85,1792.37,370.08,42.85,96.95,0.9243,1,3,-1
629,88,1003.35,389.13,36.20,69.23,0.7014,2,1,-1
630,2,776.39,481.25,61.87,94.48,0.8909,2,2,-1
630,3,1084.14,497.59,42.62,98.58,0.9161,2,2,-1
630,6,1090.14,405.97,60.09,99.38,0.9135,2,2,-1
630,7,287.75,396.13,47.49,96.14,0.9345,3,0,-1
630,13,980.74,441.16,47.68,64.84,0.8182,2,1,-1
630,19,852.48,357.80,43.90,84.48,0.9062,2,2,-1
630,36,566.36,517.63,74.95,90.57,0.9342,2,2,-1
630,52,530.79,374.41,40.66,98.89,0.9178,2,2,-1
630,53,1155.00,437.18,39.32,112.35,0.9274,2,2,-1
630,56,455.23,480.47,58.48,104.12,0.9138,2,2,-1
630,59,208.34,289.98,30.98,75.89,0.9060,2,1,-1
630,63,1025.98,399.52,43.35,106.78,0.8818,2,1,-1
630,85,1792.56,373.38,42.51,93.50,0.9124,1,3,-1
630,88,1008.37,383.47,25.73,46.19,0.8284,2,1,-1
631,2,778.63,479.52,62.47,95.86,0.8728,2,2,-1
631,3,1093.40,495.26,38.84,100.92,0.9168,2,2,-1
631,6,1089.95,404.24,55.34,99.35,0.9073,2,2,-1
631,7,294.05,394.28,44.00,97.62,0.9348,3,0,-1
631,13,978.50,437.12,51.46,65.46,0.8214,2,1,-1
631,19,858.07,357.63,46.38,83.19,0.9114,2,2,-1
631,36,562.90,517.18,75.41,94.93,0.9318,2,2,-1
631,52,532.05,374.52,41.01,98.94,0.9202,2,2,-1
631,53,1158.17,437.89,39.76,111.34,0.9314,2,2,-1
631,56,455.26,483.08,55.31,101.00,0.7661,2,2,-1
631,59,210.83,291.49,29.45,73.93,0.8668,2,1,-1
631,63,1026.25,399.75,44.45,106.59,0.8909,2,1,-1
631,75,490.37,543.90,47.62,62.69,0.8800,2,2,-1
631,85,1791.61,376.95,44.01,89.41,0.9114,1,3,-1
631,88,1012.25,381.37,23.58,38.83,0.7974,2,1,-1
631,96,1000.72,491.59,52.04,72.20,0.5703,2,-1,-1
631,97,329.15,645.38,73.57,143.54,0.9334,2,-1,-1
631,0,422.30,583.94,29.03,18.88,1.0,0,-1,-1
632,2,783.88,478.34,61.25,96.82,0.8837,2,2,-1
632,3,1099.84,493.17,37.69,103.12,0.9180,2,2,-1
632,6,1089.41,402.51,50.69,100.30,0.9082,2,2,-1
632,7,298.00,391.36,43.86,100.04,0.9306,3,0,-1
632,13,971.77,434.78,63.66,91.99,0.8093,2,1,-1
632,19,863.32,359.55,50.32,81.85,0.9268,2,2,-1
632,36,558.43,514.67,73.33,98.00,0.9414,2,2,-1
632,52,533.50,374.55,42.15,98.80,0.9234,2,2,-1
632,53,1161.67,438.53,40.58,111.05,0.9229,2,2,-1
632,59,213.27,291.67,28.86,74.48,0.8666,2,1,-1
632,63,1029.31,400.31,40.83,95.79,0.8406,2,1,-1
632,75,490.84,545.81,48.21,61.59,0.8684,2,2,-1
632,85,1792.35,379.68,43.89,86.29,0.9126,1,3,-1
632,88,1013.90,378.39,28.13,48.90,0.8280,2,1,-1
632,96,1010.54,492.13,47.99,68.07,0.5963,2,-1,-1
632,97,334.92,644.68,81.60,144.33,0.9504,2,-1,-1
632,0,387.60,581.64,29.56,18.53,1.0,0,-1,-1
633,2,790.51,476.16,58.36,94.09,0.7747,2,2,-1
633,3,1106.08,494.55,37.26,100.00,0.9193,2,2,-1
633,6,1115.13,460.97,23.92,45.77,0.6444,2,2,-1
633,7,304.69,390.60,43.90,100.44,0.9171,3,0,-1
633,13,976.42,433.60,53.92,94.27,0.8356,2,1,-1
633,19,869.08,361.49,51.60,80.71,0.9284,2,2,-1
633,36,556.63,514.63,64.60,98.10,0.9033,2,2,-1
633,52,533.48,376.35,37.35,96.37,0.8366,2,2,-1
633,53,1165.63,440.49,42.07,110.34,0.9277,2,2,-1
633,56,459.16,488.38,62.42,96.43,0.9068,2,2,-1
633,59,217.44,292.47,29.05,74.05,0.8622,2,1,-1
633,63,1095.43,401.33,40.36,77.75,0.8836,2,1,-1
633,76,511.53,495.81,44.00,73.21,0.7496,2,1,-1
633,85,1792.54,372.50,45.58,93.51,0.9223,1,3,-1
633,87,831.52,537.33,15.89,36.35,0.5722,2,-1,-1
633,88,1018.48,377.59,27.38,47.76,0.8310,2,1,-1
633,96,1010.11,471.84,56.09,92.14,0.7574,2,-1,-1
633,97,348.10,645.26,81.68,137.35,0.9343,2,-1,-1
633,0,356.75,580.77,26.78,16.68,1.0,0,-1,-1
634,2,793.67,472.82,59.07,99.82,0.8849,2,2,-1
634,3,1111.37,497.02,37.94,96.19,0.9141,2,2,-1
634,7,309.45,388.56,43.95,101.97,0.9129,3,0,-1
634,13,984.84,433.60,52.18,94.70,0.8825,2,1,-1
634,19,876.42,364.65,53.38,81.68,0.9279,2,2,-1
634,52,540.83,374.33,41.81,98.53,0.9238,2,2,-1
634,53,1169.08,442.06,42.78,109.23,0.9320,2,2,-1
634,56,458.58,490.83,65.67,99.69,0.8298,2,2,-1
634,59,220.47,289.97,30.99,76.80,0.8794,2,1,-1
634,63,1093.07,400.90,50.01,103.78,0.9103,2,1,-1
634,73,562.96,514.88,41.64,96.71,0.8972,2,2,-1
634,76,512.95,494.37,41.77,74.45,0.8638,2,1,-1
634,85,1793.09,369.18,45.30,95.67,0.9266,1,3,-1
634,88,1022.17,376.94,32.79,59.21,0.7945,2,1,-1
634,97,375.64,646.39,74.04,126.32,0.5122,2,1,-1
634,0,324.45,578.35,27.48,16.01,1.0,0,-1,-1
635,2,798.90,471.15,56.99,100.79,0.9069,2,2,-1
635,3,1115.85,497.10,39.29,96.74,0.9208,2,2,-1
635,7,314.50,387.82,43.56,102.35,0.9147,3,0,-1
635,13,987.65,434.04,53.34,99.51,0.8339,2,1,-1
635,19,883.54,366.41,49.90,80.22,0.9223,2,2,-1
635,52,543.20,373.72,42.32,98.15,0.9213,2,2,-1
635,53,1172.86,442.98,41.89,108.56,0.9255,2,2,-1
635,56,451.59,542.21,31.15,49.74,0.5844,2,2,-1
635,59,224.21,290.91,32.26,75.71,0.8917,2,1,-1
635,63,1095.48,400.93,51.51,102.57,0.9145,2,1,-1
635,73,559.06,515.04,41.05,95.44,0.9204,2,2,-1
635,76,512.59,493.27,40.44,76.99,0.8810,2,1,-1
635,85,1791.52,367.44,46.43,97.19,0.9186,1,3,-1
635,88,1028.53,376.60,26.23,43.29,0.8025,2,1,-1
635,92,1044.40,406.82,26.49,53.96,0.6474,2,-1,-1
635,97,401.06,648.39,58.32,101.92,0.6372,2,1,-1
635,0,295.17,575.85,27.17,17.30,1.0,0,-1,-1
636,2,804.49,469.76,55.09,102.04,0.9200,2,2,-1
636,3,1120.59,496.24,40.50,98.62,0.9246,2,2,-1
636,7,319.25,387.34,42.34,102.51,0.9114,3,0,-1
636,13,991.25,435.83,56.21,100.00,0.8862,2,1,-1
636,19,890.11,366.58,47.91,79.30,0.9028,2,2,-1
636,52,544.93,373.50,44.08,98.51,0.9292,2,2,-1
636,53,1176.33,444.24,41.10,108.71,0.9250,2,2,-1
636,56,447.19,551.63,25.38,44.08,0.7874,2,2,-1
636,59,227.22,291.62,32.39,76.26,0.8902,2,1,-1
636,63,1096.75,401.63,52.45,100.95,0.9202,2,1,-1
636,73,556.66,513.90,41.53,95.49,0.8692,2,2,-1
636,76,462.10,493.84,69.36,107.05,0.9205,2,1,-1
636,85,1791.32,366.61,46.87,97.48,0.9180,1,3,-1
636,88,1030.52,375.75,30.84,51.51,0.7922,2,1,-1
636,92,1037.03,406.72,45.49,92.35,0.5661,2,-1,-1
636,97,419.53,649.43,52.91,109.88,0.8344,2,1,-1
636,0,264.96,572.41,27.37,18.03,1.0,0,-1,-1
637,2,811.27,468.45,53.91,102.79,0.9215,2,2,-1
637,3,1128.05,496.17,41.28,98.41,0.9284,2,2,-1
637,7,326.61,387.48,40.95,102.08,0.9275,3,0,-1
637,13,996.17,438.85,55.25,94.57,0.9113,2,1,-1
637,19,894.69,366.36,46.91,79.70,0.9193,2,2,-1
637,36,547.37,512.47,55.61,95.98,0.9028,2,2,-1
637,52,553.94,373.57,40.76,97.68,0.8843,2,2,-1
637,53,1181.57,444.80,40.76,109.29,0.9210,2,2,-1
637,59,232.18,291.65,31.98,76.35,0.8893,2,1,-1
637,63,1100.52,401.88,52.04,101.19,0.9197,2,1,-1
637,73,520.78,487.74,38.42,91.38,0.8386,2,2,-1
637,76,457.26,493.29,71.07,104.88,0.9328,2,1,-1
637,85,1795.48,368.57,43.83,95.09,0.9166,1,3,-1
637,88,1036.61,375.91,27.87,42.14,0.8272,2,1,-1
637,97,437.28,650.37,54.97,134.20,0.8298,2,1,-1
637,0,238.43,571.23,24.92,17.69,1.0,0,-1,-1
638,2,820.31,467.48,51.53,103.06,0.9323,2,2,-1
638,3,1139.23,496.13,43.07,99.80,0.9275,2,2,-1
638,7,335.39,388.51,40.52,100.39,0.9223,3,0,-1
638,13,1002.01,441.03,58.68,94.62,0.8962,2,-1,-1
638,19,900.93,364.49,47.78,80.58,0.9208,2,2,-1
638,36,538.34,512.57,68.09,96.46,0.9254,2,2,-1
638,52,556.95,373.01,43.44,97.93,0.9256,2,2,-1
638,53,1189.48,445.20,40.48,108.00,0.9179,2,2,-1
638,59,240.36,292.36,31.64,76.15,0.8956,2,1,-1
638,63,1105.64,402.01,52.12,100.86,0.9270,2,1,-1
638,76,460.81,491.85,76.22,110.83,0.9388,2,1,-1
638,85,1802.09,368.78,41.00,93.59,0.8964,1,3,-1
638,88,1040.56,374.85,34.10,53.27,0.8295,2,1,-1
638,97,456.59,648.06,54.24,135.46,0.9228,2,1,-1
638,99,1058.06,499.44,32.20,70.21,0.6858,2,-1,-1
638,0,216.01,569.53,23.14,17.19,1.0,0,-1,-1
639,2,832.47,466.09,49.81,103.86,0.9308,2,2,-1
639,3,1153.14,495.91,43.89,99.52,0.9241,2,2,-1
639,7,347.89,387.79,40.51,99.78,0.9204,3,0,-1
639,13,1009.91,442.16,60.41,92.33,0.8968,2,2,-1
639,19,907.86,362.70,48.78,80.95,0.9115,2,2,-1
639,36,544.81,514.77,70.68,97.33,0.9192,2,2,-1
639,52,566.93,372.54,43.39,96.80,0.9235,2,2,-1
639,53,1199.85,444.42,40.64,107.68,0.9220,2,2,-1
639,59,251.19,291.84,32.27,76.69,0.8552,2,1,-1
639,63,1116.28,401.05,49.48,101.09,0.9233,2,1,-1
639,76,465.28,492.26,78.70,108.89,0.9269,2,1,-1
639,85,1810.02,366.61,39.94,94.46,0.8943,1,3,-1
639,88,1050.67,373.02,33.53,53.05,0.8347,2,1,-1
639,97,469.97,645.63,59.89,141.24,0.8762,2,1,-1
639,99,1072.19,502.88,31.57,67.18,0.6399,2,-1,-1
639,0,196.75,565.35,23.03,17.53,1.0,0,-1,-1
640,2,844.56,464.15,49.09,104.51,0.9245,2,2,-1
640,3,1167.97,495.95,44.38,99.00,0.9343,2,2,-1
640,7,361.67,385.68,41.09,101.28,0.9239,3,0,-1
640,13,1018.77,441.09,63.70,93.19,0.8938,2,2,-1
640,19,917.35,361.24,49.32,81.14,0.9131,2,2,-1
640,36,548.56,518.52,74.28,96.01,0.9176,2,2,-1
640,52,578.05,371.72,43.68,96.24,0.9138,2,2,-1
640,53,1212.16,442.77,39.40,107.88,0.9243,2,2,-1
640,54,559.38,480.11,27.94,49.29,0.7808,3,0,-1
640,59,263.46,291.10,31.74,75.88,0.8911,2,1,-1
640,63,1127.72,399.38,45.47,101.83,0.9172,2,1,-1
640,76,464.31,491.79,80.30,110.97,0.9352,2,1,-1
640,85,1821.96,365.74,37.95,94.84,0.8987,1,3,-1
640,88,1061.07,371.98,34.16,54.57,0.8500,2,1,-1
640,97,489.42,643.94,66.94,137.96,0.9146,2,1,-1
640,0,180.78,560.96,20.41,17.01,1.0,0,-1,-1
641,2,859.40,462.12,48.00,105.46,0.9212,2,2,-1
641,3,1183.87,494.74,44.11,99.44,0.9166,2,2,-1
641,7,377.77,385.15,41.23,100.67,0.9289,3,0,-1
641,13,1029.63,440.33,66.90,93.06,0.8850,2,2,-1
641,19,928.40,361.12,50.08,82.03,0.9036,2,2,-1
641,36,560.45,515.23,69.57,97.62,0.8890,2,2,-1
641,52,590.16,371.11,45.24,95.68,0.9176,2,2,-1
641,53,1226.61,440.55,38.52,108.66,0.9235,2,2,-1
641,54,571.18,478.77,32.62,59.58,0.7502,3,0,-1
641,59,278.43,288.70,32.45,77.87,0.8114,2,1,-1
641,63,1138.06,398.15,41.40,102.37,0.9049,2,1,-1
641,76,468.48,490.45,79.93,110.58,0.9300,2,1,-1
641,85,1835.53,365.00,37.19,95.05,0.9019,1,3,-1
641,88,1073.73,370.78,34.33,56.32,0.8483,2,1,-1
641,0,168.28,557.46,20.06,17.04,1.0,0,-1,-1
642,2,876.39,461.21,46.01,102.56,0.9080,2,2,-1
642,3,1202.49,492.90,42.11,100.31,0.9187,2,2,-1
642,7,395.65,384.24,43.00,102.39,0.9172,3,0,-1
642,13,1038.28,438.03,70.42,94.17,0.8643,2,2,-1
642,19,942.57,361.98,50.16,82.49,0.8971,2,2,-1
642,36,574.47,514.16,60.97,96.81,0.8862,2,2,-1
642,52,604.00,371.08,47.91,95.69,0.9225,2,2,-1
642,53,1242.66,438.90,38.11,109.87,0.9227,2,2,-1
642,59,293.85,288.68,32.78,77.23,0.7345,2,1,-1
642,63,1151.13,396.74,37.33,101.89,0.9017,2,1,-1
642,76,474.72,487.90,75.12,109.75,0.9264,2,1,-1
642,85,1852.85,369.55,35.11,89.76,0.7314,1,3,-1
642,88,1088.19,370.63,34.26,55.54,0.8347,2,1,-1
642,0,157.75,556.11,19.18,16.00,1.0,0,-1,-1
643,2,893.90,459.87,46.56,105.76,0.9122,2,2,-1
643,3,1223.45,491.49,39.74,101.94,0.8962,2,2,-1
643,7,415.39,383.93,43.13,99.18,0.9248,3,0,-1
643,13,1049.71,437.59,69.57,89.46,0.8680,2,2,-1
643,19,956.63,363.81,47.52,81.05,0.8901,2,2,-1
643,36,583.84,513.76,55.28,97.65,0.8947,2,2,-1
643,52,619.82,370.95,49.40,94.16,0.9121,2,2,-1
643,53,1259.47,438.02,37.51,110.59,0.9202,2,2,-1
643,63,1164.95,396.37,33.61,102.76,0.9075,2,-1,-1
643,76,488.68,484.81,69.11,109.72,0.9330,2,1,-1
643,85,1867.71,365.95,35.48,93.05,0.8402,1,3,-1
643,88,1103.14,370.69,34.45,56.39,0.8359,2,1,-1
643,0,150.21,555.06,18.27,16.84,1.0,0,-1,-1
644,2,910.96,458.14,43.84,102.91,0.8740,2,2,-1
644,3,1246.06,489.26,36.89,103.55,0.9071,2,2,-1
644,7,435.61,383.71,44.76,98.85,0.9260,3,0,-1
644,19,972.11,365.73,43.79,78.48,0.9108,2,2,-1
644,36,595.97,513.07,53.39,97.41,0.8891,2,2,-1
644,52,635.90,371.05,51.43,93.34,0.9181,2,2,-1
644,53,1275.92,437.74,37.98,109.81,0.9216,2,2,-1
644,63,1179.01,395.91,33.64,101.96,0.9120,2,2,-1
644,73,629.71,475.60,27.74,68.20,0.7839,2,2,-1
644,76,501.83,481.80,71.22,110.22,0.9366,2,1,-1
644,81,1060.57,437.01,45.53,89.96,0.8311,2,1,-1
644,85,1883.75,367.18,34.98,91.80,0.6815,1,3,-1
644,88,1119.72,370.75,32.11,51.03,0.8227,2,1,-1
644,97,618.38,646.47,61.06,141.87,0.9297,2,1,-1
644,0,143.88,552.47,18.44,17.04,1.0,0,-1,-1
645,2,929.47,457.44,45.10,104.59,0.9068,2,2,-1
645,3,1267.99,487.43,35.81,103.46,0.8937,2,2,-1
645,7,455.94,383.10,45.65,98.79,0.9190,3,0,-1
645,19,987.31,366.68,45.69,77.10,0.9176,2,2,-1
645,36,608.97,511.17,56.63,100.35,0.9030,2,2,-1
645,38,347.82,289.91,40.35,76.41,0.7428,2,2,-1
645,52,652.63,370.77,51.31,92.77,0.9172,2,2,-1
645,53,1294.92,438.24,37.41,109.77,0.9185,2,2,-1
645,63,1193.36,395.65,35.65,102.17,0.9108,2,2,-1
645,73,649.76,474.98,26.38,64.84,0.7054,2,2,-1
645,76,515.32,480.34,72.09,108.10,0.9162,2,1,-1
645,81,1072.54,436.11,46.07,88.00,0.8886,2,1,-1
645,88,1135.06,370.76,34.14,54.97,0.8375,2,1,-1
645,97,648.61,646.49,58.53,139.19,0.9226,2,1,-1
645,0,140.47,548.86,17.53,15.57,1.0,0,-1,-1
646,2,946.95,456.53,45.87,106.50,0.9157,2,2,-1
646,7,477.31,382.88,45.18,98.98,0.9242,3,0,-1
646,19,1002.64,366.78,46.99,76.94,0.9085,2,2,-1
646,36,624.28,510.22,58.77,106.43,0.8948,2,2,-1
646,52,669.78,370.19,49.90,93.23,0.9157,2,2,-1
646,53,1312.12,440.19,38.13,110.33,0.9241,2,2,-1
646,63,1206.92,396.45,38.90,101.78,0.9086,2,2,-1
646,73,669.43,474.13,26.38,64.94,0.6240,2,2,-1
646,76,526.91,479.85,73.51,112.75,0.9296,2,-1,-1
646,81,1084.49,435.26,49.56,89.11,0.8762,2,1,-1
646,88,1151.41,371.06,33.47,54.43,0.7606,2,1,-1
646,97,677.22,646.65,58.38,132.33,0.9289,2,1,-1
646,0,136.99,545.06,18.12,15.57,1.0,0,-1,-1
647,2,963.72,455.83,48.45,105.75,0.9292,2,2,-1
647,7,498.96,381.96,44.53,98.81,0.9293,3,0,-1
647,11,1144.72,513.91,26.26,47.71,0.6622,2,2,-1
647,19,1016.41,365.97,49.65,77.56,0.9138,2,2,-1
647,36,638.78,509.68,57.32,107.05,0.8998,2,2,-1
647,52,687.65,368.20,47.05,93.95,0.9214,2,2,-1
647,53,1329.64,442.01,38.64,108.03,0.9148,2,2,-1
647,63,1218.83,396.50,44.03,100.78,0.9107,2,2,-1
647,73,689.63,473.33,25.00,60.81,0.6023,2,2,-1
647,76,537.84,479.29,74.56,116.18,0.9246,2,2,-1
647,81,1096.24,432.90,57.71,90.44,0.9193,2,1,-1
647,88,1168.62,371.30,30.10,45.52,0.8145,2,1,-1
647,97,710.18,647.82,52.88,115.13,0.8009,2,1,-1
647,0,135.13,542.36,17.55,16.10,1.0,0,-1,-1
648,2,978.45,455.43,51.16,106.02,0.9267,2,2,-1
648,7,520.46,380.62,44.28,99.46,0.9235,3,0,-1
648,11,1153.04,469.27,42.70,92.74,0.5966,2,2,-1
648,19,1030.57,363.99,51.20,78.85,0.9201,2,2,-1
648,36,653.23,509.75,56.52,106.53,0.9146,2,2,-1
648,52,707.64,366.15,42.97,94.96,0.9208,2,2,-1
648,53,1346.47,443.14,39.64,107.84,0.9231,2,2,-1
648,63,1232.28,397.21,47.21,99.39,0.8997,2,2,-1
648,76,549.58,480.22,72.61,115.32,0.9004,2,2,-1
648,81,1108.67,431.48,57.26,92.26,0.9184,2,1,-1
648,88,1182.04,371.24,35.78,58.52,0.8312,2,1,-1
648,97,738.12,649.74,56.76,113.60,0.9201,2,1,-1
648,0,133.52,540.63,17.67,16.54,1.0,0,-1,-1
649,2,992.69,455.48,55.02,104.32,0.9273,2,2,-1
649,7,541.22,380.05,44.28,99.66,0.9144,3,0,-1
649,19,1044.15,363.51,52.18,78.66,0.9313,2,2,-1
649,36,666.96,511.40,56.09,106.19,0.9141,2,2,-1
649,52,727.04,364.84,39.16,94.73,0.9197,2,2,-1
649,53,1363.28,443.87,39.88,108.91,0.9071,2,2,-1
649,54,724.48,472.08,33.89,88.56,0.8071,3,0,-1
649,63,1244.51,397.00,51.33,99.34,0.8991,2,2,-1
649,76,560.07,481.70,68.15,112.44,0.8998,2,2,-1
649,81,1121.26,428.68,61.06,93.70,0.9263,2,1,-1
649,88,1201.18,371.10,27.80,39.98,0.8220,2,1,-1
649,96,1173.71,493.93,35.59,67.43,0.5618,2,1,-1
649,97,766.47,651.87,60.18,129.81,0.9175,2,1,-1
649,99,1230.87,470.77,42.26,94.43,0.6010,2,-1,-1
649,0,132.56,539.76,17.61,16.03,1.0,0,-1,-1
650,2,1006.42,455.64,59.39,104.89,0.9298,2,2,-1
650,7,562.49,379.38,43.20,99.50,0.9199,3,0,-1
650,11,1191.18,455.80,36.50,105.04,0.8160,2,2,-1
650,19,1057.26,363.72,52.83,78.68,0.9312,2,2,-1
650,36,681.64,514.29,55.62,105.25,0.9068,2,2,-1
650,52,745.11,365.21,37.13,93.58,0.9176,2,2,-1
650,53,1379.14,444.50,41.38,108.55,0.9127,2,2,-1
650,54,744.55,471.97,32.31,85.42,0.5560,3,0,-1
650,63,1259.54,396.96,52.64,98.95,0.9217,2,2,-1
650,76,575.02,484.02,58.57,109.62,0.9141,2,2,-1
650,81,1134.05,426.27,66.78,95.59,0.9284,2,1,-1
650,88,1214.62,370.80,31.26,45.18,0.8219,2,1,-1
650,97,795.28,652.14,60.64,131.31,0.9238,2,1,-1
650,0,132.99,537.65,16.69,15.36,1.0,0,-1,-1
651,2,1024.10,455.67,59.28,104.66,0.9282,2,2,-1
651,7,583.47,378.97,42.37,98.85,0.9271,3,0,-1
651,11,1208.61,455.85,35.00,104.82,0.7398,2,2,-1
651,19,1070.68,364.44,51.85,78.63,0.9200,2,2,-1
651,36,698.10,516.24,53.27,102.40,0.9053,2,2,-1
651,38,462.42,293.90,42.78,72.38,0.6623,2,2,-1
651,52,763.63,365.70,34.93,93.00,0.9164,2,2,-1
651,53,1394.50,445.11,44.04,108.45,0.8974,2,2,-1
651,63,1271.19,396.31,54.29,99.88,0.9169,2,2,-1
651,76,588.17,484.11,46.43,107.81,0.9267,2,2,-1
651,81,1146.65,424.30,68.73,97.28,0.9296,2,1,-1
651,88,1229.95,370.82,29.78,42.30,0.8348,2,1,-1
651,97,825.19,650.51,61.92,115.08,0.9084,2,1,-1
651,0,134.28,534.44,17.16,16.47,1.0,0,-1,-1
652,2,1041.79,456.45,58.15,104.02,0.9331,2,2,-1
652,3,1409.35,445.97,46.38,127.92,0.8287,2,2,-1
652,7,603.60,379.23,42.20,95.77,0.9371,3,0,-1
652,11,1227.05,456.08,34.15,104.77,0.7743,2,2,-1
652,19,1083.04,366.00,49.11,77.26,0.8849,2,2,-1
652,36,714.99,517.08,49.77,100.83,0.9204,2,2,-1
652,52,781.09,366.77,34.77,91.53,0.9125,2,2,-1
652,54,780.31,471.63,35.12,91.82,0.8800,3,0,-1
652,63,1286.61,395.87,50.75,98.95,0.8999,2,2,-1
652,76,597.27,481.93,49.33,111.10,0.9301,2,2,-1
652,81,1158.61,423.37,71.16,96.48,0.9302,2,1,-1
652,88,1244.36,370.65,31.70,45.44,0.7914,2,1,-1
652,97,850.35,649.56,73.23,129.26,0.9088,2,1,-1
652,0,135.35,532.93,17.34,16.48,1.0,0,-1,-1
653,2,1057.79,456.41,58.29,104.50,0.9321,2,2,-1
653,3,1426.88,444.85,54.20,149.76,0.9084,2,2,-1
653,7,623.45,380.28,41.62,94.13,0.9199,3,0,-1
653,19,1096.27,366.80,42.78,76.18,0.9065,2,2,-1
653,36,731.52,517.77,47.88,100.85,0.9183,2,2,-1
653,52,797.28,368.85,36.49,89.82,0.9069,2,2,-1
653,54,800.16,471.86,32.90,82.10,0.8340,3,0,-1
653,76,606.87,479.37,55.42,107.86,0.9237,2,2,-1
653,81,1167.81,424.56,72.28,95.15,0.9265,2,1,-1
653,88,1258.98,371.61,32.79,49.41,0.8113,2,1,-1
653,92,1303.36,396.29,37.10,91.83,0.8282,2,-1,-1
653,97,877.36,649.76,78.74,129.98,0.9048,2,1,-1
653,0,137.48,532.12,16.64,15.67,1.0,0,-1,-1
654,2,1074.07,456.58,57.80,104.03,0.9358,2,2,-1
654,3,1447.97,479.15,50.18,116.45,0.9143,2,2,-1
654,7,643.10,381.05,41.10,93.89,0.9231,3,0,-1
654,19,1110.32,366.85,37.56,77.00,0.9098,2,2,-1
654,36,748.64,518.07,46.24,99.86,0.9209,2,2,-1
654,52,812.47,371.14,39.75,88.82,0.8893,2,2,-1
654,54,816.69,471.73,36.41,91.18,0.8496,3,0,-1
654,76,615.63,478.12,62.47,109.66,0.9328,2,2,-1
654,81,1180.97,425.50,71.47,94.99,0.9251,2,-1,-1
654,88,1275.73,373.04,29.26,41.55,0.8299,2,1,-1
654,92,1317.22,396.30,35.57,94.41,0.8500,2,-1,-1
654,96,1262.98,505.86,27.60,55.40,0.6433,2,1,-1
654,97,900.28,653.22,84.08,136.28,0.9026,2,1,-1
654,0,141.60,529.77,17.42,16.35,1.0,0,-1,-1
655,2,1090.01,456.29,56.76,104.35,0.9378,2,2,-1
655,3,1465.31,506.88,50.23,89.53,0.9195,2,2,-1
655,6,1331.74,485.23,33.57,67.27,0.7013,2,2,-1
655,7,662.60,382.25,39.90,90.76,0.9134,3,0,-1
655,11,1278.77,465.92,31.21,95.53,0.7353,2,2,-1
655,19,1124.01,366.21,37.09,79.24,0.9096,2,2,-1
655,36,763.88,517.23,45.88,98.47,0.8790,2,2,-1
655,52,824.85,372.29,45.17,88.26,0.9217,2,2,-1
655,76,622.72,476.76,67.79,110.25,0.9384,2,2,-1
655,81,1195.61,427.03,65.40,93.65,0.9218,2,2,-1
655,83,834.59,472.14,37.21,64.62,0.8659,2,1,-1
655,88,1285.69,374.88,38.07,63.60,0.8277,2,1,-1
655,92,1330.74,396.09,34.85,100.65,0.8609,2,-1,-1
655,97,928.21,656.30,85.66,134.74,0.9196,2,1,-1
655,0,145.19,527.81,18.38,16.30,1.0,0,-1,-1
656,2,1105.04,456.29,54.01,104.40,0.9355,2,2,-1
656,3,1482.89,508.03,49.57,87.55,0.9116,2,2,-1
656,7,680.84,383.43,39.67,91.07,0.9139,3,0,-1
656,11,1295.22,474.45,29.61,87.48,0.8331,2,2,-1
656,19,1136.13,365.18,37.25,79.69,0.9065,2,2,-1
656,36,774.73,517.43,50.51,105.59,0.9307,2,2,-1
656,52,839.39,372.87,48.49,88.50,0.9236,2,2,-1
656,63,1342.94,396.57,34.09,84.95,0.8644,2,2,-1
656,73,852.18,472.67,36.01,75.59,0.8548,2,2,-1
656,76,630.03,476.29,72.37,110.84,0.9391,2,2,-1
656,81,1208.16,427.08,59.80,93.92,0.9234,2,2,-1
656,88,1302.18,376.54,33.23,57.94,0.8005,2,1,-1
656,97,953.91,657.75,83.33,134.49,0.9278,2,1,-1
656,99,1344.74,473.33,36.30,100.96,0.7515,2,1,-1
656,0,149.33,527.05,17.79,15.04,1.0,0,-1,-1
657,2,1118.03,456.00,50.70,104.47,0.9333,2,2,-1
657,3,1504.64,508.28,44.16,88.72,0.9165,2,2,-1
657,7,696.79,384.09,40.14,92.27,0.9188,3,0,-1
657,19,1146.90,364.81,38.70,79.94,0.9169,2,2,-1
657,36,787.63,519.31,51.89,106.33,0.9309,2,2,-1
657,52,853.39,372.91,49.41,88.32,0.9285,2,2,-1
657,59,569.93,292.73,28.99,75.28,0.7190,2,1,-1
657,63,1354.63,397.80,32.11,84.89,0.8699,2,2,-1
657,73,867.68,473.17,37.99,82.35,0.8283,2,2,-1
657,76,641.22,476.48,70.88,113.18,0.9252,2,2,-1
657,81,1218.85,427.00,54.55,94.48,0.9126,2,2,-1
657,88,1315.60,377.79,29.89,51.83,0.7712,2,1,-1
657,96,1309.49,503.58,27.99,58.36,0.7076,2,1,-1
657,97,978.39,658.54,80.32,121.59,0.9197,2,1,-1
657,99,1357.01,472.03,35.24,102.88,0.7612,2,1,-1
657,0,153.22,526.13,17.46,15.30,1.0,0,-1,-1
658,2,1130.01,456.06,46.88,104.69,0.9316,2,2,-1
658,3,1524.49,503.23,40.79,93.41,0.9109,2,2,-1
658,7,712.49,384.94,39.56,92.06,0.9172,3,0,-1
658,19,1153.98,364.48,43.32,79.70,0.9275,2,2,-1
658,36,801.83,521.52,51.56,107.52,0.9200,2,2,-1
658,52,867.86,373.20,47.71,87.01,0.9301,2,2,-1
658,59,584.02,294.34,28.99,74.95,0.8487,2,1,-1
658,76,649.90,478.02,66.29,108.36,0.9212,2,2,-1
658,81,1224.95,426.30,49.46,94.88,0.9228,2,2,-1
658,83,887.68,473.55,34.20,69.07,0.8600,2,1,-1
658,88,1326.35,379.87,30.21,53.17,0.7759,2,1,-1
658,92,1362.51,398.51,34.09,97.83,0.8746,2,-1,-1
658,96,1324.29,510.60,25.17,51.31,0.7589,2,1,-1
658,97,998.12,658.91,81.00,135.38,0.9155,2,1,-1
658,0,155.85,525.58,17.62,16.34,1.0,0,-1,-1
659,2,1139.93,456.21,43.27,105.19,0.9274,2,2,-1
659,3,1542.67,503.25,38.93,94.32,0.8796,2,2,-1
659,7,727.03,385.24,39.81,91.47,0.9197,3,0,-1
659,19,1161.36,365.46,46.74,78.44,0.9208,2,2,-1
659,36,816.79,524.18,49.77,106.13,0.9221,2,2,-1
659,52,881.32,373.70,45.30,86.44,0.9287,2,2,-1
659,53,1516.72,453.16,36.53,99.78,0.9163,2,2,-1
659,54,900.60,473.55,37.28,108.86,0.8516,3,0,-1
659,59,596.43,297.60,32.50,72.69,0.9047,2,1,-1
659,76,658.78,479.56,56.66,107.95,0.9080,2,2,-1
659,81,1230.38,424.01,44.74,97.10,0.9172,2,2,-1
659,88,1338.12,381.53,27.15,45.94,0.7890,2,1,-1
659,92,1368.64,400.17,37.03,97.59,0.8384,2,-1,-1
659,96,1336.53,509.93,25.79,52.47,0.5701,2,1,-1
659,97,1022.25,660.05,75.40,140.40,0.9058,2,1,-1
659,99,1380.18,472.81,34.57,102.56,0.5782,2,1,-1
659,0,158.62,523.56,17.20,15.58,1.0,0,-1,-1
660,2,1150.39,456.30,39.02,104.88,0.9191,2,2,-1
660,3,1563.23,504.05,35.11,93.53,0.9034,2,2,-1
660,7,740.52,385.60,39.45,90.67,0.9274,3,0,-1
660,11,1350.03,496.76,24.31,66.45,0.6323,2,2,-1
660,19,1171.58,367.56,46.21,76.64,0.9341,2,2,-1
660,36,830.47,527.32,48.64,102.84,0.9217,2,2,-1
660,52,891.08,374.78,44.78,86.30,0.9232,2,2,-1
660,53,1528.41,454.72,38.48,101.21,0.9156,2,2,-1
660,59,607.64,298.07,35.32,73.19,0.8429,2,1,-1
660,76,668.70,480.54,42.84,107.35,0.9206,2,2,-1
660,81,1238.28,422.35,43.99,98.33,0.9237,2,2,-1
660,83,920.81,474.79,32.02,71.89,0.7865,2,1,-1
660,88,1347.18,382.54,32.68,53.70,0.7924,2,1,-1
660,92,1376.92,400.87,41.22,99.46,0.8492,2,2,-1
660,97,1043.77,661.69,67.71,145.48,0.9373,2,1,-1
660,0,162.37,521.58,16.73,15.90,1.0,0,-1,-1
661,2,1159.90,457.77,37.34,105.67,0.9158,2,2,-1
661,3,1579.00,503.39,34.58,93.42,0.8896,2,2,-1
661,7,754.25,385.72,39.32,90.55,0.9323,3,0,-1
661,11,1358.83,471.65,32.65,91.48,0.5885,2,2,-1
661,19,1182.68,369.09,42.84,75.87,0.9109,2,2,-1
661,36,842.97,528.01,48.66,100.83,0.9171,2,2,-1
661,52,901.21,377.01,41.47,84.20,0.9167,2,2,-1
661,53,1538.37,455.82,41.22,101.13,0.9062,2,2,-1
661,54,934.72,475.32,33.28,109.35,0.9028,3,0,-1
661,59,620.10,302.08,36.33,70.67,0.7904,2,1,-1
661,76,676.69,480.23,40.87,106.48,0.9284,2,2,-1
661,81,1246.90,421.06,46.34,100.03,0.9272,2,2,-1
661,88,1358.33,383.67,33.35,52.75,0.7672,2,1,-1
661,92,1388.21,402.16,41.39,97.62,0.8354,2,2,-1
661,97,1065.64,665.51,64.05,141.44,0.9324,2,1,-1
661,0,165.18,521.42,16.24,15.51,1.0,0,-1,-1
662,2,1169.68,459.00,37.11,105.79,0.9078,2,2,-1
662,3,1592.80,503.83,35.77,94.65,0.8974,2,2,-1
662,7,767.76,385.45,38.97,89.96,0.9302,3,0,-1
662,19,1191.99,369.88,37.84,74.63,0.8839,2,2,-1
662,36,855.78,528.43,49.42,100.08,0.9197,2,2,-1
662,38,628.68,308.54,44.76,65.07,0.9009,2,2,-1
662,52,908.83,378.73,39.84,82.28,0.9117,2,2,-1
662,53,1546.66,456.42,43.92,102.36,0.9163,2,2,-1
662,54,950.58,476.53,31.36,109.21,0.8961,3,0,-1
662,76,681.88,479.11,46.96,107.19,0.9238,2,2,-1
662,81,1254.52,421.16,46.55,99.45,0.9322,2,2,-1
662,88,1365.69,384.69,36.76,56.56,0.7865,2,1,-1
662,92,1396.60,403.34,40.65,95.77,0.8034,2,2,-1
662,97,1087.19,666.97,59.39,139.50,0.9307,2,1,-1
662,99,1408.50,475.31,41.23,102.44,0.8983,2,1,-1
662,103,125.96,442.31,39.10,91.53,0.8740,2,-1,-1
662,0,168.33,520.58,15.80,16.35,1.0,0,-1,-1
663,2,1178.46,459.86,38.59,105.13,0.9083,2,2,-1
663,3,1606.36,506.60,37.18,95.08,0.9202,2,2,-1
663,7,780.35,385.62,38.58,88.95,0.9279,3,0,-1
663,19,1201.85,370.60,33.41,75.87,0.8910,2,2,-1
663,36,869.18,528.06,50.01,104.02,0.9232,2,2,-1
663,38,641.04,304.39,46.05,69.57,0.9141,2,2,-1
663,52,916.62,379.63,39.92,81.86,0.9084,2,2,-1
663,53,1554.80,458.31,46.03,101.38,0.9170,2,2,-1
663,76,685.28,477.38,55.86,108.86,0.9293,2,2,-1
663,81,1261.25,421.72,48.65,97.59,0.9308,2,2,-1
663,83,963.85,477.40,30.13,68.13,0.8410,2,1,-1
663,88,1373.50,385.77,40.90,63.31,0.6540,2,1,-1
663,92,1406.95,403.96,39.41,91.91,0.8003,2,2,-1
663,97,1109.59,667.64,55.79,137.36,0.9411,2,1,-1
663,99,1418.36,476.27,42.05,103.41,0.7761,2,1,-1
663,103,146.09,443.07,37.88,90.83,0.8990,2,-1,-1
663,0,182.00,519.12,21.78,15.05,1.0,0,-1,-1
664,2,1186.59,461.04,40.65,103.97,0.9232,2,2,-1
664,3,1620.33,508.30,40.44,95.51,0.9200,2,2,-1
664,7,792.28,385.37,38.44,88.43,0.9216,3,0,-1
664,19,1210.07,370.44,28.47,75.67,0.8966,2,2,-1
664,36,882.19,527.63,49.18,106.00,0.9221,2,2,-1
664,38,654.05,304.92,44.77,70.08,0.9224,2,2,-1
664,52,924.71,379.23,42.72,82.51,0.9205,2,2,-1
664,53,1563.80,459.58,47.60,100.42,0.9221,2,2,-1
664,63,1413.26,404.26,29.66,78.64,0.7814,2,2,-1
664,73,973.83,478.30,35.71,91.63,0.7656,2,2,-1
664,76,680.76,477.02,68.08,106.94,0.9409,2,2,-1
664,81,1266.81,422.86,50.14,96.06,0.9303,2,2,-1
664,96,1393.94,502.77,28.76,61.75,0.6360,2,1,-1
664,97,1129.49,667.49,55.74,138.06,0.9357,2,1,-1
664,99,1427.01,477.80,43.07,102.80,0.8836,2,1,-1
664,103,164.84,443.54,37.62,89.92,0.9155,2,-1,-1
664,0,209.62,516.17,20.68,17.35,1.0,0,-1,-1
665,2,1192.89,461.76,44.22,103.21,0.9273,2,2,-1
665,3,1633.33,509.57,45.43,95.78,0.9257,2,2,-1
665,7,804.10,385.40,37.73,87.44,0.9259,3,0,-1
665,19,1217.49,369.54,26.69,77.73,0.9031,2,2,-1
665,36,894.72,527.68,48.68,110.71,0.9168,2,2,-1
665,38,665.32,304.24,42.79,70.13,0.9240,2,2,-1
665,52,932.90,378.48,43.33,81.83,0.8305,2,2,-1
665,53,1573.23,460.32,47.70,99.92,0.9279,2,2,-1
665,63,1393.76,385.60,22.67,51.33,0.8029,2,2,-1
665,73,984.49,478.80,34.54,89.47,0.7377,2,2,-1
665,76,681.37,477.12,74.28,105.55,0.9401,2,2,-1
665,81,1273.13,425.20,47.20,92.42,0.9268,2,2,-1
665,92,1416.79,404.30,35.90,92.44,0.8005,2,2,-1
665,96,1404.90,500.24,27.31,64.73,0.7624,2,1,-1
665,97,1140.36,667.98,61.58,138.35,0.9344,2,1,-1
665,99,1435.72,479.84,42.91,100.96,0.9111,2,1,-1
665,103,182.90,443.93,39.36,89.47,0.9099,2,1,-1
666,2,1199.07,462.84,47.20,102.59,0.9319,2,2,-1
666,3,1646.31,510.45,48.09,97.37,0.9234,2,2,-1
666,7,814.75,384.79,37.45,88.76,0.9295,3,0,-1
666,19,1223.62,369.67,26.45,77.99,0.9063,2,2,-1
666,36,905.35,529.92,48.07,110.19,0.9184,2,2,-1
666,51,994.34,479.62,35.23,59.59,0.7734,2,1,-1
666,52,941.79,377.93,44.25,84.20,0.9315,2,2,-1
666,53,1581.11,460.79,47.71,99.53,0.9271,2,2,-1
666,59,676.14,306.15,37.18,68.94,0.9135,2,1,-1
666,63,1398.19,385.07,23.85,55.85,0.7799,2,2,-1
666,76,689.69,479.12,68.80,102.61,0.9214,2,2,-1
666,81,1278.62,426.53,43.71,91.29,0.9194,2,2,-1
666,92,1425.39,404.35,31.19,81.01,0.7797,2,2,-1
666,96,1414.09,501.94,25.71,62.62,0.7474,2,1,-1
666,97,1150.72,669.82,69.46,141.91,0.9436,2,1,-1
666,99,1444.52,478.53,41.02,102.89,0.9233,2,1,-1
666,103,198.33,443.97,42.65,89.53,0.9236,2,1,-1
666,0,256.12,513.62,19.54,16.97,1.0,0,-1,-1
667,2,1205.08,463.51,48.99,102.41,0.9331,2,2,-1
667,3,1657.16,513.48,49.35,95.48,0.9253,2,2,-1
667,7,824.36,385.72,37.35,88.05,0.9282,3,0,-1
667,19,1225.85,370.41,29.90,77.35,0.9107,2,2,-1
667,36,914.47,532.29,47.94,109.88,0.9244,2,2,-1
667,52,948.39,377.95,44.13,84.25,0.9284,2,2,-1
667,53,1587.67,461.66,46.56,99.49,0.9307,2,2,-1
667,54,1005.80,479.39,32.80,106.00,0.8399,3,0,-1
667,59,685.21,307.76,34.96,68.03,0.9140,2,1,-1
667,63,1403.35,385.71,24.08,64.51,0.8269,2,2,-1
667,76,699.36,480.23,59.30,100.29,0.9218,2,2,-1
667,81,1282.59,427.28,39.64,90.95,0.9033,2,2,-1
667,92,1431.21,405.02,30.77,83.31,0.8258,2,2,-1
667,96,1422.15,500.79,24.92,63.55,0.8233,2,1,-1
667,97,1164.50,672.41,73.21,145.58,0.9344,2,1,-1
667,99,1451.15,477.92,38.47,103.38,0.9108,2,1,-1
667,103,211.34,443.73,42.50,88.26,0.9125,2,1,-1
667,0,276.07,512.04,19.44,15.90,1.0,0,-1,-1
668,2,1213.04,464.26,48.41,102.80,0.9348,2,2,-1
668,3,1666.64,515.12,50.73,94.94,0.9233,2,2,-1
668,7,834.15,386.13,37.07,87.93,0.9289,3,0,-1
668,19,1227.50,371.63,33.18,76.44,0.9122,2,2,-1
668,36,920.38,535.09,51.11,110.27,0.9264,2,2,-1
668,52,953.60,378.50,44.47,83.02,0.9349,2,2,-1
668,53,1594.09,461.64,44.57,99.48,0.9252,2,2,-1
668,54,1012.83,479.65,34.35,105.85,0.8630,2,-1,-1
668,59,693.67,308.07,31.48,67.21,0.8752,2,1,-1
668,63,1406.41,385.54,27.33,85.26,0.8474,2,2,-1
668,76,701.14,480.25,51.89,101.59,0.9064,2,2,-1
668,81,1288.43,426.49,33.30,91.26,0.9181,2,2,-1
668,92,1435.61,404.76,31.83,86.89,0.8064,2,2,-1
668,96,1430.88,500.50,25.17,64.85,0.7204,2,1,-1
668,97,1184.02,677.27,70.97,142.49,0.9461,2,1,-1
668,99,1457.65,478.88,35.59,102.10,0.8928,2,1,-1
668,103,222.16,443.79,43.52,87.54,0.8873,2,1,-1
668,0,296.31,510.66,20.53,15.81,1.0,0,-1,-1
669,2,1220.08,464.22,47.07,102.88,0.9268,2,2,-1
669,3,1676.73,515.81,50.01,94.70,0.9196,2,2,-1
669,7,843.47,386.97,36.88,86.97,0.9268,3,0,-1
669,11,1439.61,490.08,26.54,75.86,0.5501,2,2,-1
669,19,1233.30,373.11,32.48,75.60,0.9025,2,2,-1
669,36,925.23,537.00,55.32,107.53,0.9196,2,2,-1
669,52,959.84,379.14,42.73,81.12,0.9235,2,2,-1
669,53,1600.68,461.47,41.49,99.19,0.9316,2,2,-1
669,54,1023.30,478.95,34.25,105.44,0.8789,2,1,-1
669,59,700.86,307.18,29.20,67.64,0.8389,2,1,-1
669,63,1410.94,386.55,26.47,84.55,0.8441,2,2,-1
669,76,706.57,478.81,49.27,102.02,0.9231,2,2,-1
669,81,1293.16,424.75,30.54,94.02,0.9123,2,2,-1
669,92,1443.24,406.15,30.74,87.28,0.7874,2,2,-1
669,97,1207.49,681.18,67.14,141.74,0.9140,2,1,-1
669,99,1464.24,479.80,33.08,100.48,0.8645,2,1,-1
669,103,236.83,441.33,43.42,89.33,0.7497,2,1,-1
669,0,315.05,508.94,20.77,15.57,1.0,0,-1,-1
670,2,1228.78,464.13,43.35,103.20,0.9307,2,2,-1
670,3,1689.25,515.46,45.91,94.79,0.9162,2,2,-1
670,7,853.07,386.60,36.86,87.66,0.9255,3,0,-1
670,11,1446.11,488.20,26.72,79.21,0.7721,2,2,-1
670,19,1241.26,375.21,29.61,73.54,0.9072,2,2,-1
670,36,931.55,538.18,56.98,106.48,0.9276,2,2,-1
670,52,961.45,380.51,42.40,79.51,0.9249,2,2,-1
670,53,1607.44,461.14,37.19,99.19,0.9126,2,2,-1
670,54,1032.11,479.43,34.42,103.96,0.8907,2,1,-1
670,59,709.61,307.49,27.76,67.11,0.7681,2,1,-1
670,63,1413.73,387.79,28.86,83.42,0.8599,2,2,-1
670,76,711.06,475.74,49.16,104.93,0.9222,2,2,-1
670,81,1297.24,423.03,32.47,96.96,0.9133,2,2,-1
670,92,1448.30,406.26,30.67,87.87,0.7788,2,2,-1
670,97,1227.81,683.70,62.60,141.25,0.9025,2,1,-1
670,99,1469.70,479.39,32.74,102.73,0.8777,2,1,-1
670,103,256.84,439.96,39.27,88.04,0.7938,2,1,-1
670,0,334.66,507.30,18.20,15.24,1.0,0,-1,-1
671,2,1235.41,463.47,40.10,103.31,0.9204,2,2,-1
671,3,1699.99,513.82,41.92,95.86,0.9195,2,2,-1
671,6,1451.61,474.08,31.55,93.02,0.8147,2,2,-1
671,7,862.36,387.12,35.96,86.42,0.9299,3,0,-1
671,19,1247.72,375.72,26.43,73.09,0.9008,2,2,-1
671,36,939.05,538.20,57.87,105.74,0.9321,2,2,-1
671,52,962.55,382.13,41.31,77.85,0.9170,2,2,-1
671,53,1612.05,461.31,32.99,98.89,0.9175,2,2,-1
671,54,1040.93,479.77,36.07,104.87,0.8734,2,1,-1
671,59,717.91,307.25,26.35,67.28,0.8144,2,1,-1
671,63,1415.62,389.54,32.59,80.91,0.8852,2,2,-1
671,76,716.68,472.56,48.71,107.64,0.9098,2,2,-1
671,81,1299.02,421.83,36.90,97.30,0.9219,2,2,-1
671,92,1442.74,409.84,29.86,85.83,0.5936,2,2,-1
671,97,1242.66,683.80,62.81,146.28,0.8172,2,1,-1
671,99,1476.88,481.12,30.89,102.58,0.8752,2,1,-1
671,103,270.95,439.61,36.86,84.92,0.7302,2,1,-1
671,105,18.64,619.43,33.92,71.81,0.8604,2,-1,-1
671,0,350.20,506.12,18.73,15.23,1.0,0,-1,-1
672,2,1243.49,463.33,34.65,103.56,0.9094,2,2,-1
672,3,1708.85,512.73,40.41,96.93,0.9100,2,2,-1
672,7,870.11,387.33,35.72,86.47,0.9282,3,0,-1
672,13,1450.87,438.75,38.32,62.30,0.6696,2,2,-1
672,19,1251.55,375.34,24.63,74.11,0.8994,2,2,-1
672,36,949.64,537.52,55.52,107.44,0.9324,2,2,-1
672,52,967.46,382.58,38.59,77.89,0.9103,2,2,-1
672,53,1615.57,461.03,30.41,99.63,0.9091,2,2,-1
672,54,1048.03,479.12,37.50,105.90,0.8900,2,1,-1
672,59,724.28,306.37,26.24,68.23,0.8768,2,1,-1
672,63,1418.26,390.21,34.63,81.03,0.8410,2,2,-1
672,76,718.36,470.11,48.22,104.43,0.9230,2,2,-1
672,81,1296.65,420.90,43.52,97.38,0.9292,2,2,-1
672,97,1249.71,683.58,67.32,148.57,0.9269,2,1,-1
672,99,1481.35,481.93,29.94,101.62,0.8475,2,1,-1
672,103,287.17,439.69,34.18,80.86,0.8115,2,1,-1
672,105,32.76,619.62,35.65,71.20,0.7653,2,-1,-1
672,0,365.73,504.65,17.77,14.37,1.0,0,-1,-1
673,2,1247.90,462.40,30.68,104.06,0.9132,2,2,-1
673,3,1716.42,512.67,38.87,96.74,0.9122,2,2,-1
673,7,876.72,386.82,35.22,86.41,0.9272,3,0,-1
673,13,1453.07,441.72,35.72,60.19,0.5965,2,2,-1
673,19,1254.52,375.09,24.04,74.03,0.9054,2,2,-1
673,36,961.99,536.62,49.70,106.92,0.9323,2,2,-1
673,52,971.76,381.55,38.01,78.36,0.9037,2,2,-1
673,53,1617.99,461.48,30.96,99.71,0.9127,2,2,-1
673,54,1055.44,479.22,38.06,106.33,0.9044,2,1,-1
673,59,728.89,307.32,26.31,67.75,0.9013,2,1,-1
673,63,1420.76,395.41,32.62,75.46,0.7094,2,2,-1
673,76,716.49,468.43,51.56,99.56,0.9328,2,2,-1
673,81,1294.27,421.12,49.35,96.21,0.9304,2,2,-1
673,97,1267.37,687.75,65.74,147.37,0.9204,2,1,-1
673,99,1484.72,488.52,28.50,93.08,0.8382,2,1,-1
673,103,300.91,440.80,35.56,80.09,0.8560,2,1,-1
673,105,47.58,620.83,37.70,71.29,0.8887,2,-1,-1
673,106,19.84,482.00,65.69,99.20,0.9360,2,-1,-1
673,0,379.13,503.64,18.53,14.27,1.0,0,-1,-1
674,2,1251.43,462.39,28.13,104.18,0.9058,2,2,-1
674,3,1723.80,512.43,38.94,97.70,0.9150,2,2,-1
674,7,882.70,387.10,35.05,85.86,0.9279,3,0,-1
674,19,1256.58,373.67,23.96,75.77,0.9019,2,2,-1
674,36,972.95,537.07,45.49,108.93,0.9323,2,2,-1
674,52,974.53,380.04,38.53,80.72,0.9217,2,2,-1
674,53,1617.77,461.78,33.97,99.16,0.9154,2,2,-1
674,54,1061.27,479.48,37.24,106.08,0.9146,2,1,-1
674,59,732.69,309.22,27.48,66.27,0.9019,2,1,-1
674,63,1425.33,390.29,34.82,81.04,0.8412,2,2,-1
674,76,715.17,467.81,54.48,98.39,0.9374,2,2,-1
674,81,1296.63,422.82,50.76,93.77,0.9332,2,2,-1
674,88,1455.48,409.02,25.78,43.23,0.6047,2,1,-1
674,97,1287.09,691.31,65.05,149.94,0.9255,2,1,-1
674,99,1487.74,487.26,30.81,94.91,0.8560,2,1,-1
674,103,306.91,441.03,43.64,80.55,0.8837,2,1,-1
674,105,61.24,620.42,36.65,72.17,0.8833,2,1,-1
674,106,39.19,480.85,68.81,92.04,0.9355,2,-1,-1
674,0,391.67,502.98,18.72,14.14,1.0,0,-1,-1
675,2,1254.40,462.38,27.31,103.94,0.9060,2,2,-1
675,3,1730.14,513.38,41.47,97.91,0.9183,2,2,-1
675,7,888.45,386.75,34.74,85.45,0.9338,3,0,-1
675,19,1257.93,372.87,24.96,77.00,0.9008,2,2,-1
675,36,983.69,537.93,41.40,110.84,0.9258,2,2,-1
675,52,976.68,379.05,37.93,80.67,0.9368,2,2,-1
675,53,1612.92,462.27,41.53,99.80,0.9220,2,2,-1
675,54,1067.00,480.37,35.86,104.78,0.9073,2,1,-1
675,59,735.70,310.83,29.14,64.90,0.9074,2,1,-1
675,63,1428.38,390.34,34.83,80.73,0.8062,2,-1,-1
675,76,717.52,467.94,52.13,97.96,0.9305,2,2,-1
675,81,1300.78,423.86,48.80,91.84,0.9311,2,2,-1
675,88,1458.87,408.85,26.48,45.01,0.6208,2,1,-1
675,97,1308.82,696.06,64.25,146.14,0.9128,2,1,-1
675,99,1489.00,487.45,32.06,94.33,0.8578,2,1,-1
675,103,312.21,439.87,52.53,81.01,0.9042,2,1,-1
675,105,73.76,619.35,34.99,73.21,0.9004,2,1,-1
675,106,55.83,479.09,71.44,93.19,0.9202,2,-1,-1
675,0,404.51,501.38,16.62,14.45,1.0,0,-1,-1
676,2,1254.73,462.88,28.84,102.57,0.9077,2,2,-1
676,3,1738.25,515.47,43.33,97.40,0.9253,2,2,-1
676,7,893.18,386.65,35.11,84.78,0.9228,3,0,-1
676,19,1257.02,372.29,29.04,77.45,0.9100,2,2,-1
676,36,991.15,540.51,39.81,111.31,0.9257,2,2,-1
676,52,978.00,378.26,37.43,80.45,0.9394,2,2,-1
676,53,1611.02,462.62,46.72,99.09,0.9279,2,2,-1
676,54,1071.13,480.28,36.35,104.72,0.9185,2,1,-1
676,59,737.98,314.24,30.04,61.85,0.9068,2,1,-1
676,63,1430.01,389.34,34.30,82.17,0.8791,2,1,-1
676,76,719.35,468.22,49.81,95.70,0.9317,2,2,-1
676,81,1298.10,425.19,50.61,90.74,0.9358,2,2,-1
676,92,1459.25,411.31,29.23,84.18,0.6629,2,2,-1
676,97,1320.70,700.16,63.99,140.27,0.9084,2,1,-1
676,99,1486.44,486.13,37.77,98.69,0.8814,2,1,-1
676,103,320.90,437.40,55.98,82.97,0.9110,2,1,-1
676,105,84.99,617.00,33.70,75.02,0.8988,2,1,-1
676,106,85.34,478.32,60.61,93.74,0.8810,2,2,-1
676,0,415.50,499.43,16.11,15.04,1.0,0,-1,-1
677,2,1253.60,463.24,31.62,102.44,0.9082,2,2,-1
677,3,1742.87,516.50,45.82,97.98,0.9293,2,2,-1
677,7,897.57,385.93,35.64,85.15,0.9252,3,0,-1
677,13,1455.84,449.36,31.38,61.67,0.7150,2,2,-1
677,19,1256.36,372.76,32.04,77.42,0.9123,2,2,-1
677,36,997.15,542.89,39.73,110.45,0.9192,2,2,-1
677,52,981.23,378.62,33.89,77.09,0.9335,2,2,-1
677,53,1613.80,463.07,46.21,98.57,0.9324,2,2,-1
677,54,1073.62,479.78,37.31,105.25,0.9249,2,1,-1
677,59,741.08,310.65,32.08,65.33,0.9095,2,1,-1
677,63,1436.23,418.01,25.16,53.22,0.8300,2,1,-1
677,76,723.20,468.05,45.56,96.42,0.9333,2,2,-1
677,81,1295.06,425.74,49.78,90.04,0.9284,2,2,-1
677,88,1461.65,408.99,29.62,50.12,0.5985,2,1,-1
677,97,1325.57,701.21,76.34,139.10,0.9278,2,1,-1
677,99,1484.90,490.74,40.36,96.10,0.8837,2,1,-1
677,103,330.05,435.88,54.62,81.85,0.7894,2,1,-1
677,105,95.03,614.33,33.75,76.11,0.9110,2,1,-1
677,106,112.36,476.78,47.58,94.46,0.9217,2,2,-1
677,0,423.44,497.67,16.75,14.95,1.0,0,-1,-1
678,2,1251.77,463.50,35.16,102.00,0.9145,2,2,-1
678,3,1748.75,517.84,43.66,97.06,0.9219,2,2,-1
678,7,900.89,385.39,36.43,85.16,0.9239,3,0,-1
678,19,1259.04,373.72,32.48,76.10,0.9157,2,2,-1
678,36,1001.88,544.91,39.93,106.66,0.9313,2,2,-1
678,52,982.59,379.04,29.81,76.11,0.9141,2,2,-1
678,53,1615.63,463.27,44.06,98.43,0.9313,2,2,-1
678,54,1075.97,480.24,38.58,104.85,0.9187,2,1,-1
678,59,745.35,311.48,31.28,65.22,0.9187,2,1,-1
678,63,1431.76,390.11,30.49,77.49,0.8256,2,1,-1
678,76,725.92,465.90,42.58,99.00,0.9312,2,2,-1
678,81,1291.29,424.72,48.66,90.81,0.9199,2,2,-1
678,88,1457.16,408.00,35.79,64.23,0.7732,2,1,-1
678,96,1487.08,499.25,38.10,87.01,0.8675,2,1,-1
678,97,1328.09,701.16,89.72,138.46,0.9244,2,1,-1
678,103,353.30,435.21,40.71,73.42,0.8456,2,1,-1
678,105,105.67,612.80,33.82,76.36,0.8964,2,1,-1
678,106,133.88,474.00,42.96,96.13,0.9308,2,2,-1
678,0,432.77,497.49,15.88,14.48,1.0,0,-1,-1
679,2,1251.98,464.45,37.45,101.34,0.9177,2,2,-1
679,3,1752.64,518.71,43.18,96.46,0.9226,2,2,-1
679,7,905.10,385.38,35.96,84.51,0.9242,3,0,-1
679,19,1261.93,374.06,31.36,74.98,0.9060,2,2,-1
679,36,1005.61,545.92,42.07,107.35,0.9306,2,2,-1
679,52,982.86,379.20,26.20,76.52,0.9107,2,2,-1
679,53,1616.19,463.37,41.34,98.87,0.9265,2,2,-1
679,54,1078.29,480.32,39.47,104.10,0.9098,2,1,-1
679,59,749.75,312.03,30.16,64.05,0.9115,2,1,-1
679,63,1432.54,389.87,25.18,80.31,0.8849,2,1,-1
679,76,728.38,463.49,40.73,101.28,0.9270,2,2,-1
679,81,1289.63,423.06,46.79,92.43,0.9246,2,2,-1
679,92,1460.51,411.24,31.65,97.88,0.6752,2,2,-1
679,96,1487.49,499.23,37.40,86.66,0.7721,2,1,-1
679,97,1329.24,700.94,100.65,138.99,0.9197,2,1,-1
679,103,364.51,433.75,37.73,76.78,0.8515,2,1,-1
679,105,114.55,612.49,34.84,75.34,0.8747,2,1,-1
679,106,143.72,470.37,48.76,99.76,0.9332,2,2,-1
679,0,440.23,496.86,15.48,14.55,1.0,0,-1,-1
680,2,1253.16,464.57,38.85,100.96,0.9241,2,2,-1
680,3,1756.06,519.00,41.26,96.17,0.9164,2,2,-1
680,7,908.37,384.82,36.00,84.59,0.9225,3,0,-1
680,11,1489.40,494.38,32.05,91.16,0.8166,2,2,-1
680,19,1263.39,373.18,29.37,75.50,0.9030,2,2,-1
680,36,1007.70,546.04,45.78,107.89,0.9313,2,2,-1
680,52,981.96,378.49,25.26,77.05,0.9062,2,2,-1
680,53,1617.51,462.91,37.22,98.73,0.9245,2,2,-1
680,54,1079.43,480.25,41.14,104.50,0.9102,2,1,-1
680,59,752.55,313.38,29.26,62.56,0.9090,2,1,-1
680,63,1431.18,390.15,23.54,76.42,0.8843,2,1,-1
680,76,729.77,460.09,39.47,102.10,0.9207,2,2,-1
680,81,1289.49,421.88,45.99,94.18,0.9245,2,2,-1
680,92,1462.06,410.15,29.93,99.32,0.7695,2,2,-1
680,97,1337.50,701.23,110.65,142.74,0.9006,2,1,-1
680,103,370.15,432.02,40.08,81.94,0.8964,2,1,-1
680,105,123.97,612.53,34.47,72.62,0.7597,2,1,-1
680,106,153.50,467.02,54.59,101.94,0.9344,2,2,-1
680,0,447.55,496.20,15.81,13.60,1.0,0,-1,-1
681,2,1254.65,464.19,38.66,101.65,0.9267,2,2,-1
681,3,1760.14,518.71,38.96,96.58,0.9112,2,2,-1
681,7,911.37,385.05,35.45,83.77,0.9281,3,0,-1
681,11,1487.75,492.64,31.82,93.80,0.8519,2,2,-1
681,19,1264.87,372.75,25.79,75.47,0.9039,2,2,-1
681,36,1009.88,546.09,49.97,109.41,0.9301,2,2,-1
681,52,980.43,376.39,25.14,77.92,0.8777,2,2,-1
681,53,1615.20,462.87,35.26,99.22,0.9198,2,2,-1
681,54,1081.05,481.14,41.98,103.27,0.9129,2,1,-1
681,59,755.12,312.76,28.19,62.77,0.9157,2,1,-1
681,63,1427.21,390.65,27.36,82.77,0.8925,2,1,-1
681,76,727.59,457.63,42.31,101.16,0.9181,2,2,-1
681,81,1289.39,419.11,45.35,96.28,0.9246,2,2,-1
681,92,1454.54,408.07,33.69,96.45,0.8289,2,2,-1
681,97,1351.64,702.95,113.48,146.85,0.8499,2,1,-1
681,103,384.47,431.12,36.33,78.64,0.8650,2,1,-1
681,105,118.07,610.22,59.18,143.11,0.8658,2,1,-1
681,106,162.52,465.26,61.42,95.30,0.9400,2,2,-1
681,0,452.54,494.23,15.99,15.31,1.0,0,-1,-1
682,2,1256.24,464.62,37.20,101.78,0.9177,2,2,-1
682,3,1763.33,518.92,37.92,96.25,0.9122,2,2,-1
682,7,913.25,385.69,35.60,83.69,0.9202,3,0,-1
682,11,1488.49,496.02,29.37,90.31,0.8077,2,2,-1
682,19,1265.93,371.56,23.37,76.67,0.8929,2,2,-1
682,36,1012.36,546.66,54.43,111.70,0.9352,2,2,-1
682,52,978.45,374.58,26.50,80.20,0.8449,2,2,-1
682,53,1612.90,462.14,37.19,100.57,0.9177,2,2,-1
682,54,1081.54,481.64,43.52,103.91,0.9254,2,1,-1
682,59,756.91,311.38,27.17,64.43,0.9105,2,1,-1
682,63,1424.83,391.15,28.02,78.09,0.8879,2,1,-1
682,76,725.50,455.86,45.33,101.94,0.9266,2,2,-1
682,81,1288.58,418.76,44.13,97.07,0.9153,2,2,-1
682,92,1450.44,408.70,38.87,95.19,0.8531,2,2,-1
682,97,1379.90,706.62,103.12,142.70,0.9055,2,1,-1
682,103,393.39,429.82,32.95,75.74,0.8862,2,1,-1
682,105,129.66,616.98,51.53,139.02,0.8921,2,1,-1
682,106,172.49,463.83,71.32,93.85,0.9429,2,2,-1
682,0,457.49,494.26,14.91,14.36,1.0,0,-1,-1
683,2,1257.26,464.78,35.03,101.41,0.9131,2,2,-1
683,3,1766.61,518.76,37.28,96.54,0.9070,2,2,-1
683,7,914.43,386.07,35.85,82.64,0.9169,3,0,-1
683,11,1493.67,543.50,19.75,42.77,0.8232,2,-1,-1
683,19,1266.66,371.01,21.99,76.55,0.8905,2,2,-1
683,36,1014.15,547.52,57.94,111.21,0.9372,2,2,-1
683,52,975.20,372.60,29.96,81.46,0.9005,2,2,-1
683,53,1611.21,462.15,39.87,99.67,0.9213,2,2,-1
683,54,1082.05,482.31,44.47,103.50,0.9281,2,1,-1
683,59,757.57,311.01,26.60,64.04,0.9061,2,1,-1
683,63,1421.54,391.75,31.13,77.33,0.8705,2,1,-1
683,76,724.97,454.59,45.78,97.83,0.9334,2,2,-1
683,81,1287.65,418.73,42.56,95.41,0.9169,2,2,-1
683,92,1446.84,408.78,43.74,90.82,0.8841,2,2,-1
683,97,1390.97,710.62,99.64,139.69,0.9040,2,1,-1
683,103,399.96,427.88,33.43,80.81,0.8839,2,1,-1
683,105,141.33,620.78,47.74,134.96,0.9051,2,1,-1
683,106,181.98,462.88,76.57,96.27,0.9460,2,2,-1
683,0,460.90,492.99,15.71,14.47,1.0,0,-1,-1
684,2,1259.78,464.49,31.57,100.56,0.9026,2,2,-1
684,3,1770.23,518.89,36.69,96.41,0.9160,2,2,-1
684,7,916.48,385.99,35.70,83.24,0.9252,3,0,-1
684,19,1266.06,370.58,22.27,76.28,0.8960,2,2,-1
684,36,1016.55,549.56,59.13,109.37,0.9351,2,2,-1
684,52,970.87,371.48,34.81,78.34,0.9199,2,2,-1
684,53,1608.44,462.37,42.88,99.38,0.9203,2,2,-1
684,54,1082.40,482.96,45.86,102.96,0.9291,2,1,-1
684,59,758.37,311.36,26.34,63.14,0.8965,2,1,-1
684,63,1419.69,392.33,33.85,78.88,0.8758,2,1,-1
684,76,725.89,454.94,45.35,96.10,0.9352,2,2,-1
684,81,1286.21,419.11,41.15,93.62,0.9191,2,2,-1
684,92,1444.88,409.29,43.74,90.92,0.8809,2,2,-1
684,97,1408.97,710.94,94.22,138.35,0.9122,2,1,-1
684,99,1488.88,524.03,28.00,62.26,0.7098,2,1,-1
684,103,405.60,427.01,36.13,82.18,0.8804,2,1,-1
684,105,148.56,622.80,45.15,133.06,0.8810,2,1,-1
684,106,194.76,463.14,71.43,96.87,0.9177,2,2,-1
684,0,465.77,492.46,14.13,14.03,1.0,0,-1,-1
685,2,1260.15,464.44,29.91,100.72,0.9097,2,2,-1
685,3,1771.62,518.74,37.13,96.61,0.9224,2,2,-1
685,6,1484.19,496.35,33.58,89.44,0.7178,2,2,-1
685,7,917.80,386.36,34.79,83.08,0.9267,3,0,-1
685,19,1264.41,370.84,23.31,76.00,0.8985,2,2,-1
685,36,1020.41,549.84,58.01,109.48,0.9343,2,2,-1
685,52,969.48,371.23,35.71,77.24,0.9205,2,2,-1
685,53,1606.11,462.93,45.80,99.06,0.9207,2,2,-1
685,54,1081.16,483.27,48.15,102.57,0.9261,2,1,-1
685,59,758.40,311.49,27.33,63.20,0.8831,2,1,-1
685,63,1418.22,393.29,33.91,78.32,0.8414,2,1,-1
685,76,726.63,455.56,44.27,95.42,0.9291,2,2,-1
685,81,1284.87,420.69,40.02,90.21,0.9120,2,2,-1
685,92,1444.85,410.69,42.94,88.73,0.8806,2,2,-1
685,97,1424.22,710.87,92.41,140.02,0.9199,2,1,-1
685,103,411.30,425.21,39.22,83.31,0.8567,2,1,-1
685,105,161.24,624.58,30.38,73.66,0.8064,2,1,-1
685,106,213.39,463.26,61.99,95.51,0.8731,2,2,-1
685,0,469.63,491.79,14.47,13.58,1.0,0,-1,-1
686,2,1259.23,464.18,29.78,100.13,0.9055,2,2,-1
686,3,1771.91,517.91,38.46,97.30,0.9213,2,2,-1
686,6,1477.16,494.23,40.48,91.74,0.8616,2,2,-1
686,7,918.34,386.20,34.26,83.69,0.9258,3,0,-1
686,19,1263.55,372.16,23.76,75.03,0.8972,2,2,-1
686,36,1028.16,550.04,53.04,109.64,0.9316,2,2,-1
686,52,968.61,371.54,33.36,76.86,0.9137,2,2,-1
686,53,1603.57,462.96,48.36,98.71,0.9283,2,2,-1
686,54,1077.80,483.27,50.95,103.06,0.9275,2,1,-1
686,59,758.57,311.87,27.75,62.66,0.8823,2,1,-1
686,63,1415.84,392.83,33.05,81.06,0.8960,2,1,-1
686,76,725.83,456.73,44.23,94.21,0.9317,2,2,-1
686,81,1283.91,422.78,36.51,89.27,0.9185,2,2,-1
686,92,1446.27,410.35,43.73,88.99,0.8795,2,2,-1
686,97,1432.37,706.71,93.28,143.23,0.9334,2,1,-1
686,103,420.00,424.73,37.25,79.48,0.8327,2,1,-1
686,105,158.01,625.72,46.06,129.90,0.9015,2,1,-1
686,106,229.99,462.01,54.23,96.41,0.9121,2,2,-1
686,0,472.34,491.06,15.10,13.79,1.0,0,-1,-1
687,2,1258.19,463.93,31.09,101.62,0.9032,2,2,-1
687,3,1772.44,517.57,39.77,97.22,0.9162,2,2,-1
687,6,1473.18,490.64,45.35,95.43,0.8898,2,2,-1
687,7,918.97,385.64,33.24,82.90,0.9268,3,0,-1
687,19,1263.18,373.34,23.59,74.09,0.8925,2,2,-1
687,36,1036.89,547.63,46.78,111.57,0.9244,2,2,-1
687,52,963.86,372.09,32.59,75.82,0.9133,2,2,-1
687,53,1601.19,462.96,50.49,98.34,0.9332,2,2,-1
687,54,1074.77,482.90,52.18,102.72,0.9278,2,1,-1
687,59,758.48,312.60,28.21,61.85,0.8873,2,1,-1
687,63,1415.18,392.67,31.95,81.18,0.9023,2,1,-1
687,76,724.73,456.66,45.12,94.37,0.9305,2,2,-1
687,81,1283.25,423.21,32.82,89.52,0.9099,2,2,-1
687,88,1481.80,417.37,23.05,52.17,0.7708,2,1,-1
687,92,1446.53,410.59,44.34,90.13,0.8904,2,2,-1
687,97,1440.88,709.10,97.51,139.40,0.9194,2,1,-1
687,103,430.66,424.43,34.58,81.04,0.8713,2,1,-1
687,105,162.86,635.32,43.24,121.90,0.8048,2,1,-1
687,106,247.71,459.50,46.03,98.66,0.9153,2,2,-1
687,0,475.37,490.73,13.81,13.15,1.0,0,-1,-1
688,2,1257.49,463.74,34.53,101.32,0.9031,2,2,-1
688,3,1774.03,516.81,40.77,97.93,0.9051,2,2,-1
688,6,1473.07,498.71,44.77,88.00,0.8592,2,2,-1
688,7,918.70,385.16,32.86,83.53,0.9232,3,0,-1
688,19,1262.49,374.54,23.60,72.85,0.8971,2,2,-1
688,36,1048.67,545.89,38.46,113.16,0.9051,2,2,-1
688,52,961.09,371.42,32.55,76.83,0.9136,2,2,-1
688,53,1599.39,462.85,50.94,99.36,0.9279,2,2,-1
688,54,1071.96,482.12,51.46,103.31,0.9279,2,1,-1
688,59,758.56,313.27,28.22,60.65,0.8908,2,1,-1
688,63,1414.78,392.46,29.66,80.85,0.8860,2,1,-1
688,76,725.83,455.24,44.37,95.55,0.9233,2,2,-1
688,81,1283.28,424.05,29.78,87.95,0.9036,2,2,-1
688,88,1481.31,420.81,23.57,55.51,0.7748,2,1,-1
688,92,1445.95,411.24,41.37,87.57,0.8851,2,2,-1
688,97,1453.22,711.98,97.95,140.90,0.9094,2,1,-1
688,103,438.58,423.32,36.96,82.50,0.8988,2,1,-1
688,105,162.86,627.12,47.70,129.30,0.9123,2,1,-1
688,106,256.69,456.65,43.06,100.63,0.9342,2,2,-1
688,0,478.14,489.37,13.84,14.15,1.0,0,-1,-1
689,2,1252.58,463.76,38.08,101.33,0.9072,2,2,-1
689,3,1775.14,516.78,42.14,98.05,0.9100,2,2,-1
689,7,918.65,384.47,32.32,83.25,0.9215,3,0,-1
689,19,1261.89,375.49,23.52,71.54,0.8991,2,2,-1
689,36,1058.31,545.07,42.09,114.64,0.8471,2,2,-1
689,52,958.23,369.66,33.55,78.72,0.9163,2,2,-1
689,53,1597.22,462.50,49.65,99.27,0.9292,2,2,-1
689,59,758.76,312.60,28.57,62.81,0.8917,2,1,-1
689,63,1414.39,391.29,26.56,81.42,0.8814,2,1,-1
689,76,727.11,452.49,43.16,98.21,0.9222,2,2,-1
689,81,1281.74,422.79,28.54,88.74,0.8983,2,2,-1
689,88,1480.48,422.62,24.22,56.84,0.7475,2,1,-1
689,92,1446.06,412.12,38.52,86.00,0.8923,2,2,-1
689,96,1470.72,489.74,47.89,97.97,0.9090,2,1,-1
689,97,1490.64,714.90,75.80,110.99,0.6551,2,1,-1
689,103,438.83,422.12,44.51,83.02,0.8984,2,1,-1
689,105,167.25,628.16,45.42,127.01,0.8189,2,1,-1
689,106,263.58,454.75,42.77,101.83,0.9338,2,2,-1
689,0,479.87,488.65,14.66,14.78,1.0,0,-1,-1
690,2,1244.87,463.74,42.07,101.99,0.9158,2,2,-1
690,3,1776.37,516.45,42.11,98.76,0.9155,2,2,-1
690,6,1470.59,516.53,44.96,71.50,0.8970,2,2,-1
690,7,917.52,383.80,32.52,83.44,0.9249,3,0,-1
690,13,1479.21,425.70,35.56,71.38,0.8383,2,2,-1
690,19,1260.75,375.78,23.60,71.17,0.8964,2,2,-1
690,36,1060.57,544.38,43.98,115.34,0.9037,2,2,-1
690,52,956.37,367.88,33.61,80.27,0.9177,2,2,-1
690,53,1595.21,461.84,48.64,99.70,0.9248,2,2,-1
690,59,758.91,312.95,28.30,61.72,0.8936,2,1,-1
690,63,1413.17,390.68,23.77,81.70,0.8941,2,1,-1
690,76,726.77,450.14,42.23,99.74,0.9215,2,2,-1
690,81,1277.05,420.69,29.68,90.88,0.9065,2,2,-1
690,92,1443.46,412.80,37.30,85.76,0.9009,2,2,-1
690,97,1508.72,716.89,64.21,103.16,0.8435,2,1,-1
690,103,441.26,419.59,52.01,85.33,0.9165,2,1,-1
690,105,174.89,628.05,40.40,125.83,0.8986,2,1,-1
690,106,269.75,453.58,44.27,97.02,0.9383,2,2,-1
690,0,475.28,486.27,21.32,17.80,1.0,0,-1,-1
691,2,1241.67,463.61,42.56,102.52,0.9212,2,2,-1
691,3,1775.92,516.67,41.86,98.48,0.9087,2,2,-1
691,7,916.63,383.07,32.24,82.77,0.9245,3,0,-1
691,13,1480.48,426.84,35.36,69.08,0.8218,2,2,-1
691,19,1259.38,375.76,23.86,71.05,0.8942,2,2,-1
691,36,1062.15,545.44,40.39,115.41,0.9122,2,2,-1
691,51,1065.12,482.34,37.87,60.88,0.8106,2,1,-1
691,52,952.98,365.78,33.01,81.17,0.9189,2,2,-1
691,53,1594.39,461.69,45.55,96.87,0.9236,2,2,-1
691,59,758.40,311.93,27.76,62.25,0.8964,2,1,-1
691,63,1410.42,390.57,22.90,82.79,0.8740,2,1,-1
691,76,726.43,447.56,41.63,100.59,0.9263,2,2,-1
691,81,1272.50,419.21,30.80,92.94,0.8854,2,2,-1
691,92,1437.93,412.55,38.03,84.94,0.8963,2,2,-1
691,96,1467.38,488.69,46.41,99.49,0.9006,2,1,-1
691,97,1526.15,716.41,54.77,101.33,0.9047,2,1,-1
691,103,443.95,417.32,58.29,88.28,0.9178,2,1,-1
691,105,176.45,627.92,40.55,127.06,0.8680,2,1,-1
691,106,277.97,453.60,51.61,95.96,0.9320,2,2,-1
691,0,485.72,484.67,19.77,16.36,1.0,0,-1,-1
692,2,1240.45,463.48,41.21,103.01,0.9147,2,2,-1
692,3,1776.08,516.29,41.08,98.35,0.9180,2,2,-1
692,7,914.33,382.59,32.54,82.21,0.9182,3,0,-1
692,13,1482.42,427.22,34.50,66.42,0.8093,2,2,-1
692,19,1257.97,375.57,24.15,70.44,0.8821,2,2,-1
692,36,1064.97,546.64,38.62,116.06,0.9251,2,2,-1
692,52,947.91,364.61,32.36,80.51,0.9046,2,2,-1
692,53,1593.06,461.07,43.12,96.34,0.9177,2,2,-1
692,59,758.40,311.92,26.62,60.95,0.8934,2,1,-1
692,63,1407.08,390.69,22.86,82.28,0.8907,2,1,-1
692,76,726.44,446.30,39.09,94.06,0.9355,2,2,-1
692,83,1062.69,482.44,37.74,72.81,0.5773,2,1,-1
692,92,1431.58,411.36,37.72,85.58,0.8995,2,2,-1
692,96,1465.98,487.97,43.08,99.64,0.8871,2,1,-1
692,97,1522.32,713.53,69.60,139.94,0.9331,2,1,-1
692,103,448.85,415.52,54.90,85.10,0.9160,2,1,-1
692,105,185.48,627.31,29.15,72.63,0.9005,2,1,-1
692,106,286.95,454.11,55.48,94.14,0.9215,2,2,-1
692,0,496.03,484.73,20.02,13.40,1.0,0,-1,-1
693,2,1239.05,463.10,39.96,103.03,0.9015,2,2,-1
693,3,1774.85,515.73,41.18,98.74,0.9141,2,2,-1
693,7,912.28,382.13,32.95,82.07,0.9273,3,0,-1
693,13,1481.99,426.68,35.49,65.62,0.8091,2,2,-1
693,19,1252.27,374.91,27.46,71.88,0.8684,2,2,-1
693,36,1064.94,549.50,43.81,113.88,0.9367,2,2,-1
693,52,943.11,363.77,32.22,76.74,0.9105,2,2,-1
693,53,1590.43,460.02,43.23,97.90,0.9234,2,2,-1
693,59,757.48,312.49,24.88,59.63,0.9037,2,1,-1
693,63,1397.53,391.94,27.51,81.44,0.8835,2,1,-1
693,76,724.83,446.10,39.10,93.75,0.9376,2,2,-1
693,83,1059.35,484.03,35.22,72.32,0.6400,2,1,-1
693,92,1428.42,409.02,38.17,87.79,0.9099,2,2,-1
693,96,1464.00,484.56,38.89,103.30,0.8951,2,1,-1
693,97,1526.40,711.80,78.37,142.33,0.9435,2,1,-1
693,103,457.41,414.27,50.41,84.62,0.9015,2,1,-1
693,105,187.08,625.35,26.84,61.76,0.8196,2,1,-1
693,106,296.09,455.13,49.28,92.36,0.9187,2,2,-1
693,0,510.19,483.70,14.08,13.36,1.0,0,-1,-1
694,2,1236.22,462.96,39.66,103.01,0.9053,2,2,-1
694,3,1772.88,515.96,41.47,99.30,0.9193,2,2,-1
694,7,909.56,382.78,32.95,81.19,0.9150,3,0,-1
694,13,1483.29,426.32,36.30,65.98,0.8137,2,2,-1
694,19,1250.33,374.29,27.58,66.68,0.8843,2,2,-1
694,36,1062.42,550.95,49.73,112.61,0.9268,2,2,-1
694,52,939.32,364.50,30.32,73.69,0.9145,2,2,-1
694,53,1587.86,459.34,42.44,97.61,0.9266,2,2,-1
694,59,756.38,310.85,24.93,61.08,0.8993,2,1,-1
694,63,1387.58,391.23,35.06,82.47,0.9177,2,1,-1
694,73,1052.18,484.20,36.52,90.49,0.8954,2,2,-1
694,76,721.25,446.27,40.10,93.48,0.9235,2,2,-1
694,92,1423.44,407.56,38.20,86.64,0.9001,2,2,-1
694,96,1460.93,486.76,35.41,100.48,0.8402,2,1,-1
694,97,1527.61,710.90,88.99,140.66,0.9450,2,1,-1
694,103,470.39,414.50,38.84,77.85,0.8879,2,1,-1
694,106,303.10,455.96,42.65,91.58,0.9081,2,2,-1
694,0,517.76,481.53,15.54,15.72,1.0,0,-1,-1
695,2,1233.51,462.34,46.49,103.42,0.9066,2,2,-1
695,3,1770.81,515.61,41.42,99.58,0.9217,2,2,-1
695,7,906.28,383.07,33.22,80.59,0.9143,3,0,-1
695,13,1481.94,425.51,38.11,67.99,0.7824,2,2,-1
695,19,1250.80,374.14,24.88,61.07,0.8866,2,2,-1
695,36,1061.40,553.39,53.98,110.19,0.9326,2,2,-1
695,52,933.52,364.37,29.11,74.75,0.8946,2,2,-1
695,53,1584.52,458.90,41.99,98.42,0.9184,2,2,-1
695,59,754.37,309.81,24.97,62.31,0.8959,2,1,-1
695,63,1380.35,392.83,38.76,80.94,0.9196,2,1,-1
695,73,1044.95,485.41,38.98,97.22,0.8962,2,2,-1
695,76,717.76,446.24,41.07,92.38,0.9257,2,2,-1
695,92,1418.39,406.52,37.72,87.15,0.9039,2,2,-1
695,97,1538.44,710.63,103.17,138.57,0.9295,2,1,-1
695,99,1458.28,529.20,25.64,56.76,0.8395,2,1,-1
695,103,476.70,415.19,33.32,82.96,0.8835,2,1,-1
695,105,189.82,623.70,32.30,63.57,0.7535,2,1,-1
695,106,313.29,454.85,39.25,92.45,0.8968,2,2,-1
695,108,185.62,672.08,37.46,92.93,0.8068,2,-1,-1
695,0,525.01,479.97,15.23,15.49,1.0,0,-1,-1
696,2,1226.23,462.18,45.47,103.64,0.9127,2,2,-1
696,3,1769.52,515.30,40.84,99.29,0.9229,2,2,-1
696,7,903.09,383.35,33.57,80.60,0.9175,3,0,-1
696,13,1483.48,424.58,36.27,60.60,0.8246,2,2,-1
696,19,1247.20,374.02,24.84,61.78,0.8864,2,2,-1
696,36,1058.23,552.88,58.91,111.19,0.9308,2,2,-1
696,52,929.52,364.38,26.88,75.22,0.9061,2,2,-1
696,53,1580.03,458.53,41.77,98.36,0.9204,2,2,-1
696,59,752.37,310.59,24.06,61.08,0.8919,2,1,-1
696,63,1375.94,391.91,40.53,82.38,0.9236,2,1,-1
696,73,1038.31,485.86,41.60,98.00,0.9099,2,2,-1
696,76,714.68,446.05,42.13,91.93,0.9307,2,2,-1
696,92,1413.36,405.45,37.27,85.55,0.8992,2,2,-1
696,97,1547.88,711.94,115.01,146.95,0.9234,2,1,-1
696,99,1452.24,527.15,24.69,59.49,0.8411,2,1,-1
696,103,478.85,415.87,33.61,82.99,0.8933,2,1,-1
696,106,321.46,452.31,35.19,94.75,0.9220,2,2,-1
696,108,179.26,623.61,55.42,139.80,0.8644,2,-1,-1
696,0,531.01,479.10,14.05,13.90,1.0,0,-1,-1
697,2,1221.14,461.99,43.83,103.06,0.9145,2,2,-1
697,3,1766.11,515.57,40.64,99.17,0.9240,2,2,-1
697,7,898.56,384.26,33.03,79.37,0.9159,3,0,-1
697,13,1482.01,423.69,39.01,64.08,0.7658,2,2,-1
697,19,1241.14,374.38,27.11,62.44,0.8721,2,2,-1
697,36,1054.31,552.86,61.26,111.25,0.9317,2,2,-1
697,52,925.08,363.41,24.46,73.58,0.8950,2,2,-1
697,53,1573.32,457.82,43.43,98.76,0.9320,2,2,-1
697,59,748.99,308.24,24.93,61.97,0.8866,2,1,-1
697,63,1371.67,391.39,39.18,81.85,0.9193,2,1,-1
697,73,1033.71,486.52,44.56,96.86,0.9201,2,2,-1
697,76,712.26,443.76,43.15,94.88,0.9358,2,2,-1
697,92,1409.49,404.98,35.95,83.29,0.9123,2,2,-1
697,96,1443.26,487.67,30.31,100.02,0.8752,2,1,-1
697,97,1551.34,712.87,115.22,146.57,0.9229,2,1,-1
697,103,478.27,416.43,41.23,81.70,0.9152,2,1,-1
697,106,322.72,450.41,37.84,96.66,0.9236,2,2,-1
697,108,175.61,624.68,61.85,139.88,0.9172,2,-1,-1
697,0,537.30,477.58,13.75,13.91,1.0,0,-1,-1
698,2,1215.78,463.33,42.81,101.54,0.9191,2,2,-1
698,3,1762.82,514.65,40.26,98.86,0.9196,2,2,-1
698,7,895.59,384.39,33.26,79.12,0.8973,3,0,-1
698,19,1237.43,374.33,27.45,59.86,0.8854,2,2,-1
698,36,1053.79,553.56,59.96,109.99,0.9306,2,2,-1
698,53,1567.60,457.67,44.49,98.76,0.9262,2,2,-1
698,59,744.80,311.25,22.99,58.90,0.9025,2,1,-1
698,63,1366.24,391.22,37.68,82.47,0.9193,2,1,-1
698,73,1026.76,485.72,48.35,98.97,0.9212,2,2,-1
698,76,711.30,441.53,42.19,94.49,0.9337,2,2,-1
698,88,1478.94,422.81,45.97,79.05,0.9099,2,1,-1
698,92,1405.13,404.06,34.02,83.83,0.9095,2,2,-1
698,96,1435.40,487.60,31.23,99.74,0.8975,2,1,-1
698,97,1570.20,715.48,103.03,144.50,0.9296,2,1,-1
698,103,477.46,416.01,47.73,81.47,0.9227,2,1,-1
698,106,322.61,448.57,41.74,97.99,0.9300,2,2,-1
698,108,172.83,626.32,67.91,137.81,0.9234,2,1,-1
698,109,1467.47,472.06,29.86,85.94,0.6442,2,-1,-1
698,0,540.91,476.14,14.12,14.25,1.0,0,-1,-1
699,2,1210.43,463.17,43.20,101.81,0.9142,2,2,-1
699,3,1759.35,513.33,39.69,99.32,0.9226,2,2,-1
699,7,891.24,383.73,33.16,79.84,0.8976,3,0,-1
699,19,1234.46,374.59,27.78,61.11,0.8667,2,2,-1
699,36,1050.29,554.58,59.18,109.14,0.9381,2,2,-1
699,53,1560.84,457.94,45.14,98.10,0.9289,2,2,-1
699,59,740.59,307.73,24.70,62.16,0.8995,2,1,-1
699,63,1364.79,417.63,27.10,53.95,0.8564,2,1,-1
699,73,1022.34,485.66,48.81,99.72,0.9040,2,2,-1
699,76,707.95,439.31,44.29,97.21,0.9290,2,2,-1
699,88,1475.98,423.12,50.30,91.88,0.9112,2,1,-1
699,92,1398.73,403.91,32.24,84.08,0.9088,2,2,-1
699,96,1424.99,487.22,36.04,100.15,0.8973,2,1,-1
699,97,1577.81,715.43,99.80,139.29,0.9044,2,1,-1
699,103,479.59,415.64,46.58,79.79,0.9144,2,1,-1
699,106,322.86,447.36,47.80,97.38,0.9298,2,2,-1
699,108,170.41,625.53,72.90,138.56,0.9264,2,1,-1
699,109,1456.52,463.71,33.43,94.01,0.8377,2,-1,-1
699,0,544.70,474.66,14.13,13.35,1.0,0,-1,-1
700,2,1205.42,463.22,43.14,101.51,0.9194,2,2,-1
700,3,1756.09,512.08,38.49,99.65,0.9251,2,2,-1
700,7,887.49,382.99,32.92,79.59,0.5653,3,0,-1
700,36,1053.21,554.18,53.51,109.73,0.9320,2,2,-1
700,52,907.24,357.48,21.38,56.61,0.8823,2,2,-1
700,53,1554.41,457.84,46.00,97.71,0.9272,2,2,-1
700,59,736.91,309.15,25.49,60.50,0.9044,2,1,-1
700,63,1356.48,390.67,31.82,79.84,0.8900,2,1,-1
700,73,1016.32,484.29,48.59,101.38,0.8556,2,-1,-1
700,76,708.29,438.15,42.25,91.79,0.9251,2,2,-1
700,88,1473.15,424.42,52.45,93.61,0.9164,2,1,-1
700,92,1392.29,402.13,31.28,85.82,0.9039,2,2,-1
700,96,1414.68,486.54,41.47,100.47,0.9029,2,1,-1
700,97,1605.37,713.84,80.26,142.81,0.9288,2,1,-1
700,103,489.41,415.70,41.39,75.57,0.7882,2,1,-1
700,106,323.63,446.50,54.76,95.43,0.9358,2,2,-1
700,108,166.28,627.48,73.50,135.29,0.9294,2,1,-1
700,109,1450.13,462.36,34.24,94.83,0.8291,2,-1,-1
701,2,1201.17,464.35,42.65,100.02,0.9171,2,2,-1
701,3,1751.88,511.51,37.55,99.23,0.9210,2,2,-1
701,7,885.74,382.76,31.57,79.23,0.8848,3,0,-1
701,36,1055.09,552.98,50.41,111.12,0.9312,2,2,-1
701,53,1548.58,458.13,46.37,97.27,0.9268,2,2,-1
701,59,732.37,310.61,27.24,58.93,0.9123,2,1,-1
701,63,1352.09,390.19,26.91,80.06,0.8749,2,1,-1
701,73,1009.32,483.12,47.69,102.23,0.7766,2,1,-1
701,76,707.34,437.46,40.64,87.55,0.9297,2,2,-1
701,88,1471.03,425.89,53.38,93.79,0.8993,2,1,-1
701,92,1382.71,401.17,33.61,87.01,0.9031,2,2,-1
701,96,1406.61,487.34,44.30,99.76,0.9150,2,1,-1
701,97,1615.13,709.76,70.10,146.17,0.9229,2,1,-1
701,103,496.30,415.48,37.20,78.44,0.9050,2,1,-1
701,106,325.41,447.48,58.50,94.16,0.9327,2,2,-1
701,108,168.53,629.25,68.95,131.71,0.8945,2,1,-1
701,109,1444.51,462.53,34.16,93.94,0.8713,2,1,-1
701,110,1210.54,416.56,42.09,61.10,0.8782,2,-1,-1
701,0,551.64,472.87,13.16,13.59,1.0,0,-1,-1
702,2,1197.73,463.91,41.69,100.74,0.9206,2,2,-1
702,3,1746.50,510.60,37.87,98.79,0.9237,2,2,-1
702,7,881.54,382.71,30.62,78.12,0.9095,3,0,-1
702,36,1057.26,551.32,48.34,112.41,0.9255,2,2,-1
702,53,1541.05,457.19,49.00,96.89,0.9264,2,2,-1
702,59,728.09,311.03,29.12,58.59,0.9117,2,1,-1
702,63,1347.51,416.60,19.62,53.91,0.8435,2,1,-1
702,73,1003.19,481.84,43.23,103.00,0.8446,2,1,-1
702,76,705.57,437.45,38.94,88.33,0.9233,2,2,-1
702,88,1468.63,427.83,56.66,92.49,0.9038,2,1,-1
702,92,1373.12,399.56,37.12,88.10,0.9139,2,2,-1
702,96,1399.84,488.25,46.04,99.16,0.9278,2,1,-1
702,97,1620.84,706.58,64.67,149.01,0.9216,2,1,-1
702,103,497.78,413.95,36.88,78.87,0.9087,2,1,-1
702,106,325.97,448.87,56.22,93.52,0.9294,2,2,-1
702,108,169.91,626.37,64.33,135.74,0.8673,2,1,-1
702,109,1439.53,462.42,33.44,94.64,0.8646,2,1,-1
702,110,1204.57,416.19,41.58,64.41,0.8721,2,-1,-1
702,0,553.30,471.60,13.58,13.38,1.0,0,-1,-1
703,2,1192.19,465.09,41.40,99.46,0.9148,2,2,-1
703,3,1742.07,510.40,37.39,98.43,0.9130,2,2,-1
703,7,878.84,381.74,30.57,78.78,0.9064,3,0,-1
703,19,1214.95,375.26,28.41,57.11,0.8544,2,2,-1
703,36,1056.00,549.62,48.94,113.80,0.9217,2,2,-1
703,53,1535.39,457.28,49.59,97.25,0.9217,2,2,-1
703,59,722.95,309.50,30.80,60.53,0.9220,2,1,-1
703,63,1340.88,419.95,19.80,50.87,0.8324,2,1,-1
703,73,995.92,481.31,36.23,101.55,0.8793,2,1,-1
703,76,703.16,437.86,37.33,87.55,0.9262,2,2,-1
703,88,1464.43,429.80,56.96,90.75,0.8857,2,1,-1
703,92,1363.03,399.01,40.21,87.41,0.9101,2,2,-1
703,96,1394.46,487.73,45.34,99.67,0.9094,2,1,-1
703,97,1626.77,704.42,61.27,152.04,0.9377,2,1,-1
703,103,497.52,412.07,39.88,78.91,0.9152,2,1,-1
703,106,331.53,449.60,47.58,92.28,0.9290,2,2,-1
703,109,1433.02,463.37,33.22,93.29,0.8660,2,1,-1
703,110,1200.17,416.62,37.61,62.29,0.8866,2,-1,-1
703,0,554.68,470.39,13.12,13.21,1.0,0,-1,-1
704,2,1187.50,464.80,41.06,99.86,0.9145,2,2,-1
704,3,1734.93,510.59,38.18,98.12,0.9202,2,2,-1
704,7,873.76,376.10,31.77,83.43,0.8940,3,0,-1
704,36,1055.89,548.41,48.87,115.24,0.9257,2,2,-1
704,53,1529.69,455.76,50.52,97.84,0.9178,2,2,-1
704,59,717.27,308.73,31.87,61.06,0.9155,2,1,-1
704,63,1329.47,389.94,27.79,78.79,0.8544,2,1,-1
704,73,986.24,480.29,32.36,104.91,0.8976,2,1,-1
704,76,699.38,437.36,38.33,87.46,0.9260,2,2,-1
704,88,1460.66,430.10,56.44,90.46,0.8877,2,1,-1
704,92,1356.95,398.80,40.54,86.55,0.9070,2,2,-1
704,96,1387.81,486.88,43.78,100.31,0.9144,2,1,-1
704,97,1631.96,704.06,73.18,149.75,0.9439,2,1,-1
704,103,499.85,409.79,38.36,76.63,0.8917,2,1,-1
704,106,339.25,449.00,44.03,92.83,0.9253,2,2,-1
704,108,165.88,624.75,62.01,137.81,0.5980,2,1,-1
704,109,1426.67,463.90,32.22,91.35,0.8651,2,1,-1
704,110,1194.36,413.05,38.05,67.55,0.8881,2,2,-1
704,0,555.09,469.85,13.68,13.31,1.0,0,-1,-1
705,2,1183.27,465.32,39.77,99.41,0.9172,2,2,-1
705,3,1727.16,511.38,38.90,97.17,0.9132,2,2,-1
705,7,868.65,377.65,31.15,81.53,0.8951,3,0,-1
705,36,1054.80,548.47,49.35,115.93,0.9247,2,2,-1
705,53,1526.03,455.49,48.53,97.07,0.9209,2,2,-1
705,59,712.75,308.96,31.16,60.28,0.9073,2,1,-1
705,63,1319.41,389.45,28.80,80.60,0.8894,2,1,-1
705,73,977.64,480.79,32.95,104.33,0.9107,2,1,-1
705,76,694.64,436.14,39.94,87.39,0.9228,2,2,-1
705,88,1457.20,429.98,57.66,90.98,0.9080,2,1,-1
705,92,1348.55,399.38,41.71,85.89,0.9233,2,2,-1
705,96,1382.14,484.66,40.92,101.99,0.8750,2,1,-1
705,97,1634.09,703.31,81.64,148.25,0.9328,2,1,-1
705,103,505.04,408.36,34.14,73.29,0.8568,2,1,-1
705,106,345.04,447.42,43.10,94.65,0.9178,2,2,-1
705,108,168.75,626.08,47.44,134.25,0.8747,2,1,-1
705,109,1419.78,463.29,32.45,91.65,0.8687,2,1,-1
705,110,1191.05,412.66,34.31,66.45,0.8913,2,2,-1
705,0,554.98,468.34,12.98,13.18,1.0,0,-1,-1
706,2,1177.52,465.41,39.26,100.25,0.9171,2,2,-1
706,3,1719.69,511.78,39.39,96.27,0.9192,2,2,-1
706,6,1383.63,486.15,24.96,47.00,0.8112,2,2,-1
706,7,863.54,377.58,31.89,80.83,0.8979,3,0,-1
706,36,1053.86,550.16,45.86,113.73,0.9285,2,2,-1
706,53,1521.51,455.17,47.34,97.37,0.9123,2,2,-1
706,59,707.44,309.33,31.36,59.87,0.9064,2,1,-1
706,63,1308.82,389.84,31.21,81.93,0.8977,2,1,-1
706,73,967.57,481.40,36.73,103.81,0.9167,2,1,-1
706,76,688.87,433.87,41.30,88.75,0.9265,2,2,-1
706,88,1450.93,430.40,59.09,91.44,0.9133,2,1,-1
706,92,1341.41,400.36,42.16,80.63,0.9203,2,2,-1
706,97,1636.35,705.06,85.04,144.75,0.9501,2,1,-1
706,99,1377.05,522.97,30.88,64.08,0.8031,2,1,-1
706,103,508.75,407.63,31.50,77.97,0.8744,2,1,-1
706,106,344.58,444.97,43.09,96.18,0.9211,2,2,-1
706,108,168.63,625.34,44.51,131.11,0.9020,2,1,-1
706,109,1413.02,463.09,32.20,89.71,0.8678,2,1,-1
706,110,1183.17,409.75,33.96,69.39,0.8868,2,2,-1
706,0,554.05,467.42,13.09,13.59,1.0,0,-1,-1
707,2,1172.14,467.22,38.60,98.04,0.9149,2,2,-1
707,3,1709.74,511.55,41.42,96.61,0.9186,2,2,-1
707,7,857.39,378.92,32.35,79.42,0.8773,3,0,-1
707,36,1051.42,551.26,45.80,113.62,0.9337,2,2,-1
707,53,1516.41,455.53,43.67,96.32,0.9150,2,2,-1
707,59,703.30,309.02,30.33,60.49,0.9065,2,1,-1
707,63,1300.53,390.66,31.90,80.70,0.8754,2,1,-1
707,73,956.35,482.35,40.97,103.26,0.9078,2,1,-1
707,76,683.08,432.55,42.60,92.35,0.9240,2,2,-1
707,81,1178.77,407.52,29.09,75.38,0.8841,2,2,-1
707,88,1448.13,431.04,57.88,90.37,0.9200,2,1,-1
707,92,1335.16,401.61,42.81,80.11,0.9247,2,2,-1
707,96,1368.75,486.60,34.79,100.64,0.8353,2,1,-1
707,97,1641.22,710.46,84.69,141.10,0.9217,2,1,-1
707,103,504.95,407.49,35.24,80.09,0.9054,2,1,-1
707,106,342.35,443.75,42.42,97.76,0.9292,2,2,-1
707,108,164.02,625.34,46.23,136.30,0.9029,2,1,-1
707,109,1405.66,462.74,31.28,88.20,0.8647,2,1,-1
707,0,552.71,466.80,12.85,13.55,1.0,0,-1,-1
708,2,1166.48,467.36,37.94,98.27,0.9174,2,2,-1
708,3,1700.66,512.27,42.18,93.90,0.9122,2,2,-1
708,7,851.45,381.43,33.03,76.94,0.8695,3,0,-1
708,36,1050.16,554.37,48.27,111.88,0.9420,2,2,-1
708,53,1510.87,455.95,46.00,95.35,0.9108,2,2,-1
708,59,699.63,310.37,27.95,59.32,0.8923,2,1,-1
708,63,1292.43,390.96,32.07,79.64,0.8894,2,1,-1
708,73,943.69,483.81,46.31,102.33,0.9150,2,1,-1
708,76,680.68,431.42,41.14,88.04,0.9281,2,2,-1
708,81,1170.55,405.53,29.18,75.81,0.8878,2,2,-1
708,88,1444.28,430.70,54.85,90.75,0.9282,2,1,-1
708,92,1328.79,401.93,43.27,79.37,0.9263,2,2,-1
708,96,1360.37,487.66,32.70,99.37,0.7717,2,1,-1
708,97,1643.13,713.48,82.42,141.65,0.9210,2,1,-1
708,103,500.79,406.38,42.30,80.21,0.9231,2,1,-1
708,106,340.61,443.54,43.02,97.59,0.9377,2,2,-1
708,108,161.40,626.20,47.79,136.61,0.9168,2,1,-1
708,109,1396.92,461.42,31.81,88.47,0.8180,2,1,-1
708,0,550.84,466.28,12.63,14.22,1.0,0,-1,-1
709,2,1159.98,465.45,38.02,100.16,0.9156,2,2,-1
709,3,1692.87,512.14,42.57,94.01,0.8998,2,2,-1
709,19,1178.39,376.35,28.83,71.03,0.8944,2,2,-1
709,36,1048.48,556.47,52.18,112.02,0.9423,2,2,-1
709,38,834.50,351.03,33.97,67.96,0.8637,2,2,-1
709,53,1502.42,456.85,45.47,94.72,0.9175,2,2,-1
709,59,695.89,309.43,25.81,59.73,0.8970,2,1,-1
709,63,1283.84,391.29,32.44,81.57,0.8979,2,1,-1
709,73,930.42,484.37,52.18,102.42,0.9229,2,1,-1
709,76,679.25,431.24,39.49,86.03,0.9175,2,2,-1
709,88,1445.29,430.41,48.59,91.28,0.9227,2,1,-1
709,92,1320.72,402.18,44.95,78.73,0.9257,2,2,-1
709,96,1352.47,486.03,31.66,100.88,0.8573,2,1,-1
709,97,1646.58,714.02,71.76,131.76,0.9199,2,1,-1
709,103,499.57,405.79,44.35,77.48,0.9179,2,1,-1
709,106,338.68,444.03,48.61,94.04,0.9358,2,2,-1
709,108,157.63,626.63,55.79,136.79,0.9234,2,1,-1
709,109,1389.16,460.50,31.21,89.70,0.8417,2,1,-1
709,0,546.57,465.46,14.42,14.93,1.0,0,-1,-1
710,2,1152.41,464.82,38.26,101.41,0.9184,2,2,-1
710,3,1682.69,512.54,44.34,92.81,0.9193,2,2,-1
710,19,1171.89,376.60,28.13,70.80,0.8808,2,2,-1
710,36,1046.54,557.84,56.60,110.66,0.9327,2,2,-1
710,38,825.94,351.24,34.00,72.02,0.8910,2,2,-1
710,53,1495.59,458.07,47.08,93.56,0.9044,2,2,-1
710,59,691.08,308.27,24.36,61.02,0.8620,2,1,-1
710,63,1275.50,391.94,31.47,80.57,0.8749,2,1,-1
710,73,920.24,485.22,55.43,102.36,0.9289,2,1,-1
710,76,678.85,431.16,37.06,86.87,0.9159,2,2,-1
710,88,1446.24,428.82,42.04,91.91,0.9196,2,1,-1
710,92,1312.92,401.30,46.70,78.93,0.9328,2,2,-1
710,96,1343.62,486.75,32.32,99.86,0.8978,2,1,-1
710,97,1645.27,711.63,67.42,130.31,0.8933,2,1,-1
710,103,500.18,404.65,44.34,78.13,0.9082,2,1,-1
710,106,337.07,445.25,52.27,92.98,0.9364,2,2,-1
710,108,152.71,627.73,63.21,137.67,0.9327,2,1,-1
710,109,1382.20,457.62,30.36,92.75,0.8782,2,1,-1
710,0,545.29,465.30,13.88,15.36,1.0,0,-1,-1
711,2,1145.22,465.77,38.11,101.24,0.9205,2,2,-1
711,3,1674.10,512.48,44.78,91.49,0.9173,2,2,-1
711,7,829.34,382.05,33.80,78.34,0.8877,3,0,-1
711,19,1165.58,376.92,27.97,70.57,0.8964,2,2,-1
711,36,1042.09,558.30,59.10,110.41,0.9320,2,2,-1
711,53,1487.40,458.65,48.54,93.09,0.9099,2,2,-1
711,59,685.22,308.78,22.83,60.32,0.8998,2,1,-1
711,63,1268.23,392.21,29.36,79.02,0.8772,2,1,-1
711,73,910.25,485.25,55.56,103.24,0.9303,2,1,-1
711,76,675.39,431.30,35.85,86.34,0.9157,2,2,-1
711,88,1443.11,427.69,38.78,91.52,0.9059,2,1,-1
711,92,1305.40,400.34,47.93,79.98,0.9271,2,2,-1
711,96,1328.39,487.38,37.23,99.49,0.9213,2,1,-1
711,97,1646.07,706.78,61.21,110.03,0.8995,2,1,-1
711,103,506.83,404.19,42.91,75.96,0.8795,2,1,-1
711,106,334.81,447.29,49.11,90.63,0.9329,2,2,-1
711,108,144.95,629.29,67.88,137.72,0.9374,2,1,-1
711,109,1373.91,457.30,29.36,92.91,0.9065,2,1,-1
711,0,542.98,464.72,12.96,14.67,1.0,0,-1,-1
712,2,1137.97,465.33,38.45,101.37,0.9182,2,2,-1
712,3,1665.95,512.02,44.80,90.51,0.9166,2,2,-1
712,7,821.94,381.21,33.08,78.50,0.8962,3,0,-1
712,19,1154.80,376.81,30.49,70.51,0.8920,2,2,-1
712,36,1034.97,557.69,61.65,109.81,0.9395,2,2,-1
712,53,1478.09,459.26,46.14,92.28,0.9017,2,2,-1
712,59,678.54,308.72,22.99,59.79,0.8480,2,1,-1
712,63,1261.31,392.38,26.48,74.92,0.8039,2,1,-1
712,73,901.84,484.79,51.05,104.05,0.9240,2,1,-1
712,76,670.93,430.54,36.47,88.11,0.9205,2,2,-1
712,88,1438.44,426.50,36.75,93.68,0.9140,2,1,-1
712,92,1297.73,398.88,50.63,81.44,0.9203,2,2,-1
712,96,1316.63,487.15,40.24,100.12,0.9115,2,1,-1
712,97,1639.79,704.17,75.84,140.25,0.9353,2,1,-1
712,103,509.41,402.63,40.63,78.68,0.9168,2,1,-1
712,106,335.39,448.90,42.07,89.18,0.9142,2,2,-1
712,108,136.12,630.39,69.92,137.16,0.9235,2,1,-1
712,109,1364.42,457.30,28.98,92.75,0.9087,2,1,-1
712,0,538.29,463.58,14.03,15.43,1.0,0,-1,-1
713,2,1130.22,465.32,38.84,101.26,0.9214,2,2,-1
713,3,1657.85,510.58,45.27,90.49,0.9250,2,2,-1
713,7,813.85,380.68,32.59,78.09,0.7744,3,0,-1
713,19,1149.03,377.17,29.84,69.98,0.8867,2,2,-1
713,36,1026.25,558.10,63.24,109.73,0.9374,2,2,-1
713,53,1470.66,459.63,51.19,92.02,0.9170,2,2,-1
713,59,670.25,309.78,23.45,59.89,0.8856,2,1,-1
713,63,1251.47,392.13,26.40,77.72,0.8240,2,1,-1
713,73,892.74,484.48,46.06,103.79,0.9188,2,1,-1
713,76,665.06,428.89,38.67,89.58,0.9271,2,2,-1
713,88,1433.32,426.18,36.18,93.92,0.9107,2,1,-1
713,92,1293.22,398.92,49.83,81.21,0.9201,2,2,-1
713,96,1306.54,487.39,41.36,99.69,0.9009,2,1,-1
713,97,1635.92,701.83,77.47,141.28,0.9470,2,1,-1
713,103,508.16,400.27,38.54,75.44,0.9138,2,1,-1
713,106,337.10,448.35,37.42,90.06,0.9189,2,2,-1
713,108,128.70,631.28,70.64,136.38,0.9316,2,1,-1
713,109,1354.18,457.50,29.85,92.32,0.9018,2,1,-1
713,0,504.22,470.01,13.96,13.27,1.0,0,-1,-1
714,2,1121.95,464.92,39.98,101.83,0.9241,2,2,-1
714,3,1649.83,509.65,44.63,90.94,0.9233,2,2,-1
714,7,804.91,379.15,33.05,79.68,0.9025,3,0,-1
714,19,1140.99,377.21,29.93,71.09,0.8942,2,2,-1
714,36,1018.45,558.21,64.28,110.41,0.9345,2,2,-1
714,53,1461.08,459.63,50.40,91.46,0.9111,2,2,-1
714,59,663.58,312.16,24.20,57.59,0.8911,2,1,-1
714,63,1243.81,421.65,20.03,50.91,0.8620,2,1,-1
714,73,881.27,484.45,41.74,104.76,0.9022,2,1,-1
714,76,659.67,426.31,41.93,89.97,0.9242,2,2,-1
714,88,1427.43,426.47,35.60,93.03,0.9132,2,1,-1
714,92,1289.81,398.47,47.53,82.22,0.9178,2,2,-1
714,96,1296.52,488.09,41.89,100.00,0.9019,2,1,-1
714,97,1630.63,698.58,78.91,147.04,0.9268,2,1,-1
714,103,505.99,398.71,40.96,78.33,0.9157,2,1,-1
714,106,338.79,447.07,33.46,92.46,0.9172,2,2,-1
714,108,122.11,632.50,68.20,135.44,0.9176,2,1,-1
714,109,1343.64,458.35,30.62,91.40,0.8993,2,1,-1
715,2,1113.44,464.62,41.34,102.66,0.9205,2,2,-1
715,3,1644.25,509.32,42.01,92.11,0.9186,2,2,-1
715,7,795.61,377.08,33.72,79.97,0.9015,3,0,-1
715,19,1133.06,377.86,29.80,69.73,0.8927,2,2,-1
715,36,1013.37,558.11,63.58,111.84,0.9369,2,2,-1
715,53,1454.05,460.42,52.11,89.64,0.9120,2,2,-1
715,59,655.49,314.15,27.20,56.16,0.9017,2,1,-1
715,63,1232.89,419.59,20.97,53.45,0.8587,2,1,-1
715,73,870.25,484.21,37.60,104.88,0.8943,2,1,-1
715,76,653.40,424.23,44.02,87.11,0.9266,2,2,-1
715,88,1422.54,426.85,35.30,92.71,0.9153,2,1,-1
715,92,1288.12,398.46,43.45,81.83,0.9110,2,2,-1
715,96,1287.66,488.11,41.62,99.97,0.9158,2,1,-1
715,97,1625.96,701.14,77.06,142.30,0.9373,2,1,-1
715,103,504.50,397.06,40.80,77.89,0.9122,2,1,-1
715,106,335.48,445.05,32.78,94.43,0.9205,2,2,-1
715,108,122.11,632.94,59.45,131.40,0.9062,2,1,-1
715,109,1334.17,459.43,31.80,89.80,0.9144,2,1,-1
715,110,1104.11,405.85,35.56,83.82,0.8818,2,2,-1
715,0,538.17,462.34,13.32,13.47,1.0,0,-1,-1
716,2,1107.10,464.14,40.88,101.82,0.9185,2,2,-1
716,3,1637.44,509.03,40.10,91.89,0.9226,2,2,-1
716,7,789.07,375.46,33.08,80.87,0.9044,3,0,-1
716,19,1124.58,377.85,31.05,70.14,0.8769,2,2,-1
716,36,1011.85,557.18,61.19,113.36,0.9375,2,2,-1
716,53,1449.51,459.91,50.47,88.75,0.9201,2,2,-1
716,59,648.27,312.87,30.97,57.68,0.9028,2,1,-1
716,63,1224.18,420.96,20.51,52.77,0.8436,2,1,-1
716,73,859.44,484.25,33.98,105.21,0.8782,2,1,-1
716,76,650.67,424.05,43.01,79.85,0.9275,2,2,-1
716,88,1416.14,427.14,35.93,92.81,0.9141,2,1,-1
716,92,1286.90,397.04,39.63,82.31,0.9068,2,2,-1
716,96,1279.38,487.53,40.82,100.59,0.9049,2,1,-1
716,97,1620.45,702.17,75.60,136.31,0.9353,2,1,-1
716,103,508.31,396.23,35.67,74.67,0.9166,2,1,-1
716,106,330.09,443.78,35.62,96.49,0.9311,2,2,-1
716,108,120.27,635.38,58.16,130.49,0.8893,2,1,-1
716,109,1324.73,459.48,31.57,89.01,0.9141,2,1,-1
716,110,1096.45,404.23,35.83,85.44,0.9027,2,2,-1
716,0,543.60,461.95,13.70,13.18,1.0,0,-1,-1
717,2,1100.26,464.19,40.82,101.49,0.9212,2,2,-1
717,3,1629.95,508.69,39.38,91.58,0.9215,2,2,-1
717,7,780.89,374.28,34.06,81.89,0.9059,3,0,-1
717,19,1119.14,378.15,30.40,70.23,0.8882,2,2,-1
717,36,1013.63,555.25,55.85,114.11,0.9325,2,2,-1
717,53,1444.99,459.62,47.98,87.35,0.9193,2,2,-1
717,59,640.25,314.09,34.51,56.92,0.9108,2,1,-1
717,63,1215.51,422.06,19.91,51.98,0.8537,2,1,-1
717,73,850.06,485.04,31.90,102.65,0.8647,2,1,-1
717,76,647.90,423.56,40.68,80.77,0.9187,2,2,-1
717,88,1410.94,426.63,36.49,93.12,0.9208,2,1,-1
717,92,1284.05,395.67,37.80,83.34,0.9037,2,2,-1
717,96,1270.63,488.54,40.00,99.59,0.9099,2,1,-1
717,97,1614.75,702.68,72.00,133.57,0.9438,2,1,-1
717,103,510.76,396.72,32.54,76.41,0.9060,2,1,-1
717,106,324.51,443.23,41.23,97.55,0.9308,2,2,-1
717,108,115.97,633.59,60.50,131.67,0.9180,2,1,-1
717,109,1316.16,460.08,30.08,86.53,0.9050,2,1,-1
717,110,1087.87,402.20,35.82,86.91,0.9130,2,2,-1
717,0,549.70,460.98,13.15,13.62,1.0,0,-1,-1
718,2,1094.12,463.78,39.74,101.88,0.9162,2,2,-1
718,3,1621.62,508.35,39.58,92.48,0.9205,2,2,-1
718,7,772.58,373.98,34.51,81.69,0.9087,3,0,-1
718,19,1110.10,378.39,30.46,70.28,0.8754,2,2,-1
718,36,1015.54,552.79,49.52,114.92,0.9183,2,2,-1
718,53,1439.20,457.76,47.73,89.33,0.9197,2,2,-1
718,59,632.13,314.31,36.10,56.84,0.9115,2,1,-1
718,63,1205.54,420.17,21.39,54.69,0.8452,2,1,-1
718,73,836.91,485.72,34.63,102.20,0.9095,2,1,-1
718,76,643.96,422.99,39.01,82.67,0.9207,2,2,-1
718,88,1406.17,425.46,36.20,94.61,0.9131,2,1,-1
718,92,1278.60,393.58,37.58,84.15,0.9080,2,2,-1
718,96,1263.68,487.77,38.59,98.69,0.9094,2,1,-1
718,97,1608.08,702.44,69.28,132.62,0.9391,2,1,-1
718,103,512.64,396.59,28.75,79.01,0.9085,2,1,-1
718,106,318.83,443.31,48.52,96.83,0.9354,2,2,-1
718,108,110.67,631.72,61.48,134.20,0.9081,2,1,-1
718,109,1306.67,459.36,30.43,86.37,0.9042,2,1,-1
718,110,1079.51,400.68,36.19,88.35,0.9112,2,2,-1
718,0,553.23,459.92,13.69,13.71,1.0,0,-1,-1
719,2,1087.39,463.48,38.80,102.31,0.9249,2,2,-1
719,3,1614.04,508.86,38.95,92.38,0.9220,2,2,-1
719,7,767.08,374.50,33.10,80.17,0.9110,3,0,-1
719,19,1104.85,379.23,29.33,69.46,0.8947,2,2,-1
719,36,1012.80,551.15,46.48,115.95,0.9274,2,2,-1
719,53,1432.26,455.69,48.70,93.29,0.9119,2,2,-1
719,59,623.44,309.50,38.30,62.09,0.9022,2,1,-1
719,63,1196.90,420.29,20.92,54.58,0.8682,2,1,-1
719,73,821.73,487.31,40.86,102.87,0.9097,2,1,-1
719,76,638.43,422.60,39.97,82.96,0.9172,2,2,-1
719,88,1400.81,423.65,37.01,95.41,0.9228,2,1,-1
719,92,1270.55,392.90,39.64,84.21,0.9136,2,2,-1
719,96,1255.10,488.03,38.14,97.65,0.9195,2,1,-1
719,97,1600.40,700.36,67.82,134.58,0.9335,2,1,-1
719,103,512.06,397.06,29.59,77.93,0.9011,2,1,-1
719,106,313.05,443.51,54.03,95.45,0.9323,2,2,-1
719,108,100.20,630.24,68.70,136.02,0.8977,2,1,-1
719,109,1297.56,460.49,31.28,85.89,0.9047,2,1,-1
719,110,1071.42,399.34,35.85,87.47,0.9096,2,2,-1
719,0,556.92,460.12,14.11,13.43,1.0,0,-1,-1
720,2,1080.62,464.31,38.00,101.24,0.9138,2,2,-1
720,3,1606.00,508.56,38.74,91.88,0.9205,2,2,-1
720,7,756.79,376.15,35.53,78.71,0.9091,3,0,-1
720,19,1096.56,380.65,29.77,68.84,0.8964,2,2,-1
720,36,1007.46,551.08,46.52,116.63,0.9232,2,2,-1
720,53,1426.10,455.42,47.59,93.22,0.9179,2,2,-1
720,54,804.48,488.24,51.21,103.04,0.9246,2,1,-1
720,59,615.24,309.14,37.34,62.62,0.8966,2,1,-1
720,63,1187.18,419.04,21.73,56.58,0.8110,2,1,-1
720,76,630.79,421.29,43.46,82.71,0.9266,2,2,-1
720,88,1395.86,422.31,36.63,95.46,0.9162,2,1,-1
720,92,1266.88,392.38,38.38,84.24,0.9044,2,2,-1
720,96,1247.50,488.10,37.36,97.91,0.9103,2,1,-1
720,97,1593.01,695.56,69.56,139.55,0.9304,2,1,-1
720,103,504.00,395.93,38.79,79.71,0.9167,2,1,-1
720,106,306.92,445.66,53.66,93.90,0.9354,2,2,-1
720,108,88.11,626.78,71.16,139.52,0.9231,2,1,-1
720,109,1286.64,460.68,31.30,85.19,0.9063,2,1,-1
720,110,1063.33,399.52,35.46,85.57,0.9187,2,2,-1
720,0,561.03,458.94,13.03,13.79,1.0,0,-1,-1
721,2,1073.37,464.68,37.21,101.34,0.9201,2,2,-1
721,3,1599.17,508.73,37.70,89.57,0.9261,2,2,-1
721,7,751.19,377.17,35.27,77.67,0.9121,3,0,-1
721,19,1089.07,381.01,29.44,68.85,0.8925,2,2,-1
721,36,1002.72,551.33,46.07,116.75,0.9228,2,2,-1
721,53,1421.45,455.53,45.37,92.68,0.9218,2,2,-1
721,54,791.57,489.59,54.88,102.74,0.9332,2,1,-1
721,59,608.73,310.90,36.86,61.42,0.8882,2,1,-1
721,63,1178.32,421.32,21.21,54.90,0.8054,2,1,-1
721,76,621.28,419.76,47.85,89.29,0.9302,2,2,-1
721,88,1391.54,421.64,36.08,88.02,0.9026,2,1,-1
721,92,1267.11,392.76,34.01,83.70,0.9072,2,2,-1
721,96,1238.55,488.02,37.67,98.11,0.9142,2,1,-1
721,97,1585.04,693.29,72.55,141.86,0.9284,2,1,-1
721,103,500.49,395.40,42.64,78.98,0.9182,2,1,-1
721,106,302.96,447.81,48.34,91.74,0.9321,2,2,-1
721,108,74.94,624.71,80.26,143.96,0.9097,2,1,-1
721,109,1277.09,461.96,29.72,82.80,0.8819,2,1,-1
721,110,1054.07,400.60,34.97,82.70,0.9094,2,2,-1
721,0,563.50,458.69,12.89,13.63,1.0,0,-1,-1
722,2,1066.45,465.32,36.43,100.94,0.9179,2,2,-1
722,3,1590.54,508.73,38.51,90.80,0.9202,2,2,-1
722,7,741.79,377.87,37.09,78.14,0.9122,3,0,-1
722,19,1083.08,382.06,28.31,68.82,0.8969,2,2,-1
722,36,997.56,553.64,45.21,116.86,0.9336,2,2,-1
722,53,1414.65,455.73,45.35,92.55,0.9152,2,2,-1
722,54,782.01,490.06,55.84,103.94,0.9284,2,1,-1
722,59,603.66,313.08,35.95,60.12,0.8647,2,1,-1
722,63,1170.84,425.04,20.69,52.07,0.8480,2,1,-1
722,76,619.38,419.10,45.71,84.99,0.9317,2,2,-1
722,88,1384.33,421.61,39.79,95.10,0.9147,2,1,-1
722,92,1265.46,394.01,29.33,79.63,0.9030,2,2,-1
722,96,1229.72,488.45,38.29,98.02,0.9198,2,1,-1
722,97,1576.44,692.73,72.41,141.27,0.9344,2,1,-1
722,103,501.77,395.81,41.45,78.14,0.9072,2,1,-1
722,106,302.77,448.86,44.00,91.14,0.9278,2,2,-1
722,108,63.72,625.03,82.25,142.60,0.9099,2,1,-1
722,109,1267.17,459.81,30.45,85.30,0.8866,2,1,-1
722,110,1046.67,401.87,33.91,82.16,0.9165,2,2,-1
722,0,565.28,457.61,13.66,14.35,1.0,0,-1,-1
723,2,1058.96,466.32,35.81,100.86,0.9123,2,2,-1
723,3,1583.25,508.95,38.44,89.93,0.9150,2,2,-1
723,7,734.04,379.09,38.00,77.47,0.9190,3,0,-1
723,19,1075.56,383.10,28.13,69.10,0.8951,2,2,-1
723,36,993.02,556.50,47.39,115.00,0.9284,2,2,-1
723,53,1411.28,456.37,43.19,90.08,0.9093,2,2,-1
723,54,771.15,491.00,56.61,104.29,0.9269,2,1,-1
723,59,596.41,313.06,35.84,59.82,0.8981,2,1,-1
723,63,1161.54,424.62,20.98,54.21,0.8251,2,1,-1
723,76,619.81,418.60,42.93,81.62,0.9188,2,2,-1
723,88,1380.95,422.83,38.92,92.03,0.9005,2,1,-1
723,92,1261.20,394.84,26.64,75.99,0.8969,2,2,-1
723,96,1220.35,489.02,38.89,98.54,0.9142,2,1,-1
723,97,1569.18,692.57,72.94,138.65,0.9257,2,1,-1
723,103,507.37,395.95,37.81,77.09,0.9073,2,1,-1
723,106,302.74,448.78,42.78,92.66,0.9255,2,2,-1
723,108,54.17,626.17,79.14,138.91,0.8980,2,1,-1
723,109,1258.02,458.51,30.81,87.34,0.8783,2,1,-1
723,110,1037.92,401.87,33.84,82.61,0.9140,2,2,-1
723,0,566.66,457.39,13.00,14.10,1.0,0,-1,-1
724,2,1050.87,466.53,35.81,101.49,0.9160,2,2,-1
724,3,1576.28,508.38,38.48,91.09,0.9164,2,2,-1
724,7,725.61,380.91,37.73,75.55,0.9122,3,0,-1
724,19,1067.83,383.66,28.45,68.52,0.9022,2,2,-1
724,36,988.77,559.83,52.43,112.72,0.9366,2,2,-1
724,53,1408.99,456.80,39.81,89.05,0.9214,2,2,-1
724,54,760.78,492.92,53.97,103.42,0.8684,2,1,-1
724,59,591.52,312.26,34.48,61.00,0.8925,2,1,-1
724,63,1152.08,401.92,21.56,54.95,0.8113,2,1,-1
724,76,621.59,419.24,40.48,82.50,0.8943,2,2,-1
724,88,1373.96,423.42,41.72,94.26,0.9210,2,1,-1
724,92,1254.17,395.64,26.83,76.78,0.8943,2,2,-1
724,96,1212.67,489.05,39.05,98.84,0.9090,2,1,-1
724,97,1560.64,693.30,72.38,129.73,0.9277,2,1,-1
724,103,507.03,395.26,37.34,78.42,0.9070,2,1,-1
724,106,298.24,447.86,44.12,94.72,0.9122,2,2,-1
724,108,46.15,627.91,76.70,138.36,0.8876,2,1,-1
724,109,1249.17,455.90,30.68,89.83,0.8920,2,1,-1
724,110,1030.12,402.27,31.80,83.09,0.9080,2,2,-1
724,0,568.05,457.70,13.22,13.79,1.0,0,-1,-1
725,2,1042.59,467.62,35.44,101.74,0.9199,2,2,-1
725,3,1569.77,506.77,36.88,91.33,0.9197,2,2,-1
725,19,1060.13,383.60,28.28,68.91,0.8968,2,2,-1
725,36,984.91,562.43,56.48,111.90,0.9324,2,2,-1
725,38,698.45,345.71,42.01,70.80,0.9107,2,2,-1
725,51,754.63,492.08,35.41,55.02,0.8355,2,1,-1
725,53,1404.98,456.15,39.91,90.58,0.9217,2,2,-1
725,54,763.55,551.18,27.03,45.32,0.6294,2,1,-1
725,59,587.25,311.00,31.62,62.36,0.8831,2,1,-1
725,63,1143.29,402.04,20.36,52.04,0.8240,2,1,-1
725,76,619.17,419.36,37.24,83.39,0.9108,2,2,-1
725,88,1368.86,423.86,41.61,94.10,0.9143,2,1,-1
725,92,1249.41,395.87,26.69,77.30,0.8864,2,2,-1
725,96,1203.60,489.89,39.52,98.67,0.9155,2,1,-1
725,97,1551.20,693.60,73.86,125.08,0.9354,2,1,-1
725,103,503.86,394.76,38.14,78.33,0.9048,2,1,-1
725,106,291.53,446.57,42.57,97.59,0.9259,2,2,-1
725,108,40.77,629.92,80.77,133.26,0.9080,2,1,-1
725,109,1240.71,455.26,30.98,86.69,0.8625,2,1,-1
725,110,1022.61,401.06,29.56,84.11,0.9111,2,2,-1
725,0,568.75,458.07,13.63,13.15,1.0,0,-1,-1
726,2,1033.96,468.72,36.02,101.15,0.9198,2,2,-1
726,3,1563.08,505.08,35.72,93.28,0.9161,2,2,-1
726,11,1135.26,429.13,20.73,52.90,0.8427,2,1,-1
726,19,1052.58,383.71,28.44,68.95,0.8907,2,2,-1
726,36,980.19,563.20,59.06,111.99,0.9356,2,2,-1
726,38,691.18,345.97,41.73,67.53,0.9084,2,2,-1
726,53,1398.45,455.61,41.03,92.15,0.9265,2,2,-1
726,59,582.79,311.71,28.49,62.19,0.8526,2,1,-1
726,73,743.91,494.72,40.17,102.19,0.7888,2,1,-1
726,76,613.82,418.81,36.63,84.76,0.9145,2,2,-1
726,88,1364.30,422.68,40.20,96.10,0.9153,2,1,-1
726,92,1244.25,396.40,27.40,78.04,0.8966,2,2,-1
726,96,1194.78,489.83,39.13,99.18,0.9218,2,1,-1
726,97,1540.46,692.54,74.99,126.62,0.9398,2,1,-1
726,103,503.67,395.14,36.22,76.86,0.9014,2,1,-1
726,106,286.25,446.41,40.39,97.03,0.9169,2,2,-1
726,108,35.80,630.11,82.94,135.26,0.9068,2,1,-1
726,109,1229.03,453.97,31.52,84.92,0.8914,2,1,-1
726,110,1014.58,399.98,27.78,83.21,0.9097,2,2,-1
726,0,568.49,457.78,13.98,13.05,1.0,0,-1,-1
727,2,1025.49,469.36,35.97,100.49,0.9135,2,2,-1
727,3,1556.74,504.13,33.95,94.14,0.9161,2,2,-1
727,7,694.79,378.49,39.72,76.97,0.9054,3,0,-1
727,11,1126.70,430.27,19.78,51.87,0.8246,2,1,-1
727,19,1046.33,384.13,28.13,68.35,0.8957,2,2,-1
727,36,975.81,564.05,57.65,111.43,0.9360,2,2,-1
727,53,1392.03,454.78,42.44,92.81,0.9176,2,2,-1
727,59,576.59,312.05,26.04,61.19,0.8695,2,1,-1
727,73,731.90,491.94,36.16,101.99,0.8534,2,1,-1
727,76,609.88,416.77,37.00,85.97,0.9201,2,2,-1
727,88,1359.89,421.95,39.11,96.13,0.9158,2,1,-1
727,92,1240.47,396.78,27.30,79.29,0.8989,2,2,-1
727,96,1187.94,489.93,38.31,99.43,0.9047,2,1,-1
727,97,1529.50,691.15,73.25,129.04,0.9409,2,1,-1
727,103,506.02,395.52,30.71,75.10,0.8730,2,1,-1
727,106,280.15,446.74,43.81,98.51,0.9380,2,2,-1
727,108,30.98,629.93,76.10,135.97,0.9195,2,1,-1
727,109,1218.51,454.00,30.35,85.38,0.8783,2,1,-1
727,110,1005.46,398.96,27.79,86.13,0.9061,2,2,-1
727,0,568.38,457.60,13.67,12.68,1.0,0,-1,-1
728,2,1017.70,470.36,35.53,99.43,0.9203,2,2,-1
728,3,1550.25,503.00,33.53,95.32,0.9194,2,2,-1
728,19,1038.99,383.92,28.67,68.93,0.8901,2,2,-1
728,36,968.35,564.62,58.45,111.23,0.9389,2,2,-1
728,38,674.63,349.61,43.47,62.70,0.9041,2,2,-1
728,53,1386.79,454.87,42.74,90.53,0.9286,2,2,-1
728,59,570.57,314.36,23.81,59.36,0.8607,2,1,-1
728,63,1117.79,402.32,20.78,52.12,0.8245,2,1,-1
728,73,719.88,491.70,33.72,106.08,0.9029,2,1,-1
728,76,604.98,415.01,38.71,86.46,0.9150,2,2,-1
728,88,1354.48,421.53,38.82,95.70,0.9151,2,1,-1
728,92,1235.75,397.70,27.69,83.83,0.9033,2,2,-1
728,96,1180.54,490.76,37.61,99.25,0.9059,2,1,-1
728,97,1518.77,686.73,75.05,132.20,0.9305,2,1,-1
728,103,506.34,395.04,30.33,77.24,0.8910,2,1,-1
728,106,274.21,447.92,46.26,97.92,0.9297,2,2,-1
728,108,26.15,629.04,71.71,133.26,0.9240,2,1,-1
728,109,1209.79,454.94,30.15,87.11,0.8957,2,1,-1
728,110,997.67,398.76,27.18,85.68,0.9154,2,2,-1
728,0,568.22,457.11,13.72,13.94,1.0,0,-1,-1
729,2,1007.53,470.61,37.44,99.11,0.9186,2,2,-1
729,3,1542.70,503.08,33.15,95.31,0.9170,2,2,-1
729,11,1109.29,428.32,20.04,55.39,0.8549,2,1,-1
729,19,1031.26,384.13,29.81,68.63,0.8903,2,2,-1
729,36,958.63,564.57,61.06,113.30,0.9288,2,2,-1
729,38,664.69,350.58,46.39,66.18,0.8836,2,2,-1
729,53,1383.44,454.61,40.58,86.95,0.9240,2,2,-1
729,59,563.23,315.09,22.78,58.69,0.8559,2,1,-1
729,73,706.80,491.64,33.55,106.17,0.9063,2,1,-1
729,76,599.37,412.41,40.40,81.56,0.9108,2,2,-1
729,88,1348.45,421.31,39.17,96.28,0.9192,2,1,-1
729,92,1231.32,398.92,26.09,83.06,0.9109,2,2,-1
729,96,1173.60,491.26,38.12,98.67,0.9107,2,1,-1
729,97,1506.58,682.29,76.41,135.42,0.9329,2,1,-1
729,103,499.93,394.40,35.62,78.62,0.9120,2,1,-1
729,106,267.48,449.56,46.86,97.62,0.9400,2,2,-1
729,108,13.01,626.51,71.80,137.23,0.9238,2,1,-1
729,109,1200.90,454.30,29.69,86.62,0.8921,2,1,-1
729,110,989.28,399.22,26.72,83.22,0.9104,2,2,-1
729,0,567.28,457.50,13.60,12.63,1.0,0,-1,-1
730,2,998.60,469.85,37.98,99.78,0.9130,2,2,-1
730,3,1535.62,504.06,33.50,93.89,0.9174,2,2,-1
730,7,657.23,374.54,41.89,78.74,0.8233,3,0,-1
730,11,1101.27,428.25,19.50,54.98,0.8383,2,1,-1
730,19,1024.24,384.58,30.21,67.80,0.8996,2,2,-1
730,36,953.91,563.87,57.37,113.58,0.9375,2,2,-1
730,53,1378.87,454.12,40.02,87.74,0.9109,2,2,-1
730,59,557.65,320.76,21.18,53.31,0.7893,2,1,-1
730,73,692.15,492.34,36.40,106.78,0.9201,2,1,-1
730,76,597.22,410.73,39.43,77.51,0.9019,2,2,-1
730,88,1340.99,421.78,42.68,96.15,0.9100,2,1,-1
730,92,1227.44,399.32,26.01,83.80,0.9189,2,2,-1
730,97,1494.12,679.49,78.75,138.03,0.9156,2,1,-1
730,103,492.42,393.32,44.22,79.01,0.9258,2,1,-1
730,106,261.43,451.63,43.02,95.10,0.9240,2,2,-1
730,108,1.93,624.35,77.28,138.47,0.9256,2,1,-1
730,109,1191.09,453.10,28.72,86.34,0.9060,2,1,-1
730,110,980.00,399.36,27.13,81.59,0.9118,2,2,-1
730,0,564.87,455.58,13.16,13.69,1.0,0,-1,-1
731,2,989.52,469.66,38.69,99.64,0.9148,2,2,-1
731,3,1528.27,504.55,35.35,92.27,0.9262,2,2,-1
731,7,646.91,382.28,37.38,70.58,0.8502,3,0,-1
731,11,1091.41,425.54,20.57,57.91,0.8032,2,1,-1
731,19,1016.63,384.68,30.46,67.65,0.8928,2,2,-1
731,36,952.71,563.30,50.82,113.17,0.9354,2,2,-1
731,53,1373.80,453.43,39.00,88.66,0.9216,2,2,-1
731,59,549.14,314.84,23.88,60.07,0.8181,2,1,-1
731,73,679.17,493.16,38.96,106.80,0.9127,2,1,-1
731,76,593.60,409.82,38.43,82.97,0.9243,2,2,-1
731,88,1333.94,422.24,45.25,96.43,0.9308,2,1,-1
731,92,1224.60,398.94,26.60,81.49,0.9102,2,2,-1
731,97,1481.84,677.93,80.99,138.11,0.9125,2,1,-1
731,103,488.35,393.62,48.45,77.79,0.9194,2,1,-1
731,106,255.81,452.21,39.96,94.61,0.9282,2,2,-1
731,108,-1.20,624.35,71.70,138.12,0.9216,2,1,-1
731,109,1181.57,450.84,28.08,87.98,0.8967,2,1,-1
731,110,970.35,399.00,28.37,81.76,0.9069,2,2,-1
731,0,562.83,455.91,12.93,12.52,1.0,0,-1,-1
732,2,981.91,469.28,38.66,99.83,0.9194,2,2,-1
732,3,1519.75,505.16,37.38,91.24,0.9264,2,2,-1
732,7,636.36,380.02,35.45,72.69,0.8981,3,0,-1
732,19,1009.38,385.19,30.60,66.95,0.8992,2,2,-1
732,36,950.46,562.87,49.28,114.10,0.9326,2,2,-1
732,53,1367.50,451.29,39.74,91.14,0.9235,2,2,-1
732,59,541.37,315.00,25.19,59.79,0.8599,2,1,-1
732,73,658.63,494.53,48.12,106.55,0.9215,2,1,-1
732,76,591.25,408.93,35.57,86.13,0.9142,2,2,-1
732,81,1080.13,410.07,22.75,76.01,0.8135,2,2,-1
732,88,1328.52,422.64,47.37,95.01,0.9054,2,1,-1
732,92,1218.75,397.77,30.28,82.85,0.9151,2,2,-1
732,96,1146.24,491.22,39.05,99.62,0.9070,2,1,-1
732,97,1468.12,677.03,80.99,136.43,0.9302,2,1,-1
732,103,487.32,394.02,46.30,75.70,0.8150,2,1,-1
732,106,252.40,452.49,37.21,93.43,0.9243,2,2,-1
732,108,-1.02,625.81,66.59,135.94,0.9093,2,1,-1
732,110,961.15,398.63,29.39,82.65,0.9090,2,2,-1
732,0,560.64,455.97,12.69,12.01,1.0,0,-1,-1
733,2,971.81,468.67,41.55,101.24,0.9190,2,2,-1
733,3,1511.25,504.85,38.23,92.57,0.9225,2,2,-1
733,7,625.68,379.19,34.73,74.33,0.9109,3,0,-1
733,19,1002.79,386.66,30.15,65.98,0.9004,2,2,-1
733,36,945.16,562.17,49.39,115.07,0.9329,2,2,-1
733,52,650.18,346.25,33.25,60.17,0.9037,2,2,-1
733,53,1361.22,450.02,40.14,91.80,0.9174,2,2,-1
733,59,532.70,312.65,28.60,62.14,0.9012,2,1,-1
733,73,644.36,496.05,53.19,105.87,0.9276,2,1,-1
733,76,587.44,408.28,34.51,86.19,0.9037,2,2,-1
733,81,1071.93,417.20,21.60,69.79,0.7346,2,2,-1
733,88,1320.89,421.73,49.06,97.35,0.9155,2,1,-1
733,92,1210.79,397.32,35.62,84.41,0.9106,2,2,-1
733,96,1136.36,491.49,37.48,99.22,0.9110,2,1,-1
733,97,1456.17,677.57,77.67,128.92,0.9253,2,1,-1
733,103,491.41,394.66,42.92,75.80,0.8454,2,1,-1
733,106,249.33,451.74,36.70,95.94,0.9267,2,2,-1
733,108,-1.72,626.70,59.32,132.41,0.9036,2,1,-1
733,109,1161.91,448.14,27.45,81.63,0.8564,2,1,-1
733,110,952.78,398.14,30.60,82.51,0.9136,2,2,-1
733,0,558.46,455.74,12.94,13.77,1.0,0,-1,-1
734,2,965.17,468.63,41.52,100.93,0.9177,2,2,-1
734,3,1504.56,503.87,38.46,93.44,0.9268,2,2,-1
734,7,614.99,379.02,35.30,75.18,0.9186,3,0,-1
734,19,996.12,387.76,30.21,65.08,0.9082,2,2,-1
734,36,940.85,562.55,51.04,115.61,0.9351,2,2,-1
734,52,645.46,346.84,32.37,64.05,0.9057,2,2,-1
734,53,1356.86,448.63,40.71,94.97,0.9224,2,2,-1
734,59,527.08,315.13,29.71,58.79,0.8980,2,1,-1
734,73,633.58,497.16,55.51,106.09,0.9275,2,1,-1
734,76,580.95,406.58,35.40,82.51,0.9111,2,2,-1
734,81,1062.11,413.01,23.65,74.84,0.8518,2,2,-1
734,88,1315.53,420.96,48.97,95.60,0.9130,2,1,-1
734,92,1206.36,397.46,36.56,85.28,0.9173,2,2,-1
734,96,1127.90,490.69,39.05,100.82,0.8940,2,1,-1
734,97,1444.09,678.24,68.32,126.91,0.9375,2,1,-1
734,103,497.07,394.47,37.90,74.85,0.8613,2,1,-1
734,105,0.33,627.92,46.22,70.63,0.8371,2,1,-1
734,106,243.54,451.33,36.03,97.10,0.9284,2,2,-1
734,109,1151.85,447.98,27.50,76.29,0.8763,2,1,-1
734,110,945.22,395.97,31.62,84.63,0.9083,2,2,-1
734,0,555.77,455.02,13.49,13.60,1.0,0,-1,-1
735,2,957.36,469.29,42.15,100.29,0.9184,2,2,-1
735,3,1498.18,503.19,38.83,93.90,0.9255,2,2,-1
735,7,604.53,378.49,36.06,76.11,0.9003,3,0,-1
735,11,1054.78,435.44,22.37,54.28,0.8276,2,1,-1
735,19,990.49,388.14,31.25,65.25,0.9171,2,2,-1
735,36,935.71,562.18,52.23,116.24,0.9303,2,2,-1
735,52,639.21,347.28,31.39,62.36,0.9030,2,2,-1
735,53,1352.58,448.44,39.69,91.32,0.9144,2,2,-1
735,59,518.13,315.89,33.13,58.82,0.8939,2,1,-1
735,73,623.75,498.00,56.24,106.24,0.9318,2,1,-1
735,76,573.06,404.98,42.20,89.61,0.9137,2,2,-1
735,88,1310.54,420.74,48.98,95.66,0.9190,2,1,-1
735,92,1205.43,397.96,34.28,85.79,0.9171,2,2,-1
735,96,1120.15,490.66,41.75,101.71,0.9071,2,1,-1
735,97,1432.89,678.29,61.45,126.29,0.9327,2,1,-1
735,103,498.32,394.10,37.44,75.20,0.8135,2,1,-1
735,106,236.94,451.33,37.93,98.79,0.9317,2,2,-1
735,110,937.87,395.24,31.91,85.09,0.9042,2,2,-1
735,0,554.27,454.41,12.64,13.41,1.0,0,-1,-1
736,2,947.91,469.53,44.64,100.80,0.9231,2,2,-1
736,3,1492.17,502.32,39.03,94.79,0.9264,2,2,-1
736,11,1045.98,436.75,23.70,56.34,0.8518,2,1,-1
736,19,983.08,387.95,32.87,65.73,0.9063,2,2,-1
736,36,930.84,563.26,52.56,115.34,0.9281,2,2,-1
736,52,632.86,347.68,31.16,63.76,0.8928,2,2,-1
736,53,1349.58,448.35,38.32,86.54,0.9258,2,2,-1
736,59,510.81,313.89,33.91,59.72,0.8847,2,1,-1
736,73,614.16,498.24,55.39,107.13,0.9277,2,1,-1
736,76,573.48,405.25,40.83,81.16,0.8951,2,2,-1
736,88,1304.78,421.18,50.89,95.90,0.9180,2,1,-1
736,92,1201.86,399.00,32.85,84.22,0.9131,2,2,-1
736,96,1112.87,491.75,42.13,100.20,0.8900,2,1,-1
736,97,1421.46,676.04,58.68,130.93,0.9354,2,1,-1
736,103,491.26,392.36,45.63,76.64,0.9129,2,1,-1
736,106,228.08,452.05,46.27,98.61,0.9326,2,2,-1
736,110,930.66,395.47,32.20,83.87,0.9134,2,2,-1
736,0,552.74,454.41,12.36,13.31,1.0,0,-1,-1
737,2,938.93,469.87,47.76,100.03,0.9233,2,2,-1
737,3,1485.80,502.46,40.44,94.92,0.9283,2,2,-1
737,7,583.69,378.90,37.26,72.31,0.8851,3,0,-1
737,11,1037.70,437.38,23.38,55.83,0.8186,2,1,-1
737,19,976.00,387.61,34.32,66.69,0.9144,2,2,-1
737,36,925.29,563.68,53.74,115.94,0.9282,2,2,-1
737,52,623.93,347.48,34.00,65.08,0.8956,2,2,-1
737,53,1346.01,448.34,37.12,86.36,0.9255,2,2,-1
737,59,502.42,312.88,34.31,62.56,0.8786,2,1,-1
737,73,603.32,498.43,52.87,108.25,0.9196,2,1,-1
737,88,1298.74,422.11,50.77,94.83,0.9062,2,1,-1
737,92,1199.93,399.53,30.94,84.96,0.9085,2,2,-1
737,96,1103.97,491.32,43.56,100.46,0.9094,2,1,-1
737,97,1410.54,673.07,61.71,132.66,0.9371,2,1,-1
737,103,489.59,391.61,50.80,78.81,0.9011,2,1,-1
737,106,217.95,452.16,52.92,99.21,0.9288,2,2,-1
737,109,1125.72,448.72,26.59,67.57,0.8774,2,1,-1
737,110,921.75,395.35,32.98,84.53,0.9029,2,2,-1
737,0,550.88,455.52,12.40,12.69,1.0,0,-1,-1
738,2,930.55,470.09,50.23,100.49,0.9291,2,2,-1
738,3,1479.64,502.91,41.05,94.18,0.9223,2,2,-1
738,19,970.40,387.29,34.96,66.75,0.9102,2,2,-1
738,36,920.66,566.07,55.26,113.95,0.9305,2,2,-1
738,52,614.70,346.03,39.55,67.65,0.9181,2,2,-1
738,53,1342.24,447.61,35.98,87.15,0.9139,2,2,-1
738,59,492.71,313.97,35.03,62.28,0.8873,2,1,-1
738,73,593.27,498.10,49.00,108.36,0.9227,2,1,-1
738,76,570.60,404.29,37.42,82.37,0.8481,2,2,-1
738,81,1028.06,410.94,25.19,82.65,0.8584,2,2,-1
738,88,1293.73,423.45,47.56,94.19,0.9161,2,1,-1
738,92,1200.18,399.53,29.33,83.94,0.9079,2,2,-1
738,96,1096.50,492.35,41.42,98.83,0.9213,2,1,-1
738,97,1397.75,669.41,65.57,135.93,0.9380,2,1,-1
738,103,498.74,390.83,44.58,68.86,0.8151,2,1,-1
738,106,208.22,453.55,53.01,98.54,0.9349,2,2,-1
738,109,1116.68,447.39,28.05,67.63,0.8746,2,1,-1
738,110,914.74,395.39,31.96,82.83,0.9077,2,2,-1
738,0,547.88,454.95,12.63,12.78,1.0,0,-1,-1
739,2,922.91,470.17,52.51,100.69,0.9219,2,2,-1
739,3,1474.41,502.95,40.76,93.98,0.9228,2,2,-1
739,19,965.43,387.09,34.13,66.84,0.9024,2,2,-1
739,36,914.29,566.55,57.57,114.45,0.9277,2,2,-1
739,52,608.08,344.72,43.29,68.81,0.9225,2,2,-1
739,53,1338.40,445.62,37.27,89.78,0.9221,2,2,-1
739,59,487.92,314.55,33.00,60.23,0.8728,2,1,-1
739,73,581.89,498.15,45.25,109.78,0.9166,2,1,-1
739,76,565.10,400.64,35.92,87.06,0.8925,2,2,-1
739,81,1019.59,412.16,25.14,81.51,0.8707,2,2,-1
739,83,503.42,390.44,29.18,71.98,0.8043,2,1,-1
739,88,1289.80,425.39,45.90,92.39,0.9211,2,1,-1
739,92,1197.88,399.21,31.47,84.67,0.9188,2,2,-1
739,96,1089.67,493.88,39.54,97.98,0.9043,2,1,-1
739,97,1384.29,667.60,68.86,136.74,0.9455,2,1,-1
739,106,200.26,454.98,49.69,97.13,0.9355,2,2,-1
739,109,1108.17,445.50,29.46,68.27,0.8900,2,1,-1
739,110,906.48,394.41,30.92,82.69,0.9146,2,2,-1
739,0,545.42,454.09,13.72,14.55,1.0,0,-1,-1
740,2,915.24,470.69,53.96,101.09,0.9276,2,2,-1
740,3,1469.46,502.78,39.68,93.17,0.9267,2,2,-1
740,19,961.31,386.47,31.80,67.57,0.9027,2,2,-1
740,36,909.12,566.76,57.40,113.49,0.9283,2,2,-1
740,52,600.59,343.84,46.40,68.22,0.9270,2,2,-1
740,53,1334.27,442.95,39.88,92.99,0.9179,2,2,-1
740,59,482.59,311.19,31.74,62.70,0.8507,2,1,-1
740,73,570.19,497.91,40.49,109.79,0.9067,2,1,-1
740,76,560.32,398.57,34.93,87.64,0.9114,2,2,-1
740,81,1011.00,411.99,24.82,81.55,0.8770,2,2,-1
740,88,1286.64,427.61,42.29,90.58,0.9253,2,1,-1
740,92,1191.94,398.13,35.62,86.66,0.9212,2,2,-1
740,96,1082.88,493.10,39.35,99.03,0.9087,2,1,-1
740,97,1369.37,666.76,75.14,134.81,0.9514,2,1,-1
740,103,489.71,389.29,45.90,79.46,0.9028,2,1,-1
740,106,193.10,454.88,47.17,97.56,0.9336,2,2,-1
740,109,1099.42,444.36,30.50,68.48,0.8957,2,1,-1
740,110,900.02,393.11,29.65,83.59,0.9029,2,2,-1
740,0,542.80,453.17,13.16,14.24,1.0,0,-1,-1
741,2,909.12,470.78,52.09,101.83,0.9184,2,2,-1
741,3,1464.74,501.48,38.32,92.99,0.9131,2,2,-1
741,19,956.59,386.14,30.93,68.29,0.8934,2,2,-1
741,36,903.21,566.93,57.75,113.60,0.9299,2,2,-1
741,52,596.97,343.30,47.88,66.71,0.9105,2,2,-1
741,53,1329.23,440.21,41.71,93.41,0.9055,2,2,-1
741,59,478.14,310.79,28.86,63.90,0.8540,2,1,-1
741,73,557.82,498.36,39.55,108.78,0.9193,2,1,-1
741,76,554.74,396.33,37.32,88.29,0.9066,2,2,-1
741,81,1002.79,411.52,25.15,81.78,0.8397,2,2,-1
741,88,1283.56,429.22,40.96,87.25,0.9117,2,1,-1
741,92,1186.23,398.13,38.29,87.31,0.9171,2,2,-1
741,96,1076.40,493.93,38.48,98.27,0.8782,2,1,-1
741,97,1355.77,666.18,76.86,133.15,0.9420,2,1,-1
741,103,483.31,389.52,54.23,75.67,0.9197,2,1,-1
741,106,188.59,454.81,43.61,97.18,0.9324,2,2,-1
741,109,1090.76,443.52,31.12,68.07,0.8844,2,1,-1
741,110,892.18,392.38,28.91,83.64,0.9117,2,2,-1
741,113,1873.35,402.22,37.92,69.23,0.9018,2,-1,-1
741,0,540.76,451.53,13.41,15.13,1.0,0,-1,-1
742,2,901.01,470.31,54.32,102.18,0.9219,2,2,-1
742,3,1459.68,499.75,36.15,94.24,0.9212,2,2,-1
742,19,950.19,385.66,31.99,69.19,0.9003,2,2,-1
742,36,897.76,566.98,59.24,113.78,0.9197,2,2,-1
742,52,605.98,343.05,40.42,65.89,0.8414,2,2,-1
742,53,1322.33,438.56,45.78,95.62,0.9189,2,2,-1
742,59,476.03,328.10,20.28,46.00,0.8250,2,1,-1
742,73,547.43,499.08,38.53,109.19,0.9222,2,1,-1
742,76,549.00,395.82,38.92,79.22,0.9007,2,2,-1
742,81,994.39,409.86,25.42,84.89,0.8735,2,2,-1
742,88,1277.20,429.11,43.19,88.00,0.9151,2,1,-1
742,92,1182.57,398.66,38.10,87.74,0.9193,2,2,-1
742,96,1069.87,493.33,38.61,99.48,0.8967,2,1,-1
742,97,1343.27,667.29,74.01,128.34,0.9252,2,1,-1
742,103,480.10,391.28,54.11,71.40,0.7719,2,1,-1
742,106,184.98,453.96,40.14,98.18,0.9349,2,2,-1
742,109,1082.53,443.41,31.63,69.10,0.8746,2,1,-1
742,110,885.29,391.99,28.55,84.52,0.9034,2,2,-1
742,113,1865.76,402.20,36.79,68.95,0.8969,2,-1,-1
742,0,594.69,386.12,23.05,17.61,1.0,0,-1,-1
743,2,893.99,469.71,53.38,101.10,0.9229,2,2,-1
743,3,1455.45,498.04,34.19,94.06,0.9216,2,2,-1
743,7,515.02,372.45,32.83,62.92,0.7904,3,0,-1
743,19,945.30,386.01,31.90,68.21,0.9077,2,2,-1
743,36,892.55,566.65,59.00,114.09,0.9317,2,2,-1
743,52,597.58,343.22,39.96,66.03,0.8506,2,2,-1
743,53,1318.04,436.87,47.38,95.34,0.9231,2,2,-1
743,59,471.09,329.29,18.51,45.99,0.8504,2,1,-1
743,73,531.97,499.27,41.61,106.44,0.9221,2,1,-1
743,76,541.60,394.93,43.32,79.54,0.9028,2,2,-1
743,81,986.52,407.90,25.30,87.39,0.8678,2,2,-1
743,88,1270.89,427.75,46.93,89.99,0.9212,2,1,-1
743,92,1182.43,398.66,33.21,87.50,0.9110,2,2,-1
743,96,1062.84,493.97,38.77,98.73,0.9042,2,1,-1
743,97,1329.22,667.66,70.48,128.39,0.9299,2,1,-1
743,106,179.11,453.42,40.42,98.90,0.9268,2,2,-1
743,109,1075.08,444.35,31.27,67.28,0.8952,2,1,-1
743,110,879.10,392.25,27.59,83.23,0.9141,2,2,-1
743,113,1858.87,403.73,35.44,68.41,0.8900,2,-1,-1
744,2,887.51,468.81,53.39,102.85,0.9244,2,2,-1
744,3,1451.08,496.92,33.49,96.11,0.9218,2,2,-1
744,19,939.99,386.39,33.09,67.82,0.8982,2,2,-1
744,36,888.44,566.75,56.58,112.98,0.9330,2,2,-1
744,38,500.67,371.75,35.57,49.17,0.8380,2,2,-1
744,52,601.86,342.66,34.98,66.51,0.8488,2,2,-1
744,53,1313.57,436.79,48.62,90.56,0.9259,2,2,-1
744,59,464.80,326.11,19.72,48.92,0.8145,2,1,-1
744,63,979.54,407.01,24.29,55.93,0.8227,2,1,-1
744,73,521.61,500.41,41.72,108.94,0.9319,2,1,-1
744,76,538.43,394.95,48.87,79.49,0.9166,2,2,-1
744,88,1266.61,426.90,49.82,88.75,0.9249,2,1,-1
744,92,1180.98,397.65,30.03,87.96,0.9093,2,2,-1
744,96,1057.33,493.72,38.68,99.00,0.9009,2,1,-1
744,97,1315.36,667.62,66.03,129.43,0.9316,2,1,-1
744,106,171.11,452.61,41.69,101.31,0.9338,2,2,-1
744,110,873.05,393.12,27.15,81.17,0.9113,2,2,-1
744,113,1851.07,402.35,36.43,70.23,0.7623,1,3,-1
745,2,881.89,467.76,52.95,104.17,0.9297,2,2,-1
745,3,1445.68,496.64,33.41,96.73,0.9236,2,2,-1
745,19,936.26,386.94,34.82,65.95,0.8959,2,2,-1
745,36,886.96,566.91,52.86,112.64,0.9336,2,2,-1
745,38,484.88,372.49,40.81,75.28,0.8708,2,2,-1
745,52,594.59,341.15,37.31,68.33,0.8920,2,2,-1
745,53,1308.00,436.94,51.27,88.65,0.9210,2,2,-1
745,59,460.11,326.97,20.75,47.76,0.8445,2,1,-1
745,73,507.51,501.18,44.60,108.99,0.9254,2,1,-1
745,76,535.78,394.20,55.76,78.44,0.9188,2,2,-1
745,81,970.78,406.06,25.56,88.88,0.8560,2,2,-1
745,88,1261.11,425.91,54.58,91.06,0.9137,2,1,-1
745,92,1177.96,396.77,30.16,87.61,0.9092,2,2,-1
745,96,1050.75,492.78,38.22,100.78,0.9085,2,1,-1
745,97,1301.04,665.86,55.02,131.02,0.9349,2,1,-1
745,106,161.85,452.02,42.42,101.56,0.9383,2,2,-1
745,110,866.47,394.18,27.60,79.49,0.9171,2,2,-1
745,113,1845.41,401.66,35.63,70.80,0.9072,1,3,-1
745,0,529.28,447.74,14.98,18.30,1.0,0,-1,-1
746,2,875.98,466.85,51.25,105.83,0.9205,2,2,-1
746,3,1438.99,497.07,34.39,95.14,0.9245,2,2,-1
746,19,931.54,388.75,35.75,62.95,0.8922,2,2,-1
746,36,883.53,566.99,49.69,113.45,0.9285,2,2,-1
746,38,471.33,372.02,38.94,77.49,0.9032,2,2,-1
746,52,590.22,338.43,38.68,70.62,0.9100,2,2,-1
746,53,1302.96,438.21,55.65,88.09,0.9291,2,2,-1
746,59,453.52,330.83,22.36,44.13,0.8146,2,1,-1
746,73,497.31,501.13,44.36,110.67,0.9258,2,1,-1
746,76,530.43,392.92,55.28,76.79,0.8784,2,2,-1
746,81,963.39,406.13,25.39,90.38,0.8771,2,2,-1
746,92,1175.07,396.27,31.57,88.33,0.9155,2,2,-1
746,96,1044.84,493.49,37.46,99.88,0.9098,2,1,-1
746,97,1288.54,662.09,56.13,134.86,0.9417,2,1,-1
746,106,152.61,452.26,42.84,101.26,0.9274,2,2,-1
746,109,1052.16,440.45,31.05,70.97,0.8796,2,1,-1
746,110,858.45,395.19,28.80,78.63,0.9169,2,2,-1
746,113,1839.69,400.58,35.50,71.98,0.8571,1,3,-1
747,2,869.13,466.63,50.15,104.15,0.9283,2,2,-1
747,3,1430.34,497.95,37.65,93.08,0.9213,2,2,-1
747,19,924.59,389.44,35.75,61.14,0.8906,2,2,-1
747,36,879.56,566.11,47.11,114.55,0.9366,2,2,-1
747,38,457.11,372.42,40.12,76.33,0.9117,2,2,-1
747,52,583.56,335.59,41.10,73.03,0.9095,2,2,-1
747,53,1298.62,439.40,57.98,86.61,0.9251,2,2,-1
747,59,442.78,317.44,30.10,56.84,0.8641,2,1,-1
747,73,483.47,501.26,46.04,111.28,0.9304,2,1,-1
747,76,526.29,391.80,55.44,79.52,0.9226,2,2,-1
747,81,953.69,406.97,26.38,89.77,0.8729,2,2,-1
747,88,1261.05,426.64,46.42,87.39,0.8176,2,1,-1
747,92,1173.55,400.07,30.93,83.79,0.8836,2,2,-1
747,96,1038.49,492.69,37.22,99.53,0.9030,2,1,-1
747,97,1273.85,658.26,59.68,138.18,0.9288,2,1,-1
747,106,142.53,452.59,46.21,101.77,0.9327,2,2,-1
747,109,1045.72,439.19,30.00,71.28,0.8941,2,1,-1
747,110,849.60,395.74,29.94,77.93,0.9142,2,2,-1
747,113,1832.12,399.39,36.00,72.24,0.8995,1,3,-1
748,2,861.56,466.33,49.41,104.95,0.9200,2,2,-1
748,3,1421.09,497.85,40.19,92.17,0.9269,2,2,-1
748,19,918.18,389.57,34.24,60.86,0.8856,2,2,-1
748,36,873.89,566.01,45.50,115.70,0.9273,2,2,-1
748,38,442.77,371.38,42.67,77.92,0.9278,2,2,-1
748,52,577.30,333.42,43.70,73.54,0.9112,2,2,-1
748,53,1294.13,440.54,57.23,85.79,0.9173,2,2,-1
748,59,434.03,317.16,32.55,57.67,0.8195,2,1,-1
748,73,471.14,501.37,45.51,110.69,0.9231,2,1,-1
748,76,520.49,391.01,58.78,84.86,0.9233,2,2,-1
748,81,943.30,408.03,27.52,90.51,0.8831,2,-1,-1
748,92,1166.33,397.00,36.12,87.61,0.9135,2,2,-1
748,96,1029.85,491.80,37.88,101.85,0.9083,2,1,-1
748,97,1259.33,656.11,64.92,141.66,0.9241,2,1,-1
748,106,130.40,453.09,52.59,102.03,0.9377,2,2,-1
748,110,841.58,396.02,29.33,78.08,0.9173,2,2,-1
748,113,1823.49,397.51,37.03,74.20,0.8389,1,3,-1
748,114,493.17,391.70,33.83,72.24,0.8856,2,-1,-1
749,2,855.47,466.46,49.11,104.70,0.9239,2,2,-1
749,3,1413.31,497.65,41.65,92.07,0.9171,2,2,-1
749,19,912.47,390.46,32.58,59.89,0.8955,2,2,-1
749,36,868.08,566.71,46.27,115.66,0.9358,2,2,-1
749,38,431.08,369.25,45.66,81.10,0.9307,2,2,-1
749,52,571.07,332.64,48.21,73.55,0.9236,2,2,-1
749,53,1289.71,441.57,53.51,82.13,0.9067,2,2,-1
749,59,424.41,316.85,33.68,58.42,0.8890,2,1,-1
749,73,459.35,501.83,44.70,111.00,0.9220,2,1,-1
749,76,516.39,390.16,56.55,83.50,0.9111,2,2,-1
749,92,1160.41,398.72,39.32,87.14,0.9149,2,2,-1
749,96,1023.63,492.72,37.01,99.55,0.9131,2,1,-1
749,97,1242.86,654.38,72.63,142.94,0.9407,2,1,-1
749,106,118.95,454.28,55.73,101.59,0.9364,2,2,-1
749,110,833.29,397.31,30.79,76.84,0.9125,2,2,-1
749,113,1815.13,398.39,36.23,73.03,0.5068,1,3,-1
749,114,483.81,391.67,38.89,73.02,0.8813,2,-1,-1
749,0,668.72,401.72,30.66,18.41,1.0,0,-1,-1
750,2,847.74,467.01,48.60,105.48,0.9204,2,2,-1
750,3,1405.61,496.37,44.09,95.12,0.9238,2,2,-1
750,19,906.10,390.72,31.94,59.78,0.8852,2,2,-1
750,36,861.53,567.20,51.38,116.11,0.9328,2,2,-1
750,38,418.82,369.27,45.39,80.93,0.9274,2,2,-1
750,52,568.41,333.84,50.24,70.57,0.9142,2,2,-1
750,53,1284.70,440.92,54.27,83.67,0.9116,2,2,-1
750,59,415.95,313.19,33.95,60.62,0.8394,2,1,-1
750,73,447.56,502.54,43.34,112.02,0.9333,2,1,-1
750,76,511.25,389.89,54.84,83.19,0.9144,2,2,-1
750,88,1254.14,427.56,40.90,86.98,0.7500,2,1,-1
750,92,1153.38,401.18,42.24,85.30,0.9247,2,2,-1
750,96,1016.13,491.38,36.99,101.71,0.8963,2,1,-1
750,97,1227.47,655.58,74.61,137.96,0.9316,2,1,-1
750,106,108.29,455.45,56.18,101.77,0.9369,2,2,-1
750,110,824.98,397.62,31.63,76.49,0.9096,2,2,-1
750,113,1807.17,400.65,35.23,70.99,0.6547,1,3,-1
750,0,715.74,388.74,28.83,18.13,1.0,0,-1,-1
