3,1,364.69,592.62,56.59,103.78,0.9044,2,-1,-1
3,2,1084.29,508.62,53.62,99.72,0.9254,2,-1,-1
3,3,1478.23,501.70,44.73,92.53,0.8819,2,-1,-1
3,4,1799.85,614.62,67.21,125.18,0.7086,2,-1,-1
3,5,1185.31,537.08,52.79,100.49,0.8806,2,-1,-1
3,6,1432.11,476.00,43.90,70.34,0.8490,2,-1,-1
3,7,536.21,551.71,71.23,102.52,0.9032,2,-1,-1
3,8,405.85,573.06,54.37,103.28,0.8706,2,-1,-1
3,9,824.30,615.63,51.67,130.40,0.9260,2,-1,-1
3,10,682.00,624.45,55.10,112.86,0.9145,2,-1,-1
3,11,1534.84,453.07,52.32,82.55,0.9042,2,-1,-1
3,12,1489.23,622.42,44.00,119.57,0.9264,2,-1,-1
4,1,384.98,592.75,51.97,104.23,0.9221,2,-1,-1
4,2,1092.35,510.60,46.84,97.93,0.9144,2,-1,-1
4,3,1489.73,500.14,51.49,95.05,0.9115,2,-1,-1
4,4,1814.49,612.03,49.40,86.99,0.8489,2,-1,-1
4,5,1201.62,539.29,52.94,98.17,0.8510,2,-1,-1
4,6,1444.99,471.70,41.54,74.71,0.8447,2,-1,-1
4,7,592.32,554.65,60.58,99.62,0.9140,2,-1,-1
4,8,424.15,572.21,49.28,103.40,0.8854,2,-1,-1
4,9,835.64,618.51,58.97,128.43,0.9406,2,-1,-1
4,10,687.04,624.38,63.58,111.42,0.9343,2,-1,-1
4,11,1554.23,455.18,52.95,81.15,0.8932,2,-1,-1
4,12,1507.27,624.21,47.08,119.28,0.9266,2,-1,-1
4,16,1859.49,523.12,53.87,123.92,0.9163,2,-1,-1
4,0,1862.42,723.97,21.60,17.92,1.0,0,-1,-1
5,1,406.64,592.73,48.70,103.88,0.8512,2,-1,-1
5,2,1103.11,511.03,47.87,97.84,0.9199,2,-1,-1
5,3,1501.13,498.57,58.48,97.99,0.9244,2,-1,-1
5,4,1826.27,610.59,76.70,130.73,0.8703,2,-1,-1
5,5,1214.21,537.19,50.52,100.92,0.8460,2,-1,-1
5,6,1460.40,464.78,40.79,81.56,0.8436,2,-1,-1
5,7,603.27,552.59,62.58,101.54,0.9082,2,-1,-1
5,9,850.71,619.47,63.66,130.55,0.9071,2,-1,-1
5,10,690.52,623.31,73.64,109.87,0.9335,2,-1,-1
5,11,1575.86,453.96,50.60,82.76,0.9028,2,-1,-1
5,12,1525.01,625.81,51.62,119.61,0.9262,2,-1,-1
5,16,1877.36,525.56,45.95,123.33,0.8884,2,-1,-1
5,17,180.90,539.69,61.88,78.12,0.7295,1,-1,-1
5,0,1882.22,722.67,24.81,21.24,1.0,0,-1,-1
6,1,425.47,589.16,47.52,107.21,0.9105,2,-1,-1
6,2,1113.41,509.76,54.49,100.95,0.9290,2,-1,-1
6,3,1507.22,498.07,69.36,99.08,0.9376,2,-1,-1
6,4,1835.03,608.68,83.47,136.06,0.9356,2,-1,-1
6,5,1227.23,536.71,48.07,101.55,0.8979,2,-1,-1
6,6,1477.68,463.03,35.07,72.70,0.8054,2,-1,-1
6,7,615.88,550.97,62.90,99.98,0.9036,2,-1,-1
6,9,863.51,619.70,69.28,130.74,0.9245,2,-1,-1
6,10,689.43,621.71,83.98,109.59,0.9341,2,-1,-1
6,11,1599.71,477.12,38.66,59.57,0.8867,2,-1,-1
6,12,1538.16,627.27,59.82,120.52,0.9271,2,-1,-1
6,16,1895.19,558.32,30.70,93.75,0.7897,2,-1,-1
6,17,196.12,537.08,61.02,80.19,0.8493,1,-1,-1
6,0,783.34,518.10,12.84,12.19,1.0,0,-1,-1
7,1,443.12,586.02,47.13,110.34,0.8879,2,-1,-1
7,2,1122.95,508.86,60.64,102.28,0.9366,2,-1,-1
7,3,1518.80,498.29,68.92,100.09,0.9273,2,-1,-1
7,4,1839.24,609.31,80.87,133.58,0.9323,2,-1,-1
7,5,1241.48,535.94,46.82,102.89,0.9158,2,-1,-1
7,6,1492.23,465.78,36.66,79.32,0.8457,2,-1,-1
7,7,625.09,548.99,62.74,102.68,0.9118,2,-1,-1
7,9,874.68,618.86,72.52,133.56,0.7830,2,-1,-1
7,10,691.51,622.62,88.25,110.16,0.9262,2,-1,-1
7,11,1617.89,468.99,38.90,67.74,0.8610,2,-1,-1
7,12,1555.85,628.12,63.49,122.49,0.9282,2,-1,-1
7,17,212.62,540.35,54.70,75.08,0.8074,1,-1,-1
8,1,461.87,580.98,50.40,114.87,0.8808,2,-1,-1
8,2,1124.92,508.86,71.51,105.75,0.9365,2,-1,-1
8,3,1534.71,505.12,61.56,93.66,0.8848,2,-1,-1
8,4,1849.52,610.57,67.08,133.01,0.9083,2,-1,-1
8,5,1250.62,536.25,50.11,107.91,0.9273,2,-1,-1
8,6,1507.47,459.83,41.66,88.98,0.8898,2,-1,-1
8,7,634.42,547.46,57.40,100.58,0.8842,2,-1,-1
8,9,882.80,618.00,77.35,135.45,0.8870,2,-1,-1
8,10,701.01,623.21,76.93,111.49,0.9346,2,-1,-1
8,11,1633.94,446.22,43.07,89.54,0.8572,2,-1,-1
8,12,1581.10,629.90,59.85,121.82,0.9327,2,-1,-1
8,17,228.66,546.77,49.62,68.29,0.5765,1,-1,-1
9,1,477.67,573.09,49.03,122.26,0.8524,2,2,-1
9,2,1134.90,509.16,72.38,106.23,0.9405,2,1,-1
9,3,1544.19,505.38,54.99,94.26,0.8864,2,2,-1
9,4,1863.54,613.83,61.88,131.63,0.7865,2,1,-1
9,5,1258.29,537.20,55.71,108.76,0.9293,2,1,-1
9,6,1521.49,461.04,38.90,87.32,0.8666,2,1,-1
9,7,614.38,550.51,55.23,98.32,0.8436,2,-1,-1
9,9,895.85,614.97,74.79,139.52,0.8983,3,0,-1
9,10,700.39,625.73,72.35,110.79,0.8450,2,1,-1
9,11,1655.45,449.60,37.19,88.13,0.8625,2,2,-1
9,12,1595.68,630.15,63.58,123.79,0.9242,2,2,-1
9,17,242.95,546.50,49.14,67.76,0.5622,1,-1,-1
10,1,517.31,564.69,33.50,76.93,0.5378,2,2,-1
10,2,1150.28,510.87,67.02,107.33,0.9282,2,1,-1
10,3,1555.47,505.41,45.59,93.73,0.8985,2,2,-1
10,4,1884.26,623.08,40.27,94.78,0.7934,2,1,-1
10,5,1268.56,539.70,54.06,109.24,0.9140,2,1,-1
10,6,1537.60,463.43,35.13,81.96,0.7990,2,1,-1
10,7,627.17,552.93,57.86,95.43,0.8950,2,2,-1
10,9,911.09,609.04,71.38,145.47,0.8669,3,0,-1
10,10,699.78,623.76,68.70,108.04,0.7326,2,1,-1
10,11,1680.44,476.32,28.42,62.40,0.8390,2,2,-1
10,12,1620.54,630.97,56.74,123.83,0.9268,2,2,-1
10,17,255.24,541.59,54.81,72.84,0.8818,1,-1,-1
10,19,1672.60,404.54,32.56,57.01,0.8962,3,-1,-1
11,2,1165.15,512.79,54.70,103.48,0.9201,2,1,-1
11,3,1564.46,504.62,51.82,96.46,0.9094,2,2,-1
11,4,1888.27,615.05,42.11,114.02,0.7203,2,1,-1
11,5,1286.67,542.72,50.03,106.54,0.9146,2,1,-1
11,6,1559.02,463.32,29.04,67.61,0.8195,2,1,-1
11,7,638.64,548.44,62.76,98.57,0.8756,2,2,-1
11,8,517.10,555.67,61.75,133.55,0.8823,2,-1,-1
11,9,929.31,610.45,68.11,140.74,0.5783,3,0,-1
11,10,707.85,620.93,73.06,116.42,0.9024,2,1,-1
11,11,1697.81,474.36,31.82,64.63,0.8059,2,2,-1
11,12,1638.84,630.60,54.01,125.74,0.9215,2,2,-1
11,17,263.70,520.98,68.85,93.98,0.6355,2,-1,-1
11,19,1689.43,402.45,35.06,59.56,0.8274,3,-1,-1
12,2,1174.04,512.61,38.68,77.04,0.8528,2,1,-1
12,3,1578.30,505.70,57.73,96.37,0.9298,2,2,-1
12,4,1901.54,637.76,24.07,79.32,0.7630,2,1,-1
12,5,1300.39,544.98,46.21,105.41,0.9051,2,1,-1
12,6,1574.87,465.28,27.17,62.66,0.8040,2,1,-1
12,7,648.74,550.14,65.25,97.74,0.8965,2,2,-1
12,8,527.83,549.00,57.04,137.30,0.9095,2,-1,-1
12,9,946.92,609.19,64.20,142.10,0.7853,3,0,-1
12,10,709.18,623.29,79.74,112.11,0.9132,2,1,-1
12,11,1711.40,448.40,44.04,91.69,0.8644,2,2,-1
12,12,1656.60,631.53,50.41,125.64,0.9280,2,2,-1
12,17,286.00,548.18,52.95,67.49,0.8688,1,-1,-1
13,2,1176.38,515.17,49.51,102.67,0.9219,2,1,-1
13,3,1587.16,505.79,62.87,96.91,0.9233,2,2,-1
13,5,1311.20,544.09,41.33,105.80,0.9130,2,1,-1
13,6,1589.29,465.82,28.02,57.00,0.8435,2,1,-1
13,7,656.31,547.93,66.38,100.90,0.8989,2,2,-1
13,8,543.09,546.09,58.10,137.35,0.9174,2,-1,-1
13,9,963.40,608.55,60.24,144.56,0.8026,3,0,-1
13,10,706.57,618.13,87.55,113.31,0.9024,2,1,-1
13,11,1729.64,443.97,45.79,96.50,0.8868,2,2,-1
13,12,1674.04,632.38,48.89,127.63,0.9282,2,2,-1
13,17,301.92,549.85,52.23,65.89,0.8660,1,4,-1
14,2,1180.84,503.32,58.39,115.51,0.9307,2,1,-1
14,3,1599.10,505.76,60.89,96.92,0.9272,2,2,-1
14,5,1318.12,540.92,42.25,110.03,0.9227,2,1,-1
14,6,1604.09,465.86,29.73,58.58,0.6061,2,1,-1
14,7,655.45,548.43,65.92,102.51,0.8953,2,2,-1
14,8,561.39,543.11,64.21,109.91,0.8779,2,2,-1
14,9,977.16,609.33,58.26,143.67,0.6203,3,0,-1
14,10,705.95,617.10,88.98,116.12,0.8823,2,1,-1
14,11,1751.04,448.66,46.23,93.39,0.8927,2,2,-1
14,12,1688.24,634.60,53.09,129.38,0.9281,2,2,-1
14,17,313.06,518.84,60.33,96.66,0.8931,1,4,-1
15,2,1186.07,502.20,63.49,113.71,0.9323,2,1,-1
15,3,1608.07,503.61,56.39,100.44,0.9134,2,2,-1
15,5,1325.88,538.57,44.16,112.62,0.9271,2,1,-1
15,7,655.94,545.26,62.78,103.85,0.9127,2,2,-1
15,8,577.03,539.63,67.76,119.25,0.8787,2,2,-1
15,9,989.09,610.95,52.61,146.77,0.8293,3,0,-1
15,10,708.42,617.49,79.00,117.48,0.8700,2,1,-1
15,11,1769.67,454.46,46.10,88.69,0.8988,2,2,-1
15,12,1703.11,637.68,57.65,129.11,0.9257,2,2,-1
15,17,327.70,515.17,57.43,100.92,0.8534,1,4,-1
16,2,1189.66,498.95,64.70,113.63,0.9350,2,1,-1
16,3,1614.99,502.00,49.48,101.99,0.8942,2,2,-1
16,5,1334.13,537.05,49.06,111.61,0.9283,2,1,-1
16,7,661.89,543.63,60.75,104.22,0.8986,2,2,-1
16,8,598.66,599.67,35.37,60.98,0.7417,2,2,-1
16,9,998.25,614.50,52.12,147.71,0.5703,3,0,-1
16,10,712.26,661.42,45.25,73.66,0.8106,2,1,-1
16,11,1785.59,454.09,47.10,89.72,0.8871,2,2,-1
16,12,1715.89,639.64,62.64,129.34,0.9273,2,2,-1
16,17,341.93,512.19,54.83,102.17,0.8398,1,4,-1
16,0,960.04,518.68,12.31,11.66,1.0,0,-1,-1
17,2,1193.98,497.65,63.22,113.46,0.9410,2,1,-1
17,3,1622.77,502.34,42.71,102.00,0.9138,2,2,-1
17,5,1334.95,535.52,59.70,113.74,0.9319,2,1,-1
17,7,672.86,544.85,66.51,103.53,0.8673,2,2,-1
17,8,601.59,524.98,61.81,129.08,0.8443,2,2,-1
17,9,1004.28,618.80,51.89,145.85,0.8622,3,0,-1
17,10,702.77,619.75,60.94,116.17,0.9255,2,1,-1
17,11,1802.52,457.72,42.73,86.57,0.8670,2,2,-1
17,12,1730.37,642.24,66.48,129.49,0.9375,2,2,-1
17,17,355.60,511.33,54.89,102.88,0.6105,1,4,-1
17,0,973.68,518.19,12.61,12.43,1.0,0,-1,-1
18,2,1197.61,496.06,60.34,118.18,0.9306,2,1,-1
18,3,1653.78,458.67,43.54,90.13,0.9175,2,2,-1
18,5,1341.10,535.64,63.73,114.23,0.9309,2,1,-1
18,7,678.56,545.14,63.93,105.88,0.7624,2,2,-1
18,8,619.27,525.37,63.08,130.87,0.8649,2,2,-1
18,9,1011.18,623.73,52.13,144.14,0.5250,3,0,-1
18,10,699.25,617.22,71.64,120.40,0.9277,2,1,-1
18,11,1820.17,455.50,39.98,88.50,0.8585,2,2,-1
18,12,1745.55,643.88,69.51,130.18,0.9365,2,2,-1
18,17,368.63,510.56,55.02,101.77,0.7212,1,4,-1
18,21,0.86,647.11,29.90,143.51,0.9190,2,-1,-1
18,0,987.74,518.31,11.91,11.69,1.0,0,-1,-1
19,1,691.64,543.71,42.05,100.30,0.8667,2,2,-1
19,2,1202.48,495.39,55.23,121.18,0.9323,2,1,-1
19,3,1635.38,499.89,56.22,103.01,0.9152,2,2,-1
19,5,1351.01,536.44,61.62,114.83,0.9361,2,1,-1
19,8,627.00,525.86,49.39,128.12,0.8859,2,2,-1
19,9,1017.37,627.24,59.53,141.78,0.8167,3,0,-1
19,10,691.28,619.74,83.35,113.72,0.9257,2,1,-1
19,11,1837.44,452.78,38.22,91.87,0.9023,2,2,-1
19,12,1762.20,645.10,70.33,131.20,0.9339,2,2,-1
19,21,2.02,643.50,37.67,145.78,0.9098,2,-1,-1
20,2,1209.58,500.01,47.86,118.58,0.9342,2,1,-1
20,3,1634.76,498.48,69.85,107.29,0.9241,2,2,-1
20,5,1363.03,537.90,55.11,117.97,0.9353,2,1,-1
20,7,684.70,545.56,51.13,100.67,0.8334,2,2,-1
20,8,636.49,527.67,48.73,136.50,0.8896,2,2,-1
20,9,1024.71,630.20,64.36,140.20,0.7770,3,0,-1
20,10,683.11,618.34,87.96,111.58,0.9171,2,1,-1
20,11,1853.72,450.45,35.86,94.13,0.9091,2,2,-1
20,12,1778.82,646.41,68.19,131.03,0.9323,2,2,-1
20,21,1.61,640.87,47.61,147.99,0.9279,2,-1,-1
21,2,1218.04,507.11,43.10,114.25,0.9012,2,1,-1
21,3,1646.98,498.95,67.65,106.74,0.9175,2,2,-1
21,5,1374.75,541.16,50.52,120.89,0.9186,2,1,-1
21,7,704.01,532.18,26.38,42.89,0.7718,2,2,-1
21,8,644.31,526.97,50.82,141.55,0.7845,2,2,-1
21,9,1038.04,630.95,67.96,141.82,0.7700,3,0,-1
21,10,681.17,619.06,83.23,114.40,0.8841,2,1,-1
21,11,1871.00,453.09,35.67,92.14,0.8961,2,2,-1
21,12,1793.15,645.81,65.14,133.54,0.9310,2,2,-1
21,17,402.36,509.98,58.91,101.82,0.6422,1,4,-1
21,21,2.18,639.03,58.03,145.21,0.9340,2,2,-1
21,0,1033.23,518.38,12.42,11.92,1.0,0,-1,-1
22,2,1229.37,519.90,37.51,103.15,0.8310,2,1,-1
22,3,1655.64,499.17,62.73,106.78,0.9195,2,2,-1
22,5,1384.84,545.99,49.04,122.45,0.9125,2,1,-1
22,7,708.58,529.67,24.65,38.64,0.7052,2,2,-1
22,8,656.50,528.64,47.83,126.73,0.8070,2,2,-1
22,9,1049.67,631.61,70.49,141.79,0.8322,3,0,-1
22,10,681.46,620.13,70.43,114.10,0.8884,2,1,-1
22,11,1882.57,452.26,37.21,94.66,0.8778,2,2,-1
22,12,1807.50,644.25,61.23,136.04,0.9363,2,2,-1
22,19,1863.79,394.88,30.52,63.19,0.8497,3,-1,-1
22,21,1.79,639.35,67.75,138.78,0.9376,2,2,-1
22,0,1047.63,518.12,12.31,11.63,1.0,0,-1,-1
23,2,1229.01,509.00,42.19,116.24,0.9115,2,1,-1
23,3,1658.52,500.17,57.25,104.80,0.9290,2,2,-1
23,5,1392.53,549.40,47.75,123.21,0.8889,2,1,-1
23,7,713.64,527.09,27.38,45.86,0.7658,2,2,-1
23,8,670.37,534.85,43.98,120.21,0.8521,2,2,-1
23,9,1056.00,630.73,72.72,144.29,0.9104,3,0,-1
23,10,676.84,628.20,61.34,105.98,0.7392,2,1,-1
23,11,1892.28,454.22,30.87,92.15,0.8589,2,2,-1
23,12,1818.61,642.00,59.13,140.59,0.9370,2,2,-1
23,17,426.04,517.52,58.58,93.61,0.5885,1,4,-1
23,19,1875.67,394.88,29.38,63.19,0.7968,3,-1,-1
23,21,7.90,641.26,70.98,135.04,0.9348,2,2,-1
24,2,1226.40,516.31,49.91,110.94,0.9254,2,1,-1
24,3,1662.53,499.14,49.92,105.30,0.9234,2,2,-1
24,5,1401.94,552.61,49.21,122.96,0.9175,2,1,-1
24,7,720.20,527.88,21.81,36.16,0.8024,2,2,-1
24,9,1060.42,629.07,71.69,145.36,0.7496,3,0,-1
24,10,672.81,616.13,66.43,119.60,0.8851,2,1,-1
24,12,1830.23,641.16,62.93,141.50,0.9336,2,2,-1
24,19,1888.84,396.95,29.03,64.46,0.8196,3,-1,-1
24,21,16.93,640.91,70.47,134.83,0.9401,2,2,-1
24,22,1720.13,463.81,39.99,96.55,0.9120,2,-1,-1
25,2,1226.85,518.19,60.09,109.98,0.9263,2,1,-1
25,3,1669.57,497.66,51.21,106.64,0.9230,2,2,-1
25,5,1408.88,553.94,49.93,124.97,0.9289,2,1,-1
25,7,712.20,530.84,32.50,57.98,0.8243,2,2,-1
25,9,1065.09,625.55,72.24,150.15,0.6076,3,0,-1
25,10,663.98,608.19,76.14,125.53,0.9142,2,1,-1
25,12,1844.80,641.18,66.29,144.02,0.9275,2,2,-1
25,21,23.10,637.85,68.59,138.45,0.9351,2,2,-1
25,22,1729.70,462.01,46.73,98.99,0.9243,2,-1,-1
25,23,718.36,577.10,49.25,75.24,0.5485,2,-1,-1
26,2,1227.60,516.54,67.80,114.32,0.9287,2,1,-1
26,3,1674.25,496.82,58.08,110.01,0.9327,2,2,-1
26,5,1417.11,556.88,48.15,123.95,0.9270,2,1,-1
26,7,709.65,534.92,37.01,65.49,0.6572,2,2,-1
26,9,1072.68,622.75,67.98,151.93,0.7461,3,0,-1
26,10,644.60,606.76,71.35,119.09,0.7160,2,1,-1
26,12,1857.13,642.56,63.47,146.07,0.9287,2,2,-1
26,21,33.00,634.17,63.96,141.07,0.9298,2,2,-1
26,22,1738.72,461.58,51.60,100.17,0.9290,2,-1,-1
26,23,696.24,598.33,55.23,88.27,0.6696,2,-1,-1
27,2,1235.25,519.38,63.46,111.89,0.9215,2,1,-1
27,3,1674.80,496.59,66.69,110.58,0.9328,2,2,-1
27,5,1425.37,558.65,47.80,122.00,0.9300,2,1,-1
27,7,696.45,538.37,53.91,87.84,0.8383,2,2,-1
27,9,1083.74,621.69,60.01,152.67,0.8951,3,0,-1
27,10,634.52,604.95,68.25,123.78,0.8530,2,1,-1
27,12,1866.80,646.54,54.64,143.51,0.9295,2,2,-1
27,21,46.87,631.66,58.85,140.26,0.9320,2,2,-1
27,22,1746.67,460.79,57.59,101.52,0.9357,2,1,-1
27,23,735.61,573.85,79.47,117.47,0.8281,2,-1,-1
28,2,1247.10,520.72,52.22,111.05,0.9183,2,1,-1
28,3,1679.43,497.12,69.89,110.50,0.9344,2,2,-1
28,5,1434.96,559.84,45.29,122.21,0.8876,2,1,-1
28,7,707.05,533.31,43.93,70.86,0.5941,2,2,-1
28,9,1093.56,621.66,57.87,155.28,0.8806,3,0,-1
28,10,646.93,607.23,67.16,123.40,0.8827,2,1,-1
28,12,1881.13,649.28,42.07,142.72,0.9160,2,2,-1
28,21,58.75,630.35,57.09,141.88,0.9383,2,2,-1
28,22,1757.42,464.02,59.58,101.48,0.9309,2,1,-1
28,23,744.75,573.58,77.94,116.32,0.9168,2,-1,-1
28,0,1130.20,518.03,11.43,11.93,1.0,0,-1,-1
29,2,1252.37,518.61,42.21,113.21,0.9106,2,1,-1
29,3,1683.82,498.89,67.86,109.68,0.9286,2,2,-1
29,5,1442.56,558.29,43.73,125.55,0.9222,2,1,-1
29,7,707.99,534.91,63.66,102.15,0.8822,2,2,-1
29,9,1101.49,622.54,54.64,156.52,0.8797,3,0,-1
29,10,645.54,653.58,40.43,77.43,0.7725,2,1,-1
29,12,1893.31,655.35,32.07,137.55,0.8645,2,2,-1
29,21,63.23,629.16,60.66,139.24,0.9410,2,2,-1
29,22,1770.73,468.27,56.73,97.94,0.9241,2,1,-1
29,23,756.31,584.34,65.78,99.03,0.9034,2,-1,-1
29,0,1142.84,517.60,11.63,12.32,1.0,0,-1,-1
30,2,1254.76,525.25,38.20,105.82,0.8930,2,1,-1
30,3,1693.11,499.32,57.05,108.55,0.9232,2,2,-1
30,5,1448.29,557.13,43.96,125.53,0.9161,2,1,-1
30,7,707.24,536.75,56.71,102.95,0.8906,2,2,-1
30,9,1109.06,624.86,52.18,154.44,0.8148,3,0,-1
30,10,631.87,604.22,53.53,128.17,0.9061,2,1,-1
30,12,1906.14,701.84,20.70,93.15,0.5443,2,2,-1
30,21,65.11,630.43,67.74,137.03,0.9421,2,2,-1
30,22,1781.15,469.37,52.09,97.51,0.9218,2,1,-1
30,23,730.10,608.27,59.24,92.67,0.9084,2,-1,-1
31,2,1262.83,564.06,35.97,66.98,0.8984,2,1,-1
31,3,1701.56,499.38,47.11,108.65,0.9209,2,2,-1
31,5,1457.99,555.38,44.17,128.12,0.9248,2,1,-1
31,7,703.94,539.47,70.13,103.47,0.9052,2,2,-1
31,9,1116.28,629.61,50.91,153.36,0.8758,3,0,-1
31,10,628.38,601.31,62.21,129.21,0.9365,2,1,-1
31,21,70.67,632.59,73.50,133.48,0.9341,2,2,-1
31,22,1790.50,466.68,48.36,100.28,0.8927,2,1,-1
31,23,780.44,594.14,59.15,99.86,0.9110,2,2,-1
32,2,1258.27,553.34,50.97,78.83,0.8985,2,1,-1
32,3,1710.61,497.92,43.32,110.85,0.9206,2,2,-1
32,5,1468.24,555.70,47.19,131.23,0.9281,2,1,-1
32,7,703.03,544.14,68.69,101.39,0.9225,2,2,-1
32,8,758.75,586.78,56.10,115.39,0.9157,2,2,-1
32,9,1121.85,633.88,51.30,153.07,0.6314,3,0,-1
32,10,620.84,599.97,75.13,123.68,0.9231,2,1,-1
32,21,79.23,632.92,79.74,134.46,0.9427,2,2,-1
32,22,1800.68,464.72,43.02,102.26,0.9177,2,1,-1
32,23,809.99,626.66,41.44,69.05,0.8659,2,2,-1
33,1,812.45,589.72,52.88,108.54,0.8921,2,2,-1
33,2,1249.86,513.45,69.79,119.08,0.9250,2,1,-1
33,3,1718.16,497.31,49.38,111.22,0.9250,2,2,-1
33,5,1473.78,556.86,53.91,132.51,0.9351,2,1,-1
33,7,706.64,544.66,65.16,103.62,0.9198,2,2,-1
33,9,1128.04,640.28,51.73,147.13,0.7637,3,0,-1
33,10,609.53,599.42,84.98,120.82,0.8989,2,1,-1
33,17,517.03,549.35,42.68,64.22,0.8196,1,4,-1
33,21,91.83,632.90,79.87,132.51,0.9386,2,2,-1
33,22,1814.09,464.38,42.33,104.01,0.9145,2,1,-1
33,0,1199.84,519.23,11.65,11.28,1.0,0,-1,-1
34,2,1254.55,514.32,68.86,117.49,0.9302,2,1,-1
34,3,1715.52,496.20,64.81,115.09,0.9288,2,2,-1
34,5,1481.57,559.25,60.09,134.06,0.9463,2,1,-1
34,7,722.60,547.77,67.17,100.02,0.8389,2,2,-1
34,8,786.64,587.13,55.11,117.29,0.8750,2,2,-1
34,9,1135.19,643.63,56.61,149.45,0.6645,3,0,-1
34,10,605.77,598.39,85.99,125.79,0.9350,2,1,-1
34,17,518.43,542.54,49.27,71.86,0.7488,1,4,-1
34,21,112.88,630.34,72.68,132.96,0.9363,2,2,-1
34,22,1826.93,463.90,46.07,106.91,0.9292,2,1,-1
34,0,1213.30,518.38,12.75,12.83,1.0,0,-1,-1
35,2,1262.42,526.69,64.40,106.59,0.9001,2,1,-1
35,3,1718.94,497.28,73.37,114.31,0.9438,2,2,-1
35,5,1492.91,563.05,59.84,135.10,0.9375,2,1,-1
35,7,728.19,546.27,64.67,106.34,0.8891,2,2,-1
35,9,1133.07,644.00,79.20,149.88,0.9112,3,0,-1
35,10,609.83,610.64,71.33,115.47,0.8974,2,1,-1
35,21,133.07,626.91,65.44,135.64,0.9362,2,2,-1
35,22,1835.71,462.74,51.90,107.53,0.9352,2,1,-1
35,23,840.06,628.16,49.94,70.52,0.8779,2,2,-1
35,0,1227.15,519.76,13.65,10.80,1.0,0,-1,-1
36,1,821.50,581.59,80.24,119.31,0.9259,2,2,-1
36,2,1276.65,566.16,47.29,68.55,0.8800,2,1,-1
36,3,1723.11,498.77,75.35,113.23,0.9270,2,2,-1
36,5,1506.16,566.26,54.64,134.91,0.9453,2,1,-1
36,7,731.60,544.82,56.89,103.98,0.8753,2,2,-1
36,9,1143.38,643.48,82.27,152.09,0.9094,3,0,-1
36,10,618.55,654.77,44.10,71.37,0.8613,2,1,-1
36,21,150.99,623.05,58.85,139.63,0.9384,2,2,-1
36,22,1841.66,463.23,59.73,107.69,0.9420,2,1,-1
36,0,1453.62,418.66,14.79,12.88,1.0,0,-1,-1
37,1,838.51,581.64,74.54,122.88,0.9197,2,2,-1
37,2,1282.26,534.12,50.06,100.27,0.8983,2,1,-1
37,3,1738.67,500.55,64.59,112.83,0.9199,2,2,-1
37,5,1514.46,568.28,52.90,133.69,0.9393,2,1,-1
37,7,744.79,545.33,53.80,102.97,0.8022,2,2,-1
37,9,1150.37,643.10,81.89,152.46,0.8868,3,0,-1
37,10,602.56,596.14,56.20,132.05,0.9226,2,1,-1
37,21,165.49,620.73,54.15,141.00,0.9342,2,2,-1
37,22,1853.42,464.29,60.94,108.18,0.9374,2,1,-1
37,0,1256.35,520.29,12.61,11.33,1.0,0,-1,-1
38,1,856.54,583.29,68.42,123.98,0.9014,2,2,-1
38,2,1292.26,535.25,44.97,100.36,0.8309,2,1,-1
38,3,1747.98,501.25,53.37,113.52,0.9276,2,2,-1
38,5,1522.31,568.39,51.44,134.37,0.9215,2,1,-1
38,7,714.12,543.87,59.06,98.05,0.8899,2,2,-1
38,9,1153.64,642.36,80.96,152.45,0.6738,3,0,-1
38,10,604.16,594.67,33.58,69.41,0.8246,2,1,-1
38,21,176.98,619.18,53.55,139.69,0.9391,2,2,-1
38,22,1866.45,472.63,54.15,102.20,0.9131,2,1,-1
39,1,871.98,585.43,65.76,125.85,0.8735,2,2,-1
39,2,1298.84,567.95,32.77,67.76,0.8625,2,1,-1
39,3,1750.39,500.89,48.26,113.47,0.9297,2,2,-1
39,5,1531.68,567.93,52.14,134.81,0.9197,2,1,-1
39,7,712.51,541.30,69.42,103.09,0.8903,2,2,-1
39,9,1155.06,640.95,78.90,157.54,0.6882,3,0,-1
39,10,593.89,591.80,61.97,127.11,0.9439,2,1,-1
39,21,190.12,619.16,52.69,137.24,0.9344,2,2,-1
39,22,1877.45,477.87,44.66,97.49,0.8748,2,1,-1
39,0,1347.73,514.59,11.67,12.01,1.0,0,-1,-1
40,1,890.30,588.41,60.69,129.23,0.8810,2,2,-1
40,2,1294.12,567.16,44.95,69.60,0.9160,2,1,-1
40,3,1755.87,499.94,49.82,113.76,0.9303,2,2,-1
40,5,1541.50,566.47,54.05,140.57,0.9090,2,1,-1
40,7,760.17,533.79,56.73,112.94,0.8786,2,2,-1
40,9,1166.35,637.02,63.39,161.74,0.8968,3,0,-1
40,10,581.51,592.48,69.78,124.05,0.9334,2,1,-1
40,21,202.07,620.58,53.39,135.32,0.9316,2,2,-1
40,22,1890.63,478.26,33.75,96.60,0.8780,2,1,-1
40,28,854.90,595.09,28.86,49.19,0.7796,2,-1,-1
40,0,1360.49,515.09,12.03,12.12,1.0,0,-1,-1
41,1,904.96,590.60,59.10,128.01,0.8746,2,2,-1
41,2,1295.23,564.22,52.93,72.27,0.9151,2,1,-1
41,3,1762.51,498.18,55.55,119.12,0.9322,2,2,-1
41,5,1552.15,565.98,54.37,145.27,0.9061,2,1,-1
41,7,767.31,533.68,49.95,114.57,0.8814,2,2,-1
41,9,1171.87,635.56,62.05,163.24,0.7901,3,0,-1
41,10,577.51,593.05,69.21,124.05,0.9322,2,1,-1
41,21,214.33,621.61,53.97,137.12,0.9274,2,2,-1
41,22,1898.93,470.25,25.66,79.64,0.7377,2,1,-1
41,28,855.58,582.52,38.66,60.77,0.7969,2,-1,-1
41,29,1332.28,514.94,24.87,55.04,0.6643,2,-1,-1
42,1,915.74,590.96,61.79,128.79,0.9115,2,2,-1
42,2,1296.84,533.62,62.24,104.22,0.9175,2,1,-1
42,3,1762.03,498.22,65.18,118.66,0.9389,2,2,-1
42,5,1562.07,569.38,55.32,144.35,0.9174,2,1,-1
42,7,774.52,558.70,43.13,91.06,0.8905,2,2,-1
42,9,1177.99,637.05,60.22,164.60,0.8654,3,0,-1
42,10,576.44,595.31,60.38,124.23,0.9226,2,1,-1
42,21,225.52,621.85,54.60,135.83,0.9317,2,2,-1
42,22,1905.13,483.82,21.42,72.00,0.5884,2,1,-1
42,28,862.47,584.31,36.99,55.89,0.7593,2,-1,-1
42,31,879.92,623.27,39.81,76.66,0.8705,2,-1,-1
43,1,929.27,591.23,59.72,135.40,0.9167,2,2,-1
43,2,1307.90,535.96,54.56,102.08,0.9112,2,1,-1
43,3,1760.08,499.78,75.03,116.43,0.9422,2,2,-1
43,5,1570.07,571.82,56.93,145.82,0.9189,2,1,-1
43,7,776.89,538.61,51.05,111.79,0.8830,2,2,-1
43,9,1183.68,640.50,59.25,163.58,0.8516,3,0,-1
43,10,571.80,595.13,50.98,124.11,0.9048,2,1,-1
43,21,235.93,620.50,58.80,139.69,0.9354,2,2,-1
43,28,876.54,587.65,32.05,50.77,0.7719,2,-1,-1
43,31,880.05,626.92,49.96,77.67,0.9010,2,-1,-1
44,1,943.79,591.51,58.36,136.45,0.8895,2,2,-1
44,2,1318.22,539.15,46.55,99.00,0.8709,2,1,-1
44,3,1768.30,502.15,71.33,115.52,0.9376,2,2,-1
44,5,1576.34,576.37,60.37,145.94,0.9333,2,1,-1
44,7,786.62,537.59,50.67,113.95,0.8897,2,2,-1
44,9,1188.09,643.17,58.69,160.53,0.7214,3,0,-1
44,10,566.64,594.29,47.70,125.35,0.9212,2,1,-1
44,21,249.37,618.52,57.74,141.10,0.9236,2,2,-1
44,28,870.17,575.41,25.63,41.99,0.8262,2,-1,-1
44,29,1348.40,518.02,21.85,46.15,0.8017,2,-1,-1
44,31,877.05,617.65,62.34,88.87,0.9182,2,-1,-1
44,33,742.44,593.79,20.50,48.77,0.7858,2,-1,-1
44,0,1415.81,518.07,9.98,10.24,1.0,0,-1,-1
45,1,959.04,595.12,57.25,134.46,0.8297,2,2,-1
45,2,1328.59,540.79,42.89,96.33,0.7759,2,1,-1
45,3,1776.63,503.85,63.94,116.59,0.9351,2,2,-1
45,5,1581.69,580.71,62.84,142.31,0.9154,2,1,-1
45,7,795.70,544.57,42.12,106.42,0.9211,2,2,-1
45,8,887.07,585.07,26.31,55.55,0.5804,2,2,-1
45,9,1187.70,642.37,63.48,165.98,0.9153,3,0,-1
45,10,560.90,593.19,55.27,127.17,0.9323,2,1,-1
45,21,261.86,614.70,50.12,145.29,0.9187,2,2,-1
45,31,874.85,615.73,71.94,92.51,0.8696,2,1,-1
45,33,737.29,591.45,30.68,52.50,0.8710,2,-1,-1
46,1,975.79,593.37,53.31,136.74,0.9109,2,2,-1
46,2,1337.42,566.30,31.64,70.92,0.7557,2,1,-1
46,3,1783.57,505.77,53.61,114.38,0.9313,2,2,-1
46,5,1585.13,582.18,67.70,141.79,0.9423,2,1,-1
46,7,806.61,571.43,35.49,79.40,0.8779,2,2,-1
46,9,1188.14,649.18,62.76,161.49,0.5942,3,0,-1
46,10,548.22,596.57,68.03,121.81,0.9342,2,1,-1
46,21,274.10,613.22,51.71,146.06,0.9324,2,2,-1
46,28,881.41,570.31,22.82,40.02,0.6971,2,-1,-1
46,29,1358.09,517.64,24.99,53.54,0.5279,2,-1,-1
46,31,877.71,604.60,75.44,101.15,0.9070,2,1,-1
46,33,736.52,593.95,32.34,48.31,0.8672,2,-1,-1
47,1,993.24,590.22,49.51,139.14,0.8951,2,2,-1
47,2,1336.73,542.55,42.80,96.36,0.8134,2,1,-1
47,3,1789.89,505.98,44.02,113.82,0.9330,2,2,-1
47,5,1591.40,581.48,67.40,143.88,0.9020,2,1,-1
47,7,811.81,539.59,41.84,110.69,0.8869,2,2,-1
47,9,1188.25,655.01,63.22,156.93,0.6115,3,0,-1
47,10,541.24,602.94,70.12,110.17,0.9100,2,1,-1
47,21,282.66,609.39,48.78,148.98,0.9313,2,2,-1
47,31,888.96,627.00,61.83,77.82,0.8851,2,1,-1
47,33,739.60,594.20,29.89,47.03,0.7527,2,1,-1
48,1,1010.59,589.32,45.95,140.41,0.8883,2,2,-1
48,2,1337.15,564.73,44.09,74.53,0.8988,2,1,-1
48,3,1793.33,504.42,41.26,113.13,0.9335,2,2,-1
48,5,1599.35,579.07,64.62,146.48,0.9391,2,1,-1
48,7,821.99,536.39,40.41,113.61,0.9077,2,2,-1
48,9,1186.48,657.54,70.57,155.01,0.7941,3,0,-1
48,10,531.30,592.21,76.09,120.28,0.9283,2,1,-1
48,21,292.09,612.89,46.32,144.66,0.9338,2,2,-1
48,31,891.05,609.44,62.21,96.27,0.9121,2,1,-1
48,33,740.02,540.30,53.26,100.51,0.8633,2,1,-1
49,1,1026.39,605.78,41.58,120.55,0.8725,2,2,-1
49,2,1336.20,537.41,58.70,102.15,0.8910,2,1,-1
49,3,1794.82,501.73,50.48,118.09,0.9312,2,2,-1
49,5,1608.05,578.08,62.32,146.79,0.9412,2,1,-1
49,7,830.39,529.63,39.78,120.24,0.8940,2,2,-1
49,9,1187.02,658.18,74.55,156.33,0.7106,3,0,-1
49,10,529.70,596.08,65.79,117.45,0.9153,2,1,-1
49,21,300.69,612.84,45.58,145.72,0.8637,2,2,-1
49,31,900.67,626.10,46.52,79.10,0.9208,2,1,-1
49,33,735.03,540.16,49.56,99.69,0.9118,2,1,-1
50,1,1039.98,623.35,43.08,105.93,0.8995,2,2,-1
50,2,1341.38,535.68,58.18,104.57,0.9130,2,1,-1
50,3,1789.31,501.40,64.28,118.13,0.9431,2,2,-1
50,5,1615.26,574.57,63.23,151.69,0.9341,2,1,-1
50,7,838.11,526.70,39.77,123.19,0.8889,2,2,-1
50,9,1185.66,658.99,78.54,156.94,0.7402,3,0,-1
50,10,526.28,627.41,47.33,84.67,0.8253,2,1,-1
50,21,309.58,611.25,46.44,146.75,0.8732,2,2,-1
50,31,902.98,626.02,39.50,80.17,0.8853,2,1,-1
50,33,732.32,536.87,55.69,105.07,0.9139,2,1,-1
51,1,1055.02,623.38,47.12,108.51,0.8974,2,2,-1
51,2,1349.26,557.78,55.53,83.78,0.9203,2,1,-1
51,3,1788.39,501.69,71.45,117.78,0.9376,2,2,-1
51,5,1620.46,576.17,63.87,151.38,0.9130,2,1,-1
51,7,847.54,529.57,37.63,118.21,0.8649,2,2,-1
51,9,1186.25,659.15,79.29,156.78,0.6769,3,0,-1
51,10,525.32,643.95,35.22,67.84,0.8501,2,1,-1
51,21,318.76,604.91,48.27,153.44,0.9224,2,2,-1
51,31,903.19,600.18,41.09,107.31,0.8868,2,1,-1
51,33,734.68,535.98,56.05,106.24,0.9105,2,1,-1
51,0,1491.45,518.06,10.25,9.78,1.0,0,-1,-1
52,1,1072.65,641.10,45.31,95.53,0.9241,2,2,-1
52,2,1356.94,551.34,57.12,90.43,0.9115,2,1,-1
52,3,1794.26,503.09,70.47,119.79,0.9387,2,2,-1
52,5,1623.65,560.59,68.53,169.20,0.8407,2,1,-1
52,7,854.81,525.39,39.12,124.64,0.8222,2,2,-1
52,9,1195.37,654.93,82.18,162.03,0.8232,3,0,-1
52,10,515.66,584.30,51.88,126.76,0.8665,2,1,-1
52,21,327.83,611.08,46.08,147.36,0.9245,2,2,-1
52,29,1389.63,516.16,20.46,44.42,0.8131,2,-1,-1
52,31,905.17,587.01,42.52,120.72,0.9290,2,1,-1
52,33,740.55,536.17,58.09,106.23,0.8932,2,1,-1
53,1,1090.51,642.91,43.47,93.36,0.8974,2,2,-1
53,2,1366.58,556.67,51.69,85.40,0.9129,2,1,-1
53,3,1797.92,503.08,67.57,122.80,0.9356,2,2,-1
53,5,1632.72,582.92,67.00,151.05,0.9209,2,1,-1
53,7,862.94,528.63,38.60,118.75,0.8484,2,2,-1
53,9,1193.33,656.07,82.15,163.75,0.5485,3,0,-1
53,10,516.53,630.46,41.71,81.02,0.8706,2,1,-1
53,21,334.71,604.35,46.70,153.92,0.9016,2,2,-1
53,29,1394.57,517.33,20.33,44.24,0.6657,2,-1,-1
53,31,902.28,603.87,49.71,103.63,0.9177,2,1,-1
53,33,746.68,537.61,54.36,104.61,0.8925,2,1,-1
53,0,1512.10,517.98,8.15,8.83,1.0,0,-1,-1
54,1,1103.12,652.63,39.65,85.96,0.8384,2,2,-1
54,2,1374.07,558.11,47.24,83.82,0.9240,2,1,-1
54,3,1795.21,504.76,65.42,119.61,0.9283,2,2,-1
54,5,1637.61,597.31,72.28,140.15,0.9457,2,1,-1
54,7,868.35,529.07,40.22,119.92,0.8172,2,2,-1
54,9,1199.01,654.05,74.84,163.37,0.8115,3,0,-1
54,10,500.50,578.37,60.92,127.69,0.9042,2,1,-1
54,21,348.09,622.94,58.58,133.87,0.9112,2,2,-1
54,29,1398.17,517.57,21.98,47.68,0.7110,2,-1,-1
54,31,898.33,571.80,64.86,137.20,0.8905,2,1,-1
54,33,753.62,535.56,52.53,107.06,0.9277,2,1,-1
55,1,1100.69,584.92,56.51,154.30,0.8923,2,2,-1
55,2,1381.77,559.33,41.77,82.54,0.9102,2,1,-1
55,3,1791.62,504.17,62.90,120.99,0.9203,2,2,-1
55,5,1638.76,592.44,79.76,144.70,0.9474,2,1,-1
55,9,1203.52,652.78,72.66,164.79,0.6757,3,0,-1
55,10,493.41,576.19,61.40,124.20,0.9169,2,1,-1
55,21,349.06,607.07,61.22,148.41,0.9036,2,2,-1
55,31,903.17,589.73,64.17,120.14,0.9219,2,1,-1
55,33,754.30,533.11,55.66,108.94,0.9156,2,1,-1
56,1,1112.36,596.44,55.31,144.56,0.9120,2,2,-1
56,2,1386.86,536.63,42.99,104.33,0.8872,2,1,-1
56,3,1793.71,506.26,58.51,118.89,0.9206,2,2,-1
56,5,1637.91,570.64,85.00,168.62,0.9314,2,1,-1
56,10,494.79,629.96,42.39,70.69,0.8289,2,1,-1
56,21,359.48,623.09,61.88,133.49,0.9131,2,2,-1
56,31,907.38,585.27,65.67,125.20,0.9124,2,1,-1
56,33,754.56,529.34,60.87,112.88,0.9311,2,1,-1
56,0,1538.22,517.90,10.16,9.80,1.0,0,-1,-1
57,1,1125.29,597.43,67.75,143.30,0.8747,2,2,-1
57,2,1392.73,536.85,39.03,101.74,0.8220,2,1,-1
57,3,1800.49,503.91,55.64,120.59,0.9205,2,2,-1
57,5,1642.25,571.39,82.48,166.87,0.8586,2,1,-1
57,9,1195.41,652.71,75.38,167.15,0.5027,3,0,-1
57,21,366.11,613.09,62.85,139.89,0.9217,2,2,-1
57,31,914.21,587.71,59.64,122.32,0.9191,2,1,-1
57,33,757.02,527.41,64.77,115.47,0.9221,2,1,-1
58,1,1131.48,597.59,71.12,146.84,0.9156,2,2,-1
58,2,1397.39,534.78,38.50,105.90,0.8268,2,1,-1
58,3,1803.27,502.37,57.36,124.65,0.9270,2,2,-1
58,5,1647.74,586.97,75.32,152.05,0.7995,2,1,-1
58,9,1207.70,651.60,69.29,166.98,0.8486,3,0,-1
58,21,375.49,636.62,47.54,114.90,0.8573,2,2,-1
58,31,919.03,591.52,52.04,118.42,0.9296,2,1,-1
58,33,761.37,524.65,64.02,119.02,0.9444,2,1,-1
59,1,1143.74,599.89,63.84,148.33,0.9231,2,2,-1
59,2,1400.57,525.66,40.30,113.37,0.8265,2,1,-1
59,3,1801.41,502.18,61.28,124.28,0.9281,2,2,-1
59,5,1651.62,587.32,75.51,152.85,0.6248,2,1,-1
59,9,1207.21,653.73,69.91,165.26,0.9048,3,0,-1
59,21,386.85,608.20,52.50,144.17,0.8857,2,2,-1
59,31,923.80,593.94,44.68,116.15,0.9189,2,1,-1
59,33,766.12,525.24,63.61,119.99,0.9224,2,1,-1
59,0,1561.67,518.15,9.92,9.83,1.0,0,-1,-1
60,1,1177.94,657.90,36.29,90.41,0.8112,2,2,-1
60,2,1410.06,514.40,35.06,77.83,0.7933,2,1,-1
60,3,1799.30,501.95,63.89,126.97,0.9295,2,2,-1
60,5,1659.87,585.81,77.04,158.68,0.6570,2,1,-1
60,9,1206.64,654.61,73.28,164.54,0.8928,3,0,-1
60,21,396.01,611.62,45.57,140.35,0.8621,2,2,-1
60,31,926.11,593.51,42.31,116.46,0.8391,2,1,-1
60,33,773.74,525.73,60.02,118.11,0.8988,2,1,-1
60,35,464.64,569.81,47.97,129.61,0.8649,2,-1,-1
61,2,1408.71,542.99,42.52,98.88,0.7739,2,1,-1
61,3,1797.67,503.67,61.67,126.54,0.9193,2,2,-1
61,5,1671.20,585.97,74.88,159.07,0.5867,2,1,-1
61,9,1206.35,656.46,75.32,163.57,0.8813,3,0,-1
61,21,406.64,640.56,36.36,110.48,0.7029,2,2,-1
61,31,924.50,588.52,41.69,119.88,0.7120,2,1,-1
61,33,783.25,527.58,53.92,112.42,0.9339,2,1,-1
61,35,456.24,584.28,54.80,112.00,0.8967,2,-1,-1
61,0,1576.25,517.94,9.19,10.48,1.0,0,-1,-1
62,2,1411.24,541.05,44.21,104.98,0.8311,2,1,-1
62,3,1795.54,504.78,57.15,126.15,0.9178,2,2,-1
62,5,1691.47,589.32,53.55,102.45,0.8830,2,1,-1
62,9,1206.88,655.15,78.21,165.32,0.8944,3,0,-1
62,21,411.77,609.83,43.58,140.70,0.8519,2,2,-1
62,23,1171.61,602.86,64.20,72.80,0.8102,2,2,-1
62,31,927.04,591.99,44.65,117.53,0.9071,2,1,-1
62,33,788.69,530.00,51.65,113.66,0.9271,2,1,-1
62,35,441.87,570.83,71.74,126.22,0.9233,2,-1,-1
62,0,1583.68,516.87,8.82,9.76,1.0,0,-1,-1
63,2,1422.05,517.69,45.38,74.62,0.8369,2,1,-1
63,3,1794.57,506.88,50.18,123.57,0.9266,2,2,-1
63,7,926.75,586.92,48.57,123.50,0.9173,2,2,-1
63,9,1204.78,664.75,80.35,157.83,0.8335,3,0,-1
63,21,423.24,648.98,36.44,101.58,0.8259,2,2,-1
63,23,1181.04,603.15,80.54,81.35,0.8218,2,2,-1
63,33,795.38,535.11,48.11,107.79,0.8078,2,1,-1
63,35,442.19,570.00,69.42,119.39,0.8759,2,-1,-1
63,0,1521.37,524.16,10.67,9.76,1.0,0,-1,-1
64,1,1207.01,678.40,26.26,68.18,0.7974,2,2,-1
64,2,1411.98,518.86,63.39,127.76,0.8463,2,1,-1
64,3,1796.23,502.64,51.44,127.60,0.9264,2,2,-1
64,5,1717.40,598.53,36.02,70.65,0.6246,2,1,-1
64,7,921.38,585.48,55.62,125.63,0.9301,2,2,-1
64,21,427.66,663.63,43.53,86.73,0.9006,2,2,-1
64,23,1188.59,603.27,84.12,80.98,0.7881,2,2,-1
64,33,800.09,538.15,48.08,108.94,0.7945,2,1,-1
64,0,1596.50,517.72,9.97,10.13,1.0,0,-1,-1
65,2,1420.46,533.73,51.22,113.43,0.8829,2,1,-1
65,3,1798.43,507.89,53.74,122.68,0.9340,2,2,-1
65,5,1700.58,596.23,58.53,155.83,0.8904,2,1,-1
65,21,431.59,664.14,47.31,85.87,0.8980,2,2,-1
65,23,1202.66,604.45,82.64,75.75,0.8322,2,2,-1
65,31,920.37,584.05,62.07,127.73,0.9369,2,1,-1
65,33,806.83,540.71,47.70,110.90,0.8072,2,1,-1
65,0,1178.28,651.34,24.56,18.25,1.0,0,-1,-1
66,2,1432.92,517.61,48.21,79.59,0.8685,2,1,-1
66,3,1796.12,507.57,59.53,123.67,0.9400,2,2,-1
66,5,1706.42,597.61,52.59,155.01,0.9244,2,1,-1
66,21,433.09,649.72,56.46,99.90,0.8931,2,2,-1
66,23,1213.80,605.66,81.15,75.69,0.6953,2,2,-1
66,31,924.92,587.26,60.39,125.56,0.9276,2,1,-1
66,33,812.34,539.94,46.52,111.59,0.9065,2,1,-1
66,0,1609.01,517.66,8.78,9.62,1.0,0,-1,-1
67,2,1424.25,525.03,62.44,122.68,0.8158,2,1,-1
67,3,1792.59,507.73,65.78,124.17,0.9418,2,2,-1
67,5,1709.72,597.09,47.77,155.23,0.9316,2,1,-1
67,21,438.69,645.26,56.02,103.34,0.8970,2,2,-1
67,23,1218.29,608.01,89.96,95.11,0.8123,2,2,-1
67,31,930.29,587.28,59.37,128.31,0.9320,2,1,-1
67,33,819.08,539.99,44.86,113.62,0.8940,2,1,-1
67,0,1545.90,524.27,10.17,9.60,1.0,0,-1,-1
68,2,1426.74,521.65,60.15,128.37,0.6863,2,1,-1
68,3,1788.04,508.39,69.43,125.37,0.9389,2,2,-1
68,5,1713.11,597.21,44.89,155.35,0.9093,2,1,-1
68,21,442.05,610.99,63.32,137.00,0.8845,2,2,-1
68,23,1230.46,609.66,80.79,108.96,0.8583,2,2,-1
68,29,1469.28,544.58,18.76,50.63,0.7837,2,-1,-1
68,31,934.81,592.53,56.98,123.00,0.9310,2,1,-1
68,33,828.79,559.63,38.74,94.63,0.8345,2,1,-1
68,0,1620.37,517.87,10.01,9.99,1.0,0,-1,-1
69,2,1444.72,517.35,38.75,79.29,0.7678,2,1,-1
69,3,1785.32,513.44,69.61,122.81,0.9346,2,2,-1
69,5,1712.47,597.82,44.79,154.88,0.8399,2,1,-1
69,8,978.05,531.91,52.25,118.76,0.6058,2,2,-1
69,9,1203.71,651.70,60.91,163.83,0.8583,3,0,-1
69,21,453.93,604.19,59.82,143.80,0.8258,2,2,-1
69,23,1240.74,624.69,74.84,133.97,0.8857,2,2,-1
69,31,940.61,609.21,52.17,106.25,0.9197,2,1,-1
69,33,832.49,536.38,44.06,117.81,0.8805,2,1,-1
69,0,1624.80,517.63,10.17,10.79,1.0,0,-1,-1
70,2,1448.41,516.79,37.56,77.11,0.6013,2,1,-1
70,3,1779.08,513.75,69.02,123.61,0.9251,2,2,-1
70,5,1711.62,591.95,49.51,160.07,0.9407,2,1,-1
70,8,980.00,529.00,54.68,122.70,0.6605,2,2,-1
70,9,1197.77,651.39,67.54,166.57,0.9151,3,0,-1
70,21,466.54,603.54,49.52,141.45,0.9017,2,2,-1
70,23,1248.97,611.77,64.17,148.86,0.9194,2,2,-1
70,31,944.45,625.11,47.74,90.44,0.9231,2,1,-1
70,33,837.68,533.27,44.35,120.97,0.7249,2,1,-1
70,35,385.73,584.62,66.39,103.90,0.8827,2,-1,-1
70,0,1631.66,517.66,8.20,8.75,1.0,0,-1,-1
71,2,1445.29,556.25,40.45,89.68,0.7855,2,1,-1
71,3,1774.27,515.70,62.32,121.12,0.9184,2,2,-1
71,5,1710.23,592.66,55.39,160.28,0.9459,2,1,-1
71,9,1195.77,652.96,72.54,165.73,0.9160,3,0,-1
71,21,478.51,605.28,44.98,139.34,0.9055,2,2,-1
71,23,1260.53,612.89,53.08,147.51,0.9203,2,2,-1
71,31,948.68,626.26,44.99,88.53,0.8950,2,1,-1
71,35,380.26,615.74,54.41,71.17,0.7415,2,-1,-1
71,0,1566.24,523.37,10.04,10.10,1.0,0,-1,-1
72,2,1444.54,517.14,48.02,131.26,0.8725,2,1,-1
72,3,1772.99,515.43,57.99,121.26,0.9238,2,2,-1
72,5,1712.86,594.70,57.76,157.86,0.9040,2,1,-1
72,8,993.26,525.26,55.02,127.24,0.5491,2,2,-1
72,9,1193.76,653.50,78.24,164.45,0.8988,3,0,-1
72,21,487.21,599.90,42.77,143.59,0.9121,2,2,-1
72,23,1267.39,612.21,48.95,148.03,0.9003,2,2,-1
72,31,953.20,624.33,42.90,90.75,0.9036,2,1,-1
72,35,362.87,617.73,54.04,70.22,0.6986,2,1,-1
72,0,1174.01,654.17,25.12,19.29,1.0,0,-1,-1
73,2,1450.16,561.92,38.81,86.31,0.8677,2,1,-1
73,3,1773.73,514.08,57.04,120.52,0.9335,2,2,-1
73,5,1711.86,596.50,62.28,157.28,0.8788,2,1,-1
73,9,1192.02,653.71,84.65,163.71,0.9317,3,0,-1
73,21,496.40,601.39,41.80,141.00,0.9295,2,2,-1
73,23,1280.06,612.30,45.36,147.79,0.8868,2,2,-1
73,28,1011.21,576.72,39.69,73.79,0.7973,2,-1,-1
73,31,956.51,625.25,41.02,90.45,0.8005,2,1,-1
73,35,357.14,621.14,49.22,68.09,0.5794,2,1,-1
73,0,1647.06,517.13,8.43,10.38,1.0,0,-1,-1
74,2,1443.38,523.26,54.07,126.20,0.9209,2,1,-1
74,3,1773.46,513.03,57.54,124.71,0.9323,2,2,-1
74,5,1710.94,601.80,69.32,152.03,0.8915,2,1,-1
74,7,960.07,579.22,49.19,137.60,0.8830,2,2,-1
74,8,1018.24,532.08,45.21,119.88,0.6782,2,2,-1
74,9,1191.89,654.65,88.15,163.94,0.9352,3,0,-1
74,21,504.30,599.00,43.30,142.68,0.8955,2,2,-1
74,23,1293.16,609.28,42.39,150.29,0.9075,2,2,-1
74,35,360.94,621.99,36.35,67.56,0.8232,2,1,-1
75,2,1444.74,524.05,57.09,126.46,0.8886,2,1,-1
75,3,1771.20,513.61,59.75,121.66,0.9409,2,2,-1
75,5,1713.17,597.32,72.78,158.38,0.8597,2,1,-1
75,7,964.48,596.36,41.01,121.63,0.8591,2,2,-1
75,9,1190.57,654.88,90.29,164.09,0.9375,3,0,-1
75,21,506.09,597.69,48.42,145.59,0.9263,2,2,-1
75,23,1303.02,616.11,41.96,143.91,0.9176,2,2,-1
75,0,1656.97,517.74,8.49,9.63,1.0,0,-1,-1
76,2,1445.60,522.13,59.89,128.48,0.8818,2,1,-1
76,3,1768.20,514.74,61.35,123.01,0.9432,2,2,-1
76,5,1714.57,598.41,74.56,159.54,0.6989,2,1,-1
76,7,967.20,575.27,47.73,144.44,0.8192,2,2,-1
76,8,1035.73,543.87,39.39,108.77,0.6437,2,2,-1
76,9,1185.80,654.26,90.66,164.04,0.9251,3,0,-1
76,21,511.97,603.86,50.78,139.69,0.9270,2,2,-1
76,23,1308.62,607.73,46.01,149.81,0.9254,2,2,-1
76,33,871.86,534.40,48.99,124.72,0.9163,2,1,-1
76,35,349.55,612.89,45.01,74.73,0.8551,2,1,-1
76,0,1591.71,523.04,10.26,10.33,1.0,0,-1,-1
77,2,1451.13,522.21,59.78,128.22,0.8851,2,1,-1
77,3,1764.99,517.49,59.08,122.93,0.9257,2,2,-1
77,5,1714.61,594.21,76.79,161.33,0.8408,2,1,-1
77,7,970.31,581.67,44.06,137.16,0.8231,2,2,-1
77,9,1185.74,654.00,84.52,164.16,0.9160,3,0,-1
77,21,520.54,602.19,54.62,140.73,0.9168,2,2,-1
77,23,1313.52,612.91,48.99,145.18,0.9338,2,2,-1
77,28,1044.59,577.06,30.35,76.49,0.8698,2,-1,-1
77,33,876.66,535.25,48.92,124.72,0.7285,2,1,-1
77,35,335.81,554.43,63.96,132.64,0.9040,2,1,-1
77,0,1666.22,516.71,9.75,9.73,1.0,0,-1,-1
78,2,1454.14,522.52,59.73,128.47,0.9162,2,1,-1
78,3,1761.46,520.45,52.74,119.55,0.9158,2,2,-1
78,5,1711.51,594.76,79.40,160.54,0.8841,2,1,-1
78,7,973.52,583.52,43.48,137.29,0.8531,2,2,-1
78,8,1048.96,527.58,40.50,126.32,0.9135,2,2,-1
78,9,1188.23,653.94,80.57,164.04,0.9074,3,0,-1
78,21,525.23,599.75,65.58,143.03,0.9285,2,2,-1
78,23,1317.47,611.20,57.86,148.83,0.9338,2,2,-1
78,33,883.98,535.83,49.03,124.08,0.5578,2,1,-1
78,35,331.42,553.08,64.12,128.80,0.9261,2,1,-1
78,0,1671.33,517.03,8.88,9.88,1.0,0,-1,-1
79,2,1459.23,542.21,56.43,108.05,0.9171,2,1,-1
79,3,1743.48,521.79,53.39,121.55,0.9154,2,2,-1
79,5,1712.75,615.88,75.17,138.05,0.8707,2,1,-1
79,9,1191.79,653.20,70.01,164.73,0.8799,3,0,-1
79,21,529.70,598.58,72.03,143.38,0.9256,2,2,-1
79,23,1322.83,612.15,66.11,148.39,0.9484,2,2,-1
79,28,1056.31,576.09,34.46,78.22,0.8682,2,-1,-1
79,31,979.50,631.42,37.01,89.07,0.6748,2,1,-1
79,33,889.29,535.49,51.92,126.04,0.8760,2,1,-1
79,35,323.49,549.90,68.98,128.05,0.8627,2,1,-1
79,39,513.51,564.40,32.74,73.21,0.5732,2,-1,-1
79,0,1163.85,655.07,24.05,18.17,1.0,0,-1,-1
80,2,1460.82,520.00,59.11,130.78,0.9398,2,1,-1
80,3,1744.27,521.01,50.79,121.55,0.9324,2,2,-1
80,5,1707.85,616.13,76.11,137.99,0.6596,2,1,-1
80,8,1061.76,534.05,41.41,121.31,0.9107,2,2,-1
80,9,1196.36,653.30,59.51,165.19,0.8815,3,0,-1
80,21,533.67,598.92,74.61,144.09,0.9358,2,2,-1
80,23,1328.00,614.03,73.11,147.59,0.9548,2,2,-1
80,31,981.14,626.47,38.19,95.02,0.6938,2,1,-1
80,33,897.48,535.36,52.42,126.26,0.7608,2,1,-1
80,35,314.98,550.79,72.43,127.71,0.7518,2,1,-1
80,39,510.39,562.90,33.54,74.56,0.7668,1,-1,-1
80,0,1680.82,517.08,8.16,9.07,1.0,0,-1,-1
81,2,1466.31,525.89,54.17,125.41,0.9340,2,1,-1
81,3,1746.82,519.30,51.89,120.41,0.9248,2,2,-1
81,5,1707.74,618.83,73.77,134.86,0.8460,2,1,-1
81,8,1070.24,544.69,41.06,111.87,0.8941,2,2,-1
81,9,1188.45,651.36,62.50,168.88,0.8472,3,0,-1
81,21,538.20,598.07,77.46,145.59,0.9389,2,2,-1
81,23,1335.05,614.04,76.35,149.06,0.9552,2,2,-1
81,31,987.95,600.85,43.48,121.82,0.7598,2,1,-1
81,35,310.21,557.19,72.74,124.63,0.6473,2,1,-1
81,39,507.26,558.14,40.17,79.46,0.9044,1,-1,-1
81,0,1615.71,523.73,9.66,9.36,1.0,0,-1,-1
82,2,1469.90,514.96,50.14,135.92,0.9423,2,1,-1
82,3,1743.38,518.69,56.45,121.13,0.9265,2,2,-1
82,8,1074.79,531.46,46.22,126.96,0.8984,2,2,-1
82,9,1193.90,651.27,59.24,166.65,0.8566,3,0,-1
82,21,545.21,599.67,75.00,142.65,0.9451,2,2,-1
82,23,1341.47,617.03,76.78,147.87,0.9409,2,2,-1
82,31,994.05,598.21,41.49,124.90,0.7857,2,1,-1
82,39,503.18,552.50,45.15,85.24,0.7967,1,4,-1
82,0,1690.87,517.31,9.73,10.46,1.0,0,-1,-1
83,2,1475.15,553.56,41.03,97.41,0.9171,2,1,-1
83,3,1734.84,518.52,64.75,120.56,0.9337,2,2,-1
83,5,1718.33,613.24,63.43,140.11,0.8390,2,1,-1
83,7,1001.72,630.21,33.16,91.94,0.8089,2,2,-1
83,8,1083.35,548.92,41.28,108.51,0.8824,2,2,-1
83,9,1187.94,650.86,63.60,167.72,0.8825,3,0,-1
83,21,551.63,601.58,73.22,139.89,0.9406,2,2,-1
83,23,1349.12,616.41,76.21,148.54,0.9488,2,2,-1
83,35,301.86,574.42,61.66,107.53,0.6927,2,1,-1
83,39,498.64,550.77,52.69,87.68,0.8296,1,4,-1
83,0,1695.63,517.65,9.00,9.54,1.0,0,-1,-1
84,2,1476.84,568.54,36.76,81.87,0.8791,2,1,-1
84,3,1730.82,519.67,68.16,120.22,0.9265,2,2,-1
84,5,1723.49,616.55,56.75,138.02,0.9049,2,1,-1
84,8,1088.57,529.13,47.06,128.29,0.8981,2,2,-1
84,9,1184.14,652.75,69.18,165.70,0.9062,3,0,-1
84,21,560.64,600.95,70.56,140.10,0.9349,2,2,-1
84,23,1358.11,612.75,71.78,152.00,0.9328,2,2,-1
84,31,1004.74,614.51,36.84,108.88,0.5839,2,1,-1
84,39,495.41,552.86,53.01,85.35,0.5030,1,4,-1
84,0,1159.49,654.28,26.62,19.42,1.0,0,-1,-1
85,2,1472.20,542.62,42.53,107.37,0.8527,2,1,-1
85,3,1725.28,522.36,68.21,124.32,0.9304,2,2,-1
85,5,1729.99,619.50,54.20,136.93,0.8626,2,1,-1
85,8,1095.47,531.97,45.60,125.50,0.9147,2,2,-1
85,9,1180.77,653.10,73.94,164.81,0.9136,3,0,-1
85,21,570.62,598.49,64.47,142.49,0.9346,2,2,-1
85,23,1369.81,611.09,65.03,153.84,0.9239,2,2,-1
85,31,1006.46,609.61,39.15,114.25,0.7503,2,1,-1
85,0,1704.76,518.39,8.76,9.67,1.0,0,-1,-1
86,1,1389.65,654.52,48.02,109.46,0.8829,2,2,-1
86,2,1478.72,519.31,31.05,65.73,0.8004,2,1,-1
86,5,1727.35,618.10,57.64,138.35,0.9392,2,1,-1
86,8,1102.23,529.64,44.87,128.24,0.8980,2,2,-1
86,9,1178.48,653.61,78.12,164.74,0.9194,3,0,-1
86,21,580.55,598.45,56.60,141.37,0.9345,2,2,-1
86,31,1010.80,601.70,42.22,122.28,0.7534,2,1,-1
86,35,278.98,573.65,58.01,105.90,0.6360,2,1,-1
86,0,1637.25,524.56,10.69,9.35,1.0,0,-1,-1
87,2,1477.61,518.85,33.88,62.15,0.7877,2,1,-1
87,5,1721.39,599.99,67.52,156.65,0.9354,2,1,-1
87,8,1107.69,532.46,44.91,126.40,0.9155,2,2,-1
87,9,1176.73,653.64,81.30,164.59,0.9114,3,0,-1
87,10,489.98,520.02,71.03,117.89,0.5169,2,1,-1
87,21,593.61,603.35,48.75,137.04,0.9303,2,2,-1
87,23,1402.57,609.89,51.94,153.56,0.8758,2,2,-1
87,31,1015.02,601.60,46.04,122.65,0.8425,2,1,-1
87,35,272.30,613.64,55.68,62.89,0.8613,2,1,-1
87,0,1642.37,524.45,11.34,9.99,1.0,0,-1,-1
88,2,1467.75,519.62,57.79,130.20,0.8227,2,1,-1
88,5,1723.06,597.23,69.55,161.13,0.9364,2,1,-1
88,8,1115.78,535.61,44.03,125.00,0.7823,2,2,-1
88,9,1176.67,653.83,83.13,164.41,0.8990,3,0,-1
88,10,492.83,516.86,64.63,121.22,0.8954,2,1,-1
88,21,605.25,602.10,45.87,137.81,0.8458,2,2,-1
88,23,1416.87,610.42,47.85,153.35,0.9137,2,2,-1
88,31,1016.97,615.13,40.11,109.72,0.7979,2,1,-1
88,35,252.26,571.79,81.40,102.56,0.8105,2,1,-1
88,0,1716.99,518.39,10.67,9.60,1.0,0,-1,-1
89,2,1473.70,530.70,48.86,121.15,0.8481,2,1,-1
89,3,1699.31,524.09,57.85,119.83,0.9265,2,2,-1
89,5,1729.85,599.71,68.16,158.87,0.9436,2,1,-1
89,7,1026.26,641.37,30.53,83.18,0.8294,2,2,-1
89,8,1122.99,544.56,47.68,119.08,0.8948,2,2,-1
89,9,1175.14,654.02,85.35,164.89,0.8982,3,0,-1
89,10,495.31,517.34,57.28,120.68,0.9219,2,1,-1
89,21,619.44,604.96,41.70,134.65,0.8003,2,2,-1
89,23,1422.94,610.72,52.56,154.17,0.9122,2,2,-1
89,0,1680.05,524.65,13.17,11.86,1.0,0,-1,-1
90,2,1472.46,521.40,52.11,130.55,0.9261,2,1,-1
90,3,1698.11,524.68,56.04,123.42,0.9328,2,2,-1
90,5,1734.15,599.90,66.08,158.15,0.9407,2,1,-1
90,8,1128.08,541.25,48.40,120.81,0.9039,2,2,-1
90,9,1173.47,654.13,84.41,165.06,0.8634,3,0,-1
90,21,629.29,599.52,38.84,139.51,0.9362,2,2,-1
90,23,1427.40,615.21,59.52,150.76,0.9224,2,2,-1
90,31,1030.57,616.42,45.45,109.71,0.8698,2,1,-1
90,39,501.51,569.29,44.96,68.10,0.7922,1,4,-1
90,0,1727.69,518.62,7.62,8.16,1.0,0,-1,-1
91,2,1475.64,517.54,53.36,134.52,0.8568,2,1,-1
91,3,1695.66,524.76,56.88,124.63,0.9361,2,2,-1
91,5,1738.76,602.95,62.87,155.37,0.9280,2,1,-1
91,9,1172.45,654.57,79.56,163.18,0.8236,3,0,-1
91,17,1051.94,583.47,23.90,56.73,0.7216,1,4,-1
91,21,636.25,600.62,39.56,138.52,0.8340,2,2,-1
91,23,1432.43,613.85,69.19,153.00,0.9286,2,2,-1
91,28,1134.76,552.86,47.45,106.42,0.9230,2,2,-1
91,31,1041.07,635.05,36.90,91.39,0.7999,2,1,-1
91,39,498.88,560.64,45.20,76.19,0.7656,1,4,-1
91,0,1730.89,518.02,9.41,10.07,1.0,0,-1,-1
92,2,1483.34,543.43,47.63,109.73,0.8695,2,1,-1
92,3,1691.79,526.07,61.06,125.83,0.9356,2,2,-1
92,5,1738.35,600.76,62.65,157.61,0.9295,2,1,-1
92,9,1177.97,654.78,60.74,114.99,0.8785,3,0,-1
92,21,642.79,599.79,46.11,140.66,0.9023,2,2,-1
92,23,1438.78,623.38,75.99,143.19,0.9157,2,2,-1
92,28,1139.14,547.27,48.41,113.06,0.9194,2,2,-1
92,31,1046.90,634.57,37.10,93.07,0.8186,2,1,-1
92,0,1665.15,526.12,11.06,8.58,1.0,0,-1,-1
93,1,1444.20,647.71,82.78,120.92,0.9274,2,2,-1
93,2,1488.68,547.11,47.54,104.41,0.8594,2,1,-1
93,3,1689.22,527.39,61.21,127.98,0.9266,2,2,-1
93,5,1745.66,620.34,54.61,137.98,0.9215,2,1,-1
93,9,1174.95,653.93,68.30,161.91,0.9107,3,0,-1
93,17,1064.43,584.30,22.59,54.37,0.5973,1,4,-1
93,21,647.52,599.49,58.44,140.93,0.9385,2,2,-1
93,28,1147.19,547.50,47.41,113.76,0.9093,2,2,-1
93,31,1053.20,635.48,36.11,93.08,0.6697,2,1,-1
93,0,1742.96,518.48,9.49,10.38,1.0,0,-1,-1
94,2,1487.38,521.09,56.17,133.64,0.9182,2,1,-1
94,3,1688.69,530.65,55.32,125.30,0.9109,2,2,-1
94,5,1738.31,599.08,62.54,160.46,0.9148,2,1,-1
94,8,1153.57,546.20,47.49,118.73,0.9032,2,2,-1
94,9,1184.72,653.29,54.88,161.37,0.9078,3,0,-1
94,21,654.55,599.44,68.35,140.11,0.9437,2,2,-1
94,23,1452.01,622.02,83.95,147.15,0.9339,2,2,-1
94,31,1058.94,632.89,36.82,95.76,0.7978,2,1,-1
94,33,977.11,543.28,53.34,125.87,0.5268,2,1,-1
95,2,1494.97,530.23,50.95,123.77,0.8498,2,1,-1
95,3,1685.38,534.08,45.32,121.93,0.9173,2,2,-1
95,5,1742.94,600.68,55.57,157.21,0.9136,2,1,-1
95,8,1158.45,544.89,48.95,120.75,0.9046,2,2,-1
95,9,1187.43,653.84,49.55,161.32,0.9169,3,0,-1
95,17,1073.99,585.55,26.11,63.75,0.5579,1,4,-1
95,21,659.56,599.42,74.08,141.08,0.9329,2,2,-1
95,23,1461.82,633.17,81.10,136.86,0.9328,2,2,-1
95,31,1067.01,659.54,26.63,70.06,0.7160,2,1,-1
95,43,224.02,555.70,59.21,121.69,0.9089,2,-1,-1
95,0,1754.43,518.51,10.33,10.76,1.0,0,-1,-1
96,1,1472.39,644.02,76.67,126.20,0.9229,2,2,-1
96,3,1679.57,532.63,43.21,123.32,0.9260,2,2,-1
96,5,1750.11,618.04,45.28,139.84,0.8777,2,1,-1
96,9,1185.94,653.56,51.15,163.44,0.9095,3,0,-1
96,21,665.04,600.45,75.66,139.80,0.9410,2,2,-1
96,28,1167.02,549.87,47.43,111.95,0.8956,2,2,-1
96,29,1501.37,555.28,42.85,104.02,0.7886,2,-1,-1
96,31,1071.03,610.00,45.81,122.16,0.7605,2,1,-1
96,39,511.48,553.23,48.25,86.25,0.5542,1,4,-1
97,3,1675.03,531.44,50.02,124.14,0.9246,2,2,-1
97,5,1753.02,600.08,44.75,159.02,0.9185,2,1,-1
97,7,1081.84,663.13,25.43,66.74,0.7701,2,2,-1
97,9,1177.66,653.21,61.11,163.76,0.9121,3,0,-1
97,17,1081.42,584.69,27.25,55.90,0.8148,1,4,-1
97,21,672.62,600.04,75.90,140.23,0.9446,2,2,-1
97,23,1483.72,618.71,71.99,150.88,0.9063,2,2,-1
97,28,1175.39,547.67,46.46,110.30,0.8810,2,2,-1
97,29,1506.08,548.43,30.31,69.29,0.7930,2,-1,-1
97,39,517.19,554.86,43.76,85.01,0.8138,1,4,-1
97,0,1766.61,518.50,9.56,10.99,1.0,0,-1,-1
98,2,1505.67,521.72,38.89,126.27,0.8920,2,1,-1
98,3,1672.90,530.04,56.35,125.99,0.9219,2,2,-1
98,5,1751.99,599.69,47.67,158.01,0.9258,2,1,-1
98,9,1178.63,652.84,68.15,164.35,0.9159,3,0,-1
98,21,679.74,599.16,74.90,141.63,0.9425,2,2,-1
98,23,1501.14,618.44,61.10,151.23,0.9041,2,2,-1
98,28,1183.03,549.16,45.86,109.05,0.8945,2,2,-1
98,31,1085.26,602.91,46.79,128.38,0.7740,2,1,-1
98,39,521.44,552.21,43.41,87.92,0.8863,1,4,-1
99,2,1508.60,518.34,40.27,133.74,0.6749,2,1,-1
99,3,1669.55,530.87,63.21,126.26,0.9294,2,2,-1
99,5,1750.73,601.98,55.00,157.40,0.9316,2,1,-1
99,9,1178.63,652.79,74.20,163.72,0.8972,3,0,-1
99,21,690.19,594.25,71.41,146.14,0.9277,2,2,-1
99,23,1517.30,616.70,55.67,152.40,0.8785,2,2,-1
99,28,1191.57,547.20,45.52,108.23,0.8791,2,2,-1
99,31,1094.70,606.92,45.30,124.02,0.7112,2,1,-1
99,33,1003.32,556.28,49.47,122.43,0.5543,2,1,-1
99,39,526.85,557.74,42.01,83.85,0.7562,1,4,-1
99,0,1779.70,519.06,10.31,10.48,1.0,0,-1,-1
100,2,1513.84,519.92,37.92,134.68,0.8929,2,1,-1
100,3,1664.91,531.44,69.44,125.89,0.9399,2,2,-1
100,5,1748.83,600.62,63.60,157.73,0.9368,2,1,-1
100,9,1180.08,653.11,80.37,163.89,0.8927,3,0,-1
100,17,1106.45,586.24,31.73,68.41,0.7444,1,4,-1
100,21,702.77,596.67,66.73,143.75,0.9191,2,2,-1
100,23,1539.05,618.03,49.50,151.32,0.8805,2,2,-1
100,28,1198.72,547.89,45.83,110.95,0.8585,2,2,-1
100,39,533.10,563.95,39.34,77.58,0.7065,1,4,-1
100,0,1788.14,519.27,9.84,9.95,1.0,0,-1,-1
101,2,1519.17,520.50,38.15,134.50,0.9338,2,1,-1
101,3,1663.20,533.39,70.83,129.49,0.9342,2,2,-1
101,5,1749.49,597.40,71.15,162.44,0.9279,2,1,-1
101,9,1181.87,653.25,83.16,164.64,0.8903,3,0,-1
101,17,1116.23,585.49,62.62,91.93,0.8536,1,4,-1
101,21,721.56,636.94,52.49,102.35,0.8762,2,2,-1
101,23,1555.00,617.23,52.72,153.21,0.9248,2,2,-1
101,28,1208.05,551.71,44.75,108.42,0.8798,2,2,-1
101,33,1019.82,552.21,49.07,126.60,0.6977,2,1,-1
101,39,539.41,568.51,36.96,73.02,0.7188,1,4,-1
102,2,1522.70,519.79,39.54,136.08,0.8986,2,1,-1
102,3,1659.97,535.71,64.37,129.34,0.8900,2,2,-1
102,5,1750.47,600.06,75.93,158.57,0.9188,2,1,-1
102,9,1184.95,653.78,86.28,164.04,0.8973,3,0,-1
102,17,1124.47,586.52,61.64,87.53,0.8236,1,4,-1
102,21,730.86,594.55,61.43,143.29,0.8788,2,2,-1
102,23,1563.13,617.56,59.91,151.02,0.9169,2,2,-1
102,28,1216.92,551.63,44.74,107.31,0.8952,2,2,-1
102,33,1030.30,556.03,45.98,122.88,0.8818,2,1,-1
102,39,548.73,560.22,35.58,81.11,0.8810,1,4,-1
102,0,1802.41,519.38,9.50,8.60,1.0,0,-1,-1
103,2,1524.04,520.62,42.15,134.37,0.9075,2,1,-1
103,3,1653.59,537.99,60.37,127.41,0.9046,2,2,-1
103,5,1750.89,602.42,79.40,155.23,0.9265,2,1,-1
103,8,1224.38,546.16,44.65,113.26,0.8642,2,2,-1
103,9,1189.27,653.64,84.89,162.48,0.8468,3,0,-1
103,17,1135.90,609.36,49.66,67.91,0.8350,1,4,-1
103,21,751.37,593.74,54.70,141.26,0.7912,2,2,-1
103,23,1569.08,617.44,65.93,150.18,0.8979,2,2,-1
103,33,1039.55,554.63,46.49,123.97,0.6146,2,1,-1
103,39,560.29,563.91,32.07,76.93,0.8178,1,4,-1
103,0,1735.01,526.78,9.58,8.42,1.0,0,-1,-1
104,2,1519.58,520.36,50.03,134.44,0.9271,2,1,-1
104,3,1645.37,538.65,53.81,125.80,0.9112,2,2,-1
104,5,1749.23,601.02,81.59,155.31,0.9200,2,1,-1
104,9,1195.60,653.60,77.55,159.95,0.8858,3,0,-1
104,17,1134.17,632.00,59.92,95.48,0.8623,1,4,-1
104,21,773.97,594.25,42.93,140.25,0.8988,2,2,-1
104,23,1571.96,618.32,76.59,148.56,0.9284,2,2,-1
104,28,1231.54,550.70,44.84,107.64,0.8943,2,2,-1
104,33,1047.70,552.18,47.72,124.77,0.8501,2,1,-1
104,39,571.10,560.32,32.16,79.06,0.6824,1,4,-1
104,0,1738.60,526.15,10.39,10.79,1.0,0,-1,-1
105,2,1518.55,522.85,53.89,131.74,0.9281,2,1,-1
105,3,1639.89,538.11,54.80,122.43,0.9231,2,2,-1
105,5,1750.50,598.59,80.61,155.07,0.9113,2,1,-1
105,8,1236.28,536.03,47.09,121.02,0.8990,2,2,-1
105,9,1197.86,653.35,72.52,155.74,0.8057,3,0,-1
105,21,790.89,594.18,39.63,138.53,0.9015,2,2,-1
105,23,1576.59,618.31,84.17,147.37,0.9463,2,2,-1
105,31,1146.00,597.54,55.00,129.69,0.9300,2,1,-1
105,33,1055.26,554.17,50.67,121.59,0.9231,2,1,-1
105,39,581.65,555.97,33.09,82.47,0.5797,1,4,-1
105,0,1739.82,526.47,10.30,11.27,1.0,0,-1,-1
106,2,1517.43,523.54,58.46,130.63,0.9299,2,1,-1
106,3,1633.05,537.13,58.20,121.79,0.9249,2,2,-1
106,5,1753.52,619.88,71.94,130.10,0.8986,2,1,-1
106,8,1242.71,537.36,47.15,119.50,0.8940,2,2,-1
106,9,1202.70,649.79,64.96,156.33,0.8560,3,0,-1
106,21,806.64,593.31,40.43,136.62,0.9149,2,2,-1
106,23,1580.53,618.27,84.34,144.53,0.9265,2,2,-1
106,31,1153.01,589.28,57.95,135.72,0.9013,2,1,-1
106,33,1065.15,556.12,50.65,119.67,0.8490,2,1,-1
106,39,594.91,554.12,33.89,83.73,0.6871,1,4,-1
106,0,1741.93,527.30,8.95,10.52,1.0,0,-1,-1
107,2,1519.78,524.88,58.58,126.86,0.9293,2,1,-1
107,3,1627.73,536.88,58.96,119.32,0.9214,2,2,-1
107,5,1751.70,602.22,72.92,145.09,0.9039,2,1,-1
107,8,1250.45,534.88,45.73,119.63,0.8706,2,2,-1
107,9,1205.81,644.49,60.88,157.33,0.7742,3,0,-1
107,21,821.86,594.21,44.60,135.02,0.9027,2,2,-1
107,23,1586.90,618.44,86.21,141.92,0.9344,2,2,-1
107,31,1183.88,588.05,39.85,81.68,0.7915,2,1,-1
107,33,1077.92,565.14,48.04,111.24,0.7072,2,1,-1
107,0,1742.74,527.66,8.88,10.17,1.0,0,-1,-1
108,1,1592.01,616.36,84.86,141.39,0.9288,2,2,-1
108,2,1521.45,526.23,58.21,125.46,0.9307,2,1,-1
108,5,1759.79,653.77,51.18,88.14,0.8826,2,1,-1
108,8,1258.22,534.08,44.83,118.83,0.8749,2,2,-1
108,9,1209.35,646.06,56.79,152.61,0.7536,3,0,-1
108,21,837.09,610.29,48.50,115.48,0.9219,2,2,-1
108,31,1174.54,618.62,55.47,100.93,0.8529,2,1,-1
108,33,1083.81,553.12,52.40,121.70,0.8148,2,1,-1
108,0,1743.17,528.01,8.69,10.10,1.0,0,-1,-1
109,1,1600.73,618.70,77.36,134.58,0.9159,2,2,-1
109,2,1523.62,526.80,56.91,123.64,0.9291,2,1,-1
109,5,1751.89,595.68,58.95,143.09,0.9153,2,1,-1
109,9,1216.12,644.70,53.58,149.70,0.6634,3,0,-1
109,21,849.74,613.64,55.95,108.75,0.9276,2,2,-1
109,28,1266.31,543.39,42.00,108.11,0.8799,2,2,-1
109,31,1179.96,612.04,57.62,105.45,0.8335,2,1,-1
109,33,1092.00,551.48,51.91,122.84,0.9008,2,1,-1
109,0,1742.56,528.32,8.84,9.92,1.0,0,-1,-1
110,1,1610.33,612.01,74.58,137.12,0.9199,2,2,-1
110,2,1525.37,526.97,55.04,122.34,0.9327,2,1,-1
110,5,1752.93,595.77,45.89,140.38,0.9292,2,1,-1
110,8,1271.62,532.38,44.42,116.88,0.8915,2,2,-1
110,9,1219.42,642.92,52.03,147.96,0.6489,3,0,-1
110,21,861.52,604.22,62.92,115.90,0.9338,2,2,-1
110,31,1205.28,588.03,42.52,79.26,0.7003,2,1,-1
110,33,1100.98,557.51,51.48,115.83,0.9058,2,1,-1
110,0,1742.21,528.66,9.11,10.00,1.0,0,-1,-1
111,1,1622.38,610.52,65.33,134.63,0.9362,2,2,-1
111,2,1527.95,530.35,51.52,116.71,0.9400,2,1,-1
111,5,1749.48,598.18,41.86,134.27,0.8983,2,1,-1
111,9,1218.80,638.46,55.46,149.12,0.7977,3,0,-1
111,21,875.48,593.52,64.41,123.57,0.9340,2,2,-1
111,28,1281.31,554.98,39.35,92.89,0.8572,2,2,-1
111,31,1218.94,585.38,40.64,77.13,0.7202,2,1,-1
111,33,1113.01,563.40,48.19,109.09,0.7781,2,1,-1
111,39,673.43,557.13,31.01,74.36,0.6956,1,4,-1
111,0,1742.87,528.94,8.05,9.26,1.0,0,-1,-1
112,1,1633.44,607.92,55.07,133.90,0.9350,2,2,-1
112,2,1531.49,530.47,46.68,113.83,0.9345,2,1,-1
112,5,1746.64,594.56,41.25,135.03,0.9296,2,1,-1
112,8,1288.83,539.79,40.97,105.99,0.8919,2,2,-1
112,9,1219.06,641.46,56.46,142.59,0.6280,3,0,-1
112,21,890.96,590.36,62.52,124.29,0.9407,2,2,-1
112,31,1231.41,582.98,33.62,64.92,0.6589,2,1,-1
112,33,1121.57,554.04,47.48,116.48,0.9113,2,1,-1
112,43,338.15,545.37,42.92,97.64,0.5909,3,-1,-1
112,0,1743.07,528.47,8.28,9.88,1.0,0,-1,-1
113,1,1641.95,607.15,46.72,130.07,0.9205,2,2,-1
113,5,1744.64,596.62,41.56,130.02,0.9234,2,1,-1
113,9,1223.64,626.24,61.54,152.49,0.5301,3,0,-1
113,21,906.65,589.25,60.73,120.82,0.9419,2,2,-1
113,28,1295.87,551.68,40.69,91.98,0.8852,2,2,-1
113,29,1536.47,571.87,38.95,70.55,0.9102,2,1,-1
113,31,1246.70,582.51,29.98,60.26,0.7228,2,1,-1
113,33,1133.54,553.13,43.90,111.13,0.8963,2,1,-1
113,43,360.51,569.42,32.87,69.94,0.5152,3,-1,-1
113,48,1585.69,543.80,43.42,108.58,0.9167,2,-1,-1
113,0,1744.47,528.34,8.30,9.76,1.0,0,-1,-1
114,1,1650.42,605.23,44.22,129.91,0.9318,2,2,-1
114,2,1537.88,544.59,37.85,95.94,0.8169,2,1,-1
114,5,1741.26,593.16,45.63,130.74,0.9226,2,1,-1
114,9,1224.16,632.59,69.79,142.24,0.8447,3,0,-1
114,21,922.97,586.52,58.87,120.17,0.9334,2,2,-1
114,28,1304.78,553.60,39.27,87.40,0.8789,2,2,-1
114,33,1144.79,553.18,41.93,112.00,0.9189,2,1,-1
114,48,1580.93,541.90,50.70,110.81,0.9261,2,-1,-1
114,0,1807.80,523.22,9.80,11.70,1.0,0,-1,-1
115,1,1655.83,603.84,46.41,128.17,0.9219,2,2,-1
115,2,1537.28,525.39,39.15,111.97,0.8735,2,1,-1
115,5,1733.47,590.40,52.95,131.03,0.9356,2,1,-1
115,9,1227.45,629.31,71.73,140.88,0.7836,3,0,-1
115,21,942.18,586.58,51.15,116.41,0.9364,2,2,-1
115,28,1312.00,549.26,40.64,89.49,0.8634,2,2,-1
115,33,1155.43,551.86,39.64,110.17,0.9108,2,1,-1
115,39,742.20,556.31,30.11,70.72,0.5967,1,4,-1
115,48,1573.61,539.85,56.10,109.01,0.9183,2,-1,-1
115,0,1808.64,523.28,9.18,10.80,1.0,0,-1,-1
116,1,1661.47,603.32,53.83,126.00,0.9215,2,2,-1
116,2,1538.49,525.62,37.22,111.40,0.8371,2,1,-1
116,5,1727.24,590.49,59.65,127.29,0.9263,2,1,-1
116,7,1278.09,578.47,28.94,81.80,0.8143,2,2,-1
116,8,1317.61,536.35,40.77,100.46,0.8425,2,2,-1
116,9,1233.87,627.53,71.26,138.87,0.8597,3,0,-1
116,21,960.60,584.85,44.79,114.44,0.9304,2,2,-1
116,33,1165.22,551.07,37.91,108.87,0.9132,2,1,-1
116,39,757.85,553.90,31.17,71.71,0.6406,1,4,-1
116,48,1566.48,541.43,61.32,105.79,0.9142,2,2,-1
116,0,1808.80,523.19,9.29,11.23,1.0,0,-1,-1
117,1,1664.54,602.10,66.03,124.52,0.9395,2,2,-1
117,2,1542.19,524.96,25.63,57.03,0.8366,2,1,-1
117,5,1725.51,588.47,63.31,126.76,0.9307,2,1,-1
117,7,1287.88,577.49,28.58,80.57,0.6896,2,2,-1
117,9,1236.13,629.61,71.82,133.20,0.8642,3,0,-1
117,21,980.71,583.75,39.42,113.11,0.9210,2,2,-1
117,28,1326.36,546.90,40.30,89.41,0.8637,2,2,-1
117,33,1175.21,551.64,35.71,104.01,0.9073,2,1,-1
117,39,772.46,552.62,30.47,70.90,0.7696,1,4,-1
117,48,1563.50,544.62,60.20,100.72,0.8918,2,2,-1
117,0,1752.34,527.00,8.42,9.98,1.0,0,-1,-1
118,1,1665.88,601.07,69.41,122.40,0.9395,2,2,-1
118,5,1730.15,587.34,61.35,124.69,0.9372,2,1,-1
118,7,1299.01,613.39,29.43,78.03,0.7639,2,2,-1
118,8,1331.97,530.41,42.46,103.17,0.9026,2,2,-1
118,9,1238.57,626.73,71.91,132.65,0.7558,3,0,-1
118,21,1000.98,581.67,34.82,112.19,0.9215,2,2,-1
118,33,1184.60,550.93,34.79,100.30,0.9078,2,1,-1
118,39,787.63,550.79,30.27,70.47,0.7059,1,4,-1
118,48,1559.74,550.09,57.77,98.18,0.8812,2,2,-1
119,1,1670.33,599.82,67.75,120.96,0.9379,2,2,-1
119,5,1732.17,586.30,60.41,122.84,0.9332,2,1,-1
119,7,1307.13,605.82,35.06,85.48,0.7340,2,2,-1
119,8,1340.19,530.41,41.03,101.79,0.8759,2,2,-1
119,9,1243.08,623.38,69.75,130.80,0.8074,3,0,-1
119,21,1016.68,581.59,33.04,109.10,0.9104,2,2,-1
119,33,1192.84,550.41,34.60,104.35,0.8880,2,1,-1
119,39,803.12,548.97,30.15,69.44,0.8324,1,4,-1
119,43,459.62,543.38,38.48,88.89,0.5184,3,-1,-1
119,48,1554.93,548.51,54.73,99.60,0.8477,2,2,-1
119,0,1755.99,525.91,8.86,10.10,1.0,0,-1,-1
120,1,1673.73,598.78,65.04,119.58,0.9383,2,2,-1
120,5,1734.20,584.45,57.92,120.75,0.9269,2,1,-1
120,7,1311.60,574.92,49.00,113.48,0.9087,2,2,-1
120,8,1347.05,527.94,40.85,101.15,0.9060,2,2,-1
120,9,1246.88,621.20,67.05,128.10,0.9056,3,0,-1
120,21,1029.64,579.24,33.43,108.70,0.9172,2,2,-1
120,33,1202.48,551.15,34.94,100.19,0.8875,2,1,-1
120,39,816.91,547.79,31.04,69.94,0.7713,1,4,-1
120,48,1545.27,545.70,49.82,97.92,0.8448,2,2,-1
120,0,1757.78,526.20,8.87,7.98,1.0,0,-1,-1
121,1,1679.91,597.70,64.45,118.26,0.9338,2,2,-1
121,5,1738.23,584.62,53.76,117.56,0.9234,2,1,-1
121,7,1320.53,592.65,49.35,94.21,0.9117,2,2,-1
121,8,1354.67,527.45,39.68,100.23,0.8674,2,2,-1
121,9,1251.31,620.08,62.71,126.43,0.9164,3,0,-1
121,21,1042.67,580.85,34.60,105.24,0.9181,2,2,-1
121,33,1212.21,552.61,37.97,101.23,0.8712,2,1,-1
121,39,832.45,546.72,30.91,69.23,0.6195,1,4,-1
121,48,1543.48,541.48,47.22,101.42,0.8989,2,2,-1
121,0,1760.27,526.57,7.67,7.36,1.0,0,-1,-1
122,1,1688.13,595.88,59.28,118.27,0.9397,2,2,-1
122,5,1740.37,582.31,49.91,119.50,0.9276,2,1,-1
122,7,1325.70,574.25,55.73,110.65,0.9169,2,2,-1
122,9,1260.06,618.38,57.60,123.94,0.9185,3,0,-1
122,21,1054.75,579.77,41.16,104.93,0.9264,2,2,-1
122,33,1219.19,552.56,37.12,100.81,0.8885,2,1,-1
122,48,1541.34,538.80,49.20,103.92,0.9118,2,2,-1
122,0,1762.69,526.13,8.77,8.07,1.0,0,-1,-1
123,1,1696.85,594.23,54.37,114.60,0.9358,2,2,-1
123,5,1741.93,580.43,45.54,117.21,0.9100,2,1,-1
123,9,1265.23,616.79,54.94,122.83,0.9298,3,0,-1
123,17,1333.71,575.42,53.58,107.06,0.9251,1,4,-1
123,21,1064.97,579.17,47.06,103.53,0.9328,2,2,-1
123,33,1227.52,551.93,37.05,99.65,0.8710,2,1,-1
123,48,1538.29,538.44,49.20,102.17,0.8867,2,2,-1
124,1,1707.56,590.58,50.88,114.92,0.9192,2,2,-1
124,9,1271.63,614.60,53.14,122.87,0.9264,3,0,-1
124,17,1343.37,574.18,51.65,106.69,0.9112,1,4,-1
124,21,1074.95,577.00,51.25,102.48,0.9330,2,2,-1
124,33,1236.10,551.04,38.12,98.68,0.8957,2,1,-1
124,39,872.52,545.46,31.50,67.46,0.5411,1,4,-1
124,48,1536.29,538.42,48.86,99.63,0.8723,2,2,-1
125,1,1718.73,589.66,45.09,113.53,0.8781,2,2,-1
125,9,1278.07,612.41,51.25,122.93,0.9399,3,0,-1
125,17,1353.92,575.98,48.32,102.50,0.9015,1,4,-1
125,21,1085.90,575.63,52.56,101.69,0.9340,2,2,-1
125,33,1244.60,549.96,37.94,96.82,0.8769,2,1,-1
125,48,1532.83,539.18,50.25,99.30,0.8987,2,2,-1
125,0,1826.08,519.27,8.15,8.72,1.0,0,-1,-1
126,1,1729.36,587.73,45.54,112.75,0.8980,2,2,-1
126,8,1389.54,527.39,37.33,90.93,0.9012,2,2,-1
126,9,1282.07,610.65,53.05,121.57,0.9321,3,0,-1
126,21,1093.39,573.86,56.67,102.17,0.9316,2,2,-1
126,28,1366.64,589.24,41.68,86.39,0.9046,2,2,-1
126,29,1569.76,531.64,36.28,89.75,0.8710,2,1,-1
126,33,1252.54,548.75,40.04,96.30,0.9020,2,1,-1
126,48,1531.17,540.24,48.18,99.02,0.8982,2,2,-1
126,0,1827.96,519.87,8.29,8.70,1.0,0,-1,-1
127,1,1730.87,579.09,48.56,119.06,0.9049,2,2,-1
127,8,1396.46,526.25,36.23,88.90,0.8672,2,2,-1
127,9,1283.84,609.14,56.68,119.29,0.9363,3,0,-1
127,21,1105.40,572.47,54.05,100.59,0.9330,2,2,-1
127,29,1570.51,523.21,35.45,96.74,0.8871,2,1,-1
127,31,1380.01,594.92,35.52,78.53,0.8298,2,1,-1
127,33,1260.11,547.60,40.61,91.51,0.8656,2,1,-1
127,39,908.67,545.13,34.25,64.53,0.7452,1,4,-1
127,48,1529.65,542.06,41.25,94.52,0.9114,2,2,-1
128,1,1731.41,572.74,53.65,123.47,0.9092,2,2,-1
128,8,1402.79,525.30,35.56,86.15,0.8889,2,2,-1
128,9,1288.26,607.09,58.40,116.97,0.9352,3,0,-1
128,21,1117.91,571.79,50.52,97.36,0.9325,2,2,-1
128,29,1573.91,521.67,32.86,95.64,0.8791,2,1,-1
128,33,1266.37,545.76,43.45,94.09,0.8948,2,1,-1
128,39,920.77,544.28,33.99,63.49,0.6610,1,4,-1
128,48,1525.81,540.07,34.81,94.40,0.9110,2,2,-1
129,3,1734.94,583.46,55.65,108.78,0.8882,2,2,-1
129,8,1408.78,524.56,34.84,83.96,0.8897,2,2,-1
129,9,1293.08,606.16,57.97,114.46,0.9403,3,0,-1
129,21,1128.79,569.41,47.27,96.92,0.9302,2,2,-1
129,29,1575.05,520.38,30.90,94.09,0.8364,2,1,-1
129,33,1272.34,545.03,45.98,93.41,0.9047,2,1,-1
129,43,609.24,537.67,29.07,70.54,0.6544,3,-1,-1
129,48,1521.07,538.66,37.15,93.34,0.9213,2,2,-1
129,0,1780.30,520.15,9.30,10.11,1.0,0,-1,-1
130,3,1742.72,582.64,50.47,105.36,0.9086,2,2,-1
130,8,1411.54,522.37,34.93,82.96,0.8851,2,2,-1
130,9,1296.29,604.15,57.36,113.95,0.9392,3,0,-1
130,21,1140.27,566.24,42.63,97.88,0.9280,2,2,-1
130,29,1574.21,520.20,29.13,92.53,0.8728,2,1,-1
130,33,1277.14,543.56,45.63,93.03,0.9073,2,1,-1
130,43,620.32,532.08,30.23,75.90,0.6961,3,-1,-1
130,48,1514.46,535.81,43.43,94.72,0.9238,2,2,-1
130,0,1779.74,519.56,9.54,10.51,1.0,0,-1,-1
131,3,1743.24,581.73,49.38,104.99,0.8990,2,2,-1
131,8,1413.68,523.00,33.22,72.74,0.9042,2,2,-1
131,9,1296.28,601.03,58.38,113.31,0.9330,3,0,-1
131,17,1411.30,581.25,30.23,80.26,0.8812,1,4,-1
131,21,1150.23,563.29,37.19,98.07,0.9178,2,2,-1
131,29,1571.64,518.53,29.08,92.23,0.8323,2,1,-1
131,43,629.55,529.26,30.62,77.12,0.7812,3,-1,-1
131,48,1505.56,533.89,49.40,94.16,0.9296,2,2,-1
132,3,1744.20,580.40,48.64,103.22,0.8992,2,2,-1
132,8,1413.40,549.97,20.18,45.33,0.7683,2,2,-1
132,9,1298.95,597.20,55.68,113.68,0.9356,3,0,-1
132,17,1416.13,586.03,29.65,72.23,0.8363,1,4,-1
132,21,1160.39,561.84,32.63,96.10,0.9073,2,2,-1
132,29,1569.85,518.15,28.94,89.46,0.8704,2,1,-1
132,43,640.00,531.52,30.26,75.61,0.5453,3,-1,-1
132,48,1494.18,532.20,57.22,92.39,0.9301,2,2,-1
132,53,958.32,511.80,38.54,87.41,0.8594,2,-1,-1
133,3,1743.23,577.25,47.80,103.78,0.9137,2,2,-1
133,8,1419.88,519.09,28.19,60.83,0.8269,2,2,-1
133,9,1300.67,594.96,50.65,111.61,0.9386,3,0,-1
133,17,1415.79,577.64,39.24,78.24,0.9245,1,4,-1
133,21,1172.49,559.61,27.40,93.83,0.9124,2,2,-1
133,29,1566.79,520.84,28.57,84.54,0.8971,2,1,-1
133,48,1485.06,531.32,58.97,90.16,0.9180,2,2,-1
133,53,968.26,514.74,32.58,80.87,0.8724,2,-1,-1
134,3,1741.93,575.05,45.29,101.70,0.9143,2,2,-1
134,7,1415.39,517.63,34.34,72.22,0.5827,2,2,-1
134,9,1300.56,593.52,45.79,107.81,0.9280,3,0,-1
134,21,1178.98,557.95,26.52,93.44,0.9040,2,2,-1
134,29,1560.35,516.04,30.97,87.25,0.8976,2,1,-1
134,31,1414.99,574.93,44.01,78.53,0.9196,2,1,-1
134,48,1479.60,532.25,55.46,91.59,0.9103,2,2,-1
134,53,973.16,509.93,33.52,84.06,0.6752,2,-1,-1
135,3,1741.69,573.34,43.30,100.92,0.9140,2,2,-1
135,9,1298.81,590.73,42.86,108.09,0.9255,3,0,-1
135,21,1183.70,555.82,29.01,93.42,0.9134,2,2,-1
135,23,1891.16,647.55,31.28,78.26,0.7074,2,2,-1
135,29,1554.10,516.10,33.76,85.91,0.9091,2,1,-1
135,31,1415.69,579.21,44.68,71.92,0.9191,2,1,-1
135,48,1472.42,532.16,48.92,90.27,0.8898,2,2,-1
135,53,980.55,513.11,30.17,78.47,0.7735,2,-1,-1
135,54,1886.65,493.35,30.62,81.23,0.8910,2,-1,-1
136,3,1741.72,571.32,42.03,99.70,0.9276,2,2,-1
136,5,1701.07,556.47,47.25,99.52,0.9056,2,1,-1
136,9,1299.17,588.19,39.24,107.24,0.9012,3,0,-1
136,10,1415.57,559.66,47.46,89.37,0.9155,2,1,-1
136,21,1186.65,555.27,32.95,93.09,0.9167,2,2,-1
136,23,1877.89,608.73,42.64,114.30,0.8460,2,2,-1
136,29,1546.49,517.07,38.43,83.56,0.9217,2,1,-1
136,48,1461.96,532.48,41.07,87.86,0.8828,2,2,-1
136,53,985.87,510.74,30.69,79.92,0.5860,2,-1,-1
136,54,1877.23,492.63,40.00,80.51,0.9069,2,-1,-1
137,3,1744.66,570.03,38.92,96.92,0.9264,2,2,-1
137,5,1700.73,556.06,44.42,97.97,0.9025,2,1,-1
137,9,1299.57,586.20,37.85,106.55,0.8903,3,0,-1
137,21,1191.40,555.16,35.54,91.73,0.9227,2,2,-1
137,23,1875.00,610.67,44.33,109.15,0.8925,2,2,-1
137,29,1545.13,519.51,39.52,79.72,0.9221,2,1,-1
137,31,1417.21,564.60,47.53,82.86,0.9192,2,1,-1
137,33,1290.07,537.28,36.56,69.28,0.8496,2,1,-1
137,48,1455.65,531.52,38.35,86.25,0.8979,2,2,-1
137,54,1872.65,494.32,41.16,76.62,0.8857,2,-1,-1
138,3,1748.70,568.80,35.49,96.44,0.9260,2,2,-1
138,5,1702.46,554.97,40.77,98.24,0.9139,2,1,-1
138,9,1301.08,583.44,38.75,108.29,0.8451,3,0,-1
138,21,1196.29,554.59,38.48,91.26,0.9292,2,2,-1
138,23,1873.30,608.89,46.26,109.21,0.9043,2,2,-1
138,28,1422.62,565.79,44.08,80.19,0.9218,2,2,-1
138,29,1544.00,515.08,42.34,83.64,0.9254,2,1,-1
138,33,1293.99,538.43,35.08,65.98,0.8768,2,1,-1
138,39,1003.18,532.72,26.78,57.99,0.6951,1,4,-1
138,54,1867.84,492.97,39.84,78.07,0.8988,2,1,-1
139,3,1752.00,568.50,33.96,96.13,0.9247,2,2,-1
139,5,1706.72,554.68,36.12,97.29,0.9215,2,1,-1
139,9,1304.44,584.44,38.88,105.24,0.8542,3,0,-1
139,17,1429.70,568.32,42.40,77.07,0.9063,1,4,-1
139,21,1203.32,555.45,41.47,89.53,0.9332,2,2,-1
139,23,1872.25,608.78,47.49,109.17,0.9144,2,2,-1
139,29,1545.98,515.29,42.35,83.78,0.9229,2,1,-1
139,33,1296.76,538.29,35.81,66.31,0.8651,2,1,-1
139,53,1011.07,513.38,28.90,76.99,0.8174,2,-1,-1
139,54,1867.77,496.99,35.07,73.75,0.8625,2,1,-1
140,3,1758.25,568.41,32.61,95.41,0.9275,2,2,-1
140,5,1711.15,555.14,33.48,96.11,0.9180,2,1,-1
140,9,1305.92,583.83,41.96,104.80,0.8260,3,0,-1
140,17,1437.75,564.21,41.46,79.25,0.8933,1,4,-1
140,21,1210.53,555.96,43.39,89.21,0.9283,2,2,-1
140,23,1873.13,606.67,47.05,110.37,0.9256,2,2,-1
140,29,1550.24,514.88,41.93,84.68,0.9332,2,1,-1
140,33,1305.93,538.63,33.10,65.47,0.8549,2,1,-1
140,53,1024.51,530.66,23.84,60.22,0.7702,2,-1,-1
140,54,1871.67,496.65,30.79,74.58,0.8879,2,1,-1
141,3,1761.36,568.26,32.07,94.18,0.9203,2,2,-1
141,5,1712.00,554.61,32.39,95.00,0.9122,2,1,-1
141,7,1430.90,514.28,32.58,79.92,0.7992,2,2,-1
141,9,1304.71,584.17,46.70,103.08,0.8428,3,0,-1
141,21,1217.48,556.04,43.50,87.73,0.9354,2,2,-1
141,23,1872.86,605.10,46.87,111.74,0.9220,2,2,-1
141,28,1447.71,567.88,39.30,74.30,0.8575,2,2,-1
141,29,1552.73,514.14,40.97,85.36,0.9356,2,1,-1
141,33,1310.49,538.07,32.11,65.54,0.7922,2,1,-1
141,39,1030.51,526.12,27.59,63.73,0.7271,1,4,-1
141,54,1870.88,494.41,28.97,76.11,0.8972,2,1,-1
142,3,1760.40,567.15,34.05,94.53,0.9160,2,2,-1
142,5,1708.32,552.75,32.45,95.40,0.9106,2,1,-1
142,7,1431.61,513.24,31.69,82.00,0.8092,2,2,-1
142,9,1301.88,581.84,50.59,102.87,0.8845,3,0,-1
142,10,1458.82,549.78,24.52,49.09,0.6682,2,1,-1
142,21,1220.42,554.08,43.24,87.85,0.9264,2,2,-1
142,23,1869.50,602.19,43.42,110.18,0.9187,2,2,-1
142,28,1454.85,590.24,26.67,49.29,0.8244,2,2,-1
142,29,1551.97,512.74,39.03,85.76,0.9335,2,1,-1
142,33,1312.37,537.20,31.06,64.79,0.7958,2,1,-1
142,39,1036.08,512.49,28.35,76.76,0.8685,1,4,-1
142,54,1862.46,493.78,31.37,75.78,0.9175,2,1,-1
143,1,1758.33,566.30,42.24,93.32,0.9296,2,2,-1
143,5,1703.51,551.77,32.34,95.23,0.9149,2,1,-1
143,9,1298.79,581.53,51.93,100.85,0.8709,3,0,-1
143,21,1223.80,552.72,41.64,88.34,0.9267,2,2,-1
143,23,1864.32,600.03,37.12,108.32,0.9231,2,2,-1
143,28,1455.67,553.02,32.84,84.73,0.8896,2,2,-1
143,29,1550.75,511.54,36.59,84.32,0.9194,2,1,-1
143,33,1316.10,538.84,27.62,60.83,0.8693,2,1,-1
143,43,725.24,528.47,24.57,61.37,0.7619,3,-1,-1
143,48,1431.15,537.39,30.16,77.63,0.8284,2,2,-1
143,53,1042.52,532.10,23.30,56.19,0.7139,2,-1,-1
143,54,1851.45,493.98,36.84,74.96,0.9246,2,1,-1
144,1,1758.56,566.27,42.27,91.64,0.9269,2,2,-1
144,5,1700.80,550.86,33.67,94.67,0.9127,2,1,-1
144,7,1433.65,511.90,28.26,72.92,0.8814,2,2,-1
144,9,1298.59,580.86,52.68,100.72,0.8845,3,0,-1
144,17,1461.03,552.25,30.99,85.17,0.8727,1,4,-1
144,21,1229.43,552.55,37.58,87.16,0.9205,2,2,-1
144,23,1857.77,599.05,36.44,108.40,0.9259,2,2,-1
144,29,1550.88,511.14,33.64,84.13,0.9166,2,1,-1
144,33,1318.54,539.73,26.89,59.42,0.8318,2,1,-1
144,43,726.32,523.28,27.83,69.15,0.7431,3,-1,-1
144,54,1844.97,495.05,41.52,73.48,0.9306,2,1,-1
145,1,1761.86,566.13,44.86,91.49,0.9234,2,2,-1
145,5,1700.41,550.97,35.44,93.82,0.9206,2,1,-1
145,7,1437.49,512.69,28.03,76.00,0.9023,2,2,-1
145,9,1301.07,579.52,51.90,101.35,0.8878,3,0,-1
145,17,1468.96,557.74,29.05,79.07,0.8524,1,4,-1
145,21,1238.68,552.29,32.79,86.28,0.9103,2,2,-1
145,23,1854.81,599.04,40.31,107.95,0.9065,2,2,-1
145,29,1551.28,510.52,32.49,85.24,0.9194,2,1,-1
145,33,1321.46,540.57,27.31,58.11,0.8707,2,1,-1
145,54,1845.64,495.22,43.94,73.53,0.9322,2,1,-1
146,1,1768.28,566.05,42.24,91.02,0.9311,2,2,-1
146,5,1704.19,550.16,36.95,94.74,0.9088,2,1,-1
146,9,1306.75,579.80,49.36,100.77,0.8937,3,0,-1
146,21,1247.54,551.90,30.14,86.61,0.9070,2,2,-1
146,23,1855.00,598.85,45.98,107.72,0.9144,2,2,-1
146,28,1473.73,549.87,30.95,86.79,0.8596,2,2,-1
146,29,1554.73,510.50,31.10,83.04,0.8991,2,1,-1
146,33,1327.49,540.94,27.31,56.71,0.8558,2,1,-1
146,43,733.05,518.51,29.89,73.88,0.8311,3,-1,-1
146,48,1418.22,534.28,36.12,77.60,0.9021,2,2,-1
146,53,1060.77,529.95,22.21,55.20,0.7294,1,-1,-1
146,54,1849.85,494.81,45.26,74.45,0.9276,2,1,-1
147,1,1774.09,565.44,41.93,91.64,0.9300,2,2,-1
147,5,1708.97,550.28,36.25,95.45,0.9043,2,1,-1
147,9,1315.07,588.74,42.89,91.68,0.8717,3,0,-1
147,21,1258.19,552.10,26.98,86.29,0.9032,2,2,-1
147,23,1851.93,598.60,55.65,107.55,0.9265,2,-1,-1
147,28,1480.19,549.59,36.47,87.93,0.8752,2,2,-1
147,29,1559.04,510.86,30.01,82.14,0.8920,2,1,-1
147,33,1330.74,540.01,28.43,58.43,0.8021,2,1,-1
147,43,736.62,519.36,30.04,73.50,0.8869,3,-1,-1
147,48,1415.10,530.44,41.54,82.86,0.9101,2,2,-1
147,53,1066.42,531.13,22.05,54.52,0.6238,2,-1,-1
147,54,1854.91,494.60,42.80,74.54,0.9288,2,1,-1
148,1,1777.72,565.59,40.44,92.17,0.9276,2,2,-1
148,5,1711.59,551.01,34.25,93.48,0.9000,2,1,-1
148,7,1445.75,512.09,29.40,79.23,0.9068,2,2,-1
148,9,1310.29,581.34,45.67,99.17,0.8621,3,0,-1
148,21,1263.79,552.37,25.27,86.49,0.9133,2,2,-1
148,23,1846.71,599.20,61.28,108.78,0.9260,2,1,-1
148,29,1558.24,511.57,30.33,82.93,0.8836,2,1,-1
148,31,1479.31,551.27,46.99,87.30,0.9169,2,1,-1
148,33,1331.49,541.46,29.62,58.21,0.8550,2,1,-1
148,39,1069.17,524.61,23.64,62.52,0.7772,1,4,-1
148,43,738.21,523.32,28.17,68.70,0.8393,3,-1,-1
148,48,1405.46,529.05,48.16,83.04,0.9200,2,2,-1
148,54,1855.98,494.76,40.32,75.02,0.9221,2,1,-1
149,1,1781.01,565.69,39.02,92.21,0.9344,2,2,-1
149,5,1711.92,551.06,32.86,93.13,0.8950,2,1,-1
149,7,1445.16,512.22,29.71,79.33,0.9118,2,2,-1
149,9,1304.45,582.74,47.07,97.75,0.8529,3,0,-1
149,21,1265.82,552.73,25.41,85.94,0.8586,2,2,-1
149,23,1841.04,599.81,65.10,108.40,0.9360,2,1,-1
149,29,1555.05,511.37,32.02,84.41,0.8912,2,1,-1
149,31,1480.31,550.97,48.85,88.51,0.9254,2,1,-1
149,33,1330.93,541.64,30.98,59.84,0.8422,2,1,-1
149,43,736.82,523.77,28.21,68.70,0.8064,3,-1,-1
149,48,1396.46,531.25,52.12,80.53,0.9189,2,2,-1
149,53,1070.77,531.83,23.34,56.36,0.8054,1,-1,-1
149,54,1856.25,494.86,35.12,74.87,0.9094,2,1,-1
150,1,1784.51,564.48,37.42,91.24,0.9297,2,2,-1
150,5,1711.46,550.01,32.40,93.68,0.8940,2,1,-1
150,7,1444.96,512.09,29.88,79.21,0.9072,2,2,-1
150,9,1303.26,580.87,46.98,98.17,0.8687,3,0,-1
150,21,1267.07,552.63,26.58,87.09,0.9000,2,2,-1
150,23,1838.18,599.16,64.88,108.51,0.9358,2,1,-1
150,29,1550.34,510.96,33.71,84.27,0.8772,2,1,-1
150,31,1480.72,552.38,48.53,86.70,0.9265,2,1,-1
150,33,1330.82,541.64,31.31,60.01,0.8565,2,1,-1
150,39,1070.91,528.90,24.10,59.15,0.8121,1,4,-1
150,43,734.67,519.52,29.32,73.55,0.7764,3,-1,-1
150,48,1389.66,532.24,52.62,81.85,0.9210,2,2,-1
150,54,1854.65,494.88,29.67,73.94,0.8901,2,1,-1
151,1,1789.35,563.90,35.70,91.99,0.9277,2,2,-1
151,5,1710.66,549.16,32.19,94.68,0.9118,2,1,-1
151,7,1445.21,512.29,29.68,78.71,0.9107,2,2,-1
151,9,1301.72,580.93,46.00,97.23,0.8751,3,0,-1
151,21,1266.95,552.74,30.68,87.38,0.9162,2,2,-1
151,23,1835.13,598.58,64.69,108.45,0.9282,2,1,-1
151,29,1547.22,511.99,35.27,82.43,0.8817,2,1,-1
151,31,1481.14,553.17,49.91,85.70,0.9179,2,1,-1
151,33,1327.69,541.75,35.41,70.84,0.7707,2,1,-1
151,39,1069.38,515.59,28.97,72.27,0.5969,1,4,-1
151,43,732.70,521.96,29.16,75.89,0.8366,3,-1,-1
151,48,1386.57,534.12,46.99,82.38,0.8998,2,2,-1
151,54,1849.01,493.74,28.26,73.70,0.8819,2,1,-1
152,1,1792.56,564.13,36.02,91.23,0.9272,2,2,-1
152,5,1709.34,548.91,31.64,94.71,0.9140,2,1,-1
152,7,1445.55,512.28,29.29,78.81,0.9142,2,2,-1
152,9,1299.84,579.54,45.84,99.92,0.8952,3,0,-1
152,21,1266.77,553.04,36.40,87.62,0.9306,2,2,-1
152,23,1833.78,598.31,60.25,109.05,0.9370,2,1,-1
152,29,1544.11,513.52,37.38,82.25,0.8995,2,1,-1
152,31,1483.31,561.69,47.32,77.52,0.9096,2,1,-1
152,39,1070.70,519.52,28.42,69.97,0.5904,1,4,-1
152,43,733.16,530.57,25.66,64.23,0.7997,3,-1,-1
152,48,1377.87,534.08,37.96,82.34,0.8618,2,2,-1
152,54,1843.72,494.11,28.80,74.04,0.8702,2,1,-1
153,1,1791.74,564.29,40.44,91.34,0.9256,2,2,-1
153,5,1706.67,548.69,32.32,93.84,0.9163,2,1,-1
153,7,1445.87,512.36,29.40,78.99,0.9160,2,2,-1
153,9,1299.34,579.18,45.27,100.66,0.9071,3,0,-1
153,21,1266.85,553.85,39.64,87.52,0.9167,2,2,-1
153,23,1833.33,597.03,53.76,106.75,0.9298,2,1,-1
153,29,1541.32,514.39,39.34,82.13,0.8921,2,1,-1
153,31,1484.16,559.03,46.76,80.53,0.9065,2,1,-1
153,39,1071.04,514.87,31.16,74.43,0.7216,1,4,-1
153,43,730.70,521.95,27.85,70.62,0.7065,3,-1,-1
153,48,1369.50,533.93,36.74,82.17,0.9086,2,2,-1
153,54,1839.76,494.60,30.09,73.78,0.8515,2,1,-1
154,1,1788.73,563.78,47.32,91.66,0.9268,2,2,-1
154,5,1702.41,548.21,34.72,94.33,0.9204,2,1,-1
154,7,1445.50,511.90,29.91,79.57,0.9184,2,2,-1
154,9,1299.14,578.96,43.81,100.87,0.9155,3,0,-1
154,17,1488.42,561.83,40.48,76.55,0.9128,1,4,-1
154,21,1265.38,554.44,41.71,86.88,0.9227,2,2,-1
154,23,1832.12,595.75,45.73,106.72,0.9227,2,1,-1
154,29,1540.07,513.67,38.36,82.22,0.8784,2,1,-1
154,48,1364.87,533.10,36.42,82.86,0.9195,2,2,-1
154,53,1071.02,514.74,32.52,74.62,0.7055,1,-1,-1
154,54,1834.97,495.62,32.66,73.90,0.9041,2,1,-1
155,1,1788.93,563.65,50.33,91.29,0.9268,2,2,-1
155,5,1700.95,548.16,37.87,93.04,0.9186,2,1,-1
155,7,1447.04,512.34,30.28,78.04,0.9143,2,2,-1
155,9,1299.65,578.33,43.33,101.71,0.9186,3,0,-1
155,21,1266.78,554.17,42.57,86.97,0.9063,2,2,-1
155,23,1834.47,594.45,37.92,105.93,0.9236,2,1,-1
155,28,1495.01,565.37,36.70,72.81,0.8780,2,2,-1
155,29,1541.13,513.77,37.42,82.07,0.8927,2,1,-1
155,48,1358.83,531.74,39.46,84.68,0.9263,2,2,-1
155,53,1071.04,515.05,36.15,75.36,0.8821,1,-1,-1
155,54,1832.36,495.66,35.61,74.18,0.9119,2,1,-1
156,1,1790.31,564.00,52.34,91.53,0.9218,2,2,-1
156,2,1502.13,551.26,32.63,87.00,0.8559,2,1,-1
156,5,1698.58,547.83,41.69,93.40,0.9254,2,1,-1
156,7,1448.26,512.54,32.20,78.36,0.9156,2,2,-1
156,9,1297.76,580.08,44.97,100.19,0.9209,3,0,-1
156,23,1832.92,594.29,35.80,106.52,0.9116,2,1,-1
156,29,1542.95,513.99,35.00,81.63,0.8918,2,1,-1
156,33,1326.78,543.08,33.10,77.42,0.8541,2,1,-1
156,48,1354.29,532.61,41.72,82.52,0.9030,2,2,-1
156,53,1073.29,515.83,37.63,75.05,0.8709,1,4,-1
156,54,1829.37,496.14,38.54,73.81,0.8958,2,1,-1
157,1,1789.33,563.66,54.76,91.60,0.9170,2,2,-1
157,5,1693.10,547.19,46.57,95.19,0.9223,2,1,-1
157,7,1447.61,512.51,33.11,77.31,0.9194,2,2,-1
157,9,1293.13,579.63,47.26,100.00,0.9105,3,0,-1
157,28,1503.94,568.38,30.28,69.34,0.8081,2,2,-1
157,29,1542.78,517.05,32.09,79.04,0.8942,2,1,-1
157,48,1344.57,532.93,44.79,80.94,0.8991,2,2,-1
157,53,1073.59,514.84,38.87,76.27,0.6992,1,4,-1
157,54,1820.77,496.62,44.13,73.35,0.9069,2,1,-1
158,1,1790.26,562.68,52.46,91.59,0.9110,2,2,-1
158,2,1510.38,549.85,25.62,87.43,0.8749,2,1,-1
158,5,1691.70,546.67,49.91,94.60,0.9205,2,1,-1
158,7,1448.61,512.97,33.18,76.41,0.9153,2,2,-1
158,9,1291.99,578.54,48.73,99.79,0.9067,3,0,-1
158,29,1543.87,513.50,29.21,81.30,0.8899,2,1,-1
158,48,1340.68,532.63,39.84,70.08,0.7767,2,2,-1
158,53,1075.83,515.79,38.08,74.08,0.5235,1,4,-1
158,54,1821.53,496.55,44.10,72.97,0.9014,2,1,-1
159,1,1797.91,562.57,52.32,92.86,0.9074,2,2,-1
159,2,1518.93,555.14,23.85,82.27,0.8048,2,1,-1
159,5,1695.80,545.85,50.57,93.89,0.9179,2,1,-1
159,7,1453.38,514.56,33.38,74.94,0.9151,2,2,-1
159,9,1295.55,578.36,49.24,99.40,0.8849,3,0,-1
159,29,1548.64,512.27,26.59,82.77,0.8775,2,1,-1
159,48,1326.21,532.68,49.03,91.13,0.8045,2,2,-1
159,53,1082.01,509.48,43.85,79.79,0.8739,1,4,-1
159,54,1825.59,495.78,43.33,73.55,0.8949,2,1,-1
160,1,1805.17,561.63,53.72,91.19,0.8895,2,2,-1
160,5,1698.98,545.29,53.01,94.24,0.9256,2,1,-1
160,7,1457.59,512.46,33.45,75.77,0.9158,2,2,-1
160,29,1551.28,512.27,24.63,81.05,0.8685,2,1,-1
160,31,1520.83,565.72,31.09,69.81,0.8095,2,1,-1
160,33,1330.29,534.68,37.63,89.60,0.9001,2,1,-1
160,39,1090.52,521.31,30.87,67.25,0.5555,1,4,-1
160,43,740.39,520.93,30.50,72.16,0.5264,3,-1,-1
160,48,1290.43,551.60,31.03,55.20,0.8289,2,2,-1
160,54,1830.80,494.11,40.00,75.38,0.8899,2,1,-1
161,2,1530.76,552.23,31.41,83.81,0.8360,2,1,-1
161,5,1703.76,544.92,52.59,93.56,0.9190,2,1,-1
161,7,1463.98,512.88,34.38,74.72,0.9122,2,2,-1
161,9,1303.71,577.15,48.09,99.97,0.8746,3,0,-1
161,23,1822.10,599.66,50.58,97.62,0.8884,2,1,-1
161,29,1555.90,511.23,23.35,80.53,0.8567,2,1,-1
161,33,1337.94,534.05,27.76,61.86,0.6815,2,1,-1
161,39,1100.83,524.82,32.31,63.23,0.6290,1,4,-1
161,43,746.94,520.72,32.21,72.14,0.5806,3,-1,-1
161,54,1833.94,493.88,36.24,73.10,0.8446,2,1,-1
162,2,1537.14,554.01,39.20,81.74,0.9122,2,1,-1
162,5,1710.91,544.27,52.73,94.04,0.9213,2,1,-1
162,7,1471.76,512.34,34.53,75.32,0.9176,2,2,-1
162,9,1312.16,577.36,45.30,99.39,0.9060,3,0,-1
162,23,1826.89,594.74,54.50,102.70,0.8505,2,1,-1
162,33,1344.63,544.56,34.47,79.47,0.8736,2,1,-1
162,53,1106.75,508.98,41.58,78.69,0.6423,1,4,-1
162,54,1843.20,492.47,30.77,73.66,0.8573,2,1,-1
163,2,1542.30,550.50,44.40,85.64,0.9211,2,1,-1
163,5,1717.81,544.34,50.48,93.40,0.9133,2,1,-1
163,7,1478.62,512.28,34.27,74.56,0.9109,2,2,-1
163,9,1317.56,575.64,45.46,100.95,0.8566,3,0,-1
163,23,1831.84,596.70,55.25,101.36,0.9132,2,1,-1
163,33,1351.07,544.00,32.66,81.40,0.8592,2,1,-1
163,39,1118.02,530.34,27.64,57.38,0.5825,1,4,-1
163,43,760.43,519.07,31.96,72.82,0.6191,3,-1,-1
163,54,1848.50,492.57,27.06,74.14,0.8768,2,1,-1
164,2,1549.14,554.79,43.79,81.41,0.9109,2,1,-1
164,5,1723.81,543.56,47.73,90.60,0.9112,2,1,-1
164,7,1484.97,512.58,34.05,74.30,0.9174,2,2,-1
164,9,1313.98,575.02,50.56,101.43,0.8757,3,0,-1
164,10,1572.01,511.41,22.61,55.88,0.7973,2,1,-1
164,21,1327.55,531.93,26.26,59.09,0.8381,2,2,-1
164,23,1835.95,600.31,52.46,96.99,0.8979,2,1,-1
164,33,1353.48,542.77,34.10,82.87,0.9058,2,1,-1
164,43,765.88,520.85,30.50,71.13,0.5364,3,-1,-1
164,53,1121.93,519.66,32.94,68.13,0.5903,1,4,-1
164,54,1852.07,492.86,26.50,75.51,0.8883,2,1,-1
165,2,1555.42,554.69,44.57,80.99,0.9180,2,1,-1
165,5,1729.29,543.24,45.29,92.63,0.9156,2,1,-1
165,7,1492.30,512.27,33.26,73.02,0.9109,2,2,-1
165,9,1326.80,575.58,46.01,100.46,0.9084,3,0,-1
165,10,1576.90,511.47,21.95,56.09,0.8410,2,1,-1
165,23,1840.75,598.98,49.21,96.43,0.9031,2,1,-1
165,39,1131.49,527.46,27.04,59.51,0.5423,1,4,-1
165,43,772.15,519.29,29.20,73.18,0.7622,3,-1,-1
165,54,1851.31,492.70,28.99,74.97,0.9065,2,1,-1
166,2,1562.69,556.53,44.29,78.38,0.9060,2,1,-1
166,5,1735.94,542.19,41.11,91.72,0.9153,2,1,-1
166,7,1499.90,514.10,32.02,70.69,0.9054,2,2,-1
166,8,1363.57,543.17,31.41,81.48,0.7059,2,2,-1
166,9,1333.68,575.07,43.09,100.48,0.8991,3,0,-1
166,10,1581.82,510.88,20.49,55.20,0.8361,2,1,-1
166,23,1845.29,589.37,44.49,103.58,0.9273,2,1,-1
166,43,779.71,519.92,27.61,71.44,0.6506,3,-1,-1
166,53,1138.42,510.74,30.64,77.11,0.8127,1,4,-1
166,54,1849.62,493.90,35.52,74.19,0.9196,2,1,-1
167,3,1873.63,558.73,39.68,91.20,0.9075,2,2,-1
167,5,1742.03,541.67,37.96,91.41,0.9115,2,1,-1
167,7,1508.45,513.66,30.51,71.54,0.8916,2,2,-1
167,8,1369.73,544.83,27.24,49.74,0.8274,2,2,-1
167,9,1340.55,589.87,37.81,85.60,0.8937,3,0,-1
167,10,1583.15,511.50,22.41,58.28,0.7218,2,1,-1
167,28,1572.64,558.29,39.34,76.23,0.9057,2,2,-1
167,43,788.35,523.21,25.89,68.96,0.8342,3,-1,-1
167,53,1146.32,511.91,30.12,76.59,0.8591,1,4,-1
167,54,1849.97,495.34,39.00,73.20,0.9136,2,1,-1
168,3,1881.49,558.28,38.86,91.98,0.8980,2,2,-1
168,5,1749.37,540.56,36.32,92.80,0.9169,2,1,-1
168,7,1519.52,512.12,28.70,72.47,0.8986,2,2,-1
168,8,1371.20,545.00,33.16,61.29,0.5140,2,2,-1
168,9,1345.33,575.72,42.07,99.00,0.9025,3,0,-1
168,23,1852.55,586.90,34.78,103.63,0.8932,2,1,-1
168,29,1589.07,510.41,22.20,63.54,0.8164,2,1,-1
168,31,1582.54,558.67,36.11,74.33,0.8950,2,1,-1
168,43,796.95,523.28,24.99,66.17,0.8227,3,-1,-1
168,53,1154.51,511.44,31.23,76.40,0.8255,1,4,-1
168,54,1854.07,495.18,41.78,73.08,0.9212,2,1,-1
168,57,1321.45,535.26,25.93,78.66,0.8866,2,-1,-1
169,3,1889.92,556.85,32.29,92.43,0.8967,2,2,-1
169,5,1758.64,539.28,34.45,92.87,0.9136,2,1,-1
169,7,1530.46,511.65,26.65,72.80,0.8924,2,2,-1
169,9,1349.29,574.05,44.01,99.71,0.9146,3,0,-1
169,17,1593.91,552.12,34.93,79.88,0.8428,1,4,-1
169,21,1385.55,544.76,24.15,51.69,0.8049,2,2,-1
169,23,1855.72,585.82,34.12,104.57,0.9056,2,1,-1
169,53,1163.29,510.84,32.87,76.73,0.8385,1,4,-1
169,54,1860.76,494.07,43.54,73.34,0.9233,2,1,-1
169,57,1321.06,533.46,30.02,80.40,0.9061,2,-1,-1
170,3,1897.48,557.20,25.50,90.69,0.8752,2,2,-1
170,5,1766.50,538.54,32.41,92.22,0.9151,2,1,-1
170,7,1540.35,513.31,24.81,70.32,0.9051,2,2,-1
170,9,1348.52,573.87,47.79,98.06,0.8955,3,0,-1
170,23,1856.22,584.92,38.57,103.77,0.9285,2,1,-1
170,31,1602.55,545.11,35.79,85.85,0.8740,2,1,-1
170,43,814.18,523.43,24.74,67.07,0.7748,3,-1,-1
170,53,1170.46,511.56,35.22,74.91,0.9056,1,4,-1
170,54,1866.34,493.07,42.83,74.30,0.9227,2,1,-1
170,57,1322.55,532.69,29.75,77.79,0.9004,2,-1,-1
171,3,1902.72,573.79,19.84,75.95,0.7679,2,2,-1
171,5,1770.18,538.05,33.51,92.91,0.9026,2,1,-1
171,7,1547.81,510.15,25.94,73.99,0.9053,2,2,-1
171,9,1354.84,572.87,47.56,97.52,0.8920,3,0,-1
171,23,1856.72,583.44,44.59,104.27,0.9228,2,1,-1
171,31,1614.02,544.22,32.44,86.12,0.8748,2,1,-1
171,43,822.79,526.44,23.06,62.64,0.6283,3,-1,-1
171,53,1179.21,510.83,35.92,74.66,0.8728,1,4,-1
171,54,1871.58,491.21,41.04,75.74,0.9163,2,1,-1
171,57,1321.35,532.12,33.87,77.47,0.8999,2,2,-1
172,5,1775.02,537.03,34.32,92.63,0.9120,2,1,-1
172,7,1555.54,510.52,26.62,72.85,0.9084,2,2,-1
172,9,1356.47,571.45,51.94,97.88,0.9124,3,0,-1
172,23,1857.02,582.79,51.15,104.42,0.9237,2,1,-1
172,29,1613.47,505.90,23.48,75.26,0.7472,2,1,-1
172,31,1625.85,543.37,30.48,85.48,0.8928,2,1,-1
172,53,1186.86,508.20,34.89,76.39,0.8688,1,4,-1
172,54,1878.56,490.69,35.86,74.52,0.9033,2,1,-1
172,57,1320.47,530.39,39.52,79.02,0.9155,2,2,-1
173,5,1777.61,537.45,36.76,92.76,0.9139,2,1,-1
173,7,1562.54,511.23,27.12,71.53,0.9082,2,2,-1
173,9,1358.40,572.57,56.12,97.08,0.9130,3,0,-1
173,23,1857.16,583.47,56.25,102.12,0.9325,2,1,-1
173,29,1617.65,533.71,20.18,51.92,0.8053,2,1,-1
173,31,1633.55,543.35,30.60,87.05,0.8882,2,1,-1
173,53,1196.84,508.48,32.87,76.39,0.8574,1,4,-1
173,54,1883.93,493.71,29.84,71.25,0.8784,2,1,-1
173,57,1315.02,529.79,46.51,80.93,0.9217,2,2,-1
173,58,1408.85,548.71,28.43,86.62,0.8762,2,-1,-1
174,5,1780.80,537.35,36.41,92.70,0.9172,2,1,-1
174,7,1567.41,511.08,27.81,71.77,0.9092,2,2,-1
174,10,1621.29,505.91,24.47,68.85,0.7576,2,1,-1
174,23,1856.76,583.30,58.87,101.57,0.9328,2,1,-1
174,31,1637.91,542.92,35.71,87.47,0.9153,2,1,-1
174,33,1380.09,571.98,39.64,97.38,0.8425,2,1,-1
174,53,1205.59,508.46,29.85,76.06,0.8672,1,4,-1
174,54,1886.91,492.42,25.32,71.20,0.8663,2,1,-1
174,57,1313.32,535.32,45.23,76.57,0.8966,2,2,-1
174,58,1415.36,548.73,26.59,87.04,0.8700,2,-1,-1
175,5,1783.40,537.65,35.72,92.77,0.9120,2,1,-1
175,7,1569.81,510.03,30.05,73.46,0.8948,2,2,-1
175,9,1364.56,571.09,57.20,98.19,0.8517,3,0,-1
175,23,1855.99,582.83,59.88,103.13,0.9345,2,1,-1
175,28,1621.99,539.85,25.65,47.21,0.7896,2,2,-1
175,31,1642.46,543.12,40.38,87.83,0.9193,2,1,-1
175,53,1212.51,508.82,28.71,75.46,0.6598,1,4,-1
175,54,1886.86,494.97,24.11,69.61,0.8709,2,1,-1
175,57,1310.62,533.97,44.54,80.37,0.8541,2,2,-1
175,58,1423.41,548.32,24.22,87.58,0.8660,2,-1,-1
176,5,1786.54,537.28,34.28,92.21,0.9065,2,1,-1
176,7,1573.13,507.69,32.51,75.41,0.9194,2,2,-1
176,9,1366.78,571.59,57.19,97.20,0.8600,3,0,-1
176,10,1627.22,505.74,22.61,64.16,0.7080,2,1,-1
176,23,1856.29,581.87,58.88,103.15,0.9315,2,1,-1
176,31,1645.35,543.00,42.85,87.14,0.9041,2,1,-1
176,43,853.26,533.77,21.43,57.77,0.5496,3,-1,-1
176,53,1218.43,508.50,28.02,75.23,0.5176,1,4,-1
176,54,1883.37,492.16,27.04,72.66,0.8928,2,1,-1
176,57,1308.25,533.82,35.22,78.43,0.8783,2,2,-1
176,58,1428.69,547.67,24.53,86.46,0.8927,2,2,-1
177,5,1788.60,536.52,33.11,91.49,0.9165,2,1,-1
177,7,1576.31,506.14,37.05,76.46,0.9192,2,2,-1
177,9,1367.51,570.62,58.80,96.91,0.8531,3,0,-1
177,23,1856.97,580.39,54.63,98.88,0.9260,2,1,-1
177,29,1628.96,537.75,22.74,48.65,0.7243,2,1,-1
177,31,1648.37,542.82,44.15,87.39,0.9219,2,1,-1
177,43,855.83,524.00,24.51,67.39,0.6256,3,-1,-1
177,53,1223.97,507.42,26.15,75.58,0.7361,1,4,-1
177,54,1878.92,493.70,31.64,71.28,0.9027,2,1,-1
177,57,1302.07,534.09,30.23,78.13,0.8937,2,2,-1
177,58,1433.32,546.45,25.05,86.68,0.8743,2,2,-1
178,2,1576.56,507.14,38.08,75.98,0.9261,2,1,-1
178,5,1787.90,535.74,33.29,90.69,0.9182,2,1,-1
178,8,1413.34,543.29,29.70,83.73,0.8080,2,2,-1
178,9,1368.17,571.14,58.98,96.05,0.8554,3,0,-1
178,10,1626.10,515.06,27.26,71.17,0.8461,2,1,-1
178,23,1856.07,578.67,48.58,98.87,0.9293,2,1,-1
178,31,1650.83,542.39,43.61,87.28,0.9224,2,1,-1
178,43,859.84,532.49,21.93,58.48,0.6207,3,-1,-1
178,53,1227.91,506.64,25.86,76.61,0.7465,1,4,-1
178,54,1873.34,490.61,37.26,74.90,0.9193,2,1,-1
178,57,1296.21,533.27,33.29,77.80,0.9058,2,2,-1
178,58,1436.25,546.31,26.02,86.56,0.8945,2,2,-1
179,5,1785.57,535.13,34.06,90.90,0.9180,2,1,-1
179,7,1577.56,506.20,37.07,76.29,0.9292,2,2,-1
179,8,1414.35,544.48,28.43,82.54,0.8450,2,2,-1
179,9,1367.50,571.15,59.45,95.72,0.7719,3,0,-1
179,10,1625.65,511.06,28.27,76.20,0.8389,2,1,-1
179,23,1856.03,577.62,40.82,98.15,0.9175,2,1,-1
179,31,1652.04,542.53,41.98,87.39,0.9163,2,1,-1
179,43,860.06,529.17,23.15,61.37,0.5135,3,-1,-1
179,53,1229.62,507.85,26.94,75.16,0.8454,1,4,-1
179,54,1869.13,491.37,40.42,74.40,0.9231,2,1,-1
179,57,1289.21,533.78,37.43,76.50,0.9212,2,2,-1
179,58,1437.64,546.73,27.70,86.93,0.8979,2,2,-1
180,5,1783.54,534.24,35.09,91.31,0.9205,2,1,-1
180,7,1578.30,506.79,36.62,75.44,0.9255,2,2,-1
180,8,1414.62,545.33,28.38,80.25,0.8863,2,2,-1
180,9,1366.99,570.29,60.43,96.39,0.8552,3,0,-1
180,23,1855.05,576.57,34.63,100.02,0.9259,2,1,-1
180,29,1627.66,538.83,24.25,49.35,0.7914,2,1,-1
180,31,1653.96,542.56,39.92,86.18,0.9133,2,1,-1
180,43,862.38,526.79,25.09,64.84,0.8487,2,-1,-1
180,53,1231.95,507.45,28.32,75.87,0.6692,1,4,-1
180,54,1864.89,492.13,43.35,73.48,0.9290,2,1,-1
180,57,1278.63,533.30,44.86,78.51,0.9117,2,2,-1
180,58,1438.84,547.67,31.19,85.54,0.8999,2,2,-1
181,5,1780.43,533.90,36.54,89.59,0.9160,2,1,-1
181,7,1578.75,506.45,36.06,74.87,0.9180,2,2,-1
181,8,1414.31,546.15,29.29,78.04,0.8945,2,2,-1
181,9,1366.28,570.82,60.79,95.62,0.7929,3,0,-1
181,23,1850.59,576.05,33.64,99.75,0.9023,2,1,-1
181,28,1623.96,505.53,25.14,49.36,0.7531,2,2,-1
181,31,1655.96,541.74,37.30,86.50,0.9123,2,1,-1
181,39,1231.11,511.37,35.66,71.47,0.8571,1,4,-1
181,43,864.26,527.76,24.79,63.63,0.8656,2,-1,-1
181,54,1862.27,491.85,42.51,74.09,0.9254,2,1,-1
181,57,1272.76,533.71,47.58,74.66,0.9147,2,2,-1
181,58,1438.96,548.03,36.26,84.98,0.9147,2,2,-1
182,5,1777.91,532.94,37.49,89.97,0.9158,2,1,-1
182,7,1581.72,506.54,33.69,73.85,0.9119,2,2,-1
182,9,1409.76,546.81,35.58,75.93,0.8909,3,0,-1
182,10,1624.70,504.97,26.12,79.62,0.8621,2,1,-1
182,23,1842.00,575.69,37.86,99.79,0.9299,2,1,-1
182,31,1658.96,540.31,34.84,87.78,0.9148,2,1,-1
182,39,1230.61,508.66,38.44,74.00,0.9027,1,4,-1
182,43,865.07,519.17,27.33,71.84,0.8441,2,-1,-1
182,54,1859.69,491.46,41.55,73.71,0.9228,2,1,-1
182,57,1263.29,536.24,50.13,74.59,0.9137,2,2,-1
182,58,1438.76,547.49,42.64,85.63,0.9183,2,2,-1
183,5,1776.22,531.65,38.15,90.31,0.9163,2,1,-1
183,7,1585.00,505.45,31.58,74.95,0.9099,2,2,-1
183,9,1411.68,546.52,31.78,75.79,0.8949,3,0,-1
183,10,1626.19,506.70,24.50,77.38,0.8138,2,1,-1
183,23,1832.00,575.15,45.72,99.68,0.9274,2,1,-1
183,31,1661.18,539.69,32.12,87.51,0.9148,2,1,-1
183,39,1230.87,508.43,37.50,73.58,0.8783,1,4,-1
183,43,867.37,526.97,25.99,64.41,0.8853,2,-1,-1
183,54,1857.15,491.00,38.82,73.68,0.9051,2,1,-1
183,57,1257.93,536.39,47.12,77.32,0.8786,2,2,-1
183,58,1438.35,547.53,44.36,85.63,0.9180,2,2,-1
184,5,1775.20,531.40,37.59,89.97,0.9186,2,1,-1
184,7,1589.95,505.65,27.99,72.77,0.9040,2,2,-1
184,9,1411.95,546.45,30.86,75.36,0.8907,3,0,-1
184,17,1627.41,537.59,21.92,46.33,0.8207,1,4,-1
184,23,1825.10,575.68,52.28,99.82,0.9229,2,1,-1
184,31,1662.15,539.23,30.83,87.18,0.9080,2,1,-1
184,39,1232.14,508.23,33.99,72.47,0.8836,1,4,-1
184,43,867.27,523.13,28.42,68.28,0.9050,2,-1,-1
184,54,1855.77,492.02,32.84,71.98,0.8882,2,1,-1
184,57,1253.91,544.34,36.02,69.25,0.8604,2,2,-1
184,58,1438.97,547.68,46.25,85.28,0.9262,2,2,-1
185,5,1773.07,530.94,37.93,90.01,0.9222,2,1,-1
185,7,1593.63,506.54,25.74,72.26,0.8953,2,2,-1
185,9,1410.67,545.84,31.42,76.45,0.8830,3,0,-1
185,23,1821.24,575.64,55.43,99.28,0.9333,2,1,-1
185,28,1625.03,504.37,23.98,54.22,0.8094,2,2,-1
185,31,1661.98,538.72,29.34,87.00,0.8977,2,1,-1
185,43,867.88,526.13,27.70,64.88,0.9023,2,-1,-1
185,54,1854.08,491.34,27.68,71.95,0.8619,2,1,-1
185,57,1242.63,539.11,36.01,73.69,0.8440,2,2,-1
185,58,1439.82,547.06,45.61,85.32,0.9275,2,2,-1
186,5,1771.32,530.87,36.82,89.12,0.9214,2,1,-1
186,7,1598.36,507.41,22.85,70.61,0.8967,2,2,-1
186,9,1410.41,544.68,31.65,78.64,0.8815,3,0,-1
186,23,1817.25,574.59,57.66,98.08,0.9221,2,1,-1
186,29,1624.40,536.78,23.99,47.08,0.8703,2,1,-1
186,31,1661.20,537.75,29.36,87.13,0.9066,2,1,-1
186,43,868.73,528.43,28.21,62.39,0.8993,2,-1,-1
186,54,1850.64,488.53,26.23,74.58,0.8958,2,1,-1
186,57,1235.90,530.03,38.63,81.72,0.8637,2,2,-1
186,58,1440.87,545.45,44.60,85.52,0.9302,2,2,-1
187,5,1769.87,528.68,36.66,89.62,0.9189,2,1,-1
187,7,1599.39,505.41,21.91,70.29,0.8903,2,2,-1
187,9,1408.49,543.28,32.32,79.62,0.8936,3,0,-1
187,17,1623.01,527.06,25.47,54.63,0.8618,1,4,-1
187,23,1811.65,572.60,60.08,97.83,0.9321,2,1,-1
187,31,1660.14,536.32,28.84,86.77,0.9062,2,1,-1
187,43,868.33,524.42,29.13,65.29,0.8743,2,-1,-1
187,54,1845.61,487.42,26.87,73.23,0.9061,2,1,-1
187,57,1230.28,526.52,39.00,82.63,0.9058,2,2,-1
187,58,1443.21,544.57,42.00,85.19,0.9258,2,2,-1
188,5,1767.77,526.60,35.16,89.45,0.9179,2,1,-1
188,7,1599.20,503.35,21.88,70.78,0.8907,2,2,-1
188,10,1621.12,501.57,26.82,77.70,0.8854,2,1,-1
188,23,1806.29,570.22,59.66,97.30,0.9345,2,1,-1
188,31,1659.11,534.53,27.89,85.97,0.9107,2,1,-1
188,33,1368.20,563.52,54.73,95.45,0.8824,2,1,-1
188,43,868.78,521.24,29.05,65.95,0.7150,2,-1,-1
188,53,1253.57,501.58,18.29,50.94,0.5670,1,4,-1
188,54,1839.93,486.01,29.77,73.27,0.9059,2,1,-1
188,57,1222.73,526.51,41.11,78.63,0.9146,2,2,-1
188,58,1445.41,542.40,37.81,84.76,0.9153,2,2,-1
189,5,1766.89,525.90,33.42,88.60,0.9115,2,1,-1
189,7,1598.39,500.21,24.13,73.86,0.8903,2,2,-1
189,9,1405.03,540.88,32.42,77.89,0.8842,3,0,-1
189,10,1620.88,499.74,27.60,78.57,0.8861,2,1,-1
189,23,1803.10,568.09,54.70,97.62,0.9305,2,1,-1
189,31,1657.23,533.47,28.72,84.66,0.9152,2,1,-1
189,39,1249.18,501.25,26.84,74.94,0.8262,1,4,-1
189,43,873.26,518.11,28.29,66.89,0.7333,2,-1,-1
189,54,1830.95,485.66,35.44,72.30,0.9242,2,1,-1
189,57,1212.09,526.92,45.05,77.61,0.9177,2,2,-1
189,58,1448.82,540.94,33.76,85.25,0.9046,2,2,-1
190,5,1765.86,524.19,32.65,89.09,0.9106,2,1,-1
190,7,1598.46,501.18,24.96,71.29,0.8920,2,2,-1
190,9,1403.95,540.35,32.04,76.33,0.8895,3,0,-1
190,10,1619.95,499.89,28.50,77.64,0.8783,2,1,-1
190,23,1802.54,566.14,47.83,97.81,0.9241,2,1,-1
190,31,1656.70,532.38,29.26,84.82,0.9158,2,1,-1
190,39,1256.92,533.80,16.61,40.58,0.7421,1,4,-1
190,43,876.57,529.34,22.93,54.70,0.5296,2,-1,-1
190,48,1255.00,502.25,21.71,47.98,0.5854,2,2,-1
190,54,1825.71,484.73,39.07,72.50,0.9198,2,1,-1
190,57,1202.53,527.14,47.13,78.30,0.9196,2,2,-1
190,58,1454.71,539.93,28.46,83.91,0.8969,2,2,-1
191,5,1765.26,523.12,31.49,87.82,0.9100,2,1,-1
191,7,1597.72,501.00,28.23,71.30,0.8808,2,2,-1
191,23,1802.23,563.49,38.16,98.30,0.9199,2,1,-1
191,31,1655.99,530.93,29.21,84.39,0.9108,2,1,-1
191,33,1364.12,560.65,57.41,94.85,0.8898,2,1,-1
191,39,1260.22,534.60,16.13,38.51,0.5944,1,4,-1
191,54,1822.36,484.57,41.02,71.43,0.9295,2,1,-1
191,57,1195.41,525.94,41.47,80.22,0.8629,2,2,-1
191,58,1459.70,538.51,26.54,84.34,0.9033,2,2,-1
192,5,1764.59,521.43,30.23,85.51,0.9177,2,1,-1
192,7,1596.80,499.00,31.74,73.19,0.8951,2,2,-1
192,8,1402.74,540.19,31.17,79.34,0.8783,2,2,-1
192,10,1623.86,496.68,23.64,63.52,0.7039,2,1,-1
192,23,1799.69,561.06,31.84,99.23,0.8990,2,1,-1
192,31,1654.91,529.34,29.10,85.27,0.9014,2,1,-1
192,39,1257.35,501.32,27.29,69.43,0.5963,1,4,-1
192,54,1820.00,484.01,41.86,71.94,0.9345,2,1,-1
192,57,1191.38,527.18,33.74,78.26,0.8620,2,2,-1
192,58,1464.17,537.27,25.75,83.95,0.9156,2,2,-1
193,5,1763.34,520.01,29.80,86.79,0.9154,2,1,-1
193,7,1595.96,495.69,32.74,75.19,0.9026,2,2,-1
193,8,1401.95,539.72,31.15,77.39,0.8694,2,2,-1
193,23,1795.16,559.61,29.68,98.96,0.9117,2,1,-1
193,31,1654.71,528.22,28.92,85.38,0.9056,2,1,-1
193,39,1261.03,497.65,24.82,72.99,0.8907,1,4,-1
193,54,1817.90,482.41,41.85,72.72,0.9243,2,1,-1
193,57,1185.35,527.65,29.38,74.92,0.8970,2,2,-1
193,58,1466.88,535.96,27.23,84.26,0.9128,2,2,-1
194,5,1762.22,518.09,29.93,87.81,0.9130,2,1,-1
194,7,1598.23,497.23,30.65,72.99,0.8935,2,2,-1
194,8,1402.59,539.43,30.40,75.94,0.8655,2,2,-1
194,23,1788.10,559.07,32.00,98.83,0.9138,2,1,-1
194,31,1654.55,527.40,27.95,83.55,0.9006,2,1,-1
194,39,1261.46,494.71,30.29,75.94,0.9056,1,4,-1
194,43,881.20,516.46,25.53,65.43,0.6270,2,-1,-1
194,54,1816.21,481.25,38.27,71.93,0.9241,2,1,-1
194,57,1177.78,525.51,32.81,75.62,0.9137,2,2,-1
194,58,1466.77,535.94,30.90,83.61,0.9146,2,2,-1
195,5,1761.02,516.74,29.15,87.06,0.9087,2,1,-1
195,7,1599.83,495.13,29.50,74.66,0.8847,2,2,-1
195,8,1402.63,538.82,29.98,75.61,0.8678,2,2,-1
195,23,1781.71,558.48,35.37,98.21,0.9105,2,1,-1
195,31,1654.66,526.98,27.72,82.84,0.8995,2,1,-1
195,39,1262.02,493.65,34.71,76.38,0.8900,1,4,-1
195,43,882.51,510.25,25.63,70.17,0.8373,2,-1,-1
195,54,1815.07,480.02,34.13,73.20,0.9064,2,1,-1
195,57,1169.68,522.39,37.83,78.11,0.9267,2,2,-1
195,58,1466.33,535.25,33.97,84.06,0.9149,2,2,-1
196,8,1402.79,538.10,29.76,76.92,0.8809,2,2,-1
196,17,1603.34,495.60,27.04,68.20,0.8811,1,4,-1
196,23,1773.24,558.75,41.82,96.01,0.9169,2,1,-1
196,31,1654.45,527.01,27.52,82.00,0.9005,2,1,-1
196,39,1263.65,492.95,35.29,76.52,0.5284,1,4,-1
196,43,889.01,547.59,15.70,31.96,0.8166,2,-1,-1
196,54,1813.61,479.16,28.69,71.18,0.8818,2,1,-1
196,57,1159.90,521.35,44.48,78.25,0.9298,2,2,-1
196,58,1465.55,535.37,39.01,82.96,0.9267,2,2,-1
197,7,1607.24,494.71,25.17,70.02,0.8751,2,2,-1
197,8,1402.32,537.38,30.16,78.52,0.8822,2,2,-1
197,23,1765.66,558.36,48.64,96.48,0.9184,2,1,-1
197,31,1654.22,526.70,27.54,81.94,0.9033,2,1,-1
197,39,1261.81,493.86,40.17,74.97,0.8966,1,4,-1
197,43,887.13,537.95,21.98,42.50,0.8136,2,-1,-1
197,54,1811.35,478.65,23.79,70.43,0.8729,2,1,-1
197,57,1149.04,520.70,50.95,78.35,0.9315,2,2,-1
197,58,1465.55,535.40,42.60,82.65,0.9245,2,2,-1
198,7,1609.27,494.88,23.32,70.17,0.8351,2,2,-1
198,8,1401.99,537.47,29.44,75.64,0.8750,2,2,-1
198,23,1759.84,557.53,52.57,96.67,0.9194,2,1,-1
198,31,1653.61,526.09,27.43,81.99,0.9022,2,1,-1
198,39,1262.16,493.74,40.74,75.14,0.7812,1,4,-1
198,43,884.30,515.52,29.59,65.95,0.8571,2,-1,-1
198,54,1807.61,478.82,22.05,71.44,0.8669,2,1,-1
198,57,1142.46,520.63,51.28,78.78,0.9310,2,2,-1
198,58,1463.91,534.75,45.18,83.54,0.9291,2,2,-1
199,7,1610.94,494.58,22.05,71.14,0.8472,2,2,-1
199,8,1401.55,537.16,29.49,75.40,0.8810,2,2,-1
199,23,1755.31,557.61,54.28,95.90,0.9226,2,1,-1
199,31,1652.97,526.25,27.34,81.11,0.8997,2,1,-1
199,39,1262.51,493.87,41.12,74.72,0.8491,1,4,-1
199,43,885.87,511.66,29.39,70.21,0.7797,2,-1,-1
199,54,1801.38,479.13,23.71,69.57,0.8841,2,1,-1
199,57,1138.13,525.31,46.76,77.89,0.9041,2,2,-1
199,58,1464.17,534.23,45.78,83.97,0.9309,2,2,-1
200,7,1612.17,493.31,21.42,72.15,0.8551,2,2,-1
200,8,1401.28,536.78,30.19,76.64,0.8894,2,2,-1
200,10,1627.98,497.52,22.34,69.94,0.7119,2,1,-1
200,23,1753.22,562.77,51.58,89.08,0.9111,2,1,-1
200,31,1652.68,526.06,27.34,80.60,0.8979,2,1,-1
200,39,1265.31,492.72,39.68,75.77,0.8834,1,4,-1
200,43,891.11,524.87,23.63,56.87,0.5980,2,-1,-1
200,54,1796.62,478.47,27.01,70.31,0.8889,2,1,-1
200,57,1133.55,526.34,40.26,76.91,0.8840,2,2,-1
200,58,1464.07,533.70,45.53,84.53,0.9338,2,2,-1
201,5,1745.17,513.77,34.31,83.43,0.9027,2,1,-1
201,7,1612.26,493.35,21.54,73.35,0.8627,2,2,-1
201,8,1400.81,537.16,32.71,77.49,0.8833,2,2,-1
201,31,1652.07,527.47,27.02,79.17,0.8995,2,1,-1
201,39,1265.66,492.34,39.57,76.38,0.7025,1,4,-1
201,43,896.60,542.30,16.84,39.15,0.7283,2,-1,-1
201,54,1790.06,479.25,32.60,71.03,0.9091,2,1,-1
201,57,1125.15,523.86,31.12,77.63,0.9040,2,2,-1
201,58,1466.51,533.79,42.35,84.02,0.9289,2,2,-1
202,5,1742.24,514.04,37.21,83.83,0.8983,2,1,-1
202,7,1612.26,495.55,23.25,70.50,0.8706,2,2,-1
202,8,1398.17,536.85,35.51,77.47,0.8910,2,2,-1
202,31,1650.59,525.16,26.43,81.43,0.8993,2,1,-1
202,39,1269.35,492.43,35.75,75.50,0.8182,1,4,-1
202,43,893.32,513.63,26.62,68.14,0.7753,2,-1,-1
202,54,1784.96,479.76,35.11,69.88,0.9130,2,1,-1
202,57,1119.03,522.45,32.32,79.23,0.9109,2,2,-1
202,58,1469.38,533.19,38.36,84.52,0.9246,2,2,-1
203,5,1738.77,512.99,35.25,79.79,0.8925,2,1,-1
203,8,1397.56,536.70,38.50,77.24,0.8950,2,2,-1
203,28,1609.43,494.34,30.95,70.42,0.8697,2,2,-1
203,31,1649.76,525.64,24.77,79.92,0.8909,2,1,-1
203,39,1272.09,491.87,33.74,74.75,0.6915,1,4,-1
203,43,895.45,511.59,24.53,69.33,0.8522,2,-1,-1
203,54,1780.79,479.25,36.32,70.32,0.9192,2,1,-1
203,57,1111.33,519.85,36.59,80.40,0.9271,2,2,-1
203,58,1471.86,532.63,33.96,83.80,0.9062,2,2,-1
204,5,1735.55,512.65,34.79,78.77,0.8786,2,1,-1
204,28,1607.47,492.68,31.46,71.11,0.8662,2,2,-1
204,31,1648.49,522.99,24.63,81.48,0.8944,2,1,-1
204,33,1355.20,551.46,57.44,94.26,0.8878,2,1,-1
204,39,1279.34,505.04,24.97,59.83,0.7842,1,4,-1
204,43,896.30,514.26,22.77,65.55,0.8607,1,4,-1
204,54,1775.61,478.93,37.35,69.97,0.9222,2,1,-1
204,57,1101.98,518.55,40.99,80.31,0.9260,2,2,-1
204,58,1476.52,531.33,30.34,84.16,0.8696,2,2,-1
205,5,1733.22,511.62,33.90,78.89,0.8905,2,1,-1
205,8,1391.90,536.89,42.52,76.23,0.8840,2,2,-1
205,28,1606.37,491.53,33.28,72.43,0.8883,2,2,-1
205,31,1646.16,522.44,24.24,81.03,0.8817,2,1,-1
205,43,897.61,517.93,21.80,61.74,0.8525,1,4,-1
205,53,1284.06,511.68,18.62,53.14,0.6747,1,4,-1
205,54,1770.58,478.19,37.48,70.43,0.9097,2,1,-1
205,57,1089.94,518.90,46.13,76.56,0.9240,2,2,-1
205,58,1481.80,531.32,25.98,83.37,0.9073,2,2,-1
205,0,851.02,565.66,12.46,15.06,1.0,0,-1,-1
206,5,1730.70,510.48,33.28,76.31,0.8934,2,1,-1
206,28,1605.71,491.07,33.67,72.24,0.8744,2,2,-1
206,31,1644.66,521.53,23.56,81.05,0.8722,2,1,-1
206,33,1350.56,551.48,58.12,92.92,0.8878,2,1,-1
206,43,897.59,515.42,23.52,63.08,0.8721,1,4,-1
206,53,1283.49,490.99,21.84,72.96,0.8233,1,4,-1
206,54,1766.34,477.53,34.88,70.14,0.9064,2,1,-1
206,57,1080.32,519.58,49.46,77.26,0.9206,2,2,-1
206,58,1483.93,530.82,24.68,83.11,0.9101,2,2,-1
206,0,849.41,564.74,11.92,12.63,1.0,0,-1,-1
207,5,1728.86,509.08,32.38,74.70,0.8968,2,1,-1
207,23,1721.25,570.07,37.25,71.94,0.8294,2,1,-1
207,29,1605.40,501.28,33.04,62.17,0.8548,2,1,-1
207,31,1643.11,521.88,23.04,79.81,0.8597,2,1,-1
207,33,1347.41,550.73,59.70,92.53,0.8742,2,1,-1
207,43,897.81,514.55,27.07,63.63,0.9020,1,4,-1
207,53,1283.50,489.14,22.30,73.98,0.8729,1,4,-1
207,54,1762.21,476.52,30.62,69.48,0.8976,2,1,-1
207,57,1074.54,523.37,44.60,75.08,0.9110,2,2,-1
207,58,1483.84,530.10,25.17,82.32,0.9124,2,2,-1
208,5,1725.90,507.79,32.42,75.88,0.8869,2,1,-1
208,29,1606.46,499.40,30.65,60.33,0.8073,2,1,-1
208,31,1641.14,519.53,22.89,80.43,0.8434,2,1,-1
208,33,1348.29,550.27,57.95,91.66,0.8622,2,1,-1
208,43,897.13,506.69,31.38,70.70,0.9227,1,4,-1
208,53,1283.28,488.90,24.47,73.50,0.8269,1,4,-1
208,54,1761.68,475.48,24.70,69.19,0.8816,2,1,-1
208,57,1069.37,521.45,37.80,75.79,0.8948,2,2,-1
208,58,1482.95,529.01,27.41,83.46,0.9259,2,2,-1
209,7,1609.68,493.00,27.51,69.07,0.8569,2,2,-1
209,23,1701.61,558.70,49.81,82.27,0.9089,2,1,-1
209,31,1638.79,519.15,23.31,80.53,0.8480,2,1,-1
209,33,1344.10,549.54,58.53,91.82,0.8737,2,1,-1
209,43,895.93,507.03,32.41,69.69,0.9244,1,4,-1
209,53,1282.19,488.21,29.01,73.10,0.8701,1,4,-1
209,54,1755.13,474.41,23.88,69.25,0.8588,2,1,-1
209,57,1060.08,521.02,30.03,75.21,0.8883,2,2,-1
209,58,1481.61,528.31,32.79,83.78,0.9244,2,2,-1
210,8,1382.10,534.97,37.83,74.69,0.8533,2,-1,-1
210,10,1613.11,487.95,24.17,68.23,0.8570,2,1,-1
210,23,1695.85,556.57,51.79,83.01,0.9089,2,1,-1
210,31,1636.04,517.93,24.28,80.66,0.8490,2,1,-1
210,43,895.60,509.90,31.58,66.46,0.9194,1,4,-1
210,53,1282.11,487.71,30.56,73.09,0.7125,1,4,-1
210,54,1750.89,474.56,22.72,67.99,0.8890,2,1,-1
210,57,1053.48,517.22,30.39,78.03,0.9109,2,2,-1
210,58,1479.40,528.20,37.45,82.69,0.9284,2,2,-1
211,10,1612.71,483.48,25.22,76.42,0.8909,2,1,-1
211,21,1277.32,487.75,37.49,72.65,0.8379,2,2,-1
211,23,1689.35,549.84,55.50,88.93,0.9221,2,1,-1
211,31,1633.99,516.72,24.23,81.61,0.8555,2,1,-1
211,33,1343.23,546.36,56.98,92.30,0.8649,2,1,-1
211,43,894.79,511.32,31.54,64.46,0.9170,1,4,-1
211,54,1744.73,473.34,23.67,68.55,0.8672,2,1,-1
211,57,1044.91,517.63,33.84,75.94,0.9082,2,2,-1
211,58,1475.63,528.07,41.93,82.22,0.9282,2,2,-1
212,10,1611.80,481.76,24.87,77.96,0.8927,2,1,-1
212,21,1275.45,487.95,38.05,71.75,0.7617,2,2,-1
212,23,1685.76,554.89,54.94,82.78,0.9154,2,1,-1
212,31,1632.13,515.67,24.02,80.91,0.8631,2,1,-1
212,33,1341.47,546.16,55.87,92.14,0.8976,2,1,-1
212,43,894.10,513.04,30.89,61.54,0.9103,1,4,-1
212,54,1739.43,472.91,26.03,69.56,0.8856,2,1,-1
212,57,1033.53,514.99,40.32,77.91,0.9206,2,2,-1
212,58,1473.79,527.80,44.82,82.31,0.9305,2,2,-1
213,10,1610.17,478.96,25.87,80.30,0.8899,2,1,-1
213,21,1275.64,486.39,38.21,71.99,0.6626,2,2,-1
213,23,1680.68,545.76,55.93,90.27,0.9201,2,1,-1
213,31,1630.38,519.07,23.78,76.72,0.8232,2,1,-1
213,33,1342.22,545.09,52.98,91.85,0.9079,2,-1,-1
213,43,894.31,512.10,31.09,62.15,0.9138,1,4,-1
213,54,1733.41,473.32,28.31,68.16,0.8944,2,1,-1
213,57,1024.50,516.70,45.09,74.06,0.9223,2,2,-1
213,58,1472.23,526.94,46.45,82.43,0.9331,2,2,-1
214,10,1609.12,480.40,25.97,77.80,0.8983,2,1,-1
214,23,1678.73,543.92,51.30,89.72,0.9206,2,1,-1
214,31,1628.91,514.25,24.65,78.96,0.8440,2,1,-1
214,33,1344.71,542.12,49.83,93.26,0.9064,3,0,-1
214,39,1279.15,485.94,32.90,70.36,0.7355,1,4,-1
214,43,896.49,507.41,30.30,65.15,0.8867,1,4,-1
214,54,1729.11,471.88,29.42,68.50,0.8916,2,1,-1
214,57,1013.68,513.45,50.51,77.27,0.9266,2,2,-1
214,58,1472.27,526.04,45.41,82.03,0.9326,2,2,-1
215,10,1608.28,479.76,26.54,76.77,0.8924,2,1,-1
215,17,1626.61,513.05,26.34,79.36,0.8630,1,4,-1
215,21,1278.77,485.31,33.85,69.32,0.7853,2,2,-1
215,23,1675.52,539.12,46.49,91.18,0.9273,2,1,-1
215,33,1344.68,541.57,48.00,92.28,0.8949,3,0,-1
215,43,900.80,507.21,28.12,63.21,0.8768,1,4,-1
215,54,1724.97,470.88,30.86,69.01,0.8871,2,1,-1
215,57,1009.50,513.46,47.26,77.10,0.8938,2,2,-1
215,58,1472.63,524.76,43.14,81.56,0.9294,2,2,-1
216,5,1699.29,498.06,30.87,81.97,0.8729,2,1,-1
216,9,1347.18,534.04,44.00,98.46,0.8787,3,0,-1
216,10,1605.66,478.62,28.39,76.78,0.8838,2,1,-1
216,17,1626.18,512.11,25.11,78.49,0.8668,1,4,-1
216,23,1673.21,536.44,40.16,92.53,0.8980,2,1,-1
216,43,904.77,504.37,26.61,64.37,0.8541,1,4,-1
216,54,1719.62,468.70,31.58,70.79,0.8891,2,1,-1
216,57,1004.34,512.87,41.59,77.71,0.8883,2,2,-1
216,58,1473.15,522.92,40.45,81.88,0.9251,2,2,-1
216,0,1698.20,610.23,13.27,16.86,1.0,0,-1,-1
217,5,1696.79,496.57,29.63,82.90,0.8562,2,1,-1
217,10,1603.75,477.21,29.73,77.06,0.8769,2,1,-1
217,17,1626.09,516.16,23.36,74.17,0.8613,1,4,-1
217,21,1283.99,480.08,30.13,71.38,0.7450,2,2,-1
217,23,1670.62,535.01,34.82,90.88,0.8360,2,1,-1
217,33,1347.61,537.93,43.32,93.20,0.8812,3,0,-1
217,43,909.95,535.71,14.28,32.60,0.8117,1,4,-1
217,54,1715.85,468.50,29.83,67.33,0.8332,2,1,-1
217,57,996.14,511.45,33.39,76.70,0.8788,2,2,-1
217,58,1474.52,520.91,37.85,82.77,0.9180,2,2,-1
218,5,1694.87,496.03,28.66,82.81,0.8269,2,1,-1
218,9,1348.73,532.09,39.71,97.88,0.8737,3,0,-1
218,10,1601.85,476.38,30.94,77.78,0.8719,2,1,-1
218,23,1666.05,533.35,30.15,91.51,0.8615,2,1,-1
218,31,1624.99,509.57,23.73,79.81,0.8570,2,1,-1
218,43,910.84,534.01,14.92,33.45,0.8285,1,4,-1
218,53,1288.10,479.73,25.79,70.85,0.6955,1,4,-1
218,57,989.14,509.78,31.56,76.75,0.9011,2,2,-1
218,58,1477.90,519.60,32.63,82.34,0.9088,2,2,-1
219,5,1693.28,496.27,30.18,80.55,0.8352,2,1,-1
219,9,1348.31,529.78,38.87,99.06,0.8665,3,0,-1
219,10,1600.24,476.57,29.97,74.71,0.8345,2,1,-1
219,23,1660.77,533.01,29.06,91.27,0.8727,2,1,-1
219,31,1623.87,511.95,23.41,75.70,0.8515,2,1,-1
219,43,911.07,533.71,15.72,34.05,0.8652,1,4,-1
219,53,1290.24,479.58,23.20,71.20,0.8073,1,4,-1
219,57,981.53,508.58,34.12,77.25,0.9141,2,2,-1
219,58,1481.14,519.21,28.59,81.69,0.9130,2,2,-1
220,5,1689.45,496.24,29.67,80.17,0.8672,2,1,-1
220,9,1348.26,527.95,38.36,100.65,0.8800,3,0,-1
220,10,1600.19,477.61,29.71,73.42,0.8347,2,1,-1
220,23,1653.84,532.82,30.60,91.20,0.8430,2,1,-1
220,31,1622.33,509.76,23.74,75.33,0.8128,2,1,-1
220,43,911.11,533.43,17.09,33.44,0.8231,1,4,-1
220,53,1290.86,477.39,23.04,71.78,0.8090,1,4,-1
220,57,972.08,507.61,39.34,77.59,0.9215,2,2,-1
220,58,1484.94,518.92,25.78,81.54,0.9084,2,2,-1
221,5,1687.19,495.62,28.07,79.30,0.8378,2,1,-1
221,9,1348.95,528.63,37.45,99.46,0.8889,3,0,-1
221,10,1599.47,479.85,27.85,70.79,0.8417,2,1,-1
221,23,1645.59,533.59,35.35,90.43,0.8517,2,1,-1
221,31,1621.98,513.55,22.76,70.86,0.6645,2,1,-1
221,43,910.95,532.61,20.27,33.25,0.8457,1,4,-1
221,53,1291.30,476.86,23.77,73.10,0.5318,1,4,-1
221,57,960.41,507.41,45.99,76.64,0.9235,2,2,-1
221,58,1488.02,518.90,25.09,82.18,0.8975,2,2,-1
222,5,1685.13,496.04,27.82,78.86,0.8685,2,1,-1
222,9,1350.21,532.05,36.08,95.16,0.8755,3,0,-1
222,10,1598.93,477.27,26.72,72.92,0.8553,2,1,-1
222,23,1638.18,532.32,40.58,90.82,0.8602,2,1,-1
222,31,1619.77,517.12,23.45,70.24,0.6774,2,1,-1
222,39,1289.48,477.38,32.37,72.60,0.9203,1,4,-1
222,43,909.74,532.01,23.94,34.00,0.8829,1,4,-1
222,57,950.45,508.05,50.32,76.22,0.9206,2,2,-1
222,58,1488.83,518.28,27.17,81.50,0.9034,2,2,-1
222,0,819.02,548.66,11.52,12.77,1.0,0,-1,-1
223,5,1682.93,497.87,26.71,75.13,0.8614,2,1,-1
223,7,1617.10,473.68,23.30,74.28,0.7856,2,2,-1
223,9,1350.25,534.86,32.50,91.94,0.8926,3,0,-1
223,10,1598.67,476.88,24.38,72.59,0.8519,2,1,-1
223,23,1634.68,532.82,41.53,89.67,0.8401,2,1,-1
223,39,1288.88,476.47,34.40,72.88,0.9013,1,4,-1
223,43,909.26,530.71,25.53,36.13,0.8831,1,4,-1
223,57,945.37,509.75,47.52,75.92,0.9190,2,2,-1
223,58,1487.54,518.62,30.99,81.53,0.9203,2,2,-1
223,0,817.11,552.94,11.60,12.77,1.0,0,-1,-1
224,5,1677.88,495.37,29.39,76.43,0.8775,2,1,-1
224,7,1619.20,472.82,20.77,67.17,0.7819,2,2,-1
224,10,1599.15,475.03,23.04,72.27,0.8716,2,1,-1
224,23,1627.57,531.96,44.58,89.46,0.8234,2,1,-1
224,33,1350.25,529.81,38.07,96.63,0.8917,3,0,-1
224,39,1288.35,476.57,36.75,71.76,0.8943,1,4,-1
224,43,910.04,529.95,26.24,37.17,0.8663,1,4,-1
224,57,942.31,512.24,41.07,73.47,0.8970,2,2,-1
224,58,1486.24,518.61,34.95,81.30,0.9224,2,2,-1
224,0,815.34,559.06,11.65,12.45,1.0,0,-1,-1
225,2,1621.42,472.25,20.65,41.94,0.8168,2,1,-1
225,5,1674.12,492.63,32.04,78.71,0.8720,2,1,-1
225,10,1599.39,474.69,22.64,72.31,0.8490,2,1,-1
225,23,1621.06,533.21,47.43,86.63,0.8510,2,1,-1
225,33,1349.82,526.99,40.11,98.56,0.9045,3,0,-1
225,39,1287.19,476.54,39.04,71.52,0.9344,1,4,-1
225,43,912.22,528.13,25.90,38.74,0.8139,1,4,-1
225,57,934.71,513.47,30.78,71.16,0.8784,2,2,-1
225,58,1484.71,518.70,38.36,81.45,0.9268,2,2,-1
225,0,815.10,565.64,10.16,10.43,1.0,0,-1,-1
226,5,1670.75,490.69,34.10,80.31,0.8810,2,1,-1
226,10,1599.40,475.87,22.01,71.14,0.8051,2,1,-1
226,23,1617.99,529.70,47.69,89.03,0.8768,2,1,-1
226,28,1622.02,472.96,21.55,41.10,0.8562,2,2,-1
226,33,1348.79,526.93,41.15,97.94,0.9131,3,0,-1
226,39,1287.54,475.64,38.87,72.41,0.9278,1,4,-1
226,57,927.07,514.75,30.58,68.63,0.8843,2,2,-1
226,58,1483.79,519.36,40.91,80.83,0.9320,2,2,-1
226,0,813.38,564.63,10.39,10.49,1.0,0,-1,-1
227,5,1669.87,490.98,33.06,79.28,0.8711,2,1,-1
227,10,1598.03,474.89,22.42,71.91,0.8228,2,1,-1
227,23,1619.01,543.55,40.30,73.79,0.8542,2,1,-1
227,28,1622.99,473.71,21.98,38.67,0.8649,2,2,-1
227,33,1348.38,525.99,41.69,98.35,0.9133,3,0,-1
227,39,1288.60,475.27,37.85,72.13,0.9215,1,4,-1
227,57,920.38,512.39,34.98,70.62,0.9030,2,2,-1
227,58,1482.59,519.29,42.95,80.64,0.9322,2,2,-1
227,0,811.51,561.24,11.40,10.29,1.0,0,-1,-1
228,5,1667.95,490.02,33.76,80.37,0.8482,2,1,-1
228,10,1597.64,474.15,22.84,71.94,0.8288,2,1,-1
228,28,1621.61,473.47,24.63,42.61,0.8306,2,2,-1
228,31,1619.62,534.36,29.29,80.57,0.7789,2,1,-1
228,33,1347.05,525.04,43.12,98.72,0.9156,3,0,-1
228,39,1289.96,474.60,35.58,72.08,0.9257,1,4,-1
228,57,913.62,510.61,38.89,71.79,0.9115,2,2,-1
228,58,1481.85,519.09,44.08,80.51,0.9322,2,2,-1
228,0,1641.14,598.76,12.99,16.42,1.0,0,-1,-1
229,5,1668.51,490.08,32.26,79.66,0.8803,2,1,-1
229,10,1597.73,473.13,24.94,71.79,0.8343,2,1,-1
229,28,1620.09,472.69,27.44,48.66,0.8273,2,2,-1
229,31,1613.70,535.44,29.99,79.11,0.6766,2,1,-1
229,33,1345.28,524.10,44.35,99.73,0.9191,3,0,-1
229,39,1290.91,473.47,33.08,73.21,0.9171,1,4,-1
229,57,904.92,508.27,44.26,74.04,0.8909,2,2,-1
229,58,1480.84,518.20,44.54,81.02,0.9302,2,2,-1
229,0,807.82,556.77,12.20,12.63,1.0,0,-1,-1
230,3,1902.37,482.01,17.59,62.74,0.8117,2,2,-1
230,5,1663.64,488.59,33.58,80.67,0.8855,2,1,-1
230,10,1595.17,473.53,26.01,71.37,0.8738,2,1,-1
230,31,1607.14,528.80,31.82,84.12,0.7970,2,1,-1
230,33,1343.39,522.84,44.72,99.55,0.9211,3,0,-1
230,53,1295.42,473.53,25.79,72.43,0.8932,1,4,-1
230,57,893.58,510.10,44.09,72.12,0.8740,2,2,-1
230,58,1481.67,517.19,42.40,81.32,0.9315,2,2,-1
230,0,806.17,555.87,12.46,12.63,1.0,0,-1,-1
231,3,1896.21,496.93,23.69,84.49,0.7641,2,2,-1
231,5,1661.64,489.21,32.84,80.16,0.8898,2,1,-1
231,7,1618.48,473.23,26.45,67.11,0.7898,2,2,-1
231,10,1592.94,472.82,27.12,72.87,0.8752,2,1,-1
231,21,1295.97,473.19,24.32,72.49,0.8818,2,2,-1
231,33,1340.60,522.57,45.78,99.87,0.9244,3,0,-1
231,43,923.46,520.09,25.19,47.48,0.8539,1,4,-1
231,54,1652.40,463.20,18.44,63.51,0.8425,2,1,-1
231,57,887.77,508.76,43.58,75.21,0.8435,2,2,-1
231,58,1482.34,516.80,38.68,81.80,0.9263,2,2,-1
231,0,804.19,555.90,12.09,12.16,1.0,0,-1,-1
232,2,1646.41,462.48,18.40,49.89,0.8315,2,1,-1
232,3,1887.35,499.45,30.60,82.93,0.8593,2,2,-1
232,5,1657.16,489.33,33.01,79.56,0.8885,2,1,-1
232,7,1616.56,473.80,27.64,65.55,0.7984,2,2,-1
232,10,1590.86,472.76,27.35,74.35,0.8776,2,1,-1
232,21,1296.11,472.34,23.66,73.17,0.8533,2,2,-1
232,33,1338.39,522.77,45.11,99.37,0.9238,3,0,-1
232,43,919.74,495.69,31.66,71.61,0.8884,1,4,-1
232,57,882.19,511.32,39.79,73.94,0.8461,2,2,-1
232,58,1482.62,516.51,34.76,81.70,0.9147,2,2,-1
232,0,801.48,556.80,11.74,12.29,1.0,0,-1,-1
233,3,1877.05,498.32,41.71,85.38,0.9258,2,2,-1
233,5,1655.38,488.73,32.01,79.40,0.8770,2,1,-1
233,7,1615.67,474.04,27.03,61.97,0.7570,2,2,-1
233,29,1589.33,472.80,30.22,69.20,0.8426,2,1,-1
233,33,1335.48,523.64,44.16,99.05,0.9273,3,0,-1
233,43,920.39,495.76,31.27,71.64,0.9050,1,4,-1
233,53,1296.79,473.51,23.58,71.66,0.7317,1,4,-1
233,54,1642.29,464.41,16.81,58.64,0.8308,2,1,-1
233,57,875.64,513.16,33.57,71.94,0.8454,2,2,-1
233,58,1485.68,517.27,29.94,81.00,0.9107,2,2,-1
234,3,1869.04,498.13,49.72,89.92,0.9216,2,2,-1
234,5,1653.43,489.22,30.30,79.37,0.8851,2,1,-1
234,23,1580.90,533.27,40.20,78.99,0.8369,2,1,-1
234,29,1589.37,473.46,29.61,67.45,0.8442,2,1,-1
234,33,1333.64,523.39,43.68,98.25,0.9247,3,0,-1
234,43,919.46,495.90,32.66,71.47,0.9186,1,4,-1
234,53,1298.50,475.29,20.99,69.68,0.8283,1,4,-1
234,54,1637.13,463.70,15.61,50.18,0.7560,2,1,-1
234,57,867.95,511.40,31.13,73.64,0.8857,2,2,-1
234,58,1488.62,517.58,26.99,80.65,0.9074,2,2,-1
234,0,796.77,559.74,11.51,11.86,1.0,0,-1,-1
235,3,1864.38,498.01,53.70,88.49,0.9207,2,2,-1
235,5,1651.99,489.08,28.45,78.47,0.8807,2,1,-1
235,7,1613.61,474.32,25.16,61.88,0.7566,2,2,-1
235,23,1577.45,531.87,39.75,80.52,0.8413,2,1,-1
235,29,1591.24,474.98,27.22,60.98,0.8288,2,1,-1
235,33,1332.01,523.65,41.69,97.49,0.9268,3,0,-1
235,43,919.27,496.70,33.75,70.97,0.9244,1,4,-1
235,53,1298.40,475.29,21.02,69.85,0.8852,1,4,-1
235,54,1633.49,463.48,15.85,50.49,0.7829,2,1,-1
235,57,861.18,510.78,33.51,73.91,0.9059,2,2,-1
235,58,1491.45,517.76,25.06,80.56,0.9168,2,2,-1
235,0,794.87,562.29,10.85,11.43,1.0,0,-1,-1
236,3,1893.06,528.80,38.32,77.16,0.7970,2,2,-1
236,5,1650.06,488.55,28.21,78.95,0.8952,2,1,-1
236,7,1614.08,473.58,24.30,62.23,0.7758,2,2,-1
236,23,1570.19,527.68,43.88,84.54,0.8857,2,1,-1
236,29,1591.08,474.43,27.72,61.99,0.8100,2,1,-1
236,33,1329.66,524.34,39.45,97.27,0.9199,3,0,-1
236,43,919.05,496.81,35.63,70.70,0.9299,1,4,-1
236,53,1297.48,474.88,22.44,70.28,0.8916,1,4,-1
236,57,853.06,508.72,38.78,78.64,0.9268,2,2,-1
236,58,1491.84,518.02,24.99,79.68,0.9200,2,2,-1
236,0,791.99,566.24,11.60,11.32,1.0,0,-1,-1
237,3,1898.68,528.77,26.51,75.88,0.8615,2,2,-1
237,5,1647.18,487.94,28.60,78.98,0.8830,2,1,-1
237,23,1567.18,527.48,45.35,84.93,0.8898,2,1,-1
237,28,1614.36,471.78,32.78,64.96,0.7760,2,2,-1
237,33,1328.70,524.51,37.84,96.73,0.9253,3,0,-1
237,43,919.87,496.90,36.70,71.46,0.9328,1,4,-1
237,53,1297.39,474.31,25.71,70.82,0.9101,1,4,-1
237,57,843.59,509.37,42.36,75.29,0.9224,2,2,-1
237,58,1491.45,518.52,25.76,79.59,0.9171,2,2,-1
238,3,1900.33,526.69,21.74,78.48,0.8797,2,2,-1
238,5,1645.60,487.52,28.38,79.02,0.8989,2,1,-1
238,7,1615.78,471.90,26.23,65.58,0.8412,2,2,-1
238,23,1563.50,527.28,44.76,84.20,0.8968,2,1,-1
238,29,1592.69,474.72,27.60,60.63,0.7367,2,1,-1
238,33,1327.77,525.11,35.77,96.57,0.9140,3,0,-1
238,39,1295.66,475.82,30.71,69.28,0.9120,1,4,-1
238,43,921.12,495.92,34.69,71.54,0.9183,1,4,-1
238,57,833.57,510.66,46.91,73.70,0.9335,2,2,-1
238,58,1489.82,518.52,29.52,80.71,0.9182,2,2,-1
238,62,1853.48,495.88,40.84,85.88,0.9207,2,-1,-1
238,0,790.55,571.92,11.35,13.55,1.0,0,-1,-1
239,3,1898.65,525.25,21.49,80.35,0.8843,2,2,-1
239,5,1644.30,487.46,27.81,78.15,0.9012,2,1,-1
239,7,1615.75,473.49,26.49,65.68,0.8437,2,2,-1
239,8,1294.92,477.47,32.31,67.74,0.9109,3,0,-1
239,23,1561.81,525.81,44.77,85.86,0.8966,2,1,-1
239,29,1591.00,473.29,29.60,66.46,0.7882,2,1,-1
239,33,1327.14,525.56,34.83,95.42,0.9046,3,0,-1
239,43,928.22,518.05,25.53,49.09,0.8936,1,4,-1
239,57,830.02,512.93,43.06,72.92,0.9128,2,2,-1
239,58,1489.09,518.75,35.82,80.82,0.9245,2,2,-1
239,62,1852.91,495.18,35.24,86.35,0.9078,2,-1,-1
239,0,788.85,571.52,10.62,11.82,1.0,0,-1,-1
240,3,1895.37,524.08,23.95,82.94,0.8864,2,2,-1
240,5,1643.08,487.48,27.33,77.43,0.8965,2,1,-1
240,7,1616.17,474.95,25.69,64.39,0.8529,2,2,-1
240,8,1294.77,477.10,32.67,68.26,0.9136,3,0,-1
240,9,1327.26,527.62,33.86,93.32,0.8954,3,0,-1
240,17,1592.05,475.38,24.29,66.05,0.7783,1,4,-1
240,23,1559.97,523.79,41.35,86.73,0.9095,2,1,-1
240,43,927.81,498.95,30.95,68.36,0.8481,1,4,-1
240,57,825.34,514.45,38.78,73.68,0.9120,2,2,-1
240,58,1487.75,519.24,39.21,79.87,0.9296,2,2,-1
240,62,1850.03,494.38,31.41,87.75,0.9114,2,-1,-1
241,3,1891.26,523.99,27.60,83.13,0.8974,2,2,-1
241,5,1641.53,486.96,27.10,78.17,0.9005,2,1,-1
241,7,1617.31,474.49,27.06,64.16,0.8526,2,2,-1
241,9,1326.07,528.26,34.27,92.68,0.8912,3,0,-1
241,10,1590.32,476.20,22.98,66.23,0.8282,2,1,-1
241,23,1558.50,523.15,37.53,86.33,0.8513,2,1,-1
241,39,1294.98,475.62,31.87,70.06,0.9009,1,4,-1
241,43,936.64,522.84,19.44,44.23,0.8419,1,4,-1
241,57,818.34,515.57,31.67,72.24,0.8837,2,2,-1
241,58,1486.24,519.44,42.81,79.95,0.9251,2,2,-1
241,62,1844.16,494.37,31.55,88.39,0.9009,2,1,-1
242,3,1886.18,523.51,31.94,82.93,0.8958,2,2,-1
242,5,1639.50,486.17,27.32,79.17,0.9087,2,1,-1
242,7,1617.18,474.94,27.03,63.56,0.8436,2,2,-1
242,9,1324.31,527.71,34.81,93.35,0.8468,3,0,-1
242,29,1588.34,471.80,28.50,70.82,0.8296,2,1,-1
242,31,1559.13,522.90,24.87,85.88,0.8401,2,1,-1
242,39,1296.04,477.90,30.86,67.63,0.7641,1,4,-1
242,43,940.43,526.87,17.11,40.33,0.8447,1,4,-1
242,57,813.06,517.08,27.71,70.54,0.8894,2,2,-1
242,58,1485.24,519.82,44.60,80.26,0.9269,2,2,-1
242,62,1835.12,494.59,35.36,87.13,0.9157,2,1,-1
243,3,1883.30,523.63,33.36,81.71,0.9012,2,2,-1
243,5,1637.90,486.62,27.09,79.07,0.8916,2,1,-1
243,7,1616.04,474.98,26.91,63.02,0.8317,2,2,-1
243,8,1295.91,477.61,31.38,66.35,0.5426,3,0,-1
243,9,1323.84,528.86,34.81,92.30,0.8900,3,0,-1
243,29,1588.93,473.79,28.69,69.02,0.7899,2,1,-1
243,31,1598.48,531.72,17.27,53.14,0.6380,2,1,-1
243,43,940.57,514.22,20.68,54.09,0.8591,1,4,-1
243,57,807.03,514.82,31.09,72.97,0.9244,2,2,-1
243,58,1485.11,519.79,44.42,80.43,0.9282,2,2,-1
243,62,1824.20,495.12,43.46,86.85,0.9299,2,1,-1
244,3,1881.15,523.86,32.37,81.24,0.9051,2,2,-1
244,5,1637.50,486.69,26.31,78.19,0.8731,2,1,-1
244,7,1616.42,474.89,26.63,62.63,0.8359,2,2,-1
244,8,1299.48,477.55,28.04,65.14,0.8646,3,0,-1
244,9,1322.94,529.47,34.48,91.03,0.9060,3,0,-1
244,29,1587.48,471.32,29.19,71.51,0.8201,2,1,-1
244,31,1599.95,531.31,20.04,50.83,0.7546,2,1,-1
244,43,940.45,502.07,24.10,66.96,0.8896,1,4,-1
244,57,799.35,514.26,35.77,72.69,0.9170,2,2,-1
244,58,1485.45,520.02,43.38,80.13,0.9268,2,2,-1
244,62,1817.85,495.38,48.18,85.98,0.9322,2,1,-1
244,0,780.72,571.47,11.58,14.49,1.0,0,-1,-1
245,3,1879.28,523.89,31.38,80.98,0.9119,2,2,-1
245,5,1634.85,486.31,27.11,80.31,0.8635,2,1,-1
245,9,1322.75,531.92,34.20,89.08,0.9074,3,0,-1
245,23,1541.76,523.50,29.67,84.41,0.8630,2,1,-1
245,29,1586.19,465.89,29.41,76.27,0.8671,2,1,-1
245,43,941.68,502.40,26.51,66.64,0.9071,1,4,-1
245,53,1305.03,476.92,22.71,64.23,0.8114,1,4,-1
245,57,790.84,513.86,41.04,72.01,0.9204,2,2,-1
245,58,1487.21,519.96,41.00,79.73,0.9261,2,2,-1
245,62,1810.47,496.48,52.62,85.02,0.9258,2,1,-1
245,0,779.44,576.18,12.46,13.71,1.0,0,-1,-1
246,3,1876.73,523.47,29.51,80.82,0.9151,2,2,-1
246,5,1633.55,487.22,26.84,78.83,0.8838,2,1,-1
246,9,1321.85,531.69,34.03,89.38,0.9081,3,0,-1
246,23,1535.91,524.11,31.23,84.38,0.8601,2,1,-1
246,29,1584.58,464.63,30.75,78.35,0.8798,2,1,-1
246,43,942.15,505.62,29.85,63.19,0.9074,1,4,-1
246,53,1307.18,475.31,22.58,66.52,0.7939,1,4,-1
246,57,784.43,513.51,44.52,72.92,0.9198,2,2,-1
246,58,1489.12,520.39,36.58,79.22,0.9137,2,2,-1
246,62,1807.40,496.44,53.16,85.29,0.9347,2,1,-1
246,0,777.78,578.02,11.12,12.29,1.0,0,-1,-1
247,3,1874.46,523.35,29.14,80.23,0.9161,2,2,-1
247,5,1632.79,487.69,26.33,78.06,0.8754,2,1,-1
247,9,1321.66,532.20,33.54,88.24,0.9038,3,0,-1
247,10,1576.94,467.03,26.28,63.43,0.8288,2,1,-1
247,21,1310.72,472.00,20.72,69.67,0.7156,2,2,-1
247,23,1531.23,525.64,33.42,83.18,0.8312,2,1,-1
247,29,1593.13,507.74,29.48,73.30,0.7788,2,1,-1
247,43,943.51,517.55,30.58,51.82,0.8914,1,4,-1
247,57,778.89,514.40,46.75,72.76,0.9236,2,2,-1
247,58,1492.40,520.24,33.85,78.87,0.8918,2,2,-1
247,62,1802.68,496.18,54.44,85.32,0.9288,2,1,-1
247,0,770.70,578.38,10.48,11.10,1.0,0,-1,-1
248,3,1872.03,522.88,28.46,79.28,0.9167,2,2,-1
248,5,1629.64,488.31,27.83,76.45,0.8791,2,1,-1
248,9,1321.19,532.31,33.54,88.12,0.9049,3,0,-1
248,10,1571.50,466.43,28.98,63.93,0.8828,2,1,-1
248,23,1526.29,524.16,37.72,85.06,0.8826,2,1,-1
248,29,1592.55,510.19,30.05,73.37,0.8037,2,1,-1
248,43,940.58,501.11,37.18,69.02,0.9038,1,4,-1
248,57,772.37,515.71,48.19,73.04,0.9158,2,2,-1
248,58,1496.27,520.51,30.53,78.44,0.8929,2,2,-1
248,62,1799.93,495.87,52.80,84.86,0.9264,2,1,-1
249,3,1869.50,522.40,28.56,79.14,0.9197,2,2,-1
249,5,1629.06,489.07,27.15,74.15,0.8600,2,1,-1
249,9,1320.83,533.26,33.45,87.62,0.9042,3,0,-1
249,10,1568.38,467.67,32.89,64.85,0.8911,2,1,-1
249,21,1312.64,474.07,21.16,68.62,0.6549,2,2,-1
249,23,1522.90,522.99,40.11,85.87,0.8831,2,1,-1
249,43,945.38,520.25,30.70,50.01,0.8829,1,4,-1
249,54,1597.87,474.10,18.97,50.45,0.7737,2,1,-1
249,57,765.62,517.48,47.59,72.90,0.9104,2,2,-1
249,58,1500.87,520.55,28.22,78.19,0.8969,2,2,-1
249,62,1798.31,495.40,49.29,85.49,0.9288,2,1,-1
250,3,1867.06,521.61,29.02,79.99,0.9224,2,2,-1
250,5,1630.06,488.92,26.38,74.86,0.8878,2,1,-1
250,9,1320.55,533.11,33.43,87.66,0.9082,3,0,-1
250,10,1567.00,466.35,33.48,65.71,0.8863,2,1,-1
250,21,1313.17,475.13,22.48,67.88,0.7788,2,2,-1
250,29,1591.08,509.06,32.23,74.43,0.8817,2,1,-1
250,43,945.43,510.61,33.98,59.87,0.8708,1,4,-1
250,54,1599.29,474.96,17.58,47.13,0.8158,2,1,-1
250,57,759.92,519.01,44.65,73.17,0.9014,2,2,-1
250,58,1504.78,520.36,26.36,80.29,0.8856,2,2,-1
250,62,1795.80,494.51,43.63,85.88,0.9247,2,1,-1
250,0,1548.60,596.15,13.85,13.95,1.0,0,-1,-1
251,3,1863.97,521.16,30.70,79.71,0.9291,2,2,-1
251,5,1629.41,489.61,26.14,74.17,0.8804,2,1,-1
251,9,1320.17,532.70,33.48,87.64,0.9135,3,0,-1
251,10,1563.43,466.73,33.12,63.86,0.9003,2,1,-1
251,21,1312.76,475.32,23.97,69.02,0.7716,2,2,-1
251,29,1591.07,511.65,31.52,71.56,0.8924,2,1,-1
251,43,949.62,506.49,31.36,63.95,0.8704,1,4,-1
251,54,1600.86,475.14,16.51,44.79,0.7048,2,1,-1
251,57,752.96,520.25,40.18,72.13,0.8759,2,2,-1
251,58,1506.27,521.68,26.47,80.84,0.8280,2,2,-1
251,62,1795.22,493.06,36.26,85.85,0.9126,2,1,-1
251,0,730.68,577.49,15.84,16.10,1.0,0,-1,-1
252,3,1861.46,521.03,32.66,79.81,0.9267,2,2,-1
252,5,1628.90,488.95,26.40,74.31,0.8786,2,1,-1
252,10,1562.38,465.62,33.03,64.85,0.9009,2,1,-1
252,21,1312.90,475.99,26.65,69.80,0.8394,2,2,-1
252,29,1591.63,508.34,31.76,74.82,0.8912,2,1,-1
252,33,1320.68,531.63,32.83,88.14,0.8953,3,0,-1
252,43,955.48,504.65,27.89,65.20,0.8404,1,4,-1
252,54,1602.33,475.15,15.84,43.64,0.7905,2,1,-1
252,57,749.26,519.51,34.37,71.24,0.8896,2,2,-1
252,58,1510.66,520.03,38.52,87.03,0.8639,2,2,-1
252,62,1794.32,492.20,29.98,86.95,0.8908,2,1,-1
252,0,720.53,580.88,14.29,13.91,1.0,0,-1,-1
253,3,1858.71,520.38,35.16,79.55,0.9282,2,2,-1
253,5,1628.95,489.99,26.60,71.86,0.8707,2,1,-1
253,17,1562.73,464.98,27.52,64.84,0.8983,1,4,-1
253,21,1314.06,475.96,27.29,67.82,0.8275,2,2,-1
253,29,1592.27,505.54,31.53,76.60,0.8869,2,1,-1
253,33,1321.07,532.04,32.78,88.03,0.8932,3,0,-1
253,43,961.40,507.51,23.72,62.66,0.8447,1,4,-1
253,54,1603.88,474.72,15.63,42.25,0.7442,2,1,-1
253,57,743.74,518.67,36.53,69.53,0.9091,2,2,-1
253,58,1508.81,520.18,39.56,85.56,0.8419,2,2,-1
253,62,1793.13,491.60,26.15,87.98,0.9062,2,1,-1
253,0,711.29,578.92,16.06,15.92,1.0,0,-1,-1
254,3,1857.61,520.19,36.51,79.32,0.9286,2,2,-1
254,5,1629.04,489.59,28.73,71.78,0.8528,2,1,-1
254,17,1561.86,464.50,23.62,64.73,0.8822,1,4,-1
254,21,1314.99,476.03,28.66,68.87,0.8550,2,2,-1
254,29,1593.92,505.23,30.02,75.91,0.8815,2,1,-1
254,33,1321.57,531.08,32.43,88.51,0.8965,3,0,-1
254,43,963.91,503.39,22.30,66.65,0.8713,1,4,-1
254,57,738.01,519.58,39.33,69.58,0.9104,2,2,-1
254,58,1508.13,520.40,38.98,84.79,0.8314,2,2,-1
254,62,1787.06,491.46,27.18,86.34,0.9040,2,1,-1
254,0,703.89,579.67,15.19,14.64,1.0,0,-1,-1
255,3,1856.64,520.24,37.36,79.33,0.9288,2,2,-1
255,10,1558.57,464.42,23.19,64.59,0.8522,2,1,-1
255,28,1640.44,476.71,24.16,37.63,0.8343,2,2,-1
255,29,1595.34,505.01,28.93,75.83,0.8600,2,1,-1
255,33,1322.57,530.76,31.58,89.00,0.9021,3,0,-1
255,39,1315.05,476.87,31.53,66.95,0.8577,1,4,-1
255,43,967.75,518.29,18.99,51.85,0.8642,1,4,-1
255,57,730.71,517.05,43.84,75.44,0.9135,2,2,-1
255,58,1508.87,520.01,40.34,85.05,0.8979,2,2,-1
255,62,1779.75,492.01,31.51,85.48,0.9099,2,1,-1
255,0,694.79,580.11,15.21,15.18,1.0,0,-1,-1
256,2,1629.16,486.81,23.92,74.45,0.6707,2,1,-1
256,3,1856.51,520.28,37.64,78.75,0.9256,2,2,-1
256,9,1322.84,531.31,32.60,87.58,0.8990,3,0,-1
256,10,1557.47,463.28,20.58,65.86,0.8747,2,1,-1
256,28,1646.29,476.83,22.47,36.09,0.8619,2,2,-1
256,29,1598.37,504.57,27.24,75.62,0.8883,2,1,-1
256,39,1318.61,475.32,31.87,67.25,0.8403,1,4,-1
256,43,969.16,510.90,21.78,58.50,0.8544,1,4,-1
256,57,724.57,519.28,46.10,74.59,0.8912,2,2,-1
256,58,1509.88,520.24,41.31,83.43,0.9125,2,2,-1
256,62,1774.75,492.07,36.91,84.89,0.9168,2,1,-1
256,0,687.56,581.60,13.74,14.13,1.0,0,-1,-1
257,3,1856.27,519.94,37.51,79.39,0.9260,2,2,-1
257,5,1629.68,488.00,27.23,70.80,0.6829,2,1,-1
257,9,1323.25,532.09,32.90,87.30,0.8340,3,0,-1
257,10,1555.75,463.45,20.19,64.74,0.8778,2,1,-1
257,28,1647.99,476.01,22.65,36.11,0.8613,2,2,-1
257,29,1599.33,504.32,26.97,76.07,0.8803,2,1,-1
257,43,969.71,501.57,26.80,68.22,0.8892,1,4,-1
257,53,1329.76,475.18,21.53,64.64,0.7981,1,4,-1
257,57,723.07,539.66,37.09,57.76,0.7566,2,2,-1
257,58,1510.85,520.98,41.81,83.09,0.8751,2,2,-1
257,62,1770.68,493.38,40.82,83.66,0.9130,2,1,-1
257,0,679.36,581.63,14.36,14.96,1.0,0,-1,-1
258,3,1855.16,519.59,37.15,79.61,0.9305,2,2,-1
258,7,1645.35,476.89,26.36,69.30,0.8552,2,2,-1
258,9,1323.16,532.30,33.72,86.59,0.8481,3,0,-1
258,10,1551.88,464.16,22.30,65.07,0.8931,2,1,-1
258,29,1600.00,504.11,27.77,76.40,0.8677,2,1,-1
258,43,970.23,501.48,30.16,68.60,0.8974,1,4,-1
258,53,1330.62,474.75,22.48,66.06,0.8039,1,4,-1
258,57,709.31,523.22,39.74,73.67,0.8526,2,2,-1
258,58,1500.71,520.17,34.40,81.42,0.8540,2,2,-1
258,62,1764.81,492.59,46.90,84.97,0.9253,2,1,-1
258,66,1907.29,500.33,12.18,67.58,0.7215,2,-1,-1
258,0,671.50,583.23,13.18,13.36,1.0,0,-1,-1
259,3,1855.02,519.20,36.38,79.49,0.9291,2,2,-1
259,7,1645.75,476.31,27.49,69.70,0.8697,2,2,-1
259,9,1322.61,532.21,35.18,86.82,0.8730,3,0,-1
259,10,1546.23,464.58,27.07,65.36,0.8970,2,1,-1
259,29,1598.79,504.83,29.09,76.73,0.8677,2,1,-1
259,31,1614.92,474.28,20.12,53.63,0.7322,2,1,-1
259,43,970.67,502.67,34.20,67.90,0.9100,1,4,-1
259,53,1332.32,474.88,21.99,65.72,0.7065,1,4,-1
259,57,705.56,521.76,33.05,74.56,0.8917,2,2,-1
259,58,1521.39,521.83,34.09,81.11,0.8401,2,2,-1
259,62,1760.68,492.83,50.97,84.75,0.9216,2,1,-1
259,66,1905.88,496.24,13.43,71.34,0.7252,2,-1,-1
259,0,662.84,582.94,13.58,13.36,1.0,0,-1,-1
260,3,1853.93,517.99,35.13,80.09,0.9261,2,2,-1
260,7,1645.94,476.97,28.62,68.90,0.8606,2,2,-1
260,10,1543.96,464.30,30.07,65.61,0.9003,2,1,-1
260,21,1331.10,482.77,24.33,60.37,0.6337,2,2,-1
260,23,1493.85,520.13,36.55,83.61,0.8911,2,1,-1
260,29,1599.02,504.38,31.02,76.42,0.8724,2,1,-1
260,33,1317.46,516.38,24.51,74.55,0.7967,3,0,-1
260,43,970.47,507.05,35.62,63.84,0.9168,1,4,-1
260,54,1618.29,474.32,18.59,46.80,0.6735,2,1,-1
260,57,700.64,519.04,33.72,76.58,0.9094,2,2,-1
260,58,1524.90,526.93,31.24,75.48,0.8636,2,2,-1
260,62,1756.83,492.16,52.28,85.07,0.9191,2,1,-1
260,66,1905.97,500.88,13.29,66.66,0.7461,2,-1,-1
260,0,655.03,582.49,13.50,14.85,1.0,0,-1,-1
261,2,1628.62,487.60,23.68,73.62,0.7229,2,1,-1
261,3,1853.80,517.69,33.38,77.70,0.9238,2,2,-1
261,7,1650.58,477.35,26.90,66.52,0.8689,2,2,-1
261,8,1335.69,476.75,21.38,61.17,0.8383,3,0,-1
261,9,1323.93,533.09,35.93,86.96,0.8160,3,0,-1
261,10,1543.77,465.38,30.56,64.38,0.9063,2,1,-1
261,23,1491.66,519.76,37.25,83.41,0.8965,2,1,-1
261,29,1598.74,503.83,31.80,76.69,0.8838,2,1,-1
261,33,1317.57,515.95,24.25,76.10,0.8408,3,0,-1
261,43,971.65,510.01,36.56,60.58,0.9182,1,4,-1
261,57,693.24,518.25,38.69,77.55,0.9118,2,2,-1
261,58,1525.09,520.95,31.79,81.15,0.8836,2,2,-1
261,62,1757.37,492.47,49.69,85.60,0.9061,2,1,-1
261,66,1906.38,509.96,12.68,57.06,0.7833,2,-1,-1
261,0,646.96,581.23,14.74,16.15,1.0,0,-1,-1
262,2,1632.20,515.03,16.65,46.57,0.5366,2,1,-1
262,3,1854.91,517.10,30.68,76.84,0.9251,2,2,-1
262,7,1654.15,478.39,26.21,66.49,0.8892,2,2,-1
262,10,1542.37,465.29,31.70,64.70,0.8979,2,1,-1
262,23,1490.81,519.33,38.54,84.50,0.9107,2,1,-1
262,29,1599.44,503.56,30.41,76.39,0.8726,2,1,-1
262,33,1318.04,516.16,23.52,75.05,0.8657,3,0,-1
262,43,975.19,506.95,35.93,63.48,0.9077,1,4,-1
262,53,1338.55,473.59,22.74,67.95,0.6964,1,4,-1
262,57,688.20,517.00,42.16,79.00,0.9247,2,2,-1
262,58,1527.62,520.65,29.03,81.47,0.8886,2,2,-1
262,62,1753.68,490.31,48.23,85.38,0.9180,2,1,-1
262,66,1907.75,507.88,12.81,60.19,0.7493,2,-1,-1
262,0,639.64,582.88,14.45,15.93,1.0,0,-1,-1
263,3,1856.02,517.01,30.08,77.33,0.9228,2,2,-1
263,7,1657.78,479.13,25.88,65.04,0.8996,2,2,-1
263,10,1541.01,464.64,32.55,65.32,0.8834,2,1,-1
263,23,1490.53,519.86,39.63,83.99,0.9213,2,1,-1
263,29,1602.64,504.64,28.19,74.73,0.8688,2,1,-1
263,33,1319.15,519.16,22.66,74.23,0.8696,3,0,-1
263,43,979.60,511.80,33.31,58.32,0.8957,1,4,-1
263,53,1341.76,475.17,24.17,67.42,0.8785,1,4,-1
263,54,1627.35,473.83,20.80,52.22,0.7151,2,1,-1
263,57,682.34,517.35,45.62,78.39,0.9223,2,2,-1
263,58,1532.67,522.07,27.09,79.12,0.8481,2,2,-1
263,62,1754.66,490.00,42.40,84.51,0.9091,2,1,-1
263,66,1908.81,507.84,12.17,61.09,0.7403,2,-1,-1
263,0,636.33,584.05,12.51,14.19,1.0,0,-1,-1
264,3,1857.54,516.35,29.40,77.50,0.9227,2,2,-1
264,7,1660.74,478.88,26.39,65.97,0.9012,2,2,-1
264,8,1343.71,474.91,26.16,67.58,0.8498,3,0,-1
264,9,1331.93,537.83,34.13,82.86,0.8904,3,0,-1
264,10,1540.81,465.31,31.48,65.04,0.8756,2,1,-1
264,23,1489.97,519.22,39.50,84.30,0.9212,2,1,-1
264,29,1603.74,503.72,30.40,76.72,0.8843,2,1,-1
264,43,985.65,510.99,30.90,58.65,0.8228,1,4,-1
264,54,1631.01,475.20,21.58,54.22,0.7327,2,1,-1
264,57,676.73,518.40,47.81,76.47,0.9153,2,2,-1
264,58,1539.99,524.12,24.24,76.88,0.9068,2,2,-1
264,62,1757.56,488.81,35.14,84.72,0.9141,2,1,-1
264,66,1909.92,508.58,11.01,59.28,0.7408,2,-1,-1
264,0,631.19,584.03,14.09,14.75,1.0,0,-1,-1
265,3,1858.98,516.45,28.73,77.60,0.9188,2,2,-1
265,5,1633.56,473.94,22.61,60.28,0.8247,2,1,-1
265,7,1663.26,476.83,29.03,68.89,0.9131,2,2,-1
265,9,1334.15,537.74,33.70,83.77,0.9124,3,0,-1
265,10,1541.95,465.60,28.36,63.96,0.8592,2,1,-1
265,23,1492.12,517.94,37.85,85.86,0.9019,2,1,-1
265,29,1605.38,504.16,29.39,76.26,0.8606,2,1,-1
265,39,1344.71,475.07,31.00,66.74,0.7091,1,4,-1
265,43,992.98,509.74,26.13,60.01,0.8578,1,4,-1
265,57,670.86,519.59,46.26,79.23,0.8872,2,2,-1
265,58,1543.85,522.42,24.31,79.22,0.8722,2,2,-1
265,62,1759.31,488.37,30.36,85.27,0.9116,2,1,-1
265,66,1909.44,497.07,11.79,70.48,0.7598,2,-1,-1
265,0,626.83,585.03,12.95,13.53,1.0,0,-1,-1
266,3,1858.81,516.46,28.54,76.35,0.9158,2,2,-1
266,5,1635.44,495.17,23.89,65.42,0.8321,2,1,-1
266,7,1664.87,476.74,32.43,68.88,0.9128,2,2,-1
266,8,1348.23,475.96,30.77,66.89,0.8234,3,0,-1
266,9,1335.63,537.10,34.12,84.58,0.9069,3,0,-1
266,10,1542.92,463.66,24.32,65.39,0.8778,2,1,-1
266,23,1493.37,517.86,34.90,84.49,0.9129,2,1,-1
266,29,1607.72,503.06,28.73,76.54,0.8819,2,1,-1
266,43,998.61,512.30,22.34,56.91,0.8340,1,4,-1
266,57,666.96,521.02,42.51,78.20,0.8750,2,2,-1
266,58,1546.98,526.40,24.30,73.93,0.8922,2,2,-1
266,62,1758.62,487.75,28.95,85.58,0.9144,2,1,-1
266,66,1907.16,491.57,12.80,75.31,0.8075,2,-1,-1
266,0,623.11,584.83,11.93,13.71,1.0,0,-1,-1
267,3,1857.43,516.16,29.91,77.07,0.9130,2,2,-1
267,5,1635.94,493.89,23.58,66.95,0.8545,2,1,-1
267,7,1665.79,476.28,36.09,69.96,0.9191,2,2,-1
267,9,1337.41,537.55,33.86,84.95,0.8998,3,0,-1
267,10,1542.46,463.56,21.59,63.91,0.8801,2,1,-1
267,23,1493.44,516.52,31.30,84.61,0.9072,2,1,-1
267,29,1609.06,502.83,27.49,75.17,0.8823,2,1,-1
267,39,1346.79,476.07,35.59,66.11,0.9091,1,4,-1
267,43,1005.00,522.96,17.99,46.04,0.8442,1,4,-1
267,57,661.01,521.64,32.96,77.38,0.8945,2,2,-1
267,58,1547.46,520.85,27.59,80.70,0.9034,2,2,-1
267,62,1753.09,488.54,31.44,84.62,0.9220,2,1,-1
267,66,1902.00,486.86,16.21,80.06,0.8027,2,-1,-1
268,3,1857.13,516.11,30.30,77.16,0.9114,2,2,-1
268,5,1635.48,478.14,27.49,82.29,0.8600,2,1,-1
268,7,1666.53,477.85,37.92,70.23,0.9172,2,2,-1
268,8,1350.15,476.59,34.15,66.16,0.8977,3,0,-1
268,9,1339.83,538.52,33.43,83.48,0.9014,3,0,-1
268,10,1540.46,463.50,20.28,64.87,0.8896,2,1,-1
268,23,1492.86,516.65,28.26,83.78,0.8996,2,1,-1
268,29,1612.38,501.49,26.71,74.65,0.8735,2,1,-1
268,43,1006.46,513.97,19.97,55.59,0.8769,1,4,-1
268,57,656.76,520.95,31.99,77.78,0.9044,2,2,-1
268,58,1549.05,522.15,31.31,80.38,0.9122,2,2,-1
268,62,1745.90,488.98,37.66,84.07,0.9329,2,1,-1
268,66,1899.47,487.85,19.30,78.72,0.8613,2,-1,-1
268,0,612.14,586.53,11.45,12.78,1.0,0,-1,-1
269,3,1857.03,516.12,30.34,76.83,0.9087,2,2,-1
269,7,1668.32,476.34,39.78,73.10,0.9107,2,2,-1
269,9,1342.51,537.29,33.56,84.78,0.9023,3,0,-1
269,10,1537.77,462.74,20.65,65.52,0.8867,2,1,-1
269,23,1491.20,516.47,28.23,84.23,0.8727,2,1,-1
269,29,1616.31,501.47,26.06,75.44,0.8463,2,1,-1
269,39,1351.06,473.62,36.36,69.16,0.8849,1,4,-1
269,43,1008.57,511.76,22.60,58.59,0.8878,1,4,-1
269,54,1637.11,481.35,28.21,71.05,0.6189,2,1,-1
269,57,651.72,519.95,34.44,79.44,0.9193,2,2,-1
269,58,1549.73,521.90,36.45,81.09,0.9218,2,2,-1
269,62,1739.68,488.86,44.05,83.47,0.9232,2,1,-1
269,66,1896.51,489.48,22.27,78.50,0.8689,2,-1,-1
269,0,607.19,586.95,12.85,12.40,1.0,0,-1,-1
270,3,1857.66,516.02,30.22,77.06,0.9097,2,2,-1
270,7,1672.35,475.83,38.51,72.84,0.9145,2,2,-1
270,9,1344.46,537.00,33.48,85.07,0.9185,3,0,-1
270,10,1535.59,463.12,21.95,65.33,0.8989,2,1,-1
270,23,1489.91,515.98,29.32,85.01,0.8955,2,1,-1
270,29,1620.24,501.51,24.83,74.56,0.8586,2,1,-1
270,39,1353.21,472.93,36.27,69.71,0.8853,1,4,-1
270,43,1009.02,503.19,28.23,67.11,0.9076,1,4,-1
270,54,1640.03,477.30,27.63,67.21,0.7604,2,1,-1
270,57,645.08,518.61,38.99,79.86,0.9268,2,2,-1
270,58,1550.27,521.82,40.83,81.47,0.9266,2,2,-1
270,62,1736.90,489.71,48.04,82.54,0.9294,2,1,-1
270,66,1893.30,490.41,25.32,77.71,0.8705,2,-1,-1
271,3,1858.13,515.89,29.79,76.55,0.9116,2,2,-1
271,7,1675.00,475.68,39.11,73.29,0.8896,2,2,-1
271,9,1346.19,537.20,33.97,84.88,0.8955,3,0,-1
271,10,1531.38,463.13,26.69,66.04,0.9092,2,1,-1
271,23,1489.03,516.68,31.36,82.91,0.8498,2,1,-1
271,29,1622.84,501.98,24.02,75.14,0.8726,2,1,-1
271,39,1355.83,472.85,34.85,69.68,0.8941,1,4,-1
271,43,1010.63,501.88,33.06,68.24,0.9172,1,4,-1
271,54,1643.23,480.62,28.80,66.08,0.6150,2,1,-1
271,57,639.58,518.82,41.80,78.95,0.9265,2,2,-1
271,58,1551.91,522.82,41.32,81.67,0.9290,2,2,-1
271,62,1736.48,489.62,50.70,83.62,0.9295,2,1,-1
271,66,1891.30,490.63,27.96,78.67,0.8903,2,-1,-1
272,3,1858.06,515.78,29.49,77.31,0.9172,2,2,-1
272,7,1678.82,475.46,38.70,72.83,0.8929,2,2,-1
272,8,1358.72,472.06,32.29,70.55,0.8961,3,0,-1
272,9,1348.41,537.85,33.71,84.36,0.9034,3,0,-1
272,10,1527.12,463.07,31.63,66.51,0.9145,2,1,-1
272,23,1485.50,515.80,36.95,83.92,0.8669,2,1,-1
272,29,1624.16,501.83,24.66,75.75,0.8729,2,1,-1
272,43,1011.83,501.18,36.48,68.62,0.9164,1,4,-1
272,54,1649.54,479.15,30.06,67.51,0.7775,2,1,-1
272,57,632.43,519.70,45.44,78.22,0.9273,2,2,-1
272,58,1552.86,523.07,42.50,80.97,0.9300,2,2,-1
272,62,1735.60,489.41,50.88,83.97,0.9338,2,1,-1
272,66,1891.17,492.27,28.43,76.42,0.8960,2,-1,-1
272,0,589.66,587.08,17.55,15.64,1.0,0,-1,-1
273,3,1857.84,515.44,29.36,77.89,0.9214,2,2,-1
273,7,1682.47,475.49,37.73,71.76,0.8895,2,2,-1
273,8,1361.04,470.69,31.50,72.36,0.8821,3,0,-1
273,10,1525.35,463.15,34.24,66.42,0.9180,2,1,-1
273,23,1482.62,515.82,41.69,84.10,0.8861,2,1,-1
273,29,1625.31,502.30,25.88,74.61,0.8951,2,1,-1
273,33,1335.87,512.66,25.86,73.78,0.9049,3,0,-1
273,43,1013.10,501.74,37.75,68.69,0.9204,1,4,-1
273,54,1651.30,478.89,31.88,68.33,0.7267,2,1,-1
273,57,625.47,522.22,45.29,78.04,0.9151,2,2,-1
273,58,1554.60,523.41,43.67,80.54,0.9293,2,2,-1
273,62,1735.82,489.23,48.80,85.28,0.9318,2,1,-1
273,66,1890.07,491.67,29.78,78.64,0.9021,2,-1,-1
273,0,588.98,587.60,14.71,13.80,1.0,0,-1,-1
274,3,1857.09,515.05,28.96,77.65,0.9220,2,2,-1
274,7,1691.43,476.00,30.87,69.42,0.8950,2,2,-1
274,8,1363.22,470.58,29.68,71.93,0.8800,1,-1,-1
274,9,1351.46,536.76,32.34,85.57,0.9154,3,0,-1
274,10,1523.69,463.38,35.59,66.92,0.9194,2,1,-1
274,23,1479.37,515.19,45.32,84.48,0.9009,2,1,-1
274,29,1626.24,503.87,29.07,74.20,0.8964,2,1,-1
274,43,1015.19,502.95,38.37,68.41,0.9121,1,4,-1
274,54,1654.03,480.52,32.44,68.04,0.8577,2,1,-1
274,57,620.95,523.27,41.46,77.35,0.9003,2,2,-1
274,58,1557.32,523.66,41.58,80.46,0.9253,2,2,-1
274,62,1735.59,488.93,46.04,84.57,0.9199,2,1,-1
274,66,1890.48,491.19,29.56,78.46,0.8959,2,-1,-1
274,0,584.13,588.06,18.60,13.87,1.0,0,-1,-1
275,3,1856.14,514.13,29.13,77.56,0.9199,2,2,-1
275,7,1695.44,475.43,28.79,70.00,0.8945,2,2,-1
275,8,1365.78,470.86,27.89,71.85,0.8984,1,-1,-1
275,10,1523.40,463.04,35.43,67.14,0.9169,2,1,-1
275,23,1478.84,515.21,46.36,84.04,0.9003,2,1,-1
275,29,1626.53,504.28,31.78,73.73,0.9039,2,1,-1
275,33,1337.31,512.56,27.98,76.67,0.8954,3,0,-1
275,43,1017.73,502.31,36.54,69.66,0.9054,1,4,-1
275,54,1654.18,484.83,33.50,63.59,0.8744,2,1,-1
275,57,614.49,524.16,36.98,76.13,0.8841,2,2,-1
275,58,1560.14,523.69,38.97,81.26,0.9280,2,2,-1
275,62,1734.98,487.55,41.20,83.95,0.9171,2,1,-1
275,66,1889.89,491.02,30.02,79.06,0.8890,2,1,-1
275,0,579.23,588.43,12.68,12.71,1.0,0,-1,-1
276,3,1854.25,513.86,29.71,77.90,0.9231,2,2,-1
276,7,1697.79,475.01,29.04,71.04,0.9101,2,2,-1
276,8,1366.71,471.35,26.86,70.99,0.9108,1,-1,-1
276,9,1352.87,538.61,31.56,86.45,0.9003,3,0,-1
276,10,1522.68,463.19,33.27,66.87,0.9131,2,1,-1
276,23,1477.97,514.70,45.77,83.74,0.8971,2,1,-1
276,29,1626.78,506.24,32.77,71.62,0.9111,2,1,-1
276,43,1021.94,503.52,33.06,68.17,0.8850,1,4,-1
276,54,1654.34,482.49,35.07,65.87,0.8870,2,1,-1
276,57,608.45,525.19,31.37,74.84,0.8949,2,2,-1
276,58,1564.82,523.66,35.32,80.75,0.9199,2,2,-1
276,62,1735.41,486.90,34.71,83.36,0.9048,2,1,-1
276,66,1890.84,490.29,29.43,79.74,0.8942,2,1,-1
276,0,575.27,589.69,11.24,11.65,1.0,0,-1,-1
277,3,1852.54,513.60,30.96,77.80,0.9207,2,2,-1
277,7,1699.56,475.59,28.37,71.31,0.9039,2,2,-1
277,8,1367.71,471.09,26.25,71.05,0.8972,1,-1,-1
277,9,1353.96,539.49,30.85,87.06,0.9086,3,0,-1
277,10,1522.66,463.33,29.32,65.23,0.9040,2,1,-1
277,23,1477.58,514.91,43.44,83.78,0.8988,2,1,-1
277,29,1626.36,506.76,33.09,71.40,0.9094,2,1,-1
277,43,1027.61,504.60,29.49,67.15,0.8529,1,4,-1
277,54,1654.64,479.44,35.59,68.99,0.8961,2,1,-1
277,57,603.19,522.91,32.84,77.29,0.8961,2,2,-1
277,58,1568.62,523.68,32.33,81.27,0.9195,2,2,-1
277,62,1733.83,486.57,28.85,82.80,0.8905,2,1,-1
277,66,1890.98,490.39,28.85,79.77,0.8847,2,1,-1
277,0,569.27,589.71,14.03,14.39,1.0,0,-1,-1
278,3,1851.33,513.31,31.76,78.32,0.9186,2,2,-1
278,7,1700.63,476.00,28.96,72.08,0.9019,2,2,-1
278,8,1368.26,471.35,25.71,71.38,0.8901,1,-1,-1
278,9,1354.39,540.69,30.76,85.31,0.8990,3,0,-1
278,10,1520.70,463.24,25.75,65.34,0.8824,2,1,-1
278,23,1477.80,513.79,39.31,82.99,0.9000,2,1,-1
278,29,1626.02,505.79,33.42,72.53,0.9149,2,1,-1
278,43,1032.89,504.27,24.99,66.80,0.8676,1,4,-1
278,54,1657.51,477.39,33.48,71.35,0.9003,2,1,-1
278,57,595.84,523.06,36.54,76.71,0.9063,2,2,-1
278,58,1574.50,523.63,27.77,81.10,0.9077,2,2,-1
278,62,1732.67,486.63,24.99,83.55,0.8889,2,1,-1
278,66,1890.82,490.54,27.01,77.63,0.8771,2,1,-1
278,0,564.42,590.33,12.16,14.44,1.0,0,-1,-1
279,3,1850.02,512.90,32.83,78.62,0.9221,2,2,-1
279,7,1701.34,476.99,29.51,71.39,0.9049,2,2,-1
279,8,1368.81,471.75,25.31,70.65,0.8918,1,-1,-1
279,9,1353.57,541.10,31.83,85.39,0.8977,3,0,-1
279,10,1518.46,462.55,23.14,66.18,0.8794,2,1,-1
279,23,1477.83,512.76,34.87,82.61,0.9043,2,1,-1
279,29,1625.65,504.81,34.09,73.29,0.9087,2,1,-1
279,43,1036.62,500.85,23.07,68.07,0.8360,1,4,-1
279,54,1661.08,476.24,29.91,71.53,0.8982,2,1,-1
279,57,589.12,523.35,40.28,75.53,0.9198,2,2,-1
279,58,1578.56,523.80,25.21,79.77,0.9111,2,2,-1
279,62,1727.96,486.62,25.35,83.28,0.8735,2,1,-1
279,66,1889.59,490.46,25.06,77.31,0.8986,2,1,-1
279,0,556.89,589.96,15.56,15.48,1.0,0,-1,-1
280,3,1849.55,513.04,33.76,78.27,0.9240,2,2,-1
280,8,1368.89,471.90,26.01,70.30,0.8964,1,4,-1
280,9,1354.45,541.98,31.78,84.66,0.9046,3,0,-1
280,10,1517.86,462.38,20.46,65.52,0.8616,2,1,-1
280,23,1478.73,512.55,31.29,83.49,0.9095,2,1,-1
280,29,1626.35,502.87,34.28,75.24,0.8930,2,1,-1
280,43,1039.12,502.00,22.21,70.32,0.8755,1,4,-1
280,54,1665.09,477.60,26.71,70.44,0.8737,2,1,-1
280,57,582.70,523.77,42.96,73.07,0.9189,2,2,-1
280,58,1580.75,523.88,25.00,80.61,0.9092,2,2,-1
280,62,1723.63,486.20,27.58,84.00,0.8972,2,1,-1
280,66,1888.06,490.45,23.89,77.36,0.8836,2,1,-1
280,0,554.97,591.47,12.87,13.09,1.0,0,-1,-1
281,3,1848.33,512.82,34.60,78.85,0.9180,2,2,-1
281,8,1368.58,471.70,27.06,70.52,0.8940,1,4,-1
281,9,1353.67,542.31,32.26,84.57,0.9032,3,0,-1
281,17,1517.83,490.56,15.70,37.79,0.8119,1,4,-1
281,23,1478.39,512.44,28.72,83.99,0.9125,2,1,-1
281,29,1627.29,499.87,33.38,77.05,0.8844,2,1,-1
281,43,1041.70,503.09,21.84,68.58,0.8805,1,4,-1
281,54,1670.73,476.51,23.13,71.18,0.8849,2,1,-1
281,57,574.71,524.55,45.24,75.17,0.9082,2,2,-1
281,58,1582.89,524.01,25.00,79.81,0.9092,2,2,-1
281,62,1716.92,486.61,32.78,83.34,0.9015,2,1,-1
281,66,1886.76,490.24,23.14,78.29,0.8781,2,1,-1
281,0,551.04,591.09,11.23,11.81,1.0,0,-1,-1
282,3,1847.52,512.72,34.61,78.86,0.9195,2,2,-1
282,7,1711.28,488.20,38.13,81.71,0.8647,2,2,-1
282,8,1367.41,471.86,28.48,69.81,0.8917,1,4,-1
282,9,1354.60,541.84,32.44,84.83,0.8988,3,0,-1
282,10,1511.29,462.29,21.78,65.94,0.8748,2,1,-1
282,23,1477.50,512.17,27.44,83.45,0.9083,2,1,-1
282,29,1629.89,501.00,31.06,73.93,0.8809,2,1,-1
282,43,1042.20,503.43,24.99,68.83,0.8905,1,4,-1
282,54,1674.24,476.60,21.64,71.07,0.8882,2,1,-1
282,57,567.57,526.17,42.98,76.62,0.8769,2,2,-1
282,58,1583.11,523.89,25.61,80.36,0.9131,2,2,-1
282,66,1882.67,490.27,24.19,77.93,0.8930,2,1,-1
282,0,544.73,591.95,11.36,11.64,1.0,0,-1,-1
283,3,1846.44,512.78,34.84,78.46,0.9156,2,2,-1
283,9,1354.45,541.90,33.37,84.97,0.8958,3,0,-1
283,10,1505.64,462.02,26.92,67.52,0.9144,2,1,-1
283,23,1475.04,512.30,27.64,83.26,0.9091,2,1,-1
283,29,1631.43,499.00,30.30,75.65,0.8875,2,1,-1
283,39,1363.70,471.75,33.50,69.67,0.8963,1,4,-1
283,43,1042.03,506.91,29.81,65.66,0.9029,1,4,-1
283,54,1675.26,475.93,21.37,71.23,0.8761,2,1,-1
283,57,561.62,528.89,36.80,74.36,0.8673,2,2,-1
283,58,1582.88,523.84,27.40,80.57,0.9240,2,2,-1
283,62,1705.65,488.90,42.04,81.43,0.9082,2,1,-1
283,66,1878.97,489.97,25.11,78.28,0.8890,2,1,-1
283,0,539.98,593.03,11.61,11.90,1.0,0,-1,-1
284,3,1845.56,512.71,34.78,78.41,0.9088,2,2,-1
284,9,1354.34,540.97,34.61,86.55,0.8958,3,0,-1
284,10,1501.40,462.36,30.70,66.71,0.9163,2,1,-1
284,23,1471.35,512.04,29.65,83.67,0.9070,2,1,-1
284,29,1633.69,499.00,28.39,75.20,0.8788,2,1,-1
284,31,1675.39,491.13,22.81,56.61,0.8703,2,1,-1
284,39,1362.10,471.26,34.77,69.98,0.8308,1,4,-1
284,43,1041.40,505.48,34.67,67.72,0.9123,1,4,-1
284,57,554.28,528.24,32.50,75.21,0.8943,2,2,-1
284,58,1582.57,523.58,31.54,81.32,0.9325,2,2,-1
284,62,1701.00,490.23,45.52,79.27,0.9084,2,1,-1
284,66,1878.29,491.15,24.26,77.47,0.8824,2,1,-1
284,0,534.65,593.20,11.64,12.07,1.0,0,-1,-1
285,3,1844.60,513.14,33.07,76.96,0.9044,2,2,-1
285,9,1356.60,540.88,33.34,87.05,0.8939,3,0,-1
285,10,1498.75,462.76,31.78,66.70,0.9107,2,1,-1
285,23,1467.17,511.76,32.15,84.41,0.9099,2,1,-1
285,29,1635.65,498.81,28.42,75.94,0.8794,2,1,-1
285,39,1362.51,470.67,35.56,70.98,0.7259,1,4,-1
285,43,1041.33,506.17,37.40,67.09,0.9154,1,4,-1
285,54,1675.71,477.15,24.51,71.14,0.8806,2,1,-1
285,57,548.04,527.13,32.92,76.69,0.8868,2,2,-1
285,58,1582.14,523.76,34.34,82.29,0.9325,2,2,-1
285,62,1698.12,487.07,46.96,82.44,0.9114,2,1,-1
285,66,1873.16,491.38,26.62,77.82,0.8773,2,1,-1
285,0,528.67,593.23,13.21,12.93,1.0,0,-1,-1
286,3,1844.06,512.41,32.13,77.36,0.9056,2,2,-1
286,9,1358.54,540.27,32.62,87.99,0.9100,3,0,-1
286,10,1497.51,462.98,31.18,66.15,0.9101,2,1,-1
286,23,1465.31,512.40,32.04,83.65,0.9209,2,1,-1
286,29,1636.39,499.01,28.16,76.24,0.8600,2,1,-1
286,39,1363.67,473.54,34.30,67.94,0.5720,1,4,-1
286,43,1041.26,504.34,40.22,69.53,0.9190,1,4,-1
286,54,1675.92,480.34,27.40,68.98,0.8781,2,1,-1
286,57,543.67,529.36,33.28,72.75,0.8989,2,2,-1
286,58,1581.54,523.70,35.39,82.61,0.9345,2,2,-1
286,62,1696.42,487.66,44.69,80.79,0.8719,2,1,-1
286,66,1871.04,491.30,27.98,78.46,0.8793,2,1,-1
287,3,1844.07,512.48,30.45,77.35,0.9058,2,2,-1
287,5,1620.51,484.40,24.68,74.98,0.8653,2,1,-1
287,7,1717.50,479.21,30.18,71.93,0.8585,2,2,-1
287,9,1360.10,540.24,32.15,88.06,0.9187,3,0,-1
287,10,1496.38,463.43,30.40,66.20,0.9080,2,1,-1
287,23,1465.42,512.49,31.08,83.17,0.9198,2,1,-1
287,29,1639.64,499.76,26.74,75.94,0.8648,2,1,-1
287,31,1675.74,486.76,31.74,63.97,0.8574,2,1,-1
287,39,1363.39,472.77,35.09,68.90,0.5933,1,4,-1
287,43,1043.32,510.42,38.56,63.63,0.9131,1,4,-1
287,57,536.66,529.84,36.66,72.24,0.9103,2,2,-1
287,58,1581.45,524.04,35.31,82.13,0.9291,2,2,-1
287,66,1868.94,491.17,29.17,78.79,0.8812,2,1,-1
288,3,1843.80,512.19,30.15,76.70,0.9022,2,2,-1
288,5,1619.25,483.75,24.64,75.65,0.8588,2,1,-1
288,7,1719.86,478.75,28.98,69.83,0.8922,2,2,-1
288,9,1359.88,540.81,33.55,87.81,0.9116,3,0,-1
288,10,1493.64,462.48,30.06,66.47,0.9055,2,1,-1
288,23,1466.23,512.37,29.03,82.73,0.9081,2,1,-1
288,29,1640.00,499.78,25.90,75.17,0.8587,2,1,-1
288,39,1360.38,471.60,37.10,69.18,0.6723,1,4,-1
288,43,1046.67,516.20,35.14,56.73,0.8972,1,4,-1
288,54,1676.27,482.85,29.45,67.20,0.8313,2,1,-1
288,57,530.19,529.66,40.26,70.49,0.9085,2,2,-1
288,58,1581.47,523.93,35.30,82.24,0.9283,2,2,-1
288,66,1868.18,491.64,29.27,78.63,0.8821,2,1,-1
288,0,514.20,594.21,13.73,12.39,1.0,0,-1,-1
289,3,1843.06,511.36,30.45,76.78,0.9038,2,2,-1
289,5,1619.18,483.53,25.92,76.89,0.8585,2,1,-1
289,7,1721.25,479.02,28.95,70.69,0.9129,2,2,-1
289,8,1371.72,470.77,27.27,69.05,0.7815,1,4,-1
289,9,1360.64,541.64,34.53,87.68,0.9175,3,0,-1
289,10,1492.27,462.04,27.67,66.28,0.9030,2,1,-1
289,23,1465.64,511.90,27.94,82.87,0.9091,2,1,-1
289,29,1641.61,500.27,25.38,74.45,0.8605,2,1,-1
289,31,1676.64,479.29,36.78,70.95,0.7560,2,1,-1
289,43,1048.98,510.23,34.82,62.12,0.8788,1,4,-1
289,57,523.11,529.84,43.06,71.08,0.9317,2,2,-1
289,58,1580.58,524.07,36.44,82.16,0.9271,2,2,-1
289,66,1866.62,491.29,29.41,78.91,0.8731,2,1,-1
289,0,508.03,594.75,12.87,12.32,1.0,0,-1,-1
290,3,1842.63,511.11,30.38,76.87,0.9049,2,2,-1
290,5,1618.02,483.37,25.85,76.84,0.8638,2,1,-1
290,7,1721.55,479.08,30.04,70.97,0.9228,2,2,-1
290,8,1371.69,470.73,26.75,67.63,0.7002,1,4,-1
290,9,1361.88,542.90,34.93,86.91,0.9216,3,0,-1
290,10,1490.45,461.87,24.64,64.93,0.8861,2,1,-1
290,23,1464.70,511.19,26.67,82.45,0.9097,2,1,-1
290,29,1642.74,499.99,25.98,74.53,0.8597,2,1,-1
290,43,1053.98,503.59,31.83,67.89,0.8740,1,4,-1
290,57,514.67,528.76,46.00,76.01,0.9236,2,2,-1
290,58,1581.26,523.90,36.58,82.51,0.9240,2,2,-1
290,62,1678.83,480.49,38.53,86.42,0.8168,2,1,-1
290,66,1865.98,490.81,28.43,79.36,0.8718,2,1,-1
290,0,501.58,595.67,14.15,13.02,1.0,0,-1,-1
291,3,1842.05,510.74,29.31,76.31,0.9010,2,2,-1
291,5,1617.48,483.94,26.08,75.07,0.8839,2,1,-1
291,7,1721.83,479.54,34.61,71.42,0.9244,2,2,-1
291,9,1362.58,544.53,35.00,86.36,0.9208,3,0,-1
291,10,1487.27,462.46,22.69,65.66,0.8620,2,1,-1
291,23,1463.59,510.54,26.49,82.37,0.9106,2,1,-1
291,29,1643.78,500.32,26.62,74.22,0.8669,2,1,-1
291,43,1058.88,504.21,27.88,67.53,0.8681,1,4,-1
291,53,1372.11,470.69,25.21,63.21,0.6201,1,4,-1
291,57,508.75,530.12,44.00,77.28,0.9056,2,2,-1
291,58,1583.21,523.85,36.21,82.49,0.9189,2,2,-1
291,62,1678.37,484.60,34.24,81.96,0.8408,2,1,-1
291,0,494.22,596.64,12.86,12.42,1.0,0,-1,-1
292,3,1841.39,510.52,29.54,76.80,0.9040,2,2,-1
292,5,1616.15,483.67,25.08,72.15,0.8744,2,1,-1
292,7,1721.67,480.22,37.06,70.78,0.9293,2,2,-1
292,9,1363.39,546.15,34.84,85.94,0.8853,3,0,-1
292,10,1485.83,462.30,20.78,65.84,0.8780,2,1,-1
292,23,1461.26,509.15,26.54,82.57,0.9106,2,1,-1
292,29,1643.46,499.58,26.71,73.87,0.8732,2,1,-1
292,43,1063.54,504.18,24.38,67.08,0.8667,1,4,-1
292,57,501.89,530.97,40.25,76.97,0.8769,2,2,-1
292,58,1584.61,523.37,39.44,82.81,0.9146,2,2,-1
292,62,1677.31,480.12,33.84,87.38,0.8760,2,1,-1
292,0,486.32,595.89,15.19,13.81,1.0,0,-1,-1
293,3,1839.60,510.24,29.10,76.16,0.9084,2,2,-1
293,5,1614.64,482.97,25.04,69.41,0.8752,2,1,-1
293,7,1720.73,480.95,37.61,70.63,0.9289,2,2,-1
293,9,1365.09,546.14,34.03,86.41,0.9170,3,0,-1
293,10,1482.86,463.54,20.83,63.62,0.8785,2,1,-1
293,23,1458.42,508.43,27.07,82.36,0.9043,2,1,-1
293,29,1644.11,499.58,26.12,72.26,0.8779,2,1,-1
293,43,1065.38,506.75,22.63,65.56,0.8495,1,4,-1
293,57,495.59,532.40,34.14,73.46,0.8522,2,2,-1
293,58,1585.82,524.02,39.24,82.11,0.9166,2,2,-1
293,62,1672.18,479.09,36.96,88.47,0.8817,2,1,-1
293,0,479.80,596.17,13.51,13.10,1.0,0,-1,-1
294,3,1838.51,509.72,31.61,76.73,0.8956,2,2,-1
294,5,1612.45,482.25,25.15,69.84,0.8693,2,1,-1
294,7,1720.61,480.03,37.81,70.52,0.9251,2,2,-1
294,9,1365.97,546.47,34.24,86.42,0.9190,3,0,-1
294,10,1479.62,462.77,22.40,65.05,0.8895,2,1,-1
294,23,1456.75,508.08,27.73,82.73,0.9006,2,1,-1
294,29,1643.81,498.69,25.49,73.43,0.8540,2,1,-1
294,43,1066.02,506.14,22.81,65.61,0.8807,1,4,-1
294,57,488.63,533.77,33.09,73.32,0.8539,2,2,-1
294,58,1588.14,524.34,36.27,81.60,0.9150,2,2,-1
294,62,1666.81,485.28,38.01,81.54,0.8704,2,1,-1
294,0,472.27,597.79,13.34,11.79,1.0,0,-1,-1
295,2,1610.62,482.86,23.32,58.64,0.8578,2,1,-1
295,3,1835.18,509.60,29.98,76.67,0.8812,2,2,-1
295,7,1720.47,479.30,37.77,71.08,0.9219,2,2,-1
295,9,1366.69,546.76,34.64,86.37,0.9245,3,0,-1
295,10,1475.70,462.79,23.71,64.66,0.8850,2,1,-1
295,23,1453.41,507.21,30.28,83.46,0.9064,2,1,-1
295,29,1642.55,498.01,23.16,73.54,0.8739,2,1,-1
295,43,1065.77,508.71,27.59,63.65,0.9054,1,4,-1
295,57,481.56,533.92,36.78,72.61,0.9059,2,2,-1
295,58,1588.68,524.40,34.95,81.89,0.9163,2,2,-1
295,62,1660.95,485.64,41.14,81.16,0.8614,2,1,-1
295,0,467.73,598.17,12.86,11.46,1.0,0,-1,-1
296,2,1608.29,482.78,23.72,60.63,0.8595,2,1,-1
296,3,1833.56,509.67,29.42,76.16,0.8874,2,2,-1
296,7,1721.27,479.66,37.45,70.53,0.9275,2,2,-1
296,9,1366.59,546.95,34.77,85.96,0.9173,3,0,-1
296,10,1472.97,463.38,24.34,63.77,0.8915,2,1,-1
296,23,1450.76,506.82,32.64,83.83,0.8968,2,1,-1
296,43,1065.05,510.71,30.65,61.76,0.9075,1,4,-1
296,54,1693.36,476.64,20.15,71.29,0.8702,2,1,-1
296,57,474.24,533.05,41.23,70.66,0.9102,2,2,-1
296,58,1588.42,524.41,34.88,80.85,0.9147,2,2,-1
296,62,1657.81,486.11,42.13,81.52,0.8708,2,1,-1
296,0,459.33,598.76,13.10,12.74,1.0,0,-1,-1
297,3,1831.19,509.55,29.46,75.37,0.8999,2,2,-1
297,5,1606.49,482.14,23.25,63.68,0.8795,2,1,-1
297,7,1722.80,479.71,36.43,70.44,0.9085,2,2,-1
297,9,1365.96,546.08,35.59,86.72,0.9188,3,0,-1
297,10,1470.51,464.33,24.99,62.89,0.8873,2,1,-1
297,23,1448.58,508.19,34.26,81.81,0.8758,2,1,-1
297,29,1642.67,496.98,22.50,74.17,0.8652,2,1,-1
297,43,1064.52,512.31,33.62,59.93,0.9082,1,4,-1
297,54,1693.43,476.22,19.98,71.58,0.8819,2,1,-1
297,57,467.19,536.23,44.37,69.75,0.9120,2,2,-1
297,58,1588.40,525.74,33.44,80.19,0.9103,2,2,-1
297,62,1657.42,485.91,40.72,83.14,0.8416,2,1,-1
297,0,455.07,600.52,12.19,10.79,1.0,0,-1,-1
298,3,1827.99,509.69,29.93,75.30,0.9054,2,2,-1
298,7,1726.15,479.83,33.31,70.28,0.9065,2,2,-1
298,9,1365.43,544.87,36.48,88.02,0.9158,3,0,-1
298,10,1467.48,464.30,25.48,62.69,0.8808,2,1,-1
298,23,1445.93,507.19,38.37,82.61,0.8735,2,1,-1
298,29,1641.86,497.35,21.89,72.57,0.8726,2,1,-1
298,43,1063.65,510.23,37.74,62.67,0.9157,2,-1,-1
298,54,1691.97,478.43,21.63,71.20,0.8902,2,1,-1
298,57,460.62,535.43,46.99,72.20,0.9168,2,2,-1
298,58,1588.70,525.92,32.49,80.23,0.9120,2,2,-1
298,62,1655.12,484.65,39.46,84.14,0.7131,2,1,-1
298,0,448.54,600.57,11.93,11.19,1.0,0,-1,-1
299,3,1824.08,509.24,29.08,74.86,0.8997,2,2,-1
299,7,1729.14,480.13,30.27,69.24,0.9059,2,2,-1
299,9,1365.67,544.01,36.42,89.16,0.9148,3,0,-1
299,10,1463.43,464.01,26.01,62.91,0.8654,2,1,-1
299,23,1442.74,507.81,40.90,82.10,0.8689,2,1,-1
299,29,1640.83,499.13,21.76,71.51,0.8590,2,1,-1
299,31,1688.16,478.59,31.67,71.49,0.9047,2,1,-1
299,43,1063.79,511.71,38.02,61.55,0.9142,2,1,-1
299,57,453.89,538.01,47.70,73.06,0.7563,2,2,-1
299,58,1588.57,526.92,31.96,79.01,0.9063,2,2,-1
299,0,443.62,600.43,12.22,12.12,1.0,0,-1,-1
300,3,1821.07,508.62,29.79,75.86,0.8856,2,2,-1
300,5,1598.38,483.24,24.49,59.31,0.8698,2,1,-1
300,7,1730.94,481.28,28.36,67.97,0.9084,2,2,-1
300,9,1364.57,543.73,37.02,89.33,0.9227,3,0,-1
300,10,1459.12,465.91,24.39,58.73,0.6156,2,1,-1
300,23,1438.49,506.90,39.88,82.90,0.8407,2,1,-1
300,29,1639.66,499.75,22.91,70.57,0.8611,2,1,-1
300,31,1686.82,478.16,34.06,72.14,0.9195,2,1,-1
300,43,1065.36,518.88,34.14,53.75,0.8951,2,1,-1
300,57,447.58,539.00,42.87,70.76,0.8513,2,2,-1
300,58,1588.44,527.14,32.09,78.86,0.9141,2,2,-1
300,0,436.45,600.80,12.38,12.59,1.0,0,-1,-1
301,3,1817.28,508.62,29.53,75.34,0.8928,2,2,-1
301,5,1595.75,483.36,25.52,55.98,0.8978,2,1,-1
301,7,1730.77,480.86,28.45,69.70,0.9055,2,2,-1
301,8,1356.22,469.85,27.51,65.08,0.5648,1,4,-1
301,9,1363.81,543.72,37.41,89.22,0.9251,3,0,-1
301,10,1453.82,465.10,25.32,60.97,0.5804,2,1,-1
301,23,1437.16,508.78,38.39,80.17,0.8843,2,1,-1
301,29,1638.08,498.94,25.08,71.43,0.8684,2,1,-1
301,31,1684.32,479.13,36.81,72.82,0.9237,2,1,-1
301,43,1067.17,512.19,35.59,60.85,0.8998,2,1,-1
301,57,443.08,538.37,36.94,69.58,0.8505,2,2,-1
301,58,1588.15,527.47,31.69,78.72,0.9214,2,2,-1
301,0,431.47,601.57,13.75,11.57,1.0,0,-1,-1
302,3,1814.98,507.58,30.41,75.85,0.8732,2,2,-1
302,5,1593.87,482.46,25.54,57.48,0.8779,2,1,-1
302,7,1730.44,480.44,29.24,70.53,0.9068,2,2,-1
302,8,1354.59,469.96,29.09,66.63,0.5685,1,4,-1
302,9,1362.73,543.00,38.45,90.89,0.9028,3,0,-1
302,23,1435.47,506.74,38.41,81.48,0.8861,2,1,-1
302,29,1636.19,498.86,27.19,70.46,0.8827,2,1,-1
302,31,1683.18,479.62,38.08,72.49,0.9210,2,1,-1
302,43,1070.59,512.14,31.44,60.26,0.8667,2,1,-1
302,57,436.41,538.56,33.03,72.19,0.8880,2,2,-1
302,58,1587.63,527.86,31.87,79.16,0.9271,2,2,-1
302,0,427.30,601.75,13.63,12.97,1.0,0,-1,-1
303,3,1811.84,508.37,30.61,73.92,0.8776,2,2,-1
303,5,1592.56,482.87,24.36,56.82,0.8793,2,1,-1
303,7,1729.38,480.87,31.51,70.79,0.9101,2,2,-1
303,9,1365.10,544.48,36.86,89.58,0.9120,3,0,-1
303,23,1434.63,505.68,37.61,79.85,0.8854,2,1,-1
303,29,1634.63,498.54,29.29,70.25,0.8942,2,1,-1
303,31,1682.23,479.91,38.25,71.13,0.9236,2,1,-1
303,39,1350.36,469.86,33.93,65.92,0.7147,1,4,-1
303,43,1075.64,505.35,27.98,66.47,0.8779,2,1,-1
303,57,430.66,537.87,33.73,69.53,0.8686,2,2,-1
303,58,1588.83,528.42,30.48,78.97,0.9273,2,2,-1
303,0,422.70,601.82,12.14,12.22,1.0,0,-1,-1
304,2,1590.48,482.82,23.76,58.52,0.8730,2,1,-1
304,3,1809.15,511.57,28.92,70.26,0.8864,2,2,-1
304,7,1727.99,481.11,33.83,70.06,0.9118,2,2,-1
304,8,1352.78,469.69,29.63,65.85,0.8640,1,4,-1
304,9,1365.05,544.90,37.27,90.41,0.9181,3,0,-1
304,23,1433.85,502.04,36.00,82.95,0.9064,2,1,-1
304,29,1632.90,498.70,29.48,69.71,0.8453,2,1,-1
304,31,1681.38,480.07,38.54,71.96,0.9245,2,1,-1
304,43,1081.35,502.96,24.83,67.72,0.8830,2,1,-1
304,57,420.05,537.68,42.28,72.15,0.9038,2,2,-1
304,58,1587.19,527.99,30.90,79.61,0.9214,2,2,-1
304,0,417.53,602.09,12.62,12.04,1.0,0,-1,-1
305,2,1588.31,482.62,22.54,58.74,0.8888,2,1,-1
305,3,1806.54,510.10,29.42,71.42,0.8792,2,2,-1
305,7,1726.74,481.71,35.23,69.50,0.9159,2,2,-1
305,8,1352.46,469.80,29.73,66.02,0.8543,1,4,-1
305,9,1364.85,545.66,38.16,90.21,0.9194,3,0,-1
305,23,1432.89,498.86,33.75,85.62,0.9027,2,1,-1
305,29,1632.29,497.98,29.40,71.34,0.8922,2,1,-1
305,31,1680.39,480.08,37.76,71.58,0.9185,2,1,-1
305,43,1083.92,502.78,23.15,70.05,0.8823,2,1,-1
305,57,416.84,539.06,43.96,71.10,0.9098,2,2,-1
305,58,1587.57,528.42,30.07,79.03,0.9135,2,2,-1
305,0,412.68,601.98,11.89,13.63,1.0,0,-1,-1
306,3,1804.58,510.77,29.21,70.55,0.8796,2,2,-1
306,7,1725.21,482.29,36.74,69.80,0.9160,2,2,-1
306,9,1364.40,547.58,38.57,88.69,0.9202,3,0,-1
306,23,1432.79,503.75,29.87,80.22,0.9068,2,1,-1
306,29,1632.63,497.72,28.01,71.19,0.8666,2,1,-1
306,31,1680.63,479.90,36.49,71.52,0.9124,2,1,-1
306,33,1367.50,502.99,23.49,63.73,0.8081,3,0,-1
306,43,1084.50,502.44,22.40,69.74,0.8945,2,1,-1
306,53,1353.61,469.23,27.04,66.56,0.8381,1,4,-1
306,57,409.66,538.88,46.81,73.80,0.9233,2,2,-1
306,58,1586.84,528.48,30.05,79.01,0.9102,2,2,-1
306,0,406.06,603.06,11.81,11.92,1.0,0,-1,-1
307,3,1801.82,508.91,29.28,71.59,0.8795,2,2,-1
307,7,1723.93,482.40,38.07,69.38,0.9179,2,2,-1
307,8,1351.23,469.77,29.61,66.25,0.7746,1,4,-1
307,9,1364.56,546.39,38.51,89.81,0.9219,3,0,-1
307,21,1370.16,502.83,22.87,58.24,0.8234,2,2,-1
307,23,1430.18,501.35,28.97,82.43,0.8977,2,1,-1
307,29,1633.26,497.49,25.94,70.95,0.8803,2,1,-1
307,31,1680.99,479.85,33.37,71.89,0.9043,2,1,-1
307,43,1083.88,503.35,25.87,69.91,0.9081,2,1,-1
307,57,404.73,540.21,46.63,72.91,0.9216,2,2,-1
307,58,1586.23,528.44,29.29,78.77,0.9059,2,2,-1
307,62,1608.91,481.77,30.70,76.48,0.8797,2,1,-1
308,3,1799.90,508.19,29.09,72.10,0.8873,2,2,-1
308,7,1723.46,482.89,37.73,69.18,0.9196,2,2,-1
308,9,1364.55,546.35,38.74,90.25,0.9221,3,0,-1
308,21,1370.42,503.29,24.17,58.43,0.8514,2,2,-1
308,23,1427.78,502.60,28.64,81.17,0.8963,2,1,-1
308,29,1633.22,496.51,24.63,71.11,0.8876,2,1,-1
308,43,1082.84,503.09,30.83,70.90,0.9245,2,1,-1
308,53,1350.92,469.81,27.22,66.31,0.8010,1,4,-1
308,54,1684.56,479.79,26.04,72.06,0.8842,2,1,-1
308,57,400.44,540.59,42.86,71.90,0.8810,2,2,-1
308,58,1585.69,528.32,28.61,78.90,0.9044,2,2,-1
308,62,1605.88,482.40,30.75,78.42,0.8579,2,1,-1
308,0,397.85,603.97,10.83,11.42,1.0,0,-1,-1
309,2,1578.19,481.99,23.29,72.48,0.8687,2,1,-1
309,3,1796.66,508.30,29.29,72.02,0.8909,2,2,-1
309,7,1724.74,482.75,35.52,69.27,0.9113,2,2,-1
309,8,1349.69,472.11,27.08,63.77,0.8620,1,4,-1
309,9,1364.42,547.29,39.26,89.46,0.9232,3,0,-1
309,21,1370.81,504.69,24.90,57.25,0.8500,2,2,-1
309,23,1425.38,506.44,28.28,77.17,0.8817,2,1,-1
309,29,1632.11,495.44,24.52,72.23,0.8833,2,1,-1
309,43,1082.43,503.01,35.50,71.88,0.9263,2,1,-1
309,54,1685.91,479.80,24.05,70.88,0.8777,2,1,-1
309,57,400.90,567.59,27.95,45.06,0.8082,2,2,-1
309,58,1588.94,528.72,25.00,78.06,0.8989,2,2,-1
309,62,1603.79,482.83,30.04,75.91,0.8646,2,1,-1
309,0,393.74,604.30,11.27,11.62,1.0,0,-1,-1
310,2,1576.03,481.35,23.24,73.86,0.8594,2,1,-1
310,3,1794.31,504.37,29.45,74.89,0.9034,2,2,-1
310,5,1597.79,481.96,23.50,57.59,0.8294,2,1,-1
310,7,1726.73,482.95,32.83,68.85,0.9070,2,2,-1
310,9,1365.09,547.93,39.29,88.98,0.9171,3,0,-1
310,21,1370.26,505.66,26.02,57.88,0.8341,2,2,-1
310,23,1422.91,505.19,28.60,77.80,0.8874,2,1,-1
310,29,1633.12,495.14,22.88,72.37,0.8931,2,1,-1
310,43,1081.58,503.15,37.63,70.37,0.9265,2,1,-1
310,53,1348.21,471.67,24.92,64.24,0.8629,1,4,-1
310,54,1689.11,479.47,21.51,71.25,0.8981,2,1,-1
310,57,388.32,543.68,33.92,69.33,0.8854,2,2,-1
310,58,1590.53,528.07,25.67,78.85,0.8408,2,2,-1
310,0,387.42,604.31,12.14,12.12,1.0,0,-1,-1
311,2,1573.98,481.70,23.74,74.50,0.8277,2,1,-1
311,3,1792.03,505.33,28.86,73.61,0.8976,2,2,-1
311,7,1727.64,482.14,30.31,69.06,0.9055,2,2,-1
311,9,1365.84,546.32,38.88,90.13,0.9107,3,0,-1
311,23,1422.40,505.53,28.00,76.97,0.8935,2,1,-1
311,29,1631.93,494.84,23.54,72.51,0.8888,2,1,-1
311,43,1082.57,517.08,35.06,55.91,0.9103,2,1,-1
311,53,1347.21,471.59,24.65,63.78,0.7663,1,4,-1
311,54,1690.07,478.88,20.80,72.50,0.9014,2,1,-1
311,57,384.03,543.31,32.62,69.47,0.9153,2,2,-1
311,58,1590.21,525.14,29.45,82.09,0.8886,2,2,-1
312,2,1569.91,481.72,23.00,72.82,0.8523,2,1,-1
312,3,1788.11,509.71,29.14,68.73,0.8841,2,2,-1
312,7,1727.82,482.21,27.26,68.72,0.9120,2,2,-1
312,9,1367.51,546.01,38.30,90.00,0.9133,3,0,-1
312,23,1421.14,506.98,26.95,74.69,0.8867,2,1,-1
312,29,1630.98,494.53,24.13,72.11,0.8994,2,1,-1
312,43,1081.45,504.75,37.86,67.75,0.9170,2,1,-1
312,53,1345.05,470.72,25.24,65.10,0.9045,1,4,-1
312,54,1689.10,479.26,21.51,72.04,0.8952,2,1,-1
312,57,378.23,542.56,36.56,71.41,0.9268,2,2,-1
312,58,1587.67,524.41,27.20,82.54,0.8991,2,2,-1
313,2,1567.84,481.49,23.49,72.09,0.8595,2,1,-1
313,3,1785.01,509.37,29.50,67.80,0.8770,2,2,-1
313,7,1727.42,481.44,25.59,68.55,0.9178,2,2,-1
313,9,1370.71,545.59,34.98,89.25,0.9216,3,0,-1
313,23,1417.94,505.11,27.62,75.05,0.8127,2,1,-1
313,29,1627.36,494.52,27.00,71.02,0.8918,2,1,-1
313,43,1084.62,509.70,33.68,61.94,0.8935,2,1,-1
313,53,1344.71,470.61,25.01,64.81,0.8628,1,4,-1
313,54,1687.44,479.25,23.48,71.98,0.9058,2,1,-1
313,57,370.84,543.74,40.38,70.55,0.9184,2,2,-1
313,58,1585.95,525.46,24.59,80.60,0.9055,2,2,-1
314,2,1565.38,481.08,22.94,71.92,0.8884,2,1,-1
314,3,1784.02,504.17,29.97,72.22,0.8693,2,2,-1
314,7,1726.77,480.49,25.17,70.00,0.9188,2,2,-1
314,9,1371.52,544.94,33.60,89.29,0.9020,3,0,-1
314,23,1414.82,501.92,29.00,77.73,0.8972,2,1,-1
314,29,1626.24,494.39,29.13,70.92,0.8948,2,1,-1
314,43,1086.85,505.64,31.18,64.95,0.8962,2,1,-1
314,53,1344.04,467.99,24.76,65.79,0.8720,1,4,-1
314,54,1685.62,479.05,26.58,70.76,0.9198,2,1,-1
314,57,362.04,543.38,45.19,70.51,0.9138,2,2,-1
314,58,1585.13,526.21,24.87,79.30,0.9108,2,2,-1
315,3,1782.69,499.55,28.98,76.74,0.8707,2,2,-1
315,7,1725.67,480.23,26.44,69.93,0.9199,2,2,-1
315,8,1340.70,467.52,25.94,63.55,0.7892,1,4,-1
315,9,1373.39,543.34,32.41,89.46,0.8793,3,0,-1
315,23,1411.83,500.28,30.56,78.59,0.9010,2,1,-1
315,28,1563.27,479.93,25.91,72.57,0.8587,2,2,-1
315,29,1624.45,493.30,32.25,71.78,0.8931,2,1,-1
315,31,1682.71,478.65,32.31,70.16,0.9236,2,1,-1
315,43,1091.34,506.81,26.16,62.62,0.8792,2,1,-1
315,57,354.21,540.22,49.80,74.46,0.9181,2,2,-1
315,58,1583.32,525.79,26.82,79.74,0.9150,2,2,-1
315,66,1901.42,502.63,18.89,63.57,0.7919,2,1,-1
316,2,1562.73,478.01,28.53,73.41,0.8935,2,1,-1
316,3,1781.69,502.70,26.63,72.13,0.8653,2,2,-1
316,7,1724.40,480.45,29.00,68.67,0.9209,2,2,-1
316,8,1338.69,466.97,26.30,64.02,0.8533,1,4,-1
316,9,1374.13,543.77,32.07,88.50,0.9173,3,0,-1
316,23,1409.32,499.27,30.98,77.88,0.9001,2,1,-1
316,29,1622.70,493.25,33.36,71.36,0.8929,2,1,-1
316,31,1680.98,478.36,34.68,70.84,0.9170,2,1,-1
316,43,1096.19,505.58,22.67,62.22,0.8747,2,1,-1
316,57,348.81,541.21,49.64,74.71,0.5954,2,2,-1
316,58,1583.12,525.18,28.32,79.21,0.9146,2,2,-1
316,66,1897.69,496.61,22.08,67.93,0.8871,2,1,-1
317,2,1558.97,476.51,30.00,75.06,0.9082,2,1,-1
317,3,1779.85,500.99,26.72,72.74,0.8694,2,2,-1
317,7,1722.86,480.04,31.44,68.82,0.9298,2,2,-1
317,9,1372.99,544.41,34.06,87.77,0.9292,3,0,-1
317,23,1408.78,498.40,31.02,77.73,0.9041,2,1,-1
317,29,1622.56,492.36,33.29,71.16,0.8910,2,1,-1
317,31,1679.21,478.20,35.65,69.85,0.9161,2,1,-1
317,43,1098.95,505.51,20.83,62.84,0.8669,2,1,-1
317,53,1337.60,466.05,26.49,65.78,0.8851,1,4,-1
317,57,347.07,541.86,42.97,73.07,0.8831,2,2,-1
317,58,1581.85,524.64,29.46,78.95,0.9166,2,2,-1
317,66,1895.18,494.75,24.20,69.09,0.8979,2,1,-1
318,2,1554.52,475.87,30.42,75.24,0.9155,2,1,-1
318,3,1777.72,501.20,26.65,71.29,0.8871,2,2,-1
318,7,1720.82,479.83,33.23,68.31,0.9272,2,2,-1
318,9,1370.74,544.37,38.36,86.92,0.9310,3,0,-1
318,23,1408.17,498.69,30.94,75.83,0.8996,2,1,-1
318,29,1621.90,491.44,33.27,70.42,0.8962,2,1,-1
318,31,1678.19,477.24,35.98,71.42,0.9110,2,1,-1
318,33,1375.33,501.79,22.69,59.81,0.8100,3,0,-1
318,43,1100.06,506.04,20.44,62.13,0.8886,2,1,-1
318,53,1336.92,465.52,26.15,65.14,0.8872,1,4,-1
318,57,341.26,540.99,37.29,72.65,0.8560,2,2,-1
318,58,1580.28,524.37,30.87,78.45,0.9257,2,2,-1
318,66,1892.97,492.23,25.99,71.22,0.8823,2,1,-1
319,2,1548.59,475.95,33.49,73.96,0.8937,2,1,-1
319,3,1775.50,500.29,26.71,71.04,0.8812,2,2,-1
319,7,1719.14,479.98,33.32,66.79,0.9135,2,2,-1
319,9,1369.11,544.00,42.46,86.66,0.9332,3,0,-1
319,23,1407.08,495.75,31.53,77.30,0.8918,2,1,-1
319,29,1621.39,490.16,32.71,69.11,0.9035,2,1,-1
319,31,1677.24,477.46,34.86,69.53,0.9141,2,1,-1
319,39,1337.70,481.85,22.20,48.41,0.8603,1,4,-1
319,43,1099.58,505.20,22.78,61.79,0.8944,2,1,-1
319,58,1578.42,523.63,32.37,78.43,0.9278,2,2,-1
319,66,1889.98,491.55,23.64,67.06,0.8959,2,1,-1
319,0,339.19,603.76,14.74,11.77,1.0,0,-1,-1
320,2,1543.03,474.84,36.30,73.65,0.9032,2,1,-1
320,3,1772.69,497.98,26.98,71.90,0.8795,2,2,-1
320,7,1717.15,478.11,33.19,67.58,0.9133,2,2,-1
320,9,1367.25,544.29,45.29,85.63,0.9275,3,0,-1
320,23,1406.19,494.34,31.73,76.93,0.8962,2,1,-1
320,29,1621.53,488.31,30.91,68.96,0.8951,2,1,-1
320,31,1677.79,479.45,33.26,66.84,0.9096,2,1,-1
320,43,1098.11,502.54,29.27,63.10,0.9199,2,1,-1
320,53,1334.50,463.04,25.18,67.07,0.8937,1,4,-1
320,57,329.73,540.43,32.49,72.47,0.8956,2,2,-1
320,58,1577.13,523.28,32.94,77.76,0.9261,2,2,-1
320,66,1883.16,489.34,24.09,69.90,0.9000,2,1,-1
321,2,1539.00,474.47,38.13,72.99,0.9054,2,1,-1
321,3,1771.14,498.26,26.51,70.84,0.8775,2,2,-1
321,7,1715.84,477.14,32.67,67.99,0.9121,2,2,-1
321,9,1365.88,544.68,47.63,84.79,0.9285,3,0,-1
321,21,1370.89,490.60,29.50,73.18,0.8877,2,2,-1
321,23,1403.74,493.68,33.37,76.50,0.9043,2,1,-1
321,29,1624.52,486.88,27.90,69.20,0.8906,2,1,-1
321,43,1096.98,499.96,33.46,64.73,0.9197,2,1,-1
321,53,1332.93,459.98,25.70,68.94,0.8994,1,4,-1
321,54,1678.37,476.05,29.64,68.51,0.9116,2,1,-1
321,57,323.52,538.82,34.63,73.63,0.8845,2,2,-1
321,58,1574.80,521.96,35.55,79.00,0.9205,2,2,-1
321,66,1877.05,487.59,25.17,70.83,0.9041,2,1,-1
322,2,1536.42,474.22,38.47,71.94,0.9123,2,1,-1
322,3,1768.21,496.80,26.99,71.23,0.8759,2,2,-1
322,7,1714.27,475.96,32.34,68.21,0.9155,2,2,-1
322,9,1365.33,543.42,48.35,85.00,0.9301,3,0,-1
322,21,1370.58,488.61,30.38,73.34,0.8843,2,2,-1
322,23,1401.85,492.79,34.13,75.53,0.8758,2,1,-1
322,29,1624.43,485.63,24.06,69.56,0.9017,2,1,-1
322,43,1095.66,500.76,34.42,62.90,0.9126,2,1,-1
322,53,1332.40,459.30,26.08,68.99,0.8963,1,4,-1
322,54,1678.70,472.57,28.67,70.92,0.9009,2,1,-1
322,57,314.21,535.49,40.17,75.79,0.9195,2,2,-1
322,58,1571.93,521.49,37.34,78.77,0.9207,2,2,-1
322,66,1869.87,486.06,27.70,71.56,0.9097,2,1,-1
323,2,1532.50,471.95,38.56,73.24,0.7671,2,1,-1
323,3,1765.95,494.74,27.14,72.16,0.8884,2,2,-1
323,7,1713.78,475.42,31.45,67.88,0.9094,2,2,-1
323,9,1367.18,542.66,46.79,84.57,0.9305,3,0,-1
323,10,1370.03,489.47,31.46,70.51,0.8877,2,1,-1
323,23,1402.08,491.64,33.93,74.12,0.8854,2,1,-1
323,29,1624.51,484.18,23.59,72.34,0.9034,2,1,-1
323,43,1094.86,498.95,36.52,64.26,0.9160,2,1,-1
323,53,1330.06,457.17,27.67,69.74,0.9054,1,4,-1
323,54,1680.58,472.28,25.90,70.02,0.8817,2,1,-1
323,57,307.92,538.03,41.44,72.60,0.9229,2,2,-1
323,58,1571.22,520.84,37.91,78.55,0.9225,2,2,-1
323,66,1862.24,485.58,31.30,71.61,0.9172,2,1,-1
324,3,1763.89,494.17,27.12,71.60,0.8823,2,2,-1
324,7,1713.39,473.49,30.94,68.21,0.9097,2,2,-1
324,8,1328.68,456.89,29.57,68.02,0.8994,1,4,-1
324,9,1369.30,542.46,44.34,83.73,0.9327,3,0,-1
324,23,1401.64,490.16,34.43,73.53,0.8718,2,1,-1
324,29,1624.22,483.22,22.43,70.86,0.8988,2,1,-1
324,43,1094.95,498.32,36.65,63.85,0.9184,2,1,-1
324,54,1683.45,472.11,22.32,67.82,0.8936,2,1,-1
324,57,302.49,537.53,40.40,73.31,0.9091,2,2,-1
324,58,1570.64,520.29,38.49,78.15,0.9237,2,2,-1
324,62,1545.35,472.41,22.10,71.73,0.7983,2,1,-1
324,66,1854.45,485.13,35.57,71.49,0.9144,2,1,-1
325,3,1762.16,492.30,26.50,72.02,0.8784,2,2,-1
325,7,1713.83,472.38,30.28,68.45,0.9094,2,2,-1
325,8,1327.39,457.93,30.58,65.96,0.9028,1,4,-1
325,9,1372.66,540.59,40.53,84.32,0.9291,3,0,-1
325,23,1401.49,489.54,32.96,71.79,0.8930,2,1,-1
325,29,1623.53,481.50,23.24,72.18,0.9034,2,1,-1
325,33,1370.77,492.20,31.16,64.89,0.8778,3,0,-1
325,43,1097.15,501.69,34.02,59.70,0.8883,2,1,-1
325,54,1685.49,471.57,20.23,68.90,0.8936,2,1,-1
325,57,298.73,537.81,36.71,73.24,0.8923,2,2,-1
325,58,1570.18,518.99,38.66,77.30,0.9239,2,2,-1
325,62,1540.64,471.72,23.28,71.84,0.8165,2,1,-1
325,66,1848.67,484.83,39.33,70.46,0.9264,2,1,-1
326,2,1521.93,466.89,28.67,74.32,0.8234,2,1,-1
326,3,1760.63,491.28,26.08,71.61,0.8758,2,2,-1
326,7,1713.89,470.99,30.55,68.58,0.9143,2,2,-1
326,8,1326.98,457.37,31.34,65.64,0.9011,1,4,-1
326,9,1376.84,538.67,35.88,85.37,0.9065,3,0,-1
326,23,1400.66,488.07,31.88,72.06,0.8853,2,1,-1
326,29,1622.74,480.70,25.40,70.53,0.9057,2,1,-1
326,33,1373.23,491.69,30.42,63.28,0.8663,3,0,-1
326,43,1099.71,501.85,30.76,57.64,0.8719,2,1,-1
326,54,1686.20,470.34,19.19,68.03,0.8899,2,1,-1
326,57,291.61,536.25,33.62,75.35,0.8582,2,2,-1
326,58,1572.32,517.85,37.56,77.92,0.9226,2,2,-1
326,66,1843.95,483.83,40.84,70.42,0.9293,2,1,-1
327,2,1521.60,465.48,24.54,74.30,0.8578,2,1,-1
327,3,1758.82,490.26,25.62,70.93,0.8792,2,2,-1
327,7,1713.52,469.97,30.42,68.01,0.9099,2,2,-1
327,8,1326.54,456.58,31.42,65.60,0.6153,1,4,-1
327,9,1382.52,537.88,29.73,84.78,0.9060,3,0,-1
327,17,1364.57,450.17,22.10,60.67,0.6554,1,4,-1
327,23,1398.62,486.68,31.70,72.12,0.8600,2,1,-1
327,29,1621.75,480.03,28.82,70.23,0.9061,2,1,-1
327,33,1376.26,492.88,28.59,62.05,0.8290,3,0,-1
327,43,1102.29,492.70,29.90,66.55,0.8647,2,1,-1
327,54,1686.63,468.81,19.86,68.27,0.8924,2,1,-1
327,57,287.08,537.22,29.66,72.11,0.8781,2,2,-1
327,58,1575.69,516.15,35.38,78.13,0.9247,2,2,-1
327,66,1842.18,482.97,39.73,69.91,0.9271,2,1,-1
328,2,1518.03,463.22,23.86,76.86,0.8318,2,1,-1
328,3,1756.18,489.29,26.49,69.95,0.8858,2,2,-1
328,7,1712.93,468.83,29.97,68.39,0.9050,2,2,-1
328,8,1324.72,454.54,32.39,67.58,0.7321,1,4,-1
328,9,1386.40,534.97,27.94,87.15,0.8625,3,0,-1
328,23,1396.93,484.48,31.43,72.75,0.8205,2,1,-1
328,29,1620.78,479.60,31.99,68.51,0.9026,2,1,-1
328,43,1107.11,489.75,24.66,68.34,0.8829,2,1,-1
328,54,1685.69,469.22,22.26,67.95,0.8871,2,1,-1
328,57,281.06,534.68,28.93,73.83,0.8881,2,2,-1
328,58,1577.89,515.30,32.98,78.34,0.9222,2,2,-1
328,62,1537.18,466.90,21.70,72.83,0.8768,2,1,-1
328,66,1840.01,481.41,37.69,70.79,0.9237,2,1,-1
329,2,1511.50,461.75,24.52,76.60,0.8724,2,1,-1
329,3,1754.05,486.98,26.82,70.53,0.8870,2,2,-1
329,7,1711.88,467.72,29.42,69.09,0.9104,2,2,-1
329,8,1324.10,453.48,32.06,67.13,0.7395,1,4,-1
329,9,1387.57,534.33,28.02,85.56,0.8992,3,0,-1
329,29,1619.20,478.47,33.53,68.77,0.9123,2,1,-1
329,43,1111.18,489.36,20.90,67.02,0.8842,2,1,-1
329,54,1684.45,467.18,23.49,68.43,0.8936,2,1,-1
329,57,275.62,534.56,31.01,71.90,0.9028,2,2,-1
329,58,1580.52,514.32,30.64,78.08,0.9145,2,2,-1
329,62,1534.62,465.98,21.98,72.22,0.8916,2,1,-1
329,66,1838.19,480.47,33.52,69.51,0.9105,2,1,-1
330,2,1507.34,461.41,26.45,75.97,0.8812,2,1,-1
330,3,1752.66,485.16,26.56,71.14,0.8827,2,2,-1
330,7,1711.51,466.32,28.31,69.05,0.9132,2,2,-1
330,8,1323.13,452.83,32.64,66.90,0.8883,1,4,-1
330,9,1386.28,534.91,31.89,84.86,0.9194,3,0,-1
330,29,1618.95,476.65,34.19,69.25,0.9059,2,1,-1
330,43,1112.69,488.92,20.25,66.73,0.8792,2,1,-1
330,54,1683.29,467.13,24.07,68.11,0.8979,2,1,-1
330,57,265.48,532.54,38.69,73.42,0.9301,2,2,-1
330,58,1580.56,513.63,30.86,78.31,0.9190,2,2,-1
330,62,1532.72,464.74,22.74,72.62,0.8803,2,1,-1
330,66,1836.14,479.56,28.91,69.09,0.8878,2,1,-1
331,2,1500.36,460.30,31.26,75.88,0.9100,2,1,-1
331,3,1750.34,483.93,26.54,71.48,0.8780,2,2,-1
331,7,1710.70,464.90,27.53,70.04,0.9092,2,2,-1
331,8,1322.69,453.01,32.68,66.59,0.8665,1,4,-1
331,9,1385.76,530.96,37.22,88.59,0.9265,3,0,-1
331,29,1618.56,475.65,33.40,68.89,0.8973,2,1,-1
331,43,1113.24,492.88,21.19,61.39,0.8882,2,1,-1
331,54,1682.58,467.03,24.16,67.67,0.9046,2,1,-1
331,57,259.70,533.29,41.94,72.09,0.9240,2,2,-1
331,58,1580.50,512.66,32.08,77.37,0.9189,2,2,-1
331,62,1529.54,464.04,24.82,72.62,0.8908,2,1,-1
331,66,1833.28,476.77,25.21,69.79,0.8919,2,1,-1
331,0,277.77,596.58,12.10,11.71,1.0,0,-1,-1
332,2,1494.87,459.51,34.90,75.71,0.9033,2,1,-1
332,3,1749.54,483.01,25.92,70.82,0.8659,2,2,-1
332,7,1709.73,464.25,26.41,68.65,0.9012,2,2,-1
332,8,1321.98,452.03,33.38,66.32,0.8076,1,4,-1
332,9,1385.24,530.67,44.19,88.45,0.9255,3,0,-1
332,17,1350.31,446.53,21.01,59.29,0.6944,1,4,-1
332,29,1619.20,473.97,32.65,70.28,0.8983,2,1,-1
332,43,1112.27,489.93,26.07,64.93,0.9098,2,1,-1
332,54,1683.38,465.84,23.09,66.97,0.8974,2,1,-1
332,57,251.43,531.80,46.67,74.62,0.9173,2,2,-1
332,58,1580.30,512.12,33.48,77.91,0.9248,2,2,-1
332,62,1527.83,462.44,26.32,72.50,0.8935,2,1,-1
332,66,1829.91,475.74,23.14,70.43,0.9009,2,1,-1
333,2,1489.31,459.04,38.69,75.37,0.9021,2,1,-1
333,3,1747.94,480.47,25.75,71.94,0.8402,2,2,-1
333,7,1709.15,463.08,25.24,67.77,0.8975,2,2,-1
333,8,1321.40,449.59,34.40,67.05,0.7969,1,4,-1
333,9,1384.49,531.90,47.12,85.98,0.9338,3,0,-1
333,23,1387.47,477.85,33.28,68.38,0.8925,2,1,-1
333,29,1620.95,472.95,31.88,70.54,0.8943,2,1,-1
333,43,1111.87,490.65,31.18,63.86,0.9096,2,1,-1
333,54,1682.81,464.09,23.17,67.17,0.8913,2,1,-1
333,57,248.67,532.21,43.79,73.20,0.9147,2,2,-1
333,58,1580.16,512.13,34.42,76.41,0.9286,2,2,-1
333,62,1527.91,461.65,25.85,71.93,0.8868,2,1,-1
333,66,1825.87,475.00,23.56,70.34,0.9013,2,1,-1
333,0,267.44,595.25,12.40,11.00,1.0,0,-1,-1
334,2,1485.32,457.74,41.59,76.58,0.9128,2,1,-1
334,3,1746.41,479.88,25.82,72.16,0.8281,2,2,-1
334,7,1708.59,462.21,24.05,67.86,0.8856,2,2,-1
334,9,1384.84,532.62,47.93,85.27,0.9295,3,0,-1
334,17,1342.77,441.53,24.05,64.61,0.6224,1,4,-1
334,21,1321.94,447.65,34.78,68.78,0.7768,2,2,-1
334,23,1389.45,477.08,32.06,66.84,0.9032,2,1,-1
334,29,1623.40,471.26,31.13,70.48,0.8854,2,1,-1
334,43,1111.18,490.93,34.40,62.07,0.9122,2,1,-1
334,54,1683.69,461.97,22.80,68.57,0.8913,2,1,-1
334,57,245.41,531.20,41.16,75.58,0.8759,2,2,-1
334,58,1580.21,511.91,35.80,76.71,0.9265,2,2,-1
334,62,1527.58,460.67,26.10,72.04,0.8994,2,1,-1
334,66,1821.34,474.19,25.54,69.93,0.8978,2,1,-1
335,2,1481.98,457.33,43.85,75.69,0.9178,2,1,-1
335,3,1745.18,479.50,26.14,72.24,0.8197,2,2,-1
335,7,1708.06,461.02,22.78,68.35,0.8769,2,2,-1
335,9,1385.47,532.67,48.11,84.40,0.9320,3,0,-1
335,23,1391.66,476.20,30.33,68.94,0.9061,2,1,-1
335,29,1625.41,470.20,28.79,69.48,0.8983,2,1,-1
335,39,1322.35,468.26,32.07,48.22,0.8407,1,4,-1
335,43,1110.68,491.02,36.78,61.26,0.9116,2,1,-1
335,54,1684.23,461.54,22.21,68.54,0.8863,2,1,-1
335,57,242.32,528.78,35.57,77.57,0.9152,2,2,-1
335,58,1580.65,511.03,36.66,77.39,0.9285,2,2,-1
335,62,1527.31,460.35,26.52,70.99,0.9052,2,1,-1
335,66,1813.19,474.01,32.15,69.79,0.9194,2,1,-1
336,2,1480.44,455.58,42.06,75.46,0.9115,2,1,-1
336,3,1743.13,478.95,26.79,71.35,0.8494,2,2,-1
336,7,1707.73,460.77,21.70,67.01,0.8745,2,2,-1
336,9,1386.94,531.61,47.98,84.78,0.9305,3,0,-1
336,23,1392.77,476.48,29.34,70.59,0.8962,2,1,-1
336,29,1628.05,469.16,27.86,70.93,0.8941,2,1,-1
336,39,1322.26,467.84,30.60,46.17,0.8193,1,4,-1
336,43,1110.90,490.16,37.02,61.37,0.9139,2,1,-1
336,54,1685.98,460.93,21.04,68.15,0.8921,2,1,-1
336,57,237.65,528.87,32.88,77.38,0.8844,2,2,-1
336,58,1581.62,510.51,37.02,77.99,0.9309,2,2,-1
336,62,1526.38,460.02,27.38,70.65,0.9071,2,1,-1
336,66,1807.90,473.25,37.39,69.92,0.9271,2,1,-1
337,2,1477.18,454.11,41.69,74.94,0.9081,2,1,-1
337,3,1740.92,476.31,28.15,72.97,0.8471,2,2,-1
337,7,1707.33,459.82,21.03,66.74,0.8814,2,2,-1
337,9,1389.79,530.71,45.65,85.08,0.9310,3,0,-1
337,23,1393.79,475.73,29.75,72.02,0.8917,2,1,-1
337,29,1627.31,468.21,26.92,70.49,0.8964,2,1,-1
337,39,1322.55,467.04,29.60,45.57,0.7135,1,4,-1
337,43,1112.50,489.12,36.02,62.01,0.9175,2,1,-1
337,54,1686.26,460.94,20.40,67.82,0.8906,2,1,-1
337,57,233.01,528.30,31.51,77.39,0.9197,2,2,-1
337,58,1581.95,510.09,38.45,77.20,0.9318,2,2,-1
337,62,1526.53,458.73,27.19,70.29,0.9125,2,1,-1
337,66,1804.39,472.77,40.56,69.65,0.9200,2,1,-1
338,2,1474.78,453.46,38.40,74.12,0.9042,2,1,-1
338,3,1739.41,472.98,28.92,75.47,0.8671,2,2,-1
338,7,1706.08,459.55,21.20,66.88,0.8831,2,2,-1
338,23,1394.23,474.01,30.79,73.49,0.8695,2,1,-1
338,29,1627.34,467.45,26.43,70.91,0.8863,2,1,-1
338,39,1323.20,466.94,29.07,45.81,0.7406,1,4,-1
338,43,1114.46,485.16,33.71,64.46,0.9077,2,1,-1
338,54,1685.82,458.76,20.48,69.47,0.8845,2,1,-1
338,57,228.94,524.05,32.80,81.25,0.9234,2,2,-1
338,58,1581.30,509.34,37.53,76.30,0.9274,2,2,-1
338,62,1526.36,458.98,27.06,70.09,0.9125,2,1,-1
338,66,1801.23,471.66,41.68,70.11,0.9257,2,1,-1
339,2,1474.14,451.77,33.24,75.63,0.8904,2,1,-1
339,3,1737.38,471.17,28.88,75.67,0.8877,2,2,-1
339,7,1704.86,459.11,21.14,67.96,0.8767,2,2,-1
339,9,1397.44,529.63,37.03,84.01,0.9056,3,0,-1
339,23,1391.96,472.87,29.39,74.03,0.8209,2,1,-1
339,29,1625.89,465.93,27.81,71.75,0.8834,2,1,-1
339,39,1323.97,466.29,27.77,46.53,0.8284,1,4,-1
339,43,1118.28,483.57,30.52,64.84,0.8678,2,1,-1
339,54,1685.29,458.07,21.03,69.90,0.8727,2,1,-1
339,57,222.43,527.05,34.26,78.62,0.9145,2,2,-1
339,58,1582.52,508.59,36.57,76.41,0.9249,2,2,-1
339,62,1527.15,457.08,26.61,70.85,0.9155,2,1,-1
339,66,1799.82,471.15,41.68,70.68,0.9289,2,1,-1
340,2,1473.99,452.66,28.23,72.74,0.8810,2,1,-1
340,3,1736.50,465.67,29.58,79.71,0.9090,2,2,-1
340,7,1703.40,459.76,21.02,67.02,0.8695,2,2,-1
340,9,1404.05,528.12,30.86,84.61,0.9117,3,0,-1
340,23,1392.89,471.44,28.53,73.38,0.8496,2,1,-1
340,29,1626.58,465.35,29.19,71.17,0.9095,2,1,-1
340,39,1324.44,465.90,26.93,46.59,0.8496,1,4,-1
340,43,1122.72,483.94,25.91,63.25,0.8719,2,1,-1
340,54,1684.23,457.32,20.96,69.50,0.8576,2,1,-1
340,57,217.25,523.19,36.68,80.97,0.9238,2,2,-1
340,58,1584.01,507.37,35.85,77.05,0.9225,2,2,-1
340,62,1527.18,456.25,26.16,70.87,0.9125,2,1,-1
340,66,1798.39,469.90,40.35,69.91,0.9252,2,1,-1
341,2,1472.47,450.26,24.95,74.48,0.8982,2,1,-1
341,3,1736.39,465.37,28.88,79.27,0.9129,2,2,-1
341,7,1701.56,458.85,21.48,66.80,0.8543,2,2,-1
341,9,1410.67,526.43,27.08,86.14,0.9047,3,0,-1
341,23,1392.18,470.25,26.30,73.46,0.8833,2,1,-1
341,31,1622.62,464.89,35.84,70.51,0.8983,2,1,-1
341,33,1412.69,470.09,21.95,62.27,0.8201,3,0,-1
341,39,1324.65,465.85,26.40,45.76,0.8058,1,4,-1
341,43,1128.01,482.10,22.18,62.81,0.8860,2,1,-1
341,54,1684.29,457.21,20.79,68.44,0.8336,2,1,-1
341,57,212.24,527.56,38.21,77.57,0.9300,2,2,-1
341,58,1587.39,506.41,33.46,76.20,0.9150,2,2,-1
341,62,1527.60,455.16,26.03,70.79,0.9121,2,1,-1
341,66,1796.58,468.43,38.80,69.93,0.9154,2,1,-1
342,2,1470.67,451.49,24.33,72.16,0.8971,2,1,-1
342,3,1736.02,465.72,28.09,77.84,0.9132,2,2,-1
342,7,1684.20,458.23,21.19,67.22,0.8501,2,2,-1
342,9,1416.88,525.32,25.09,86.45,0.9041,3,0,-1
342,23,1394.22,468.95,25.53,74.11,0.8768,2,1,-1
342,31,1623.69,464.44,36.34,70.27,0.8983,2,1,-1
342,33,1414.72,469.81,22.38,63.31,0.8218,3,0,-1
342,39,1324.76,463.28,26.26,47.11,0.8718,1,4,-1
342,43,1132.35,482.29,19.66,62.85,0.8844,2,1,-1
342,57,211.19,531.31,34.34,74.21,0.8819,2,2,-1
342,58,1590.96,505.46,31.11,76.51,0.8995,2,2,-1
342,62,1528.18,454.24,26.13,70.86,0.9123,2,1,-1
342,66,1796.14,466.74,34.66,70.06,0.8977,2,1,-1
343,2,1464.96,450.59,28.59,73.42,0.9058,2,1,-1
343,3,1735.74,466.68,27.96,76.16,0.9129,2,2,-1
343,7,1683.63,457.56,20.70,66.76,0.8175,2,2,-1
343,9,1418.93,525.88,26.81,86.45,0.9136,3,0,-1
343,23,1395.78,467.83,25.07,74.80,0.8763,2,1,-1
343,29,1627.12,464.22,33.04,70.83,0.8973,2,1,-1
343,33,1417.09,470.17,22.85,63.91,0.8531,3,0,-1
343,39,1325.03,463.80,25.69,46.08,0.8803,1,4,-1
343,43,1135.10,481.95,19.47,64.34,0.8877,2,1,-1
343,57,210.17,530.11,31.57,74.02,0.8671,2,2,-1
343,58,1596.76,505.07,28.08,76.92,0.8925,2,2,-1
343,62,1528.43,453.90,26.54,71.30,0.9102,2,1,-1
343,66,1795.99,466.07,29.52,70.27,0.8903,2,1,-1
344,2,1458.40,450.75,34.64,72.99,0.9135,2,1,-1
344,3,1735.69,465.08,27.95,77.10,0.9137,2,2,-1
344,7,1684.38,456.22,20.87,68.00,0.8328,2,2,-1
344,9,1420.15,526.28,32.19,86.24,0.9196,3,0,-1
344,23,1397.08,467.54,25.50,74.67,0.8637,2,1,-1
344,29,1629.64,464.01,32.90,70.99,0.8938,2,1,-1
344,39,1325.49,464.19,25.79,45.36,0.8404,1,4,-1
344,43,1136.55,479.99,22.23,65.68,0.8878,2,1,-1
344,58,1603.06,505.53,24.86,76.39,0.8924,2,2,-1
344,62,1528.68,454.34,26.96,70.84,0.9135,2,1,-1
344,66,1795.99,465.83,24.04,69.41,0.8987,2,1,-1
345,2,1454.56,451.92,38.45,72.15,0.8956,2,1,-1
345,3,1736.37,465.37,27.38,77.86,0.8989,2,2,-1
345,7,1690.94,454.48,25.64,69.38,0.8332,2,2,-1
345,8,1322.82,442.84,32.34,60.07,0.5875,1,4,-1
345,9,1419.96,526.38,37.74,85.57,0.9359,3,0,-1
345,23,1397.89,467.10,27.27,75.72,0.8906,2,1,-1
345,29,1629.69,464.10,32.77,70.85,0.9023,2,1,-1
345,33,1421.53,471.25,24.51,64.37,0.7682,3,0,-1
345,43,1137.17,483.86,25.81,61.37,0.9017,2,1,-1
345,58,1607.89,505.99,25.21,76.62,0.9068,2,2,-1
345,62,1529.27,453.80,27.28,71.26,0.9167,2,1,-1
345,66,1792.60,465.65,23.51,70.61,0.9017,2,1,-1
346,2,1450.22,450.51,42.73,73.25,0.9015,2,1,-1
346,3,1736.30,463.87,27.65,79.15,0.9002,2,2,-1
346,7,1690.21,454.53,26.98,69.59,0.7923,2,2,-1
346,9,1419.86,527.42,43.20,85.16,0.9352,3,0,-1
346,23,1397.98,467.49,29.16,74.76,0.8765,2,1,-1
346,29,1631.57,463.36,30.77,70.79,0.9007,2,1,-1
346,33,1423.77,469.68,24.43,64.56,0.8212,3,0,-1
346,39,1325.82,464.34,26.33,45.80,0.6720,1,4,-1
346,43,1136.58,482.94,28.64,62.35,0.9004,2,1,-1
346,57,198.43,525.69,34.45,80.52,0.7682,2,2,-1
346,58,1609.90,505.62,30.09,77.13,0.9126,2,2,-1
346,62,1529.36,453.78,27.43,71.28,0.9190,2,1,-1
346,66,1789.87,465.52,24.10,70.35,0.9000,2,1,-1
347,2,1449.45,451.53,43.60,71.50,0.8992,2,1,-1
347,3,1736.06,464.68,28.37,77.83,0.8984,2,2,-1
347,7,1689.13,457.36,26.60,67.55,0.7675,2,2,-1
347,9,1420.22,527.63,46.09,84.53,0.9366,3,0,-1
347,23,1397.69,468.07,30.66,73.53,0.8778,2,1,-1
347,29,1633.89,462.85,28.19,70.39,0.9037,2,1,-1
347,33,1425.57,467.91,24.76,66.57,0.8212,3,0,-1
347,39,1325.83,463.85,26.89,46.38,0.7852,1,4,-1
347,43,1137.69,481.19,32.25,64.76,0.9041,2,1,-1
347,57,196.70,527.64,33.51,77.70,0.6635,2,2,-1
347,58,1610.44,506.64,34.23,77.28,0.9112,2,2,-1
347,62,1528.53,453.61,28.42,72.54,0.9188,2,1,-1
347,66,1785.24,465.36,26.79,70.33,0.9112,2,1,-1
348,2,1450.02,450.83,42.19,71.54,0.8965,2,1,-1
348,3,1734.72,466.66,29.51,75.57,0.8991,2,2,-1
348,7,1685.54,454.09,29.05,69.77,0.8337,2,2,-1
348,9,1421.36,526.99,48.19,85.14,0.9376,3,0,-1
348,23,1398.91,468.10,30.00,73.62,0.8822,2,1,-1
348,29,1633.96,462.19,25.29,71.68,0.9004,2,1,-1
348,33,1428.82,466.94,23.87,66.67,0.8334,3,0,-1
348,39,1326.44,462.68,27.06,47.58,0.8199,1,4,-1
348,43,1139.26,485.14,33.88,60.63,0.9080,2,1,-1
348,58,1610.79,507.42,37.30,75.95,0.9117,2,2,-1
348,62,1529.84,453.26,28.68,72.00,0.9204,2,1,-1
348,66,1779.45,465.21,31.78,70.69,0.9090,2,1,-1
349,2,1449.35,452.31,40.29,72.08,0.8940,2,1,-1
349,3,1731.71,469.95,31.13,71.81,0.8759,2,2,-1
349,7,1681.95,455.48,25.79,67.44,0.8059,2,2,-1
349,9,1423.27,527.63,48.25,84.45,0.9354,3,0,-1
349,23,1399.40,468.15,29.32,74.72,0.8882,2,1,-1
349,29,1635.57,461.89,23.07,71.20,0.9061,2,1,-1
349,33,1431.38,466.49,24.14,68.88,0.8253,3,0,-1
349,39,1326.89,462.35,26.54,47.26,0.8399,1,4,-1
349,43,1139.83,481.59,36.23,64.57,0.9210,2,1,-1
349,58,1610.53,508.40,40.72,75.51,0.9161,2,2,-1
349,62,1530.20,453.34,28.21,71.62,0.9203,2,1,-1
349,66,1776.23,465.43,35.11,69.73,0.9183,2,1,-1
350,2,1449.72,449.23,35.38,71.95,0.8965,2,1,-1
350,3,1729.45,470.08,33.55,71.83,0.8780,2,2,-1
350,7,1682.40,454.63,27.04,69.41,0.8272,2,2,-1
350,9,1426.69,525.69,47.64,86.61,0.9310,3,0,-1
350,23,1399.76,467.43,30.13,75.19,0.9010,2,1,-1
350,29,1636.66,462.12,21.79,67.85,0.9019,2,1,-1
350,33,1433.55,465.32,24.20,69.20,0.5214,3,0,-1
350,39,1327.07,462.99,26.35,46.45,0.8284,1,4,-1
350,43,1143.46,482.86,34.12,64.10,0.9081,2,1,-1
350,58,1610.55,508.57,44.24,77.91,0.9101,2,2,-1
350,62,1530.94,453.76,27.83,70.73,0.9177,2,1,-1
350,66,1773.74,465.74,37.70,70.10,0.9201,2,1,-1
351,2,1449.46,450.44,30.80,69.25,0.8620,2,1,-1
351,3,1728.34,471.73,33.10,70.04,0.8799,2,2,-1
351,7,1681.76,454.99,27.36,67.77,0.8365,2,2,-1
351,9,1431.30,525.22,44.09,85.94,0.9350,3,0,-1
351,23,1400.99,467.10,30.09,74.17,0.8998,2,1,-1
351,29,1637.60,462.18,21.91,68.46,0.9001,2,1,-1
351,39,1326.93,462.60,27.03,46.89,0.8297,1,4,-1
351,43,1147.51,482.13,32.22,64.87,0.8887,2,1,-1
351,58,1610.34,509.10,46.63,78.11,0.9172,2,2,-1
351,62,1532.16,454.05,27.15,70.56,0.9113,2,1,-1
351,66,1771.71,466.40,39.33,69.53,0.9211,2,1,-1
352,3,1727.81,471.31,32.24,69.98,0.8840,2,2,-1
352,7,1681.89,454.91,30.00,68.28,0.8320,2,2,-1
352,8,1326.68,448.70,29.29,60.25,0.8733,1,4,-1
352,9,1436.06,525.47,41.02,85.81,0.8942,3,0,-1
352,23,1404.29,465.98,28.64,74.18,0.9023,2,1,-1
352,29,1638.34,461.84,22.03,67.61,0.8958,2,1,-1
352,33,1440.23,463.78,28.43,67.36,0.8606,3,0,-1
352,43,1152.67,484.17,28.53,62.70,0.8781,2,1,-1
352,58,1610.82,509.08,47.64,78.13,0.9200,2,2,-1
352,62,1533.57,453.65,25.66,69.86,0.9110,2,1,-1
352,66,1771.57,466.13,38.83,70.13,0.9136,2,1,-1
353,3,1727.68,471.30,31.64,69.96,0.8781,2,2,-1
353,5,1678.78,454.50,35.21,69.18,0.8966,2,1,-1
353,9,1442.38,525.58,36.30,83.99,0.9199,3,0,-1
353,23,1408.27,464.83,26.87,74.73,0.8957,2,1,-1
353,28,1442.71,471.67,23.51,59.60,0.8099,2,2,-1
353,29,1638.56,462.21,21.68,65.44,0.8942,2,1,-1
353,39,1326.94,462.36,27.40,46.79,0.8673,1,4,-1
353,43,1157.08,483.78,24.95,63.05,0.8554,2,1,-1
353,58,1611.26,509.22,47.96,78.52,0.9287,2,2,-1
353,62,1534.56,453.51,25.02,70.39,0.9110,2,1,-1
353,66,1772.14,466.20,38.27,71.28,0.8883,2,1,-1
354,3,1727.28,470.58,29.47,70.65,0.8858,2,2,-1
354,7,1676.67,453.58,36.19,69.96,0.9174,2,2,-1
354,9,1447.70,525.52,31.89,83.99,0.9118,3,0,-1
354,23,1411.26,465.00,25.23,73.10,0.8918,2,1,-1
354,28,1445.99,470.94,22.47,60.69,0.8942,2,2,-1
354,29,1638.53,462.44,21.37,63.15,0.8760,2,1,-1
354,39,1326.70,460.53,28.34,48.74,0.8867,1,4,-1
354,43,1161.50,486.81,22.09,59.98,0.8145,2,1,-1
354,58,1614.48,508.86,46.57,78.72,0.9300,2,2,-1
354,62,1535.43,453.68,24.46,70.33,0.9098,2,1,-1
354,66,1772.36,465.25,35.34,72.63,0.8832,2,1,-1
355,3,1727.48,470.59,28.23,70.41,0.8892,2,2,-1
355,5,1675.08,453.97,37.62,69.40,0.9243,2,1,-1
355,9,1452.58,525.64,28.93,84.92,0.9086,3,0,-1
355,23,1413.56,464.60,24.70,74.55,0.8733,2,1,-1
355,29,1638.94,462.35,21.58,62.80,0.8772,2,1,-1
355,33,1446.07,467.61,25.57,66.16,0.8197,3,0,-1
355,39,1326.97,462.64,27.25,46.55,0.8746,1,4,-1
355,43,1163.84,486.78,21.60,60.38,0.8648,2,1,-1
355,54,1751.49,463.41,22.78,70.72,0.8344,2,1,-1
355,58,1618.06,509.01,41.97,78.58,0.9243,2,2,-1
355,62,1535.85,453.71,24.53,71.50,0.9087,2,1,-1
355,66,1772.25,465.46,29.30,68.54,0.8782,2,1,-1
356,3,1727.45,470.54,27.59,70.07,0.8973,2,2,-1
356,7,1674.28,454.24,38.53,68.82,0.9239,2,2,-1
356,9,1454.87,525.50,28.41,86.19,0.9164,3,0,-1
356,23,1415.53,464.90,27.01,74.58,0.8754,2,1,-1
356,29,1639.20,462.16,21.43,62.85,0.8796,2,1,-1
356,33,1448.21,465.53,24.60,66.37,0.8561,3,0,-1
356,39,1327.05,462.76,27.64,46.44,0.8808,1,4,-1
356,43,1164.89,485.03,22.84,61.76,0.8528,2,1,-1
356,54,1751.62,464.69,23.52,70.71,0.8477,2,1,-1
356,57,179.64,530.15,34.00,80.13,0.5211,1,2,-1
356,58,1622.18,509.92,35.88,77.65,0.9113,2,2,-1
356,62,1536.14,453.42,23.94,70.48,0.9069,2,1,-1
356,66,1770.57,464.51,24.89,68.45,0.8572,2,1,-1
357,2,1438.13,447.91,21.56,53.95,0.8120,2,1,-1
357,3,1726.78,470.29,26.58,69.63,0.8951,2,2,-1
357,7,1674.86,454.29,38.31,68.71,0.8940,2,2,-1
357,9,1456.35,525.40,31.03,86.84,0.9297,3,0,-1
357,21,1299.24,433.24,29.71,61.70,0.8450,2,2,-1
357,23,1415.41,464.97,27.36,74.10,0.8836,2,1,-1
357,29,1639.86,461.86,21.15,61.94,0.8791,2,1,-1
357,33,1452.66,464.52,24.71,66.11,0.8745,3,0,-1
357,39,1326.84,461.52,27.91,47.82,0.8747,1,4,-1
357,43,1167.10,487.49,23.69,59.90,0.8619,2,1,-1
357,57,179.27,530.52,31.69,79.09,0.7906,2,2,-1
357,58,1628.04,510.91,30.00,76.54,0.9039,2,2,-1
357,62,1536.92,453.38,23.30,70.42,0.9025,2,1,-1
357,66,1769.28,464.10,22.49,67.57,0.8453,2,1,-1
358,3,1725.91,470.07,25.91,69.62,0.8977,2,2,-1
358,7,1675.81,454.75,35.71,67.66,0.8172,2,2,-1
358,9,1457.53,525.94,34.94,85.59,0.9326,3,0,-1
358,10,1436.96,449.89,23.02,56.73,0.7947,2,1,-1
358,21,1297.96,434.41,30.40,60.28,0.8440,2,2,-1
358,23,1416.17,465.79,28.14,73.33,0.8890,2,1,-1
358,29,1640.28,461.29,20.85,60.74,0.8882,2,1,-1
358,33,1456.43,463.40,23.85,66.07,0.8633,3,0,-1
358,39,1327.18,461.80,27.02,46.95,0.8737,1,4,-1
358,43,1168.56,486.38,27.16,60.96,0.8712,2,1,-1
358,54,1753.95,466.54,26.19,68.72,0.8213,2,1,-1
358,57,177.39,530.99,31.47,76.63,0.8485,2,2,-1
358,58,1634.40,510.65,26.19,76.26,0.8998,2,2,-1
358,62,1537.10,453.47,23.20,70.20,0.9065,2,1,-1
359,3,1723.49,469.95,25.92,69.64,0.8961,2,2,-1
359,7,1675.91,454.24,34.48,68.18,0.8007,2,2,-1
359,9,1458.00,524.87,40.53,86.59,0.9336,3,0,-1
359,10,1435.44,448.55,20.85,36.90,0.8182,2,1,-1
359,21,1297.73,434.86,30.39,59.45,0.7723,2,2,-1
359,23,1417.56,467.48,29.25,71.82,0.8495,2,1,-1
359,29,1640.78,460.67,21.45,61.63,0.8946,2,1,-1
359,33,1456.10,463.37,27.50,66.71,0.8886,3,0,-1
359,39,1327.02,461.60,27.31,48.21,0.8822,1,4,-1
359,43,1169.61,486.46,30.36,61.10,0.9025,2,1,-1
359,54,1753.31,464.14,32.68,72.35,0.9042,2,1,-1
359,57,175.78,530.71,32.67,78.05,0.7833,1,2,-1
359,58,1638.00,510.58,25.31,76.74,0.8968,2,2,-1
359,62,1537.35,453.54,23.20,70.56,0.8972,2,1,-1
360,3,1722.02,469.42,25.80,70.33,0.9035,2,2,-1
360,7,1668.12,453.82,31.84,68.28,0.7809,2,2,-1
360,9,1457.50,524.36,43.18,86.63,0.9337,3,0,-1
360,23,1419.17,468.05,31.95,71.29,0.8321,2,1,-1
360,29,1640.46,459.60,21.63,61.59,0.8943,2,1,-1
360,33,1455.48,463.51,31.04,68.11,0.9055,3,0,-1
360,39,1327.08,461.29,27.43,48.07,0.8767,1,4,-1
360,43,1170.62,490.62,31.86,57.13,0.9067,2,1,-1
360,54,1753.66,463.46,33.62,72.52,0.9044,2,1,-1
360,57,171.55,532.29,32.83,75.62,0.8054,1,2,-1
360,58,1639.85,509.68,25.71,77.75,0.8976,2,2,-1
360,62,1537.90,453.16,23.33,70.54,0.9028,2,1,-1
361,3,1720.46,469.57,26.07,70.12,0.9094,2,2,-1
361,7,1666.75,453.02,27.05,68.83,0.8209,2,2,-1
361,9,1458.43,526.38,42.75,84.26,0.9310,3,0,-1
361,23,1421.09,467.71,32.81,70.95,0.7024,2,1,-1
361,29,1640.05,458.96,21.94,60.65,0.8938,2,1,-1
361,33,1454.44,463.92,33.88,68.46,0.9028,3,0,-1
361,39,1326.49,462.55,27.08,48.94,0.8723,1,4,-1
361,43,1171.39,492.48,33.19,55.61,0.9080,2,1,-1
361,54,1753.49,463.68,35.79,73.06,0.9219,2,1,-1
361,57,168.65,533.77,33.53,75.85,0.7043,1,2,-1
361,58,1640.91,509.55,27.48,78.49,0.9274,2,2,-1
361,62,1537.73,452.93,23.69,70.87,0.8991,2,1,-1
361,0,179.54,598.87,13.95,12.99,1.0,0,-1,-1
362,3,1718.63,469.15,26.55,71.19,0.9006,2,2,-1
362,7,1673.65,452.84,30.44,69.56,0.8361,2,2,-1
362,9,1459.83,526.98,42.93,83.92,0.9306,3,0,-1
362,23,1421.64,468.11,33.13,71.23,0.8011,2,1,-1
362,29,1639.40,458.50,23.15,62.39,0.8875,2,1,-1
362,33,1460.58,464.64,32.90,65.92,0.9176,3,0,-1
362,39,1327.06,463.80,26.21,47.61,0.8641,1,4,-1
362,43,1172.65,490.75,34.12,57.70,0.9145,2,1,-1
362,54,1753.56,464.47,36.14,72.48,0.9173,2,1,-1
362,57,165.14,534.76,35.88,75.13,0.7863,1,2,-1
362,58,1640.75,510.40,31.05,78.84,0.9235,2,2,-1
362,62,1538.33,452.79,23.88,70.29,0.9050,2,1,-1
363,3,1717.33,469.36,27.25,70.48,0.9035,2,2,-1
363,7,1675.55,453.03,29.97,69.34,0.8190,2,2,-1
363,9,1462.63,527.04,42.94,84.02,0.9287,3,0,-1
363,21,1298.61,447.00,24.42,47.11,0.5174,2,2,-1
363,23,1423.68,466.05,33.29,72.06,0.8812,2,1,-1
363,31,1637.92,457.86,24.66,68.84,0.8855,2,1,-1
363,33,1463.61,464.60,34.12,67.31,0.9080,3,0,-1
363,39,1327.40,464.31,25.76,46.44,0.8855,1,4,-1
363,43,1175.38,495.09,32.21,53.47,0.9067,2,1,-1
363,54,1753.15,464.60,38.30,73.19,0.9124,2,1,-1
363,57,162.52,537.08,38.06,72.70,0.8211,1,2,-1
363,58,1641.92,510.79,36.09,77.87,0.9321,2,2,-1
363,62,1538.63,452.55,24.14,70.04,0.9118,2,1,-1
364,3,1716.13,469.12,27.94,70.49,0.9035,2,2,-1
364,7,1679.17,453.72,26.71,68.55,0.8478,2,2,-1
364,9,1466.26,526.81,41.81,84.23,0.9321,3,0,-1
364,28,1430.86,464.87,26.12,71.50,0.8748,2,2,-1
364,31,1638.24,457.85,24.45,68.98,0.8817,2,1,-1
364,33,1468.53,464.50,31.94,67.11,0.9025,3,0,-1
364,39,1327.22,464.96,25.86,46.72,0.8410,1,4,-1
364,53,1180.26,489.73,28.23,58.25,0.8749,1,4,-1
364,54,1750.92,464.14,40.10,73.61,0.8970,2,1,-1
364,57,161.57,538.09,40.16,72.03,0.8495,1,2,-1
364,58,1641.72,511.61,39.41,78.39,0.9332,2,2,-1
364,62,1539.43,452.36,23.99,70.44,0.9031,2,1,-1
365,2,1415.61,447.55,24.21,70.70,0.8224,2,1,-1
365,3,1715.23,469.08,28.30,69.96,0.9019,2,2,-1
365,7,1679.43,453.71,25.48,68.89,0.8626,2,2,-1
365,9,1470.73,526.79,40.99,83.87,0.9386,3,0,-1
365,28,1434.09,464.43,24.11,71.35,0.8789,2,2,-1
365,31,1638.58,458.23,23.81,68.79,0.8865,2,1,-1
365,33,1474.75,464.15,27.55,64.85,0.8926,3,0,-1
365,39,1327.46,464.87,25.58,46.39,0.6295,1,4,-1
365,53,1184.76,486.16,25.74,61.36,0.8761,1,4,-1
365,54,1756.41,463.96,37.56,73.64,0.8463,2,1,-1
365,57,162.15,539.13,41.22,71.80,0.8140,1,2,-1
365,58,1642.11,514.43,40.83,75.87,0.9334,2,2,-1
365,62,1540.22,451.94,23.90,70.94,0.8955,2,1,-1
366,2,1415.50,462.91,19.58,55.17,0.8137,2,1,-1
366,3,1714.42,468.91,28.89,69.83,0.9040,2,2,-1
366,7,1660.29,452.48,25.01,66.62,0.8664,2,2,-1
366,9,1475.12,525.87,37.97,84.18,0.9321,3,0,-1
366,28,1437.66,463.53,23.11,72.35,0.8653,2,2,-1
366,31,1637.64,458.85,24.36,67.25,0.8952,2,1,-1
366,33,1478.05,462.87,25.64,66.27,0.8966,2,-1,-1
366,39,1327.81,464.89,25.01,45.43,0.6717,1,4,-1
366,53,1190.02,482.99,23.26,64.21,0.8700,1,4,-1
366,57,161.64,540.52,41.67,70.56,0.7911,2,2,-1
366,58,1642.97,513.80,41.90,77.01,0.9321,2,2,-1
366,62,1540.85,451.85,23.67,70.97,0.8991,2,1,-1
366,66,1750.84,464.02,20.91,67.81,0.8508,2,1,-1
367,3,1714.01,469.10,29.26,69.87,0.9042,2,2,-1
367,5,1677.86,453.57,26.50,69.39,0.8710,2,1,-1
367,9,1481.30,524.77,34.43,85.85,0.9228,3,0,-1
367,17,1412.81,452.12,21.76,66.17,0.8152,1,4,-1
367,28,1439.14,463.29,23.75,73.04,0.8942,2,2,-1
367,31,1636.41,459.19,24.56,65.73,0.8673,2,1,-1
367,33,1480.98,462.10,25.94,66.60,0.8956,2,-1,-1
367,39,1328.03,464.90,24.72,45.22,0.7104,1,4,-1
367,53,1195.74,482.78,20.43,62.95,0.8596,1,4,-1
367,54,1765.21,463.44,30.70,73.93,0.8593,2,1,-1
367,57,160.79,543.11,39.80,67.32,0.5106,1,2,-1
367,58,1645.20,513.47,40.72,77.83,0.9309,2,2,-1
367,62,1541.83,451.95,23.21,70.32,0.9088,2,1,-1
367,66,1749.81,464.44,21.50,68.72,0.8516,2,1,-1
368,3,1715.00,468.66,28.36,70.18,0.8982,2,2,-1
368,5,1678.29,453.59,25.68,69.50,0.8736,2,1,-1
368,9,1486.79,521.56,32.42,89.02,0.9181,3,0,-1
368,17,1410.54,447.54,23.24,69.81,0.8761,1,4,-1
368,28,1440.70,463.21,26.17,72.85,0.9015,2,2,-1
368,31,1636.42,458.95,24.35,66.20,0.8733,2,1,-1
368,33,1482.33,461.44,26.76,67.62,0.9006,2,-1,-1
368,39,1329.21,465.01,24.27,44.65,0.5341,1,4,-1
368,53,1198.35,483.61,19.78,63.98,0.8662,1,4,-1
368,54,1766.39,464.07,29.10,73.73,0.8437,2,1,-1
368,58,1647.43,514.96,40.02,76.24,0.9264,2,2,-1
368,62,1542.76,451.70,23.11,70.47,0.9074,2,1,-1
368,66,1749.72,463.78,22.00,70.38,0.8699,2,1,-1
369,3,1715.17,468.31,27.51,70.04,0.8914,2,2,-1
369,5,1677.54,453.42,26.51,69.91,0.8757,2,1,-1
369,8,1328.31,444.47,28.40,66.34,0.8321,1,4,-1
369,9,1489.56,521.52,31.63,88.86,0.9216,3,0,-1
369,17,1407.49,447.32,25.29,70.68,0.9097,1,4,-1
369,23,1440.01,463.12,34.07,73.61,0.9119,2,1,-1
369,31,1636.88,458.75,23.56,66.26,0.8653,2,1,-1
369,33,1484.17,461.63,27.52,66.13,0.9080,2,-1,-1
369,43,1199.58,486.14,24.79,60.97,0.8988,2,1,-1
369,54,1766.73,463.92,28.63,73.74,0.8336,2,1,-1
369,58,1650.31,517.60,38.17,72.85,0.9122,2,2,-1
369,62,1543.65,451.89,23.10,70.96,0.9118,2,1,-1
369,66,1748.53,464.81,22.66,68.67,0.8623,2,1,-1
370,3,1716.01,468.16,25.70,69.62,0.8861,2,2,-1
370,5,1677.20,453.45,26.75,69.40,0.8744,2,1,-1
370,8,1328.16,442.22,29.68,69.08,0.8463,1,4,-1
370,9,1492.12,521.06,32.41,89.32,0.9203,3,0,-1
370,17,1401.50,448.39,30.13,70.10,0.9121,1,4,-1
370,23,1440.93,463.73,37.97,73.35,0.9182,2,1,-1
370,31,1636.05,457.67,24.29,68.47,0.8573,2,1,-1
370,33,1487.83,462.17,26.69,65.13,0.8978,2,-1,-1
370,43,1200.70,485.92,28.24,62.45,0.9103,2,1,-1
370,54,1766.73,463.90,30.05,74.73,0.8541,2,1,-1
370,58,1655.27,516.33,35.33,74.26,0.9187,2,2,-1
370,62,1544.74,452.35,22.71,70.74,0.9038,2,1,-1
370,66,1746.65,463.74,22.99,68.69,0.8695,2,1,-1
371,3,1715.61,467.65,24.03,69.63,0.8844,2,2,-1
371,5,1676.97,452.99,26.92,69.24,0.8783,2,1,-1
371,8,1328.14,443.45,29.38,67.91,0.8320,1,4,-1
371,9,1493.75,523.01,33.03,87.82,0.9195,3,0,-1
371,17,1398.41,449.05,31.19,69.55,0.7115,1,4,-1
371,23,1441.53,464.53,40.82,72.24,0.9111,2,1,-1
371,31,1636.21,457.55,24.21,69.33,0.8604,2,1,-1
371,33,1492.54,463.02,25.13,62.82,0.8934,2,1,-1
371,43,1202.46,487.99,30.04,60.28,0.9124,2,1,-1
371,54,1771.87,464.32,26.93,72.62,0.8909,2,1,-1
371,58,1659.99,515.84,32.65,75.16,0.9174,2,2,-1
371,62,1545.51,452.03,22.62,70.25,0.9022,2,1,-1
371,66,1743.72,465.97,21.19,64.58,0.8728,2,1,-1
372,3,1714.75,467.40,23.08,70.30,0.8856,2,2,-1
372,5,1676.09,453.73,27.04,68.12,0.8745,2,1,-1
372,8,1329.04,444.49,28.71,64.72,0.7538,1,4,-1
372,9,1496.22,524.37,34.22,86.26,0.9218,3,0,-1
372,17,1393.40,448.71,38.34,69.52,0.9191,1,4,-1
372,23,1442.06,464.26,42.62,72.43,0.9181,2,1,-1
372,31,1636.96,458.56,24.32,67.80,0.8575,2,1,-1
372,33,1496.47,462.85,25.72,62.63,0.8961,2,1,-1
372,43,1202.61,486.74,32.60,61.85,0.9146,2,1,-1
372,54,1775.65,464.26,24.55,72.03,0.8840,2,1,-1
372,58,1665.94,515.33,29.68,74.99,0.9138,2,2,-1
372,62,1546.00,451.61,22.66,70.42,0.9034,2,1,-1
372,66,1741.91,464.37,21.72,66.78,0.8793,2,1,-1
373,3,1714.63,467.09,22.51,69.48,0.8864,2,2,-1
373,5,1675.39,453.17,27.42,68.61,0.8902,2,1,-1
373,8,1329.12,446.22,27.91,63.04,0.5340,1,4,-1
373,9,1497.81,524.34,36.18,85.97,0.9263,3,0,-1
373,17,1392.59,448.45,38.97,70.23,0.6245,1,4,-1
373,23,1443.97,464.43,43.29,72.23,0.9175,2,1,-1
373,31,1636.08,457.32,23.71,68.65,0.8555,2,1,-1
373,33,1500.40,462.41,25.10,64.23,0.8907,2,1,-1
373,43,1204.26,491.01,32.73,58.81,0.9004,2,1,-1
373,54,1779.13,463.86,23.53,73.31,0.8955,2,1,-1
373,58,1673.18,516.01,28.64,74.50,0.8977,2,2,-1
373,62,1547.02,451.33,23.23,71.20,0.9038,2,1,-1
373,66,1738.74,464.39,23.67,66.17,0.8863,2,1,-1
373,0,1442.24,523.62,11.78,13.07,1.0,0,-1,-1
374,2,1391.83,447.68,38.56,70.27,0.9226,2,1,-1
374,3,1713.32,466.42,22.91,69.76,0.8882,2,2,-1
374,5,1674.45,452.79,27.51,67.98,0.8973,2,1,-1
374,8,1329.85,446.66,27.70,62.56,0.6879,1,4,-1
374,9,1499.09,526.16,37.71,84.67,0.9326,3,0,-1
374,23,1445.99,463.99,43.25,72.96,0.9171,2,1,-1
374,31,1636.25,458.32,22.86,67.10,0.8574,2,1,-1
374,33,1503.71,461.42,23.31,66.33,0.9005,2,1,-1
374,43,1205.76,489.11,34.74,61.04,0.8988,2,1,-1
374,54,1780.98,463.68,23.98,73.95,0.9063,2,1,-1
374,58,1678.28,512.69,30.13,77.62,0.9060,2,2,-1
374,62,1547.89,451.84,24.09,70.24,0.9088,2,1,-1
374,66,1736.22,464.71,25.94,66.86,0.8885,2,1,-1
375,2,1390.90,446.55,39.26,71.53,0.9214,2,1,-1
375,3,1712.76,465.96,23.22,70.07,0.8933,2,2,-1
375,5,1673.60,452.49,28.17,68.12,0.9000,2,1,-1
375,8,1329.88,441.89,29.70,67.39,0.8455,1,4,-1
375,9,1501.38,525.87,38.51,84.96,0.9363,3,0,-1
375,23,1449.83,463.81,41.15,72.88,0.9070,2,1,-1
375,31,1635.93,460.00,22.05,64.95,0.8494,2,1,-1
375,33,1506.02,460.91,22.24,65.96,0.9001,2,1,-1
375,43,1209.25,489.88,33.79,60.59,0.8887,2,1,-1
375,54,1782.30,463.93,24.22,72.94,0.9113,2,1,-1
375,58,1680.07,513.76,32.50,76.29,0.9173,2,2,-1
375,62,1548.70,451.72,24.36,70.08,0.9095,2,1,-1
375,66,1734.02,465.33,28.24,66.66,0.8917,2,1,-1
376,2,1390.94,445.70,36.64,72.41,0.9164,2,1,-1
376,3,1712.02,465.69,23.44,69.73,0.8913,2,2,-1
376,5,1673.55,452.49,28.67,69.05,0.8962,2,1,-1
376,8,1331.34,443.68,29.21,65.51,0.8673,1,4,-1
376,9,1503.83,524.48,38.48,86.09,0.9315,3,0,-1
376,23,1455.50,463.80,36.52,72.35,0.9032,2,1,-1
376,29,1635.62,456.55,22.35,67.28,0.8510,2,1,-1
376,33,1507.45,460.28,24.30,65.90,0.8986,2,1,-1
376,43,1212.19,489.56,33.25,61.15,0.8740,2,1,-1
376,54,1784.24,464.66,25.11,72.08,0.8884,2,1,-1
376,58,1681.39,514.52,34.84,77.42,0.9148,2,2,-1
376,62,1549.36,451.63,24.75,70.43,0.9083,2,1,-1
376,66,1731.67,464.67,30.54,67.63,0.8919,2,1,-1
377,2,1390.16,444.93,33.61,73.31,0.9182,2,1,-1
377,3,1710.72,466.05,24.29,69.62,0.8870,2,2,-1
377,5,1673.58,452.39,29.64,69.79,0.8977,2,1,-1
377,8,1331.93,440.63,31.41,68.55,0.9004,1,4,-1
377,9,1506.67,522.01,38.19,88.97,0.9352,3,0,-1
377,23,1459.91,463.44,32.10,72.84,0.8991,2,1,-1
377,29,1633.32,454.67,25.99,68.36,0.8726,2,1,-1
377,33,1508.39,460.04,28.12,68.09,0.9071,2,1,-1
377,43,1217.66,489.95,30.03,60.37,0.8875,2,1,-1
377,54,1784.97,464.91,27.44,72.47,0.9060,2,1,-1
377,58,1681.85,513.82,38.04,78.84,0.9217,2,2,-1
377,62,1550.63,451.52,24.58,70.55,0.9119,2,1,-1
377,66,1731.44,465.27,31.74,67.29,0.8914,2,1,-1
378,2,1391.01,445.14,28.20,71.03,0.9063,2,1,-1
378,5,1673.43,452.11,30.02,70.33,0.8975,2,1,-1
378,8,1333.24,440.70,32.44,68.29,0.9201,1,4,-1
378,9,1510.60,520.84,37.04,88.64,0.8965,3,0,-1
378,28,1468.74,463.08,23.05,72.24,0.8879,2,2,-1
378,29,1629.56,454.18,33.63,67.77,0.9119,2,1,-1
378,33,1508.68,460.30,30.41,68.97,0.9086,2,1,-1
378,43,1222.26,486.49,28.16,63.62,0.8822,2,1,-1
378,54,1785.62,464.79,30.59,72.87,0.9138,2,1,-1
378,58,1683.15,513.63,40.14,78.70,0.9255,2,2,-1
378,62,1551.37,451.18,24.87,71.10,0.9143,2,1,-1
378,66,1728.96,465.85,33.73,66.62,0.8920,2,1,-1
379,2,1390.06,446.24,24.51,70.31,0.8847,2,1,-1
379,5,1673.31,452.27,30.20,70.25,0.8984,2,1,-1
379,8,1333.69,440.83,33.22,68.76,0.9269,1,4,-1
379,9,1516.11,520.92,33.99,87.59,0.9284,3,0,-1
379,28,1472.88,462.97,21.70,73.09,0.8820,2,2,-1
379,29,1626.61,453.02,37.63,68.45,0.9236,2,1,-1
379,33,1510.82,460.78,30.49,68.01,0.8988,2,1,-1
379,43,1225.67,488.06,25.03,62.44,0.8926,2,1,-1
379,54,1786.28,465.28,33.18,72.73,0.9188,2,1,-1
379,58,1683.74,513.70,42.38,79.21,0.9225,2,2,-1
379,62,1552.24,451.64,25.06,70.56,0.9167,2,1,-1
379,66,1728.08,464.97,33.47,68.14,0.8912,2,1,-1
380,2,1388.06,446.53,22.05,69.85,0.8480,2,1,-1
380,3,1710.87,466.56,23.85,68.10,0.8804,2,2,-1
380,5,1673.94,452.64,30.20,70.67,0.8985,2,1,-1
380,8,1334.69,442.18,32.84,67.38,0.9283,1,4,-1
380,9,1521.15,521.48,31.52,86.41,0.9177,3,0,-1
380,23,1475.03,462.90,23.61,72.89,0.8885,2,1,-1
380,29,1627.22,452.55,37.49,68.77,0.9072,2,1,-1
380,33,1512.42,461.26,30.56,67.46,0.9005,2,1,-1
380,43,1228.72,488.07,23.52,62.82,0.8953,2,1,-1
380,54,1786.52,465.90,35.28,72.64,0.9155,2,1,-1
380,58,1683.95,514.83,44.41,79.21,0.9250,2,2,-1
380,62,1552.66,452.03,25.62,70.04,0.9103,2,1,-1
381,2,1386.84,451.96,20.51,64.79,0.8603,2,1,-1
381,3,1708.71,466.84,25.34,66.21,0.8721,2,2,-1
381,5,1675.15,452.74,29.77,70.73,0.8932,2,1,-1
381,8,1336.07,442.15,32.83,67.70,0.9218,1,4,-1
381,9,1525.99,521.70,29.72,86.91,0.9207,3,0,-1
381,23,1477.72,462.76,24.27,72.53,0.8939,2,1,-1
381,29,1629.70,452.70,34.70,68.57,0.8771,2,1,-1
381,33,1514.98,461.01,31.47,66.73,0.9016,2,1,-1
381,43,1231.40,487.28,22.09,62.82,0.8887,2,1,-1
381,54,1787.52,465.01,35.79,73.72,0.9238,2,1,-1
381,58,1686.24,515.82,44.41,77.67,0.9325,2,2,-1
381,62,1554.42,452.10,25.19,69.35,0.9073,2,1,-1
382,2,1384.46,447.30,22.38,69.42,0.8879,2,1,-1
382,3,1709.15,466.48,25.38,65.57,0.8712,2,2,-1
382,5,1676.54,452.95,29.12,70.59,0.8905,2,1,-1
382,8,1337.14,442.88,32.72,67.17,0.8738,1,4,-1
382,9,1528.86,520.88,29.59,88.20,0.9258,3,0,-1
382,23,1478.59,463.63,29.44,71.69,0.9114,2,1,-1
382,31,1633.95,453.49,25.91,66.85,0.8570,2,1,-1
382,33,1519.48,461.29,29.44,63.71,0.9054,2,1,-1
382,43,1233.05,488.70,22.63,61.84,0.9012,2,1,-1
382,54,1788.63,466.57,35.46,72.14,0.9223,2,1,-1
382,58,1689.04,518.48,42.92,75.02,0.9259,2,2,-1
382,62,1556.01,452.40,24.99,68.44,0.9061,2,1,-1
383,2,1379.94,445.05,26.70,71.59,0.8990,2,1,-1
383,3,1711.01,465.98,24.09,64.02,0.8358,2,2,-1
383,5,1677.52,452.15,28.55,71.23,0.8902,2,1,-1
383,7,1630.54,453.44,25.22,65.43,0.7819,2,2,-1
383,8,1337.43,443.84,32.73,67.15,0.8361,1,4,-1
383,9,1531.08,521.43,30.09,88.11,0.9210,3,0,-1
383,23,1479.50,463.24,33.58,72.24,0.9149,2,1,-1
383,33,1524.07,460.73,27.97,66.29,0.8973,2,1,-1
383,43,1234.38,488.49,26.35,62.52,0.9079,2,1,-1
383,54,1789.89,465.81,34.73,72.64,0.9157,2,1,-1
383,58,1693.22,519.48,39.86,74.34,0.9194,2,2,-1
383,62,1558.67,451.78,23.94,69.16,0.9033,2,1,-1
384,2,1375.11,443.03,31.59,73.86,0.9152,2,1,-1
384,3,1711.25,465.62,24.13,64.60,0.8234,2,2,-1
384,5,1678.92,452.42,27.70,71.07,0.8923,2,1,-1
384,7,1627.11,448.01,19.37,51.16,0.7565,2,2,-1
384,8,1338.51,444.36,32.68,66.01,0.9150,1,4,-1
384,9,1532.43,521.65,31.38,87.79,0.9257,3,0,-1
384,23,1479.88,463.72,36.43,72.02,0.9200,2,1,-1
384,33,1529.20,460.04,25.74,64.43,0.8976,2,1,-1
384,43,1234.20,486.74,30.35,64.50,0.9143,2,1,-1
384,54,1791.63,464.33,34.35,74.53,0.9159,2,1,-1
384,58,1696.48,518.31,36.21,75.89,0.8993,2,2,-1
384,62,1559.95,451.38,23.56,69.58,0.9014,2,1,-1
385,2,1371.40,444.56,34.85,71.88,0.9165,2,1,-1
385,3,1722.96,463.20,21.99,66.18,0.8101,2,2,-1
385,5,1680.12,452.26,27.95,71.03,0.8941,2,1,-1
385,8,1339.91,444.50,33.05,66.06,0.9059,1,4,-1
385,9,1532.97,521.64,35.31,87.17,0.9341,3,0,-1
385,21,1283.64,447.64,23.31,47.45,0.6188,2,2,-1
385,23,1482.20,464.33,36.35,71.48,0.9116,2,1,-1
385,31,1628.72,454.46,24.37,66.40,0.8528,2,1,-1
385,33,1533.27,459.75,23.81,65.70,0.8836,2,1,-1
385,43,1234.99,485.12,35.15,66.79,0.9198,2,1,-1
385,54,1793.07,464.10,33.34,74.36,0.9178,2,1,-1
385,58,1700.18,516.40,34.07,78.83,0.8566,2,2,-1
385,62,1560.94,451.27,23.25,69.66,0.8952,2,1,-1
386,2,1369.75,443.30,37.10,73.42,0.9151,2,1,-1
386,3,1723.77,463.06,20.03,65.90,0.8037,2,2,-1
386,5,1681.55,453.04,27.26,70.07,0.8943,2,1,-1
386,8,1341.37,444.77,33.21,66.07,0.8541,1,4,-1
386,9,1534.17,522.72,37.62,86.11,0.9310,3,0,-1
386,21,1284.06,448.28,22.75,46.67,0.7589,2,2,-1
386,23,1482.79,463.95,37.70,72.17,0.9295,2,1,-1
386,31,1629.99,454.39,22.51,65.85,0.8058,2,1,-1
386,33,1534.52,459.56,23.09,66.04,0.8838,2,1,-1
386,43,1234.94,486.58,35.29,65.60,0.9219,2,1,-1
386,54,1794.45,464.01,32.84,74.41,0.9114,2,1,-1
386,58,1706.90,519.74,28.57,74.66,0.8722,2,2,-1
386,62,1561.77,451.39,23.10,69.51,0.8856,2,1,-1
387,2,1368.67,445.46,37.49,71.60,0.9046,2,1,-1
387,3,1710.38,464.67,21.86,68.32,0.7356,2,2,-1
387,5,1682.49,453.08,27.16,70.94,0.8933,2,1,-1
387,8,1343.08,444.37,32.61,68.00,0.8456,1,4,-1
387,9,1534.91,524.15,39.01,84.67,0.9335,3,0,-1
387,23,1485.74,463.64,35.84,72.08,0.9120,2,1,-1
387,31,1630.94,454.40,20.41,65.04,0.8571,2,1,-1
387,33,1535.85,459.84,23.01,65.81,0.8853,2,1,-1
387,43,1236.02,487.30,35.41,64.45,0.9187,2,1,-1
387,53,1284.67,434.02,21.23,60.86,0.6429,1,4,-1
387,54,1796.45,464.09,32.03,73.94,0.8945,2,1,-1
387,58,1709.79,519.00,28.03,75.01,0.8279,2,2,-1
387,62,1563.84,451.53,21.65,68.65,0.8823,2,1,-1
388,2,1367.62,443.82,38.01,73.28,0.8959,2,1,-1
388,3,1710.73,463.12,24.82,68.84,0.8383,2,2,-1
388,5,1684.33,453.02,26.39,70.41,0.8914,2,1,-1
388,8,1347.88,443.57,27.89,64.56,0.8764,1,4,-1
388,9,1535.71,524.65,40.53,84.04,0.9371,3,0,-1
388,23,1492.42,463.24,31.56,71.26,0.8715,2,1,-1
388,31,1629.49,453.81,19.90,64.83,0.8406,2,1,-1
388,33,1537.15,460.42,25.39,65.73,0.8898,2,1,-1
388,43,1239.13,488.88,33.03,62.74,0.9186,2,1,-1
388,53,1284.81,433.67,21.83,60.65,0.6779,1,4,-1
388,54,1800.23,463.74,29.80,73.13,0.8877,2,1,-1
388,58,1712.16,516.74,29.41,77.57,0.8917,2,2,-1
388,62,1564.35,451.95,21.71,68.52,0.8758,2,1,-1
388,0,1489.43,518.88,11.86,15.19,1.0,0,-1,-1
389,3,1710.81,463.70,25.02,68.43,0.8321,2,2,-1
389,5,1685.37,454.43,26.70,70.54,0.8886,2,1,-1
389,8,1349.91,442.83,28.75,67.96,0.8228,1,4,-1
389,9,1537.07,525.52,41.03,83.40,0.9375,3,0,-1
389,28,1499.28,463.09,22.56,71.03,0.8823,2,2,-1
389,31,1628.45,453.00,20.40,66.20,0.8560,2,1,-1
389,33,1538.23,460.01,27.77,66.83,0.8992,2,1,-1
389,43,1241.14,488.04,33.04,63.99,0.9092,2,1,-1
389,54,1804.05,464.74,27.02,71.67,0.8872,2,1,-1
389,58,1714.92,518.12,28.70,75.73,0.8733,2,2,-1
389,62,1565.19,451.83,22.10,69.06,0.8764,2,1,-1
390,2,1366.85,447.88,31.03,66.07,0.8190,2,1,-1
390,3,1711.33,464.54,24.42,68.02,0.8596,2,2,-1
390,5,1685.48,454.72,27.40,69.62,0.8857,2,1,-1
390,8,1351.34,442.92,27.77,67.26,0.7662,1,4,-1
390,9,1539.06,523.50,40.81,84.78,0.9379,3,0,-1
390,28,1503.36,465.65,21.55,67.55,0.8806,2,2,-1
390,31,1627.45,452.35,20.85,66.35,0.8672,2,1,-1
390,33,1539.59,460.51,28.18,68.00,0.8943,2,1,-1
390,43,1245.56,486.61,31.85,65.10,0.9021,2,1,-1
390,53,1284.73,436.08,22.37,58.58,0.8787,1,4,-1
390,54,1806.82,465.11,26.55,72.01,0.8910,2,1,-1
390,58,1715.96,515.34,30.93,79.95,0.9001,2,2,-1
390,62,1565.55,451.68,23.29,70.37,0.8760,2,1,-1
391,3,1711.61,464.33,23.04,68.24,0.8570,2,2,-1
391,5,1685.54,454.49,28.69,70.41,0.8849,2,1,-1
391,8,1353.37,446.02,24.14,61.61,0.7993,1,4,-1
391,9,1541.53,522.64,40.49,85.74,0.8972,3,0,-1
391,17,1367.52,448.36,26.10,66.80,0.8255,1,4,-1
391,28,1506.47,462.63,22.60,71.40,0.8878,2,2,-1
391,31,1604.52,449.91,25.23,64.65,0.8747,2,1,-1
391,33,1541.07,460.26,28.32,68.42,0.8948,2,1,-1
391,43,1250.26,485.47,30.35,66.56,0.8926,2,1,-1
391,53,1284.34,434.87,22.46,60.29,0.8231,1,4,-1
391,54,1807.42,464.80,29.78,73.20,0.8976,2,1,-1
391,58,1716.00,515.34,36.37,80.90,0.9294,2,2,-1
391,62,1567.14,452.34,23.23,69.74,0.8618,2,1,-1
391,68,1904.93,477.11,14.62,86.51,0.7162,2,-1,-1
392,3,1712.69,464.44,22.28,68.39,0.8707,2,2,-1
392,5,1686.66,455.08,29.22,70.77,0.8963,2,1,-1
392,7,1601.07,451.09,27.72,64.59,0.8940,2,2,-1
392,9,1545.01,524.18,39.35,83.54,0.8324,3,0,-1
392,28,1508.30,463.94,23.30,69.68,0.8891,2,2,-1
392,33,1544.42,459.64,26.65,64.85,0.8876,2,1,-1
392,39,1355.77,445.08,31.12,70.23,0.9092,1,4,-1
392,43,1254.64,483.15,27.56,68.24,0.8705,2,1,-1
392,53,1284.87,433.73,22.85,61.00,0.8863,1,4,-1
392,54,1807.63,464.49,33.25,74.72,0.9040,2,1,-1
392,58,1716.85,515.77,41.41,80.63,0.9320,2,2,-1
392,62,1568.22,452.87,23.88,69.23,0.8682,2,1,-1
392,68,1904.43,478.69,14.96,84.45,0.7645,2,-1,-1
393,3,1713.03,464.48,22.64,68.63,0.8752,2,2,-1
393,5,1687.25,455.53,29.32,69.85,0.8928,2,1,-1
393,9,1550.13,522.23,36.61,85.04,0.9331,3,0,-1
393,23,1508.22,468.87,29.01,65.18,0.9088,2,1,-1
393,29,1618.35,452.48,29.01,68.34,0.8928,2,1,-1
393,33,1548.74,459.43,25.16,63.63,0.8782,2,1,-1
393,39,1356.26,444.97,30.46,69.66,0.5660,1,4,-1
393,43,1259.01,483.12,27.10,67.99,0.8881,2,1,-1
393,53,1285.00,433.58,24.46,61.57,0.8851,1,4,-1
393,54,1807.61,464.06,36.93,74.43,0.9143,2,1,-1
393,57,174.58,563.25,26.57,45.61,0.7093,1,2,-1
393,58,1717.06,516.28,43.63,79.89,0.9307,2,2,-1
393,62,1568.91,452.21,24.37,69.99,0.8847,2,1,-1
393,68,1904.75,481.26,14.87,81.81,0.7630,2,-1,-1
394,5,1688.83,455.39,29.96,69.31,0.8864,2,1,-1
394,9,1555.11,522.62,33.92,84.66,0.9308,3,0,-1
394,23,1508.77,464.29,34.47,70.23,0.9108,2,1,-1
394,29,1618.06,452.77,28.64,68.20,0.8961,2,1,-1
394,39,1357.04,443.01,26.99,71.31,0.8824,1,4,-1
394,43,1261.07,484.27,27.62,68.10,0.8898,2,1,-1
394,53,1284.96,434.06,24.53,60.95,0.8857,1,4,-1
394,54,1808.09,464.48,38.84,74.28,0.9193,2,1,-1
394,58,1718.09,516.53,43.51,80.36,0.9321,2,2,-1
394,62,1568.54,452.30,25.06,69.56,0.8407,2,1,-1
394,68,1904.27,481.15,15.31,81.19,0.7885,2,-1,-1
395,5,1690.09,456.03,30.05,68.49,0.8791,2,1,-1
395,9,1558.96,523.01,32.28,84.37,0.9181,3,0,-1
395,17,1357.22,446.59,25.02,67.81,0.8806,1,4,-1
395,23,1509.94,469.86,37.99,64.63,0.9166,2,1,-1
395,29,1616.78,452.80,29.23,68.23,0.8782,2,1,-1
395,43,1262.00,484.19,28.26,69.18,0.8994,2,1,-1
395,53,1284.53,433.64,25.36,61.26,0.8825,1,4,-1
395,54,1809.20,464.58,39.63,74.47,0.9166,2,1,-1
395,58,1719.79,516.41,42.49,79.99,0.9347,2,2,-1
395,62,1567.03,452.80,26.61,69.52,0.8325,2,1,-1
395,68,1904.51,482.67,15.24,78.89,0.8073,2,-1,-1
396,5,1691.54,456.41,29.17,68.19,0.8681,2,1,-1
396,9,1559.86,522.92,32.70,84.50,0.8304,3,0,-1
396,17,1357.69,448.51,24.84,65.80,0.7323,1,4,-1
396,23,1509.48,465.05,42.80,69.75,0.9222,2,1,-1
396,29,1613.69,452.88,30.43,68.48,0.8799,2,1,-1
396,43,1262.17,485.16,29.73,67.96,0.9042,2,1,-1
396,53,1283.47,433.68,25.26,60.94,0.8717,1,4,-1
396,54,1809.42,464.33,40.03,75.45,0.9208,2,1,-1
396,58,1721.15,516.05,42.01,80.25,0.9289,2,2,-1
396,62,1562.88,455.66,29.70,67.51,0.8669,2,1,-1
396,68,1904.79,485.18,15.08,76.74,0.8364,2,-1,-1
397,5,1693.59,457.91,28.21,70.02,0.8791,2,1,-1
397,7,1595.40,447.89,22.28,67.38,0.8209,2,2,-1
397,9,1560.75,522.42,34.75,84.89,0.8957,3,0,-1
397,17,1354.11,446.82,26.72,68.16,0.5914,1,4,-1
397,23,1510.30,464.37,43.25,70.32,0.9225,2,1,-1
397,29,1612.51,452.59,30.86,68.94,0.8900,2,1,-1
397,43,1263.66,483.98,31.03,69.76,0.9162,2,1,-1
397,53,1283.06,433.32,25.13,61.00,0.8636,1,4,-1
397,54,1810.53,464.78,39.22,74.99,0.9219,2,1,-1
397,57,176.32,562.85,26.59,48.05,0.5862,1,2,-1
397,58,1724.10,516.66,39.63,79.53,0.9208,2,2,-1
397,62,1562.78,456.57,30.07,67.28,0.8760,2,1,-1
397,68,1905.15,485.03,14.89,76.25,0.8479,2,2,-1
398,3,1716.60,467.66,28.01,66.24,0.8748,2,2,-1
398,7,1593.85,447.40,21.27,66.95,0.7939,2,2,-1
398,9,1561.87,522.07,35.96,85.11,0.9153,3,0,-1
398,23,1513.29,465.01,42.28,70.28,0.9207,2,1,-1
398,29,1612.48,451.17,28.48,67.37,0.8872,2,1,-1
398,43,1265.00,486.27,31.05,67.70,0.9145,2,1,-1
398,54,1813.24,465.10,37.52,74.86,0.9194,2,1,-1
398,58,1727.85,516.06,37.61,80.13,0.9115,2,2,-1
398,62,1563.69,457.58,29.74,66.38,0.8477,2,1,-1
398,68,1904.18,484.80,15.58,77.12,0.8602,2,2,-1
398,0,1511.06,521.74,12.49,14.76,1.0,0,-1,-1
399,2,1348.01,446.45,32.15,67.69,0.5333,2,1,-1
399,3,1716.94,466.63,31.59,67.40,0.8733,2,2,-1
399,7,1592.63,446.97,21.74,67.90,0.7191,2,2,-1
399,9,1563.82,521.73,36.45,85.49,0.9151,3,0,-1
399,23,1515.79,466.03,41.10,68.99,0.9175,2,1,-1
399,29,1612.25,450.41,25.69,66.98,0.8840,2,1,-1
399,43,1266.09,490.04,31.14,64.58,0.9013,2,1,-1
399,54,1814.45,465.37,35.94,74.67,0.9156,2,1,-1
399,58,1732.90,516.03,34.93,80.37,0.9090,2,2,-1
399,62,1564.17,458.46,28.60,65.90,0.8758,2,1,-1
399,68,1901.61,485.27,17.75,76.38,0.8931,2,2,-1
400,2,1347.26,447.20,31.08,66.14,0.8683,2,1,-1
400,3,1716.86,465.98,33.66,68.20,0.8922,2,2,-1
400,8,1367.28,448.41,22.19,61.73,0.6104,1,4,-1
400,9,1565.82,523.12,36.56,83.72,0.9281,3,0,-1
400,23,1519.24,464.39,39.27,70.46,0.9206,2,1,-1
400,29,1610.58,450.37,23.74,65.65,0.8825,2,1,-1
400,43,1267.35,490.79,31.86,64.28,0.9028,2,1,-1
400,53,1281.76,432.90,23.92,62.08,0.7976,1,4,-1
400,54,1816.69,465.58,33.73,74.39,0.9165,2,1,-1
400,58,1737.37,515.70,32.84,80.90,0.8829,2,2,-1
400,62,1565.25,457.31,30.00,66.78,0.8772,2,1,-1
400,68,1899.09,484.81,20.05,76.33,0.8909,2,2,-1
401,2,1347.01,449.61,28.61,63.71,0.9015,2,1,-1
401,3,1715.84,465.91,36.05,68.46,0.8770,2,2,-1
401,8,1368.02,447.09,21.70,62.85,0.7788,1,4,-1
401,9,1567.93,521.13,37.45,85.61,0.9326,3,0,-1
401,21,1282.66,433.08,22.91,61.65,0.8455,2,2,-1
401,23,1523.71,467.72,34.58,66.70,0.9075,2,1,-1
401,29,1609.89,450.09,22.49,66.04,0.8731,2,1,-1
401,43,1269.64,491.47,30.61,63.55,0.9081,2,1,-1
401,54,1818.83,465.38,30.93,74.62,0.9080,2,1,-1
401,58,1744.28,515.48,29.00,80.32,0.8996,2,2,-1
401,62,1565.87,457.16,31.89,67.40,0.8871,2,1,-1
401,68,1895.74,484.54,23.11,77.04,0.8937,2,2,-1
402,2,1346.81,445.92,28.05,67.26,0.8854,2,1,-1
402,3,1715.17,465.49,38.02,69.15,0.8952,2,2,-1
402,8,1368.79,445.34,21.89,63.96,0.8349,1,4,-1
402,9,1569.81,520.95,37.94,86.39,0.9249,3,0,-1
402,21,1283.29,434.63,21.61,60.69,0.8270,2,2,-1
402,23,1531.29,470.85,28.29,63.40,0.8603,2,1,-1
402,29,1609.21,450.01,21.54,68.61,0.8700,2,1,-1
402,43,1272.56,493.91,28.64,61.20,0.8943,2,1,-1
402,54,1822.29,465.61,27.14,75.00,0.9000,2,1,-1
402,58,1749.74,515.78,27.61,80.37,0.9098,2,2,-1
402,62,1565.62,458.17,32.22,67.16,0.8684,2,1,-1
402,68,1890.93,485.30,27.78,77.16,0.9031,2,2,-1
403,2,1345.47,443.82,26.73,70.25,0.8559,2,1,-1
403,3,1717.34,465.89,36.92,69.58,0.9008,2,2,-1
403,5,1697.74,459.12,26.59,72.39,0.8113,2,1,-1
403,8,1369.18,443.68,22.15,65.11,0.7852,1,4,-1
403,9,1572.06,521.17,37.87,86.58,0.6596,3,0,-1
403,23,1537.77,470.95,23.85,62.69,0.8838,2,1,-1
403,29,1608.61,450.44,21.06,67.07,0.8714,2,1,-1
403,43,1275.96,494.74,26.19,60.77,0.8904,2,1,-1
403,54,1824.83,465.64,24.88,74.95,0.8791,2,1,-1
403,58,1754.59,516.24,29.07,80.32,0.9204,2,2,-1
403,62,1567.34,456.60,32.89,69.02,0.8538,2,1,-1
403,68,1887.82,486.02,31.11,75.95,0.9041,2,2,-1
404,2,1344.74,445.18,25.01,68.01,0.6639,2,1,-1
404,3,1717.84,466.57,35.39,68.85,0.8865,2,2,-1
404,5,1697.98,462.02,25.77,70.46,0.8209,2,1,-1
404,8,1370.02,444.67,22.26,65.27,0.7371,1,4,-1
404,9,1575.05,520.69,36.23,86.33,0.9064,3,0,-1
404,23,1541.44,467.68,22.36,66.57,0.8820,2,1,-1
404,29,1606.14,450.56,21.89,67.30,0.8653,2,1,-1
404,43,1279.92,495.43,23.56,60.03,0.8734,2,1,-1
404,54,1828.32,465.98,23.58,74.45,0.8976,2,1,-1
404,58,1755.90,516.80,33.11,80.41,0.9314,2,2,-1
404,62,1570.05,452.72,34.32,72.74,0.8558,2,1,-1
404,68,1884.64,486.10,34.42,76.83,0.8997,2,2,-1
405,2,1343.74,448.41,21.85,64.43,0.8034,2,1,-1
405,3,1719.18,467.01,33.66,68.64,0.8852,2,2,-1
405,5,1698.19,465.02,24.17,67.34,0.8394,2,1,-1
405,9,1578.45,520.95,35.18,85.86,0.8648,3,0,-1
405,23,1544.39,464.88,23.55,69.36,0.8784,2,1,-1
405,29,1604.00,450.63,22.67,67.44,0.8693,2,1,-1
405,33,1573.77,456.93,29.01,70.60,0.8494,2,1,-1
405,39,1372.37,453.59,22.01,56.51,0.8201,1,4,-1
405,43,1284.08,494.21,21.66,61.88,0.8754,2,1,-1
405,54,1830.48,466.00,23.88,75.24,0.9041,2,1,-1
405,58,1756.27,516.99,37.35,81.24,0.9325,2,2,-1
405,68,1884.20,486.35,35.33,76.74,0.9082,2,2,-1
406,2,1341.81,448.27,21.63,64.94,0.6127,2,1,-1
406,3,1722.32,466.52,30.17,69.15,0.8975,2,2,-1
406,5,1699.36,464.56,24.04,66.09,0.8319,2,1,-1
406,9,1582.31,519.69,34.36,86.45,0.8435,3,0,-1
406,23,1545.34,466.86,28.00,67.70,0.8898,2,1,-1
406,29,1601.10,450.53,24.32,67.95,0.8512,2,1,-1
406,31,1577.92,445.87,23.99,51.75,0.7454,2,1,-1
406,39,1373.45,453.58,23.18,56.68,0.8486,1,4,-1
406,43,1286.84,494.84,21.19,61.20,0.8855,2,1,-1
406,54,1831.68,466.06,23.99,75.41,0.9100,2,1,-1
406,58,1757.13,518.01,40.16,81.27,0.9344,2,2,-1
406,68,1883.57,486.69,35.67,76.36,0.9064,2,2,-1
407,2,1339.95,446.57,21.57,67.15,0.8536,2,1,-1
407,3,1722.68,466.78,29.08,68.94,0.8976,2,2,-1
407,7,1580.06,451.96,24.38,70.38,0.7046,2,2,-1
407,8,1373.14,445.35,25.17,64.47,0.8652,1,4,-1
407,9,1585.38,520.32,32.09,84.96,0.9325,3,0,-1
407,10,1543.58,471.57,38.07,63.60,0.9126,2,1,-1
407,21,1286.13,441.53,18.96,53.45,0.5847,2,2,-1
407,29,1600.58,450.94,24.46,68.11,0.8307,2,1,-1
407,43,1287.89,492.57,22.46,63.49,0.8874,2,1,-1
407,54,1832.49,465.81,24.30,75.57,0.9049,2,1,-1
407,58,1757.25,518.79,43.01,79.86,0.9369,2,2,-1
407,66,1697.36,457.64,29.38,73.55,0.8504,2,1,-1
407,68,1882.87,486.69,35.80,76.34,0.9108,2,2,-1
408,2,1337.01,447.75,23.44,65.74,0.8958,2,1,-1
408,3,1723.63,466.72,29.70,68.89,0.9020,2,2,-1
408,8,1373.70,444.27,27.50,65.87,0.9164,1,4,-1
408,9,1588.72,520.63,32.78,84.74,0.8656,3,0,-1
408,10,1544.74,470.13,40.16,65.15,0.9076,2,1,-1
408,21,1288.42,438.12,19.53,55.45,0.8373,2,2,-1
408,29,1599.29,450.11,24.92,68.27,0.8260,2,1,-1
408,43,1289.12,495.36,23.13,61.20,0.9011,2,1,-1
408,54,1833.35,466.26,25.49,75.82,0.9129,2,1,-1
408,58,1757.70,518.86,45.26,80.38,0.9330,2,2,-1
408,66,1696.00,456.77,31.11,74.94,0.8878,2,1,-1
408,68,1882.77,486.12,35.76,76.53,0.9079,2,2,-1
409,2,1334.92,452.66,24.20,60.30,0.8730,2,1,-1
409,3,1724.81,466.41,30.25,69.52,0.8944,2,2,-1
409,8,1374.08,442.16,29.85,68.44,0.9048,1,4,-1
409,9,1590.00,520.28,32.46,85.42,0.9355,3,0,-1
409,10,1546.55,476.67,39.87,58.97,0.9018,2,1,-1
409,21,1288.66,439.46,19.55,54.36,0.8151,2,2,-1
409,43,1289.86,494.23,28.02,63.12,0.9112,2,1,-1
409,54,1834.32,466.09,27.02,75.30,0.9139,2,1,-1
409,58,1757.55,518.99,48.34,82.01,0.9327,2,2,-1
409,62,1589.71,450.31,34.20,71.32,0.8535,2,1,-1
409,66,1695.98,456.79,32.21,75.38,0.8901,2,1,-1
409,68,1883.56,486.35,34.31,76.24,0.9079,2,2,-1
410,2,1331.35,456.02,27.85,56.72,0.9093,2,1,-1
410,3,1725.67,466.30,30.43,69.58,0.8920,2,2,-1
410,5,1697.87,464.81,28.61,66.49,0.8733,2,1,-1
410,8,1374.69,442.05,30.88,68.23,0.9134,1,4,-1
410,9,1591.53,520.64,33.03,85.41,0.9325,3,0,-1
410,10,1548.15,472.45,41.41,62.91,0.8920,2,1,-1
410,21,1290.33,437.83,19.36,54.73,0.8152,2,2,-1
410,33,1588.64,451.66,29.93,71.65,0.6366,2,1,-1
410,43,1290.11,490.21,33.82,67.18,0.9166,2,1,-1
410,54,1835.14,466.09,29.99,76.37,0.9234,2,1,-1
410,58,1758.55,519.05,49.34,82.42,0.9336,2,2,-1
410,68,1883.44,486.27,31.30,76.52,0.9074,2,2,-1
410,0,191.87,598.49,13.16,13.09,1.0,0,-1,-1
411,2,1328.74,453.71,31.45,59.33,0.9100,2,1,-1
411,3,1725.87,466.35,31.18,69.61,0.8871,2,2,-1
411,5,1698.75,467.78,27.90,64.27,0.8600,2,1,-1
411,8,1375.73,442.75,31.95,67.55,0.9161,1,4,-1
411,9,1593.60,521.27,34.20,86.54,0.8976,3,0,-1
411,10,1550.14,469.63,40.97,65.73,0.9008,2,1,-1
411,21,1291.88,436.20,20.21,56.26,0.8148,2,2,-1
411,33,1588.30,453.80,28.85,69.47,0.7236,2,1,-1
411,43,1290.50,488.96,35.81,68.62,0.9198,2,1,-1
411,54,1836.29,466.19,32.84,77.07,0.9233,2,1,-1
411,58,1761.25,519.15,47.50,82.01,0.9312,2,2,-1
411,68,1883.28,486.34,28.73,76.02,0.9032,2,2,-1
412,2,1327.23,449.95,33.51,63.42,0.9149,2,1,-1
412,3,1728.04,466.41,30.35,69.97,0.8824,2,2,-1
412,5,1698.92,468.28,26.53,63.33,0.8090,2,1,-1
412,8,1376.64,443.47,31.64,67.07,0.9111,1,4,-1
412,9,1595.92,522.52,38.03,85.03,0.9099,3,0,-1
412,21,1292.89,435.18,20.41,57.78,0.7920,2,2,-1
412,28,1554.75,446.59,26.21,66.38,0.8651,2,2,-1
412,33,1590.25,454.89,29.70,68.99,0.8024,2,1,-1
412,43,1290.65,488.06,35.78,69.88,0.9218,2,1,-1
412,54,1836.34,466.40,34.67,76.90,0.9247,2,1,-1
412,58,1764.92,519.07,43.75,82.09,0.9303,2,2,-1
412,68,1882.63,485.77,26.44,76.71,0.8980,2,2,-1
413,2,1327.44,451.10,32.85,62.84,0.9107,2,1,-1
413,3,1728.67,466.26,30.43,70.19,0.8690,2,2,-1
413,5,1699.53,469.49,25.03,63.47,0.8440,2,1,-1
413,8,1377.66,443.60,30.81,66.87,0.9142,1,4,-1
413,9,1597.46,522.35,42.44,85.51,0.9317,3,0,-1
413,28,1552.95,447.75,26.52,63.05,0.8726,2,2,-1
413,33,1590.22,454.01,34.35,69.51,0.8729,2,1,-1
413,43,1291.77,488.40,34.67,69.88,0.9227,2,1,-1
413,53,1293.37,437.49,17.08,55.58,0.7755,1,4,-1
413,54,1836.23,466.77,35.02,76.30,0.9236,2,1,-1
413,58,1769.59,519.21,38.81,81.86,0.9285,2,2,-1
413,68,1881.46,485.77,24.42,76.89,0.9046,2,2,-1
413,0,1559.85,521.61,12.72,15.83,1.0,0,-1,-1
414,2,1328.18,454.99,31.33,58.36,0.9048,2,1,-1
414,3,1730.32,466.54,29.83,70.08,0.8892,2,2,-1
414,5,1699.63,471.05,23.49,61.54,0.8549,2,1,-1
414,8,1378.06,443.60,30.75,66.91,0.9097,1,4,-1
414,9,1598.52,522.57,45.73,85.25,0.9335,3,0,-1
414,28,1552.43,447.79,30.43,63.56,0.8956,2,2,-1
414,43,1294.04,490.55,32.42,67.67,0.9184,2,1,-1
414,54,1836.74,466.91,35.21,76.31,0.9206,2,1,-1
414,58,1774.18,519.00,33.67,82.57,0.9197,2,2,-1
414,62,1590.49,450.04,37.83,72.80,0.8411,2,1,-1
414,68,1879.76,485.82,24.83,76.85,0.9115,2,2,-1
414,0,1567.50,518.93,22.66,17.08,1.0,0,-1,-1
415,2,1325.62,453.35,32.49,59.97,0.8988,2,1,-1
415,3,1730.82,466.63,30.98,69.73,0.8904,2,2,-1
415,5,1700.20,472.06,22.53,59.60,0.8560,2,1,-1
415,8,1378.29,443.04,31.39,67.85,0.9090,1,4,-1
415,9,1598.96,523.40,48.20,84.90,0.9400,3,0,-1
415,17,1295.31,463.70,12.81,29.93,0.6278,1,4,-1
415,28,1550.83,447.79,33.15,64.24,0.9013,2,2,-1
415,33,1598.22,458.42,32.92,64.44,0.8326,2,1,-1
415,43,1296.05,490.26,31.38,67.72,0.9134,2,1,-1
415,54,1837.24,467.16,35.06,76.48,0.9193,2,1,-1
415,58,1781.69,519.00,28.31,82.29,0.9115,2,2,-1
415,68,1876.79,485.78,28.52,76.91,0.9173,2,2,-1
415,0,193.59,598.08,12.99,12.54,1.0,0,-1,-1
416,2,1326.30,451.06,31.43,62.11,0.8896,2,1,-1
416,3,1730.36,466.70,32.78,69.81,0.8917,2,2,-1
416,5,1701.60,471.68,24.03,60.94,0.8577,2,1,-1
416,8,1379.07,442.38,31.18,69.32,0.9007,1,4,-1
416,9,1599.91,522.45,49.24,85.81,0.9388,3,0,-1
416,23,1576.01,458.15,28.76,77.07,0.7918,2,1,-1
416,28,1549.69,448.33,31.02,62.05,0.8995,2,2,-1
416,33,1598.60,457.51,34.83,66.46,0.8520,2,1,-1
416,43,1300.34,488.46,30.00,69.18,0.8918,2,1,-1
416,54,1838.10,467.04,34.34,76.35,0.9219,2,1,-1
416,58,1787.83,519.39,25.19,82.05,0.9208,2,2,-1
416,68,1874.11,485.97,32.45,77.91,0.9169,2,2,-1
416,0,193.74,598.16,13.13,12.33,1.0,0,-1,-1
417,2,1326.11,449.11,30.86,64.51,0.8639,2,1,-1
417,3,1732.64,467.16,33.11,69.40,0.8800,2,2,-1
417,5,1701.65,472.85,22.97,59.72,0.8535,2,1,-1
417,7,1577.24,466.87,28.03,67.65,0.8738,2,2,-1
417,8,1380.45,442.03,30.13,69.76,0.8996,1,4,-1
417,9,1600.66,522.97,50.22,85.31,0.9408,3,0,-1
417,28,1548.69,448.52,27.79,61.51,0.8899,2,2,-1
417,33,1603.61,458.89,32.68,64.38,0.8899,2,1,-1
417,43,1305.75,489.00,26.39,69.20,0.8854,2,1,-1
417,54,1839.10,467.06,33.52,76.25,0.9229,2,1,-1
417,58,1791.94,519.46,24.59,81.40,0.9216,2,2,-1
417,68,1872.20,486.46,34.42,76.81,0.9073,2,2,-1
417,0,193.53,598.34,13.74,13.16,1.0,0,-1,-1
418,2,1326.42,457.33,25.86,54.25,0.8488,2,1,-1
418,3,1733.68,466.75,34.05,69.96,0.8891,2,2,-1
418,5,1702.24,473.47,22.23,58.98,0.8544,2,1,-1
418,8,1381.74,441.86,29.30,69.52,0.8975,1,4,-1
418,9,1601.26,523.63,49.61,84.90,0.9410,3,0,-1
418,10,1574.70,464.21,39.84,71.38,0.7370,2,1,-1
418,28,1548.64,446.90,26.25,63.00,0.8927,2,2,-1
418,29,1609.19,457.22,26.11,65.95,0.8752,2,1,-1
418,43,1310.95,489.81,22.90,67.57,0.8828,2,1,-1
418,54,1840.22,467.38,33.06,75.84,0.9057,2,1,-1
418,58,1793.06,519.74,26.53,81.97,0.9150,2,2,-1
418,68,1870.57,486.88,36.51,76.07,0.9070,2,2,-1
419,2,1324.35,453.56,25.34,55.54,0.8253,2,1,-1
419,3,1736.04,467.09,33.90,69.73,0.8879,2,2,-1
419,5,1702.75,474.84,21.42,57.85,0.8552,2,1,-1
419,8,1382.94,442.43,29.28,68.79,0.8997,1,4,-1
419,9,1602.28,523.77,48.49,84.81,0.9422,3,0,-1
419,10,1578.45,470.60,36.97,64.96,0.8632,2,1,-1
419,28,1545.98,445.92,22.73,63.51,0.8601,2,2,-1
419,29,1615.26,456.20,22.87,66.95,0.8499,2,1,-1
419,43,1314.56,490.68,23.28,66.84,0.8693,2,1,-1
419,54,1842.35,467.01,31.66,76.31,0.9072,2,1,-1
419,58,1793.47,520.27,29.40,81.62,0.9316,2,2,-1
419,68,1870.10,487.23,36.97,75.74,0.9005,2,2,-1
420,3,1738.31,466.96,33.76,70.13,0.8881,2,2,-1
420,5,1716.33,455.68,27.33,74.27,0.8528,2,1,-1
420,8,1383.33,441.87,29.67,69.54,0.9030,1,4,-1
420,9,1604.26,522.57,46.73,86.15,0.9415,3,0,-1
420,10,1580.65,475.81,36.44,60.83,0.8741,2,1,-1
420,28,1544.63,445.84,20.23,62.96,0.8750,2,2,-1
420,29,1617.44,456.10,20.70,66.23,0.8369,2,1,-1
420,43,1316.82,489.87,24.56,69.08,0.8801,2,1,-1
420,54,1843.82,467.05,31.17,76.30,0.9068,2,1,-1
420,58,1794.12,520.27,36.48,82.56,0.9431,2,2,-1
420,68,1869.36,487.47,37.08,76.54,0.9008,2,2,-1
421,3,1741.81,467.42,32.61,69.70,0.8936,2,2,-1
421,5,1716.51,455.38,28.46,75.52,0.8741,2,1,-1
421,8,1384.13,441.59,29.64,69.90,0.9032,1,4,-1
421,9,1607.04,522.43,45.78,86.56,0.9391,3,0,-1
421,21,1327.24,450.19,15.85,43.66,0.7096,2,2,-1
421,28,1542.19,446.56,19.89,62.88,0.8753,2,2,-1
421,29,1621.12,456.34,19.73,66.49,0.8622,2,1,-1
421,31,1573.09,447.76,30.96,64.10,0.8681,2,1,-1
421,43,1318.22,492.11,24.74,67.09,0.9018,2,1,-1
421,54,1845.73,467.42,31.11,75.55,0.9044,2,1,-1
421,58,1795.28,520.77,41.29,82.08,0.9339,2,2,-1
421,68,1869.49,487.91,35.61,76.47,0.9035,2,2,-1
422,3,1744.30,467.37,30.45,69.45,0.9103,2,2,-1
422,5,1717.16,455.34,28.34,74.86,0.8905,2,1,-1
422,8,1384.46,441.79,29.79,70.04,0.8858,1,4,-1
422,9,1608.97,522.77,45.17,86.51,0.9360,3,0,-1
422,21,1327.33,451.48,15.17,40.04,0.6976,2,2,-1
422,28,1536.41,449.13,23.51,61.66,0.9016,2,2,-1
422,29,1622.80,455.81,20.25,67.18,0.8684,2,1,-1
422,31,1572.43,447.90,29.57,63.60,0.8906,2,1,-1
422,43,1318.24,492.30,27.83,66.98,0.9155,2,1,-1
422,53,1298.16,434.58,23.24,59.18,0.7617,1,4,-1
422,54,1847.44,467.86,30.80,74.70,0.8721,2,1,-1
422,58,1795.23,521.00,44.55,82.68,0.9366,2,2,-1
422,68,1869.87,488.27,33.81,76.12,0.9001,2,2,-1
423,3,1747.16,467.71,28.34,69.18,0.9088,2,2,-1
423,5,1718.55,455.40,28.40,75.14,0.8897,2,1,-1
423,8,1385.27,442.65,29.53,68.90,0.8839,1,4,-1
423,9,1611.44,521.86,43.71,87.16,0.9353,3,0,-1
423,21,1326.77,451.57,15.08,39.14,0.6900,2,2,-1
423,28,1531.95,447.62,27.54,62.57,0.9138,2,2,-1
423,29,1624.39,456.22,21.42,66.92,0.8724,2,1,-1
423,31,1571.42,446.83,28.58,65.19,0.8856,2,1,-1
423,43,1319.01,491.02,31.21,68.14,0.9218,2,1,-1
423,53,1298.25,433.99,23.81,59.74,0.5969,1,4,-1
423,58,1795.25,521.33,45.20,83.01,0.9358,2,2,-1
423,68,1868.34,488.40,33.04,76.72,0.9016,2,2,-1
424,3,1749.58,467.98,26.59,69.15,0.9088,2,2,-1
424,5,1719.35,455.34,28.10,75.44,0.8790,2,1,-1
424,8,1385.65,443.98,29.27,67.84,0.8851,1,4,-1
424,9,1612.86,520.88,43.37,88.45,0.9026,3,0,-1
424,21,1326.00,449.04,15.88,41.33,0.7195,2,2,-1
424,28,1528.43,447.27,31.20,63.13,0.9132,2,2,-1
424,31,1571.86,446.76,30.07,65.63,0.8812,2,1,-1
424,33,1623.82,456.26,29.92,66.13,0.8844,2,1,-1
424,43,1319.35,491.33,34.37,68.95,0.9252,2,1,-1
424,53,1298.65,433.58,24.82,60.34,0.6519,1,4,-1
424,58,1797.14,521.97,45.40,81.33,0.9301,2,2,-1
424,62,1593.77,467.87,32.18,70.16,0.8212,2,1,-1
424,68,1867.83,488.61,31.18,76.58,0.8864,2,2,-1
425,2,1319.79,442.75,22.47,50.44,0.5607,2,1,-1
425,3,1750.74,468.19,25.99,69.41,0.9085,2,2,-1
425,5,1720.60,455.26,28.02,74.73,0.8649,2,1,-1
425,8,1386.37,442.85,29.51,68.93,0.8812,1,4,-1
425,9,1613.68,521.55,43.11,88.08,0.8912,3,0,-1
425,23,1599.42,462.43,28.70,72.98,0.8296,2,1,-1
425,28,1526.84,447.78,33.08,62.27,0.9146,2,2,-1
425,31,1571.13,445.65,28.12,66.38,0.8656,2,1,-1
425,33,1624.82,456.73,32.38,64.07,0.8952,2,1,-1
425,43,1319.91,491.69,35.50,69.13,0.9250,2,1,-1
425,58,1798.26,522.07,45.19,81.49,0.9328,2,2,-1
425,66,1704.11,480.32,22.23,52.68,0.8133,2,1,-1
425,68,1853.29,467.62,31.89,73.79,0.8749,2,2,-1
426,3,1752.12,468.09,25.25,69.14,0.9056,2,2,-1
426,5,1721.85,455.14,26.70,70.60,0.6494,2,1,-1
426,8,1386.67,443.47,30.13,67.64,0.9095,1,4,-1
426,9,1614.86,521.68,43.35,87.94,0.8034,3,0,-1
426,23,1600.89,461.91,29.43,75.72,0.7903,2,1,-1
426,28,1525.12,447.24,34.54,62.89,0.9165,2,2,-1
426,31,1571.38,444.34,24.17,67.71,0.8848,2,1,-1
426,33,1625.64,457.71,34.92,63.49,0.8833,2,1,-1
426,43,1322.24,492.29,35.65,68.86,0.9158,2,1,-1
426,58,1802.98,521.90,41.49,81.66,0.9337,2,2,-1
426,66,1705.14,481.56,22.25,51.67,0.8378,2,1,-1
426,68,1854.91,467.70,32.11,71.45,0.8839,2,2,-1
427,3,1752.89,468.60,24.81,68.83,0.9081,2,2,-1
427,5,1721.17,454.93,28.05,74.29,0.8657,2,1,-1
427,8,1386.55,443.07,30.61,68.52,0.9121,1,4,-1
427,9,1614.77,521.45,44.40,88.21,0.8812,3,0,-1
427,23,1602.12,459.08,30.81,76.67,0.7914,2,1,-1
427,28,1523.91,447.70,35.01,61.06,0.9150,2,2,-1
427,31,1571.86,444.69,21.15,67.75,0.8876,2,1,-1
427,33,1628.11,458.31,34.38,63.65,0.8770,2,1,-1
427,43,1324.56,491.49,34.02,69.83,0.9064,2,1,-1
427,58,1806.52,521.38,38.63,81.97,0.9277,2,2,-1
427,68,1863.27,491.10,30.87,74.17,0.8980,2,2,-1
428,3,1753.66,469.19,24.99,68.56,0.9053,2,2,-1
428,5,1721.45,455.03,27.98,76.58,0.8811,2,1,-1
428,8,1386.82,443.19,30.80,68.10,0.9153,1,4,-1
428,9,1614.66,520.83,46.19,88.55,0.9262,3,0,-1
428,23,1599.90,457.84,33.62,80.09,0.7820,2,1,-1
428,28,1522.04,446.80,32.85,62.45,0.9089,2,2,-1
428,31,1571.34,445.01,19.85,66.92,0.8720,2,1,-1
428,33,1630.65,457.81,33.36,64.91,0.8692,2,1,-1
428,43,1328.23,493.65,31.67,68.14,0.9005,2,1,-1
428,58,1811.79,521.30,35.00,82.30,0.9210,2,2,-1
428,68,1863.88,491.99,29.10,73.81,0.8906,2,2,-1
429,3,1754.59,469.49,25.02,68.46,0.8996,2,2,-1
429,5,1721.98,455.36,27.35,76.68,0.8767,2,1,-1
429,8,1387.11,442.84,31.28,68.00,0.9234,1,4,-1
429,9,1615.09,521.24,45.82,88.61,0.9143,3,0,-1
429,23,1600.25,455.65,34.52,80.50,0.6598,2,1,-1
429,28,1523.50,447.13,28.16,62.38,0.9117,2,2,-1
429,31,1568.88,445.72,20.47,65.72,0.8696,2,1,-1
429,33,1633.71,457.23,31.27,66.27,0.8711,2,1,-1
429,43,1333.40,490.72,29.59,70.83,0.8717,2,1,-1
429,58,1817.73,521.35,31.22,81.90,0.9224,2,2,-1
429,68,1864.00,491.82,28.53,73.55,0.8772,2,2,-1
430,3,1755.64,469.87,24.99,68.35,0.9012,2,2,-1
430,5,1722.43,455.24,27.00,77.10,0.8698,2,1,-1
430,8,1387.02,443.17,31.33,67.75,0.9166,1,4,-1
430,9,1615.83,520.76,45.05,89.05,0.9253,3,0,-1
430,28,1522.99,446.88,24.16,64.04,0.8964,2,2,-1
430,29,1639.76,456.45,23.54,65.44,0.8471,2,1,-1
430,31,1567.15,445.71,21.16,65.66,0.8863,2,1,-1
430,39,1314.34,447.54,26.68,67.76,0.7869,1,4,-1
430,43,1337.79,490.45,26.77,70.92,0.8571,2,1,-1
430,58,1824.25,521.34,28.40,81.49,0.9088,2,2,-1
430,62,1614.03,473.73,29.79,63.68,0.8227,2,1,-1
430,68,1863.27,490.20,28.77,74.72,0.8869,2,2,-1
431,3,1755.93,469.38,25.41,69.00,0.9048,2,2,-1
431,5,1723.09,455.69,26.56,76.79,0.8693,2,1,-1
431,8,1387.27,443.79,31.01,67.12,0.9138,1,4,-1
431,9,1616.38,519.96,44.68,89.87,0.9267,3,0,-1
431,23,1600.10,454.53,29.05,68.45,0.8186,2,1,-1
431,28,1522.18,445.02,21.43,63.40,0.8956,2,2,-1
431,29,1642.30,455.33,23.00,67.16,0.8218,2,1,-1
431,31,1561.30,446.06,26.14,65.66,0.8981,2,1,-1
431,39,1314.56,448.69,25.51,66.95,0.8237,1,4,-1
431,43,1343.00,490.48,22.51,70.58,0.8925,2,1,-1
431,58,1831.32,521.25,25.58,82.74,0.9098,2,2,-1
431,68,1862.55,489.13,28.22,75.87,0.8880,2,2,-1
432,3,1756.72,468.83,25.64,70.13,0.9036,2,2,-1
432,5,1724.08,455.52,26.02,76.39,0.8698,2,1,-1
432,8,1387.23,443.97,31.20,66.99,0.9181,1,4,-1
432,9,1616.65,519.37,44.38,90.34,0.9299,3,0,-1
432,23,1602.07,455.36,28.17,68.60,0.8395,2,1,-1
432,28,1520.49,445.75,20.51,62.21,0.8919,2,2,-1
432,29,1645.97,455.41,21.27,66.39,0.8672,2,1,-1
432,31,1558.39,446.19,28.95,65.55,0.9036,2,1,-1
432,39,1316.46,447.99,24.24,67.78,0.8563,1,4,-1
432,43,1346.09,490.30,21.78,70.64,0.9015,2,1,-1
432,58,1834.49,521.40,25.08,82.39,0.9109,2,2,-1
432,68,1866.19,469.43,24.98,36.72,0.8735,2,2,-1
433,3,1757.91,468.97,25.37,70.22,0.8979,2,2,-1
433,5,1724.31,455.54,25.77,76.44,0.8587,2,1,-1
433,8,1387.07,443.45,31.23,67.37,0.9224,1,4,-1
433,9,1617.04,520.02,43.93,89.75,0.9196,3,0,-1
433,23,1602.94,455.43,29.48,73.39,0.7403,2,1,-1
433,28,1517.95,445.92,20.71,62.01,0.9045,2,2,-1
433,29,1648.47,455.25,23.16,65.90,0.8623,2,1,-1
433,31,1556.18,446.36,30.81,65.45,0.9142,2,1,-1
433,39,1317.19,448.17,23.12,67.81,0.8371,1,4,-1
433,43,1347.67,490.20,21.94,70.80,0.8971,2,1,-1
433,58,1836.45,521.38,28.49,82.49,0.9046,2,2,-1
433,62,1625.32,475.40,26.35,56.82,0.6353,2,1,-1
433,68,1864.25,469.42,29.49,35.87,0.8596,2,2,-1
434,3,1759.87,469.16,24.70,70.18,0.9070,2,2,-1
434,5,1725.40,455.64,25.36,76.89,0.8755,2,1,-1
434,8,1386.88,442.94,31.45,68.01,0.9184,1,4,-1
434,9,1617.30,521.03,43.31,89.12,0.9221,3,0,-1
434,23,1604.81,455.60,29.38,79.71,0.8484,2,1,-1
434,28,1513.05,445.88,24.79,62.99,0.9108,2,2,-1
434,29,1649.66,455.38,22.00,65.46,0.8366,2,1,-1
434,31,1555.04,446.33,31.46,65.99,0.9159,2,1,-1
434,33,1627.71,469.80,28.30,65.77,0.7972,2,1,-1
434,39,1317.54,450.14,22.52,65.62,0.7832,1,4,-1
434,43,1348.75,490.14,24.55,71.42,0.9060,2,1,-1
434,58,1836.26,522.79,30.60,82.51,0.9206,2,2,-1
434,68,1854.57,493.19,41.05,71.89,0.8749,2,2,-1
435,3,1761.78,469.22,24.00,70.40,0.9003,2,2,-1
435,8,1387.57,442.42,31.01,68.42,0.9098,1,4,-1
435,9,1617.55,521.45,42.81,88.63,0.9045,3,0,-1
435,21,1315.77,452.74,23.25,63.06,0.7859,2,2,-1
435,23,1607.41,455.77,26.46,72.71,0.8424,2,1,-1
435,28,1507.64,445.50,29.84,62.88,0.9140,2,2,-1
435,29,1652.02,454.76,23.03,66.87,0.8118,2,1,-1
435,31,1555.14,445.60,30.64,65.49,0.9132,2,1,-1
435,43,1349.40,490.42,30.19,71.87,0.9248,2,1,-1
435,54,1869.63,469.69,26.74,55.80,0.8407,2,1,-1
435,58,1837.02,523.30,34.87,83.22,0.9306,2,2,-1
435,66,1710.68,483.18,22.76,50.10,0.8802,2,1,-1
436,3,1764.65,469.00,23.68,70.73,0.8945,2,2,-1
436,8,1388.73,443.34,30.02,67.26,0.9031,1,4,-1
436,9,1618.00,521.17,42.45,88.88,0.8972,3,0,-1
436,21,1315.92,453.50,23.54,62.62,0.7990,2,2,-1
436,23,1608.85,456.09,25.87,72.51,0.8723,2,1,-1
436,28,1504.76,446.02,33.13,62.54,0.9203,2,2,-1
436,29,1653.84,455.82,21.51,64.05,0.8076,2,1,-1
436,31,1555.09,446.00,28.99,64.33,0.8945,2,1,-1
436,33,1635.06,475.42,25.53,61.65,0.6920,2,1,-1
436,43,1349.60,491.31,34.59,71.40,0.9299,2,1,-1
436,54,1867.81,469.43,30.31,69.65,0.8472,2,1,-1
436,58,1837.73,524.02,40.44,82.92,0.9334,2,2,-1
436,66,1711.13,482.18,23.20,51.13,0.8733,2,1,-1
437,3,1768.00,469.21,22.10,70.55,0.9057,2,2,-1
437,8,1388.21,442.56,31.01,68.01,0.8979,1,4,-1
437,9,1618.50,521.64,42.19,88.72,0.9158,3,0,-1
437,21,1315.49,462.69,20.59,53.31,0.8169,2,2,-1
437,23,1610.16,456.07,24.65,71.93,0.8862,2,1,-1
437,28,1503.98,445.23,33.64,62.80,0.9184,2,2,-1
437,29,1657.65,455.52,22.48,66.97,0.8152,2,1,-1
437,31,1553.46,445.01,26.39,62.78,0.8591,2,1,-1
437,43,1349.64,491.70,36.57,70.83,0.9300,2,1,-1
437,54,1870.24,469.63,27.44,69.27,0.8750,2,1,-1
437,58,1838.34,525.79,42.70,81.45,0.9306,2,2,-1
437,66,1711.80,480.50,23.38,52.77,0.8729,2,1,-1
438,3,1770.16,469.24,21.64,70.42,0.9110,2,2,-1
438,8,1387.12,443.05,31.36,67.26,0.9002,1,4,-1
438,9,1618.39,521.15,42.78,89.46,0.9108,3,0,-1
438,21,1314.25,457.25,23.42,59.14,0.8402,2,2,-1
438,23,1611.85,456.66,24.02,71.49,0.8967,2,1,-1
438,28,1504.17,445.73,33.01,61.71,0.9200,2,2,-1
438,29,1659.89,455.29,22.76,64.92,0.8382,2,1,-1
438,31,1553.18,444.75,24.24,64.37,0.8631,2,1,-1
438,43,1350.41,492.47,37.69,70.37,0.9261,2,1,-1
438,54,1871.94,469.78,25.85,74.11,0.8850,2,1,-1
438,58,1839.84,529.04,43.37,78.45,0.9271,2,2,-1
438,62,1641.80,475.18,23.73,53.60,0.6269,2,1,-1
438,66,1712.33,481.05,23.25,52.28,0.8688,2,1,-1
439,3,1771.72,469.17,21.87,70.20,0.9058,2,2,-1
439,8,1386.99,443.47,31.54,67.25,0.8948,1,4,-1
439,9,1619.70,522.03,41.85,87.95,0.9057,3,0,-1
439,21,1312.83,460.05,23.96,56.64,0.8485,2,2,-1
439,23,1612.81,456.84,23.73,70.93,0.8983,2,1,-1
439,28,1504.24,445.42,31.04,61.31,0.9225,2,2,-1
439,29,1660.26,455.97,23.45,64.55,0.8423,2,1,-1
439,31,1551.38,444.48,22.11,63.78,0.8713,2,1,-1
439,43,1352.08,492.07,39.28,71.45,0.9276,2,1,-1
439,54,1872.70,469.83,24.71,77.34,0.8843,2,1,-1
439,58,1841.90,529.80,44.70,76.66,0.9198,2,2,-1
439,62,1642.79,477.52,22.56,54.45,0.7655,2,1,-1
439,66,1713.41,482.01,22.64,51.41,0.8532,2,1,-1
439,0,203.76,597.38,14.18,14.97,1.0,0,-1,-1
440,3,1772.86,469.76,22.32,69.70,0.9017,2,2,-1
440,5,1729.48,455.69,26.49,78.19,0.8719,2,1,-1
440,7,1662.29,455.01,22.87,63.87,0.8270,2,2,-1
440,8,1387.10,442.25,31.48,68.39,0.8858,1,4,-1
440,9,1620.64,522.79,41.55,87.23,0.9125,3,0,-1
440,21,1310.98,460.06,25.75,56.98,0.8358,2,2,-1
440,23,1613.66,457.89,23.07,69.83,0.8974,2,1,-1
440,28,1504.14,446.27,27.53,60.23,0.9150,2,2,-1
440,31,1549.58,445.76,20.97,64.72,0.8679,2,1,-1
440,43,1354.11,492.41,37.44,70.86,0.9264,2,1,-1
440,54,1873.43,470.33,24.55,76.47,0.8877,2,1,-1
440,58,1843.30,528.41,45.80,78.12,0.9072,2,2,-1
440,0,203.81,597.47,14.86,15.20,1.0,0,-1,-1
441,2,1308.28,462.07,29.90,55.31,0.8045,2,1,-1
441,3,1774.33,469.54,23.72,70.48,0.8968,2,2,-1
441,5,1730.49,456.52,26.49,76.22,0.8753,2,1,-1
441,8,1385.67,441.22,31.52,68.45,0.8799,1,4,-1
441,9,1621.74,522.95,42.54,86.79,0.9038,3,0,-1
441,23,1614.55,458.92,22.58,69.11,0.8929,2,1,-1
441,28,1503.83,446.62,23.24,59.59,0.9114,2,2,-1
441,29,1663.55,454.81,23.42,63.92,0.7958,2,1,-1
441,31,1547.71,444.89,21.35,64.64,0.8871,2,1,-1
441,43,1357.58,492.68,34.89,70.14,0.9127,2,1,-1
441,54,1874.18,470.41,25.11,74.46,0.8901,2,1,-1
441,58,1846.14,531.96,44.71,74.76,0.9034,2,2,-1
441,0,204.08,597.41,15.08,14.53,1.0,0,-1,-1
442,2,1308.15,462.82,30.63,54.71,0.8039,2,1,-1
442,3,1775.04,469.74,28.58,70.90,0.9098,2,2,-1
442,5,1731.08,457.25,26.44,75.20,0.8838,2,1,-1
442,8,1386.23,441.13,29.95,68.02,0.8765,1,4,-1
442,9,1621.56,523.41,40.58,86.48,0.9350,3,0,-1
442,23,1615.21,457.40,23.19,71.24,0.8916,2,1,-1
442,28,1501.95,446.17,20.28,59.37,0.8842,2,2,-1
442,31,1544.31,443.24,24.03,66.78,0.8969,2,1,-1
442,33,1648.67,478.22,28.65,64.90,0.8572,2,1,-1
442,43,1362.42,493.63,30.62,68.30,0.8877,2,1,-1
442,54,1875.02,470.57,25.79,72.06,0.8948,2,1,-1
442,57,137.01,519.98,40.88,83.14,0.5218,1,2,-1
442,58,1849.18,530.42,42.58,76.29,0.9021,2,2,-1
442,66,1714.28,482.62,22.36,50.57,0.7378,2,1,-1
442,0,204.61,597.82,15.04,14.16,1.0,0,-1,-1
443,3,1775.24,470.28,31.42,70.32,0.9127,2,2,-1
443,5,1732.26,457.91,25.94,74.16,0.8695,2,1,-1
443,8,1385.39,441.62,29.12,67.28,0.8598,1,4,-1
443,9,1622.23,523.52,40.17,86.33,0.9294,3,0,-1
443,21,1310.13,460.98,28.13,57.49,0.7796,2,2,-1
443,23,1615.80,457.33,24.05,72.48,0.8899,2,1,-1
443,28,1498.80,443.54,20.64,62.53,0.8799,2,2,-1
443,31,1537.63,443.76,30.15,66.65,0.9191,2,1,-1
443,33,1651.28,479.72,30.04,63.47,0.8552,2,1,-1
443,43,1368.29,495.29,26.37,66.35,0.8600,2,1,-1
443,54,1875.35,470.71,27.09,73.06,0.8847,2,1,-1
443,57,137.17,519.23,39.78,84.05,0.6434,1,2,-1
443,68,1848.90,489.45,31.57,73.99,0.8963,2,2,-1
443,0,204.65,597.40,15.52,14.83,1.0,0,-1,-1
444,3,1775.35,470.48,32.47,70.22,0.9103,2,2,-1
444,5,1732.97,459.07,25.94,73.29,0.8710,2,1,-1
444,8,1386.52,441.31,27.60,66.94,0.8418,1,4,-1
444,9,1622.63,523.14,40.04,86.67,0.9315,3,0,-1
444,21,1310.25,464.15,28.63,54.49,0.8283,2,2,-1
444,23,1616.34,457.77,24.41,72.83,0.8937,2,1,-1
444,28,1496.42,443.22,20.91,61.76,0.8889,2,2,-1
444,31,1534.10,443.96,33.75,65.83,0.9163,2,1,-1
444,33,1652.55,479.96,32.67,65.06,0.8461,2,1,-1
444,43,1373.57,498.10,22.53,62.97,0.8698,2,1,-1
444,54,1876.94,470.54,26.95,71.65,0.8951,2,1,-1
444,57,137.24,518.39,39.99,85.80,0.5591,1,2,-1
444,58,1861.81,530.76,35.57,76.01,0.7968,2,2,-1
444,68,1847.15,489.32,31.47,75.70,0.9005,2,2,-1
444,0,205.26,597.58,15.59,14.70,1.0,0,-1,-1
445,3,1775.75,470.38,32.14,70.36,0.9098,2,2,-1
445,5,1733.72,459.96,25.83,72.32,0.8733,2,1,-1
445,9,1623.08,522.74,40.10,86.95,0.9294,3,0,-1
445,21,1309.76,463.84,29.10,54.20,0.8525,2,2,-1
445,23,1617.49,458.35,24.47,71.51,0.8985,2,1,-1
445,28,1493.50,445.38,22.60,61.38,0.8883,2,2,-1
445,31,1530.48,444.01,37.38,65.57,0.9180,2,1,-1
445,33,1653.05,476.24,35.28,70.62,0.8917,2,1,-1
445,43,1377.53,494.78,23.09,67.45,0.8593,2,1,-1
445,53,1390.52,457.96,20.86,47.65,0.7963,1,4,-1
445,54,1877.83,470.57,27.00,72.86,0.9041,2,1,-1
445,57,138.47,518.24,37.92,85.99,0.7403,1,2,-1
445,58,1868.28,529.47,30.10,77.67,0.8683,2,2,-1
445,68,1845.21,489.48,33.15,78.28,0.9136,2,2,-1
445,0,205.31,597.04,16.27,15.22,1.0,0,-1,-1
446,3,1776.14,470.75,32.29,70.38,0.9131,2,2,-1
446,5,1735.26,458.76,25.50,73.13,0.8864,2,1,-1
446,9,1623.17,522.82,40.13,86.69,0.9281,3,0,-1
446,21,1309.24,462.87,29.91,55.53,0.8415,2,2,-1
446,23,1618.35,458.88,24.05,71.42,0.8981,2,1,-1
446,28,1488.21,444.38,26.76,61.67,0.9130,2,2,-1
446,31,1529.67,446.41,38.15,63.55,0.9137,2,1,-1
446,33,1655.79,471.73,36.12,76.42,0.8629,2,1,-1
446,43,1379.66,497.20,22.08,65.27,0.8762,2,1,-1
446,53,1390.09,457.93,21.35,49.08,0.7468,1,4,-1
446,54,1879.56,470.80,26.53,72.79,0.8960,2,1,-1
446,57,139.08,518.19,36.58,85.41,0.7470,1,2,-1
446,58,1872.63,528.01,28.52,79.50,0.8647,2,2,-1
446,68,1843.47,489.73,33.50,78.17,0.9151,2,2,-1
446,0,205.90,596.77,15.57,15.58,1.0,0,-1,-1
447,3,1776.94,470.84,32.11,70.71,0.9172,2,2,-1
447,5,1736.16,458.47,25.46,73.49,0.8900,2,1,-1
447,9,1623.58,523.22,40.17,86.36,0.9197,3,0,-1
447,10,1659.84,481.17,32.05,66.87,0.8266,2,1,-1
447,23,1619.31,458.98,24.65,71.01,0.9040,2,1,-1
447,28,1485.04,444.34,30.13,62.42,0.9194,2,2,-1
447,31,1528.64,445.68,38.81,63.89,0.9094,2,1,-1
447,39,1310.54,463.10,27.14,54.97,0.8741,1,4,-1
447,43,1380.91,497.11,23.40,66.24,0.8942,2,1,-1
447,53,1389.19,458.93,22.07,52.71,0.6355,1,4,-1
447,54,1880.30,470.88,27.09,71.87,0.8942,2,1,-1
447,58,1875.10,527.00,28.69,81.14,0.8371,2,2,-1
447,68,1841.75,490.22,34.62,77.74,0.9209,2,2,-1
448,3,1777.91,470.84,32.23,71.00,0.9151,2,2,-1
448,5,1737.06,458.94,25.70,73.08,0.8793,2,1,-1
448,9,1623.93,523.33,40.27,86.88,0.9389,3,0,-1
448,10,1663.19,477.08,30.52,71.09,0.8432,2,1,-1
448,21,1309.57,454.35,29.22,63.59,0.8881,2,2,-1
448,23,1620.29,459.85,25.05,70.47,0.9014,2,1,-1
448,28,1482.03,444.96,33.04,61.47,0.9193,2,2,-1
448,31,1528.23,445.01,37.66,62.69,0.9107,2,1,-1
448,43,1381.97,499.14,27.52,64.94,0.9134,2,1,-1
448,53,1389.42,459.72,21.56,52.50,0.6217,1,4,-1
448,54,1881.19,471.16,28.65,72.57,0.9024,2,1,-1
448,58,1875.51,529.06,29.56,79.81,0.9053,2,2,-1
448,68,1840.26,490.67,35.11,77.24,0.9231,2,2,-1
449,3,1778.85,471.14,32.21,70.72,0.9176,2,2,-1
449,5,1738.42,458.53,25.89,73.68,0.8797,2,1,-1
449,9,1624.12,523.27,40.47,87.00,0.9357,3,0,-1
449,10,1667.00,478.94,28.55,68.96,0.8590,2,1,-1
449,17,1340.99,433.53,18.50,59.33,0.7536,1,4,-1
449,21,1310.05,453.33,28.18,64.42,0.8930,2,2,-1
449,23,1620.81,460.06,25.82,68.94,0.9084,2,1,-1
449,28,1480.47,445.08,34.39,61.53,0.9221,2,2,-1
449,31,1527.18,443.26,35.27,63.85,0.9140,2,1,-1
449,43,1382.19,501.27,31.97,62.39,0.9129,2,1,-1
449,53,1387.55,444.61,22.81,54.42,0.5554,1,4,-1
449,58,1876.34,524.87,34.55,83.30,0.9088,2,2,-1
449,68,1838.96,490.95,34.93,76.86,0.9188,2,2,-1
450,3,1780.48,471.06,31.19,71.08,0.9160,2,2,-1
450,5,1737.84,458.77,27.04,73.89,0.8570,2,1,-1
450,9,1624.21,523.41,40.60,86.61,0.9179,3,0,-1
450,10,1670.19,476.46,26.84,71.31,0.8551,2,1,-1
450,17,1342.01,433.73,18.39,59.15,0.7624,1,4,-1
450,21,1310.14,448.90,28.66,68.58,0.8843,2,2,-1
450,23,1622.00,459.95,26.03,69.52,0.9101,2,1,-1
450,28,1479.86,445.17,34.08,61.53,0.9151,2,2,-1
450,31,1527.12,441.30,33.04,66.02,0.9053,2,1,-1
450,43,1383.10,498.57,34.65,65.84,0.9133,2,1,-1
450,54,1883.05,471.06,27.57,67.48,0.8655,2,1,-1
450,58,1876.96,525.12,39.20,83.71,0.9166,2,2,-1
450,68,1837.98,491.37,34.48,76.44,0.9235,2,2,-1
451,3,1783.35,471.26,30.17,70.49,0.9042,2,2,-1
451,5,1740.05,460.34,26.45,72.14,0.8339,2,1,-1
451,9,1624.70,523.50,40.78,86.52,0.9305,3,0,-1
451,10,1673.21,477.46,24.88,69.87,0.8006,2,1,-1
451,17,1343.51,434.24,18.89,59.42,0.6751,1,4,-1
451,21,1375.95,442.36,25.73,61.34,0.6147,2,2,-1
451,23,1623.17,459.57,26.05,70.63,0.9135,2,1,-1
451,28,1479.45,444.44,33.24,62.81,0.9206,2,2,-1
451,31,1526.89,440.22,28.34,66.70,0.8914,2,1,-1
451,39,1309.81,450.13,28.50,66.78,0.8891,1,4,-1
451,43,1384.11,495.88,35.32,69.93,0.9149,2,1,-1
451,54,1883.25,471.17,28.86,70.89,0.8718,2,1,-1
451,58,1877.63,526.10,40.82,82.69,0.9052,2,2,-1
451,68,1836.51,491.60,34.55,76.47,0.9198,2,2,-1
452,3,1788.18,471.46,27.96,70.05,0.8894,2,2,-1
452,5,1742.75,459.65,25.83,73.14,0.8337,2,1,-1
452,9,1624.89,523.91,41.08,85.85,0.9303,3,0,-1
452,10,1675.60,477.02,24.75,70.63,0.8403,2,1,-1
452,17,1345.44,434.07,20.64,59.73,0.7290,1,4,-1
452,21,1385.49,441.09,25.78,61.83,0.5665,2,2,-1
452,23,1624.49,459.85,26.10,68.87,0.9118,2,1,-1
452,28,1479.94,443.43,30.12,62.71,0.9197,2,2,-1
452,31,1526.38,441.35,23.38,64.41,0.8776,2,1,-1
452,39,1310.54,451.82,26.84,65.60,0.8868,1,4,-1
452,43,1385.90,495.78,34.97,69.72,0.9042,2,1,-1
452,54,1883.35,471.37,28.70,72.71,0.8479,2,1,-1
452,58,1877.41,526.73,41.81,81.95,0.9230,2,2,-1
452,66,1728.32,479.17,20.49,53.76,0.7199,2,1,-1
452,68,1834.97,491.04,34.17,76.74,0.9263,2,2,-1
453,3,1791.54,471.15,27.27,70.55,0.8975,2,2,-1
453,7,1745.40,460.49,23.97,70.92,0.8279,2,2,-1
453,8,1386.37,441.30,25.06,61.74,0.7764,1,4,-1
453,9,1625.36,524.16,41.00,85.44,0.9249,3,0,-1
453,17,1345.41,434.12,25.23,59.36,0.8792,1,4,-1
453,23,1624.74,459.06,27.51,70.02,0.8987,2,1,-1
453,28,1479.85,443.73,26.05,62.38,0.9110,2,2,-1
453,31,1525.54,442.35,20.58,63.69,0.8581,2,1,-1
453,33,1675.30,471.59,31.32,76.67,0.8907,2,1,-1
453,39,1311.19,453.06,25.88,64.82,0.8809,1,4,-1
453,43,1388.95,494.84,34.13,70.79,0.9055,2,1,-1
453,58,1878.01,525.55,42.10,83.48,0.9220,2,2,-1
453,66,1730.31,479.68,20.17,54.11,0.8467,2,1,-1
453,68,1834.20,490.87,33.12,76.75,0.9279,2,2,-1
454,3,1795.40,470.89,26.57,69.34,0.9110,2,2,-1
454,8,1385.67,439.74,25.61,64.83,0.7966,1,4,-1
454,9,1625.57,524.16,41.16,85.70,0.9171,3,0,-1
454,17,1345.84,435.25,27.50,58.98,0.8762,1,4,-1
454,23,1625.22,459.72,28.91,69.96,0.8960,2,1,-1
454,28,1479.44,444.27,21.71,60.81,0.8962,2,2,-1
454,31,1524.74,441.29,20.01,63.85,0.8510,2,1,-1
454,33,1677.16,473.06,34.62,75.70,0.9025,2,1,-1
454,39,1311.60,452.59,24.80,64.95,0.8830,1,4,-1
454,43,1393.08,494.13,31.59,71.20,0.8841,2,1,-1
454,58,1879.36,525.73,41.02,84.75,0.9224,2,2,-1
454,66,1731.63,480.29,21.01,54.22,0.8630,2,1,-1
454,68,1833.88,491.06,31.57,76.60,0.9241,2,2,-1
455,3,1799.18,471.28,25.98,70.78,0.9071,2,2,-1
455,9,1625.79,524.29,41.33,85.68,0.9285,3,0,-1
455,17,1346.27,433.29,28.41,60.93,0.5916,1,4,-1
455,23,1625.12,458.89,30.84,71.52,0.8810,2,1,-1
455,28,1478.02,443.06,19.24,61.47,0.8768,2,2,-1
455,31,1520.84,441.86,21.85,64.25,0.8702,2,1,-1
455,33,1677.51,475.88,38.00,74.24,0.9104,2,1,-1
455,39,1311.72,454.06,24.18,64.23,0.8434,1,4,-1
455,43,1397.52,494.42,29.46,70.68,0.8626,2,1,-1
455,53,1385.67,450.16,22.63,54.46,0.8237,1,4,-1
455,58,1882.04,526.08,38.40,83.75,0.9239,2,2,-1
455,66,1732.33,479.76,21.71,54.72,0.8620,2,1,-1
455,68,1833.83,490.80,29.89,77.30,0.9158,2,2,-1
456,3,1801.27,471.19,27.50,71.13,0.9123,2,2,-1
456,9,1626.73,524.01,40.82,85.67,0.9140,3,0,-1
456,17,1347.28,433.13,28.93,60.96,0.8726,1,4,-1
456,21,1383.52,441.18,26.87,65.10,0.7416,2,2,-1
456,23,1625.70,460.13,32.17,72.40,0.8888,2,1,-1
456,28,1476.65,441.48,18.54,63.91,0.8790,2,2,-1
456,31,1514.44,441.85,28.11,64.25,0.9094,2,1,-1
456,33,1679.19,485.49,38.66,65.06,0.9069,2,1,-1
456,39,1313.46,454.99,22.60,63.89,0.8837,1,4,-1
456,43,1402.44,494.32,26.83,71.29,0.8969,2,1,-1
456,58,1885.95,526.39,34.91,84.17,0.9185,2,2,-1
456,66,1733.29,479.67,22.23,55.93,0.8604,2,1,-1
456,68,1834.39,490.79,28.44,76.71,0.9133,2,2,-1
457,3,1801.82,470.97,28.79,71.39,0.9175,2,2,-1
457,9,1627.23,523.75,40.86,86.12,0.8991,3,0,-1
457,10,1680.17,477.21,39.60,74.27,0.9117,2,1,-1
457,17,1348.58,432.64,28.74,61.76,0.8785,1,4,-1
457,21,1381.27,440.19,27.96,66.07,0.8715,2,2,-1
457,23,1627.24,461.07,33.10,70.78,0.8906,2,1,-1
457,28,1474.04,441.69,19.47,63.50,0.8881,2,2,-1
457,31,1511.38,443.76,31.67,62.76,0.9162,2,1,-1
457,39,1313.37,456.55,22.56,61.60,0.8743,1,4,-1
457,43,1406.66,493.66,25.24,72.19,0.8991,2,1,-1
457,54,1887.34,471.54,31.91,75.39,0.8971,2,1,-1
457,66,1749.72,460.53,25.81,72.95,0.8613,2,1,-1
457,68,1834.72,490.44,27.72,78.14,0.9097,2,2,-1
458,3,1802.03,471.29,28.92,70.27,0.9096,2,2,-1
458,5,1737.53,479.09,21.22,56.90,0.8417,2,1,-1
458,9,1627.38,523.99,41.42,86.12,0.9235,3,0,-1
458,10,1681.71,475.80,40.10,75.52,0.8978,2,1,-1
458,17,1350.96,433.25,27.34,60.35,0.8540,1,4,-1
458,21,1379.73,445.79,28.13,60.74,0.8546,2,2,-1
458,23,1627.46,461.86,34.27,69.58,0.9009,2,1,-1
458,28,1470.45,441.41,22.30,65.18,0.9055,2,2,-1
458,31,1508.90,443.57,34.62,62.82,0.9191,2,1,-1
458,39,1314.35,458.28,22.38,59.79,0.8623,1,4,-1
458,43,1409.03,493.96,24.88,71.95,0.9047,2,1,-1
458,54,1887.53,471.09,32.24,76.29,0.9112,2,1,-1
458,68,1834.72,490.70,26.41,77.93,0.9132,2,2,-1
459,3,1803.05,471.50,30.95,69.88,0.9093,2,2,-1
459,7,1750.78,460.42,25.91,74.05,0.8288,2,2,-1
459,9,1628.26,524.68,41.20,85.70,0.9024,3,0,-1
459,10,1684.28,477.41,38.54,74.32,0.8989,2,1,-1
459,17,1352.60,433.44,25.54,59.17,0.8478,1,4,-1
459,21,1377.01,440.81,31.27,65.58,0.8600,2,2,-1
459,23,1628.60,462.22,34.36,67.80,0.9053,2,1,-1
459,28,1466.20,442.35,26.41,64.28,0.9084,2,2,-1
459,31,1506.67,443.82,35.85,62.45,0.9128,2,1,-1
459,39,1315.28,460.87,22.27,57.96,0.8688,1,4,-1
459,43,1410.75,493.11,25.79,72.31,0.8939,2,1,-1
459,54,1888.62,471.12,31.55,76.75,0.9155,2,1,-1
459,58,1895.90,530.52,28.75,77.39,0.6909,2,2,-1
459,68,1834.41,490.89,26.07,77.93,0.9081,2,2,-1
460,3,1803.20,471.73,32.19,70.43,0.9189,2,2,-1
460,7,1743.69,481.20,25.17,54.72,0.8405,2,2,-1
460,8,1378.54,442.97,27.74,62.98,0.6438,1,4,-1
460,9,1628.65,524.28,41.28,86.28,0.9255,3,0,-1
460,10,1687.34,476.06,37.02,75.72,0.9083,2,1,-1
460,17,1354.10,433.72,24.83,58.68,0.8111,1,4,-1
460,23,1629.23,462.42,34.94,68.16,0.9032,2,1,-1
460,28,1462.23,443.02,30.29,62.86,0.9075,2,2,-1
460,31,1506.48,442.78,36.15,63.26,0.9076,2,1,-1
460,39,1314.17,459.95,23.88,59.02,0.8737,1,4,-1
460,43,1412.07,494.38,29.00,71.38,0.9192,2,1,-1
460,54,1889.23,471.30,30.92,76.57,0.9124,2,1,-1
460,58,1901.13,530.91,24.07,73.93,0.6693,2,2,-1
460,68,1833.19,491.29,25.84,77.51,0.9081,2,2,-1
461,3,1804.05,472.22,33.11,70.40,0.8752,2,2,-1
461,9,1629.13,523.86,40.96,86.45,0.9216,3,0,-1
461,10,1691.80,475.27,33.70,76.46,0.8801,2,1,-1
461,17,1356.87,435.50,23.50,56.71,0.5818,1,4,-1
461,21,1376.90,440.12,31.01,65.24,0.7985,2,2,-1
461,23,1631.25,463.41,34.17,67.16,0.9001,2,1,-1
461,28,1460.74,443.15,31.81,62.73,0.9096,2,2,-1
461,29,1674.48,450.77,27.18,66.17,0.8930,2,1,-1
461,31,1505.94,441.26,34.62,63.80,0.9072,2,1,-1
461,39,1315.79,463.36,23.27,55.07,0.8756,1,4,-1
461,43,1413.01,493.90,33.56,72.75,0.9245,2,1,-1
461,54,1890.21,471.50,30.03,76.64,0.9109,2,1,-1
461,66,1743.91,460.81,33.83,74.98,0.8577,2,1,-1
461,68,1829.94,491.26,27.55,78.16,0.9054,2,2,-1
462,2,1315.84,463.54,25.32,54.78,0.7580,2,1,-1
462,8,1377.61,440.59,28.84,64.86,0.5474,1,4,-1
462,9,1629.47,523.75,41.14,86.38,0.9221,3,0,-1
462,10,1697.36,475.26,30.18,76.48,0.8824,2,1,-1
462,23,1632.27,463.61,34.26,67.43,0.8904,2,1,-1
462,28,1460.03,443.72,31.86,61.92,0.9104,2,2,-1
462,29,1676.94,450.95,25.05,65.30,0.8909,2,1,-1
462,31,1504.82,441.64,31.70,62.85,0.8974,2,1,-1
462,43,1414.04,495.05,37.91,71.38,0.9243,2,1,-1
462,54,1890.90,471.87,29.25,76.01,0.9086,2,1,-1
462,66,1742.97,459.77,36.30,76.25,0.9022,2,1,-1
462,68,1826.75,491.60,29.93,77.84,0.9107,2,2,-1
463,2,1316.45,466.40,24.53,52.67,0.8512,2,1,-1
463,8,1376.36,439.50,29.51,65.81,0.5062,1,4,-1
463,9,1629.74,523.69,41.62,86.76,0.8977,3,0,-1
463,10,1701.90,475.22,28.45,77.53,0.8798,2,1,-1
463,23,1633.18,463.10,34.42,68.73,0.8766,2,1,-1
463,28,1459.75,443.31,30.39,61.67,0.9029,2,2,-1
463,29,1678.12,450.47,24.40,65.70,0.8962,2,1,-1
463,31,1503.96,441.75,29.23,62.25,0.8410,2,1,-1
463,43,1414.04,494.97,40.22,72.36,0.9280,2,1,-1
463,54,1891.41,471.80,28.72,75.73,0.9063,2,1,-1
463,66,1743.47,460.40,36.79,76.15,0.8422,2,1,-1
463,68,1824.37,491.97,31.67,77.31,0.9066,2,2,-1
464,2,1316.77,466.96,24.26,51.58,0.8035,2,1,-1
464,9,1630.30,524.33,41.55,85.96,0.9150,3,0,-1
464,10,1704.09,475.53,29.57,77.12,0.8842,2,1,-1
464,21,1375.04,440.03,30.95,65.08,0.8550,2,2,-1
464,23,1635.17,462.91,32.63,70.09,0.8937,2,1,-1
464,28,1459.05,443.42,28.17,61.41,0.9021,2,2,-1
464,29,1678.75,450.45,23.98,65.21,0.8981,2,1,-1
464,31,1502.68,440.28,25.57,63.40,0.8697,2,1,-1
464,43,1415.08,495.34,40.61,72.23,0.9313,2,1,-1
464,54,1891.84,471.56,28.30,75.89,0.9025,2,1,-1
464,66,1744.45,473.93,33.36,62.78,0.8733,2,1,-1
464,68,1823.17,493.44,32.81,76.46,0.9171,2,2,-1
465,2,1316.95,468.26,24.33,50.59,0.8267,2,1,-1
465,9,1630.92,524.10,41.54,86.26,0.8876,3,0,-1
465,10,1704.89,475.43,32.44,78.49,0.8975,2,1,-1
465,23,1638.90,462.89,30.45,71.13,0.9009,2,1,-1
465,28,1458.88,443.04,24.91,61.46,0.8882,2,2,-1
465,29,1679.83,450.60,23.79,64.66,0.8999,2,1,-1
465,31,1501.93,439.88,22.24,64.39,0.8536,2,1,-1
465,43,1416.75,495.35,40.30,72.07,0.9274,2,1,-1
465,53,1376.08,445.01,28.12,60.28,0.8185,1,4,-1
465,54,1893.17,472.09,27.15,75.44,0.8982,2,1,-1
465,62,1744.82,462.44,37.58,74.36,0.8792,2,1,-1
465,68,1822.61,493.89,33.57,76.14,0.9167,2,2,-1
466,2,1316.89,468.98,24.69,49.42,0.8357,2,1,-1
466,8,1375.08,438.51,28.60,67.31,0.8488,1,4,-1
466,9,1631.51,524.44,41.34,86.26,0.8668,3,0,-1
466,10,1705.94,476.25,34.64,77.82,0.9009,2,1,-1
466,23,1640.85,463.22,28.61,71.12,0.9017,2,1,-1
466,28,1457.48,442.37,22.57,63.12,0.8836,2,2,-1
466,29,1680.72,450.52,23.53,64.21,0.9033,2,1,-1
466,31,1501.12,440.82,20.86,63.34,0.8601,2,1,-1
466,43,1419.14,494.92,39.32,73.26,0.9281,2,1,-1
466,54,1894.48,472.76,25.81,74.52,0.9027,2,1,-1
466,62,1745.09,460.22,38.65,76.73,0.9062,2,1,-1
466,68,1821.67,491.49,34.63,78.81,0.9126,2,2,-1
467,2,1317.38,471.20,24.61,47.81,0.8024,2,1,-1
467,8,1373.94,435.50,29.60,70.32,0.7513,1,4,-1
467,9,1631.98,525.20,41.27,85.39,0.9101,3,0,-1
467,10,1706.15,476.58,36.28,75.42,0.8802,2,1,-1
467,23,1642.91,463.29,27.37,71.71,0.8989,2,1,-1
467,28,1456.23,442.53,20.73,62.83,0.8814,2,2,-1
467,29,1681.25,450.52,23.56,64.06,0.9013,2,1,-1
467,31,1498.21,441.08,22.10,63.50,0.8834,2,1,-1
467,43,1422.09,495.09,36.70,72.73,0.9195,2,1,-1
467,54,1895.40,472.81,24.88,74.54,0.9040,2,1,-1
467,66,1747.30,478.33,35.19,58.59,0.8555,2,1,-1
467,68,1820.90,491.04,35.11,79.62,0.9072,2,2,-1
468,9,1632.55,525.82,41.13,84.74,0.9108,3,0,-1
468,10,1707.84,477.87,39.46,75.91,0.8906,2,1,-1
468,21,1372.20,436.44,30.77,68.54,0.8285,2,2,-1
468,23,1644.83,463.49,25.84,71.97,0.9068,2,1,-1
468,28,1454.93,444.03,19.94,60.72,0.8962,2,2,-1
468,29,1681.99,449.52,23.75,64.98,0.9020,2,1,-1
468,31,1492.18,441.30,27.25,63.69,0.9060,2,1,-1
468,39,1318.17,470.69,24.01,48.50,0.8348,1,4,-1
468,43,1427.72,494.87,32.28,72.79,0.9112,2,1,-1
468,54,1896.14,473.53,24.04,73.63,0.8973,2,1,-1
468,57,125.13,515.88,34.43,81.80,0.5692,2,2,-1
468,62,1748.19,462.11,38.49,75.57,0.9049,2,1,-1
468,68,1821.29,492.94,33.71,77.69,0.9017,2,2,-1
469,2,1318.71,473.66,23.76,45.59,0.7913,2,1,-1
469,9,1633.21,525.40,40.87,85.01,0.9050,3,0,-1
469,10,1707.55,479.07,40.48,76.35,0.8902,2,1,-1
469,23,1646.74,463.71,24.41,71.58,0.9096,2,1,-1
469,28,1453.26,443.32,20.36,63.49,0.8840,2,2,-1
469,29,1682.39,449.54,24.32,65.02,0.9036,2,1,-1
469,31,1487.84,441.46,31.69,63.23,0.9058,2,1,-1
469,43,1432.60,495.54,29.51,72.19,0.8942,2,1,-1
469,53,1373.90,443.44,27.31,61.58,0.7815,1,4,-1
469,54,1896.65,473.60,23.49,73.11,0.8953,2,1,-1
469,57,124.97,515.62,34.05,81.34,0.5782,2,2,-1
469,62,1750.87,464.77,36.95,72.63,0.8755,2,1,-1
469,68,1822.56,499.32,30.55,71.57,0.8949,2,2,-1
470,2,1318.28,472.17,24.71,47.16,0.7960,2,1,-1
470,9,1633.24,523.71,41.23,87.02,0.8990,3,0,-1
470,10,1708.97,479.43,40.94,77.44,0.8848,2,1,-1
470,21,1372.76,435.92,28.27,68.60,0.8542,2,2,-1
470,23,1648.30,464.61,23.65,70.59,0.9044,2,1,-1
470,28,1450.37,442.50,21.69,62.55,0.8865,2,2,-1
470,29,1682.76,449.65,24.82,65.21,0.9013,2,1,-1
470,31,1485.94,442.83,33.98,61.92,0.8950,2,1,-1
470,43,1438.18,496.78,25.98,70.49,0.8945,2,1,-1
470,54,1897.93,473.75,22.43,72.76,0.8866,2,1,-1
470,62,1755.22,472.88,33.42,64.50,0.7840,2,1,-1
470,68,1822.30,498.89,28.27,71.88,0.9036,2,2,-1
471,9,1634.24,524.88,40.37,85.85,0.9176,3,0,-1
471,10,1709.25,479.52,42.62,77.03,0.8848,2,1,-1
471,21,1373.61,437.72,26.44,65.58,0.8281,2,2,-1
471,23,1649.05,464.98,23.91,71.32,0.9019,2,1,-1
471,28,1447.97,442.26,23.61,62.06,0.8736,2,2,-1
471,29,1683.20,449.30,25.41,64.86,0.8955,2,1,-1
471,31,1483.21,442.00,36.98,63.41,0.9146,2,1,-1
471,39,1318.11,472.77,22.65,46.75,0.7591,1,4,-1
471,43,1440.69,499.13,24.88,68.64,0.8835,2,1,-1
471,54,1899.58,476.16,20.73,69.98,0.8882,2,1,-1
471,62,1757.68,479.92,31.51,57.72,0.8102,2,1,-1
471,68,1822.42,499.36,26.24,71.14,0.8968,2,2,-1
471,0,1731.68,546.62,11.33,11.17,1.0,0,-1,-1
472,2,1317.91,470.15,27.08,49.21,0.8405,2,1,-1
472,9,1634.74,524.84,40.52,86.00,0.9327,3,0,-1
472,10,1710.45,479.55,42.80,77.95,0.9063,2,1,-1
472,17,1375.32,453.48,20.72,49.75,0.8078,1,4,-1
472,23,1650.41,465.00,25.09,71.58,0.9037,2,1,-1
472,28,1445.28,443.09,26.40,60.84,0.8680,2,2,-1
472,29,1683.26,449.34,25.99,64.42,0.8975,2,1,-1
472,31,1482.99,443.07,37.07,62.85,0.9158,2,1,-1
472,43,1441.82,496.04,26.94,72.38,0.8842,2,1,-1
472,54,1900.41,477.34,19.82,68.79,0.8835,2,1,-1
472,66,1760.55,474.17,32.05,63.37,0.8509,2,1,-1
472,68,1821.11,497.47,26.47,73.16,0.8703,2,2,-1
473,2,1317.12,470.78,25.67,48.83,0.7903,2,1,-1
473,5,1769.25,460.35,24.60,61.11,0.8379,2,1,-1
473,9,1634.94,524.83,40.89,85.60,0.9359,3,0,-1
473,10,1713.39,479.80,41.21,78.21,0.9032,2,1,-1
473,17,1375.39,450.42,21.56,52.45,0.8070,1,4,-1
473,23,1651.37,465.66,25.12,72.05,0.8960,2,1,-1
473,28,1443.42,443.32,28.85,60.91,0.8808,2,2,-1
473,29,1683.32,449.75,26.31,63.76,0.9003,2,1,-1
473,31,1484.04,442.99,35.36,62.91,0.9090,2,1,-1
473,43,1443.50,495.45,27.23,73.36,0.8837,2,1,-1
473,58,1901.93,477.79,18.26,66.81,0.8689,2,2,-1
473,68,1817.90,497.26,27.79,74.15,0.8887,2,2,-1
474,2,1320.44,470.06,26.78,48.78,0.8106,2,1,-1
474,7,1766.55,463.73,27.65,73.79,0.8672,2,2,-1
474,9,1635.61,523.66,41.74,87.02,0.9278,3,0,-1
474,10,1717.27,479.47,37.64,79.18,0.9109,2,1,-1
474,23,1652.81,466.80,24.83,70.46,0.9036,2,1,-1
474,28,1442.71,443.23,29.49,61.26,0.8799,2,2,-1
474,29,1683.54,449.49,26.98,64.08,0.9075,2,1,-1
474,31,1483.08,441.61,32.90,63.21,0.9142,2,1,-1
474,43,1445.49,496.72,27.45,71.84,0.9013,2,1,-1
474,53,1374.24,439.51,24.65,63.06,0.8579,1,4,-1
474,58,1902.55,478.07,17.59,66.17,0.8698,2,2,-1
474,68,1815.46,497.51,30.07,74.38,0.9051,2,2,-1
475,2,1320.35,469.60,27.99,49.50,0.8279,2,1,-1
475,9,1636.10,524.44,41.66,86.28,0.9268,3,0,-1
475,10,1721.10,479.21,33.38,79.20,0.9089,2,1,-1
475,23,1653.89,466.97,26.10,70.70,0.9021,2,1,-1
475,28,1442.82,444.60,27.03,61.25,0.8698,2,2,-1
475,29,1683.70,449.74,27.78,63.65,0.9027,2,1,-1
475,31,1483.13,440.72,29.73,64.45,0.9048,2,1,-1
475,43,1447.53,496.16,29.94,72.17,0.9133,2,1,-1
475,53,1374.56,443.89,23.31,59.81,0.8117,1,4,-1
475,54,1902.37,478.39,17.93,66.50,0.8636,2,1,-1
475,66,1766.67,464.77,29.78,72.47,0.8737,2,1,-1
475,68,1813.06,496.88,31.63,75.28,0.8977,2,2,-1
476,2,1319.71,469.51,28.74,49.56,0.8060,2,1,-1
476,9,1636.95,524.94,41.37,85.68,0.9318,3,0,-1
476,10,1724.70,479.16,30.00,78.93,0.9139,2,1,-1
476,23,1655.13,467.87,27.07,70.30,0.8987,2,1,-1
476,28,1442.83,442.84,24.55,62.86,0.8917,2,2,-1
476,29,1683.78,449.50,28.05,63.98,0.9144,2,1,-1
476,31,1482.10,441.05,25.43,63.95,0.8807,2,1,-1
476,43,1448.70,497.11,31.11,72.20,0.9176,2,1,-1
476,53,1374.95,444.17,22.64,57.26,0.8378,1,4,-1
476,58,1902.86,478.20,17.25,66.37,0.8656,2,2,-1
476,66,1767.82,464.06,30.11,74.54,0.8720,2,1,-1
476,68,1810.72,496.01,33.98,76.34,0.9042,2,2,-1
477,2,1319.83,469.89,28.88,49.01,0.7991,2,1,-1
477,9,1637.37,524.61,41.41,86.10,0.9323,3,0,-1
477,10,1727.24,479.63,28.40,78.87,0.9127,2,1,-1
477,17,1374.72,448.38,22.35,52.84,0.7976,1,4,-1
477,23,1656.63,468.67,28.15,69.69,0.9041,2,1,-1
477,28,1442.28,443.21,21.55,61.69,0.8688,2,2,-1
477,29,1683.90,449.19,28.50,64.72,0.9128,2,1,-1
477,31,1481.78,440.82,21.60,64.08,0.8676,2,1,-1
477,43,1449.98,497.63,31.18,72.05,0.9178,2,1,-1
477,58,1902.81,478.02,17.22,66.69,0.8719,2,2,-1
477,66,1768.90,468.17,30.26,71.01,0.8766,2,1,-1
477,68,1808.21,495.65,35.14,76.57,0.9121,2,2,-1
478,2,1320.01,470.21,29.05,49.02,0.7977,2,1,-1
478,3,1834.89,471.77,27.84,70.81,0.9044,2,2,-1
478,9,1638.24,525.31,41.02,85.65,0.9295,3,0,-1
478,10,1728.79,479.68,30.10,79.69,0.9153,2,1,-1
478,17,1374.27,448.49,22.45,52.85,0.7567,1,4,-1
478,23,1658.21,468.22,28.75,70.44,0.8969,2,1,-1
478,28,1440.88,442.12,19.95,62.48,0.8388,2,2,-1
478,29,1683.58,449.39,28.74,64.98,0.9063,2,1,-1
478,31,1478.97,440.39,20.08,64.11,0.8696,2,1,-1
478,43,1451.97,497.88,30.79,72.55,0.9146,2,1,-1
478,58,1902.92,478.17,17.16,67.23,0.8710,2,2,-1
478,66,1770.14,470.88,31.27,66.57,0.8661,2,1,-1
478,68,1805.43,495.86,36.46,77.01,0.9082,2,2,-1
479,2,1319.91,470.69,29.20,48.67,0.7772,2,1,-1
479,3,1836.34,471.65,27.99,71.59,0.9081,2,2,-1
479,9,1639.15,526.14,40.48,84.83,0.9285,3,0,-1
479,10,1730.16,480.63,32.51,79.20,0.9095,2,1,-1
479,17,1373.50,450.36,21.32,50.77,0.5994,1,4,-1
479,23,1659.17,468.24,28.18,70.51,0.8907,2,1,-1
479,28,1439.25,443.04,18.41,61.71,0.8576,2,2,-1
479,29,1683.36,449.02,28.95,65.40,0.9016,2,1,-1
479,31,1476.84,440.42,20.69,65.54,0.8633,2,1,-1
479,43,1454.99,497.84,29.72,72.72,0.9022,2,1,-1
479,58,1902.95,478.01,17.10,67.46,0.8720,2,2,-1
479,66,1771.49,470.58,32.84,67.41,0.8544,2,1,-1
479,68,1803.99,495.91,37.50,77.58,0.9210,2,2,-1
480,2,1320.53,470.20,29.48,49.06,0.7036,2,1,-1
480,3,1837.24,471.71,28.06,71.61,0.9067,2,2,-1
480,9,1639.07,525.56,41.27,85.59,0.9221,3,0,-1
480,10,1731.35,481.11,33.79,78.57,0.9121,2,1,-1
480,17,1372.28,451.19,20.48,49.51,0.5461,1,4,-1
480,23,1660.29,468.33,28.24,70.55,0.8743,2,1,-1
480,28,1437.71,443.45,18.38,60.94,0.8809,2,2,-1
480,29,1684.10,449.42,28.01,64.63,0.8951,2,1,-1
480,31,1474.50,440.72,21.81,65.40,0.8630,2,1,-1
480,43,1458.65,498.29,28.24,72.70,0.8799,2,1,-1
480,58,1903.13,478.49,16.87,66.63,0.8782,2,2,-1
480,66,1772.52,470.88,34.44,68.03,0.8833,2,1,-1
480,68,1803.44,495.68,37.26,78.86,0.9259,2,2,-1
481,2,1320.51,468.54,29.72,50.76,0.7622,2,1,-1
481,3,1838.57,471.74,28.07,71.71,0.9072,2,2,-1
481,8,1372.03,456.64,18.99,43.99,0.7507,1,4,-1
481,9,1639.82,526.62,41.10,84.72,0.9191,3,0,-1
481,10,1732.24,481.42,33.01,78.47,0.9120,2,1,-1
481,23,1661.77,467.36,27.70,72.21,0.8727,2,1,-1
481,28,1435.36,443.92,19.08,60.33,0.8804,2,2,-1
481,29,1684.71,449.83,27.01,63.58,0.8815,2,1,-1
481,31,1472.55,441.41,23.68,65.31,0.8661,2,1,-1
481,43,1462.84,503.18,25.55,67.61,0.8519,2,1,-1
481,58,1903.10,476.95,17.03,68.57,0.8789,2,2,-1
481,66,1772.91,464.09,35.72,74.97,0.8825,2,1,-1
481,68,1803.84,495.71,35.50,78.93,0.9234,2,2,-1
482,2,1320.90,467.28,29.89,52.00,0.7383,2,1,-1
482,3,1838.89,471.80,28.54,71.46,0.9103,2,2,-1
482,9,1639.83,526.50,41.38,84.79,0.9221,3,0,-1
482,10,1733.11,482.28,30.43,78.06,0.9114,2,1,-1
482,17,1371.10,454.41,20.00,45.35,0.6463,1,4,-1
482,21,1387.14,440.19,23.49,55.33,0.7235,2,2,-1
482,23,1664.68,467.61,24.89,72.52,0.8679,2,1,-1
482,28,1433.47,442.86,20.10,60.59,0.8861,2,2,-1
482,29,1685.01,449.97,26.41,64.77,0.8851,2,1,-1
482,31,1469.95,441.42,25.84,65.41,0.8611,2,1,-1
482,43,1465.55,498.94,25.72,71.83,0.8798,2,1,-1
482,58,1903.20,476.96,16.88,68.80,0.8815,2,2,-1
482,66,1775.49,461.66,34.18,77.29,0.8963,2,1,-1
482,68,1804.52,496.02,33.75,78.44,0.9149,2,2,-1
483,2,1322.63,467.14,28.96,52.22,0.8586,2,1,-1
483,3,1839.02,471.67,28.76,71.77,0.9107,2,2,-1
483,9,1639.67,525.83,41.93,85.44,0.9280,3,0,-1
483,10,1735.04,482.74,29.34,79.57,0.9105,2,1,-1
483,21,1368.79,440.76,26.38,61.42,0.5636,2,2,-1
483,23,1665.87,468.52,22.98,71.96,0.8333,2,1,-1
483,28,1431.16,444.34,21.63,60.59,0.8786,2,2,-1
483,29,1685.82,449.95,25.45,65.69,0.8843,2,1,-1
483,31,1467.99,441.85,27.05,64.66,0.8218,2,1,-1
483,43,1468.38,500.51,25.17,70.09,0.8773,2,1,-1
483,53,1386.92,437.73,24.80,57.20,0.8383,1,4,-1
483,58,1903.32,476.81,16.75,69.05,0.8790,2,2,-1
483,66,1778.73,463.74,31.63,75.51,0.8720,2,1,-1
483,68,1803.88,495.98,31.80,78.31,0.9120,2,2,-1
484,2,1323.04,466.36,28.61,53.03,0.8806,2,1,-1
484,3,1839.53,471.60,29.13,71.75,0.9145,2,2,-1
484,9,1639.89,525.63,42.04,85.87,0.9308,3,0,-1
484,10,1736.43,483.06,29.55,80.50,0.9153,2,1,-1
484,21,1364.05,438.25,28.39,67.52,0.8460,2,2,-1
484,23,1668.01,469.63,21.64,70.73,0.8529,2,1,-1
484,28,1426.41,445.74,25.21,59.90,0.8760,2,2,-1
484,29,1685.91,450.05,24.79,65.06,0.8895,2,1,-1
484,31,1464.10,441.91,31.01,64.79,0.8664,2,1,-1
484,43,1470.90,505.08,24.05,65.33,0.8587,2,1,-1
484,53,1386.98,436.74,24.89,57.62,0.8411,1,4,-1
484,58,1903.28,476.46,16.76,69.48,0.8789,2,2,-1
484,66,1781.05,463.82,30.68,75.50,0.8530,2,1,-1
484,68,1802.34,495.67,29.68,78.32,0.8996,2,2,-1
485,2,1323.35,465.89,28.49,53.51,0.8592,2,1,-1
485,3,1840.17,471.74,29.64,71.42,0.9208,2,2,-1
485,9,1640.62,525.59,41.50,85.88,0.9176,3,0,-1
485,10,1737.33,482.85,30.08,80.38,0.9161,2,1,-1
485,21,1386.89,437.11,24.52,57.96,0.8447,2,2,-1
485,23,1669.96,473.68,19.67,66.59,0.8660,2,1,-1
485,28,1423.38,446.20,29.08,59.70,0.8916,2,2,-1
485,29,1685.45,450.17,25.20,65.32,0.8851,2,1,-1
485,31,1461.06,440.99,33.15,65.65,0.8911,2,1,-1
485,43,1472.65,499.47,26.92,71.57,0.9107,2,1,-1
485,53,1366.14,438.78,28.36,65.29,0.5836,1,4,-1
485,54,1902.79,476.17,17.30,69.16,0.8809,2,1,-1
485,68,1799.04,495.49,29.41,78.32,0.8914,2,2,-1
486,3,1840.82,471.75,28.93,71.22,0.9211,2,2,-1
486,7,1797.58,462.84,18.27,48.50,0.5844,2,2,-1
486,9,1641.07,525.53,41.25,86.07,0.9066,3,0,-1
486,10,1737.65,482.80,31.47,80.87,0.9212,2,1,-1
486,21,1387.54,439.51,24.14,55.98,0.8077,2,2,-1
486,23,1671.24,471.85,19.77,67.16,0.8739,2,1,-1
486,28,1422.92,445.46,29.75,59.37,0.9050,2,2,-1
486,29,1686.14,450.15,24.91,64.55,0.8830,2,1,-1
486,31,1460.21,441.40,31.91,64.82,0.8914,2,1,-1
486,39,1322.55,463.51,28.13,55.66,0.8763,1,4,-1
486,43,1473.58,498.62,29.99,73.19,0.9107,2,1,-1
486,53,1362.07,438.60,29.40,67.11,0.5318,1,4,-1
486,54,1902.10,472.75,17.96,72.62,0.8762,2,1,-1
486,68,1797.21,495.39,29.31,78.45,0.8681,2,2,-1
487,3,1841.95,471.70,28.24,71.18,0.9183,2,2,-1
487,7,1803.14,469.51,15.61,41.78,0.6062,2,2,-1
487,9,1641.45,525.50,40.96,85.82,0.9007,3,0,-1
487,10,1737.79,482.46,33.65,80.94,0.9210,2,1,-1
487,21,1387.02,434.65,25.85,60.58,0.5097,2,2,-1
487,23,1671.97,475.89,19.39,65.25,0.8736,2,1,-1
487,28,1422.22,444.01,29.72,61.14,0.8977,2,2,-1
487,29,1686.61,450.20,24.92,63.26,0.8775,2,1,-1
487,31,1458.90,440.97,30.13,65.11,0.8809,2,1,-1
487,39,1322.58,463.13,27.35,55.73,0.8281,1,4,-1
487,43,1474.42,496.09,33.89,76.28,0.9247,2,1,-1
487,53,1361.28,437.09,30.14,67.99,0.7223,1,4,-1
487,54,1902.11,472.87,17.89,72.43,0.8713,2,1,-1
487,68,1797.06,498.73,28.50,75.93,0.8841,2,2,-1
488,3,1842.67,471.59,27.29,71.62,0.9194,2,2,-1
488,7,1805.61,469.68,14.43,40.18,0.6578,2,2,-1
488,9,1641.56,525.21,41.16,86.20,0.7878,3,0,-1
488,10,1737.71,482.58,35.79,80.49,0.9248,2,1,-1
488,21,1361.92,438.24,29.99,66.37,0.8198,2,2,-1
488,23,1672.88,476.30,19.57,65.95,0.8793,2,1,-1
488,28,1420.55,442.01,30.13,62.54,0.5137,2,2,-1
488,29,1687.40,450.01,25.33,63.51,0.8759,2,1,-1
488,31,1458.26,440.30,28.58,65.46,0.8661,2,1,-1
488,39,1322.76,460.79,27.71,57.03,0.6812,1,4,-1
488,43,1474.66,495.50,35.84,77.27,0.9245,2,1,-1
488,54,1901.70,472.07,18.23,73.24,0.8719,2,1,-1
488,68,1795.37,501.33,28.24,73.02,0.8881,2,2,-1
489,3,1843.65,472.16,25.76,70.92,0.9146,2,2,-1
489,7,1807.30,467.36,14.12,39.98,0.6968,2,2,-1
489,9,1642.30,525.64,41.00,85.62,0.6432,3,0,-1
489,10,1738.08,482.62,36.43,80.44,0.9232,2,1,-1
489,21,1360.87,438.62,30.53,65.36,0.8210,2,2,-1
489,23,1674.17,475.82,19.64,67.36,0.8479,2,1,-1
489,29,1688.35,449.65,25.83,64.72,0.8791,2,1,-1
489,31,1457.43,439.89,26.85,66.72,0.8239,2,1,-1
489,39,1322.19,456.78,28.20,60.36,0.7620,1,4,-1
489,43,1474.80,498.59,36.06,74.84,0.9252,2,1,-1
489,54,1901.25,471.74,18.55,72.80,0.8663,2,1,-1
489,68,1792.66,500.76,29.54,72.67,0.9045,2,2,-1
490,3,1844.53,472.43,24.60,70.62,0.9104,2,2,-1
490,5,1792.54,463.35,19.19,53.71,0.7997,2,1,-1
490,9,1642.60,525.95,41.51,85.46,0.8605,3,0,-1
490,10,1738.48,482.56,36.68,81.27,0.9246,2,1,-1
490,21,1360.69,438.30,31.08,65.87,0.8445,2,2,-1
490,29,1688.52,449.50,26.52,63.60,0.8666,2,1,-1
490,31,1456.01,440.14,25.60,66.07,0.6307,2,1,-1
490,33,1675.73,494.34,20.03,50.07,0.8078,2,1,-1
490,39,1323.73,456.89,26.62,59.48,0.8231,1,4,-1
490,43,1475.22,498.28,36.27,75.11,0.9240,2,1,-1
490,54,1901.01,472.25,18.88,73.15,0.8663,2,1,-1
490,68,1788.71,500.29,34.39,73.70,0.9271,2,2,-1
491,3,1845.08,472.20,24.10,70.97,0.9098,2,2,-1
491,7,1808.96,467.79,15.11,43.40,0.6871,2,2,-1
491,8,1397.64,439.07,20.19,54.42,0.5557,1,4,-1
491,9,1643.69,525.77,41.38,85.86,0.7274,3,0,-1
491,10,1738.64,483.42,37.10,80.93,0.9224,2,1,-1
491,28,1418.87,441.39,21.62,61.09,0.8469,2,2,-1
491,29,1688.84,449.54,27.10,63.90,0.8572,2,1,-1
491,31,1456.44,439.70,20.71,63.27,0.8477,2,1,-1
491,33,1677.74,496.20,19.39,47.80,0.7833,2,1,-1
491,39,1323.40,456.05,26.18,60.38,0.8607,1,4,-1
491,43,1476.55,498.44,35.79,74.47,0.9260,2,1,-1
491,53,1362.32,439.00,29.73,65.37,0.8290,1,4,-1
491,54,1900.94,471.51,19.07,74.04,0.8622,2,1,-1
491,62,1793.45,469.27,19.49,45.41,0.7562,2,1,-1
491,68,1784.72,501.83,38.86,72.44,0.9245,2,2,-1
492,3,1846.33,472.07,23.71,71.22,0.9109,2,2,-1
492,7,1809.66,468.86,16.13,46.22,0.7132,2,2,-1
492,9,1643.78,525.50,41.42,86.09,0.9060,3,0,-1
492,10,1738.80,484.12,37.25,80.43,0.9205,2,1,-1
492,21,1361.46,438.41,30.88,65.50,0.8632,2,2,-1
492,28,1418.38,441.63,20.33,59.21,0.6470,2,2,-1
492,29,1688.40,449.00,29.05,65.07,0.8580,2,1,-1
492,39,1322.42,455.28,26.75,61.24,0.7931,1,4,-1
492,43,1478.69,498.93,34.41,73.72,0.9260,2,1,-1
492,54,1901.07,471.42,18.90,73.19,0.8354,2,1,-1
492,68,1781.44,500.76,42.67,73.33,0.9213,2,2,-1
493,3,1847.45,471.89,23.51,71.19,0.9101,2,2,-1
493,5,1798.95,463.00,17.70,48.22,0.6940,2,1,-1
493,9,1644.84,525.33,41.08,86.69,0.9258,3,0,-1
493,10,1739.14,484.79,37.24,80.22,0.9165,2,1,-1
493,21,1361.74,439.60,30.28,63.73,0.8225,2,2,-1
493,28,1417.41,441.27,19.30,59.02,0.8116,2,2,-1
493,29,1687.13,449.17,30.33,64.99,0.8684,2,1,-1
493,39,1321.91,456.46,26.67,60.36,0.8551,1,4,-1
493,43,1480.40,498.52,33.69,74.31,0.9256,2,1,-1
493,58,1900.82,470.65,19.09,76.35,0.8367,2,2,-1
493,68,1780.74,499.22,44.17,75.32,0.9180,2,2,-1
494,3,1848.32,472.05,23.66,70.40,0.9119,2,2,-1
494,5,1800.62,463.66,17.40,46.49,0.7436,2,1,-1
494,9,1645.59,525.29,40.93,86.44,0.9369,3,0,-1
494,10,1740.26,485.17,36.58,80.73,0.9182,2,1,-1
494,17,1362.72,450.26,29.00,52.75,0.8839,1,4,-1
494,29,1686.60,449.29,31.22,65.79,0.8773,2,1,-1
494,31,1449.38,439.74,23.34,65.01,0.7099,2,1,-1
494,39,1321.02,455.00,27.80,61.58,0.8511,1,4,-1
494,43,1481.28,498.44,34.08,73.79,0.9263,2,1,-1
494,54,1901.18,470.40,18.75,71.81,0.8586,2,1,-1
494,68,1780.58,498.84,43.23,75.87,0.9163,2,2,-1
494,0,229.26,597.36,15.64,15.27,1.0,0,-1,-1
495,3,1849.03,471.92,23.66,70.05,0.9102,2,2,-1
495,9,1646.79,525.84,40.37,85.79,0.9389,3,0,-1
495,10,1740.70,486.11,36.15,80.05,0.9179,2,1,-1
495,17,1362.71,453.21,28.21,49.28,0.8729,1,4,-1
495,28,1414.11,437.91,21.50,63.87,0.7186,2,2,-1
495,29,1687.35,448.94,31.60,66.65,0.8560,2,1,-1
495,31,1446.02,439.47,27.53,66.82,0.8357,2,1,-1
495,39,1319.79,455.23,28.41,61.20,0.8738,1,4,-1
495,43,1482.97,498.21,34.60,74.49,0.9269,2,1,-1
495,54,1901.03,470.46,18.92,72.00,0.8706,2,1,-1
495,68,1780.01,497.93,42.16,77.02,0.9164,2,2,-1
496,3,1850.27,471.78,24.58,70.53,0.9079,2,2,-1
496,9,1647.67,525.74,40.13,85.78,0.9391,3,0,-1
496,10,1741.29,486.27,35.94,79.91,0.9184,2,1,-1
496,17,1363.27,454.49,26.76,47.44,0.8191,1,4,-1
496,23,1683.87,480.62,24.43,64.47,0.8743,2,1,-1
496,31,1442.70,439.83,32.20,65.89,0.9051,2,1,-1
496,39,1319.30,453.98,29.94,62.63,0.8657,1,4,-1
496,43,1485.54,498.09,33.95,74.51,0.9191,2,1,-1
496,58,1901.26,470.59,18.61,71.21,0.8684,2,2,-1
496,66,1803.57,462.80,22.40,55.84,0.7049,2,1,-1
496,68,1780.81,497.88,39.96,76.14,0.9238,2,2,-1
497,3,1851.31,471.74,25.02,70.32,0.9073,2,2,-1
497,9,1648.36,526.01,39.99,85.54,0.9349,3,0,-1
497,10,1742.08,486.05,34.92,79.92,0.9177,2,1,-1
497,17,1363.57,453.67,26.28,48.19,0.8134,1,4,-1
497,28,1411.60,439.60,25.10,64.07,0.8218,2,2,-1
497,29,1690.27,448.85,29.96,64.40,0.8758,2,1,-1
497,31,1440.60,440.50,34.19,65.15,0.8951,2,1,-1
497,39,1319.16,456.45,29.86,59.99,0.8800,1,4,-1
497,43,1487.92,497.95,33.12,74.11,0.9154,2,1,-1
497,54,1901.21,471.34,18.73,70.55,0.8661,2,1,-1
497,66,1815.78,467.71,25.74,70.01,0.6472,2,1,-1
497,68,1781.31,497.40,37.55,76.19,0.9251,2,2,-1
498,3,1851.90,470.90,25.60,70.96,0.9086,2,2,-1
498,9,1648.80,525.28,40.52,86.10,0.9002,3,0,-1
498,10,1743.66,486.58,33.56,79.22,0.9061,2,1,-1
498,17,1364.18,452.94,25.26,48.85,0.8541,1,4,-1
498,28,1410.40,440.10,25.51,63.40,0.7939,2,2,-1
498,29,1691.61,448.53,29.35,64.83,0.8861,2,1,-1
498,31,1440.30,441.00,35.08,64.33,0.8861,2,1,-1
498,39,1318.78,455.40,30.87,60.67,0.8875,1,4,-1
498,43,1489.71,498.00,32.92,74.05,0.9167,2,1,-1
498,54,1901.20,470.80,18.80,70.84,0.8680,2,1,-1
498,66,1817.85,467.53,24.25,71.78,0.7429,2,1,-1
498,68,1780.83,496.97,33.70,76.17,0.9152,2,2,-1
499,3,1852.71,470.53,25.69,70.99,0.9125,2,2,-1
499,9,1649.50,525.29,40.81,85.84,0.9210,3,0,-1
499,10,1744.34,486.70,33.29,79.56,0.9007,2,1,-1
499,17,1365.29,452.95,24.50,48.97,0.8117,1,4,-1
499,28,1409.89,440.56,25.88,62.79,0.8443,2,2,-1
499,29,1692.99,448.45,28.48,65.17,0.8877,2,1,-1
499,31,1438.99,440.01,35.43,66.26,0.8914,2,1,-1
499,39,1321.13,462.68,27.89,53.12,0.8792,1,4,-1
499,43,1491.01,497.89,32.74,73.90,0.9147,2,1,-1
499,54,1901.13,469.62,18.92,71.72,0.8658,2,1,-1
499,66,1817.42,467.46,24.29,72.00,0.7966,2,1,-1
499,68,1780.49,496.30,29.49,76.18,0.8916,2,2,-1
500,3,1853.34,470.81,26.09,70.85,0.9130,2,2,-1
500,9,1650.28,524.74,41.04,86.33,0.9249,3,0,-1
500,10,1745.16,486.85,33.61,79.52,0.8977,2,1,-1
500,17,1365.73,453.87,23.89,48.17,0.7966,1,4,-1
500,28,1410.03,441.14,24.75,60.84,0.8294,2,2,-1
500,29,1694.06,448.59,28.10,65.12,0.8827,2,1,-1
500,31,1439.16,439.66,34.11,66.22,0.8773,2,1,-1
500,39,1321.75,460.96,28.50,54.61,0.8818,1,4,-1
500,43,1491.83,497.92,33.80,73.68,0.9168,2,1,-1
500,54,1900.93,469.35,19.08,72.44,0.8752,2,1,-1
500,66,1818.25,467.21,24.70,72.99,0.8181,2,1,-1
500,68,1778.40,495.80,24.42,76.89,0.8924,2,2,-1
501,3,1854.07,470.45,27.47,70.71,0.9135,2,2,-1
501,9,1650.63,525.13,41.21,86.30,0.8280,3,0,-1
501,10,1746.71,486.31,33.71,81.06,0.8999,2,1,-1
501,17,1366.38,454.36,23.15,46.66,0.8627,1,4,-1
501,28,1410.13,442.33,23.53,59.87,0.8809,2,2,-1
501,29,1695.82,448.64,26.99,63.88,0.8874,2,1,-1
501,31,1440.29,440.46,30.33,64.63,0.8836,2,1,-1
501,39,1324.79,471.37,24.16,43.66,0.8252,1,4,-1
501,43,1492.65,497.99,34.15,73.67,0.9170,2,1,-1
501,54,1901.10,469.93,18.88,71.46,0.8684,2,1,-1
501,66,1819.05,468.01,24.72,71.29,0.8198,2,1,-1
501,68,1777.38,495.69,22.64,77.46,0.8902,2,2,-1
502,3,1854.86,470.22,29.13,70.80,0.9155,2,2,-1
502,9,1650.64,525.06,41.96,86.71,0.8765,3,0,-1
502,17,1366.36,454.06,23.65,47.71,0.8665,1,4,-1
502,28,1408.70,442.07,23.79,61.33,0.7485,2,2,-1
502,29,1697.15,448.52,26.74,62.96,0.8891,2,1,-1
502,31,1438.95,439.61,26.98,64.76,0.8201,2,1,-1
502,39,1324.18,468.69,26.01,46.55,0.7965,1,4,-1
502,43,1492.93,497.72,34.25,73.42,0.9171,2,1,-1
502,54,1900.96,469.39,18.99,71.48,0.8745,2,1,-1
502,66,1818.52,466.56,26.48,72.61,0.8215,2,1,-1
502,68,1774.31,495.57,23.60,76.92,0.8904,2,2,-1
503,3,1855.16,470.16,30.23,71.49,0.9110,2,2,-1
503,9,1650.93,524.93,42.15,86.82,0.8798,3,0,-1
503,17,1366.56,454.55,23.83,47.26,0.8685,1,4,-1
503,21,1324.72,468.91,25.33,46.38,0.8389,2,2,-1
503,28,1434.49,440.10,23.06,61.15,0.5513,2,2,-1
503,29,1697.92,448.53,26.54,63.12,0.8950,2,1,-1
503,43,1493.81,497.95,34.04,73.10,0.9156,2,1,-1
503,54,1900.56,469.03,19.38,72.46,0.8713,2,1,-1
503,66,1817.74,470.39,27.35,69.16,0.8465,2,1,-1
503,68,1771.15,496.66,25.43,76.19,0.8855,2,2,-1
504,3,1855.08,469.65,30.98,71.27,0.9117,2,2,-1
504,8,1438.19,458.63,17.10,45.34,0.5516,1,4,-1
504,9,1650.76,525.04,42.34,86.50,0.9024,3,0,-1
504,17,1366.30,453.33,24.63,48.91,0.8294,1,4,-1
504,21,1323.99,467.38,26.06,47.68,0.8632,2,2,-1
504,29,1697.98,448.66,27.08,64.04,0.8976,2,1,-1
504,43,1494.15,498.07,33.83,73.26,0.9161,2,1,-1
504,54,1899.90,468.41,19.92,72.83,0.8788,2,1,-1
504,66,1811.46,462.98,25.02,72.41,0.8330,2,1,-1
504,68,1766.12,498.59,30.33,74.92,0.9042,2,2,-1
505,3,1855.16,469.15,31.03,71.40,0.9101,2,2,-1
505,9,1650.71,524.82,42.32,86.36,0.9209,3,0,-1
505,10,1749.75,486.75,26.76,79.77,0.8615,2,1,-1
505,17,1366.83,452.99,24.14,48.57,0.8394,1,4,-1
505,21,1322.45,453.41,28.42,60.95,0.8767,2,2,-1
505,28,1436.71,452.50,18.16,49.65,0.6197,2,2,-1
505,29,1699.16,448.37,27.25,64.58,0.8968,2,1,-1
505,43,1494.72,498.35,32.95,73.19,0.9093,2,1,-1
505,53,1405.61,440.48,24.69,62.00,0.6654,1,4,-1
505,54,1899.44,467.97,20.38,72.71,0.8836,2,1,-1
505,66,1812.96,462.42,23.10,71.77,0.8465,2,1,-1
506,3,1854.74,468.81,30.61,71.34,0.9076,2,2,-1
506,9,1651.02,524.87,42.05,86.13,0.9201,3,0,-1
506,17,1365.08,439.65,27.98,61.93,0.8425,1,4,-1
506,21,1320.98,444.56,29.70,69.23,0.8281,2,2,-1
506,29,1699.56,448.46,27.45,63.82,0.8932,2,1,-1
506,43,1495.04,497.70,32.83,73.20,0.9145,2,1,-1
506,54,1897.54,467.32,21.99,73.68,0.8874,2,1,-1
506,66,1813.42,462.55,22.79,72.76,0.8468,2,1,-1
506,68,1761.68,499.83,34.14,73.57,0.8931,2,2,-1
507,3,1854.90,468.49,30.42,71.98,0.9039,2,2,-1
507,9,1650.73,524.72,42.22,86.05,0.9174,3,0,-1
507,17,1366.07,443.21,25.32,57.58,0.8609,1,4,-1
507,21,1321.80,443.67,27.76,70.04,0.8448,2,2,-1
507,29,1699.74,447.89,29.15,63.89,0.8937,2,1,-1
507,43,1495.00,498.30,32.10,72.18,0.9096,2,1,-1
507,54,1895.49,467.31,23.96,73.64,0.9048,2,1,-1
507,66,1813.81,461.84,22.31,73.11,0.8620,2,1,-1
507,68,1757.05,497.92,36.95,75.45,0.8544,2,2,-1
508,3,1854.81,468.44,30.64,71.96,0.9025,2,2,-1
508,9,1650.61,524.74,42.27,86.04,0.9057,3,0,-1
508,17,1367.85,451.19,22.94,49.37,0.8544,1,4,-1
508,21,1322.23,444.54,26.14,69.20,0.8581,2,2,-1
508,29,1699.90,448.41,30.83,63.39,0.8861,2,1,-1
508,43,1494.90,498.09,32.06,72.63,0.9087,2,1,-1
508,54,1892.69,467.04,26.61,74.04,0.9050,2,1,-1
508,66,1813.81,461.17,22.73,74.29,0.8494,2,1,-1
508,68,1754.78,498.26,36.30,75.01,0.8747,2,2,-1
509,3,1854.74,468.31,30.96,72.35,0.9068,2,2,-1
509,7,1813.38,460.98,22.33,73.35,0.8636,2,2,-1
509,9,1650.69,524.77,41.94,86.16,0.9089,3,0,-1
509,17,1367.63,450.56,23.76,49.84,0.8636,1,4,-1
509,21,1321.85,444.30,25.70,69.34,0.8247,2,2,-1
509,29,1700.34,448.34,31.91,62.91,0.8797,2,1,-1
509,43,1494.52,497.92,32.19,72.66,0.9130,2,1,-1
509,54,1889.21,466.19,30.01,74.88,0.9138,2,1,-1
509,68,1752.75,498.58,34.19,73.62,0.8888,2,2,-1
510,3,1854.07,468.18,31.25,72.79,0.9032,2,2,-1
510,5,1830.83,467.50,22.30,69.83,0.8219,2,1,-1
510,7,1812.49,460.43,22.80,74.55,0.8693,2,2,-1
510,9,1650.53,524.60,41.76,86.21,0.9233,3,0,-1
510,17,1365.41,436.53,29.40,64.48,0.8524,1,4,-1
510,21,1321.76,447.94,24.54,65.84,0.7732,2,2,-1
510,29,1699.78,448.57,31.48,62.05,0.8660,2,1,-1
510,43,1493.81,497.98,32.15,72.52,0.9031,2,1,-1
510,54,1886.32,466.00,32.68,74.82,0.9142,2,1,-1
510,68,1750.87,497.28,31.90,75.04,0.8498,2,2,-1
511,3,1854.14,468.01,30.26,73.11,0.8999,2,2,-1
511,5,1831.29,467.48,22.76,69.97,0.8279,2,1,-1
511,9,1650.06,524.70,41.97,86.13,0.9251,3,0,-1
511,17,1366.25,434.44,28.81,65.40,0.8486,1,4,-1
511,21,1321.13,445.19,25.39,68.67,0.7808,2,2,-1
511,29,1699.84,448.55,31.20,63.08,0.8651,2,1,-1
511,43,1493.65,497.80,32.20,72.62,0.9062,2,1,-1
511,54,1884.37,466.80,34.57,74.47,0.9124,2,1,-1
511,66,1812.25,460.07,23.13,75.02,0.8745,2,1,-1
511,68,1749.71,494.14,30.30,76.95,0.8090,2,2,-1
512,3,1853.62,467.80,29.79,73.03,0.8873,2,2,-1
512,5,1831.83,467.34,22.72,70.37,0.7444,2,1,-1
512,9,1649.85,524.67,41.64,85.80,0.9357,3,0,-1
512,17,1366.86,434.05,28.69,65.33,0.8152,1,4,-1
512,21,1320.65,444.96,25.49,69.01,0.8254,2,2,-1
512,29,1700.15,448.66,31.29,62.74,0.8590,2,1,-1
512,43,1492.94,497.78,32.16,72.37,0.9043,2,1,-1
512,54,1882.64,467.62,35.72,73.50,0.9039,2,1,-1
512,66,1811.97,460.22,23.98,75.20,0.8793,2,1,-1
512,68,1747.05,493.59,26.06,79.13,0.8685,2,2,-1
513,3,1852.72,467.71,29.51,72.32,0.8757,2,2,-1
513,5,1832.07,467.40,22.82,70.54,0.7222,2,1,-1
513,9,1649.54,524.51,41.34,85.82,0.9340,3,0,-1
513,17,1365.97,433.53,29.07,66.45,0.5418,1,4,-1
513,21,1320.56,444.86,25.16,68.69,0.7953,2,2,-1
513,29,1700.30,448.65,29.66,62.30,0.8639,2,1,-1
513,43,1491.76,498.27,32.35,71.65,0.9061,2,1,-1
513,54,1881.22,468.45,36.13,72.88,0.9050,2,1,-1
513,66,1810.96,460.06,25.11,74.81,0.8853,2,1,-1
513,68,1743.83,493.53,24.51,79.43,0.8926,2,2,-1
514,3,1852.67,467.70,29.08,71.90,0.8704,2,2,-1
514,5,1831.87,467.33,23.12,69.84,0.8366,2,1,-1
514,9,1649.07,524.39,41.63,85.91,0.9351,3,0,-1
514,17,1365.74,433.88,28.77,66.38,0.7620,1,4,-1
514,21,1320.04,444.64,25.23,68.87,0.6446,2,2,-1
514,29,1701.87,448.62,27.71,61.80,0.8757,2,1,-1
514,43,1491.52,498.35,32.36,71.38,0.9081,2,1,-1
514,54,1879.90,468.74,36.44,72.73,0.9127,2,1,-1
514,66,1810.18,459.75,26.03,74.75,0.8856,2,1,-1
514,68,1741.20,494.05,24.86,78.01,0.8908,2,2,-1
514,73,1393.26,438.24,29.98,63.07,0.5808,2,-1,-1
515,3,1852.40,467.26,28.61,72.12,0.8710,2,2,-1
515,5,1833.05,466.59,22.74,70.42,0.8513,2,1,-1
515,9,1648.84,524.22,41.47,86.26,0.9334,3,0,-1
515,17,1366.40,434.75,28.17,65.55,0.7927,1,4,-1
515,29,1702.92,448.60,26.44,60.72,0.8735,2,1,-1
515,39,1317.78,445.52,27.74,67.89,0.7971,1,4,-1
515,43,1491.04,498.49,32.27,71.33,0.9098,2,1,-1
515,54,1879.20,468.35,36.90,73.28,0.9183,2,1,-1
515,66,1809.91,459.66,27.32,75.93,0.8868,2,1,-1
515,68,1735.60,494.11,28.48,78.27,0.8885,2,2,-1
515,73,1392.65,437.91,27.90,62.72,0.7531,2,-1,-1
516,3,1852.16,467.11,27.91,72.09,0.8684,2,2,-1
516,5,1834.08,466.21,21.96,70.73,0.8613,2,1,-1
516,9,1648.73,523.98,41.45,86.15,0.9348,3,0,-1
516,10,1758.64,486.39,28.18,80.17,0.8941,2,1,-1
516,23,1695.90,479.96,24.43,74.03,0.8879,2,1,-1
516,39,1317.82,445.23,26.91,67.89,0.6844,1,4,-1
516,43,1490.87,497.26,33.13,72.68,0.9156,2,1,-1
516,54,1879.28,469.03,36.29,71.76,0.9186,2,1,-1
516,66,1809.13,459.90,27.84,75.02,0.8898,2,1,-1
516,68,1729.90,494.75,33.14,78.31,0.8913,2,2,-1
516,73,1365.97,434.61,28.58,65.79,0.8220,1,-1,-1
517,3,1852.25,466.91,27.13,71.58,0.8719,2,2,-1
517,5,1834.44,466.09,21.08,69.97,0.8525,2,1,-1
517,9,1648.59,523.97,41.36,86.66,0.9349,3,0,-1
517,10,1759.17,486.53,28.00,79.57,0.8882,2,1,-1
517,23,1696.06,484.84,23.26,69.69,0.8891,2,1,-1
517,39,1318.12,446.42,25.46,66.37,0.7569,1,4,-1
517,43,1489.63,497.40,32.99,72.22,0.9122,2,1,-1
517,54,1878.01,468.33,36.56,72.23,0.9208,2,1,-1
517,66,1808.37,459.84,27.78,74.47,0.8899,2,1,-1
517,68,1728.50,494.97,33.61,78.06,0.9047,2,2,-1
517,73,1365.60,433.82,28.24,66.76,0.8310,2,2,-1
518,3,1851.89,466.43,26.29,71.50,0.8741,2,2,-1
518,5,1833.98,464.20,20.87,71.53,0.8496,2,1,-1
518,9,1647.78,523.79,41.99,86.47,0.9311,3,0,-1
518,10,1759.04,486.16,29.26,80.32,0.8977,2,1,-1
518,23,1695.80,482.27,24.56,71.89,0.8941,2,1,-1
518,39,1318.41,445.99,24.70,66.65,0.7656,1,4,-1
518,43,1487.68,496.69,34.38,72.71,0.9109,2,1,-1
518,54,1877.17,468.00,36.12,72.40,0.9020,2,1,-1
518,66,1806.40,459.84,27.82,73.99,0.8906,2,1,-1
518,68,1726.61,494.81,34.68,78.30,0.9109,2,2,-1
518,73,1366.74,433.10,27.48,65.77,0.8106,2,2,-1
519,3,1851.52,466.09,25.35,71.27,0.8859,2,2,-1
519,5,1833.58,466.53,20.09,69.23,0.8337,2,1,-1
519,9,1647.39,523.97,42.51,86.35,0.9297,3,0,-1
519,10,1759.48,486.03,30.05,81.00,0.8814,2,1,-1
519,17,1367.52,433.61,26.77,64.64,0.7254,1,4,-1
519,21,1318.63,445.73,23.38,66.78,0.8226,2,2,-1
519,23,1694.94,480.83,23.78,72.97,0.8864,2,1,-1
519,43,1486.26,496.58,34.95,72.69,0.9125,2,1,-1
519,54,1876.19,466.36,36.23,74.42,0.8898,2,1,-1
519,58,1906.89,463.19,13.99,73.25,0.6343,2,2,-1
519,66,1804.48,460.05,28.41,73.31,0.8925,2,1,-1
519,68,1724.32,494.76,35.50,77.53,0.9133,2,2,-1
520,3,1850.63,465.79,26.02,71.72,0.8787,2,2,-1
520,5,1832.90,465.44,20.64,70.62,0.8463,2,1,-1
520,9,1646.83,523.96,42.99,86.08,0.9289,3,0,-1
520,10,1759.11,486.11,31.32,80.24,0.8840,2,1,-1
520,23,1694.44,481.51,23.25,71.25,0.8839,2,1,-1
520,39,1318.23,447.45,23.25,64.79,0.8458,1,4,-1
520,43,1484.17,495.60,36.37,74.09,0.9195,2,1,-1
520,54,1874.78,467.26,33.15,72.48,0.8649,2,1,-1
520,58,1904.35,462.30,15.38,71.53,0.8103,2,2,-1
520,66,1802.50,460.38,28.71,73.53,0.8995,2,1,-1
520,68,1721.50,495.23,35.45,76.65,0.9105,2,2,-1
520,73,1367.64,433.16,26.19,65.00,0.7641,2,2,-1
521,3,1849.20,465.15,26.55,72.59,0.8694,2,2,-1
521,5,1832.08,465.04,20.67,71.07,0.8518,2,1,-1
521,9,1646.01,523.94,43.72,86.05,0.9262,3,0,-1
521,10,1757.17,485.94,33.76,79.55,0.8809,2,1,-1
521,17,1367.66,433.40,26.20,64.93,0.5879,1,4,-1
521,21,1317.20,446.60,23.50,65.82,0.8745,2,2,-1
521,23,1693.06,484.36,22.98,68.42,0.8887,2,1,-1
521,43,1482.35,495.78,36.71,74.07,0.9258,2,1,-1
521,54,1873.21,467.43,30.75,72.85,0.8688,2,1,-1
521,58,1902.87,461.45,16.84,71.71,0.8788,2,2,-1
521,66,1801.49,459.79,29.71,74.89,0.8980,2,1,-1
521,68,1719.61,496.98,33.29,75.35,0.8994,2,2,-1
521,73,1384.50,432.46,26.49,67.13,0.5106,2,2,-1
522,3,1848.96,464.98,26.28,73.15,0.8698,2,2,-1
522,5,1831.42,465.01,20.94,70.66,0.8684,2,1,-1
522,9,1645.07,524.04,45.48,85.70,0.9304,3,0,-1
522,10,1755.58,485.85,36.80,80.24,0.8914,2,1,-1
522,29,1699.69,449.23,26.03,61.27,0.8824,2,1,-1
522,39,1317.06,446.68,23.38,65.71,0.8680,1,4,-1
522,43,1481.13,495.95,36.80,73.46,0.9255,2,1,-1
522,54,1872.25,466.35,28.57,73.07,0.8520,2,1,-1
522,58,1901.37,459.90,18.03,71.63,0.8749,2,2,-1
522,66,1799.70,459.96,28.80,74.84,0.9026,2,1,-1
522,68,1714.18,498.41,33.83,74.07,0.8990,2,2,-1
522,73,1368.97,432.73,25.01,64.40,0.7094,2,2,-1
522,0,228.02,594.98,15.86,16.31,1.0,0,-1,-1
523,3,1848.45,464.89,26.15,73.01,0.8615,2,2,-1
523,5,1830.64,464.79,21.19,69.73,0.8713,2,1,-1
523,9,1644.34,523.65,46.79,86.15,0.9315,3,0,-1
523,10,1753.49,485.95,41.02,79.68,0.9018,2,1,-1
523,28,1388.99,432.99,23.08,66.47,0.7975,2,2,-1
523,29,1699.45,449.41,25.93,60.44,0.8814,2,1,-1
523,39,1316.66,446.78,23.61,65.51,0.8693,1,4,-1
523,43,1479.62,496.20,36.93,73.18,0.9222,2,1,-1
523,54,1871.73,464.49,26.85,74.60,0.8479,2,1,-1
523,58,1899.70,460.20,19.11,70.25,0.8522,2,2,-1
523,66,1798.67,459.70,28.34,75.12,0.9012,2,1,-1
523,68,1706.41,500.52,39.74,72.77,0.9103,2,2,-1
523,73,1367.83,433.69,24.30,64.21,0.7693,2,2,-1
524,3,1847.42,464.95,25.82,72.91,0.8422,2,2,-1
524,5,1829.56,465.13,21.86,69.65,0.8585,2,1,-1
524,9,1643.59,523.13,49.14,86.93,0.9279,3,0,-1
524,10,1752.03,485.99,44.00,79.28,0.9072,2,1,-1
524,28,1389.11,433.76,23.10,65.39,0.6733,2,2,-1
524,29,1697.97,449.39,26.67,61.92,0.8862,2,1,-1
524,39,1316.01,447.38,23.94,65.11,0.8702,1,4,-1
524,43,1477.69,496.58,37.43,72.85,0.9227,2,1,-1
524,54,1871.63,464.50,25.93,74.12,0.8210,2,1,-1
524,66,1797.88,460.17,27.04,74.45,0.8977,2,1,-1
524,68,1702.76,504.68,42.11,68.24,0.9050,2,2,-1
524,73,1367.29,433.17,24.30,64.24,0.6197,2,2,-1
525,3,1846.05,465.05,25.78,71.82,0.8477,2,2,-1
525,5,1828.09,465.65,21.96,69.13,0.8591,2,1,-1
525,9,1643.76,522.22,50.67,88.03,0.8781,3,0,-1
525,10,1751.50,486.26,45.78,78.77,0.9075,2,1,-1
525,29,1697.46,449.37,26.94,60.43,0.8969,2,1,-1
525,39,1315.48,446.14,24.10,66.28,0.8280,1,4,-1
525,43,1475.84,496.42,37.86,73.11,0.9255,2,1,-1
525,58,1890.49,460.06,22.74,73.56,0.8208,2,2,-1
525,66,1796.92,460.45,26.00,73.24,0.8999,2,1,-1
525,68,1695.14,499.23,48.58,72.97,0.9079,2,2,-1
526,3,1844.70,465.50,25.54,71.13,0.8522,2,2,-1
526,5,1827.37,465.60,21.56,69.21,0.8580,2,1,-1
526,9,1643.24,521.49,51.61,87.97,0.9095,3,0,-1
526,10,1751.17,486.44,46.71,78.21,0.9078,2,1,-1
526,21,1315.50,446.91,23.46,65.39,0.8348,2,2,-1
526,29,1693.34,449.79,29.81,60.23,0.8898,2,1,-1
526,43,1474.60,496.28,38.11,73.11,0.9246,2,1,-1
526,58,1888.47,459.78,23.61,71.55,0.8592,2,2,-1
526,66,1796.12,460.41,25.69,73.63,0.8929,2,1,-1
526,68,1686.55,498.08,54.22,73.94,0.9164,2,2,-1
527,3,1844.36,464.88,25.53,72.41,0.8217,2,2,-1
527,5,1826.67,465.23,21.86,69.64,0.8650,2,1,-1
527,9,1645.02,522.14,50.27,87.12,0.8767,3,0,-1
527,10,1750.92,486.42,46.47,77.50,0.9007,2,1,-1
527,29,1690.70,449.86,31.80,60.86,0.8930,2,1,-1
527,39,1314.81,444.21,24.53,68.10,0.8548,1,4,-1
527,43,1473.91,497.13,38.23,72.62,0.9248,2,1,-1
527,58,1883.79,460.68,26.32,71.21,0.8570,2,2,-1
527,66,1795.47,460.55,25.32,74.16,0.8826,2,1,-1
527,68,1681.94,499.57,53.62,70.67,0.9060,2,2,-1
528,3,1844.35,464.36,25.63,73.51,0.7824,2,2,-1
528,5,1825.24,465.00,23.19,69.76,0.8728,2,1,-1
528,10,1750.97,486.68,45.63,78.90,0.9081,2,1,-1
528,29,1693.61,450.15,29.92,62.15,0.9008,2,1,-1
528,39,1314.70,445.00,24.39,67.15,0.8262,1,4,-1
528,43,1473.04,497.28,38.41,72.51,0.9257,2,1,-1
528,58,1881.87,460.66,28.06,71.14,0.8591,2,2,-1
528,66,1794.66,460.28,25.09,74.71,0.8768,2,1,-1
528,68,1676.26,499.42,52.01,68.76,0.8967,2,2,-1
529,3,1843.90,464.05,24.65,72.33,0.8409,2,2,-1
529,5,1823.93,464.89,24.13,69.57,0.8839,2,1,-1
529,10,1750.51,486.77,45.48,78.74,0.9128,2,1,-1
529,29,1695.00,449.75,28.73,63.06,0.8991,2,1,-1
529,39,1314.21,444.57,24.58,67.44,0.8313,1,4,-1
529,43,1472.77,497.13,38.05,72.69,0.9268,2,1,-1
529,58,1878.55,460.86,30.59,71.58,0.8538,2,2,-1
529,66,1793.89,459.99,24.52,74.13,0.8795,2,1,-1
529,68,1672.54,499.63,50.12,60.88,0.8628,2,2,-1
530,3,1843.48,463.48,24.90,72.31,0.8581,2,2,-1
530,5,1822.86,464.13,23.79,69.72,0.8833,2,1,-1
530,9,1652.80,519.64,49.01,88.28,0.5561,3,0,-1
530,10,1755.39,486.38,42.41,79.30,0.9094,2,1,-1
530,29,1694.67,449.42,28.43,63.18,0.8984,2,1,-1
530,39,1313.53,443.37,25.16,68.81,0.6374,1,4,-1
530,43,1471.58,496.77,38.42,72.86,0.9281,2,1,-1
530,58,1868.49,460.69,39.65,75.17,0.8968,2,2,-1
530,66,1792.88,460.02,23.64,73.27,0.8825,2,1,-1
531,3,1842.95,463.24,25.28,73.48,0.8637,2,2,-1
531,5,1821.79,463.63,24.01,70.05,0.8878,2,1,-1
531,9,1656.18,521.30,46.10,86.61,0.5473,3,0,-1
531,10,1759.02,486.24,41.26,79.96,0.9113,2,1,-1
531,29,1693.81,449.37,28.66,64.17,0.8868,2,1,-1
531,39,1312.55,442.18,26.09,70.23,0.8415,1,4,-1
531,43,1470.83,496.21,38.54,73.30,0.9268,2,1,-1
531,58,1865.72,461.50,43.03,74.91,0.9077,2,2,-1
531,66,1792.47,459.67,22.71,72.36,0.8785,2,1,-1
532,3,1842.29,463.39,25.13,73.22,0.8711,2,2,-1
532,5,1820.73,463.14,23.76,70.27,0.8860,2,1,-1
532,9,1658.60,516.15,40.43,91.28,0.8771,3,0,-1
532,10,1761.83,487.21,41.38,79.49,0.9125,2,1,-1
532,29,1693.94,449.04,28.40,64.16,0.8893,2,1,-1
532,39,1311.81,441.59,26.39,71.03,0.6546,1,4,-1
532,43,1468.21,495.81,38.31,73.44,0.9243,2,1,-1
532,58,1864.27,462.16,40.54,72.76,0.8905,2,2,-1
533,3,1842.16,463.34,25.52,73.42,0.8441,2,2,-1
533,5,1818.95,463.07,24.14,70.56,0.8863,2,1,-1
533,9,1662.24,518.64,38.84,89.11,0.8335,3,0,-1
533,10,1762.62,487.30,43.12,79.22,0.9162,2,1,-1
533,29,1693.23,449.22,28.40,64.40,0.9049,2,1,-1
533,39,1311.44,441.65,26.87,71.30,0.8592,1,4,-1
533,43,1466.48,495.41,37.31,73.53,0.9205,2,1,-1
533,58,1864.51,463.57,38.43,71.22,0.8688,2,2,-1
533,73,1365.87,435.03,23.27,61.48,0.5499,2,2,-1
534,3,1842.09,462.89,25.31,72.33,0.8508,2,2,-1
534,5,1818.48,462.85,24.20,70.89,0.8909,2,1,-1
534,9,1663.24,520.51,37.17,87.79,0.9096,3,0,-1
534,10,1766.33,488.26,40.22,77.75,0.9171,2,1,-1
534,29,1693.14,449.41,28.58,64.83,0.9073,2,1,-1
534,39,1311.35,441.52,26.83,71.31,0.8505,1,4,-1
534,43,1465.39,495.68,35.26,73.34,0.9190,2,1,-1
534,58,1861.85,462.49,36.74,74.65,0.8716,2,2,-1
535,3,1841.76,462.66,25.37,71.62,0.8672,2,2,-1
535,5,1818.06,462.50,23.24,70.94,0.8887,2,1,-1
535,9,1663.06,519.76,36.16,88.10,0.9140,3,0,-1
535,10,1770.01,490.81,36.77,75.32,0.9147,2,1,-1
535,17,1365.75,434.13,24.07,62.73,0.5434,1,4,-1
535,21,1311.36,441.75,26.29,70.97,0.8507,2,2,-1
535,29,1693.00,449.78,28.22,64.91,0.9039,2,1,-1
535,43,1463.97,496.11,32.88,72.77,0.9165,2,1,-1
535,76,1630.53,496.06,29.85,69.56,0.8835,2,-1,-1
536,3,1841.52,461.58,26.26,72.37,0.8577,2,2,-1
536,5,1817.43,462.80,22.67,69.96,0.8815,2,1,-1
536,9,1663.08,521.36,36.00,86.28,0.9159,3,0,-1
536,10,1772.12,490.37,34.83,75.90,0.9111,2,1,-1
536,29,1693.05,449.92,27.47,65.15,0.9015,2,1,-1
536,39,1311.15,442.18,26.07,70.46,0.8103,1,4,-1
536,43,1464.39,496.35,31.09,72.90,0.9191,2,1,-1
536,76,1622.81,495.48,32.41,68.75,0.8881,2,-1,-1
537,3,1842.08,459.26,28.19,75.49,0.8352,2,2,-1
537,5,1816.78,463.09,22.13,69.60,0.8783,2,1,-1
537,9,1663.03,521.80,36.70,85.70,0.9202,3,0,-1
537,10,1772.30,490.01,34.24,76.30,0.9159,2,1,-1
537,29,1692.43,450.17,27.36,65.41,0.9036,2,1,-1
537,39,1311.11,443.39,25.46,69.20,0.8531,1,4,-1
537,43,1462.71,496.79,31.37,72.67,0.9221,2,1,-1
537,76,1612.95,494.16,39.57,70.21,0.9060,2,-1,-1
538,3,1840.64,458.49,27.73,75.37,0.8640,2,2,-1
538,5,1816.00,462.87,21.87,69.43,0.8732,2,1,-1
538,7,1906.89,465.12,13.77,73.08,0.7781,2,2,-1
538,9,1663.33,522.05,36.28,84.67,0.9341,3,0,-1
538,10,1771.13,489.04,34.64,77.41,0.9209,2,1,-1
538,29,1692.23,450.49,26.67,64.71,0.8987,2,1,-1
538,39,1310.23,443.13,25.21,69.52,0.7804,1,4,-1
538,43,1462.40,498.30,30.91,71.00,0.9158,2,1,-1
538,76,1604.84,490.97,45.57,71.91,0.9074,2,2,-1
539,3,1840.19,459.13,27.04,75.25,0.8505,2,2,-1
539,5,1814.66,462.73,21.44,69.38,0.8799,2,1,-1
539,7,1904.34,463.49,15.41,75.84,0.8140,2,2,-1
539,9,1663.75,522.21,36.27,84.75,0.9392,3,0,-1
539,10,1770.13,488.97,34.97,77.32,0.9180,2,1,-1
539,29,1691.87,451.05,25.94,64.65,0.8986,2,1,-1
539,39,1309.69,443.04,24.60,69.49,0.8208,1,4,-1
539,43,1462.08,500.08,29.83,68.99,0.9069,2,1,-1
539,76,1598.26,489.54,48.57,71.67,0.9037,2,2,-1
540,3,1838.99,459.52,26.63,74.27,0.8373,2,2,-1
540,5,1814.15,462.39,21.47,71.40,0.8674,2,1,-1
540,7,1900.74,463.65,17.79,75.11,0.8012,2,2,-1
540,9,1664.45,522.00,36.50,84.85,0.9304,3,0,-1
540,10,1768.91,489.14,35.93,76.68,0.9186,2,1,-1
540,29,1691.56,451.29,25.78,64.03,0.8994,2,1,-1
540,39,1309.42,443.79,23.74,68.68,0.7598,1,4,-1
540,43,1461.12,501.00,29.39,68.35,0.9132,2,1,-1
540,76,1591.88,488.35,49.48,70.17,0.9014,2,2,-1
541,3,1837.45,460.22,26.13,73.28,0.8329,2,2,-1
541,5,1813.26,462.67,22.08,70.80,0.8660,2,1,-1
541,7,1892.32,463.99,24.37,74.96,0.8372,2,2,-1
541,9,1665.18,521.90,36.36,85.11,0.9000,3,0,-1
541,10,1766.79,489.91,37.34,76.35,0.9202,2,1,-1
541,17,1366.50,433.89,25.44,63.50,0.5377,1,4,-1
541,29,1689.82,451.16,26.45,66.20,0.9041,2,1,-1
541,33,1615.29,488.00,35.31,68.84,0.8747,2,1,-1
541,39,1308.28,443.91,22.88,68.48,0.7490,1,4,-1
541,43,1457.94,502.62,31.25,67.13,0.9209,2,1,-1
542,3,1835.77,460.43,26.48,73.57,0.8220,2,2,-1
542,5,1811.70,462.59,22.87,71.05,0.8615,2,1,-1
542,7,1885.05,465.09,32.55,76.58,0.8788,2,2,-1
542,9,1665.36,520.87,36.45,85.91,0.8343,3,0,-1
542,10,1764.25,487.59,39.52,78.61,0.9228,2,1,-1
542,17,1366.59,433.82,26.34,63.30,0.6144,1,4,-1
542,29,1688.72,451.62,25.94,64.76,0.9019,2,1,-1
542,33,1607.83,487.95,36.96,67.09,0.8971,2,1,-1
542,39,1307.80,443.08,22.21,68.89,0.7562,1,4,-1
542,43,1454.50,503.04,33.73,66.81,0.9174,2,1,-1
543,5,1810.67,463.03,21.99,68.98,0.8449,2,1,-1
543,7,1883.00,469.80,33.16,72.08,0.7725,2,2,-1
543,9,1666.45,520.64,36.16,85.62,0.6860,3,0,-1
543,10,1763.07,488.65,40.37,77.11,0.9155,2,1,-1
543,29,1687.17,451.38,26.47,65.50,0.9029,2,1,-1
543,33,1600.84,487.45,43.16,67.16,0.9178,2,1,-1
543,43,1450.43,503.36,37.28,66.71,0.9224,2,1,-1
543,58,1851.72,462.36,28.24,75.15,0.8051,2,2,-1
544,3,1830.97,461.18,28.29,73.10,0.8325,2,2,-1
544,5,1809.78,463.96,21.33,66.32,0.8485,2,1,-1
544,7,1878.47,477.35,37.42,66.24,0.8604,2,2,-1
544,9,1668.33,520.25,34.52,85.19,0.9185,3,0,-1
544,10,1761.60,488.28,42.00,77.68,0.9150,2,1,-1
544,29,1685.28,451.71,27.37,63.28,0.9169,2,1,-1
544,33,1589.72,485.96,51.31,68.80,0.9197,2,1,-1
544,43,1446.42,503.11,41.02,66.99,0.9233,2,1,-1
545,3,1828.17,461.25,29.22,73.21,0.8071,2,2,-1
545,5,1808.96,463.73,21.98,65.22,0.8526,2,1,-1
545,7,1893.17,464.38,30.68,69.94,0.8561,2,2,-1
545,9,1669.49,519.60,33.84,84.69,0.9218,3,0,-1
545,10,1760.72,493.50,41.60,72.66,0.9119,2,1,-1
545,29,1682.67,452.10,29.55,63.31,0.9183,2,1,-1
545,33,1580.16,485.04,56.90,71.33,0.9170,2,1,-1
545,43,1442.70,501.49,44.51,68.71,0.9246,2,1,-1
546,3,1811.06,461.41,32.90,70.07,0.8071,2,2,-1
546,7,1890.33,463.38,30.23,73.20,0.8382,2,2,-1
546,9,1670.51,519.24,33.91,85.32,0.8236,3,0,-1
546,10,1760.34,492.22,42.24,73.83,0.9116,2,1,-1
546,29,1679.79,452.96,31.65,62.47,0.9158,2,1,-1
546,43,1440.19,499.39,46.53,70.41,0.9279,2,1,-1
546,76,1539.77,486.49,49.74,70.10,0.8973,2,2,-1
547,3,1806.02,458.80,36.68,71.50,0.8448,2,2,-1
547,7,1887.34,462.16,31.23,74.71,0.8589,2,2,-1
547,9,1671.38,519.63,33.91,84.87,0.8313,3,0,-1
547,10,1759.44,494.69,41.54,71.53,0.9186,2,1,-1
547,29,1676.52,454.42,33.83,61.33,0.9274,2,1,-1
547,43,1436.08,498.16,48.44,71.51,0.9249,2,1,-1
547,58,1839.46,461.03,26.41,72.75,0.7318,2,2,-1
547,62,1755.68,461.47,32.92,47.10,0.8599,2,1,-1
547,76,1531.13,486.01,48.52,67.72,0.8896,2,2,-1
548,7,1882.68,460.86,33.27,74.74,0.8747,2,2,-1
548,9,1672.13,518.80,34.02,85.20,0.7506,3,0,-1
548,10,1758.71,496.99,41.18,69.14,0.9198,2,1,-1
548,29,1672.48,454.88,36.73,61.21,0.9288,2,1,-1
548,31,1555.39,485.04,40.83,64.71,0.8757,2,1,-1
548,43,1433.43,497.48,47.80,70.11,0.9325,2,1,-1
548,54,1803.74,457.93,37.13,71.83,0.8611,2,1,-1
548,58,1838.08,461.01,24.64,70.11,0.7744,2,2,-1
548,62,1751.99,460.50,33.53,50.88,0.8770,2,1,-1
548,76,1521.17,485.89,39.38,69.73,0.8641,2,2,-1
549,7,1877.67,460.69,35.89,73.93,0.9007,2,2,-1
549,9,1672.29,518.71,34.20,85.73,0.7270,3,0,-1
549,10,1757.89,494.73,41.18,71.08,0.9194,2,1,-1
549,29,1670.36,455.34,38.55,60.95,0.9238,2,1,-1
549,31,1548.35,484.39,44.36,64.99,0.9113,2,1,-1
549,43,1431.04,497.45,46.40,69.55,0.9243,2,1,-1
549,54,1801.91,455.75,37.79,73.42,0.8867,2,1,-1
549,58,1840.36,460.62,27.09,66.82,0.7666,2,2,-1
549,62,1748.82,461.06,32.47,50.96,0.8728,2,1,-1
549,76,1514.70,485.72,33.82,70.76,0.8713,2,2,-1
550,7,1872.68,461.34,38.68,73.55,0.8989,2,2,-1
550,9,1672.33,518.45,34.46,85.29,0.9312,3,0,-1
550,10,1756.16,495.91,38.68,67.48,0.8971,2,1,-1
550,29,1667.42,456.51,42.21,61.63,0.9292,2,1,-1
550,31,1538.28,483.69,49.35,65.00,0.9277,2,1,-1
550,43,1429.85,497.98,42.80,67.35,0.9110,2,1,-1
550,54,1800.47,454.65,36.19,73.97,0.9053,2,1,-1
550,76,1504.12,485.91,36.01,70.47,0.9043,2,2,-1
551,7,1872.65,461.54,38.22,72.69,0.9000,2,2,-1
551,9,1671.71,518.06,34.96,85.99,0.9379,3,0,-1
551,23,1740.61,463.12,30.01,66.88,0.8608,2,1,-1
551,29,1664.84,454.93,43.51,62.78,0.9309,2,1,-1
551,31,1529.35,483.32,50.67,65.23,0.9121,2,1,-1
551,43,1427.42,496.79,39.41,68.72,0.9174,2,1,-1
551,53,1301.84,464.65,18.46,48.23,0.6869,1,4,-1
551,54,1798.11,454.89,33.10,74.50,0.8727,2,1,-1
551,76,1493.18,484.88,43.02,70.59,0.9090,2,2,-1
552,7,1864.62,462.77,43.72,72.32,0.9015,2,2,-1
552,9,1670.63,517.84,35.83,85.86,0.9374,3,0,-1
552,23,1735.37,463.66,30.75,64.28,0.8816,2,1,-1
552,28,1390.63,438.34,22.79,63.98,0.6344,2,2,-1
552,29,1661.58,454.98,45.27,61.92,0.9317,2,1,-1
552,39,1299.96,447.92,20.68,64.88,0.6994,1,4,-1
552,43,1423.48,495.53,35.15,69.08,0.9029,2,1,-1
552,54,1821.61,476.82,38.08,66.64,0.8829,2,1,-1
552,66,1798.89,457.38,27.09,71.31,0.8302,2,1,-1
552,76,1485.12,482.88,46.82,71.03,0.9101,2,2,-1
552,0,1773.18,548.27,12.94,15.09,1.0,0,-1,-1
553,3,1787.18,455.07,31.38,74.66,0.6393,2,2,-1
553,7,1864.35,463.92,45.21,71.06,0.8918,2,2,-1
553,8,1516.31,492.24,21.52,54.94,0.8484,1,4,-1
553,9,1669.89,518.15,35.17,85.35,0.9394,3,0,-1
553,23,1728.56,463.36,32.51,64.43,0.8794,2,1,-1
553,28,1389.81,438.90,22.86,62.76,0.7267,2,2,-1
553,29,1656.73,452.77,47.06,64.03,0.9213,2,1,-1
553,39,1297.94,447.52,20.99,65.37,0.5240,1,4,-1
553,43,1418.07,494.37,30.94,69.18,0.8731,2,1,-1
553,54,1817.15,479.07,39.07,64.68,0.8108,2,1,-1
553,76,1471.42,482.00,50.55,67.82,0.8906,2,2,-1
554,3,1786.24,455.69,30.50,73.30,0.6543,2,2,-1
554,7,1863.09,464.47,45.57,71.03,0.8955,2,2,-1
554,8,1504.14,494.16,27.63,52.88,0.8761,1,4,-1
554,9,1667.89,518.29,35.17,84.47,0.9348,3,0,-1
554,10,1745.24,490.60,29.97,69.32,0.8617,2,1,-1
554,17,1358.25,435.01,26.65,63.75,0.6515,1,4,-1
554,23,1721.49,462.91,34.36,65.02,0.8814,2,1,-1
554,28,1388.76,439.24,23.04,63.09,0.5145,2,2,-1
554,29,1652.21,451.84,45.28,65.03,0.9169,2,1,-1
554,39,1295.77,447.03,21.20,65.81,0.7397,1,4,-1
554,43,1414.53,492.89,27.16,69.94,0.8702,2,1,-1
554,76,1457.13,482.02,49.76,68.12,0.8532,2,2,-1
555,3,1779.51,455.55,28.55,69.11,0.5519,2,2,-1
555,7,1856.72,463.78,47.02,71.37,0.9052,2,2,-1
555,8,1485.64,483.34,41.90,65.84,0.8705,1,4,-1
555,9,1666.45,517.66,35.17,84.81,0.9326,3,0,-1
555,10,1741.21,484.80,29.27,74.31,0.8409,2,1,-1
555,23,1712.67,463.56,32.39,63.51,0.8623,2,1,-1
555,28,1387.77,440.83,22.23,62.12,0.5259,2,2,-1
555,29,1647.05,450.69,42.11,65.50,0.9122,2,1,-1
555,39,1293.57,445.28,22.28,67.43,0.8351,1,4,-1
555,43,1410.31,492.24,25.88,69.10,0.8754,2,1,-1
556,3,1768.56,455.19,30.78,65.94,0.8235,2,2,-1
556,7,1853.76,462.73,45.19,70.87,0.8915,2,2,-1
556,8,1476.34,479.84,49.25,68.31,0.9114,1,4,-1
556,9,1665.08,516.57,35.14,85.55,0.8747,3,0,-1
556,10,1735.64,483.21,30.03,75.74,0.8728,2,1,-1
556,23,1704.91,463.34,34.06,64.69,0.8776,2,1,-1
556,28,1388.62,439.87,21.01,61.31,0.7958,2,2,-1
556,29,1643.29,449.27,38.34,65.98,0.9045,2,1,-1
556,39,1292.12,447.18,22.55,65.75,0.8271,1,4,-1
556,43,1405.17,490.33,27.68,72.14,0.9012,2,1,-1
556,58,1831.47,469.59,23.81,64.87,0.6983,2,2,-1
556,73,1371.46,445.10,21.16,56.09,0.5280,2,2,-1
557,3,1762.91,453.84,34.28,67.99,0.8015,2,2,-1
557,7,1846.01,460.98,44.65,70.69,0.8803,2,2,-1
557,8,1464.60,479.28,50.99,63.20,0.8851,1,4,-1
557,9,1662.80,516.01,34.85,85.73,0.7274,3,0,-1
557,10,1730.45,483.93,32.24,75.25,0.8861,2,1,-1
557,23,1697.04,463.24,37.17,65.58,0.8721,2,1,-1
557,28,1385.60,439.99,22.70,60.93,0.7654,2,2,-1
557,29,1640.51,448.02,33.77,65.35,0.9005,2,1,-1
557,39,1290.85,449.79,23.64,63.34,0.8308,1,4,-1
557,43,1398.52,490.11,30.22,70.97,0.9091,2,1,-1
557,66,1794.26,458.72,27.05,70.54,0.5369,2,1,-1
558,3,1755.31,453.23,31.73,65.25,0.7976,2,2,-1
558,7,1838.24,458.71,44.03,72.55,0.8642,2,2,-1
558,8,1450.23,480.71,40.95,63.17,0.8456,1,4,-1
558,9,1660.19,514.74,34.77,85.42,0.5386,3,0,-1
558,10,1723.54,483.39,36.12,75.32,0.8885,2,1,-1
558,23,1689.79,463.31,38.26,64.41,0.8703,2,1,-1
558,29,1636.94,447.55,30.65,63.99,0.8999,2,1,-1
558,39,1287.34,445.28,26.32,67.78,0.8481,1,4,-1
558,43,1391.43,492.47,31.24,68.13,0.9078,2,1,-1
558,73,1368.69,446.33,21.90,55.00,0.6660,2,2,-1
558,76,1419.54,479.30,39.15,69.89,0.9027,2,2,-1
559,3,1755.72,452.83,36.22,67.01,0.7531,2,2,-1
559,7,1833.67,457.21,40.46,73.39,0.8526,2,2,-1
559,8,1445.33,486.47,35.89,58.87,0.8230,1,4,-1
559,9,1656.89,514.34,35.60,84.85,0.9171,3,0,-1
559,10,1716.49,483.25,39.92,75.26,0.8910,2,1,-1
559,17,1352.33,454.86,19.79,44.38,0.6487,1,4,-1
559,21,1283.58,449.57,28.34,64.46,0.8539,2,2,-1
559,23,1682.13,463.29,40.02,62.76,0.8782,2,1,-1
559,28,1381.85,439.60,25.81,61.45,0.7919,2,2,-1
559,29,1632.62,447.19,29.65,63.73,0.9025,2,1,-1
559,43,1386.05,493.57,29.35,66.13,0.8486,2,1,-1
560,3,1746.06,453.96,43.64,81.87,0.7491,2,2,-1
560,7,1828.12,457.93,35.95,72.44,0.8261,2,2,-1
560,8,1430.76,475.24,35.40,69.96,0.8910,1,4,-1
560,9,1655.21,513.47,34.87,85.41,0.8594,3,0,-1
560,10,1713.10,482.06,42.11,76.10,0.9089,2,1,-1
560,23,1674.47,463.18,43.23,64.66,0.8932,2,1,-1
560,28,1380.31,441.82,27.24,58.24,0.7717,2,2,-1
560,29,1629.67,447.25,28.13,63.56,0.8977,2,1,-1
560,39,1283.14,449.74,25.14,63.47,0.5273,1,4,-1
560,43,1382.78,493.52,27.39,66.50,0.8704,2,1,-1
560,66,1786.99,458.14,32.47,69.73,0.7932,2,1,-1
560,73,1351.26,445.82,22.93,54.53,0.6458,2,2,-1
561,5,1786.00,456.97,25.88,71.17,0.8180,2,1,-1
561,7,1820.30,455.91,34.94,73.38,0.8145,2,2,-1
561,8,1419.47,472.97,38.44,70.74,0.7988,1,4,-1
561,9,1653.96,511.56,35.40,87.00,0.5682,3,0,-1
561,10,1710.59,481.62,43.32,76.50,0.9029,2,1,-1
561,23,1670.70,462.36,43.16,64.05,0.9035,2,1,-1
561,28,1379.04,441.63,28.81,60.14,0.5213,2,2,-1
561,29,1626.62,447.91,27.24,63.65,0.9091,2,1,-1
561,39,1281.05,447.23,26.23,65.60,0.7547,1,4,-1
561,43,1378.59,499.52,24.32,59.62,0.7834,2,1,-1
561,73,1347.13,434.53,25.38,63.82,0.6499,2,2,-1
562,5,1784.61,456.24,28.13,72.17,0.7847,2,1,-1
562,7,1816.10,456.03,34.65,72.44,0.8657,2,2,-1
562,8,1397.98,478.05,51.85,64.48,0.8763,1,4,-1
562,9,1651.37,510.31,34.67,88.72,0.9243,3,0,-1
562,10,1708.13,482.05,42.24,75.67,0.8997,2,1,-1
562,21,1278.63,447.39,27.87,65.34,0.8544,2,2,-1
562,23,1664.20,462.69,44.24,60.69,0.8848,2,1,-1
562,28,1385.34,440.93,26.82,60.14,0.8208,2,2,-1
562,29,1621.72,449.66,27.97,61.56,0.9153,2,1,-1
562,43,1372.68,501.83,24.36,57.25,0.7423,2,1,-1
562,73,1345.07,434.46,25.05,64.43,0.8013,2,2,-1
563,3,1730.36,449.58,33.01,69.23,0.8322,2,2,-1
563,7,1811.65,455.84,37.54,71.95,0.8752,2,2,-1
563,8,1393.14,480.57,49.46,59.17,0.7919,1,4,-1
563,9,1648.71,509.89,34.70,88.71,0.9293,3,0,-1
563,10,1703.67,480.69,40.83,76.50,0.8675,2,1,-1
563,21,1277.26,446.40,26.76,65.93,0.8909,2,2,-1
563,23,1657.45,462.61,44.74,58.65,0.8786,2,1,-1
563,29,1615.07,451.61,30.17,59.30,0.9148,2,1,-1
563,43,1365.36,494.01,26.52,64.77,0.7729,2,1,-1
563,66,1777.64,455.48,37.75,72.88,0.8587,2,1,-1
563,73,1344.28,434.37,25.41,64.00,0.6158,2,2,-1
564,7,1806.28,455.90,40.53,71.73,0.8874,2,2,-1
564,9,1644.43,510.40,35.63,86.99,0.9226,3,0,-1
564,10,1702.20,485.13,36.38,71.73,0.8549,2,1,-1
564,21,1274.52,445.11,27.23,67.54,0.8961,2,2,-1
564,23,1646.10,462.20,39.14,58.81,0.8207,2,1,-1
564,29,1607.72,451.66,33.58,58.99,0.9171,2,1,-1
564,66,1769.59,455.62,37.50,71.48,0.8270,2,1,-1
564,73,1341.40,433.88,24.78,62.67,0.5791,2,2,-1
565,3,1717.60,447.28,32.56,73.18,0.8239,2,2,-1
565,7,1801.97,455.29,43.77,72.37,0.8992,2,2,-1
565,9,1639.11,509.61,37.64,87.76,0.9176,3,0,-1
565,10,1695.13,488.55,32.99,67.01,0.7095,2,1,-1
565,23,1642.78,461.20,31.63,52.63,0.7878,2,1,-1
565,29,1600.80,450.55,37.56,59.37,0.9177,2,1,-1
565,39,1272.72,446.68,27.10,65.69,0.8804,1,4,-1
565,66,1766.21,462.53,32.99,63.36,0.8624,2,1,-1
565,73,1355.99,505.86,22.83,49.39,0.7134,2,2,-1
566,3,1710.16,446.45,26.52,65.24,0.8629,2,2,-1
566,5,1763.19,455.65,29.78,68.33,0.8481,2,1,-1
566,7,1788.41,453.67,50.62,73.74,0.8958,2,2,-1
566,9,1633.19,510.00,39.81,87.58,0.9299,3,0,-1
566,17,1337.56,434.42,22.22,50.86,0.6299,1,4,-1
566,23,1629.15,460.18,32.42,59.52,0.8439,2,1,-1
566,28,1380.06,439.23,32.90,63.11,0.8241,2,2,-1
566,29,1595.67,449.68,38.85,59.24,0.9142,2,1,-1
566,39,1269.19,444.07,28.85,67.81,0.8979,1,4,-1
566,62,1683.86,459.18,31.42,66.38,0.7924,2,1,-1
566,76,1325.80,475.50,51.26,80.30,0.7658,2,2,-1
567,3,1700.70,447.60,25.51,67.40,0.8221,2,2,-1
567,7,1779.44,452.56,53.41,74.77,0.8858,2,2,-1
567,9,1627.52,508.02,41.84,88.61,0.9353,3,0,-1
567,17,1347.88,437.50,23.61,51.04,0.6661,1,4,-1
567,21,1263.70,446.49,31.11,65.20,0.9083,2,2,-1
567,23,1620.92,457.59,28.91,55.67,0.8671,2,1,-1
567,28,1381.15,436.78,32.29,65.12,0.8568,2,2,-1
567,29,1590.51,448.46,37.76,59.26,0.8990,2,1,-1
567,58,1756.79,457.75,27.51,66.19,0.7504,2,2,-1
567,62,1675.10,458.51,31.52,70.40,0.8427,2,1,-1
567,76,1306.41,468.85,53.13,74.78,0.8500,2,2,-1
568,3,1692.20,446.79,24.70,64.30,0.8303,2,2,-1
568,5,1746.18,456.42,28.19,66.68,0.8126,2,1,-1
568,7,1771.34,451.95,51.34,74.77,0.8417,2,2,-1
568,9,1624.22,507.89,40.32,89.09,0.9429,3,0,-1
568,17,1329.25,433.42,24.76,54.71,0.7856,1,4,-1
568,23,1609.39,459.54,30.67,58.50,0.8678,2,1,-1
568,28,1381.75,436.98,28.51,62.52,0.9020,2,2,-1
568,29,1582.37,446.63,33.64,59.17,0.8995,2,1,-1
568,39,1260.84,446.56,30.26,62.58,0.8897,1,4,-1
568,43,1338.00,499.41,29.10,59.23,0.8451,2,1,-1
568,62,1664.29,459.06,32.20,71.14,0.8674,2,1,-1
568,76,1287.84,467.99,53.35,69.74,0.8926,2,2,-1
569,3,1683.78,447.66,24.54,61.66,0.8441,2,2,-1
569,5,1736.86,454.06,28.96,67.85,0.8379,2,1,-1
569,7,1771.25,452.58,40.66,73.28,0.8514,2,2,-1
569,9,1619.94,507.26,39.89,89.36,0.9166,3,0,-1
569,17,1321.82,433.74,26.77,62.15,0.8292,1,4,-1
569,23,1599.10,459.59,33.89,59.88,0.8655,2,1,-1
569,28,1379.90,435.99,27.42,62.98,0.8851,2,2,-1
569,29,1575.25,445.04,31.58,61.54,0.8665,2,1,-1
569,39,1255.66,448.12,28.09,60.93,0.8652,1,4,-1
569,43,1330.62,491.84,31.26,65.82,0.8600,2,1,-1
569,62,1652.81,458.28,32.97,69.49,0.8352,2,1,-1
570,3,1672.94,447.62,25.52,60.31,0.8094,2,2,-1
570,5,1726.21,452.56,32.33,70.52,0.8468,2,1,-1
570,7,1762.18,452.38,39.76,73.38,0.8721,2,2,-1
570,9,1615.16,507.01,38.71,89.41,0.9359,3,0,-1
570,17,1318.18,432.46,25.69,61.38,0.8323,1,4,-1
570,23,1588.38,463.19,31.95,57.22,0.8482,2,1,-1
570,28,1377.43,435.72,27.00,65.22,0.8861,2,2,-1
570,29,1568.46,444.10,27.20,60.41,0.8733,2,1,-1
570,39,1249.70,447.52,28.80,61.63,0.8542,1,4,-1
570,43,1324.61,500.30,27.00,56.24,0.8134,2,1,-1
570,62,1639.11,456.78,38.33,82.00,0.8695,2,1,-1
570,82,139.07,525.85,42.17,79.82,0.8663,2,-1,-1
571,5,1712.99,452.52,38.36,70.76,0.8436,2,1,-1
571,7,1761.46,452.17,37.42,72.84,0.7216,2,2,-1
571,9,1607.88,509.10,38.64,86.77,0.9255,3,0,-1
571,10,1656.29,483.74,34.88,70.24,0.8707,2,1,-1
571,17,1308.70,432.40,28.67,63.48,0.8596,1,4,-1
571,28,1372.69,435.13,26.95,65.94,0.8765,2,2,-1
571,29,1562.06,443.06,27.35,57.79,0.8431,2,1,-1
571,39,1244.82,448.96,28.79,61.79,0.7589,1,4,-1
571,43,1316.73,492.33,28.71,62.91,0.8403,2,1,-1
571,68,1623.88,455.25,43.71,72.11,0.8719,2,2,-1
571,82,132.09,529.51,40.06,75.85,0.5855,2,-1,-1
572,5,1696.84,454.36,41.26,69.92,0.8529,2,1,-1
572,7,1757.25,452.85,32.36,71.31,0.8597,2,2,-1
572,9,1599.21,507.81,39.48,87.57,0.9287,3,0,-1
572,10,1646.27,486.31,34.52,66.01,0.8588,2,1,-1
572,17,1299.02,430.88,31.82,65.87,0.8326,1,4,-1
572,21,1237.72,475.15,28.49,61.05,0.7831,2,2,-1
572,28,1368.66,434.10,27.41,64.74,0.8898,2,2,-1
572,29,1554.37,448.02,34.50,71.38,0.7938,2,1,-1
572,43,1308.45,484.34,30.64,70.21,0.8233,2,1,-1
572,53,1265.34,479.73,24.24,56.91,0.7610,1,4,-1
572,68,1610.81,454.20,42.07,66.59,0.8565,2,2,-1
573,5,1682.25,455.81,40.65,67.98,0.8813,2,1,-1
573,7,1750.43,452.49,30.05,67.77,0.8526,2,2,-1
573,9,1589.93,506.64,39.79,86.66,0.9392,3,0,-1
573,10,1639.53,486.05,33.79,65.66,0.8605,2,1,-1
573,17,1291.81,431.33,34.48,65.22,0.7984,1,4,-1
573,21,1219.63,471.56,30.03,64.12,0.8084,2,2,-1
573,28,1362.72,433.46,32.13,64.74,0.9110,2,2,-1
573,29,1542.61,444.70,38.15,74.78,0.8677,2,1,-1
573,43,1301.02,486.92,29.11,68.46,0.8633,2,1,-1
573,68,1597.23,454.34,36.81,62.91,0.8048,2,2,-1
573,0,1663.11,541.24,13.92,13.65,1.0,0,-1,-1
574,3,1625.35,445.15,24.13,57.99,0.8416,2,2,-1
574,5,1668.53,453.99,41.96,69.05,0.8958,2,1,-1
574,7,1742.67,452.02,29.39,66.82,0.8645,2,2,-1
574,9,1579.71,505.67,38.26,86.37,0.9294,3,0,-1
574,17,1283.08,431.28,36.02,64.78,0.7592,1,4,-1
574,21,1202.40,473.33,28.82,59.98,0.6329,2,2,-1
574,28,1354.97,432.46,36.41,64.67,0.9128,2,2,-1
574,29,1527.35,444.99,42.19,73.08,0.9174,2,1,-1
574,43,1292.86,487.92,27.93,65.82,0.8614,2,1,-1
574,58,1709.89,452.53,34.30,69.05,0.7556,2,2,-1
574,0,1653.79,539.73,13.10,14.07,1.0,0,-1,-1
575,3,1614.71,466.59,17.72,38.92,0.8245,2,2,-1
575,5,1656.66,454.48,42.12,67.91,0.9013,2,1,-1
575,7,1737.30,451.08,26.09,66.17,0.8813,2,2,-1
575,9,1568.93,504.58,37.29,86.74,0.9228,3,0,-1
575,10,1621.55,483.96,34.06,66.93,0.8409,2,1,-1
575,17,1304.94,435.68,31.06,63.33,0.8422,1,4,-1
575,21,1183.87,475.00,30.69,60.20,0.7623,2,2,-1
575,28,1347.51,431.12,38.01,64.53,0.9221,2,2,-1
575,29,1512.08,445.75,43.86,71.27,0.9140,2,1,-1
575,43,1282.49,482.85,29.47,71.04,0.8550,2,1,-1
575,58,1697.90,452.14,32.77,69.02,0.8192,2,2,-1
576,3,1601.48,463.74,21.12,44.61,0.8052,2,2,-1
576,5,1646.18,452.21,40.95,69.06,0.8855,2,1,-1
576,7,1727.76,449.87,25.06,67.28,0.8601,2,2,-1
576,9,1557.60,503.91,36.74,87.28,0.9110,3,0,-1
576,10,1611.91,483.98,31.97,66.53,0.8402,2,1,-1
576,17,1299.56,434.24,33.86,66.57,0.8675,1,4,-1
576,21,1167.39,491.80,23.40,44.51,0.5100,2,2,-1
576,28,1340.17,431.40,37.09,64.47,0.9136,2,2,-1
576,29,1496.75,446.25,43.29,71.30,0.8916,2,1,-1
576,43,1273.28,487.15,28.11,67.13,0.8358,2,1,-1
576,58,1683.43,451.23,35.41,70.17,0.8074,2,2,-1
576,83,1219.41,455.17,30.69,56.17,0.8624,2,-1,-1
577,3,1586.40,442.64,28.06,63.93,0.8467,2,2,-1
577,5,1635.75,451.67,36.79,68.41,0.8761,2,1,-1
577,7,1718.24,448.37,23.83,68.51,0.8599,2,2,-1
577,9,1546.19,503.18,37.33,88.51,0.9149,3,0,-1
577,10,1602.35,483.67,29.93,66.82,0.8323,2,1,-1
577,17,1290.82,440.58,35.60,62.20,0.8661,1,4,-1
577,21,1145.04,477.07,34.34,59.08,0.8534,2,2,-1
577,28,1335.88,430.72,34.19,66.46,0.9189,2,2,-1
577,29,1483.96,445.63,44.49,70.75,0.8479,2,1,-1
577,43,1263.89,487.71,27.82,66.74,0.8411,2,1,-1
577,58,1667.80,450.47,39.44,70.43,0.8377,2,2,-1
577,82,67.98,538.26,44.03,75.39,0.8152,2,-1,-1
577,83,1212.88,457.60,31.95,54.63,0.8693,2,-1,-1
577,84,1531.65,456.69,30.65,56.24,0.7903,2,-1,-1
578,3,1574.10,440.82,27.02,65.36,0.8355,2,2,-1
578,5,1625.90,450.46,33.02,66.88,0.8423,2,1,-1
578,7,1707.84,446.88,23.95,70.49,0.8524,2,2,-1
578,8,1243.06,439.16,43.39,59.95,0.8654,1,4,-1
578,9,1534.98,504.60,38.17,87.98,0.9191,3,0,-1
578,10,1593.22,482.34,29.64,68.65,0.6881,2,1,-1
578,17,1282.69,437.92,37.00,64.90,0.5909,1,4,-1
578,21,1117.07,474.60,47.10,61.70,0.8713,2,2,-1
578,28,1329.89,429.08,32.49,69.38,0.8906,2,2,-1
578,33,1473.25,444.97,47.57,64.84,0.7618,2,1,-1
578,58,1654.78,450.00,39.36,68.76,0.5697,2,2,-1
578,82,54.49,539.54,44.10,74.20,0.6001,2,-1,-1
578,83,1202.02,455.68,36.53,59.88,0.8801,2,-1,-1
578,84,1514.22,448.93,40.62,65.00,0.8655,2,-1,-1
579,3,1559.73,440.30,25.75,62.69,0.8324,2,2,-1
579,5,1613.95,452.20,31.06,65.89,0.8256,2,1,-1
579,7,1700.01,445.87,22.77,71.00,0.8771,2,2,-1
579,9,1523.58,504.17,39.14,89.21,0.9042,3,0,-1
579,10,1583.70,478.13,28.15,72.96,0.8442,2,1,-1
579,17,1274.33,444.61,34.96,59.12,0.7879,1,4,-1
579,21,1098.86,472.77,50.76,62.62,0.8208,2,2,-1
579,28,1323.80,427.37,31.50,71.50,0.9088,2,2,-1
579,29,1459.68,443.46,43.19,66.01,0.8154,2,1,-1
579,43,1244.70,480.74,31.42,75.59,0.8684,2,1,-1
579,54,1657.16,451.27,46.06,66.80,0.7619,2,1,-1
579,82,38.71,538.55,45.11,75.88,0.7258,2,-1,-1
579,83,1190.70,454.38,37.16,59.75,0.8709,2,1,-1
580,3,1543.89,440.27,28.27,62.37,0.8608,2,2,-1
580,5,1601.29,451.77,29.51,66.25,0.8202,2,1,-1
580,7,1690.92,445.92,22.44,70.94,0.8834,2,2,-1
580,8,1222.01,440.63,41.74,59.32,0.6001,1,4,-1
580,9,1514.37,506.25,37.78,87.50,0.9321,3,0,-1
580,10,1574.59,482.31,26.47,69.50,0.8139,2,1,-1
580,17,1267.14,444.81,34.47,59.28,0.6047,1,4,-1
580,28,1317.19,425.92,30.86,73.80,0.8899,2,2,-1
580,31,1434.06,443.96,43.58,67.93,0.7889,2,1,-1
580,43,1235.39,482.65,31.19,74.09,0.8757,2,1,-1
580,54,1626.69,464.70,33.54,55.14,0.7994,2,1,-1
580,66,1655.35,459.99,31.60,51.99,0.7989,2,1,-1
580,83,1180.33,455.41,40.72,62.21,0.8388,2,1,-1
580,84,1473.82,448.96,45.13,64.47,0.8197,2,-1,-1
581,5,1588.98,450.43,28.40,67.40,0.8254,2,1,-1
581,7,1682.22,446.47,22.65,70.16,0.8753,2,2,-1
581,8,1211.40,443.15,39.59,59.27,0.7309,1,4,-1
581,9,1502.04,507.01,38.72,85.94,0.9283,3,0,-1
581,10,1564.74,478.44,27.53,74.00,0.8117,2,1,-1
581,17,1262.67,445.55,29.98,58.91,0.8673,1,4,-1
581,28,1311.29,425.38,30.34,72.93,0.9049,2,2,-1
581,31,1414.80,442.33,45.13,70.42,0.8290,2,1,-1
581,43,1226.20,484.07,30.81,73.54,0.8832,2,1,-1
581,54,1614.44,469.13,29.52,51.06,0.7671,2,1,-1
581,66,1642.83,454.33,34.19,57.59,0.8151,2,1,-1
581,68,1527.33,440.18,33.86,61.59,0.8905,2,2,-1
581,82,14.60,539.65,42.31,80.15,0.7545,2,-1,-1
581,83,1168.60,454.72,44.01,62.98,0.8938,2,1,-1
581,84,1459.45,448.85,42.32,66.10,0.8587,2,2,-1
581,86,1897.99,535.42,20.64,92.29,0.8921,2,-1,-1
582,7,1673.38,447.93,23.10,69.79,0.8769,2,2,-1
582,8,1197.65,439.31,40.06,61.96,0.6263,1,4,-1
582,9,1490.07,507.56,40.44,85.85,0.9258,3,0,-1
582,10,1554.78,478.77,27.13,74.23,0.7610,2,1,-1
582,17,1254.24,444.55,27.38,59.68,0.8482,1,4,-1
582,21,1049.88,460.95,60.74,78.19,0.6860,2,2,-1
582,28,1304.93,425.26,29.29,70.81,0.8912,2,2,-1
582,31,1396.40,441.71,44.66,70.06,0.7183,2,1,-1
582,43,1217.60,481.91,30.31,76.53,0.9048,2,1,-1
582,58,1597.81,459.90,35.06,60.04,0.8498,2,2,-1
582,66,1631.74,461.27,33.76,51.85,0.8665,2,1,-1
582,68,1514.18,441.04,34.24,60.38,0.8964,2,2,-1
582,82,2.52,541.58,38.73,82.37,0.7914,2,-1,-1
582,83,1157.57,453.78,44.55,63.02,0.8101,2,1,-1
582,84,1441.01,453.78,35.07,60.77,0.7995,2,2,-1
582,86,1890.99,535.28,27.85,93.60,0.9225,2,-1,-1
583,7,1663.96,449.98,23.94,68.41,0.8851,2,2,-1
583,8,1187.80,439.06,37.40,61.56,0.8619,1,4,-1
583,9,1478.43,507.74,41.63,87.95,0.9353,3,0,-1
583,10,1544.39,479.36,27.67,75.03,0.6230,2,1,-1
583,28,1297.78,426.22,28.85,68.80,0.7883,2,2,-1
583,43,1209.91,481.18,29.42,79.12,0.8991,2,1,-1
583,58,1583.85,458.24,37.87,62.66,0.8494,2,2,-1
583,66,1623.13,455.71,38.12,58.00,0.8896,2,1,-1
583,68,1501.34,443.87,36.65,59.69,0.9060,2,2,-1
583,82,-1.52,543.15,28.08,85.17,0.9138,2,-1,-1
583,84,1419.42,447.66,40.86,67.92,0.8773,2,2,-1
583,86,1883.64,535.27,34.89,95.22,0.9196,2,-1,-1
584,7,1654.60,451.88,25.07,68.32,0.8772,2,2,-1
584,8,1175.07,440.41,34.74,61.16,0.8773,1,4,-1
584,9,1469.27,507.74,40.65,87.66,0.9414,3,0,-1
584,10,1537.21,488.15,26.18,68.22,0.7720,2,1,-1
584,17,1236.98,446.33,25.62,59.32,0.8616,1,4,-1
584,28,1291.97,427.97,30.56,68.52,0.9037,2,2,-1
584,31,1370.38,448.83,33.75,66.03,0.8589,2,1,-1
584,43,1201.31,482.67,28.96,78.90,0.9123,2,1,-1
584,58,1569.45,453.74,41.47,66.05,0.8315,2,2,-1
584,66,1615.11,461.95,33.87,52.64,0.8664,2,1,-1
584,68,1488.62,444.11,40.88,61.87,0.9172,2,2,-1
584,82,-7.01,540.54,25.35,91.50,0.7876,2,-1,-1
584,84,1405.11,443.88,44.08,73.02,0.8503,2,2,-1
584,86,1876.26,536.43,40.09,95.58,0.9246,2,2,-1
585,7,1649.14,454.44,23.58,67.17,0.8972,2,2,-1
585,8,1163.06,442.58,30.78,59.29,0.8782,1,4,-1
585,9,1460.27,508.90,39.23,85.72,0.9343,3,0,-1
585,10,1528.76,488.77,26.67,69.34,0.7258,2,1,-1
585,17,1228.99,445.97,25.83,61.19,0.8771,1,4,-1
585,28,1285.82,430.02,31.50,66.74,0.9128,2,2,-1
585,31,1358.30,456.94,28.18,59.33,0.8463,2,1,-1
585,43,1192.53,484.12,29.09,79.35,0.9152,2,1,-1
585,58,1556.43,452.87,40.38,62.81,0.8507,2,2,-1
585,66,1608.14,461.96,32.97,54.05,0.8751,2,1,-1
585,68,1476.44,444.90,43.78,61.52,0.9234,2,2,-1
585,84,1385.42,442.07,51.14,70.84,0.8963,2,2,-1
585,86,1866.60,536.97,43.24,95.98,0.9247,2,2,-1
586,7,1640.53,455.23,23.39,66.74,0.8933,2,2,-1
586,8,1151.43,445.18,29.51,55.91,0.8827,1,4,-1
586,9,1450.00,509.33,38.65,88.11,0.9365,3,0,-1
586,10,1518.89,490.85,26.55,68.69,0.8031,2,1,-1
586,17,1220.45,446.60,25.42,61.67,0.8667,1,4,-1
586,28,1279.55,432.27,32.36,62.11,0.9180,2,2,-1
586,31,1342.09,451.31,28.18,64.28,0.8424,2,1,-1
586,43,1183.36,485.39,29.85,78.54,0.9125,2,1,-1
586,58,1545.16,465.20,34.80,49.63,0.8496,2,2,-1
586,66,1601.69,452.08,43.68,65.36,0.8876,2,1,-1
586,68,1466.23,444.93,43.75,62.05,0.9173,2,2,-1
586,76,1111.46,460.18,39.48,62.84,0.6961,2,2,-1
586,84,1368.47,442.33,53.04,69.99,0.9018,2,2,-1
586,86,1858.44,538.11,44.06,96.49,0.9148,2,2,-1
587,5,1511.67,448.61,28.31,62.72,0.8373,2,1,-1
587,7,1634.55,454.99,22.24,67.98,0.8961,2,2,-1
587,8,1135.95,445.38,32.99,58.65,0.8815,1,4,-1
587,9,1440.04,510.01,37.13,86.86,0.9309,3,0,-1
587,17,1211.49,446.86,25.69,62.09,0.8746,1,4,-1
587,28,1271.35,433.84,33.65,62.97,0.9115,2,2,-1
587,31,1323.40,456.37,31.53,61.41,0.8559,2,1,-1
587,43,1173.89,487.37,31.28,78.15,0.9147,2,1,-1
587,66,1592.56,465.93,32.44,51.50,0.8903,2,1,-1
587,68,1457.30,443.87,41.76,62.96,0.9097,2,2,-1
587,76,1104.66,471.26,29.50,52.98,0.7934,2,2,-1
587,86,1853.23,538.64,43.55,97.81,0.9300,2,2,-1
588,3,1449.50,442.07,35.90,66.62,0.9092,2,2,-1
588,7,1628.42,455.12,21.03,69.32,0.8894,2,2,-1
588,8,1119.05,445.11,38.03,60.79,0.8806,1,4,-1
588,9,1430.42,509.98,36.46,89.65,0.9322,3,0,-1
588,10,1502.72,491.37,26.20,71.19,0.8041,2,1,-1
588,17,1202.33,449.87,26.86,60.97,0.8760,1,4,-1
588,28,1263.06,434.18,34.10,62.48,0.9119,2,2,-1
588,31,1304.26,453.13,39.90,64.97,0.8964,2,1,-1
588,39,1092.25,469.38,27.99,57.62,0.8315,1,4,-1
588,43,1165.33,489.81,33.11,77.28,0.9175,2,1,-1
588,62,1503.51,448.71,22.81,54.11,0.8479,2,1,-1
588,66,1585.00,463.00,32.86,56.19,0.8773,2,1,-1
588,86,1848.31,540.07,42.37,97.93,0.9148,2,2,-1
589,3,1439.05,439.60,33.72,69.31,0.8973,2,2,-1
589,5,1490.17,447.85,25.54,60.78,0.8578,2,1,-1
589,7,1621.50,455.36,19.95,69.82,0.8913,2,2,-1
589,8,1104.49,445.05,42.78,62.10,0.9029,1,4,-1
589,9,1420.15,510.29,36.01,90.55,0.9293,3,0,-1
589,10,1492.78,496.20,27.40,68.25,0.8172,2,1,-1
589,17,1193.85,448.25,27.16,63.59,0.8914,1,4,-1
589,28,1255.18,433.88,33.84,64.77,0.9029,2,2,-1
589,31,1290.27,456.09,39.32,63.05,0.8911,2,1,-1
589,39,1082.71,471.82,27.94,57.59,0.6996,1,4,-1
589,43,1155.51,490.32,36.88,78.61,0.9214,2,1,-1
589,66,1579.33,460.66,32.88,59.13,0.8692,2,1,-1
589,86,1844.52,541.02,40.65,98.79,0.9205,2,2,-1
590,3,1430.47,438.02,27.52,68.06,0.8936,2,2,-1
590,7,1615.28,455.74,19.85,70.27,0.8759,2,2,-1
590,8,1093.42,444.93,43.70,63.52,0.8953,1,4,-1
590,9,1410.66,511.36,35.38,89.94,0.9289,3,0,-1
590,17,1186.10,450.05,26.03,63.83,0.8719,1,4,-1
590,28,1249.42,433.67,31.89,65.69,0.8972,2,2,-1
590,31,1278.56,453.95,37.80,65.37,0.8019,2,1,-1
590,43,1147.51,491.89,39.42,78.38,0.9293,2,1,-1
590,58,1492.89,464.65,34.84,52.81,0.8483,2,2,-1
590,66,1574.25,466.38,29.43,55.43,0.8721,2,1,-1
590,83,1071.03,481.78,32.32,49.76,0.7250,2,1,-1
590,86,1844.75,542.74,35.99,98.43,0.9105,2,2,-1
591,3,1422.88,436.29,24.21,72.64,0.8836,2,2,-1
591,7,1611.09,455.71,19.86,71.65,0.8829,2,2,-1
591,8,1084.65,445.32,43.31,64.02,0.8743,1,4,-1
591,9,1402.24,511.44,36.41,92.52,0.9268,3,0,-1
591,17,1177.78,451.57,27.41,66.42,0.8756,1,4,-1
591,28,1244.32,432.48,30.90,66.12,0.8983,2,2,-1
591,31,1271.28,457.55,31.81,62.47,0.8263,2,1,-1
591,43,1140.58,493.13,41.14,79.33,0.9226,2,1,-1
591,58,1483.21,464.71,34.70,51.89,0.8378,2,2,-1
591,66,1569.82,461.82,31.45,61.00,0.8675,2,1,-1
591,83,1062.84,482.57,31.88,50.56,0.7739,2,1,-1
591,86,1842.31,543.42,34.83,99.44,0.9088,2,2,-1
592,3,1416.13,436.99,22.75,73.63,0.8862,2,2,-1
592,5,1462.00,442.70,27.19,69.45,0.7839,2,1,-1
592,7,1607.51,455.48,19.43,72.61,0.8857,2,2,-1
592,8,1074.74,446.04,40.48,62.44,0.8822,1,4,-1
592,9,1394.59,511.75,36.66,92.98,0.9195,3,0,-1
592,10,1472.39,496.64,31.81,71.54,0.7846,2,1,-1
592,17,1172.48,451.99,27.02,67.95,0.8764,1,4,-1
592,28,1239.84,431.01,28.93,66.11,0.8828,2,2,-1
592,31,1261.07,458.09,30.19,62.57,0.7311,2,1,-1
592,43,1134.58,494.40,42.37,78.79,0.9277,2,1,-1
592,66,1565.81,469.03,27.53,55.07,0.8584,2,1,-1
592,83,1044.99,469.30,41.73,65.78,0.7731,2,1,-1
592,86,1840.94,544.36,32.82,101.56,0.9125,2,2,-1
592,91,1885.93,361.17,24.63,47.39,0.8621,3,-1,-1
593,3,1407.56,436.93,21.94,73.31,0.8963,2,2,-1
593,7,1602.91,455.49,20.24,74.03,0.8829,2,2,-1
593,8,1062.70,445.80,41.37,63.12,0.8828,1,4,-1
593,9,1386.54,512.79,38.16,93.90,0.9279,3,0,-1
593,10,1468.10,495.36,31.70,75.40,0.8938,2,1,-1
593,17,1166.17,453.04,26.74,68.05,0.8488,1,4,-1
593,28,1235.50,431.86,28.19,67.03,0.8905,2,2,-1
593,43,1130.97,495.87,44.65,79.11,0.9214,2,1,-1
593,62,1452.89,442.53,26.18,57.55,0.8123,2,1,-1
593,66,1561.10,468.77,26.73,56.40,0.8697,2,1,-1
593,83,1038.70,468.61,40.92,67.08,0.8358,2,1,-1
593,86,1839.76,546.16,31.61,100.89,0.9206,2,2,-1
593,91,1881.96,361.92,24.08,47.47,0.8830,3,-1,-1
594,3,1397.67,438.40,23.46,73.27,0.8968,2,2,-1
594,7,1599.69,454.97,20.37,74.72,0.9003,2,2,-1
594,8,1053.10,448.53,41.56,65.94,0.8724,1,4,-1
594,9,1375.68,513.45,42.45,94.83,0.9286,3,0,-1
594,10,1461.95,495.92,32.67,77.35,0.8889,2,1,-1
594,17,1160.68,453.82,26.49,67.34,0.8644,1,4,-1
594,23,1455.15,464.21,22.03,51.07,0.8092,2,1,-1
594,28,1229.18,431.98,30.08,69.98,0.8777,2,2,-1
594,43,1127.35,495.60,43.78,80.79,0.9249,2,1,-1
594,66,1556.41,461.41,28.60,65.26,0.8856,2,1,-1
594,83,1028.39,464.20,43.45,72.25,0.8162,2,1,-1
594,86,1838.64,547.50,30.62,101.23,0.9209,2,2,-1
594,91,1879.49,362.24,23.73,47.60,0.8673,3,-1,-1
595,3,1388.14,439.91,25.49,73.91,0.8956,2,2,-1
595,5,1427.41,443.59,37.11,76.95,0.8308,2,1,-1
595,7,1595.47,455.45,20.72,74.67,0.8977,2,2,-1
595,8,1042.60,450.12,42.06,65.01,0.8106,1,4,-1
595,9,1366.01,514.00,45.85,95.55,0.9363,3,0,-1
595,10,1456.14,496.14,34.90,80.84,0.9008,2,1,-1
595,17,1153.68,453.96,27.36,68.44,0.8399,1,4,-1
595,28,1223.11,432.58,29.24,73.35,0.8588,2,2,-1
595,43,1126.88,496.05,41.40,81.35,0.9080,2,1,-1
595,66,1552.84,472.42,24.73,55.39,0.8811,2,1,-1
595,86,1835.87,549.35,30.39,101.03,0.9165,2,2,-1
595,91,1874.57,362.65,24.92,47.58,0.8877,3,-1,-1
595,93,824.42,480.07,44.02,74.72,0.7313,2,-1,-1
596,3,1377.36,442.17,28.01,75.01,0.8944,2,2,-1
596,5,1414.70,442.85,42.70,78.30,0.8736,2,1,-1
596,7,1591.18,456.55,21.45,74.75,0.8887,2,2,-1
596,8,1032.26,451.89,41.46,62.53,0.8577,1,4,-1
596,9,1359.79,516.94,46.68,94.90,0.9367,3,0,-1
596,10,1452.27,499.34,34.05,79.58,0.8829,2,1,-1
596,28,1214.26,433.37,31.12,75.01,0.8480,2,2,-1
596,29,1254.28,449.60,29.43,60.18,0.8594,2,1,-1
596,43,1126.84,495.62,39.13,82.97,0.8995,2,1,-1
596,66,1546.90,460.78,28.91,68.82,0.8732,2,1,-1
596,86,1832.21,550.97,30.87,101.64,0.9181,2,2,-1
596,91,1871.60,362.03,24.80,48.15,0.8721,3,-1,-1
596,93,804.68,484.24,46.24,71.60,0.9040,2,-1,-1
597,3,1367.50,445.37,29.83,72.72,0.8937,2,2,-1
597,5,1404.82,442.01,46.38,76.93,0.8999,2,1,-1
597,7,1585.30,458.33,23.19,76.06,0.8918,2,2,-1
597,8,1026.14,452.51,39.69,62.29,0.8589,1,4,-1
597,9,1354.08,517.89,45.65,95.01,0.9306,3,0,-1
597,10,1447.51,502.43,33.45,78.49,0.8546,2,1,-1
597,28,1202.12,458.04,37.96,65.58,0.8442,2,2,-1
597,29,1245.33,449.42,28.47,61.30,0.8774,2,1,-1
597,43,1125.32,494.60,34.94,85.28,0.8850,2,1,-1
597,66,1542.67,465.82,25.73,63.85,0.8859,2,1,-1
597,76,998.19,464.40,40.00,71.45,0.7455,2,2,-1
597,86,1829.04,553.18,31.66,102.74,0.9237,2,2,-1
597,91,1867.17,362.12,25.73,48.86,0.8700,3,-1,-1
597,93,787.11,490.49,49.81,69.59,0.9189,2,-1,-1
598,3,1360.22,448.91,29.73,72.43,0.8950,2,2,-1
598,5,1396.31,443.19,42.01,76.98,0.8737,2,1,-1
598,7,1581.27,460.96,24.45,74.97,0.9092,2,2,-1
598,8,1012.48,453.58,44.77,64.34,0.8727,1,4,-1
598,9,1348.42,518.56,45.37,95.28,0.9374,3,0,-1
598,10,1440.76,501.73,36.07,80.10,0.8823,2,1,-1
598,29,1232.85,452.87,30.87,58.05,0.8850,2,1,-1
598,31,1183.13,455.64,44.02,71.37,0.8941,2,1,-1
598,43,1123.46,496.28,30.25,84.28,0.8939,2,1,-1
598,66,1538.54,468.11,25.70,63.12,0.8662,2,1,-1
598,86,1826.93,555.64,31.09,100.94,0.9189,2,2,-1
598,91,1863.74,362.50,26.45,49.15,0.9002,3,-1,-1
598,93,775.86,493.92,44.81,65.68,0.8734,2,2,-1
599,3,1351.35,452.04,29.17,71.37,0.8914,2,2,-1
599,5,1387.63,443.21,34.71,76.92,0.8701,2,1,-1
599,7,1574.36,463.14,26.01,73.96,0.8906,2,2,-1
599,8,1006.05,452.48,46.20,66.92,0.6907,1,4,-1
599,9,1342.46,518.62,44.14,96.08,0.9247,3,0,-1
599,10,1434.16,503.00,40.58,80.90,0.8964,2,1,-1
599,29,1225.68,452.69,31.13,58.60,0.8501,2,1,-1
599,31,1169.41,455.37,48.45,73.65,0.9108,2,1,-1
599,43,1119.20,496.51,28.69,86.69,0.9019,2,1,-1
599,66,1533.26,466.06,27.10,66.18,0.8331,2,1,-1
599,86,1822.85,558.81,31.17,100.39,0.9052,2,2,-1
599,91,1858.87,361.91,26.83,50.16,0.8854,3,-1,-1
599,93,758.75,492.63,35.23,67.94,0.8928,2,2,-1
600,3,1343.03,453.52,29.28,74.01,0.8882,2,2,-1
600,7,1568.28,464.11,28.08,74.45,0.9075,2,2,-1
600,8,999.99,453.13,44.94,64.80,0.9096,1,4,-1
600,9,1335.94,519.09,41.69,96.46,0.9321,3,0,-1
600,10,1429.17,503.82,41.37,83.12,0.8653,2,1,-1
600,29,1215.34,453.96,31.48,57.17,0.8181,2,1,-1
600,31,1159.46,467.49,46.16,62.06,0.8976,2,1,-1
600,43,1114.61,498.79,28.79,86.26,0.9066,2,1,-1
600,66,1528.89,464.23,30.12,68.86,0.8596,2,1,-1
600,68,1380.75,472.91,28.19,47.02,0.8171,2,2,-1
600,86,1818.63,558.69,31.89,102.48,0.9073,2,2,-1
600,91,1854.72,360.21,26.60,51.00,0.8794,3,-1,-1
600,93,762.95,490.41,34.36,67.12,0.8327,2,2,-1
601,3,1334.35,454.53,28.92,70.89,0.8716,2,2,-1
601,5,1370.35,442.95,33.33,75.72,0.7741,2,1,-1
601,7,1562.75,463.71,28.78,75.84,0.8969,2,2,-1
601,8,994.16,452.24,45.50,66.50,0.8297,1,4,-1
601,9,1330.27,519.12,40.08,97.15,0.9247,3,0,-1
601,10,1424.98,504.03,40.49,87.09,0.9099,2,1,-1
601,29,1207.01,453.57,29.83,56.58,0.8539,2,1,-1
601,31,1151.18,472.07,44.29,57.43,0.8674,2,1,-1
601,43,1108.04,501.64,33.05,85.76,0.9260,2,1,-1
601,66,1521.39,468.18,30.13,65.68,0.8450,2,1,-1
601,83,947.92,464.12,54.59,77.91,0.7689,2,1,-1
601,86,1815.85,560.25,31.20,101.98,0.9179,2,2,-1
601,91,1851.18,360.16,25.76,50.45,0.8812,3,-1,-1
601,93,746.40,482.18,35.77,72.74,0.8653,2,2,-1
602,3,1327.10,455.08,29.16,74.23,0.8831,2,2,-1
602,5,1361.48,441.50,34.53,75.28,0.8333,2,1,-1
602,7,1558.11,464.17,28.68,77.34,0.9101,2,2,-1
602,8,989.62,451.31,44.24,67.47,0.9043,1,4,-1
602,9,1324.07,519.90,38.51,97.97,0.9238,3,0,-1
602,10,1422.57,504.60,39.16,90.86,0.9126,2,1,-1
602,31,1138.60,470.44,44.55,59.06,0.6084,2,1,-1
602,43,1101.78,503.39,38.17,85.60,0.9213,2,1,-1
602,66,1514.80,468.16,30.08,67.26,0.8698,2,1,-1
602,84,1182.48,448.40,45.28,60.49,0.8826,2,2,-1
602,86,1811.77,560.80,32.01,103.58,0.9118,2,2,-1
602,91,1847.15,359.04,25.10,51.59,0.8837,3,-1,-1
602,93,706.47,491.20,39.32,72.89,0.8077,2,2,-1
603,3,1322.89,454.63,27.25,71.34,0.8927,2,2,-1
603,5,1348.69,439.96,37.25,79.45,0.7727,2,1,-1
603,7,1554.57,465.49,28.67,76.50,0.9059,2,2,-1
603,8,987.20,453.22,40.88,65.72,0.9009,1,4,-1
603,9,1319.15,519.59,38.32,99.06,0.9209,3,0,-1
603,10,1420.99,505.87,36.65,89.22,0.8574,2,1,-1
603,43,1095.79,504.98,43.68,85.95,0.9201,2,1,-1
603,66,1510.48,465.52,30.11,70.92,0.8765,2,1,-1
603,73,1133.31,475.01,23.35,53.98,0.6776,2,2,-1
603,84,1177.94,450.21,44.65,57.96,0.8828,2,2,-1
603,86,1809.44,560.67,31.83,104.85,0.9064,2,2,-1
603,91,1845.25,358.80,23.95,51.46,0.8774,3,-1,-1
603,93,679.77,491.69,54.07,72.06,0.9177,2,2,-1
604,3,1316.78,455.74,27.88,74.73,0.8051,2,2,-1
604,7,1550.58,466.65,28.13,76.62,0.8968,2,2,-1
604,8,983.45,452.52,39.97,67.55,0.8924,1,4,-1
604,9,1312.97,518.72,38.01,100.87,0.9184,3,0,-1
604,10,1418.93,506.42,34.50,90.29,0.8982,2,1,-1
604,17,1120.48,475.44,23.03,55.60,0.7741,1,4,-1
604,43,1089.52,506.33,45.45,85.86,0.9198,2,1,-1
604,66,1506.91,471.17,28.64,66.72,0.8955,2,1,-1
604,84,1171.94,448.21,44.81,61.74,0.8587,2,2,-1
604,86,1807.94,560.71,31.39,105.31,0.9026,2,2,-1
604,91,1842.15,358.35,23.34,51.23,0.8797,3,-1,-1
604,93,656.82,492.61,50.72,72.71,0.8934,2,2,-1
605,3,1312.95,469.49,22.88,58.87,0.7824,2,2,-1
605,7,1546.92,467.54,26.68,76.51,0.9007,2,2,-1
605,8,979.04,452.86,39.69,66.57,0.9288,1,4,-1
605,9,1306.97,520.81,37.66,99.87,0.9078,3,0,-1
605,10,1414.61,505.46,33.21,92.27,0.8996,2,1,-1
605,17,1123.08,468.37,25.20,60.67,0.5358,1,4,-1
605,28,1181.72,450.70,27.67,58.30,0.8459,2,2,-1
605,43,1083.14,507.17,47.62,86.52,0.9118,2,1,-1
605,53,904.97,505.33,19.04,47.89,0.6519,1,4,-1
605,66,1501.16,467.98,31.04,71.91,0.8933,2,1,-1
605,86,1804.02,560.82,31.75,106.90,0.9162,2,2,-1
605,91,1838.91,358.40,22.55,51.29,0.8965,3,-1,-1
606,3,1305.81,453.60,29.93,75.94,0.8200,2,2,-1
606,7,1543.18,467.72,25.97,77.01,0.9126,2,2,-1
606,8,972.93,452.71,43.75,66.28,0.9115,1,4,-1
606,9,1300.66,518.76,38.87,103.02,0.7115,3,0,-1
606,10,1411.01,505.69,32.91,93.53,0.9023,2,1,-1
606,17,1059.89,448.15,27.26,59.70,0.6158,1,4,-1
606,28,1175.26,446.73,28.93,63.14,0.8700,2,2,-1
606,31,1116.71,465.64,37.58,50.70,0.5822,2,1,-1
606,43,1079.54,505.64,46.59,88.23,0.9178,2,1,-1
606,66,1497.15,466.96,32.81,74.36,0.8852,2,1,-1
606,83,898.09,480.20,42.38,61.35,0.5613,2,1,-1
606,86,1801.10,560.76,32.07,107.47,0.9153,2,2,-1
606,91,1835.79,357.65,22.64,51.58,0.8738,3,-1,-1
606,93,623.79,492.70,49.21,78.85,0.7770,2,2,-1
607,3,1299.14,457.93,28.51,70.52,0.8364,2,2,-1
607,7,1537.92,466.99,27.03,77.43,0.8874,2,2,-1
607,8,968.32,453.16,51.56,65.29,0.9084,1,4,-1
607,9,1295.08,519.28,39.19,103.42,0.9042,3,0,-1
607,10,1408.54,505.40,32.00,95.04,0.9180,2,1,-1
607,28,1168.48,444.36,29.77,65.98,0.8687,2,2,-1
607,31,1089.45,459.71,45.58,56.16,0.6086,2,1,-1
607,43,1078.97,503.08,43.56,91.56,0.9157,2,1,-1
607,66,1492.23,465.25,34.43,76.67,0.9081,2,1,-1
607,83,886.43,476.79,44.69,76.36,0.7839,2,1,-1
607,86,1798.11,560.61,32.38,108.25,0.9082,2,2,-1
607,91,1832.90,357.19,22.98,51.62,0.8698,3,-1,-1
607,93,608.62,493.03,43.27,78.45,0.7884,2,2,-1
608,3,1287.87,459.73,27.80,70.79,0.8309,2,2,-1
608,5,1306.94,442.92,25.31,62.72,0.6949,2,1,-1
608,7,1533.93,465.81,27.40,79.58,0.9086,2,2,-1
608,8,961.19,454.26,55.36,64.36,0.8833,1,4,-1
608,9,1289.53,520.82,39.31,102.68,0.8378,3,0,-1
608,10,1404.49,506.44,33.36,96.75,0.9088,2,1,-1
608,28,1161.79,441.86,30.31,68.15,0.8815,2,2,-1
608,29,1141.97,462.34,25.33,52.49,0.6224,2,1,-1
608,31,1087.64,461.54,43.13,55.80,0.7370,2,1,-1
608,43,1079.07,502.21,39.62,93.04,0.9086,2,1,-1
608,66,1486.85,464.83,33.37,78.47,0.9074,2,1,-1
608,83,878.19,481.42,40.06,73.54,0.7348,2,1,-1
608,86,1796.48,561.22,31.86,109.29,0.9087,2,2,-1
608,91,1828.80,357.11,23.84,51.60,0.8890,3,-1,-1
608,93,591.39,492.77,38.91,79.17,0.9206,2,2,-1
609,3,1275.44,434.50,26.95,63.84,0.8548,2,2,-1
609,5,1300.20,438.28,23.18,58.98,0.5702,2,1,-1
609,7,1529.00,464.57,28.15,81.47,0.9112,2,2,-1
609,8,955.48,453.71,58.51,66.45,0.8485,1,4,-1
609,9,1284.59,523.08,39.73,100.78,0.9070,3,0,-1
609,10,1401.24,509.06,34.74,98.31,0.9164,2,1,-1
609,28,1158.19,441.18,28.41,68.50,0.8934,2,2,-1
609,31,1048.56,478.36,41.37,55.45,0.5097,2,1,-1
609,43,1081.12,499.63,35.63,96.03,0.8966,2,1,-1
609,66,1482.95,463.52,35.05,79.91,0.9027,2,1,-1
609,83,868.62,484.36,39.53,75.00,0.5720,2,1,-1
609,84,1120.38,445.12,42.49,69.67,0.8453,2,2,-1
609,86,1794.54,561.78,31.15,109.99,0.9182,2,2,-1
609,91,1825.79,356.74,24.41,51.60,0.8878,3,-1,-1
609,93,574.11,491.36,40.67,82.47,0.9091,2,2,-1
609,95,610.31,479.06,37.24,84.39,0.8758,2,-1,-1
610,3,1260.22,433.49,29.45,72.76,0.8385,2,2,-1
610,5,1282.10,459.12,30.35,71.37,0.8456,2,1,-1
610,7,1525.25,464.40,28.87,81.75,0.9036,2,2,-1
610,8,951.27,454.10,58.25,65.56,0.9016,1,4,-1
610,9,1279.78,522.53,40.00,101.74,0.7398,3,0,-1
610,10,1397.85,511.08,37.23,98.70,0.9290,2,1,-1
610,28,1153.35,440.44,28.39,67.81,0.8861,2,2,-1
610,43,1079.21,499.55,33.69,96.43,0.8725,2,1,-1
610,66,1478.21,463.19,37.44,81.55,0.9121,2,1,-1
610,84,1117.34,444.02,35.76,64.83,0.8325,2,2,-1
610,86,1792.58,562.32,31.71,110.79,0.9206,2,2,-1
610,91,1821.89,356.22,25.20,51.96,0.7507,3,-1,-1
610,93,553.42,491.40,48.27,83.81,0.9184,2,2,-1
610,95,594.28,478.79,39.57,85.50,0.8666,2,-1,-1
611,3,1248.74,434.06,28.61,74.12,0.8861,2,2,-1
611,5,1275.37,458.06,29.38,75.47,0.8517,2,1,-1
611,7,1520.69,465.27,31.89,82.70,0.9093,2,2,-1
611,8,948.21,451.76,58.22,67.27,0.8957,1,4,-1
611,9,1275.60,523.88,40.35,101.38,0.9142,3,0,-1
611,10,1393.98,513.77,40.09,97.02,0.9244,2,1,-1
611,28,1151.74,439.96,28.04,67.86,0.9014,2,2,-1
611,43,1081.13,501.76,29.79,94.89,0.8891,2,1,-1
611,66,1474.10,463.52,38.02,82.04,0.9145,2,1,-1
611,73,1076.48,452.06,27.99,67.60,0.6721,2,2,-1
611,83,855.38,485.67,37.56,74.06,0.5443,2,1,-1
611,84,1114.17,441.84,34.54,74.62,0.8794,2,2,-1
611,86,1791.69,562.49,31.97,111.53,0.9192,2,2,-1
611,91,1817.89,355.77,28.07,52.95,0.8988,3,-1,-1
611,95,576.71,479.48,46.55,86.29,0.9178,2,-1,-1
611,0,1407.12,455.71,8.10,9.18,1.0,0,-1,-1
612,3,1240.68,433.67,25.85,74.21,0.8868,2,2,-1
612,5,1270.36,458.77,29.33,76.86,0.7140,2,1,-1
612,7,1518.13,467.14,34.72,82.46,0.9244,2,2,-1
612,8,948.01,453.52,54.81,64.82,0.8932,1,4,-1
612,9,1273.19,523.45,40.25,101.85,0.9039,3,0,-1
612,10,1392.02,515.65,41.53,97.57,0.9277,2,1,-1
612,28,1149.88,439.22,30.10,68.88,0.9083,2,2,-1
612,43,1082.31,504.19,28.38,94.09,0.8981,2,1,-1
612,66,1471.37,464.41,40.36,81.56,0.9027,2,1,-1
612,83,842.62,482.49,42.50,79.38,0.8218,2,1,-1
612,84,1110.98,439.90,33.01,75.38,0.8894,2,2,-1
612,86,1791.75,563.06,31.62,111.59,0.9195,2,2,-1
612,91,1817.47,355.42,28.09,52.63,0.8864,3,-1,-1
612,93,510.95,494.37,64.15,84.91,0.9318,2,2,-1
612,0,839.67,541.61,11.00,17.16,1.0,0,-1,-1
613,3,1229.84,433.83,26.70,73.48,0.8884,2,2,-1
613,5,1270.54,465.90,25.21,69.76,0.8355,2,1,-1
613,7,1513.33,469.54,37.45,81.59,0.9085,2,2,-1
613,8,949.40,457.42,50.83,61.68,0.7951,1,4,-1
613,9,1270.43,523.93,40.38,102.84,0.7616,3,0,-1
613,10,1390.41,517.12,41.23,98.88,0.9296,2,1,-1
613,28,1147.08,436.86,33.13,69.83,0.9083,2,2,-1
613,43,1082.84,506.32,28.63,93.17,0.9128,2,1,-1
613,66,1467.37,466.05,42.84,80.06,0.9165,2,1,-1
613,73,1070.16,451.16,25.90,73.73,0.7630,2,2,-1
613,83,834.95,481.70,45.37,81.16,0.9160,2,1,-1
613,84,1106.36,438.64,34.35,75.02,0.8969,2,2,-1
613,86,1791.67,563.37,31.88,112.55,0.9251,2,2,-1
613,91,1816.81,355.07,28.78,53.79,0.7609,3,-1,-1
613,93,497.63,496.04,62.12,85.76,0.9198,2,2,-1
613,95,551.75,474.94,51.26,89.71,0.8971,2,-1,-1
613,96,1040.06,467.76,28.77,73.93,0.7539,2,-1,-1
614,3,1215.21,433.42,31.72,74.95,0.8993,2,2,-1
614,5,1269.12,460.89,25.49,75.15,0.8338,2,1,-1
614,7,1510.03,470.89,37.77,80.50,0.9079,2,2,-1
614,8,952.69,455.70,44.39,62.97,0.8910,1,4,-1
614,9,1267.78,523.47,40.41,104.68,0.9015,3,0,-1
614,10,1388.38,518.18,39.39,100.43,0.9301,2,1,-1
614,28,1146.89,438.55,33.08,68.76,0.9093,2,2,-1
614,43,1082.17,507.20,33.96,94.35,0.9165,2,1,-1
614,66,1464.92,467.96,43.96,79.32,0.9157,2,1,-1
614,73,1065.36,449.17,26.05,85.94,0.8275,2,2,-1
614,83,831.92,482.14,42.29,82.45,0.9211,2,1,-1
614,84,1099.96,437.65,37.38,80.15,0.8836,2,2,-1
614,86,1791.67,563.49,32.32,113.35,0.9280,2,2,-1
614,91,1816.51,353.35,28.54,54.83,0.8784,3,-1,-1
614,93,488.04,497.86,60.22,84.53,0.6832,2,2,-1
614,96,1036.63,464.50,27.08,79.18,0.8596,2,-1,-1
615,3,1206.77,434.10,32.16,71.98,0.8963,2,2,-1
615,5,1267.40,459.94,25.21,76.18,0.8387,2,1,-1
615,7,1505.79,471.28,36.36,81.34,0.9104,2,2,-1
615,9,1265.68,524.18,41.05,105.12,0.7632,3,0,-1
615,10,1387.33,519.68,38.36,103.13,0.9300,2,1,-1
615,28,1146.03,442.25,33.42,65.78,0.9142,2,2,-1
615,39,960.28,458.19,30.99,60.96,0.6723,1,4,-1
615,43,1079.37,508.83,41.59,94.46,0.9289,2,1,-1
615,66,1461.42,470.17,44.78,77.87,0.9118,2,1,-1
615,73,1063.94,449.28,24.83,86.08,0.8641,2,2,-1
615,83,829.30,481.31,40.96,84.80,0.9132,2,1,-1
615,84,1092.04,437.24,38.63,80.71,0.8746,2,2,-1
615,86,1791.61,563.94,32.43,113.55,0.9273,2,2,-1
615,91,1816.19,352.26,29.23,56.18,0.7608,3,-1,-1
615,96,1031.98,466.97,25.96,75.98,0.7646,2,-1,-1
616,3,1195.59,434.51,34.52,73.64,0.9001,2,2,-1
616,7,1501.87,471.09,35.25,82.82,0.9099,2,2,-1
616,9,1263.83,525.83,41.18,104.21,0.8458,3,0,-1
616,10,1387.98,521.83,38.95,102.91,0.9262,2,1,-1
616,28,1142.77,440.52,35.61,68.02,0.9107,2,2,-1
616,39,957.91,457.95,30.53,60.89,0.8815,1,4,-1
616,43,1076.67,509.55,47.38,95.38,0.9305,2,1,-1
616,62,1249.16,437.78,30.75,70.26,0.8365,2,1,-1
616,66,1458.52,471.27,45.40,79.23,0.9093,2,1,-1
616,73,1060.75,470.73,19.07,64.41,0.8080,2,2,-1
616,83,826.49,477.67,38.88,89.93,0.8852,2,1,-1
616,84,1088.31,438.06,36.95,79.22,0.8956,2,2,-1
616,86,1791.22,564.42,32.77,114.48,0.9242,2,2,-1
616,91,1815.09,351.27,28.25,57.11,0.8191,3,-1,-1
616,96,1026.46,465.62,28.47,78.66,0.8599,2,-1,-1
616,98,995.52,459.57,32.31,69.60,0.8825,2,-1,-1
617,3,1190.22,434.72,32.26,73.75,0.8864,2,2,-1
617,7,1499.55,470.91,34.64,85.06,0.9113,2,2,-1
617,9,1262.36,525.86,41.46,105.47,0.8153,3,0,-1
617,10,1392.33,523.47,35.43,103.19,0.9182,2,1,-1
617,21,824.73,519.68,32.85,49.11,0.8384,2,2,-1
617,28,1140.90,442.69,35.44,66.87,0.9138,2,2,-1
617,39,955.96,457.22,30.81,62.47,0.8884,1,4,-1
617,43,1075.12,513.14,50.23,92.85,0.9337,2,1,-1
617,62,1262.80,461.70,29.07,77.27,0.8533,2,1,-1
617,66,1456.61,472.87,46.69,81.34,0.9162,2,1,-1
617,73,1056.98,449.78,24.31,86.40,0.7913,2,2,-1
617,84,1082.06,439.36,38.72,80.16,0.8848,2,2,-1
617,86,1791.39,565.62,33.30,115.00,0.9232,2,2,-1
617,91,1815.96,350.49,27.12,57.73,0.8664,3,-1,-1
617,96,1022.65,465.96,30.12,79.76,0.8995,2,-1,-1
617,98,986.51,459.66,36.02,70.97,0.8920,2,-1,-1
618,3,1186.27,433.87,29.41,75.05,0.8520,2,2,-1
618,7,1499.47,471.38,33.58,86.18,0.9104,2,2,-1
618,9,1261.49,527.57,41.35,105.21,0.6783,3,0,-1
618,10,1396.57,523.79,31.47,105.21,0.9321,2,1,-1
618,21,820.76,520.09,33.12,50.18,0.7372,2,2,-1
618,28,1139.96,443.42,34.89,66.67,0.9135,2,2,-1
618,33,1241.35,438.20,31.63,71.59,0.8678,2,1,-1
618,39,955.37,459.98,29.88,58.70,0.8483,1,4,-1
618,43,1072.97,513.80,52.31,93.81,0.9308,2,1,-1
618,62,1263.92,464.16,26.99,76.53,0.8761,2,1,-1
618,66,1455.99,473.62,46.92,81.86,0.9148,2,1,-1
618,73,1054.69,449.20,24.43,86.41,0.8307,2,2,-1
618,84,1079.01,441.01,39.91,80.14,0.8959,2,2,-1
618,86,1792.62,567.04,33.72,115.37,0.9238,2,2,-1
618,91,1816.72,350.51,26.51,57.89,0.7967,3,-1,-1
618,96,1020.18,467.69,30.45,79.90,0.9102,2,2,-1
618,98,979.04,458.11,39.44,74.45,0.8953,2,-1,-1
618,99,448.13,492.68,34.97,93.30,0.8768,2,-1,-1
619,3,1179.83,432.43,27.65,74.55,0.8727,2,2,-1
619,7,1498.68,472.97,32.38,86.54,0.9048,2,2,-1
619,9,1260.96,528.81,41.44,105.69,0.9083,3,0,-1
619,10,1400.49,522.79,28.64,107.25,0.9176,2,1,-1
619,21,817.26,520.84,33.43,51.32,0.7010,2,2,-1
619,28,1138.00,441.27,35.56,69.29,0.8953,2,2,-1
619,33,1239.58,437.70,32.78,74.17,0.8352,2,1,-1
619,39,951.96,461.70,27.55,57.49,0.8687,1,4,-1
619,43,1073.57,515.25,51.52,93.78,0.9319,2,1,-1
619,62,1265.58,468.60,24.94,72.53,0.8715,2,1,-1
619,66,1455.10,474.28,46.40,82.42,0.9151,2,1,-1
619,73,1051.50,449.82,25.22,86.46,0.8795,2,2,-1
619,84,1076.25,443.48,39.66,77.76,0.8987,2,2,-1
619,86,1794.50,567.44,34.41,116.46,0.9226,2,2,-1
619,96,1017.74,471.08,31.30,78.75,0.9020,2,2,-1
619,98,973.09,461.30,39.83,72.26,0.8794,2,2,-1
619,99,434.53,493.96,34.92,91.55,0.8916,2,-1,-1
619,0,1395.22,458.32,9.38,9.75,1.0,0,-1,-1
620,3,1173.98,433.85,25.96,72.25,0.8884,2,2,-1
620,7,1497.27,475.15,31.81,85.82,0.9076,2,2,-1
620,9,1261.18,529.73,40.83,106.12,0.9239,3,0,-1
620,10,1405.03,521.54,26.17,109.53,0.9088,2,1,-1
620,17,968.32,462.61,31.39,72.90,0.5358,1,4,-1
620,21,815.27,524.83,30.84,47.47,0.5932,2,2,-1
620,28,1135.68,439.32,34.25,72.15,0.8886,2,2,-1
620,33,1237.48,436.96,34.10,76.24,0.7579,2,1,-1
620,39,951.30,465.45,26.95,55.27,0.8230,1,4,-1
620,43,1075.77,515.86,48.50,94.95,0.9281,2,1,-1
620,62,1265.77,472.38,23.85,68.62,0.8582,2,1,-1
620,66,1454.91,474.07,44.33,83.88,0.9166,2,1,-1
620,73,1050.13,449.74,25.06,89.74,0.8775,2,2,-1
620,84,1074.03,443.86,38.69,78.86,0.8960,2,2,-1
620,86,1795.39,568.35,35.08,117.57,0.9233,2,2,-1
620,91,1817.69,352.42,26.16,56.09,0.6632,3,-1,-1
620,96,1015.00,472.92,32.25,78.45,0.8817,2,2,-1
620,99,422.73,495.02,36.86,94.78,0.8838,2,-1,-1
620,0,1395.59,458.84,8.96,10.25,1.0,0,-1,-1
621,3,1168.71,432.52,25.83,73.11,0.8891,2,2,-1
621,7,1497.72,478.07,30.95,85.11,0.8987,2,2,-1
621,9,1262.54,530.21,40.26,106.65,0.9350,3,0,-1
621,10,1408.76,521.14,26.69,110.82,0.9126,2,1,-1
621,17,967.72,464.11,31.53,71.93,0.8228,1,4,-1
621,28,1135.25,439.02,32.33,73.71,0.8919,2,2,-1
621,33,1236.56,435.69,29.12,65.41,0.7049,2,1,-1
621,39,949.60,464.37,26.28,56.23,0.7656,1,4,-1
621,43,1080.51,515.37,43.27,96.53,0.9259,2,1,-1
621,66,1457.45,473.94,41.09,85.22,0.9116,2,1,-1
621,68,1262.40,474.42,28.73,67.40,0.8408,2,2,-1
621,73,1047.93,451.31,24.58,89.29,0.8218,2,2,-1
621,84,1073.17,443.96,36.77,79.30,0.8817,2,2,-1
621,86,1794.94,569.54,39.36,117.86,0.9302,2,2,-1
621,91,1818.25,353.25,27.60,55.65,0.7936,3,-1,-1
621,96,1012.19,472.37,34.17,80.98,0.8742,2,2,-1
621,99,411.23,497.86,35.70,94.90,0.8409,2,-1,-1
622,3,1163.37,435.99,25.98,71.64,0.8797,2,2,-1
622,5,1234.06,434.28,28.79,76.93,0.8747,2,1,-1
622,7,1498.97,479.88,29.69,85.84,0.9059,2,2,-1
622,9,1264.14,530.69,41.41,107.82,0.9317,3,0,-1
622,10,1411.92,521.41,27.68,113.54,0.9150,2,1,-1
622,17,983.18,445.65,31.47,69.88,0.5307,1,4,-1
622,28,1135.13,439.30,29.85,72.02,0.8851,2,2,-1
622,31,963.39,492.07,26.18,45.06,0.7311,2,1,-1
622,43,1087.74,517.82,39.39,95.83,0.9156,2,1,-1
622,66,1459.62,473.78,39.03,86.20,0.9020,2,1,-1
622,68,1263.96,475.76,28.13,67.82,0.8661,2,2,-1
622,73,1047.02,451.87,25.85,89.59,0.8555,2,2,-1
622,84,1071.95,443.26,36.33,82.63,0.8883,2,2,-1
622,86,1795.06,571.45,44.06,118.20,0.9294,2,2,-1
622,91,1822.81,356.44,26.50,52.71,0.7033,3,-1,-1
622,96,1010.93,471.20,35.79,83.68,0.8817,2,2,-1
622,99,400.78,502.94,34.61,93.69,0.8299,2,-1,-1
623,3,1157.05,435.84,26.20,72.25,0.8243,2,2,-1
623,5,1230.39,435.44,30.33,77.19,0.8765,2,1,-1
623,7,1500.26,481.89,28.34,84.98,0.9014,2,2,-1
623,9,1264.86,532.12,41.80,107.11,0.9306,3,0,-1
623,10,1415.98,521.50,28.12,115.43,0.9129,2,1,-1
623,28,1134.01,438.21,28.33,72.90,0.8907,2,2,-1
623,29,1073.54,468.07,30.54,57.80,0.8840,2,1,-1
623,43,1094.93,518.93,35.56,95.23,0.8977,2,1,-1
623,66,1461.42,473.18,37.26,87.31,0.8771,2,1,-1
623,68,1264.73,476.59,27.75,65.42,0.8608,2,2,-1
623,73,1046.24,452.40,26.50,89.84,0.8279,2,2,-1
623,83,809.16,482.44,36.88,94.48,0.7163,2,1,-1
623,86,1795.14,572.36,49.15,118.13,0.9189,2,2,-1
623,96,1011.26,474.27,34.90,80.55,0.8822,2,2,-1
623,98,954.62,464.96,36.31,73.39,0.7534,2,2,-1
623,99,386.36,527.60,30.92,70.74,0.8552,2,-1,-1
624,3,1152.99,436.86,27.43,72.37,0.8749,2,2,-1
624,5,1226.92,435.91,31.71,77.82,0.8659,2,1,-1
624,7,1502.20,481.97,27.12,85.72,0.9062,2,2,-1
624,9,1267.08,531.84,42.59,107.98,0.8837,3,0,-1
624,10,1420.46,526.86,27.26,113.06,0.8550,2,1,-1
624,29,1074.19,469.67,29.19,56.35,0.8685,2,1,-1
624,43,1100.01,518.82,34.64,96.73,0.9056,2,1,-1
624,66,1463.50,472.44,37.73,88.25,0.9097,2,1,-1
624,68,1263.84,476.49,30.73,69.17,0.8711,2,2,-1
624,73,1047.64,475.77,21.71,66.71,0.7771,2,-1,-1
624,83,808.73,474.37,38.21,103.54,0.6696,2,1,-1
624,86,1797.88,572.67,52.07,120.01,0.9000,2,2,-1
624,93,367.93,508.30,51.71,91.49,0.9080,2,2,-1
624,96,1010.64,474.41,36.23,81.60,0.8925,2,2,-1
624,98,951.80,463.87,32.35,76.50,0.8646,2,2,-1
624,99,438.80,502.61,30.30,71.20,0.6634,2,-1,-1
625,3,1151.39,434.71,29.35,73.88,0.8798,2,2,-1
625,5,1229.68,437.24,30.38,76.98,0.8793,2,1,-1
625,7,1504.08,481.40,26.93,86.59,0.9041,2,2,-1
625,9,1269.78,531.40,43.42,110.60,0.9108,3,0,-1
625,23,1427.44,525.45,21.79,51.18,0.6823,2,1,-1
625,29,1071.94,445.14,36.05,81.90,0.8594,2,1,-1
625,43,1105.01,518.69,32.90,97.90,0.8884,2,1,-1
625,53,812.78,517.83,27.53,60.66,0.5926,1,4,-1
625,54,1425.71,563.80,28.49,80.87,0.8092,2,1,-1
625,66,1466.04,472.91,39.47,90.59,0.8974,2,1,-1
625,68,1263.53,475.19,32.59,69.61,0.8867,2,2,-1
625,73,1045.19,456.26,27.95,87.52,0.8298,2,1,-1
625,86,1798.13,572.97,54.97,121.59,0.8580,2,2,-1
625,91,1835.74,360.27,26.03,50.42,0.5432,3,0,-1
625,93,355.21,516.76,54.33,84.25,0.9256,2,2,-1
625,96,1011.40,471.72,37.41,85.27,0.8877,2,2,-1
625,98,951.45,465.25,29.79,74.46,0.8244,2,2,-1
626,3,1149.76,435.35,31.51,74.20,0.8684,2,2,-1
626,5,1229.95,438.13,29.83,76.95,0.8817,2,1,-1
626,7,1504.87,480.75,27.22,88.48,0.9101,2,2,-1
626,9,1272.75,532.22,42.92,109.72,0.9029,3,0,-1
626,10,1428.25,528.98,29.82,118.06,0.9084,2,1,-1
626,29,1076.19,469.68,27.24,58.81,0.8266,2,1,-1
626,43,1107.67,519.13,33.76,98.40,0.9019,2,1,-1
626,66,1467.89,474.44,36.96,90.28,0.8590,2,1,-1
626,68,1261.05,473.43,35.89,73.09,0.8861,2,2,-1
626,73,1045.25,455.79,28.28,88.40,0.8105,2,1,-1
626,86,1801.83,574.15,55.84,121.64,0.8699,2,2,-1
626,93,342.34,521.50,56.90,81.83,0.9358,2,2,-1
626,96,1010.99,474.86,37.31,82.04,0.8953,2,2,-1
626,98,944.97,463.86,31.93,76.29,0.8457,2,2,-1
627,3,1147.60,436.60,32.99,72.56,0.8666,2,2,-1
627,5,1230.70,439.45,29.32,77.06,0.8783,2,1,-1
627,7,1505.45,481.30,28.49,91.18,0.9107,2,2,-1
627,9,1276.55,532.88,43.95,108.75,0.9157,3,0,-1
627,10,1431.55,531.56,30.29,117.96,0.9108,2,1,-1
627,29,1077.08,474.59,26.48,55.43,0.8063,2,1,-1
627,43,1110.72,520.53,37.19,98.49,0.9115,2,1,-1
627,66,1471.74,475.01,35.68,89.67,0.8884,2,1,-1
627,68,1259.49,471.09,39.97,78.86,0.8853,2,2,-1
627,73,1045.35,459.33,27.60,85.98,0.7894,2,1,-1
627,83,809.93,475.20,32.28,105.82,0.8329,2,1,-1
627,86,1822.41,574.72,46.49,122.28,0.8763,2,2,-1
627,93,333.02,522.23,60.28,83.95,0.9328,2,2,-1
627,96,1011.69,476.02,38.05,82.45,0.8937,2,2,-1
627,98,941.61,461.98,34.90,79.37,0.8739,2,2,-1
628,3,1140.07,438.63,35.54,69.01,0.8153,2,2,-1
628,5,1230.85,439.07,30.02,78.40,0.8764,2,1,-1
628,7,1506.14,481.85,29.75,91.92,0.9092,2,2,-1
628,9,1280.24,532.66,44.32,109.56,0.9012,3,0,-1
628,10,1435.15,535.76,30.77,115.58,0.9163,2,1,-1
628,29,1075.14,459.83,33.72,72.06,0.7793,2,1,-1
628,43,1112.73,527.91,41.79,92.14,0.9233,2,1,-1
628,66,1472.99,475.40,35.24,90.33,0.9064,2,1,-1
628,68,1264.72,468.41,39.31,82.93,0.8828,2,2,-1
628,73,1046.07,459.52,28.00,87.05,0.8218,2,1,-1
628,86,1820.91,575.08,48.66,123.70,0.8913,2,2,-1
628,93,322.52,522.51,67.22,87.70,0.9381,2,2,-1
628,96,1013.57,477.66,37.48,81.84,0.8904,2,2,-1
628,98,936.00,463.80,38.13,79.12,0.9029,2,2,-1
629,5,1232.11,439.16,31.10,78.91,0.8668,2,1,-1
629,7,1506.88,484.19,31.00,91.11,0.9049,2,2,-1
629,9,1283.08,533.37,43.74,109.13,0.8998,3,0,-1
629,10,1438.60,538.87,31.18,114.15,0.9150,2,1,-1
629,28,1129.23,441.88,31.41,73.76,0.8244,2,2,-1
629,29,1078.03,471.28,28.39,59.17,0.7150,2,1,-1
629,43,1113.72,534.23,45.15,87.17,0.9217,2,1,-1
629,66,1473.35,476.86,34.35,91.51,0.9031,2,1,-1
629,68,1263.86,466.76,40.19,87.41,0.8740,2,2,-1
629,73,1048.42,482.63,21.96,64.15,0.8269,2,1,-1
629,86,1822.03,576.12,52.45,123.88,0.8911,2,2,-1
629,93,316.54,525.08,62.02,86.41,0.9305,2,2,-1
629,95,385.53,498.58,58.25,81.53,0.9290,2,-1,-1
629,96,1013.82,477.51,37.53,82.50,0.8977,2,2,-1
629,98,930.93,461.12,41.08,86.49,0.7990,2,2,-1
630,3,1128.52,449.24,31.37,64.67,0.8093,2,2,-1
630,5,1235.46,455.44,25.59,62.17,0.7675,2,1,-1
630,7,1508.97,486.63,31.58,91.17,0.9003,2,2,-1
630,9,1286.79,533.54,44.29,110.77,0.8395,3,0,-1
630,10,1442.27,541.19,32.35,112.85,0.9201,2,1,-1
630,43,1113.68,525.54,48.48,97.78,0.9281,2,1,-1
630,66,1474.14,478.58,34.38,93.19,0.8942,2,1,-1
630,68,1264.12,467.08,40.13,91.16,0.8910,2,2,-1
630,73,1048.94,485.13,22.14,61.78,0.8470,2,1,-1
630,83,807.78,478.18,31.80,104.88,0.5335,2,1,-1
630,84,1076.09,446.53,36.87,85.24,0.7336,2,2,-1
630,86,1822.39,576.21,55.30,125.39,0.8766,2,2,-1
630,93,313.38,526.82,53.48,86.06,0.9077,2,2,-1
630,95,378.16,501.57,55.61,79.77,0.7770,3,-1,-1
630,96,1015.34,479.01,36.92,81.84,0.8973,2,-1,-1
630,98,925.23,464.96,35.63,84.42,0.8864,2,2,-1
631,7,1509.90,489.58,32.16,89.46,0.9073,2,2,-1
631,9,1289.16,533.51,44.32,111.00,0.9047,3,0,-1
631,10,1446.44,543.20,31.58,113.18,0.9060,2,1,-1
631,28,1127.10,439.93,31.43,75.92,0.8847,2,2,-1
631,33,1236.15,465.18,24.54,52.19,0.5928,2,1,-1
631,43,1115.07,527.24,48.11,97.44,0.9211,2,1,-1
631,66,1476.23,478.72,33.45,93.74,0.8972,2,1,-1
631,68,1267.39,468.78,37.70,90.94,0.8790,2,2,-1
631,73,1049.80,488.34,21.03,59.18,0.8402,2,1,-1
631,83,805.83,476.35,32.79,108.08,0.6748,2,1,-1
631,84,1076.48,446.19,35.29,86.53,0.8409,2,2,-1
631,86,1832.18,577.50,51.12,124.97,0.8829,2,2,-1
631,93,308.60,526.41,46.15,87.07,0.9066,2,2,-1
631,95,372.16,501.27,53.03,80.99,0.7391,3,-1,-1
631,96,1015.13,478.33,37.00,83.54,0.8981,2,1,-1
631,98,918.64,466.63,36.20,84.40,0.8889,2,2,-1
631,0,1466.32,459.89,7.42,8.63,1.0,0,-1,-1
632,7,1510.48,490.80,33.34,90.14,0.9051,2,2,-1
632,9,1292.45,533.88,43.71,111.90,0.9083,3,0,-1
632,10,1450.40,544.56,30.77,112.75,0.9119,2,1,-1
632,28,1128.95,466.30,21.74,47.40,0.6490,2,2,-1
632,43,1117.23,528.01,48.53,98.00,0.9221,2,1,-1
632,58,1237.55,441.72,37.29,68.55,0.6326,2,2,-1
632,66,1478.57,479.11,33.17,94.99,0.8834,2,1,-1
632,68,1266.63,471.10,36.49,92.18,0.8839,2,2,-1
632,73,1047.09,455.47,29.72,93.29,0.8352,2,1,-1
632,83,804.04,474.57,33.94,110.75,0.8831,2,1,-1
632,84,1075.57,446.27,35.71,87.45,0.8511,2,2,-1
632,86,1834.15,578.53,51.97,124.60,0.8900,2,2,-1
632,93,302.07,526.06,42.08,88.81,0.9025,2,2,-1
632,96,1015.94,477.96,36.51,84.67,0.9006,2,1,-1
632,98,911.47,465.34,38.11,86.16,0.8937,2,2,-1
633,3,1127.09,444.86,34.42,74.43,0.6256,2,2,-1
633,7,1511.81,491.64,35.03,89.87,0.9168,2,2,-1
633,9,1295.60,535.53,43.33,111.20,0.5954,3,0,-1
633,10,1454.72,546.12,30.75,113.42,0.9064,2,1,-1
633,43,1122.07,528.53,44.94,99.35,0.9250,2,1,-1
633,58,1239.62,436.98,36.42,77.96,0.8067,2,2,-1
633,66,1482.94,479.54,30.81,95.42,0.8661,2,1,-1
633,68,1269.43,475.45,33.79,91.23,0.8536,2,2,-1
633,73,1049.25,454.60,28.17,94.31,0.8534,2,1,-1
633,84,1075.81,446.94,35.84,87.62,0.8733,2,2,-1
633,86,1836.14,580.27,54.15,124.40,0.8992,2,2,-1
633,93,296.00,524.72,38.78,92.88,0.9064,2,2,-1
633,96,1015.13,476.66,38.00,88.21,0.9015,2,1,-1
633,98,906.52,464.99,39.73,87.86,0.9105,2,2,-1
634,3,1128.39,442.21,32.94,78.30,0.8188,2,2,-1
634,7,1512.59,491.63,36.21,90.82,0.9142,2,2,-1
634,9,1298.80,535.69,42.93,112.25,0.9323,3,0,-1
634,10,1458.42,547.49,30.64,116.00,0.8799,2,1,-1
634,29,1076.22,447.09,38.26,87.65,0.8821,2,1,-1
634,39,943.60,442.76,40.35,78.90,0.7841,1,4,-1
634,43,1126.87,529.51,40.71,98.82,0.9052,2,1,-1
634,58,1240.70,436.81,36.32,82.08,0.7992,2,2,-1
634,66,1486.38,479.91,29.83,95.52,0.8849,2,1,-1
634,68,1267.77,479.56,31.08,88.92,0.8785,2,2,-1
634,73,1049.21,455.10,27.58,95.21,0.8027,2,1,-1
634,83,808.04,494.27,29.11,93.49,0.5418,2,1,-1
634,86,1836.05,582.55,56.25,124.56,0.8874,2,2,-1
634,91,1888.13,358.47,30.86,52.71,0.7723,3,0,-1
634,93,286.63,527.69,39.56,93.35,0.9154,2,2,-1
634,96,1017.33,477.75,36.94,87.99,0.8990,2,1,-1
634,98,903.15,464.44,39.46,89.44,0.9126,2,2,-1
635,3,1127.94,444.16,32.54,78.94,0.7971,2,2,-1
635,7,1514.93,491.55,35.98,93.86,0.9109,2,2,-1
635,9,1301.37,537.48,42.28,111.88,0.9234,3,0,-1
635,10,1463.20,547.71,31.86,116.51,0.8517,2,1,-1
635,29,1077.69,447.85,37.01,86.08,0.8509,2,1,-1
635,43,1133.54,536.89,36.66,92.51,0.8783,2,1,-1
635,62,1246.20,451.93,31.00,68.36,0.6776,2,1,-1
635,66,1487.49,478.97,29.98,95.97,0.8953,2,1,-1
635,68,1267.02,483.89,30.91,86.41,0.8934,2,2,-1
635,73,1048.68,455.01,27.23,96.33,0.7662,2,1,-1
635,83,807.54,492.16,30.45,96.28,0.7074,2,1,-1
635,86,1839.56,582.70,56.25,126.65,0.8925,2,2,-1
635,91,1891.69,361.31,29.56,51.20,0.5262,3,0,-1
635,93,272.59,530.52,42.80,94.08,0.9087,2,2,-1
635,96,1018.15,481.17,35.89,84.60,0.8874,2,1,-1
635,98,899.41,462.50,39.70,91.44,0.9095,2,2,-1
636,3,1128.19,447.82,31.79,76.88,0.8544,2,2,-1
636,7,1516.22,491.95,36.34,96.74,0.9176,2,2,-1
636,9,1304.34,538.27,43.34,112.27,0.9111,3,0,-1
636,10,1466.04,547.40,34.90,117.07,0.9045,2,1,-1
636,29,1077.13,446.63,38.50,89.05,0.7793,2,1,-1
636,43,1139.62,529.01,37.34,101.43,0.8534,2,1,-1
636,62,1244.90,434.22,40.73,54.84,0.7861,2,1,-1
636,66,1489.07,480.62,29.87,94.62,0.9015,2,1,-1
636,68,1264.92,492.93,35.15,80.74,0.8888,2,2,-1
636,73,1051.35,457.54,25.62,93.88,0.8461,2,1,-1
636,83,810.44,528.27,25.25,61.38,0.7725,2,1,-1
636,86,1845.45,583.56,55.22,127.12,0.9018,2,2,-1
636,93,261.64,532.56,48.55,95.38,0.9227,2,2,-1
636,96,1018.62,483.29,36.29,83.32,0.8966,2,1,-1
636,98,897.10,465.06,39.42,91.88,0.9200,2,2,-1
637,3,1129.18,449.31,30.97,76.21,0.9033,2,2,-1
637,7,1519.00,493.71,36.23,95.88,0.9121,2,2,-1
637,9,1306.97,538.98,45.43,112.60,0.9230,3,0,-1
637,10,1470.79,546.99,36.35,118.90,0.8443,2,1,-1
637,29,1080.54,451.20,36.38,83.86,0.7916,2,1,-1
637,43,1147.40,550.43,31.54,80.67,0.8429,2,1,-1
637,62,1248.51,433.40,42.74,44.58,0.7940,2,1,-1
637,66,1491.18,481.28,30.15,93.96,0.8893,2,1,-1
637,68,1257.21,495.98,45.45,80.13,0.8993,2,2,-1
637,73,1053.09,463.37,23.93,88.87,0.5323,2,1,-1
637,76,894.66,476.04,39.75,81.82,0.9166,2,2,-1
637,83,809.13,524.56,27.88,65.92,0.5747,2,1,-1
637,86,1853.35,585.49,52.18,126.45,0.8978,2,2,-1
637,93,250.45,535.57,51.96,95.68,0.9143,2,2,-1
637,95,334.21,541.26,29.02,47.58,0.8679,2,-1,-1
637,96,1020.05,482.06,36.02,84.96,0.8553,2,1,-1
638,3,1129.72,448.96,30.98,79.61,0.9105,2,2,-1
638,7,1522.45,496.32,35.66,94.74,0.9102,2,2,-1
638,8,927.28,443.80,54.73,80.15,0.6146,1,4,-1
638,9,1310.21,539.22,47.36,113.13,0.9342,3,0,-1
638,10,1473.46,547.16,38.44,120.68,0.8894,2,1,-1
638,43,1147.47,529.21,43.71,103.55,0.8810,2,1,-1
638,62,1257.37,434.08,42.98,43.59,0.8443,2,1,-1
638,66,1493.16,482.55,31.35,94.83,0.8994,2,1,-1
638,68,1254.91,496.52,51.91,82.58,0.9097,2,2,-1
638,86,1860.54,585.49,49.55,127.29,0.9074,2,2,-1
638,93,245.30,537.66,51.61,94.35,0.9210,2,2,-1
638,95,322.94,530.07,37.87,61.54,0.7306,2,-1,-1
638,96,1020.94,479.78,36.92,87.28,0.8755,2,1,-1
638,98,887.45,468.44,43.87,92.19,0.9153,2,2,-1
639,3,1131.99,447.54,29.63,79.42,0.9124,2,2,-1
639,7,1525.21,499.58,35.46,93.69,0.9104,2,2,-1
639,8,927.68,447.41,49.98,77.01,0.8407,1,4,-1
639,9,1315.12,539.58,47.67,113.60,0.6699,3,0,-1
639,10,1476.96,548.34,40.68,120.32,0.9251,2,1,-1
639,43,1156.96,529.87,35.59,58.87,0.8256,2,1,-1
639,62,1260.22,433.09,43.13,44.12,0.7319,2,1,-1
639,66,1494.94,484.09,32.15,90.01,0.9068,2,1,-1
639,68,1255.24,495.01,52.59,85.45,0.9148,2,2,-1
639,86,1861.98,587.50,51.12,126.65,0.8833,2,2,-1
639,93,241.10,538.10,49.29,95.06,0.9117,2,2,-1
639,95,311.07,518.97,45.71,73.81,0.7561,2,-1,-1
639,96,1021.23,478.11,37.47,89.99,0.8643,2,1,-1
639,98,885.21,475.00,40.26,86.71,0.9072,2,2,-1
640,3,1133.27,445.17,31.15,86.61,0.8672,2,2,-1
640,7,1528.07,503.33,35.33,91.51,0.9109,2,2,-1
640,8,927.30,449.77,48.03,74.48,0.8721,1,4,-1
640,9,1319.58,539.40,50.80,113.42,0.9228,3,0,-1
640,10,1479.75,548.96,42.88,121.10,0.9416,2,1,-1
640,43,1146.45,530.25,56.07,106.21,0.8712,2,1,-1
640,66,1496.52,485.10,33.34,88.68,0.9010,2,1,-1
640,68,1254.57,497.76,49.55,84.03,0.9104,2,2,-1
640,86,1866.09,589.50,51.06,125.78,0.8824,2,2,-1
640,93,237.54,537.24,47.20,97.01,0.8995,2,2,-1
640,95,303.92,518.39,47.63,75.90,0.6063,3,-1,-1
640,96,1022.54,475.02,37.66,93.06,0.8238,2,1,-1
640,98,882.15,474.18,38.08,89.16,0.8978,2,2,-1
641,3,1136.33,445.71,29.01,81.23,0.8944,2,2,-1
641,7,1532.05,503.66,35.56,92.28,0.9148,2,2,-1
641,8,927.29,451.44,45.07,70.26,0.7866,1,4,-1
641,9,1326.94,539.22,52.54,112.73,0.8903,3,0,-1
641,10,1484.09,549.54,44.24,124.50,0.9309,2,1,-1
641,43,1149.45,529.23,49.64,108.10,0.8836,2,1,-1
641,62,1268.43,436.23,40.89,42.48,0.7459,2,1,-1
641,66,1498.41,486.06,33.96,88.11,0.7233,2,1,-1
641,68,1245.69,495.20,51.41,87.76,0.9044,2,2,-1
641,86,1871.51,589.80,49.27,127.73,0.8969,2,2,-1
641,93,234.23,539.26,44.39,96.09,0.9181,2,2,-1
641,95,293.00,500.20,58.06,94.96,0.6183,3,-1,-1
641,98,878.71,477.42,33.54,86.74,0.8952,2,2,-1
642,3,1138.55,445.06,29.08,83.97,0.8986,2,2,-1
642,7,1536.43,503.74,35.98,92.52,0.9180,2,2,-1
642,8,927.68,453.24,40.61,67.89,0.9056,1,4,-1
642,9,1334.76,538.95,55.36,113.54,0.9368,3,0,-1
642,10,1487.67,550.03,47.14,127.32,0.9331,2,1,-1
642,29,1089.53,449.24,40.74,88.79,0.8340,2,1,-1
642,43,1155.00,531.09,49.27,106.42,0.8822,2,1,-1
642,58,1264.27,433.12,44.24,90.02,0.8172,2,2,-1
642,66,1499.22,486.48,37.31,86.94,0.8892,2,1,-1
642,68,1241.06,495.80,50.08,87.74,0.9032,2,2,-1
642,86,1883.99,590.77,42.98,127.52,0.8053,2,2,-1
642,93,224.35,537.63,48.40,98.97,0.9189,2,2,-1
642,95,290.76,497.25,54.72,98.88,0.9250,2,-1,-1
642,96,1026.42,474.90,37.43,93.56,0.5571,2,1,-1
642,98,876.48,473.54,31.28,90.47,0.8985,2,2,-1
643,3,1141.43,445.46,29.56,84.59,0.8908,2,2,-1
643,7,1541.59,503.09,35.86,94.01,0.9205,2,2,-1
643,9,1344.07,538.34,61.06,114.16,0.9258,3,0,-1
643,10,1494.54,553.83,47.09,124.33,0.9316,2,1,-1
643,29,1092.41,447.89,43.04,91.46,0.8352,2,1,-1
643,43,1161.17,534.52,57.41,104.91,0.8913,2,1,-1
643,58,1267.18,433.78,43.58,90.04,0.7656,2,2,-1
643,66,1502.29,486.91,39.38,86.94,0.8993,2,1,-1
643,68,1236.53,494.64,54.13,88.94,0.9168,2,2,-1
643,84,1066.76,488.62,26.14,66.00,0.5178,2,2,-1
643,86,1887.24,592.12,37.07,126.53,0.8212,2,2,-1
643,93,217.71,538.01,51.73,103.90,0.9141,2,2,-1
643,95,287.84,498.87,54.99,98.34,0.7829,3,-1,-1
643,96,1030.85,478.37,35.32,90.63,0.7757,2,1,-1
643,98,874.04,475.36,30.86,88.90,0.8477,2,2,-1
644,3,1143.83,447.40,30.26,83.14,0.9141,2,2,-1
644,7,1547.01,503.07,36.35,94.45,0.9180,2,2,-1
644,8,929.00,454.65,38.90,65.84,0.5024,1,4,-1
644,9,1350.57,537.95,61.48,116.09,0.9243,3,0,-1
644,10,1498.62,557.23,47.50,122.42,0.9183,2,1,-1
644,29,1095.41,448.30,42.91,90.13,0.8967,2,1,-1
644,43,1163.38,534.88,63.93,106.79,0.9080,2,1,-1
644,58,1270.33,435.53,43.86,89.74,0.8809,2,2,-1
644,66,1506.30,487.23,40.76,87.27,0.9148,2,1,-1
644,68,1232.01,492.77,59.95,91.63,0.9212,2,2,-1
644,73,1069.43,478.60,23.81,79.06,0.6017,2,1,-1
644,86,1893.70,602.50,28.63,114.76,0.8466,2,2,-1
644,93,215.31,540.66,51.89,104.49,0.9084,2,2,-1
644,95,285.61,496.97,55.07,101.36,0.9089,2,-1,-1
644,98,871.29,474.67,32.38,90.31,0.8961,2,2,-1
645,3,1147.43,449.94,30.74,79.11,0.9090,2,2,-1
645,7,1553.49,503.17,35.84,97.93,0.9206,2,2,-1
645,9,1357.14,538.57,63.85,115.98,0.9338,3,0,-1
645,10,1504.07,559.10,47.97,122.53,0.9284,2,1,-1
645,29,1098.10,448.65,43.61,90.84,0.8863,2,1,-1
645,43,1169.24,535.49,63.22,107.79,0.8985,2,1,-1
645,58,1272.30,434.61,44.31,90.79,0.8881,2,2,-1
645,66,1509.63,486.74,42.55,92.98,0.9081,2,1,-1
645,68,1230.74,491.96,62.95,91.80,0.9373,2,2,-1
645,86,1902.87,637.30,18.98,80.84,0.7564,2,2,-1
645,93,211.78,541.64,52.72,108.46,0.9126,2,2,-1
645,95,282.62,496.39,53.12,103.82,0.9119,2,-1,-1
645,98,868.40,472.50,35.97,94.55,0.9178,2,2,-1
646,3,1149.92,449.26,33.26,81.15,0.9049,2,2,-1
646,7,1560.74,503.82,35.67,99.38,0.9194,2,2,-1
646,8,935.62,455.45,35.13,65.83,0.8652,1,4,-1
646,9,1362.14,539.15,68.56,117.28,0.9309,3,0,-1
646,10,1509.73,559.14,48.56,123.62,0.8711,2,1,-1
646,29,1102.98,448.50,44.31,92.07,0.8235,2,1,-1
646,43,1174.25,535.89,63.01,108.51,0.8980,2,1,-1
646,58,1275.30,436.53,45.35,89.46,0.9121,2,2,-1
646,66,1514.03,487.01,43.23,93.00,0.9205,2,1,-1
646,68,1229.53,491.19,65.43,93.55,0.9363,2,2,-1
646,86,1906.81,643.51,16.03,76.14,0.7263,2,2,-1
646,93,209.77,547.17,53.19,105.09,0.9272,2,2,-1
646,95,283.99,529.31,42.27,71.10,0.9085,2,-1,-1
646,98,864.07,472.59,40.46,95.04,0.9233,2,2,-1
647,3,1153.85,450.25,34.22,80.05,0.9101,2,2,-1
647,7,1567.10,505.93,35.44,99.82,0.9232,2,2,-1
647,8,939.15,456.39,33.42,63.24,0.6420,1,4,-1
647,9,1367.89,539.36,71.13,118.17,0.9194,3,0,-1
647,29,1108.48,448.60,42.02,91.76,0.9020,2,1,-1
647,43,1180.07,535.98,57.98,108.98,0.8840,2,1,-1
647,58,1279.75,435.50,45.68,90.59,0.9328,2,2,-1
647,66,1519.82,487.11,43.97,96.81,0.9136,2,1,-1
647,68,1228.80,491.32,66.53,92.56,0.9322,2,2,-1
647,93,209.95,552.01,52.10,100.71,0.9220,2,2,-1
647,95,284.12,541.45,35.64,59.87,0.9031,2,-1,-1
647,98,860.65,474.51,45.05,95.33,0.9230,2,2,-1
647,0,1467.67,468.06,8.68,9.58,1.0,0,-1,-1
648,3,1158.26,450.37,35.64,79.79,0.9081,2,2,-1
648,7,1572.93,509.23,36.37,99.17,0.9184,2,2,-1
648,8,943.08,457.87,33.53,62.04,0.8320,1,4,-1
648,9,1373.15,540.58,73.19,117.67,0.9278,3,0,-1
648,10,1525.43,559.44,45.77,126.53,0.9157,2,1,-1
648,29,1113.89,447.94,41.01,92.30,0.8219,2,1,-1
648,43,1187.27,537.02,52.52,108.74,0.8743,2,1,-1
648,58,1286.49,435.65,44.17,90.89,0.9351,2,2,-1
648,68,1227.29,493.39,65.55,94.15,0.9240,2,2,-1
648,83,816.94,500.43,37.70,96.57,0.6588,2,1,-1
648,93,210.75,552.04,52.56,102.10,0.9222,2,2,-1
648,95,283.98,552.94,26.82,48.50,0.8595,2,-1,-1
648,98,859.36,477.32,45.47,95.34,0.9184,2,2,-1
649,3,1164.03,449.42,36.06,81.36,0.8325,2,2,-1
649,7,1578.69,511.47,37.81,97.62,0.9269,2,2,-1
649,8,946.93,458.58,33.56,61.95,0.8778,1,4,-1
649,9,1376.84,541.43,78.06,116.73,0.9185,3,0,-1
649,43,1198.49,543.12,47.57,103.54,0.8045,2,1,-1
649,58,1294.91,433.71,42.78,92.94,0.9004,2,2,-1
649,66,1533.17,488.11,44.36,94.54,0.9107,2,1,-1
649,68,1225.73,496.84,62.04,94.47,0.9204,2,2,-1
649,83,818.25,483.82,38.95,114.20,0.8572,2,1,-1
649,93,210.70,552.30,54.35,102.27,0.9289,2,2,-1
649,98,858.76,473.99,44.77,101.20,0.8974,2,2,-1
649,0,1479.39,468.59,8.24,9.45,1.0,0,-1,-1
650,3,1169.06,448.75,36.76,85.41,0.9140,2,2,-1
650,7,1585.72,512.16,39.11,98.22,0.9202,2,2,-1
650,8,950.88,458.82,33.15,61.06,0.6349,1,4,-1
650,9,1384.20,542.59,80.95,117.53,0.9182,3,0,-1
650,29,1129.00,448.39,35.63,91.19,0.8720,2,1,-1
650,58,1303.98,432.71,40.56,94.10,0.8995,2,2,-1
650,66,1540.29,488.75,44.99,96.04,0.9202,2,1,-1
650,68,1221.69,499.15,58.94,94.42,0.8960,2,2,-1
650,83,823.81,489.99,37.18,108.97,0.7372,2,1,-1
650,84,1061.84,484.99,30.42,91.04,0.6930,2,2,-1
650,93,211.44,551.76,55.83,107.29,0.9255,2,2,-1
650,98,856.66,478.06,41.93,97.00,0.9006,2,2,-1
651,3,1174.87,449.37,36.81,86.15,0.9117,2,2,-1
651,7,1594.46,511.75,39.10,99.40,0.9170,2,2,-1
651,9,1390.22,543.63,84.16,117.13,0.9081,3,0,-1
651,17,1135.76,448.22,33.12,91.44,0.6481,1,4,-1
651,58,1314.28,434.05,37.59,92.81,0.8835,2,2,-1
651,66,1548.78,489.19,43.79,93.64,0.9171,2,1,-1
651,68,1220.50,501.71,49.05,74.89,0.8548,2,2,-1
651,83,827.13,485.12,38.20,114.26,0.6263,2,1,-1
651,93,213.88,554.54,55.43,109.51,0.9103,2,2,-1
651,98,856.04,481.46,41.53,93.99,0.8962,2,2,-1
651,0,1491.61,468.79,8.57,9.23,1.0,0,-1,-1
652,3,1180.86,451.24,36.94,86.35,0.9104,2,2,-1
652,5,1325.93,453.23,30.21,73.10,0.8529,2,1,-1
652,7,1602.48,511.19,40.04,100.85,0.9236,2,2,-1
652,8,959.93,458.64,33.45,62.87,0.8919,1,4,-1
652,9,1397.06,544.00,85.71,118.02,0.9250,3,0,-1
652,29,1141.60,448.20,34.56,91.92,0.6956,2,1,-1
652,43,1223.71,549.45,40.25,98.79,0.8640,2,1,-1
652,66,1556.59,489.60,44.43,97.69,0.9149,2,1,-1
652,68,1217.24,500.59,43.99,61.62,0.8994,2,2,-1
652,84,1071.98,489.06,24.06,87.09,0.8678,2,2,-1
652,93,216.55,551.36,53.33,113.84,0.8927,2,2,-1
652,98,858.69,479.75,39.14,95.64,0.8761,2,2,-1
653,3,1188.57,453.47,36.03,83.50,0.9067,2,2,-1
653,5,1335.12,444.75,30.99,81.75,0.8253,2,1,-1
653,7,1612.28,510.95,40.27,104.29,0.9340,2,2,-1
653,9,1407.10,544.13,88.68,118.65,0.9199,3,0,-1
653,29,1150.01,448.72,30.47,91.93,0.8720,2,1,-1
653,43,1233.36,558.26,38.39,91.66,0.8207,2,1,-1
653,66,1564.85,490.38,43.61,98.38,0.9226,2,1,-1
653,68,1217.46,497.53,46.80,71.52,0.8870,2,2,-1
653,84,1076.53,482.68,25.16,93.51,0.8240,2,2,-1
653,93,223.24,557.43,46.12,92.71,0.8509,2,2,-1
653,98,861.64,479.81,36.32,95.06,0.8323,2,2,-1
653,0,1504.34,468.15,9.21,10.47,1.0,0,-1,-1
654,3,1196.18,455.53,35.77,77.49,0.9041,2,2,-1
654,5,1344.68,442.86,29.76,84.96,0.8751,2,1,-1
654,7,1621.28,511.86,41.20,106.72,0.9195,2,2,-1
654,9,1418.06,544.01,90.13,119.55,0.9318,3,0,-1
654,29,1156.27,448.89,30.54,92.13,0.8484,2,1,-1
654,43,1240.16,548.50,45.03,102.90,0.8981,2,1,-1
654,66,1574.73,491.54,41.59,95.69,0.9189,2,1,-1
654,76,972.53,456.79,30.20,61.29,0.8633,2,2,-1
654,84,1080.47,488.14,24.04,88.60,0.8495,2,2,-1
654,93,223.70,558.79,53.27,111.26,0.8777,2,2,-1
654,98,861.54,477.63,36.81,99.03,0.8894,2,2,-1
655,3,1202.37,457.41,35.04,73.41,0.8966,2,2,-1
655,5,1352.14,441.58,29.17,86.24,0.8586,2,1,-1
655,7,1629.39,513.87,43.00,106.32,0.9157,2,2,-1
655,9,1430.22,543.03,88.21,119.81,0.9017,3,0,-1
655,29,1162.77,449.59,30.37,91.89,0.8910,2,1,-1
655,43,1245.82,539.99,50.69,113.01,0.9181,2,1,-1
655,66,1582.79,492.06,42.44,98.97,0.9175,2,1,-1
655,76,977.06,454.99,30.48,63.12,0.8488,2,2,-1
655,84,1081.95,486.18,26.38,91.29,0.8482,2,2,-1
655,93,224.70,557.71,52.32,113.91,0.8318,2,2,-1
655,98,863.30,483.01,33.92,91.59,0.5075,2,2,-1
656,3,1208.98,456.61,33.37,66.20,0.8869,2,2,-1
656,7,1640.36,516.12,43.13,107.01,0.9161,2,2,-1
656,9,1444.84,542.64,85.13,119.25,0.8764,3,0,-1
656,29,1169.14,449.92,31.70,92.29,0.9098,2,1,-1
656,39,982.97,449.82,31.55,67.96,0.8449,1,4,-1
656,43,1252.84,541.36,51.86,112.70,0.9264,2,1,-1
656,58,1358.32,434.44,32.92,94.13,0.8882,2,2,-1
656,66,1590.94,492.74,41.76,101.10,0.9251,2,1,-1
656,84,1085.66,487.20,27.51,90.04,0.8772,2,2,-1
656,93,229.93,578.40,45.95,94.02,0.8200,2,2,-1
656,98,866.95,484.99,30.29,84.93,0.7514,2,2,-1
656,0,1527.34,468.38,8.86,10.17,1.0,0,-1,-1
657,3,1215.67,455.83,33.63,69.35,0.9017,2,2,-1
657,5,1365.78,437.54,37.26,92.31,0.9224,2,1,-1
657,7,1650.87,519.15,43.22,105.50,0.9182,2,2,-1
657,9,1459.35,542.50,84.34,119.39,0.6886,3,0,-1
657,29,1178.37,482.73,27.64,59.66,0.8832,2,1,-1
657,39,987.99,447.72,31.98,69.88,0.7516,1,4,-1
657,43,1258.33,541.30,53.05,114.68,0.9065,2,1,-1
657,66,1599.79,492.98,40.56,100.56,0.9212,2,1,-1
657,93,230.82,557.39,56.48,116.06,0.8411,2,2,-1
657,96,1090.25,511.23,27.60,67.03,0.7839,2,1,-1
657,98,872.19,484.27,26.36,80.53,0.8109,2,2,-1
658,3,1221.23,453.72,34.83,75.95,0.8832,2,2,-1
658,5,1372.76,441.01,41.57,89.00,0.9323,2,1,-1
658,7,1660.81,521.39,43.86,104.18,0.9251,2,2,-1
658,9,1476.06,541.88,78.57,121.92,0.8531,3,0,-1
658,29,1184.08,486.84,28.62,54.70,0.8815,2,1,-1
658,39,992.98,446.87,32.38,71.00,0.7227,1,4,-1
658,43,1265.80,543.35,52.55,113.67,0.9340,2,1,-1
658,66,1607.83,493.29,40.81,102.54,0.9145,2,1,-1
658,84,1093.64,493.16,28.55,85.07,0.8474,2,2,-1
658,93,236.69,575.99,50.44,97.03,0.8719,2,2,-1
658,106,3.17,666.85,57.70,127.66,0.9195,2,-1,-1
659,3,1228.10,453.05,34.07,81.67,0.8946,2,2,-1
659,5,1379.42,444.39,43.34,85.63,0.9209,2,1,-1
659,7,1671.43,521.72,43.44,104.28,0.9307,2,2,-1
659,9,1490.27,542.07,75.30,122.31,0.8932,3,0,-1
659,28,1211.11,505.60,35.79,98.93,0.9035,2,2,-1
659,29,1188.75,487.88,29.57,54.67,0.8481,2,1,-1
659,43,1271.76,544.37,52.83,113.36,0.9277,2,1,-1
659,66,1615.46,492.94,40.73,102.98,0.9221,2,1,-1
659,93,239.55,585.33,46.30,89.03,0.7958,2,2,-1
659,106,4.12,675.87,70.60,124.66,0.9100,2,-1,-1
660,3,1233.60,453.16,34.11,88.64,0.8992,2,2,-1
660,5,1385.76,441.69,45.66,88.93,0.9330,2,1,-1
660,7,1681.15,520.89,44.02,105.89,0.9220,2,2,-1
660,9,1499.23,541.95,74.80,123.88,0.8561,3,0,-1
660,28,1204.76,504.56,43.88,100.33,0.9065,2,2,-1
660,43,1279.13,545.43,51.67,112.71,0.9344,2,1,-1
660,66,1623.84,493.27,40.22,102.82,0.9202,2,1,-1
660,83,860.83,481.30,39.68,120.92,0.6674,2,1,-1
660,93,244.25,601.56,38.68,76.11,0.9021,2,2,-1
660,106,1.80,674.46,86.76,132.93,0.9309,2,-1,-1
661,3,1238.70,454.28,33.77,89.16,0.8929,2,2,-1
661,5,1393.45,441.14,44.45,89.26,0.9261,2,1,-1
661,7,1692.59,519.30,42.89,108.80,0.9212,2,2,-1
661,9,1509.03,543.07,74.76,124.26,0.8960,3,0,-1
661,17,1202.74,451.01,28.14,67.29,0.5829,1,4,-1
661,28,1202.47,505.46,50.25,99.45,0.9228,2,2,-1
661,43,1286.09,545.49,50.82,113.65,0.9152,2,1,-1
661,66,1631.92,493.26,40.16,104.20,0.9163,2,1,-1
661,73,1146.70,481.80,32.29,80.78,0.7957,2,1,-1
661,93,251.25,591.40,47.68,88.06,0.8794,2,2,-1
661,96,1105.81,517.18,30.80,61.98,0.8425,2,1,-1
661,106,20.62,674.37,83.48,135.66,0.9085,2,2,-1
662,3,1243.51,455.47,35.21,95.07,0.8953,2,2,-1
662,5,1401.41,441.40,43.15,89.28,0.9182,2,1,-1
662,7,1704.25,519.09,41.69,108.96,0.9166,2,2,-1
662,9,1517.67,544.35,78.13,124.52,0.9015,3,0,-1
662,17,1211.08,449.80,29.98,76.00,0.6525,1,4,-1
662,28,1201.11,502.45,53.41,103.70,0.9246,2,2,-1
662,43,1293.93,539.01,50.00,120.27,0.8993,2,1,-1
662,66,1639.68,493.32,40.30,104.38,0.9222,2,1,-1
662,73,1152.37,481.30,31.76,80.29,0.6459,2,1,-1
662,93,255.73,564.27,59.46,121.40,0.8831,2,2,-1
662,96,1109.99,513.56,32.81,66.26,0.8413,2,1,-1
662,106,50.22,672.07,71.55,137.87,0.8984,2,2,-1
662,0,1703.68,607.36,18.18,21.50,1.0,0,-1,-1
663,3,1248.00,456.87,35.46,93.09,0.9085,2,2,-1
663,7,1714.06,519.36,42.61,114.18,0.9108,2,2,-1
663,9,1525.65,545.30,80.54,123.29,0.8800,3,0,-1
663,10,1655.03,570.85,40.45,135.50,0.7142,2,1,-1
663,17,1219.61,450.41,24.72,60.46,0.5112,1,4,-1
663,28,1197.78,501.67,58.43,103.63,0.9252,2,2,-1
663,31,1113.11,501.69,35.12,80.02,0.8105,2,1,-1
663,33,1412.25,476.33,37.25,54.40,0.8954,2,1,-1
663,39,1016.55,446.22,30.66,71.24,0.5994,1,4,-1
663,43,1307.31,572.93,40.36,86.54,0.8778,2,1,-1
663,66,1647.06,493.25,40.26,103.78,0.9162,2,1,-1
663,73,1156.06,481.52,31.52,81.29,0.8487,2,1,-1
663,93,271.14,636.87,23.76,51.78,0.8190,2,2,-1
663,95,268.36,570.80,48.53,82.23,0.6384,2,2,-1
663,106,66.51,684.11,71.80,124.80,0.8584,2,2,-1
664,3,1253.45,457.63,35.63,92.63,0.9018,2,2,-1
664,7,1724.52,520.86,41.92,113.95,0.9202,2,2,-1
664,9,1532.61,545.60,84.68,123.84,0.8676,3,0,-1
664,10,1664.09,569.67,39.14,136.93,0.6534,2,1,-1
664,28,1192.22,502.27,63.07,106.03,0.9291,2,2,-1
664,33,1422.66,474.60,35.63,55.93,0.8827,2,1,-1
664,43,1312.63,547.86,47.86,112.45,0.8485,2,1,-1
664,66,1653.74,493.41,40.99,102.63,0.9141,2,1,-1
664,73,1161.65,481.13,32.07,80.04,0.7944,2,1,-1
664,95,232.68,507.81,62.09,111.47,0.6468,2,2,-1
664,96,1119.13,515.26,33.11,66.43,0.8345,2,1,-1
664,99,274.94,613.04,31.04,75.98,0.6634,2,-1,-1
664,106,68.46,668.25,86.28,145.05,0.9176,2,2,-1
665,3,1258.75,456.73,36.62,94.16,0.8994,2,2,-1
665,7,1735.86,523.02,41.24,112.75,0.9235,2,2,-1
665,9,1541.31,545.91,86.43,123.86,0.9126,3,0,-1
665,10,1673.07,569.30,38.81,139.13,0.6748,2,1,-1
665,28,1189.14,504.56,61.82,107.22,0.9097,2,2,-1
665,33,1438.09,472.32,32.14,57.85,0.8474,2,1,-1
665,43,1328.93,577.54,36.11,82.45,0.8575,2,1,-1
665,66,1660.55,493.11,41.96,100.47,0.9277,2,1,-1
665,68,1232.66,480.97,29.06,62.25,0.8395,2,2,-1
665,73,1167.42,481.49,30.40,79.00,0.7619,2,1,-1
665,83,881.05,482.35,38.47,120.54,0.6084,2,1,-1
665,95,228.22,496.60,63.77,119.29,0.5548,2,2,-1
665,96,1124.23,514.70,32.98,67.69,0.8825,2,1,-1
665,99,279.91,573.75,48.02,115.72,0.9238,2,-1,-1
665,106,78.76,674.88,89.99,134.71,0.9271,2,2,-1
666,3,1264.30,456.17,35.28,93.60,0.8915,2,2,-1
666,7,1744.90,526.73,42.40,110.97,0.9297,2,2,-1
666,9,1551.50,545.92,89.31,125.03,0.8798,3,0,-1
666,10,1681.30,568.71,37.77,137.57,0.5182,2,1,-1
666,28,1189.34,511.32,55.88,102.59,0.8855,2,2,-1
666,33,1448.45,470.77,30.32,59.56,0.8594,2,1,-1
666,43,1337.22,560.37,42.67,100.67,0.8334,2,1,-1
666,66,1668.58,493.29,42.10,96.72,0.9174,2,1,-1
666,68,1240.39,477.76,28.21,64.32,0.8120,2,2,-1
666,73,1172.45,460.24,36.56,93.27,0.8088,2,1,-1
666,84,1129.03,515.38,31.37,69.22,0.8558,2,2,-1
666,95,231.34,501.94,58.15,115.12,0.7566,2,2,-1
666,99,281.49,572.86,52.33,117.65,0.9360,2,2,-1
666,106,86.98,680.72,98.34,130.17,0.9435,2,2,-1
667,3,1267.19,453.70,36.39,96.45,0.8700,2,2,-1
667,7,1753.71,529.09,43.43,109.85,0.9324,2,2,-1
667,9,1561.27,545.55,89.07,125.34,0.6398,3,0,-1
667,10,1690.38,569.89,37.00,137.39,0.5767,2,1,-1
667,28,1180.55,513.26,52.92,100.97,0.8267,2,2,-1
667,43,1346.08,547.98,47.89,114.45,0.8539,2,1,-1
667,58,1460.05,468.44,26.93,61.43,0.8564,2,2,-1
667,66,1675.59,493.31,42.89,95.70,0.9219,2,1,-1
667,84,1134.72,514.97,31.70,69.42,0.8267,2,2,-1
667,95,232.80,507.69,55.95,111.81,0.7418,2,2,-1
667,99,283.90,573.80,57.26,117.58,0.9372,2,2,-1
667,106,98.93,671.21,106.03,146.44,0.9123,2,2,-1
668,3,1270.18,455.20,36.75,95.50,0.8503,2,2,-1
668,7,1763.27,529.33,43.53,112.71,0.9268,2,2,-1
668,9,1575.05,544.97,86.91,125.80,0.7897,3,0,-1
668,10,1699.12,569.81,36.71,138.84,0.5543,2,1,-1
668,28,1177.05,510.71,45.28,103.51,0.8941,2,2,-1
668,43,1361.06,547.63,38.58,66.26,0.8228,2,1,-1
668,58,1467.14,463.26,29.33,65.42,0.8631,2,2,-1
668,66,1682.45,493.30,43.00,92.56,0.9161,2,1,-1
668,84,1138.23,512.00,33.11,72.20,0.8185,2,2,-1
668,95,232.36,515.00,52.77,105.33,0.9087,2,2,-1
668,99,286.11,573.47,61.52,122.00,0.9318,2,2,-1
668,106,127.12,677.14,87.12,146.42,0.9180,2,2,-1
669,3,1273.99,452.92,37.27,97.37,0.8608,2,2,-1
669,7,1773.19,528.34,43.10,112.91,0.9283,2,2,-1
669,9,1589.91,543.32,81.17,127.94,0.8678,3,0,-1
669,23,1706.39,569.67,33.91,76.66,0.6750,2,1,-1
669,28,1175.22,509.09,44.09,105.18,0.9256,2,2,-1
669,31,1139.39,496.39,35.79,88.06,0.8115,2,1,-1
669,54,1359.84,547.35,54.77,116.71,0.8802,2,1,-1
669,58,1472.78,460.96,32.60,68.44,0.8693,2,2,-1
669,66,1689.84,492.91,43.05,92.12,0.9227,2,1,-1
669,83,895.09,475.52,39.15,127.53,0.8250,2,1,-1
669,95,234.24,550.77,46.52,69.84,0.9304,2,2,-1
669,98,861.42,493.34,35.35,105.88,0.5168,2,2,-1
669,99,289.75,574.11,65.60,122.23,0.9321,2,2,-1
669,106,153.14,678.39,75.30,144.53,0.8932,2,2,-1
669,0,1708.70,690.48,26.00,21.68,1.0,0,-1,-1
670,3,1274.48,454.06,38.38,96.35,0.7364,2,2,-1
670,5,1476.23,429.10,40.79,100.54,0.9181,2,1,-1
670,7,1783.33,527.54,42.55,115.07,0.9317,2,2,-1
670,9,1607.16,542.88,72.29,128.22,0.9076,3,0,-1
670,10,1712.78,569.20,35.92,140.40,0.6967,2,1,-1
670,28,1166.86,504.41,50.70,110.97,0.9197,2,2,-1
670,54,1365.35,546.88,55.45,117.41,0.8893,2,1,-1
670,66,1696.83,492.12,43.00,90.47,0.9187,2,1,-1
670,83,897.28,475.48,40.22,127.19,0.8650,2,1,-1
670,95,227.62,546.67,49.17,73.39,0.9146,2,2,-1
670,98,861.70,491.49,35.79,106.72,0.8310,2,2,-1
670,99,293.54,576.54,69.42,120.71,0.9320,2,2,-1
670,106,182.71,678.09,66.46,145.61,0.9021,2,2,-1
671,3,1278.52,454.09,40.62,105.90,0.8548,2,2,-1
671,5,1482.10,430.51,46.25,99.30,0.9360,2,1,-1
671,7,1791.52,526.78,43.56,121.29,0.9363,2,2,-1
671,9,1621.17,542.01,66.81,128.34,0.9115,3,0,-1
671,10,1725.17,626.69,25.89,85.35,0.7220,2,1,-1
671,23,1719.20,569.45,34.03,76.40,0.5082,2,1,-1
671,28,1161.12,502.58,55.62,112.33,0.9259,2,2,-1
671,54,1370.36,547.90,56.03,116.95,0.9176,2,1,-1
671,66,1702.96,491.83,42.77,88.51,0.9171,2,1,-1
671,83,900.26,474.19,40.42,128.04,0.8653,2,1,-1
671,95,223.59,545.96,46.34,74.14,0.9282,2,2,-1
671,96,1147.65,541.47,19.73,42.39,0.6046,2,1,-1
671,98,862.69,490.46,35.14,107.29,0.9038,2,2,-1
671,99,297.51,574.00,71.77,127.35,0.9357,2,2,-1
671,106,187.86,673.55,73.44,149.75,0.9297,2,2,-1
672,3,1283.76,457.13,37.86,100.83,0.8854,2,2,-1
672,5,1487.24,421.97,53.16,108.09,0.9237,2,1,-1
672,7,1798.00,527.22,45.24,123.09,0.9307,2,2,-1
672,9,1631.07,539.98,65.44,131.80,0.9222,3,0,-1
672,10,1731.22,633.58,27.53,79.23,0.7107,2,1,-1
672,28,1155.06,505.32,58.13,112.17,0.8854,2,2,-1
672,54,1374.25,548.04,58.35,119.10,0.9287,2,1,-1
672,66,1709.62,491.21,41.94,88.93,0.9008,2,1,-1
672,83,901.95,475.58,40.29,127.16,0.8903,2,1,-1
672,95,220.67,548.28,44.15,72.01,0.6791,2,2,-1
672,98,863.16,490.29,35.46,106.35,0.7808,2,2,-1
672,99,303.51,573.47,72.47,129.33,0.9248,2,2,-1
672,106,189.74,674.27,88.23,151.93,0.9214,2,2,-1
673,3,1289.79,460.52,35.34,97.64,0.8604,2,2,-1
673,5,1490.66,426.96,57.70,103.43,0.9305,2,1,-1
673,7,1804.36,528.27,48.68,122.58,0.9330,2,2,-1
673,9,1637.81,540.17,65.27,132.23,0.9344,3,0,-1
673,28,1142.32,508.09,63.61,112.22,0.8663,2,2,-1
673,54,1378.74,548.45,58.50,118.58,0.9211,2,1,-1
673,66,1716.40,490.91,41.31,89.17,0.8983,2,1,-1
673,83,903.36,475.30,40.34,127.11,0.5319,2,1,-1
673,98,862.38,488.65,36.67,113.28,0.8968,2,2,-1
673,99,313.19,575.40,71.82,127.73,0.9046,2,2,-1
673,106,196.62,675.55,95.88,144.32,0.9374,2,2,-1
674,3,1285.42,456.65,39.61,98.28,0.8592,2,2,-1
674,5,1494.98,427.38,58.68,103.16,0.9289,2,1,-1
674,7,1812.12,531.04,51.68,123.58,0.9285,2,2,-1
674,9,1643.46,540.46,68.06,132.50,0.9305,3,0,-1
674,28,1129.72,504.84,64.57,117.45,0.6434,2,2,-1
674,54,1384.72,547.94,58.20,119.63,0.9188,2,1,-1
674,66,1721.86,490.36,40.61,88.20,0.8579,2,1,-1
674,83,905.47,473.23,40.65,129.00,0.9133,2,1,-1
674,98,861.31,488.28,37.08,115.89,0.9173,2,2,-1
674,99,326.79,576.74,67.63,125.82,0.9124,2,2,-1
674,106,204.98,676.24,102.40,145.74,0.9456,2,2,-1
674,0,1641.86,460.47,9.73,10.92,1.0,0,-1,-1
675,3,1289.15,456.71,40.53,97.64,0.8693,2,2,-1
675,5,1500.32,425.70,58.43,104.97,0.9229,2,1,-1
675,7,1824.00,534.55,49.17,120.04,0.9209,2,2,-1
675,9,1648.53,541.20,70.60,132.09,0.8999,3,0,-1
675,10,1749.24,634.97,30.13,77.03,0.7045,2,1,-1
675,28,1111.13,509.61,61.63,113.22,0.7982,2,2,-1
675,31,1165.38,509.05,28.57,73.39,0.6836,2,1,-1
675,54,1390.35,549.53,55.51,118.96,0.8568,2,1,-1
675,66,1727.63,489.52,41.04,92.56,0.8665,2,1,-1
675,73,1202.44,474.15,33.05,84.99,0.5337,2,1,-1
675,83,907.29,473.21,40.61,128.80,0.8382,2,1,-1
675,98,860.02,490.86,36.70,113.94,0.9118,2,2,-1
675,99,343.11,574.96,59.05,128.04,0.8965,2,2,-1
675,106,221.61,678.30,102.59,150.63,0.9349,2,2,-1
675,0,1646.15,459.69,9.36,10.42,1.0,0,-1,-1
676,3,1291.18,455.17,41.88,98.98,0.9089,2,2,-1
676,7,1834.98,536.08,48.88,118.93,0.9247,2,2,-1
676,9,1653.03,541.96,72.71,130.89,0.8647,3,0,-1
676,28,1097.89,507.85,69.62,114.93,0.9070,2,2,-1
676,33,1508.57,444.94,53.98,84.90,0.9089,2,1,-1
676,53,1161.63,482.33,35.47,100.21,0.8192,1,4,-1
676,54,1400.38,546.52,50.68,122.26,0.8930,2,1,-1
676,66,1734.30,489.40,39.63,91.46,0.8939,2,1,-1
676,73,1205.29,476.09,34.71,82.86,0.8365,2,1,-1
676,95,211.39,567.90,29.94,53.45,0.7584,2,2,-1
676,98,858.88,492.74,37.13,114.68,0.7955,2,2,-1
676,99,348.88,601.86,51.51,99.82,0.8504,2,2,-1
676,106,236.24,679.56,95.60,159.18,0.9306,2,2,-1
677,3,1292.36,453.91,43.18,101.94,0.9014,2,2,-1
677,7,1843.72,535.40,48.55,119.03,0.9258,2,2,-1
677,9,1658.24,541.83,75.44,131.27,0.8060,3,0,-1
677,28,1091.20,508.52,74.28,113.24,0.9087,2,2,-1
677,33,1514.61,444.57,52.62,84.39,0.9035,2,1,-1
677,53,1161.16,471.55,39.24,110.86,0.8850,1,4,-1
677,54,1407.51,544.53,45.81,123.86,0.8683,2,1,-1
677,66,1739.86,488.58,39.00,89.21,0.8678,2,1,-1
677,73,1206.23,471.19,34.79,87.04,0.8934,2,1,-1
677,95,205.45,565.02,32.48,54.84,0.8194,2,2,-1
677,98,857.83,496.48,37.17,111.92,0.8056,2,2,-1
677,99,347.24,568.60,64.97,136.44,0.9134,2,2,-1
677,106,271.25,685.36,78.86,151.60,0.9197,2,2,-1
677,0,1655.05,457.52,8.70,10.07,1.0,0,-1,-1
678,3,1294.25,454.53,43.52,104.36,0.8631,2,2,-1
678,7,1851.93,533.89,48.91,120.75,0.9314,2,2,-1
678,9,1662.84,540.28,76.48,132.63,0.6001,3,0,-1
678,28,1083.03,502.54,80.91,118.14,0.9418,2,2,-1
678,33,1523.36,447.55,50.18,80.04,0.8448,2,1,-1
678,53,1164.65,479.69,39.47,103.09,0.9003,1,4,-1
678,54,1418.52,585.42,31.32,81.69,0.8195,2,1,-1
678,66,1742.66,487.18,41.85,109.48,0.9062,2,1,-1
678,73,1209.24,478.46,32.87,79.47,0.8521,2,1,-1
678,76,1038.04,438.11,28.31,71.45,0.5937,2,2,-1
678,95,198.76,561.80,34.99,58.21,0.8088,2,2,-1
678,98,856.45,499.21,37.86,109.20,0.9059,2,2,-1
678,99,350.27,559.04,67.08,147.86,0.9075,2,2,-1
678,106,294.12,680.20,70.14,155.92,0.9050,2,2,-1
678,0,1658.76,456.61,8.84,9.79,1.0,0,-1,-1
679,3,1296.17,457.84,41.51,96.93,0.8157,2,2,-1
679,7,1861.14,531.62,48.98,122.75,0.9238,2,2,-1
679,9,1669.59,540.69,77.51,134.24,0.6704,3,0,-1
679,28,1071.25,502.40,91.98,118.00,0.9406,2,2,-1
679,33,1531.00,449.68,47.57,75.43,0.8324,2,1,-1
679,53,1165.95,482.25,40.17,100.57,0.9132,1,4,-1
679,54,1425.31,586.16,31.50,80.91,0.8636,2,1,-1
679,66,1748.55,486.50,39.68,112.07,0.9170,2,1,-1
679,73,1209.71,475.66,33.77,81.31,0.8664,2,1,-1
679,93,338.75,662.38,28.63,52.36,0.5198,2,2,-1
679,95,194.59,560.82,36.75,63.75,0.8880,2,2,-1
679,98,855.45,502.50,37.81,105.39,0.8934,2,2,-1
679,99,359.97,566.56,66.23,141.62,0.9267,2,2,-1
679,106,298.34,682.73,69.70,153.45,0.9098,2,2,-1
680,3,1292.57,456.13,43.56,106.42,0.8636,2,2,-1
680,7,1869.55,529.61,49.93,128.23,0.9212,2,2,-1
680,9,1677.50,539.16,76.66,133.65,0.6968,3,0,-1
680,28,1073.34,507.35,86.99,112.78,0.9327,2,2,-1
680,33,1539.94,450.33,45.13,75.22,0.8428,2,1,-1
680,43,1427.42,543.06,35.84,71.75,0.8173,2,1,-1
680,53,1169.64,503.63,36.50,78.60,0.8945,1,4,-1
680,66,1755.63,485.40,37.39,111.57,0.9202,2,1,-1
680,73,1210.07,468.30,35.63,87.52,0.8131,2,1,-1
680,95,190.33,563.35,35.10,61.65,0.9096,2,2,-1
680,98,854.69,502.29,37.42,104.87,0.7220,2,2,-1
680,99,380.46,599.41,51.61,110.25,0.7423,2,2,-1
680,106,305.68,676.66,80.96,160.35,0.9200,2,2,-1
680,0,1666.28,453.16,10.42,11.38,1.0,0,-1,-1
681,3,1292.91,457.33,41.90,104.40,0.8441,2,2,-1
681,5,1538.60,414.27,67.64,110.13,0.8459,2,1,-1
681,7,1876.79,528.55,44.79,130.88,0.9148,2,2,-1
681,9,1689.56,538.04,75.33,132.73,0.5315,3,0,-1
681,21,1016.33,431.92,45.16,74.31,0.6964,2,2,-1
681,28,1067.96,505.99,86.93,114.16,0.8965,2,2,-1
681,53,1170.30,500.82,38.26,80.02,0.8974,1,4,-1
681,54,1433.16,583.18,35.97,82.39,0.8802,2,1,-1
681,66,1761.14,484.07,36.73,110.09,0.9181,2,1,-1
681,73,1212.52,466.50,35.87,88.90,0.6623,2,1,-1
681,95,186.81,560.62,33.83,63.76,0.9040,2,2,-1
681,98,852.01,498.72,38.85,107.90,0.8508,2,2,-1
681,99,371.19,576.24,65.98,136.37,0.8934,2,2,-1
681,106,313.80,677.39,91.00,154.48,0.9343,2,2,-1
681,0,1732.10,446.59,9.42,9.93,1.0,0,-1,-1
682,3,1294.02,458.05,39.30,102.65,0.8581,2,2,-1
682,5,1536.40,410.11,70.46,114.55,0.8187,2,1,-1
682,7,1885.09,529.81,36.51,130.11,0.9199,2,2,-1
682,9,1699.12,536.70,70.53,134.38,0.7229,3,0,-1
682,28,1061.10,504.68,85.21,118.58,0.9175,2,2,-1
682,54,1433.26,540.21,47.18,126.42,0.9196,2,1,-1
682,66,1766.05,482.84,36.64,111.86,0.9064,2,1,-1
682,73,1214.07,463.67,36.30,90.16,0.5848,2,1,-1
682,84,1171.22,503.82,39.48,75.48,0.9094,2,2,-1
682,95,180.83,561.00,33.69,63.60,0.6214,2,2,-1
682,98,851.01,491.48,43.18,114.90,0.8897,2,2,-1
682,99,380.60,574.72,65.35,137.22,0.9083,2,2,-1
682,106,327.05,678.86,99.27,158.45,0.9154,2,2,-1
683,3,1294.46,455.39,40.16,104.13,0.9007,2,2,-1
683,5,1538.59,410.82,68.76,113.39,0.6667,2,1,-1
683,7,1893.12,537.98,28.14,108.07,0.8754,2,2,-1
683,9,1711.70,535.18,67.49,135.10,0.5963,3,0,-1
683,17,1330.40,437.80,25.73,58.65,0.6968,1,4,-1
683,21,1011.13,431.22,49.38,74.16,0.7511,2,2,-1
683,28,1035.73,506.89,91.82,116.86,0.8866,2,2,-1
683,53,1172.90,500.71,39.38,77.78,0.9078,1,4,-1
683,54,1437.89,538.22,51.84,128.35,0.9143,2,1,-1
683,66,1770.34,481.17,36.82,110.65,0.9248,2,1,-1
683,73,1215.39,463.29,35.67,90.09,0.6737,2,1,-1
683,95,176.90,561.25,32.41,62.29,0.5788,2,2,-1
683,98,850.86,491.49,44.14,116.60,0.8752,2,2,-1
683,99,398.96,574.85,57.35,135.43,0.8284,2,2,-1
683,106,340.20,682.72,97.08,162.19,0.9060,2,2,-1
683,0,1739.74,443.56,8.81,10.81,1.0,0,-1,-1
684,3,1294.65,452.30,41.73,106.53,0.9074,2,2,-1
684,5,1548.85,410.78,77.19,112.72,0.8633,2,1,-1
684,7,1902.14,546.57,19.76,85.96,0.8446,2,2,-1
684,9,1730.40,534.51,55.67,134.08,0.7913,3,0,-1
684,28,1045.20,506.12,63.57,116.12,0.8854,2,2,-1
684,29,1331.38,482.99,23.81,52.11,0.5639,2,1,-1
684,31,1174.55,489.42,38.73,88.91,0.9081,2,1,-1
684,54,1440.90,539.08,58.85,127.89,0.9130,2,1,-1
684,66,1774.19,480.00,37.55,110.11,0.9196,2,1,-1
684,68,1342.15,443.16,21.00,53.97,0.7679,2,2,-1
684,95,172.85,561.69,30.78,61.55,0.5173,2,2,-1
684,98,849.29,491.29,45.57,118.63,0.8794,2,2,-1
684,99,415.62,572.52,47.96,113.31,0.8798,2,2,-1
684,106,363.31,711.13,79.70,135.85,0.8126,2,2,-1
684,110,924.24,526.92,31.52,68.89,0.8435,2,-1,-1
684,0,1680.47,447.36,9.19,10.60,1.0,0,-1,-1
685,3,1294.85,452.53,41.78,104.60,0.8800,2,2,-1
685,5,1549.33,408.86,84.96,114.22,0.8952,2,1,-1
685,9,1749.21,535.58,45.10,134.35,0.9100,3,0,-1
685,17,1334.71,432.70,33.23,59.94,0.8343,1,4,-1
685,28,1039.39,504.85,58.69,118.88,0.8467,2,2,-1
685,29,1335.18,479.95,24.21,55.34,0.5327,2,1,-1
685,54,1442.56,538.00,62.01,128.88,0.9197,2,1,-1
685,66,1778.59,479.64,38.05,110.61,0.9025,2,1,-1
685,84,1175.33,482.22,40.93,95.77,0.9072,2,2,-1
685,98,847.73,491.78,47.10,123.15,0.8857,2,2,-1
685,99,408.94,569.67,64.86,142.96,0.9289,2,2,-1
685,106,391.53,693.48,74.63,153.99,0.7992,2,2,-1
685,110,924.33,512.88,34.89,82.09,0.8651,2,-1,-1
685,0,1683.57,446.94,8.79,10.06,1.0,0,-1,-1
686,3,1293.35,450.56,43.32,112.68,0.8997,2,2,-1
686,5,1552.87,408.28,84.33,114.32,0.8440,2,1,-1
686,9,1756.31,539.28,43.93,129.58,0.8245,3,0,-1
686,17,1337.26,433.44,37.03,60.36,0.8572,1,4,-1
686,28,1010.73,501.87,74.47,122.64,0.8972,2,2,-1
686,54,1445.41,543.85,61.50,123.90,0.9233,2,1,-1
686,66,1783.84,478.95,33.47,81.37,0.8439,2,1,-1
686,84,1177.39,478.80,39.22,98.74,0.8855,2,2,-1
686,98,847.11,492.76,48.27,125.03,0.8845,2,2,-1
686,99,409.46,567.51,69.91,143.27,0.9340,2,2,-1
686,106,411.86,693.96,61.27,153.82,0.9449,2,2,-1
686,110,922.90,484.97,39.04,109.89,0.8589,2,-1,-1
687,3,1293.74,451.00,42.60,116.05,0.9038,2,2,-1
687,5,1556.30,408.22,88.47,115.58,0.8865,2,1,-1
687,9,1760.52,538.80,44.41,130.99,0.5237,3,0,-1
687,17,1340.47,439.78,36.29,54.04,0.7727,1,4,-1
687,23,1785.51,478.28,39.92,110.05,0.8716,2,1,-1
687,28,999.98,500.79,81.20,124.94,0.9261,2,2,-1
687,53,1181.03,500.45,35.04,76.56,0.8820,1,4,-1
687,54,1449.11,558.61,57.51,110.08,0.9045,2,1,-1
687,83,928.71,516.96,29.34,77.77,0.8510,2,1,-1
687,98,848.97,494.85,43.83,94.71,0.8797,2,2,-1
687,99,411.36,566.44,75.45,143.57,0.9407,2,2,-1
687,106,415.13,691.99,73.91,158.75,0.9306,2,2,-1
688,3,1293.95,454.29,42.95,114.00,0.9104,2,2,-1
688,5,1555.81,406.71,77.73,116.98,0.8635,2,1,-1
688,8,1184.22,516.08,31.75,60.59,0.8836,1,4,-1
688,9,1765.20,547.22,49.13,123.36,0.8643,3,0,-1
688,17,1345.40,439.60,37.98,53.82,0.8132,1,4,-1
688,23,1791.49,477.53,37.79,104.78,0.8937,2,1,-1
688,28,991.10,502.04,85.25,123.85,0.9275,2,2,-1
688,29,1343.92,482.23,27.39,52.92,0.8592,2,1,-1
688,54,1450.62,541.02,62.33,127.45,0.9095,2,1,-1
688,73,1221.98,471.45,33.11,79.64,0.6293,2,1,-1
688,98,845.37,494.49,51.12,124.32,0.9010,2,2,-1
688,99,412.72,567.31,79.47,138.69,0.9457,2,2,-1
688,106,417.18,689.16,88.21,160.08,0.9356,2,2,-1
688,110,924.58,479.19,38.30,115.45,0.7030,2,-1,-1
688,0,1693.04,444.80,9.48,10.43,1.0,0,-1,-1
689,3,1294.52,456.55,42.25,111.81,0.9053,2,2,-1
689,5,1576.00,405.37,70.64,117.84,0.8580,2,1,-1
689,8,1185.50,484.76,36.48,92.08,0.8783,1,4,-1
689,9,1771.09,547.44,49.84,123.08,0.5693,3,0,-1
689,23,1793.97,477.40,39.52,105.83,0.8621,2,1,-1
689,28,984.58,504.33,84.14,122.41,0.9224,2,2,-1
689,29,1344.87,480.40,29.99,55.42,0.8678,2,1,-1
689,54,1455.87,546.50,59.01,122.13,0.8872,2,1,-1
689,68,1338.77,448.05,18.06,44.33,0.7870,2,2,-1
689,98,847.31,497.68,47.20,120.39,0.9080,2,2,-1
689,99,416.51,568.72,82.47,140.38,0.9467,2,2,-1
689,106,425.57,685.06,96.66,156.27,0.9402,2,2,-1
689,110,931.45,519.26,27.08,74.71,0.7156,2,-1,-1
689,0,1696.00,443.79,8.43,9.98,1.0,0,-1,-1
690,3,1295.30,457.59,41.18,110.95,0.9115,2,2,-1
690,5,1575.06,405.57,67.91,117.55,0.8269,2,1,-1
690,8,1188.87,475.75,35.44,101.42,0.8198,1,4,-1
690,28,979.09,507.29,80.73,123.17,0.9292,2,2,-1
690,29,1345.67,475.94,32.24,60.35,0.8061,2,1,-1
690,43,1482.30,537.96,35.51,70.53,0.8662,2,1,-1
690,54,1467.18,591.47,47.62,77.19,0.9079,2,1,-1
690,66,1802.55,477.39,37.90,92.57,0.8937,2,1,-1
690,98,848.49,496.48,46.33,121.23,0.8995,2,2,-1
690,99,420.78,569.37,84.54,148.51,0.8592,2,2,-1
690,106,443.43,684.65,104.69,167.78,0.8799,2,2,-1
690,0,1696.99,442.20,10.29,11.50,1.0,0,-1,-1
691,3,1296.04,457.35,40.10,111.35,0.9130,2,2,-1
691,5,1584.81,405.28,65.64,117.22,0.8516,2,1,-1
691,8,1221.77,438.00,39.69,112.45,0.8046,1,4,-1
691,23,1805.84,476.07,44.07,111.91,0.8623,2,1,-1
691,28,971.24,512.33,75.30,120.42,0.9125,2,2,-1
691,29,1349.59,434.24,41.95,57.99,0.8816,2,1,-1
691,54,1474.21,590.08,46.50,78.34,0.8889,2,1,-1
691,96,1198.41,531.03,20.28,46.78,0.6863,2,1,-1
691,98,847.84,489.51,47.39,127.74,0.8090,2,2,-1
691,99,433.96,574.39,78.42,144.70,0.8567,2,2,-1
691,106,455.48,688.66,103.68,169.69,0.6623,2,2,-1
691,113,117.46,498.13,54.65,126.98,0.8462,3,-1,-1
691,0,1766.20,435.78,9.00,9.42,1.0,0,-1,-1
692,3,1296.97,456.37,39.19,111.76,0.8933,2,2,-1
692,5,1593.09,405.59,60.12,116.78,0.8886,2,1,-1
692,9,1782.62,559.61,54.16,112.26,0.8897,3,0,-1
692,23,1806.61,475.49,48.98,110.57,0.9156,2,1,-1
692,28,972.83,513.32,58.77,119.46,0.9238,2,2,-1
692,29,1350.96,434.05,44.31,61.16,0.8094,2,1,-1
692,43,1492.18,537.00,37.20,78.99,0.8441,2,1,-1
692,96,1200.54,536.04,18.84,41.86,0.6134,2,1,-1
692,98,848.28,495.17,46.85,126.08,0.8789,2,2,-1
692,99,450.42,574.87,71.64,145.16,0.8959,2,2,-1
692,106,518.30,790.78,43.41,72.19,0.5465,2,2,-1
692,113,117.90,531.38,43.00,95.87,0.7260,3,-1,-1
692,0,1768.15,435.18,9.53,11.57,1.0,0,-1,-1
693,3,1296.67,455.34,40.49,114.00,0.9166,2,2,-1
693,10,1793.66,578.34,46.57,91.96,0.7084,2,1,-1
693,17,1358.45,435.58,38.26,58.50,0.7934,1,4,-1
693,23,1811.87,474.25,51.64,112.24,0.9213,2,1,-1
693,28,968.91,513.20,48.67,119.15,0.9216,2,2,-1
693,33,1604.95,406.18,42.86,71.57,0.8136,2,1,-1
693,39,1225.31,470.61,35.47,77.47,0.6591,1,4,-1
693,43,1497.93,536.01,38.86,75.39,0.8335,2,1,-1
693,98,849.35,496.39,46.90,127.99,0.9033,2,2,-1
693,99,470.40,570.66,63.84,148.35,0.8851,2,2,-1
693,113,111.41,524.42,47.26,103.58,0.8303,3,-1,-1
694,3,1296.94,454.44,40.07,114.39,0.9115,2,2,-1
694,5,1605.50,404.05,47.51,115.50,0.8484,2,1,-1
694,17,1359.02,462.40,36.03,71.26,0.8501,1,4,-1
694,21,1047.08,401.70,65.18,101.09,0.5982,2,2,-1
694,23,1812.44,473.20,55.74,117.79,0.9201,2,1,-1
694,28,962.14,512.53,46.45,119.87,0.8710,2,2,-1
694,31,1201.60,520.87,24.47,56.79,0.5929,2,1,-1
694,43,1505.08,536.31,42.21,73.50,0.8595,2,1,-1
694,84,1226.37,462.98,34.33,84.16,0.5757,2,2,-1
694,98,849.97,498.74,48.90,129.89,0.9068,2,2,-1
694,99,474.11,568.66,66.85,150.25,0.9283,2,2,-1
694,0,1775.45,433.11,8.25,9.67,1.0,0,-1,-1
695,3,1297.76,455.22,39.24,110.19,0.8877,2,2,-1
695,5,1612.48,403.85,42.68,115.01,0.8626,2,1,-1
695,17,1363.70,462.92,33.12,70.44,0.8594,1,4,-1
695,21,1047.26,400.65,64.75,101.97,0.5957,2,2,-1
695,23,1819.31,471.76,52.38,114.77,0.9052,2,1,-1
695,28,947.86,511.34,50.77,121.84,0.9134,2,2,-1
695,43,1506.53,536.23,50.87,74.83,0.8983,2,1,-1
695,84,1227.99,461.09,34.84,85.32,0.6817,2,2,-1
695,98,850.45,500.24,51.72,130.50,0.9065,2,2,-1
695,99,474.50,568.34,74.05,151.80,0.9362,2,2,-1
695,0,1777.60,432.49,9.73,10.52,1.0,0,-1,-1
696,3,1297.66,456.90,39.72,95.85,0.9062,2,2,-1
696,5,1622.73,435.90,32.59,82.81,0.7586,2,1,-1
696,17,1360.12,432.09,42.05,101.00,0.8089,1,4,-1
696,21,1041.72,400.93,65.67,102.01,0.5554,2,2,-1
696,23,1822.86,471.60,52.44,117.89,0.9176,2,1,-1
696,28,932.28,511.17,56.92,122.06,0.9227,2,2,-1
696,31,1203.76,522.34,25.76,56.43,0.7593,2,1,-1
696,54,1504.03,572.31,48.46,99.15,0.8495,2,1,-1
696,73,1228.32,465.92,33.93,80.02,0.6701,2,1,-1
696,98,852.32,502.61,55.19,127.81,0.9182,2,2,-1
696,99,477.29,562.73,77.23,158.88,0.9273,2,2,-1
696,115,539.03,689.47,89.88,172.41,0.9289,2,-1,-1
696,0,1779.64,431.08,10.28,10.01,1.0,0,-1,-1
697,3,1295.02,458.96,43.13,91.92,0.9133,2,2,-1
697,5,1619.65,401.05,43.95,119.06,0.9077,2,1,-1
697,17,1362.86,426.24,39.08,107.01,0.8561,1,4,-1
697,23,1825.79,470.52,51.26,121.46,0.9072,2,1,-1
697,28,924.25,512.79,60.82,123.00,0.9258,2,2,-1
697,31,1204.21,520.39,26.38,58.53,0.8166,2,1,-1
697,54,1510.13,572.60,49.76,98.13,0.8410,2,1,-1
697,73,1226.16,451.95,38.55,93.68,0.6542,2,1,-1
697,98,852.42,502.90,57.62,127.69,0.9223,2,2,-1
697,99,481.57,562.69,86.84,155.44,0.9463,2,2,-1
697,115,550.54,695.10,96.54,168.44,0.9283,2,-1,-1
697,0,1715.20,436.23,10.51,10.64,1.0,0,-1,-1
698,3,1290.05,461.08,51.20,112.87,0.9082,2,2,-1
698,5,1622.08,401.08,47.09,118.32,0.9138,2,1,-1
698,17,1367.28,430.21,35.21,103.13,0.8987,1,4,-1
698,28,919.64,514.99,61.25,125.79,0.9127,2,2,-1
698,31,1204.50,518.68,26.50,59.48,0.7445,2,1,-1
698,54,1509.22,570.70,56.46,101.37,0.9073,2,1,-1
698,66,1835.28,469.61,42.43,114.18,0.9035,2,1,-1
698,98,851.69,501.17,59.68,129.42,0.9179,2,2,-1
698,99,487.61,563.31,92.15,156.94,0.9436,2,2,-1
698,115,591.26,699.41,80.98,172.83,0.9102,2,-1,-1
698,0,1716.97,435.59,9.82,10.14,1.0,0,-1,-1
699,3,1290.52,461.15,51.76,115.34,0.9159,2,2,-1
699,5,1622.15,399.71,52.19,119.88,0.9252,2,1,-1
699,17,1369.76,432.01,34.61,100.55,0.8391,1,4,-1
699,28,913.96,524.06,64.68,121.67,0.9228,2,2,-1
699,53,1204.68,510.78,27.09,66.85,0.8052,1,4,-1
699,54,1511.19,570.51,57.64,102.30,0.8697,2,1,-1
699,66,1838.60,468.89,43.28,114.24,0.9054,2,1,-1
699,73,1229.09,453.92,42.83,91.17,0.6765,2,1,-1
699,98,851.01,498.99,60.05,131.40,0.9238,2,2,-1
699,99,518.20,572.51,59.45,104.31,0.8640,2,2,-1
699,115,558.73,675.06,28.11,59.39,0.6825,2,2,-1
699,0,1719.24,434.80,9.03,9.80,1.0,0,-1,-1
700,3,1291.53,459.78,51.50,116.20,0.9169,2,2,-1
700,5,1623.22,399.50,55.33,119.25,0.9164,2,1,-1
700,9,1868.21,530.10,51.15,109.49,0.6345,3,0,-1
700,17,1371.68,437.12,34.07,94.77,0.8131,1,4,-1
700,28,905.79,521.30,65.11,123.96,0.8956,2,2,-1
700,53,1205.89,513.93,25.23,63.39,0.8521,1,4,-1
700,54,1511.83,564.64,59.73,108.94,0.8658,2,1,-1
700,66,1841.92,468.00,41.93,114.54,0.9141,2,1,-1
700,98,852.68,497.24,58.24,134.02,0.9168,2,2,-1
700,99,516.33,586.22,70.73,135.40,0.8253,2,2,-1
700,0,1720.47,433.61,8.44,9.64,1.0,0,-1,-1
701,3,1291.48,457.77,51.52,119.51,0.9166,2,2,-1
701,5,1622.89,399.02,58.68,119.67,0.9167,2,1,-1
701,17,1374.61,456.05,30.97,74.34,0.8249,1,4,-1
701,28,900.45,520.40,55.71,125.40,0.8796,2,2,-1
701,31,1206.07,519.29,24.71,56.94,0.8606,2,1,-1
701,43,1528.81,536.18,60.03,76.58,0.9134,2,1,-1
701,66,1844.39,467.15,41.41,115.09,0.7836,2,1,-1
701,98,854.47,497.07,56.23,135.67,0.9032,2,2,-1
701,99,524.21,573.69,72.61,150.84,0.9066,2,2,-1
702,3,1290.81,456.84,51.60,121.81,0.9083,2,2,-1
702,5,1622.80,396.78,62.03,123.05,0.9229,2,1,-1
702,17,1373.58,454.93,35.06,78.68,0.8770,1,4,-1
702,28,897.44,519.76,48.96,125.21,0.8648,2,2,-1
702,31,1207.53,518.68,23.42,57.08,0.8455,2,1,-1
702,43,1535.14,534.97,56.31,74.14,0.8871,2,1,-1
702,66,1847.52,465.01,39.84,114.52,0.8782,2,1,-1
702,98,855.61,496.19,54.08,137.48,0.8334,2,2,-1
702,99,544.58,574.02,65.46,149.00,0.9147,2,2,-1
702,0,1751.78,431.27,9.90,10.50,1.0,0,-1,-1
703,3,1292.02,456.79,49.82,123.86,0.8909,2,2,-1
703,5,1623.13,396.17,65.68,123.48,0.9240,2,1,-1
703,17,1371.14,427.25,42.80,109.14,0.8795,1,4,-1
703,28,893.07,519.47,44.82,126.26,0.8903,2,2,-1
703,31,1208.65,521.28,22.31,54.26,0.8173,2,1,-1
703,43,1538.15,534.64,54.25,74.42,0.8436,2,1,-1
703,66,1850.86,464.47,39.99,115.01,0.9066,2,1,-1
703,83,856.23,585.32,24.09,51.12,0.7407,2,1,-1
703,99,547.54,570.48,68.74,153.04,0.9429,2,2,-1
703,110,946.65,545.14,16.64,47.33,0.6008,2,-1,-1
703,117,651.55,713.00,94.73,166.74,0.9254,2,-1,-1
703,0,1752.42,430.51,10.64,10.64,1.0,0,-1,-1
704,3,1293.53,458.93,47.68,125.76,0.8949,2,2,-1
704,5,1627.46,394.77,65.20,123.78,0.9110,2,1,-1
704,17,1373.47,422.09,41.21,113.46,0.9029,1,4,-1
704,28,881.05,527.11,42.20,124.52,0.8490,2,2,-1
704,43,1541.92,532.95,50.53,74.41,0.8502,2,1,-1
704,53,1208.51,518.29,24.56,56.34,0.8134,1,4,-1
704,66,1853.51,463.99,40.10,114.65,0.9182,2,1,-1
704,99,548.71,569.59,75.70,155.28,0.9387,2,2,-1
704,117,661.52,712.98,102.47,159.53,0.9193,2,-1,-1
705,3,1293.19,463.99,47.12,123.32,0.8961,2,2,-1
705,5,1628.46,394.33,64.30,123.85,0.9038,2,1,-1
705,17,1373.91,420.04,41.43,113.92,0.9136,1,4,-1
705,28,872.05,523.22,44.46,119.24,0.8727,2,2,-1
705,43,1543.33,532.69,47.54,76.74,0.8699,2,1,-1
705,53,1207.56,519.14,25.60,55.01,0.7255,1,4,-1
705,66,1854.75,463.81,40.94,117.91,0.8935,2,1,-1
705,84,1225.20,456.05,33.67,85.58,0.5117,2,2,-1
705,99,547.81,568.47,81.14,156.83,0.9451,2,2,-1
705,117,675.54,716.23,105.10,159.51,0.8630,2,-1,-1
706,3,1292.66,464.33,49.57,123.28,0.9178,2,2,-1
706,5,1628.78,393.34,63.99,124.91,0.9166,2,1,-1
706,17,1372.95,418.57,42.09,116.44,0.9084,1,4,-1
706,28,910.40,450.64,53.66,146.24,0.6737,2,2,-1
706,39,1200.98,491.37,38.50,82.65,0.8778,1,4,-1
706,43,1544.19,534.39,45.29,76.07,0.6754,2,1,-1
706,66,1855.49,462.92,43.09,121.06,0.9065,2,1,-1
706,98,857.16,510.67,52.99,144.80,0.9267,2,2,-1
706,99,549.95,566.22,87.67,155.89,0.9498,2,2,-1
706,117,714.64,719.84,90.66,153.54,0.8711,2,2,-1
706,0,1791.54,420.71,9.60,10.69,1.0,0,-1,-1
707,3,1291.07,466.53,48.05,121.63,0.8933,2,2,-1
707,5,1629.17,390.67,63.14,127.74,0.8942,2,1,-1
707,39,1199.68,486.39,42.39,87.51,0.8516,1,4,-1
707,43,1548.46,531.52,38.91,74.41,0.8254,2,1,-1
707,58,1373.13,452.55,36.95,80.43,0.8137,2,2,-1
707,66,1855.96,462.43,43.71,121.39,0.8981,2,1,-1
707,98,848.63,509.28,55.47,150.34,0.9013,2,2,-1
707,99,554.10,563.54,93.87,158.36,0.9506,2,2,-1
707,117,706.36,724.80,104.01,174.98,0.9118,2,2,-1
707,0,1791.43,418.97,10.02,10.79,1.0,0,-1,-1
708,3,1290.77,463.64,50.85,122.09,0.9282,2,2,-1
708,5,1631.70,385.09,59.99,132.27,0.9022,2,1,-1
708,39,1197.31,482.34,46.12,90.87,0.8742,1,4,-1
708,54,1546.21,576.92,46.15,96.86,0.8247,2,1,-1
708,58,1370.72,442.01,40.09,88.13,0.6635,2,2,-1
708,66,1855.60,460.93,46.96,125.34,0.9245,2,1,-1
708,98,842.09,528.21,48.72,131.58,0.6386,2,2,-1
708,99,555.90,563.37,93.15,159.61,0.9325,2,2,-1
708,117,733.53,723.11,97.07,173.12,0.9103,2,2,-1
708,0,1720.93,424.20,8.63,9.77,1.0,0,-1,-1
709,3,1290.46,461.80,51.92,123.16,0.9218,2,2,-1
709,5,1632.90,380.72,58.54,135.77,0.8732,2,1,-1
709,17,1369.49,412.36,42.64,118.72,0.5162,2,-1,-1
709,39,1193.67,472.03,52.26,100.84,0.8869,1,4,-1
709,54,1542.20,533.03,57.00,140.66,0.8690,2,1,-1
709,66,1854.85,459.72,49.21,133.04,0.9274,2,1,-1
709,98,830.15,530.03,46.36,130.17,0.8873,2,2,-1
709,99,573.24,569.18,80.96,156.48,0.8955,2,2,-1
709,110,918.97,536.11,23.43,57.71,0.7787,2,-1,-1
709,117,759.32,725.59,89.13,171.52,0.8294,2,2,-1
709,0,1719.24,423.82,8.71,8.67,1.0,0,-1,-1
710,3,1288.74,459.73,53.40,130.03,0.9187,2,2,-1
710,5,1636.63,386.18,52.67,128.72,0.9156,2,1,-1
710,17,1368.04,411.42,39.56,117.74,0.8485,2,1,-1
710,39,1189.82,474.00,54.37,98.27,0.8866,1,4,-1
710,54,1543.48,536.91,60.74,137.26,0.8870,2,1,-1
710,66,1855.48,458.19,49.14,133.38,0.9368,2,1,-1
710,98,815.56,527.36,53.85,133.57,0.9070,2,2,-1
710,99,577.15,570.74,75.29,154.77,0.9290,2,2,-1
710,110,859.58,502.55,44.70,136.81,0.8544,2,-1,-1
710,117,765.06,735.84,83.06,164.62,0.8718,2,2,-1
710,0,1716.66,422.88,9.56,9.27,1.0,0,-1,-1
711,3,1287.35,460.18,53.43,124.18,0.8999,2,2,-1
711,5,1636.79,384.31,50.31,129.59,0.8903,2,1,-1
711,8,1184.60,448.62,58.04,123.56,0.8899,1,4,-1
711,17,1371.45,464.82,23.24,65.08,0.7889,2,1,-1
711,29,1365.65,411.35,39.26,57.08,0.5129,2,1,-1
711,54,1541.89,557.34,65.26,117.38,0.9080,2,1,-1
711,66,1854.87,457.09,49.38,133.97,0.9286,2,1,-1
711,76,910.03,532.48,23.37,62.29,0.6864,2,2,-1
711,99,599.04,570.97,63.66,154.91,0.8945,2,2,-1
711,110,844.17,501.50,55.30,145.65,0.9187,2,-1,-1
711,117,770.65,716.85,91.19,172.01,0.9096,2,2,-1
711,0,1741.72,420.53,11.76,11.25,1.0,0,-1,-1
712,3,1281.25,461.94,57.71,131.79,0.9126,2,2,-1
712,5,1636.08,385.17,49.70,128.63,0.8929,2,1,-1
712,8,1178.92,449.38,56.10,122.45,0.9096,1,4,-1
712,17,1363.05,412.42,38.72,118.70,0.8786,2,1,-1
712,54,1536.08,552.97,70.19,121.48,0.9072,2,1,-1
712,66,1848.84,456.10,54.52,134.52,0.9351,2,1,-1
712,76,905.18,533.79,22.72,60.54,0.8057,2,2,-1
712,98,787.56,523.45,61.39,137.78,0.9407,2,2,-1
712,99,612.32,567.64,49.37,118.66,0.7085,2,2,-1
712,110,839.78,502.19,59.35,150.12,0.9251,2,-1,-1
712,115,605.41,685.97,24.51,38.30,0.8728,2,2,-1
712,117,778.39,712.54,97.91,177.57,0.9149,2,2,-1
712,0,1778.63,412.52,10.97,10.69,1.0,0,-1,-1
713,3,1276.89,464.30,57.23,99.00,0.9203,2,2,-1
713,5,1634.39,384.87,48.81,128.16,0.8965,2,1,-1
713,8,1173.31,443.21,56.41,128.85,0.9034,1,4,-1
713,17,1360.40,411.97,37.24,118.00,0.8528,2,1,-1
713,54,1531.14,540.99,73.87,133.18,0.9023,2,1,-1
713,66,1846.95,454.07,56.22,135.48,0.8970,2,1,-1
713,76,900.48,532.99,22.03,60.64,0.8532,2,2,-1
713,98,773.61,523.03,65.70,140.05,0.9373,2,2,-1
713,99,600.57,562.28,68.91,162.55,0.9262,2,2,-1
713,110,839.80,505.51,58.01,120.92,0.9259,2,-1,-1
713,117,797.19,719.13,106.42,183.59,0.8659,2,2,-1
713,0,1704.95,418.32,9.82,9.85,1.0,0,-1,-1
714,3,1266.42,466.14,69.30,127.51,0.9180,2,2,-1
714,5,1632.57,385.15,46.98,126.18,0.9167,2,1,-1
714,8,1168.70,440.95,55.62,131.46,0.9161,1,4,-1
714,17,1356.63,411.72,36.63,117.37,0.8110,2,1,-1
714,54,1529.52,545.85,68.67,127.95,0.9056,2,1,-1
714,66,1849.29,453.94,54.30,136.56,0.9346,2,1,-1
714,76,894.94,533.22,22.56,61.74,0.5323,2,2,-1
714,98,763.14,524.50,68.20,144.12,0.9281,2,2,-1
714,99,598.09,559.52,74.54,166.68,0.9255,2,2,-1
714,110,836.45,510.97,63.11,141.54,0.9150,2,-1,-1
714,117,833.01,735.32,95.16,175.61,0.7600,2,2,-1
715,3,1264.78,467.40,69.44,129.31,0.9014,2,2,-1
715,5,1631.07,384.38,46.84,127.34,0.9086,2,1,-1
715,8,1164.43,441.96,54.56,129.85,0.9326,1,4,-1
715,54,1528.24,531.01,67.20,142.35,0.9209,2,1,-1
715,58,1354.98,461.77,29.46,67.52,0.6812,2,2,-1
715,66,1848.70,452.84,54.07,136.99,0.8661,2,1,-1
715,98,751.57,526.33,70.78,147.42,0.9348,2,2,-1
715,99,598.06,558.41,82.19,164.69,0.9373,2,2,-1
715,110,840.96,508.15,64.16,144.32,0.8990,2,-1,-1
715,117,830.82,735.54,87.11,177.80,0.8548,2,2,-1
716,3,1267.04,465.54,66.86,131.43,0.9220,2,2,-1
716,5,1628.60,383.87,46.66,128.51,0.9007,2,1,-1
716,7,1904.40,582.21,16.72,95.95,0.6127,2,2,-1
716,17,1348.14,408.81,39.67,119.43,0.9002,2,1,-1
716,39,1160.29,471.04,55.03,100.58,0.9207,1,4,-1
716,43,1552.22,528.65,40.58,82.07,0.6676,2,1,-1
716,54,1536.16,592.00,50.23,80.62,0.8871,2,1,-1
716,66,1848.79,452.44,52.14,136.94,0.9209,2,1,-1
716,98,742.43,532.45,72.29,145.16,0.9355,2,2,-1
716,99,599.04,558.55,95.72,163.77,0.9416,2,2,-1
716,110,844.32,525.49,55.86,127.05,0.8467,2,2,-1
716,117,866.34,728.09,69.06,185.74,0.9067,2,2,-1
716,0,1764.72,407.45,9.18,9.92,1.0,0,-1,-1
717,3,1273.75,464.68,59.23,130.57,0.9214,2,2,-1
717,5,1626.81,384.40,46.12,129.28,0.8970,2,1,-1
717,8,1157.22,456.44,51.98,115.02,0.9271,1,4,-1
717,9,1901.88,624.61,18.75,54.10,0.7889,3,0,-1
717,17,1345.25,407.51,38.40,122.37,0.8938,2,1,-1
717,43,1551.49,528.36,40.28,82.03,0.8517,2,1,-1
717,54,1536.84,594.78,50.16,78.04,0.8998,2,1,-1
717,66,1846.01,451.31,52.23,138.86,0.6965,2,1,-1
717,98,736.56,536.83,68.08,141.17,0.9328,2,2,-1
717,99,600.48,557.03,96.58,171.09,0.9251,2,2,-1
717,110,840.21,512.03,56.86,141.58,0.8655,2,2,-1
717,117,877.77,734.43,69.10,179.10,0.9095,2,2,-1
717,0,1717.89,413.38,11.38,12.30,1.0,0,-1,-1
718,3,1271.11,463.82,58.32,132.84,0.9283,2,2,-1
718,5,1622.14,384.33,47.78,129.81,0.8940,2,1,-1
718,8,1152.24,444.74,53.58,127.24,0.9176,1,4,-1
718,17,1341.75,408.54,37.44,121.76,0.8337,2,1,-1
718,43,1550.29,527.97,41.93,89.74,0.8029,2,1,-1
718,66,1844.67,452.57,50.43,136.75,0.9280,2,1,-1
718,98,730.52,539.74,63.86,138.67,0.9228,2,2,-1
718,99,634.41,565.55,72.40,146.17,0.8011,2,2,-1
718,110,839.47,506.86,56.21,147.80,0.8938,2,2,-1
718,117,881.09,747.25,68.85,168.72,0.7780,2,2,-1
718,0,1755.02,406.97,9.56,9.49,1.0,0,-1,-1
719,3,1268.00,463.35,59.93,139.12,0.9314,2,2,-1
719,5,1618.64,384.00,48.50,129.91,0.8879,2,1,-1
719,8,1150.74,452.36,49.03,119.28,0.9107,1,4,-1
719,9,1901.05,632.40,17.22,47.39,0.5878,3,0,-1
719,17,1337.33,406.70,37.83,120.72,0.7848,2,1,-1
719,43,1551.86,527.31,38.99,86.99,0.8407,2,1,-1
719,66,1840.61,452.35,49.46,139.23,0.9198,2,1,-1
719,98,723.16,539.36,63.36,139.37,0.9386,2,2,-1
719,99,621.44,568.54,83.34,161.42,0.9079,2,2,-1
719,110,838.26,507.02,56.92,151.72,0.9121,2,2,-1
719,117,878.46,725.34,96.84,190.03,0.9144,2,2,-1
719,0,1679.18,412.87,9.24,10.71,1.0,0,-1,-1
720,3,1263.05,464.10,62.50,142.33,0.9369,2,2,-1
720,5,1615.79,384.46,48.40,130.29,0.8938,2,1,-1
720,9,1899.92,634.45,18.41,45.94,0.7261,3,0,-1
720,10,1788.69,537.51,59.24,95.34,0.5457,2,1,-1
720,17,1331.14,405.23,40.60,125.09,0.8708,2,1,-1
720,39,1147.98,478.44,45.30,91.97,0.8925,1,4,-1
720,43,1552.06,527.79,37.70,81.67,0.7709,2,1,-1
720,66,1836.99,452.63,49.84,138.85,0.9167,2,1,-1
720,98,715.03,539.00,61.63,139.88,0.9308,2,2,-1
720,99,637.16,570.22,76.11,159.70,0.9078,2,2,-1
720,110,834.95,503.18,58.10,159.83,0.9112,2,2,-1
720,117,885.51,724.19,103.80,180.64,0.9069,2,2,-1
720,0,1672.56,412.67,11.01,10.96,1.0,0,-1,-1
721,3,1257.75,468.31,65.73,143.09,0.9308,2,2,-1
721,5,1609.19,383.46,50.63,130.40,0.8862,2,1,-1
721,9,1901.13,635.03,18.45,45.96,0.7171,3,0,-1
721,17,1324.45,406.37,41.30,123.74,0.8554,2,1,-1
721,43,1547.60,528.01,42.86,82.01,0.8291,2,1,-1
721,53,1147.51,509.41,37.63,61.34,0.8444,1,4,-1
721,66,1832.11,453.22,49.23,138.27,0.9282,2,1,-1
721,98,707.59,540.27,60.39,148.71,0.9180,2,2,-1
721,99,644.61,569.60,62.50,160.14,0.9198,2,2,-1
721,110,833.45,501.09,59.83,164.34,0.9189,2,2,-1
721,117,927.59,724.46,99.95,193.76,0.9029,2,2,-1
721,0,1666.75,412.34,10.59,10.74,1.0,0,-1,-1
722,3,1255.97,473.23,65.44,138.42,0.9218,2,2,-1
722,5,1605.21,383.30,51.94,130.58,0.9005,2,1,-1
722,17,1318.17,405.69,44.61,123.25,0.8986,2,1,-1
722,43,1542.79,528.88,49.32,82.56,0.8558,2,1,-1
722,66,1826.22,453.76,48.70,135.66,0.9307,2,1,-1
722,73,1145.43,505.90,32.51,65.16,0.8538,2,1,-1
722,98,698.70,544.50,58.28,140.19,0.8988,2,2,-1
722,99,643.39,566.40,68.29,164.46,0.9323,2,2,-1
722,110,830.71,506.96,61.19,163.47,0.9025,2,2,-1
722,117,919.95,730.45,100.75,194.44,0.8199,2,2,-1
722,0,1659.50,411.84,10.49,11.68,1.0,0,-1,-1
723,3,1255.89,482.57,62.89,130.29,0.9039,2,2,-1
723,5,1597.66,381.65,53.85,131.55,0.9012,2,1,-1
723,8,1138.82,462.57,38.58,108.03,0.7612,1,4,-1
723,10,1765.40,538.00,60.15,93.87,0.7706,2,1,-1
723,17,1312.44,407.08,48.09,121.06,0.8953,2,1,-1
723,23,1903.28,545.33,17.59,69.03,0.7898,2,1,-1
723,43,1532.84,530.17,59.96,80.68,0.8960,2,1,-1
723,66,1819.87,454.49,47.45,133.57,0.9270,2,1,-1
723,99,640.20,563.06,76.88,168.46,0.9308,2,2,-1
723,110,827.82,509.16,61.79,160.69,0.9016,2,2,-1
723,117,938.11,745.74,95.26,188.45,0.9062,2,2,-1
723,0,1680.95,411.66,12.98,12.38,1.0,0,-1,-1
724,3,1254.83,482.62,59.72,131.06,0.8942,2,2,-1
724,5,1593.54,383.87,52.77,128.95,0.9081,2,1,-1
724,10,1758.75,537.37,61.74,94.49,0.5228,2,1,-1
724,17,1303.03,405.86,56.11,122.53,0.9135,2,1,-1
724,23,1899.25,544.72,20.06,77.48,0.6028,2,1,-1
724,28,712.37,553.13,28.91,78.90,0.6495,2,2,-1
724,31,1140.73,512.67,23.57,59.33,0.8241,2,1,-1
724,43,1512.04,529.34,88.45,143.72,0.8653,2,1,-1
724,66,1813.73,455.19,47.72,134.88,0.9247,2,1,-1
724,99,639.77,557.95,92.28,170.27,0.9315,2,2,-1
724,110,826.53,518.32,61.92,152.41,0.9068,2,2,-1
724,117,956.28,750.08,96.81,185.67,0.8823,2,2,-1
724,0,1643.94,411.30,10.64,12.11,1.0,0,-1,-1
725,3,1259.79,478.13,57.20,134.62,0.9287,2,2,-1
725,5,1589.79,382.16,50.58,132.68,0.9067,2,1,-1
725,10,1748.79,537.31,63.59,95.46,0.7388,2,1,-1
725,17,1297.23,406.37,63.42,126.79,0.9044,2,1,-1
725,31,1134.81,514.89,23.58,58.12,0.7648,2,1,-1
725,43,1522.27,532.29,64.93,83.81,0.8826,2,1,-1
725,66,1806.97,455.52,47.72,138.48,0.9250,2,1,-1
725,99,641.82,559.46,98.73,167.27,0.9459,2,2,-1
725,110,822.11,521.45,65.25,150.35,0.9307,2,2,-1
725,117,984.38,756.22,86.15,175.42,0.9071,2,2,-1
726,3,1259.10,475.96,56.92,137.40,0.9202,2,2,-1
726,5,1584.42,383.44,49.24,132.12,0.9182,2,1,-1
726,10,1743.34,538.29,63.45,93.44,0.7241,2,1,-1
726,31,1129.43,513.94,25.49,59.77,0.8285,2,1,-1
726,43,1513.67,533.27,72.98,83.39,0.8990,2,1,-1
726,66,1801.17,456.27,47.02,138.51,0.9078,2,1,-1
726,99,648.91,560.45,99.48,168.50,0.8976,2,2,-1
726,110,818.61,520.52,65.86,149.95,0.9341,2,2,-1
726,117,982.83,747.36,96.80,187.76,0.9226,2,2,-1
727,3,1256.30,475.29,59.66,143.86,0.9053,2,2,-1
727,5,1580.47,383.46,48.09,132.23,0.9222,2,1,-1
727,8,1120.54,452.07,41.63,122.40,0.7858,1,4,-1
727,43,1490.23,544.61,97.06,135.34,0.8527,2,1,-1
727,66,1794.58,454.88,47.56,140.72,0.9230,2,1,-1
727,98,648.60,564.77,65.86,158.94,0.8687,2,2,-1
727,110,817.14,519.22,64.26,151.49,0.9329,2,2,-1
727,117,991.93,734.27,102.35,187.07,0.9255,2,2,-1
728,3,1255.08,479.80,61.66,139.84,0.8997,2,2,-1
728,5,1575.63,383.55,50.55,131.49,0.9350,2,1,-1
728,8,1114.05,461.02,40.76,113.72,0.8790,1,4,-1
728,10,1725.60,536.99,64.36,94.45,0.6323,2,1,-1
728,43,1513.82,533.64,63.96,83.71,0.8524,2,1,-1
728,66,1788.33,454.61,47.62,140.68,0.9217,2,1,-1
728,98,648.60,558.98,64.81,148.97,0.9011,2,2,-1
728,110,817.67,517.64,61.92,156.23,0.9342,2,2,-1
728,117,1000.38,734.57,108.64,191.42,0.9211,2,2,-1
728,122,1880.48,533.86,40.48,152.97,0.8744,2,-1,-1
729,3,1253.35,476.56,62.40,145.31,0.9139,2,2,-1
729,5,1570.50,386.84,52.99,130.29,0.9325,2,1,-1
729,8,1107.45,440.13,44.72,133.56,0.9135,1,4,-1
729,43,1514.57,533.17,60.54,82.24,0.8876,2,1,-1
729,66,1782.76,454.95,47.77,140.41,0.9234,2,1,-1
729,99,690.43,571.86,63.55,158.70,0.9188,2,2,-1
729,110,817.16,516.17,61.05,161.36,0.9300,2,2,-1
729,117,1044.33,748.68,94.81,191.85,0.8676,2,2,-1
729,122,1878.31,533.23,41.51,153.36,0.9138,2,-1,-1
730,3,1253.74,486.07,58.22,141.20,0.9252,2,2,-1
730,5,1564.08,386.26,50.80,131.52,0.9371,2,1,-1
730,29,1266.92,412.39,73.48,99.11,0.8889,2,1,-1
730,43,1513.89,533.22,57.46,80.84,0.7513,2,1,-1
730,66,1776.27,456.66,47.86,138.23,0.9178,2,1,-1
730,96,1101.95,440.47,44.43,133.39,0.8950,2,1,-1
730,98,647.71,559.46,70.08,153.92,0.9106,2,2,-1
730,110,815.08,516.39,63.53,166.36,0.9323,2,2,-1
730,117,1036.78,748.20,99.01,198.40,0.8792,2,2,-1
730,122,1874.52,536.39,44.74,151.19,0.9225,2,-1,-1
730,123,1881.32,694.60,36.61,169.39,0.8149,2,-1,-1
731,3,1254.07,490.08,59.58,136.72,0.9344,2,2,-1
731,5,1561.94,424.48,42.57,93.70,0.8918,2,1,-1
731,10,1706.01,537.85,66.09,93.19,0.6489,2,1,-1
731,29,1259.50,411.37,72.69,102.17,0.8682,2,1,-1
731,33,1515.00,532.56,42.45,97.94,0.8472,2,1,-1
731,66,1770.10,454.90,48.64,139.89,0.9274,2,1,-1
731,76,788.12,550.02,16.37,45.96,0.5829,2,2,-1
731,83,645.76,655.12,29.85,63.33,0.5694,2,1,-1
731,96,1095.98,440.81,44.50,134.57,0.9005,2,1,-1
731,98,646.13,562.66,68.43,121.56,0.9242,2,2,-1
731,110,813.60,521.79,66.39,163.17,0.9329,2,2,-1
731,117,1057.47,748.49,90.59,197.91,0.8586,2,2,-1
731,122,1872.47,535.47,45.72,153.20,0.6545,3,0,-1
731,123,1876.65,697.98,39.35,170.69,0.7223,2,-1,-1
731,0,1664.97,405.46,9.99,9.96,1.0,0,-1,-1
732,3,1252.65,492.59,60.34,135.03,0.9364,2,2,-1
732,5,1549.59,386.15,52.28,132.61,0.9268,2,1,-1
732,29,1253.43,411.75,68.11,103.97,0.8901,2,1,-1
732,43,1506.13,533.12,50.26,78.92,0.7145,2,1,-1
732,66,1762.20,455.28,49.41,139.09,0.9334,2,1,-1
732,83,643.19,659.31,26.95,63.04,0.6047,2,1,-1
732,96,1089.21,439.31,45.36,136.89,0.9107,2,1,-1
732,98,642.54,568.86,68.09,114.70,0.9320,2,2,-1
732,110,812.78,522.98,70.69,165.01,0.9397,2,2,-1
732,117,1093.18,768.03,72.47,178.29,0.8376,2,2,-1
732,122,1868.68,533.89,50.94,159.93,0.9277,3,0,-1
732,123,1854.80,669.60,53.33,105.60,0.8415,2,-1,-1
733,3,1254.26,493.81,57.62,133.78,0.9341,2,2,-1
733,5,1545.48,403.15,46.63,115.30,0.9025,2,1,-1
733,10,1685.23,537.63,64.10,91.25,0.6154,2,1,-1
733,21,837.41,382.44,45.67,108.37,0.5622,2,2,-1
733,43,1503.60,532.83,46.51,80.33,0.7709,2,1,-1
733,66,1755.86,455.45,49.68,137.83,0.9153,2,1,-1
733,73,1083.63,503.33,40.75,72.03,0.8446,2,1,-1
733,96,1097.25,439.70,27.87,77.77,0.6759,2,1,-1
733,99,640.39,572.88,68.27,151.73,0.9243,2,2,-1
733,110,814.28,527.12,72.17,160.41,0.9192,2,2,-1
733,117,1095.22,756.42,85.08,193.13,0.9257,2,2,-1
733,122,1868.06,533.68,51.82,161.28,0.9213,3,0,-1
733,123,1841.32,691.42,61.72,84.67,0.8221,2,2,-1
733,0,1607.11,411.85,11.78,11.15,1.0,0,-1,-1
734,3,1253.59,490.86,56.79,136.57,0.9411,2,2,-1
734,5,1538.83,386.91,48.43,131.60,0.9290,2,1,-1
734,10,1679.72,537.76,66.59,90.69,0.6270,2,1,-1
734,43,1501.45,532.71,42.20,82.14,0.9096,2,1,-1
734,66,1750.02,455.94,49.52,137.91,0.9356,2,1,-1
734,73,1072.88,440.30,52.84,136.09,0.8872,2,1,-1
734,99,635.79,575.92,74.68,147.12,0.9269,2,2,-1
734,110,813.26,531.19,75.97,156.88,0.9287,2,2,-1
734,117,1099.15,745.38,96.81,197.30,0.9123,2,2,-1
734,122,1866.08,533.78,53.11,160.85,0.8734,3,0,-1
734,123,1826.71,684.85,109.85,180.94,0.7992,2,2,-1
734,0,1640.84,404.12,10.78,11.01,1.0,0,-1,-1
735,3,1249.82,489.10,59.16,140.28,0.9342,2,2,-1
735,5,1537.55,421.34,40.73,97.32,0.8963,2,1,-1
735,17,1236.89,410.59,53.95,108.58,0.7029,2,1,-1
735,39,1072.60,476.70,41.80,99.87,0.8930,1,4,-1
735,43,1499.68,533.54,40.54,78.75,0.8566,2,1,-1
735,66,1744.00,457.13,49.39,137.26,0.9311,2,1,-1
735,84,996.15,397.60,41.00,90.24,0.7528,2,2,-1
735,99,629.54,576.52,86.44,146.51,0.9103,2,2,-1
735,110,812.26,532.02,76.18,156.42,0.9258,2,2,-1
735,117,1105.91,743.49,103.44,192.23,0.9232,2,2,-1
735,122,1864.89,532.36,53.49,161.38,0.5141,3,0,-1
735,123,1813.95,686.60,103.33,183.73,0.8829,2,2,-1
736,3,1246.22,489.57,63.00,143.15,0.9283,2,2,-1
736,5,1533.66,422.47,41.18,96.01,0.8568,2,1,-1
736,17,1232.15,413.07,50.39,113.00,0.9212,2,1,-1
736,43,1495.31,534.93,41.14,77.51,0.8733,2,1,-1
736,66,1739.43,457.69,50.24,137.83,0.9383,2,1,-1
736,73,1063.86,439.32,45.69,137.98,0.8611,2,1,-1
736,99,620.30,575.33,92.31,150.43,0.9249,2,2,-1
736,110,812.16,531.24,73.82,156.84,0.9389,2,2,-1
736,117,1126.50,745.80,110.09,197.42,0.8926,2,2,-1
736,122,1863.11,532.56,56.02,166.82,0.7627,3,0,-1
736,123,1802.57,686.78,107.15,194.15,0.7150,2,2,-1
737,3,1242.34,491.01,66.21,140.03,0.9281,2,2,-1
737,5,1530.26,426.09,39.45,91.90,0.8212,2,1,-1
737,10,1653.41,537.55,67.61,90.39,0.7025,2,1,-1
737,17,1225.51,414.24,50.09,112.41,0.8946,2,1,-1
737,43,1490.78,535.48,44.16,81.03,0.8264,2,1,-1
737,66,1735.17,457.77,51.18,137.54,0.9473,2,1,-1
737,73,1062.55,440.16,41.23,137.36,0.8442,2,1,-1
737,99,613.46,570.81,93.75,158.69,0.9248,2,2,-1
737,110,812.39,527.41,71.76,162.27,0.9273,2,2,-1
737,117,1166.56,750.07,78.10,153.12,0.8544,2,2,-1
737,122,1861.20,532.46,56.93,165.95,0.7577,3,0,-1
737,126,710.72,581.92,97.10,152.33,0.9094,2,-1,-1
737,0,1618.40,404.85,10.70,11.03,1.0,0,-1,-1
738,3,1240.38,495.08,69.19,149.05,0.9424,2,2,-1
738,5,1522.30,386.30,49.02,132.49,0.8835,2,1,-1
738,17,1219.20,413.77,50.73,124.89,0.9135,2,1,-1
738,54,1470.17,539.66,80.41,144.68,0.8395,2,1,-1
738,66,1727.86,457.63,55.53,137.78,0.9407,2,1,-1
738,73,1059.56,440.70,38.19,136.66,0.8686,2,1,-1
738,99,611.31,572.85,89.97,163.55,0.9325,2,2,-1
738,110,812.78,528.23,69.53,167.10,0.9239,2,2,-1
738,117,1156.42,752.98,98.78,193.92,0.8503,2,2,-1
738,122,1859.18,533.05,58.04,165.15,0.6604,3,0,-1
738,123,1788.21,688.05,100.41,198.27,0.8149,2,2,-1
738,126,738.94,576.28,86.54,158.78,0.8972,2,-1,-1
738,0,1609.95,405.13,11.34,9.98,1.0,0,-1,-1
739,3,1243.24,501.22,65.37,144.24,0.9326,2,2,-1
739,5,1523.93,387.38,38.22,78.02,0.8393,2,1,-1
739,10,1634.78,538.24,66.24,90.69,0.6605,2,1,-1
739,29,1211.52,415.60,51.64,98.19,0.8468,2,1,-1
739,43,1483.48,537.71,45.14,79.03,0.7856,2,1,-1
739,66,1721.90,458.70,58.26,137.19,0.9449,2,1,-1
739,73,1058.66,441.24,36.62,135.94,0.9033,2,1,-1
739,99,613.52,578.18,86.10,161.52,0.9289,2,2,-1
739,110,811.91,526.45,68.30,170.58,0.9129,2,2,-1
739,117,1178.05,760.07,103.11,202.40,0.8008,2,2,-1
739,122,1855.37,533.91,58.87,165.48,0.5391,3,0,-1
739,123,1777.65,691.90,99.85,199.89,0.7346,2,2,-1
739,126,737.11,572.77,84.02,159.98,0.9170,2,-1,-1
740,3,1247.75,505.67,61.12,138.58,0.9152,2,2,-1
740,5,1508.06,386.40,60.55,131.53,0.7730,2,1,-1
740,10,1626.52,538.00,62.64,90.06,0.7172,2,1,-1
740,17,1208.21,415.72,46.96,125.15,0.9270,2,1,-1
740,43,1479.59,538.60,46.19,78.09,0.7499,2,1,-1
740,66,1713.84,458.56,59.62,138.67,0.9014,2,1,-1
740,73,1055.68,445.17,35.64,131.24,0.8023,2,1,-1
740,99,617.99,590.33,82.06,155.48,0.9112,2,2,-1
740,110,813.85,533.76,65.82,164.92,0.9059,2,2,-1
740,117,1204.32,790.46,79.48,169.84,0.8069,2,2,-1
740,122,1852.62,535.28,58.44,160.18,0.5485,3,0,-1
740,123,1774.68,700.63,77.85,143.61,0.5448,2,2,-1
740,126,733.52,570.70,84.79,163.78,0.9219,2,2,-1
741,3,1250.15,505.72,56.99,138.76,0.9254,2,2,-1
741,5,1504.52,386.31,55.19,135.91,0.8276,2,1,-1
741,17,1200.80,417.66,47.29,124.66,0.9214,2,1,-1
741,21,791.07,385.01,49.39,112.03,0.5233,2,2,-1
741,43,1481.15,537.59,44.90,78.75,0.7562,2,1,-1
741,66,1706.96,460.33,58.20,137.56,0.9424,2,1,-1
741,96,1051.31,442.20,44.85,77.07,0.8878,2,1,-1
741,99,626.72,587.80,77.80,159.80,0.8904,2,2,-1
741,110,813.07,537.08,66.70,168.22,0.8941,2,2,-1
741,117,1213.27,799.09,79.98,162.33,0.7413,2,2,-1
741,122,1846.16,536.38,61.98,156.38,0.7272,3,0,-1
741,126,733.81,571.39,86.78,159.92,0.9170,2,2,-1
741,0,1585.89,405.16,11.20,11.50,1.0,0,-1,-1
742,3,1250.22,504.35,55.48,139.79,0.9178,2,2,-1
742,5,1498.70,388.57,52.64,130.87,0.8951,2,1,-1
742,10,1611.86,536.96,61.38,90.78,0.5976,2,1,-1
742,17,1195.23,417.54,46.85,127.29,0.9176,2,1,-1
742,21,783.65,383.21,51.77,114.37,0.8838,2,2,-1
742,31,1040.81,482.63,41.47,94.26,0.8062,2,1,-1
742,43,1479.35,537.42,41.97,77.82,0.8451,2,1,-1
742,66,1699.45,460.09,57.72,137.64,0.9455,2,1,-1
742,99,627.15,593.25,76.42,153.74,0.9272,2,2,-1
742,110,815.34,541.99,64.45,166.95,0.9040,2,2,-1
742,117,1213.84,760.04,103.48,194.02,0.8842,2,2,-1
742,122,1841.88,536.56,64.63,158.48,0.6506,3,0,-1
742,126,734.88,569.37,95.43,161.12,0.9255,2,2,-1
743,3,1250.46,503.01,54.45,143.30,0.9163,2,2,-1
743,5,1492.82,389.43,53.77,131.75,0.8820,2,1,-1
743,10,1604.42,536.72,56.25,90.81,0.7735,2,1,-1
743,17,1188.78,418.40,46.59,126.79,0.8895,2,1,-1
743,21,777.80,382.87,49.87,115.28,0.8679,2,2,-1
743,31,1034.33,470.10,48.47,107.14,0.7735,2,1,-1
743,43,1476.97,536.56,42.22,81.00,0.8368,2,1,-1
743,66,1692.22,459.22,58.75,139.19,0.9345,2,1,-1
743,99,627.07,593.09,73.73,153.81,0.9395,2,2,-1
743,117,1224.56,756.56,107.57,190.54,0.8899,2,2,-1
743,122,1833.03,535.02,70.49,165.54,0.6566,3,0,-1
743,126,736.02,567.67,100.64,161.85,0.9273,2,2,-1
744,3,1250.15,503.53,53.28,148.71,0.9226,2,2,-1
744,5,1486.82,391.82,54.85,131.01,0.8750,2,1,-1
744,17,1183.47,418.43,45.94,126.87,0.9018,2,1,-1
744,21,771.73,381.94,51.22,120.00,0.6619,2,2,-1
744,31,1027.60,472.54,55.71,105.40,0.8976,2,1,-1
744,43,1474.10,536.73,41.35,79.82,0.6617,2,1,-1
744,66,1685.52,458.67,58.84,140.50,0.9391,2,1,-1
744,99,627.63,589.75,73.83,153.90,0.9300,2,2,-1
744,110,822.94,547.56,56.67,161.32,0.9033,2,2,-1
744,122,1826.56,537.07,72.84,162.33,0.7507,3,0,-1
744,126,765.56,574.15,80.50,157.44,0.8598,2,2,-1
744,0,1562.76,405.34,10.52,10.30,1.0,0,-1,-1
745,3,1247.22,505.44,52.86,149.00,0.9261,2,2,-1
745,5,1480.16,391.42,56.22,131.60,0.9027,2,1,-1
745,10,1589.41,542.32,53.15,87.15,0.5344,2,1,-1
745,17,1176.22,418.49,45.70,127.40,0.9225,2,1,-1
745,21,764.54,381.03,52.03,124.73,0.6619,2,2,-1
745,31,1020.45,484.78,58.28,92.46,0.9098,2,1,-1
745,33,1468.47,535.68,42.18,98.97,0.8768,2,1,-1
745,66,1677.49,459.43,60.80,139.39,0.9449,2,1,-1
745,99,623.79,588.37,78.68,161.03,0.9303,2,2,-1
745,110,821.52,546.01,54.21,158.16,0.8940,2,2,-1
745,122,1819.08,537.02,73.49,161.65,0.7259,3,0,-1
746,3,1244.21,508.49,52.77,147.95,0.9260,2,2,-1
746,5,1472.64,390.46,55.91,134.36,0.8998,2,1,-1
746,17,1171.36,417.31,43.60,129.01,0.9232,2,1,-1
746,21,760.42,382.55,46.18,123.09,0.8853,2,2,-1
746,23,1589.54,534.53,54.33,172.62,0.5463,2,1,-1
746,31,1011.38,484.96,64.07,93.28,0.9067,2,1,-1
746,33,1464.87,608.08,29.87,68.93,0.5488,2,1,-1
746,43,1463.98,535.78,41.54,82.19,0.8667,2,1,-1
746,66,1672.15,458.80,60.39,139.83,0.9393,2,1,-1
746,99,621.68,587.86,82.53,170.64,0.9260,2,2,-1
746,110,819.66,543.33,52.66,159.15,0.8913,2,2,-1
746,122,1815.69,537.96,72.20,159.66,0.8121,3,0,-1
746,123,1729.06,708.27,78.48,139.50,0.6631,2,2,-1
746,129,706.72,533.09,31.00,83.02,0.7311,2,-1,-1
747,3,1242.01,512.76,54.04,147.14,0.9315,2,2,-1
747,5,1467.72,391.89,54.51,132.96,0.8790,2,1,-1
747,17,1164.65,417.57,42.81,127.61,0.9305,2,1,-1
747,21,755.37,382.75,46.06,124.91,0.6763,2,2,-1
747,31,1003.32,491.82,63.22,86.54,0.9100,2,1,-1
747,43,1460.14,536.39,42.84,83.53,0.8343,2,1,-1
747,66,1667.88,458.86,58.43,139.49,0.9444,2,1,-1
747,99,621.24,592.81,82.79,169.34,0.9305,2,2,-1
747,110,792.14,676.80,19.68,53.90,0.6761,2,2,-1
747,117,1290.80,771.91,109.30,197.52,0.8470,2,2,-1
747,122,1813.70,535.62,72.40,164.28,0.6888,3,0,-1
747,123,1706.84,710.21,95.84,166.62,0.7861,2,2,-1
747,126,785.02,560.30,81.82,171.24,0.8349,2,2,-1
748,3,1238.52,516.89,55.62,143.19,0.9220,2,2,-1
748,5,1462.69,402.14,50.78,122.49,0.8486,2,1,-1
748,17,1158.26,418.01,42.38,127.33,0.9281,2,1,-1
748,21,750.60,387.66,42.96,121.69,0.8006,2,2,-1
748,23,1570.65,534.34,56.46,171.33,0.6610,2,1,-1
748,31,995.23,485.86,66.21,93.02,0.9069,2,1,-1
748,43,1455.87,537.55,47.58,80.93,0.9011,2,1,-1
748,66,1663.96,458.85,54.22,140.11,0.9416,2,1,-1
748,99,621.93,596.78,82.11,174.36,0.9246,2,2,-1
748,117,1321.57,782.20,91.59,192.46,0.8781,2,2,-1
748,123,1706.41,715.32,90.34,159.83,0.6378,2,2,-1
748,126,781.10,566.69,88.35,166.10,0.9057,2,2,-1
749,3,1235.17,518.17,56.33,142.51,0.9242,2,2,-1
749,5,1458.67,392.81,41.22,78.97,0.8130,2,1,-1
749,17,1151.55,418.62,42.40,126.33,0.9280,2,1,-1
749,21,746.86,391.40,41.21,118.35,0.8889,2,2,-1
749,31,988.86,487.93,64.96,90.50,0.9204,2,1,-1
749,43,1447.14,538.47,55.86,81.07,0.9100,2,1,-1
749,66,1660.64,459.60,50.55,138.97,0.9344,2,1,-1
749,99,633.55,605.51,75.56,164.85,0.7198,2,2,-1
749,117,1360.09,770.72,66.38,128.97,0.6792,2,2,-1
749,122,1804.55,535.93,67.10,166.01,0.7983,3,0,-1
749,123,1698.29,722.72,87.21,153.57,0.8952,2,2,-1
749,126,779.24,573.82,92.71,160.24,0.9228,2,2,-1
749,0,1520.24,404.22,11.19,11.68,1.0,0,-1,-1
750,3,1231.93,517.60,56.49,140.70,0.9251,2,2,-1
750,5,1449.63,420.69,49.28,101.18,0.7811,2,1,-1
750,17,1144.72,419.09,42.45,126.53,0.9381,2,1,-1
750,21,741.41,390.26,42.88,119.59,0.8471,2,2,-1
750,31,982.55,486.27,64.33,92.14,0.9044,2,1,-1
750,43,1438.40,538.03,65.01,82.26,0.9256,2,1,-1
750,66,1654.89,459.33,50.37,139.93,0.9287,2,1,-1
750,99,640.18,609.31,66.17,161.72,0.9323,2,2,-1
750,117,1332.78,771.09,100.93,190.51,0.6973,2,2,-1
750,122,1832.54,579.94,62.32,150.74,0.8868,3,0,-1
750,123,1687.62,728.55,86.74,151.16,0.6901,2,2,-1
750,126,777.12,570.19,98.93,162.68,0.9178,2,2,-1
