1,0,910.01,907.38,13.13,12.35,1.0,0,-1,-1
2,0,910.43,906.81,12.74,12.85,1.0,0,-1,-1
3,1,40.92,599.58,60.78,116.59,0.9292,2,-1,-1
3,2,318.11,629.15,57.27,112.14,0.9311,2,-1,-1
3,3,1301.49,548.31,46.56,89.72,0.9054,2,-1,-1
3,4,925.85,601.57,50.13,113.49,0.9338,2,-1,-1
3,5,1346.53,580.07,47.66,104.97,0.9033,2,-1,-1
3,6,150.18,631.46,44.76,128.15,0.9166,2,-1,-1
3,7,1026.32,529.07,36.18,90.52,0.8850,2,-1,-1
3,8,402.24,567.75,34.07,108.52,0.8683,2,-1,-1
3,9,1152.58,558.43,31.89,105.20,0.7418,2,-1,-1
3,10,1227.72,506.36,45.91,96.35,0.8760,2,-1,-1
3,11,1085.88,524.36,46.21,101.59,0.7151,2,-1,-1
3,12,526.55,517.82,27.40,86.91,0.8021,2,-1,-1
3,13,460.71,530.61,31.87,96.42,0.8962,2,-1,-1
3,14,1513.23,558.12,32.76,101.65,0.5576,2,-1,-1
3,0,910.78,906.42,12.80,12.74,1.0,0,-1,-1
4,1,40.85,599.33,61.36,117.55,0.9270,2,-1,-1
4,2,318.53,629.91,66.85,115.04,0.9414,2,-1,-1
4,3,1308.65,545.87,41.41,92.01,0.8772,2,-1,-1
4,4,933.53,602.72,49.00,111.67,0.7692,2,-1,-1
4,5,1348.45,572.24,49.17,112.03,0.8222,2,-1,-1
4,6,158.99,631.35,39.21,126.87,0.9176,2,-1,-1
4,7,1026.31,528.43,34.45,91.62,0.8851,2,-1,-1
4,8,402.16,567.32,34.18,108.00,0.8626,2,-1,-1
4,9,1150.15,558.00,37.75,114.04,0.8882,2,-1,-1
4,10,1229.86,503.06,47.54,99.11,0.6359,2,-1,-1
4,11,1096.01,527.47,46.39,99.28,0.8201,2,-1,-1
4,12,527.05,508.98,27.01,96.93,0.8177,2,-1,-1
4,13,463.85,530.18,33.41,94.34,0.8847,2,-1,-1
4,14,1513.09,558.21,34.38,101.50,0.8279,2,-1,-1
4,0,910.71,905.87,13.08,13.24,1.0,0,-1,-1
5,1,41.07,599.08,61.34,117.27,0.9335,2,-1,-1
5,2,320.48,630.39,66.13,112.81,0.9321,2,-1,-1
5,3,1317.51,558.60,32.40,78.80,0.8706,2,-1,-1
5,5,1425.17,521.72,36.07,87.02,0.6319,1,-1,-1
5,6,163.70,631.42,37.09,124.51,0.9134,2,-1,-1
5,7,1026.85,528.44,33.78,91.05,0.8746,2,-1,-1
5,8,402.37,566.95,34.54,107.62,0.8462,2,-1,-1
5,9,1148.41,557.86,38.84,113.75,0.8643,2,-1,-1
5,11,1088.35,523.65,40.47,89.63,0.7446,2,-1,-1
5,12,530.21,540.94,19.42,63.65,0.8501,2,-1,-1
5,13,466.85,530.33,29.02,69.88,0.8448,2,-1,-1
5,14,1516.13,557.59,33.32,101.93,0.8118,2,-1,-1
6,1,40.87,599.37,61.10,116.27,0.9357,2,-1,-1
6,2,324.64,630.32,67.81,111.99,0.9388,2,-1,-1
6,3,1323.79,554.49,30.62,81.83,0.8184,2,-1,-1
6,4,956.10,602.08,39.64,113.36,0.8655,2,-1,-1
6,5,1360.45,568.81,45.25,111.68,0.8274,2,-1,-1
6,6,168.45,630.78,37.27,125.64,0.8981,2,-1,-1
6,8,402.13,566.71,34.95,107.65,0.8432,2,-1,-1
6,9,1147.71,558.13,39.57,113.92,0.8274,2,-1,-1
6,11,1089.83,523.91,39.48,92.46,0.7919,2,-1,-1
6,12,529.90,541.97,19.85,62.14,0.8501,2,-1,-1
6,13,464.14,530.93,43.93,96.33,0.9267,2,-1,-1
6,14,1520.40,558.12,30.17,101.69,0.8595,2,-1,-1
6,17,1046.12,568.82,35.83,106.84,0.8884,2,-1,-1
6,0,912.47,903.86,12.19,14.78,1.0,0,-1,-1
7,1,41.66,598.83,59.26,116.09,0.9330,2,-1,-1
7,2,329.69,631.36,65.31,111.73,0.9387,2,-1,-1
7,3,1328.47,557.01,27.88,80.07,0.8004,2,-1,-1
7,4,961.97,599.15,39.07,114.10,0.9107,2,-1,-1
7,5,1360.27,569.52,45.00,105.81,0.7413,2,-1,-1
7,6,170.20,630.98,37.61,126.98,0.9219,2,-1,-1
7,8,402.39,566.50,35.30,107.31,0.8736,2,-1,-1
7,9,1146.76,557.34,40.42,114.74,0.8421,2,-1,-1
7,11,1093.43,524.42,38.50,91.87,0.7951,2,-1,-1
7,12,529.54,542.25,20.16,61.56,0.8531,2,-1,-1
7,13,464.29,530.41,45.83,97.20,0.9212,2,-1,-1
7,14,1519.25,557.87,30.37,101.85,0.8678,2,-1,-1
7,17,1046.19,569.23,35.51,105.68,0.9033,2,-1,-1
7,0,915.43,903.74,10.50,14.24,1.0,0,-1,-1
8,1,41.61,598.60,58.26,116.56,0.9387,2,-1,-1
8,2,334.19,631.34,62.91,110.80,0.9004,2,-1,-1
8,3,1330.82,562.03,26.78,73.62,0.8511,2,-1,-1
8,4,963.03,596.62,43.34,118.21,0.8883,2,-1,-1
8,5,1423.47,521.90,37.63,91.69,0.5205,2,-1,-1
8,6,171.04,631.02,42.73,127.39,0.9317,2,-1,-1
8,8,402.38,565.82,34.86,107.78,0.8568,2,-1,-1
8,9,1145.74,556.99,41.80,115.28,0.8539,2,-1,-1
8,10,1229.76,534.89,33.69,66.24,0.7670,2,-1,-1
8,11,1093.10,523.79,38.18,91.62,0.7948,2,-1,-1
8,12,529.46,541.74,20.46,61.42,0.8532,2,-1,-1
8,13,464.46,530.56,46.70,97.33,0.9248,2,-1,-1
8,14,1522.90,556.80,29.68,102.01,0.8871,2,-1,-1
8,17,1043.85,568.80,36.42,105.62,0.9151,2,-1,-1
9,1,42.93,598.20,58.35,117.69,0.9325,2,1,-1
9,2,351.12,661.62,45.32,78.61,0.7710,2,1,-1
9,3,1330.81,559.69,29.17,76.11,0.8762,2,1,-1
9,4,965.96,596.30,48.54,119.46,0.9193,2,1,-1
9,6,174.31,655.00,45.93,104.36,0.8883,2,1,-1
9,8,401.45,565.61,35.54,108.05,0.8320,2,1,-1
9,9,1145.09,558.82,42.50,113.76,0.8554,2,2,-1
9,10,1227.80,532.49,34.19,68.45,0.8692,2,-1,-1
9,11,1095.59,522.95,38.72,91.11,0.8485,2,-1,-1
9,12,529.37,541.64,20.50,60.66,0.8552,2,1,-1
9,13,464.98,530.23,46.51,98.22,0.9158,2,2,-1
9,14,1525.19,556.69,29.64,101.65,0.8935,2,2,-1
9,17,1042.99,568.89,35.75,105.05,0.9064,2,1,-1
9,20,595.93,404.68,28.28,62.69,0.5504,2,-1,-1
10,1,45.77,597.91,55.52,117.35,0.9268,2,1,-1
10,2,357.25,630.57,53.44,109.67,0.8919,2,1,-1
10,3,1330.93,558.14,30.95,77.78,0.8812,2,1,-1
10,4,970.40,596.31,51.61,118.89,0.8376,2,1,-1
10,5,1441.34,531.64,29.62,70.03,0.8070,2,-1,-1
10,6,171.35,634.68,59.65,125.39,0.9173,2,1,-1
10,8,402.63,565.63,35.25,108.98,0.8049,2,1,-1
10,9,1145.01,568.09,40.09,103.88,0.8487,2,2,-1
10,10,1226.95,525.62,35.34,75.09,0.8681,2,-1,-1
10,11,1095.88,523.45,39.08,92.55,0.8770,2,2,-1
10,12,529.46,542.13,20.56,59.99,0.8620,2,1,-1
10,13,467.07,530.67,45.05,97.96,0.9185,2,2,-1
10,14,1526.47,555.33,32.67,103.48,0.9269,2,2,-1
10,17,1042.07,568.97,35.41,104.78,0.8961,2,1,-1
10,0,1823.96,767.85,16.67,12.89,1.0,0,-1,-1
11,1,48.54,597.45,51.88,115.89,0.9190,2,1,-1
11,2,368.98,631.18,45.98,108.22,0.8734,2,1,-1
11,3,1332.13,558.73,34.46,77.70,0.8986,2,1,-1
11,4,973.44,597.34,55.96,118.15,0.9008,2,1,-1
11,5,1439.30,510.53,37.54,90.57,0.5426,1,-1,-1
11,6,172.29,631.98,61.36,127.21,0.9320,2,1,-1
11,7,1024.73,527.36,33.19,88.55,0.8908,2,-1,-1
11,8,401.21,565.26,36.30,110.13,0.8379,2,1,-1
11,9,1143.80,563.67,41.42,108.29,0.8990,2,2,-1
11,10,1226.38,526.71,33.70,74.47,0.8859,2,2,-1
11,11,1096.86,523.44,38.98,92.03,0.8919,2,2,-1
11,12,529.63,542.28,20.70,59.79,0.8621,2,1,-1
11,13,471.13,530.30,41.50,96.97,0.8929,2,2,-1
11,14,1527.66,556.11,33.12,103.26,0.9135,2,2,-1
11,20,599.71,404.14,27.28,62.85,0.5509,2,-1,-1
12,1,53.61,597.15,47.96,115.11,0.9311,2,1,-1
12,2,374.54,641.71,41.85,97.60,0.8664,2,1,-1
12,3,1334.17,560.94,35.29,75.39,0.8821,2,1,-1
12,4,976.03,596.58,55.36,116.88,0.9039,2,1,-1
12,5,1440.88,510.32,37.57,90.85,0.6319,2,-1,-1
12,6,172.42,632.28,60.69,128.09,0.9344,2,1,-1
12,7,1024.67,527.88,32.75,86.38,0.8835,2,-1,-1
12,8,406.13,565.87,27.31,78.43,0.7307,2,1,-1
12,9,1144.31,580.83,38.10,91.29,0.8877,2,2,-1
12,10,1226.14,526.64,32.12,73.42,0.8605,2,2,-1
12,11,1098.65,523.22,39.86,91.63,0.8794,2,2,-1
12,12,529.63,541.88,20.88,60.39,0.8600,2,1,-1
12,13,474.50,533.08,37.62,93.79,0.9030,2,2,-1
12,14,1528.42,556.69,32.86,102.79,0.9002,2,2,-1
12,20,602.93,403.34,24.52,63.84,0.7396,2,-1,-1
12,22,1377.75,568.16,42.85,111.69,0.8530,2,-1,-1
12,23,532.36,507.04,20.17,57.15,0.5385,3,-1,-1
12,0,1826.65,770.65,17.66,11.54,1.0,0,-1,-1
13,1,57.67,597.24,47.36,114.78,0.9290,2,1,-1
13,2,378.20,649.50,46.26,91.00,0.8876,2,1,-1
13,3,1334.97,558.33,36.31,77.61,0.8801,2,1,-1
13,4,984.90,600.67,51.51,112.90,0.8728,2,1,-1
13,5,1440.02,506.29,38.73,95.48,0.8042,2,-1,-1
13,6,173.60,633.16,60.44,127.46,0.9293,2,1,-1
13,7,1024.37,527.69,33.14,84.86,0.8800,2,-1,-1
13,8,406.75,565.32,28.21,80.94,0.8398,2,1,-1
13,9,1139.73,564.77,42.34,106.83,0.7990,2,2,-1
13,10,1224.25,530.38,30.53,70.46,0.8623,2,2,-1
13,11,1099.32,522.90,39.71,92.11,0.8808,2,2,-1
13,12,529.71,541.75,21.17,60.76,0.8613,2,1,-1
13,13,481.54,531.34,28.15,70.25,0.7220,2,2,-1
13,14,1528.70,556.58,33.20,103.59,0.8986,2,2,-1
13,20,605.81,406.49,21.72,60.50,0.6836,2,1,-1
13,22,1379.02,568.02,46.90,113.35,0.8779,2,-1,-1
13,23,532.56,507.12,20.09,56.52,0.6284,3,-1,-1
13,24,1257.78,523.89,23.55,66.45,0.8351,2,-1,-1
14,1,64.23,597.34,46.17,115.48,0.9318,2,1,-1
14,2,380.07,628.44,53.33,111.44,0.8943,2,1,-1
14,3,1337.67,558.69,36.59,76.67,0.8514,2,1,-1
14,4,995.52,614.56,47.08,99.50,0.8915,2,1,-1
14,5,1440.29,507.71,38.59,94.27,0.7967,1,-1,-1
14,6,174.87,631.11,61.02,129.42,0.9263,2,1,-1
14,7,1023.17,528.02,35.08,89.33,0.8843,2,2,-1
14,8,406.67,565.78,27.75,77.38,0.8424,2,1,-1
14,9,1135.84,563.92,40.18,108.06,0.8292,2,2,-1
14,10,1223.20,532.40,29.12,68.26,0.8380,2,2,-1
14,11,1101.27,524.10,39.14,89.07,0.8742,2,2,-1
14,12,530.14,541.27,22.01,61.65,0.8568,2,1,-1
14,13,483.16,533.32,25.79,63.86,0.7670,2,2,-1
14,14,1529.03,556.88,34.29,103.08,0.9017,2,2,-1
14,20,610.13,424.17,15.77,43.26,0.5055,2,1,-1
14,22,1378.27,569.05,49.34,112.96,0.9062,2,-1,-1
14,24,1258.51,527.68,23.47,62.66,0.8372,2,-1,-1
14,0,566.97,460.96,10.06,12.00,1.0,0,-1,-1
15,1,68.92,597.11,44.76,116.13,0.9244,2,1,-1
15,2,383.44,630.44,55.76,109.83,0.9217,2,1,-1
15,3,1341.39,559.77,37.02,74.86,0.8431,2,1,-1
15,4,1006.26,612.32,44.71,101.89,0.8585,2,1,-1
15,5,1446.22,531.87,29.93,69.79,0.5743,2,1,-1
15,6,181.44,631.86,54.39,128.22,0.9264,2,1,-1
15,7,1023.26,528.47,34.47,87.72,0.8642,2,2,-1
15,8,403.23,565.15,30.10,82.17,0.6374,2,1,-1
15,9,1137.59,585.27,32.07,84.93,0.5791,2,2,-1
15,10,1223.96,537.08,26.68,64.10,0.8319,2,2,-1
15,11,1102.20,523.56,38.26,89.67,0.8669,2,2,-1
15,12,529.98,540.74,22.60,62.51,0.8582,2,1,-1
15,13,484.09,532.02,27.18,67.67,0.7833,2,2,-1
15,14,1528.97,557.24,35.62,103.07,0.8939,2,2,-1
15,22,1379.32,570.22,49.39,112.34,0.9061,2,1,-1
15,24,1258.23,525.96,24.62,64.10,0.8671,2,-1,-1
15,26,489.60,593.25,23.36,36.99,0.8392,2,-1,-1
15,0,924.30,905.22,15.08,14.04,1.0,0,-1,-1
16,1,73.11,596.96,46.41,115.11,0.9258,2,1,-1
16,2,387.58,622.36,57.15,117.84,0.9202,2,1,-1
16,3,1345.69,557.64,36.92,76.48,0.8062,2,1,-1
16,4,1016.30,611.21,41.13,101.48,0.8796,2,1,-1
16,5,1447.28,537.45,29.66,64.04,0.7126,1,1,-1
16,6,186.69,631.60,49.73,128.50,0.9246,2,1,-1
16,7,1024.79,528.92,30.79,69.80,0.8438,2,2,-1
16,8,401.56,564.56,31.24,82.12,0.7647,2,1,-1
16,10,1214.91,512.31,35.72,88.97,0.7592,2,2,-1
16,11,1103.26,522.46,36.80,90.71,0.8767,2,2,-1
16,12,530.04,540.43,22.70,62.82,0.8535,2,1,-1
16,13,486.58,531.32,27.39,71.22,0.7482,2,2,-1
16,14,1530.30,558.10,35.53,103.03,0.8496,2,2,-1
16,22,1382.77,569.94,53.64,112.86,0.9231,2,1,-1
16,24,1258.24,526.12,24.98,64.08,0.8518,2,2,-1
16,26,491.72,592.87,21.88,37.45,0.8108,2,-1,-1
16,0,566.85,460.45,10.24,11.95,1.0,0,-1,-1
17,1,75.31,596.85,49.28,114.97,0.9204,2,1,-1
17,2,392.57,620.62,57.24,122.11,0.8976,2,1,-1
17,3,1349.30,557.25,35.70,77.80,0.7671,2,1,-1
17,5,1444.44,524.10,35.28,77.01,0.7353,2,1,-1
17,6,197.03,632.44,41.63,128.25,0.9166,2,1,-1
17,7,1022.16,529.83,37.99,81.07,0.8509,2,2,-1
17,11,1105.51,522.06,36.15,90.75,0.8902,2,2,-1
17,12,530.25,541.18,22.29,61.92,0.8570,2,1,-1
17,13,488.44,531.88,27.70,74.17,0.7964,2,2,-1
17,14,1530.91,557.00,35.61,102.82,0.8352,2,2,-1
17,22,1385.29,570.48,52.79,112.77,0.9020,2,1,-1
17,24,1259.06,527.33,24.67,62.87,0.8095,2,2,-1
17,27,1136.91,528.73,48.31,63.60,0.8100,2,-1,-1
17,0,566.90,460.63,10.18,12.22,1.0,0,-1,-1
18,1,76.31,596.79,50.92,115.80,0.9229,2,1,-1
18,2,402.17,627.06,55.15,116.02,0.9212,2,1,-1
18,3,1352.94,555.77,35.68,79.34,0.6440,2,1,-1
18,5,1443.21,510.07,40.53,90.91,0.5428,1,1,-1
18,6,206.23,632.64,36.17,127.41,0.9063,2,1,-1
18,7,1025.32,530.36,31.33,50.01,0.8137,2,2,-1
18,9,1131.79,584.95,32.98,85.23,0.5307,2,2,-1
18,11,1105.87,522.26,37.14,90.14,0.8952,2,2,-1
18,12,529.42,531.18,24.19,71.94,0.8430,2,1,-1
18,13,488.59,531.52,31.51,96.73,0.8809,2,2,-1
18,14,1532.47,557.62,35.31,102.25,0.6371,2,2,-1
18,17,1024.63,598.24,40.25,116.99,0.9035,2,1,-1
18,22,1386.40,569.76,52.95,113.38,0.5556,2,1,-1
18,24,1258.19,524.93,26.34,66.09,0.8132,2,2,-1
18,27,1139.42,528.14,48.19,67.64,0.7814,2,-1,-1
18,0,567.25,460.54,10.11,12.10,1.0,0,-1,-1
19,1,78.45,596.48,51.97,115.45,0.9146,2,1,-1
19,2,411.49,628.06,52.89,114.95,0.8941,2,1,-1
19,5,1444.38,509.74,39.32,91.09,0.6183,2,1,-1
19,6,210.76,632.40,34.55,127.07,0.9136,2,1,-1
19,7,1019.63,530.02,39.91,63.77,0.8185,2,2,-1
19,11,1107.33,522.12,37.25,91.16,0.8668,2,2,-1
19,12,530.45,536.82,21.80,66.21,0.8445,2,1,-1
19,13,492.21,531.74,31.51,97.68,0.8840,2,2,-1
19,14,1534.50,559.59,34.67,101.13,0.6084,2,2,-1
19,17,1027.85,596.64,42.83,117.83,0.8670,2,1,-1
19,22,1395.36,569.48,48.24,112.34,0.7378,2,1,-1
19,24,1260.05,525.84,25.01,64.17,0.8499,2,2,-1
19,27,1148.91,528.51,36.37,47.56,0.8591,2,-1,-1
20,1,79.84,596.99,53.77,115.00,0.9333,2,1,-1
20,2,425.55,627.23,47.05,115.66,0.9025,2,1,-1
20,6,214.73,632.30,34.90,125.18,0.9169,2,1,-1
20,7,1021.73,528.69,38.39,65.70,0.8295,2,2,-1
20,11,1108.17,522.04,37.12,90.41,0.8768,2,2,-1
20,12,531.01,538.24,21.13,64.06,0.8423,2,1,-1
20,13,493.21,532.19,32.69,97.05,0.8962,2,2,-1
20,17,1030.66,593.27,49.78,121.53,0.8942,2,1,-1
20,22,1399.05,567.34,44.38,114.66,0.8066,2,1,-1
20,24,1261.15,527.04,24.28,63.12,0.6736,2,2,-1
20,27,1140.07,528.00,56.06,95.67,0.8408,2,2,-1
21,1,81.10,597.28,53.85,114.66,0.9266,2,1,-1
21,2,432.51,624.81,44.80,116.22,0.9040,2,1,-1
21,3,1367.88,560.23,32.91,76.04,0.5289,2,1,-1
21,6,217.07,632.16,39.34,127.23,0.9216,2,1,-1
21,7,1022.00,527.17,35.11,67.88,0.8461,2,2,-1
21,8,392.65,564.35,39.10,109.07,0.9183,2,1,-1
21,11,1108.41,520.83,37.77,91.27,0.8821,2,2,-1
21,12,531.98,541.56,20.37,60.64,0.8644,2,1,-1
21,13,494.84,533.50,32.10,96.18,0.8988,2,2,-1
21,14,1538.32,558.00,34.30,102.74,0.5877,2,2,-1
21,17,1035.83,596.48,48.80,116.48,0.8808,2,1,-1
21,22,1405.44,567.73,39.82,112.51,0.7787,2,1,-1
21,27,1147.67,525.04,43.43,98.07,0.8742,2,2,-1
21,0,1859.64,770.58,17.15,14.39,1.0,0,-1,-1
22,1,82.14,597.44,53.58,113.86,0.9304,2,1,-1
22,2,435.72,622.77,47.66,118.33,0.9264,2,1,-1
22,3,1350.39,523.99,40.59,106.59,0.6941,2,1,-1
22,6,217.64,632.27,45.36,127.15,0.9386,2,1,-1
22,8,393.62,564.28,40.19,108.83,0.9123,2,1,-1
22,11,1113.33,557.02,49.87,112.42,0.8796,2,2,-1
22,13,495.49,533.00,32.51,96.82,0.9013,2,2,-1
22,14,1540.52,555.93,35.12,106.86,0.5465,2,2,-1
22,17,1021.66,562.51,40.90,106.29,0.8935,2,1,-1
22,22,1412.09,568.36,36.18,110.92,0.7893,2,1,-1
22,23,532.21,539.89,21.69,62.21,0.8560,2,-1,-1
22,27,1152.26,526.85,37.73,95.96,0.8440,2,2,-1
23,1,84.14,597.65,51.62,113.00,0.9353,2,1,-1
23,2,438.78,621.33,50.43,120.51,0.9306,2,1,-1
23,3,1352.78,520.95,36.12,98.44,0.7077,2,1,-1
23,4,1052.04,599.81,44.32,111.96,0.5146,2,1,-1
23,6,219.87,631.99,51.64,128.00,0.9409,2,1,-1
23,8,394.06,564.48,41.02,108.73,0.9131,2,1,-1
23,11,1112.11,557.99,52.70,112.83,0.8973,2,2,-1
23,13,499.68,543.88,28.89,85.97,0.8501,2,2,-1
23,17,1022.90,561.64,37.54,107.14,0.9139,2,1,-1
23,22,1416.71,569.40,33.99,111.48,0.8079,2,1,-1
23,23,532.59,540.45,20.93,61.61,0.8449,2,-1,-1
23,24,1264.88,525.02,24.58,65.73,0.8361,2,2,-1
23,27,1157.82,527.48,27.85,69.02,0.7756,2,2,-1
24,1,85.58,597.78,52.68,112.04,0.9369,2,1,-1
24,2,442.36,620.20,53.58,121.26,0.9258,2,1,-1
24,3,1354.77,520.69,34.12,97.13,0.8594,2,1,-1
24,4,1062.94,600.72,38.91,109.94,0.7679,2,1,-1
24,6,222.10,633.54,58.80,127.24,0.9400,2,1,-1
24,8,393.66,563.61,43.42,109.80,0.9159,2,1,-1
24,10,1158.54,524.51,36.09,98.78,0.8042,2,2,-1
24,11,1113.55,557.29,52.55,113.52,0.9069,2,2,-1
24,13,501.15,536.64,29.79,93.75,0.8834,2,2,-1
24,14,1545.44,555.60,29.01,104.89,0.8491,2,2,-1
24,17,1022.96,560.02,36.35,109.55,0.9199,2,1,-1
24,22,1420.54,567.95,33.56,111.75,0.9062,2,1,-1
24,23,535.39,507.32,22.85,58.94,0.8292,2,-1,-1
24,24,1266.04,525.10,24.42,65.64,0.6649,2,2,-1
25,1,87.46,598.27,53.00,111.77,0.9306,2,1,-1
25,2,447.25,621.18,56.16,117.87,0.9314,2,1,-1
25,3,1355.97,521.84,32.46,95.97,0.8746,2,1,-1
25,4,1072.65,599.35,35.48,111.27,0.9010,2,1,-1
25,6,222.01,633.60,63.97,127.38,0.9465,2,1,-1
25,8,393.53,563.19,43.24,108.45,0.9186,2,1,-1
25,9,1117.51,580.30,47.32,90.06,0.8797,2,2,-1
25,10,1161.16,526.20,34.32,96.20,0.7628,2,2,-1
25,13,505.89,532.84,21.85,66.47,0.5696,2,2,-1
25,14,1547.85,556.40,27.92,104.20,0.8454,2,2,-1
25,17,1022.53,559.54,35.86,108.83,0.9198,2,1,-1
25,22,1422.75,568.06,34.64,112.44,0.8563,2,1,-1
25,23,535.97,506.17,25.00,56.07,0.8588,2,-1,-1
25,24,1267.26,525.76,23.73,64.06,0.5329,2,2,-1
25,26,508.16,596.20,21.92,34.51,0.8216,2,-1,-1
25,31,1125.17,522.52,27.04,63.42,0.7821,2,-1,-1
26,1,87.67,596.83,53.48,113.77,0.9305,2,1,-1
26,2,450.83,621.96,61.28,118.69,0.9366,2,1,-1
26,3,1384.55,541.33,27.19,79.07,0.6042,2,1,-1
26,4,1075.54,597.68,37.56,113.91,0.9100,2,1,-1
26,6,223.29,633.94,65.15,126.37,0.9428,2,1,-1
26,8,394.16,562.29,42.99,108.78,0.9262,2,1,-1
26,11,1116.28,556.50,47.05,114.29,0.9090,2,2,-1
26,14,1547.17,556.96,29.81,103.67,0.8335,2,2,-1
26,17,1021.53,558.82,36.19,108.64,0.9205,2,1,-1
26,22,1426.60,567.40,38.39,112.76,0.8277,2,1,-1
26,23,535.16,505.91,27.45,59.08,0.8544,3,0,-1
26,24,1354.79,523.33,32.86,93.67,0.8372,2,2,-1
26,26,510.31,596.16,21.35,33.36,0.8665,2,2,-1
26,27,1166.03,526.53,31.52,69.16,0.8265,2,2,-1
27,1,88.98,596.94,54.01,113.95,0.9277,2,1,-1
27,2,457.96,624.70,59.69,116.03,0.9097,2,1,-1
27,4,1077.97,595.62,40.08,114.65,0.8965,2,1,-1
27,6,223.77,633.86,67.07,126.56,0.9270,2,1,-1
27,7,1029.93,524.95,27.03,51.85,0.7208,2,2,-1
27,8,394.95,560.36,41.14,109.17,0.9233,2,1,-1
27,11,1116.33,557.31,43.55,112.91,0.9022,2,2,-1
27,13,511.11,533.34,23.88,71.33,0.6251,2,2,-1
27,14,1555.22,588.47,24.12,71.75,0.8268,2,2,-1
27,17,1019.19,558.05,37.13,108.22,0.9194,2,1,-1
27,22,1427.24,568.44,41.31,110.50,0.8797,2,1,-1
27,23,535.30,505.82,29.13,61.44,0.8103,3,0,-1
27,24,1357.97,522.31,32.88,96.01,0.8208,2,2,-1
27,26,513.66,596.09,20.21,34.16,0.8380,2,2,-1
27,27,1168.26,527.12,34.82,68.06,0.8967,2,2,-1
27,0,948.38,904.32,14.51,12.73,1.0,0,-1,-1
28,1,90.45,596.68,54.50,114.47,0.9466,2,1,-1
28,2,469.64,626.81,56.58,112.86,0.8715,2,1,-1
28,4,1082.58,595.41,41.18,115.25,0.6176,2,1,-1
28,6,227.02,633.57,69.81,127.06,0.9365,2,1,-1
28,8,396.37,558.59,39.16,110.32,0.9268,2,1,-1
28,10,1170.42,527.55,37.32,81.04,0.8903,2,2,-1
28,11,1116.88,556.65,40.56,112.95,0.9086,2,2,-1
28,13,513.36,532.37,25.91,68.49,0.7656,2,2,-1
28,14,1557.46,589.04,25.60,70.45,0.8056,2,2,-1
28,17,1018.26,557.31,37.40,107.33,0.9139,2,1,-1
28,22,1429.60,569.40,51.65,108.42,0.8905,2,1,-1
28,23,531.99,505.49,37.00,91.59,0.8586,3,0,-1
28,24,1359.24,521.90,32.38,96.47,0.8434,2,2,-1
28,26,515.83,593.79,20.00,36.23,0.8147,2,2,-1
28,0,950.48,903.70,14.76,13.88,1.0,0,-1,-1
29,1,91.95,596.18,54.20,115.28,0.9320,2,1,-1
29,2,480.18,628.18,50.49,111.20,0.8786,2,1,-1
29,4,1083.13,600.48,53.81,111.33,0.9197,2,1,-1
29,6,231.97,633.61,73.40,126.70,0.9105,2,1,-1
29,8,397.48,557.54,37.62,111.23,0.9260,2,1,-1
29,10,1171.45,527.18,40.11,87.72,0.8732,2,2,-1
29,11,1221.25,506.16,33.99,99.16,0.8174,2,2,-1
29,14,1551.82,562.54,36.86,98.32,0.8126,2,2,-1
29,17,1016.65,556.92,39.44,108.03,0.9024,2,1,-1
29,22,1428.57,569.83,53.53,107.84,0.8863,2,1,-1
29,23,532.74,505.60,35.43,96.18,0.8515,3,0,-1
29,24,1360.44,523.92,32.07,94.95,0.8018,2,2,-1
29,26,518.89,594.39,20.25,36.47,0.6034,2,2,-1
29,31,1130.40,523.06,27.52,65.73,0.8498,2,-1,-1
29,0,953.22,903.37,15.09,13.47,1.0,0,-1,-1
30,1,94.77,594.65,54.11,116.25,0.9284,2,1,-1
30,2,495.35,648.37,40.94,91.17,0.7900,2,1,-1
30,4,1087.46,608.66,54.81,102.32,0.9127,2,1,-1
30,6,234.46,632.46,72.04,127.52,0.9208,2,1,-1
30,8,398.62,556.42,36.26,111.41,0.9206,2,1,-1
30,10,1171.25,522.51,44.53,100.48,0.9015,2,2,-1
30,11,1223.92,504.60,32.74,97.71,0.8483,2,2,-1
30,14,1558.27,577.77,32.55,83.01,0.8568,2,2,-1
30,17,1015.87,556.19,40.64,107.85,0.8980,2,1,-1
30,22,1432.12,571.69,52.23,105.00,0.8824,2,1,-1
30,23,534.11,505.12,34.19,97.01,0.8584,3,0,-1
30,24,1361.39,523.86,31.81,94.74,0.6333,2,2,-1
30,26,516.01,592.22,30.09,55.54,0.7537,2,2,-1
30,31,1131.67,521.41,28.56,73.13,0.8712,2,-1,-1
30,0,956.18,901.94,15.55,14.79,1.0,0,-1,-1
31,1,97.65,593.34,54.05,118.15,0.9171,2,1,-1
31,2,504.40,661.87,35.15,75.91,0.6384,2,1,-1
31,4,1091.02,606.44,54.11,104.37,0.9131,2,1,-1
31,6,243.62,631.60,70.84,126.96,0.9087,2,1,-1
31,8,400.24,556.36,33.97,110.44,0.9224,2,1,-1
31,10,1175.51,521.54,43.63,101.99,0.8876,2,2,-1
31,11,1227.97,503.52,32.23,97.77,0.5347,2,2,-1
31,14,1559.41,589.92,32.06,69.08,0.8653,2,2,-1
31,17,1015.62,554.89,42.63,109.37,0.8999,2,1,-1
31,22,1433.99,574.82,51.63,102.42,0.8984,2,1,-1
31,23,536.27,504.47,32.69,94.44,0.8597,3,0,-1
31,26,516.18,592.32,30.46,58.81,0.6908,2,2,-1
31,31,1130.51,520.94,31.96,90.32,0.8634,2,2,-1
31,0,960.30,901.24,13.94,14.10,1.0,0,-1,-1
32,1,101.58,593.02,54.66,117.05,0.9196,2,1,-1
32,2,505.59,625.71,45.22,111.75,0.9156,2,1,-1
32,4,1098.70,604.66,52.45,105.42,0.8827,2,1,-1
32,6,251.54,630.68,66.27,126.45,0.9140,2,1,-1
32,8,401.60,556.19,34.16,110.33,0.9221,2,1,-1
32,10,1179.09,522.62,41.31,98.57,0.8989,2,2,-1
32,11,1228.16,503.61,30.94,97.98,0.7944,2,2,-1
32,14,1561.19,588.68,33.07,69.36,0.8930,2,2,-1
32,17,1015.14,555.57,43.71,109.84,0.9051,2,1,-1
32,22,1437.23,573.91,54.20,104.98,0.9142,2,1,-1
32,23,536.66,504.30,33.52,97.41,0.8308,3,0,-1
32,31,1132.09,520.89,31.16,95.61,0.8815,2,2,-1
32,0,964.35,900.71,13.96,16.52,1.0,0,-1,-1
33,1,106.07,593.14,50.15,115.38,0.9077,2,1,-1
33,2,512.05,653.59,41.60,83.32,0.9072,2,1,-1
33,4,1107.58,603.95,50.04,106.03,0.8083,2,1,-1
33,6,257.53,630.16,65.26,128.08,0.7843,2,1,-1
33,8,402.46,555.86,34.58,109.61,0.9206,2,1,-1
33,10,1183.78,523.00,38.70,98.15,0.8922,2,2,-1
33,11,1229.97,502.98,30.08,97.85,0.7267,2,2,-1
33,14,1562.38,588.39,33.57,70.06,0.8772,2,2,-1
33,17,1015.25,555.63,43.87,109.05,0.8971,2,1,-1
33,22,1441.53,575.16,51.82,104.76,0.8942,2,1,-1
33,23,536.09,503.57,34.17,97.47,0.8345,3,0,-1
33,31,1132.80,519.71,31.12,93.69,0.8872,2,2,-1
34,1,111.36,592.30,46.89,115.40,0.9185,2,1,-1
34,2,512.70,622.59,56.69,115.30,0.9227,2,1,-1
34,5,1468.98,502.76,25.48,72.78,0.6681,1,1,-1
34,6,265.70,629.50,60.48,125.02,0.9154,2,1,-1
34,8,403.51,555.95,33.62,108.82,0.9030,2,1,-1
34,10,1189.10,522.93,35.61,98.25,0.9096,2,2,-1
34,11,1230.82,501.85,29.02,98.63,0.8531,2,2,-1
34,14,1564.23,588.24,33.43,69.53,0.8505,2,2,-1
34,17,1015.21,555.65,44.30,106.95,0.9035,2,1,-1
34,22,1446.31,574.61,48.72,104.56,0.8817,2,1,-1
34,23,537.08,503.41,33.88,95.86,0.8457,3,0,-1
34,31,1134.27,519.24,30.31,90.20,0.8875,2,2,-1
35,1,115.39,592.01,46.84,114.72,0.8999,2,1,-1
35,2,515.99,615.23,64.05,121.09,0.9215,2,1,-1
35,6,267.77,628.96,59.94,126.99,0.9198,2,1,-1
35,8,404.27,556.42,33.03,108.65,0.8959,2,1,-1
35,9,1095.47,553.31,49.08,113.74,0.8738,2,2,-1
35,10,1192.55,523.32,33.90,98.98,0.9082,2,2,-1
35,11,1232.83,503.83,27.61,95.93,0.8253,2,2,-1
35,14,1565.71,589.21,33.31,68.73,0.8984,2,2,-1
35,17,1015.29,555.83,44.69,105.45,0.8822,2,1,-1
35,22,1453.23,570.53,46.14,108.26,0.9217,2,1,-1
35,23,539.24,503.73,32.09,91.34,0.8749,3,0,-1
35,31,1136.18,519.95,28.76,81.12,0.8905,2,2,-1
36,1,118.97,591.89,45.81,112.67,0.9099,2,1,-1
36,2,521.06,621.25,65.41,117.01,0.9293,2,1,-1
36,6,271.62,628.58,61.44,129.03,0.9131,2,1,-1
36,7,1032.25,518.20,38.69,56.43,0.8317,2,2,-1
36,8,405.11,555.67,32.27,109.07,0.8678,2,1,-1
36,9,1095.45,553.44,50.96,114.78,0.8809,2,2,-1
36,10,1195.45,524.36,31.91,97.26,0.9083,2,2,-1
36,11,1233.85,502.64,27.21,97.56,0.8060,2,2,-1
36,14,1564.15,588.35,35.39,69.94,0.8860,2,2,-1
36,17,1015.12,553.65,46.50,107.19,0.8831,2,1,-1
36,22,1457.40,567.28,45.89,111.32,0.8786,2,1,-1
36,23,540.88,503.58,30.00,83.67,0.8811,3,0,-1
36,31,1136.83,519.76,29.26,82.15,0.8892,2,2,-1
37,1,120.79,591.40,46.38,113.39,0.9185,2,1,-1
37,2,526.48,624.01,59.75,113.54,0.9297,2,1,-1
37,4,1133.95,590.64,43.88,116.00,0.9130,2,1,-1
37,6,273.80,629.24,61.46,128.19,0.9201,2,1,-1
37,7,1031.47,516.78,40.68,53.54,0.8650,2,2,-1
37,8,405.57,554.91,30.89,109.71,0.8929,2,1,-1
37,9,1093.50,551.98,48.56,114.48,0.8937,2,2,-1
37,10,1198.02,523.26,30.54,96.69,0.8993,2,2,-1
37,11,1234.21,502.28,27.01,97.79,0.7690,2,2,-1
37,14,1564.15,587.60,36.32,70.44,0.8677,2,2,-1
37,17,1015.20,554.35,45.93,106.60,0.8510,2,1,-1
37,22,1464.82,567.86,43.77,108.86,0.8391,2,1,-1
37,23,540.80,503.46,30.93,82.77,0.8694,3,0,-1
37,31,1135.58,519.70,31.41,85.53,0.8839,2,2,-1
37,35,1437.17,580.68,30.79,85.96,0.7444,2,-1,-1
38,1,122.96,590.77,45.50,113.90,0.9223,2,1,-1
38,2,535.19,624.21,56.73,114.53,0.9268,2,1,-1
38,3,1423.30,556.40,36.61,77.84,0.8146,2,1,-1
38,4,1138.30,590.25,43.12,117.25,0.9200,2,1,-1
38,5,1471.92,505.60,23.83,69.49,0.6897,1,1,-1
38,6,276.40,629.65,62.21,126.97,0.9297,2,1,-1
38,7,1031.43,517.44,41.62,50.61,0.8361,2,2,-1
38,8,406.73,554.20,29.86,109.17,0.9002,2,1,-1
38,9,1093.71,551.52,47.22,113.54,0.8992,2,2,-1
38,10,1200.42,522.99,29.36,95.08,0.8882,2,2,-1
38,11,1235.21,502.63,26.34,97.49,0.8064,2,2,-1
38,14,1567.09,587.90,35.13,69.44,0.7933,2,2,-1
38,17,1014.56,552.69,44.78,107.76,0.8866,2,1,-1
38,22,1473.87,565.65,39.36,110.68,0.8660,2,1,-1
38,23,541.06,503.44,31.46,82.40,0.8740,3,0,-1
38,31,1136.40,520.29,32.21,88.61,0.8845,2,2,-1
39,1,125.73,589.68,43.54,115.99,0.9215,2,1,-1
39,2,543.59,624.35,54.27,113.85,0.8625,2,1,-1
39,3,1425.47,563.62,37.29,70.10,0.7962,2,1,-1
39,4,1141.86,591.26,44.12,115.27,0.9375,2,1,-1
39,5,1472.10,507.55,23.50,67.61,0.5669,1,1,-1
39,6,277.56,629.54,61.78,126.64,0.9336,2,1,-1
39,7,1031.40,516.33,42.65,47.45,0.8307,2,2,-1
39,8,407.16,553.16,29.61,108.24,0.8946,2,1,-1
39,9,1094.06,551.53,47.03,113.84,0.8945,2,2,-1
39,10,1201.81,522.29,29.90,95.56,0.8797,2,2,-1
39,11,1235.27,502.00,26.21,97.30,0.8128,2,2,-1
39,14,1568.52,587.63,34.22,69.20,0.8414,2,2,-1
39,17,1015.62,551.63,43.36,105.89,0.8585,2,1,-1
39,22,1476.92,563.85,39.50,112.65,0.8552,2,1,-1
39,23,541.69,503.34,30.46,75.65,0.8794,3,0,-1
39,31,1136.66,518.66,32.60,93.52,0.8911,2,2,-1
40,1,128.34,589.05,42.48,113.89,0.9065,2,1,-1
40,2,551.94,622.88,49.06,115.45,0.9009,2,1,-1
40,3,1423.19,537.54,46.00,95.59,0.8592,2,1,-1
40,4,1146.28,591.56,42.84,113.19,0.9371,2,1,-1
40,5,1473.37,510.65,22.73,62.49,0.8104,1,1,-1
40,6,279.03,629.63,63.01,128.60,0.9369,2,1,-1
40,7,1029.72,516.17,45.12,46.24,0.8421,2,2,-1
40,8,407.57,551.63,29.96,108.74,0.9003,2,1,-1
40,9,1093.94,550.11,46.52,112.58,0.8956,2,2,-1
40,10,1203.72,522.00,30.11,95.72,0.8756,2,2,-1
40,11,1236.40,505.41,25.25,93.27,0.8256,2,2,-1
40,14,1571.34,588.16,32.86,68.10,0.7995,2,2,-1
40,17,1016.02,550.58,41.74,103.97,0.8811,2,1,-1
40,22,1478.59,563.62,41.08,112.88,0.8920,2,1,-1
40,23,541.43,502.66,31.30,72.97,0.8851,3,0,-1
40,31,1138.17,518.33,32.02,94.18,0.8906,2,2,-1
41,1,130.32,588.75,43.24,113.48,0.8444,2,1,-1
41,2,565.74,620.95,42.43,116.39,0.8718,2,1,-1
41,3,1427.18,536.32,45.31,95.73,0.8480,2,1,-1
41,4,1152.28,591.65,40.87,112.60,0.9362,2,1,-1
41,6,279.43,629.31,64.84,128.62,0.9313,2,1,-1
41,7,1027.18,515.91,47.44,47.95,0.8277,2,2,-1
41,8,408.33,550.22,32.19,108.01,0.9022,2,1,-1
41,9,1094.18,548.63,44.33,112.16,0.8973,2,2,-1
41,10,1204.77,520.56,29.40,92.42,0.8668,2,2,-1
41,11,1236.41,503.70,25.58,94.18,0.8369,2,2,-1
41,17,1016.92,549.38,40.67,104.15,0.8302,2,1,-1
41,22,1480.62,563.61,45.96,112.61,0.9163,2,1,-1
41,23,541.87,502.13,30.00,72.73,0.8785,3,0,-1
41,31,1139.01,516.93,32.10,94.37,0.8880,2,2,-1
42,1,131.06,588.80,45.52,113.46,0.9235,2,1,-1
42,2,573.19,617.27,38.42,120.45,0.9094,2,1,-1
42,3,1431.46,535.42,44.25,96.12,0.8282,2,1,-1
42,4,1159.77,591.79,37.88,111.21,0.9213,2,1,-1
42,6,280.04,627.99,65.52,129.15,0.9429,2,1,-1
42,7,1026.35,514.40,46.73,47.48,0.8469,2,2,-1
42,8,407.39,547.98,36.01,109.85,0.9166,2,1,-1
42,9,1095.41,547.41,42.65,114.45,0.8961,2,2,-1
42,10,1206.04,521.07,30.68,96.64,0.8756,2,2,-1
42,11,1237.01,507.11,24.70,90.27,0.8343,2,2,-1
42,14,1574.00,581.66,32.61,74.50,0.8384,2,2,-1
42,17,1017.80,546.81,39.40,105.24,0.9004,2,1,-1
42,22,1480.74,563.48,51.96,113.43,0.9239,2,1,-1
42,23,542.71,501.06,29.47,70.99,0.8878,3,0,-1
42,31,1141.32,516.55,31.57,93.91,0.8908,2,2,-1
42,0,994.23,899.95,13.15,11.84,1.0,0,-1,-1
43,1,131.96,586.69,48.37,115.09,0.9067,2,1,-1
43,2,576.98,614.40,39.64,122.35,0.9173,2,1,-1
43,3,1434.18,534.58,43.27,98.46,0.8318,2,1,-1
43,4,1166.81,589.34,35.09,112.23,0.9114,2,1,-1
43,6,281.22,627.09,63.92,129.24,0.9504,2,1,-1
43,7,1025.19,513.27,47.22,48.53,0.8181,2,2,-1
43,8,404.93,546.77,41.11,110.48,0.9106,2,1,-1
43,9,1096.57,546.13,40.33,112.93,0.8941,2,2,-1
43,10,1207.78,520.89,30.06,95.65,0.8811,2,2,-1
43,11,1236.68,509.08,24.89,87.51,0.8459,2,2,-1
43,14,1574.55,555.02,35.01,100.93,0.8905,2,2,-1
43,17,1018.55,545.84,38.43,106.45,0.8886,2,1,-1
43,22,1481.76,562.62,55.20,111.95,0.9087,2,1,-1
43,23,542.96,500.31,28.55,69.08,0.8911,3,0,-1
43,24,1368.62,515.90,29.08,96.70,0.7625,2,2,-1
43,31,1142.87,516.05,31.75,93.49,0.9030,2,2,-1
43,36,1279.19,496.31,26.04,87.52,0.6989,2,-1,-1
43,0,995.30,899.17,14.32,13.38,1.0,0,-1,-1
44,1,133.86,585.84,51.22,115.14,0.9255,2,1,-1
44,2,581.22,614.18,44.67,119.96,0.9177,2,1,-1
44,3,1437.83,533.92,41.80,99.49,0.7778,2,1,-1
44,4,1171.56,586.39,34.08,112.54,0.8546,2,1,-1
44,6,282.19,625.97,63.08,128.62,0.9512,2,1,-1
44,8,402.43,545.78,49.04,109.73,0.9160,2,1,-1
44,9,1098.14,545.14,38.25,112.07,0.8956,2,2,-1
44,10,1208.59,517.44,30.22,98.34,0.8724,2,2,-1
44,13,543.59,499.32,27.79,71.98,0.8938,2,2,-1
44,14,1577.60,552.94,32.03,101.81,0.8976,2,2,-1
44,17,1019.30,543.82,37.72,107.70,0.8757,2,1,-1
44,20,645.56,397.85,22.33,57.58,0.7074,2,1,-1
44,22,1487.39,563.67,55.66,110.94,0.8970,2,1,-1
44,24,1367.64,515.59,29.61,95.25,0.7293,2,2,-1
44,26,535.88,587.19,21.04,34.19,0.6831,2,2,-1
44,27,1232.35,522.43,30.82,73.15,0.7657,2,2,-1
44,31,1143.82,515.29,33.64,94.47,0.9087,2,2,-1
44,36,1278.08,493.70,27.24,88.81,0.8400,2,-1,-1
44,0,581.17,452.44,11.04,10.91,1.0,0,-1,-1
45,1,134.78,585.48,52.89,112.67,0.9167,2,1,-1
45,2,583.30,613.32,50.89,119.59,0.9268,2,1,-1
45,4,1173.11,583.27,35.60,116.31,0.8787,2,1,-1
45,6,284.39,625.16,61.19,128.74,0.9378,2,1,-1
45,8,399.29,544.83,58.64,109.38,0.9172,2,1,-1
45,9,1096.62,543.98,38.57,111.90,0.9003,2,2,-1
45,10,1210.81,516.36,29.19,98.43,0.8721,2,2,-1
45,13,543.46,497.81,27.82,69.61,0.8847,2,2,-1
45,14,1581.87,577.67,25.91,75.05,0.8658,2,2,-1
45,17,1019.92,543.57,37.14,106.56,0.8347,2,1,-1
45,20,646.32,396.82,22.83,58.38,0.6415,2,1,-1
45,22,1493.07,564.84,54.40,108.99,0.9085,2,1,-1
45,24,1365.05,512.76,34.19,96.58,0.8696,2,2,-1
45,27,1233.80,517.72,29.13,77.06,0.7794,2,2,-1
45,31,1144.57,514.63,35.24,93.23,0.9041,2,2,-1
45,35,1469.57,501.37,30.62,89.14,0.5558,1,-1,-1
45,36,1279.29,494.17,27.00,86.73,0.8283,2,-1,-1
45,0,580.97,450.72,11.04,12.01,1.0,0,-1,-1
46,1,135.14,583.53,52.69,113.57,0.9247,2,1,-1
46,2,585.85,613.50,55.46,117.48,0.9343,2,1,-1
46,4,1175.27,581.48,38.07,116.62,0.8791,2,1,-1
46,6,287.44,623.88,58.90,129.61,0.9400,2,1,-1
46,8,397.36,543.78,63.59,109.09,0.8976,2,1,-1
46,9,1095.40,542.56,38.95,111.89,0.9038,2,2,-1
46,10,1212.46,514.12,28.64,99.56,0.8684,2,2,-1
46,13,543.55,496.88,27.08,66.42,0.8834,2,2,-1
46,14,1584.02,579.88,26.66,72.89,0.8743,2,2,-1
46,17,1020.49,541.64,37.26,107.05,0.8486,2,1,-1
46,22,1495.65,566.45,53.26,105.44,0.8806,2,1,-1
46,24,1366.34,508.99,34.90,99.50,0.8111,2,2,-1
46,31,1145.45,514.31,36.29,92.19,0.9150,2,2,-1
46,35,1470.96,500.52,28.35,87.81,0.6111,1,-1,-1
46,36,1279.71,492.59,27.35,87.99,0.5210,2,2,-1
47,1,136.28,582.16,51.68,114.34,0.9274,2,1,-1
47,2,591.95,614.93,54.90,115.43,0.9285,2,1,-1
47,3,1448.25,554.41,44.58,105.06,0.7946,2,1,-1
47,4,1176.92,576.84,44.67,119.55,0.8907,2,1,-1
47,6,291.17,622.88,55.75,129.27,0.9451,2,1,-1
47,8,396.96,542.30,61.82,109.56,0.8792,2,1,-1
47,9,1095.58,541.50,38.83,112.29,0.9046,2,2,-1
47,10,1212.50,513.54,28.04,94.68,0.8674,2,2,-1
47,13,543.99,495.71,27.10,68.33,0.8861,2,2,-1
47,14,1585.42,579.61,28.49,73.78,0.8849,2,2,-1
47,17,1019.93,541.07,37.55,105.89,0.8502,2,1,-1
47,22,1507.41,565.63,46.85,106.71,0.8868,2,1,-1
47,24,1365.85,508.87,35.71,99.36,0.8915,2,2,-1
47,31,1146.83,512.33,36.37,93.03,0.8860,2,2,-1
47,35,1474.13,500.64,24.29,58.83,0.8212,1,-1,-1
47,36,1279.73,490.71,27.65,88.67,0.5813,2,2,-1
48,1,137.33,580.61,51.51,115.46,0.9352,2,1,-1
48,2,597.69,613.96,51.44,114.63,0.9142,2,1,-1
48,3,1455.96,577.77,37.33,80.37,0.8162,2,1,-1
48,4,1178.40,577.83,50.11,117.74,0.9058,2,1,-1
48,6,294.59,621.41,53.14,129.51,0.9439,2,1,-1
48,8,394.00,540.12,67.54,108.82,0.9086,2,1,-1
48,9,1096.55,539.74,37.72,113.77,0.9110,2,2,-1
48,10,1213.40,514.15,27.63,89.11,0.8550,2,2,-1
48,13,544.07,494.00,27.10,70.50,0.8754,2,2,-1
48,14,1588.67,576.35,28.87,73.74,0.8939,2,2,-1
48,17,1019.99,539.51,37.87,106.58,0.8816,2,1,-1
48,20,646.15,392.67,22.71,59.17,0.5929,2,1,-1
48,22,1515.55,566.24,41.19,101.70,0.9165,2,1,-1
48,24,1375.68,544.64,24.48,62.07,0.8301,2,2,-1
48,31,1147.85,511.69,36.70,92.45,0.8844,2,2,-1
48,35,1475.09,500.57,23.02,54.95,0.6133,1,3,-1
48,0,1006.83,887.64,15.41,15.01,1.0,0,-1,-1
49,1,138.68,579.65,51.60,115.44,0.9399,2,1,-1
49,2,607.38,613.88,48.02,113.62,0.9060,2,1,-1
49,4,1179.66,577.17,53.70,116.14,0.9272,2,1,-1
49,6,296.33,620.30,52.83,130.08,0.9303,2,1,-1
49,8,392.77,538.38,67.88,109.15,0.8836,2,1,-1
49,9,1097.86,538.34,36.30,112.53,0.9040,2,2,-1
49,10,1224.34,566.30,14.54,45.07,0.5764,2,2,-1
49,11,1215.42,513.26,27.26,71.39,0.8739,2,2,-1
49,13,544.82,492.63,27.33,69.99,0.8944,2,2,-1
49,14,1590.77,575.93,29.15,73.00,0.8878,2,2,-1
49,17,1020.96,538.63,37.81,104.58,0.8735,2,1,-1
49,20,647.31,392.54,22.31,57.83,0.6506,2,1,-1
49,22,1520.41,565.78,39.37,101.38,0.8865,2,1,-1
49,24,1369.75,508.88,36.09,97.24,0.7698,2,2,-1
49,31,1148.18,510.61,36.54,90.99,0.8761,2,2,-1
49,0,1011.52,887.53,14.75,13.26,1.0,0,-1,-1
50,1,139.25,577.32,51.40,117.24,0.9435,2,1,-1
50,2,617.94,612.86,41.31,114.70,0.9166,2,1,-1
50,4,1182.16,578.17,52.22,112.59,0.9384,2,1,-1
50,6,298.36,619.12,51.70,129.46,0.9300,2,1,-1
50,8,394.30,536.37,64.13,109.20,0.9102,2,1,-1
50,9,1098.27,536.58,34.73,111.67,0.9014,2,2,-1
50,11,1216.50,511.02,28.49,73.66,0.8736,2,2,-1
50,13,545.49,491.42,26.92,69.49,0.8961,2,2,-1
50,14,1591.14,574.57,30.56,72.61,0.8931,2,2,-1
50,17,1020.67,537.00,38.41,104.83,0.8982,2,1,-1
50,22,1524.83,564.51,39.83,101.42,0.9147,2,1,-1
50,24,1370.03,507.89,35.68,97.64,0.8638,2,2,-1
50,26,537.34,578.86,23.86,39.04,0.5638,2,2,-1
50,31,1149.16,507.84,37.85,92.94,0.8773,2,2,-1
51,1,140.98,576.44,51.02,117.66,0.9350,2,1,-1
51,2,629.55,610.02,36.33,115.64,0.8881,2,1,-1
51,4,1187.23,578.96,50.80,109.49,0.9214,2,1,-1
51,6,300.63,618.74,49.99,128.90,0.9311,2,1,-1
51,8,394.62,535.19,60.90,108.77,0.9134,2,1,-1
51,9,1098.73,535.24,33.91,110.48,0.8842,2,2,-1
51,10,1228.70,570.64,14.09,39.61,0.5953,2,2,-1
51,11,1218.26,509.51,28.64,73.94,0.8614,2,2,-1
51,13,546.41,490.30,27.18,71.59,0.8937,2,2,-1
51,14,1588.14,544.98,37.77,102.05,0.8908,2,2,-1
51,17,1021.48,534.60,37.97,106.37,0.8620,2,1,-1
51,22,1529.16,562.40,43.47,103.03,0.9079,2,1,-1
51,24,1372.19,507.70,34.90,96.21,0.8151,2,2,-1
51,26,536.85,577.20,27.96,46.78,0.7334,2,2,-1
51,31,1149.75,506.71,38.21,91.58,0.8611,2,2,-1
51,35,1474.25,488.70,28.19,65.78,0.5945,1,3,-1
52,1,142.85,575.58,50.48,117.60,0.9318,2,1,-1
52,4,1192.21,577.10,50.61,111.16,0.8898,2,1,-1
52,6,302.96,618.87,47.89,128.63,0.9214,2,1,-1
52,8,400.10,534.03,53.02,108.30,0.9121,2,1,-1
52,9,1099.06,533.71,34.39,110.17,0.8855,2,2,-1
52,12,633.65,641.17,34.66,84.45,0.9087,2,1,-1
52,13,547.62,489.91,25.24,71.08,0.8836,2,2,-1
52,14,1590.60,548.16,35.50,98.11,0.8727,2,2,-1
52,17,1023.28,535.53,37.62,104.17,0.8395,2,1,-1
52,22,1531.87,559.75,46.74,102.67,0.9161,2,1,-1
52,24,1374.41,509.44,34.03,94.38,0.7841,2,2,-1
52,26,537.67,577.55,26.53,45.26,0.7057,2,2,-1
52,27,1219.65,508.43,31.05,84.98,0.8565,2,2,-1
52,31,1151.10,505.47,39.45,94.33,0.8785,2,2,-1
52,36,1282.32,482.98,29.46,91.41,0.8237,2,2,-1
52,40,1449.92,527.54,40.88,98.56,0.8454,2,-1,-1
52,41,1031.37,499.08,30.53,52.95,0.7825,2,-1,-1
53,1,145.16,575.99,49.38,115.92,0.9168,2,1,-1
53,2,636.62,620.87,37.53,104.95,0.8840,2,1,-1
53,4,1199.01,580.13,48.36,108.01,0.8922,2,1,-1
53,6,304.11,618.88,46.26,125.75,0.9334,2,1,-1
53,8,401.50,532.83,47.74,108.89,0.9087,2,1,-1
53,9,1099.17,532.69,35.45,110.01,0.8833,2,2,-1
53,13,549.09,489.73,24.77,71.72,0.8720,2,2,-1
53,14,1592.10,543.09,36.44,103.73,0.8896,2,2,-1
53,17,1024.84,532.82,39.11,105.28,0.8322,2,1,-1
53,22,1534.88,556.40,50.52,104.98,0.9204,2,1,-1
53,24,1377.09,509.76,33.33,93.55,0.8559,2,2,-1
53,26,538.49,576.74,26.61,46.64,0.6031,2,2,-1
53,27,1221.95,508.37,31.62,83.75,0.8539,2,2,-1
53,31,1152.78,504.80,39.37,94.19,0.8923,2,2,-1
53,36,1283.88,482.57,29.26,91.38,0.8365,2,2,-1
53,40,1452.71,526.98,40.79,99.28,0.7624,2,-1,-1
53,41,1031.69,498.92,28.81,49.86,0.7780,2,-1,-1
54,1,147.81,575.02,49.20,115.71,0.9339,2,1,-1
54,2,640.49,601.01,47.74,124.89,0.9250,2,1,-1
54,4,1205.12,574.21,45.93,113.15,0.8806,2,1,-1
54,6,304.99,618.93,45.39,127.82,0.9315,2,1,-1
54,8,403.75,531.03,42.56,108.76,0.9143,2,1,-1
54,9,1098.12,531.31,36.64,111.33,0.8782,2,2,-1
54,13,550.11,489.79,23.98,70.70,0.8540,2,-1,-1
54,14,1594.76,544.17,34.57,100.80,0.8832,2,2,-1
54,17,1025.15,531.31,39.49,106.56,0.8593,2,1,-1
54,22,1537.99,555.73,52.20,101.46,0.9241,2,1,-1
54,24,1380.25,511.72,31.48,90.51,0.8043,2,2,-1
54,27,1223.55,508.56,32.13,84.00,0.8509,2,2,-1
54,31,1153.98,504.03,40.02,95.99,0.8972,2,2,-1
54,36,1285.86,483.09,28.61,90.93,0.8263,2,2,-1
54,40,1459.55,527.93,37.27,97.02,0.8532,2,-1,-1
54,0,586.99,442.81,10.60,12.08,1.0,0,-1,-1
55,1,151.04,575.07,46.87,113.24,0.9273,2,1,-1
55,2,642.02,605.54,54.24,120.82,0.9353,2,1,-1
55,4,1212.28,571.77,42.21,114.99,0.8984,2,1,-1
55,6,306.31,619.87,43.59,127.20,0.9284,2,1,-1
55,8,405.35,530.51,37.84,109.38,0.9154,2,1,-1
55,9,1098.47,530.36,37.36,113.41,0.8735,2,2,-1
55,11,1225.28,509.54,29.73,76.56,0.8481,2,2,-1
55,13,550.86,489.83,23.10,67.97,0.8576,3,0,-1
55,14,1597.26,543.49,33.73,101.65,0.8876,2,2,-1
55,17,1027.65,531.46,38.53,104.98,0.7768,2,1,-1
55,22,1540.28,555.03,53.04,99.32,0.9284,2,1,-1
55,24,1382.30,510.25,30.70,92.09,0.7921,2,2,-1
55,31,1155.03,504.53,40.80,95.77,0.8907,2,2,-1
55,36,1287.58,483.01,27.85,90.89,0.8023,2,2,-1
55,40,1464.02,527.19,34.07,96.89,0.8611,2,1,-1
56,1,152.72,574.55,45.29,117.05,0.9257,2,1,-1
56,2,643.25,605.20,57.51,123.03,0.9249,2,1,-1
56,4,1215.55,569.82,40.13,115.62,0.8691,2,1,-1
56,6,306.09,620.67,41.39,128.16,0.9284,2,1,-1
56,8,406.27,529.90,34.96,109.15,0.9149,2,1,-1
56,9,1096.77,529.42,39.29,114.10,0.8877,2,2,-1
56,11,1237.21,489.15,29.05,75.94,0.7400,2,2,-1
56,13,550.50,489.94,24.27,72.39,0.8207,3,0,-1
56,14,1599.33,544.68,31.70,100.92,0.8846,2,2,-1
56,17,1028.89,532.09,37.58,103.86,0.8456,2,1,-1
56,22,1540.22,554.70,52.95,98.06,0.9218,2,1,-1
56,24,1383.78,509.17,30.30,93.21,0.8198,2,2,-1
56,31,1156.35,503.26,41.01,97.37,0.8942,2,2,-1
56,36,1288.61,483.16,27.10,89.93,0.8179,2,2,-1
56,40,1466.94,530.13,32.67,94.19,0.6334,2,1,-1
56,41,1031.01,499.28,29.21,48.72,0.8164,2,-1,-1
56,42,1491.47,552.52,31.33,101.65,0.8501,2,-1,-1
56,0,587.95,442.83,9.75,11.23,1.0,0,-1,-1
57,1,155.73,574.55,42.04,116.58,0.9250,2,1,-1
57,2,646.23,607.48,54.96,120.19,0.9242,2,1,-1
57,4,1217.84,567.80,38.80,116.38,0.8680,2,1,-1
57,6,305.07,620.93,41.67,127.98,0.9399,2,1,-1
57,8,405.19,529.62,33.62,108.34,0.9167,2,1,-1
57,9,1096.73,528.79,41.02,113.72,0.8978,2,2,-1
57,13,550.25,489.52,24.35,74.11,0.8494,3,0,-1
57,14,1603.11,570.04,25.58,74.37,0.8457,2,2,-1
57,17,1030.05,531.35,38.07,103.72,0.8830,2,1,-1
57,22,1533.17,553.49,58.08,98.62,0.9161,2,1,-1
57,24,1384.76,507.81,29.69,95.25,0.8833,2,2,-1
57,27,1224.46,507.26,31.93,77.43,0.8388,2,2,-1
57,31,1156.34,502.70,41.41,98.54,0.8911,2,2,-1
57,36,1288.74,485.31,26.15,87.10,0.7613,2,2,-1
57,41,1029.92,498.50,29.29,47.60,0.8046,2,2,-1
57,42,1491.54,548.51,33.72,104.45,0.8536,2,-1,-1
57,0,1039.05,879.59,13.35,16.26,1.0,0,-1,-1
58,1,159.93,574.55,38.74,115.61,0.9293,2,1,-1
58,2,651.87,612.87,49.86,115.26,0.9322,2,1,-1
58,4,1219.98,569.39,37.24,114.96,0.8986,2,1,-1
58,6,306.53,621.84,39.07,127.69,0.9349,2,1,-1
58,8,404.42,529.68,33.04,108.07,0.9121,2,1,-1
58,9,1096.45,528.23,42.46,112.97,0.8929,2,2,-1
58,14,1601.40,551.42,30.26,95.53,0.8498,2,2,-1
58,17,1030.32,532.30,40.87,102.63,0.8996,2,1,-1
58,22,1531.79,550.25,60.67,104.67,0.9253,2,1,-1
58,23,549.74,489.80,23.64,69.06,0.8470,3,0,-1
58,24,1386.22,507.17,28.44,94.55,0.9038,2,2,-1
58,27,1224.31,507.75,33.76,76.30,0.8452,2,2,-1
58,31,1157.17,502.44,40.82,98.54,0.8958,2,2,-1
58,36,1288.30,481.08,26.87,92.05,0.7941,2,2,-1
58,41,1028.22,498.38,31.18,47.08,0.8369,2,2,-1
58,42,1492.39,547.48,36.99,106.52,0.8825,2,-1,-1
58,0,1042.47,879.78,14.01,16.05,1.0,0,-1,-1
59,1,163.98,574.77,35.82,113.84,0.9127,2,1,-1
59,2,659.74,611.92,44.26,116.32,0.9301,2,1,-1
59,4,1221.97,570.94,38.25,114.94,0.9052,2,1,-1
59,6,306.59,622.64,38.49,126.66,0.9266,2,1,-1
59,8,404.64,530.12,32.51,107.64,0.9100,2,1,-1
59,9,1096.27,528.26,44.76,113.38,0.8867,2,2,-1
59,14,1607.77,575.12,23.41,70.40,0.8602,2,2,-1
59,17,1030.08,532.44,42.55,101.98,0.9004,2,1,-1
59,22,1531.43,548.49,61.15,106.75,0.9268,2,1,-1
59,23,549.78,489.64,23.96,69.66,0.8624,3,0,-1
59,24,1388.03,506.80,27.97,96.44,0.8812,2,2,-1
59,27,1223.64,506.18,35.61,81.67,0.8612,2,2,-1
59,31,1157.87,502.50,40.20,99.29,0.8976,2,2,-1
59,36,1289.29,485.35,25.53,86.55,0.8023,2,2,-1
59,41,1026.40,497.81,33.82,50.65,0.8352,2,2,-1
59,42,1492.13,546.37,38.54,104.54,0.8601,2,2,-1
59,0,1047.40,879.62,13.03,17.16,1.0,0,-1,-1
60,1,167.37,574.75,33.61,113.25,0.9124,2,1,-1
60,2,666.83,611.04,38.89,117.08,0.9285,2,1,-1
60,4,1222.67,573.42,41.91,112.81,0.9202,2,1,-1
60,6,306.42,622.77,37.89,128.10,0.9220,2,1,-1
60,8,404.86,530.20,32.19,107.03,0.9105,2,1,-1
60,9,1096.13,528.05,45.23,113.98,0.8922,2,2,-1
60,14,1608.15,573.63,26.21,72.12,0.8945,2,2,-1
60,17,1030.01,532.83,42.94,101.93,0.9059,2,1,-1
60,22,1530.78,545.75,62.33,110.22,0.9204,2,1,-1
60,23,549.34,489.61,23.84,67.61,0.8596,3,0,-1
60,24,1390.16,507.89,27.49,96.00,0.7433,2,2,-1
60,27,1223.48,507.32,35.81,81.81,0.8534,2,2,-1
60,31,1159.22,502.87,39.16,97.81,0.9019,2,2,-1
60,36,1289.35,480.28,26.52,92.29,0.8191,2,2,-1
60,42,1495.84,546.36,36.34,101.77,0.8710,2,2,-1
60,0,1051.25,880.56,13.09,15.69,1.0,0,-1,-1
61,1,168.21,574.59,33.07,113.65,0.9035,2,1,-1
61,2,673.17,609.92,33.74,117.92,0.9046,2,1,-1
61,4,1222.09,574.19,46.27,111.53,0.9301,2,1,-1
61,6,305.52,622.90,38.19,128.64,0.9127,2,1,-1
61,8,403.89,530.27,32.27,107.29,0.9120,2,1,-1
61,9,1095.73,528.28,46.16,112.57,0.8807,2,2,-1
61,13,547.89,489.44,25.05,70.96,0.8557,3,0,-1
61,14,1607.37,574.26,28.75,72.22,0.8719,2,2,-1
61,17,1029.83,534.35,43.59,99.99,0.9032,2,1,-1
61,22,1530.00,544.80,62.06,109.07,0.9069,2,1,-1
61,24,1390.92,522.17,25.81,82.45,0.8262,2,2,-1
61,27,1224.09,507.85,36.42,83.64,0.8314,2,2,-1
61,31,1158.80,502.72,39.60,99.64,0.8964,2,2,-1
61,36,1289.22,480.65,25.90,91.85,0.8878,2,2,-1
61,40,1476.76,548.47,30.12,78.16,0.8090,2,1,-1
61,41,1023.96,497.03,36.53,56.08,0.8555,2,2,-1
61,0,1056.04,880.06,13.24,16.36,1.0,0,-1,-1
62,1,168.29,575.43,32.89,112.76,0.8903,2,1,-1
62,2,676.65,608.16,32.71,120.35,0.8424,2,1,-1
62,4,1222.30,578.27,48.62,107.37,0.9285,2,1,-1
62,6,304.72,622.48,38.43,127.87,0.9230,2,1,-1
62,8,403.69,530.21,32.50,107.76,0.9102,2,1,-1
62,9,1094.69,528.11,47.72,112.48,0.8958,2,2,-1
62,14,1602.44,572.20,34.53,75.96,0.8836,2,2,-1
62,17,1029.09,532.10,45.49,102.01,0.9114,2,1,-1
62,22,1529.87,544.72,57.56,105.44,0.9253,2,1,-1
62,23,546.83,489.56,24.66,63.67,0.8565,3,0,-1
62,24,1389.00,510.05,30.66,93.96,0.8255,2,2,-1
62,27,1224.60,508.49,36.54,87.86,0.8502,2,2,-1
62,31,1159.67,504.76,37.90,94.50,0.9040,2,2,-1
62,36,1289.18,482.43,25.31,90.03,0.8548,2,2,-1
62,42,1495.71,546.00,35.29,100.88,0.8440,2,2,-1
63,1,168.22,575.55,33.72,111.95,0.8931,2,1,-1
63,2,678.64,606.62,32.05,121.37,0.8822,2,1,-1
63,4,1221.62,578.88,51.34,107.91,0.9326,2,1,-1
63,6,303.76,622.64,38.64,128.35,0.9286,2,1,-1
63,8,402.76,529.39,32.69,105.68,0.9144,2,1,-1
63,9,1095.01,527.49,47.11,113.09,0.8798,2,2,-1
63,13,544.85,489.48,25.46,68.08,0.8603,3,0,-1
63,14,1603.83,575.52,33.61,71.10,0.7948,2,2,-1
63,17,1029.46,532.42,50.23,101.47,0.9172,2,1,-1
63,22,1528.25,545.97,57.78,99.07,0.9255,2,1,-1
63,24,1387.32,510.24,32.22,94.01,0.8390,2,2,-1
63,27,1226.31,513.75,34.28,83.52,0.8044,2,2,-1
63,31,1159.80,505.69,37.73,93.95,0.8928,2,2,-1
63,36,1287.93,481.17,25.34,91.58,0.8905,2,2,-1
63,42,1492.25,544.57,36.17,100.29,0.8528,2,2,-1
64,1,167.85,574.60,36.19,115.10,0.9074,2,1,-1
64,2,679.83,605.21,38.21,123.25,0.9129,2,1,-1
64,4,1222.64,576.69,51.27,109.66,0.9251,2,1,-1
64,6,299.39,622.57,42.18,127.92,0.9199,2,1,-1
64,8,402.34,528.67,32.62,105.02,0.9195,2,1,-1
64,9,1095.27,526.74,45.05,113.75,0.8921,2,2,-1
64,11,1227.35,494.30,34.88,101.99,0.7936,2,2,-1
64,13,543.72,489.30,25.78,68.61,0.8407,3,0,-1
64,14,1592.80,553.34,44.80,92.63,0.9072,2,2,-1
64,17,1022.60,498.01,38.19,81.48,0.8952,2,1,-1
64,22,1526.08,544.98,62.10,99.76,0.9294,2,1,-1
64,24,1386.60,509.29,34.66,94.52,0.8423,2,2,-1
64,31,1158.73,504.66,38.18,97.71,0.8903,2,2,-1
64,36,1287.16,480.61,25.34,92.32,0.8860,2,2,-1
64,42,1489.16,544.00,37.01,102.15,0.8543,2,2,-1
65,1,167.99,574.13,39.89,114.17,0.9173,2,1,-1
65,2,680.61,605.97,43.51,123.02,0.9251,2,1,-1
65,4,1226.27,575.26,48.32,109.42,0.9269,2,1,-1
65,6,296.65,622.37,45.60,129.63,0.9242,2,1,-1
65,8,401.21,528.20,32.91,104.61,0.9123,2,1,-1
65,9,1095.40,525.75,42.28,113.67,0.8768,2,2,-1
65,11,1229.13,496.64,33.07,100.45,0.7270,2,2,-1
65,13,542.12,489.30,28.43,81.39,0.8028,3,0,-1
65,14,1591.50,553.64,45.95,93.50,0.8898,2,2,-1
65,17,1023.12,497.82,36.79,82.87,0.9044,2,1,-1
65,22,1523.03,545.72,64.90,100.27,0.9281,2,1,-1
65,24,1387.84,508.90,34.71,94.73,0.7337,2,2,-1
65,31,1159.50,504.82,36.62,97.64,0.8991,2,2,-1
65,36,1287.21,482.80,24.74,89.44,0.8242,2,2,-1
65,42,1482.15,543.08,36.58,87.95,0.7876,2,2,-1
66,1,166.77,573.75,45.11,114.82,0.9300,2,1,-1
66,2,679.97,607.25,47.77,122.23,0.9409,2,1,-1
66,4,1229.71,575.03,44.61,106.74,0.9236,2,1,-1
66,6,293.43,622.61,48.58,129.19,0.9211,2,1,-1
66,8,400.83,527.19,33.68,105.54,0.9132,2,1,-1
66,9,1095.68,524.69,40.56,115.18,0.8878,2,2,-1
66,13,525.27,513.54,25.01,69.87,0.6018,3,0,-1
66,14,1589.22,549.57,47.52,95.78,0.9168,2,2,-1
66,17,1035.43,528.07,52.57,103.86,0.9139,2,1,-1
66,22,1518.76,544.86,67.09,98.43,0.9175,2,1,-1
66,23,545.39,489.41,21.57,46.02,0.8336,3,0,-1
66,24,1388.29,507.81,35.66,97.39,0.8800,2,2,-1
66,31,1158.85,506.41,35.82,97.10,0.9031,2,2,-1
66,42,1476.95,541.83,44.04,95.47,0.8640,2,2,-1
67,1,167.01,574.70,47.38,114.09,0.9390,2,1,-1
67,2,682.43,608.93,46.71,119.74,0.9261,2,1,-1
67,4,1234.43,572.62,41.52,108.34,0.8824,2,1,-1
67,6,291.20,623.08,49.71,129.44,0.9295,2,1,-1
67,8,399.89,526.75,35.17,105.82,0.9111,2,1,-1
67,9,1096.69,523.86,37.31,112.10,0.8884,2,2,-1
67,13,521.76,515.50,26.48,69.57,0.7626,3,0,-1
67,14,1587.34,549.94,48.50,95.46,0.9198,2,2,-1
67,17,1037.46,527.40,51.60,104.38,0.9111,2,1,-1
67,22,1520.26,544.34,63.29,97.86,0.9073,2,1,-1
67,23,544.96,489.29,22.37,45.13,0.8684,3,0,-1
67,24,1389.91,508.15,34.13,98.07,0.8795,2,2,-1
67,26,525.93,578.74,19.69,34.71,0.6897,2,2,-1
67,31,1158.78,506.06,34.54,97.04,0.9089,2,2,-1
67,36,1287.16,497.35,21.35,74.81,0.5417,2,2,-1
67,42,1475.88,541.66,44.54,97.10,0.7330,2,2,-1
67,0,822.21,906.28,11.92,11.63,1.0,0,-1,-1
68,1,166.94,574.71,48.15,114.37,0.9378,2,1,-1
68,2,686.39,609.42,45.23,119.67,0.9129,2,1,-1
68,4,1238.77,569.95,39.36,110.11,0.8819,2,1,-1
68,6,289.60,623.73,50.64,129.83,0.9285,2,1,-1
68,8,398.31,526.24,37.78,106.97,0.9180,2,1,-1
68,9,1096.49,522.11,36.73,114.08,0.8725,2,2,-1
68,11,1230.87,490.19,33.31,108.83,0.7246,2,2,-1
68,13,519.79,514.60,28.87,73.79,0.8360,3,0,-1
68,14,1584.36,549.73,50.34,95.88,0.9170,2,2,-1
68,17,1024.80,499.36,35.47,82.69,0.9046,2,1,-1
68,22,1518.43,544.30,57.00,96.09,0.9002,2,1,-1
68,23,544.04,489.18,24.20,48.59,0.8381,3,0,-1
68,24,1391.57,509.03,32.10,96.19,0.8756,2,2,-1
68,31,1158.08,506.22,33.72,98.05,0.9082,2,2,-1
68,35,1464.37,484.19,32.06,95.50,0.7711,1,3,-1
68,36,1285.07,484.14,25.06,87.90,0.6919,2,2,-1
68,42,1473.34,540.60,43.01,95.64,0.8599,2,2,-1
68,0,1084.50,879.52,15.18,14.57,1.0,0,-1,-1
69,1,166.45,574.43,48.57,115.20,0.9332,2,1,-1
69,2,689.96,609.87,40.66,117.97,0.8877,2,1,-1
69,4,1242.84,570.00,37.18,109.50,0.8140,2,1,-1
69,6,288.65,625.11,50.43,128.42,0.9195,2,1,-1
69,8,398.78,526.02,39.38,106.51,0.9027,2,1,-1
69,9,1097.39,522.04,35.74,114.16,0.8811,2,2,-1
69,13,518.36,514.05,30.13,77.16,0.8184,3,0,-1
69,14,1575.26,551.84,57.62,93.92,0.9149,2,2,-1
69,17,1026.37,498.79,32.54,83.04,0.9039,2,1,-1
69,22,1513.23,543.11,53.80,98.78,0.8932,2,1,-1
69,23,543.29,488.89,24.66,48.90,0.8297,3,0,-1
69,24,1392.25,506.89,32.13,97.94,0.9026,2,2,-1
69,31,1157.78,506.69,32.43,97.05,0.8975,2,2,-1
69,36,1286.16,496.69,22.21,75.24,0.6567,2,2,-1
69,42,1470.05,537.07,45.02,97.84,0.8572,2,2,-1
70,1,165.85,574.36,49.79,114.91,0.9364,2,1,-1
70,2,696.00,609.45,37.54,117.60,0.8784,2,1,-1
70,4,1245.18,566.72,37.20,112.91,0.6656,2,1,-1
70,6,288.49,625.09,50.86,129.97,0.9194,2,1,-1
70,8,398.79,526.04,39.62,105.69,0.9062,2,1,-1
70,9,1097.29,521.82,35.31,115.17,0.8840,2,2,-1
70,11,1231.74,491.41,32.03,108.01,0.5855,2,2,-1
70,14,1573.20,552.01,59.69,94.18,0.9092,2,2,-1
70,17,1046.46,525.28,40.15,104.63,0.8548,2,1,-1
70,22,1513.43,540.44,51.57,98.03,0.8887,2,1,-1
70,23,534.75,488.39,38.18,95.10,0.8335,3,0,-1
70,24,1392.50,507.00,34.31,98.73,0.8960,2,2,-1
70,31,1157.51,507.59,31.46,95.58,0.9048,2,2,-1
70,36,1283.95,481.73,26.17,90.34,0.7701,2,2,-1
70,42,1468.57,538.77,45.11,96.82,0.8586,2,2,-1
71,1,166.40,574.58,49.88,115.86,0.9334,2,1,-1
71,2,702.40,608.95,37.49,118.35,0.8807,2,1,-1
71,4,1247.48,566.44,36.20,113.62,0.6943,2,1,-1
71,6,289.07,626.45,50.22,129.53,0.9159,2,1,-1
71,8,395.81,525.36,42.51,106.51,0.8935,2,1,-1
71,9,1097.09,523.18,35.38,115.96,0.8721,2,2,-1
71,14,1573.89,551.94,58.42,92.95,0.9187,2,2,-1
71,17,1047.94,526.42,42.20,105.08,0.8792,2,1,-1
71,22,1510.97,537.00,51.53,101.79,0.8939,2,1,-1
71,23,534.59,488.38,34.24,95.90,0.8236,3,0,-1
71,24,1392.23,508.56,35.65,97.61,0.8602,2,2,-1
71,31,1157.08,508.29,30.23,94.28,0.9051,2,2,-1
71,36,1286.47,506.54,19.88,65.64,0.5293,2,2,-1
71,42,1461.12,538.71,44.39,93.55,0.8415,2,2,-1
72,1,166.78,574.20,50.04,116.17,0.9304,2,1,-1
72,2,705.06,607.83,34.60,120.80,0.8913,2,1,-1
72,4,1249.50,566.90,35.85,113.19,0.8874,2,1,-1
72,6,289.88,627.03,49.65,130.60,0.9157,2,1,-1
72,8,394.56,526.25,43.39,105.20,0.9031,2,1,-1
72,9,1095.86,524.29,36.22,116.18,0.8514,2,2,-1
72,11,1233.58,504.21,29.26,100.54,0.6521,2,2,-1
72,13,515.73,513.79,31.47,70.97,0.8451,3,0,-1
72,14,1572.07,554.43,56.11,90.48,0.8967,2,2,-1
72,17,1047.82,526.79,43.83,104.98,0.9043,2,1,-1
72,22,1507.93,537.77,53.05,103.12,0.9115,2,1,-1
72,24,1393.89,510.92,35.56,96.83,0.8880,2,2,-1
72,31,1156.51,508.58,29.41,93.94,0.9004,2,2,-1
72,42,1459.96,536.68,43.69,93.67,0.7747,2,2,-1
72,43,1029.20,498.90,27.77,82.38,0.9021,2,-1,-1
73,1,168.00,574.03,49.92,116.54,0.9290,2,1,-1
73,2,706.74,606.73,36.26,121.20,0.9175,2,1,-1
73,4,1249.96,566.77,39.60,113.04,0.9232,2,1,-1
73,6,291.05,627.38,48.94,130.85,0.9135,2,1,-1
73,8,392.18,526.20,45.16,105.25,0.9080,2,1,-1
73,9,1096.62,524.85,33.96,97.42,0.8569,2,2,-1
73,13,514.44,513.19,32.57,69.76,0.8361,3,0,-1
73,14,1566.53,554.39,54.76,91.02,0.8675,2,2,-1
73,17,1048.32,527.41,44.63,104.88,0.9161,2,1,-1
73,22,1507.14,536.84,51.50,99.70,0.8839,2,1,-1
73,24,1391.47,512.76,37.00,94.32,0.8842,2,2,-1
73,27,1232.63,512.83,30.58,92.05,0.8257,2,2,-1
73,31,1155.87,507.67,29.07,95.24,0.9017,2,2,-1
73,42,1458.40,538.26,40.79,89.76,0.8340,2,2,-1
73,43,1028.50,498.65,28.41,84.15,0.9017,2,-1,-1
74,1,170.74,573.75,48.84,117.31,0.9271,2,1,-1
74,2,708.00,607.22,40.79,122.08,0.9246,2,1,-1
74,4,1252.46,567.03,44.43,111.95,0.9291,2,1,-1
74,6,293.04,627.73,48.00,131.76,0.9177,2,1,-1
74,8,392.47,526.12,44.37,104.65,0.9073,2,1,-1
74,9,1095.14,523.42,37.60,109.15,0.8749,2,2,-1
74,13,513.13,513.22,33.34,69.10,0.8525,3,0,-1
74,14,1560.68,554.67,51.35,90.56,0.8817,2,2,-1
74,17,1049.63,527.35,44.65,104.63,0.9249,2,1,-1
74,22,1506.93,539.93,47.48,94.32,0.7842,2,1,-1
74,24,1389.90,512.38,39.01,95.31,0.8918,2,2,-1
74,27,1233.56,511.59,30.82,93.57,0.9019,2,2,-1
74,31,1155.81,509.00,28.14,93.70,0.9027,2,2,-1
74,40,1489.75,558.51,26.31,70.55,0.6243,2,1,-1
74,42,1455.48,538.76,38.69,88.00,0.8384,2,2,-1
74,43,1028.35,498.36,28.48,83.78,0.9021,2,-1,-1
75,1,172.82,573.25,48.25,116.55,0.9286,2,1,-1
75,2,709.25,608.40,48.58,120.96,0.9225,2,1,-1
75,4,1252.91,567.28,49.17,112.01,0.9426,2,1,-1
75,6,294.75,627.67,47.30,131.71,0.9075,2,1,-1
75,8,393.11,525.67,43.71,105.33,0.8961,2,1,-1
75,9,1096.99,522.39,37.29,110.29,0.8728,2,2,-1
75,13,511.88,512.67,34.00,69.24,0.8654,3,0,-1
75,14,1559.63,554.14,47.79,91.70,0.8449,2,2,-1
75,17,1051.69,527.12,44.10,104.43,0.9276,2,1,-1
75,22,1499.46,533.13,50.19,98.39,0.7495,2,1,-1
75,24,1391.09,513.06,38.74,94.21,0.8419,2,2,-1
75,27,1233.44,509.50,33.01,95.98,0.8986,2,2,-1
75,31,1155.33,509.34,27.84,93.31,0.9014,2,2,-1
75,42,1456.41,539.43,37.42,89.00,0.8531,2,2,-1
75,43,1028.39,498.19,28.28,83.61,0.9023,2,2,-1
76,1,176.17,573.15,46.12,115.62,0.9272,2,1,-1
76,2,708.38,609.31,57.98,120.48,0.9373,2,1,-1
76,3,1492.39,531.94,44.78,98.95,0.8885,2,1,-1
76,4,1253.19,567.60,51.61,111.84,0.9439,2,1,-1
76,6,296.18,627.62,46.80,132.03,0.8915,2,1,-1
76,8,393.87,524.90,41.50,106.16,0.9050,2,1,-1
76,9,1099.23,521.95,36.02,109.98,0.8731,2,2,-1
76,13,511.34,512.71,35.35,69.59,0.8635,3,0,-1
76,14,1557.49,552.62,45.83,93.10,0.8985,2,2,-1
76,17,1054.38,527.14,41.48,104.27,0.9190,2,1,-1
76,24,1392.57,511.79,38.41,95.14,0.8423,2,2,-1
76,27,1233.44,509.94,34.74,96.41,0.9053,2,2,-1
76,31,1154.40,509.81,27.95,93.64,0.8910,2,2,-1
76,42,1455.45,537.80,37.05,92.58,0.8720,2,2,-1
76,43,1026.72,498.36,29.85,84.18,0.9057,2,2,-1
77,1,179.40,572.70,44.31,115.87,0.9214,2,1,-1
77,2,708.53,609.63,61.21,120.09,0.9313,2,1,-1
77,3,1490.73,528.78,44.51,101.64,0.9013,2,1,-1
77,4,1253.81,566.62,51.14,112.87,0.9377,2,1,-1
77,6,292.69,627.72,49.52,131.96,0.8818,2,1,-1
77,8,393.91,524.84,39.83,103.90,0.9180,2,1,-1
77,9,1100.15,521.61,35.44,111.56,0.8750,2,2,-1
77,13,509.40,513.03,34.48,69.54,0.7693,3,0,-1
77,14,1553.26,551.95,47.86,91.46,0.9009,2,2,-1
77,17,1059.06,526.76,37.85,101.33,0.9126,2,1,-1
77,24,1394.88,511.61,36.94,96.00,0.9027,2,2,-1
77,27,1233.64,511.26,34.34,95.31,0.9059,2,2,-1
77,31,1153.97,510.04,27.18,91.75,0.8960,2,2,-1
77,42,1454.88,536.64,35.24,92.00,0.8879,2,2,-1
77,43,1025.80,498.48,29.89,83.71,0.9065,2,2,-1
78,1,182.94,572.50,42.13,114.66,0.9204,2,1,-1
78,2,707.89,610.66,62.08,119.82,0.9377,2,1,-1
78,3,1491.34,525.25,41.16,107.51,0.8872,2,1,-1
78,4,1255.86,569.82,47.71,108.80,0.9166,2,1,-1
78,6,294.04,627.23,49.43,132.77,0.8658,2,1,-1
78,8,393.30,524.42,39.02,102.53,0.9207,2,1,-1
78,9,1099.61,521.12,36.46,109.62,0.8800,2,2,-1
78,13,507.86,512.60,33.22,68.57,0.7150,2,-1,-1
78,14,1551.92,565.04,46.44,79.09,0.9096,2,2,-1
78,17,1062.37,525.73,38.16,102.27,0.9136,2,1,-1
78,24,1398.41,515.23,34.48,92.47,0.8801,2,2,-1
78,26,541.22,547.45,18.37,36.67,0.6461,2,2,-1
78,27,1234.14,512.87,33.99,93.49,0.8854,2,2,-1
78,31,1152.94,508.99,27.52,92.59,0.8934,2,2,-1
78,42,1455.04,532.73,35.21,95.60,0.8759,2,2,-1
78,43,1024.67,497.58,30.30,83.89,0.9063,2,2,-1
79,1,184.71,572.25,40.28,110.27,0.9218,2,1,-1
79,2,709.33,611.01,60.55,119.08,0.9366,2,1,-1
79,3,1489.26,525.17,39.39,107.49,0.8645,2,1,-1
79,4,1258.39,567.08,46.72,110.86,0.9270,2,1,-1
79,6,294.46,626.46,49.30,133.57,0.8338,2,1,-1
79,8,393.14,523.79,36.97,103.18,0.9213,2,1,-1
79,9,1101.50,520.21,33.43,93.99,0.8399,2,2,-1
79,13,507.44,512.63,32.35,68.14,0.6832,2,2,-1
79,14,1542.22,549.71,55.97,94.67,0.9043,2,2,-1
79,17,1065.59,524.69,37.01,103.59,0.8915,2,1,-1
79,24,1400.97,512.94,33.44,94.61,0.8660,2,2,-1
79,26,541.63,546.62,17.91,36.71,0.5463,2,2,-1
79,27,1234.38,512.02,34.24,94.00,0.8595,2,2,-1
79,31,1151.91,508.50,27.73,93.87,0.8841,2,2,-1
79,35,1459.40,491.17,21.82,54.06,0.6273,1,3,-1
79,42,1456.52,530.37,36.41,95.79,0.7517,2,2,-1
79,43,1024.00,496.96,31.28,85.42,0.8975,2,2,-1
79,45,531.69,488.69,25.26,62.36,0.8747,2,-1,-1
80,1,185.64,572.04,39.64,110.51,0.9210,2,1,-1
80,2,711.55,610.60,58.63,119.68,0.9165,2,1,-1
80,3,1486.58,523.98,41.42,106.35,0.8678,2,1,-1
80,4,1263.97,568.44,42.39,107.94,0.9165,2,1,-1
80,6,294.67,627.01,49.29,133.34,0.8618,2,1,-1
80,8,393.80,523.37,34.94,102.97,0.9251,2,1,-1
80,9,1101.91,520.06,38.58,108.05,0.8679,2,2,-1
80,12,515.50,577.35,15.08,35.49,0.6088,2,1,-1
80,14,1537.61,546.81,56.31,98.09,0.9222,2,2,-1
80,17,1067.25,523.00,34.41,103.62,0.9086,2,1,-1
80,20,639.82,384.28,21.17,62.43,0.7261,2,1,-1
80,24,1403.57,511.87,31.50,95.52,0.8781,2,2,-1
80,26,541.41,545.28,17.77,38.86,0.7385,2,2,-1
80,27,1234.10,510.02,35.07,96.14,0.8505,2,2,-1
80,31,1151.31,508.34,27.34,93.12,0.8754,2,2,-1
80,42,1449.27,530.08,36.12,97.63,0.5820,2,2,-1
80,43,1023.38,497.03,30.88,85.33,0.8898,2,2,-1
80,45,529.94,488.51,25.80,63.39,0.8616,2,-1,-1
80,0,829.75,903.53,10.68,9.80,1.0,0,-1,-1
81,1,185.69,571.86,40.02,114.30,0.9241,2,1,-1
81,2,716.09,609.76,55.53,120.16,0.9280,2,1,-1
81,3,1482.49,524.11,44.87,106.25,0.8826,2,1,-1
81,4,1269.57,563.71,42.21,112.74,0.8505,2,1,-1
81,6,294.22,626.77,49.96,133.61,0.9100,2,1,-1
81,8,394.18,522.48,34.05,104.82,0.9230,2,1,-1
81,9,1101.45,519.62,39.59,108.36,0.8815,2,2,-1
81,10,1236.23,537.65,31.06,68.94,0.6774,2,2,-1
81,12,514.79,577.26,15.02,34.45,0.6652,2,1,-1
81,14,1536.84,554.35,53.04,90.91,0.9082,2,2,-1
81,17,1069.69,523.35,33.89,103.21,0.9108,2,1,-1
81,20,639.83,384.47,20.88,62.04,0.5233,2,1,-1
81,24,1406.12,527.56,27.63,79.40,0.8768,2,2,-1
81,26,540.94,544.12,17.06,39.50,0.7592,2,2,-1
81,31,1150.31,507.84,27.16,93.45,0.8816,2,2,-1
81,35,1457.24,493.50,22.83,54.41,0.6386,1,3,-1
81,36,1280.78,481.42,26.10,89.65,0.6790,2,2,-1
81,42,1446.26,531.39,32.48,96.60,0.8377,2,2,-1
81,43,1023.36,496.86,30.83,85.56,0.8928,2,2,-1
81,45,529.28,488.45,25.58,65.16,0.8629,2,-1,-1
81,0,575.01,442.49,9.58,11.36,1.0,0,-1,-1
82,1,186.79,571.86,40.60,112.32,0.9262,2,1,-1
82,2,722.04,609.36,48.61,119.79,0.9249,2,1,-1
82,4,1272.64,560.98,42.71,115.98,0.5731,2,1,-1
82,6,293.08,626.87,50.16,133.37,0.9358,2,1,-1
82,8,394.19,522.30,33.36,104.65,0.9203,2,1,-1
82,9,1103.67,519.97,38.61,100.65,0.8785,2,2,-1
82,12,514.23,577.35,14.64,33.22,0.6063,2,1,-1
82,14,1533.30,546.32,51.81,99.02,0.9100,2,2,-1
82,17,1070.94,524.31,34.67,102.57,0.9010,2,1,-1
82,20,639.80,385.03,20.22,61.09,0.7308,2,1,-1
82,22,1475.77,527.33,51.72,104.50,0.8344,2,1,-1
82,24,1405.36,510.84,30.60,95.99,0.9024,2,2,-1
82,27,1234.71,510.23,34.24,95.76,0.7667,2,2,-1
82,31,1149.89,508.50,27.07,91.93,0.8914,2,2,-1
82,35,1456.19,494.04,24.58,59.39,0.6662,1,3,-1
82,36,1280.72,481.25,25.96,89.54,0.6780,2,2,-1
82,42,1445.28,530.63,31.99,96.86,0.8703,2,2,-1
82,43,1023.84,496.71,30.78,86.38,0.8928,2,2,-1
82,45,527.41,488.05,27.29,70.90,0.8622,3,0,-1
82,0,575.39,442.62,9.05,10.74,1.0,0,-1,-1
83,1,187.21,571.93,41.86,111.12,0.9233,2,1,-1
83,2,726.42,609.04,43.62,119.24,0.8937,2,1,-1
83,4,1278.85,561.64,38.15,114.63,0.9130,2,1,-1
83,6,290.70,626.90,49.89,132.98,0.9324,2,1,-1
83,8,394.09,521.89,32.69,105.22,0.9118,2,1,-1
83,9,1102.04,520.10,40.70,104.23,0.8789,2,2,-1
83,12,514.12,578.03,14.26,32.18,0.6831,2,1,-1
83,14,1530.44,554.99,44.89,90.87,0.8911,2,2,-1
83,17,1072.25,523.32,36.29,103.15,0.8920,2,1,-1
83,20,638.95,384.36,20.26,61.74,0.6918,2,1,-1
83,22,1472.34,527.19,52.22,103.08,0.5543,2,1,-1
83,24,1406.32,509.91,31.24,96.91,0.9008,2,2,-1
83,26,538.09,541.55,17.13,40.47,0.6495,2,2,-1
83,27,1233.48,509.73,35.37,97.31,0.8838,2,2,-1
83,31,1149.53,508.12,27.06,92.26,0.8992,2,2,-1
83,35,1456.75,492.96,23.68,56.61,0.6138,1,3,-1
83,42,1444.88,529.67,32.01,95.96,0.8539,2,2,-1
83,43,1023.22,496.70,29.28,86.64,0.8763,2,2,-1
83,45,526.21,487.23,27.11,69.81,0.8540,3,0,-1
83,0,575.00,442.52,9.22,10.78,1.0,0,-1,-1
84,1,187.84,570.76,47.15,114.97,0.9259,2,1,-1
84,2,734.10,608.35,37.13,120.29,0.8882,2,1,-1
84,4,1281.61,561.39,37.98,112.61,0.9187,2,1,-1
84,5,1499.36,529.68,30.67,100.39,0.7484,2,1,-1
84,6,287.08,626.97,51.63,132.93,0.9199,2,1,-1
84,8,394.58,521.84,32.15,104.23,0.9108,2,1,-1
84,14,1530.82,573.75,34.45,71.30,0.8652,2,2,-1
84,17,1073.26,523.86,39.69,102.78,0.9241,2,1,-1
84,20,638.51,385.41,19.95,60.33,0.6988,2,1,-1
84,23,506.03,511.93,38.79,98.97,0.8567,3,0,-1
84,24,1407.64,510.99,32.35,96.73,0.8906,2,2,-1
84,27,1233.95,507.95,35.29,98.54,0.8579,2,2,-1
84,31,1149.09,508.73,27.13,91.26,0.9010,2,2,-1
84,35,1456.12,491.00,24.04,57.81,0.5976,1,3,-1
84,36,1279.66,481.84,26.28,89.16,0.8649,2,2,-1
84,42,1442.60,529.84,31.69,96.07,0.8631,2,2,-1
84,43,1023.72,496.58,28.80,86.51,0.8817,2,2,-1
84,0,574.47,442.33,9.30,11.12,1.0,0,-1,-1
85,1,188.20,570.82,49.47,114.07,0.9287,2,1,-1
85,2,741.11,607.94,35.14,120.71,0.7929,2,1,-1
85,4,1283.57,561.97,39.31,112.99,0.9046,2,1,-1
85,6,285.06,627.23,53.34,133.18,0.9343,2,1,-1
85,8,394.41,521.71,32.18,104.76,0.9122,2,1,-1
85,12,513.71,577.82,13.44,31.76,0.7483,2,1,-1
85,14,1523.61,574.88,33.37,70.35,0.6810,2,2,-1
85,17,1073.63,522.59,41.18,103.66,0.9275,2,1,-1
85,20,637.76,385.88,19.91,59.63,0.7486,2,1,-1
85,24,1407.86,510.41,33.30,97.98,0.8836,2,2,-1
85,27,1233.45,509.81,35.14,96.97,0.8919,2,2,-1
85,31,1148.25,508.42,27.52,91.39,0.9049,2,2,-1
85,36,1279.43,481.74,26.21,89.17,0.8629,2,2,-1
85,42,1441.87,530.53,31.63,97.58,0.7579,2,2,-1
85,43,1023.73,496.96,29.22,86.05,0.8875,2,2,-1
85,45,523.88,486.36,27.60,68.72,0.8534,3,0,-1
85,0,574.36,442.47,9.41,11.13,1.0,0,-1,-1
86,1,189.57,571.32,50.58,113.99,0.9277,2,1,-1
86,2,745.33,607.54,33.82,121.20,0.7503,2,1,-1
86,4,1284.13,564.03,41.30,111.68,0.9038,2,1,-1
86,6,281.35,627.01,56.44,133.81,0.9456,2,1,-1
86,8,394.69,521.61,31.68,103.72,0.9135,2,1,-1
86,12,513.53,578.32,13.17,31.53,0.7468,2,1,-1
86,14,1520.60,573.40,32.65,71.05,0.7996,2,2,-1
86,17,1074.73,522.62,42.04,102.90,0.9103,2,1,-1
86,20,637.50,386.11,19.96,59.54,0.5932,2,1,-1
86,23,507.18,512.21,36.83,90.76,0.8435,3,0,-1
86,24,1408.75,511.76,33.75,95.80,0.8927,2,2,-1
86,27,1233.59,510.36,34.91,96.71,0.8819,2,2,-1
86,31,1147.22,508.55,28.05,91.30,0.9002,2,2,-1
86,36,1279.47,481.16,26.24,90.30,0.9065,2,2,-1
86,40,1502.05,542.49,27.42,87.70,0.6538,2,1,-1
86,42,1440.91,530.88,31.04,95.82,0.7998,2,2,-1
86,43,1023.68,496.58,30.45,86.64,0.8894,2,2,-1
86,0,573.97,442.40,9.69,11.13,1.0,0,-1,-1
87,1,190.26,571.00,51.74,114.27,0.9317,2,1,-1
87,2,749.72,608.69,35.52,119.25,0.8588,2,1,-1
87,4,1284.56,565.41,44.36,109.11,0.9205,2,1,-1
87,6,280.20,626.64,52.84,134.06,0.9440,2,1,-1
87,8,394.85,521.63,31.35,103.59,0.9083,2,1,-1
87,11,1228.37,483.02,19.95,47.99,0.6239,2,2,-1
87,12,513.76,578.24,13.03,31.36,0.7229,2,1,-1
87,14,1505.17,543.82,35.74,81.74,0.7304,2,2,-1
87,17,1075.98,523.02,42.07,102.13,0.9018,2,1,-1
87,20,636.71,386.58,20.47,58.77,0.8044,2,1,-1
87,22,1448.76,532.12,61.36,99.17,0.8778,2,1,-1
87,23,528.96,570.13,15.86,38.73,0.6609,3,0,-1
87,24,1409.75,511.73,34.46,95.55,0.8920,2,2,-1
87,27,1233.50,510.91,34.32,95.92,0.8526,2,2,-1
87,31,1146.58,508.65,28.40,89.64,0.8970,2,2,-1
87,36,1279.51,480.86,26.47,91.45,0.9066,2,2,-1
87,43,1023.17,496.54,31.73,86.95,0.8881,2,2,-1
87,0,573.78,442.62,9.59,10.83,1.0,0,-1,-1
88,1,190.43,571.05,52.46,114.17,0.9370,2,1,-1
88,2,750.25,608.22,42.67,119.91,0.9158,2,1,-1
88,4,1286.23,566.21,46.62,107.12,0.9235,2,1,-1
88,6,275.68,626.97,53.30,134.09,0.9319,2,1,-1
88,8,395.23,521.47,31.66,104.34,0.9143,2,1,-1
88,12,512.81,577.48,14.03,33.99,0.6471,2,1,-1
88,13,509.59,513.50,34.03,71.04,0.8161,2,2,-1
88,14,1504.31,531.94,48.24,113.66,0.9056,2,2,-1
88,17,1078.64,521.32,41.62,104.12,0.8951,2,1,-1
88,20,636.48,385.98,20.67,59.17,0.7264,2,1,-1
88,22,1443.56,529.26,63.81,100.81,0.9185,2,1,-1
88,24,1410.66,511.72,34.96,95.01,0.9029,2,2,-1
88,27,1232.93,510.97,34.69,95.88,0.8971,2,2,-1
88,31,1145.61,509.35,29.28,89.63,0.8981,2,2,-1
88,36,1279.45,480.51,26.35,91.92,0.9084,2,2,-1
88,43,1022.60,495.98,31.41,87.34,0.8972,2,2,-1
88,0,573.45,442.34,9.70,10.74,1.0,0,-1,-1
89,1,190.57,570.92,52.49,114.26,0.9356,2,1,-1
89,2,750.56,608.26,48.30,120.64,0.9363,2,1,-1
89,4,1287.31,566.24,46.94,109.18,0.9237,2,1,-1
89,6,275.18,627.40,52.05,133.22,0.9344,2,1,-1
89,8,395.96,520.51,32.03,104.43,0.9233,2,1,-1
89,12,512.55,577.63,14.38,34.82,0.6528,2,1,-1
89,13,508.54,513.34,30.68,66.95,0.6825,2,2,-1
89,14,1497.94,530.43,53.61,115.86,0.9178,2,2,-1
89,17,1081.55,520.90,40.55,103.82,0.9042,2,1,-1
89,20,636.16,386.31,20.76,59.40,0.7056,2,1,-1
89,22,1441.49,528.52,58.58,100.14,0.9197,2,1,-1
89,23,530.59,575.27,14.04,34.25,0.5315,3,0,-1
89,24,1411.99,512.10,35.56,94.68,0.8844,2,2,-1
89,27,1232.06,510.57,35.29,96.93,0.9038,2,2,-1
89,31,1145.44,509.25,29.43,90.91,0.8915,2,2,-1
89,36,1279.38,480.48,25.84,92.13,0.8942,2,2,-1
89,43,1021.51,495.49,31.03,87.55,0.8999,2,2,-1
89,49,521.76,485.69,25.05,43.20,0.8503,2,-1,-1
89,0,573.39,442.31,9.82,11.10,1.0,0,-1,-1
90,1,190.94,570.77,51.49,114.47,0.9360,2,1,-1
90,2,750.34,608.15,50.21,120.70,0.9392,2,1,-1
90,4,1288.91,565.60,46.09,109.71,0.9178,2,1,-1
90,6,274.58,627.67,51.96,134.32,0.9311,2,1,-1
90,8,396.20,519.88,32.09,103.90,0.9263,2,1,-1
90,12,512.40,577.15,14.94,36.18,0.5543,2,1,-1
90,13,509.42,513.10,29.51,67.02,0.5815,2,2,-1
90,14,1493.57,538.06,53.91,107.14,0.9029,2,2,-1
90,17,1085.69,521.23,37.84,103.49,0.9033,2,1,-1
90,20,635.83,386.22,20.84,59.48,0.7303,2,1,-1
90,22,1438.28,526.85,54.99,103.38,0.9158,2,1,-1
90,24,1417.58,545.63,26.54,61.84,0.8137,2,2,-1
90,27,1233.47,509.98,34.14,97.44,0.9074,2,2,-1
90,31,1144.93,509.22,29.23,90.75,0.8769,2,2,-1
90,36,1279.44,480.29,25.14,90.99,0.8700,2,2,-1
90,43,1021.87,495.81,30.53,86.61,0.9009,2,2,-1
90,49,520.78,485.28,26.14,42.76,0.8493,2,-1,-1
90,0,573.19,441.95,9.91,11.03,1.0,0,-1,-1
91,1,191.37,571.21,50.31,113.84,0.9298,2,1,-1
91,2,751.36,608.47,51.86,120.02,0.9307,2,1,-1
91,4,1291.10,564.37,44.62,110.79,0.9163,2,1,-1
91,5,1514.82,531.25,29.36,100.45,0.8537,2,1,-1
91,6,274.25,627.71,52.28,133.83,0.9330,2,1,-1
91,8,396.71,519.03,31.79,104.66,0.9251,2,1,-1
91,9,1115.42,514.21,35.79,108.97,0.8384,2,2,-1
91,12,513.91,577.41,13.27,32.64,0.6940,2,1,-1
91,20,635.71,386.52,20.80,58.79,0.7481,2,1,-1
91,24,1418.59,546.80,26.21,59.61,0.7800,2,2,-1
91,27,1234.00,509.62,33.08,97.30,0.9124,2,2,-1
91,31,1144.48,508.72,28.92,91.91,0.8624,2,2,-1
91,36,1279.69,480.00,24.77,90.84,0.8514,2,2,-1
91,43,1021.64,495.57,30.65,87.20,0.9008,2,2,-1
91,49,520.68,485.24,26.83,42.92,0.8433,2,-1,-1
91,0,572.97,442.02,10.23,11.17,1.0,0,-1,-1
92,1,192.40,570.92,50.47,115.14,0.9290,2,1,-1
92,2,752.42,608.49,53.81,119.96,0.9262,2,1,-1
92,4,1293.68,563.64,42.15,105.92,0.9207,2,1,-1
92,5,1514.76,531.06,31.51,103.63,0.8922,2,1,-1
92,6,273.32,628.52,51.37,133.46,0.9352,2,1,-1
92,8,397.37,518.67,32.20,105.23,0.9275,2,1,-1
92,9,1117.53,514.46,33.95,109.65,0.8342,2,2,-1
92,12,512.81,576.94,15.11,36.91,0.5416,2,1,-1
92,14,1482.54,544.43,42.92,99.79,0.7864,2,2,-1
92,17,1093.42,519.33,32.65,104.59,0.8481,2,1,-1
92,20,636.11,386.88,20.60,57.61,0.6873,2,1,-1
92,24,1419.87,544.79,26.06,61.89,0.7933,2,2,-1
92,27,1234.49,510.12,32.61,97.44,0.8994,2,2,-1
92,31,1144.35,509.13,28.18,89.98,0.8475,2,2,-1
92,36,1279.63,479.99,24.60,90.69,0.8265,2,2,-1
92,43,1021.84,495.71,30.33,86.28,0.8995,2,2,-1
92,49,520.80,485.26,25.96,41.50,0.7811,3,0,-1
92,0,573.26,442.00,10.00,10.83,1.0,0,-1,-1
93,1,193.05,570.86,49.46,114.48,0.9319,2,1,-1
93,2,754.77,608.69,51.50,120.69,0.9225,2,1,-1
93,4,1295.13,561.04,40.85,106.72,0.9211,2,1,-1
93,6,273.91,628.19,50.22,134.85,0.9260,2,1,-1
93,8,398.08,518.13,32.54,105.82,0.9232,2,1,-1
93,13,516.91,512.13,29.24,69.59,0.7889,2,2,-1
93,17,1095.07,517.00,31.66,106.06,0.8570,2,1,-1
93,20,636.40,387.11,20.52,57.31,0.5615,2,1,-1
93,27,1234.93,510.46,30.64,95.78,0.9028,2,2,-1
93,31,1144.68,509.45,25.44,80.06,0.8720,2,2,-1
93,36,1279.71,480.07,24.43,90.24,0.8528,2,2,-1
93,40,1516.36,531.99,35.33,98.55,0.9103,2,1,-1
93,43,1022.12,495.46,30.12,86.60,0.8969,2,2,-1
93,0,573.28,441.83,9.89,10.79,1.0,0,-1,-1
94,1,194.22,570.83,48.44,113.84,0.9326,2,1,-1
94,2,760.03,608.21,49.23,120.15,0.9232,2,1,-1
94,4,1297.05,558.75,39.92,108.71,0.9108,2,1,-1
94,6,274.02,629.77,50.62,133.31,0.9304,2,1,-1
94,8,398.36,517.64,33.29,105.71,0.9127,2,1,-1
94,12,514.82,576.39,13.29,32.97,0.6838,2,1,-1
94,13,517.30,511.36,29.29,70.56,0.7833,2,2,-1
94,14,1486.56,542.45,36.85,101.88,0.8796,2,2,-1
94,17,1098.36,520.02,29.42,102.37,0.8441,2,1,-1
94,27,1234.71,510.68,30.52,95.86,0.8754,2,2,-1
94,31,1144.37,508.68,23.66,72.23,0.8130,2,2,-1
94,36,1279.82,479.94,24.45,90.57,0.8013,2,2,-1
94,40,1517.18,532.56,38.44,99.01,0.9259,2,1,-1
94,43,1021.82,494.99,30.36,86.73,0.8979,2,2,-1
94,0,573.33,441.85,9.84,10.85,1.0,0,-1,-1
95,1,195.05,570.92,45.99,112.80,0.9355,2,1,-1
95,2,764.37,608.46,44.95,117.62,0.8970,2,1,-1
95,4,1298.80,555.35,38.95,112.54,0.9193,2,1,-1
95,6,273.25,630.63,51.36,132.37,0.9322,2,1,-1
95,8,397.48,517.59,34.90,104.50,0.9157,2,1,-1
95,12,515.24,575.66,13.06,33.07,0.7265,2,1,-1
95,13,518.53,511.87,28.33,70.04,0.8317,2,2,-1
95,14,1489.12,575.18,26.77,68.29,0.8540,2,2,-1
95,17,1099.19,521.43,29.36,101.71,0.8473,2,1,-1
95,22,1421.80,514.68,56.67,113.32,0.6809,2,1,-1
95,27,1235.34,511.95,29.11,94.12,0.8220,2,2,-1
95,31,1143.85,508.31,23.43,69.02,0.8157,2,2,-1
95,36,1279.94,479.81,24.48,90.69,0.6560,2,2,-1
95,40,1514.58,532.83,43.37,99.40,0.9205,2,1,-1
95,43,1021.23,495.18,30.91,86.51,0.9038,2,2,-1
95,0,573.25,441.95,9.94,11.00,1.0,0,-1,-1
96,1,195.54,570.85,44.90,113.09,0.9327,2,1,-1
96,2,770.37,608.53,43.67,117.92,0.9091,2,1,-1
96,3,1419.79,517.53,36.36,110.37,0.8216,2,1,-1
96,4,1301.13,554.03,37.65,113.12,0.9161,2,1,-1
96,6,272.26,630.20,50.34,133.07,0.9399,2,1,-1
96,8,396.88,517.27,37.01,104.79,0.9160,2,1,-1
96,9,1123.89,515.58,45.15,109.17,0.8745,2,2,-1
96,13,519.22,512.22,27.76,69.40,0.8529,2,2,-1
96,14,1485.91,574.60,26.42,68.25,0.7698,2,2,-1
96,27,1234.66,511.86,28.57,94.36,0.8805,2,2,-1
96,36,1279.99,479.81,24.61,90.36,0.8303,2,2,-1
96,40,1516.67,533.92,42.88,98.33,0.9216,2,1,-1
96,43,1021.24,495.15,31.22,86.20,0.9060,2,2,-1
96,0,573.41,441.75,9.89,10.91,1.0,0,-1,-1
97,1,195.94,570.49,43.99,113.37,0.9358,2,1,-1
97,2,773.62,606.95,41.42,119.66,0.8891,2,1,-1
97,3,1412.68,524.85,36.96,102.02,0.8829,2,1,-1
97,4,1302.44,552.82,38.15,113.45,0.9221,2,1,-1
97,6,271.13,630.04,52.89,133.01,0.9415,2,1,-1
97,8,396.57,517.02,38.39,104.55,0.9120,2,1,-1
97,12,516.78,574.97,13.59,34.53,0.5972,2,1,-1
97,13,519.97,512.87,27.09,68.65,0.8598,2,2,-1
97,17,1100.66,519.63,31.13,104.06,0.8618,2,1,-1
97,27,1234.58,512.04,27.82,94.08,0.8293,2,2,-1
97,31,1141.64,508.40,23.92,69.34,0.7723,2,2,-1
97,36,1280.08,480.03,24.85,89.82,0.8564,2,2,-1
97,40,1516.12,534.53,43.52,97.50,0.9034,2,1,-1
97,42,1480.63,541.72,26.05,71.74,0.7510,2,2,-1
97,43,1020.88,495.51,31.60,86.10,0.9064,2,2,-1
97,49,521.00,484.18,23.28,39.36,0.7596,3,0,-1
97,0,573.26,441.79,10.00,10.98,1.0,0,-1,-1
98,1,196.31,570.65,43.43,113.61,0.9313,2,1,-1
98,2,776.36,606.06,38.23,121.26,0.8896,2,1,-1
98,3,1402.34,522.00,45.38,107.76,0.9034,2,1,-1
98,4,1303.98,552.71,38.06,114.22,0.9183,2,1,-1
98,6,269.77,629.89,54.08,132.93,0.9440,2,1,-1
98,8,397.47,517.00,38.02,104.18,0.8993,2,1,-1
98,12,517.34,574.22,13.72,34.40,0.6735,2,1,-1
98,13,519.75,513.03,27.08,69.42,0.8642,2,2,-1
98,17,1101.10,518.57,32.27,105.09,0.8643,2,1,-1
98,24,1441.46,552.64,32.85,74.32,0.6377,2,2,-1
98,27,1235.50,518.85,25.56,87.96,0.7415,2,2,-1
98,31,1141.49,507.22,23.43,65.50,0.7361,2,2,-1
98,36,1279.89,480.46,24.91,89.01,0.8146,2,2,-1
98,40,1517.18,535.83,43.96,96.78,0.9041,2,1,-1
98,42,1479.86,542.69,26.27,71.26,0.5712,2,2,-1
98,43,1020.55,495.37,32.02,86.00,0.9054,2,2,-1
98,45,522.24,483.78,20.03,44.03,0.6657,3,0,-1
98,0,573.30,441.80,9.92,11.17,1.0,0,-1,-1
99,1,197.25,570.90,43.56,113.20,0.9291,2,1,-1
99,2,778.95,606.11,37.50,120.48,0.9203,2,1,-1
99,3,1393.77,525.38,52.61,106.45,0.9169,2,1,-1
99,4,1305.91,552.47,38.61,111.88,0.9184,2,1,-1
99,6,268.08,629.44,50.16,133.61,0.9409,2,1,-1
99,8,397.76,516.41,37.55,103.94,0.8488,2,1,-1
99,9,1128.80,515.80,42.80,109.21,0.8408,2,2,-1
99,12,517.75,574.88,13.56,33.40,0.7212,2,1,-1
99,13,520.21,513.59,26.73,68.46,0.8670,2,2,-1
99,17,1102.04,519.10,32.62,104.84,0.8581,2,1,-1
99,24,1440.28,554.45,34.24,72.17,0.7455,2,2,-1
99,36,1279.73,481.02,24.90,88.49,0.7466,2,2,-1
99,40,1519.61,535.06,43.04,97.50,0.9086,2,1,-1
99,42,1476.23,545.52,25.93,67.15,0.6878,2,2,-1
99,43,1020.47,495.35,32.27,85.97,0.9046,2,2,-1
99,45,521.48,483.65,21.44,45.73,0.7508,3,0,-1
99,0,573.49,441.74,9.59,10.73,1.0,0,-1,-1
100,1,197.80,570.42,45.60,113.46,0.9326,2,1,-1
100,2,782.09,606.76,37.94,120.03,0.9241,2,1,-1
100,3,1388.62,524.97,57.97,106.69,0.9253,2,1,-1
100,4,1307.44,553.69,39.55,112.87,0.9201,2,1,-1
100,6,265.78,630.26,50.90,133.10,0.9287,2,1,-1
100,8,397.09,516.68,37.57,103.62,0.8572,2,1,-1
100,9,1130.14,511.33,41.44,111.97,0.8699,2,2,-1
100,13,520.23,513.44,26.87,68.68,0.8551,2,2,-1
100,14,1471.80,577.05,31.45,69.70,0.8682,2,2,-1
100,17,1101.91,519.01,33.44,103.93,0.8839,2,1,-1
100,23,517.97,573.97,16.36,34.76,0.6624,3,0,-1
100,24,1439.33,552.04,34.90,72.39,0.7078,2,2,-1
100,40,1523.73,535.11,40.14,97.46,0.8991,2,1,-1
100,43,1020.57,495.39,31.93,85.59,0.9038,2,2,-1
100,45,521.06,483.50,22.44,48.98,0.7793,3,0,-1
100,0,573.71,441.88,9.24,10.45,1.0,0,-1,-1
101,1,198.31,569.98,47.26,113.53,0.9298,2,1,-1
101,2,785.55,606.89,46.98,119.79,0.9216,2,1,-1
101,3,1384.91,524.79,61.11,106.01,0.9171,2,1,-1
101,4,1309.61,555.17,40.06,110.29,0.9155,2,1,-1
101,6,263.55,630.62,51.71,132.57,0.9252,2,1,-1
101,8,398.05,516.30,37.50,104.20,0.8785,2,1,-1
101,10,1236.00,574.07,20.53,40.95,0.6906,2,2,-1
101,13,520.11,513.05,27.16,69.47,0.8408,2,2,-1
101,14,1464.82,550.61,41.41,97.29,0.8339,2,2,-1
101,17,1101.91,518.17,35.63,105.06,0.8988,2,1,-1
101,23,517.55,573.75,16.59,35.03,0.6916,3,0,-1
101,40,1527.80,535.57,37.76,97.12,0.9079,2,1,-1
101,43,1020.82,495.24,31.83,85.14,0.9073,2,2,-1
101,45,521.35,483.35,22.40,49.59,0.7794,3,0,-1
101,0,573.59,441.58,9.32,10.79,1.0,0,-1,-1
102,1,198.75,570.41,48.88,113.12,0.9364,2,1,-1
102,2,786.32,606.73,51.79,119.65,0.9380,2,1,-1
102,3,1383.84,524.29,61.62,106.36,0.9053,2,1,-1
102,4,1311.69,558.08,40.54,106.90,0.9234,2,1,-1
102,6,261.21,629.96,55.99,133.12,0.9226,2,1,-1
102,8,398.43,515.94,36.57,103.02,0.8575,2,1,-1
102,10,1237.36,574.64,19.07,38.99,0.7145,2,2,-1
102,14,1463.30,551.60,39.80,96.87,0.8890,2,2,-1
102,17,1102.98,518.00,36.16,101.79,0.9033,2,1,-1
102,26,518.20,512.81,29.87,94.01,0.8563,2,2,-1
102,40,1532.11,534.25,35.12,98.65,0.9015,2,1,-1
102,43,1020.94,495.04,31.71,85.00,0.9043,2,2,-1
102,45,521.43,483.42,22.15,49.08,0.8109,3,0,-1
102,0,573.41,441.53,9.43,10.84,1.0,0,-1,-1
103,1,199.45,570.64,50.98,112.92,0.9416,2,1,-1
103,2,787.33,607.23,57.34,120.20,0.9364,2,1,-1
103,3,1382.03,522.91,55.68,107.38,0.9124,2,1,-1
103,4,1313.45,559.51,39.54,105.28,0.9184,2,1,-1
103,6,258.85,630.27,57.08,134.30,0.9259,2,1,-1
103,8,398.83,514.92,36.09,104.49,0.8404,2,1,-1
103,10,1237.99,574.72,18.35,38.26,0.7274,2,2,-1
103,14,1466.66,578.87,35.13,70.79,0.8803,2,2,-1
103,17,1104.15,517.48,36.83,103.87,0.8872,2,1,-1
103,26,517.90,512.58,29.82,96.36,0.8658,2,2,-1
103,40,1535.65,535.80,32.80,96.15,0.9027,2,1,-1
103,43,1020.77,495.12,31.85,84.95,0.9026,2,2,-1
103,45,521.54,483.37,22.25,49.67,0.8487,3,0,-1
103,0,573.53,441.52,9.33,10.72,1.0,0,-1,-1
104,1,200.65,570.42,51.08,113.57,0.9343,2,1,-1
104,2,786.97,607.99,58.39,119.89,0.9412,2,1,-1
104,3,1379.46,523.70,51.32,106.80,0.8966,2,1,-1
104,4,1314.97,559.23,39.09,105.66,0.9134,2,1,-1
104,6,256.47,630.90,59.53,132.61,0.9293,2,1,-1
104,8,398.71,514.73,35.19,104.32,0.8853,2,1,-1
104,9,1136.05,512.61,38.74,110.90,0.7522,2,2,-1
104,10,1237.84,574.85,18.18,38.37,0.7084,2,2,-1
104,14,1464.91,579.12,35.14,67.88,0.8879,2,2,-1
104,17,1104.94,516.35,37.35,103.18,0.8025,2,1,-1
104,26,519.02,512.32,28.83,92.33,0.8520,2,2,-1
104,40,1538.95,537.63,31.66,94.18,0.9036,2,1,-1
104,43,1020.92,494.96,31.85,84.97,0.8989,2,2,-1
104,45,521.91,483.32,22.12,49.43,0.8406,3,0,-1
104,0,573.39,441.64,9.55,10.89,1.0,0,-1,-1
105,1,201.61,570.62,50.45,114.15,0.9294,2,1,-1
105,2,788.36,608.28,58.60,119.51,0.9395,2,1,-1
105,3,1376.41,521.51,49.51,109.77,0.8985,2,1,-1
105,4,1315.09,557.49,40.15,106.04,0.9065,2,1,-1
105,6,254.22,630.74,61.10,133.05,0.9245,2,1,-1
105,8,399.55,515.17,33.50,101.73,0.9076,2,1,-1
105,9,1138.11,512.53,37.13,110.56,0.8152,2,2,-1
105,10,1237.77,574.98,18.09,38.43,0.6939,2,2,-1
105,14,1462.71,577.25,33.87,69.58,0.8126,2,2,-1
105,17,1104.02,514.99,38.02,104.95,0.6976,2,1,-1
105,26,518.98,512.49,28.92,93.83,0.8400,2,2,-1
105,40,1540.66,537.43,32.53,95.37,0.8678,2,1,-1
105,43,1020.88,494.89,31.97,84.94,0.9032,2,2,-1
105,45,522.04,483.22,22.31,49.89,0.8493,3,0,-1
106,1,205.40,570.95,46.72,113.63,0.9288,2,1,-1
106,2,788.38,608.26,55.47,119.35,0.9229,2,1,-1
106,3,1373.30,519.98,46.58,110.72,0.8620,2,1,-1
106,4,1314.34,554.84,39.62,107.62,0.9191,2,1,-1
106,6,251.21,630.81,63.12,135.71,0.9112,2,1,-1
106,8,400.09,514.62,32.52,101.80,0.9072,2,1,-1
106,9,1138.12,512.99,37.28,109.87,0.8286,2,2,-1
106,17,1104.23,514.79,39.05,106.46,0.8517,2,1,-1
106,26,519.14,512.64,28.65,93.58,0.8410,2,2,-1
106,40,1543.63,538.78,31.16,93.61,0.8407,2,1,-1
106,42,1460.61,551.71,24.36,60.28,0.8082,2,2,-1
106,43,1020.71,494.92,31.80,84.30,0.9055,2,2,-1
106,45,522.39,483.21,22.16,49.90,0.8636,3,0,-1
107,1,208.40,570.99,43.16,112.66,0.9289,2,1,-1
107,2,790.34,608.00,52.66,119.90,0.9193,2,1,-1
107,3,1371.39,520.14,41.51,109.53,0.8510,2,1,-1
107,4,1313.24,553.29,39.51,108.20,0.9154,2,1,-1
107,5,1547.09,570.03,26.30,62.66,0.7889,2,1,-1
107,6,247.81,631.07,64.55,137.78,0.8942,2,1,-1
107,8,400.83,514.79,31.56,101.99,0.9174,2,1,-1
107,9,1139.00,513.76,37.06,108.70,0.8532,2,2,-1
107,13,518.78,512.74,29.79,85.53,0.8391,2,2,-1
107,17,1104.80,514.86,39.16,106.16,0.7489,2,1,-1
107,27,1231.56,512.72,24.10,71.04,0.6336,2,2,-1
107,42,1457.11,550.00,25.70,63.35,0.8012,2,2,-1
107,43,1021.29,494.99,31.20,84.02,0.9078,2,2,-1
107,45,522.80,483.47,21.81,49.40,0.8661,3,0,-1
107,50,1412.21,546.03,27.59,71.57,0.8029,2,-1,-1
108,1,211.02,571.20,39.51,112.42,0.9251,2,1,-1
108,2,792.96,607.95,50.56,119.44,0.9193,2,1,-1
108,3,1367.63,518.07,38.15,108.80,0.8222,2,1,-1
108,4,1312.38,550.18,40.43,110.97,0.9253,2,1,-1
108,6,245.68,631.79,63.48,137.61,0.9014,2,1,-1
108,8,401.60,514.79,31.43,101.98,0.9248,2,1,-1
108,9,1140.46,513.10,36.32,108.84,0.8691,2,2,-1
108,17,1105.22,514.92,38.94,105.56,0.7566,2,1,-1
108,24,1452.52,561.02,35.18,87.28,0.7112,2,2,-1
108,26,519.01,512.29,29.18,95.93,0.8489,2,2,-1
108,27,1230.32,512.19,26.70,72.12,0.6597,2,2,-1
108,40,1547.37,536.39,33.81,98.68,0.8838,2,1,-1
108,42,1432.95,516.05,35.25,93.03,0.6883,2,2,-1
108,43,1021.43,494.57,31.09,84.58,0.9055,2,2,-1
108,45,523.38,483.62,21.53,49.17,0.8573,3,0,-1
108,50,1406.32,546.80,33.91,75.84,0.8186,2,-1,-1
109,1,214.56,571.24,34.97,108.90,0.9183,2,1,-1
109,2,796.78,607.83,46.07,118.65,0.9364,2,1,-1
109,3,1364.33,517.24,37.14,109.52,0.8679,2,1,-1
109,4,1310.00,547.96,41.97,113.22,0.9299,2,1,-1
109,6,244.13,631.75,63.52,137.44,0.9048,2,1,-1
109,8,402.83,514.50,30.75,102.49,0.9192,2,1,-1
109,9,1141.09,513.23,35.53,108.42,0.8732,2,2,-1
109,17,1105.84,515.49,38.41,104.68,0.7385,2,1,-1
109,26,518.97,512.32,29.21,96.86,0.8428,2,2,-1
109,27,1228.55,510.42,28.97,74.82,0.6879,2,2,-1
109,40,1549.05,537.41,33.78,99.36,0.8898,2,1,-1
109,42,1433.58,514.34,31.97,86.04,0.5735,2,2,-1
109,43,1021.69,494.66,30.74,85.11,0.9011,2,2,-1
109,45,523.76,483.87,21.33,48.90,0.8338,3,0,-1
109,50,1401.48,549.49,38.22,74.69,0.8070,2,-1,-1
110,1,216.13,571.18,32.06,109.40,0.9150,2,1,-1
110,2,800.90,607.08,44.36,119.39,0.9199,2,1,-1
110,3,1360.52,518.99,36.38,110.60,0.8519,2,1,-1
110,4,1306.27,548.68,43.97,110.76,0.9260,2,1,-1
110,6,242.88,632.83,61.63,136.92,0.8983,2,1,-1
110,8,403.23,514.33,30.70,102.18,0.9186,2,1,-1
110,9,1139.84,513.48,36.52,109.10,0.8798,2,2,-1
110,17,1106.26,515.61,37.97,105.27,0.8836,2,1,-1
110,26,518.88,512.09,29.04,97.24,0.8415,2,2,-1
110,27,1229.08,511.43,29.42,73.14,0.6786,2,2,-1
110,40,1550.16,538.02,35.08,98.86,0.9078,2,1,-1
110,42,1434.58,513.50,32.35,89.04,0.6271,2,2,-1
110,43,1021.19,494.82,31.23,84.67,0.9043,2,2,-1
110,45,524.52,484.18,20.47,45.96,0.8084,3,0,-1
110,50,1395.51,548.51,44.35,75.94,0.8559,2,2,-1
111,1,217.09,571.22,30.73,109.24,0.9107,2,1,-1
111,2,806.61,606.93,41.32,119.74,0.9027,2,1,-1
111,3,1356.72,528.72,35.40,99.40,0.8606,2,1,-1
111,4,1301.56,550.38,47.44,109.22,0.9331,2,1,-1
111,6,240.89,632.43,61.31,137.15,0.8922,2,1,-1
111,8,404.13,514.28,30.69,101.13,0.9060,2,1,-1
111,9,1140.24,513.81,36.64,110.13,0.8687,2,2,-1
111,13,520.15,512.43,27.47,76.20,0.8400,2,2,-1
111,17,1106.82,516.05,37.78,103.63,0.8722,2,1,-1
111,27,1228.09,511.09,31.32,72.91,0.8461,2,2,-1
111,40,1550.84,539.10,35.80,98.35,0.8736,2,1,-1
111,43,1021.25,495.10,31.05,84.67,0.8978,2,2,-1
111,45,525.15,484.34,19.96,44.04,0.7555,3,0,-1
111,50,1392.95,550.81,45.22,73.62,0.8942,2,2,-1
112,1,218.42,571.02,29.17,109.03,0.9086,2,1,-1
112,2,811.94,606.48,40.44,120.46,0.9022,2,1,-1
112,3,1348.71,528.48,38.37,101.52,0.8894,2,1,-1
112,4,1297.36,552.94,50.27,107.06,0.9355,2,1,-1
112,6,236.53,632.31,62.39,137.41,0.8785,2,1,-1
112,8,404.74,514.35,31.42,101.37,0.9090,2,1,-1
112,9,1141.51,513.27,35.35,107.44,0.8727,2,2,-1
112,13,521.02,511.40,27.27,71.14,0.8400,2,2,-1
112,17,1107.02,516.20,37.94,102.68,0.8994,2,1,-1
112,23,518.57,573.89,17.33,35.02,0.5500,3,0,-1
112,24,1437.54,548.13,40.69,96.98,0.7597,2,2,-1
112,27,1228.28,509.87,31.79,74.68,0.8031,2,2,-1
112,40,1551.05,539.51,38.48,98.44,0.8977,2,1,-1
112,43,1020.99,495.10,31.40,84.97,0.9018,2,2,-1
112,45,525.85,484.29,20.77,43.74,0.7480,3,0,-1
112,50,1391.89,553.96,42.93,70.40,0.9117,2,2,-1
113,1,219.32,571.11,28.35,109.56,0.9033,2,1,-1
113,2,816.61,606.76,38.56,120.50,0.8987,2,1,-1
113,3,1342.84,530.71,41.36,102.48,0.8837,2,1,-1
113,4,1296.34,555.08,51.40,106.32,0.9352,2,1,-1
113,6,229.13,632.69,65.31,136.97,0.8799,2,1,-1
113,8,405.89,514.12,32.79,101.62,0.9209,2,1,-1
113,9,1142.33,512.71,34.74,105.70,0.8662,2,2,-1
113,13,519.56,511.29,29.05,77.83,0.8400,2,2,-1
113,17,1106.98,514.64,38.45,104.34,0.9028,2,1,-1
113,23,518.66,574.84,16.99,33.75,0.5562,3,0,-1
113,24,1434.53,546.04,45.63,101.08,0.8373,2,2,-1
113,27,1228.97,510.36,31.51,73.81,0.8730,2,2,-1
113,40,1552.09,541.27,40.07,95.52,0.8962,2,1,-1
113,43,1021.10,495.22,31.90,85.15,0.9096,2,2,-1
113,45,526.11,484.12,21.34,42.72,0.7608,3,0,-1
113,50,1389.57,552.53,39.96,71.39,0.8859,2,2,-1
113,0,573.65,441.45,9.61,11.07,1.0,0,-1,-1
114,1,220.80,570.93,27.81,110.49,0.8979,2,1,-1
114,2,819.33,606.61,39.26,120.52,0.8402,2,1,-1
114,3,1336.82,530.83,46.56,101.28,0.8929,2,1,-1
114,4,1296.55,556.94,50.31,104.09,0.9294,2,1,-1
114,6,226.05,633.07,65.99,136.39,0.8668,2,1,-1
114,8,406.77,514.55,32.65,102.11,0.9095,2,1,-1
114,9,1140.65,511.77,36.45,108.11,0.8703,2,2,-1
114,17,1107.99,515.35,37.61,101.99,0.8868,2,1,-1
114,24,1433.69,544.98,48.19,102.35,0.9134,2,2,-1
114,26,519.70,509.12,29.13,97.50,0.8472,2,2,-1
114,27,1229.94,509.35,31.19,73.94,0.8591,2,2,-1
114,40,1553.20,542.39,40.17,94.23,0.8384,2,1,-1
114,43,1021.23,495.44,31.98,84.59,0.9138,2,2,-1
114,49,524.91,484.02,26.80,47.36,0.7548,3,0,-1
114,50,1387.52,552.41,35.26,71.07,0.8632,2,2,-1
114,0,574.15,441.34,9.27,11.15,1.0,0,-1,-1
115,1,222.58,571.30,26.01,99.80,0.8921,2,1,-1
115,2,821.39,606.19,40.72,120.27,0.8307,2,1,-1
115,3,1335.08,531.08,49.47,101.74,0.8894,2,1,-1
115,4,1295.80,558.36,49.27,102.93,0.9310,2,1,-1
115,6,224.92,632.56,66.00,137.06,0.8572,2,1,-1
115,8,407.59,514.44,32.52,103.40,0.9074,2,1,-1
115,9,1141.92,511.37,35.93,105.54,0.8710,2,2,-1
115,17,1108.05,513.32,38.25,101.86,0.8895,2,1,-1
115,24,1434.15,545.42,47.60,102.40,0.9246,2,2,-1
115,26,519.33,508.79,29.78,100.24,0.8470,2,2,-1
115,27,1231.71,509.04,30.66,74.20,0.8686,2,2,-1
115,40,1553.96,541.24,40.49,94.78,0.7898,2,1,-1
115,43,1021.28,495.04,32.21,85.08,0.9103,2,2,-1
115,49,525.41,483.89,27.49,49.47,0.7276,3,0,-1
115,50,1384.33,551.29,30.96,72.22,0.8580,2,2,-1
115,0,575.28,441.24,8.29,10.63,1.0,0,-1,-1
116,1,225.18,571.06,23.68,78.07,0.8811,2,1,-1
116,2,822.14,606.34,41.29,120.21,0.7860,2,1,-1
116,3,1334.49,530.42,51.26,101.94,0.9006,2,1,-1
116,4,1296.41,557.54,48.98,103.83,0.9249,2,1,-1
116,6,224.49,633.06,64.47,135.73,0.8954,2,1,-1
116,8,408.36,514.02,33.18,103.92,0.9211,2,1,-1
116,9,1142.37,511.11,35.90,105.00,0.8652,2,2,-1
116,14,1433.86,553.76,45.17,92.03,0.9152,2,2,-1
116,17,1109.63,512.70,37.33,101.77,0.8837,2,1,-1
116,26,519.51,509.20,29.34,99.15,0.8723,2,2,-1
116,27,1232.95,508.90,30.24,73.94,0.8683,2,2,-1
116,35,1459.16,499.46,23.73,78.25,0.6747,1,3,-1
116,36,1381.39,528.92,25.48,83.20,0.7769,2,2,-1
116,43,1020.65,494.90,33.25,85.90,0.9076,2,2,-1
116,0,575.36,441.02,8.33,10.67,1.0,0,-1,-1
117,1,225.78,571.02,25.19,79.53,0.8499,2,1,-1
117,2,821.87,605.53,42.09,121.48,0.8809,2,1,-1
117,4,1296.87,555.71,49.63,106.50,0.9232,2,1,-1
117,6,223.88,633.44,62.93,136.36,0.8893,2,1,-1
117,8,409.57,513.82,32.35,103.51,0.8976,2,1,-1
117,9,1143.18,510.99,35.65,102.24,0.8694,2,2,-1
117,11,1232.92,507.64,31.95,103.91,0.8809,2,2,-1
117,14,1433.65,558.30,41.71,87.46,0.9006,2,2,-1
117,17,1109.06,512.19,38.18,102.16,0.8731,2,1,-1
117,26,520.25,509.37,29.34,97.09,0.8725,2,2,-1
117,35,1460.59,500.52,22.30,77.53,0.6060,1,3,-1
117,36,1378.11,523.74,21.99,66.68,0.8012,2,2,-1
117,40,1560.72,542.84,40.01,94.98,0.6314,2,1,-1
117,43,1021.07,494.68,33.40,85.17,0.9073,2,2,-1
117,0,575.51,441.29,8.54,10.61,1.0,0,-1,-1
118,1,226.61,571.15,26.80,80.46,0.8777,2,1,-1
118,2,823.75,605.47,42.75,121.64,0.8777,2,1,-1
118,4,1297.59,554.80,47.68,106.28,0.9021,2,1,-1
118,6,224.19,634.15,59.63,134.13,0.9041,2,1,-1
118,8,410.92,513.28,32.23,103.57,0.9245,2,1,-1
118,9,1143.29,510.59,34.29,92.19,0.8660,2,2,-1
118,11,1233.80,507.22,32.85,105.60,0.9029,2,2,-1
118,13,520.68,509.63,29.88,79.17,0.8583,2,2,-1
118,14,1435.26,574.13,34.60,68.90,0.8841,2,2,-1
118,17,1107.80,510.79,39.02,103.31,0.8743,2,1,-1
118,23,520.54,574.13,17.49,33.85,0.6424,3,0,-1
118,36,1374.64,523.54,22.80,67.34,0.8403,2,2,-1
118,40,1563.57,539.28,37.71,99.00,0.8663,2,1,-1
118,43,1021.11,494.58,34.41,86.18,0.9056,2,2,-1
118,49,528.56,484.16,27.04,51.10,0.6305,3,0,-1
118,0,967.05,592.88,9.25,9.95,1.0,0,-1,-1
119,1,227.91,571.29,27.29,80.57,0.8817,2,1,-1
119,2,825.83,605.72,42.79,121.06,0.8942,2,1,-1
119,4,1298.56,558.33,46.08,102.72,0.8783,2,1,-1
119,6,221.09,629.81,60.95,139.25,0.9077,2,1,-1
119,8,411.98,512.17,32.64,103.71,0.9206,2,1,-1
119,9,1141.24,509.44,37.19,101.01,0.8630,2,2,-1
119,11,1234.39,507.24,33.10,104.68,0.9117,2,2,-1
119,13,521.47,510.15,29.24,74.64,0.8498,2,2,-1
119,14,1434.35,574.82,33.79,69.32,0.8739,2,2,-1
119,17,1107.54,510.42,39.68,103.73,0.8684,2,1,-1
119,23,520.49,573.87,17.99,34.37,0.6528,3,0,-1
119,40,1566.75,538.03,35.67,99.76,0.8961,2,1,-1
119,42,1368.36,524.79,29.74,82.76,0.7347,2,2,-1
119,43,1020.97,494.61,35.07,86.71,0.9056,2,2,-1
119,49,529.91,484.21,26.08,54.04,0.7053,3,0,-1
119,0,967.25,592.90,9.26,9.93,1.0,0,-1,-1
120,1,229.28,571.28,27.27,80.72,0.8813,2,1,-1
120,2,827.22,605.91,42.64,120.74,0.9182,2,1,-1
120,4,1298.35,554.36,47.65,106.51,0.8113,2,1,-1
120,6,217.20,630.43,62.01,138.17,0.9341,2,1,-1
120,8,413.19,512.52,32.56,102.53,0.9268,2,1,-1
120,9,1141.02,509.40,37.96,105.26,0.8760,2,2,-1
120,11,1234.24,507.89,33.52,104.89,0.9092,2,2,-1
120,14,1433.98,576.79,30.05,65.56,0.8209,2,2,-1
120,17,1107.79,510.11,40.07,104.20,0.8794,2,1,-1
120,26,520.82,510.13,31.26,99.33,0.8667,2,2,-1
120,40,1570.29,537.00,34.71,101.45,0.9178,2,1,-1
120,43,1021.76,494.87,34.40,86.17,0.9070,2,2,-1
120,50,1362.70,527.03,45.00,96.51,0.8769,2,2,-1
120,0,967.79,592.92,8.83,9.20,1.0,0,-1,-1
121,1,230.54,570.92,27.03,81.30,0.8801,2,1,-1
121,2,828.06,605.69,42.44,119.93,0.9058,2,1,-1
121,4,1300.12,558.71,48.55,101.84,0.8428,2,1,-1
121,6,213.09,632.19,63.53,136.68,0.9285,2,1,-1
121,8,414.41,512.49,32.74,101.80,0.9263,2,1,-1
121,9,1140.86,510.09,37.72,106.16,0.8375,2,2,-1
121,11,1234.24,508.22,33.53,103.91,0.9081,2,2,-1
121,14,1435.05,605.93,19.10,38.93,0.7571,2,2,-1
121,17,1107.26,510.08,40.65,104.71,0.8528,2,1,-1
121,26,533.22,484.33,24.09,75.61,0.8666,2,2,-1
121,40,1572.38,536.72,35.81,102.69,0.9205,2,1,-1
121,43,1022.69,495.04,33.76,85.55,0.9133,2,2,-1
121,50,1361.03,528.40,45.38,93.70,0.7462,2,2,-1
122,1,232.20,570.78,26.67,79.85,0.8738,2,1,-1
122,2,830.07,605.85,40.87,117.81,0.8843,2,1,-1
122,4,1298.78,556.34,47.57,103.99,0.8808,2,1,-1
122,6,209.56,630.79,67.18,138.53,0.9227,2,1,-1
122,8,416.20,512.25,32.87,100.50,0.9176,2,1,-1
122,9,1140.70,509.90,37.39,103.80,0.8604,2,2,-1
122,11,1234.19,506.80,34.72,106.00,0.9013,2,2,-1
122,17,1106.07,510.14,41.10,104.42,0.8675,2,1,-1
122,23,522.39,569.40,22.54,39.00,0.6440,3,0,-1
122,24,1426.76,543.63,31.47,100.14,0.8200,2,2,-1
122,26,533.30,483.84,26.79,87.93,0.8631,2,2,-1
122,40,1574.07,540.17,37.68,100.96,0.9182,2,1,-1
122,43,1022.78,495.18,33.62,86.14,0.9107,2,2,-1
122,50,1354.83,528.23,53.67,96.22,0.9087,2,2,-1
123,1,232.69,570.44,28.03,84.33,0.8242,2,1,-1
123,2,831.89,605.59,40.69,118.01,0.8924,2,1,-1
123,4,1298.47,556.32,44.42,105.09,0.9014,2,1,-1
123,6,205.81,627.24,69.83,142.55,0.9252,2,1,-1
123,8,417.89,511.67,32.80,101.28,0.9092,2,1,-1
123,9,1140.53,509.24,37.33,103.65,0.8597,2,2,-1
123,11,1233.82,503.54,34.93,107.65,0.8875,2,2,-1
123,17,1104.17,510.57,41.16,103.70,0.8603,2,1,-1
123,24,1426.19,542.82,28.02,95.73,0.7607,2,2,-1
123,26,519.99,508.28,29.49,99.12,0.8657,2,2,-1
123,40,1573.80,541.30,39.25,100.45,0.9134,2,1,-1
123,43,1023.34,495.87,33.26,84.74,0.9088,2,2,-1
123,50,1351.29,526.06,55.67,98.60,0.8992,2,2,-1
124,1,234.23,570.40,28.50,85.09,0.8698,2,1,-1
124,2,833.36,604.61,40.08,118.60,0.8998,2,1,-1
124,4,1298.21,554.82,43.60,107.57,0.9070,2,1,-1
124,6,205.16,629.02,70.79,140.90,0.9401,2,1,-1
124,8,420.38,511.21,32.58,100.78,0.9114,2,1,-1
124,11,1234.53,503.04,33.61,104.92,0.8896,2,2,-1
124,13,533.74,483.08,29.79,94.34,0.8687,2,2,-1
124,17,1103.69,510.66,40.10,102.63,0.8689,2,1,-1
124,23,522.47,571.06,22.57,37.01,0.5550,2,-1,-1
124,24,1424.60,542.62,27.58,102.13,0.8747,2,2,-1
124,31,1141.84,539.96,32.57,71.49,0.7394,2,2,-1
124,40,1572.07,541.58,41.39,99.84,0.9177,2,1,-1
124,43,1023.68,495.98,32.57,83.27,0.9044,2,2,-1
124,50,1347.22,525.15,54.13,98.88,0.8995,2,2,-1
125,1,235.24,570.09,28.13,83.39,0.8452,2,1,-1
125,2,834.39,604.11,40.61,121.11,0.9337,2,1,-1
125,4,1297.98,555.10,42.61,105.68,0.9078,2,1,-1
125,6,204.82,631.27,68.63,138.15,0.9347,2,1,-1
125,8,422.99,510.88,33.85,100.92,0.8900,2,1,-1
125,9,1138.97,510.06,36.44,98.06,0.8059,2,2,-1
125,11,1232.01,501.04,35.53,107.76,0.8820,2,2,-1
125,13,535.72,483.19,28.86,95.67,0.8746,2,2,-1
125,17,1101.70,510.93,41.25,102.13,0.8643,2,1,-1
125,23,519.10,555.71,29.58,51.77,0.6637,2,2,-1
125,24,1422.01,543.01,28.32,101.94,0.8852,2,2,-1
125,40,1574.78,540.78,40.44,99.79,0.8986,2,1,-1
125,43,1024.60,494.37,31.77,84.66,0.9035,2,2,-1
125,50,1347.76,550.52,42.12,70.67,0.8860,2,2,-1
126,2,836.09,603.88,40.90,121.05,0.9228,2,1,-1
126,6,201.84,631.59,70.79,137.14,0.9243,2,1,-1
126,8,423.76,511.41,34.52,100.08,0.9104,2,1,-1
126,9,1136.26,507.77,38.52,99.05,0.8665,2,2,-1
126,11,1232.85,500.51,35.37,106.17,0.8642,2,2,-1
126,13,538.13,483.60,29.38,96.67,0.8780,2,2,-1
126,17,1100.85,509.79,42.12,103.08,0.8882,2,1,-1
126,22,1276.07,521.54,46.67,97.20,0.8816,2,1,-1
126,23,520.50,571.65,20.53,35.88,0.6463,2,2,-1
126,24,1418.96,543.53,30.92,102.62,0.8790,2,2,-1
126,40,1575.83,540.56,40.98,100.23,0.9239,2,1,-1
126,42,1345.31,547.23,33.26,73.69,0.8618,2,2,-1
126,43,1026.15,493.01,30.53,86.02,0.8912,2,2,-1
127,2,837.79,603.11,43.26,122.03,0.9088,2,1,-1
127,4,1297.25,553.01,45.07,111.93,0.8860,2,1,-1
127,6,197.43,630.92,66.16,136.64,0.9149,2,1,-1
127,8,423.72,511.30,35.67,99.71,0.9008,2,1,-1
127,11,1234.59,500.85,34.34,105.61,0.8740,2,2,-1
127,17,1098.58,509.20,43.53,103.84,0.8846,2,1,-1
127,22,1334.50,518.15,34.21,76.47,0.8181,2,1,-1
127,24,1417.01,544.19,32.21,102.66,0.8555,2,2,-1
127,26,519.82,508.74,27.41,82.45,0.8743,2,2,-1
127,40,1578.47,538.04,41.48,103.55,0.9146,2,1,-1
127,42,1348.02,578.17,22.12,47.95,0.5952,2,2,-1
127,43,1025.82,491.83,30.78,87.49,0.9090,2,2,-1
127,53,1447.39,516.60,29.08,93.97,0.8491,2,-1,-1
128,2,838.31,601.69,44.67,123.40,0.8441,2,1,-1
128,3,1260.25,533.08,45.16,86.36,0.8024,2,1,-1
128,4,1298.01,553.94,44.69,110.78,0.9210,2,1,-1
128,6,196.36,631.50,64.02,136.42,0.9343,2,1,-1
128,8,423.88,511.07,36.08,99.49,0.9080,2,1,-1
128,11,1235.06,501.51,33.37,106.61,0.8777,2,2,-1
128,17,1096.88,507.85,43.95,103.30,0.9020,2,1,-1
128,24,1416.23,544.83,33.71,101.34,0.8823,2,2,-1
128,26,518.71,508.21,29.37,89.10,0.8820,2,2,-1
128,27,1284.25,479.53,27.16,70.09,0.5658,2,2,-1
128,40,1580.99,537.45,40.81,104.59,0.9195,2,1,-1
128,42,1333.23,522.90,33.90,92.34,0.8838,2,2,-1
128,43,1026.04,491.37,30.33,88.18,0.9063,2,2,-1
128,53,1450.95,529.48,26.32,81.24,0.8298,2,-1,-1
129,2,839.53,603.63,44.92,121.41,0.8951,2,1,-1
129,4,1299.20,555.63,44.90,109.37,0.9252,2,1,-1
129,6,194.35,630.82,56.99,135.53,0.9386,2,1,-1
129,8,426.33,510.91,34.69,99.81,0.9082,2,1,-1
129,11,1235.29,503.98,33.98,111.07,0.8404,2,2,-1
129,13,540.48,481.75,26.86,97.21,0.8562,2,2,-1
129,17,1096.13,507.30,42.96,103.77,0.9005,2,1,-1
129,24,1415.38,544.90,35.43,101.73,0.8848,2,2,-1
129,26,517.63,508.18,29.83,93.38,0.8796,2,2,-1
129,27,1284.50,481.03,27.49,77.81,0.7543,2,2,-1
129,40,1585.43,539.31,37.59,102.53,0.9058,2,1,-1
129,42,1332.64,522.00,29.12,77.93,0.8693,2,2,-1
129,43,1027.10,491.30,30.37,88.23,0.8974,2,2,-1
129,53,1450.73,512.45,30.38,98.27,0.8112,2,-1,-1
130,1,232.46,566.87,43.99,113.15,0.9038,2,1,-1
130,2,840.66,603.01,44.66,122.22,0.8650,2,1,-1
130,3,1253.83,527.89,43.10,86.74,0.7985,2,1,-1
130,4,1299.24,555.23,48.33,110.16,0.9334,2,1,-1
130,6,193.04,630.18,53.72,135.79,0.9294,2,1,-1
130,8,427.57,510.76,34.36,100.25,0.9224,2,1,-1
130,9,1130.21,503.17,42.36,108.22,0.8656,2,2,-1
130,13,542.29,482.86,25.26,93.85,0.7146,2,2,-1
130,17,1095.81,506.44,42.28,104.19,0.9067,2,1,-1
130,24,1414.09,545.30,35.82,100.93,0.8908,2,2,-1
130,26,517.55,508.12,30.45,95.88,0.8883,2,2,-1
130,27,1284.71,480.50,28.63,88.60,0.8509,2,2,-1
130,40,1589.46,538.30,35.21,103.07,0.9124,2,1,-1
130,43,1027.83,492.11,29.79,87.60,0.9015,2,2,-1
130,53,1453.12,513.52,29.45,97.27,0.7079,2,2,-1
131,1,230.98,565.17,45.82,115.48,0.8968,2,1,-1
131,2,842.42,602.88,43.08,122.38,0.8683,2,1,-1
131,4,1297.80,554.99,47.87,109.70,0.9111,2,1,-1
131,6,190.17,630.79,50.51,135.12,0.9132,2,1,-1
131,8,428.35,511.38,33.87,99.40,0.9196,2,1,-1
131,9,1128.54,502.44,43.08,108.30,0.8761,2,2,-1
131,11,1235.17,509.46,34.10,103.67,0.8590,2,2,-1
131,13,543.42,482.89,23.29,87.76,0.6624,2,2,-1
131,17,1094.95,505.49,41.20,104.41,0.8955,2,1,-1
131,24,1412.42,544.48,37.77,102.15,0.8939,2,2,-1
131,26,516.55,507.93,30.97,98.94,0.8813,2,2,-1
131,27,1285.79,480.51,27.32,88.63,0.8673,2,2,-1
131,40,1592.27,538.13,33.61,103.00,0.9057,2,1,-1
131,43,1028.45,492.87,29.78,87.01,0.9040,2,2,-1
131,53,1453.82,513.51,28.08,96.30,0.7785,2,2,-1
132,1,231.64,566.58,46.19,114.23,0.9164,2,1,-1
132,2,844.35,603.25,41.42,121.45,0.9264,2,1,-1
132,3,1246.37,532.71,42.43,88.36,0.8497,2,1,-1
132,4,1298.82,555.64,46.39,108.83,0.9150,2,1,-1
132,6,188.85,630.69,47.88,134.34,0.9079,2,1,-1
132,8,429.21,511.82,34.63,98.90,0.9248,2,1,-1
132,9,1127.65,501.73,43.45,108.05,0.8880,2,2,-1
132,13,544.07,483.06,23.94,95.49,0.8742,2,2,-1
132,17,1094.74,505.23,39.98,103.65,0.8880,2,1,-1
132,20,638.37,381.81,22.53,60.23,0.6085,2,1,-1
132,24,1410.44,545.04,36.59,101.83,0.9045,2,2,-1
132,26,516.37,507.77,31.33,99.57,0.8805,2,2,-1
132,27,1287.06,482.74,25.84,85.77,0.8852,2,2,-1
132,40,1594.28,538.89,33.10,102.99,0.9119,2,1,-1
132,43,1028.77,493.21,29.27,86.40,0.8970,2,2,-1
132,53,1453.64,513.68,27.83,95.99,0.7617,2,2,-1
133,1,232.44,566.59,47.82,114.11,0.9178,2,1,-1
133,2,845.41,603.19,40.80,121.19,0.9374,2,1,-1
133,3,1240.24,533.13,43.94,88.00,0.8084,2,1,-1
133,4,1301.63,555.25,44.45,107.87,0.9061,2,1,-1
133,6,186.37,630.29,45.80,135.34,0.9175,2,1,-1
133,8,429.86,510.68,36.57,100.09,0.9286,2,1,-1
133,9,1126.22,500.76,43.31,107.22,0.9016,2,2,-1
133,13,544.88,483.01,24.01,95.15,0.8762,2,2,-1
133,17,1094.37,504.83,38.52,103.09,0.8863,2,1,-1
133,20,638.62,381.07,23.16,61.01,0.6420,2,1,-1
133,24,1408.13,543.78,36.29,102.28,0.8851,2,2,-1
133,26,515.94,508.22,31.55,98.30,0.8873,2,2,-1
133,27,1288.88,495.25,23.66,73.20,0.8726,2,2,-1
133,36,1451.66,539.16,28.51,70.95,0.8264,2,2,-1
133,40,1597.01,541.39,32.45,99.51,0.8993,2,1,-1
133,43,1029.09,493.12,29.46,87.13,0.8893,2,2,-1
134,1,234.91,566.15,48.05,114.28,0.9012,2,1,-1
134,2,847.00,603.04,40.85,121.36,0.9330,2,1,-1
134,4,1303.33,551.24,43.72,111.76,0.9011,2,1,-1
134,6,184.45,630.45,45.83,134.90,0.9014,2,1,-1
134,8,430.17,510.89,37.80,99.59,0.9244,2,1,-1
134,9,1125.64,500.71,44.04,107.71,0.8964,2,2,-1
134,11,1232.36,500.81,38.49,114.46,0.7575,2,2,-1
134,13,545.46,483.01,24.08,95.12,0.8790,2,2,-1
134,17,1093.78,504.93,37.83,102.20,0.8861,2,1,-1
134,20,638.46,380.25,23.66,61.57,0.7904,2,1,-1
134,24,1409.07,542.71,33.47,103.09,0.8983,2,2,-1
134,26,515.21,508.04,32.39,97.11,0.8931,2,2,-1
134,27,1286.29,478.35,27.41,90.54,0.8908,2,2,-1
134,40,1597.99,539.56,33.77,102.30,0.9178,2,1,-1
134,43,1029.09,492.01,28.43,87.02,0.8697,2,2,-1
134,53,1449.79,525.48,29.86,84.07,0.8485,2,2,-1
135,1,236.56,565.92,48.06,114.00,0.8974,2,1,-1
135,2,847.69,603.09,41.21,121.46,0.8956,2,1,-1
135,3,1234.69,531.52,44.78,87.75,0.8193,2,1,-1
135,4,1304.39,551.46,42.43,111.66,0.9027,2,1,-1
135,6,184.26,630.35,48.27,135.60,0.8834,2,1,-1
135,9,1124.26,500.27,44.17,108.31,0.8905,2,2,-1
135,12,430.15,536.25,37.75,74.13,0.9208,2,1,-1
135,13,546.10,483.43,23.90,94.02,0.8774,2,2,-1
135,17,1091.44,504.91,38.53,102.15,0.8851,2,1,-1
135,20,638.38,379.98,23.63,61.76,0.7192,2,1,-1
135,24,1411.21,569.79,24.68,74.23,0.7588,2,2,-1
135,26,514.27,507.86,33.56,98.01,0.8652,2,2,-1
135,27,1286.67,478.30,26.54,89.32,0.8735,2,2,-1
135,40,1597.24,539.97,37.56,101.93,0.9160,2,1,-1
135,43,1029.57,491.47,27.55,86.78,0.8713,2,2,-1
135,53,1447.12,515.44,34.46,93.95,0.8543,2,2,-1
136,1,238.74,565.76,47.43,113.94,0.9003,2,1,-1
136,2,848.60,603.56,43.31,121.16,0.9250,2,1,-1
136,3,1232.82,523.44,47.09,92.31,0.8935,2,1,-1
136,4,1305.54,551.65,41.39,108.95,0.9019,2,1,-1
136,6,181.36,630.80,54.02,134.74,0.8875,2,1,-1
136,9,1123.15,501.36,43.34,107.73,0.8337,2,2,-1
136,12,430.60,539.47,37.53,70.77,0.9239,2,1,-1
136,13,546.90,483.15,23.79,94.34,0.8803,2,-1,-1
136,17,1090.22,504.92,38.49,102.02,0.8808,2,1,-1
136,20,638.47,380.58,23.46,61.15,0.5833,2,1,-1
136,24,1409.95,570.34,25.45,75.23,0.8245,2,2,-1
136,26,513.89,507.36,34.54,98.84,0.8854,2,2,-1
136,27,1288.31,485.62,24.50,81.54,0.8292,2,2,-1
136,40,1595.82,539.13,41.05,103.79,0.9173,2,1,-1
136,43,1029.45,490.64,28.05,87.82,0.8845,2,2,-1
136,53,1445.90,517.11,36.08,92.44,0.8622,2,2,-1
137,1,242.50,565.36,45.79,114.16,0.8873,2,1,-1
137,2,848.90,603.13,45.05,121.02,0.9361,2,1,-1
137,3,1233.04,523.01,46.22,89.76,0.9050,2,1,-1
137,4,1306.57,554.85,40.15,105.17,0.8939,2,1,-1
137,6,177.10,631.05,53.76,133.47,0.8954,2,1,-1
137,8,431.93,525.42,35.90,84.91,0.9208,2,1,-1
137,9,1118.85,501.01,40.75,106.38,0.7416,2,2,-1
137,10,1223.76,480.90,21.99,55.22,0.7539,2,2,-1
137,13,548.00,483.30,23.71,94.45,0.8771,3,0,-1
137,17,1089.15,505.07,38.70,101.63,0.8794,2,1,-1
137,20,638.60,381.37,23.21,59.96,0.6782,2,1,-1
137,24,1408.63,545.84,23.37,67.08,0.7078,2,2,-1
137,26,513.18,506.75,34.74,97.87,0.8603,2,2,-1
137,27,1288.41,488.19,23.75,78.73,0.7496,2,2,-1
137,40,1595.84,540.36,43.58,102.71,0.9138,2,1,-1
137,43,1029.77,490.51,27.88,88.04,0.8695,2,2,-1
137,53,1444.64,511.30,39.07,99.01,0.8662,2,2,-1
138,1,245.69,564.88,43.03,113.80,0.8733,2,1,-1
138,2,849.59,602.67,45.36,120.60,0.9279,2,1,-1
138,3,1232.46,521.68,46.49,91.09,0.9051,2,1,-1
138,4,1307.24,557.30,39.69,103.55,0.9176,2,1,-1
138,6,174.00,630.98,55.16,133.30,0.9191,2,1,-1
138,8,431.38,507.90,38.47,103.03,0.9173,2,1,-1
138,9,1117.44,500.97,37.96,106.77,0.7965,2,2,-1
138,10,1222.61,480.38,22.44,55.53,0.8476,2,2,-1
138,13,549.14,483.22,23.55,94.31,0.8361,3,0,-1
138,17,1088.18,504.45,38.42,102.26,0.8701,2,1,-1
138,20,638.59,383.12,22.95,57.81,0.7446,2,1,-1
138,24,1404.76,545.66,29.98,96.34,0.8431,2,2,-1
138,26,512.99,506.63,34.51,94.09,0.8464,2,2,-1
138,27,1286.57,479.99,25.66,86.31,0.6039,2,2,-1
138,40,1596.35,541.94,44.87,101.29,0.9125,2,1,-1
138,43,1030.31,491.51,27.28,86.61,0.8499,2,2,-1
138,53,1445.18,511.89,38.32,98.21,0.8611,2,2,-1
139,1,249.44,564.50,40.22,113.83,0.8703,2,1,-1
139,2,849.84,602.38,45.15,120.17,0.9093,2,1,-1
139,3,1232.34,520.48,45.80,90.82,0.8907,2,1,-1
139,4,1307.45,561.14,38.76,98.49,0.8956,2,1,-1
139,6,170.02,630.25,53.89,134.11,0.9218,2,1,-1
139,8,435.41,521.68,33.16,88.06,0.8994,2,1,-1
139,10,1222.38,480.19,23.36,55.85,0.8236,2,2,-1
139,13,550.34,482.61,23.44,95.41,0.8279,3,0,-1
139,17,1087.15,504.37,37.93,102.05,0.8805,2,1,-1
139,20,638.02,382.70,22.94,57.84,0.7125,2,1,-1
139,23,520.03,572.10,17.39,34.34,0.6194,2,2,-1
139,24,1404.21,547.61,28.58,97.05,0.8593,2,2,-1
139,31,1141.86,500.11,26.32,88.79,0.8499,2,2,-1
139,40,1599.32,542.39,45.84,101.19,0.9219,2,1,-1
139,43,1030.23,491.85,27.77,85.90,0.8643,2,2,-1
139,49,512.20,506.89,32.81,70.88,0.7053,3,0,-1
139,53,1447.54,512.85,36.27,96.80,0.8449,2,2,-1
140,1,251.18,564.50,36.91,113.41,0.8408,2,1,-1
140,2,850.85,601.95,45.41,121.03,0.9099,2,1,-1
140,3,1232.36,520.09,47.02,91.48,0.8919,2,1,-1
140,4,1307.53,563.75,38.73,96.95,0.8308,2,1,-1
140,6,167.73,630.61,55.01,132.92,0.9259,2,1,-1
140,8,435.74,507.14,34.43,102.00,0.8875,2,1,-1
140,10,1221.71,480.55,24.53,57.64,0.7409,2,2,-1
140,13,550.92,482.30,23.74,97.35,0.8115,3,0,-1
140,17,1086.41,503.76,37.07,100.79,0.8904,2,1,-1
140,23,520.33,571.56,16.87,34.65,0.6083,2,2,-1
140,24,1402.55,547.22,28.39,99.06,0.8673,2,2,-1
140,26,513.78,506.75,33.02,84.09,0.7769,2,2,-1
140,31,1142.08,499.36,25.49,89.14,0.8632,2,2,-1
140,40,1601.05,543.43,46.22,100.26,0.9189,2,1,-1
140,43,1030.45,492.37,27.22,85.35,0.8788,2,2,-1
140,53,1447.42,512.95,35.60,96.29,0.8593,2,2,-1
141,1,252.51,564.54,35.33,113.74,0.7925,2,1,-1
141,2,852.46,601.92,44.13,120.39,0.8465,2,1,-1
141,3,1232.61,520.33,47.68,90.68,0.8605,2,1,-1
141,6,164.43,630.41,57.17,133.61,0.9301,2,1,-1
141,8,439.77,521.25,29.10,87.39,0.8867,2,1,-1
141,9,1140.89,499.27,26.91,88.62,0.8759,2,2,-1
141,10,1221.66,479.74,26.73,60.63,0.7883,2,2,-1
141,13,551.85,482.82,24.02,97.27,0.8140,3,0,-1
141,17,1085.60,503.54,36.56,100.01,0.8888,2,1,-1
141,20,637.01,383.01,22.83,57.14,0.5768,2,1,-1
141,23,520.78,571.46,16.51,34.68,0.6152,2,2,-1
141,24,1401.53,548.34,28.12,99.00,0.8740,2,2,-1
141,40,1603.68,541.60,45.08,101.99,0.9140,2,1,-1
141,42,1292.13,516.19,38.89,90.09,0.8581,2,2,-1
141,43,1030.77,491.53,27.66,86.23,0.8871,2,2,-1
141,49,512.85,506.65,36.14,73.99,0.7572,3,0,-1
141,53,1447.02,512.44,35.55,97.39,0.8531,2,2,-1
142,1,254.45,567.22,34.08,110.49,0.7836,2,1,-1
142,2,853.33,601.74,42.57,120.55,0.9057,2,1,-1
142,3,1231.98,514.72,50.75,95.95,0.7652,2,1,-1
142,4,1307.61,564.75,40.48,94.66,0.8810,2,1,-1
142,6,161.17,630.13,58.52,132.90,0.9234,2,1,-1
142,8,443.58,517.57,27.30,89.22,0.8931,2,1,-1
142,9,1139.76,499.21,26.97,92.23,0.8660,2,2,-1
142,10,1222.23,479.56,26.09,58.17,0.7350,2,2,-1
142,13,551.79,482.70,24.42,97.61,0.8590,3,0,-1
142,17,1086.01,502.65,35.46,99.17,0.8722,2,1,-1
142,20,635.45,382.69,22.03,55.28,0.6061,2,1,-1
142,23,521.04,571.18,16.32,34.37,0.6397,2,2,-1
142,24,1400.02,549.19,28.38,97.74,0.9025,2,2,-1
142,26,513.66,506.06,35.43,84.18,0.8080,2,2,-1
142,40,1605.63,542.00,44.02,101.75,0.9100,2,1,-1
142,43,1030.77,491.24,27.89,86.47,0.8841,2,2,-1
142,53,1448.71,512.71,34.97,97.58,0.8692,2,2,-1
143,1,255.34,563.57,36.35,112.40,0.9032,2,1,-1
143,2,854.32,601.44,41.52,120.29,0.9178,2,1,-1
143,6,159.15,629.32,58.54,132.23,0.9298,2,1,-1
143,8,447.00,508.95,26.10,97.80,0.8778,2,1,-1
143,9,1139.93,498.88,26.72,91.90,0.8595,2,2,-1
143,11,1242.21,514.02,39.90,94.62,0.7133,2,2,-1
143,13,552.07,483.20,24.73,97.19,0.8562,3,0,-1
143,17,1086.26,501.57,35.03,100.94,0.8464,2,1,-1
143,23,521.03,571.15,16.33,34.18,0.6875,2,2,-1
143,24,1398.75,549.96,28.91,96.22,0.8792,2,2,-1
143,40,1609.43,542.89,41.21,100.28,0.8964,2,1,-1
143,42,1287.25,514.17,40.28,93.58,0.8915,2,2,-1
143,43,1030.33,490.00,27.46,85.57,0.9114,2,2,-1
143,49,512.72,505.70,37.08,77.85,0.8045,3,0,-1
143,53,1450.94,513.51,33.59,97.06,0.8639,2,2,-1
143,0,577.38,436.61,9.83,11.80,1.0,0,-1,-1
144,1,256.08,563.44,40.58,113.33,0.9308,2,1,-1
144,2,854.97,601.29,40.46,120.10,0.9280,2,1,-1
144,3,1239.89,511.37,48.42,96.14,0.8193,2,1,-1
144,4,1305.06,562.53,43.39,97.38,0.8763,2,1,-1
144,6,157.07,627.95,57.62,132.96,0.9187,2,1,-1
144,8,451.32,529.15,21.45,78.57,0.8667,2,1,-1
144,9,1139.41,498.58,27.27,91.98,0.8643,2,2,-1
144,13,552.34,485.20,24.72,95.04,0.8553,3,0,-1
144,17,1085.73,501.59,34.05,100.50,0.8660,2,1,-1
144,23,521.03,571.17,16.42,34.20,0.5522,2,2,-1
144,24,1397.80,549.23,30.04,96.42,0.8922,2,2,-1
144,26,513.94,505.41,36.51,84.73,0.8506,2,2,-1
144,36,1455.74,538.56,28.45,71.43,0.8451,2,2,-1
144,40,1615.11,542.45,37.34,100.60,0.8932,2,1,-1
144,43,1030.32,488.44,27.20,87.22,0.9075,2,2,-1
145,1,257.12,563.24,44.56,113.82,0.9338,2,1,-1
145,2,855.29,600.76,40.19,120.92,0.9198,2,1,-1
145,3,1243.66,510.08,45.80,96.40,0.8446,2,1,-1
145,4,1305.68,562.05,44.04,93.79,0.8864,2,1,-1
145,6,154.44,627.17,59.13,132.41,0.9161,2,1,-1
145,8,452.42,530.67,21.65,75.55,0.8480,2,1,-1
145,9,1138.70,498.53,27.48,90.58,0.8645,2,2,-1
145,13,552.42,484.23,25.71,96.15,0.8618,3,0,-1
145,17,1084.72,500.93,33.51,101.74,0.8834,2,1,-1
145,20,634.81,389.29,20.68,50.90,0.7078,2,1,-1
145,24,1397.91,548.85,29.41,96.31,0.8413,2,2,-1
145,26,514.23,505.20,36.74,87.60,0.8564,2,2,-1
145,36,1456.22,535.38,29.42,74.34,0.8560,2,2,-1
145,40,1620.75,541.41,33.26,102.58,0.9293,2,1,-1
145,43,1030.72,488.86,26.77,86.67,0.9084,2,2,-1
146,1,257.83,563.48,46.82,112.86,0.9337,2,1,-1
146,2,855.24,600.47,39.99,121.22,0.9187,2,1,-1
146,3,1248.63,506.09,43.87,99.28,0.8333,2,1,-1
146,4,1304.30,560.76,45.14,92.24,0.8908,2,1,-1
146,6,151.66,625.60,59.93,134.41,0.9259,2,1,-1
146,8,452.68,517.67,25.39,88.41,0.8668,2,1,-1
146,9,1137.97,498.38,28.42,89.09,0.8788,2,2,-1
146,13,552.39,484.34,26.54,95.60,0.8631,3,0,-1
146,17,1083.05,499.95,32.71,100.77,0.9030,2,1,-1
146,20,635.17,395.45,18.27,44.98,0.7803,2,1,-1
146,26,514.69,504.68,37.77,96.30,0.8738,2,2,-1
146,40,1623.52,540.96,32.87,103.41,0.9216,2,1,-1
146,43,1031.07,488.76,27.29,87.24,0.9096,2,2,-1
146,50,1395.70,567.47,31.40,77.96,0.8032,2,2,-1
146,53,1457.02,518.35,30.49,90.85,0.8655,2,2,-1
147,1,258.22,563.23,48.21,112.65,0.9175,2,1,-1
147,2,855.48,600.42,39.89,120.35,0.9155,2,1,-1
147,3,1252.29,505.58,40.45,93.57,0.6690,2,1,-1
147,4,1303.29,558.51,46.93,93.63,0.8954,2,1,-1
147,6,150.88,624.07,60.15,135.19,0.9317,2,1,-1
147,8,453.22,510.17,29.46,96.57,0.8701,2,1,-1
147,9,1137.39,497.68,29.49,89.11,0.8821,2,2,-1
147,11,1225.14,505.29,32.59,68.93,0.7378,2,2,-1
147,13,552.48,490.18,25.98,89.69,0.8401,3,0,-1
147,17,1080.36,499.84,33.81,101.48,0.8956,2,1,-1
147,24,1394.69,548.58,32.71,96.52,0.8788,2,2,-1
147,26,516.89,504.26,34.58,89.84,0.8659,2,2,-1
147,40,1624.65,539.21,36.22,105.38,0.9204,2,1,-1
147,43,1030.59,488.78,27.57,86.98,0.9114,2,2,-1
147,53,1455.94,515.76,31.29,93.13,0.8682,2,2,-1
148,1,258.71,562.72,48.45,112.90,0.9232,2,1,-1
148,2,855.25,600.20,40.22,121.05,0.9238,2,1,-1
148,4,1303.66,555.90,45.20,95.06,0.8833,2,1,-1
148,5,1624.64,560.94,40.30,85.31,0.9126,2,1,-1
148,6,150.39,623.41,59.60,135.49,0.9329,2,1,-1
148,8,452.84,505.15,32.08,101.79,0.9180,2,1,-1
148,9,1137.18,497.58,30.80,90.34,0.8848,2,2,-1
148,11,1229.48,506.85,40.33,91.41,0.5083,2,2,-1
148,13,552.33,485.16,28.04,94.49,0.8547,3,0,-1
148,17,1075.60,500.43,37.22,100.64,0.9073,2,1,-1
148,20,631.75,394.68,19.12,45.77,0.7389,2,1,-1
148,24,1392.44,550.39,35.42,94.61,0.8952,2,2,-1
148,26,519.05,504.48,32.86,86.17,0.8747,2,2,-1
148,43,1030.83,490.02,28.15,85.46,0.9117,2,2,-1
148,53,1458.34,521.43,29.87,88.04,0.8620,2,2,-1
148,0,1344.89,880.26,13.89,13.99,1.0,0,-1,-1
149,1,258.88,563.20,48.40,113.28,0.9296,2,1,-1
149,2,855.41,600.14,39.78,120.58,0.9210,2,1,-1
149,3,1257.34,497.76,41.87,102.26,0.6052,2,1,-1
149,4,1304.47,552.93,42.01,97.23,0.9116,2,1,-1
149,5,1624.40,559.14,43.95,86.43,0.9201,2,1,-1
149,6,149.09,622.31,58.17,135.64,0.9263,2,1,-1
149,8,453.55,505.25,31.37,101.50,0.9165,2,1,-1
149,9,1137.22,497.10,32.03,91.27,0.8853,2,2,-1
149,13,552.36,485.06,28.79,94.39,0.8493,3,0,-1
149,17,1072.88,500.28,40.17,100.17,0.9150,2,1,-1
149,20,630.30,394.52,18.74,45.54,0.6145,2,1,-1
149,24,1391.41,552.36,39.66,93.43,0.9109,2,2,-1
149,26,518.89,504.40,33.99,94.11,0.8779,2,2,-1
149,27,1223.62,483.02,31.05,90.23,0.7762,2,2,-1
149,43,1030.35,491.36,28.30,84.35,0.9067,2,2,-1
149,53,1458.85,526.03,30.20,83.79,0.8512,2,2,-1
149,0,1346.20,879.44,12.43,13.78,1.0,0,-1,-1
150,1,259.34,563.70,47.82,112.82,0.9345,2,1,-1
150,2,855.48,599.71,39.65,120.81,0.9213,2,1,-1
150,3,1261.14,496.05,38.93,103.48,0.7082,2,1,-1
150,4,1304.47,549.04,40.42,100.93,0.9179,2,1,-1
150,6,147.57,622.64,58.61,134.92,0.9322,2,1,-1
150,8,453.87,504.84,31.12,102.13,0.9166,2,1,-1
150,9,1137.15,496.31,33.33,91.85,0.8933,2,2,-1
150,11,1233.80,506.23,36.45,93.12,0.6066,2,2,-1
150,13,552.84,485.13,29.42,95.38,0.7100,3,0,-1
150,17,1072.05,500.18,40.46,99.74,0.8982,2,1,-1
150,20,626.94,392.61,19.46,47.88,0.5393,2,1,-1
150,24,1391.59,555.74,39.87,90.53,0.8561,2,2,-1
150,26,519.76,504.07,34.11,99.13,0.8852,2,2,-1
150,36,1459.95,535.27,31.51,74.19,0.7502,2,2,-1
150,40,1625.32,543.18,45.04,102.54,0.9256,2,1,-1
150,43,1028.59,490.91,29.66,84.69,0.9056,2,2,-1
151,1,259.62,563.23,48.35,113.26,0.9377,2,1,-1
151,2,856.14,599.25,38.93,120.57,0.9247,2,1,-1
151,4,1305.01,546.10,39.49,102.17,0.8860,2,1,-1
151,6,145.92,622.05,59.21,134.96,0.9211,2,1,-1
151,9,1135.96,495.75,34.75,91.70,0.8996,2,2,-1
151,11,1236.83,504.45,30.76,86.06,0.7205,2,2,-1
151,12,454.00,521.01,31.24,85.58,0.9009,2,1,-1
151,13,551.97,485.19,29.65,93.91,0.8528,3,0,-1
151,17,1071.84,500.22,39.97,99.25,0.8804,2,1,-1
151,20,624.79,393.46,18.87,46.99,0.5236,2,1,-1
151,22,1460.23,538.01,32.43,71.36,0.8541,2,1,-1
151,23,521.99,571.89,15.80,32.06,0.6599,2,2,-1
151,24,1389.99,557.68,41.33,88.14,0.8781,2,2,-1
151,40,1624.73,543.08,45.65,103.75,0.9259,2,1,-1
151,43,1029.17,489.81,30.68,84.76,0.8956,2,2,-1
151,49,521.47,504.34,32.93,85.42,0.8551,3,0,-1
152,1,259.90,563.56,47.36,113.10,0.9402,2,1,-1
152,2,856.43,598.82,38.57,121.30,0.9226,2,1,-1
152,3,1266.60,493.60,37.84,103.85,0.7928,2,1,-1
152,4,1304.69,543.31,39.04,103.49,0.8896,2,1,-1
152,5,1624.01,562.84,46.74,83.41,0.9109,2,1,-1
152,6,145.64,622.34,58.17,134.57,0.9283,2,1,-1
152,8,454.44,508.55,30.33,97.91,0.9023,2,1,-1
152,9,1135.50,496.44,35.35,91.29,0.8988,2,2,-1
152,11,1237.45,502.93,29.90,97.93,0.8711,2,2,-1
152,13,552.26,485.43,29.56,93.41,0.8365,3,0,-1
152,17,1069.31,498.18,40.72,100.64,0.9093,2,1,-1
152,20,621.73,392.47,20.25,48.22,0.8057,2,1,-1
152,24,1386.18,557.02,44.68,89.78,0.8687,2,2,-1
152,26,522.32,503.68,33.75,99.25,0.8592,2,2,-1
152,36,1460.99,537.98,30.97,71.64,0.8580,2,2,-1
152,43,1028.34,487.81,30.71,85.67,0.9039,2,2,-1
153,1,260.05,563.54,47.28,113.11,0.9366,2,1,-1
153,2,856.34,598.29,38.40,120.89,0.9170,2,1,-1
153,3,1269.00,495.48,35.69,98.17,0.7189,2,1,-1
153,4,1305.61,543.54,37.75,100.71,0.8380,2,1,-1
153,6,143.45,622.71,59.10,133.28,0.9300,2,1,-1
153,9,1135.44,496.01,35.59,91.34,0.8915,2,2,-1
153,11,1238.35,503.96,28.62,96.11,0.8654,2,2,-1
153,12,455.14,533.05,28.81,72.64,0.8896,2,1,-1
153,13,552.06,485.92,29.31,93.04,0.8361,3,0,-1
153,20,618.92,392.61,21.01,48.39,0.6043,2,1,-1
153,24,1383.70,555.02,47.52,91.17,0.8545,2,2,-1
153,26,523.62,503.90,33.03,97.75,0.8001,2,2,-1
153,31,1095.52,496.87,40.99,103.72,0.8985,2,2,-1
153,36,1460.47,539.87,31.43,69.83,0.8288,2,2,-1
153,40,1626.41,543.52,45.93,102.69,0.8851,2,1,-1
153,43,1028.65,487.01,30.95,86.61,0.9052,2,2,-1
154,1,260.87,563.88,46.67,112.66,0.9357,2,1,-1
154,2,856.43,597.54,38.31,122.04,0.9084,2,1,-1
154,3,1271.50,495.81,35.91,97.84,0.7509,2,1,-1
154,4,1305.38,546.42,36.25,96.79,0.7890,2,1,-1
154,6,142.73,622.83,59.42,133.86,0.9267,2,1,-1
154,8,454.52,504.71,30.59,101.46,0.9080,2,1,-1
154,9,1136.47,496.05,34.75,90.81,0.9011,2,2,-1
154,11,1237.96,503.17,28.85,96.87,0.8859,2,2,-1
154,13,553.48,486.36,29.62,94.40,0.5454,3,0,-1
154,20,617.17,393.02,21.89,48.05,0.6206,2,1,-1
154,24,1376.92,549.41,53.16,95.02,0.8913,2,2,-1
154,26,524.88,503.61,33.96,98.91,0.7427,2,2,-1
154,31,1093.92,497.50,41.75,103.23,0.9043,2,2,-1
154,35,1450.10,483.87,27.15,93.48,0.5419,1,3,-1
154,40,1631.53,542.75,43.35,103.52,0.8767,2,1,-1
154,43,1028.96,487.60,30.30,82.85,0.9033,2,2,-1
154,53,1463.55,537.19,29.79,73.04,0.8442,2,2,-1
155,1,261.30,563.92,45.88,112.08,0.9343,2,1,-1
155,2,856.59,597.24,38.58,123.01,0.8741,2,1,-1
155,3,1272.38,497.35,37.46,99.46,0.8649,2,1,-1
155,4,1305.50,544.40,37.26,98.07,0.8305,2,1,-1
155,6,138.40,621.90,62.76,133.90,0.9275,2,1,-1
155,8,454.80,503.80,30.42,102.05,0.9183,2,1,-1
155,9,1137.06,496.41,34.28,90.30,0.8993,2,2,-1
155,11,1238.28,504.10,28.77,96.68,0.8816,2,2,-1
155,13,552.71,486.28,28.02,92.50,0.8128,3,0,-1
155,14,1391.07,577.98,34.21,64.32,0.8629,2,2,-1
155,20,614.05,391.42,23.34,49.80,0.5381,2,1,-1
155,26,525.41,503.83,34.15,97.73,0.7389,2,2,-1
155,27,1215.86,482.33,28.35,89.67,0.8779,2,2,-1
155,31,1092.71,496.98,42.16,100.79,0.9011,2,2,-1
155,35,1447.67,483.82,28.67,93.80,0.8142,1,3,-1
155,40,1637.41,547.07,40.36,100.34,0.7908,2,1,-1
155,43,1028.63,487.59,30.20,82.23,0.8966,2,2,-1
155,53,1464.12,535.26,31.33,75.15,0.8745,2,2,-1
156,1,262.62,563.67,44.85,112.82,0.9333,2,1,-1
156,2,856.56,597.30,38.89,122.99,0.8932,2,1,-1
156,3,1272.73,499.19,37.58,97.74,0.8342,2,1,-1
156,4,1304.40,546.03,39.16,96.40,0.8969,2,1,-1
156,6,135.47,621.73,64.26,133.81,0.9262,2,1,-1
156,8,454.78,503.61,30.18,102.24,0.9094,2,1,-1
156,9,1137.93,495.79,34.05,90.29,0.8999,2,2,-1
156,11,1237.30,506.14,28.68,93.60,0.8778,2,2,-1
156,17,1059.20,495.12,39.69,102.30,0.5940,2,1,-1
156,20,611.08,392.68,23.14,49.18,0.6669,2,1,-1
156,24,1369.67,545.34,51.88,95.19,0.8619,2,2,-1
156,26,523.00,503.57,36.27,99.43,0.7687,2,2,-1
156,27,1214.72,479.76,29.02,92.03,0.8830,2,2,-1
156,31,1089.17,495.64,43.46,100.50,0.8964,2,2,-1
156,35,1445.51,484.47,28.87,92.61,0.8374,1,3,-1
156,40,1641.61,543.90,38.45,103.19,0.7830,2,1,-1
156,43,1028.33,487.66,30.06,81.48,0.9004,2,2,-1
156,45,552.92,514.37,23.39,64.28,0.8153,3,0,-1
156,53,1464.53,537.02,31.02,72.60,0.8664,2,2,-1
157,1,263.48,563.52,44.74,112.51,0.9251,2,1,-1
157,2,856.35,596.98,39.33,122.58,0.8857,2,1,-1
157,3,1273.93,500.02,37.77,96.80,0.8131,2,1,-1
157,4,1303.68,547.41,39.67,93.45,0.8807,2,1,-1
157,6,130.76,620.97,65.75,133.67,0.9215,2,1,-1
157,8,454.62,503.74,30.74,102.14,0.9075,2,1,-1
157,9,1138.31,495.58,33.67,90.36,0.8978,2,2,-1
157,11,1236.86,506.10,28.97,93.74,0.8698,2,2,-1
157,17,1058.66,495.25,33.27,102.06,0.8852,2,1,-1
157,24,1366.60,544.09,47.11,95.38,0.9026,2,2,-1
157,26,523.53,504.05,37.44,98.55,0.7932,2,2,-1
157,27,1213.14,478.41,30.16,93.64,0.8792,2,2,-1
157,31,1086.85,495.75,43.73,99.37,0.8945,2,2,-1
157,35,1443.38,484.12,29.73,93.13,0.8647,1,3,-1
157,40,1646.57,543.42,34.00,104.96,0.9009,2,1,-1
157,43,1027.62,488.03,30.53,81.97,0.8886,2,2,-1
157,45,558.36,487.31,22.93,49.53,0.8278,3,0,-1
157,53,1465.42,534.61,31.24,75.80,0.8631,2,2,-1
158,1,266.02,563.58,43.41,112.24,0.9280,2,1,-1
158,2,856.57,597.35,40.08,120.85,0.9137,2,1,-1
158,3,1276.22,500.94,36.66,93.50,0.6893,2,1,-1
158,4,1303.12,547.69,39.40,92.88,0.8620,2,1,-1
158,6,127.01,620.53,67.93,132.86,0.9222,2,1,-1
158,8,454.97,503.73,31.65,102.38,0.9152,2,1,-1
158,9,1139.02,495.61,33.51,89.57,0.8974,2,2,-1
158,11,1236.55,506.32,29.57,93.52,0.8709,2,2,-1
158,17,1056.46,493.50,31.74,102.17,0.8576,2,1,-1
158,20,605.18,390.98,22.91,50.79,0.6208,2,1,-1
158,24,1366.61,542.73,42.84,96.96,0.9138,2,2,-1
158,26,552.33,533.98,18.69,47.76,0.5432,2,2,-1
158,27,1211.03,476.48,31.98,95.77,0.8871,2,2,-1
158,31,1083.15,494.66,43.64,99.99,0.9013,2,2,-1
158,35,1440.48,486.22,29.36,89.80,0.8437,1,3,-1
158,40,1649.68,542.41,31.64,105.09,0.9060,2,1,-1
158,43,1026.96,490.40,31.08,80.68,0.8731,2,2,-1
158,45,558.47,486.53,23.80,46.90,0.8649,3,0,-1
158,49,530.83,504.99,32.92,87.64,0.8148,3,0,-1
158,53,1465.39,530.62,32.34,80.93,0.8352,2,2,-1
159,1,268.66,563.44,41.61,112.26,0.9276,2,1,-1
159,2,856.22,597.34,40.49,120.99,0.9080,2,1,-1
159,4,1303.22,547.27,39.38,92.78,0.8467,2,1,-1
159,6,123.32,620.66,68.73,131.62,0.9302,2,1,-1
159,8,454.75,503.71,33.32,103.19,0.9200,2,1,-1
159,9,1138.49,495.35,34.08,90.16,0.8910,2,2,-1
159,11,1236.73,505.84,29.19,93.88,0.8200,2,2,-1
159,13,534.17,504.81,27.61,72.33,0.8071,3,0,-1
159,17,1054.17,495.21,31.22,100.10,0.8271,2,1,-1
159,23,523.03,568.39,17.35,35.94,0.7396,2,2,-1
159,24,1365.29,539.97,39.57,93.78,0.8970,2,2,-1
159,27,1208.75,476.24,33.42,96.09,0.8402,2,2,-1
159,31,1081.47,494.12,40.56,99.07,0.8955,2,2,-1
159,35,1436.24,489.47,30.74,88.55,0.8669,1,3,-1
159,40,1652.99,541.13,30.84,105.36,0.9052,2,1,-1
159,43,1025.61,492.08,31.68,79.16,0.7363,2,2,-1
159,45,558.59,486.49,24.09,42.95,0.8768,3,0,-1
159,53,1467.64,530.64,30.83,79.55,0.7862,2,2,-1
160,1,270.67,563.02,40.99,113.79,0.9237,2,1,-1
160,2,855.97,596.72,40.46,120.62,0.9132,2,1,-1
160,3,1278.16,503.79,34.54,88.70,0.8327,2,1,-1
160,4,1303.15,547.57,38.10,89.06,0.7608,2,1,-1
160,6,120.98,620.26,70.60,131.19,0.9251,2,1,-1
160,8,454.82,503.77,34.18,102.81,0.9157,2,1,-1
160,9,1138.15,495.76,33.93,89.39,0.8891,2,2,-1
160,11,1236.58,504.29,28.54,92.70,0.8829,2,2,-1
160,13,533.08,505.28,29.32,71.25,0.7927,3,0,-1
160,17,1052.29,494.82,30.98,100.86,0.8447,2,1,-1
160,23,525.83,567.74,16.55,35.67,0.5573,2,2,-1
160,24,1361.02,537.76,41.86,101.44,0.9056,2,2,-1
160,26,557.76,542.84,14.73,34.88,0.6933,2,2,-1
160,27,1205.59,476.94,35.62,96.01,0.8903,2,2,-1
160,31,1077.74,493.85,38.18,101.05,0.8914,2,2,-1
160,35,1434.36,492.25,30.87,86.64,0.9174,1,3,-1
160,40,1654.08,542.69,32.45,104.48,0.9019,2,1,-1
160,43,1027.19,498.30,29.98,72.29,0.7237,2,2,-1
160,45,558.17,486.54,24.49,42.76,0.8786,3,0,-1
160,53,1469.97,528.68,31.34,83.47,0.7324,2,2,-1
161,1,274.89,563.51,39.62,113.24,0.9154,2,1,-1
161,2,856.06,596.71,40.80,120.34,0.9169,2,1,-1
161,3,1279.01,515.44,31.99,79.60,0.7811,2,1,-1
161,4,1302.28,546.42,38.80,86.68,0.8569,2,1,-1
161,6,118.84,619.09,72.17,132.60,0.9184,2,1,-1
161,8,454.21,503.67,35.87,103.01,0.9144,2,1,-1
161,9,1137.33,495.93,34.35,89.32,0.8880,2,2,-1
161,11,1236.45,504.46,28.39,92.18,0.8817,2,2,-1
161,13,532.45,505.11,31.10,72.87,0.8049,3,0,-1
161,17,1051.76,495.30,29.94,99.02,0.8377,2,1,-1
161,24,1359.28,535.55,40.58,100.23,0.9054,2,2,-1
161,26,558.43,543.98,14.60,33.75,0.5002,2,2,-1
161,27,1202.46,477.63,36.63,94.92,0.8919,2,2,-1
161,31,1075.72,493.84,37.12,100.41,0.8760,2,2,-1
161,35,1432.91,496.72,29.64,81.98,0.8933,1,3,-1
161,40,1653.25,545.18,35.21,102.90,0.9060,2,1,-1
161,43,1024.11,494.52,28.02,48.99,0.7609,2,2,-1
161,45,557.25,486.62,24.78,43.19,0.8768,3,0,-1
161,53,1472.01,525.37,31.97,85.72,0.7908,2,2,-1
162,1,278.49,563.76,35.61,112.79,0.9185,2,1,-1
162,2,856.19,596.55,42.46,120.67,0.8850,2,1,-1
162,3,1277.04,509.83,35.40,84.11,0.8721,2,1,-1
162,4,1302.80,547.01,40.43,85.24,0.8835,2,1,-1
162,6,117.70,618.96,71.41,132.45,0.9226,2,1,-1
162,8,453.44,503.65,36.28,102.93,0.9204,2,1,-1
162,9,1137.76,495.56,34.25,90.46,0.8649,2,2,-1
162,11,1237.31,504.00,27.74,92.47,0.8771,2,2,-1
162,13,531.87,504.44,32.35,73.02,0.8285,3,0,-1
162,24,1355.70,533.27,39.88,96.37,0.9166,2,2,-1
162,27,1200.09,477.40,38.38,96.70,0.8839,2,2,-1
162,31,1072.08,494.12,37.33,99.42,0.8730,2,2,-1
162,35,1431.02,498.84,30.30,79.95,0.8934,1,3,-1
162,40,1652.42,545.75,41.31,104.33,0.9234,2,1,-1
162,42,1307.98,501.55,24.90,64.33,0.8113,2,2,-1
162,43,1021.65,493.59,31.69,41.21,0.7976,2,2,-1
162,45,556.24,486.55,25.38,44.14,0.8732,3,0,-1
162,53,1473.23,522.20,31.96,89.33,0.8521,2,2,-1
163,1,281.80,563.69,34.06,112.39,0.9133,2,1,-1
163,2,856.42,596.68,44.50,120.40,0.8766,2,1,-1
163,3,1276.29,508.57,36.23,82.44,0.8725,2,1,-1
163,4,1303.56,547.36,40.72,85.03,0.6543,2,1,-1
163,6,115.67,618.53,72.54,132.57,0.9142,2,1,-1
163,8,452.54,503.44,36.74,103.45,0.9187,2,1,-1
163,9,1136.45,495.72,33.92,89.54,0.8550,2,2,-1
163,11,1235.35,500.34,31.12,96.21,0.8762,2,2,-1
163,13,532.24,504.63,33.18,72.33,0.8451,3,0,-1
163,24,1353.97,533.97,39.00,96.55,0.9159,2,2,-1
163,27,1197.24,476.62,38.49,97.36,0.8747,2,2,-1
163,31,1070.02,493.11,39.20,100.50,0.8866,2,2,-1
163,35,1429.22,498.37,31.77,80.71,0.8831,1,3,-1
163,36,1471.90,532.67,32.54,79.13,0.8568,2,2,-1
163,40,1651.58,545.96,44.92,105.39,0.9159,2,1,-1
163,43,1009.37,492.69,50.22,71.87,0.7314,2,2,-1
163,45,555.94,486.54,25.13,44.98,0.8671,3,0,-1
164,1,283.12,563.99,33.70,112.65,0.9044,2,1,-1
164,2,856.05,596.57,46.75,119.92,0.9199,2,1,-1
164,3,1272.06,504.03,40.06,89.09,0.8599,2,1,-1
164,4,1302.69,547.29,47.20,85.23,0.9162,2,1,-1
164,6,114.36,618.61,71.44,133.57,0.9235,2,1,-1
164,8,451.40,503.59,37.24,102.53,0.9161,2,1,-1
164,9,1133.25,495.99,35.27,88.71,0.8984,2,2,-1
164,11,1232.60,498.83,32.09,98.79,0.8824,2,2,-1
164,13,531.38,504.55,34.54,75.03,0.8322,3,0,-1
164,24,1349.10,533.98,37.16,97.68,0.8907,2,2,-1
164,27,1195.48,476.48,38.24,97.72,0.8903,2,2,-1
164,31,1066.04,492.20,41.43,102.25,0.8886,2,2,-1
164,35,1428.10,496.33,32.06,81.62,0.8879,1,3,-1
164,36,1472.85,539.25,30.28,72.02,0.8244,2,2,-1
164,40,1650.70,546.54,48.22,104.26,0.9265,2,1,-1
164,43,1011.66,491.82,42.77,77.75,0.8751,2,2,-1
164,45,556.55,486.50,23.87,42.50,0.8760,3,0,-1
165,1,282.96,564.36,34.67,112.15,0.9133,2,1,-1
165,2,855.70,596.91,48.46,119.56,0.9153,2,1,-1
165,3,1270.34,502.85,41.20,89.28,0.8467,2,1,-1
165,4,1300.74,543.58,51.91,89.99,0.9147,2,1,-1
165,6,113.32,618.63,71.54,133.60,0.9292,2,1,-1
165,8,449.65,503.37,37.68,103.20,0.9183,2,1,-1
165,9,1130.15,496.27,37.09,88.51,0.9016,2,2,-1
165,11,1230.39,498.11,30.58,96.13,0.8888,2,2,-1
165,13,530.78,505.09,33.65,75.53,0.8278,3,0,-1
165,20,577.79,392.35,28.84,54.73,0.7522,2,1,-1
165,24,1345.32,532.26,35.24,99.74,0.8858,2,2,-1
165,27,1194.86,476.65,37.78,94.25,0.8861,2,2,-1
165,31,1063.74,491.61,41.70,101.91,0.8934,2,2,-1
165,35,1427.05,496.66,31.65,81.46,0.8949,1,3,-1
165,36,1470.76,535.10,32.01,76.63,0.7891,2,2,-1
165,40,1652.67,546.08,48.78,104.81,0.9280,2,1,-1
165,43,1012.83,491.82,36.02,72.82,0.8728,2,2,-1
165,45,555.87,486.62,24.42,42.06,0.8813,3,0,-1
166,1,282.11,564.37,36.46,111.46,0.9250,2,1,-1
166,2,854.84,596.88,48.08,119.96,0.9379,2,1,-1
166,3,1266.00,500.00,45.44,93.44,0.8812,2,1,-1
166,4,1300.71,542.59,53.76,90.75,0.8637,2,1,-1
166,6,112.13,619.50,69.76,132.13,0.9297,2,1,-1
166,8,448.03,503.23,37.29,103.80,0.9186,2,1,-1
166,9,1127.51,496.43,37.79,88.23,0.8999,2,2,-1
166,11,1227.82,499.08,33.10,94.85,0.8996,2,2,-1
166,27,1194.75,477.93,36.73,91.40,0.8704,2,2,-1
166,31,1059.12,493.47,42.53,102.56,0.8937,2,2,-1
166,35,1425.66,495.86,31.37,82.48,0.8476,1,3,-1
166,36,1469.35,534.18,32.05,77.27,0.8700,2,2,-1
166,40,1652.52,545.98,49.04,105.31,0.9203,2,1,-1
166,43,1010.16,488.16,32.54,73.27,0.8612,2,2,-1
166,45,555.01,486.96,24.15,39.96,0.8794,3,0,-1
166,49,529.21,505.54,33.38,82.30,0.8442,3,0,-1
166,50,1344.17,531.33,29.77,64.87,0.7611,2,2,-1
167,1,281.09,564.73,38.90,111.72,0.9255,2,1,-1
167,2,852.88,595.38,47.07,121.53,0.8970,2,1,-1
167,3,1263.16,499.22,44.18,94.63,0.8869,2,1,-1
167,4,1299.92,529.68,68.86,103.16,0.9205,2,1,-1
167,6,108.72,619.74,68.90,131.64,0.9165,2,1,-1
167,8,446.18,503.66,35.74,103.49,0.9173,2,1,-1
167,9,1122.98,496.69,38.85,87.39,0.8970,2,2,-1
167,11,1225.10,502.99,31.50,89.19,0.8778,2,2,-1
167,13,526.41,507.31,33.98,75.41,0.8250,3,0,-1
167,20,576.98,393.46,28.75,54.77,0.5613,2,1,-1
167,27,1192.37,475.94,36.86,93.06,0.8832,2,2,-1
167,31,1053.68,493.05,42.34,102.60,0.8893,2,2,-1
167,35,1423.37,498.45,30.29,80.15,0.8020,1,3,-1
167,36,1469.18,536.09,29.85,75.65,0.8698,2,2,-1
167,40,1652.33,545.93,49.76,104.89,0.9111,2,1,-1
167,43,1007.55,488.19,31.43,73.74,0.8409,2,2,-1
167,45,552.05,487.04,25.47,42.10,0.8358,3,0,-1
168,1,277.58,565.55,43.27,112.16,0.9304,2,1,-1
168,2,850.98,598.17,45.90,119.80,0.9257,2,1,-1
168,3,1256.92,498.28,44.73,94.01,0.8587,2,1,-1
168,4,1301.46,528.02,73.51,104.59,0.9201,2,1,-1
168,6,103.36,620.53,71.31,131.72,0.9254,2,1,-1
168,8,442.02,503.42,34.57,103.75,0.9188,2,1,-1
168,9,1118.43,495.93,39.19,87.60,0.9058,2,2,-1
168,11,1220.31,506.04,32.00,87.29,0.8795,2,2,-1
168,13,523.22,508.36,35.02,73.94,0.8661,3,0,-1
168,20,577.66,394.56,26.24,51.70,0.5426,2,1,-1
168,23,531.79,571.89,18.20,43.84,0.6716,2,2,-1
168,27,1189.70,479.12,34.74,89.84,0.8896,2,2,-1
168,31,1047.35,493.07,40.61,101.27,0.8867,2,2,-1
168,35,1418.44,492.08,32.70,87.23,0.8492,1,3,-1
168,36,1466.54,537.92,28.93,73.60,0.6004,2,2,-1
168,40,1653.00,545.84,49.45,104.68,0.9164,2,1,-1
168,43,1002.94,487.76,30.45,73.86,0.8520,2,2,-1
168,45,546.74,487.19,27.44,46.46,0.8319,3,0,-1
169,1,273.38,565.77,47.63,112.70,0.9388,2,1,-1
169,2,847.45,598.50,46.02,119.49,0.9234,2,1,-1
169,3,1252.10,504.42,42.15,83.42,0.9016,2,1,-1
169,4,1303.03,527.10,73.34,104.65,0.9276,2,1,-1
169,6,98.45,620.37,70.58,131.11,0.9187,2,1,-1
169,8,437.58,503.32,33.82,104.21,0.9024,2,1,-1
169,9,1112.14,495.14,41.60,89.83,0.8810,2,2,-1
169,10,1250.83,476.59,21.02,43.38,0.6631,2,2,-1
169,11,1215.41,507.13,31.80,86.55,0.8901,2,2,-1
169,13,517.93,507.70,38.04,74.38,0.8788,3,0,-1
169,20,575.66,394.06,25.57,53.52,0.8284,2,1,-1
169,27,1183.87,476.68,36.20,92.34,0.8887,2,2,-1
169,31,1042.18,492.70,36.66,100.02,0.9074,2,2,-1
169,35,1413.86,492.05,32.28,85.10,0.8343,1,3,-1
169,40,1651.60,545.80,47.68,106.69,0.9082,2,1,-1
169,43,996.29,486.95,29.87,73.71,0.8492,2,2,-1
169,45,544.02,487.78,24.20,41.02,0.8671,3,0,-1
169,53,1461.76,524.86,29.84,87.80,0.7458,2,2,-1
170,1,267.90,567.18,50.92,112.21,0.9337,2,1,-1
170,2,843.49,598.61,45.49,117.87,0.9280,2,1,-1
170,3,1242.50,501.72,45.89,90.30,0.8924,2,1,-1
170,4,1306.93,534.29,65.91,98.20,0.8908,2,1,-1
170,6,89.36,621.03,73.35,132.03,0.9211,2,1,-1
170,8,431.98,503.61,33.08,104.09,0.9140,2,1,-1
170,9,1104.93,495.32,45.01,91.20,0.8966,2,2,-1
170,11,1211.03,508.98,31.10,84.19,0.8787,2,2,-1
170,13,511.75,507.88,38.94,75.83,0.8524,2,-1,-1
170,20,572.91,396.22,24.24,52.49,0.8495,2,1,-1
170,27,1178.75,479.01,36.31,92.18,0.8926,2,2,-1
170,31,1033.85,492.93,33.82,99.49,0.8886,2,2,-1
170,35,1407.67,494.59,32.19,81.21,0.8694,1,3,-1
170,36,1456.31,535.69,30.20,77.72,0.5941,2,2,-1
170,40,1652.21,545.89,40.74,107.08,0.9341,2,1,-1
170,42,1289.92,506.82,28.51,77.39,0.7830,2,2,-1
170,43,989.25,487.27,28.23,68.77,0.8510,2,2,-1
170,45,539.25,488.01,25.70,44.29,0.8255,3,0,-1
171,1,261.10,568.14,52.42,112.85,0.9308,2,1,-1
171,2,837.66,598.87,46.43,118.90,0.9353,2,1,-1
171,3,1234.55,505.43,46.01,89.12,0.8982,2,1,-1
171,4,1310.72,551.90,53.09,80.18,0.7454,2,1,-1
171,6,82.90,621.86,73.85,131.54,0.9184,2,1,-1
171,8,426.06,504.48,32.28,103.66,0.9319,2,1,-1
171,9,1097.38,495.38,42.93,90.95,0.8782,2,2,-1
171,11,1202.95,509.17,32.15,84.37,0.8840,2,2,-1
171,13,506.06,508.73,40.25,74.02,0.8767,2,2,-1
171,20,572.10,414.04,17.98,36.46,0.7813,2,1,-1
171,23,518.67,574.40,17.97,44.18,0.7369,2,2,-1
171,27,1171.73,486.20,35.13,83.85,0.8838,2,2,-1
171,31,1024.91,493.26,33.37,100.19,0.8824,2,2,-1
171,35,1398.28,493.36,34.90,83.25,0.9027,1,3,-1
171,40,1652.31,547.23,36.23,106.31,0.9280,2,1,-1
171,42,1285.47,507.26,31.42,74.93,0.8219,2,2,-1
171,43,980.61,487.08,29.97,73.50,0.7353,2,2,-1
171,45,532.83,489.18,24.88,42.05,0.8755,3,0,-1
171,0,1348.38,883.09,12.19,12.48,1.0,0,-1,-1
172,1,255.06,569.48,52.31,113.38,0.9349,2,1,-1
172,2,832.91,600.31,46.20,117.82,0.9321,2,1,-1
172,3,1226.42,509.49,46.53,87.67,0.8929,2,1,-1
172,6,72.61,622.13,76.21,131.90,0.9190,2,1,-1
172,8,418.82,506.18,32.12,101.91,0.9137,2,1,-1
172,9,1089.29,495.59,40.43,90.42,0.9015,2,2,-1
172,17,988.22,499.93,40.52,96.09,0.8982,2,1,-1
172,20,564.79,402.19,23.34,49.68,0.7477,2,1,-1
172,27,1162.98,481.91,37.82,89.48,0.9002,2,2,-1
172,35,1388.89,494.57,36.46,84.44,0.9075,1,3,-1
172,40,1648.04,548.84,36.04,106.78,0.9343,2,1,-1
172,42,1275.68,507.31,31.64,74.23,0.6265,2,2,-1
172,45,527.52,490.24,24.18,39.46,0.8328,3,0,-1
172,49,499.71,509.99,36.60,78.35,0.8349,3,0,-1
172,0,1343.12,884.30,11.73,12.17,1.0,0,-1,-1
173,1,247.51,570.39,51.52,112.98,0.9367,2,1,-1
173,2,827.70,601.57,45.58,118.33,0.9377,2,1,-1
173,3,1218.00,511.63,47.09,86.51,0.8890,2,1,-1
173,6,65.50,622.89,74.56,128.41,0.9033,2,1,-1
173,8,411.48,507.55,31.89,101.39,0.9213,2,1,-1
173,9,1082.32,495.74,38.00,90.87,0.8997,2,2,-1
173,11,1188.35,511.89,32.27,78.87,0.8204,2,2,-1
173,20,560.70,409.91,19.62,42.78,0.6308,2,1,-1
173,27,1155.33,482.56,39.32,91.08,0.8866,2,2,-1
173,31,1008.03,496.18,35.02,100.95,0.8859,2,2,-1
173,35,1382.70,497.52,35.20,82.85,0.8754,1,3,-1
173,40,1641.11,551.62,39.97,105.84,0.9288,2,1,-1
173,42,1313.79,531.58,41.29,101.20,0.8742,2,2,-1
173,43,961.69,489.93,30.23,76.83,0.8673,2,2,-1
173,45,520.60,491.42,24.59,38.45,0.7928,3,0,-1
173,49,493.15,511.66,38.79,77.63,0.8634,3,0,-1
173,50,1271.84,539.93,49.75,82.43,0.8665,2,2,-1
173,0,1335.65,885.34,12.23,12.46,1.0,0,-1,-1
174,1,240.32,571.06,50.81,113.44,0.9228,2,1,-1
174,2,820.97,602.52,45.09,118.39,0.9239,2,1,-1
174,3,1209.69,513.19,47.92,85.27,0.8852,2,1,-1
174,6,51.72,622.99,76.38,129.32,0.9070,2,1,-1
174,8,402.14,507.90,32.26,103.42,0.9177,2,1,-1
174,9,1073.53,496.89,37.14,89.54,0.9116,2,2,-1
174,17,969.02,510.98,43.02,86.54,0.8852,2,1,-1
174,27,1145.53,481.07,40.52,93.48,0.8946,2,2,-1
174,35,1373.34,497.69,34.89,83.61,0.7350,1,3,-1
174,40,1634.33,552.77,43.55,105.53,0.9313,2,1,-1
174,42,1313.07,532.00,39.76,104.96,0.8356,2,2,-1
174,45,510.59,492.34,25.52,38.52,0.7504,3,0,-1
174,49,484.41,512.73,38.47,80.16,0.8648,3,0,-1
174,50,1261.46,538.70,50.41,84.30,0.8818,2,2,-1
174,0,1329.25,885.57,12.43,13.24,1.0,0,-1,-1
175,1,232.73,572.24,48.87,115.30,0.9308,2,1,-1
175,2,813.84,602.95,44.70,120.24,0.9126,2,1,-1
175,3,1201.84,513.34,48.51,85.86,0.9004,2,1,-1
175,6,41.32,624.95,76.36,129.08,0.9030,2,1,-1
175,8,393.35,508.90,30.90,102.47,0.9089,2,1,-1
175,9,1064.21,498.75,36.59,88.78,0.9056,2,2,-1
175,20,544.26,412.59,18.73,42.43,0.7415,2,1,-1
175,22,1309.85,535.64,39.65,98.81,0.8849,2,1,-1
175,24,1269.49,542.45,32.61,78.77,0.8512,2,2,-1
175,27,1137.36,484.26,40.98,91.91,0.8813,2,2,-1
175,31,987.73,498.21,34.12,97.50,0.8875,2,2,-1
175,35,1364.86,497.95,34.47,84.51,0.7994,1,3,-1
175,40,1627.12,555.71,47.34,104.42,0.9290,2,1,-1
175,43,942.59,486.98,31.66,74.54,0.8620,2,2,-1
175,45,500.84,493.36,28.07,43.12,0.8113,3,0,-1
175,49,476.76,513.77,37.81,81.94,0.8563,3,0,-1
175,0,1322.99,886.92,11.78,13.87,1.0,0,-1,-1
176,1,224.73,573.71,46.47,115.37,0.9238,2,1,-1
176,2,807.63,604.55,44.57,119.67,0.9382,2,1,-1
176,3,1194.49,514.64,47.69,84.48,0.8885,2,1,-1
176,6,26.80,626.55,75.99,131.89,0.9038,2,1,-1
176,8,383.27,510.00,30.71,102.68,0.9047,2,1,-1
176,9,1057.17,500.79,34.92,87.52,0.8954,2,2,-1
176,11,1165.82,512.90,34.31,73.30,0.8233,2,2,-1
176,13,468.35,515.38,37.48,77.15,0.8526,2,2,-1
176,20,538.56,419.73,15.65,35.50,0.6245,2,1,-1
176,22,1306.43,536.20,41.14,99.37,0.8733,2,1,-1
176,24,1255.63,540.49,38.96,80.63,0.8678,2,2,-1
176,27,1129.70,489.68,40.67,86.97,0.8855,2,2,-1
176,31,975.79,498.73,34.05,99.80,0.8884,2,2,-1
176,35,1358.46,502.19,32.84,80.74,0.5836,1,3,-1
176,36,1410.20,532.90,34.60,83.11,0.7359,2,2,-1
176,40,1621.56,557.61,47.26,104.16,0.9288,2,1,-1
176,43,933.85,488.85,32.28,72.75,0.7878,2,2,-1
176,45,493.11,494.50,26.38,39.98,0.8184,3,0,-1
176,0,1316.42,888.40,12.21,13.98,1.0,0,-1,-1
177,1,218.40,574.80,42.44,115.93,0.9206,2,1,-1
177,2,800.18,605.41,45.22,120.77,0.9224,2,1,-1
177,3,1189.96,529.16,43.57,67.90,0.8832,2,1,-1
177,6,12.76,628.31,76.02,133.33,0.9182,2,1,-1
177,8,373.38,511.01,29.71,103.00,0.8992,2,1,-1
177,9,1048.71,501.85,35.90,88.48,0.9008,2,2,-1
177,10,1182.14,485.67,23.56,60.92,0.8167,2,2,-1
177,11,1155.09,514.85,38.27,84.24,0.8262,2,2,-1
177,17,937.14,511.19,43.25,89.00,0.8808,2,1,-1
177,22,1308.79,540.97,42.36,95.64,0.8984,2,1,-1
177,27,1121.96,489.25,40.70,88.43,0.8590,2,2,-1
177,35,1352.05,508.20,32.24,76.65,0.8214,1,3,-1
177,36,1396.74,532.38,41.92,83.71,0.9170,2,2,-1
177,40,1616.70,560.80,46.77,102.41,0.9207,2,1,-1
177,45,483.61,495.75,25.34,38.37,0.8480,3,0,-1
177,49,459.43,514.94,40.43,96.59,0.8938,2,-1,-1
177,50,1240.33,540.77,50.88,85.33,0.8964,2,2,-1
177,0,1309.88,890.10,12.66,15.99,1.0,0,-1,-1
178,1,211.02,576.02,38.67,116.59,0.9230,2,1,-1
178,2,792.68,606.97,44.81,120.67,0.9393,2,1,-1
178,3,1179.50,523.78,50.20,76.51,0.8896,2,1,-1
178,6,-1.82,629.57,68.70,132.55,0.9110,2,1,-1
178,8,362.40,512.00,30.02,103.69,0.9086,2,1,-1
178,9,1040.61,504.63,35.60,88.02,0.9001,2,2,-1
178,11,1146.78,515.64,37.33,85.53,0.8494,2,2,-1
178,22,1308.81,539.81,49.01,97.54,0.9193,2,1,-1
178,27,1115.29,489.04,40.12,87.15,0.8838,2,2,-1
178,31,953.06,502.22,35.15,93.42,0.8506,2,2,-1
178,35,1342.32,508.21,32.88,74.27,0.8477,1,3,-1
178,36,1385.87,528.20,47.25,90.21,0.9245,2,2,-1
178,40,1610.67,563.01,48.33,101.80,0.9285,2,1,-1
178,43,912.21,491.19,34.17,66.00,0.8573,2,2,-1
178,45,472.06,496.46,27.43,41.59,0.7757,3,0,-1
178,49,451.12,516.60,38.13,89.17,0.8738,2,2,-1
178,50,1234.25,538.93,52.51,88.22,0.9097,2,2,-1
179,1,203.98,576.80,33.31,116.85,0.9162,2,1,-1
179,2,783.52,608.73,45.72,120.69,0.9398,2,1,-1
179,3,1171.60,527.30,54.91,77.25,0.9002,2,1,-1
179,6,-4.75,630.56,56.12,136.75,0.9016,2,1,-1
179,8,351.64,513.66,29.81,104.04,0.8911,2,1,-1
179,9,1032.32,506.38,34.94,86.37,0.8877,2,2,-1
179,11,1139.83,516.12,34.96,84.87,0.8353,2,2,-1
179,17,915.43,531.71,30.95,70.56,0.8596,2,1,-1
179,22,1310.11,546.32,50.74,91.89,0.9202,2,1,-1
179,27,1109.84,492.99,38.37,82.72,0.8828,2,2,-1
179,31,941.26,504.96,37.27,91.76,0.8685,2,2,-1
179,35,1337.25,512.91,31.46,71.08,0.7177,1,3,-1
179,36,1379.89,529.83,47.51,90.51,0.9230,2,2,-1
179,40,1610.56,563.90,46.05,102.29,0.9283,2,1,-1
179,49,439.88,517.87,40.11,98.32,0.8627,2,2,-1
179,50,1229.39,537.58,52.83,89.85,0.9026,2,2,-1
180,1,195.23,577.99,29.92,117.11,0.9161,2,1,-1
180,2,774.96,609.66,45.61,120.68,0.9132,2,1,-1
180,3,1158.80,526.52,61.38,80.53,0.9212,2,1,-1
180,6,-13.22,633.22,49.27,135.41,0.7416,2,1,-1
180,8,339.81,514.61,30.29,105.24,0.9081,2,1,-1
180,9,1023.68,506.36,35.27,87.07,0.8933,2,2,-1
180,22,1304.44,544.05,55.49,97.38,0.9210,2,1,-1
180,27,1101.55,493.07,39.58,82.79,0.8629,2,2,-1
180,31,929.11,508.11,39.62,93.06,0.8929,2,2,-1
180,35,1325.49,511.41,33.03,73.21,0.5091,1,3,-1
180,36,1372.41,531.43,48.71,90.53,0.9232,2,2,-1
180,40,1611.35,563.19,41.49,104.12,0.9063,2,1,-1
180,43,884.49,494.26,42.49,71.55,0.8695,2,2,-1
180,45,451.31,498.10,27.09,40.65,0.6722,3,0,-1
180,49,430.95,520.05,40.12,99.49,0.7619,2,2,-1
180,50,1228.17,534.15,50.34,92.97,0.8891,2,2,-1
181,1,185.11,580.08,29.24,117.41,0.9118,2,1,-1
181,2,765.28,611.07,45.19,122.00,0.9090,2,1,-1
181,3,1150.72,522.99,64.66,83.71,0.9099,2,1,-1
181,8,327.97,515.18,30.79,105.58,0.9105,2,1,-1
181,9,1014.85,506.33,35.58,87.09,0.9010,2,2,-1
181,11,1122.89,516.76,35.84,86.79,0.8405,2,2,-1
181,17,884.49,529.32,39.25,74.35,0.8732,2,1,-1
181,22,1300.03,545.65,56.18,96.43,0.9207,2,1,-1
181,27,1090.58,487.28,42.34,90.74,0.8986,2,2,-1
181,31,918.26,510.68,38.43,88.62,0.8907,2,2,-1
181,36,1364.28,530.92,50.87,91.69,0.9229,2,2,-1
181,40,1610.50,559.06,38.46,109.13,0.9190,2,1,-1
181,45,441.32,498.28,28.04,43.18,0.7380,3,0,-1
181,49,420.86,521.93,41.95,104.42,0.7771,2,2,-1
181,50,1228.06,532.43,46.23,94.93,0.9066,2,2,-1
181,0,1286.86,900.51,11.78,14.46,1.0,0,-1,-1
182,1,172.80,581.39,30.89,118.29,0.9138,2,1,-1
182,2,754.97,611.11,45.22,123.54,0.9078,2,1,-1
182,3,1141.69,521.92,66.09,85.15,0.9010,2,1,-1
182,8,315.20,515.96,31.03,105.32,0.9056,2,1,-1
182,9,1004.99,501.49,35.78,91.27,0.9058,2,2,-1
182,10,1130.04,487.45,26.15,60.92,0.7798,2,2,-1
182,17,866.98,521.23,45.79,81.17,0.8902,2,1,-1
182,22,1295.23,540.66,54.14,100.58,0.9001,2,1,-1
182,27,1080.04,488.42,45.14,91.44,0.9103,2,2,-1
182,31,905.37,511.84,38.89,92.03,0.8807,2,2,-1
182,36,1357.43,533.76,52.05,89.88,0.9253,2,2,-1
182,40,1609.18,564.02,35.33,104.86,0.9178,2,1,-1
182,45,430.63,498.36,26.28,40.07,0.7486,3,0,-1
182,49,410.99,521.68,41.45,104.26,0.8203,2,2,-1
182,50,1225.41,526.92,43.43,99.33,0.8862,2,2,-1
183,1,160.88,582.50,34.31,117.96,0.9169,2,1,-1
183,2,745.31,612.49,44.82,123.41,0.9250,2,1,-1
183,3,1131.91,523.15,65.93,85.60,0.9033,2,1,-1
183,8,301.30,516.32,32.08,107.38,0.8972,2,1,-1
183,9,995.19,502.60,35.58,90.20,0.8945,2,2,-1
183,10,1116.48,487.01,30.31,69.52,0.6422,2,2,-1
183,17,851.73,540.23,45.47,66.59,0.8724,2,1,-1
183,22,1290.86,542.03,48.56,94.78,0.9045,2,1,-1
183,27,1071.53,490.08,45.81,90.92,0.8992,2,2,-1
183,31,893.80,511.98,38.18,83.71,0.8865,2,2,-1
183,36,1351.62,538.70,53.89,85.78,0.9236,2,2,-1
183,40,1604.93,569.86,34.89,102.39,0.8967,2,1,-1
183,45,418.59,499.20,25.68,38.33,0.7567,3,0,-1
183,49,399.35,522.79,41.58,105.16,0.8175,2,2,-1
183,50,1222.34,526.52,40.03,99.46,0.8920,2,2,-1
184,1,145.59,583.05,38.28,117.85,0.9082,2,1,-1
184,2,733.92,613.69,44.46,122.60,0.9274,2,1,-1
184,3,1124.89,521.96,69.00,87.64,0.9050,2,1,-1
184,8,285.21,516.70,32.18,106.65,0.9010,2,1,-1
184,9,984.31,502.70,35.22,88.73,0.8937,2,2,-1
184,17,831.96,531.39,54.10,78.72,0.9018,2,1,-1
184,22,1281.91,541.95,47.53,92.97,0.9044,2,1,-1
184,27,1061.24,493.99,46.78,86.78,0.9100,2,2,-1
184,31,881.29,511.89,38.54,81.29,0.8778,2,2,-1
184,36,1351.62,548.12,49.98,76.86,0.8855,2,2,-1
184,40,1599.11,569.91,35.57,101.44,0.9046,2,1,-1
184,45,403.39,499.27,26.85,38.07,0.7946,3,0,-1
184,49,385.68,523.56,40.78,103.68,0.6197,2,2,-1
184,50,1217.41,525.77,38.28,98.67,0.8815,2,2,-1
185,1,129.61,583.69,43.13,120.30,0.9114,2,1,-1
185,2,721.51,613.34,44.27,122.38,0.9195,2,1,-1
185,3,1116.90,523.62,70.31,85.31,0.9194,2,1,-1
185,8,267.54,516.20,35.00,108.11,0.9254,2,1,-1
185,9,971.39,501.89,36.27,90.33,0.9064,2,2,-1
185,10,1091.94,488.02,33.34,73.24,0.5825,2,2,-1
185,13,371.03,524.59,36.83,81.67,0.6849,2,2,-1
185,17,815.03,533.31,52.50,77.80,0.8571,2,1,-1
185,22,1272.31,541.46,47.40,92.74,0.8927,2,1,-1
185,27,1049.80,496.49,47.21,83.70,0.9142,2,2,-1
185,31,866.07,509.86,41.34,91.43,0.9052,2,2,-1
185,36,1346.29,546.22,53.20,76.56,0.8996,2,2,-1
185,40,1589.45,575.23,36.58,96.98,0.8509,2,1,-1
185,45,387.50,498.54,27.72,38.82,0.8644,3,0,-1
185,50,1210.56,524.94,37.09,98.22,0.8806,2,2,-1
186,1,114.01,584.79,45.81,120.35,0.9272,2,1,-1
186,2,709.60,612.97,44.46,123.68,0.8373,2,1,-1
186,3,1107.63,522.27,71.63,88.67,0.9224,2,1,-1
186,5,1575.51,570.60,47.91,104.23,0.9029,2,1,-1
186,8,248.93,516.37,39.50,109.00,0.9136,2,1,-1
186,9,958.60,502.06,37.19,88.55,0.9058,2,2,-1
186,11,1076.80,512.11,41.77,88.90,0.8760,2,2,-1
186,17,799.33,528.31,51.61,81.33,0.8284,2,1,-1
186,22,1270.58,545.80,43.14,89.28,0.8599,2,1,-1
186,27,1038.95,495.38,46.56,83.72,0.9123,2,2,-1
186,31,851.73,508.47,42.21,95.69,0.8970,2,2,-1
186,36,1334.93,537.02,61.44,88.29,0.9124,2,2,-1
186,45,373.85,498.27,28.25,39.81,0.8405,3,0,-1
186,49,358.28,525.05,40.00,102.94,0.6926,2,2,-1
186,50,1202.73,524.01,36.89,99.21,0.8913,2,2,-1
187,1,99.34,585.90,45.49,121.31,0.9241,2,1,-1
187,2,698.00,613.31,45.35,125.42,0.9402,2,1,-1
187,3,1099.99,523.42,71.60,89.15,0.9096,2,1,-1
187,5,1572.13,573.83,45.50,101.83,0.8844,2,1,-1
187,8,231.36,517.02,43.12,108.53,0.9163,2,1,-1
187,9,944.15,502.69,40.11,87.76,0.9147,2,2,-1
187,11,1065.45,511.22,43.21,94.37,0.8742,2,2,-1
187,17,783.86,528.91,46.48,80.19,0.8431,2,1,-1
187,22,1268.65,546.86,38.62,86.12,0.7734,2,1,-1
187,27,1027.71,492.90,45.87,86.08,0.9086,2,2,-1
187,31,837.96,506.98,43.08,99.23,0.9070,2,2,-1
187,35,1252.68,514.29,32.03,70.48,0.8117,1,3,-1
187,36,1326.80,543.39,62.36,82.83,0.9153,2,2,-1
187,45,359.17,498.76,29.39,41.19,0.8349,3,0,-1
187,49,345.28,524.55,40.22,104.60,0.6489,2,2,-1
187,50,1196.69,526.66,36.78,96.95,0.8805,2,2,-1
188,1,83.07,586.68,46.32,121.63,0.9306,2,1,-1
188,2,686.70,613.79,45.44,127.20,0.9424,2,1,-1
188,3,1092.99,523.35,69.41,88.86,0.9095,2,1,-1
188,5,1566.20,569.65,46.62,105.83,0.9040,2,1,-1
188,8,212.32,517.90,44.96,107.84,0.9121,2,1,-1
188,9,931.57,502.36,41.06,87.27,0.9139,2,2,-1
188,11,1055.33,509.40,45.62,97.40,0.8866,2,2,-1
188,14,1318.41,527.77,61.48,97.98,0.9161,2,2,-1
188,17,766.53,520.80,45.49,88.08,0.8788,2,1,-1
188,22,1260.43,536.31,39.82,96.32,0.7611,2,1,-1
188,27,1017.44,490.20,45.05,88.41,0.9056,2,2,-1
188,31,824.58,505.11,43.93,102.47,0.9074,2,2,-1
188,35,1241.36,514.86,32.06,67.25,0.7791,1,3,-1
188,45,344.85,498.25,29.47,41.60,0.8274,3,0,-1
188,49,331.50,526.17,39.47,102.86,0.6103,2,2,-1
188,50,1189.12,525.95,40.00,98.93,0.8872,2,2,-1
189,1,66.51,587.14,47.51,122.94,0.9264,2,1,-1
189,2,675.13,614.57,45.06,126.84,0.9286,2,1,-1
189,3,1086.57,528.19,65.04,81.11,0.9101,2,1,-1
189,5,1562.92,571.42,45.93,104.49,0.6727,2,1,-1
189,9,920.05,502.22,40.84,87.37,0.9131,2,2,-1
189,11,1045.40,509.37,45.46,95.79,0.8841,2,2,-1
189,12,194.27,529.83,49.31,96.69,0.9013,2,1,-1
189,14,1314.74,528.38,58.55,97.11,0.9110,2,2,-1
189,17,753.52,519.85,42.35,88.54,0.8938,2,1,-1
189,22,1253.75,532.94,37.22,94.07,0.8552,2,1,-1
189,27,1007.54,487.69,44.31,88.85,0.8587,2,2,-1
189,31,812.83,504.54,43.07,104.73,0.9069,2,2,-1
189,35,1227.19,514.20,33.99,70.33,0.7732,1,3,-1
189,45,330.75,498.09,29.25,42.29,0.8507,3,0,-1
189,49,316.68,525.66,39.52,102.59,0.8483,2,2,-1
189,50,1176.14,527.07,51.87,100.11,0.9002,2,2,-1
190,1,52.35,587.76,46.49,123.02,0.9190,2,1,-1
190,2,663.32,615.33,44.83,126.31,0.9354,2,1,-1
190,3,1077.09,525.28,65.95,86.55,0.9025,2,1,-1
190,5,1560.99,569.96,44.41,105.44,0.7792,2,1,-1
190,9,908.10,502.19,40.64,87.11,0.9066,2,2,-1
190,11,1036.01,508.93,44.82,95.49,0.8882,2,2,-1
190,12,179.69,549.95,44.75,76.15,0.8843,2,1,-1
190,14,1315.79,526.65,53.41,98.10,0.8847,2,2,-1
190,17,739.79,520.98,40.45,90.13,0.9177,2,1,-1
190,22,1245.65,531.96,38.10,95.81,0.8395,2,1,-1
190,27,1000.82,485.04,44.68,93.00,0.8669,2,2,-1
190,31,800.84,504.65,42.78,104.99,0.8939,2,2,-1
190,43,767.13,486.31,35.95,77.90,0.8133,2,2,-1
190,45,315.54,498.15,29.02,41.67,0.8644,3,0,-1
190,49,302.94,526.21,38.45,99.51,0.5884,2,2,-1
190,50,1169.14,529.37,52.05,95.77,0.8920,2,2,-1
191,1,37.96,587.73,45.16,123.38,0.9205,2,1,-1
191,2,651.91,615.17,45.78,127.20,0.9336,2,1,-1
191,3,1070.81,522.72,63.44,87.76,0.8821,2,1,-1
191,8,162.21,525.87,47.48,101.07,0.9140,2,1,-1
191,9,896.19,502.96,41.02,86.53,0.9006,2,2,-1
191,11,1025.89,506.96,45.09,97.50,0.8814,2,2,-1
191,13,286.10,528.11,38.13,88.67,0.6790,2,2,-1
191,17,721.92,521.22,41.00,91.21,0.9244,2,1,-1
191,22,1239.27,530.35,38.66,98.51,0.7365,2,1,-1
191,27,991.09,482.72,41.20,95.06,0.8517,2,2,-1
191,31,789.41,504.24,42.90,105.63,0.8892,2,2,-1
191,35,1203.19,504.98,34.45,76.14,0.8384,1,3,-1
191,40,1542.22,576.56,53.11,99.93,0.7882,2,1,-1
191,43,756.08,485.39,32.25,81.19,0.8535,2,2,-1
191,45,300.67,497.69,29.68,42.80,0.8652,3,0,-1
191,50,1162.79,530.49,53.74,94.44,0.9084,2,2,-1
191,53,1322.28,543.68,39.89,79.78,0.8149,2,2,-1
192,1,25.77,587.84,44.62,124.63,0.9209,2,1,-1
192,2,640.01,615.30,46.31,128.22,0.9277,2,1,-1
192,3,1065.44,526.43,60.23,83.41,0.8357,2,1,-1
192,8,143.89,519.41,50.04,107.13,0.8972,2,1,-1
192,9,885.13,502.12,42.03,86.23,0.8995,2,2,-1
192,11,1018.21,505.89,42.23,95.89,0.8884,2,2,-1
192,14,1313.17,530.14,50.05,92.81,0.9014,2,2,-1
192,17,706.33,521.75,41.83,93.79,0.9204,2,1,-1
192,22,1234.15,528.05,38.09,98.90,0.8199,2,1,-1
192,27,982.75,478.97,39.56,98.33,0.8238,2,2,-1
192,31,778.75,503.95,41.19,106.03,0.9018,2,2,-1
192,35,1192.57,503.40,33.97,75.41,0.8112,1,3,-1
192,40,1533.12,567.27,61.88,109.82,0.9144,2,1,-1
192,43,747.82,485.64,24.85,61.20,0.7996,2,2,-1
192,45,285.00,497.31,30.86,43.68,0.8700,3,0,-1
192,49,271.70,528.67,40.16,100.89,0.7675,2,2,-1
192,50,1154.42,533.86,53.84,90.62,0.8911,2,2,-1
193,1,13.06,588.44,42.80,121.37,0.8783,2,1,-1
193,2,628.72,615.91,46.64,129.05,0.9257,2,1,-1
193,3,1056.48,520.64,55.70,87.68,0.8795,2,1,-1
193,5,1538.68,567.73,51.22,109.91,0.8255,2,1,-1
193,8,127.50,531.12,44.08,95.37,0.9078,2,1,-1
193,9,875.11,502.99,41.77,84.98,0.8971,2,2,-1
193,10,978.68,501.97,35.94,76.07,0.8178,2,2,-1
193,11,1007.66,504.70,42.26,96.79,0.8690,2,2,-1
193,13,257.53,529.33,37.32,82.84,0.5589,2,2,-1
193,14,1307.67,528.70,54.53,94.01,0.9125,2,2,-1
193,17,694.20,523.11,39.31,91.91,0.9162,2,1,-1
193,22,1226.47,525.85,39.38,101.06,0.9070,2,1,-1
193,31,766.58,503.16,40.24,108.16,0.8944,2,2,-1
193,43,735.41,486.93,23.82,58.38,0.8605,2,2,-1
193,45,270.47,497.07,31.97,47.41,0.8626,3,0,-1
193,50,1145.93,533.22,54.44,90.85,0.9117,2,2,-1
194,1,-0.32,588.40,44.64,130.68,0.9115,2,1,-1
194,2,616.71,616.31,47.78,129.11,0.9117,2,1,-1
194,5,1534.90,567.28,51.98,111.93,0.9170,2,1,-1
194,8,109.41,517.45,44.63,110.23,0.9102,2,1,-1
194,9,864.81,501.25,41.30,86.79,0.8988,2,2,-1
194,11,996.19,504.57,43.84,100.36,0.8371,2,2,-1
194,14,1303.97,531.78,56.43,91.85,0.9079,2,2,-1
194,17,681.71,525.49,38.18,90.40,0.9155,2,1,-1
194,22,1219.01,523.79,40.23,100.71,0.9135,2,1,-1
194,24,1086.55,534.35,28.97,77.49,0.7693,2,2,-1
194,27,967.19,479.89,38.08,98.16,0.8243,2,2,-1
194,31,756.12,502.86,38.75,107.61,0.9048,2,2,-1
194,35,1172.82,501.25,29.44,60.55,0.8463,1,3,-1
194,43,723.38,488.44,23.59,58.54,0.8748,2,2,-1
194,45,254.72,496.91,32.94,50.52,0.8564,3,0,-1
194,50,1140.16,532.26,51.32,91.60,0.8976,2,2,-1
195,1,-3.29,589.07,36.79,129.99,0.8858,2,1,-1
195,2,605.17,616.67,48.22,129.51,0.7961,2,1,-1
195,5,1529.53,569.29,53.78,111.53,0.9230,2,1,-1
195,8,94.79,532.64,37.34,93.95,0.8780,2,1,-1
195,9,854.28,497.80,41.24,91.13,0.9093,2,2,-1
195,11,988.51,502.44,41.95,101.47,0.8639,2,2,-1
195,14,1296.50,533.56,59.64,90.38,0.9082,2,2,-1
195,17,669.57,525.72,37.17,90.55,0.9198,2,1,-1
195,22,1211.83,523.15,40.47,96.07,0.9016,2,1,-1
195,24,1078.19,531.22,30.31,77.74,0.8284,2,2,-1
195,27,956.78,476.67,37.47,100.34,0.8667,2,2,-1
195,31,745.69,502.37,37.55,107.55,0.8796,2,2,-1
195,35,1160.78,502.04,30.09,60.14,0.8512,1,3,-1
195,43,710.85,489.51,24.79,64.74,0.8665,2,2,-1
195,45,241.49,496.46,30.97,48.77,0.8154,3,0,-1
195,49,225.73,529.83,43.34,105.27,0.5678,2,2,-1
195,50,1135.98,528.54,48.83,95.87,0.9004,2,2,-1
196,1,-5.09,617.42,25.94,99.81,0.7367,2,1,-1
196,2,592.31,617.20,49.36,130.39,0.8919,2,1,-1
196,3,1029.92,514.19,54.92,91.81,0.6049,2,1,-1
196,5,1529.96,571.46,54.48,110.26,0.9315,2,1,-1
196,8,73.14,529.54,36.79,96.53,0.7475,2,1,-1
196,9,843.54,497.07,39.88,91.29,0.9129,2,2,-1
196,11,979.90,502.40,39.70,99.52,0.8715,2,2,-1
196,14,1288.14,528.35,66.04,96.16,0.9330,2,2,-1
196,17,650.87,525.68,42.41,89.44,0.9168,2,1,-1
196,22,1204.20,521.93,41.67,96.48,0.9179,2,1,-1
196,24,1071.13,527.33,31.04,80.48,0.8527,2,2,-1
196,26,225.43,495.97,32.37,65.92,0.8073,2,2,-1
196,27,946.01,478.86,36.40,98.97,0.8796,2,2,-1
196,31,734.56,501.90,37.37,109.67,0.8968,2,2,-1
196,43,698.80,488.96,24.47,65.73,0.8489,2,2,-1
196,50,1131.46,526.49,44.65,96.40,0.9064,2,2,-1
196,0,1166.35,921.84,14.74,14.86,1.0,0,-1,-1
197,2,580.15,617.99,49.14,130.27,0.9263,2,1,-1
197,3,1025.24,512.14,46.41,96.76,0.8885,2,1,-1
197,5,1531.11,573.80,54.38,110.02,0.9374,2,1,-1
197,8,60.03,556.46,28.36,74.14,0.8396,2,1,-1
197,9,832.76,496.03,40.11,91.93,0.9089,2,2,-1
197,11,969.14,500.90,41.45,105.26,0.8877,2,2,-1
197,14,1284.11,532.59,63.79,92.63,0.9258,2,2,-1
197,17,633.55,524.76,47.27,92.36,0.9255,2,1,-1
197,22,1197.60,521.79,40.54,95.93,0.9050,2,1,-1
197,24,1064.00,525.90,33.80,83.67,0.8769,2,2,-1
197,26,210.40,495.35,34.04,71.34,0.8132,2,2,-1
197,27,935.75,477.33,35.07,100.61,0.8757,2,2,-1
197,31,723.80,501.98,37.50,111.16,0.9021,2,2,-1
197,43,686.02,487.51,26.89,78.41,0.8751,2,2,-1
197,50,1125.18,523.51,43.32,100.06,0.8972,2,2,-1
197,0,1158.04,924.39,15.66,14.68,1.0,0,-1,-1
198,2,569.37,619.48,50.42,130.75,0.9385,2,1,-1
198,3,1015.98,511.16,44.93,97.20,0.8972,2,1,-1
198,5,1527.61,578.79,55.83,105.82,0.9341,2,1,-1
198,8,38.16,542.38,32.36,87.89,0.7789,2,1,-1
198,9,821.57,493.82,41.64,94.78,0.9087,2,2,-1
198,11,959.94,500.82,41.80,105.47,0.8788,2,2,-1
198,14,1282.74,530.62,58.69,92.71,0.9195,2,2,-1
198,17,619.25,524.76,50.78,96.37,0.9246,2,1,-1
198,22,1187.07,518.70,41.81,99.70,0.8621,2,1,-1
198,23,194.32,495.42,35.64,85.95,0.8380,2,2,-1
198,24,1057.27,523.23,35.84,86.28,0.8790,2,2,-1
198,27,924.51,477.90,34.90,99.75,0.7640,2,2,-1
198,31,714.09,502.07,37.22,111.93,0.8981,2,2,-1
198,43,674.92,486.74,27.73,80.23,0.8798,2,2,-1
198,50,1118.98,522.04,41.52,101.96,0.8926,2,2,-1
198,0,1151.02,925.80,14.81,14.97,1.0,0,-1,-1
199,2,557.72,621.44,50.40,129.21,0.9466,2,1,-1
199,4,1008.14,524.95,42.43,84.20,0.8914,2,1,-1
199,5,1520.53,572.69,61.15,114.06,0.9361,2,1,-1
199,8,19.33,554.42,32.44,76.19,0.8542,2,1,-1
199,9,810.95,493.80,40.06,94.88,0.8973,2,2,-1
199,11,950.54,499.86,42.48,108.56,0.8813,2,2,-1
199,13,177.14,494.90,39.45,97.87,0.8109,2,2,-1
199,17,606.62,524.82,50.60,99.80,0.9215,2,1,-1
199,22,1180.15,515.40,43.56,102.81,0.8810,2,1,-1
199,24,1050.73,515.64,37.29,92.56,0.8791,2,2,-1
199,27,914.83,475.04,37.21,102.74,0.8138,2,2,-1
199,31,704.00,506.25,36.21,109.18,0.7982,2,2,-1
199,43,663.13,485.96,28.46,81.73,0.8658,2,2,-1
199,50,1111.07,519.25,40.61,104.91,0.8738,2,2,-1
199,53,1285.32,529.22,45.98,94.04,0.9014,2,2,-1
200,2,546.91,622.76,51.66,129.11,0.9461,2,1,-1
200,3,998.30,509.83,44.59,99.08,0.8343,2,1,-1
200,5,1515.02,573.70,60.82,112.49,0.9361,2,1,-1
200,8,1.53,556.78,37.53,77.02,0.8816,2,1,-1
200,9,802.46,493.06,29.85,69.02,0.7103,2,2,-1
200,11,942.53,499.89,41.87,106.07,0.8818,2,2,-1
200,13,163.82,493.37,38.87,107.34,0.8593,2,2,-1
200,17,594.10,526.47,48.97,100.40,0.9282,2,1,-1
200,22,1170.54,512.34,44.18,104.83,0.9230,2,1,-1
200,24,1043.54,512.77,37.61,96.77,0.8920,2,2,-1
200,27,903.79,476.11,36.67,101.00,0.8447,2,2,-1
200,31,694.20,506.17,35.57,108.96,0.8599,2,2,-1
200,43,650.52,483.52,29.23,85.39,0.8812,2,2,-1
200,50,1106.22,519.10,37.63,104.71,0.8888,2,2,-1
200,53,1283.39,532.98,42.07,89.70,0.8861,2,2,-1
200,0,1137.55,927.64,14.69,16.36,1.0,0,-1,-1
201,2,536.11,623.22,52.18,129.19,0.9459,2,1,-1
201,3,991.15,505.32,44.46,103.91,0.9118,2,1,-1
201,5,1512.17,573.05,60.58,113.51,0.9300,2,1,-1
201,8,-7.75,543.60,40.58,91.54,0.7376,2,1,-1
201,9,797.28,530.28,26.06,59.87,0.8288,2,2,-1
201,11,935.81,498.92,42.15,105.73,0.8730,2,2,-1
201,13,152.33,493.08,37.10,106.24,0.8588,2,2,-1
201,17,585.61,527.78,45.52,98.92,0.9226,2,1,-1
201,24,1037.70,512.58,37.30,101.02,0.8756,2,2,-1
201,27,895.04,475.51,37.30,102.11,0.8170,2,2,-1
201,31,690.53,538.22,27.08,77.37,0.7394,2,2,-1
201,43,639.62,480.17,29.65,89.22,0.8666,2,2,-1
201,50,1100.66,518.48,36.93,104.87,0.9048,2,2,-1
201,53,1278.17,521.19,42.95,102.44,0.8806,2,2,-1
201,0,1131.54,929.08,14.42,15.81,1.0,0,-1,-1
202,2,525.44,622.71,53.01,131.00,0.9338,2,1,-1
202,3,983.26,504.61,44.75,105.13,0.7168,2,1,-1
202,5,1511.31,570.52,57.59,116.27,0.9264,2,1,-1
202,8,-7.64,572.05,25.50,62.22,0.6115,2,1,-1
202,9,786.49,529.90,26.16,61.47,0.8592,2,2,-1
202,11,927.40,498.73,42.14,103.06,0.8527,2,2,-1
202,13,139.28,492.61,36.75,105.02,0.8794,2,2,-1
202,17,575.84,527.82,44.43,98.99,0.9236,2,1,-1
202,22,1156.39,512.48,42.40,101.36,0.6949,2,1,-1
202,24,1032.94,514.56,36.38,99.32,0.6266,2,2,-1
202,27,886.12,474.19,37.60,104.15,0.7796,2,2,-1
202,31,677.56,504.58,36.58,111.45,0.8478,2,2,-1
202,43,629.59,477.68,29.09,86.35,0.8380,2,2,-1
202,50,1094.57,518.75,35.58,104.43,0.8837,2,2,-1
202,53,1276.19,517.25,39.90,106.02,0.8906,2,2,-1
202,0,1127.26,929.73,13.18,16.37,1.0,0,-1,-1
203,2,514.83,620.85,52.53,133.98,0.9137,2,1,-1
203,3,976.79,502.73,44.27,107.15,0.8934,2,1,-1
203,5,1511.68,569.81,54.12,116.91,0.9330,2,1,-1
203,9,775.62,529.67,25.99,61.23,0.8731,2,2,-1
203,11,919.66,497.13,44.21,107.76,0.8760,2,2,-1
203,13,126.63,492.04,37.75,109.78,0.8814,2,2,-1
203,17,566.51,526.89,44.56,100.73,0.9293,2,1,-1
203,27,882.95,478.67,35.52,99.20,0.8045,2,2,-1
203,31,673.47,533.69,28.27,81.90,0.7151,2,2,-1
203,42,1032.88,537.17,30.43,75.63,0.8197,2,2,-1
203,43,620.09,477.58,28.78,81.41,0.8439,2,2,-1
203,49,84.95,527.79,46.07,85.31,0.7824,2,2,-1
203,50,1088.18,518.26,37.01,105.79,0.8998,2,2,-1
203,53,1272.19,511.55,39.89,111.05,0.8811,2,2,-1
204,2,505.18,619.56,52.85,135.80,0.7091,2,1,-1
204,3,970.12,501.37,44.25,107.50,0.8110,2,1,-1
204,5,1516.74,570.78,47.57,116.33,0.9238,2,1,-1
204,9,765.43,531.21,25.96,59.36,0.8702,2,2,-1
204,11,914.36,496.75,42.53,100.81,0.8557,2,2,-1
204,13,114.35,491.50,37.59,109.43,0.8955,2,2,-1
204,17,557.28,526.35,46.70,102.25,0.9292,2,1,-1
204,27,870.78,475.22,35.15,102.16,0.8654,2,2,-1
204,31,664.96,534.87,28.97,80.70,0.8220,2,2,-1
204,43,608.83,477.46,30.81,90.40,0.8606,2,2,-1
204,49,66.89,527.13,53.29,102.09,0.8416,2,2,-1
204,50,1083.21,518.83,36.84,106.02,0.8787,2,2,-1
204,53,1269.06,509.30,39.15,113.35,0.8893,2,2,-1
205,2,496.25,618.26,53.17,136.74,0.5599,2,1,-1
205,3,964.44,503.02,46.65,107.90,0.9017,2,1,-1
205,5,1518.89,567.46,44.78,120.68,0.8889,2,1,-1
205,9,754.24,530.20,28.17,60.21,0.8744,2,2,-1
205,10,863.77,505.27,33.04,72.76,0.7980,2,2,-1
205,11,906.52,495.99,44.41,106.07,0.8656,2,2,-1
205,13,103.30,491.20,37.74,109.62,0.9034,2,2,-1
205,17,547.01,525.71,48.70,105.03,0.9299,2,1,-1
205,31,657.52,531.88,29.38,82.94,0.8608,2,2,-1
205,42,1018.43,533.90,34.93,79.08,0.7844,2,2,-1
205,43,599.85,477.59,31.21,94.57,0.8453,2,2,-1
205,49,51.66,528.35,55.41,110.38,0.8444,2,2,-1
205,50,1076.51,518.12,38.43,106.10,0.8792,2,2,-1
205,53,1266.74,509.82,40.01,112.80,0.8925,2,2,-1
206,2,488.04,617.78,53.13,138.66,0.8620,2,1,-1
206,5,1523.27,576.59,40.34,113.34,0.8783,2,1,-1
206,9,746.79,528.57,29.53,62.57,0.8840,2,2,-1
206,11,902.56,495.81,43.93,105.16,0.8782,2,2,-1
206,13,93.12,490.49,37.77,111.15,0.9024,2,2,-1
206,17,540.41,525.97,50.16,111.42,0.9259,2,1,-1
206,20,153.19,414.79,17.63,32.40,0.5561,2,1,-1
206,27,855.85,470.05,37.82,109.07,0.8203,2,2,-1
206,31,651.98,534.54,28.41,81.50,0.8607,2,2,-1
206,42,1018.07,533.15,33.77,78.79,0.7919,2,2,-1
206,43,593.88,483.68,28.96,88.35,0.8387,2,2,-1
206,49,39.29,530.35,55.39,116.87,0.8763,2,2,-1
206,50,1072.08,517.19,39.14,106.86,0.8853,2,2,-1
206,53,1267.27,511.45,40.72,108.87,0.8414,2,2,-1
207,2,480.44,618.40,54.72,139.64,0.8834,2,1,-1
207,3,955.01,502.13,44.97,107.69,0.8106,2,1,-1
207,5,1528.19,583.34,40.88,108.64,0.9022,2,1,-1
207,9,740.99,525.30,31.38,65.10,0.8783,2,2,-1
207,11,897.51,494.61,44.80,112.64,0.8996,2,2,-1
207,13,85.67,489.12,38.14,112.81,0.9094,2,2,-1
207,17,537.15,526.83,49.02,111.25,0.9126,2,1,-1
207,20,144.10,412.20,19.92,33.44,0.8138,2,1,-1
207,22,1140.21,536.63,30.96,69.46,0.5801,2,1,-1
207,27,848.88,475.58,34.00,99.89,0.6091,2,2,-1
207,31,647.24,529.52,29.35,85.38,0.8740,2,2,-1
207,42,1018.75,534.37,31.21,77.71,0.8413,2,2,-1
207,43,587.92,492.84,26.63,79.72,0.8265,2,2,-1
207,49,27.95,532.57,58.51,117.93,0.8995,2,2,-1
207,50,1066.49,517.18,42.51,106.21,0.8781,2,2,-1
207,53,1265.12,510.12,47.13,112.46,0.9032,2,2,-1
208,2,474.54,618.95,56.27,140.38,0.8848,2,1,-1
208,3,954.04,501.86,45.10,108.40,0.6069,2,1,-1
208,5,1532.15,572.31,45.41,121.20,0.9318,2,1,-1
208,9,736.54,520.19,33.78,70.22,0.8973,2,2,-1
208,11,894.71,493.14,45.22,115.11,0.9011,2,2,-1
208,13,78.64,487.45,37.18,113.18,0.9103,2,2,-1
208,17,537.13,528.58,46.37,109.73,0.8790,2,1,-1
208,22,1136.66,529.46,34.69,74.85,0.5972,2,1,-1
208,24,1006.74,503.71,41.50,108.64,0.7571,2,2,-1
208,27,847.93,478.88,21.42,59.76,0.6484,2,2,-1
208,31,644.91,530.20,31.19,84.86,0.8950,2,2,-1
208,43,585.40,506.83,24.26,65.61,0.8051,2,2,-1
208,49,15.10,533.48,64.55,115.89,0.9144,2,2,-1
208,50,1068.01,515.63,41.75,107.62,0.8915,2,2,-1
208,53,1265.97,512.20,49.14,110.56,0.9023,2,2,-1
208,59,651.86,492.43,27.84,53.30,0.5463,2,-1,-1
209,2,472.01,623.88,56.44,136.15,0.9260,2,1,-1
209,3,954.44,503.18,44.31,106.51,0.8084,2,1,-1
209,5,1536.79,570.04,46.11,124.84,0.9055,2,1,-1
209,9,735.37,526.55,34.01,64.00,0.8991,2,2,-1
209,10,852.77,509.23,29.49,66.84,0.5908,2,2,-1
209,11,893.61,493.16,44.51,113.25,0.9025,2,2,-1
209,13,74.46,486.10,36.44,114.12,0.9082,2,-1,-1
209,14,1265.48,555.75,30.43,67.10,0.8241,2,2,-1
209,17,538.91,528.24,46.58,109.21,0.8917,2,1,-1
209,22,1133.37,519.72,39.93,81.82,0.8314,2,1,-1
209,27,839.07,463.24,26.65,73.71,0.5160,2,2,-1
209,31,643.26,528.69,34.38,86.24,0.8995,2,2,-1
209,43,582.76,504.95,25.41,66.76,0.7806,2,2,-1
209,49,1.80,533.00,72.65,119.76,0.9340,2,2,-1
209,50,1067.16,516.08,42.28,106.98,0.8793,2,2,-1
210,2,469.61,624.68,57.64,135.40,0.9123,2,1,-1
210,3,953.42,495.91,46.37,111.98,0.8560,2,1,-1
210,9,727.06,482.09,47.75,107.61,0.8977,2,2,-1
210,10,867.05,471.54,29.39,72.14,0.6104,2,2,-1
210,11,893.24,492.59,45.15,112.53,0.9090,2,2,-1
210,13,70.28,483.91,35.74,115.24,0.8998,3,0,-1
210,17,537.39,527.11,50.30,109.45,0.9176,2,1,-1
210,22,1130.81,496.60,46.09,101.11,0.8157,2,1,-1
210,27,836.85,465.22,26.65,69.18,0.7393,2,2,-1
210,31,642.84,534.67,34.89,80.92,0.8664,2,2,-1
210,40,1542.41,586.78,43.87,108.85,0.9071,2,1,-1
210,42,1012.88,531.27,35.14,79.34,0.7256,2,2,-1
210,43,571.31,481.81,28.54,72.43,0.8122,2,2,-1
210,49,0.11,532.39,73.47,119.77,0.9362,2,2,-1
210,50,1067.18,513.64,42.90,110.05,0.8893,2,2,-1
210,53,1270.03,520.57,49.58,100.44,0.9029,2,2,-1
211,2,464.03,620.64,59.63,137.33,0.9232,2,1,-1
211,3,950.37,493.43,49.53,111.51,0.8757,2,1,-1
211,5,1544.72,571.46,43.76,123.99,0.8790,2,1,-1
211,9,723.97,479.63,43.36,108.21,0.9074,2,2,-1
211,10,861.37,465.87,29.91,70.83,0.6520,2,2,-1
211,11,891.99,492.40,43.98,110.05,0.8898,2,2,-1
211,13,65.88,482.07,35.41,114.99,0.9109,3,0,-1
211,17,536.79,524.30,49.28,110.08,0.8764,2,1,-1
211,22,1142.13,527.51,30.46,66.82,0.7545,2,1,-1
211,27,833.38,461.78,30.68,80.37,0.7992,2,2,-1
211,31,640.14,536.77,36.72,78.99,0.8554,2,2,-1
211,42,1015.05,531.27,34.06,75.85,0.8040,2,2,-1
211,43,566.69,479.16,30.36,76.18,0.7669,2,2,-1
211,49,-1.89,529.42,66.67,121.63,0.9213,2,2,-1
211,50,1068.44,512.03,41.64,108.82,0.8891,2,2,-1
211,53,1269.38,518.48,52.67,102.39,0.9091,2,2,-1
212,2,462.46,615.83,62.07,142.51,0.8835,2,1,-1
212,3,948.53,490.01,59.78,115.45,0.8952,2,1,-1
212,5,1550.82,571.54,42.16,122.97,0.9256,2,1,-1
212,9,721.30,476.56,38.95,107.65,0.9097,2,2,-1
212,10,869.30,467.94,26.54,66.69,0.6249,2,2,-1
212,11,892.06,492.46,46.19,110.07,0.9111,2,2,-1
212,13,63.30,479.92,34.37,115.66,0.9105,3,0,-1
212,17,538.58,523.87,48.10,110.85,0.9070,2,1,-1
212,22,1145.14,525.27,30.34,66.81,0.7749,2,1,-1
212,27,833.64,457.50,23.55,60.57,0.5734,2,2,-1
212,31,636.81,496.49,44.44,118.34,0.9096,2,2,-1
212,42,1013.45,528.92,36.99,78.63,0.7471,2,2,-1
212,43,569.57,478.73,36.76,91.57,0.7675,2,2,-1
212,49,-2.94,526.62,56.81,120.14,0.9033,2,2,-1
212,50,1071.28,510.94,40.78,109.94,0.8813,2,2,-1
212,53,1273.46,525.35,50.23,92.46,0.8753,2,2,-1
213,2,463.83,613.37,63.29,143.43,0.9198,2,1,-1
213,3,947.61,488.34,63.52,117.49,0.9153,2,1,-1
213,5,1559.83,571.35,39.93,121.65,0.9237,2,1,-1
213,9,722.00,475.04,36.62,107.66,0.8816,2,2,-1
213,10,869.90,465.79,26.90,65.55,0.7196,2,2,-1
213,11,893.71,493.82,49.38,107.70,0.9090,2,2,-1
213,13,64.27,478.51,34.62,115.64,0.9208,3,0,-1
213,17,542.41,521.44,47.95,111.31,0.9086,2,1,-1
213,20,120.75,397.27,23.69,37.32,0.6286,2,1,-1
213,22,1150.83,524.45,29.50,64.89,0.7495,2,1,-1
213,27,836.85,463.85,28.20,74.00,0.8057,2,2,-1
213,31,643.11,496.13,41.99,117.73,0.9184,2,2,-1
213,42,1016.64,529.21,40.24,78.12,0.8142,2,2,-1
213,49,-2.66,524.55,49.01,117.17,0.8844,2,2,-1
213,50,1075.30,509.49,41.82,110.58,0.8589,2,2,-1
213,53,1278.76,514.38,53.44,104.02,0.8613,2,2,-1
213,0,590.75,598.32,11.97,11.84,1.0,0,-1,-1
214,2,464.18,611.47,63.17,144.26,0.8126,2,1,-1
214,3,950.25,483.92,61.68,117.68,0.8890,2,1,-1
214,5,1566.81,569.62,38.64,121.38,0.9200,2,1,-1
214,9,724.40,473.79,35.10,107.44,0.8831,2,2,-1
214,11,895.38,489.35,52.87,109.77,0.9083,2,2,-1
214,13,65.27,476.18,35.82,115.50,0.9263,3,0,-1
214,17,546.31,515.71,51.28,121.97,0.8997,2,1,-1
214,27,842.76,466.39,36.94,99.50,0.6908,2,2,-1
214,31,646.55,491.90,42.42,119.07,0.9242,2,2,-1
214,49,6.60,595.45,21.35,45.38,0.8576,2,2,-1
214,50,1080.22,506.62,42.89,111.78,0.8837,2,2,-1
214,53,1283.09,511.92,56.15,108.35,0.8858,2,2,-1
214,0,1154.41,931.07,20.74,16.94,1.0,0,-1,-1
215,1,0.16,526.66,28.61,110.82,0.7840,2,1,-1
215,2,465.82,613.38,60.65,141.53,0.9241,2,1,-1
215,3,959.38,483.02,60.82,119.90,0.9025,2,1,-1
215,9,728.94,474.88,36.16,104.80,0.8917,2,2,-1
215,10,873.13,458.74,29.21,67.59,0.6826,2,2,-1
215,11,899.99,488.48,52.51,108.57,0.9056,2,2,-1
215,13,70.41,475.72,36.32,114.66,0.9159,3,0,-1
215,31,653.49,489.05,42.22,119.90,0.9267,2,2,-1
215,36,1286.04,540.81,55.40,75.33,0.8389,2,2,-1
215,40,1576.97,586.43,38.32,104.81,0.8879,2,1,-1
215,42,1031.05,522.37,43.47,82.25,0.8566,2,2,-1
215,43,567.00,477.21,48.95,85.34,0.8768,2,2,-1
215,50,1086.49,504.00,43.28,114.23,0.8623,2,2,-1
216,1,1.38,521.11,36.21,118.46,0.8630,2,1,-1
216,2,471.89,614.30,62.25,140.61,0.9420,2,1,-1
216,3,970.82,481.59,62.17,122.18,0.7724,2,1,-1
216,9,733.08,477.57,39.70,101.14,0.8954,2,2,-1
216,11,907.53,489.95,51.40,106.22,0.9058,2,2,-1
216,13,77.31,476.07,37.87,113.21,0.9238,3,0,-1
216,27,850.75,455.16,38.90,109.16,0.6087,2,2,-1
216,31,661.91,484.73,43.59,124.50,0.9172,2,2,-1
216,36,1305.74,544.40,50.38,71.42,0.8363,2,2,-1
216,40,1593.80,605.87,32.43,84.85,0.8500,2,1,-1
216,42,1040.37,514.95,46.89,90.70,0.8845,2,2,-1
216,43,573.27,477.47,52.04,84.36,0.8829,2,2,-1
216,50,1093.40,501.69,46.39,115.84,0.8713,2,2,-1
217,1,2.86,522.06,45.32,123.87,0.8702,2,1,-1
217,2,476.72,619.03,69.86,136.50,0.9395,2,1,-1
217,3,982.60,481.37,60.48,119.69,0.5838,2,1,-1
217,9,737.94,479.78,43.83,97.81,0.9029,2,2,-1
217,11,914.93,493.52,51.93,104.25,0.8942,2,2,-1
217,13,88.38,476.82,39.18,111.62,0.9272,3,0,-1
217,17,578.85,524.25,53.86,119.27,0.9094,2,1,-1
217,24,1051.84,497.09,48.06,109.05,0.8771,2,2,-1
217,27,867.04,480.20,32.36,87.91,0.7139,2,2,-1
217,31,671.55,479.87,44.55,129.63,0.8969,2,2,-1
217,36,1316.52,542.85,51.15,71.39,0.8253,2,2,-1
217,40,1606.91,603.18,33.41,89.46,0.8458,2,1,-1
217,43,582.72,476.86,52.61,60.90,0.9103,2,2,-1
217,50,1105.43,502.08,46.40,114.89,0.8556,2,2,-1
217,0,1202.54,932.10,19.49,18.43,1.0,0,-1,-1
218,1,5.76,524.46,51.32,120.00,0.8304,2,1,-1
218,2,483.66,622.46,76.91,134.97,0.9498,2,1,-1
218,3,999.22,484.49,57.98,115.53,0.6344,2,1,-1
218,5,1619.64,592.33,33.08,100.96,0.8664,2,1,-1
218,9,744.90,482.76,48.10,95.66,0.9048,2,2,-1
218,10,891.76,460.70,36.29,73.07,0.7131,2,2,-1
218,11,924.60,492.74,50.26,103.71,0.8869,2,2,-1
218,13,100.90,476.95,40.68,110.87,0.9201,3,0,-1
218,17,599.17,530.36,48.25,112.79,0.8761,2,1,-1
218,24,1062.86,496.25,49.41,111.17,0.9000,2,2,-1
218,27,874.37,487.91,28.13,79.05,0.5144,2,2,-1
218,31,683.97,479.91,43.53,121.07,0.8816,2,2,-1
218,36,1338.65,545.53,43.69,69.59,0.8705,2,2,-1
218,43,592.30,477.28,53.92,62.35,0.8832,2,2,-1
218,50,1127.05,510.02,39.77,106.37,0.8295,2,2,-1
218,0,645.24,589.56,13.92,12.90,1.0,0,-1,-1
219,1,-0.83,526.12,46.32,117.83,0.8918,2,1,-1
219,2,491.81,623.26,83.22,132.92,0.9455,2,1,-1
219,3,1014.54,484.86,55.78,113.58,0.6986,2,1,-1
219,5,1633.25,593.28,34.83,99.58,0.8993,2,1,-1
219,9,754.73,484.21,51.34,93.79,0.8990,2,2,-1
219,10,899.44,464.25,41.59,83.20,0.6840,2,2,-1
219,11,936.19,492.35,50.34,104.47,0.8849,2,2,-1
219,13,112.34,475.29,42.09,111.60,0.9247,3,0,-1
219,17,614.47,531.58,45.20,110.69,0.8284,2,1,-1
219,24,1074.65,495.40,51.21,110.62,0.8852,2,2,-1
219,31,694.94,478.42,45.13,123.30,0.9039,2,2,-1
219,36,1350.80,544.22,41.85,66.90,0.7833,2,2,-1
219,43,607.56,480.05,48.03,64.88,0.8238,2,2,-1
219,50,1146.04,528.78,33.97,87.96,0.7805,2,2,-1
220,1,2.10,528.32,52.82,117.13,0.9012,2,1,-1
220,2,504.44,621.84,85.28,135.14,0.9407,2,1,-1
220,3,1029.27,485.30,54.76,115.80,0.9035,2,1,-1
220,5,1649.12,595.96,34.95,94.54,0.8969,2,1,-1
220,9,764.66,484.47,51.36,93.46,0.8781,2,2,-1
220,10,903.53,471.50,44.94,89.69,0.6546,2,2,-1
220,11,946.63,490.42,52.98,106.43,0.8872,2,2,-1
220,13,123.16,473.64,45.51,111.68,0.9201,3,0,-1
220,17,633.01,527.69,41.66,113.83,0.8834,2,1,-1
220,24,1086.17,494.82,53.07,109.67,0.8860,2,2,-1
220,31,709.06,478.04,43.77,113.63,0.8942,2,2,-1
220,36,1360.91,542.83,43.49,62.87,0.8778,2,2,-1
220,43,609.88,485.47,40.28,60.38,0.7513,2,2,-1
220,50,1163.05,537.25,34.66,77.98,0.8616,2,2,-1
221,1,8.25,530.43,63.04,115.01,0.9127,2,1,-1
221,2,516.89,619.10,87.12,135.99,0.9362,2,1,-1
221,3,1044.66,485.97,52.10,112.19,0.8938,2,1,-1
221,5,1665.95,601.54,34.34,90.04,0.8805,2,1,-1
221,9,778.20,483.82,57.12,95.45,0.8879,2,2,-1
221,10,901.26,450.51,54.47,112.26,0.6982,2,2,-1
221,11,954.76,485.77,57.89,109.04,0.8944,2,2,-1
221,13,135.78,471.95,46.67,111.45,0.9150,3,0,-1
221,17,649.05,519.57,42.26,121.55,0.9097,2,1,-1
221,24,1098.82,493.75,54.24,110.35,0.8917,2,2,-1
221,31,720.11,479.26,47.69,121.89,0.9012,2,2,-1
221,36,1373.29,542.86,44.21,60.99,0.8744,2,2,-1
221,43,628.15,484.97,40.79,63.97,0.6364,2,2,-1
221,50,1176.66,538.30,39.30,79.73,0.8740,2,2,-1
222,1,20.53,529.58,70.64,113.86,0.9281,2,1,-1
222,2,520.76,616.69,93.00,137.40,0.9290,2,1,-1
222,3,1059.46,485.44,53.23,114.04,0.9074,2,1,-1
222,5,1680.80,603.12,36.62,91.07,0.8967,2,1,-1
222,9,789.96,484.34,58.88,93.57,0.8821,2,2,-1
222,10,911.87,452.38,56.82,107.18,0.8123,2,2,-1
222,11,963.32,485.39,60.52,106.00,0.9041,2,2,-1
222,13,147.57,470.75,48.97,112.22,0.9128,3,0,-1
222,14,1364.14,540.59,42.20,78.23,0.8430,2,2,-1
222,17,663.08,517.76,47.23,127.13,0.9105,2,1,-1
222,31,732.43,482.16,47.77,116.98,0.8836,2,2,-1
222,42,1112.50,503.87,53.39,99.08,0.8557,2,2,-1
222,43,634.40,483.60,43.64,71.73,0.7871,2,2,-1
222,50,1185.51,512.52,49.55,105.69,0.8543,2,2,-1
223,1,34.30,527.77,69.94,114.19,0.9254,2,1,-1
223,2,527.28,614.19,93.98,138.42,0.8935,2,1,-1
223,3,1073.40,482.04,53.77,115.76,0.9328,2,1,-1
223,5,1694.50,602.78,38.66,94.06,0.8992,2,1,-1
223,9,795.30,485.18,61.69,93.90,0.8547,2,2,-1
223,10,933.05,462.64,47.30,84.87,0.6884,2,2,-1
223,11,974.38,486.74,60.80,105.42,0.9065,2,2,-1
223,13,159.36,469.44,46.29,112.23,0.9022,3,0,-1
223,14,1386.28,540.72,45.80,77.84,0.7568,2,2,-1
223,17,679.36,516.08,48.31,127.93,0.9251,2,1,-1
223,31,747.11,484.12,50.09,117.67,0.8825,2,2,-1
223,42,1128.33,519.42,46.37,81.50,0.8487,2,2,-1
223,43,645.60,482.69,44.61,80.84,0.8988,2,2,-1
223,50,1198.40,510.42,51.55,106.49,0.8674,2,2,-1
224,1,46.33,526.06,65.96,114.63,0.9036,2,1,-1
224,2,533.81,610.49,94.39,141.59,0.6874,2,1,-1
224,4,1087.38,481.59,51.64,116.53,0.9239,2,1,-1
224,5,1708.33,611.35,44.26,87.82,0.9145,2,1,-1
224,9,803.94,485.05,60.27,91.50,0.6757,2,2,-1
224,11,982.84,487.10,53.01,97.11,0.8030,2,2,-1
224,13,171.68,467.53,43.99,113.18,0.9212,3,0,-1
224,17,694.29,517.00,47.13,129.20,0.9115,2,1,-1
224,27,951.40,469.06,32.96,72.94,0.6384,2,2,-1
224,31,760.28,485.78,53.21,118.02,0.8697,2,2,-1
224,42,1141.68,520.51,46.02,83.59,0.8660,2,2,-1
224,43,654.49,481.42,46.24,83.64,0.9085,2,2,-1
224,50,1212.74,513.40,51.31,104.70,0.8873,2,2,-1
225,1,55.36,522.73,60.52,115.57,0.8753,2,1,-1
225,2,544.32,606.69,80.01,144.96,0.9199,2,1,-1
225,4,1099.96,482.61,50.77,113.37,0.9147,2,1,-1
225,6,0.00,593.06,18.80,64.37,0.7962,2,1,-1
225,9,809.79,486.17,58.17,90.90,0.8882,2,2,-1
225,11,998.53,489.36,52.36,94.06,0.6584,2,2,-1
225,13,183.66,466.41,45.57,111.78,0.9199,3,0,-1
225,14,1401.81,533.17,49.15,81.85,0.7901,2,2,-1
225,17,707.04,519.39,44.05,117.66,0.9083,2,1,-1
225,24,1144.01,502.18,57.56,102.28,0.8620,2,2,-1
225,27,942.27,462.60,24.49,52.64,0.7803,2,2,-1
225,40,1720.22,571.67,49.33,129.74,0.9172,2,1,-1
225,43,664.62,483.60,48.40,81.63,0.9163,2,2,-1
225,50,1229.85,517.28,48.51,100.71,0.8592,2,2,-1
226,1,68.98,521.22,56.15,116.86,0.8892,2,-1,-1
226,2,558.13,602.62,72.19,146.17,0.9163,2,1,-1
226,4,1112.04,481.02,48.76,116.74,0.9038,2,1,-1
226,6,-0.34,581.24,35.79,135.76,0.8973,2,1,-1
226,9,818.04,484.99,55.46,91.47,0.8723,2,2,-1
226,10,961.63,463.98,46.98,78.80,0.6565,2,2,-1
226,11,1004.47,490.17,52.57,107.05,0.8530,2,2,-1
226,13,193.34,463.59,50.74,115.26,0.9256,3,0,-1
226,14,1394.59,529.43,64.16,87.78,0.9154,2,2,-1
226,17,719.94,521.01,50.24,127.36,0.9262,2,1,-1
226,24,1155.98,512.45,57.04,92.03,0.8291,2,2,-1
226,40,1736.13,574.14,48.86,128.16,0.9191,2,1,-1
226,43,670.57,481.64,55.41,85.34,0.8802,2,2,-1
226,50,1248.76,537.61,40.57,78.08,0.8731,2,2,-1
226,0,1377.47,930.76,19.83,15.93,1.0,0,-1,-1
227,1,85.56,520.57,51.72,114.75,0.8954,2,2,-1
227,2,571.36,599.76,68.26,148.01,0.8534,2,1,-1
227,4,1125.58,480.20,44.79,114.26,0.8915,2,1,-1
227,6,3.10,581.90,44.76,133.62,0.8899,2,1,-1
227,9,832.74,485.09,53.27,91.27,0.8674,2,2,-1
227,10,966.30,462.70,54.11,93.86,0.7396,2,2,-1
227,11,1014.18,490.17,40.78,84.67,0.6552,2,2,-1
227,13,204.23,461.19,55.70,115.31,0.9335,3,0,-1
227,14,1410.09,533.39,61.21,85.76,0.9036,2,2,-1
227,17,734.66,523.59,51.18,124.56,0.9261,2,1,-1
227,24,1162.96,493.63,66.67,111.78,0.9010,2,2,-1
227,40,1751.84,575.68,48.72,130.10,0.9179,2,1,-1
227,43,678.00,479.44,59.16,84.10,0.8374,2,2,-1
227,50,1261.52,531.74,42.51,83.82,0.8846,2,2,-1
228,1,98.23,520.78,52.75,112.90,0.9270,2,2,-1
228,2,591.04,600.33,57.26,146.26,0.9278,2,1,-1
228,4,1138.30,489.20,39.69,103.94,0.8724,2,1,-1
228,10,978.46,480.41,48.28,84.71,0.7716,2,2,-1
228,11,1024.28,487.82,42.55,87.46,0.6163,2,2,-1
228,12,-0.04,580.52,70.26,131.28,0.9286,2,1,-1
228,13,216.88,459.27,58.13,114.18,0.9256,3,0,-1
228,14,1411.79,530.04,67.30,91.55,0.8872,2,2,-1
228,17,751.91,523.46,50.84,122.19,0.9388,2,1,-1
228,24,1172.32,489.45,68.52,115.02,0.9271,2,2,-1
228,40,1764.55,574.50,45.75,132.46,0.9091,2,1,-1
228,43,684.84,478.97,59.49,85.10,0.8903,2,2,-1
228,50,1281.54,462.98,61.94,103.00,0.8919,2,2,-1
228,59,848.12,508.46,48.15,68.07,0.8873,2,-1,-1
229,1,108.71,520.25,57.98,112.25,0.9253,2,2,-1
229,2,605.72,602.86,51.51,141.13,0.9319,2,1,-1
229,4,1150.88,492.34,39.09,101.09,0.8593,2,1,-1
229,9,850.04,481.69,57.53,92.27,0.8904,2,2,-1
229,10,989.68,488.23,41.87,71.78,0.5446,2,2,-1
229,11,1035.76,489.75,47.65,97.99,0.8365,2,2,-1
229,12,2.87,578.16,87.59,132.96,0.9410,2,1,-1
229,13,230.30,457.86,59.07,112.65,0.9265,3,0,-1
229,14,1418.13,530.83,63.36,91.03,0.9026,2,2,-1
229,17,766.35,521.89,52.18,122.97,0.9329,2,1,-1
229,24,1183.57,488.09,69.72,115.51,0.9186,2,2,-1
229,40,1776.83,573.09,41.47,132.28,0.9080,2,1,-1
229,43,692.37,477.30,54.33,85.21,0.9116,2,2,-1
229,50,1293.58,462.34,62.32,98.24,0.8897,2,2,-1
230,1,120.72,518.54,66.18,109.46,0.9225,2,2,-1
230,2,616.91,604.74,52.45,140.91,0.9491,2,1,-1
230,3,1165.10,513.45,38.45,77.53,0.8140,2,1,-1
230,9,858.40,479.30,58.28,91.88,0.9081,2,2,-1
230,11,1043.84,486.09,52.39,104.19,0.8940,2,2,-1
230,12,12.53,574.90,95.83,135.37,0.9426,2,1,-1
230,13,243.01,457.34,57.10,113.05,0.9300,3,0,-1
230,14,1424.70,528.51,60.53,88.24,0.8055,2,2,-1
230,17,777.03,519.37,55.99,125.26,0.9378,2,1,-1
230,24,1197.04,492.17,65.81,110.12,0.8908,2,2,-1
230,40,1789.28,571.73,38.78,133.47,0.8972,2,1,-1
230,43,702.96,475.21,51.64,85.61,0.9197,2,2,-1
230,50,1305.42,459.15,61.27,93.49,0.7907,2,2,-1
231,1,133.82,514.33,72.47,111.44,0.9343,2,2,-1
231,2,623.42,606.30,57.79,136.98,0.9399,2,1,-1
231,4,1171.91,499.67,43.77,89.66,0.8656,2,1,-1
231,9,865.76,479.45,54.99,91.15,0.8520,2,2,-1
231,10,1009.15,478.41,45.02,82.16,0.7134,2,2,-1
231,11,1054.73,484.49,48.55,96.89,0.8204,2,2,-1
231,12,31.67,571.26,96.19,134.46,0.9361,2,1,-1
231,13,256.46,456.97,52.05,109.41,0.9250,3,0,-1
231,14,1426.48,521.87,69.23,96.96,0.8803,2,2,-1
231,17,793.34,518.25,55.10,126.54,0.9363,2,1,-1
231,24,1210.24,501.77,59.07,99.97,0.8365,2,2,-1
231,40,1801.28,570.98,37.66,132.95,0.9092,2,1,-1
231,43,711.91,472.75,54.61,90.38,0.9212,2,2,-1
231,64,1314.04,535.12,30.88,76.16,0.7627,2,-1,-1
231,0,1475.46,923.54,20.93,15.07,1.0,0,-1,-1
232,1,145.84,510.48,78.64,117.01,0.9389,2,2,-1
232,2,630.91,606.79,66.48,135.84,0.9422,2,1,-1
232,4,1181.73,496.42,48.29,93.28,0.8517,2,1,-1
232,10,1016.17,473.61,46.15,89.45,0.8148,2,2,-1
232,11,1059.40,481.84,55.44,108.58,0.9154,2,2,-1
232,12,45.84,566.53,94.03,137.75,0.9312,2,1,-1
232,13,268.02,456.03,49.81,106.10,0.9172,3,0,-1
232,14,1440.30,523.82,67.68,90.04,0.8570,2,2,-1
232,17,806.09,519.29,58.07,127.91,0.9353,2,1,-1
232,24,1221.74,511.40,53.65,91.68,0.7336,2,2,-1
232,27,1004.21,448.56,26.62,53.14,0.5835,2,2,-1
232,31,862.06,475.47,52.46,102.86,0.7989,2,2,-1
232,40,1812.93,570.00,37.85,133.43,0.9145,2,1,-1
232,43,720.24,471.19,55.66,92.04,0.9177,2,2,-1
232,45,339.14,354.98,47.57,66.25,0.8589,3,0,-1
232,64,1325.52,534.50,29.89,76.59,0.7703,2,-1,-1
232,65,5.10,494.99,52.25,112.93,0.9020,2,-1,-1
233,1,158.61,507.22,71.99,116.91,0.9282,2,2,-1
233,2,641.18,605.39,71.80,136.10,0.9432,2,1,-1
233,4,1192.77,501.99,48.70,86.67,0.8629,2,1,-1
233,10,1024.45,481.95,45.72,82.28,0.8036,2,2,-1
233,11,1068.86,481.12,55.49,109.01,0.8498,2,2,-1
233,12,65.14,565.30,84.09,135.98,0.9307,2,1,-1
233,13,279.44,453.87,49.43,104.93,0.9159,3,0,-1
233,14,1440.78,518.14,75.33,95.97,0.8893,2,2,-1
233,17,816.85,520.46,61.10,126.07,0.9329,2,1,-1
233,24,1231.48,517.50,47.03,82.09,0.6800,2,2,-1
233,31,872.22,474.75,54.02,110.30,0.7947,2,2,-1
233,40,1823.90,569.25,38.30,132.80,0.9100,2,1,-1
233,43,727.19,470.98,56.95,93.23,0.9122,2,2,-1
233,64,1333.21,532.47,31.68,79.46,0.6647,2,-1,-1
233,65,4.60,496.05,73.76,114.15,0.9247,2,-1,-1
234,1,174.99,505.77,64.60,113.72,0.9187,2,2,-1
234,2,652.36,603.06,74.16,134.42,0.9428,2,1,-1
234,4,1205.25,495.82,47.83,89.39,0.8583,2,1,-1
234,10,1026.07,469.57,53.11,93.93,0.8807,2,2,-1
234,11,1077.27,481.98,48.47,94.41,0.6760,2,2,-1
234,12,77.01,562.61,79.28,134.75,0.9362,2,1,-1
234,13,289.18,450.28,49.08,110.56,0.9128,3,0,-1
234,14,1447.08,515.31,75.98,100.63,0.9134,2,2,-1
234,17,828.94,521.08,63.62,124.16,0.9323,2,1,-1
234,20,363.88,357.21,32.70,63.45,0.7897,2,1,-1
234,31,884.96,473.76,55.46,106.47,0.8906,2,2,-1
234,40,1834.15,568.97,39.73,132.00,0.9262,2,1,-1
234,43,735.31,471.07,56.82,92.02,0.9113,2,2,-1
234,64,1338.61,498.90,40.17,108.50,0.8707,2,2,-1
234,65,17.47,496.27,78.40,118.93,0.9334,2,-1,-1
235,1,187.97,503.77,56.67,111.40,0.8772,2,2,-1
235,2,659.60,602.38,79.93,136.69,0.9428,2,1,-1
235,10,1033.42,459.85,57.08,103.72,0.7725,2,2,-1
235,11,1079.84,481.95,48.46,97.09,0.7717,2,2,-1
235,12,96.42,560.38,69.97,135.11,0.9293,2,1,-1
235,13,304.04,448.34,48.93,109.28,0.9219,3,0,-1
235,14,1448.06,516.06,77.76,101.56,0.9010,2,2,-1
235,17,840.53,521.63,62.69,122.33,0.9236,2,1,-1
235,24,1251.51,519.18,49.78,79.81,0.8531,2,2,-1
235,27,1026.68,447.41,22.98,49.12,0.6531,2,2,-1
235,31,892.78,472.87,55.78,104.34,0.8349,2,2,-1
235,40,1843.84,567.66,42.53,134.23,0.9330,2,1,-1
235,43,742.58,471.73,53.69,89.27,0.9207,2,2,-1
235,64,1349.42,499.21,39.51,107.56,0.8551,2,2,-1
235,65,36.64,495.31,73.78,119.98,0.9184,2,1,-1
236,1,208.52,500.39,63.64,110.94,0.8499,2,2,-1
236,2,675.34,599.48,74.90,136.20,0.9359,2,1,-1
236,9,893.34,471.93,46.01,96.20,0.8417,2,2,-1
236,10,1044.07,459.83,42.16,75.42,0.7728,2,2,-1
236,11,1096.85,481.76,37.24,81.12,0.8356,2,2,-1
236,12,113.92,558.74,62.83,131.77,0.9302,2,1,-1
236,13,316.56,447.18,49.84,112.09,0.9240,3,0,-1
236,17,854.06,521.17,60.69,121.05,0.9248,2,1,-1
236,24,1253.87,510.01,59.12,88.84,0.8979,2,2,-1
236,40,1854.52,567.87,44.95,133.81,0.9316,2,1,-1
236,42,1359.65,523.96,36.97,81.32,0.7227,2,2,-1
236,43,749.36,471.73,45.98,88.56,0.9042,2,2,-1
236,45,397.76,365.45,38.70,52.46,0.6687,3,0,-1
236,53,1451.00,516.96,47.57,92.20,0.7936,2,2,-1
236,65,56.18,493.71,71.42,112.93,0.9211,2,1,-1
237,1,219.13,498.04,69.56,112.12,0.8672,2,2,-1
237,2,687.90,596.54,68.13,137.22,0.9372,2,1,-1
237,3,1245.34,510.69,29.34,64.12,0.7368,2,1,-1
237,9,904.23,474.22,42.23,86.81,0.8564,2,2,-1
237,10,1037.02,449.11,36.46,67.65,0.5187,2,2,-1
237,11,1103.21,480.31,36.43,81.64,0.7918,2,2,-1
237,12,129.11,557.97,60.91,129.59,0.9258,2,1,-1
237,13,330.01,447.29,46.29,109.75,0.9168,3,0,-1
237,17,869.72,518.25,54.50,122.14,0.9338,2,1,-1
237,40,1865.46,568.64,48.27,131.63,0.9317,2,1,-1
237,43,756.95,470.43,49.56,90.77,0.9232,2,2,-1
237,45,403.84,366.83,33.98,51.76,0.8501,3,0,-1
237,53,1471.61,546.82,44.38,71.17,0.8050,2,2,-1
237,64,1373.16,498.64,42.14,107.23,0.8642,2,2,-1
237,65,76.52,490.11,68.95,110.49,0.9026,2,1,-1
237,0,981.11,567.36,14.09,11.90,1.0,0,-1,-1
238,1,229.40,495.42,69.68,112.64,0.8825,2,2,-1
238,2,698.14,591.84,61.04,140.03,0.9318,2,1,-1
238,3,1246.19,483.59,31.82,73.81,0.5276,2,1,-1
238,9,934.20,509.57,39.33,76.67,0.7858,2,2,-1
238,10,1044.71,446.29,30.64,62.36,0.8116,2,2,-1
238,11,1111.64,477.24,44.49,101.24,0.8909,2,2,-1
238,12,145.96,557.84,60.56,127.60,0.9225,2,1,-1
238,13,344.23,446.67,41.10,105.29,0.9151,3,0,-1
238,17,882.28,516.62,52.29,122.55,0.9289,2,1,-1
238,24,1268.16,517.45,55.82,77.58,0.8182,2,2,-1
238,40,1876.56,569.78,44.21,131.40,0.9286,2,1,-1
238,43,758.66,468.82,60.01,90.51,0.9338,2,2,-1
238,45,416.10,366.68,35.85,51.97,0.8520,3,0,-1
238,53,1465.70,518.13,48.42,77.44,0.8359,2,2,-1
238,64,1383.58,499.75,44.04,104.41,0.8653,2,2,-1
238,65,96.76,487.01,67.10,110.92,0.9187,2,1,-1
238,0,995.48,566.28,14.41,12.74,1.0,0,-1,-1
239,2,708.10,588.07,56.35,141.49,0.9001,2,1,-1
239,10,1049.55,443.80,37.70,84.51,0.8312,2,2,-1
239,11,1121.13,475.30,48.82,107.86,0.8998,2,2,-1
239,12,160.88,558.36,60.48,127.95,0.9320,2,1,-1
239,14,1472.16,515.69,57.43,94.76,0.8878,2,2,-1
239,17,895.79,514.46,51.35,127.87,0.9103,2,1,-1
239,20,420.60,353.19,44.85,65.78,0.8875,2,1,-1
239,23,242.65,493.04,38.38,113.58,0.8840,2,2,-1
239,24,1261.10,487.44,45.02,72.37,0.7955,2,2,-1
239,26,358.13,446.55,40.14,81.93,0.9063,2,2,-1
239,43,765.43,467.26,65.60,92.30,0.9384,2,2,-1
239,64,1393.06,498.80,46.87,101.65,0.8673,2,2,-1
239,65,119.40,485.57,64.62,109.56,0.9230,2,1,-1
239,0,1010.73,565.02,14.74,12.95,1.0,0,-1,-1
240,2,720.42,585.20,49.33,141.12,0.9069,2,1,-1
240,9,958.16,508.97,37.59,76.43,0.8078,2,2,-1
240,10,1056.69,444.90,34.67,84.82,0.8594,2,2,-1
240,11,1128.79,474.44,52.42,109.09,0.9153,2,2,-1
240,12,169.63,558.29,67.22,125.53,0.9401,2,1,-1
240,13,369.43,444.78,44.52,108.43,0.9274,3,0,-1
240,14,1477.08,511.39,63.54,105.95,0.9005,2,2,-1
240,17,909.10,514.38,50.63,128.21,0.9083,2,1,-1
240,20,431.11,356.52,42.21,62.38,0.7920,2,1,-1
240,23,251.16,492.05,47.63,111.85,0.8979,2,2,-1
240,24,1276.04,491.17,37.32,67.29,0.8208,2,2,-1
240,35,1269.24,475.25,19.16,43.49,0.7475,1,3,-1
240,43,771.40,467.16,66.40,91.91,0.9314,2,2,-1
240,64,1400.44,497.79,54.12,105.48,0.8907,2,2,-1
240,65,145.24,484.61,58.28,104.68,0.9099,2,1,-1
241,2,728.88,584.12,50.86,145.57,0.6675,2,1,-1
241,9,970.34,511.23,34.24,73.68,0.8792,2,2,-1
241,10,1062.56,442.75,33.71,87.15,0.8177,2,2,-1
241,11,1138.85,474.30,52.15,104.83,0.9119,2,2,-1
241,12,179.07,555.81,74.01,125.20,0.9419,2,1,-1
241,13,381.94,442.95,47.46,104.41,0.9330,3,0,-1
241,14,1482.86,508.62,61.49,102.42,0.8882,2,2,-1
241,17,921.65,513.97,49.23,128.37,0.9198,2,1,-1
241,20,439.90,354.54,43.19,66.05,0.5633,2,1,-1
241,23,257.31,491.59,42.73,108.05,0.8744,2,2,-1
241,24,1289.32,518.98,40.34,72.64,0.7884,2,2,-1
241,35,1281.63,474.07,35.43,57.39,0.8360,1,3,-1
241,43,778.09,468.15,63.07,90.55,0.9232,2,2,-1
241,64,1412.43,498.62,58.29,104.95,0.9115,2,2,-1
241,65,173.73,485.25,48.33,99.16,0.8989,2,1,-1
242,2,740.53,583.28,50.58,143.58,0.7302,2,1,-1
242,9,981.37,510.67,33.44,73.63,0.8761,2,2,-1
242,10,1069.51,445.15,32.59,88.52,0.8864,2,2,-1
242,11,1148.08,475.23,43.98,84.20,0.8357,2,2,-1
242,12,187.58,556.15,81.69,124.75,0.9318,2,1,-1
242,13,391.98,441.68,53.78,105.67,0.9291,3,0,-1
242,14,1484.29,507.74,67.11,113.69,0.6477,2,2,-1
242,17,932.20,518.17,48.73,125.70,0.9262,2,1,-1
242,20,452.83,356.09,37.55,63.84,0.7856,2,1,-1
242,23,271.01,490.83,47.02,107.41,0.9116,2,2,-1
242,24,1289.23,489.95,49.13,102.72,0.8988,2,2,-1
242,43,785.23,469.17,56.65,90.21,0.8984,2,2,-1
242,59,1093.01,456.74,54.53,84.48,0.7961,2,-1,-1
242,64,1427.01,500.11,55.34,99.76,0.7517,2,2,-1
242,65,197.56,484.95,43.60,100.84,0.8930,2,1,-1
242,69,1090.97,512.98,26.26,50.50,0.5735,2,-1,-1
243,2,753.59,584.01,48.35,143.81,0.8905,2,1,-1
243,3,1299.26,472.61,40.35,73.35,0.8357,2,1,-1
243,9,941.48,470.64,43.56,77.34,0.8812,2,2,-1
243,10,1076.85,447.30,26.54,66.05,0.7162,2,2,-1
243,11,1151.04,478.12,40.56,80.99,0.8802,2,2,-1
243,12,204.38,556.35,83.34,123.46,0.9257,2,1,-1
243,13,402.78,440.87,58.87,103.64,0.9382,3,0,-1
243,17,943.60,521.62,46.98,120.78,0.6468,2,1,-1
243,20,465.13,359.61,33.00,60.02,0.8330,2,1,-1
243,23,285.09,489.16,45.28,108.09,0.8754,2,2,-1
243,31,990.57,481.00,38.67,103.58,0.8465,2,2,-1
243,42,1485.68,513.41,41.89,110.73,0.7452,2,2,-1
243,43,787.18,471.62,50.17,89.48,0.9154,2,2,-1
243,64,1439.45,498.53,55.66,99.03,0.7869,2,2,-1
243,65,219.07,484.45,38.91,98.44,0.8940,2,1,-1
244,2,764.11,586.08,47.87,140.89,0.8959,2,1,-1
244,9,943.90,469.19,51.02,98.02,0.8842,2,2,-1
244,10,1079.06,447.66,33.36,62.05,0.8714,2,2,-1
244,11,1153.89,479.31,48.08,103.42,0.8893,2,2,-1
244,12,217.49,551.70,87.74,128.07,0.9355,2,1,-1
244,13,413.32,440.74,58.98,103.55,0.9306,3,0,-1
244,20,476.55,362.19,34.15,56.33,0.8646,2,1,-1
244,23,298.82,489.89,42.99,104.05,0.8971,2,2,-1
244,24,1300.81,484.47,56.71,107.26,0.8492,2,2,-1
244,31,1002.75,506.23,35.15,78.55,0.8745,2,2,-1
244,43,793.02,472.98,52.67,86.76,0.9240,2,2,-1
244,64,1443.38,497.75,54.03,102.55,0.7415,2,2,-1
244,65,241.99,483.17,36.38,89.51,0.7036,2,1,-1
244,69,1101.46,522.17,20.55,40.33,0.6953,2,-1,-1
245,2,769.81,589.63,50.60,137.66,0.9025,2,1,-1
245,4,1397.94,461.38,51.37,77.71,0.9239,2,1,-1
245,9,949.66,469.19,47.82,101.07,0.9114,2,2,-1
245,10,1078.49,445.42,40.47,77.01,0.8369,2,2,-1
245,11,1166.98,481.64,40.58,80.02,0.8714,2,2,-1
245,12,232.18,554.57,89.18,124.34,0.9278,2,1,-1
245,13,423.17,440.48,56.86,105.85,0.9368,3,0,-1
245,20,483.35,359.16,41.92,60.25,0.9116,2,1,-1
245,23,308.97,489.00,46.10,101.16,0.8989,2,2,-1
245,24,1303.29,482.91,59.73,109.16,0.8534,2,2,-1
245,31,1011.43,509.48,37.70,75.94,0.8800,2,2,-1
245,43,794.46,472.69,61.33,85.58,0.9369,2,2,-1
245,64,1453.70,497.37,49.92,102.15,0.7249,2,2,-1
245,65,257.75,479.06,36.66,95.08,0.8792,2,1,-1
245,69,1114.14,461.90,35.20,74.03,0.8103,2,-1,-1
245,71,1478.79,477.14,41.05,69.05,0.5999,2,-1,-1
245,0,1743.45,899.00,16.97,16.43,1.0,0,-1,-1
246,2,771.18,593.07,55.23,134.39,0.9383,2,1,-1
246,4,1396.76,455.12,58.09,81.48,0.9020,2,1,-1
246,9,953.91,471.03,45.22,100.72,0.9056,2,2,-1
246,10,1080.66,444.38,40.32,70.30,0.8837,2,2,-1
246,11,1166.45,478.96,50.46,105.00,0.9028,2,2,-1
246,12,241.61,549.75,89.09,126.46,0.9314,2,1,-1
246,13,431.99,438.86,52.38,106.00,0.9315,3,0,-1
246,20,487.28,357.10,47.68,62.58,0.9040,2,1,-1
246,23,316.60,488.02,52.95,104.09,0.9054,2,2,-1
246,24,1301.11,478.33,63.86,112.54,0.8854,2,2,-1
246,31,1019.87,508.82,36.75,76.53,0.8675,2,2,-1
246,43,798.34,471.93,64.09,87.97,0.9388,2,2,-1
246,64,1462.68,497.17,44.42,95.22,0.6004,2,2,-1
246,65,274.39,472.15,38.98,104.70,0.8760,2,1,-1
246,69,1119.66,459.05,38.13,78.17,0.7790,2,2,-1
247,2,774.19,594.35,61.98,133.11,0.9329,2,1,-1
247,4,1393.46,451.17,63.07,86.01,0.8183,2,1,-1
247,9,958.25,472.24,40.66,99.36,0.8790,2,2,-1
247,10,1080.42,442.81,40.10,68.98,0.8670,2,2,-1
247,11,1173.43,478.21,48.12,105.45,0.9030,2,2,-1
247,12,249.32,548.12,85.55,126.28,0.9337,2,1,-1
247,13,437.97,437.34,46.43,104.22,0.9273,3,0,-1
247,14,1494.10,515.52,62.09,107.00,0.8262,2,2,-1
247,17,979.57,530.53,44.80,110.88,0.9277,2,1,-1
247,20,491.86,357.79,48.43,63.25,0.8937,2,1,-1
247,23,322.37,486.82,61.50,106.11,0.9125,2,2,-1
247,24,1303.44,480.61,57.99,107.62,0.7945,2,2,-1
247,31,1023.31,473.26,40.76,112.94,0.8914,2,2,-1
247,43,798.64,472.45,63.85,87.83,0.9127,2,2,-1
247,65,284.99,462.06,42.53,112.64,0.8556,2,1,-1
247,69,1118.27,492.02,32.30,69.52,0.8313,2,2,-1
248,2,774.87,594.95,69.18,131.83,0.9381,2,1,-1
248,3,1330.95,476.65,39.07,71.35,0.7033,2,1,-1
248,4,1396.22,462.87,57.29,74.58,0.7330,2,1,-1
248,9,960.42,473.06,36.36,98.23,0.8594,2,2,-1
248,10,1079.96,443.51,35.82,59.55,0.8051,2,2,-1
248,11,1175.47,476.11,48.40,109.16,0.9191,2,2,-1
248,12,251.94,546.01,82.16,127.35,0.9223,2,1,-1
248,13,440.63,433.78,42.83,108.73,0.9229,3,0,-1
248,14,1480.85,503.29,75.19,113.76,0.9035,2,2,-1
248,17,982.77,520.32,48.29,120.75,0.8751,2,1,-1
248,20,494.46,361.61,44.58,59.60,0.8009,2,1,-1
248,23,325.48,481.70,65.93,111.25,0.9043,2,2,-1
248,31,1027.89,474.52,35.00,111.35,0.8911,2,2,-1
248,43,794.87,472.19,59.67,87.66,0.8894,2,2,-1
248,65,294.60,458.95,42.57,111.08,0.8158,2,1,-1
248,69,1127.89,503.45,29.16,60.03,0.8140,2,2,-1
249,2,781.42,594.97,69.91,131.58,0.9448,2,1,-1
249,3,1312.74,482.18,35.53,68.96,0.6016,2,1,-1
249,8,494.37,360.73,26.55,61.57,0.8308,2,1,-1
249,9,960.56,472.74,31.66,85.64,0.8520,2,2,-1
249,10,1074.94,441.36,46.22,78.49,0.7826,2,2,-1
249,11,1172.69,476.47,51.77,108.17,0.9227,2,2,-1
249,12,256.47,541.68,80.32,130.40,0.9136,2,1,-1
249,13,443.47,431.83,42.32,110.62,0.7819,3,0,-1
249,14,1478.21,502.86,76.07,114.85,0.5752,2,2,-1
249,17,983.09,519.23,51.97,122.90,0.9127,2,1,-1
249,23,324.76,477.56,62.98,111.86,0.8783,2,2,-1
249,31,1030.83,475.41,34.12,109.55,0.8949,2,2,-1
249,43,786.50,472.22,48.48,87.09,0.9061,2,2,-1
249,69,1117.08,461.99,45.74,105.46,0.8674,2,2,-1
250,1,306.28,475.86,46.35,78.37,0.8489,2,2,-1
250,2,783.61,594.67,71.69,131.95,0.9474,2,1,-1
250,3,1331.76,477.78,44.95,103.59,0.8491,2,1,-1
250,8,496.69,361.90,29.35,60.84,0.8532,2,1,-1
250,9,957.87,470.97,31.80,79.19,0.8771,2,2,-1
250,10,1073.56,461.09,32.74,65.96,0.8434,2,2,-1
250,11,1172.75,477.89,54.09,107.64,0.9262,2,2,-1
250,12,261.92,539.27,79.81,132.02,0.8079,2,1,-1
250,13,448.09,431.56,39.86,110.47,0.9136,3,0,-1
250,14,1517.82,488.74,41.88,65.94,0.8769,2,2,-1
250,17,986.93,519.81,52.70,125.92,0.9142,2,1,-1
250,31,1032.63,474.52,36.30,109.97,0.8937,2,2,-1
250,43,781.13,471.55,51.18,87.10,0.9290,2,2,-1
250,49,356.43,539.90,20.00,43.38,0.7406,2,2,-1
250,69,1115.01,457.15,49.48,111.55,0.8868,2,2,-1
251,1,311.61,475.98,48.11,74.64,0.8241,2,2,-1
251,2,787.75,592.75,68.76,131.48,0.9377,2,1,-1
251,3,1332.85,477.31,47.45,104.70,0.9148,2,1,-1
251,8,499.88,364.60,31.52,57.98,0.8527,2,1,-1
251,9,952.34,468.98,41.99,100.81,0.9072,2,2,-1
251,10,1068.10,450.32,37.49,77.15,0.8450,2,2,-1
251,11,1174.16,483.18,50.27,108.29,0.8820,2,2,-1
251,12,268.71,536.94,80.58,131.87,0.8124,2,1,-1
251,13,451.52,432.09,39.83,108.08,0.9283,3,0,-1
251,14,1524.17,489.62,39.83,63.14,0.7268,2,2,-1
251,17,987.03,520.30,54.88,124.27,0.9128,2,1,-1
251,31,1035.57,472.95,37.69,110.58,0.8886,2,2,-1
251,43,778.56,469.95,58.36,90.92,0.9266,2,2,-1
251,49,351.82,537.40,23.33,44.30,0.8805,2,2,-1
251,64,1474.04,498.18,48.20,100.25,0.5118,2,2,-1
251,69,1114.03,454.58,52.22,110.99,0.9091,2,2,-1
252,1,323.96,444.43,50.11,72.99,0.8141,2,2,-1
252,2,789.92,590.56,65.08,133.81,0.9343,2,1,-1
252,3,1336.19,476.03,48.81,105.19,0.9279,2,1,-1
252,9,949.67,467.98,45.85,103.57,0.9112,2,2,-1
252,11,1174.80,483.50,43.33,107.42,0.8611,2,2,-1
252,12,273.06,535.76,80.61,131.96,0.8284,2,1,-1
252,13,455.25,433.56,40.60,107.61,0.9273,3,0,-1
252,14,1523.49,451.89,48.40,100.88,0.8551,2,2,-1
252,17,986.74,521.96,57.04,123.03,0.9250,2,1,-1
252,20,497.39,355.84,41.58,67.92,0.9027,2,1,-1
252,24,1299.83,479.36,46.04,108.43,0.8893,2,2,-1
252,31,1040.31,470.78,41.00,114.37,0.9023,2,2,-1
252,43,775.02,470.33,61.03,87.68,0.9338,2,2,-1
252,49,354.98,535.83,20.87,42.85,0.8148,2,2,-1
252,64,1463.25,513.79,41.86,114.44,0.8527,2,2,-1
252,69,1113.57,455.00,55.06,109.08,0.9281,2,2,-1
252,74,1391.03,454.11,35.26,85.02,0.9048,2,-1,-1
253,1,315.80,443.88,62.31,89.70,0.7814,2,2,-1
253,2,792.92,586.09,55.68,135.97,0.9383,2,1,-1
253,3,1335.34,474.69,53.58,112.35,0.9232,2,1,-1
253,9,944.85,468.22,50.30,103.28,0.9097,2,2,-1
253,10,1058.58,439.65,52.48,85.50,0.9143,2,2,-1
253,11,1177.65,484.62,37.40,105.97,0.8908,2,2,-1
253,12,275.64,534.70,77.21,134.00,0.8495,2,1,-1
253,13,454.49,435.44,43.40,106.20,0.9225,3,0,-1
253,17,986.08,523.04,56.80,121.37,0.8406,2,1,-1
253,20,496.34,358.03,43.48,64.51,0.8914,2,1,-1
253,43,769.20,469.57,63.50,82.94,0.9207,2,2,-1
253,49,356.90,534.96,19.76,43.81,0.8761,2,2,-1
253,50,1495.67,529.44,38.73,71.49,0.6081,2,2,-1
253,64,1453.19,514.28,50.55,114.09,0.8334,2,2,-1
253,69,1111.76,460.91,56.58,104.53,0.9198,2,2,-1
253,71,1536.43,483.47,32.71,68.01,0.8779,1,-1,-1
253,74,1389.15,452.60,41.47,85.79,0.9279,2,-1,-1
253,0,367.51,417.17,17.93,19.50,1.0,0,-1,-1
254,1,312.41,455.74,55.71,79.50,0.7821,2,2,-1
254,2,794.53,583.74,48.35,137.55,0.9212,2,1,-1
254,3,1336.18,475.18,55.56,112.24,0.9120,2,1,-1
254,9,944.15,469.14,55.30,104.26,0.9194,2,2,-1
254,10,1054.56,436.80,55.91,81.61,0.9073,2,2,-1
254,11,1175.26,485.01,36.80,106.42,0.8742,2,2,-1
254,12,280.72,536.67,73.38,132.60,0.9167,2,1,-1
254,13,452.14,437.53,48.01,99.96,0.9142,3,0,-1
254,17,992.15,531.19,47.69,113.46,0.9107,2,1,-1
254,20,497.20,366.83,39.75,55.19,0.8491,2,1,-1
254,43,761.68,469.66,66.04,87.05,0.9087,2,2,-1
254,49,358.38,535.53,19.83,44.33,0.8190,2,2,-1
254,64,1447.56,512.00,58.85,114.62,0.8734,2,2,-1
254,69,1109.69,458.71,58.04,108.11,0.9105,2,2,-1
254,71,1539.39,475.81,32.91,75.77,0.8674,1,-1,-1
254,74,1383.52,444.78,50.59,95.60,0.9325,2,-1,-1
255,1,320.08,461.75,53.69,74.89,0.8019,2,2,-1
255,2,794.11,581.60,47.26,140.49,0.8029,2,1,-1
255,3,1337.89,475.01,55.43,109.57,0.9167,2,1,-1
255,9,940.55,471.64,52.46,105.03,0.7940,2,2,-1
255,10,1044.00,435.90,42.72,71.20,0.8205,2,2,-1
255,11,1175.53,483.49,35.76,102.19,0.6514,2,2,-1
255,12,279.29,539.44,77.29,129.25,0.9118,2,1,-1
255,13,449.76,438.60,55.15,98.55,0.9393,3,0,-1
255,17,991.06,521.33,47.77,121.99,0.8300,2,1,-1
255,24,1299.88,475.38,45.57,100.79,0.8038,2,2,-1
255,43,757.03,471.09,61.15,88.23,0.8619,2,2,-1
255,49,360.52,538.20,18.76,43.88,0.8448,2,2,-1
255,64,1440.97,510.30,64.03,115.49,0.9092,2,2,-1
255,69,1105.19,460.98,55.09,104.13,0.8202,2,2,-1
255,71,1546.17,479.80,30.54,71.21,0.8896,1,3,-1
255,74,1378.19,442.20,56.07,96.41,0.9216,2,1,-1
256,1,338.20,450.65,54.98,73.91,0.7652,2,2,-1
256,2,793.16,579.87,47.15,143.18,0.8092,2,1,-1
256,9,935.82,473.97,49.42,103.73,0.8738,2,2,-1
256,10,1040.30,436.53,40.62,83.86,0.8315,2,2,-1
256,11,1175.23,482.00,41.28,107.31,0.9047,2,2,-1
256,12,274.31,543.51,82.67,125.65,0.8929,2,1,-1
256,13,449.69,439.20,59.97,98.12,0.9365,3,0,-1
256,17,995.34,522.41,42.29,123.21,0.8798,2,1,-1
256,43,752.90,472.01,48.21,86.71,0.8974,2,2,-1
256,49,361.66,539.52,18.43,45.03,0.8219,2,2,-1
256,53,1488.39,498.59,55.88,103.05,0.9182,2,2,-1
256,59,1281.25,474.65,66.85,116.12,0.8758,2,2,-1
256,64,1435.01,510.66,64.38,112.29,0.9162,2,2,-1
256,69,1105.72,462.73,47.44,103.78,0.8753,2,2,-1
256,71,1549.83,480.17,28.71,69.79,0.9236,1,3,-1
256,74,1374.88,455.88,57.77,82.44,0.9318,2,1,-1
257,1,328.52,453.46,63.50,86.26,0.7360,2,2,-1
257,2,799.96,581.05,39.61,111.64,0.8424,2,1,-1
257,3,1336.10,477.59,50.41,105.75,0.8607,2,1,-1
257,6,497.79,366.71,24.98,59.79,0.7418,2,1,-1
257,9,930.21,475.34,47.82,102.39,0.9040,2,2,-1
257,10,1039.26,436.97,34.21,82.53,0.8484,2,2,-1
257,11,1175.82,481.25,41.17,107.36,0.9061,2,2,-1
257,12,270.10,545.38,88.42,123.70,0.9142,2,1,-1
257,13,454.49,439.02,61.57,97.96,0.9333,3,0,-1
257,17,996.28,524.33,37.23,122.15,0.8972,2,1,-1
257,24,1288.78,476.96,39.13,104.26,0.7994,2,2,-1
257,43,745.62,467.78,42.39,90.17,0.9213,2,2,-1
257,49,362.86,544.41,17.44,43.50,0.7922,2,2,-1
257,53,1488.52,498.13,56.18,103.72,0.9207,2,2,-1
257,64,1425.66,512.30,66.27,115.50,0.9012,2,2,-1
257,69,1105.10,463.53,40.66,103.22,0.8779,2,2,-1
257,71,1552.25,478.72,29.74,71.79,0.9004,1,3,-1
257,74,1373.92,460.17,55.41,79.27,0.6422,2,1,-1
257,76,1055.05,515.69,44.08,75.05,0.8258,2,-1,-1
258,1,338.37,456.57,62.63,78.06,0.8006,2,2,-1
258,2,794.34,582.20,44.84,135.72,0.9158,2,1,-1
258,3,1334.94,478.17,48.30,106.14,0.8845,2,1,-1
258,6,494.83,375.84,22.76,50.92,0.8141,2,1,-1
258,9,926.81,474.98,49.48,102.32,0.9171,2,2,-1
258,10,1033.35,437.29,33.84,86.80,0.7706,2,2,-1
258,11,1173.88,481.50,42.63,105.94,0.9069,2,2,-1
258,12,267.81,546.92,91.78,123.26,0.9319,2,1,-1
258,13,456.64,439.12,60.30,97.54,0.9343,3,0,-1
258,17,994.51,527.55,36.07,123.27,0.9043,2,1,-1
258,24,1286.49,479.04,34.56,111.80,0.8592,2,2,-1
258,43,740.91,466.12,46.92,90.20,0.9217,2,2,-1
258,49,364.87,549.10,18.57,42.34,0.8187,2,2,-1
258,53,1489.81,506.95,52.84,94.56,0.9171,2,2,-1
258,64,1418.60,513.38,66.75,117.27,0.8922,2,2,-1
258,69,1104.37,462.87,40.05,103.07,0.9028,2,2,-1
258,71,1553.78,480.43,29.74,69.73,0.9025,1,3,-1
258,76,1054.35,516.31,42.55,73.78,0.8512,2,-1,-1
259,2,793.85,585.15,44.48,136.22,0.9233,2,1,-1
259,3,1329.55,478.52,47.69,107.03,0.8845,2,1,-1
259,6,492.76,373.18,26.50,53.98,0.8675,2,1,-1
259,9,922.05,474.38,51.90,105.66,0.9226,2,2,-1
259,10,1030.73,460.91,27.32,58.70,0.7347,2,2,-1
259,11,1165.21,482.17,50.03,110.71,0.9237,2,2,-1
259,12,267.69,546.88,87.56,122.02,0.9374,2,1,-1
259,13,455.79,439.02,55.44,98.35,0.9288,3,0,-1
259,17,991.34,530.85,39.05,120.33,0.9093,2,1,-1
259,24,1284.27,525.07,24.86,66.35,0.8229,2,2,-1
259,43,730.89,463.69,53.91,91.90,0.9284,2,2,-1
259,53,1487.56,506.66,50.69,94.95,0.8994,2,2,-1
259,64,1404.05,515.54,51.11,106.83,0.8398,2,2,-1
259,65,366.27,456.61,37.62,77.19,0.7269,2,1,-1
259,69,1101.82,468.46,41.55,97.82,0.8779,2,2,-1
259,71,1555.23,485.18,29.75,65.74,0.8947,1,3,-1
259,74,1362.52,458.80,54.20,83.11,0.6626,2,1,-1
259,76,1058.05,517.81,37.86,72.57,0.7949,2,-1,-1
260,2,785.91,588.84,45.13,134.77,0.9167,2,1,-1
260,3,1324.94,478.49,46.17,107.81,0.8854,2,1,-1
260,6,485.50,373.10,32.40,54.55,0.8973,2,1,-1
260,9,918.04,475.08,51.76,103.57,0.9299,2,2,-1
260,10,1015.65,432.98,44.78,85.05,0.8857,2,2,-1
260,11,1163.59,484.78,40.79,86.61,0.8764,2,2,-1
260,12,268.61,546.01,84.03,123.00,0.9404,2,1,-1
260,13,453.61,436.94,48.34,99.48,0.9351,3,0,-1
260,17,986.64,532.96,43.82,118.38,0.9107,2,1,-1
260,24,1270.77,480.53,39.80,110.72,0.9032,2,2,-1
260,31,1053.94,478.30,34.63,111.06,0.8392,2,2,-1
260,43,719.27,464.26,59.52,86.54,0.9228,2,2,-1
260,50,1486.21,524.67,42.61,77.89,0.7190,2,2,-1
260,64,1396.17,516.99,46.59,114.54,0.8804,2,2,-1
260,65,370.17,459.41,39.90,76.50,0.7681,2,1,-1
260,69,1093.90,461.22,49.87,106.08,0.9255,2,2,-1
260,71,1555.21,486.18,30.07,64.95,0.8957,1,3,-1
260,74,1353.76,457.32,46.80,85.00,0.7639,2,1,-1
261,2,775.53,592.66,49.64,129.55,0.9413,2,1,-1
261,3,1319.07,477.38,47.65,106.85,0.8936,2,1,-1
261,9,910.07,476.44,52.92,102.23,0.9323,2,2,-1
261,10,1001.13,432.45,52.84,85.45,0.9081,2,2,-1
261,11,1152.36,487.15,40.63,84.78,0.8327,2,2,-1
261,12,269.30,546.11,77.78,122.54,0.9405,2,1,-1
261,13,449.20,433.78,41.97,102.01,0.9293,3,0,-1
261,17,977.13,533.52,53.57,117.45,0.9219,2,1,-1
261,20,473.54,364.64,44.61,62.08,0.9021,2,1,-1
261,23,357.15,509.31,35.72,78.29,0.7372,2,2,-1
261,24,1263.65,479.92,43.16,112.14,0.9001,2,2,-1
261,31,1051.95,477.70,30.41,81.84,0.8464,2,2,-1
261,43,703.74,464.51,64.65,87.65,0.8990,2,2,-1
261,50,1484.93,529.54,31.42,71.71,0.8409,2,2,-1
261,64,1385.74,516.80,50.06,114.61,0.8698,2,2,-1
261,69,1085.31,462.61,53.10,102.84,0.9153,2,2,-1
261,71,1552.11,482.25,31.61,68.48,0.5192,1,3,-1
262,2,766.11,595.79,57.87,129.47,0.9408,2,1,-1
262,3,1312.40,475.85,50.84,109.77,0.9038,2,1,-1
262,9,900.06,478.45,52.89,104.69,0.9291,2,2,-1
262,10,983.11,434.11,61.97,84.98,0.9243,2,2,-1
262,11,1140.30,488.00,48.47,108.66,0.8882,2,2,-1
262,12,269.06,544.80,71.86,123.51,0.9417,2,1,-1
262,13,443.27,430.44,39.71,105.11,0.9053,3,0,-1
262,17,962.41,533.83,64.82,117.20,0.9247,2,1,-1
262,23,354.05,504.82,36.49,82.51,0.7915,2,2,-1
262,24,1253.77,478.74,49.41,113.07,0.9257,2,2,-1
262,31,1044.57,476.45,36.25,114.40,0.8888,2,2,-1
262,43,690.48,465.68,60.54,88.58,0.8976,2,2,-1
262,50,1474.22,496.93,29.11,72.97,0.8403,2,2,-1
262,64,1370.54,514.37,59.35,117.86,0.9293,2,2,-1
262,69,1071.69,467.26,61.00,101.62,0.9166,2,2,-1
262,71,1550.34,480.82,31.98,69.72,0.5656,1,3,-1
263,2,765.09,598.21,58.96,126.61,0.9352,2,1,-1
263,3,1305.71,478.08,50.78,106.28,0.8941,2,1,-1
263,9,892.27,480.38,50.85,104.59,0.9266,2,2,-1
263,10,970.62,434.06,66.66,87.24,0.9111,2,2,-1
263,11,1135.66,487.38,47.82,109.21,0.8747,2,2,-1
263,12,266.31,542.36,65.01,124.38,0.9387,2,1,-1
263,13,438.24,429.89,38.31,103.46,0.8758,3,0,-1
263,17,954.04,533.96,69.28,117.63,0.9088,2,1,-1
263,23,354.60,501.63,36.36,85.79,0.7971,2,2,-1
263,24,1240.36,477.67,59.50,114.75,0.9233,2,2,-1
263,31,1041.95,477.50,35.84,117.75,0.8512,2,2,-1
263,43,682.48,465.33,51.36,90.70,0.8925,2,2,-1
263,53,1472.56,529.50,34.01,71.64,0.8297,2,2,-1
263,64,1358.33,512.75,65.59,119.70,0.9237,2,2,-1
263,69,1068.67,469.06,40.12,73.16,0.8332,2,2,-1
263,71,1549.38,477.53,32.82,73.21,0.7147,1,3,-1
264,2,762.04,599.42,60.73,125.38,0.9395,2,1,-1
264,3,1299.42,479.39,49.79,104.95,0.8698,2,1,-1
264,9,884.61,481.98,45.00,102.92,0.9170,2,2,-1
264,10,963.19,434.73,55.14,80.50,0.8447,2,2,-1
264,11,1132.87,486.23,45.21,109.02,0.9024,2,2,-1
264,12,261.71,540.48,63.19,125.01,0.9244,2,1,-1
264,13,433.02,431.15,39.10,101.50,0.9008,3,0,-1
264,17,947.96,534.20,72.34,117.58,0.9057,2,1,-1
264,23,347.36,492.82,41.85,95.02,0.8507,2,2,-1
264,24,1230.08,478.93,64.15,111.38,0.9231,2,2,-1
264,31,1038.86,479.43,35.03,116.97,0.8735,2,2,-1
264,43,672.83,464.77,41.03,89.34,0.8962,2,2,-1
264,53,1468.09,529.93,34.22,71.12,0.8031,2,2,-1
264,64,1338.79,514.83,74.22,113.62,0.8811,2,2,-1
264,69,1063.84,469.46,53.99,102.28,0.8921,2,2,-1
264,71,1548.37,475.57,32.69,74.83,0.7635,1,3,-1
265,2,756.22,597.96,61.93,129.24,0.9307,2,1,-1
265,3,1290.84,481.97,47.96,104.16,0.8930,2,1,-1
265,9,878.65,482.28,36.44,103.02,0.9162,2,2,-1
265,10,952.88,433.68,48.75,85.25,0.8156,2,2,-1
265,11,1128.58,485.34,43.63,108.82,0.9117,2,2,-1
265,12,255.15,538.82,60.85,125.84,0.8898,2,1,-1
265,13,446.33,399.35,16.32,39.57,0.6711,3,0,-1
265,17,944.65,534.95,67.87,114.95,0.8905,2,1,-1
265,23,345.35,497.74,40.62,89.26,0.8545,2,2,-1
265,24,1219.35,481.27,67.03,110.28,0.9222,2,2,-1
265,26,425.50,430.15,41.11,85.46,0.8978,2,2,-1
265,31,1033.27,479.37,34.59,117.31,0.5167,2,2,-1
265,42,1458.85,496.60,42.71,105.48,0.8968,2,2,-1
265,43,658.63,462.61,38.23,89.83,0.9055,2,2,-1
265,69,1055.22,469.84,51.82,101.62,0.8874,2,2,-1
265,71,1546.52,466.43,32.04,83.82,0.8910,1,3,-1
266,2,752.80,595.24,57.42,130.59,0.9299,2,1,-1
266,3,1284.03,486.48,44.81,102.50,0.8128,2,1,-1
266,9,870.55,480.50,36.33,105.07,0.9238,2,2,-1
266,10,947.16,433.19,39.35,88.02,0.8704,2,2,-1
266,11,1122.77,485.19,42.77,111.34,0.9202,2,2,-1
266,12,244.07,538.44,61.01,125.25,0.9318,2,1,-1
266,13,439.30,386.54,19.47,47.43,0.7175,3,0,-1
266,17,945.42,534.34,57.44,114.81,0.9069,2,1,-1
266,23,338.62,495.12,44.73,93.22,0.8381,2,2,-1
266,24,1213.45,483.33,63.66,110.35,0.9104,2,2,-1
266,26,416.86,431.41,46.36,94.92,0.9087,2,2,-1
266,42,1454.25,496.58,46.36,106.79,0.8916,2,2,-1
266,43,646.28,462.13,45.06,89.64,0.9144,2,2,-1
266,69,1047.43,468.13,46.10,103.77,0.8785,2,2,-1
266,71,1543.30,459.57,31.80,90.06,0.8946,1,3,-1
267,1,315.73,495.01,49.05,70.86,0.8681,2,2,-1
267,2,749.17,591.74,50.78,133.26,0.9357,2,1,-1
267,3,1277.51,489.49,41.23,99.23,0.6964,2,1,-1
267,9,858.43,479.01,42.49,107.85,0.9224,2,2,-1
267,10,938.20,431.80,37.02,89.10,0.9085,2,2,-1
267,11,1113.42,486.01,45.17,111.72,0.9208,2,2,-1
267,12,234.78,539.52,55.99,122.32,0.8406,2,1,-1
267,13,434.82,401.56,16.18,31.69,0.7560,3,0,-1
267,17,939.21,533.79,51.36,115.94,0.9270,2,1,-1
267,24,1209.53,484.41,57.04,108.04,0.8339,2,2,-1
267,26,410.13,433.24,44.53,82.52,0.9135,2,2,-1
267,31,1024.72,481.25,32.42,115.39,0.7880,2,2,-1
267,42,1445.34,498.15,51.17,105.64,0.9072,2,2,-1
267,43,630.20,461.11,52.96,90.64,0.9294,2,2,-1
267,71,1541.98,462.43,30.90,87.49,0.8689,1,3,-1
268,1,311.75,491.31,52.20,80.73,0.8184,2,2,-1
268,2,745.25,588.78,45.30,135.74,0.9317,2,1,-1
268,9,848.07,478.11,48.67,109.10,0.9320,2,2,-1
268,10,927.99,431.12,40.51,88.44,0.9190,2,2,-1
268,11,1104.30,488.09,48.92,113.15,0.9280,2,2,-1
268,12,227.08,540.08,60.86,123.03,0.9267,2,1,-1
268,13,421.81,398.52,24.40,34.41,0.8691,3,0,-1
268,17,936.55,532.75,41.86,117.21,0.9247,2,1,-1
268,24,1203.12,485.33,46.15,108.10,0.9149,2,2,-1
268,26,398.53,436.45,47.66,97.71,0.9106,2,2,-1
268,42,1438.47,499.72,54.88,101.58,0.9158,2,2,-1
268,43,614.25,461.99,56.66,89.61,0.9058,2,2,-1
268,59,1289.52,519.94,47.00,114.61,0.8191,2,2,-1
268,69,1031.32,480.06,39.19,90.82,0.8183,2,2,-1
268,71,1538.23,458.85,33.30,89.84,0.8620,1,3,-1
269,1,307.16,490.30,50.33,84.47,0.8034,2,2,-1
269,2,741.08,585.98,43.53,137.40,0.9183,2,1,-1
269,6,404.52,359.43,36.49,71.36,0.8903,2,1,-1
269,9,835.17,478.24,53.85,106.30,0.9324,2,2,-1
269,10,914.87,430.01,47.03,86.34,0.9210,2,2,-1
269,11,1098.76,490.40,46.06,113.35,0.8994,2,2,-1
269,12,217.76,542.82,62.90,123.51,0.9388,2,1,-1
269,17,930.56,531.41,39.09,116.38,0.8611,2,1,-1
269,24,1196.02,485.03,37.90,107.11,0.9007,2,2,-1
269,26,386.69,439.04,47.94,96.37,0.8678,2,-1,-1
269,42,1431.56,500.12,56.88,100.94,0.9213,2,2,-1
269,43,602.23,462.83,54.16,81.97,0.8691,2,2,-1
269,59,1277.35,541.05,43.27,93.41,0.8526,2,2,-1
269,69,1024.28,483.31,40.07,87.51,0.8396,2,2,-1
269,71,1533.85,460.37,36.53,89.28,0.8336,1,3,-1
270,1,301.76,487.46,46.55,88.89,0.8428,2,2,-1
270,2,734.05,585.93,44.28,136.17,0.9362,2,1,-1
270,6,396.79,370.45,32.60,62.58,0.6353,2,1,-1
270,9,820.02,478.76,59.08,105.52,0.9319,2,2,-1
270,10,897.87,431.02,56.16,87.76,0.9226,2,2,-1
270,11,1092.86,493.85,37.33,104.59,0.9042,2,2,-1
270,12,205.09,545.66,67.27,123.03,0.9477,2,1,-1
270,17,925.99,530.22,37.10,120.62,0.9116,2,1,-1
270,24,1189.00,484.38,34.59,108.47,0.9049,2,2,-1
270,26,369.27,440.98,55.58,95.26,0.9021,3,0,-1
270,31,1000.72,483.86,49.85,114.41,0.8690,2,2,-1
270,42,1419.82,501.17,60.63,102.42,0.9235,2,2,-1
270,43,585.47,465.23,43.72,73.53,0.8563,2,2,-1
270,59,1258.84,515.39,55.12,122.32,0.9012,2,2,-1
270,71,1529.96,461.16,38.39,89.18,0.6894,1,3,-1
270,0,73.13,585.95,20.63,11.98,1.0,0,-1,-1
271,2,726.79,586.02,45.99,135.86,0.9280,2,1,-1
271,6,380.85,363.11,37.85,72.70,0.8804,2,1,-1
271,9,807.95,479.93,60.57,108.19,0.9318,2,2,-1
271,10,875.80,430.41,64.58,90.35,0.9116,2,2,-1
271,11,1081.58,494.74,37.30,109.06,0.9031,2,2,-1
271,12,193.04,547.46,70.71,119.99,0.9268,2,1,-1
271,17,914.42,529.67,40.03,120.81,0.8919,2,1,-1
271,24,1179.48,481.51,35.93,111.17,0.9022,2,2,-1
271,26,354.47,441.92,61.33,95.83,0.9082,3,0,-1
271,31,991.10,493.18,49.33,106.86,0.8691,2,2,-1
271,42,1409.41,502.42,55.61,99.71,0.7562,2,2,-1
271,43,572.95,465.29,40.79,87.63,0.8705,2,2,-1
271,59,1240.43,516.30,62.78,117.58,0.8983,2,2,-1
271,65,316.64,486.99,40.90,95.13,0.7476,2,1,-1
271,71,1524.35,457.29,44.49,92.79,0.7954,1,3,-1
271,0,71.85,585.52,17.26,12.52,1.0,0,-1,-1
272,2,718.61,588.11,48.15,136.53,0.9293,2,1,-1
272,6,374.64,367.99,33.75,68.14,0.8723,2,1,-1
272,9,802.91,482.36,53.26,107.16,0.9241,2,2,-1
272,10,875.09,432.07,59.49,89.06,0.8887,2,2,-1
272,11,1075.24,494.53,31.36,85.13,0.8935,2,2,-1
272,12,184.61,547.83,69.88,120.17,0.9384,2,1,-1
272,17,903.23,529.25,45.47,122.13,0.9227,2,1,-1
272,24,1167.61,480.81,41.24,110.80,0.8980,2,2,-1
272,26,345.46,442.36,65.20,95.74,0.9205,3,0,-1
272,42,1394.28,503.65,54.60,98.56,0.8600,2,2,-1
272,43,562.98,465.28,34.27,93.46,0.8938,2,2,-1
272,59,1223.59,517.33,66.20,116.41,0.8353,2,2,-1
272,65,312.16,490.91,40.13,92.87,0.7674,2,1,-1
272,69,997.70,467.23,33.04,78.70,0.8103,2,2,-1
272,71,1516.24,458.16,51.80,92.83,0.8707,1,3,-1
272,74,1245.80,454.55,49.91,85.18,0.6075,2,1,-1
272,76,985.94,530.07,48.43,70.79,0.8484,2,2,-1
273,2,711.01,591.06,51.18,134.51,0.9303,2,1,-1
273,6,368.11,380.12,26.88,56.45,0.8451,2,1,-1
273,9,791.75,484.36,48.85,104.51,0.9212,2,2,-1
273,10,862.04,433.46,49.96,87.40,0.8484,2,2,-1
273,11,1064.88,492.54,38.00,109.93,0.8909,2,2,-1
273,12,176.72,548.68,69.22,121.66,0.9437,2,1,-1
273,17,891.75,528.66,51.24,122.87,0.9329,2,1,-1
273,23,282.95,485.18,65.05,106.69,0.8961,2,2,-1
273,24,1155.62,483.35,49.09,109.47,0.8974,2,2,-1
273,26,341.75,441.95,64.89,96.62,0.9194,3,0,-1
273,42,1382.68,502.89,54.12,98.55,0.7762,2,2,-1
273,43,550.10,463.60,33.02,93.10,0.8816,2,2,-1
273,59,1207.31,518.07,66.69,117.36,0.8416,2,2,-1
273,69,985.58,469.50,36.00,90.25,0.8318,2,2,-1
273,71,1508.26,461.00,57.64,89.81,0.9021,1,3,-1
274,1,278.76,486.68,44.43,106.54,0.7991,2,2,-1
274,2,697.37,593.09,58.95,135.11,0.9375,2,1,-1
274,6,358.30,385.46,22.75,49.68,0.7814,2,1,-1
274,9,779.24,485.35,43.24,103.41,0.9205,2,2,-1
274,10,854.78,432.96,49.44,88.36,0.8514,2,2,-1
274,11,1058.40,491.56,39.15,110.64,0.9122,2,2,-1
274,12,172.60,547.25,66.66,121.37,0.9414,2,1,-1
274,17,886.52,529.83,53.09,123.80,0.9382,2,1,-1
274,24,1145.46,480.25,53.68,111.64,0.8952,2,2,-1
274,26,339.68,440.34,61.26,98.32,0.9099,3,0,-1
274,31,985.01,490.78,44.02,109.18,0.8911,2,2,-1
274,42,1386.53,501.40,44.08,98.24,0.8853,2,2,-1
274,43,536.89,462.17,40.13,91.87,0.9250,2,2,-1
274,59,1195.10,517.93,62.15,120.93,0.8259,2,2,-1
274,71,1502.06,461.02,60.97,89.67,0.9160,1,3,-1
274,0,1435.67,638.41,18.00,16.14,1.0,0,-1,-1
275,1,274.51,486.41,39.78,107.67,0.8425,2,2,-1
275,2,687.74,593.52,63.75,134.42,0.9370,2,1,-1
275,6,350.58,385.25,23.28,51.12,0.8647,2,1,-1
275,9,766.60,484.54,42.93,104.73,0.9160,2,2,-1
275,10,843.54,432.06,49.70,89.29,0.8878,2,2,-1
275,11,1051.80,491.00,40.24,113.40,0.8980,2,2,-1
275,12,169.13,546.85,62.84,122.08,0.9447,2,1,-1
275,17,882.36,529.49,53.25,123.56,0.9394,2,1,-1
275,24,1139.06,492.03,51.62,98.36,0.9084,2,2,-1
275,26,338.92,437.52,51.96,101.00,0.9019,3,0,-1
275,27,1190.91,520.53,42.31,84.02,0.7864,2,2,-1
275,42,1370.39,498.61,52.99,101.53,0.9105,2,2,-1
275,43,521.50,460.75,48.23,91.85,0.9285,2,2,-1
275,69,969.53,470.47,36.65,104.82,0.8930,2,2,-1
275,71,1495.11,458.28,65.52,92.32,0.9017,1,3,-1
276,1,268.06,486.82,36.80,107.05,0.8477,2,2,-1
276,2,678.05,594.98,66.05,133.86,0.9383,2,1,-1
276,3,1207.68,488.63,32.33,63.39,0.7745,2,1,-1
276,6,337.16,363.58,32.19,73.77,0.9067,2,1,-1
276,9,755.41,483.38,47.65,107.81,0.9171,2,2,-1
276,10,826.04,430.22,55.27,90.70,0.9173,2,2,-1
276,11,1040.94,490.33,46.50,114.16,0.9206,2,2,-1
276,12,164.57,546.46,61.70,121.20,0.9394,2,1,-1
276,17,879.46,529.62,51.95,124.46,0.9431,2,1,-1
276,24,1133.22,498.28,48.77,91.29,0.8816,2,2,-1
276,26,332.63,434.49,45.36,103.55,0.9133,3,0,-1
276,42,1367.13,497.42,53.77,103.91,0.9199,2,2,-1
276,43,506.35,460.80,51.55,89.68,0.9095,2,2,-1
276,59,1171.96,520.76,50.79,116.13,0.8429,2,2,-1
276,69,963.24,468.85,36.13,106.29,0.8894,2,2,-1
276,71,1488.75,460.01,64.14,89.07,0.9000,1,3,-1
277,1,259.10,486.25,37.08,107.65,0.8128,2,2,-1
277,2,672.55,594.62,65.36,133.98,0.9381,2,1,-1
277,3,1197.50,487.22,40.78,99.67,0.8445,2,1,-1
277,6,326.64,361.61,36.91,75.30,0.9129,2,1,-1
277,9,744.13,483.07,51.96,106.29,0.9258,2,2,-1
277,10,814.00,428.76,58.10,90.47,0.9276,2,2,-1
277,11,1033.62,491.16,48.88,113.73,0.9233,2,2,-1
277,12,161.79,544.91,57.43,122.32,0.9465,2,1,-1
277,17,875.61,529.12,52.12,124.52,0.9374,2,1,-1
277,24,1122.77,483.13,48.15,106.85,0.8496,2,2,-1
277,26,328.26,432.83,39.79,104.89,0.9160,3,0,-1
277,42,1358.11,497.36,55.68,105.83,0.9213,2,2,-1
277,43,488.91,461.75,46.77,87.92,0.8346,2,2,-1
277,59,1162.38,519.24,50.01,118.31,0.8514,2,2,-1
277,69,958.20,467.26,34.83,108.87,0.9187,2,2,-1
277,71,1475.19,458.40,67.38,91.20,0.7347,1,3,-1
278,1,248.44,484.63,39.57,109.26,0.8625,2,2,-1
278,2,668.38,594.64,65.22,134.73,0.9367,2,1,-1
278,6,315.19,361.50,41.46,76.39,0.8711,2,1,-1
278,9,732.54,483.82,57.70,106.29,0.9275,2,2,-1
278,10,800.00,429.71,62.49,86.72,0.9346,2,2,-1
278,11,1025.10,494.11,49.51,115.17,0.9239,2,2,-1
278,12,158.22,543.64,52.39,123.10,0.9378,2,1,-1
278,17,871.74,528.42,50.36,124.19,0.9299,2,1,-1
278,24,1119.81,481.49,41.99,107.00,0.8317,2,2,-1
278,26,321.86,431.47,39.72,105.79,0.9007,3,0,-1
278,31,949.18,465.80,36.89,107.13,0.9065,2,2,-1
278,42,1348.28,498.48,58.00,105.98,0.9250,2,2,-1
278,43,477.72,463.17,41.08,89.87,0.8809,2,2,-1
278,59,1149.82,517.91,55.85,120.43,0.9114,2,2,-1
278,74,1182.48,449.12,34.93,65.35,0.7777,2,1,-1
279,2,665.97,594.96,63.17,134.44,0.9456,2,1,-1
279,3,1184.01,488.63,36.84,92.72,0.8513,2,1,-1
279,6,307.17,375.50,35.66,64.28,0.5536,2,1,-1
279,9,717.13,484.85,63.18,106.39,0.9337,2,2,-1
279,10,786.62,429.86,66.61,87.30,0.9275,2,2,-1
279,11,1018.37,496.02,48.82,114.28,0.8953,2,2,-1
279,12,153.75,542.89,48.63,121.99,0.9382,2,1,-1
279,17,865.49,527.87,50.43,125.95,0.8883,2,1,-1
279,24,973.57,487.52,45.65,114.48,0.9149,2,2,-1
279,26,312.65,430.53,41.27,106.32,0.9114,3,0,-1
279,31,936.36,465.76,41.53,108.47,0.9162,2,2,-1
279,42,1338.11,499.20,60.40,105.22,0.9098,2,2,-1
279,43,462.82,464.28,41.54,91.09,0.8929,2,2,-1
279,59,1135.55,517.74,63.26,120.52,0.9165,2,2,-1
279,65,236.12,483.73,52.04,110.84,0.8872,2,1,-1
279,0,51.95,589.28,16.35,12.73,1.0,0,-1,-1
280,2,663.66,595.07,62.00,133.74,0.9392,2,1,-1
280,3,1168.23,475.58,30.56,73.58,0.7546,2,1,-1
280,9,705.09,486.97,65.20,107.24,0.9349,2,2,-1
280,10,776.41,435.46,63.55,84.41,0.8953,2,2,-1
280,11,1010.93,497.25,43.37,113.15,0.8850,2,2,-1
280,12,150.50,541.76,46.47,124.24,0.9368,2,1,-1
280,17,860.90,528.10,50.56,125.94,0.7196,2,1,-1
280,24,973.43,487.34,42.80,116.70,0.9145,2,2,-1
280,26,304.53,431.93,41.95,105.34,0.9193,3,0,-1
280,31,925.13,465.76,44.63,107.84,0.9242,2,2,-1
280,42,1332.99,499.71,56.22,105.24,0.9190,2,2,-1
280,43,448.74,463.44,43.22,90.65,0.9207,2,2,-1
280,59,1116.85,521.12,72.70,116.95,0.9209,2,2,-1
280,65,227.14,484.42,53.80,110.60,0.8951,2,1,-1
280,71,1448.24,460.87,63.50,85.83,0.7753,1,3,-1
280,0,50.01,589.59,14.40,12.54,1.0,0,-1,-1
281,1,221.30,486.01,39.47,108.53,0.8821,2,2,-1
281,2,657.88,594.93,62.31,133.23,0.9293,2,1,-1
281,3,1166.20,484.61,39.84,89.55,0.8646,2,1,-1
281,6,286.10,366.19,38.53,74.69,0.8254,2,1,-1
281,9,698.75,490.17,60.61,104.48,0.9321,2,2,-1
281,10,769.14,438.40,57.13,82.15,0.8724,2,2,-1
281,11,1002.51,494.50,40.80,116.49,0.8603,2,2,-1
281,12,146.76,541.17,43.89,121.84,0.9285,2,1,-1
281,17,856.94,527.21,48.10,127.31,0.8744,2,1,-1
281,24,969.35,487.21,42.18,118.78,0.9023,2,2,-1
281,26,294.27,433.12,44.86,104.61,0.9274,3,0,-1
281,31,918.76,467.43,44.34,107.84,0.9229,2,2,-1
281,42,1326.68,499.21,50.03,106.18,0.9196,2,2,-1
281,43,435.33,462.35,46.11,91.07,0.9167,2,2,-1
281,59,1101.58,521.95,77.82,117.64,0.8936,2,2,-1
281,71,1436.68,459.49,71.27,87.42,0.8751,1,3,-1
282,1,215.24,485.20,39.86,110.68,0.8333,2,2,-1
282,2,652.91,594.03,64.29,134.48,0.9394,2,1,-1
282,3,1140.09,450.45,39.70,99.08,0.8622,2,1,-1
282,6,277.84,365.32,36.71,75.84,0.8799,2,1,-1
282,9,688.99,490.86,55.75,104.84,0.9182,2,2,-1
282,10,747.16,434.36,64.21,86.34,0.8253,2,2,-1
282,12,141.94,540.45,42.85,124.49,0.9230,2,1,-1
282,17,852.52,527.69,45.00,126.94,0.9273,2,1,-1
282,24,969.09,487.83,39.29,119.06,0.9065,2,2,-1
282,26,283.16,435.56,48.30,102.96,0.9285,3,0,-1
282,31,912.21,469.10,43.32,106.92,0.9168,2,2,-1
282,40,1893.30,587.80,27.11,134.89,0.8575,2,1,-1
282,42,1319.22,496.42,44.64,109.24,0.9004,2,2,-1
282,43,421.39,461.30,52.29,92.75,0.9184,2,2,-1
282,59,1084.63,478.80,46.23,73.22,0.8426,2,2,-1
282,0,47.89,592.56,12.21,10.57,1.0,0,-1,-1
283,2,645.41,592.69,62.10,135.21,0.9144,2,1,-1
283,3,1155.84,479.87,39.28,94.88,0.8776,2,1,-1
283,6,270.55,364.93,34.92,74.86,0.8534,2,1,-1
283,9,678.93,489.33,45.33,105.82,0.9131,2,2,-1
283,10,731.88,431.35,66.50,89.66,0.8403,2,2,-1
283,12,138.88,541.01,40.16,123.56,0.9290,2,1,-1
283,17,848.23,528.08,44.56,126.28,0.9009,2,1,-1
283,24,967.63,486.76,38.83,117.80,0.8565,2,2,-1
283,26,272.78,437.15,52.66,103.53,0.9312,3,0,-1
283,31,904.34,470.72,43.41,106.07,0.9237,2,2,-1
283,40,1889.86,583.56,28.14,137.21,0.5918,2,1,-1
283,43,408.23,461.16,53.93,88.70,0.9163,2,2,-1
283,50,1313.28,522.79,35.71,81.93,0.8968,2,2,-1
283,59,1080.93,478.11,41.14,68.09,0.8670,2,2,-1
283,65,208.17,482.99,61.55,112.21,0.9217,2,1,-1
283,71,1420.17,463.71,68.26,80.51,0.6016,1,3,-1
283,74,1133.57,457.82,32.09,65.52,0.8486,2,1,-1
284,2,638.53,592.57,56.85,136.34,0.9261,2,1,-1
284,3,1151.68,479.17,42.78,98.28,0.8896,2,1,-1
284,6,261.94,365.22,33.68,73.28,0.8157,2,1,-1
284,9,671.63,487.05,42.19,109.51,0.9044,2,2,-1
284,10,719.82,429.93,71.14,88.74,0.8723,2,2,-1
284,11,968.13,486.48,46.40,121.79,0.9095,2,2,-1
284,12,135.58,541.08,38.74,121.82,0.9272,2,1,-1
284,17,843.95,528.91,44.57,125.59,0.9211,2,1,-1
284,26,264.36,438.84,52.88,101.12,0.9265,3,0,-1
284,31,896.75,471.18,44.29,106.35,0.9178,2,2,-1
284,35,1402.87,462.37,37.73,82.03,0.7669,1,3,-1
284,40,1885.07,586.58,33.77,134.13,0.8871,2,1,-1
284,42,1304.56,493.47,37.26,111.48,0.9034,2,2,-1
284,43,393.81,462.21,52.82,89.21,0.9065,2,2,-1
284,59,1067.10,478.34,47.18,77.11,0.8608,2,2,-1
284,65,200.94,480.74,66.41,113.63,0.9254,2,1,-1
284,74,1120.96,454.22,36.64,95.13,0.8542,2,1,-1
285,2,631.16,591.34,54.11,138.21,0.9097,2,1,-1
285,3,1147.62,476.68,47.74,99.62,0.8823,2,1,-1
285,6,255.02,365.22,33.30,77.51,0.8857,2,1,-1
285,9,662.99,485.74,41.47,110.33,0.9117,2,2,-1
285,10,708.42,428.82,72.77,89.91,0.8644,2,2,-1
285,11,965.00,486.53,44.93,121.10,0.9174,2,2,-1
285,12,131.93,540.90,38.03,122.96,0.9234,2,1,-1
285,17,840.27,530.18,43.90,126.39,0.9096,2,1,-1
285,26,258.72,440.41,52.26,100.07,0.9365,3,0,-1
285,31,888.81,471.18,44.36,104.61,0.9184,2,2,-1
285,35,1395.80,461.74,38.44,81.64,0.8617,1,3,-1
285,40,1875.77,586.08,42.71,134.96,0.9181,2,1,-1
285,42,1298.52,492.99,36.20,109.24,0.9019,2,2,-1
285,43,382.42,462.90,47.72,90.70,0.9031,2,2,-1
285,59,1067.08,479.17,43.37,82.38,0.8674,2,2,-1
285,65,198.90,480.26,64.77,111.52,0.8981,2,1,-1
285,74,1112.06,460.27,32.29,88.30,0.8751,2,1,-1
285,81,1062.09,557.63,38.71,80.43,0.8757,2,-1,-1
285,0,38.73,592.41,13.98,13.02,1.0,0,-1,-1
286,2,624.16,592.61,52.48,135.42,0.9137,2,1,-1
286,3,1137.18,472.88,49.11,104.25,0.8796,2,1,-1
286,6,246.21,364.85,33.98,78.72,0.8982,2,1,-1
286,9,650.91,485.00,43.60,113.76,0.9121,2,2,-1
286,10,696.91,430.08,71.02,86.39,0.8905,2,2,-1
286,11,962.76,487.65,45.37,121.22,0.8967,2,2,-1
286,12,128.12,541.46,38.02,123.02,0.9101,2,1,-1
286,17,835.28,530.64,43.58,126.19,0.9045,2,1,-1
286,26,255.05,440.60,49.47,99.97,0.9311,3,0,-1
286,31,880.96,470.02,45.65,107.83,0.9216,2,2,-1
286,35,1393.53,475.72,33.37,69.35,0.6502,1,3,-1
286,40,1871.23,586.01,47.14,134.23,0.8981,2,1,-1
286,42,1290.37,493.21,36.81,108.21,0.8502,2,2,-1
286,43,371.44,463.66,44.48,92.23,0.8758,2,2,-1
286,65,196.51,481.59,60.07,109.14,0.8955,2,1,-1
286,74,1100.32,467.08,35.28,81.09,0.8784,2,1,-1
286,81,1043.08,518.86,52.00,121.19,0.9085,2,-1,-1
287,2,617.50,592.20,53.84,136.37,0.8869,2,1,-1
287,3,1131.16,470.20,49.61,105.50,0.8892,2,1,-1
287,6,236.56,364.70,35.28,79.63,0.9084,2,1,-1
287,9,639.13,484.05,45.45,114.95,0.9154,2,2,-1
287,10,682.13,428.60,80.66,90.30,0.9136,2,2,-1
287,11,949.53,494.15,42.92,118.85,0.8584,2,2,-1
287,12,123.63,540.73,39.31,123.29,0.9135,2,1,-1
287,17,831.55,531.97,42.57,125.44,0.9223,2,1,-1
287,26,250.50,441.12,47.90,99.42,0.9280,3,0,-1
287,31,872.38,469.95,46.47,108.82,0.9136,2,2,-1
287,35,1376.77,466.00,42.59,78.97,0.7402,1,3,-1
287,40,1865.41,585.51,52.37,135.60,0.9393,2,1,-1
287,42,1282.63,494.78,38.89,107.38,0.9088,2,2,-1
287,43,358.92,463.34,41.07,91.09,0.8250,2,2,-1
287,65,186.71,481.23,56.53,111.07,0.9001,2,1,-1
287,74,1093.60,470.36,38.35,79.09,0.8908,2,1,-1
287,81,1031.86,527.02,52.19,112.51,0.8961,2,-1,-1
288,1,161.37,483.73,33.93,114.72,0.8769,2,2,-1
288,2,610.38,593.14,56.42,136.00,0.8959,2,1,-1
288,3,1130.22,468.35,43.45,100.20,0.9062,2,1,-1
288,6,228.04,367.70,34.72,78.08,0.8743,2,1,-1
288,10,671.98,429.71,81.87,91.04,0.8897,2,2,-1
288,11,941.05,497.87,44.04,113.98,0.9053,2,2,-1
288,12,119.13,539.66,41.12,124.56,0.8890,2,1,-1
288,17,826.49,531.91,44.22,126.19,0.8862,2,1,-1
288,26,246.59,440.05,45.88,100.57,0.9298,3,0,-1
288,31,865.65,469.60,45.32,108.05,0.9128,2,2,-1
288,40,1859.91,585.45,53.84,134.34,0.9170,2,1,-1
288,42,1272.50,498.23,40.94,103.36,0.9042,2,2,-1
288,43,346.65,462.51,40.57,90.95,0.8418,2,2,-1
288,45,626.76,485.39,49.21,77.83,0.8526,3,0,-1
288,71,1356.55,465.32,65.47,80.30,0.8936,1,3,-1
288,74,1083.43,465.51,43.52,84.09,0.9031,2,1,-1
288,81,1017.26,520.10,56.41,114.96,0.8975,2,2,-1
289,2,604.06,594.89,59.19,133.66,0.9188,2,1,-1
289,3,1119.92,467.92,43.73,99.97,0.8112,2,1,-1
289,4,1335.47,429.29,78.16,114.39,0.8882,2,1,-1
289,6,220.02,371.60,32.91,73.90,0.8596,2,1,-1
289,9,616.65,486.68,49.36,111.88,0.9177,2,2,-1
289,10,661.68,431.44,80.25,90.15,0.7808,2,2,-1
289,11,933.00,501.40,47.81,111.22,0.9013,2,2,-1
289,12,113.98,539.57,44.65,123.43,0.9332,2,1,-1
289,17,822.77,532.83,43.52,125.36,0.8675,2,1,-1
289,26,243.41,438.88,43.45,101.42,0.9254,3,0,-1
289,31,859.33,469.54,45.38,110.16,0.9164,2,2,-1
289,40,1857.92,584.70,53.34,134.80,0.9190,2,1,-1
289,42,1259.67,501.53,47.99,103.30,0.9207,2,2,-1
289,43,333.20,460.50,45.67,92.78,0.9254,2,2,-1
289,65,162.34,480.08,51.44,113.71,0.7742,2,1,-1
289,74,1070.32,454.88,50.56,95.55,0.8931,2,1,-1
289,81,1000.66,522.30,53.76,113.28,0.7142,2,2,-1
290,1,148.00,483.56,32.68,111.02,0.8060,2,2,-1
290,2,599.20,595.09,63.51,136.57,0.9225,2,1,-1
290,3,1114.97,467.42,44.25,101.72,0.8652,2,1,-1
290,6,215.23,391.54,27.54,55.13,0.8775,2,1,-1
290,9,607.17,489.12,50.49,108.53,0.9129,2,2,-1
290,10,654.78,430.81,80.33,90.12,0.9057,2,2,-1
290,11,926.65,503.06,47.22,111.98,0.8996,2,2,-1
290,12,110.05,538.77,46.43,123.05,0.9198,2,1,-1
290,17,819.86,534.08,43.79,124.28,0.9156,2,1,-1
290,24,965.49,488.85,41.04,106.81,0.8129,2,2,-1
290,26,241.00,438.58,41.04,101.75,0.9208,3,0,-1
290,31,854.97,470.50,44.30,109.16,0.9206,2,2,-1
290,40,1856.66,584.88,51.37,134.18,0.9277,2,1,-1
290,42,1254.42,505.87,48.84,100.62,0.9190,2,2,-1
290,43,319.26,459.72,55.34,93.94,0.9328,2,2,-1
290,71,1330.25,458.78,76.89,83.78,0.9043,1,3,-1
290,74,1063.92,457.48,50.86,87.97,0.9191,2,1,-1
291,2,595.86,596.13,62.70,134.58,0.9153,2,1,-1
291,3,1119.55,467.83,38.02,100.34,0.8654,2,1,-1
291,6,207.69,374.10,32.46,71.91,0.8490,2,1,-1
291,9,596.88,490.33,53.74,108.47,0.9163,2,2,-1
291,10,645.13,430.68,82.91,90.51,0.8825,2,2,-1
291,11,918.03,503.42,45.68,112.99,0.8806,2,2,-1
291,12,107.52,537.41,49.61,124.78,0.9077,2,1,-1
291,17,819.25,533.95,43.99,124.97,0.9152,2,1,-1
291,24,961.86,489.15,47.90,119.21,0.8372,2,2,-1
291,26,240.19,437.83,37.71,103.44,0.9206,3,0,-1
291,31,851.94,471.49,43.10,104.79,0.9064,2,2,-1
291,40,1860.32,584.74,47.84,134.41,0.9303,2,1,-1
291,42,1252.14,508.62,48.49,95.90,0.9191,2,2,-1
291,43,304.43,459.25,62.74,90.75,0.9357,2,2,-1
291,59,1023.43,476.91,49.84,112.31,0.8888,2,2,-1
291,65,158.70,492.74,39.57,100.12,0.8397,2,1,-1
291,71,1328.31,469.61,65.83,71.90,0.6343,1,3,-1
292,2,594.26,595.88,63.81,134.07,0.9233,2,1,-1
292,3,1117.77,466.33,35.81,100.84,0.9193,2,1,-1
292,6,206.46,369.42,31.11,76.40,0.9132,2,1,-1
292,9,584.20,491.27,59.06,108.09,0.9132,2,2,-1
292,10,640.22,428.47,81.27,92.06,0.8960,2,2,-1
292,11,917.20,503.33,54.78,113.00,0.9165,2,2,-1
292,12,103.21,537.06,51.09,126.44,0.8827,2,1,-1
292,17,818.42,533.92,44.11,124.96,0.9025,2,1,-1
292,23,293.49,459.99,60.08,93.67,0.9347,2,2,-1
292,26,240.32,437.19,34.87,103.07,0.9182,3,0,-1
292,31,849.58,471.43,41.74,104.72,0.9016,2,2,-1
292,40,1861.65,584.73,46.54,134.35,0.9282,2,1,-1
292,42,1251.53,508.53,47.73,96.36,0.9228,2,2,-1
292,59,1020.86,477.27,48.70,111.66,0.8704,2,2,-1
292,65,150.81,478.94,40.55,112.69,0.8307,2,1,-1
292,71,1308.31,458.05,72.27,83.27,0.7505,1,3,-1
292,76,966.22,488.98,47.11,89.27,0.8250,2,2,-1
293,2,592.80,595.44,62.65,135.53,0.9150,2,1,-1
293,3,1116.30,463.24,34.66,102.11,0.9237,2,1,-1
293,6,200.97,369.91,31.49,77.71,0.9278,2,1,-1
293,9,572.42,490.49,64.76,107.09,0.9352,2,2,-1
293,10,631.95,426.31,71.83,94.23,0.8896,2,2,-1
293,11,914.28,501.76,51.71,114.42,0.9092,2,2,-1
293,12,102.04,537.74,54.36,123.45,0.9052,2,1,-1
293,17,816.90,533.01,45.17,126.03,0.8205,2,1,-1
293,24,976.90,488.44,39.22,106.21,0.8728,2,2,-1
293,26,239.96,436.94,32.98,103.14,0.9158,3,0,-1
293,31,846.45,470.76,41.50,108.27,0.9091,2,2,-1
293,40,1863.96,584.29,45.36,134.83,0.9243,2,1,-1
293,42,1252.91,505.69,48.37,99.03,0.9190,2,2,-1
293,43,285.02,460.96,55.97,92.50,0.9087,2,2,-1
293,59,1042.19,456.93,29.01,61.18,0.8661,2,2,-1
293,65,142.85,480.09,37.90,108.69,0.7599,2,1,-1
293,71,1298.62,461.07,56.16,79.33,0.8338,1,3,-1
294,2,589.00,594.83,59.43,136.70,0.9167,2,1,-1
294,3,1113.33,461.98,36.17,99.58,0.9202,2,1,-1
294,6,194.69,369.81,34.43,77.33,0.9220,2,1,-1
294,9,567.71,489.74,63.65,107.23,0.9271,2,2,-1
294,10,630.95,425.81,64.64,94.54,0.9054,2,2,-1
294,11,913.27,501.49,43.67,114.09,0.8748,2,2,-1
294,12,98.44,537.56,58.10,123.58,0.9199,2,1,-1
294,17,815.13,532.21,47.22,126.37,0.8769,2,1,-1
294,26,239.62,436.23,31.67,103.76,0.9076,3,0,-1
294,31,843.60,469.51,40.10,107.42,0.9097,2,2,-1
294,40,1866.89,584.10,43.76,135.12,0.9214,2,1,-1
294,42,1253.87,501.85,47.18,102.44,0.9219,2,2,-1
294,43,276.74,460.41,48.27,93.27,0.8961,2,2,-1
294,64,1019.22,512.20,39.33,74.88,0.8044,2,2,-1
294,71,1295.38,471.47,50.54,69.35,0.8161,1,3,-1
294,74,1031.72,454.44,43.87,78.16,0.8638,2,1,-1
294,76,978.32,487.05,39.73,88.05,0.8858,2,2,-1
295,1,135.25,481.57,31.64,82.31,0.6934,2,2,-1
295,2,587.49,594.06,57.11,136.20,0.8967,2,1,-1
295,3,1111.67,461.82,38.09,97.23,0.9257,2,1,-1
295,6,189.49,370.23,37.52,77.09,0.9246,2,1,-1
295,9,563.94,488.75,65.30,109.92,0.9052,2,2,-1
295,10,627.74,426.05,61.05,93.70,0.9321,2,2,-1
295,12,95.67,536.49,60.95,124.15,0.9093,2,1,-1
295,17,813.13,531.89,46.98,126.02,0.5193,2,1,-1
295,24,979.13,485.63,41.01,117.77,0.9033,2,2,-1
295,26,239.50,436.44,30.40,103.06,0.8939,3,0,-1
295,31,841.31,468.31,39.54,109.80,0.8998,2,2,-1
295,40,1868.36,584.14,43.13,134.74,0.9224,2,1,-1
295,42,1254.36,495.64,49.09,108.53,0.9118,2,2,-1
295,43,267.98,459.03,44.30,94.38,0.8732,2,2,-1
295,64,1018.76,476.10,45.07,109.95,0.8962,2,2,-1
295,69,913.62,500.65,28.79,84.23,0.8683,2,2,-1
295,71,1286.90,470.51,54.68,68.52,0.8120,1,3,-1
296,1,123.67,481.38,33.40,78.44,0.5789,2,2,-1
296,2,584.73,592.97,56.30,136.72,0.9090,2,1,-1
296,3,1114.02,461.71,36.54,97.02,0.9132,2,1,-1
296,6,184.85,371.96,38.77,76.67,0.9304,2,1,-1
296,9,563.33,488.71,69.42,109.89,0.9125,2,2,-1
296,10,619.77,426.59,61.92,94.79,0.9279,2,2,-1
296,11,904.06,499.28,34.76,113.58,0.8989,2,2,-1
296,12,93.88,543.08,62.08,116.45,0.8974,2,1,-1
296,17,811.88,532.56,47.99,127.54,0.7753,2,1,-1
296,24,982.46,485.05,40.39,118.28,0.9038,2,2,-1
296,26,239.02,435.88,28.94,103.70,0.8922,3,0,-1
296,31,839.19,467.93,38.66,109.27,0.8972,2,2,-1
296,40,1868.88,583.66,44.47,135.33,0.9219,2,1,-1
296,42,1256.17,492.48,46.89,109.13,0.9153,2,2,-1
296,43,260.91,456.03,38.86,95.55,0.9078,2,2,-1
296,64,1019.31,475.59,42.85,109.84,0.9049,2,2,-1
296,71,1271.02,447.28,57.32,61.57,0.8366,1,3,-1
297,1,114.60,481.23,38.81,72.40,0.7320,2,2,-1
297,2,583.33,592.41,54.36,137.49,0.9300,2,1,-1
297,3,1114.94,459.73,41.82,98.57,0.9164,2,1,-1
297,6,180.81,372.00,39.48,76.69,0.9185,2,1,-1
297,9,559.85,489.70,57.18,108.28,0.9027,2,2,-1
297,10,617.94,428.00,58.37,93.63,0.9241,2,2,-1
297,11,900.26,499.00,33.91,107.75,0.8468,2,2,-1
297,12,90.32,535.65,68.15,124.47,0.9122,2,1,-1
297,17,810.87,532.89,49.42,130.72,0.5355,2,1,-1
297,24,985.82,486.20,39.39,117.41,0.8860,2,2,-1
297,31,838.42,467.80,37.59,105.92,0.9057,2,2,-1
297,40,1871.26,583.90,44.91,135.94,0.9232,2,1,-1
297,42,1259.11,487.18,46.11,112.31,0.8900,2,2,-1
297,43,252.79,456.51,43.68,93.49,0.8896,2,2,-1
297,64,1019.35,474.57,42.76,111.26,0.8922,2,2,-1
297,71,1253.50,446.96,47.43,53.48,0.7402,1,3,-1
298,2,580.07,594.18,53.48,137.88,0.9458,2,1,-1
298,3,1111.80,457.87,46.47,100.73,0.9114,2,1,-1
298,6,174.88,372.88,37.98,75.89,0.9251,2,1,-1
298,9,559.80,489.50,62.30,115.98,0.8916,2,2,-1
298,10,614.10,429.16,55.81,91.89,0.8807,2,2,-1
298,11,893.46,498.99,36.97,113.81,0.8269,2,2,-1
298,12,87.77,519.44,72.75,140.99,0.8987,2,1,-1
298,17,810.45,533.40,48.71,128.36,0.5045,2,1,-1
298,20,240.25,433.55,27.79,42.68,0.6678,2,1,-1
298,24,988.28,487.99,38.25,115.21,0.8972,2,2,-1
298,31,835.85,468.55,37.94,101.39,0.9002,2,2,-1
298,40,1873.85,583.91,45.01,135.09,0.9320,2,1,-1
298,42,1263.61,487.64,44.55,112.57,0.9215,2,2,-1
298,43,240.95,460.02,46.25,87.23,0.9004,2,2,-1
298,74,1002.97,453.12,33.82,59.28,0.8959,2,1,-1
299,2,572.63,599.23,58.70,132.76,0.9478,2,1,-1
299,3,1106.12,454.54,51.05,101.98,0.9237,2,1,-1
299,6,169.90,371.04,35.61,77.32,0.9171,2,1,-1
299,9,551.13,488.23,53.39,111.39,0.8739,2,2,-1
299,10,603.58,427.08,54.20,93.81,0.9093,2,2,-1
299,11,891.93,530.18,31.68,82.61,0.7522,2,2,-1
299,12,88.64,527.58,66.46,132.75,0.9084,2,1,-1
299,20,238.46,434.01,26.52,42.87,0.8052,2,1,-1
299,24,989.49,488.68,39.70,115.62,0.8939,2,2,-1
299,31,833.14,468.93,39.58,102.66,0.8985,2,2,-1
299,40,1874.26,582.87,45.34,136.89,0.9325,2,1,-1
299,42,1266.54,487.98,42.76,112.17,0.9190,2,2,-1
299,43,226.85,461.40,46.95,86.15,0.8256,2,2,-1
299,64,1021.90,472.04,39.56,110.50,0.8940,2,2,-1
299,0,1344.57,494.35,7.95,8.81,1.0,0,-1,-1
300,1,101.77,480.15,47.04,74.53,0.7171,2,2,-1
300,2,567.17,602.82,63.58,129.21,0.9413,2,1,-1
300,3,1098.32,452.96,52.81,94.75,0.9229,2,1,-1
300,6,166.68,371.39,33.21,76.89,0.9275,2,1,-1
300,9,546.52,486.04,49.57,113.78,0.9056,2,2,-1
300,10,601.47,425.46,47.14,94.68,0.9007,2,2,-1
300,11,891.84,501.78,34.89,71.92,0.8378,2,2,-1
300,12,88.83,535.25,63.57,125.62,0.9393,2,1,-1
300,24,991.01,488.92,41.80,116.38,0.9094,2,2,-1
300,31,831.75,469.27,40.15,100.78,0.9069,2,2,-1
300,40,1875.84,583.56,44.21,137.29,0.9283,2,1,-1
300,42,1268.81,488.41,42.02,113.60,0.9240,2,2,-1
300,49,218.39,461.68,33.53,88.55,0.8642,2,2,-1
300,64,1023.87,471.29,38.55,109.98,0.8563,2,2,-1
301,2,559.97,604.99,70.35,127.97,0.9522,2,1,-1
301,3,1092.62,451.46,55.22,94.55,0.9169,2,1,-1
301,6,162.89,370.55,32.59,78.34,0.9257,2,1,-1
301,9,542.65,483.52,45.68,114.14,0.9235,2,2,-1
301,10,599.57,423.96,40.80,95.03,0.8776,2,2,-1
301,12,88.70,534.40,61.27,125.43,0.9381,2,1,-1
301,17,807.06,533.85,49.11,129.19,0.5731,2,1,-1
301,26,236.64,433.88,26.03,102.13,0.8393,3,0,-1
301,31,831.02,469.70,40.12,97.68,0.9031,2,2,-1
301,40,1876.08,583.40,43.94,136.68,0.9285,2,1,-1
301,42,1270.69,490.70,40.94,109.51,0.9202,2,2,-1
301,64,985.91,456.67,31.67,74.73,0.9174,2,2,-1
301,76,1027.24,471.14,34.81,83.08,0.7725,2,2,-1
301,81,876.12,502.49,54.06,108.19,0.7961,2,2,-1
301,84,1219.36,444.32,42.70,91.12,0.8580,2,-1,-1
302,1,78.50,479.49,47.94,81.54,0.7360,2,2,-1
302,2,556.57,606.18,74.80,130.66,0.9499,2,1,-1
302,3,1091.38,450.75,54.88,95.42,0.9115,2,1,-1
302,6,159.27,370.54,31.88,79.24,0.9197,2,1,-1
302,9,538.59,482.27,44.12,112.64,0.9156,2,2,-1
302,10,595.79,423.36,37.07,96.06,0.8718,2,2,-1
302,12,88.71,533.93,58.06,126.09,0.9347,2,1,-1
302,17,806.19,534.75,50.34,128.80,0.9154,2,1,-1
302,26,237.04,433.49,25.93,103.81,0.8614,3,0,-1
302,31,830.48,470.51,40.10,95.62,0.9023,2,2,-1
302,40,1878.47,583.49,41.87,136.37,0.9317,2,1,-1
302,42,1272.27,492.88,40.63,108.13,0.9136,2,2,-1
302,49,208.40,460.72,31.16,91.84,0.8873,2,2,-1
302,59,1029.96,471.04,33.30,69.03,0.7696,2,2,-1
302,64,976.61,455.79,36.49,94.62,0.9108,2,2,-1
302,81,864.60,518.37,66.94,117.50,0.9043,2,2,-1
302,84,1197.25,443.30,59.51,92.65,0.8593,2,-1,-1
303,2,556.19,606.15,75.84,132.24,0.9503,2,1,-1
303,3,1091.83,447.66,54.42,99.95,0.9097,2,1,-1
303,6,155.24,370.92,31.34,78.78,0.9287,2,1,-1
303,9,533.96,482.36,43.17,113.69,0.9150,2,2,-1
303,10,592.75,422.48,33.18,96.01,0.8840,2,2,-1
303,12,86.66,534.41,57.32,125.34,0.9377,2,1,-1
303,17,804.90,534.78,48.91,128.94,0.8531,2,1,-1
303,24,1000.56,488.26,47.47,117.76,0.8953,2,2,-1
303,26,239.29,467.96,19.97,69.51,0.8332,3,0,-1
303,31,829.51,471.38,40.99,99.04,0.9010,2,2,-1
303,40,1879.48,583.41,40.75,136.60,0.9271,2,1,-1
303,42,1273.33,494.28,39.91,107.44,0.9219,2,2,-1
303,49,195.44,458.67,36.01,95.03,0.9081,2,2,-1
303,64,971.01,455.14,37.50,98.38,0.9132,2,2,-1
303,65,71.22,477.20,28.06,88.25,0.8686,2,1,-1
303,81,860.60,502.76,69.57,131.60,0.8583,2,2,-1
303,84,1176.53,441.34,77.62,89.11,0.9056,2,-1,-1
304,2,551.40,606.31,80.30,131.46,0.9433,2,1,-1
304,3,1104.30,445.98,47.65,101.98,0.8760,2,1,-1
304,6,150.78,371.32,31.66,80.56,0.9158,2,1,-1
304,9,530.23,482.94,42.87,113.08,0.9151,2,2,-1
304,10,588.31,422.88,31.39,96.21,0.8771,2,2,-1
304,12,85.12,533.84,56.69,125.24,0.9335,2,1,-1
304,17,804.88,535.69,48.15,128.09,0.8554,2,1,-1
304,24,1004.83,487.09,47.15,119.69,0.8893,2,2,-1
304,26,238.53,468.57,21.40,68.36,0.8403,3,0,-1
304,31,828.09,471.80,41.21,99.06,0.8928,2,2,-1
304,40,1880.51,583.62,39.76,137.50,0.9242,2,1,-1
304,42,1273.92,494.13,39.04,106.42,0.9212,2,2,-1
304,49,180.84,456.80,43.81,94.83,0.9175,2,2,-1
304,64,961.20,453.25,46.22,102.17,0.9321,2,2,-1
304,65,61.15,476.00,34.26,114.33,0.7552,2,1,-1
304,69,874.48,502.07,44.56,118.12,0.8422,2,2,-1
304,84,1167.09,441.95,74.23,89.30,0.8891,2,-1,-1
305,2,544.27,606.24,84.47,130.36,0.9396,2,1,-1
305,3,1106.94,445.32,38.83,93.44,0.8681,2,1,-1
305,6,147.28,371.44,31.65,80.81,0.9176,2,1,-1
305,9,525.17,484.95,42.17,113.88,0.9148,2,2,-1
305,10,583.03,424.69,31.12,99.69,0.8933,2,2,-1
305,12,82.37,531.77,57.78,127.11,0.9390,2,1,-1
305,17,803.83,535.42,47.00,127.81,0.8401,2,1,-1
305,24,1010.85,488.39,45.20,118.48,0.8947,2,2,-1
305,26,240.12,433.31,22.08,58.60,0.8309,3,0,-1
305,31,827.80,472.53,39.81,82.26,0.9039,2,2,-1
305,40,1882.54,583.52,37.87,137.99,0.9256,2,1,-1
305,42,1273.95,493.36,39.51,108.17,0.9195,2,2,-1
305,49,167.89,456.80,49.01,94.17,0.9156,2,2,-1
305,64,953.17,453.91,54.30,101.69,0.9282,2,2,-1
305,65,55.93,477.47,31.91,113.54,0.8677,2,1,-1
305,69,868.25,501.37,41.87,110.99,0.8826,2,2,-1
305,84,1154.99,443.47,68.80,86.95,0.6082,1,3,-1
306,2,534.87,604.98,84.72,131.48,0.9258,2,1,-1
306,3,1107.12,444.65,34.23,89.90,0.8835,2,1,-1
306,6,144.51,372.76,31.64,79.61,0.9276,2,1,-1
306,9,517.72,487.59,44.09,112.14,0.9316,2,2,-1
306,10,575.53,426.39,31.72,97.77,0.9005,2,2,-1
306,12,81.66,530.78,56.97,127.05,0.9427,2,1,-1
306,17,805.00,534.93,46.96,127.48,0.8067,2,1,-1
306,24,1018.10,487.36,42.73,116.46,0.8766,2,2,-1
306,31,826.27,472.62,40.94,80.72,0.9029,2,2,-1
306,40,1884.92,584.26,35.49,137.07,0.9266,2,1,-1
306,42,1275.16,491.87,38.67,109.40,0.9202,2,2,-1
306,43,235.95,469.04,26.63,67.95,0.8440,2,2,-1
306,49,158.24,458.09,48.87,95.16,0.9159,2,2,-1
306,64,946.01,454.75,59.75,101.42,0.9442,2,2,-1
306,65,51.12,478.32,34.01,117.74,0.8701,2,1,-1
306,69,864.67,500.30,36.13,109.82,0.8803,2,2,-1
306,84,1160.47,438.61,45.23,65.37,0.7701,1,3,-1
307,2,528.97,602.99,79.43,133.92,0.9557,2,1,-1
307,3,1106.36,444.89,32.00,89.83,0.9088,2,1,-1
307,6,142.27,372.80,31.94,80.22,0.9231,2,1,-1
307,9,507.27,490.45,50.37,109.28,0.9300,2,2,-1
307,10,565.46,428.22,37.64,95.11,0.8958,2,2,-1
307,12,81.69,532.42,55.06,124.30,0.9314,2,1,-1
307,17,805.86,533.96,49.74,128.72,0.8787,2,1,-1
307,24,1024.76,489.88,40.26,114.82,0.8689,2,2,-1
307,31,825.13,472.07,41.16,78.95,0.9010,2,2,-1
307,40,1887.42,584.81,33.01,136.76,0.9293,2,1,-1
307,42,1277.08,491.15,37.91,109.27,0.9174,2,2,-1
307,43,237.99,469.22,24.59,67.76,0.8529,2,2,-1
307,49,154.66,458.98,50.64,94.54,0.9064,2,2,-1
307,64,939.61,457.67,58.40,99.59,0.9375,2,2,-1
307,65,42.51,480.27,33.07,117.28,0.8797,2,1,-1
307,69,862.56,500.18,33.40,114.75,0.8769,2,2,-1
307,84,1151.06,461.75,44.37,67.18,0.6494,1,3,-1
308,2,523.81,596.96,73.49,138.39,0.9421,2,1,-1
308,3,1107.76,443.51,32.32,90.97,0.7893,2,1,-1
308,6,140.01,373.58,31.04,79.62,0.9237,2,1,-1
308,9,498.69,492.16,57.05,108.98,0.9329,2,2,-1
308,10,555.84,428.94,45.55,95.32,0.9189,2,2,-1
308,12,80.65,531.57,55.63,124.67,0.9309,2,1,-1
308,24,1029.26,486.07,39.73,113.47,0.8874,2,2,-1
308,31,820.67,470.78,47.80,105.54,0.8886,2,2,-1
308,40,1888.29,584.56,31.80,136.52,0.9172,2,1,-1
308,42,1278.25,490.44,38.62,109.97,0.9190,2,2,-1
308,43,239.63,470.20,24.19,66.64,0.8578,2,2,-1
308,49,150.11,459.73,42.90,95.09,0.8992,2,2,-1
308,64,936.48,458.39,49.44,98.73,0.9339,2,2,-1
308,65,32.07,481.64,38.50,118.59,0.8935,2,1,-1
308,69,860.36,499.96,31.97,112.82,0.8967,2,2,-1
308,84,1157.77,473.56,32.34,57.49,0.7362,1,3,-1
309,2,522.12,595.55,66.28,139.44,0.9417,2,1,-1
309,3,1106.73,447.65,33.07,85.96,0.8430,2,1,-1
309,6,137.01,371.52,32.52,82.81,0.9259,2,1,-1
309,9,493.06,493.01,61.72,109.78,0.9278,2,2,-1
309,10,550.17,428.76,51.32,92.92,0.9254,2,2,-1
309,11,857.74,501.19,33.69,80.96,0.8707,2,2,-1
309,12,79.74,531.40,56.50,125.01,0.9336,2,1,-1
309,14,1023.25,464.86,39.63,113.01,0.7937,2,2,-1
309,31,821.91,469.39,44.49,104.72,0.9004,2,2,-1
309,40,1889.64,584.63,32.17,140.63,0.6745,2,1,-1
309,42,1279.65,489.92,39.32,110.62,0.9164,2,2,-1
309,43,240.69,468.77,24.72,68.33,0.8608,2,2,-1
309,49,144.26,458.81,39.80,93.67,0.8824,2,2,-1
309,64,932.33,457.98,42.31,99.31,0.9230,2,2,-1
309,65,19.61,482.29,47.55,118.47,0.8893,2,1,-1
310,2,522.16,593.98,62.19,137.10,0.9369,2,1,-1
310,3,1101.02,432.36,39.99,102.47,0.8840,2,1,-1
310,6,134.99,370.70,33.47,84.14,0.9205,2,1,-1
310,9,492.02,492.98,64.93,109.72,0.9222,2,2,-1
310,10,546.59,428.73,56.96,93.21,0.9363,2,2,-1
310,12,79.23,531.56,56.20,123.92,0.9350,2,1,-1
310,17,808.25,533.96,48.43,129.77,0.7681,2,1,-1
310,24,1039.57,487.21,42.92,118.69,0.8814,2,2,-1
310,26,243.46,432.09,25.67,57.53,0.8652,3,0,-1
310,40,1894.13,587.03,27.13,135.98,0.8804,2,1,-1
310,42,1279.29,490.20,41.17,109.86,0.9234,2,2,-1
310,49,130.54,455.66,41.83,97.17,0.9035,2,2,-1
310,64,929.17,456.58,39.32,101.48,0.9089,2,2,-1
310,65,9.64,482.13,57.57,118.14,0.9154,2,1,-1
310,69,853.95,501.91,42.38,113.31,0.9038,2,2,-1
311,2,519.69,593.63,60.56,139.03,0.9384,2,1,-1
311,3,1100.81,429.39,36.17,92.12,0.5062,2,1,-1
311,6,133.31,371.00,35.11,83.68,0.9179,2,1,-1
311,9,492.48,492.82,66.33,108.67,0.9291,2,2,-1
311,10,545.87,428.40,58.67,93.94,0.9349,2,2,-1
311,12,79.20,531.17,55.85,124.55,0.9309,2,1,-1
311,14,1023.86,464.03,42.19,114.12,0.8722,2,2,-1
311,17,807.65,534.27,47.13,131.00,0.9178,2,1,-1
311,26,244.94,431.60,25.41,58.11,0.8920,3,0,-1
311,40,1896.50,591.66,25.64,130.31,0.5494,2,1,-1
311,42,1281.51,490.76,41.14,110.49,0.9175,2,2,-1
311,49,120.75,455.49,50.99,95.65,0.9116,2,2,-1
311,64,925.48,455.99,36.80,101.22,0.9224,2,-1,-1
311,65,6.70,482.02,62.03,118.38,0.9058,2,1,-1
311,69,851.46,502.96,47.27,111.60,0.9115,2,2,-1
312,2,517.13,592.33,59.64,141.23,0.9333,2,1,-1
312,3,1096.98,424.47,39.39,89.56,0.8863,2,1,-1
312,6,132.23,372.12,35.25,82.58,0.9227,2,1,-1
312,9,491.86,492.12,63.57,109.36,0.9236,2,2,-1
312,10,546.53,427.19,53.41,95.54,0.9269,2,2,-1
312,12,78.45,529.95,57.04,125.05,0.9119,2,1,-1
312,14,1027.17,463.67,41.92,112.80,0.8994,2,2,-1
312,17,809.15,534.24,46.01,127.95,0.6131,2,1,-1
312,26,241.57,435.92,35.28,100.16,0.8529,3,0,-1
312,42,1283.03,490.47,42.47,109.83,0.9173,2,2,-1
312,49,111.67,456.21,55.54,93.62,0.9140,2,2,-1
312,64,920.99,455.09,42.46,103.80,0.9254,2,1,-1
312,65,2.69,481.89,60.34,115.04,0.9108,2,1,-1
312,69,851.56,502.89,49.67,111.81,0.9153,2,2,-1
312,85,1136.79,409.64,31.79,96.47,0.8466,2,-1,-1
313,2,515.42,594.37,57.32,140.56,0.9293,2,1,-1
313,3,1095.65,419.03,39.61,91.39,0.8314,2,1,-1
313,6,130.88,372.34,34.55,82.35,0.9253,2,1,-1
313,9,488.17,489.87,61.06,111.37,0.9205,2,2,-1
313,10,545.14,425.42,45.88,96.75,0.9252,2,2,-1
313,12,78.90,528.35,57.55,126.82,0.9172,2,1,-1
313,14,1029.28,463.77,42.65,115.49,0.8931,2,2,-1
313,26,246.32,435.80,29.78,100.79,0.8457,3,0,-1
313,40,1903.47,608.85,20.65,112.34,0.5467,2,1,-1
313,42,1287.05,490.62,41.50,109.25,0.9141,2,2,-1
313,49,106.18,457.63,51.58,93.92,0.9025,2,2,-1
313,64,911.49,454.74,48.59,102.36,0.9309,2,1,-1
313,65,2.43,480.28,53.88,115.55,0.9152,2,1,-1
313,69,851.84,502.66,50.17,108.35,0.9113,2,2,-1
313,85,1128.86,405.08,34.10,99.52,0.7582,2,-1,-1
313,86,769.57,528.25,39.87,90.92,0.8458,2,-1,-1
314,1,35.42,481.42,55.34,119.55,0.9238,2,2,-1
314,2,513.06,597.92,55.18,138.01,0.9322,2,1,-1
314,3,1092.69,417.79,37.65,91.54,0.9115,2,1,-1
314,6,130.15,370.99,33.08,83.98,0.9284,2,1,-1
314,9,482.40,486.51,55.40,115.64,0.9083,2,2,-1
314,10,542.10,423.68,38.22,96.73,0.9028,2,2,-1
314,12,79.41,529.12,57.12,125.54,0.9280,2,1,-1
314,17,813.12,534.27,47.74,132.49,0.7396,2,1,-1
314,24,1055.03,486.62,53.34,121.81,0.9158,2,2,-1
314,26,250.37,430.50,26.98,105.89,0.8871,3,0,-1
314,31,826.70,470.20,38.55,82.47,0.8607,2,2,-1
314,42,1288.87,490.52,41.02,109.80,0.9181,2,2,-1
314,49,107.22,459.42,41.28,88.36,0.9075,2,2,-1
314,64,905.63,455.30,48.56,101.20,0.9306,2,1,-1
314,65,0.42,479.85,44.95,116.27,0.9124,2,1,-1
314,69,850.67,503.19,49.68,108.13,0.9046,2,2,-1
314,85,1126.32,403.94,31.52,100.59,0.8726,2,-1,-1
314,86,756.57,530.56,47.10,117.24,0.8046,2,-1,-1
315,1,33.62,481.47,54.83,122.10,0.9232,2,2,-1
315,2,504.70,603.58,56.59,136.73,0.9366,2,1,-1
315,3,1092.38,417.69,35.73,91.35,0.8539,2,1,-1
315,6,129.69,369.28,32.33,86.19,0.9295,2,1,-1
315,9,479.80,484.71,50.00,116.50,0.9068,2,2,-1
315,10,539.11,422.11,34.85,98.74,0.8845,2,2,-1
315,12,80.10,530.32,56.80,124.41,0.9324,2,1,-1
315,14,1032.71,464.98,43.95,112.29,0.9098,2,2,-1
315,26,254.79,445.30,22.99,91.06,0.8675,3,0,-1
315,31,827.41,470.49,38.05,80.29,0.8394,2,2,-1
315,42,1292.79,489.63,40.47,110.57,0.9187,2,2,-1
315,49,105.17,461.00,35.77,83.89,0.8813,2,2,-1
315,64,903.67,456.36,42.71,100.09,0.9278,2,1,-1
315,65,-1.66,478.90,37.38,114.73,0.9151,2,1,-1
315,69,848.35,503.49,50.29,112.52,0.8154,2,2,-1
315,85,1122.32,401.76,25.87,81.14,0.6989,1,3,-1
315,86,750.87,533.37,39.55,114.42,0.8594,2,-1,-1
316,1,31.61,483.55,53.91,121.48,0.9218,2,2,-1
316,2,497.72,607.74,62.59,132.77,0.9473,2,1,-1
316,6,129.72,368.65,31.69,86.69,0.9287,2,1,-1
316,9,478.76,483.79,47.10,115.31,0.9114,2,2,-1
316,10,536.89,421.61,34.07,97.48,0.8888,2,2,-1
316,12,79.95,530.20,58.34,124.71,0.9389,2,1,-1
316,14,1035.01,464.50,43.78,113.47,0.9223,2,2,-1
316,17,818.65,535.26,48.88,132.20,0.7130,2,1,-1
316,24,1070.15,485.42,48.84,121.39,0.9205,2,2,-1
316,26,256.08,430.89,25.58,105.82,0.8824,3,0,-1
316,31,826.45,470.78,38.61,81.78,0.8424,2,2,-1
316,42,1295.38,488.77,40.12,111.24,0.9254,2,2,-1
316,45,743.06,533.61,41.12,88.16,0.8597,3,0,-1
316,49,101.22,460.32,32.51,84.90,0.8919,2,2,-1
316,64,905.56,456.57,36.19,99.22,0.9255,2,1,-1
316,65,-1.67,478.28,35.03,119.74,0.8889,2,1,-1
316,85,1097.52,415.55,32.80,82.85,0.8101,1,3,-1
317,1,29.00,485.20,53.45,120.11,0.9267,2,2,-1
317,2,494.40,609.02,65.86,132.63,0.9458,2,1,-1
317,6,130.41,368.46,31.33,85.20,0.8903,2,1,-1
317,9,475.85,482.64,46.71,115.13,0.9038,2,2,-1
317,10,533.03,422.50,33.64,97.14,0.8437,2,2,-1
317,12,78.72,527.57,60.07,127.57,0.9446,2,1,-1
317,14,1038.65,464.56,42.91,113.58,0.9209,2,2,-1
317,17,825.12,535.06,49.38,128.38,0.5070,2,1,-1
317,24,1078.52,485.52,46.75,119.80,0.9077,2,2,-1
317,26,259.88,435.27,24.17,101.05,0.8519,3,0,-1
317,31,827.58,470.78,38.57,81.82,0.8415,2,2,-1
317,42,1297.78,488.14,40.20,112.09,0.9253,2,2,-1
317,45,737.76,556.02,46.86,88.92,0.8269,3,0,-1
317,49,95.33,457.57,32.86,90.80,0.8859,2,2,-1
317,64,905.50,456.35,31.59,98.82,0.9126,2,1,-1
317,65,-2.13,478.96,27.67,115.48,0.8905,2,1,-1
317,85,1107.72,403.03,35.82,97.17,0.7707,1,3,-1
317,0,1381.10,492.69,9.53,10.28,1.0,0,-1,-1
318,1,23.62,487.25,55.69,119.33,0.9176,2,2,-1
318,2,486.92,608.97,77.86,133.46,0.9479,2,1,-1
318,3,1085.62,418.29,34.09,88.68,0.8477,2,1,-1
318,6,130.47,367.10,32.49,86.47,0.9025,2,1,-1
318,9,474.45,482.75,44.85,115.39,0.9066,2,2,-1
318,10,530.11,423.01,35.78,95.97,0.9042,2,2,-1
318,11,854.26,505.25,24.02,72.58,0.8806,2,2,-1
318,12,79.13,528.38,61.37,126.84,0.9463,2,1,-1
318,14,1040.91,463.65,43.16,113.14,0.9141,2,2,-1
318,24,1089.04,484.36,45.61,122.93,0.8897,2,2,-1
318,26,262.81,434.58,23.94,101.38,0.8403,3,0,-1
318,42,1299.99,487.07,41.66,112.10,0.9227,2,2,-1
318,49,87.09,455.27,35.09,85.22,0.8556,2,2,-1
318,64,901.51,458.73,30.31,96.06,0.8861,2,1,-1
318,65,-1.72,480.45,24.80,112.94,0.8382,2,1,-1
318,85,1112.51,417.50,29.12,78.39,0.6202,1,3,-1
318,86,722.86,531.20,62.04,113.51,0.9256,2,2,-1
319,1,17.16,489.32,58.94,117.17,0.9309,2,2,-1
319,2,484.87,608.39,83.95,134.65,0.9455,2,1,-1
319,3,1083.66,419.60,33.61,89.14,0.8700,2,1,-1
319,6,131.51,367.22,33.49,86.66,0.9084,2,1,-1
319,9,473.82,484.66,43.31,117.06,0.9207,2,2,-1
319,10,525.91,424.89,38.24,95.40,0.8928,2,2,-1
319,11,853.57,504.71,26.35,74.25,0.8733,2,2,-1
319,12,80.55,529.56,62.12,125.15,0.9456,2,1,-1
319,14,1044.89,461.64,43.28,115.13,0.9124,2,2,-1
319,24,1095.13,483.58,43.20,122.36,0.8660,2,2,-1
319,26,267.39,442.73,22.16,92.91,0.8741,3,0,-1
319,42,1302.60,486.83,43.34,112.81,0.9293,2,2,-1
319,49,76.46,453.99,42.21,91.80,0.8565,2,2,-1
319,64,895.68,453.54,34.30,101.11,0.9266,2,1,-1
319,65,0.60,482.85,20.45,91.54,0.6403,2,1,-1
319,86,712.70,531.38,71.65,116.52,0.9271,2,2,-1
319,0,1415.36,623.47,17.66,13.43,1.0,0,-1,-1
320,1,15.40,489.86,63.32,114.70,0.9312,2,2,-1
320,2,474.97,606.57,89.69,135.48,0.9362,2,1,-1
320,6,134.42,369.41,33.82,84.90,0.9274,2,1,-1
320,9,471.63,486.30,43.80,116.76,0.9282,2,2,-1
320,10,523.09,426.82,39.46,94.10,0.8726,2,2,-1
320,12,82.48,527.64,62.36,126.80,0.9384,2,1,-1
320,14,1050.12,460.51,41.97,113.66,0.9028,2,2,-1
320,17,832.78,538.52,49.04,126.55,0.7720,2,1,-1
320,24,1104.58,483.74,42.13,121.80,0.8825,2,2,-1
320,26,271.42,428.69,24.53,106.82,0.8748,3,0,-1
320,31,830.16,470.40,38.43,87.19,0.8576,2,2,-1
320,42,1305.13,486.57,43.53,111.45,0.9281,2,2,-1
320,49,70.98,454.08,46.76,93.41,0.8798,2,2,-1
320,64,892.96,452.65,36.45,102.26,0.9248,2,1,-1
320,65,2.92,484.84,16.14,63.96,0.6938,2,1,-1
320,85,1104.77,404.33,45.99,84.67,0.8723,1,3,-1
320,86,705.41,531.31,75.08,119.10,0.9028,2,2,-1
321,1,18.21,488.91,67.06,114.65,0.9303,2,2,-1
321,2,479.74,603.70,81.62,136.68,0.9392,2,1,-1
321,6,137.17,371.78,35.72,83.88,0.9337,2,1,-1
321,9,467.56,488.00,48.31,113.63,0.9214,2,2,-1
321,10,520.48,428.70,39.58,92.58,0.8616,2,2,-1
321,12,85.31,527.25,62.15,125.25,0.9334,2,1,-1
321,14,1056.63,459.39,43.09,113.43,0.9049,2,2,-1
321,17,836.59,535.61,49.40,128.98,0.5204,2,1,-1
321,24,1111.78,482.79,40.25,122.20,0.8834,2,2,-1
321,26,278.03,427.92,24.45,106.89,0.8687,3,0,-1
321,31,835.27,469.19,38.12,84.47,0.8002,2,2,-1
321,42,1310.02,485.55,43.04,110.30,0.9220,2,2,-1
321,49,69.43,453.98,49.24,96.92,0.8798,2,2,-1
321,64,893.29,453.33,37.88,101.63,0.9177,2,1,-1
321,65,-3.37,484.63,19.87,83.02,0.5034,2,1,-1
321,85,1107.75,407.70,46.72,79.13,0.8753,1,3,-1
321,86,696.28,533.24,64.71,114.06,0.8201,2,2,-1
321,0,1427.24,620.18,18.66,15.53,1.0,0,-1,-1
322,1,18.66,487.51,73.54,116.65,0.9357,2,2,-1
322,2,473.36,597.57,79.15,141.99,0.9240,2,1,-1
322,6,142.78,375.84,36.73,78.45,0.9275,2,1,-1
322,9,463.21,489.97,55.41,111.14,0.9283,2,2,-1
322,10,519.49,429.38,40.85,91.02,0.8946,2,2,-1
322,12,89.61,525.76,61.13,125.26,0.9371,2,1,-1
322,14,1062.74,457.10,42.21,114.85,0.9037,2,2,-1
322,17,843.23,534.34,48.02,129.86,0.7490,2,1,-1
322,24,1122.23,481.75,44.19,123.15,0.8916,2,2,-1
322,26,284.49,426.10,25.37,107.98,0.8935,3,0,-1
322,31,840.24,468.10,37.57,78.33,0.8220,2,2,-1
322,42,1314.56,486.63,44.36,110.15,0.9270,2,2,-1
322,64,895.24,454.44,38.90,99.63,0.9236,2,1,-1
322,65,-4.80,501.15,20.77,94.26,0.5343,2,1,-1
322,86,691.37,534.75,53.10,115.50,0.8673,2,2,-1
322,0,815.79,469.08,16.96,16.58,1.0,0,-1,-1
323,1,17.94,487.29,77.46,115.00,0.9382,2,2,-1
323,2,474.59,594.19,72.09,142.82,0.9380,2,1,-1
323,6,145.71,376.24,40.64,77.91,0.9262,2,1,-1
323,9,462.82,490.09,61.71,110.90,0.9382,2,2,-1
323,10,521.72,429.50,42.71,89.60,0.8920,2,2,-1
323,12,94.21,524.61,59.81,124.44,0.9251,2,1,-1
323,14,1070.82,456.54,42.93,114.05,0.9146,2,2,-1
323,17,850.92,533.59,47.86,129.75,0.6745,2,1,-1
323,24,1131.47,481.02,50.19,125.43,0.8988,2,2,-1
323,26,292.76,424.98,25.58,108.12,0.8926,3,0,-1
323,31,844.58,466.19,39.01,78.06,0.8198,2,2,-1
323,50,1321.35,488.61,47.34,106.15,0.9038,2,2,-1
323,64,896.38,455.79,40.52,97.54,0.9244,2,1,-1
323,65,-1.73,484.72,22.74,111.55,0.7218,2,1,-1
323,86,694.35,550.94,44.81,98.47,0.8698,2,2,-1
323,0,794.90,480.12,19.01,17.15,1.0,0,-1,-1
324,1,16.51,488.43,68.48,111.75,0.9026,2,2,-1
324,2,477.94,592.63,69.20,143.36,0.9235,2,1,-1
324,6,148.72,378.75,46.01,74.89,0.9308,2,1,-1
324,9,466.59,489.52,66.21,111.66,0.9368,2,2,-1
324,10,526.01,428.46,44.24,89.14,0.9006,2,2,-1
324,12,100.61,523.53,56.97,123.62,0.9312,2,1,-1
324,14,1079.12,456.72,43.23,112.52,0.8944,2,2,-1
324,17,859.62,533.06,47.84,132.91,0.7208,2,1,-1
324,24,1139.77,481.38,53.99,125.61,0.9141,2,2,-1
324,26,301.74,425.09,26.03,106.81,0.8958,3,0,-1
324,31,850.51,465.19,39.98,77.60,0.8615,2,2,-1
324,49,67.81,455.51,51.69,95.41,0.9118,2,2,-1
324,50,1328.29,491.65,48.67,102.72,0.9134,2,2,-1
324,64,896.40,455.90,43.33,97.39,0.9163,2,1,-1
324,74,1091.52,419.00,24.86,56.90,0.7442,2,1,-1
324,86,691.89,537.98,52.46,113.27,0.8227,2,2,-1
324,0,775.74,491.56,18.23,17.49,1.0,0,-1,-1
325,1,20.52,491.26,74.87,109.40,0.9218,2,2,-1
325,2,480.23,591.26,68.60,144.38,0.9151,2,1,-1
325,3,1093.95,417.15,22.73,57.77,0.8068,2,1,-1
325,6,153.71,379.29,50.40,76.04,0.9261,2,1,-1
325,9,474.38,489.65,67.86,111.76,0.9412,2,2,-1
325,10,531.17,426.89,44.97,89.11,0.8906,2,2,-1
325,12,107.12,522.69,53.22,124.14,0.9263,2,1,-1
325,14,1086.12,458.41,40.58,110.44,0.8997,2,2,-1
325,17,866.74,534.98,45.37,130.62,0.8888,2,1,-1
325,24,1146.31,482.79,55.57,123.87,0.9162,2,2,-1
325,26,310.67,424.93,26.57,107.13,0.8867,3,0,-1
325,27,1332.09,496.46,52.93,98.28,0.9286,2,2,-1
325,31,855.80,464.90,41.94,80.13,0.8821,2,2,-1
325,64,897.34,455.83,43.04,97.49,0.9153,2,1,-1
325,86,688.16,531.65,62.86,121.50,0.9291,2,2,-1
325,87,1115.79,431.45,26.29,71.59,0.6101,2,-1,-1
325,0,762.68,491.00,15.97,17.18,1.0,0,-1,-1
326,1,20.11,493.97,72.11,105.48,0.9295,2,2,-1
326,2,485.06,590.70,67.14,145.71,0.8884,2,1,-1
326,3,1095.61,416.28,23.85,57.94,0.8318,2,1,-1
326,6,159.26,380.69,51.90,74.65,0.9255,2,1,-1
326,9,477.38,489.08,69.24,111.95,0.9445,2,2,-1
326,12,113.60,522.92,49.46,123.96,0.9193,2,1,-1
326,14,1091.39,459.02,44.39,112.77,0.8809,2,2,-1
326,17,873.02,535.59,45.40,130.24,0.6458,2,1,-1
326,23,537.81,434.64,44.57,80.71,0.8960,2,2,-1
326,24,1155.01,483.03,57.02,123.17,0.9019,2,2,-1
326,26,318.75,425.41,25.68,106.94,0.8866,3,0,-1
326,27,1338.55,498.34,55.26,96.83,0.9250,2,2,-1
326,31,861.25,464.92,42.60,84.88,0.8474,2,2,-1
326,49,76.69,456.06,52.46,95.86,0.9067,2,2,-1
326,64,898.93,455.85,43.45,98.23,0.9111,2,1,-1
326,86,683.82,530.76,70.82,119.92,0.9329,2,2,-1
326,87,1124.75,434.05,20.92,40.67,0.6914,2,-1,-1
326,0,752.42,480.35,15.85,16.72,1.0,0,-1,-1
327,1,21.06,495.67,78.92,104.08,0.9298,2,2,-1
327,2,488.24,593.84,65.03,144.89,0.9020,2,1,-1
327,6,163.71,381.45,47.08,73.67,0.9256,2,1,-1
327,9,478.18,487.31,68.29,112.73,0.9423,2,2,-1
327,10,543.89,427.17,40.15,87.18,0.9224,2,2,-1
327,12,121.36,522.79,44.34,123.33,0.9417,2,1,-1
327,14,1100.24,454.81,46.61,114.92,0.8447,2,2,-1
327,17,879.26,536.51,45.60,130.34,0.9075,2,1,-1
327,24,1164.00,483.39,58.06,122.19,0.8902,2,2,-1
327,26,328.08,425.03,26.36,106.47,0.9003,3,0,-1
327,27,1342.43,498.31,58.93,97.21,0.9280,2,2,-1
327,31,865.48,465.93,43.48,90.41,0.8471,2,2,-1
327,49,83.79,455.27,46.31,94.40,0.9244,2,2,-1
327,64,902.03,453.83,47.70,100.58,0.9043,2,1,-1
327,86,679.25,529.99,78.67,120.61,0.9276,2,2,-1
327,87,1132.61,439.22,22.36,32.95,0.6655,2,-1,-1
327,0,742.92,471.34,15.14,15.21,1.0,0,-1,-1
328,1,19.71,496.39,86.99,103.46,0.9419,2,2,-1
328,2,489.09,596.38,63.86,144.10,0.9081,2,1,-1
328,6,166.95,381.52,43.39,73.96,0.9062,2,1,-1
328,9,480.13,486.15,64.01,114.75,0.9286,2,2,-1
328,10,549.96,427.15,37.05,86.21,0.9129,2,2,-1
328,12,127.20,523.47,44.87,122.86,0.9435,2,1,-1
328,14,1102.74,456.65,48.47,112.29,0.8977,2,2,-1
328,24,1180.12,482.92,54.84,122.94,0.8732,2,2,-1
328,26,336.35,425.38,26.82,105.21,0.8975,3,0,-1
328,27,1344.14,497.83,65.76,98.35,0.9417,2,2,-1
328,49,85.45,453.52,43.55,98.11,0.9105,2,2,-1
328,64,904.59,454.30,49.13,100.22,0.9188,2,1,-1
328,65,0.52,482.70,28.56,109.05,0.9097,2,1,-1
328,81,875.31,501.97,35.14,76.19,0.8347,2,2,-1
328,86,672.78,531.75,78.19,120.95,0.9099,2,2,-1
328,87,1129.51,442.77,34.04,35.46,0.8828,1,3,-1
328,0,731.85,462.81,15.30,15.16,1.0,0,-1,-1
329,1,19.42,496.45,90.94,103.14,0.9353,2,2,-1
329,2,489.29,601.30,64.46,140.24,0.9189,2,1,-1
329,6,172.47,382.63,39.49,72.81,0.9114,2,1,-1
329,9,483.36,482.10,56.16,119.05,0.9208,2,2,-1
329,10,554.80,426.99,36.27,85.95,0.8561,2,2,-1
329,12,127.15,523.97,53.26,122.40,0.9403,2,1,-1
329,14,1108.87,456.13,48.06,116.18,0.8866,2,2,-1
329,17,892.55,541.21,47.80,126.86,0.9032,2,1,-1
329,24,1191.02,483.09,54.03,121.53,0.8540,2,2,-1
329,26,344.68,425.62,27.63,105.82,0.8905,3,0,-1
329,27,1346.80,496.90,70.54,99.90,0.9373,2,2,-1
329,64,907.70,455.24,48.36,99.23,0.9066,2,1,-1
329,65,-1.35,480.37,24.56,111.43,0.8913,2,1,-1
329,81,879.54,498.65,34.74,79.09,0.8254,2,2,-1
329,86,668.50,533.72,77.68,122.78,0.6921,2,2,-1
329,0,721.84,455.10,14.91,14.28,1.0,0,-1,-1
330,1,21.44,495.96,90.52,102.83,0.9154,2,2,-1
330,2,485.73,605.02,69.71,138.08,0.9412,2,1,-1
330,6,179.54,380.38,37.46,75.26,0.9141,2,1,-1
330,9,488.54,480.21,49.94,119.78,0.9204,2,2,-1
330,10,557.68,425.35,35.36,87.31,0.9053,2,2,-1
330,12,132.69,524.52,57.70,121.42,0.9413,2,1,-1
330,14,1119.95,453.88,45.85,116.39,0.8748,2,2,-1
330,17,900.42,539.14,49.78,129.52,0.9001,2,1,-1
330,24,1207.59,482.85,50.62,123.90,0.8634,2,2,-1
330,26,352.66,425.94,28.34,105.95,0.8940,3,0,-1
330,27,1350.53,497.46,71.21,97.53,0.9410,2,2,-1
330,49,89.04,448.52,46.83,98.44,0.9214,2,2,-1
330,64,909.99,455.38,45.03,99.44,0.8887,2,1,-1
330,65,-0.49,479.89,23.67,115.03,0.8959,2,1,-1
330,81,884.13,501.92,34.14,76.65,0.8000,2,2,-1
330,86,666.36,575.69,45.09,79.32,0.8751,2,2,-1
330,0,712.08,448.78,15.48,14.81,1.0,0,-1,-1
331,1,24.63,497.49,78.38,100.72,0.9368,2,2,-1
331,2,486.29,605.99,75.06,137.80,0.9456,2,1,-1
331,6,184.28,379.36,37.41,77.80,0.9145,2,1,-1
331,9,495.32,479.37,44.57,118.34,0.9314,2,2,-1
331,10,562.04,435.68,30.10,76.79,0.8694,2,2,-1
331,12,142.08,524.58,58.38,121.42,0.9356,2,1,-1
331,14,1131.74,455.65,42.79,113.83,0.9091,2,2,-1
331,17,905.80,537.74,52.06,130.90,0.8711,2,1,-1
331,26,360.97,426.32,29.51,106.51,0.9010,3,0,-1
331,27,1353.42,496.19,70.41,99.01,0.9384,2,2,-1
331,49,91.56,447.40,47.58,100.34,0.9083,2,2,-1
331,64,912.33,452.45,41.69,101.83,0.8420,2,1,-1
331,65,1.13,479.25,27.79,113.27,0.9128,2,1,-1
331,76,1223.00,483.56,45.64,110.26,0.8907,2,2,-1
331,81,891.27,502.51,33.74,75.14,0.5864,2,2,-1
331,86,660.77,537.87,61.82,118.05,0.9191,2,2,-1
331,0,704.38,443.56,14.12,13.07,1.0,0,-1,-1
332,1,26.33,498.69,63.83,99.84,0.9249,2,2,-1
332,2,489.34,606.34,81.37,138.77,0.9433,2,1,-1
332,6,191.74,380.26,36.21,79.09,0.9202,2,1,-1
332,9,500.99,480.38,41.61,117.08,0.9120,2,2,-1
332,10,566.65,423.76,35.07,88.09,0.9038,2,2,-1
332,12,146.12,525.04,63.23,120.60,0.9442,2,1,-1
332,14,1135.28,455.21,43.98,111.65,0.8668,2,2,-1
332,17,915.02,543.80,51.83,125.14,0.8854,2,1,-1
332,24,1234.24,483.53,46.95,120.57,0.9006,2,2,-1
332,26,368.70,426.95,31.09,106.24,0.9037,3,0,-1
332,27,1357.30,495.66,68.31,99.26,0.9177,2,2,-1
332,49,94.93,447.78,47.57,100.31,0.9226,2,2,-1
332,64,923.00,451.49,30.11,73.05,0.8399,2,1,-1
332,65,0.98,478.45,31.47,111.52,0.9196,2,1,-1
332,81,896.70,501.66,33.81,76.81,0.8283,2,2,-1
332,86,659.48,537.45,63.20,118.89,0.9141,2,2,-1
332,88,1102.48,417.71,38.14,94.64,0.7518,2,-1,-1
332,0,695.86,439.14,14.11,13.56,1.0,0,-1,-1
333,1,30.26,500.01,66.32,99.14,0.9258,2,2,-1
333,2,491.69,606.89,86.60,140.48,0.9420,2,1,-1
333,6,198.60,381.13,35.09,78.61,0.9068,2,1,-1
333,9,507.19,481.64,39.14,119.13,0.9208,2,2,-1
333,10,571.38,423.31,40.20,89.37,0.9058,2,2,-1
333,12,157.13,525.02,62.46,121.01,0.9420,2,1,-1
333,14,1143.53,455.49,44.01,110.85,0.8992,2,2,-1
333,17,922.36,544.03,52.34,124.81,0.8882,2,1,-1
333,26,376.73,426.90,32.85,106.69,0.9183,3,0,-1
333,27,1362.19,496.27,61.19,98.06,0.9043,2,2,-1
333,49,98.96,448.51,46.41,100.04,0.9214,2,2,-1
333,64,925.38,450.23,32.65,82.80,0.8564,2,1,-1
333,65,0.83,478.48,33.96,108.71,0.9152,2,1,-1
333,76,1245.62,483.81,46.76,112.37,0.8515,2,2,-1
333,86,657.35,536.58,68.68,119.78,0.9374,2,2,-1
333,88,1103.40,423.52,39.66,87.03,0.8490,2,-1,-1
333,0,687.32,435.56,14.88,13.92,1.0,0,-1,-1
334,1,30.45,502.01,74.22,97.87,0.9294,2,2,-1
334,2,487.27,606.31,92.32,138.32,0.9401,2,1,-1
334,6,205.28,381.95,34.93,80.13,0.9106,2,1,-1
334,9,511.56,483.67,38.80,118.90,0.9129,2,2,-1
334,10,570.13,421.65,45.24,89.70,0.9178,2,2,-1
334,12,165.21,524.06,65.28,122.92,0.9339,2,1,-1
334,14,1151.90,455.69,43.53,113.17,0.8939,2,2,-1
334,17,928.64,544.90,51.81,124.23,0.9103,2,1,-1
334,24,1254.94,483.96,52.59,122.32,0.8610,2,2,-1
334,26,385.30,426.93,34.80,106.75,0.9193,3,0,-1
334,27,1365.09,495.02,57.31,98.65,0.8951,2,2,-1
334,49,104.53,450.93,45.18,97.10,0.9194,2,2,-1
334,64,931.36,450.62,28.93,71.12,0.8369,2,1,-1
334,65,2.39,478.97,36.83,108.28,0.8494,2,1,-1
334,86,654.96,536.09,74.86,120.32,0.9412,2,2,-1
334,88,1103.78,418.59,47.89,89.00,0.8759,2,-1,-1
334,0,680.32,432.91,14.67,14.27,1.0,0,-1,-1
335,1,31.33,502.59,80.21,97.00,0.9189,2,2,-1
335,2,489.48,604.06,89.24,140.92,0.9397,2,1,-1
335,6,212.82,382.75,34.82,79.96,0.9181,2,1,-1
335,9,511.48,489.08,43.28,113.74,0.9205,2,2,-1
335,10,568.99,420.33,49.66,89.59,0.9160,2,2,-1
335,12,174.13,523.32,64.13,122.22,0.9378,2,1,-1
335,14,1160.01,455.39,44.21,112.97,0.8891,2,2,-1
335,24,1272.84,485.30,54.92,119.28,0.8990,2,2,-1
335,26,395.23,427.23,36.50,106.12,0.9192,3,0,-1
335,27,1371.33,493.86,56.47,100.82,0.9016,2,2,-1
335,49,108.91,453.27,44.50,96.75,0.9162,2,2,-1
335,64,936.23,450.86,28.14,60.76,0.8728,2,1,-1
335,69,903.76,502.33,52.80,116.41,0.8757,2,2,-1
335,86,652.22,537.31,77.71,111.54,0.9143,2,2,-1
335,88,1105.72,422.01,50.43,77.41,0.8665,2,1,-1
335,0,674.05,431.38,14.76,13.99,1.0,0,-1,-1
336,1,36.08,518.78,75.45,82.45,0.8893,2,2,-1
336,2,495.05,601.19,77.55,142.54,0.9228,2,1,-1
336,6,219.83,385.51,35.77,77.95,0.9203,2,1,-1
336,9,510.51,492.58,54.97,110.90,0.9359,2,2,-1
336,10,569.31,418.83,56.97,88.44,0.9280,2,2,-1
336,12,183.00,522.63,60.06,121.45,0.9320,2,1,-1
336,14,1167.93,456.34,46.35,111.76,0.9112,2,2,-1
336,17,942.02,539.23,47.90,130.21,0.9124,2,1,-1
336,24,1286.01,485.98,59.81,123.44,0.9105,2,2,-1
336,26,403.56,427.68,36.52,104.47,0.9210,3,0,-1
336,27,1377.32,491.80,58.82,102.62,0.9227,2,2,-1
336,45,937.31,453.38,32.99,67.41,0.7949,3,0,-1
336,49,111.48,454.52,46.99,95.83,0.9260,2,2,-1
336,65,3.90,482.43,39.42,102.93,0.7936,2,1,-1
336,86,648.48,538.74,81.28,120.41,0.8919,2,2,-1
336,88,1106.13,421.34,55.77,77.26,0.8754,2,1,-1
336,0,668.55,431.33,14.23,13.27,1.0,0,-1,-1
337,1,26.35,520.40,59.17,81.00,0.8327,2,2,-1
337,6,228.92,386.36,35.28,76.72,0.9222,2,1,-1
337,9,512.57,494.73,64.92,108.70,0.9353,2,2,-1
337,10,573.29,418.93,57.49,85.89,0.9259,2,2,-1
337,12,191.16,521.97,56.78,121.26,0.9326,2,1,-1
337,17,951.77,541.76,44.34,128.08,0.8473,2,1,-1
337,24,1296.82,486.78,57.99,122.45,0.9096,2,2,-1
337,26,412.97,427.73,37.79,105.14,0.9278,3,0,-1
337,27,1383.49,490.76,60.63,105.05,0.9340,2,2,-1
337,31,928.77,461.17,45.76,88.45,0.7897,2,2,-1
337,49,114.62,455.46,52.39,93.74,0.9316,2,2,-1
337,59,1172.33,456.48,54.56,112.31,0.9119,2,2,-1
337,86,648.61,541.26,76.14,121.15,0.8809,2,2,-1
337,88,1106.75,418.12,60.13,80.76,0.8602,2,1,-1
337,0,663.32,431.30,14.01,13.52,1.0,0,-1,-1
338,1,6.91,481.08,86.64,115.12,0.8935,2,2,-1
338,6,237.18,383.65,36.28,80.38,0.9107,2,1,-1
338,9,516.42,495.58,70.20,108.54,0.9394,2,2,-1
338,10,577.62,419.20,57.97,85.25,0.9217,2,2,-1
338,12,197.13,521.38,51.58,122.54,0.9394,2,1,-1
338,17,961.02,541.45,43.65,129.16,0.8733,2,1,-1
338,26,422.12,427.90,39.10,105.48,0.9241,3,0,-1
338,27,1389.05,489.87,61.91,106.95,0.9249,2,2,-1
338,31,936.57,465.97,44.70,85.72,0.6900,2,2,-1
338,49,121.96,455.54,55.60,92.69,0.9283,2,2,-1
338,59,1183.29,458.07,52.70,110.81,0.8977,2,2,-1
338,76,1310.32,486.99,49.82,120.76,0.8998,2,2,-1
338,86,642.88,543.54,64.74,117.70,0.9161,2,2,-1
338,88,1110.39,420.02,59.37,79.58,0.8621,2,1,-1
338,0,657.86,431.70,13.89,14.58,1.0,0,-1,-1
339,1,14.49,479.90,76.73,100.83,0.8529,2,2,-1
339,2,510.06,596.73,67.93,126.32,0.6659,2,1,-1
339,6,243.24,383.27,37.48,81.54,0.9216,2,1,-1
339,9,523.53,496.08,72.03,108.31,0.9429,2,2,-1
339,10,584.02,420.83,52.86,85.50,0.9164,2,2,-1
339,12,204.56,520.39,45.35,122.93,0.9242,2,1,-1
339,17,969.71,544.75,44.48,126.50,0.9026,2,1,-1
339,26,431.00,428.19,40.53,105.46,0.9239,3,0,-1
339,27,1393.41,491.50,63.34,105.04,0.9349,2,2,-1
339,31,939.91,466.30,47.73,88.77,0.7452,2,2,-1
339,49,126.00,455.03,63.65,95.72,0.9411,2,2,-1
339,59,1190.48,459.37,54.90,110.30,0.8858,2,2,-1
339,76,1321.73,487.13,49.16,119.60,0.8971,2,2,-1
339,86,638.42,542.37,64.08,120.98,0.8684,2,2,-1
339,88,1109.51,415.34,55.80,84.28,0.8798,2,1,-1
339,0,652.04,433.87,14.62,15.19,1.0,0,-1,-1
340,1,39.86,524.38,58.57,75.40,0.8765,2,2,-1
340,4,1115.03,440.76,40.71,59.45,0.8275,2,1,-1
340,6,250.66,381.30,39.18,84.28,0.9216,2,1,-1
340,9,536.28,497.02,65.28,105.80,0.9294,2,2,-1
340,10,590.94,422.39,48.20,83.41,0.9162,2,2,-1
340,12,211.39,520.51,45.24,122.34,0.9262,2,1,-1
340,17,977.04,547.77,47.75,124.03,0.9311,2,1,-1
340,26,439.62,428.73,42.82,106.31,0.9220,3,0,-1
340,27,1399.66,493.09,61.51,105.67,0.9119,2,2,-1
340,31,938.38,460.21,44.01,99.07,0.8122,2,2,-1
340,49,127.97,456.14,64.43,93.21,0.9322,2,2,-1
340,59,1202.61,461.31,53.34,107.48,0.9097,2,2,-1
340,76,1333.39,487.58,49.10,119.79,0.8762,2,2,-1
340,85,1196.25,460.56,16.72,29.88,0.5693,1,3,-1
340,86,639.30,540.58,68.96,123.01,0.9186,2,2,-1
340,0,647.54,436.64,14.89,16.15,1.0,0,-1,-1
341,1,30.64,496.29,74.90,103.44,0.8759,2,2,-1
341,2,519.86,598.35,66.98,145.44,0.8489,2,1,-1
341,6,257.54,382.10,39.80,85.50,0.9224,2,1,-1
341,9,538.97,497.95,63.81,108.58,0.9256,2,2,-1
341,10,598.09,423.57,46.71,82.01,0.9060,2,2,-1
341,11,974.90,468.80,30.26,82.99,0.8135,2,2,-1
341,12,219.53,522.49,47.39,119.93,0.9254,2,1,-1
341,17,980.49,557.96,52.65,113.93,0.9226,2,1,-1
341,26,448.35,429.15,45.43,105.12,0.9234,3,0,-1
341,27,1403.97,494.52,55.80,102.39,0.8941,2,2,-1
341,49,130.88,456.34,61.80,92.44,0.9321,2,2,-1
341,59,1211.01,461.10,53.67,107.49,0.9191,2,2,-1
341,76,1346.18,487.35,48.75,121.49,0.8879,2,2,-1
341,86,634.70,539.30,79.68,125.93,0.9403,2,2,-1
341,88,1116.64,417.96,41.90,80.76,0.9183,2,1,-1
341,0,642.85,440.19,13.65,15.81,1.0,0,-1,-1
342,1,16.58,497.90,83.35,98.60,0.8705,2,2,-1
342,2,525.34,601.14,65.12,144.13,0.9221,2,1,-1
342,6,266.63,384.39,39.21,84.34,0.9263,2,1,-1
342,9,540.17,498.24,61.90,108.02,0.9317,2,2,-1
342,10,602.09,423.89,49.57,82.05,0.9230,2,2,-1
342,11,963.80,461.37,27.15,74.45,0.8578,2,2,-1
342,12,224.60,523.69,52.80,119.01,0.9320,2,1,-1
342,17,985.70,562.44,58.22,109.73,0.9119,2,1,-1
342,26,456.69,430.02,48.53,105.01,0.9293,3,0,-1
342,27,1404.75,495.80,52.68,102.71,0.8623,2,2,-1
342,49,134.81,455.76,54.41,92.14,0.9254,2,2,-1
342,59,1214.27,460.56,57.36,107.80,0.8901,2,2,-1
342,76,1358.94,487.68,47.47,121.86,0.8981,2,2,-1
342,85,1205.07,458.81,22.80,37.38,0.6224,1,3,-1
342,86,633.12,538.49,83.80,124.38,0.9258,2,2,-1
342,88,1116.21,410.83,49.28,91.17,0.9249,2,1,-1
343,1,19.16,478.71,62.91,84.77,0.8770,2,2,-1
343,2,526.96,604.67,65.29,141.27,0.9177,2,1,-1
343,6,276.73,385.55,36.70,83.66,0.9178,2,1,-1
343,9,541.49,498.73,58.17,106.62,0.9142,2,2,-1
343,10,607.56,423.23,52.45,82.43,0.9245,2,2,-1
343,11,968.19,463.39,27.75,74.16,0.8645,2,2,-1
343,12,229.34,525.27,59.35,118.40,0.9289,2,1,-1
343,14,1229.05,459.85,49.15,108.40,0.9167,2,2,-1
343,17,991.71,560.52,63.86,111.95,0.9206,2,1,-1
343,24,1372.97,489.17,43.76,90.20,0.8467,2,2,-1
343,26,465.77,430.74,50.08,104.08,0.9254,3,0,-1
343,49,139.03,455.01,51.74,91.22,0.9212,2,2,-1
343,50,1418.89,524.23,37.86,73.94,0.8702,2,2,-1
343,81,991.97,472.06,28.02,74.65,0.8456,2,2,-1
343,85,1208.66,460.79,29.83,47.84,0.5336,1,3,-1
343,86,626.31,540.65,90.22,123.93,0.8932,2,2,-1
343,88,1115.95,410.75,55.37,88.16,0.9257,2,1,-1
344,1,25.22,477.31,57.90,84.52,0.8993,2,2,-1
344,2,528.57,608.02,64.92,136.48,0.9354,2,1,-1
344,6,287.29,386.90,34.10,83.34,0.9082,2,1,-1
344,9,543.15,496.34,55.52,108.68,0.9066,2,2,-1
344,10,613.31,422.64,53.34,82.80,0.9206,2,2,-1
344,11,972.14,464.12,30.75,80.15,0.8783,2,2,-1
344,12,233.71,527.22,66.29,116.27,0.9421,2,1,-1
344,14,1236.80,460.95,45.76,106.85,0.8977,2,2,-1
344,17,1000.36,557.92,63.32,115.29,0.9322,2,1,-1
344,26,474.97,432.10,52.12,103.18,0.9296,3,0,-1
344,49,144.23,454.29,53.77,93.01,0.9276,2,2,-1
344,50,1426.72,526.20,40.28,71.93,0.8802,2,2,-1
344,76,1387.31,489.17,45.26,123.26,0.8814,2,2,-1
344,81,999.72,471.44,30.53,81.23,0.7978,2,2,-1
344,86,632.91,542.69,76.03,101.85,0.7877,2,2,-1
344,88,1118.60,412.68,58.99,85.94,0.9313,2,1,-1
344,0,325.98,595.82,21.03,12.98,1.0,0,-1,-1
345,1,30.31,476.42,71.63,104.43,0.9282,2,2,-1
345,2,522.19,609.49,70.38,137.95,0.9387,2,1,-1
345,6,299.19,387.88,31.91,83.64,0.9094,2,1,-1
345,9,547.40,494.86,57.91,110.93,0.9187,2,2,-1
345,10,618.82,421.61,52.47,84.01,0.9192,2,2,-1
345,11,975.95,465.70,32.91,85.41,0.8753,2,2,-1
345,12,240.27,527.36,71.89,117.23,0.9414,2,1,-1
345,14,1243.82,461.45,43.29,106.64,0.8843,2,2,-1
345,17,1008.45,555.66,63.34,117.07,0.9289,2,1,-1
345,26,484.19,433.39,51.34,101.75,0.9296,3,0,-1
345,49,149.96,453.92,56.72,93.03,0.9349,2,2,-1
345,50,1436.78,524.15,41.13,74.27,0.8991,2,2,-1
345,81,1007.29,473.06,28.79,76.35,0.8101,2,2,-1
345,86,623.27,544.96,82.74,124.33,0.8819,2,2,-1
345,88,1114.24,412.50,65.31,88.02,0.9295,2,1,-1
345,0,339.10,595.04,19.52,12.68,1.0,0,-1,-1
346,1,32.78,476.18,74.94,98.52,0.9247,2,2,-1
346,2,523.55,611.47,78.32,137.54,0.9458,2,1,-1
346,6,309.68,387.01,31.57,84.92,0.9134,2,1,-1
346,9,553.14,494.09,61.71,111.17,0.9278,2,2,-1
346,10,624.73,419.10,49.39,81.36,0.9193,2,2,-1
346,11,979.43,464.25,36.12,89.98,0.8993,2,2,-1
346,12,247.52,527.47,73.16,117.11,0.9388,2,1,-1
346,14,1253.42,461.19,42.19,106.98,0.8342,2,2,-1
346,17,1018.83,566.13,58.53,107.48,0.9235,2,1,-1
346,26,493.82,434.13,50.01,101.90,0.9272,3,0,-1
346,43,638.77,597.59,34.79,71.44,0.8209,2,2,-1
346,49,155.39,454.70,54.43,91.65,0.9319,2,2,-1
346,50,1443.10,522.68,42.88,74.85,0.8696,2,2,-1
346,69,1012.54,473.19,50.39,108.34,0.9083,2,2,-1
346,88,1116.61,413.80,65.37,88.77,0.9211,2,1,-1
346,0,352.58,593.72,19.11,14.27,1.0,0,-1,-1
347,1,9.77,494.87,78.02,103.57,0.8920,2,2,-1
347,2,529.42,611.86,83.80,137.67,0.9412,2,1,-1
347,6,320.62,388.46,31.89,85.24,0.9011,2,1,-1
347,9,558.98,494.23,62.82,110.75,0.9349,2,2,-1
347,10,634.82,419.15,48.34,84.68,0.9159,2,2,-1
347,11,985.99,463.44,37.08,91.25,0.8737,2,2,-1
347,12,258.60,527.53,70.89,117.57,0.9360,2,1,-1
347,17,1027.43,566.28,54.17,107.92,0.9281,2,1,-1
347,26,503.12,434.72,47.42,101.22,0.9267,3,0,-1
347,27,1429.78,492.24,64.11,109.00,0.9287,2,2,-1
347,49,161.32,455.77,48.08,92.62,0.9295,2,2,-1
347,59,1246.85,461.78,59.36,107.79,0.8334,2,2,-1
347,69,1023.44,474.44,50.75,105.83,0.8955,2,2,-1
347,86,619.84,548.46,66.84,121.82,0.8906,2,2,-1
347,88,1123.27,416.98,57.76,82.76,0.9080,2,1,-1
347,0,367.16,594.08,17.19,13.75,1.0,0,-1,-1
348,2,540.15,612.38,85.46,137.93,0.9471,2,1,-1
348,6,329.73,387.45,34.18,88.44,0.9025,2,1,-1
348,9,566.30,495.04,59.19,109.56,0.9345,2,2,-1
348,10,645.65,420.85,43.24,85.07,0.9131,2,2,-1
348,11,992.67,462.77,36.61,91.51,0.9014,2,2,-1
348,12,267.26,527.81,66.57,115.82,0.9299,2,1,-1
348,17,1036.54,565.12,48.67,110.06,0.9189,2,1,-1
348,26,512.92,435.02,45.12,100.55,0.9249,3,0,-1
348,27,1437.67,493.11,63.57,110.53,0.9191,2,2,-1
348,49,168.22,457.56,43.00,90.45,0.9237,2,2,-1
348,59,1247.00,462.12,66.46,108.60,0.8008,2,2,-1
348,65,39.53,477.26,59.43,111.05,0.8889,2,1,-1
348,69,1032.04,474.42,52.64,106.88,0.9118,2,2,-1
348,86,619.82,547.65,70.10,122.99,0.9359,2,2,-1
348,88,1124.01,417.16,53.54,82.77,0.9012,2,1,-1
348,0,379.78,595.81,18.54,12.79,1.0,0,-1,-1
349,2,546.16,611.25,86.99,139.84,0.9314,2,1,-1
349,6,340.93,390.75,35.00,86.14,0.9159,2,1,-1
349,9,575.25,496.94,54.05,109.28,0.9133,2,2,-1
349,10,657.46,422.28,38.56,83.48,0.9123,2,2,-1
349,11,999.66,462.86,36.87,93.22,0.8763,2,2,-1
349,12,277.33,529.09,61.23,113.02,0.9276,2,1,-1
349,17,1047.98,568.17,41.59,108.28,0.8793,2,1,-1
349,26,523.24,435.61,43.96,101.05,0.9222,3,0,-1
349,49,175.88,460.00,42.62,87.86,0.9181,2,2,-1
349,59,1254.68,461.11,72.03,110.19,0.8407,2,2,-1
349,65,43.25,477.85,56.22,106.38,0.9213,2,1,-1
349,69,1038.98,474.29,55.38,110.13,0.9084,2,2,-1
349,76,1461.50,494.59,39.66,110.94,0.8027,2,2,-1
349,86,621.97,547.51,74.37,123.32,0.9305,2,2,-1
349,88,1123.85,416.71,47.82,83.55,0.8958,2,1,-1
349,0,393.63,597.81,17.96,12.05,1.0,0,-1,-1
350,2,548.64,612.45,88.41,139.76,0.9187,2,1,-1
350,6,350.06,394.93,36.80,82.56,0.8930,2,1,-1
350,9,581.09,500.22,45.88,106.65,0.8908,2,2,-1
350,10,665.02,422.63,41.09,83.41,0.9154,2,2,-1
350,11,1005.42,463.39,38.61,104.71,0.8965,2,2,-1
350,12,285.77,529.27,57.42,110.74,0.8560,2,1,-1
350,17,1057.09,565.95,38.55,110.71,0.8913,2,1,-1
350,26,534.15,436.55,45.64,100.43,0.9252,3,0,-1
350,49,183.96,459.54,47.88,88.21,0.9355,2,2,-1
350,59,1266.13,462.45,73.74,109.71,0.9002,2,2,-1
350,65,48.64,477.47,62.44,100.73,0.9277,2,1,-1
350,69,1047.78,474.13,53.67,110.03,0.9063,2,2,-1
350,76,1472.97,495.60,39.58,119.46,0.8412,2,2,-1
350,86,622.28,548.36,75.50,112.65,0.8942,2,2,-1
350,88,1132.53,417.01,47.46,84.34,0.9248,2,1,-1
350,0,408.06,598.29,16.50,12.56,1.0,0,-1,-1
351,2,550.17,608.70,86.90,142.73,0.8693,2,1,-1
351,6,356.51,397.00,42.07,81.96,0.9199,2,1,-1
351,9,587.58,503.08,42.25,105.09,0.8563,2,2,-1
351,10,672.66,423.00,46.68,83.86,0.9175,2,2,-1
351,11,1012.05,464.38,37.80,104.93,0.8983,2,2,-1
351,12,294.71,530.95,51.93,110.74,0.8822,2,1,-1
351,17,1069.03,574.27,37.03,102.69,0.8995,2,1,-1
351,24,1454.24,498.66,43.68,102.79,0.8049,2,2,-1
351,26,542.73,438.21,47.59,97.68,0.9210,3,0,-1
351,49,190.80,458.59,53.99,88.03,0.9393,2,2,-1
351,59,1282.16,466.20,71.35,107.54,0.9089,2,2,-1
351,65,51.13,476.19,73.23,104.85,0.9419,2,1,-1
351,69,1056.68,474.11,50.98,108.72,0.8902,2,2,-1
351,86,615.08,551.47,53.04,90.55,0.8447,2,2,-1
351,88,1133.07,414.57,56.00,87.34,0.9317,2,1,-1
351,0,421.50,598.25,16.22,13.95,1.0,0,-1,-1
352,2,554.26,606.10,85.56,145.36,0.7311,2,1,-1
352,6,367.33,400.29,42.78,79.47,0.9225,2,1,-1
352,9,592.20,505.31,34.37,77.71,0.8771,2,2,-1
352,10,678.44,422.00,48.18,82.43,0.9129,2,2,-1
352,11,1019.69,466.99,35.69,104.93,0.8845,2,-1,-1
352,12,305.80,532.11,49.87,109.06,0.9231,2,1,-1
352,17,1074.97,570.94,42.92,107.39,0.9144,2,1,-1
352,24,1462.99,497.24,43.38,103.27,0.7985,2,2,-1
352,26,550.02,439.37,48.24,97.46,0.9178,3,0,-1
352,31,1044.34,510.38,37.52,116.46,0.8070,2,2,-1
352,49,195.32,458.54,59.84,88.69,0.9255,2,2,-1
352,59,1296.43,465.97,69.39,108.50,0.9277,2,2,-1
352,65,51.74,475.10,79.37,100.39,0.9339,2,1,-1
352,76,1502.88,497.73,35.07,107.43,0.8671,2,2,-1
352,86,613.95,556.76,64.09,116.74,0.8287,2,2,-1
352,88,1136.53,414.53,58.32,83.43,0.9340,2,1,-1
352,91,1.77,498.28,55.09,105.27,0.9192,2,-1,-1
353,2,559.89,605.17,79.15,142.48,0.7176,2,1,-1
353,6,378.68,402.87,42.90,77.39,0.9192,2,1,-1
353,9,592.49,505.70,41.67,94.57,0.8988,2,2,-1
353,10,680.24,423.64,50.15,82.36,0.8928,2,2,-1
353,11,1027.08,471.32,30.78,100.92,0.8968,2,1,-1
353,12,312.02,532.67,54.73,110.17,0.9417,2,1,-1
353,17,1079.51,575.13,47.28,103.39,0.8793,2,1,-1
353,26,557.21,440.29,44.78,97.55,0.9082,3,0,-1
353,27,1452.22,496.23,64.19,104.86,0.8872,2,2,-1
353,49,199.94,458.63,59.06,86.56,0.9286,2,2,-1
353,59,1310.37,466.24,64.92,108.21,0.9303,2,2,-1
353,65,51.86,475.01,79.78,99.23,0.9331,2,1,-1
353,69,1071.66,477.22,43.16,103.41,0.8402,2,2,-1
353,76,1515.75,498.73,34.11,106.25,0.8465,2,2,-1
353,86,614.67,567.36,58.56,111.83,0.7459,2,2,-1
353,88,1132.67,410.92,66.56,89.25,0.9307,2,1,-1
353,91,1.81,498.05,65.35,106.25,0.9262,2,-1,-1
354,6,388.92,403.91,43.45,76.96,0.9267,2,1,-1
354,9,597.57,505.62,45.03,101.84,0.8116,2,2,-1
354,10,682.85,425.40,48.72,83.30,0.8868,2,2,-1
354,11,1033.06,471.33,31.90,101.97,0.8680,2,1,-1
354,12,317.42,533.41,59.87,108.89,0.9491,2,1,-1
354,17,1084.98,583.22,53.33,96.59,0.9043,2,1,-1
354,26,564.48,441.73,41.78,98.29,0.9050,3,0,-1
354,27,1465.96,495.40,61.25,108.03,0.9238,2,2,-1
354,31,1059.87,510.62,32.27,100.22,0.8354,2,2,-1
354,42,1530.52,541.50,34.52,78.09,0.8675,2,2,-1
354,49,201.53,458.86,57.38,88.39,0.9140,2,2,-1
354,59,1321.37,465.76,61.76,108.95,0.9213,2,2,-1
354,65,51.24,475.18,77.46,100.98,0.9409,2,1,-1
354,88,1132.66,412.92,67.57,88.90,0.9258,2,1,-1
354,0,680.68,473.29,12.68,13.85,1.0,0,-1,-1
355,6,400.90,406.63,43.33,74.92,0.9221,2,1,-1
355,10,686.44,426.14,51.28,82.99,0.8896,2,2,-1
355,11,1035.47,472.38,36.44,100.30,0.8620,2,1,-1
355,12,322.35,533.17,65.52,109.38,0.9393,2,1,-1
355,17,1095.51,587.17,53.86,91.44,0.8855,2,1,-1
355,26,571.43,443.16,39.22,95.42,0.8980,3,0,-1
355,27,1470.98,494.66,62.01,109.48,0.9359,2,2,-1
355,42,1541.87,540.65,35.33,79.75,0.8693,2,2,-1
355,49,203.05,459.26,51.10,87.43,0.9096,2,2,-1
355,59,1331.00,465.19,57.61,111.62,0.9223,2,2,-1
355,65,50.37,474.94,68.92,101.28,0.9316,2,1,-1
355,69,1087.16,475.32,44.60,109.72,0.8865,2,2,-1
355,86,610.85,561.17,63.12,118.36,0.7951,2,2,-1
355,88,1136.77,413.36,63.49,89.63,0.9004,2,1,-1
355,0,681.94,472.82,12.72,14.63,1.0,0,-1,-1
356,6,412.19,405.56,44.63,78.45,0.9233,2,1,-1
356,10,690.99,426.41,51.93,79.44,0.8734,2,2,-1
356,11,1035.63,472.52,42.02,99.57,0.8865,2,1,-1
356,12,328.99,532.00,69.30,111.51,0.9249,2,1,-1
356,17,1099.89,572.76,61.67,107.80,0.8944,2,1,-1
356,20,580.20,444.49,35.05,79.50,0.8885,2,1,-1
356,27,1477.42,495.44,62.13,106.23,0.9269,2,2,-1
356,45,1140.05,415.60,50.92,89.05,0.9196,3,0,-1
356,49,207.30,458.37,45.05,87.26,0.9228,2,2,-1
356,50,1547.84,502.10,37.41,80.60,0.8429,2,2,-1
356,59,1341.11,465.84,51.55,109.12,0.9114,2,2,-1
356,65,50.80,474.28,66.07,101.68,0.9317,2,1,-1
356,69,1095.43,477.48,46.67,106.85,0.8948,2,2,-1
356,86,600.64,509.18,64.03,99.94,0.8362,2,2,-1
356,0,684.44,473.17,14.04,14.65,1.0,0,-1,-1
357,2,596.15,606.74,81.71,145.47,0.7824,2,1,-1
357,6,427.17,407.00,43.71,78.44,0.9182,2,1,-1
357,10,695.77,426.60,53.24,78.27,0.9139,2,2,-1
357,11,1035.70,471.59,50.08,101.60,0.9079,2,1,-1
357,12,334.99,532.23,71.98,112.05,0.9212,2,1,-1
357,14,1352.67,465.08,42.87,109.78,0.9158,2,2,-1
357,17,1106.50,568.58,62.67,112.73,0.9115,2,1,-1
357,20,591.04,445.09,32.99,81.03,0.8921,2,1,-1
357,27,1484.30,497.35,61.16,106.06,0.9125,2,2,-1
357,49,213.46,456.69,45.17,87.63,0.9189,2,2,-1
357,64,1139.64,415.38,43.07,88.66,0.9028,2,1,-1
357,65,51.60,473.16,71.82,102.07,0.9394,2,1,-1
357,69,1102.39,478.65,51.84,107.44,0.9161,2,2,-1
357,76,1564.70,509.32,37.33,113.41,0.7946,2,2,-1
357,86,597.21,512.75,70.02,95.91,0.9142,2,2,-1
357,91,-3.15,500.67,53.89,106.76,0.8442,2,-1,-1
357,0,688.14,475.13,13.35,14.36,1.0,0,-1,-1
358,2,598.35,609.26,78.71,143.68,0.8444,2,1,-1
358,6,444.75,408.34,41.66,77.86,0.9142,2,1,-1
358,10,702.01,425.85,53.07,78.22,0.9171,2,2,-1
358,11,1042.38,471.63,54.61,103.98,0.9227,2,1,-1
358,12,332.61,532.33,79.75,111.24,0.9286,2,1,-1
358,14,1364.06,464.92,37.11,111.29,0.9080,2,2,-1
358,17,1112.52,570.66,63.42,110.92,0.9275,2,1,-1
358,26,598.34,444.20,33.91,87.73,0.8758,3,0,-1
358,27,1490.08,499.34,59.93,108.61,0.8856,2,2,-1
358,49,218.30,455.16,50.03,90.36,0.9352,2,2,-1
358,64,1143.11,415.45,44.81,89.14,0.9139,2,1,-1
358,65,52.08,471.70,77.83,101.17,0.9392,2,1,-1
358,69,1110.47,480.41,55.29,103.49,0.9235,2,2,-1
358,76,1577.02,510.50,38.68,115.89,0.8464,2,2,-1
358,86,605.54,513.81,62.69,97.45,0.9142,2,2,-1
358,91,-2.05,502.93,37.30,105.49,0.9177,2,2,-1
358,0,693.34,477.34,13.57,14.47,1.0,0,-1,-1
359,2,601.10,614.70,85.47,139.75,0.9335,2,1,-1
359,6,462.34,411.86,38.47,74.64,0.8786,2,1,-1
359,10,706.58,427.41,47.52,70.05,0.8437,2,2,-1
359,11,1050.00,472.71,55.01,102.86,0.9188,2,1,-1
359,12,336.25,532.55,79.12,111.16,0.8690,2,1,-1
359,14,1373.73,464.68,33.64,111.12,0.9002,2,2,-1
359,17,1120.00,566.90,62.82,114.98,0.9240,2,1,-1
359,26,607.19,443.07,44.98,101.56,0.9041,3,0,-1
359,27,1497.57,501.60,53.16,104.47,0.9083,2,2,-1
359,49,222.97,454.78,53.64,89.04,0.9274,2,2,-1
359,64,1146.69,414.81,51.53,89.05,0.9332,2,1,-1
359,65,54.50,471.43,78.61,99.39,0.9218,2,1,-1
359,69,1117.66,480.69,59.83,102.73,0.9119,2,2,-1
359,76,1588.60,505.39,40.94,122.11,0.8862,2,2,-1
359,85,1396.27,454.16,42.24,63.76,0.6212,1,3,-1
359,91,1.24,502.75,42.99,106.39,0.9152,2,2,-1
359,0,697.31,479.43,14.59,16.51,1.0,0,-1,-1
360,2,604.38,618.69,84.82,134.47,0.9403,2,1,-1
360,6,481.27,420.49,34.27,65.90,0.8692,2,1,-1
360,10,717.34,427.77,42.91,74.17,0.9005,2,2,-1
360,11,1059.17,473.82,55.51,103.48,0.9158,2,1,-1
360,12,336.61,532.00,78.29,112.57,0.9037,2,1,-1
360,14,1384.74,466.28,33.91,110.80,0.9003,2,2,-1
360,17,1132.45,568.70,55.60,115.15,0.9200,2,1,-1
360,24,1504.03,505.19,36.79,82.78,0.8097,2,2,-1
360,49,229.01,454.74,55.46,86.74,0.9279,2,2,-1
360,64,1150.27,414.72,55.54,86.88,0.9330,2,1,-1
360,65,55.50,471.54,76.81,102.86,0.9223,2,1,-1
360,69,1126.78,482.06,61.87,99.93,0.9182,2,2,-1
360,76,1601.83,505.75,42.97,125.18,0.8982,2,2,-1
360,85,1407.47,449.62,43.18,69.39,0.8884,1,3,-1
360,86,605.35,508.77,61.96,104.88,0.9120,2,2,-1
360,91,2.39,504.36,52.37,102.60,0.9188,2,2,-1
360,0,703.36,483.76,14.55,15.46,1.0,0,-1,-1
361,2,613.14,618.63,82.64,134.00,0.9447,2,1,-1
361,6,496.73,411.52,38.88,75.22,0.8761,2,1,-1
361,10,727.93,427.48,42.28,76.45,0.9182,2,2,-1
361,11,1069.53,478.50,53.00,101.55,0.8775,2,1,-1
361,12,344.39,531.10,76.97,112.94,0.8978,2,1,-1
361,14,1393.79,467.46,36.89,110.19,0.8822,2,2,-1
361,17,1138.79,565.52,54.51,120.29,0.8136,2,1,-1
361,24,1513.42,535.58,34.92,69.46,0.8545,2,2,-1
361,49,235.13,454.81,53.37,87.34,0.9155,2,2,-1
361,64,1155.75,414.85,58.86,86.20,0.9267,2,1,-1
361,65,59.67,471.77,67.55,103.68,0.9343,2,1,-1
361,69,1135.08,482.30,60.57,96.69,0.9117,2,2,-1
361,76,1614.97,505.84,45.71,125.10,0.9119,2,2,-1
361,85,1418.95,447.06,45.45,75.50,0.8994,1,3,-1
361,86,610.84,508.24,67.08,105.44,0.9180,2,2,-1
361,91,2.76,508.54,58.98,98.88,0.9028,2,2,-1
361,0,708.78,487.69,14.73,15.88,1.0,0,-1,-1
362,2,621.33,617.94,82.50,134.52,0.9436,2,1,-1
362,6,514.31,414.01,42.12,75.14,0.8976,2,1,-1
362,10,732.83,427.04,50.09,77.36,0.9303,2,2,-1
362,11,1078.80,479.39,52.67,101.57,0.5941,2,1,-1
362,12,356.33,529.77,77.34,114.06,0.9063,2,1,-1
362,17,1147.14,563.32,52.32,122.88,0.8766,2,1,-1
362,24,1527.09,535.67,38.57,71.34,0.8623,2,2,-1
362,49,243.61,455.15,47.66,87.39,0.9070,2,2,-1
362,59,1397.00,468.60,50.30,109.96,0.9126,2,2,-1
362,64,1160.79,416.62,58.92,78.38,0.9166,2,1,-1
362,65,63.43,471.32,56.68,104.13,0.9201,2,1,-1
362,69,1145.65,482.75,53.53,85.74,0.7614,2,2,-1
362,76,1630.29,506.87,46.06,124.05,0.9092,2,2,-1
362,85,1432.66,444.67,45.38,74.78,0.9001,1,3,-1
362,86,618.06,508.06,71.71,106.41,0.9294,2,2,-1
362,91,5.16,508.94,58.58,90.50,0.8126,2,2,-1
362,0,715.88,485.60,15.07,16.46,1.0,0,-1,-1
363,2,631.65,618.82,86.85,133.59,0.9382,2,1,-1
363,6,532.02,423.26,46.13,67.84,0.8941,2,1,-1
363,10,739.15,425.59,56.87,76.96,0.9294,2,2,-1
363,11,1085.38,480.59,44.58,100.88,0.8972,2,1,-1
363,12,369.37,527.08,78.47,116.69,0.9291,2,1,-1
363,17,1161.20,558.68,53.10,127.42,0.8033,2,1,-1
363,23,1154.70,481.20,40.30,86.25,0.7560,2,2,-1
363,27,1524.26,498.91,57.27,110.28,0.9280,2,2,-1
363,49,253.22,453.71,43.34,88.27,0.9072,2,2,-1
363,59,1405.19,469.67,57.51,109.28,0.9221,2,2,-1
363,64,1167.80,417.88,56.01,71.52,0.8978,2,1,-1
363,65,71.36,469.68,57.11,104.38,0.9267,2,1,-1
363,76,1647.44,507.90,46.59,123.71,0.8523,2,2,-1
363,85,1448.12,443.56,46.44,76.66,0.8795,1,3,-1
363,86,626.37,507.86,73.80,105.72,0.9300,2,2,-1
363,91,0.11,509.98,65.15,101.03,0.8080,2,2,-1
363,93,581.42,562.13,57.44,114.17,0.9126,2,-1,-1
363,0,723.30,482.35,14.96,16.63,1.0,0,-1,-1
364,2,635.93,618.26,97.22,134.80,0.9384,2,1,-1
364,6,548.91,424.23,49.02,67.60,0.8836,2,1,-1
364,10,745.59,424.01,60.47,77.89,0.9186,2,2,-1
364,11,1094.67,480.39,42.79,101.59,0.9233,2,1,-1
364,12,383.67,527.54,74.98,111.37,0.9297,2,1,-1
364,17,1173.00,569.45,53.95,117.56,0.9059,2,1,-1
364,27,1532.93,498.20,60.83,110.13,0.9230,2,2,-1
364,31,1157.38,517.51,27.14,73.97,0.5493,2,2,-1
364,49,263.64,451.61,40.20,85.58,0.8279,2,2,-1
364,59,1416.52,470.48,63.27,109.21,0.9249,2,2,-1
364,64,1174.43,419.59,51.52,69.13,0.8978,2,1,-1
364,65,77.13,467.06,65.36,106.64,0.9430,2,1,-1
364,76,1661.21,507.75,47.56,124.99,0.8942,2,2,-1
364,85,1464.63,439.18,48.31,79.31,0.8882,1,3,-1
364,86,632.83,508.29,75.89,106.35,0.9179,2,2,-1
364,91,-2.09,503.67,60.44,107.29,0.8917,2,2,-1
364,93,583.35,562.65,56.39,97.39,0.9079,2,-1,-1
364,0,732.62,480.32,14.57,15.52,1.0,0,-1,-1
365,2,641.98,619.82,102.25,132.71,0.9356,2,1,-1
365,4,1183.38,422.91,40.48,67.36,0.8545,2,1,-1
365,6,566.07,421.73,51.79,70.46,0.8987,2,1,-1
365,10,756.09,423.44,58.09,80.25,0.9066,2,2,-1
365,11,1105.78,479.27,47.06,99.17,0.9269,2,1,-1
365,12,399.54,527.53,70.61,109.72,0.9324,2,1,-1
365,17,1184.32,561.53,59.08,125.17,0.8975,2,1,-1
365,26,671.25,447.10,43.36,97.50,0.9001,3,0,-1
365,27,1541.52,498.24,65.28,108.22,0.9284,2,2,-1
365,31,1170.48,517.19,29.04,72.03,0.8050,2,2,-1
365,49,276.45,448.97,43.29,89.03,0.9200,2,2,-1
365,59,1432.52,471.07,64.64,108.53,0.9331,2,2,-1
365,65,82.59,465.46,72.35,104.33,0.9389,2,1,-1
365,76,1682.42,509.51,48.81,123.93,0.8692,2,2,-1
365,85,1482.78,438.91,49.91,79.53,0.8990,1,3,-1
365,91,-2.03,504.01,50.49,105.21,0.9077,2,2,-1
365,93,583.07,562.94,79.85,124.52,0.9123,2,-1,-1
365,0,742.86,478.70,14.55,14.90,1.0,0,-1,-1
366,2,654.39,620.64,99.89,131.86,0.9292,2,1,-1
366,4,1187.50,420.09,40.41,90.57,0.8818,2,1,-1
366,6,584.62,423.00,51.43,69.40,0.9088,2,1,-1
366,10,767.96,423.21,53.65,80.91,0.9045,2,2,-1
366,11,1116.53,478.53,52.77,103.79,0.9319,2,1,-1
366,12,413.15,529.03,63.25,109.09,0.9330,2,1,-1
366,17,1195.19,566.91,63.13,120.60,0.9138,2,1,-1
366,26,682.89,447.67,49.46,97.51,0.9113,3,0,-1
366,27,1555.88,499.14,63.23,107.65,0.9247,2,2,-1
366,49,287.48,447.68,48.88,89.79,0.9259,2,2,-1
366,59,1448.41,471.37,66.39,108.28,0.9317,2,2,-1
366,65,88.23,464.61,76.91,104.31,0.9330,2,1,-1
366,69,1201.54,511.20,42.74,71.83,0.8355,2,2,-1
366,76,1695.50,509.84,49.15,124.77,0.8795,2,2,-1
366,85,1504.44,438.82,50.53,81.39,0.8815,1,3,-1
366,91,1.61,501.62,57.82,107.29,0.9100,2,2,-1
366,93,577.22,565.63,68.27,123.51,0.8324,2,2,-1
366,0,753.37,478.56,14.28,13.86,1.0,0,-1,-1
367,2,671.29,622.28,91.12,127.89,0.9314,2,1,-1
367,4,1198.76,416.72,41.42,93.13,0.8873,2,1,-1
367,6,603.34,425.10,52.06,70.30,0.9052,2,1,-1
367,9,667.48,511.41,43.42,91.34,0.8826,2,2,-1
367,10,781.02,423.02,47.38,80.58,0.8995,2,2,-1
367,11,1127.51,477.63,57.96,105.28,0.9283,2,1,-1
367,12,425.78,530.20,54.66,107.24,0.9143,2,1,-1
367,17,1211.94,583.96,61.03,104.20,0.9061,2,1,-1
367,26,697.41,447.35,54.33,98.57,0.9284,3,0,-1
367,27,1569.46,501.51,58.50,107.50,0.9075,2,2,-1
367,49,298.41,447.05,56.21,90.09,0.9259,2,2,-1
367,59,1468.93,471.02,62.71,109.19,0.9349,2,2,-1
367,65,96.14,464.24,73.23,106.13,0.9199,2,1,-1
367,76,1718.61,511.07,48.79,124.79,0.8750,2,2,-1
367,81,1211.70,482.60,51.20,100.74,0.8482,2,2,-1
367,85,1526.69,441.22,50.04,79.93,0.8840,1,3,-1
367,91,1.74,499.31,72.64,108.02,0.9391,2,2,-1
367,93,587.01,566.43,66.63,123.17,0.8967,2,2,-1
367,0,764.48,478.67,13.79,14.37,1.0,0,-1,-1
368,2,681.22,621.59,84.06,129.62,0.9183,2,1,-1
368,4,1209.63,415.19,47.52,93.03,0.8936,2,1,-1
368,6,621.26,421.93,54.85,74.21,0.8835,2,1,-1
368,9,674.12,510.55,50.25,102.82,0.9134,2,2,-1
368,10,791.98,422.84,41.58,80.10,0.8971,2,2,-1
368,11,1139.43,478.17,63.72,104.59,0.9324,2,1,-1
368,12,441.42,530.22,51.55,105.59,0.9198,2,1,-1
368,17,1228.99,593.39,58.77,95.78,0.9174,2,1,-1
368,26,711.53,446.79,58.56,99.36,0.9223,3,0,-1
368,27,1582.61,503.04,53.17,106.68,0.9033,2,2,-1
368,49,308.29,446.97,59.91,87.79,0.9266,2,2,-1
368,59,1488.71,470.71,58.38,107.97,0.9217,2,2,-1
368,65,101.96,464.96,66.88,105.21,0.9374,2,1,-1
368,69,1225.44,503.06,52.48,78.99,0.8360,2,2,-1
368,76,1740.83,512.63,55.44,124.73,0.9006,2,2,-1
368,85,1549.25,440.72,51.23,80.90,0.8819,1,3,-1
368,91,3.77,498.68,79.58,106.77,0.8879,2,2,-1
368,93,590.45,564.01,70.97,126.31,0.8967,2,2,-1
368,0,776.77,479.07,14.11,14.28,1.0,0,-1,-1
369,2,694.07,620.53,80.78,130.84,0.9129,2,1,-1
369,4,1219.05,414.86,54.59,89.56,0.9241,2,1,-1
369,6,638.30,420.00,54.99,76.03,0.8642,2,1,-1
369,9,684.77,509.19,57.14,104.47,0.9225,2,2,-1
369,10,803.53,420.59,45.97,81.85,0.9124,2,2,-1
369,11,1152.06,479.11,65.50,105.58,0.9314,2,1,-1
369,12,456.29,529.48,56.41,105.22,0.9270,2,1,-1
369,17,1244.11,603.48,53.50,86.54,0.8861,2,1,-1
369,26,727.16,446.08,60.73,99.82,0.9273,3,0,-1
369,27,1594.99,503.35,47.71,106.64,0.8999,2,2,-1
369,49,319.77,447.69,62.71,86.87,0.9285,2,2,-1
369,59,1509.69,469.71,52.24,108.77,0.9183,2,2,-1
369,65,107.23,465.57,60.96,103.36,0.9105,2,1,-1
369,69,1241.75,510.93,51.72,70.44,0.8138,2,2,-1
369,76,1762.24,513.91,57.87,123.96,0.8649,2,2,-1
369,85,1572.19,437.72,52.68,83.11,0.8837,1,3,-1
369,91,3.99,498.70,88.38,108.32,0.9199,2,2,-1
369,93,594.02,562.39,80.06,127.48,0.9305,2,2,-1
369,0,788.41,480.56,16.45,16.60,1.0,0,-1,-1
370,2,706.68,619.36,83.21,131.29,0.9068,2,1,-1
370,4,1225.61,413.05,62.41,92.59,0.9084,2,1,-1
370,6,655.83,417.00,54.66,76.53,0.8271,2,1,-1
370,9,695.42,508.41,63.20,106.68,0.9307,2,2,-1
370,10,816.52,421.04,50.77,78.73,0.9210,2,2,-1
370,11,1169.03,480.55,64.11,104.66,0.9051,2,1,-1
370,12,469.01,527.01,64.73,107.22,0.9367,2,1,-1
370,14,1533.45,470.69,40.75,108.09,0.8962,2,2,-1
370,17,1260.03,600.26,49.42,90.04,0.8681,2,1,-1
370,26,744.67,446.10,60.74,100.09,0.9253,3,0,-1
370,27,1612.60,501.03,45.50,107.96,0.9139,2,2,-1
370,49,334.55,448.03,59.56,85.97,0.9208,2,2,-1
370,65,122.37,464.15,64.43,103.69,0.9303,2,1,-1
370,69,1230.29,566.65,46.86,64.31,0.5923,2,2,-1
370,76,1780.14,514.61,61.12,124.26,0.8822,2,2,-1
370,81,1254.92,484.33,54.59,93.22,0.8208,2,2,-1
370,85,1596.44,435.29,54.89,85.72,0.8610,1,3,-1
370,91,14.15,499.84,82.66,110.69,0.9122,2,2,-1
370,93,600.70,562.16,85.79,124.03,0.9096,2,2,-1
370,0,803.00,482.94,14.47,15.11,1.0,0,-1,-1
371,2,718.73,617.68,86.27,129.24,0.9288,2,1,-1
371,4,1237.25,413.13,66.57,96.72,0.8930,2,1,-1
371,6,673.86,409.63,55.68,85.40,0.8721,2,1,-1
371,9,703.50,508.03,70.79,107.71,0.9426,2,2,-1
371,10,817.73,420.14,62.72,78.78,0.9280,2,2,-1
371,11,1183.33,483.15,58.98,102.11,0.8672,2,1,-1
371,12,482.68,525.30,72.85,107.99,0.9362,2,1,-1
371,14,1551.98,469.95,37.80,110.42,0.9007,2,2,-1
371,17,1272.01,593.00,50.55,97.49,0.8485,2,1,-1
371,26,762.20,447.05,60.27,100.47,0.9218,3,0,-1
371,27,1627.59,498.19,50.29,112.65,0.8992,2,2,-1
371,31,1271.29,485.83,33.17,78.78,0.5113,2,2,-1
371,49,354.10,447.57,54.69,87.21,0.9110,2,2,-1
371,65,132.06,462.32,71.43,101.17,0.9399,2,1,-1
371,76,1804.02,514.88,65.00,124.12,0.8907,2,2,-1
371,91,21.90,500.46,71.70,108.81,0.9243,2,2,-1
371,93,592.00,562.03,76.50,126.63,0.8610,2,2,-1
372,2,732.05,618.00,88.45,129.81,0.9400,2,1,-1
372,4,1252.04,414.33,61.89,97.67,0.9083,2,1,-1
372,6,696.55,425.14,45.86,69.07,0.8643,2,1,-1
372,9,714.47,509.02,73.84,106.81,0.9355,2,2,-1
372,10,837.18,422.94,58.36,75.02,0.9092,2,2,-1
372,11,1198.20,485.30,51.97,99.28,0.9117,2,1,-1
372,12,496.64,525.69,77.85,106.87,0.9378,2,1,-1
372,14,1571.86,470.50,34.20,107.94,0.8880,2,2,-1
372,17,1292.72,594.61,49.38,96.25,0.8821,2,1,-1
372,26,781.93,448.70,56.51,98.15,0.9126,3,0,-1
372,27,1644.41,498.55,57.08,111.37,0.9185,2,2,-1
372,31,1281.17,521.96,47.87,84.75,0.7759,2,2,-1
372,49,375.29,446.12,49.97,87.46,0.9122,2,2,-1
372,65,144.08,461.58,74.90,100.16,0.9348,2,1,-1
372,76,1825.21,515.67,63.55,124.03,0.8991,2,2,-1
372,91,32.30,498.86,59.56,110.70,0.9156,2,2,-1
372,93,598.79,563.50,66.28,126.12,0.8758,2,2,-1
372,0,826.72,480.29,13.54,15.85,1.0,0,-1,-1
373,2,745.64,618.49,86.76,128.24,0.9162,2,1,-1
373,4,1268.13,416.73,56.32,97.09,0.8846,2,1,-1
373,6,716.37,426.67,43.97,67.50,0.8179,2,1,-1
373,9,729.83,510.14,70.51,107.66,0.9137,2,2,-1
373,10,859.74,423.81,48.53,73.64,0.9099,2,2,-1
373,11,1211.00,484.07,52.85,101.52,0.6118,2,1,-1
373,12,511.53,524.45,74.54,107.98,0.9249,2,1,-1
373,14,1591.75,471.02,36.24,109.60,0.9097,2,2,-1
373,17,1310.09,595.26,51.69,96.56,0.9083,2,1,-1
373,26,800.81,450.36,51.46,96.53,0.9032,3,0,-1
373,27,1660.13,498.34,61.59,109.24,0.9284,2,2,-1
373,49,396.26,444.08,48.10,89.53,0.9087,2,2,-1
373,65,156.94,460.34,73.83,102.58,0.9271,2,1,-1
373,76,1851.95,516.24,63.28,123.35,0.8978,2,2,-1
373,81,1302.05,488.54,47.63,84.61,0.8140,2,2,-1
373,91,46.31,498.34,63.15,109.91,0.9312,2,2,-1
373,93,610.78,566.41,57.18,125.90,0.8395,2,2,-1
373,0,837.56,478.95,13.67,15.66,1.0,0,-1,-1
374,2,760.26,619.98,79.84,124.02,0.8984,2,1,-1
374,4,1279.34,418.28,43.75,92.55,0.8915,2,1,-1
374,6,734.50,420.10,43.02,73.34,0.8355,2,1,-1
374,9,748.83,511.88,61.31,103.72,0.8953,2,2,-1
374,10,878.67,423.97,37.43,74.11,0.9135,2,2,-1
374,11,1224.90,482.58,56.97,102.28,0.9220,2,1,-1
374,12,526.66,524.16,70.53,108.58,0.9165,2,1,-1
374,14,1611.95,471.70,38.07,110.03,0.8675,2,2,-1
374,17,1323.13,593.54,59.14,99.41,0.9093,2,1,-1
374,26,820.12,451.49,44.53,95.32,0.9163,3,0,-1
374,27,1674.68,499.65,66.23,108.49,0.9229,2,2,-1
374,42,1876.63,516.36,43.84,124.55,0.8694,2,2,-1
374,49,416.57,441.27,45.93,90.23,0.8958,2,2,-1
374,65,171.70,460.65,66.05,104.14,0.9337,2,1,-1
374,81,1318.47,490.25,42.63,82.42,0.8399,2,2,-1
374,85,1706.38,433.53,49.11,96.57,0.9068,1,3,-1
374,91,53.09,497.19,74.13,110.19,0.9409,2,2,-1
374,93,621.85,567.15,68.47,124.39,0.8859,2,2,-1
375,2,770.30,621.97,71.45,126.54,0.9138,2,1,-1
375,4,1296.05,417.46,37.92,76.64,0.9028,2,1,-1
375,6,757.86,427.80,39.41,70.04,0.8654,2,1,-1
375,9,758.18,512.67,56.83,106.96,0.9072,2,2,-1
375,10,886.23,424.45,40.34,72.71,0.9030,2,2,-1
375,11,1241.07,481.36,60.10,104.40,0.9341,2,1,-1
375,12,540.72,523.42,65.08,108.25,0.9184,2,1,-1
375,17,1339.15,600.22,63.20,93.30,0.9040,2,1,-1
375,26,837.24,451.33,40.30,96.97,0.9079,3,0,-1
375,27,1696.26,502.03,61.18,103.02,0.9144,2,2,-1
375,49,434.61,443.56,45.35,88.92,0.9143,2,2,-1
375,59,1629.19,472.69,50.13,112.04,0.9231,2,2,-1
375,65,186.06,461.12,53.45,103.69,0.9205,2,1,-1
375,74,1901.40,517.68,20.65,101.02,0.6850,2,1,-1
375,81,1336.33,486.40,46.10,90.77,0.8087,2,2,-1
375,85,1731.67,433.35,49.25,96.20,0.9175,1,3,-1
375,91,56.43,496.52,85.90,111.29,0.9214,2,2,-1
375,93,623.40,567.57,70.62,123.90,0.9087,2,2,-1
376,2,787.80,623.14,69.76,121.95,0.9353,2,1,-1
376,4,1308.16,416.46,43.59,87.12,0.8989,2,1,-1
376,6,777.23,420.62,41.16,77.50,0.8823,2,1,-1
376,9,770.05,511.97,51.05,104.96,0.9049,2,2,-1
376,10,900.08,423.98,43.48,69.93,0.8929,2,2,-1
376,11,1257.16,481.91,63.14,104.20,0.9323,2,1,-1
376,12,552.79,521.10,59.23,109.92,0.9073,2,1,-1
376,17,1354.76,597.73,67.28,97.64,0.9140,2,1,-1
376,26,855.67,451.10,44.18,97.56,0.9290,3,0,-1
376,27,1714.80,504.24,50.94,87.42,0.8373,2,2,-1
376,49,454.33,444.47,43.54,85.66,0.9041,2,2,-1
376,59,1645.26,474.16,56.91,111.44,0.9170,2,2,-1
376,65,200.23,460.23,44.60,103.87,0.9195,2,1,-1
376,81,1348.37,484.65,51.40,102.17,0.8182,2,2,-1
376,85,1758.59,434.56,49.17,95.20,0.9023,1,3,-1
376,91,61.71,497.26,90.58,111.13,0.9204,2,2,-1
376,93,631.96,565.95,76.96,125.26,0.9326,2,2,-1
377,2,801.80,623.24,78.13,125.22,0.9358,2,1,-1
377,4,1323.02,416.66,47.62,92.22,0.9161,2,1,-1
377,6,795.08,420.25,43.84,79.06,0.8784,2,1,-1
377,9,787.33,509.74,54.12,108.14,0.8952,2,2,-1
377,10,915.15,422.66,49.83,68.13,0.9085,2,2,-1
377,11,1272.37,483.30,65.20,104.64,0.9249,2,1,-1
377,12,570.71,519.74,56.59,107.60,0.8941,2,1,-1
377,17,1372.22,596.17,66.14,100.45,0.8978,2,1,-1
377,26,871.23,450.12,50.31,101.37,0.9330,3,0,-1
377,27,1728.05,506.58,50.50,104.07,0.9027,2,2,-1
377,49,473.01,445.42,44.08,85.95,0.9212,2,2,-1
377,59,1662.57,476.95,65.06,108.52,0.9285,2,2,-1
377,65,215.39,459.34,49.35,104.86,0.9275,2,1,-1
377,81,1364.16,483.00,51.64,98.75,0.8308,2,2,-1
377,85,1786.98,434.37,48.15,95.80,0.8565,1,3,-1
377,91,75.83,498.18,84.26,110.07,0.8735,2,2,-1
377,93,640.54,566.00,82.13,121.52,0.9123,2,2,-1
378,1,643.22,566.18,82.29,90.87,0.8684,2,2,-1
378,2,811.44,622.56,85.78,121.70,0.9401,2,1,-1
378,4,1337.72,416.61,50.93,95.42,0.9216,2,1,-1
378,6,812.00,421.86,47.70,77.61,0.8976,2,1,-1
378,9,799.38,508.68,62.74,110.26,0.9301,2,2,-1
378,10,938.02,419.01,49.62,70.58,0.9163,2,2,-1
378,11,1289.11,485.33,65.01,104.66,0.5851,2,1,-1
378,12,586.67,517.85,58.70,108.15,0.9201,2,1,-1
378,17,1388.71,603.14,60.32,94.88,0.8836,2,1,-1
378,26,887.37,450.05,53.87,102.02,0.9329,3,0,-1
378,27,1754.87,540.83,35.72,71.05,0.8411,2,2,-1
378,49,491.32,445.67,44.55,84.24,0.9134,2,2,-1
378,59,1683.13,477.96,69.21,107.92,0.9252,2,2,-1
378,65,222.67,458.54,63.83,105.58,0.9351,2,1,-1
378,81,1381.37,483.13,51.00,94.18,0.8412,2,2,-1
378,85,1816.84,434.92,47.76,96.57,0.6420,1,3,-1
378,91,84.06,499.75,72.80,110.19,0.9322,2,2,-1
378,93,638.12,642.53,31.74,51.92,0.8649,2,2,-1
379,1,641.24,570.16,102.76,124.82,0.8889,2,2,-1
379,2,822.32,622.98,91.37,122.38,0.9315,2,1,-1
379,4,1349.44,417.45,55.41,95.13,0.9125,2,1,-1
379,6,830.59,424.35,51.72,75.85,0.8886,2,1,-1
379,9,810.61,508.33,69.72,109.58,0.9423,2,2,-1
379,10,955.20,413.85,50.52,77.95,0.8975,2,2,-1
379,11,1308.00,488.97,58.97,101.12,0.8253,2,1,-1
379,12,602.88,517.01,57.60,107.18,0.9245,2,1,-1
379,17,1406.21,606.43,55.43,91.55,0.7621,2,1,-1
379,26,903.90,449.94,55.60,102.44,0.9286,3,0,-1
379,27,1771.35,541.48,41.45,71.55,0.8179,2,2,-1
379,49,508.35,444.98,45.30,84.88,0.8791,2,2,-1
379,59,1703.69,479.30,69.37,107.03,0.9236,2,2,-1
379,65,226.19,458.56,75.69,101.60,0.9332,2,1,-1
379,81,1402.14,484.41,46.02,85.23,0.8481,2,2,-1
379,91,92.98,499.39,65.13,110.25,0.9203,2,2,-1
379,0,147.40,857.31,26.66,23.41,1.0,0,-1,-1
380,1,655.01,571.22,91.25,121.76,0.8289,2,2,-1
380,2,831.79,625.94,93.03,121.99,0.9260,2,1,-1
380,4,1368.97,419.11,56.64,96.96,0.8903,2,1,-1
380,6,853.00,424.16,56.58,76.71,0.9016,2,1,-1
380,9,820.39,508.90,75.20,109.85,0.9370,2,2,-1
380,10,970.90,415.81,46.71,78.40,0.8264,2,2,-1
380,11,1323.28,491.06,52.65,100.26,0.8898,2,1,-1
380,12,617.73,517.61,52.81,108.28,0.9148,2,1,-1
380,17,1414.46,570.42,67.48,129.44,0.8437,2,1,-1
380,26,921.88,450.97,53.92,102.48,0.9139,3,0,-1
380,27,1781.28,505.32,61.37,106.55,0.8681,2,2,-1
380,49,527.70,444.37,44.73,83.76,0.8946,2,2,-1
380,59,1727.46,480.29,67.05,103.95,0.8619,2,2,-1
380,65,238.81,458.76,76.21,102.16,0.9326,2,1,-1
380,81,1420.03,485.93,44.23,83.85,0.7644,2,2,-1
380,91,106.75,498.68,69.86,110.86,0.9239,2,2,-1
380,0,506.87,730.18,23.36,15.08,1.0,0,-1,-1
381,1,663.81,578.33,73.38,118.28,0.8802,2,2,-1
381,2,834.83,625.95,94.33,123.76,0.8628,2,1,-1
381,4,1377.74,421.18,51.85,96.90,0.8011,2,1,-1
381,6,874.99,426.27,52.62,75.21,0.8861,2,1,-1
381,9,836.53,510.42,73.93,114.11,0.8959,2,2,-1
381,10,989.70,417.06,44.43,76.92,0.8635,2,2,-1
381,11,1337.81,490.73,46.68,101.28,0.9193,2,1,-1
381,12,634.96,518.79,46.59,107.76,0.9018,2,1,-1
381,17,1433.06,567.70,66.79,132.65,0.8783,2,1,-1
381,26,937.16,453.03,52.08,100.69,0.9244,3,0,-1
381,27,1797.63,504.33,66.51,107.79,0.9225,2,2,-1
381,49,547.98,444.96,43.66,80.76,0.9038,2,2,-1
381,59,1749.48,480.16,62.87,106.62,0.8736,2,2,-1
381,65,254.27,459.14,68.69,102.63,0.9148,2,1,-1
381,81,1438.95,489.38,41.21,81.22,0.8471,2,2,-1
381,91,115.09,498.21,79.68,108.53,0.9455,2,2,-1
381,0,530.05,728.28,21.94,16.49,1.0,0,-1,-1
382,1,670.20,579.78,46.31,82.07,0.7904,2,2,-1
382,2,839.72,626.67,89.33,124.85,0.9092,2,1,-1
382,4,1399.18,422.91,51.47,96.48,0.8454,2,1,-1
382,6,894.55,430.79,47.11,71.17,0.8925,2,1,-1
382,9,856.81,514.34,60.18,90.47,0.8950,2,2,-1
382,10,1003.95,418.70,43.03,76.36,0.8955,2,2,-1
382,11,1353.21,489.33,50.18,102.14,0.9151,2,1,-1
382,12,651.37,520.13,41.64,92.04,0.9144,2,1,-1
382,14,1774.68,476.98,48.63,111.69,0.8958,2,2,-1
382,17,1451.30,565.55,68.75,137.29,0.9280,2,1,-1
382,26,949.55,454.51,49.11,99.54,0.8908,3,0,-1
382,27,1811.15,504.58,71.31,107.00,0.9193,2,2,-1
382,49,568.28,444.49,42.92,79.82,0.9130,2,2,-1
382,65,263.71,460.06,62.56,99.20,0.9159,2,1,-1
382,81,1456.35,490.99,41.15,80.96,0.8317,2,2,-1
382,91,122.00,498.21,86.39,109.60,0.9375,2,2,-1
382,0,552.15,726.91,20.21,18.65,1.0,0,-1,-1
383,1,674.55,574.44,74.21,121.30,0.9186,2,2,-1
383,2,851.46,626.34,81.98,124.51,0.9148,2,1,-1
383,4,1411.82,424.39,46.16,95.78,0.8740,2,1,-1
383,6,908.79,430.37,40.55,70.70,0.8850,2,1,-1
383,9,865.64,515.80,56.65,107.64,0.8969,2,2,-1
383,10,1020.55,415.95,43.25,76.22,0.9100,2,2,-1
383,11,1366.00,487.79,57.57,105.01,0.9358,2,1,-1
383,12,665.80,521.02,38.54,86.77,0.9203,2,1,-1
383,14,1794.51,475.17,49.77,115.87,0.8977,2,2,-1
383,17,1466.23,568.21,72.35,134.72,0.9140,2,1,-1
383,26,971.63,455.75,43.07,99.34,0.9075,3,0,-1
383,27,1833.31,505.53,70.22,104.94,0.9053,2,2,-1
383,49,586.58,445.46,43.38,79.17,0.9032,2,2,-1
383,65,277.97,459.47,59.15,98.71,0.9148,2,1,-1
383,81,1473.19,491.90,41.26,81.41,0.8619,2,2,-1
383,91,126.20,498.50,78.49,108.89,0.8847,2,2,-1
383,0,212.14,857.52,26.04,21.91,1.0,0,-1,-1
384,1,679.57,574.27,81.76,119.73,0.9206,2,2,-1
384,2,860.22,624.24,89.47,128.59,0.8951,2,1,-1
384,4,1424.32,423.23,40.27,95.78,0.8759,2,1,-1
384,6,923.98,432.87,39.26,69.52,0.8830,2,1,-1
384,9,875.35,516.27,49.38,107.84,0.9154,2,2,-1
384,10,1034.78,412.70,44.30,77.80,0.9177,2,2,-1
384,11,1378.77,487.52,63.52,105.93,0.9305,2,1,-1
384,14,1818.22,473.77,43.15,117.43,0.8631,2,2,-1
384,17,1479.74,569.79,77.49,133.45,0.9297,2,1,-1
384,26,982.02,456.30,50.81,99.17,0.9098,3,0,-1
384,49,603.67,446.10,42.99,77.61,0.9122,2,2,-1
384,65,294.06,456.93,56.78,101.88,0.9178,2,1,-1
384,81,1488.11,491.14,38.49,78.97,0.8283,2,2,-1
384,91,143.52,499.69,76.53,112.59,0.8961,2,2,-1
384,0,971.93,475.10,16.51,19.89,1.0,0,-1,-1
385,1,687.95,517.78,61.83,108.72,0.9005,2,2,-1
385,2,863.62,621.06,98.19,123.83,0.9312,2,1,-1
385,4,1437.17,422.42,43.83,97.92,0.9122,2,1,-1
385,6,935.38,433.58,43.20,68.20,0.8847,2,1,-1
385,9,886.41,515.51,53.47,107.14,0.9160,2,2,-1
385,10,1047.54,413.20,44.70,72.89,0.9090,2,2,-1
385,11,1388.00,487.92,70.43,104.23,0.9351,2,1,-1
385,14,1838.23,473.71,39.39,113.04,0.7395,2,2,-1
385,17,1497.41,573.50,74.12,129.90,0.9023,2,1,-1
385,26,998.04,455.95,56.52,99.26,0.9215,3,0,-1
385,49,620.59,445.86,43.23,77.46,0.9001,2,2,-1
385,65,310.49,455.40,54.80,102.76,0.9050,2,1,-1
385,81,1503.04,489.77,38.22,82.01,0.8400,2,2,-1
385,91,151.24,502.41,61.06,108.80,0.8977,2,2,-1
385,0,984.26,473.96,16.14,17.58,1.0,0,-1,-1
386,1,703.60,515.27,62.71,111.93,0.9339,2,2,-1
386,2,870.95,622.70,102.86,121.56,0.9173,2,1,-1
386,4,1447.89,420.95,51.45,99.16,0.9285,2,1,-1
386,6,944.40,428.13,54.23,75.18,0.9036,2,1,-1
386,9,896.23,514.06,59.92,109.77,0.9301,2,2,-1
386,10,1059.75,412.36,47.40,74.86,0.8848,2,2,-1
386,11,1399.91,489.94,71.65,104.55,0.8984,2,1,-1
386,17,1517.85,608.53,58.71,96.07,0.8433,2,1,-1
386,26,1008.52,454.87,62.52,100.93,0.9216,3,0,-1
386,45,1862.87,473.89,30.32,70.72,0.8444,3,0,-1
386,49,638.83,444.71,42.50,79.31,0.9047,2,2,-1
386,65,324.60,453.52,52.47,98.28,0.9096,2,1,-1
386,81,1516.69,488.55,36.18,75.61,0.7898,2,2,-1
386,91,162.21,502.88,53.51,108.37,0.9185,2,2,-1
386,0,994.94,473.46,15.32,15.26,1.0,0,-1,-1
387,1,716.35,514.07,64.43,105.86,0.9345,2,2,-1
387,2,877.00,621.45,105.34,124.89,0.8379,2,1,-1
387,4,1456.57,420.39,55.98,98.56,0.9183,2,1,-1
387,6,957.39,425.97,59.01,76.55,0.9087,2,1,-1
387,9,907.15,513.93,63.60,110.49,0.9295,2,2,-1
387,10,1070.31,413.65,44.96,74.74,0.8932,2,2,-1
387,11,1416.34,494.84,66.09,99.99,0.8768,2,1,-1
387,17,1527.17,616.21,56.62,88.91,0.8197,2,1,-1
387,26,1020.38,454.64,66.48,101.88,0.9272,3,0,-1
387,49,656.97,445.49,41.80,77.09,0.8984,2,2,-1
387,59,1878.90,475.15,39.18,83.63,0.8258,2,2,-1
387,65,335.90,455.39,51.42,94.41,0.9074,2,1,-1
387,81,1531.15,488.37,37.82,73.48,0.8133,2,2,-1
387,91,165.70,503.30,65.45,106.40,0.9376,2,2,-1
388,1,685.89,575.07,70.20,125.87,0.8766,2,2,-1
388,2,888.67,622.92,96.25,122.15,0.8753,2,1,-1
388,4,1468.36,421.36,56.82,95.02,0.8789,2,1,-1
388,6,970.88,426.27,63.36,78.69,0.9078,2,1,-1
388,9,912.27,514.40,70.04,111.61,0.9237,2,2,-1
388,10,1082.26,415.90,39.02,72.04,0.8661,2,2,-1
388,11,1426.34,494.69,61.70,101.35,0.8991,2,1,-1
388,12,727.37,514.07,62.32,101.29,0.9361,2,1,-1
388,17,1545.55,645.21,40.32,61.00,0.5578,2,1,-1
388,23,1897.73,477.94,22.86,68.13,0.7720,2,2,-1
388,26,1032.11,454.94,68.96,101.68,0.9238,3,0,-1
388,43,1557.74,545.63,55.77,105.00,0.8786,2,2,-1
388,49,676.62,444.10,39.79,76.94,0.9159,2,2,-1
388,65,344.01,456.35,50.57,94.86,0.9081,2,1,-1
388,81,1543.87,488.95,40.00,77.57,0.8568,2,2,-1
388,91,167.98,503.15,77.21,107.13,0.9343,2,2,-1
389,1,691.17,574.97,47.91,94.19,0.8944,2,2,-1
389,2,900.57,625.64,77.85,118.68,0.9187,2,1,-1
389,4,1478.92,422.63,59.97,95.96,0.8922,2,1,-1
389,6,983.60,428.81,60.16,76.95,0.8694,2,1,-1
389,9,924.04,515.78,69.23,112.42,0.9207,2,2,-1
389,10,1095.57,413.69,40.27,73.88,0.9097,2,2,-1
389,11,1438.15,516.77,49.96,78.97,0.8955,2,1,-1
389,12,735.87,514.21,64.35,110.09,0.9357,2,1,-1
389,23,1903.06,526.70,19.61,68.83,0.7664,2,2,-1
389,26,1049.33,456.78,63.08,102.63,0.9265,3,0,-1
389,43,1563.90,543.50,66.96,108.05,0.9054,2,2,-1
389,49,694.93,444.13,38.21,76.79,0.8997,2,2,-1
389,65,355.71,458.04,48.36,92.81,0.9213,2,1,-1
389,81,1556.10,490.25,38.16,78.32,0.8692,2,2,-1
389,91,168.81,503.22,84.70,106.83,0.8997,2,2,-1
389,0,324.04,855.19,25.80,18.09,1.0,0,-1,-1
390,1,692.17,572.15,68.30,129.82,0.9234,2,2,-1
390,2,909.27,625.93,67.66,119.30,0.9126,2,1,-1
390,4,1489.46,423.75,60.04,99.06,0.8882,2,1,-1
390,6,998.66,435.83,52.02,70.20,0.8567,2,1,-1
390,9,935.90,518.21,63.55,111.11,0.9165,2,2,-1
390,10,1107.87,409.93,44.63,75.07,0.8921,2,2,-1
390,11,1445.81,492.48,56.02,103.10,0.9092,2,1,-1
390,12,743.80,514.32,60.91,109.83,0.9341,2,1,-1
390,26,1067.06,458.30,54.69,101.17,0.9113,3,0,-1
390,43,1554.32,573.84,75.10,133.29,0.9198,2,2,-1
390,49,713.15,445.64,37.50,73.37,0.9003,2,2,-1
390,65,371.07,456.03,52.86,94.22,0.9207,2,1,-1
390,81,1569.59,492.03,38.22,79.73,0.8346,2,2,-1
390,91,177.24,503.47,79.68,110.66,0.8918,2,2,-1
390,0,342.49,854.36,22.17,18.13,1.0,0,-1,-1
391,1,696.12,571.56,76.69,128.86,0.9368,2,2,-1
391,2,911.94,624.89,80.47,122.89,0.9303,2,1,-1
391,4,1500.20,426.90,54.68,92.07,0.9074,2,1,-1
391,6,1012.43,436.03,51.57,69.24,0.8487,2,1,-1
391,9,946.44,520.17,53.00,109.83,0.9065,2,2,-1
391,10,1119.77,411.60,48.92,72.63,0.9063,2,2,-1
391,11,1458.50,496.37,58.17,98.60,0.9317,2,1,-1
391,12,754.26,512.46,52.19,111.18,0.9182,2,1,-1
391,26,1079.26,459.83,49.88,99.44,0.8327,3,0,-1
391,43,1568.73,572.72,75.65,136.30,0.9240,2,2,-1
391,49,729.33,446.70,38.69,73.72,0.8910,2,2,-1
391,65,384.62,454.36,58.12,96.34,0.9280,2,1,-1
391,81,1582.44,494.37,38.60,84.38,0.8056,2,2,-1
391,91,181.22,505.42,65.10,107.97,0.9058,2,2,-1
391,0,358.89,853.34,20.73,17.12,1.0,0,-1,-1
392,1,694.02,571.51,86.04,131.93,0.9083,2,2,-1
392,2,917.06,624.07,87.91,120.63,0.9310,2,1,-1
392,4,1507.63,427.72,52.37,93.01,0.9118,2,1,-1
392,6,1028.11,441.40,53.07,64.13,0.8424,2,1,-1
392,9,954.75,521.20,47.39,109.06,0.9150,2,2,-1
392,10,1129.57,409.83,55.89,75.03,0.9111,2,2,-1
392,11,1468.58,491.43,65.29,104.21,0.9327,2,1,-1
392,12,768.77,509.99,50.88,113.00,0.9286,2,1,-1
392,26,1090.92,460.37,42.33,97.86,0.9118,3,0,-1
392,43,1583.91,572.99,78.58,134.61,0.9260,2,2,-1
392,49,745.46,449.72,39.80,70.79,0.8901,2,2,-1
392,65,393.79,453.89,63.31,93.99,0.9305,2,1,-1
392,81,1595.52,495.26,39.29,84.32,0.7957,2,2,-1
392,91,184.10,506.22,63.02,106.24,0.9294,2,2,-1
392,0,372.91,852.88,22.91,16.27,1.0,0,-1,-1
393,1,692.09,573.19,90.43,130.04,0.8895,2,2,-1
393,2,921.65,623.89,91.52,120.86,0.9208,2,1,-1
393,4,1518.65,427.24,47.01,94.20,0.8959,2,1,-1
393,6,1037.22,435.24,63.19,70.21,0.8763,2,1,-1
393,9,964.59,521.03,55.00,108.39,0.9233,2,2,-1
393,10,1141.14,410.57,55.06,73.54,0.7897,2,2,-1
393,11,1479.81,491.76,70.33,104.21,0.9314,2,1,-1
393,12,781.33,502.29,53.01,119.48,0.9242,2,1,-1
393,26,1103.37,460.29,47.91,98.99,0.9260,3,0,-1
393,43,1596.38,575.16,79.75,131.00,0.9130,2,2,-1
393,49,760.47,450.71,41.43,71.01,0.8850,2,2,-1
393,65,401.49,452.60,66.87,90.88,0.9265,2,1,-1
393,81,1607.60,494.92,37.35,79.52,0.8538,2,2,-1
393,91,187.67,504.96,76.13,105.59,0.9401,2,2,-1
393,0,388.51,851.96,23.04,14.54,1.0,0,-1,-1
394,1,705.03,575.84,72.51,99.79,0.8085,2,2,-1
394,2,924.79,626.39,93.89,123.77,0.8598,2,1,-1
394,4,1534.88,426.20,50.09,95.22,0.9204,2,1,-1
394,6,1050.43,439.87,63.62,66.59,0.8674,2,1,-1
394,9,972.74,519.90,63.04,110.24,0.9330,2,2,-1
394,10,1152.89,414.57,51.36,69.13,0.8507,2,2,-1
394,11,1490.12,494.82,72.02,102.35,0.9299,2,1,-1
394,12,794.76,500.09,54.65,116.73,0.9219,2,1,-1
394,26,1113.11,459.13,56.22,100.74,0.9344,3,0,-1
394,43,1627.27,542.82,69.53,116.20,0.8791,2,2,-1
394,49,776.53,451.37,41.11,67.79,0.8814,2,2,-1
394,65,414.08,451.17,64.73,93.33,0.9161,2,1,-1
394,91,190.82,504.78,84.64,103.53,0.9226,2,2,-1
394,0,401.19,852.29,28.54,15.18,1.0,0,-1,-1
395,1,696.87,576.45,78.32,128.68,0.9032,2,2,-1
395,2,926.65,626.48,88.35,123.20,0.9040,2,1,-1
395,4,1547.01,425.33,53.09,96.24,0.9245,2,1,-1
395,6,1064.17,441.77,61.23,65.27,0.8169,2,1,-1
395,9,979.38,519.22,71.76,110.72,0.9445,2,2,-1
395,11,1503.39,495.94,68.62,102.35,0.8939,2,1,-1
395,12,806.52,500.96,56.64,113.00,0.9202,2,1,-1
395,26,1123.43,458.55,62.01,101.30,0.9298,3,0,-1
395,43,1630.31,492.41,51.30,102.90,0.8741,2,2,-1
395,49,796.83,451.47,45.46,65.12,0.8668,2,2,-1
395,65,424.25,453.49,59.62,91.17,0.9224,2,1,-1
395,86,1172.27,427.71,35.57,55.60,0.8630,2,2,-1
395,91,194.04,504.25,88.47,102.81,0.9051,2,2,-1
395,0,1245.01,603.84,13.77,12.68,1.0,0,-1,-1
396,1,694.52,576.78,70.57,122.31,0.8711,2,2,-1
396,2,929.71,627.40,64.15,85.22,0.8442,2,1,-1
396,4,1557.99,425.26,58.72,93.88,0.9308,2,1,-1
396,6,1074.59,440.73,56.13,65.02,0.8773,2,1,-1
396,9,985.50,519.12,77.16,110.13,0.9340,2,2,-1
396,11,1507.97,496.87,68.18,99.94,0.9110,2,1,-1
396,12,818.73,504.89,53.79,110.15,0.9138,2,1,-1
396,26,1133.53,457.74,65.96,101.51,0.9347,3,0,-1
396,49,810.80,451.29,53.89,65.46,0.9037,2,2,-1
396,65,429.86,456.50,54.23,86.05,0.8913,2,1,-1
396,86,1179.10,426.07,41.74,56.24,0.8751,2,2,-1
396,91,199.09,504.24,83.87,106.04,0.8897,2,2,-1
396,93,957.14,694.55,35.86,53.42,0.5852,2,2,-1
396,0,432.52,845.67,30.74,19.95,1.0,0,-1,-1
397,1,700.57,575.53,81.12,129.30,0.9300,2,2,-1
397,2,924.51,626.97,69.66,80.01,0.8631,2,1,-1
397,4,1568.33,425.98,60.55,91.17,0.9196,2,1,-1
397,6,1085.90,441.21,50.26,64.77,0.8474,2,1,-1
397,9,998.66,521.11,74.49,109.65,0.9032,2,2,-1
397,10,1183.47,410.54,55.11,69.48,0.9077,2,2,-1
397,11,1521.22,497.25,58.88,100.36,0.9126,2,1,-1
397,12,830.30,506.03,46.31,108.80,0.9202,2,1,-1
397,26,1144.95,458.23,64.33,102.65,0.9258,3,0,-1
397,49,820.79,451.04,58.31,66.06,0.9044,2,2,-1
397,65,438.70,449.48,59.41,92.88,0.9259,2,1,-1
397,81,1659.76,490.44,38.68,88.13,0.8861,2,2,-1
397,91,206.65,504.89,64.68,104.12,0.9158,2,2,-1
397,96,1677.36,544.52,58.19,111.70,0.8967,2,-1,-1
397,0,448.58,841.88,28.39,22.58,1.0,0,-1,-1
398,1,703.98,575.26,88.12,128.90,0.9334,2,2,-1
398,2,938.63,625.07,93.15,125.38,0.8609,2,1,-1
398,4,1579.29,428.04,60.58,86.70,0.9071,2,1,-1
398,6,1095.54,432.51,53.81,71.11,0.8470,2,1,-1
398,9,1008.23,523.01,65.35,108.57,0.9122,2,2,-1
398,10,1191.45,408.47,59.85,70.06,0.9205,2,2,-1
398,11,1528.04,495.71,59.46,102.94,0.9082,2,1,-1
398,12,841.42,507.87,40.96,106.94,0.9097,2,1,-1
398,26,1161.39,460.53,56.17,100.53,0.9016,3,0,-1
398,49,830.63,450.96,59.86,69.56,0.8883,2,2,-1
398,65,448.80,448.64,61.75,94.42,0.9363,2,1,-1
398,81,1671.73,491.93,36.66,87.59,0.8878,2,2,-1
398,91,213.36,505.47,57.67,103.74,0.9215,2,2,-1
398,96,1658.84,594.71,62.23,116.07,0.9188,2,-1,-1
398,0,1131.42,466.97,17.34,16.56,1.0,0,-1,-1
399,1,704.88,575.62,57.51,91.79,0.8688,2,2,-1
399,2,938.90,621.68,92.95,118.63,0.8695,2,1,-1
399,4,1589.63,430.32,57.79,81.00,0.9072,2,1,-1
399,6,1106.91,432.59,56.66,71.59,0.8793,2,1,-1
399,9,1009.87,525.46,60.04,106.56,0.9254,2,2,-1
399,10,1201.20,407.45,60.25,68.00,0.9065,2,2,-1
399,11,1539.81,494.37,63.86,102.52,0.9340,2,1,-1
399,12,852.48,508.13,41.80,105.53,0.9173,2,1,-1
399,26,1170.30,462.26,51.05,98.31,0.8274,3,0,-1
399,49,841.14,450.08,54.90,66.58,0.9059,2,2,-1
399,65,456.75,446.67,64.05,90.33,0.9247,2,1,-1
399,81,1683.00,494.06,34.62,87.96,0.8620,2,2,-1
399,91,215.71,503.75,68.42,103.19,0.9361,2,2,-1
399,96,1665.42,575.73,72.05,137.52,0.9330,2,-1,-1
399,0,481.94,840.96,22.35,22.89,1.0,0,-1,-1
400,1,704.52,575.71,89.26,126.83,0.8966,2,2,-1
400,2,932.08,621.80,89.46,112.65,0.7592,2,1,-1
400,6,1111.64,428.81,59.45,74.75,0.8791,2,1,-1
400,9,1015.36,525.33,60.63,106.31,0.9291,2,2,-1
400,10,1209.65,406.16,60.27,70.40,0.8645,2,2,-1
400,11,1551.70,491.59,67.25,105.67,0.9327,2,1,-1
400,12,862.99,503.28,48.75,108.74,0.9343,2,1,-1
400,20,1601.04,430.59,50.38,92.92,0.8938,2,1,-1
400,26,1175.27,462.60,47.30,96.87,0.7807,3,0,-1
400,49,852.73,446.55,53.45,67.64,0.8985,2,2,-1
400,65,463.81,442.60,64.20,92.67,0.9247,2,1,-1
400,81,1695.58,495.51,32.47,80.49,0.8827,2,2,-1
400,91,215.23,502.02,78.57,103.74,0.9299,2,2,-1
400,96,1673.96,574.91,79.00,136.62,0.9328,2,-1,-1
400,0,496.01,840.43,24.68,21.93,1.0,0,-1,-1
401,1,708.54,577.25,83.01,122.09,0.8477,2,2,-1
401,2,940.89,622.04,93.28,117.42,0.8615,2,1,-1
401,6,1121.83,430.79,59.90,74.30,0.8850,2,1,-1
401,9,1019.00,524.55,70.67,106.24,0.9414,2,2,-1
401,10,1217.89,405.14,55.29,72.56,0.8932,2,2,-1
401,11,1558.84,491.99,74.57,104.87,0.9306,2,1,-1
401,12,873.64,501.81,55.82,106.76,0.9342,2,1,-1
401,20,1607.47,430.75,46.45,95.48,0.8948,2,1,-1
401,26,1187.81,463.17,49.85,96.65,0.9194,3,0,-1
401,49,866.03,447.59,55.54,66.89,0.8992,2,2,-1
401,65,472.80,447.17,57.45,89.87,0.8807,2,1,-1
401,81,1706.98,496.81,32.51,77.52,0.8654,2,2,-1
401,91,212.00,501.00,82.76,105.40,0.8913,2,2,-1
401,96,1683.81,574.72,83.06,134.30,0.9239,2,1,-1
401,0,510.70,843.06,26.83,18.15,1.0,0,-1,-1
402,1,706.87,580.64,69.42,126.57,0.9129,2,2,-1
402,2,944.15,623.41,81.54,116.23,0.8982,2,1,-1
402,6,1133.26,435.22,56.14,72.93,0.9067,2,1,-1
402,9,1025.73,524.16,77.62,107.53,0.9448,2,2,-1
402,10,1227.83,407.41,45.44,70.44,0.8873,2,2,-1
402,11,1567.33,496.05,76.97,103.50,0.9322,2,1,-1
402,12,881.85,500.26,62.54,105.54,0.9339,2,1,-1
402,20,1618.18,430.91,42.14,96.67,0.9019,2,1,-1
402,26,1197.90,463.58,56.70,96.05,0.9302,3,0,-1
402,49,879.18,446.38,59.15,69.89,0.9240,2,2,-1
402,65,481.33,450.18,49.32,88.81,0.8862,2,1,-1
402,81,1714.26,497.09,37.42,82.68,0.8690,2,2,-1
402,91,220.83,502.26,77.94,106.99,0.8868,2,2,-1
402,96,1694.79,576.57,83.23,132.53,0.8718,2,1,-1
402,0,1177.47,465.01,14.31,16.88,1.0,0,-1,-1
403,1,707.71,580.14,70.55,126.40,0.9159,2,2,-1
403,2,947.05,624.16,65.73,117.55,0.9120,2,1,-1
403,6,1137.51,438.54,51.70,69.51,0.8598,2,1,-1
403,9,1034.07,524.73,82.10,107.91,0.9243,2,2,-1
403,10,1240.38,408.40,47.46,69.85,0.9128,2,2,-1
403,11,1580.01,497.57,74.82,103.92,0.8937,2,1,-1
403,12,892.27,498.96,64.87,107.26,0.9311,2,1,-1
403,20,1630.63,429.74,45.86,96.83,0.9105,2,1,-1
403,26,1205.18,463.01,65.26,98.11,0.9322,3,0,-1
403,49,892.64,446.15,60.39,69.36,0.9286,2,2,-1
403,65,492.11,447.83,46.41,89.68,0.9091,2,1,-1
403,81,1725.99,495.99,38.61,82.08,0.8883,2,2,-1
403,91,219.67,502.60,68.62,105.59,0.9173,2,2,-1
403,96,1694.64,580.74,73.82,131.69,0.7408,2,1,-1
403,97,1.81,502.32,22.37,82.55,0.7674,2,-1,-1
403,0,1189.42,464.80,15.15,15.83,1.0,0,-1,-1
404,1,708.80,578.88,81.13,126.87,0.9342,2,2,-1
404,2,951.73,623.50,73.70,119.03,0.9372,2,1,-1
404,6,1150.98,441.00,48.21,66.44,0.8506,2,1,-1
404,9,1043.52,525.33,80.64,109.38,0.8841,2,2,-1
404,10,1250.03,407.78,52.18,67.33,0.9117,2,2,-1
404,11,1594.23,499.24,65.19,102.19,0.9144,2,1,-1
404,12,905.30,498.15,60.82,108.38,0.9098,2,1,-1
404,20,1640.73,428.29,52.76,97.54,0.9115,2,1,-1
404,26,1213.44,462.33,72.15,98.65,0.9300,3,0,-1
404,43,1738.28,493.84,40.76,99.50,0.8641,2,2,-1
404,49,907.06,444.19,57.96,67.69,0.8792,2,2,-1
404,65,501.02,445.35,55.98,91.70,0.9348,2,1,-1
404,91,221.31,502.13,66.31,105.54,0.9287,2,2,-1
404,96,1720.40,582.55,38.51,67.55,0.6600,2,1,-1
404,97,2.06,508.90,24.45,73.23,0.8520,2,-1,-1
404,0,1201.60,463.82,14.93,16.04,1.0,0,-1,-1
405,1,711.97,579.26,86.90,122.73,0.9019,2,2,-1
405,2,949.56,623.17,87.63,117.50,0.9301,2,1,-1
405,6,1162.65,441.93,52.74,65.88,0.8762,2,1,-1
405,9,1055.54,527.04,72.98,109.26,0.9043,2,2,-1
405,10,1258.96,407.51,58.26,66.95,0.9168,2,2,-1
405,11,1601.11,498.70,60.36,103.18,0.9050,2,1,-1
405,12,915.24,500.75,57.16,105.23,0.9218,2,1,-1
405,20,1649.70,427.78,60.75,99.99,0.9291,2,1,-1
405,26,1223.41,462.87,72.02,100.84,0.9195,3,0,-1
405,49,920.04,444.54,53.94,69.28,0.8831,2,2,-1
405,65,506.40,444.05,65.22,90.96,0.9311,2,1,-1
405,91,223.67,500.40,78.12,105.71,0.9462,2,2,-1
405,97,2.43,502.42,44.26,82.47,0.9198,2,-1,-1
405,98,1766.83,552.21,55.81,112.82,0.9013,2,-1,-1
405,0,1215.45,463.49,14.52,15.64,1.0,0,-1,-1
406,1,709.48,579.49,57.37,88.34,0.8497,2,2,-1
406,2,951.69,621.74,96.38,118.87,0.9104,2,1,-1
406,6,1167.26,428.32,63.80,78.44,0.9196,2,1,-1
406,9,1062.28,528.48,60.92,107.59,0.9221,2,2,-1
406,10,1266.78,407.84,59.17,65.86,0.9102,2,2,-1
406,11,1608.66,496.16,58.21,105.89,0.9228,2,1,-1
406,12,921.03,500.20,52.96,104.65,0.9160,2,1,-1
406,20,1656.55,428.61,67.54,99.15,0.9181,2,1,-1
406,26,1237.41,463.67,67.82,99.89,0.8036,3,0,-1
406,43,1763.12,492.50,38.98,91.32,0.8513,2,2,-1
406,49,934.58,444.75,48.42,73.23,0.8956,2,2,-1
406,65,507.36,443.08,72.13,90.88,0.9402,2,1,-1
406,91,225.27,500.02,83.33,102.39,0.9199,2,2,-1
406,97,2.41,491.49,57.88,85.60,0.9222,2,-1,-1
406,98,1777.27,545.56,61.80,120.68,0.9038,2,-1,-1
406,0,1226.90,462.86,13.74,15.09,1.0,0,-1,-1
407,1,707.52,581.81,88.26,127.13,0.8784,2,2,-1
407,2,949.84,620.84,89.61,120.46,0.9176,2,1,-1
407,6,1174.80,427.77,63.92,78.02,0.9162,2,1,-1
407,9,1065.79,527.94,54.13,108.00,0.9197,2,2,-1
407,10,1273.48,406.87,55.03,65.04,0.8984,2,2,-1
407,11,1618.12,495.76,61.32,104.02,0.9209,2,1,-1
407,12,932.84,498.04,51.68,107.25,0.9279,2,1,-1
407,20,1667.33,429.85,68.41,97.98,0.9041,2,1,-1
407,26,1250.30,465.20,53.04,99.26,0.9185,3,0,-1
407,49,947.24,440.26,46.02,80.82,0.9052,2,2,-1
407,65,518.43,443.01,67.00,92.79,0.9248,2,1,-1
407,91,223.11,499.53,85.34,104.24,0.9133,2,2,-1
407,97,2.24,488.07,66.29,87.42,0.9054,2,1,-1
407,98,1779.52,545.52,72.55,118.59,0.9255,2,-1,-1
407,0,1237.46,462.70,14.13,14.81,1.0,0,-1,-1
408,1,699.61,582.86,66.40,126.87,0.8666,2,2,-1
408,2,945.86,622.97,80.12,118.19,0.8897,2,1,-1
408,6,1183.21,427.76,62.77,80.13,0.8970,2,1,-1
408,9,1070.88,527.05,60.51,108.61,0.9241,2,2,-1
408,10,1279.12,408.80,47.59,65.73,0.8693,2,2,-1
408,11,1623.02,495.53,68.03,104.71,0.9350,2,1,-1
408,12,940.94,495.59,55.97,110.22,0.9209,2,1,-1
408,20,1675.61,431.68,66.66,99.65,0.9122,2,1,-1
408,26,1252.61,466.54,47.11,97.16,0.8855,3,0,-1
408,49,959.51,437.26,46.99,81.89,0.9174,2,2,-1
408,65,523.71,442.97,58.24,92.02,0.9187,2,1,-1
408,91,224.38,499.75,80.94,106.79,0.9214,2,2,-1
408,97,0.23,487.57,70.24,91.40,0.9175,2,1,-1
408,98,1793.18,544.29,73.69,116.68,0.9298,2,2,-1
408,0,1455.39,609.09,12.86,11.92,1.0,0,-1,-1
409,1,701.09,583.38,62.89,126.93,0.9264,2,2,-1
409,2,938.47,622.00,74.11,118.71,0.8807,2,1,-1
409,6,1190.70,429.24,53.41,79.44,0.9116,2,1,-1
409,9,1072.92,525.80,69.37,109.70,0.9373,2,2,-1
409,10,1286.33,408.81,40.55,65.55,0.8889,2,2,-1
409,11,1628.20,496.36,74.85,105.10,0.9362,2,1,-1
409,12,947.86,495.06,59.99,106.33,0.9273,2,1,-1
409,20,1684.10,434.09,59.24,98.10,0.9254,2,1,-1
409,26,1263.68,465.87,47.50,98.29,0.9139,3,0,-1
409,49,969.63,437.48,49.02,81.94,0.9118,2,2,-1
409,65,525.05,442.27,49.00,92.04,0.9219,2,1,-1
409,91,221.43,500.75,63.05,105.84,0.9212,2,2,-1
409,97,-1.39,487.80,63.04,89.97,0.9172,2,1,-1
409,98,1761.09,578.99,86.88,133.51,0.9135,2,2,-1
409,0,1467.65,610.70,13.29,13.97,1.0,0,-1,-1
410,1,700.18,582.00,73.12,129.26,0.9322,2,2,-1
410,2,935.26,621.02,84.96,119.77,0.8810,2,1,-1
410,6,1195.85,429.19,45.58,79.28,0.8733,2,1,-1
410,9,1071.67,525.39,79.26,109.81,0.9265,2,2,-1
410,10,1293.69,408.29,44.49,67.23,0.8564,2,2,-1
410,11,1632.86,496.72,79.30,106.60,0.9242,2,1,-1
410,12,955.38,494.62,60.93,102.67,0.9291,2,1,-1
410,20,1691.14,434.49,52.60,97.52,0.9039,2,1,-1
410,26,1271.67,465.59,53.41,98.92,0.9314,3,0,-1
410,49,979.29,437.04,51.47,80.47,0.9115,2,2,-1
410,65,530.25,440.68,52.70,93.13,0.9251,2,1,-1
410,91,227.27,499.80,56.52,105.93,0.9307,2,2,-1
410,97,-0.02,487.39,63.53,90.85,0.9382,2,1,-1
410,98,1805.04,546.07,79.92,126.48,0.8609,2,2,-1
410,0,1266.39,460.93,13.80,15.22,1.0,0,-1,-1
411,1,699.44,580.82,82.34,128.34,0.9186,2,2,-1
411,2,932.30,622.73,96.99,118.06,0.8863,2,1,-1
411,6,1204.46,429.92,48.38,78.59,0.9172,2,1,-1
411,9,1072.22,526.92,84.67,110.75,0.9352,2,2,-1
411,10,1296.21,403.98,55.64,72.29,0.8986,2,2,-1
411,11,1645.76,498.75,74.45,105.57,0.9201,2,1,-1
411,12,963.95,496.23,59.85,103.45,0.9202,2,1,-1
411,20,1702.42,433.36,49.02,98.84,0.9180,2,1,-1
411,26,1276.86,465.73,60.34,98.94,0.9264,3,0,-1
411,43,1803.58,500.19,43.84,80.82,0.8641,2,2,-1
411,49,987.91,437.40,55.95,85.81,0.9125,2,2,-1
411,65,534.48,438.94,59.44,94.07,0.9351,2,1,-1
411,91,226.63,499.09,67.97,105.97,0.9409,2,2,-1
411,97,2.12,485.38,74.40,91.38,0.9341,2,1,-1
411,98,1815.75,548.71,75.65,122.33,0.8819,2,2,-1
411,0,1499.75,611.91,14.64,14.44,1.0,0,-1,-1
412,1,695.67,580.15,56.57,90.56,0.8706,2,2,-1
412,2,932.29,618.75,99.03,112.96,0.8654,2,1,-1
412,6,1210.16,428.90,56.27,78.98,0.9248,2,1,-1
412,9,1080.44,527.64,80.28,110.73,0.9113,2,2,-1
412,10,1298.03,402.94,62.03,72.78,0.8864,2,2,-1
412,11,1655.54,499.94,66.90,105.05,0.9277,2,1,-1
412,12,973.95,497.46,53.60,101.98,0.9207,2,1,-1
412,20,1714.95,431.81,54.04,101.35,0.9275,2,1,-1
412,26,1278.78,464.20,69.75,101.62,0.9352,3,0,-1
412,43,1815.87,498.46,43.88,80.23,0.8742,2,2,-1
412,49,996.00,437.17,57.62,84.34,0.9160,2,2,-1
412,65,539.76,437.24,62.23,92.37,0.9245,2,1,-1
412,91,223.67,498.71,78.23,103.25,0.9244,2,2,-1
412,97,3.35,483.10,82.21,88.43,0.9345,2,1,-1
412,101,1792.15,583.91,64.00,132.79,0.8758,2,-1,-1
412,0,1517.13,609.87,14.67,15.45,1.0,0,-1,-1
413,1,681.68,580.00,76.57,127.84,0.8857,2,2,-1
413,2,930.13,618.25,98.94,118.50,0.9087,2,1,-1
413,6,1214.85,427.71,62.16,77.05,0.9186,2,1,-1
413,9,1089.88,528.46,69.15,110.60,0.8778,2,2,-1
413,10,1307.22,401.02,62.21,72.95,0.8442,2,2,-1
413,11,1662.42,500.52,59.12,103.96,0.9097,2,1,-1
413,12,982.61,498.07,44.39,101.47,0.9217,2,1,-1
413,20,1725.51,430.96,58.79,100.81,0.9302,2,1,-1
413,26,1288.89,464.64,68.15,102.66,0.9336,3,0,-1
413,43,1824.03,495.71,48.02,97.21,0.8961,2,2,-1
413,49,1005.93,436.77,55.60,83.17,0.9194,2,2,-1
413,65,542.56,436.62,65.29,91.77,0.9301,2,1,-1
413,91,214.71,497.67,87.61,105.19,0.8978,2,2,-1
413,97,3.93,481.42,86.17,90.55,0.9438,2,1,-1
413,101,1798.30,584.57,64.44,131.84,0.9124,2,-1,-1
413,0,1294.61,459.26,15.53,15.56,1.0,0,-1,-1
414,1,693.90,581.72,84.41,129.49,0.8452,2,2,-1
414,2,935.88,617.57,82.67,117.98,0.9192,2,1,-1
414,6,1221.49,427.44,63.67,78.82,0.9086,2,1,-1
414,9,1096.14,528.81,56.67,109.58,0.8921,2,2,-1
414,10,1317.98,401.65,55.10,69.13,0.8505,2,2,-1
414,11,1670.30,498.57,57.10,106.23,0.9220,2,1,-1
414,12,993.75,497.11,47.70,101.93,0.9301,2,1,-1
414,20,1734.22,430.53,66.25,100.35,0.9350,2,1,-1
414,26,1303.94,465.70,61.37,102.60,0.8869,3,0,-1
414,43,1836.44,493.82,47.89,105.86,0.8942,2,2,-1
414,49,1016.77,437.19,49.50,80.88,0.8963,2,2,-1
414,65,549.94,436.38,62.69,94.24,0.9232,2,1,-1
414,91,220.31,497.78,80.23,108.00,0.8903,2,2,-1
414,97,7.88,480.46,84.05,93.48,0.9303,2,1,-1
414,101,1809.15,583.17,63.55,134.48,0.9139,2,-1,-1
414,0,1300.14,458.10,15.27,15.77,1.0,0,-1,-1
415,1,694.72,583.69,75.43,128.09,0.8172,2,2,-1
415,2,937.69,618.31,59.57,88.10,0.8692,2,1,-1
415,6,1233.61,428.21,57.07,81.24,0.9234,2,1,-1
415,9,1101.28,527.82,55.52,110.53,0.9234,2,2,-1
415,10,1327.33,401.30,46.84,71.09,0.8822,2,2,-1
415,11,1682.13,496.63,64.04,107.64,0.9363,2,1,-1
415,12,1004.47,495.38,54.48,102.22,0.9340,2,1,-1
415,20,1747.82,431.04,66.69,98.72,0.9267,2,1,-1
415,26,1316.15,466.47,50.46,101.39,0.8892,3,0,-1
415,43,1849.56,493.68,46.46,108.44,0.8994,2,2,-1
415,49,1032.41,435.53,48.88,83.79,0.8997,2,2,-1
415,65,558.10,436.88,53.63,93.71,0.9194,2,1,-1
415,91,220.26,497.81,67.45,106.92,0.9178,2,2,-1
415,97,7.97,480.30,80.42,94.93,0.9302,2,1,-1
415,101,1820.53,579.50,69.77,137.90,0.9271,2,1,-1
415,0,1307.86,457.47,13.81,14.69,1.0,0,-1,-1
416,1,694.43,585.65,51.77,92.18,0.8790,2,2,-1
416,2,936.41,618.38,77.08,121.31,0.9079,2,1,-1
416,6,1237.11,429.50,50.72,80.05,0.9008,2,1,-1
416,9,1107.57,526.65,61.54,110.72,0.9393,2,2,-1
416,10,1335.70,401.26,38.02,70.70,0.9159,2,2,-1
416,11,1694.62,495.75,69.54,110.70,0.9295,2,1,-1
416,12,1013.49,494.38,62.83,102.45,0.9341,2,1,-1
416,20,1760.45,433.07,66.73,99.15,0.9225,2,1,-1
416,26,1324.00,468.79,41.30,100.22,0.9056,3,0,-1
416,43,1860.72,495.02,46.49,113.48,0.8805,2,2,-1
416,49,1049.13,434.39,48.26,85.40,0.9055,2,2,-1
416,65,566.79,437.52,43.24,92.79,0.9154,2,1,-1
416,91,220.22,497.78,62.97,107.85,0.9383,2,2,-1
416,97,10.75,479.39,75.24,94.48,0.9075,2,1,-1
416,101,1831.59,575.15,78.84,143.93,0.9279,2,1,-1
416,0,1315.49,457.98,13.08,14.70,1.0,0,-1,-1
417,1,691.40,584.41,74.08,129.93,0.9255,2,2,-1
417,2,932.67,618.63,89.16,119.22,0.9245,2,1,-1
417,6,1244.26,430.40,49.89,79.54,0.9028,2,1,-1
417,9,1113.60,527.02,69.46,110.89,0.9380,2,2,-1
417,10,1346.16,401.01,43.07,70.88,0.9064,2,2,-1
417,11,1702.87,496.58,77.66,109.42,0.9359,2,1,-1
417,12,1019.81,493.74,70.41,100.78,0.9290,2,1,-1
417,20,1774.27,436.15,64.01,101.81,0.9103,2,1,-1
417,26,1334.77,469.80,48.91,99.34,0.9163,3,0,-1
417,43,1875.46,497.38,44.76,115.90,0.8707,2,2,-1
417,49,1063.34,436.06,47.75,85.66,0.9121,2,2,-1
417,65,576.08,435.77,47.23,96.53,0.9250,2,1,-1
417,91,220.07,497.63,74.69,106.35,0.9521,2,2,-1
417,97,20.67,478.07,72.25,94.99,0.9351,2,1,-1
417,101,1839.26,577.55,80.11,141.79,0.9097,2,1,-1
417,0,1604.80,613.58,17.10,16.34,1.0,0,-1,-1
418,1,692.82,584.75,82.01,128.68,0.9248,2,2,-1
418,2,932.16,618.52,94.10,114.86,0.8983,2,1,-1
418,6,1255.53,430.46,56.95,80.44,0.9216,2,1,-1
418,9,1112.44,526.92,81.95,113.66,0.9318,2,2,-1
418,10,1350.31,399.89,53.17,73.36,0.8930,2,2,-1
418,11,1709.47,497.99,84.09,109.09,0.9368,2,1,-1
418,12,1027.28,493.65,74.21,100.95,0.9231,2,1,-1
418,20,1789.87,439.16,54.77,98.16,0.9174,2,1,-1
418,26,1343.97,469.53,57.86,101.32,0.9231,3,0,-1
418,43,1888.73,500.75,35.09,111.63,0.8683,2,2,-1
418,49,1072.56,436.39,51.08,87.17,0.8992,2,2,-1
418,65,582.09,435.92,55.68,94.57,0.9297,2,1,-1
418,91,221.01,497.59,82.36,101.47,0.9284,2,2,-1
418,97,29.87,476.80,74.49,93.23,0.9439,2,1,-1
418,101,1846.94,581.44,63.24,137.04,0.9147,2,1,-1
418,0,1623.17,615.43,17.61,14.77,1.0,0,-1,-1
419,1,695.92,584.99,83.07,123.62,0.8739,2,2,-1
419,2,937.94,628.01,79.40,88.85,0.8274,2,1,-1
419,6,1262.33,429.37,64.02,78.94,0.9267,2,1,-1
419,9,1116.69,527.37,86.63,113.49,0.9032,2,2,-1
419,10,1358.90,399.34,56.45,71.85,0.8943,2,2,-1
419,11,1724.27,499.19,81.58,110.23,0.8944,2,1,-1
419,12,1040.30,493.93,68.28,102.36,0.9226,2,1,-1
419,20,1801.15,439.77,46.78,94.55,0.8719,2,1,-1
419,26,1348.41,469.55,70.25,103.47,0.9382,3,0,-1
419,43,1901.52,502.14,19.63,61.79,0.6746,2,2,-1
419,49,1083.97,437.87,52.60,85.54,0.8869,2,2,-1
419,65,583.95,435.59,66.91,94.11,0.9350,2,1,-1
419,91,217.35,497.39,89.90,105.48,0.9168,2,2,-1
419,97,39.53,475.37,74.33,94.18,0.9337,2,1,-1
419,101,1866.21,583.77,55.47,137.60,0.8992,2,1,-1
419,0,1641.80,615.85,17.66,16.67,1.0,0,-1,-1
420,1,693.97,586.37,86.22,123.46,0.8233,2,2,-1
420,2,926.38,620.02,88.95,119.16,0.8760,2,1,-1
420,6,1267.73,428.14,67.11,79.01,0.9117,2,1,-1
420,9,1126.42,528.81,80.73,113.94,0.9181,2,2,-1
420,10,1368.64,397.76,57.17,71.95,0.8473,2,2,-1
420,11,1738.60,504.03,71.48,107.93,0.9049,2,1,-1
420,12,1047.71,493.77,65.25,103.10,0.9287,2,1,-1
420,20,1814.63,438.71,44.45,101.71,0.9177,2,1,-1
420,26,1354.07,469.07,77.38,101.79,0.9409,3,0,-1
420,49,1098.26,441.10,53.26,82.89,0.9054,2,2,-1
420,65,583.97,435.53,76.34,95.07,0.9281,2,1,-1
420,91,217.14,497.21,86.11,108.17,0.8869,2,2,-1
420,97,39.71,474.63,82.20,96.99,0.9302,2,1,-1
420,101,1879.34,586.80,44.07,136.28,0.9006,2,1,-1
420,0,1346.76,461.24,15.16,15.07,1.0,0,-1,-1
421,1,677.18,589.52,81.54,124.61,0.6303,2,2,-1
421,2,911.94,620.36,79.85,121.73,0.9001,2,1,-1
421,6,1279.13,430.32,63.23,79.84,0.9029,2,1,-1
421,9,1140.89,531.37,65.83,112.57,0.9160,2,2,-1
421,10,1376.09,401.72,41.60,64.98,0.8702,2,2,-1
421,11,1747.66,504.09,62.66,108.75,0.9221,2,1,-1
421,12,1055.23,492.57,59.05,104.62,0.9162,2,1,-1
421,20,1827.66,437.61,50.25,104.03,0.9291,2,1,-1
421,26,1364.30,470.11,75.68,104.88,0.9082,3,0,-1
421,49,1115.20,445.05,47.35,79.77,0.8957,2,2,-1
421,65,592.93,436.95,74.62,94.37,0.9288,2,1,-1
421,91,217.15,498.29,71.69,108.12,0.9270,2,2,-1
421,97,43.18,476.17,79.49,98.11,0.9177,2,1,-1
421,101,1888.81,589.11,36.89,131.85,0.8243,2,1,-1
421,0,1355.28,461.86,15.12,14.98,1.0,0,-1,-1
422,1,685.82,590.85,76.26,125.47,0.9079,2,2,-1
422,2,910.61,618.83,91.91,124.55,0.9173,2,1,-1
422,6,1293.27,430.35,49.36,79.45,0.8975,2,1,-1
422,9,1142.36,531.67,57.53,113.36,0.9037,2,2,-1
422,10,1394.05,403.05,38.20,59.02,0.8486,2,2,-1
422,11,1755.66,503.16,57.89,110.34,0.9217,2,1,-1
422,12,1066.41,490.65,52.00,106.56,0.9250,2,1,-1
422,20,1840.24,435.83,59.15,105.37,0.9275,2,1,-1
422,26,1381.67,471.63,64.04,104.97,0.9232,3,0,-1
422,49,1129.58,448.78,41.24,78.35,0.8860,2,2,-1
422,65,605.55,438.08,64.11,93.06,0.9276,2,1,-1
422,91,220.74,497.52,62.99,108.74,0.9220,2,2,-1
422,97,56.39,476.93,64.33,95.71,0.9209,2,1,-1
422,101,1899.23,589.74,28.33,107.50,0.6072,2,1,-1
422,0,1364.69,462.57,14.62,15.06,1.0,0,-1,-1
423,1,680.83,590.16,71.39,122.81,0.8681,2,2,-1
423,2,915.35,617.09,96.75,119.80,0.9140,2,1,-1
423,6,1303.81,428.41,39.65,79.46,0.8824,2,1,-1
423,9,1147.66,529.88,56.37,114.82,0.9236,2,2,-1
423,10,1401.68,403.67,34.00,60.95,0.8376,2,2,-1
423,11,1766.02,502.78,64.27,109.91,0.9333,2,1,-1
423,12,1077.52,487.66,54.78,109.90,0.9184,2,1,-1
423,20,1846.69,434.84,69.46,106.26,0.9363,2,1,-1
423,26,1394.92,473.28,52.67,103.45,0.9199,3,0,-1
423,49,1142.73,447.15,38.48,79.65,0.8999,2,2,-1
423,65,607.31,435.54,59.46,94.48,0.8968,2,1,-1
423,91,225.44,495.79,69.24,106.92,0.9412,2,2,-1
423,97,59.75,479.17,52.95,91.95,0.9184,2,1,-1
423,0,1372.23,463.23,15.46,16.54,1.0,0,-1,-1
424,1,682.50,587.55,80.72,132.83,0.9251,2,2,-1
424,2,910.23,616.27,95.16,117.57,0.8837,2,1,-1
424,6,1314.05,424.73,40.00,84.09,0.8715,2,1,-1
424,9,1154.45,527.57,65.18,116.69,0.9412,2,2,-1
424,10,1415.05,408.10,35.38,62.11,0.8170,2,2,-1
424,11,1775.46,501.81,73.49,109.58,0.9296,2,1,-1
424,12,1087.71,485.72,58.07,107.40,0.9344,2,1,-1
424,20,1855.24,435.01,65.25,103.95,0.9246,2,1,-1
424,26,1400.12,474.52,46.18,100.81,0.9020,3,0,-1
424,49,1153.31,446.49,40.46,79.36,0.9107,2,2,-1
424,65,618.61,430.93,50.35,98.18,0.9026,2,1,-1
424,91,225.32,494.69,78.68,104.40,0.9383,2,2,-1
424,97,63.00,474.22,55.07,95.09,0.9275,2,1,-1
424,0,1381.65,462.19,15.76,15.60,1.0,0,-1,-1
425,1,684.00,587.96,88.08,128.91,0.9115,2,2,-1
425,2,911.10,618.18,94.44,121.56,0.9125,2,1,-1
425,6,1321.92,424.52,43.89,80.08,0.9006,2,1,-1
425,9,1159.50,526.98,73.89,115.60,0.9419,2,2,-1
425,10,1419.35,403.49,46.69,67.14,0.8987,2,2,-1
425,11,1784.39,501.79,79.35,110.16,0.9337,2,1,-1
425,12,1092.49,485.12,64.19,105.37,0.9270,2,1,-1
425,20,1869.11,435.95,53.93,104.90,0.9124,2,1,-1
425,26,1412.49,473.98,51.48,101.72,0.9191,3,0,-1
425,49,1169.86,448.14,40.40,76.88,0.9177,2,2,-1
425,65,630.02,429.59,47.44,96.09,0.9163,2,1,-1
425,91,218.52,493.60,88.70,107.30,0.9072,2,2,-1
425,97,68.80,476.83,60.36,89.90,0.9004,2,1,-1
425,0,1390.62,461.53,16.80,15.12,1.0,0,-1,-1
426,1,672.67,588.20,67.34,113.08,0.8891,2,2,-1
426,2,912.34,618.56,79.55,118.29,0.9172,2,1,-1
426,6,1324.67,423.28,57.44,80.43,0.9196,2,1,-1
426,9,1156.97,527.74,86.14,114.41,0.9427,2,2,-1
426,10,1423.38,401.68,54.84,67.55,0.9046,2,2,-1
426,11,1793.12,503.77,82.38,111.73,0.9105,2,1,-1
426,12,1096.73,485.84,65.84,105.72,0.9255,2,1,-1
426,20,1884.79,439.38,38.89,105.86,0.9161,2,1,-1
426,26,1421.94,474.65,58.14,102.18,0.9276,3,0,-1
426,49,1186.40,448.96,39.85,75.66,0.9113,2,2,-1
426,65,636.66,428.69,51.48,96.26,0.9188,2,1,-1
426,91,218.89,494.28,88.28,109.75,0.9110,2,2,-1
426,97,70.47,469.66,64.34,97.94,0.9050,2,1,-1
426,0,1400.28,462.01,16.00,14.75,1.0,0,-1,-1
427,1,678.62,588.59,80.41,131.60,0.8376,2,2,-1
427,2,911.51,619.31,58.40,87.48,0.8605,2,1,-1
427,6,1330.15,422.39,61.25,81.68,0.9100,2,1,-1
427,9,1165.76,528.83,85.56,114.55,0.8959,2,2,-1
427,10,1424.20,401.01,52.30,70.25,0.8346,2,2,-1
427,11,1805.56,505.33,78.41,112.95,0.8992,2,1,-1
427,12,1107.05,486.87,60.61,107.43,0.9140,2,1,-1
427,20,1895.41,444.12,34.56,100.32,0.6490,2,1,-1
427,26,1425.36,474.61,69.23,101.57,0.9438,3,0,-1
427,49,1203.71,447.91,39.87,78.39,0.9021,2,2,-1
427,65,639.34,428.13,59.28,98.19,0.9283,2,1,-1
427,91,223.28,494.50,75.87,109.49,0.9209,2,2,-1
427,97,71.75,468.04,72.92,100.56,0.9166,2,1,-1
427,0,1412.13,462.86,13.97,13.70,1.0,0,-1,-1
428,1,680.23,590.91,49.38,100.71,0.8781,2,2,-1
428,2,905.35,618.15,82.63,124.27,0.9223,2,1,-1
428,6,1343.79,417.92,55.05,85.95,0.9031,2,1,-1
428,9,1176.38,531.15,76.96,115.67,0.8941,2,2,-1
428,10,1443.94,401.05,47.11,62.08,0.6194,2,2,-1
428,11,1811.11,507.81,70.39,111.24,0.9248,2,1,-1
428,12,1119.44,487.77,52.46,106.42,0.9196,2,1,-1
428,26,1428.34,473.88,75.15,104.52,0.9414,3,0,-1
428,49,1221.41,444.87,39.38,79.86,0.9057,2,2,-1
428,65,639.22,430.18,66.38,95.66,0.9328,2,1,-1
428,91,223.90,493.27,62.16,109.97,0.9117,2,2,-1
428,97,76.49,467.10,79.62,101.61,0.9290,2,1,-1
428,0,1418.94,462.34,15.28,15.42,1.0,0,-1,-1
429,1,675.91,591.51,55.35,133.94,0.8685,2,2,-1
429,2,905.98,620.47,88.50,114.47,0.9211,2,1,-1
429,6,1354.49,419.56,48.29,84.10,0.9110,2,1,-1
429,9,1187.71,533.26,61.27,113.80,0.9095,2,2,-1
429,11,1810.92,508.80,65.97,109.51,0.9176,2,1,-1
429,12,1132.08,488.28,46.06,104.44,0.9089,2,1,-1
429,26,1439.76,475.62,72.01,107.39,0.9333,3,0,-1
429,49,1235.37,443.15,42.17,81.32,0.9024,2,2,-1
429,65,647.18,432.04,63.95,96.41,0.9253,2,1,-1
429,91,230.22,491.94,64.89,110.14,0.9333,2,2,-1
429,97,84.80,469.00,75.66,102.35,0.9346,2,1,-1
429,0,1429.04,461.89,15.30,15.80,1.0,0,-1,-1
430,1,682.34,591.51,59.17,135.20,0.8048,2,2,-1
430,2,900.06,619.02,95.57,119.81,0.8697,2,1,-1
430,6,1366.24,418.99,46.23,85.84,0.9179,2,1,-1
430,9,1191.69,533.77,51.87,114.92,0.9058,2,2,-1
430,11,1824.75,508.06,69.06,112.15,0.9221,2,1,-1
430,12,1143.75,488.10,43.46,101.74,0.9131,2,1,-1
430,26,1454.45,478.38,58.88,105.86,0.9248,3,0,-1
430,49,1250.83,440.05,44.97,84.05,0.9090,2,2,-1
430,65,661.66,432.23,52.86,97.83,0.9210,2,1,-1
430,91,232.80,492.41,72.60,105.58,0.9499,2,2,-1
430,97,92.34,467.41,68.50,104.41,0.9315,2,1,-1
430,0,1439.30,462.47,14.88,15.41,1.0,0,-1,-1
431,1,674.76,591.18,78.90,136.10,0.9245,2,2,-1
431,2,894.58,620.42,93.47,124.06,0.8838,2,1,-1
431,6,1377.47,418.21,45.86,87.03,0.9112,2,1,-1
431,9,1198.22,533.50,57.94,116.70,0.9290,2,2,-1
431,11,1834.97,507.22,76.20,113.51,0.9309,2,1,-1
431,12,1151.73,488.04,45.52,102.53,0.9156,2,1,-1
431,26,1466.41,480.64,44.20,104.49,0.9292,3,0,-1
431,49,1269.43,440.17,44.19,85.38,0.9067,2,2,-1
431,65,672.72,434.12,44.02,95.71,0.8929,2,1,-1
431,91,242.29,493.56,66.23,85.53,0.8530,2,2,-1
431,97,97.98,467.02,55.66,103.09,0.9323,2,1,-1
431,0,1448.93,463.78,15.43,16.04,1.0,0,-1,-1
432,1,674.51,592.39,87.15,130.23,0.9273,2,2,-1
432,2,891.78,620.48,77.33,123.25,0.8928,2,1,-1
432,6,1388.64,417.26,46.13,89.00,0.9247,2,1,-1
432,9,1203.17,533.39,66.36,114.58,0.9308,2,2,-1
432,11,1843.60,506.49,76.29,112.51,0.9338,2,1,-1
432,12,1154.23,488.61,53.67,102.09,0.9174,2,1,-1
432,26,1472.36,481.78,43.98,103.65,0.9241,3,0,-1
432,49,1289.00,439.92,42.63,85.44,0.9180,2,2,-1
432,65,681.87,435.14,38.90,95.37,0.9196,2,1,-1
432,91,228.23,493.93,89.37,108.39,0.9004,2,2,-1
432,97,107.69,466.81,56.44,100.80,0.9173,2,1,-1
432,104,1480.32,397.18,45.13,76.36,0.8891,2,-1,-1
432,0,1459.85,464.08,14.86,16.25,1.0,0,-1,-1
433,1,671.94,592.51,92.13,135.16,0.8008,2,2,-1
433,2,880.05,619.99,75.35,124.68,0.9012,2,1,-1
433,6,1398.67,417.48,47.12,85.84,0.9305,2,1,-1
433,9,1204.09,533.70,80.61,114.71,0.9343,2,2,-1
433,11,1844.54,507.42,75.47,110.97,0.9208,2,1,-1
433,12,1157.67,489.31,59.64,100.74,0.9178,2,1,-1
433,26,1481.97,481.75,51.39,103.82,0.9348,3,0,-1
433,49,1305.83,440.06,42.14,87.30,0.9077,2,2,-1
433,65,690.30,432.41,42.22,98.81,0.9305,2,1,-1
433,91,228.75,494.08,86.64,110.95,0.8935,2,2,-1
433,97,115.88,466.00,60.68,101.99,0.9346,2,1,-1
433,104,1487.82,398.05,53.32,78.84,0.9098,2,-1,-1
433,0,1471.30,463.10,15.03,14.96,1.0,0,-1,-1
434,1,660.22,593.65,87.47,137.10,0.8867,2,2,-1
434,2,876.87,617.68,88.17,129.51,0.9001,2,1,-1
434,6,1409.73,417.53,45.07,85.10,0.9253,2,1,-1
434,9,1203.59,534.07,89.85,117.30,0.9219,2,2,-1
434,11,1854.46,508.56,66.25,111.68,0.9209,2,1,-1
434,12,1167.81,491.04,60.64,100.77,0.9067,2,1,-1
434,26,1486.21,481.63,62.15,103.29,0.9333,3,0,-1
434,49,1323.67,439.40,41.65,88.17,0.9145,2,2,-1
434,65,691.53,431.54,51.11,99.07,0.9344,2,1,-1
434,91,225.62,494.55,73.66,109.54,0.9043,2,2,-1
434,97,123.74,468.78,60.80,98.09,0.9327,2,1,-1
434,104,1497.47,399.55,53.51,75.51,0.8640,2,-1,-1
434,0,99.00,834.08,20.61,17.45,1.0,0,-1,-1
435,1,671.56,595.95,83.99,137.20,0.8833,2,2,-1
435,2,877.47,617.41,94.89,121.51,0.8970,2,1,-1
435,6,1422.17,417.29,42.39,85.62,0.9179,2,1,-1
435,9,1207.13,536.42,83.45,115.47,0.8666,2,2,-1
435,11,1869.34,510.25,53.42,112.91,0.9157,2,1,-1
435,12,1180.19,496.46,55.71,95.36,0.7288,2,1,-1
435,26,1488.27,481.44,75.60,104.79,0.9397,3,0,-1
435,49,1341.10,438.64,41.71,89.87,0.9119,2,2,-1
435,65,692.02,430.49,59.83,99.87,0.9398,2,1,-1
435,91,231.18,493.31,70.21,110.42,0.9274,2,2,-1
435,97,129.96,468.44,58.37,99.26,0.9191,2,1,-1
435,104,1504.12,403.83,48.68,70.99,0.5742,2,-1,-1
435,0,1491.25,466.44,13.47,15.03,1.0,0,-1,-1
436,1,664.52,596.60,67.94,135.12,0.9185,2,2,-1
436,2,873.83,617.80,99.58,121.26,0.9076,2,1,-1
436,6,1435.87,417.64,39.00,85.19,0.9151,2,1,-1
436,11,1877.98,511.64,45.71,111.84,0.8769,2,1,-1
436,12,1202.08,493.75,52.84,98.74,0.9123,2,1,-1
436,26,1495.04,481.78,78.56,109.14,0.9136,3,0,-1
436,49,1359.36,437.99,42.35,89.64,0.9150,2,2,-1
436,65,700.48,434.58,59.49,95.85,0.9279,2,1,-1
436,91,236.64,491.41,79.59,108.23,0.9395,2,2,-1
436,97,138.66,469.61,50.35,100.00,0.9172,2,1,-1
436,0,1503.74,465.82,13.14,15.67,1.0,0,-1,-1
437,1,668.40,593.80,72.06,137.86,0.9095,2,2,-1
437,2,876.10,617.28,71.65,124.06,0.9421,2,1,-1
437,6,1449.25,416.12,37.01,85.90,0.9195,2,1,-1
437,11,1885.84,510.18,36.59,110.97,0.9025,2,1,-1
437,12,1218.30,492.22,50.17,94.93,0.9127,2,1,-1
437,26,1509.40,483.50,73.83,109.48,0.9224,3,0,-1
437,49,1377.37,437.45,42.48,88.88,0.9152,2,2,-1
437,65,716.48,436.20,51.28,94.03,0.9258,2,1,-1
437,91,241.93,489.86,87.75,108.02,0.9474,2,2,-1
437,97,146.81,469.30,44.19,99.59,0.9259,2,1,-1
437,0,1514.70,465.01,13.99,15.44,1.0,0,-1,-1
438,1,667.03,592.72,84.06,137.69,0.9417,2,2,-1
438,2,874.22,617.56,66.67,124.14,0.8554,2,1,-1
438,6,1457.80,414.39,42.12,87.48,0.9227,2,1,-1
438,11,1893.77,508.44,26.39,80.33,0.8535,2,1,-1
438,12,1223.48,491.71,54.81,92.17,0.9090,2,1,-1
438,26,1524.06,485.53,61.90,108.39,0.9221,3,0,-1
438,49,1394.57,435.52,43.35,91.87,0.8992,2,2,-1
438,65,732.88,435.90,42.11,93.81,0.9166,2,1,-1
438,91,241.18,488.99,95.41,111.89,0.9082,2,2,-1
438,97,153.13,468.88,52.44,99.37,0.9307,2,1,-1
438,104,1548.94,422.71,33.46,51.54,0.7140,2,2,-1
438,0,1524.99,464.64,13.91,15.51,1.0,0,-1,-1
439,1,663.18,592.90,93.41,135.22,0.9128,2,2,-1
439,2,876.11,634.85,54.38,107.44,0.8941,2,1,-1
439,6,1462.43,413.27,50.42,89.04,0.9194,2,1,-1
439,11,1894.47,507.22,29.00,108.04,0.8561,2,1,-1
439,12,1239.46,491.48,49.47,85.04,0.8988,2,1,-1
439,26,1527.57,486.48,55.63,108.27,0.9203,3,0,-1
439,49,1410.64,438.04,42.49,88.88,0.9014,2,2,-1
439,65,743.20,435.12,39.35,94.92,0.9234,2,1,-1
439,91,241.37,489.76,98.48,111.28,0.9088,2,2,-1
439,97,155.71,468.24,62.29,97.59,0.9281,2,1,-1
439,104,1551.88,399.61,45.79,75.68,0.7906,2,2,-1
439,0,1533.43,465.07,14.06,15.79,1.0,0,-1,-1
440,1,640.08,591.94,83.57,137.20,0.8952,2,2,-1
440,2,855.36,615.65,80.57,126.90,0.9226,2,1,-1
440,6,1469.06,411.83,53.38,89.08,0.9197,2,1,-1
440,9,1237.85,537.44,73.71,116.08,0.9253,2,2,-1
440,11,1896.36,509.24,25.81,107.44,0.8315,2,1,-1
440,26,1529.96,486.75,52.37,108.03,0.8972,3,0,-1
440,49,1425.00,438.48,42.60,88.50,0.9084,2,2,-1
440,65,750.92,434.07,37.92,94.68,0.9250,2,1,-1
440,91,235.95,491.16,98.91,111.03,0.9207,2,2,-1
440,97,153.49,466.52,75.66,97.08,0.9348,2,1,-1
440,104,1560.73,398.81,47.49,73.33,0.8317,2,2,-1
441,1,635.43,591.80,73.51,139.70,0.8930,2,2,-1
441,2,848.95,615.73,87.10,119.19,0.9049,2,1,-1
441,6,1476.18,411.16,51.09,88.23,0.9164,2,1,-1
441,9,1236.39,535.31,80.69,113.93,0.9196,2,2,-1
441,11,1894.25,509.88,26.02,108.91,0.7703,2,1,-1
441,26,1536.92,484.64,55.68,108.80,0.9223,3,0,-1
441,49,1437.78,437.12,43.67,88.53,0.9001,2,2,-1
441,65,749.98,432.22,42.55,95.30,0.9302,2,1,-1
441,91,234.93,491.40,89.12,109.16,0.9297,2,2,-1
441,97,150.17,465.04,82.55,98.59,0.9458,2,1,-1
441,0,1546.76,465.22,13.08,13.10,1.0,0,-1,-1
442,1,650.28,595.19,79.44,139.99,0.8491,2,2,-1
442,2,833.95,615.02,95.60,122.24,0.8823,2,1,-1
442,6,1482.44,410.81,48.17,87.90,0.9093,2,1,-1
442,11,1897.17,509.74,24.26,110.94,0.8138,2,1,-1
442,12,1264.76,492.43,47.00,78.93,0.9145,2,1,-1
442,26,1539.14,483.68,61.22,110.66,0.9338,3,0,-1
442,49,1452.09,437.12,42.54,87.63,0.8964,2,2,-1
442,65,752.04,431.62,47.41,97.22,0.9374,2,1,-1
442,91,233.69,489.28,75.69,109.99,0.9056,2,2,-1
442,97,150.70,465.85,81.56,99.92,0.9401,2,1,-1
442,0,1551.95,465.84,12.65,14.39,1.0,0,-1,-1
443,1,642.33,597.18,71.33,137.94,0.8397,2,2,-1
443,2,823.48,615.53,50.87,73.79,0.8115,2,1,-1
443,11,1898.23,510.63,23.04,110.59,0.7514,2,1,-1
443,12,1270.78,491.79,48.85,85.44,0.9139,2,1,-1
443,26,1536.54,483.39,69.06,111.16,0.9370,3,0,-1
443,49,1463.14,438.26,43.05,89.71,0.8811,2,2,-1
443,65,758.68,432.56,44.47,96.89,0.9303,2,1,-1
443,91,239.02,488.69,70.02,112.34,0.9300,2,2,-1
443,97,150.50,466.86,77.26,100.04,0.9373,2,1,-1
443,106,94.23,397.03,51.88,84.90,0.7500,2,-1,-1
443,0,1555.81,465.75,12.19,13.99,1.0,0,-1,-1
444,1,628.50,596.26,63.96,137.80,0.9295,2,2,-1
444,2,807.53,613.93,67.72,125.73,0.8583,2,1,-1
444,11,1887.45,510.49,30.50,111.21,0.8786,2,1,-1
444,12,1271.49,489.66,52.22,93.00,0.9165,2,1,-1
444,26,1528.46,484.73,73.96,113.60,0.9198,3,0,-1
444,49,1470.39,439.45,41.16,88.86,0.8824,2,2,-1
444,65,765.67,434.04,39.86,95.16,0.9192,2,1,-1
444,91,238.31,487.75,73.18,107.74,0.9405,2,2,-1
444,97,147.49,465.52,70.41,100.44,0.9269,2,1,-1
444,106,102.51,397.44,56.28,83.86,0.9092,2,-1,-1
444,0,1553.22,465.80,13.68,15.02,1.0,0,-1,-1
445,1,612.63,594.39,76.04,138.02,0.9382,2,2,-1
445,2,798.32,612.32,59.60,129.40,0.9302,2,1,-1
445,11,1874.17,508.46,42.42,101.36,0.9046,2,1,-1
445,12,1267.51,487.80,56.98,94.40,0.9280,2,1,-1
445,26,1522.25,486.60,72.07,114.79,0.8824,3,0,-1
445,49,1475.66,443.82,38.39,83.26,0.8581,2,2,-1
445,65,764.30,434.98,38.57,94.57,0.9254,2,1,-1
445,91,227.36,488.49,82.75,107.69,0.9241,2,2,-1
445,97,147.45,463.35,57.64,102.06,0.9256,2,1,-1
445,106,99.35,398.54,55.17,83.10,0.7956,2,-1,-1
445,0,1549.19,465.49,13.05,15.18,1.0,0,-1,-1
446,1,599.22,594.35,84.98,132.89,0.9219,2,2,-1
446,2,766.73,608.60,84.88,134.85,0.9299,2,1,-1
446,11,1864.26,505.65,54.07,104.23,0.9289,2,1,-1
446,12,1265.82,487.15,58.52,88.21,0.9283,2,1,-1
446,26,1516.79,489.83,53.72,112.77,0.9031,3,0,-1
446,49,1478.50,439.58,37.51,86.79,0.8482,2,2,-1
446,65,761.26,435.17,39.19,93.91,0.9276,2,1,-1
446,91,212.69,489.22,83.47,108.12,0.9263,2,2,-1
446,97,146.05,462.79,57.14,97.18,0.9294,2,1,-1
446,107,1216.54,539.92,49.18,114.96,0.9172,2,-1,-1
446,0,1544.44,465.69,13.30,14.57,1.0,0,-1,-1
447,1,577.80,593.96,93.80,131.30,0.8942,2,2,-1
447,2,756.21,608.05,88.63,121.16,0.9001,2,1,-1
447,11,1851.97,505.09,66.76,109.57,0.9411,2,1,-1
447,12,1265.98,486.15,58.75,89.95,0.9298,2,1,-1
447,26,1513.44,492.30,41.51,110.12,0.8913,3,0,-1
447,49,1479.34,436.79,39.43,89.79,0.8606,2,2,-1
447,65,754.31,434.44,43.64,94.62,0.9297,2,1,-1
447,91,200.78,491.03,86.52,110.03,0.9159,2,2,-1
447,97,143.63,463.01,60.68,96.97,0.9317,2,1,-1
447,107,1204.87,537.44,59.77,117.87,0.9437,2,-1,-1
447,0,1538.27,466.28,12.75,13.78,1.0,0,-1,-1
448,1,559.07,595.72,99.24,136.60,0.8851,2,2,-1
448,2,733.43,607.52,95.15,119.98,0.8645,2,1,-1
448,11,1835.04,503.80,80.07,109.06,0.9319,2,1,-1
448,12,1267.31,486.19,57.82,89.39,0.9257,2,1,-1
448,26,1504.45,493.86,40.82,107.88,0.9112,3,0,-1
448,49,1483.94,436.42,37.49,86.44,0.8807,2,2,-1
448,65,747.68,432.95,52.30,95.72,0.9370,2,1,-1
448,91,189.59,492.48,77.82,108.24,0.8894,2,2,-1
448,97,137.08,462.85,59.67,96.87,0.9339,2,1,-1
448,106,96.51,400.58,46.15,82.76,0.8824,3,-1,-1
448,107,1192.14,536.28,70.34,116.09,0.9453,2,-1,-1
448,0,1500.16,418.42,13.45,14.04,1.0,0,-1,-1
449,1,550.84,597.33,88.10,137.17,0.9002,2,2,-1
449,2,717.19,608.83,90.22,126.23,0.9167,2,1,-1
449,6,1463.33,416.46,35.32,78.34,0.9012,2,1,-1
449,11,1820.14,504.20,85.48,109.23,0.9114,2,1,-1
449,12,1271.02,485.32,55.94,90.05,0.9133,2,1,-1
449,26,1495.65,495.70,49.04,105.15,0.9167,3,0,-1
449,65,741.73,432.06,60.73,96.28,0.9334,2,1,-1
449,91,182.45,491.57,71.96,108.26,0.9206,2,2,-1
449,97,128.88,465.35,58.52,96.77,0.9194,2,1,-1
449,106,94.30,398.64,39.67,83.84,0.8780,3,0,-1
449,107,1178.60,535.66,81.46,114.26,0.9353,2,2,-1
450,1,533.19,598.02,73.18,134.02,0.8957,2,2,-1
450,2,706.23,608.46,64.86,128.50,0.9213,2,1,-1
450,6,1459.75,416.72,35.16,79.68,0.9040,2,1,-1
450,11,1813.77,506.17,78.05,110.25,0.9252,2,1,-1
450,12,1274.75,484.21,55.84,90.34,0.9164,2,1,-1
450,26,1482.45,493.92,61.31,107.85,0.9253,3,0,-1
450,65,742.91,432.12,61.62,96.02,0.9353,2,1,-1
450,91,179.94,489.88,75.94,110.72,0.9383,2,2,-1
450,97,121.31,465.98,58.93,96.22,0.9148,2,1,-1
450,106,96.44,400.37,36.84,82.95,0.8561,3,0,-1
450,107,1164.21,536.69,88.87,115.42,0.9075,2,2,-1
451,1,532.11,595.81,65.49,135.91,0.9390,2,2,-1
451,2,699.39,665.54,38.86,70.46,0.8485,2,1,-1
451,6,1453.49,416.48,39.63,80.13,0.9076,2,1,-1
451,11,1804.43,506.80,63.60,108.55,0.9156,2,1,-1
451,12,1279.04,482.67,54.04,91.06,0.9216,2,1,-1
451,26,1470.31,494.11,71.69,108.10,0.9310,3,0,-1
451,65,746.93,433.20,56.25,96.04,0.9393,2,1,-1
451,91,180.73,488.87,78.10,106.87,0.9489,2,2,-1
451,97,117.50,465.85,58.01,95.51,0.9228,2,1,-1
451,107,1158.90,538.13,85.69,115.74,0.9021,2,2,-1
452,1,513.69,595.23,80.34,137.86,0.9410,2,2,-1
452,2,669.71,607.43,72.41,128.58,0.9242,2,1,-1
452,6,1445.98,415.79,46.12,80.52,0.9091,2,1,-1
452,11,1792.99,504.62,50.23,109.41,0.8892,2,1,-1
452,12,1286.43,480.81,49.46,85.33,0.9184,2,1,-1
452,26,1462.53,493.12,74.47,110.76,0.8952,3,0,-1
452,65,751.52,434.50,48.29,94.45,0.9404,2,1,-1
452,91,175.80,488.00,84.37,107.10,0.9330,2,2,-1
452,97,116.92,464.39,60.79,95.76,0.9303,2,1,-1
452,107,1154.35,540.26,74.97,114.47,0.9054,2,2,-1
453,1,499.46,593.89,91.17,133.88,0.9296,2,2,-1
453,2,655.52,606.07,81.63,120.59,0.9299,2,1,-1
453,6,1439.50,415.94,47.34,78.66,0.9044,2,1,-1
453,11,1784.49,502.05,52.89,111.95,0.9161,2,1,-1
453,12,1292.26,480.47,47.08,84.44,0.9229,2,1,-1
453,26,1459.81,495.12,67.75,111.61,0.9213,3,0,-1
453,49,1492.85,441.00,40.42,81.94,0.9138,2,2,-1
453,65,749.39,435.24,45.03,93.56,0.9315,2,1,-1
453,91,165.22,488.99,89.12,107.97,0.8939,2,2,-1
453,97,115.30,464.41,62.85,93.06,0.9274,2,1,-1
453,107,1142.45,540.65,68.53,113.06,0.9009,2,2,-1
454,1,472.68,594.16,76.13,133.26,0.9239,2,2,-1
454,2,636.87,605.20,90.74,120.11,0.9038,2,1,-1
454,6,1439.11,417.19,47.11,78.43,0.9079,2,1,-1
454,11,1774.74,500.64,59.65,113.04,0.9192,2,1,-1
454,12,1295.80,479.75,47.44,85.92,0.9277,2,1,-1
454,26,1459.07,496.98,54.10,109.67,0.9245,3,0,-1
454,49,1494.15,443.89,42.10,78.79,0.9168,2,2,-1
454,65,751.53,434.79,38.28,93.32,0.9132,2,1,-1
454,91,164.26,491.24,82.73,109.07,0.9278,2,2,-1
454,97,110.40,463.37,63.73,95.91,0.9306,2,1,-1
454,106,96.40,403.23,35.26,78.84,0.7019,3,0,-1
454,107,1134.20,538.88,57.72,114.40,0.9167,2,2,-1
455,1,471.02,595.09,80.84,134.71,0.9240,2,2,-1
455,2,613.10,606.62,98.89,122.47,0.9105,2,1,-1
455,6,1441.16,419.24,42.20,76.26,0.9117,2,1,-1
455,11,1763.33,499.65,69.36,107.82,0.9335,2,1,-1
455,12,1300.58,478.88,48.13,86.95,0.9230,2,1,-1
455,26,1451.99,499.30,42.79,106.96,0.9051,3,0,-1
455,49,1496.39,445.33,45.54,78.18,0.9147,2,2,-1
455,65,754.32,433.58,36.19,93.96,0.9160,2,1,-1
455,91,158.00,491.72,74.73,108.03,0.9159,2,2,-1
455,97,109.51,463.13,58.53,97.59,0.9222,2,1,-1
455,106,96.08,403.35,35.76,79.04,0.5209,3,0,-1
455,107,1132.40,536.66,59.11,116.75,0.9310,2,2,-1
456,1,473.00,597.36,80.99,135.33,0.8824,2,2,-1
456,2,610.61,606.50,86.17,123.47,0.9094,2,1,-1
456,6,1441.45,420.20,35.60,73.95,0.8734,2,1,-1
456,11,1747.37,498.89,82.25,104.93,0.9379,2,1,-1
456,12,1306.70,475.62,49.86,89.30,0.9208,2,1,-1
456,26,1447.33,499.63,45.09,106.44,0.8971,3,0,-1
456,49,1502.25,446.24,46.27,76.84,0.9067,2,2,-1
456,65,756.66,432.66,38.74,94.84,0.9347,2,1,-1
456,91,156.03,491.22,62.00,107.53,0.8976,2,2,-1
456,97,113.40,464.26,55.41,94.66,0.9246,2,1,-1
456,107,1128.91,535.55,64.18,116.53,0.9362,2,2,-1
457,1,468.38,599.29,69.43,131.99,0.8980,2,2,-1
457,2,608.40,606.32,63.89,122.42,0.9274,2,1,-1
457,6,1442.47,421.89,31.16,71.75,0.8692,2,1,-1
457,11,1738.42,499.73,85.22,104.27,0.8835,2,1,-1
457,12,1317.50,471.73,48.59,92.11,0.9202,2,1,-1
457,26,1439.35,498.05,56.54,107.91,0.9282,3,0,-1
457,49,1509.04,445.31,47.84,76.28,0.9097,2,2,-1
457,65,759.00,432.17,42.13,93.65,0.9410,2,1,-1
457,91,158.72,489.93,59.17,107.61,0.9296,2,2,-1
457,97,114.18,462.17,46.37,97.07,0.9014,2,1,-1
457,107,1119.61,534.91,75.20,113.14,0.9453,2,2,-1
458,1,462.11,597.76,61.10,131.69,0.9355,2,2,-1
458,2,597.65,604.95,55.82,123.22,0.9165,2,1,-1
458,6,1443.95,420.69,34.73,74.42,0.8986,2,1,-1
458,11,1735.54,501.18,82.99,106.32,0.9299,2,1,-1
458,12,1329.25,470.06,44.45,89.51,0.9200,2,1,-1
458,26,1433.27,497.61,64.11,107.01,0.9372,3,0,-1
458,49,1515.35,446.21,49.21,74.99,0.9179,2,2,-1
458,65,759.66,432.42,46.52,92.65,0.9306,2,1,-1
458,91,161.62,490.60,61.65,104.04,0.9418,2,2,-1
458,97,119.18,463.03,41.46,93.06,0.9170,2,1,-1
458,107,1111.15,535.29,81.93,112.74,0.9338,2,2,-1
459,1,454.24,597.00,69.99,131.77,0.9344,2,2,-1
459,2,577.92,602.84,74.92,125.81,0.9274,2,1,-1
459,6,1442.60,421.85,40.65,74.00,0.9155,2,1,-1
459,11,1738.02,503.00,66.16,104.01,0.9242,2,1,-1
459,12,1340.59,467.66,41.39,83.65,0.9090,2,1,-1
459,26,1424.18,497.65,72.32,106.87,0.9339,3,0,-1
459,49,1519.83,446.94,49.36,73.80,0.9117,2,2,-1
459,65,762.43,433.60,46.98,91.75,0.9349,2,1,-1
459,91,158.53,491.48,69.04,103.57,0.9349,2,2,-1
459,97,121.53,463.08,42.41,92.07,0.9184,2,1,-1
459,106,113.72,408.01,31.87,68.84,0.6077,3,0,-1
459,107,1110.64,537.20,80.95,112.38,0.9170,2,2,-1
459,109,1888.12,583.93,30.13,135.36,0.8948,2,-1,-1
460,1,445.64,595.82,80.03,128.44,0.9224,2,2,-1
460,2,567.26,601.96,80.78,115.30,0.8723,2,1,-1
460,6,1439.53,420.99,46.17,73.96,0.9118,2,1,-1
460,11,1732.03,502.74,61.46,104.06,0.8736,2,1,-1
460,12,1350.78,466.99,40.20,83.84,0.8986,2,1,-1
460,26,1419.14,499.27,73.18,108.67,0.9275,3,0,-1
460,49,1523.59,447.32,50.59,73.01,0.8915,2,2,-1
460,65,767.48,436.71,42.93,91.05,0.9272,2,1,-1
460,91,156.17,492.26,69.22,103.67,0.9161,2,2,-1
460,97,124.33,463.54,40.77,91.14,0.9189,2,1,-1
460,106,120.61,409.70,30.81,66.76,0.6081,3,0,-1
460,107,1109.07,539.80,70.32,112.27,0.9111,2,2,-1
460,109,1875.27,584.03,42.79,134.12,0.9280,2,-1,-1
461,1,430.76,596.20,88.58,127.76,0.8717,2,2,-1
461,2,543.54,602.22,76.02,116.90,0.8847,2,1,-1
461,6,1439.32,420.39,48.04,74.71,0.9110,2,1,-1
461,11,1724.54,502.15,50.63,104.22,0.9215,2,1,-1
461,12,1357.22,468.77,41.05,83.23,0.8634,2,1,-1
461,26,1420.94,501.12,64.37,110.79,0.9257,3,0,-1
461,49,1525.01,450.50,48.90,69.22,0.8893,2,2,-1
461,65,772.53,437.72,35.79,89.82,0.9081,2,1,-1
461,91,153.14,494.75,61.93,101.52,0.8971,2,2,-1
461,97,123.17,463.25,40.02,91.85,0.8921,2,1,-1
461,107,1109.38,540.24,60.45,111.03,0.9043,2,2,-1
461,109,1867.90,585.96,50.65,135.20,0.9263,2,-1,-1
462,1,415.85,596.85,96.93,131.13,0.8835,2,2,-1
462,2,540.85,602.83,81.53,121.04,0.9279,2,1,-1
462,6,1440.49,422.78,45.30,71.86,0.8915,2,1,-1
462,11,1718.39,499.02,55.79,108.10,0.9198,2,1,-1
462,12,1361.80,468.49,44.99,85.22,0.8935,2,1,-1
462,26,1422.16,503.41,49.02,108.40,0.9157,3,0,-1
462,49,1525.33,453.04,46.52,66.05,0.8783,2,2,-1
462,65,774.56,449.73,30.22,77.90,0.9050,2,1,-1
462,91,149.64,495.68,54.45,100.47,0.9166,2,2,-1
462,97,120.87,465.05,40.43,89.13,0.8421,2,1,-1
462,106,125.93,409.47,31.68,68.92,0.5459,3,0,-1
462,107,1108.63,539.98,45.56,111.12,0.9262,2,2,-1
462,109,1872.13,589.24,46.63,131.42,0.9001,2,1,-1
463,1,414.07,598.71,87.93,129.70,0.8810,2,2,-1
463,2,535.69,603.10,64.82,118.11,0.9202,2,1,-1
463,6,1441.50,423.71,41.35,70.88,0.8197,2,1,-1
463,11,1711.17,498.05,62.70,107.89,0.9391,2,1,-1
463,12,1364.53,469.89,49.44,82.39,0.8974,2,1,-1
463,26,1413.39,504.87,40.43,107.11,0.9048,3,0,-1
463,49,1526.36,451.59,44.51,67.71,0.8942,2,2,-1
463,65,775.66,442.14,36.13,84.41,0.9113,2,1,-1
463,91,149.71,495.43,53.81,100.18,0.9214,2,2,-1
463,97,116.46,465.20,44.80,87.44,0.8745,2,1,-1
463,106,129.40,410.51,30.07,67.58,0.7151,3,0,-1
463,107,1099.96,537.56,53.20,112.53,0.9324,2,2,-1
463,109,1864.88,589.24,41.38,131.57,0.8733,2,1,-1
464,1,396.91,598.98,63.00,128.23,0.9090,2,2,-1
464,2,524.22,598.82,57.23,122.69,0.8867,2,1,-1
464,6,1442.11,426.40,34.77,68.65,0.8350,2,1,-1
464,11,1701.85,497.97,67.78,101.76,0.9389,2,1,-1
464,12,1368.10,469.19,50.61,78.13,0.8853,2,1,-1
464,26,1407.99,504.96,46.11,105.70,0.9183,3,0,-1
464,49,1527.47,449.95,46.11,69.00,0.8948,2,2,-1
464,65,774.75,444.44,41.04,83.02,0.9287,2,1,-1
464,91,146.88,494.65,62.67,99.95,0.9369,2,2,-1
464,107,1094.14,536.21,59.28,110.44,0.9275,2,2,-1
464,109,1858.00,587.73,45.45,132.67,0.9207,2,1,-1
465,1,394.54,597.35,64.16,129.05,0.9101,2,2,-1
465,2,512.20,600.64,66.23,119.56,0.9332,2,1,-1
465,6,1440.23,424.60,31.90,70.39,0.8459,2,1,-1
465,9,1394.42,508.45,61.87,101.10,0.9247,2,2,-1
465,11,1686.78,498.00,78.60,101.66,0.9327,2,1,-1
465,49,1527.82,450.19,48.33,69.28,0.9152,2,2,-1
465,65,770.01,438.23,50.19,89.57,0.9288,2,1,-1
465,91,140.22,493.87,72.54,99.88,0.9367,2,2,-1
465,107,1085.52,535.24,69.11,109.94,0.9395,2,2,-1
465,109,1844.47,585.31,57.53,133.40,0.9323,2,1,-1
466,1,387.13,594.91,73.64,132.75,0.9452,2,2,-1
466,2,497.51,600.98,79.47,112.69,0.9348,2,1,-1
466,6,1441.87,438.84,29.40,56.67,0.8628,2,1,-1
466,9,1389.20,507.37,66.71,100.69,0.9196,2,2,-1
466,11,1681.19,498.80,75.84,102.04,0.9300,2,1,-1
466,49,1529.25,451.39,48.58,67.93,0.9119,2,2,-1
466,65,770.23,440.15,51.59,86.98,0.9296,2,1,-1
466,91,134.56,494.72,75.41,99.88,0.9235,2,2,-1
466,107,1075.00,535.24,78.48,110.56,0.9295,2,2,-1
466,109,1838.41,582.98,64.06,134.53,0.9302,2,1,-1
466,112,1890.29,454.80,28.88,96.88,0.9119,2,-1,-1
467,1,381.30,595.12,81.09,128.80,0.9335,2,2,-1
467,2,487.92,600.60,84.00,109.16,0.9053,2,1,-1
467,6,1441.67,439.67,34.51,55.56,0.8853,2,1,-1
467,9,1378.30,503.02,77.20,104.60,0.9206,2,2,-1
467,11,1682.13,502.37,64.24,98.53,0.9212,2,1,-1
467,49,1532.09,450.29,49.79,70.41,0.9080,2,2,-1
467,65,775.25,438.42,48.06,89.11,0.9282,2,1,-1
467,91,134.58,494.51,70.35,102.42,0.9116,2,2,-1
467,107,1071.61,536.59,79.81,112.12,0.9033,2,2,-1
467,109,1828.78,581.57,74.78,134.28,0.9413,2,1,-1
467,112,1887.89,454.07,31.43,94.06,0.9187,2,-1,-1
468,1,377.18,594.53,83.82,126.34,0.8554,2,2,-1
468,2,476.86,601.30,84.90,114.94,0.9190,2,1,-1
468,6,1444.23,441.85,37.20,52.59,0.8581,2,1,-1
468,9,1373.79,503.43,80.80,108.08,0.8963,2,2,-1
468,11,1678.81,502.72,56.20,97.76,0.8972,2,1,-1
468,49,1535.42,450.01,48.12,70.26,0.9102,2,2,-1
468,65,780.89,445.66,41.37,82.13,0.9238,2,1,-1
468,91,138.15,498.30,54.83,98.27,0.9077,2,2,-1
468,107,1073.03,538.32,72.16,111.04,0.9008,2,2,-1
468,109,1816.24,581.67,87.11,130.44,0.9431,2,1,-1
468,112,1884.69,454.05,34.72,97.19,0.9094,2,-1,-1
469,1,359.05,595.57,96.87,127.74,0.8910,2,2,-1
469,2,470.55,600.64,74.29,114.19,0.8570,2,1,-1
469,6,1443.23,425.19,46.00,66.57,0.8887,2,1,-1
469,9,1377.53,505.86,72.93,108.52,0.9188,2,2,-1
469,11,1676.97,501.61,46.35,98.35,0.9199,2,1,-1
469,49,1539.30,453.84,45.63,66.60,0.8834,2,2,-1
469,65,787.38,446.78,36.64,80.35,0.8623,2,1,-1
469,91,145.19,495.58,52.14,100.26,0.9118,2,2,-1
469,107,1077.70,539.65,60.28,107.80,0.9188,2,2,-1
469,109,1812.76,582.63,90.25,129.33,0.9400,2,1,-1
469,112,1879.51,454.49,39.41,97.06,0.9148,2,1,-1
470,1,355.59,597.23,85.62,116.40,0.5231,2,2,-1
470,2,459.58,600.32,64.82,113.38,0.8826,2,1,-1
470,11,1675.62,498.97,52.41,100.34,0.9301,2,1,-1
470,12,1433.32,451.19,49.21,93.20,0.8777,2,1,-1
470,26,1389.82,508.99,51.19,105.26,0.9192,3,0,-1
470,49,1544.75,453.48,42.62,66.26,0.8707,2,2,-1
470,65,798.59,449.67,33.82,77.48,0.9128,2,1,-1
470,91,150.78,494.69,55.55,100.08,0.9129,2,2,-1
470,107,1072.47,539.35,52.09,108.36,0.9161,2,2,-1
470,109,1820.05,584.95,83.28,128.34,0.9207,2,1,-1
470,112,1881.13,456.25,38.93,96.15,0.9102,2,1,-1
471,1,370.68,597.28,73.79,127.09,0.8926,2,2,-1
471,2,450.09,597.64,78.07,117.32,0.9257,2,1,-1
471,11,1676.02,498.29,60.44,99.26,0.9359,2,1,-1
471,12,1452.15,463.94,42.77,81.01,0.8692,2,1,-1
471,26,1387.42,510.07,46.22,104.34,0.8887,3,0,-1
471,49,1540.17,416.58,39.60,72.33,0.8254,2,2,-1
471,65,805.92,442.72,39.22,83.67,0.9225,2,1,-1
471,91,147.07,493.99,65.61,94.90,0.9247,2,2,-1
471,107,1077.11,537.52,53.62,109.08,0.9276,2,2,-1
471,109,1830.08,585.89,69.33,128.08,0.9237,2,1,-1
471,112,1884.19,460.29,36.42,94.89,0.9067,2,1,-1
472,1,374.12,595.99,56.85,126.27,0.9118,2,2,-1
472,2,449.26,596.20,87.53,110.51,0.9144,2,1,-1
472,11,1678.72,498.75,67.72,96.14,0.9391,2,1,-1
472,12,1468.13,463.41,44.31,81.79,0.8658,2,1,-1
472,26,1391.40,510.50,47.66,103.82,0.9138,3,0,-1
472,65,813.13,440.51,45.12,86.23,0.9245,2,1,-1
472,91,149.24,496.34,71.16,92.01,0.9019,2,2,-1
472,97,160.81,463.77,31.65,57.43,0.8309,2,1,-1
472,104,1568.44,453.59,36.97,65.99,0.8816,2,2,-1
472,107,1086.02,536.28,56.78,108.48,0.9353,2,2,-1
472,109,1835.25,587.07,58.78,127.47,0.9198,2,1,-1
472,112,1893.70,464.57,29.29,92.00,0.8760,2,1,-1
473,1,376.96,593.63,63.04,127.98,0.9190,2,2,-1
473,2,445.67,595.84,91.36,106.67,0.9028,2,1,-1
473,11,1677.71,499.41,77.65,96.89,0.9294,2,1,-1
473,12,1486.71,469.10,43.24,76.09,0.8841,2,1,-1
473,26,1394.59,509.56,55.99,104.11,0.9223,3,0,-1
473,65,821.98,440.61,50.02,84.55,0.9222,2,1,-1
473,91,157.16,493.18,74.23,96.78,0.8674,2,2,-1
473,97,174.37,465.74,30.49,50.75,0.8252,2,1,-1
473,104,1580.46,452.52,41.10,67.22,0.8980,2,2,-1
473,107,1091.23,535.64,63.02,107.03,0.9387,2,2,-1
473,109,1839.09,585.56,51.83,128.55,0.9269,2,1,-1
473,112,1899.35,461.60,28.02,97.37,0.7099,2,1,-1
474,1,380.75,592.20,75.29,127.61,0.9219,2,2,-1
474,2,451.04,596.09,91.81,109.44,0.9139,2,1,-1
474,11,1685.11,500.69,79.77,96.59,0.9158,2,1,-1
474,12,1500.10,461.13,47.28,83.78,0.8947,2,1,-1
474,26,1400.44,509.35,64.11,103.48,0.9297,3,0,-1
474,65,837.52,440.64,48.49,85.18,0.9097,2,1,-1
474,91,174.01,494.76,67.00,96.43,0.8662,2,2,-1
474,97,187.50,466.48,30.08,48.25,0.7344,2,1,-1
474,104,1592.52,453.45,45.35,67.19,0.9099,2,2,-1
474,107,1092.73,535.40,74.13,106.82,0.9412,2,2,-1
474,109,1848.12,584.55,59.25,129.81,0.9194,2,1,-1
475,1,386.22,591.63,78.53,120.00,0.8835,2,2,-1
475,2,459.30,595.79,72.04,108.81,0.9211,2,1,-1
475,11,1699.48,502.31,70.76,97.01,0.9113,2,1,-1
475,12,1518.32,464.10,48.26,78.28,0.8794,2,1,-1
475,26,1404.97,509.09,72.46,104.22,0.9293,3,0,-1
475,65,853.75,451.59,41.52,75.01,0.8143,2,1,-1
475,97,198.27,466.80,35.23,55.00,0.8341,2,1,-1
475,104,1606.17,454.14,47.79,67.36,0.8987,2,2,-1
475,107,1100.54,536.34,76.02,107.11,0.9278,2,2,-1
475,109,1856.65,583.12,62.80,130.09,0.9321,2,1,-1
476,1,375.74,591.71,73.09,127.17,0.9000,2,2,-1
476,2,466.42,595.81,55.39,108.92,0.8877,2,1,-1
476,11,1712.16,504.10,62.70,94.45,0.8768,2,1,-1
476,12,1541.77,467.67,45.22,70.82,0.8579,2,1,-1
476,26,1409.00,509.96,78.74,106.65,0.9313,3,0,-1
476,65,870.73,464.41,33.82,63.07,0.7859,2,1,-1
476,91,202.48,494.47,54.84,92.04,0.8514,2,2,-1
476,97,225.19,420.69,37.13,61.27,0.6813,2,1,-1
476,104,1623.80,455.82,46.15,66.97,0.8908,2,2,-1
476,107,1117.57,538.63,68.19,106.65,0.9260,2,2,-1
476,109,1866.30,583.67,55.33,129.09,0.9217,2,1,-1
477,1,398.15,593.55,79.12,126.82,0.8675,2,2,-1
477,2,475.21,593.60,55.39,111.58,0.9119,2,1,-1
477,11,1722.98,503.70,52.30,95.97,0.9022,2,1,-1
477,12,1561.29,461.99,43.83,74.37,0.8539,2,1,-1
477,26,1420.85,511.98,75.85,107.16,0.9210,3,0,-1
477,65,885.19,445.10,38.03,81.79,0.8805,2,1,-1
477,91,214.50,494.59,57.42,90.85,0.8791,2,2,-1
477,104,1642.33,457.42,42.59,66.47,0.8364,2,2,-1
477,107,1136.03,540.42,56.10,105.11,0.9146,2,2,-1
477,109,1870.83,584.82,50.39,128.69,0.9166,2,1,-1
478,1,406.88,594.50,73.71,124.69,0.9043,2,2,-1
478,2,480.91,591.26,67.08,112.86,0.9341,2,1,-1
478,11,1736.76,502.01,53.87,97.87,0.9156,2,1,-1
478,12,1583.32,462.34,43.12,76.96,0.8819,2,1,-1
478,26,1438.81,514.42,65.27,104.34,0.9114,3,0,-1
478,49,1649.34,424.66,30.49,55.68,0.5518,2,2,-1
478,65,903.05,447.15,40.42,79.41,0.8982,2,1,-1
478,91,222.28,497.21,67.52,87.74,0.9225,2,2,-1
478,104,1661.35,458.40,37.51,66.91,0.8707,2,2,-1
478,107,1147.93,540.25,45.73,104.64,0.8960,2,2,-1
478,109,1879.31,586.52,44.34,129.85,0.8715,2,1,-1
479,1,411.58,593.36,64.24,125.14,0.8937,2,2,-1
479,2,485.58,590.56,76.44,107.46,0.9040,2,1,-1
479,11,1750.14,501.03,59.02,96.76,0.9294,2,1,-1
479,12,1606.49,463.03,42.54,76.73,0.8897,2,1,-1
479,26,1457.30,516.09,50.40,103.75,0.9178,3,0,-1
479,65,916.93,441.87,47.83,84.84,0.9301,2,1,-1
479,91,234.10,497.16,70.49,86.00,0.9179,2,2,-1
479,104,1680.57,458.04,32.44,66.64,0.8934,2,2,-1
479,107,1160.50,537.81,45.70,107.20,0.9182,2,2,-1
479,118,-2.51,554.31,67.81,112.74,0.8431,2,-1,-1
480,1,423.69,590.25,63.01,126.49,0.9217,2,2,-1
480,2,484.77,590.06,83.48,111.19,0.9068,2,1,-1
480,11,1761.90,499.38,65.73,97.25,0.9384,2,1,-1
480,12,1626.49,463.30,42.57,77.38,0.9008,2,1,-1
480,26,1466.02,516.65,42.34,102.93,0.9197,3,0,-1
480,65,931.28,442.45,51.23,82.24,0.9135,2,1,-1
480,91,252.59,501.04,67.35,81.97,0.8987,2,2,-1
480,104,1698.86,457.47,34.86,67.56,0.8968,2,2,-1
480,107,1171.38,536.01,50.90,107.23,0.9288,2,2,-1
480,118,1.17,555.24,71.75,110.21,0.9036,2,-1,-1
481,1,434.67,589.24,66.16,124.07,0.9129,2,2,-1
481,2,496.75,590.57,68.85,94.49,0.8458,2,1,-1
481,11,1767.59,499.64,75.97,98.68,0.9306,2,1,-1
481,12,1643.59,463.30,47.64,77.80,0.9095,2,1,-1
481,26,1475.64,515.83,48.16,101.09,0.9115,3,0,-1
481,65,943.08,448.70,54.65,78.85,0.9074,2,1,-1
481,91,277.09,499.02,57.72,83.85,0.9041,2,2,-1
481,104,1718.21,458.08,37.25,66.24,0.8775,2,2,-1
481,107,1181.22,535.45,58.44,106.07,0.9381,2,2,-1
481,118,13.38,553.39,67.12,111.53,0.9207,2,-1,-1
482,1,441.80,588.47,71.39,126.64,0.9062,2,2,-1
482,11,1776.36,501.39,79.58,98.85,0.9250,2,1,-1
482,12,1660.94,462.18,51.26,76.97,0.9106,2,1,-1
482,26,1483.59,515.35,59.83,106.05,0.9368,3,0,-1
482,65,959.18,445.48,53.78,82.51,0.8504,2,1,-1
482,91,300.95,497.45,52.69,85.21,0.9003,2,2,-1
482,97,331.19,417.20,32.04,54.93,0.6714,2,1,-1
482,104,1733.70,458.25,42.95,67.71,0.9010,2,2,-1
482,107,1185.07,534.88,69.44,105.67,0.9435,2,2,-1
482,118,19.79,552.49,62.44,108.99,0.9189,2,1,-1
483,1,432.47,588.44,67.42,125.25,0.9040,2,2,-1
483,11,1794.25,503.01,72.29,98.74,0.9227,2,1,-1
483,12,1676.93,461.05,57.03,78.77,0.9050,2,1,-1
483,26,1489.79,515.00,71.42,104.78,0.9348,3,0,-1
483,65,975.47,444.79,47.01,74.38,0.7589,2,1,-1
483,91,319.18,495.92,47.82,83.68,0.8998,2,2,-1
483,104,1749.62,456.94,48.52,68.63,0.8940,2,2,-1
483,107,1195.21,535.54,72.68,105.15,0.9347,2,2,-1
483,118,42.77,549.70,51.83,107.95,0.9262,2,1,-1
484,1,451.25,589.77,54.15,120.08,0.9037,2,2,-1
484,11,1817.86,530.52,52.57,71.26,0.8020,2,1,-1
484,12,1700.69,460.34,56.34,78.40,0.8829,2,1,-1
484,26,1494.52,515.43,81.91,105.99,0.9393,3,0,-1
484,65,988.26,445.52,39.98,70.14,0.7301,2,1,-1
484,91,328.35,495.47,54.05,82.60,0.9016,2,2,-1
484,104,1767.96,457.75,51.82,70.14,0.8990,2,2,-1
484,107,1210.60,536.57,67.79,107.02,0.9186,2,2,-1
484,118,61.93,546.90,52.03,109.49,0.9330,2,1,-1
485,1,467.36,592.08,40.41,95.47,0.8857,2,2,-1
485,11,1827.06,504.03,53.03,98.36,0.8980,2,1,-1
485,12,1722.15,461.56,50.34,74.95,0.8942,2,1,-1
485,26,1505.99,516.82,82.10,107.57,0.9163,3,0,-1
485,65,1007.97,461.92,35.92,63.41,0.8723,2,1,-1
485,91,340.84,494.48,58.26,77.15,0.9100,2,2,-1
485,104,1785.84,459.34,49.61,70.31,0.8770,2,2,-1
485,107,1229.29,539.05,56.43,105.36,0.9002,2,2,-1
485,118,71.18,546.09,62.17,111.40,0.9323,2,1,-1
485,121,513.85,585.40,64.56,102.26,0.9123,2,-1,-1
486,1,477.46,592.20,37.46,94.48,0.8618,2,2,-1
486,11,1842.76,509.62,46.69,93.06,0.9251,2,1,-1
486,12,1744.13,462.73,46.71,74.26,0.8939,2,1,-1
486,26,1519.96,519.08,78.15,107.82,0.9192,3,0,-1
486,65,1022.92,458.29,42.62,67.38,0.8960,2,1,-1
486,91,355.96,495.23,60.63,78.19,0.9039,2,2,-1
486,104,1806.31,461.42,45.70,71.78,0.8792,2,2,-1
486,107,1242.14,539.60,45.41,104.16,0.9061,2,2,-1
486,118,76.72,546.40,74.44,109.38,0.9375,2,1,-1
486,121,516.67,584.55,61.03,91.86,0.9024,2,-1,-1
487,1,484.48,589.73,43.02,116.67,0.8623,2,2,-1
487,11,1857.56,506.76,53.23,91.94,0.9222,2,1,-1
487,12,1767.62,464.59,42.71,73.38,0.8820,2,1,-1
487,26,1540.89,521.05,64.81,105.36,0.9121,3,0,-1
487,65,1032.68,442.81,53.00,81.57,0.9012,2,1,-1
487,91,377.42,495.42,60.39,76.18,0.9098,2,2,-1
487,104,1828.20,459.23,40.55,73.92,0.8626,2,2,-1
487,107,1256.47,537.90,44.20,105.74,0.9249,2,2,-1
487,118,90.47,547.30,74.90,107.78,0.9346,2,1,-1
487,121,521.29,584.82,64.94,97.44,0.8910,2,-1,-1
488,1,492.21,587.09,44.74,121.54,0.8766,2,2,-1
488,11,1869.46,507.73,51.18,92.34,0.9120,2,1,-1
488,12,1789.58,466.39,42.00,72.76,0.8848,2,1,-1
488,26,1553.78,521.79,56.34,105.19,0.9117,3,0,-1
488,65,1047.06,452.38,54.83,71.90,0.9110,2,1,-1
488,91,398.21,495.00,57.07,76.50,0.8953,2,2,-1
488,104,1853.35,462.60,36.25,69.15,0.8017,2,2,-1
488,107,1271.55,535.26,46.52,107.68,0.9284,2,2,-1
488,118,109.64,548.31,67.24,106.54,0.9408,2,1,-1
488,121,531.40,585.52,57.66,89.46,0.9213,2,1,-1
489,1,501.17,585.13,59.76,126.65,0.8975,2,2,-1
489,11,1877.88,504.79,44.49,95.83,0.9103,2,1,-1
489,12,1812.42,465.00,43.48,74.65,0.8977,2,1,-1
489,26,1565.44,521.32,49.43,107.12,0.8998,3,0,-1
489,65,1062.85,445.13,59.13,81.63,0.8188,2,1,-1
489,91,419.75,494.23,54.80,75.10,0.8982,2,2,-1
489,107,1281.57,534.58,54.80,106.76,0.9370,2,2,-1
489,118,132.20,548.32,55.63,105.39,0.9141,2,1,-1
490,1,512.62,583.77,65.32,123.34,0.8470,2,2,-1
490,11,1886.06,508.34,39.38,92.97,0.7959,2,1,-1
490,12,1833.94,463.03,46.62,76.67,0.9051,2,1,-1
490,26,1578.79,519.97,54.06,105.54,0.9154,3,0,-1
490,65,1083.62,455.22,47.65,71.17,0.8841,2,1,-1
490,91,435.60,493.19,59.17,72.69,0.9183,2,2,-1
490,107,1289.28,534.98,63.25,103.43,0.9356,2,2,-1
490,118,151.28,547.08,48.92,103.72,0.9138,2,1,-1
490,123,478.37,461.49,26.58,61.44,0.7120,2,-1,-1
491,1,550.49,580.26,52.39,108.92,0.9001,2,2,-1
491,12,1851.52,462.69,52.94,76.61,0.9202,2,1,-1
491,26,1590.29,519.47,61.99,106.99,0.9321,3,0,-1
491,65,1102.03,459.87,41.26,66.66,0.8499,2,1,-1
491,91,454.80,490.33,63.31,73.48,0.9173,2,2,-1
491,107,1300.77,535.67,66.96,103.84,0.9346,2,2,-1
491,118,168.07,545.12,43.98,105.76,0.9156,2,1,-1
492,1,509.52,585.07,59.39,126.09,0.8994,2,2,-1
492,12,1869.21,462.45,50.86,76.43,0.9161,2,1,-1
492,26,1598.82,519.37,72.41,107.92,0.9383,3,0,-1
492,65,1117.30,462.58,34.55,63.55,0.8419,2,1,-1
492,91,474.73,492.57,64.29,72.19,0.9173,2,2,-1
492,107,1317.18,538.00,61.53,104.15,0.9120,2,2,-1
492,118,186.13,543.20,43.84,106.43,0.9295,2,1,-1
493,12,1883.67,462.04,40.90,76.47,0.8857,2,1,-1
493,26,1602.27,520.84,83.06,109.38,0.9397,3,0,-1
493,65,1133.08,457.20,35.51,68.41,0.9180,2,1,-1
493,91,496.78,492.70,62.15,72.55,0.9129,2,2,-1
493,107,1337.27,539.54,51.95,102.54,0.8860,2,2,-1
493,118,196.35,540.88,53.80,108.91,0.9297,2,1,-1
493,124,505.12,414.08,31.38,69.53,0.7603,2,-1,-1
494,1,538.59,586.96,56.02,123.72,0.8913,2,2,-1
494,26,1612.12,522.78,82.80,110.67,0.9302,3,0,-1
494,65,1147.02,451.77,40.45,74.53,0.9147,2,1,-1
494,91,518.87,491.62,60.31,73.52,0.9152,2,2,-1
494,107,1354.19,539.17,41.48,102.42,0.9065,2,2,-1
494,118,208.19,540.29,61.64,108.70,0.9368,2,1,-1
494,127,571.17,460.83,30.83,67.93,0.8191,2,-1,-1
495,1,545.18,580.97,54.35,129.13,0.8664,2,2,-1
495,26,1626.97,525.11,75.47,109.45,0.9103,3,0,-1
495,65,1156.23,455.82,47.76,69.70,0.9243,2,1,-1
495,91,541.91,490.33,59.65,73.79,0.9228,2,2,-1
495,107,1367.25,536.05,39.18,105.61,0.9170,2,2,-1
495,118,216.98,540.14,68.68,107.05,0.9390,2,1,-1
495,127,589.99,459.72,33.20,68.60,0.8625,2,-1,-1
496,1,557.16,579.39,55.31,129.17,0.9077,2,2,-1
496,26,1643.91,526.49,55.73,108.21,0.9000,3,0,-1
496,65,1163.71,455.62,57.27,68.42,0.9223,2,1,-1
496,91,564.27,490.58,56.62,65.92,0.9087,2,2,-1
496,107,1380.32,534.15,42.07,107.10,0.9229,2,2,-1
496,118,233.58,541.46,64.20,105.96,0.9412,2,1,-1
496,127,610.51,456.90,34.61,67.79,0.8465,2,-1,-1
497,1,558.78,577.77,59.86,130.32,0.9371,2,2,-1
497,26,1664.54,526.93,47.09,108.83,0.8934,3,0,-1
497,65,1174.73,454.94,59.72,69.56,0.9198,2,1,-1
497,91,586.51,488.77,52.59,61.89,0.8873,2,2,-1
497,107,1387.51,532.52,52.18,107.77,0.9342,2,2,-1
497,118,253.45,541.93,54.10,103.95,0.9347,2,1,-1
497,127,626.35,453.26,37.60,72.96,0.8589,2,1,-1
498,1,555.42,575.73,70.39,129.67,0.9382,2,2,-1
498,26,1672.26,525.79,41.45,108.95,0.9246,3,0,-1
498,65,1189.49,455.08,53.45,70.44,0.9179,2,1,-1
498,91,603.12,484.88,55.36,68.21,0.9090,2,2,-1
498,107,1391.51,532.30,63.23,105.00,0.9357,2,2,-1
498,118,268.18,541.81,46.35,103.51,0.9324,2,1,-1
498,127,643.63,450.07,39.63,77.78,0.8341,2,1,-1
499,1,557.90,575.47,73.64,128.92,0.9381,2,2,-1
499,26,1681.47,524.65,45.88,111.06,0.9263,3,0,-1
499,65,1205.21,457.60,44.05,67.86,0.9021,2,1,-1
499,91,618.22,483.33,60.37,70.92,0.9097,2,2,-1
499,97,668.41,447.67,32.82,64.21,0.8378,2,1,-1
499,107,1400.78,532.23,68.61,103.83,0.9438,2,2,-1
499,118,282.70,540.79,43.04,103.20,0.9269,2,1,-1
499,124,579.74,412.92,30.89,68.68,0.7165,2,-1,-1
500,1,564.53,580.02,68.63,123.66,0.8664,2,2,-1
500,26,1683.90,525.20,56.33,111.04,0.9265,3,0,-1
500,65,1217.06,454.24,37.21,70.67,0.8736,2,1,-1
500,91,634.34,484.30,61.38,69.79,0.9146,2,2,-1
500,97,687.23,445.79,32.48,65.30,0.8665,2,1,-1
500,107,1414.16,533.58,66.68,105.17,0.9300,2,2,-1
500,118,294.94,539.66,42.60,101.17,0.9255,2,1,-1
500,124,587.00,412.42,33.95,68.89,0.8020,2,-1,-1
501,1,577.92,583.69,55.64,121.64,0.8869,2,2,-1
501,26,1683.28,527.39,66.77,109.64,0.9289,3,0,-1
501,65,1230.68,452.54,32.62,71.43,0.8957,2,1,-1
501,91,652.74,481.25,63.36,70.89,0.9123,2,2,-1
501,97,705.51,445.00,30.45,60.20,0.8624,2,1,-1
501,107,1430.98,535.74,57.52,103.50,0.9190,2,2,-1
501,118,305.25,539.05,43.80,103.30,0.9356,2,1,-1
501,124,594.86,412.58,34.41,68.41,0.5728,3,0,-1
502,1,580.18,581.75,50.88,123.15,0.8957,2,2,-1
502,26,1686.92,528.80,69.56,108.71,0.9312,3,0,-1
502,65,1240.22,450.45,34.83,74.40,0.9095,2,1,-1
502,91,670.60,478.93,64.91,72.61,0.9087,2,2,-1
502,97,720.61,444.40,31.68,61.85,0.6996,2,1,-1
502,107,1442.79,535.24,47.61,104.30,0.9209,2,2,-1
502,118,311.98,538.99,45.99,103.72,0.9244,2,1,-1
503,1,582.03,579.28,49.65,125.74,0.9047,2,2,-1
503,26,1696.96,531.40,60.94,106.67,0.9336,3,0,-1
503,65,1240.93,443.38,43.65,81.08,0.9234,2,1,-1
503,91,690.17,480.15,60.88,67.27,0.9031,2,2,-1
503,97,737.33,444.82,31.14,63.17,0.7902,2,1,-1
503,107,1453.61,533.81,44.52,105.74,0.9218,2,2,-1
503,118,318.83,540.17,46.83,102.53,0.9341,2,1,-1
504,1,578.34,576.40,55.16,127.73,0.9228,2,2,-1
504,26,1708.11,532.73,48.29,106.46,0.9313,3,0,-1
504,65,1241.51,443.13,48.12,80.60,0.9261,2,1,-1
504,91,709.00,479.26,56.56,66.75,0.9159,2,2,-1
504,97,750.75,445.42,28.85,58.44,0.8260,2,1,-1
504,107,1462.14,531.04,42.78,108.58,0.9111,2,2,-1
504,118,321.44,541.37,48.01,101.62,0.9277,2,1,-1
504,124,618.48,411.97,32.43,67.91,0.8264,3,0,-1
505,1,572.78,575.10,59.22,123.63,0.9164,2,2,-1
505,26,1711.33,532.92,44.46,106.66,0.9272,3,0,-1
505,65,1243.79,442.95,45.71,81.32,0.9264,2,1,-1
505,91,725.03,478.82,51.25,67.56,0.9096,2,2,-1
505,107,1463.57,528.49,43.45,110.90,0.9135,2,2,-1
505,118,315.80,541.45,53.95,101.88,0.9288,2,1,-1
505,123,760.53,446.80,27.32,51.56,0.8423,2,-1,-1
505,124,619.03,412.65,32.31,67.02,0.5244,3,0,-1
506,1,558.28,574.81,66.52,121.60,0.9265,2,2,-1
506,26,1704.44,532.90,47.72,106.67,0.9311,3,0,-1
506,65,1247.91,447.79,38.05,76.44,0.9119,2,1,-1
506,91,732.07,476.68,52.85,70.11,0.9079,2,2,-1
506,97,767.92,447.28,31.14,54.72,0.7714,2,1,-1
506,107,1454.71,527.26,51.39,109.53,0.9229,2,2,-1
506,118,307.69,540.53,59.54,103.32,0.9381,2,1,-1
506,124,613.56,410.29,35.46,69.23,0.7773,3,0,-1
507,1,545.09,575.70,68.66,122.83,0.9345,2,2,-1
507,26,1688.64,532.19,58.35,108.50,0.9219,3,0,-1
507,65,1245.90,439.99,32.72,82.79,0.8880,2,1,-1
507,91,735.19,477.98,51.67,68.32,0.8960,2,2,-1
507,107,1448.34,526.52,53.61,105.74,0.9267,2,2,-1
507,118,298.91,539.62,64.17,105.08,0.9366,2,1,-1
507,124,609.49,411.56,36.25,67.92,0.8621,3,0,-1
507,0,800.50,494.86,12.80,13.53,1.0,0,-1,-1
508,1,494.57,578.48,61.04,107.72,0.9284,2,2,-1
508,26,1674.63,532.76,65.96,107.10,0.9322,3,0,-1
508,65,1242.41,438.91,28.48,84.79,0.9073,2,1,-1
508,91,737.46,476.23,56.38,68.13,0.9053,2,2,-1
508,107,1442.43,527.44,54.05,105.62,0.9248,2,2,-1
508,118,292.12,539.29,64.02,105.55,0.9400,2,1,-1
508,124,604.04,412.90,35.94,66.13,0.8037,3,0,-1
508,0,805.24,503.94,14.11,16.67,1.0,0,-1,-1
509,1,529.77,579.64,61.09,123.21,0.9185,2,2,-1
509,26,1666.32,534.39,66.54,105.48,0.9324,3,0,-1
509,65,1236.88,438.54,27.02,85.49,0.8964,2,1,-1
509,91,739.85,473.23,58.83,69.48,0.8929,2,2,-1
509,107,1438.70,528.31,50.21,105.13,0.9241,2,2,-1
509,118,286.37,538.93,61.84,107.73,0.9329,2,1,-1
509,124,598.24,412.19,36.46,67.49,0.6350,3,0,-1
509,0,809.69,501.97,13.73,17.31,1.0,0,-1,-1
510,1,523.42,579.44,54.85,123.08,0.9085,2,2,-1
510,26,1665.37,534.94,61.12,105.37,0.9332,3,0,-1
510,65,1229.81,442.42,27.02,80.19,0.9095,2,1,-1
510,91,746.07,471.68,56.12,69.07,0.8420,2,2,-1
510,107,1435.93,529.16,46.54,104.86,0.9044,2,2,-1
510,118,282.99,538.67,59.48,109.08,0.9392,2,1,-1
510,124,593.68,409.06,37.14,70.27,0.5721,3,0,-1
510,0,815.15,493.43,11.28,13.09,1.0,0,-1,-1
511,1,504.21,578.32,60.48,124.16,0.9157,2,2,-1
511,26,1664.73,535.36,54.31,105.63,0.9276,3,0,-1
511,65,1222.83,445.00,27.54,77.59,0.8728,2,1,-1
511,106,774.99,473.31,32.93,67.42,0.7777,3,0,-1
511,107,1430.25,529.05,42.09,104.58,0.9224,2,2,-1
511,118,280.29,537.90,56.49,109.58,0.9431,2,1,-1
511,124,589.56,407.52,36.82,71.65,0.5329,3,0,-1
511,128,452.00,580.02,61.22,102.03,0.9269,2,-1,-1
512,1,489.51,576.85,65.21,125.89,0.9197,2,2,-1
512,26,1651.80,535.04,59.12,106.83,0.9278,3,0,-1
512,65,1214.40,442.42,30.48,82.93,0.8558,2,1,-1
512,106,775.63,468.80,48.69,72.42,0.8506,3,0,-1
512,107,1424.20,528.01,41.19,106.47,0.9232,2,2,-1
512,118,277.95,536.92,52.37,111.05,0.9367,2,1,-1
512,124,586.33,407.38,34.49,70.07,0.6671,3,0,-1
512,128,433.15,582.16,67.42,103.16,0.9359,2,-1,-1
513,1,475.91,577.59,67.71,124.30,0.9213,2,2,-1
513,26,1637.49,534.87,66.61,107.32,0.9247,3,0,-1
513,65,1208.04,455.08,28.81,70.52,0.8849,2,1,-1
513,106,774.08,463.54,55.91,78.57,0.8694,3,0,-1
513,107,1418.61,526.00,39.93,108.19,0.9215,2,2,-1
513,118,273.11,536.37,49.40,112.86,0.9349,2,1,-1
513,124,579.87,406.89,34.54,71.92,0.8484,3,0,-1
513,128,415.97,584.89,69.04,100.67,0.9329,2,-1,-1
514,1,468.17,578.93,64.23,121.45,0.9190,2,2,-1
514,26,1627.74,534.62,71.14,108.68,0.9304,3,0,-1
514,65,1198.11,452.45,33.34,72.89,0.8772,2,1,-1
514,107,1408.89,523.99,42.88,110.62,0.9272,2,2,-1
514,118,268.03,536.17,47.21,114.49,0.9324,2,1,-1
514,124,571.56,406.36,36.56,73.65,0.7834,3,0,-1
514,127,759.23,448.39,42.73,76.15,0.8836,2,1,-1
514,128,412.42,586.81,57.51,86.04,0.8703,2,1,-1
515,1,461.68,579.09,59.37,122.12,0.9246,2,2,-1
515,26,1622.72,534.65,69.73,109.15,0.9340,3,0,-1
515,65,1191.56,447.46,34.14,78.33,0.8776,2,1,-1
515,106,780.67,460.22,57.67,77.06,0.8927,3,0,-1
515,107,1398.46,522.36,47.87,111.39,0.9296,2,2,-1
515,118,262.52,535.58,43.67,116.15,0.9279,2,1,-1
515,128,393.08,587.83,61.44,96.38,0.9244,2,1,-1
516,1,455.70,577.50,53.22,122.25,0.9183,2,2,-1
516,26,1616.09,535.77,70.12,108.50,0.9364,3,0,-1
516,65,1190.33,448.99,30.33,75.06,0.9031,2,1,-1
516,107,1392.33,522.32,50.92,108.91,0.9315,2,2,-1
516,118,256.82,536.21,40.58,116.10,0.9313,2,1,-1
516,124,558.67,406.93,37.90,74.38,0.6403,3,0,-1
516,127,762.42,445.77,44.19,77.65,0.9033,2,1,-1
516,128,364.90,588.53,72.72,100.88,0.9303,2,1,-1
517,1,446.43,574.48,50.98,125.70,0.9234,2,2,-1
517,26,1613.07,535.81,68.09,109.75,0.9350,3,0,-1
517,65,1185.18,450.56,29.58,74.76,0.8969,2,1,-1
517,107,1388.47,522.53,52.11,106.74,0.9370,2,2,-1
517,118,253.59,536.80,37.46,117.64,0.9160,2,1,-1
517,124,554.87,407.44,38.43,73.94,0.6350,3,0,-1
517,127,769.23,445.53,39.81,77.50,0.8845,2,1,-1
517,128,344.52,589.72,79.97,104.53,0.9380,2,1,-1
518,1,432.57,572.24,54.31,129.92,0.9217,2,2,-1
518,26,1612.79,535.79,62.85,110.39,0.9332,3,0,-1
518,65,1180.89,452.64,29.02,74.08,0.8982,2,1,-1
518,107,1386.30,524.60,50.62,106.60,0.9337,2,2,-1
518,118,247.86,538.51,35.54,116.51,0.8865,2,1,-1
518,124,548.04,408.49,39.75,73.38,0.7198,3,0,-1
518,127,772.61,447.81,37.38,75.72,0.9012,2,1,-1
518,128,338.07,591.08,74.44,104.08,0.9406,2,1,-1
519,1,416.76,570.57,60.18,131.45,0.9312,2,2,-1
519,26,1612.61,534.56,57.70,111.59,0.9332,3,0,-1
519,65,1175.35,453.02,28.76,74.11,0.8937,2,1,-1
519,107,1382.51,525.78,46.99,106.73,0.9314,2,2,-1
519,118,239.65,539.33,36.70,117.23,0.9076,2,1,-1
519,124,542.63,409.59,40.40,72.85,0.6002,3,0,-1
519,127,772.69,447.47,40.37,78.23,0.9219,2,1,-1
519,128,334.80,591.34,66.81,102.16,0.9223,2,1,-1
519,129,830.49,456.64,32.27,86.03,0.9070,2,-1,-1
520,1,404.91,570.74,62.65,129.67,0.9283,2,2,-1
520,26,1611.77,533.98,53.27,113.40,0.9252,3,0,-1
520,65,1168.66,452.66,30.17,75.10,0.8580,2,1,-1
520,107,1375.82,526.19,43.10,107.52,0.9232,2,2,-1
520,118,230.15,541.10,39.26,116.71,0.8972,2,1,-1
520,127,773.63,446.88,41.56,77.02,0.8988,2,1,-1
520,128,327.44,590.74,62.27,105.03,0.9353,2,1,-1
520,129,832.74,455.28,36.16,87.23,0.9061,2,-1,-1
521,1,394.22,571.68,63.17,127.68,0.9276,2,2,-1
521,26,1610.70,532.46,50.08,116.57,0.9236,3,0,-1
521,65,1158.51,451.69,35.59,78.70,0.9188,2,1,-1
521,107,1370.69,524.96,41.09,109.82,0.9189,2,2,-1
521,118,217.84,542.57,42.95,117.49,0.8844,2,1,-1
521,124,529.65,412.69,42.34,73.35,0.6413,3,0,-1
521,127,775.46,446.16,41.64,76.73,0.9308,2,1,-1
521,128,322.75,590.57,55.83,96.28,0.8827,2,1,-1
521,129,832.95,455.92,45.93,87.66,0.9257,2,-1,-1
522,1,388.51,573.73,58.64,127.78,0.9354,2,2,-1
522,26,1608.82,531.27,47.26,117.89,0.9306,3,0,-1
522,65,1150.99,451.36,39.41,80.63,0.9245,2,1,-1
522,107,1364.44,522.81,41.70,112.79,0.9176,2,2,-1
522,118,205.39,543.85,48.76,118.38,0.9168,2,1,-1
522,127,782.07,446.35,37.23,75.04,0.8657,2,1,-1
522,128,308.24,589.98,59.32,101.36,0.9231,2,1,-1
522,129,834.37,456.59,60.46,83.19,0.9331,2,2,-1
522,0,839.37,454.53,12.64,14.16,1.0,0,-1,-1
523,1,383.56,575.56,52.52,127.35,0.9283,2,2,-1
523,26,1603.14,530.23,46.74,121.45,0.9280,3,0,-1
523,65,1147.24,451.38,38.73,81.69,0.9201,2,1,-1
523,107,1357.40,521.83,42.92,113.33,0.9115,2,2,-1
523,118,194.92,545.88,52.00,118.90,0.9272,2,1,-1
523,127,791.74,446.02,31.22,75.88,0.8904,2,1,-1
523,128,294.18,591.16,63.18,104.96,0.9332,2,1,-1
523,129,836.98,457.36,66.65,84.47,0.9203,2,2,-1
523,130,1879.86,506.26,38.21,103.09,0.9261,2,-1,-1
523,0,839.82,455.66,12.74,14.12,1.0,0,-1,-1
524,1,376.71,575.04,48.75,128.92,0.9263,2,2,-1
524,26,1597.23,530.23,47.87,121.60,0.9216,3,0,-1
524,65,1144.17,450.43,35.76,82.99,0.9106,2,1,-1
524,107,1349.45,521.62,43.81,113.56,0.9167,2,2,-1
524,118,186.66,548.76,53.53,118.32,0.9357,2,1,-1
524,124,510.90,414.82,41.97,74.04,0.7842,3,0,-1
524,127,792.93,446.43,33.50,76.94,0.9128,2,1,-1
524,128,274.43,592.48,68.71,105.00,0.9320,2,1,-1
524,129,848.69,460.44,57.92,82.58,0.8926,2,2,-1
524,130,1860.88,503.77,55.83,109.61,0.9217,2,-1,-1
525,1,369.02,574.49,46.93,130.39,0.9181,2,2,-1
525,9,1852.72,736.96,58.19,142.07,0.9134,2,2,-1
525,26,1585.32,530.76,53.80,121.46,0.9262,3,0,-1
525,65,1140.60,450.70,33.11,83.59,0.9094,2,1,-1
525,107,1342.99,521.77,43.93,109.46,0.9150,2,2,-1
525,118,178.78,551.41,54.51,117.06,0.9294,2,1,-1
525,124,506.97,416.01,39.03,73.20,0.8741,3,0,-1
525,127,792.68,446.55,37.88,75.80,0.9188,2,1,-1
525,128,255.45,595.16,77.80,106.09,0.9418,2,1,-1
525,129,855.87,459.34,52.77,82.27,0.8118,2,2,-1
525,130,1843.07,505.92,71.94,109.81,0.9053,2,-1,-1
526,1,360.61,572.95,47.12,131.87,0.9153,2,2,-1
526,9,1832.90,741.57,65.36,172.76,0.8684,2,2,-1
526,26,1576.55,531.64,58.00,121.37,0.9257,3,0,-1
526,65,1136.12,450.40,28.89,85.20,0.8977,2,1,-1
526,106,793.32,446.86,51.26,73.34,0.9304,3,0,-1
526,107,1335.75,522.92,44.02,108.55,0.9318,2,2,-1
526,118,172.77,554.20,54.66,116.86,0.9282,2,1,-1
526,124,502.96,416.28,38.48,73.99,0.8945,3,0,-1
526,128,243.45,598.34,79.74,104.92,0.9393,2,1,-1
526,129,859.87,457.82,49.98,85.58,0.8114,2,2,-1
526,130,1829.51,508.61,75.17,109.23,0.9168,2,1,-1
527,1,349.93,571.80,49.06,132.25,0.9206,2,2,-1
527,9,1803.13,740.19,73.52,174.10,0.9029,2,2,-1
527,26,1568.15,533.45,60.31,121.40,0.9336,3,0,-1
527,65,1132.82,450.17,25.46,85.68,0.8876,2,1,-1
527,106,798.54,448.16,51.15,71.37,0.9209,3,0,-1
527,107,1329.38,526.08,42.26,106.41,0.9162,2,2,-1
527,118,167.39,554.20,55.06,118.18,0.9235,2,1,-1
527,124,499.37,415.16,39.34,76.01,0.8985,3,0,-1
527,128,233.46,600.15,80.96,106.37,0.9396,2,1,-1
527,129,863.03,454.31,47.82,89.70,0.9067,2,2,-1
527,130,1822.16,511.95,65.78,107.42,0.9110,2,1,-1
528,1,337.68,572.10,52.26,130.72,0.9218,2,2,-1
528,9,1782.26,740.29,78.04,173.23,0.9122,2,2,-1
528,26,1564.47,533.37,57.16,121.79,0.9330,3,0,-1
528,65,1125.59,449.44,25.35,86.93,0.8837,2,1,-1
528,106,806.08,449.93,44.26,72.22,0.9284,3,0,-1
528,107,1320.51,527.43,42.17,105.51,0.9199,2,2,-1
528,118,161.83,553.66,53.48,118.42,0.9223,2,1,-1
528,124,495.71,415.31,39.92,77.16,0.8330,3,0,-1
528,128,227.98,600.40,76.80,106.70,0.9382,2,1,-1
528,129,865.37,454.84,47.87,88.44,0.8905,2,2,-1
528,130,1802.59,512.39,52.65,106.41,0.8708,2,1,-1
529,1,327.91,573.21,53.35,128.16,0.9184,2,2,-1
529,9,1763.36,739.00,81.97,176.38,0.9275,2,2,-1
529,26,1559.68,534.94,54.66,120.53,0.9265,3,0,-1
529,65,1115.60,448.79,27.70,87.38,0.8966,2,1,-1
529,107,1311.07,527.25,40.42,106.18,0.9213,2,2,-1
529,118,157.42,552.51,53.11,119.74,0.9225,2,1,-1
529,124,493.14,415.63,39.11,76.95,0.8861,3,0,-1
529,127,812.30,451.21,32.07,71.41,0.9061,2,1,-1
529,128,222.05,598.98,74.31,108.68,0.9409,2,1,-1
529,129,867.25,455.61,51.40,85.00,0.9156,2,2,-1
529,130,1790.22,510.60,44.83,108.17,0.9166,2,1,-1
530,1,319.41,575.03,51.90,125.55,0.9131,2,2,-1
530,9,1745.40,738.35,84.70,173.60,0.9172,2,2,-1
530,11,1895.47,464.41,24.74,93.55,0.8928,2,1,-1
530,26,1553.87,535.39,53.02,120.19,0.9395,3,0,-1
530,65,1106.73,449.09,29.76,88.91,0.8990,2,1,-1
530,107,1302.03,525.92,39.50,107.58,0.9226,2,2,-1
530,118,152.74,551.85,52.50,121.73,0.9243,2,1,-1
530,124,488.70,416.66,39.02,76.31,0.6236,3,0,-1
530,127,810.55,451.88,31.50,71.49,0.8930,2,1,-1
530,128,216.69,595.94,72.72,111.93,0.9339,2,1,-1
530,129,868.29,457.11,55.19,82.59,0.9167,2,2,-1
530,130,1775.86,508.27,49.28,111.81,0.9153,2,1,-1
531,1,309.65,575.85,50.39,125.44,0.9144,2,2,-1
531,9,1711.28,739.15,98.56,173.47,0.9341,2,2,-1
531,12,1881.80,475.88,36.16,79.70,0.8881,2,1,-1
531,26,1547.24,535.82,51.66,120.19,0.9349,3,0,-1
531,65,1097.37,450.69,31.13,88.27,0.8973,2,1,-1
531,106,804.52,451.06,48.62,71.77,0.8974,3,0,-1
531,107,1292.02,524.04,38.00,109.70,0.9206,2,2,-1
531,118,148.73,553.05,49.82,122.98,0.9243,2,1,-1
531,124,483.22,418.72,39.16,75.43,0.5832,3,0,-1
531,128,210.37,593.92,71.26,114.37,0.9364,2,1,-1
531,129,866.79,460.11,52.31,78.67,0.8932,2,2,-1
531,130,1760.18,507.25,54.22,112.45,0.9253,2,1,-1
532,1,298.34,575.60,49.95,125.36,0.9142,2,2,-1
532,9,1681.95,737.28,103.04,178.72,0.9236,2,2,-1
532,12,1861.90,461.85,50.49,95.28,0.9214,2,1,-1
532,26,1540.74,535.79,49.38,120.51,0.9329,3,0,-1
532,65,1087.40,452.55,32.89,88.54,0.9106,2,1,-1
532,106,804.52,454.33,48.71,68.92,0.8660,3,0,-1
532,107,1281.53,522.37,38.63,110.71,0.9225,2,2,-1
532,118,145.81,554.84,45.76,123.89,0.9169,2,1,-1
532,124,475.89,419.57,44.07,75.65,0.8920,3,0,-1
532,128,204.05,592.96,69.12,115.57,0.9418,2,1,-1
532,129,867.04,461.21,48.62,78.31,0.8901,2,2,-1
532,130,1739.65,506.97,62.24,110.04,0.9338,2,1,-1
533,1,287.73,573.64,49.18,127.87,0.9125,2,2,-1
533,2,791.59,446.78,60.53,76.76,0.9200,2,1,-1
533,9,1657.91,748.55,96.07,179.97,0.9206,2,2,-1
533,12,1842.92,462.61,58.61,93.64,0.9305,2,1,-1
533,26,1532.78,536.12,48.27,119.98,0.9328,3,0,-1
533,65,1079.73,458.66,31.62,84.38,0.8961,2,1,-1
533,107,1270.37,521.69,40.71,110.53,0.9280,2,2,-1
533,118,142.67,558.10,42.54,122.67,0.9143,2,1,-1
533,124,468.56,420.77,47.10,73.95,0.9326,3,0,-1
533,128,196.78,594.10,69.41,115.35,0.9331,2,1,-1
533,129,871.46,459.26,50.02,81.14,0.9074,2,2,-1
533,130,1714.89,507.16,72.82,108.72,0.9298,2,1,-1
534,1,278.00,570.35,49.28,130.64,0.9226,2,2,-1
534,9,1651.72,751.48,77.32,171.20,0.8701,2,2,-1
534,12,1828.85,466.83,61.87,88.71,0.9234,2,1,-1
534,26,1527.37,535.42,45.70,120.59,0.9262,3,0,-1
534,65,1073.97,457.10,30.05,86.63,0.9027,2,1,-1
534,107,1259.47,521.30,43.82,109.12,0.9300,2,2,-1
534,118,136.58,560.65,40.77,119.71,0.9228,2,1,-1
534,121,793.87,445.30,53.47,78.26,0.9125,2,1,-1
534,124,462.88,421.28,48.95,74.68,0.9244,3,0,-1
534,128,188.71,595.25,70.02,115.89,0.9367,2,1,-1
534,129,872.07,460.20,50.23,79.53,0.9015,2,2,-1
534,130,1694.44,508.53,77.20,108.93,0.9266,2,1,-1
535,1,268.39,568.00,50.56,133.07,0.9204,2,2,-1
535,9,1634.12,751.07,62.99,172.58,0.9132,2,2,-1
535,12,1819.17,469.57,59.16,86.43,0.9230,2,1,-1
535,26,1521.32,534.98,44.66,121.00,0.9237,3,0,-1
535,65,1068.20,457.97,28.29,85.56,0.8972,2,1,-1
535,107,1251.85,521.98,44.83,107.36,0.9345,2,2,-1
535,118,130.53,562.97,42.19,118.35,0.9148,2,1,-1
535,121,798.70,446.66,47.84,77.57,0.9136,2,1,-1
535,124,457.96,421.17,50.73,76.05,0.9063,3,0,-1
535,128,181.47,598.56,70.83,115.30,0.9337,2,1,-1
535,129,871.62,461.15,50.32,76.79,0.8944,2,2,-1
535,130,1682.25,510.31,72.76,109.25,0.9098,2,1,-1
536,1,260.87,567.33,50.73,131.53,0.9097,2,2,-1
536,9,1613.61,751.46,59.03,171.87,0.9035,2,2,-1
536,12,1811.52,477.84,48.40,78.41,0.8919,2,1,-1
536,26,1516.29,534.74,43.24,121.38,0.9338,3,0,-1
536,65,1064.17,458.44,27.14,86.65,0.8891,2,1,-1
536,106,798.48,451.19,48.02,74.53,0.9066,3,0,-1
536,107,1243.07,523.22,46.89,106.39,0.9349,2,2,-1
536,118,126.05,562.83,43.60,118.78,0.9211,2,1,-1
536,124,455.94,420.56,50.88,76.57,0.7748,3,0,-1
536,128,174.47,601.88,73.36,112.93,0.9406,2,1,-1
536,129,871.25,462.40,48.29,74.36,0.8706,2,2,-1
536,130,1670.58,511.85,65.10,106.72,0.8470,2,1,-1
537,1,256.48,567.33,48.65,128.47,0.9233,2,2,-1
537,9,1596.22,747.98,66.52,176.84,0.9311,2,2,-1
537,11,1805.76,472.83,28.81,83.80,0.8429,2,1,-1
537,26,1510.51,534.46,44.10,121.48,0.9261,3,0,-1
537,65,1060.09,458.91,27.42,88.60,0.8978,2,1,-1
537,106,797.76,454.26,47.56,70.70,0.9238,2,-1,-1
537,107,1233.39,524.19,48.36,105.54,0.9287,2,2,-1
537,118,121.38,561.47,43.79,120.37,0.9221,2,1,-1
537,128,171.08,603.57,74.97,111.81,0.9445,2,1,-1
537,129,870.71,460.74,47.07,75.90,0.8839,2,2,-1
537,130,1654.38,511.14,50.15,107.51,0.8597,2,1,-1
538,1,251.82,567.91,47.06,125.15,0.9192,2,2,-1
538,9,1579.55,745.28,75.61,179.47,0.9339,2,2,-1
538,11,1792.63,470.33,32.54,85.36,0.9146,2,1,-1
538,26,1502.83,534.08,47.16,122.02,0.9190,3,0,-1
538,65,1055.44,458.22,27.82,90.45,0.8991,2,1,-1
538,106,797.09,456.18,46.52,68.00,0.9212,2,-1,-1
538,107,1225.53,523.56,47.06,105.40,0.9333,2,2,-1
538,109,1909.96,552.52,11.27,71.69,0.6686,2,1,-1
538,118,118.25,560.04,44.15,120.87,0.9174,2,1,-1
538,124,458.58,418.90,48.77,77.88,0.6759,3,0,-1
538,128,167.79,607.48,73.26,108.17,0.9237,2,1,-1
538,129,876.32,469.91,39.46,66.33,0.8847,2,2,-1
538,130,1646.94,509.75,41.15,107.63,0.9224,2,1,-1
539,1,244.76,569.35,49.19,124.24,0.9187,2,2,-1
539,9,1564.34,743.27,80.32,173.90,0.9176,2,2,-1
539,11,1782.76,466.72,35.02,87.27,0.8948,2,1,-1
539,26,1495.26,534.03,50.28,121.29,0.9081,3,0,-1
539,65,1053.93,457.78,26.31,90.96,0.8867,2,1,-1
539,106,796.61,455.94,45.34,67.58,0.9247,2,-1,-1
539,107,1218.18,522.28,44.15,106.22,0.9266,2,2,-1
539,109,1898.74,529.50,20.62,94.40,0.8592,2,1,-1
539,118,115.60,559.23,44.41,120.89,0.9120,2,1,-1
539,124,461.66,416.70,46.49,80.02,0.6354,3,0,-1
539,128,165.90,603.89,76.05,111.06,0.9338,2,1,-1
539,129,871.74,465.47,44.46,69.32,0.8946,2,2,-1
539,130,1634.44,507.65,44.46,109.59,0.9257,2,1,-1
540,1,236.92,569.58,51.29,124.49,0.9037,2,2,-1
540,9,1531.51,743.17,99.71,172.84,0.9223,2,2,-1
540,11,1772.64,467.03,40.22,88.25,0.9248,2,1,-1
540,26,1489.64,534.02,53.39,121.55,0.9198,3,0,-1
540,65,1053.20,457.63,24.54,91.16,0.8905,2,1,-1
540,107,1211.73,520.23,44.19,108.38,0.9243,2,2,-1
540,109,1889.33,518.41,29.07,105.07,0.8840,2,1,-1
540,118,115.68,559.32,44.15,120.81,0.9164,2,1,-1
540,121,792.67,457.95,46.82,64.48,0.9161,2,1,-1
540,128,166.21,600.86,76.02,114.31,0.9343,2,1,-1
540,129,873.07,467.04,46.39,67.08,0.8558,2,2,-1
540,130,1622.55,506.36,50.25,110.20,0.9291,2,1,-1
541,1,236.14,568.10,50.62,125.06,0.9032,2,2,-1
541,9,1514.40,744.48,107.10,178.07,0.9283,2,2,-1
541,11,1759.51,462.26,49.69,92.93,0.9342,2,1,-1
541,26,1485.57,534.30,56.27,121.63,0.9179,3,0,-1
541,65,1053.95,463.03,22.23,85.11,0.8742,2,1,-1
541,104,1882.85,512.16,37.34,111.92,0.9015,2,2,-1
541,107,1207.47,518.22,44.37,109.89,0.9218,2,2,-1
541,118,119.62,559.59,41.28,118.82,0.9062,2,1,-1
541,121,791.07,458.45,48.70,63.88,0.9100,2,1,-1
541,128,172.22,598.93,71.12,116.19,0.9356,2,1,-1
541,129,872.43,464.96,48.45,68.31,0.8577,2,2,-1
541,130,1608.45,505.34,58.32,109.02,0.9344,2,1,-1
541,133,1895.86,452.14,28.93,75.14,0.7489,2,-1,-1
542,1,235.99,564.90,50.07,127.44,0.9031,2,2,-1
542,9,1506.03,751.14,102.30,179.07,0.7570,2,2,-1
542,11,1750.02,462.16,54.80,91.31,0.9302,2,1,-1
542,26,1484.59,534.06,57.31,121.80,0.9105,3,0,-1
542,65,1054.75,472.19,20.01,75.45,0.8634,2,1,-1
542,104,1876.42,510.67,42.61,112.50,0.9145,2,2,-1
542,106,792.05,458.75,47.38,63.06,0.9159,1,3,-1
542,107,1203.42,516.76,44.14,108.80,0.9237,2,2,-1
542,118,123.11,560.91,38.52,118.56,0.9018,2,1,-1
542,128,180.69,594.93,65.36,120.84,0.9335,2,1,-1
542,129,874.38,465.22,49.89,67.13,0.8482,2,2,-1
542,130,1592.19,505.47,66.82,108.47,0.9408,2,1,-1
542,133,1894.30,447.73,27.20,77.81,0.8354,2,-1,-1
543,9,1500.29,752.62,67.93,174.57,0.8872,2,2,-1
543,11,1744.87,464.78,55.08,89.56,0.9252,2,1,-1
543,26,1484.14,533.82,57.77,121.78,0.9052,3,0,-1
543,65,1054.62,461.30,22.01,86.66,0.8667,2,1,-1
543,104,1870.98,509.40,47.72,111.52,0.9151,2,2,-1
543,106,793.15,456.28,47.87,65.67,0.9217,1,3,-1
543,107,1200.34,516.28,44.74,108.78,0.9228,2,2,-1
543,118,124.15,563.95,37.55,117.02,0.8849,2,1,-1
543,128,191.88,593.30,56.96,121.01,0.9332,2,1,-1
543,129,873.77,464.39,52.99,68.61,0.9088,2,2,-1
543,130,1580.72,506.70,70.09,107.84,0.9164,2,1,-1
544,9,1495.04,751.47,64.01,176.27,0.8985,2,2,-1
544,11,1742.67,464.92,50.17,90.49,0.9226,2,1,-1
544,26,1484.90,533.87,57.21,121.60,0.9138,3,0,-1
544,65,1055.38,459.24,22.16,88.54,0.8613,2,1,-1
544,104,1866.75,507.32,51.88,112.43,0.9252,2,2,-1
544,106,796.89,456.65,45.13,64.95,0.9282,1,3,-1
544,107,1198.31,516.84,43.99,105.37,0.9227,2,2,-1
544,118,126.27,565.15,37.69,116.73,0.8878,2,1,-1
544,124,480.71,418.04,40.31,77.09,0.6440,3,0,-1
544,128,202.51,592.51,48.26,121.87,0.9139,2,1,-1
544,129,872.16,462.67,55.92,69.54,0.9135,2,2,-1
544,130,1576.80,509.94,64.90,106.12,0.8604,2,1,-1
544,134,1844.27,435.64,32.61,84.54,0.6420,3,-1,-1
545,1,235.05,559.56,52.50,126.16,0.8817,2,2,-1
545,9,1477.87,750.82,64.47,176.86,0.9237,2,2,-1
545,11,1735.96,465.23,43.73,89.88,0.8945,2,1,-1
545,26,1485.16,533.85,56.64,121.22,0.9146,3,0,-1
545,65,1057.43,470.09,20.58,78.29,0.8672,2,1,-1
545,104,1865.67,509.35,50.61,109.61,0.9251,2,2,-1
545,106,798.84,457.27,42.85,64.24,0.9269,1,3,-1
545,107,1195.84,518.11,42.95,104.42,0.9148,2,2,-1
545,118,127.82,567.13,38.32,115.10,0.8708,2,1,-1
545,129,869.46,460.53,58.04,71.02,0.9124,2,2,-1
545,130,1571.81,510.07,55.20,105.25,0.8925,2,1,-1
545,134,1839.68,437.61,37.65,83.26,0.9090,2,-1,-1
546,1,236.20,560.96,51.84,122.20,0.8900,2,2,-1
546,9,1461.78,749.95,72.01,175.70,0.9360,2,2,-1
546,11,1728.26,464.69,38.89,90.43,0.9086,2,1,-1
546,26,1487.76,533.65,54.76,121.63,0.9228,3,0,-1
546,65,1056.52,455.30,23.39,94.14,0.8907,2,1,-1
546,104,1864.68,509.87,46.55,106.35,0.9122,2,2,-1
546,107,1193.81,519.01,41.52,103.54,0.9240,2,2,-1
546,118,128.47,567.17,39.52,115.35,0.9014,2,1,-1
546,121,799.52,457.60,42.52,63.97,0.9249,2,1,-1
546,129,865.89,455.26,58.74,75.19,0.9032,2,2,-1
546,130,1559.53,511.35,47.15,103.20,0.8843,2,1,-1
546,134,1835.00,437.47,41.66,84.77,0.9158,2,-1,-1
546,135,1900.03,616.61,16.92,108.93,0.6837,2,-1,-1
547,9,1450.98,748.60,83.05,178.84,0.9357,2,2,-1
547,11,1724.72,463.53,38.52,91.17,0.9291,2,1,-1
547,26,1491.12,533.41,52.03,121.88,0.9225,3,0,-1
547,65,1058.07,455.30,24.02,94.23,0.8919,2,1,-1
547,104,1860.97,512.57,43.05,103.62,0.9162,2,2,-1
547,107,1192.35,518.84,38.95,102.36,0.9330,2,2,-1
547,118,129.91,568.17,39.13,113.87,0.8724,2,1,-1
547,121,801.56,457.36,41.96,63.95,0.9174,2,1,-1
547,128,220.71,598.19,39.93,114.85,0.8328,2,1,-1
547,129,862.14,452.79,55.07,77.03,0.8960,2,2,-1
547,130,1553.50,507.53,44.91,106.83,0.9126,2,1,-1
547,134,1829.35,439.22,45.94,83.65,0.9192,2,-1,-1
547,135,1893.50,590.56,24.31,138.65,0.7838,2,-1,-1
547,136,1873.93,448.40,41.70,76.71,0.7918,2,-1,-1
548,9,1442.45,748.07,84.27,179.41,0.9198,2,2,-1
548,11,1720.94,463.14,40.80,91.77,0.9235,2,1,-1
548,26,1494.84,533.40,49.22,122.24,0.9283,3,0,-1
548,65,1059.94,457.48,23.85,93.10,0.8994,2,1,-1
548,104,1855.97,513.35,42.26,103.20,0.9137,2,2,-1
548,107,1190.88,518.02,37.68,103.39,0.9284,2,2,-1
548,118,131.78,567.05,41.50,114.61,0.9085,2,1,-1
548,121,802.52,454.84,42.30,66.13,0.9168,2,1,-1
548,124,500.45,421.07,41.81,76.12,0.7040,3,0,-1
548,128,226.98,597.58,37.37,116.68,0.9109,2,1,-1
548,129,863.44,459.19,48.00,69.19,0.8924,2,2,-1
548,130,1549.20,504.85,46.28,109.44,0.8996,2,1,-1
548,134,1829.28,438.89,45.03,85.11,0.9127,2,-1,-1
548,135,1888.74,591.34,29.85,135.78,0.8839,2,-1,-1
548,136,1871.53,472.66,34.79,56.02,0.7926,2,-1,-1
549,9,1424.26,745.42,94.52,179.98,0.9361,2,2,-1
549,11,1713.17,461.28,47.47,93.33,0.9299,2,1,-1
549,26,1498.16,533.59,48.02,121.64,0.9213,3,0,-1
549,65,1062.81,462.81,22.83,88.29,0.8859,2,1,-1
549,104,1847.83,515.13,44.38,101.39,0.9180,2,2,-1
549,107,1188.26,515.78,38.89,105.48,0.9242,2,2,-1
549,118,133.14,565.74,41.89,115.35,0.8947,2,1,-1
549,121,801.83,450.27,44.00,70.50,0.9111,2,1,-1
549,124,503.48,421.70,43.46,75.86,0.7794,3,0,-1
549,128,231.57,594.66,40.38,119.47,0.9000,2,1,-1
549,129,856.95,451.57,47.95,76.76,0.8935,2,2,-1
549,130,1541.78,503.67,49.43,110.47,0.9242,2,1,-1
549,134,1826.95,436.81,46.02,87.53,0.6303,3,-1,-1
549,135,1883.19,591.15,35.78,136.60,0.9165,2,1,-1
549,136,1861.39,449.88,42.03,76.16,0.8180,2,-1,-1
550,9,1409.89,747.91,97.20,182.56,0.9308,2,2,-1
550,11,1704.22,462.99,54.62,89.57,0.9219,2,1,-1
550,26,1500.45,533.75,46.30,121.10,0.9306,3,0,-1
550,65,1064.41,467.47,22.04,84.76,0.8718,2,1,-1
550,104,1842.56,512.15,45.83,102.39,0.9125,2,2,-1
550,106,799.88,448.51,44.38,71.47,0.9099,1,3,-1
550,107,1185.98,513.61,41.47,106.44,0.9265,2,2,-1
550,118,134.76,564.54,41.61,115.75,0.8970,2,1,-1
550,128,234.17,600.38,43.92,114.75,0.9250,2,1,-1
550,129,855.91,449.59,41.87,75.69,0.9005,2,2,-1
550,130,1535.30,503.55,52.91,108.33,0.9204,2,1,-1
550,134,1827.65,435.32,44.11,87.08,0.7010,2,1,-1
550,135,1878.90,595.04,39.84,132.31,0.9170,2,1,-1
551,9,1413.98,753.33,83.16,171.70,0.8869,2,2,-1
551,11,1698.75,461.64,57.42,90.48,0.9318,2,1,-1
551,26,1503.18,533.69,45.98,121.09,0.9013,3,0,-1
551,65,1066.01,471.98,21.88,81.35,0.8769,2,1,-1
551,104,1840.23,506.52,44.88,105.59,0.9020,2,2,-1
551,106,798.04,451.70,40.44,67.59,0.8602,1,3,-1
551,107,1183.65,512.60,44.41,106.60,0.9310,2,2,-1
551,118,136.27,563.64,42.08,117.07,0.9022,2,1,-1
551,128,236.32,600.55,49.08,115.37,0.9192,2,1,-1
551,129,855.66,452.08,38.11,73.21,0.9082,2,2,-1
551,134,1829.63,436.19,36.75,85.94,0.8537,2,1,-1
551,135,1873.82,594.58,45.19,133.09,0.9245,2,1,-1
552,9,1402.09,760.16,60.87,136.75,0.7657,2,2,-1
552,11,1695.60,465.06,53.08,87.45,0.9096,2,1,-1
552,26,1504.55,534.81,44.80,119.99,0.8416,3,0,-1
552,65,1066.15,469.80,24.16,84.41,0.8886,2,1,-1
552,104,1835.72,503.32,46.12,108.95,0.9113,2,2,-1
552,106,798.10,455.20,37.06,63.70,0.8723,1,3,-1
552,107,1180.47,512.22,47.58,104.31,0.9390,2,2,-1
552,118,137.44,563.30,42.76,117.79,0.9123,2,1,-1
552,124,511.76,420.17,43.36,76.52,0.5198,3,0,-1
552,128,238.58,608.84,51.73,108.93,0.9120,2,1,-1
552,129,852.75,452.48,40.80,74.19,0.9057,2,2,-1
552,134,1830.47,440.88,32.07,80.86,0.7600,2,1,-1
552,135,1866.95,593.69,49.22,132.09,0.9274,2,1,-1
553,9,1387.21,762.29,70.40,166.09,0.6060,2,2,-1
553,11,1690.29,463.99,49.01,88.60,0.8560,2,1,-1
553,26,1509.25,534.38,50.32,120.16,0.8705,3,0,-1
553,65,1066.92,471.69,25.08,81.99,0.8830,2,1,-1
553,104,1829.50,502.54,47.42,109.34,0.9150,2,2,-1
553,106,797.04,455.43,38.02,63.75,0.8395,1,3,-1
553,107,1176.50,512.98,50.65,102.85,0.9369,2,2,-1
553,118,139.19,562.91,42.21,118.07,0.9084,2,1,-1
553,128,240.98,606.25,53.49,110.74,0.9110,2,1,-1
553,129,847.57,454.11,46.19,71.45,0.9146,2,2,-1
553,135,1862.56,590.78,49.19,135.15,0.8966,2,1,-1
553,136,1846.45,442.09,42.19,84.44,0.8866,2,-1,-1
553,0,799.55,506.06,16.34,14.60,1.0,0,-1,-1
554,9,1375.11,763.22,66.35,174.24,0.9099,2,2,-1
554,11,1689.00,465.74,37.48,86.16,0.8901,2,1,-1
554,26,1507.30,534.15,46.00,120.34,0.9190,3,0,-1
554,65,1066.65,464.30,27.79,89.50,0.8923,2,1,-1
554,104,1824.80,503.21,47.88,108.97,0.9211,2,2,-1
554,106,791.46,447.70,45.11,70.97,0.8546,1,3,-1
554,107,1171.33,513.56,52.79,102.15,0.9325,2,2,-1
554,118,140.93,563.23,40.91,117.43,0.8983,2,1,-1
554,128,245.13,595.78,53.73,121.93,0.9433,2,1,-1
554,129,841.77,454.38,53.31,70.26,0.9062,2,2,-1
554,135,1859.16,588.35,49.74,137.38,0.9267,2,1,-1
554,136,1842.20,440.83,42.00,83.93,0.8788,2,-1,-1
554,0,793.45,506.27,13.13,13.59,1.0,0,-1,-1
555,9,1365.34,761.31,72.45,177.98,0.9166,2,2,-1
555,11,1684.64,462.46,34.36,88.49,0.9231,2,1,-1
555,26,1506.74,533.73,45.37,120.64,0.9185,3,0,-1
555,65,1066.10,463.22,29.30,90.12,0.8916,2,1,-1
555,104,1822.65,504.40,45.47,107.32,0.9156,2,2,-1
555,106,791.67,451.28,44.85,65.72,0.8523,1,3,-1
555,107,1166.24,513.75,52.47,101.91,0.9359,2,2,-1
555,118,142.71,563.26,40.30,117.29,0.8865,2,1,-1
555,128,250.49,593.84,52.61,122.93,0.9306,2,1,-1
555,129,835.71,451.63,60.03,72.87,0.8990,2,2,-1
555,135,1855.93,586.78,50.51,137.25,0.9259,2,1,-1
555,136,1839.05,445.08,41.29,78.76,0.8761,2,-1,-1
555,0,787.16,506.37,13.33,13.99,1.0,0,-1,-1
556,9,1357.83,752.91,80.51,181.52,0.9191,2,2,-1
556,11,1679.28,458.84,38.75,91.87,0.9299,2,1,-1
556,12,1837.51,455.56,40.04,67.30,0.7315,2,1,-1
556,26,1509.49,533.74,43.17,120.10,0.9194,3,0,-1
556,65,1068.85,466.45,28.39,86.63,0.8738,2,1,-1
556,104,1817.41,508.40,43.14,103.17,0.8965,2,2,-1
556,106,788.24,449.26,46.84,66.89,0.8816,1,3,-1
556,107,1162.42,513.48,49.28,102.02,0.9241,2,2,-1
556,109,1902.99,502.56,18.51,90.49,0.7183,2,1,-1
556,118,143.76,562.85,39.83,117.58,0.8938,2,1,-1
556,128,256.77,589.80,49.12,125.80,0.9304,2,1,-1
556,129,833.55,447.60,61.76,73.18,0.8811,2,2,-1
556,130,1487.37,504.20,31.82,85.74,0.8785,2,1,-1
556,135,1850.48,586.21,53.70,138.02,0.9347,2,1,-1
556,0,780.53,506.10,14.07,14.68,1.0,0,-1,-1
557,9,1345.56,753.72,62.39,175.46,0.9384,2,2,-1
557,11,1672.35,457.41,44.86,92.68,0.9356,2,1,-1
557,26,1510.91,533.62,41.79,119.34,0.9224,3,0,-1
557,65,1068.91,460.40,29.76,92.62,0.8711,2,1,-1
557,104,1814.99,512.56,39.21,98.49,0.9056,2,2,-1
557,107,1159.45,511.40,45.20,102.62,0.9260,2,2,-1
557,109,1900.85,501.91,18.63,85.04,0.7162,2,1,-1
557,118,145.14,561.66,39.84,118.69,0.9117,2,1,-1
557,124,522.64,416.32,41.65,79.34,0.5499,3,0,-1
557,127,787.05,450.75,38.02,66.89,0.8474,2,1,-1
557,128,261.42,586.02,50.85,130.41,0.9168,2,1,-1
557,129,831.66,447.00,56.72,71.74,0.8992,2,2,-1
557,130,1479.70,502.04,36.64,101.37,0.9135,2,1,-1
557,135,1849.31,586.03,53.93,138.58,0.9291,2,1,-1
557,136,1819.34,443.20,44.53,77.78,0.8082,2,-1,-1
557,0,774.34,506.14,13.76,14.42,1.0,0,-1,-1
558,2,786.87,457.30,38.98,60.17,0.8679,2,1,-1
558,9,1340.16,753.91,63.83,169.60,0.9048,2,2,-1
558,11,1663.11,456.63,52.50,91.90,0.9391,2,1,-1
558,26,1510.97,533.56,41.22,118.99,0.9204,3,0,-1
558,65,1070.98,464.15,29.39,87.88,0.8719,2,1,-1
558,104,1809.91,509.68,42.04,100.42,0.9037,2,2,-1
558,107,1157.77,510.44,44.63,102.84,0.9282,2,2,-1
558,118,147.24,561.80,38.57,116.90,0.9146,2,1,-1
558,123,832.85,447.52,36.67,71.94,0.8353,2,-1,-1
558,128,265.97,584.86,48.84,132.39,0.9230,2,1,-1
558,130,1473.62,500.73,42.47,105.47,0.9248,2,1,-1
558,133,1894.02,501.35,25.80,73.74,0.8034,2,-1,-1
558,135,1845.61,587.29,51.78,132.83,0.9288,2,1,-1
558,136,1818.20,442.23,44.56,84.91,0.8130,2,-1,-1
558,0,768.40,505.23,13.97,14.97,1.0,0,-1,-1
559,1,237.17,542.30,50.30,119.46,0.9082,2,2,-1
559,9,1332.35,755.12,53.46,138.93,0.8708,2,2,-1
559,11,1659.29,456.42,55.96,90.52,0.9376,2,1,-1
559,26,1512.64,532.70,39.75,119.12,0.9109,3,0,-1
559,65,1074.24,469.86,27.63,81.55,0.8674,2,1,-1
559,91,780.91,451.27,50.13,66.23,0.9071,2,2,-1
559,104,1805.71,506.95,45.27,101.86,0.9217,2,2,-1
559,107,1155.62,508.67,48.37,103.44,0.9343,2,2,-1
559,118,151.16,561.76,37.73,114.71,0.9293,2,1,-1
559,123,831.47,449.04,33.41,70.56,0.8558,2,-1,-1
559,124,531.47,414.64,37.01,80.89,0.8191,3,0,-1
559,128,273.24,583.88,46.94,131.62,0.9099,2,1,-1
559,130,1467.00,499.78,49.43,104.33,0.9239,2,1,-1
559,133,1888.29,492.22,35.10,119.52,0.7904,2,-1,-1
559,135,1843.87,587.40,50.20,130.85,0.9345,2,1,-1
559,136,1821.50,443.43,43.00,84.45,0.8630,2,-1,-1
559,0,764.14,504.79,14.74,15.88,1.0,0,-1,-1
560,1,240.84,540.33,51.33,118.29,0.9210,2,2,-1
560,9,1320.62,759.82,62.99,176.95,0.8181,2,2,-1
560,11,1661.56,456.64,53.78,91.31,0.9314,2,1,-1
560,26,1516.44,532.04,38.61,119.17,0.8998,3,0,-1
560,65,1079.10,472.71,27.89,79.54,0.8683,2,1,-1
560,97,781.81,450.45,52.61,65.53,0.9175,2,1,-1
560,104,1803.14,503.29,50.82,105.17,0.9262,2,2,-1
560,107,1155.47,507.78,50.73,103.25,0.9396,2,2,-1
560,118,157.31,561.79,38.23,114.86,0.9225,2,1,-1
560,123,829.03,447.04,37.76,72.76,0.8884,2,-1,-1
560,124,537.83,416.47,35.46,78.14,0.7789,3,0,-1
560,128,282.47,585.40,45.57,128.59,0.9170,2,1,-1
560,130,1459.20,500.06,60.02,104.67,0.9384,2,1,-1
560,133,1886.95,495.07,33.10,112.41,0.9014,2,-1,-1
560,135,1842.75,587.43,47.57,129.87,0.9341,2,1,-1
560,136,1825.79,445.53,42.53,82.10,0.8458,2,-1,-1
560,0,763.28,504.48,14.03,15.53,1.0,0,-1,-1
561,1,245.74,540.81,52.98,114.36,0.9204,2,2,-1
561,9,1314.82,761.14,55.06,173.73,0.8901,2,2,-1
561,11,1662.97,457.25,48.87,90.85,0.9084,2,1,-1
561,26,1520.04,531.16,39.42,119.85,0.9130,3,0,-1
561,65,1084.35,481.64,28.29,71.12,0.8613,2,1,-1
561,104,1804.00,502.30,52.92,106.16,0.9306,2,2,-1
561,107,1157.91,508.05,50.81,101.63,0.9329,2,2,-1
561,118,163.33,562.47,42.09,109.92,0.9355,2,1,-1
561,121,820.90,446.10,51.74,74.14,0.9011,2,1,-1
561,124,544.11,415.13,34.87,78.94,0.9094,3,0,-1
561,128,289.52,586.43,47.65,126.79,0.9195,2,1,-1
561,130,1458.61,502.20,62.61,104.16,0.9255,2,1,-1
561,133,1885.58,494.55,34.11,112.32,0.8897,2,1,-1
561,135,1843.62,585.40,43.56,131.21,0.9140,2,1,-1
561,136,1831.98,466.43,37.56,61.65,0.8043,2,-1,-1
561,0,761.82,503.99,14.48,15.96,1.0,0,-1,-1
562,1,251.19,541.46,52.96,114.48,0.9224,2,2,-1
562,9,1314.59,763.09,60.58,168.08,0.8776,2,2,-1
562,11,1663.71,457.20,41.67,89.33,0.8945,2,1,-1
562,26,1524.00,531.01,41.54,119.47,0.9169,3,0,-1
562,65,1087.31,459.26,35.16,92.92,0.8680,2,1,-1
562,104,1802.65,501.62,55.08,104.76,0.9300,2,2,-1
562,106,781.89,447.24,46.83,66.94,0.9158,1,3,-1
562,107,1161.09,507.98,49.02,99.22,0.9222,2,2,-1
562,118,168.97,562.91,47.40,108.64,0.9321,2,1,-1
562,128,298.20,588.32,50.66,127.28,0.9256,2,1,-1
562,130,1461.30,503.68,56.06,102.28,0.9135,2,1,-1
562,133,1883.74,496.24,35.71,110.12,0.9055,2,1,-1
562,135,1845.86,582.72,43.99,134.82,0.9157,2,1,-1
562,136,1829.26,449.49,46.46,75.37,0.8774,2,-1,-1
562,0,762.50,503.38,14.55,16.37,1.0,0,-1,-1
563,1,259.54,542.50,51.79,112.48,0.9048,2,2,-1
563,9,1300.56,762.42,75.85,172.74,0.9149,2,2,-1
563,11,1665.22,455.34,38.59,91.01,0.9204,2,1,-1
563,26,1529.60,530.98,44.44,119.93,0.9160,3,0,-1
563,65,1097.94,482.50,30.73,69.43,0.8751,2,1,-1
563,104,1803.70,501.41,56.93,104.42,0.9228,2,2,-1
563,107,1165.58,508.64,45.48,97.58,0.9251,2,2,-1
563,118,176.75,562.50,50.99,106.29,0.9370,2,1,-1
563,124,559.71,413.65,35.08,78.46,0.8544,3,0,-1
563,127,789.56,447.30,43.14,68.03,0.6260,2,1,-1
563,128,308.75,590.94,49.22,124.43,0.9220,2,1,-1
563,130,1463.83,506.35,48.51,99.04,0.9174,2,1,-1
563,133,1885.09,499.04,35.16,110.50,0.9014,2,1,-1
563,134,1838.48,436.82,37.75,81.94,0.6058,2,1,-1
563,135,1849.99,580.18,48.15,135.52,0.9377,2,1,-1
563,0,764.30,503.27,14.43,15.48,1.0,0,-1,-1
564,1,267.84,541.18,53.67,112.16,0.9212,2,2,-1
564,9,1296.37,760.63,87.60,174.12,0.9380,2,2,-1
564,11,1672.37,454.05,37.63,91.35,0.9157,2,1,-1
564,26,1536.37,531.41,47.27,119.32,0.9178,3,0,-1
564,65,1102.19,458.95,37.59,93.26,0.9019,2,1,-1
564,104,1810.20,501.72,56.01,105.69,0.9277,2,2,-1
564,106,787.79,450.45,40.81,63.83,0.7823,1,3,-1
564,107,1170.18,508.80,39.81,97.03,0.9185,2,2,-1
564,118,184.56,561.87,55.23,106.72,0.9389,2,1,-1
564,124,569.33,414.67,34.40,76.79,0.6299,3,0,-1
564,127,820.26,443.55,33.09,72.52,0.8574,2,1,-1
564,128,320.00,592.35,47.83,122.98,0.9205,2,1,-1
564,130,1462.73,503.93,41.36,100.53,0.9054,2,1,-1
564,133,1887.92,501.43,32.51,109.19,0.9181,2,1,-1
564,135,1855.38,579.14,53.34,136.83,0.9322,2,1,-1
564,136,1838.25,458.81,39.90,63.40,0.7318,2,-1,-1
564,0,767.68,502.61,14.22,15.40,1.0,0,-1,-1
565,1,274.11,538.40,56.84,111.86,0.9249,2,2,-1
565,9,1293.34,755.75,95.86,178.21,0.9208,2,2,-1
565,11,1675.40,452.76,43.97,93.19,0.9333,2,1,-1
565,26,1543.15,532.18,50.44,118.22,0.9252,3,0,-1
565,65,1110.21,458.39,38.68,95.11,0.8806,2,1,-1
565,104,1815.51,503.09,54.09,104.82,0.9141,2,2,-1
565,106,790.28,445.65,41.02,69.14,0.8809,1,3,-1
565,107,1176.32,507.77,39.03,98.03,0.9230,2,2,-1
565,118,191.91,560.07,55.79,107.88,0.9343,2,1,-1
565,127,826.70,443.21,34.22,71.84,0.8656,2,1,-1
565,128,330.87,591.24,49.31,123.24,0.9242,2,1,-1
565,130,1466.37,502.63,42.49,101.38,0.9183,2,1,-1
565,133,1888.80,503.36,31.24,107.34,0.8899,2,1,-1
565,134,1845.00,444.03,44.09,81.96,0.8296,2,1,-1
565,135,1857.55,579.41,60.83,136.44,0.9489,2,1,-1
565,0,771.03,502.40,14.10,16.06,1.0,0,-1,-1
566,1,281.32,535.55,59.79,112.08,0.9284,2,2,-1
566,9,1293.95,754.61,96.00,175.41,0.9073,2,2,-1
566,11,1676.64,452.28,50.71,93.67,0.9309,2,1,-1
566,26,1548.98,532.56,55.34,117.87,0.9246,3,0,-1
566,65,1118.85,458.30,38.02,95.66,0.8833,2,1,-1
566,104,1818.00,505.23,54.89,102.19,0.9136,2,2,-1
566,106,790.12,444.91,46.11,68.64,0.8949,1,3,-1
566,107,1181.98,505.37,42.86,99.84,0.9311,2,2,-1
566,118,199.18,557.27,54.43,108.46,0.9306,2,1,-1
566,124,588.70,414.60,36.05,77.11,0.8559,3,0,-1
566,128,340.77,588.68,47.74,124.92,0.9346,2,1,-1
566,130,1468.01,498.73,48.01,105.28,0.9330,2,1,-1
566,133,1893.22,503.70,28.46,106.74,0.8514,2,1,-1
566,134,1848.87,446.91,38.20,79.81,0.8285,2,1,-1
566,135,1866.33,580.40,54.62,132.85,0.9292,2,1,-1
566,0,776.34,502.68,14.37,14.51,1.0,0,-1,-1
567,1,288.58,533.91,62.49,109.79,0.9248,2,2,-1
567,9,1293.41,757.11,95.47,169.65,0.8845,2,2,-1
567,11,1680.45,453.22,54.85,90.69,0.9332,2,1,-1
567,26,1554.52,533.06,61.87,117.76,0.9357,3,0,-1
567,65,1127.58,458.01,35.78,96.26,0.8668,2,1,-1
567,104,1823.60,505.85,50.07,101.60,0.9037,2,2,-1
567,106,790.30,443.60,54.29,71.32,0.8856,1,3,-1
567,107,1186.48,503.79,45.90,101.41,0.9266,2,2,-1
567,118,207.42,554.14,54.36,109.35,0.9396,2,1,-1
567,124,598.11,415.03,36.13,75.63,0.7200,3,0,-1
567,128,351.19,585.27,47.61,128.89,0.9350,2,1,-1
567,130,1468.76,497.54,53.36,106.11,0.9344,2,1,-1
567,133,1895.82,503.45,25.66,103.19,0.8307,2,1,-1
567,134,1856.62,445.62,35.42,81.77,0.8350,2,1,-1
567,135,1871.63,583.60,49.22,129.49,0.9253,2,1,-1
567,0,779.72,502.93,13.98,13.93,1.0,0,-1,-1
568,1,294.99,532.39,66.83,108.61,0.9296,2,2,-1
568,9,1290.05,761.07,66.08,119.92,0.7767,2,2,-1
568,11,1685.62,453.12,53.87,90.12,0.9245,2,1,-1
568,26,1563.52,533.13,65.15,117.78,0.9320,3,0,-1
568,65,1137.77,457.65,33.05,96.35,0.8830,2,1,-1
568,104,1830.42,504.38,46.08,102.65,0.9138,2,2,-1
568,106,790.70,441.70,57.95,74.14,0.8927,1,3,-1
568,107,1189.95,502.30,50.09,101.71,0.9319,2,2,-1
568,118,213.49,551.59,57.55,112.40,0.9356,2,1,-1
568,128,360.28,582.24,50.05,130.03,0.9277,2,1,-1
568,130,1465.11,496.42,62.80,105.43,0.9262,2,1,-1
568,133,1897.46,501.99,24.71,109.12,0.8085,2,1,-1
568,134,1865.30,444.48,33.58,81.93,0.8143,2,1,-1
568,135,1876.12,583.35,44.50,129.86,0.9129,2,1,-1
568,0,774.79,501.94,13.83,12.58,1.0,0,-1,-1
569,1,300.54,532.85,69.14,108.12,0.9314,2,2,-1
569,9,1285.32,763.77,55.11,122.80,0.8645,2,2,-1
569,11,1690.44,454.51,48.76,87.70,0.8976,2,1,-1
569,26,1570.83,532.95,67.59,117.70,0.9293,3,0,-1
569,65,1147.09,456.98,30.08,96.72,0.8901,2,1,-1
569,104,1836.03,502.87,48.13,99.87,0.8514,2,2,-1
569,106,796.38,441.01,54.96,73.67,0.8537,1,3,-1
569,107,1192.07,502.22,54.78,99.24,0.9289,2,2,-1
569,118,220.55,549.43,59.30,110.67,0.9375,2,1,-1
569,128,370.65,582.26,50.42,128.35,0.9402,2,1,-1
569,130,1465.05,496.46,67.63,105.31,0.9220,2,1,-1
569,133,1901.23,509.11,20.54,95.18,0.7360,2,1,-1
569,135,1881.58,577.60,41.66,135.18,0.8566,2,1,-1
569,0,768.17,496.22,14.07,14.93,1.0,0,-1,-1
570,1,306.57,533.28,65.24,106.83,0.9270,2,2,-1
570,9,1283.34,764.23,80.73,168.84,0.9026,2,2,-1
570,11,1698.87,459.61,40.53,82.39,0.8650,2,1,-1
570,26,1579.96,531.72,68.38,118.67,0.9345,3,0,-1
570,65,1156.15,457.36,28.03,96.05,0.8996,2,1,-1
570,104,1836.78,500.18,60.60,105.94,0.9261,2,2,-1
570,106,800.79,441.31,50.46,72.98,0.8574,1,3,-1
570,107,1195.78,502.68,57.73,98.09,0.9380,2,2,-1
570,118,228.33,548.88,59.61,108.82,0.9264,2,1,-1
570,128,380.27,582.23,52.16,128.41,0.9414,2,1,-1
570,130,1470.96,497.74,65.87,105.87,0.9180,2,1,-1
570,133,1895.40,547.80,21.73,84.74,0.7711,2,1,-1
570,136,1877.19,462.31,32.85,66.54,0.7928,2,-1,-1
570,0,763.50,494.66,13.76,13.84,1.0,0,-1,-1
571,1,313.80,533.11,64.13,106.62,0.9274,2,2,-1
571,9,1278.66,765.38,61.28,127.60,0.8983,2,2,-1
571,11,1704.92,456.64,35.95,85.13,0.9136,2,1,-1
571,26,1590.70,530.43,67.10,119.13,0.9291,3,0,-1
571,65,1166.08,456.03,28.18,96.23,0.8875,2,1,-1
571,104,1841.79,499.13,67.01,107.37,0.9315,2,2,-1
571,106,809.28,444.55,45.14,70.35,0.8233,1,3,-1
571,107,1201.92,502.98,56.39,97.98,0.9316,2,2,-1
571,118,236.98,548.64,56.88,108.66,0.9271,2,1,-1
571,128,390.06,583.59,53.79,126.41,0.9505,2,1,-1
571,130,1477.15,501.11,56.20,101.94,0.8686,2,1,-1
571,133,1897.67,580.32,24.58,101.78,0.7033,2,1,-1
571,136,1883.20,445.17,33.99,81.81,0.8377,2,-1,-1
571,0,758.75,492.15,13.14,13.84,1.0,0,-1,-1
572,1,322.10,530.78,67.21,108.55,0.9259,2,2,-1
572,9,1275.42,764.08,83.25,173.62,0.9333,2,2,-1
572,11,1713.53,455.57,37.70,85.37,0.9176,2,1,-1
572,26,1601.42,529.03,65.46,120.08,0.9315,3,0,-1
572,65,1175.93,455.77,29.29,96.27,0.8947,2,1,-1
572,104,1844.10,498.95,71.78,107.92,0.9377,2,2,-1
572,106,810.51,441.98,42.83,72.48,0.8015,1,3,-1
572,107,1208.91,503.54,52.56,96.82,0.9140,2,2,-1
572,118,247.20,549.70,54.85,106.21,0.9328,2,1,-1
572,128,400.36,586.21,55.78,123.83,0.9450,2,1,-1
572,130,1484.47,500.73,49.51,102.18,0.8987,2,1,-1
572,133,1901.77,576.06,22.24,99.07,0.6279,2,1,-1
572,136,1890.14,445.32,31.71,82.38,0.7968,2,-1,-1
572,0,754.76,491.37,13.50,14.52,1.0,0,-1,-1
573,1,329.90,527.76,70.30,109.79,0.9355,2,2,-1
573,9,1278.60,761.56,90.66,173.38,0.9344,2,2,-1
573,11,1722.18,453.76,42.62,88.69,0.9274,2,1,-1
573,26,1613.15,527.66,61.58,120.77,0.9307,3,0,-1
573,65,1186.82,456.51,30.80,95.46,0.8902,2,1,-1
573,104,1855.19,499.69,66.49,108.25,0.9112,2,2,-1
573,106,828.24,437.06,54.73,77.66,0.8406,1,3,-1
573,107,1215.13,502.74,47.68,97.75,0.8969,2,2,-1
573,118,257.97,549.73,58.32,106.17,0.9410,2,1,-1
573,128,411.79,588.06,58.05,122.04,0.9377,2,1,-1
573,130,1489.64,499.63,42.35,102.05,0.9176,2,1,-1
573,136,1898.94,450.04,25.73,77.97,0.7704,2,2,-1
573,0,753.14,491.68,13.67,13.40,1.0,0,-1,-1
574,1,338.62,524.85,73.43,111.92,0.9330,2,2,-1
574,9,1281.77,757.53,94.91,177.95,0.9206,2,2,-1
574,11,1729.26,460.59,49.23,80.70,0.9215,2,1,-1
574,26,1627.87,527.18,56.53,119.90,0.9224,3,0,-1
574,65,1198.66,457.12,32.37,94.71,0.8815,2,1,-1
574,104,1865.80,501.82,53.03,106.77,0.8942,2,2,-1
574,106,841.16,435.31,56.27,78.29,0.8586,1,3,-1
574,107,1223.42,501.10,43.76,99.52,0.9254,2,2,-1
574,118,266.59,548.54,65.86,106.69,0.9444,2,1,-1
574,128,424.03,588.92,61.04,119.96,0.9365,2,1,-1
574,130,1496.19,497.13,44.86,104.02,0.9281,2,1,-1
574,0,752.90,492.84,14.21,14.15,1.0,0,-1,-1
575,1,349.44,523.94,73.04,105.41,0.9124,2,2,-1
575,9,1285.83,755.87,96.27,175.01,0.9314,2,2,-1
575,11,1736.42,460.47,56.84,79.13,0.9303,2,1,-1
575,26,1643.89,527.34,49.45,119.25,0.9293,3,0,-1
575,65,1212.54,457.58,33.09,94.33,0.8656,2,1,-1
575,104,1879.95,504.27,41.87,104.07,0.9068,2,2,-1
575,106,832.77,435.43,68.52,75.91,0.9066,1,3,-1
575,107,1236.49,499.51,44.45,100.48,0.9201,2,2,-1
575,118,279.56,547.05,70.40,105.48,0.9408,2,1,-1
575,128,438.98,588.61,65.51,122.11,0.9333,2,1,-1
575,130,1505.84,495.15,48.83,105.78,0.9301,2,1,-1
575,0,754.89,494.53,13.07,13.65,1.0,0,-1,-1
576,1,360.60,523.55,71.89,106.53,0.8984,2,2,-1
576,9,1292.88,760.76,92.56,171.46,0.8594,2,2,-1
576,11,1750.72,465.49,55.75,75.79,0.9159,2,1,-1
576,26,1659.74,527.67,44.01,119.15,0.9154,3,0,-1
576,65,1227.87,458.50,33.13,95.28,0.8263,2,1,-1
576,104,1888.71,505.80,34.80,103.77,0.8758,2,2,-1
576,106,851.73,435.00,61.75,76.40,0.8584,1,3,-1
576,107,1248.70,497.99,48.42,101.56,0.9262,2,2,-1
576,118,293.84,545.79,73.41,104.75,0.9384,2,1,-1
576,128,455.70,588.56,67.05,121.48,0.9404,2,1,-1
576,130,1515.66,495.20,53.08,106.99,0.9276,2,1,-1
576,0,756.19,496.43,14.96,15.92,1.0,0,-1,-1
577,1,375.89,524.27,66.28,104.67,0.9160,2,2,-1
577,9,1297.44,763.43,73.03,137.16,0.8922,2,2,-1
577,11,1765.66,460.29,51.59,82.14,0.9276,2,1,-1
577,26,1675.11,528.86,40.48,119.63,0.9188,3,0,-1
577,104,1899.14,503.30,26.45,87.93,0.7504,2,2,-1
577,106,859.15,438.21,51.84,72.30,0.8220,1,3,-1
577,107,1257.04,497.82,53.14,101.91,0.9204,2,2,-1
577,118,306.49,545.56,73.27,102.34,0.9437,2,1,-1
577,128,472.40,588.04,69.33,123.86,0.9391,2,1,-1
577,130,1521.14,495.34,60.75,106.29,0.9402,2,1,-1
577,0,759.62,500.32,14.50,15.37,1.0,0,-1,-1
578,1,389.37,523.32,59.22,97.48,0.8431,2,2,-1
578,9,1292.53,764.98,61.34,141.78,0.8584,2,2,-1
578,11,1777.09,456.01,46.03,86.21,0.8971,2,1,-1
578,26,1687.51,530.05,43.22,118.83,0.9215,3,0,-1
578,106,871.26,442.97,41.78,71.16,0.8483,1,3,-1
578,107,1265.70,498.01,56.08,100.65,0.9238,2,2,-1
578,118,318.75,544.46,70.72,101.62,0.9344,2,1,-1
578,128,487.39,587.43,69.45,121.35,0.9347,2,1,-1
578,130,1527.19,496.23,62.66,105.17,0.9323,2,1,-1
578,0,766.50,497.08,13.86,15.00,1.0,0,-1,-1
579,1,403.40,521.93,61.32,105.45,0.9305,2,2,-1
579,9,1299.96,765.26,74.10,170.81,0.9043,2,2,-1
579,11,1784.80,456.88,39.33,85.87,0.8660,2,1,-1
579,26,1696.82,531.46,49.11,118.64,0.9310,3,0,-1
579,106,877.32,440.20,43.82,73.93,0.7892,1,3,-1
579,107,1278.11,497.94,54.57,101.06,0.9231,2,2,-1
579,118,332.07,545.58,64.92,101.23,0.9093,2,1,-1
579,128,503.84,585.82,67.33,122.69,0.9387,2,1,-1
579,130,1537.29,498.83,59.52,104.30,0.9275,2,1,-1
579,0,771.48,495.58,13.19,13.50,1.0,0,-1,-1
580,1,417.89,519.03,64.88,106.04,0.9307,2,2,-1
580,9,1296.87,764.51,73.87,170.01,0.8904,2,2,-1
580,11,1795.60,454.70,39.02,89.14,0.9144,2,1,-1
580,26,1705.38,533.91,56.67,116.54,0.9261,3,0,-1
580,106,887.99,437.49,47.83,76.48,0.8824,1,3,-1
580,107,1289.66,500.62,51.19,99.56,0.8934,2,2,-1
580,118,346.31,544.79,60.10,99.39,0.9081,2,1,-1
580,124,758.59,416.93,36.52,68.05,0.6129,3,0,-1
580,128,521.04,584.07,62.63,124.08,0.9359,2,1,-1
580,130,1549.26,503.38,51.84,100.37,0.9232,2,1,-1
580,0,778.28,494.68,13.35,14.50,1.0,0,-1,-1
581,1,430.11,517.61,71.91,107.50,0.9339,2,2,-1
581,9,1300.11,763.53,84.27,171.84,0.9295,2,2,-1
581,11,1808.15,467.17,39.55,76.86,0.9119,2,1,-1
581,26,1715.21,535.52,64.38,116.07,0.9317,3,0,-1
581,106,891.51,439.77,53.46,74.63,0.8865,1,3,-1
581,107,1300.32,502.13,46.00,97.77,0.8890,2,2,-1
581,118,361.22,541.36,63.61,101.22,0.9275,2,1,-1
581,124,772.60,416.27,43.56,69.89,0.7303,3,0,-1
581,128,538.04,582.93,56.85,124.04,0.9221,2,1,-1
581,130,1557.83,504.13,46.71,99.17,0.8897,2,1,-1
581,0,784.82,494.51,14.20,12.65,1.0,0,-1,-1
582,1,443.34,516.45,75.05,101.99,0.9344,2,2,-1
582,9,1302.30,760.85,91.99,172.23,0.9296,2,2,-1
582,11,1815.88,467.30,48.54,78.15,0.9222,2,1,-1
582,26,1728.14,536.56,69.29,115.65,0.9279,3,0,-1
582,106,903.27,443.82,49.36,72.15,0.8705,1,3,-1
582,107,1313.48,507.25,39.66,92.62,0.9063,2,2,-1
582,118,375.27,537.25,65.59,100.84,0.9177,2,1,-1
582,124,787.48,417.05,44.53,69.33,0.5142,3,0,-1
582,128,557.45,582.27,51.81,122.34,0.9264,2,1,-1
582,130,1564.57,504.56,41.41,98.81,0.9112,2,1,-1
582,0,791.81,494.25,14.76,14.90,1.0,0,-1,-1
583,1,456.18,515.83,74.80,100.31,0.9220,2,2,-1
583,9,1306.81,758.60,97.53,175.59,0.9042,2,2,-1
583,11,1820.53,453.65,59.94,90.41,0.9315,2,1,-1
583,26,1743.71,537.69,71.18,114.94,0.9401,3,0,-1
583,106,896.90,458.01,36.78,59.17,0.7902,1,3,-1
583,107,1326.27,503.81,39.49,96.53,0.9142,2,2,-1
583,118,388.56,534.82,68.33,100.93,0.9288,2,1,-1
583,124,800.14,418.33,45.27,68.85,0.5409,3,0,-1
583,128,576.00,582.42,50.68,122.64,0.9299,2,1,-1
583,130,1574.15,502.68,46.89,100.72,0.9298,2,1,-1
583,0,800.39,495.80,15.67,16.77,1.0,0,-1,-1
584,1,467.91,516.09,72.02,101.50,0.9087,2,2,-1
584,9,1309.93,757.85,98.15,171.83,0.8940,2,2,-1
584,11,1832.77,456.39,59.56,87.01,0.9250,2,1,-1
584,26,1761.03,538.56,69.16,113.82,0.9389,3,0,-1
584,106,921.30,452.30,38.74,65.49,0.8710,1,3,-1
584,107,1336.39,500.90,45.10,100.12,0.9138,2,2,-1
584,118,401.61,533.63,65.26,100.75,0.9278,2,1,-1
584,128,594.72,583.58,48.38,120.70,0.9273,2,1,-1
584,130,1583.84,502.25,52.21,101.76,0.9282,2,1,-1
584,0,806.95,497.20,15.20,15.26,1.0,0,-1,-1
585,1,480.22,516.18,65.20,100.13,0.9205,2,2,-1
585,9,1311.75,760.28,68.33,126.72,0.7451,2,2,-1
585,11,1849.85,457.69,53.48,86.61,0.9113,2,1,-1
585,26,1776.27,538.39,67.72,113.71,0.9284,3,0,-1
585,106,928.02,442.35,46.84,76.21,0.8696,1,3,-1
585,107,1350.12,499.61,47.55,101.49,0.9208,2,2,-1
585,118,414.75,532.93,62.94,102.08,0.9188,2,1,-1
585,128,612.99,586.36,48.40,118.05,0.9324,2,1,-1
585,130,1592.34,501.38,58.49,103.11,0.9386,2,1,-1
585,0,815.56,500.09,13.78,14.98,1.0,0,-1,-1
586,1,491.00,514.18,61.36,101.54,0.9221,2,2,-1
586,9,1319.92,764.12,54.34,121.31,0.8514,2,2,-1
586,11,1865.29,458.89,49.02,84.90,0.8426,2,1,-1
586,26,1792.50,539.40,62.85,112.46,0.9257,3,0,-1
586,106,930.96,440.70,55.37,75.92,0.9060,1,3,-1
586,107,1359.14,499.14,52.53,101.94,0.9203,2,2,-1
586,118,427.18,532.81,54.27,101.40,0.9224,2,1,-1
586,128,628.41,589.53,51.58,116.11,0.9353,2,1,-1
586,130,1598.80,501.53,66.11,101.69,0.9339,2,1,-1
586,0,823.63,501.89,14.53,15.13,1.0,0,-1,-1
587,1,502.35,510.96,62.26,104.43,0.9269,2,2,-1
587,9,1315.18,765.70,66.76,168.89,0.8429,2,2,-1
587,11,1879.26,458.65,40.63,85.77,0.8628,2,1,-1
587,26,1810.70,539.92,54.76,112.19,0.9195,3,0,-1
587,106,930.11,441.15,61.65,75.90,0.8711,1,3,-1
587,107,1370.19,499.72,55.69,100.01,0.9136,2,2,-1
587,118,438.71,532.87,48.82,101.45,0.9259,2,1,-1
587,128,641.62,592.59,56.67,114.92,0.9390,2,1,-1
587,130,1609.50,502.98,69.85,101.47,0.9345,2,1,-1
587,0,831.34,498.98,14.92,15.86,1.0,0,-1,-1
588,1,512.20,507.82,65.19,105.69,0.9275,2,2,-1
588,9,1322.52,766.52,70.44,170.09,0.9101,2,2,-1
588,11,1892.33,458.09,32.57,88.66,0.8586,2,1,-1
588,26,1826.76,540.72,47.50,110.90,0.8979,3,0,-1
588,106,943.96,442.35,54.84,69.58,0.8072,2,-1,-1
588,107,1385.41,499.80,55.01,100.54,0.9129,2,2,-1
588,118,450.40,531.87,54.24,101.90,0.9300,2,1,-1
588,128,654.90,593.58,61.44,112.10,0.9370,2,1,-1
588,130,1625.30,504.14,64.42,102.76,0.9094,2,1,-1
588,0,840.89,497.89,13.98,14.25,1.0,0,-1,-1
589,1,523.19,506.42,68.26,102.63,0.9378,2,2,-1
589,9,1328.35,766.31,82.94,174.09,0.9144,2,2,-1
589,26,1825.44,540.45,60.80,113.66,0.9159,3,0,-1
589,106,933.76,446.29,48.28,68.63,0.7059,2,-1,-1
589,107,1400.24,501.69,50.60,98.97,0.9098,2,2,-1
589,118,459.59,529.99,64.48,100.64,0.9421,2,1,-1
589,128,668.89,593.58,66.89,112.04,0.9380,2,1,-1
589,130,1638.95,504.95,58.24,101.27,0.8988,2,1,-1
589,0,849.46,497.01,14.51,14.49,1.0,0,-1,-1
590,1,533.69,505.16,70.15,100.57,0.9320,2,2,-1
590,9,1330.38,764.01,93.92,173.84,0.9207,2,2,-1
590,26,1841.72,539.08,65.56,113.17,0.9070,3,0,-1
590,65,1452.14,466.33,36.11,95.89,0.8810,2,1,-1
590,106,948.79,442.83,55.06,74.46,0.8716,2,1,-1
590,107,1411.78,502.50,46.64,98.24,0.8979,2,2,-1
590,118,470.43,527.74,69.93,100.98,0.9347,2,1,-1
590,128,682.15,592.32,71.70,113.12,0.9375,2,1,-1
590,130,1650.02,504.82,51.78,101.01,0.9045,2,1,-1
590,0,858.45,496.83,15.38,15.58,1.0,0,-1,-1
591,1,543.98,504.70,67.85,101.47,0.9105,2,2,-1
591,9,1334.05,761.20,98.21,170.56,0.9123,2,2,-1
591,26,1852.54,536.08,67.06,118.84,0.9131,3,0,-1
591,65,1467.81,468.25,34.96,93.96,0.8607,2,1,-1
591,106,964.93,442.11,53.95,73.70,0.8836,2,1,-1
591,107,1424.65,501.99,42.47,98.50,0.9185,2,2,-1
591,118,480.85,526.35,71.41,99.21,0.9314,2,1,-1
591,128,689.21,591.28,82.41,115.32,0.9353,2,1,-1
591,130,1659.58,503.47,47.31,101.94,0.9093,2,1,-1
591,0,867.74,497.36,14.13,14.16,1.0,0,-1,-1
592,1,556.60,504.92,62.75,100.25,0.9259,2,2,-1
592,9,1343.46,759.12,100.52,170.86,0.8954,2,2,-1
592,26,1867.95,534.90,54.96,115.71,0.9086,3,0,-1
592,65,1486.59,482.53,29.31,78.74,0.8013,2,1,-1
592,106,969.94,440.92,56.48,74.85,0.8855,2,1,-1
592,107,1439.44,500.97,42.93,98.75,0.9229,2,2,-1
592,118,491.05,524.77,69.82,99.68,0.9261,2,1,-1
592,128,697.30,589.71,87.91,114.23,0.9285,2,1,-1
592,130,1675.78,502.76,49.94,101.97,0.9282,2,1,-1
592,0,878.16,498.55,15.58,16.41,1.0,0,-1,-1
593,1,568.70,505.34,56.50,99.22,0.9042,2,2,-1
593,9,1342.75,759.50,84.57,164.30,0.8496,2,2,-1
593,26,1882.63,535.20,43.32,116.06,0.8753,3,0,-1
593,65,1504.23,493.82,26.54,67.23,0.8286,2,1,-1
593,107,1453.00,498.21,46.85,101.02,0.9176,2,2,-1
593,118,503.06,524.48,64.41,97.35,0.9291,2,1,-1
593,124,959.47,440.23,38.99,76.00,0.8565,3,0,-1
593,128,711.00,588.00,84.27,114.36,0.9408,2,1,-1
593,130,1687.97,500.25,55.08,105.03,0.9291,2,1,-1
593,0,889.05,499.84,14.85,13.00,1.0,0,-1,-1
594,1,582.18,502.91,52.78,100.42,0.9211,2,2,-1
594,9,1359.14,761.28,83.41,160.13,0.8594,2,2,-1
594,65,1522.04,497.79,26.91,63.58,0.8321,2,1,-1
594,107,1467.06,496.53,51.01,102.15,0.9327,2,2,-1
594,118,514.36,524.48,59.45,97.03,0.9251,2,1,-1
594,124,977.69,451.18,35.05,63.45,0.7903,3,0,-1
594,128,726.88,584.32,76.80,116.94,0.9438,2,1,-1
594,130,1700.90,499.18,59.30,104.21,0.9356,2,1,-1
594,0,899.30,497.71,15.24,14.09,1.0,0,-1,-1
595,1,595.43,500.48,56.94,100.74,0.9337,2,2,-1
595,9,1363.72,763.76,88.01,170.75,0.8342,2,2,-1
595,107,1480.65,495.62,55.12,101.60,0.9303,2,2,-1
595,118,525.76,522.63,55.23,96.93,0.9129,2,1,-1
595,123,1537.00,492.24,34.25,68.26,0.8550,2,-1,-1
595,124,999.51,439.98,38.59,75.58,0.8676,3,0,-1
595,128,743.58,581.18,68.87,117.95,0.9383,2,1,-1
595,130,1710.63,499.30,65.67,103.31,0.9363,2,1,-1
595,0,911.68,496.56,14.22,13.05,1.0,0,-1,-1
596,1,606.14,498.05,63.18,101.16,0.9319,2,2,-1
596,9,1367.91,764.29,76.26,170.50,0.8751,2,2,-1
596,107,1495.47,495.08,58.06,100.64,0.9373,2,2,-1
596,118,537.83,517.83,57.03,96.22,0.9198,2,1,-1
596,123,1553.90,486.90,40.84,74.22,0.8875,2,-1,-1
596,124,1008.66,435.99,44.78,78.09,0.8856,3,0,-1
596,128,763.22,577.66,59.34,116.71,0.9187,2,1,-1
596,130,1727.54,499.62,64.63,105.50,0.9191,2,1,-1
596,0,922.15,495.22,14.33,14.41,1.0,0,-1,-1
597,1,617.65,496.54,67.68,98.74,0.9340,2,2,-1
597,9,1374.34,763.36,57.78,125.23,0.7583,2,2,-1
597,107,1515.45,496.04,55.94,100.35,0.9183,2,2,-1
597,118,548.61,514.97,63.25,99.20,0.9286,2,1,-1
597,123,1570.27,483.60,48.51,77.58,0.8900,2,-1,-1
597,124,1015.74,432.67,51.99,79.44,0.8791,3,0,-1
597,128,781.90,575.74,54.52,118.82,0.9242,2,1,-1
597,130,1749.09,502.77,58.85,103.67,0.9234,2,1,-1
597,0,934.34,495.68,14.73,14.09,1.0,0,-1,-1
598,1,628.29,495.87,69.21,98.56,0.9241,2,2,-1
598,9,1377.09,760.07,82.60,170.24,0.8697,2,2,-1
598,107,1534.52,498.04,50.75,99.32,0.8801,2,2,-1
598,118,559.36,512.74,65.21,99.51,0.9327,2,1,-1
598,123,1589.22,485.89,56.01,75.86,0.8998,2,-1,-1
598,124,1025.05,430.46,54.77,81.82,0.8651,3,0,-1
598,128,798.53,575.49,53.30,120.10,0.9231,2,1,-1
598,130,1768.87,504.57,53.51,101.83,0.8649,2,1,-1
598,0,945.90,496.28,14.92,14.62,1.0,0,-1,-1
599,1,637.61,495.66,67.13,99.21,0.9247,2,2,-1
599,9,1386.32,757.44,91.97,178.60,0.8483,2,2,-1
599,107,1556.37,498.20,42.52,98.30,0.8935,2,2,-1
599,118,568.64,511.51,60.54,99.67,0.9263,2,1,-1
599,123,1611.73,487.27,59.76,75.15,0.8909,2,-1,-1
599,124,1009.63,432.60,46.76,77.40,0.8316,3,0,-1
599,128,817.13,576.26,50.71,118.91,0.9182,2,1,-1
599,130,1788.89,512.68,43.78,92.48,0.8810,2,1,-1
599,0,959.76,495.00,15.02,14.93,1.0,0,-1,-1
600,1,647.09,495.38,61.11,98.54,0.9070,2,2,-1
600,9,1397.40,756.31,96.19,175.36,0.8749,2,2,-1
600,107,1576.73,498.09,39.18,100.23,0.9235,2,2,-1
600,118,580.07,511.52,58.36,102.04,0.9283,2,1,-1
600,123,1634.96,488.95,62.76,74.35,0.8892,2,1,-1
600,124,1042.15,433.28,41.90,78.04,0.8032,3,0,-1
600,128,834.22,578.38,48.94,117.54,0.9182,2,1,-1
600,130,1807.37,508.46,45.92,97.96,0.9117,2,1,-1
600,0,972.18,493.98,15.82,15.62,1.0,0,-1,-1
601,1,657.85,493.66,58.43,100.96,0.9220,2,2,-1
601,9,1393.15,756.18,90.13,174.95,0.6732,2,2,-1
601,107,1594.42,495.82,43.21,102.97,0.9145,2,2,-1
601,118,591.10,511.85,51.14,101.86,0.9372,2,1,-1
601,123,1658.30,486.29,64.12,77.62,0.8932,2,1,-1
601,124,1054.48,431.43,41.65,80.97,0.8702,3,0,-1
601,128,850.84,580.77,47.25,120.57,0.9211,2,1,-1
601,130,1826.34,503.09,52.45,103.62,0.9290,2,1,-1
601,0,985.22,494.43,14.71,14.40,1.0,0,-1,-1
602,1,669.97,490.71,61.84,104.28,0.9249,2,2,-1
602,107,1612.84,494.19,48.04,106.09,0.9171,2,2,-1
602,118,601.16,512.34,43.99,101.32,0.9253,2,1,-1
602,123,1684.78,486.88,59.26,77.26,0.8916,2,1,-1
602,124,1063.50,430.30,47.13,80.92,0.8825,3,0,-1
602,128,867.68,582.35,46.58,119.60,0.9296,2,1,-1
602,130,1844.89,500.55,60.89,108.99,0.9293,2,1,-1
602,0,997.07,495.30,14.60,14.42,1.0,0,-1,-1
603,1,680.49,489.43,65.84,102.65,0.9299,2,2,-1
603,107,1630.94,493.87,52.31,105.98,0.9231,2,2,-1
603,118,613.67,510.21,49.64,102.67,0.9244,2,1,-1
603,123,1711.48,489.63,51.00,75.03,0.8839,2,1,-1
603,124,1042.93,441.83,39.09,67.60,0.8636,2,-1,-1
603,128,883.56,582.22,52.23,119.85,0.9371,2,1,-1
603,130,1856.03,500.74,63.58,109.70,0.9291,2,1,-1
603,0,1009.80,494.54,14.99,15.04,1.0,0,-1,-1
604,1,689.59,488.01,70.47,99.10,0.9348,2,2,-1
604,9,1424.31,772.72,86.76,171.39,0.8562,2,2,-1
604,107,1644.67,493.40,60.75,106.08,0.9254,2,2,-1
604,118,623.98,507.45,57.48,103.14,0.9283,2,1,-1
604,123,1734.69,488.68,45.48,75.58,0.8663,2,1,-1
604,124,1042.63,437.58,44.52,70.83,0.8531,2,-1,-1
604,128,896.57,581.14,58.30,119.93,0.9367,2,1,-1
604,130,1868.81,502.07,53.63,107.65,0.9139,2,1,-1
604,0,1021.43,494.82,15.03,14.43,1.0,0,-1,-1
605,1,698.19,487.82,69.96,100.37,0.9036,2,2,-1
605,9,1424.21,773.66,81.93,175.03,0.7986,2,2,-1
605,107,1662.65,494.57,64.67,105.08,0.9340,2,2,-1
605,118,631.50,505.99,66.14,103.11,0.9370,2,1,-1
605,123,1757.54,488.77,40.08,74.63,0.8501,2,1,-1
605,124,1043.47,432.95,57.88,76.48,0.8863,2,-1,-1
605,128,908.74,580.85,63.65,122.09,0.9332,2,1,-1
605,130,1885.89,505.97,44.22,107.27,0.8206,2,1,-1
606,1,708.51,489.03,63.10,101.61,0.9200,2,2,-1
606,9,1436.25,767.28,83.95,184.61,0.8863,2,2,-1
606,65,1782.64,496.95,32.76,68.75,0.8577,2,1,-1
606,107,1685.03,495.68,61.59,106.93,0.9293,2,2,-1
606,118,638.37,505.49,68.78,101.59,0.9308,2,1,-1
606,124,1056.78,435.34,55.69,73.66,0.8739,2,-1,-1
606,128,922.08,582.23,69.00,122.31,0.9358,2,1,-1
606,0,1044.25,495.13,16.14,14.65,1.0,0,-1,-1
607,1,719.91,489.71,47.16,75.96,0.8770,2,2,-1
607,9,1442.41,763.27,91.44,183.81,0.9188,2,2,-1
607,107,1703.48,498.05,56.24,105.52,0.9019,2,2,-1
607,118,646.97,505.46,69.34,102.37,0.9281,2,1,-1
607,123,1800.92,494.82,39.11,71.90,0.8974,2,1,-1
607,124,1069.26,451.23,45.28,59.15,0.8468,2,-1,-1
607,128,935.48,583.41,70.48,120.53,0.9262,2,1,-1
607,0,1053.79,493.19,14.84,14.87,1.0,0,-1,-1
608,1,726.31,488.68,55.31,101.99,0.9224,2,2,-1
608,9,1449.06,760.11,97.87,188.34,0.9054,2,2,-1
608,107,1719.15,497.92,53.06,105.57,0.9116,2,2,-1
608,118,654.09,505.58,65.28,103.87,0.9332,2,1,-1
608,123,1818.92,493.37,45.15,74.23,0.9066,2,1,-1
608,124,1080.06,433.17,46.78,76.02,0.8954,2,-1,-1
608,128,944.96,584.18,71.26,119.81,0.9329,2,1,-1
608,0,1061.81,491.69,14.29,15.78,1.0,0,-1,-1
609,1,731.88,486.75,65.65,103.38,0.9424,2,2,-1
609,9,1456.49,762.33,91.98,179.34,0.9024,2,2,-1
609,107,1735.54,497.77,49.10,106.30,0.9246,2,2,-1
609,118,659.80,507.56,59.28,100.81,0.9352,2,1,-1
609,123,1838.11,493.47,52.26,75.54,0.9049,2,1,-1
609,124,1114.94,425.53,47.03,84.82,0.8730,2,1,-1
609,128,952.84,584.92,72.67,119.85,0.9348,2,1,-1
609,0,1070.59,491.32,14.23,15.72,1.0,0,-1,-1
610,1,742.93,485.61,69.88,99.71,0.9331,2,2,-1
610,9,1447.89,761.87,100.94,181.65,0.9112,2,2,-1
610,107,1755.60,495.86,49.98,109.02,0.9299,2,2,-1
610,118,666.74,506.94,53.22,100.39,0.9068,2,1,-1
610,123,1858.95,495.75,55.38,74.08,0.8839,2,1,-1
610,124,1103.56,429.59,37.35,77.33,0.8901,2,1,-1
610,128,965.34,584.41,68.82,120.68,0.9243,2,1,-1
610,0,1079.71,492.00,14.70,14.97,1.0,0,-1,-1
611,1,751.93,484.88,71.15,98.23,0.9161,2,2,-1
611,9,1471.37,766.98,67.82,134.38,0.8506,2,2,-1
611,65,1883.57,497.61,36.17,72.12,0.8542,2,1,-1
611,107,1776.60,494.56,52.95,110.71,0.9260,2,2,-1
611,118,679.89,502.22,56.01,103.84,0.9199,2,1,-1
611,124,1114.51,430.95,35.50,77.84,0.8832,2,1,-1
611,128,980.68,582.32,59.92,120.73,0.9321,2,1,-1
611,0,1091.01,490.73,14.51,15.14,1.0,0,-1,-1
612,1,759.26,484.94,70.27,101.79,0.9009,2,2,-1
612,9,1480.92,770.37,87.58,180.29,0.8445,2,2,-1
612,107,1795.83,493.66,56.74,111.78,0.9347,2,2,-1
612,118,690.67,501.02,60.87,101.59,0.9357,2,1,-1
612,124,1146.97,429.74,35.51,82.55,0.8733,2,1,-1
612,127,1906.84,515.96,14.69,55.17,0.6381,2,1,-1
612,128,996.47,579.71,58.92,125.54,0.9184,2,1,-1
612,0,1101.91,489.35,15.07,15.67,1.0,0,-1,-1
613,1,767.18,485.47,62.29,100.74,0.9126,2,2,-1
613,9,1483.54,773.54,79.75,181.63,0.8960,2,2,-1
613,107,1814.32,493.37,62.29,112.74,0.9409,2,2,-1
613,118,700.47,499.38,64.16,101.18,0.9307,2,1,-1
613,124,1156.71,428.76,39.80,82.73,0.8731,2,1,-1
613,128,1014.24,576.60,58.42,129.86,0.9158,2,1,-1
613,0,1113.56,489.35,15.43,14.75,1.0,0,-1,-1
614,1,777.52,483.96,56.62,102.53,0.9141,2,2,-1
614,9,1487.43,768.21,82.57,187.93,0.9032,2,2,-1
614,107,1834.10,494.46,63.39,111.32,0.9409,2,2,-1
614,118,707.93,498.48,65.32,102.19,0.9201,2,1,-1
614,124,1167.75,428.26,42.15,84.21,0.8699,2,1,-1
614,128,1033.20,574.84,56.83,130.77,0.9264,2,1,-1
614,0,1125.36,489.89,14.87,14.06,1.0,0,-1,-1
615,1,786.95,480.29,59.42,105.46,0.9308,2,2,-1
615,9,1491.91,765.69,90.80,185.17,0.8941,2,2,-1
615,107,1854.30,495.86,58.94,110.95,0.9345,2,2,-1
615,118,715.05,497.80,62.63,103.29,0.9305,2,1,-1
615,124,1178.49,427.35,39.15,83.59,0.8887,2,1,-1
615,128,1046.20,575.01,59.09,129.55,0.9242,2,1,-1
615,0,1135.37,488.06,14.88,14.89,1.0,0,-1,-1
616,1,791.98,478.54,64.28,105.00,0.9380,2,2,-1
616,9,1492.59,762.50,96.14,186.81,0.9092,2,2,-1
616,107,1869.50,498.54,48.60,109.39,0.9133,2,2,-1
616,118,720.72,498.46,55.88,102.31,0.9107,2,1,-1
616,124,1158.41,428.17,41.24,77.88,0.8953,2,1,-1
616,128,1057.98,577.18,61.39,126.90,0.9235,2,1,-1
616,0,1143.77,487.90,14.34,14.94,1.0,0,-1,-1
617,1,793.25,477.09,72.09,102.12,0.9374,2,2,-1
617,9,1496.95,764.96,92.90,177.45,0.9138,2,2,-1
617,107,1885.11,500.19,37.81,108.04,0.9084,2,2,-1
617,118,725.49,499.28,45.69,103.44,0.9134,2,1,-1
617,124,1164.24,426.97,43.52,79.00,0.8877,2,1,-1
617,128,1069.34,579.05,57.84,125.43,0.9235,2,1,-1
617,0,1151.01,487.39,15.82,15.29,1.0,0,-1,-1
618,1,790.58,476.87,77.39,103.95,0.9262,2,2,-1
618,9,1485.44,760.61,105.40,187.08,0.8240,2,2,-1
618,107,1898.48,501.22,25.62,90.08,0.8563,2,2,-1
618,118,731.28,498.11,49.83,106.08,0.9330,2,1,-1
618,128,1074.52,582.00,58.45,121.96,0.9292,2,1,-1
618,0,1157.17,486.94,14.14,15.24,1.0,0,-1,-1
619,1,794.88,477.68,72.03,104.82,0.9042,2,2,-1
619,9,1474.50,765.17,104.10,192.94,0.7709,2,2,-1
619,107,1906.05,507.58,21.28,79.90,0.5836,2,2,-1
619,118,731.16,496.67,58.85,104.99,0.9340,2,1,-1
619,124,1179.57,429.11,34.40,77.91,0.8813,2,1,-1
619,128,1083.70,581.82,52.88,123.78,0.9315,2,1,-1
619,142,1211.85,417.29,33.00,90.29,0.8680,2,-1,-1
619,0,1161.27,486.56,13.94,15.48,1.0,0,-1,-1
620,1,797.00,477.53,60.40,104.68,0.9191,2,2,-1
620,9,1493.35,772.62,58.93,138.49,0.9182,2,2,-1
620,118,727.09,495.21,68.29,107.07,0.9362,2,1,-1
620,124,1179.98,427.58,34.01,79.32,0.9004,2,1,-1
620,128,1089.96,580.63,48.09,126.31,0.9301,2,1,-1
620,142,1216.97,416.68,31.73,90.73,0.9021,2,-1,-1
620,0,1163.26,486.39,13.71,14.49,1.0,0,-1,-1
621,1,793.20,475.83,48.99,106.76,0.9166,2,2,-1
621,9,1481.98,773.97,78.12,188.23,0.8844,2,2,-1
621,118,720.86,495.20,73.00,105.04,0.9302,2,1,-1
621,124,1178.29,425.89,39.94,80.65,0.9149,2,1,-1
621,128,1095.22,579.21,48.18,130.30,0.9326,2,1,-1
621,142,1217.73,420.20,29.65,90.16,0.9035,2,-1,-1
621,0,1163.33,487.47,13.67,14.57,1.0,0,-1,-1
622,1,791.36,472.84,46.25,109.91,0.9182,2,2,-1
622,9,1476.41,772.82,78.16,191.47,0.8957,2,2,-1
622,118,717.74,495.39,74.34,106.84,0.9219,2,1,-1
622,124,1174.36,423.65,43.98,81.15,0.8995,2,1,-1
622,128,1099.24,577.47,50.90,133.01,0.9398,2,1,-1
622,142,1215.10,421.91,32.92,89.27,0.9101,2,2,-1
622,0,1162.98,487.03,13.72,14.44,1.0,0,-1,-1
623,1,787.42,471.39,52.06,110.97,0.9293,2,2,-1
623,9,1470.74,771.46,77.99,193.20,0.9280,2,2,-1
623,118,715.35,495.67,64.66,106.65,0.9207,2,1,-1
623,124,1171.57,422.73,44.74,84.34,0.8949,2,1,-1
623,128,1100.28,576.97,55.96,133.51,0.9386,2,1,-1
623,142,1215.96,424.40,33.34,87.37,0.9105,2,2,-1
623,0,1162.52,487.25,15.06,15.04,1.0,0,-1,-1
624,1,781.71,471.04,57.52,106.56,0.9219,2,2,-1
624,9,1464.62,769.64,86.08,194.86,0.9168,2,2,-1
624,118,708.96,494.53,57.90,107.98,0.9159,2,1,-1
624,124,1172.02,422.08,36.15,84.95,0.8888,2,1,-1
624,128,1097.35,577.31,64.00,133.92,0.9443,2,1,-1
624,142,1215.64,424.71,34.51,87.62,0.8923,2,2,-1
624,0,1160.78,487.82,13.70,14.78,1.0,0,-1,-1
625,1,763.61,470.90,69.84,108.80,0.9355,2,2,-1
625,9,1453.09,764.66,90.40,192.41,0.9147,2,2,-1
625,118,700.49,491.22,49.84,110.90,0.9075,2,1,-1
625,124,1169.19,422.17,30.98,85.08,0.9135,2,1,-1
625,128,1097.04,578.59,66.65,132.63,0.9397,2,1,-1
625,142,1212.25,424.68,38.17,87.56,0.8950,2,2,-1
625,0,1157.45,487.22,14.62,16.18,1.0,0,-1,-1
626,1,755.17,471.96,68.87,109.24,0.9226,2,2,-1
626,9,1431.85,762.30,101.04,189.95,0.9188,2,2,-1
626,118,693.46,488.56,52.44,117.44,0.9233,2,1,-1
626,124,1161.54,422.51,31.51,81.91,0.8735,2,1,-1
626,128,1095.73,581.40,68.73,130.39,0.9394,2,1,-1
626,142,1205.90,424.13,40.88,88.45,0.9127,2,2,-1
626,0,1153.43,487.45,13.82,14.51,1.0,0,-1,-1
627,1,750.41,473.61,59.01,108.67,0.9025,2,2,-1
627,9,1417.05,766.42,106.40,185.04,0.9049,2,2,-1
627,118,685.32,487.97,56.48,110.91,0.9365,2,1,-1
627,124,1151.88,423.09,32.98,81.93,0.8984,2,1,-1
627,128,1090.27,583.63,69.26,129.30,0.9353,2,1,-1
627,142,1198.48,424.10,43.55,85.19,0.9233,2,2,-1
628,1,742.42,473.98,48.85,108.48,0.9135,2,2,-1
628,9,1402.14,770.79,100.01,192.06,0.8632,2,2,-1
628,118,673.31,487.39,60.99,106.82,0.9298,2,1,-1
628,124,1143.82,423.06,34.60,83.09,0.9159,2,1,-1
628,128,1084.63,584.94,70.19,129.22,0.9287,2,1,-1
628,142,1194.61,423.64,43.68,86.01,0.9141,2,2,-1
629,1,735.85,471.83,45.58,111.49,0.9147,2,2,-1
629,9,1408.42,773.22,69.02,139.97,0.9203,2,2,-1
629,118,658.58,487.93,65.45,108.18,0.9333,2,1,-1
629,124,1137.09,423.77,34.77,81.65,0.9187,2,1,-1
629,128,1078.28,584.46,66.14,131.11,0.9160,2,1,-1
629,142,1194.13,423.27,36.22,86.84,0.8930,2,2,-1
630,1,731.83,469.91,43.38,112.39,0.9246,2,2,-1
630,9,1392.98,781.35,83.60,182.77,0.8302,2,2,-1
630,118,647.41,489.39,65.63,110.54,0.9178,2,1,-1
630,124,1123.27,422.85,47.33,84.86,0.9384,2,1,-1
630,128,1080.25,582.18,59.93,133.83,0.9179,2,1,-1
630,142,1191.03,421.39,31.66,88.91,0.8938,2,2,-1
631,1,718.16,468.83,50.64,113.57,0.9281,2,2,-1
631,9,1382.01,773.48,71.38,196.08,0.8965,2,2,-1
631,118,643.70,490.32,57.65,109.32,0.9147,2,1,-1
631,124,1121.54,422.67,47.31,83.48,0.9334,2,1,-1
631,128,1082.38,579.43,58.79,137.12,0.9287,2,1,-1
631,142,1187.12,419.21,31.67,86.82,0.8579,2,2,-1
632,1,707.76,468.92,57.46,109.76,0.9332,2,2,-1
632,9,1375.02,771.36,82.20,195.29,0.9132,2,2,-1
632,118,636.30,490.02,54.78,109.71,0.9134,2,1,-1
632,124,1121.56,426.50,41.71,79.97,0.8890,2,1,-1
632,128,1086.25,578.08,56.56,139.54,0.9229,2,1,-1
632,142,1182.46,417.57,39.36,91.71,0.9173,2,2,-1
633,1,702.56,470.54,57.81,108.28,0.9335,2,2,-1
633,9,1363.18,768.38,92.43,194.89,0.9089,2,2,-1
633,118,630.54,488.02,47.76,112.28,0.9120,2,1,-1
633,124,1118.14,430.15,36.32,76.77,0.8424,2,1,-1
633,128,1088.13,578.48,55.15,136.99,0.9298,2,1,-1
633,142,1175.86,417.31,46.31,88.21,0.9189,2,2,-1
634,1,702.50,471.72,50.07,108.58,0.9131,2,2,-1
634,9,1351.99,767.78,91.39,186.44,0.8971,2,2,-1
634,118,628.20,486.09,44.09,112.80,0.9367,2,1,-1
634,124,1117.73,433.24,32.05,69.23,0.8702,2,1,-1
634,128,1086.77,579.34,54.40,135.45,0.9297,2,1,-1
634,142,1170.70,417.39,50.00,89.26,0.9284,2,2,-1
635,1,698.53,470.91,42.27,109.24,0.9197,2,2,-1
635,9,1333.71,765.35,93.07,179.77,0.8273,2,2,-1
635,118,619.65,484.45,51.68,115.42,0.9395,2,1,-1
635,124,1106.29,425.25,36.38,76.98,0.9039,2,1,-1
635,128,1082.80,582.48,53.36,131.40,0.9400,2,1,-1
635,142,1168.49,417.31,42.42,91.25,0.9196,2,2,-1
636,1,688.87,469.71,41.62,109.99,0.9214,2,2,-1
636,9,1305.09,765.42,99.66,192.67,0.7872,2,2,-1
636,118,602.53,483.12,62.29,113.34,0.9370,2,1,-1
636,124,1097.06,427.03,38.02,75.95,0.9165,2,1,-1
636,128,1076.04,584.53,51.24,129.74,0.9313,2,1,-1
636,142,1165.05,417.77,35.75,90.53,0.9000,2,2,-1
636,0,1829.93,567.83,10.54,10.04,1.0,0,-1,-1
637,1,676.53,467.58,45.03,114.15,0.9264,2,2,-1
637,9,1309.17,771.06,62.78,131.55,0.8602,2,2,-1
637,107,1909.01,539.63,13.02,69.54,0.6216,2,2,-1
637,118,587.80,483.35,71.48,111.93,0.9336,2,1,-1
637,124,1089.28,437.28,37.73,66.56,0.9034,2,1,-1
637,128,1070.47,585.40,48.71,129.60,0.9264,2,1,-1
637,142,1158.05,430.89,29.89,78.04,0.7989,2,2,-1
638,1,659.56,468.20,52.68,109.17,0.9316,2,2,-1
638,9,1286.76,774.73,77.33,187.87,0.8477,2,2,-1
638,107,1900.31,513.41,19.32,95.20,0.8036,2,2,-1
638,118,574.61,484.57,73.98,110.36,0.9348,2,1,-1
638,124,1082.23,429.74,43.90,74.46,0.9048,2,1,-1
638,128,1065.59,584.71,46.34,132.06,0.9232,2,1,-1
638,142,1151.02,443.79,23.33,61.06,0.8198,2,2,-1
639,1,646.17,468.76,57.68,107.16,0.9347,2,2,-1
639,9,1273.71,773.06,78.15,191.04,0.8907,2,2,-1
639,107,1894.79,499.16,24.69,110.41,0.8774,2,2,-1
639,118,568.01,486.85,65.77,111.62,0.9161,2,1,-1
639,124,1066.44,439.05,47.06,66.99,0.8247,2,1,-1
639,128,1061.06,583.04,46.59,134.53,0.9319,2,1,-1
639,142,1139.25,425.58,32.23,82.00,0.8050,2,2,-1
640,1,636.08,471.27,57.54,105.50,0.9246,2,2,-1
640,9,1261.02,772.50,76.79,189.77,0.8737,2,2,-1
640,107,1891.12,499.12,28.29,113.83,0.9092,2,2,-1
640,118,559.10,487.70,57.79,112.33,0.8883,2,1,-1
640,124,1066.22,438.57,39.18,68.41,0.8483,2,1,-1
640,128,1055.29,581.53,50.13,135.43,0.9310,2,1,-1
640,142,1129.55,432.45,35.00,75.10,0.8153,2,2,-1
641,1,631.07,473.78,53.08,105.95,0.9310,2,2,-1
641,9,1245.96,769.89,79.18,195.16,0.9106,2,2,-1
641,107,1880.47,500.41,37.51,112.24,0.9184,2,2,-1
641,118,539.63,487.60,55.53,112.26,0.9052,2,1,-1
641,124,1062.60,436.31,36.24,71.81,0.9082,2,1,-1
641,128,1046.29,580.38,55.99,135.53,0.9382,2,1,-1
641,142,1115.07,430.01,39.92,78.33,0.8643,2,2,-1
642,1,626.89,474.55,46.97,104.58,0.9206,2,2,-1
642,9,1228.37,762.15,83.07,195.85,0.9153,2,2,-1
642,107,1867.23,500.44,48.23,113.23,0.9123,2,2,-1
642,118,531.32,485.82,52.75,113.30,0.8140,2,1,-1
642,124,1052.86,436.47,36.15,69.00,0.8943,2,1,-1
642,128,1034.25,580.77,61.79,136.11,0.9361,2,1,-1
642,142,1103.89,441.62,38.49,66.59,0.8965,2,2,-1
643,1,614.75,473.84,45.88,105.66,0.9189,2,2,-1
643,9,1204.26,760.28,88.63,191.12,0.9186,2,2,-1
643,107,1851.15,499.08,53.92,113.81,0.9178,2,2,-1
643,118,523.09,483.95,46.73,112.23,0.9101,2,1,-1
643,124,1037.82,431.72,46.00,74.44,0.9067,2,1,-1
643,128,1023.04,582.41,65.28,131.92,0.9361,2,1,-1
643,142,1095.48,429.45,42.32,78.21,0.8878,2,2,-1
643,0,1828.23,574.37,12.67,11.44,1.0,0,-1,-1
644,1,596.67,472.96,49.95,105.28,0.9148,2,2,-1
644,9,1180.49,757.02,96.28,188.76,0.9111,2,2,-1
644,107,1836.97,496.02,55.71,116.42,0.9142,2,2,-1
644,118,508.73,483.38,47.66,111.73,0.9322,2,1,-1
644,124,1030.38,439.47,41.30,66.80,0.9127,2,1,-1
644,128,1010.67,583.67,66.77,130.93,0.9315,2,1,-1
644,142,1084.53,432.80,38.57,72.78,0.8786,2,2,-1
644,0,1820.26,573.82,14.09,13.04,1.0,0,-1,-1
645,1,579.37,472.42,53.85,105.07,0.9219,2,2,-1
645,9,1155.69,757.88,101.76,185.31,0.9095,2,2,-1
645,107,1821.66,493.35,56.28,117.11,0.9205,2,2,-1
645,118,489.16,482.67,51.27,108.54,0.9337,2,1,-1
645,124,1013.90,438.23,37.25,68.44,0.8624,2,1,-1
645,128,995.16,584.67,62.07,129.44,0.9303,2,1,-1
645,142,1075.73,428.36,35.96,76.66,0.8598,2,2,-1
646,1,565.33,473.54,53.44,104.33,0.8919,2,2,-1
646,9,1147.78,762.48,71.58,132.71,0.8953,2,2,-1
646,107,1808.58,492.57,55.27,113.92,0.9351,2,2,-1
646,118,468.63,483.82,53.61,108.62,0.9208,2,1,-1
646,124,998.78,434.31,35.47,73.04,0.8830,2,1,-1
646,128,983.08,585.57,55.97,128.80,0.9209,2,1,-1
646,142,1063.71,424.99,34.06,79.57,0.8905,2,2,-1
647,1,556.64,473.68,49.32,102.61,0.9056,2,2,-1
647,9,1119.34,761.93,83.03,185.58,0.8792,2,2,-1
647,107,1792.66,490.85,55.84,112.07,0.9405,2,2,-1
647,118,448.92,485.53,49.22,108.53,0.9151,2,1,-1
647,124,987.32,442.76,34.87,61.67,0.8877,2,1,-1
647,128,971.77,583.89,51.73,130.94,0.9214,2,1,-1
647,142,1050.58,420.74,35.27,83.66,0.8913,2,2,-1
648,1,544.33,471.16,47.02,103.21,0.9114,2,2,-1
648,9,1098.00,760.89,75.28,186.30,0.8522,2,2,-1
648,107,1774.99,491.34,54.52,112.15,0.9357,2,2,-1
648,118,435.75,486.82,44.55,108.09,0.9259,2,1,-1
648,124,967.35,443.62,38.60,61.17,0.8972,2,1,-1
648,128,958.66,581.43,49.79,131.85,0.9233,2,1,-1
648,142,1034.53,420.81,34.46,83.14,0.8956,2,2,-1
649,1,529.30,467.65,47.04,105.91,0.8733,2,2,-1
649,9,1077.26,754.10,70.25,193.25,0.8957,2,2,-1
649,107,1758.23,493.13,52.71,112.10,0.9233,2,2,-1
649,118,421.54,486.78,41.12,108.00,0.9116,2,1,-1
649,124,948.28,442.63,39.41,61.66,0.8879,2,1,-1
649,128,944.04,578.87,49.63,134.30,0.9259,2,1,-1
649,130,1888.75,522.32,31.29,112.94,0.8858,2,1,-1
649,142,1018.30,420.21,37.26,83.80,0.9010,2,2,-1
650,1,516.20,467.02,46.49,107.00,0.8617,2,2,-1
650,9,1061.55,749.32,74.93,191.58,0.9218,2,2,-1
650,107,1743.14,494.37,48.58,111.53,0.9273,2,2,-1
650,118,400.44,485.82,43.90,110.08,0.9176,2,1,-1
650,124,928.12,420.08,47.28,85.13,0.8188,2,1,-1
650,128,932.60,576.76,50.11,136.48,0.9159,2,1,-1
650,130,1882.91,547.13,31.02,88.85,0.8269,2,1,-1
650,142,1001.39,418.27,44.51,86.03,0.9167,2,2,-1
651,1,506.19,465.35,48.96,108.42,0.9161,2,2,-1
651,9,1046.01,744.54,79.43,191.85,0.8961,2,2,-1
651,107,1728.98,494.25,44.99,110.26,0.9251,2,2,-1
651,118,391.07,483.63,42.03,112.24,0.9237,2,1,-1
651,124,923.21,421.83,38.08,84.68,0.9131,2,1,-1
651,127,1894.74,486.55,24.79,77.23,0.7773,2,1,-1
651,128,924.12,576.36,48.54,131.71,0.9291,2,1,-1
651,130,1857.62,518.46,37.79,118.69,0.8896,2,1,-1
651,142,986.27,418.14,51.73,85.32,0.9159,2,2,-1
652,1,498.90,465.14,50.94,105.78,0.9222,2,2,-1
652,9,1032.07,741.42,82.45,188.70,0.8844,2,2,-1
652,26,1883.54,462.63,35.44,101.62,0.9134,3,0,-1
652,107,1716.34,492.41,45.15,111.64,0.9170,2,2,-1
652,118,382.10,481.91,43.57,113.59,0.9364,2,1,-1
652,124,912.76,421.83,42.89,83.95,0.9216,2,1,-1
652,128,916.04,577.12,50.40,129.12,0.9313,2,1,-1
652,130,1840.52,516.73,43.18,117.96,0.9151,2,1,-1
652,142,974.00,419.74,57.24,83.82,0.9075,2,2,-1
653,1,492.83,466.24,51.75,104.56,0.9255,2,2,-1
653,9,1007.46,739.67,96.29,182.06,0.9238,2,2,-1
653,26,1874.09,460.76,37.26,103.46,0.9116,3,0,-1
653,107,1703.71,491.74,50.30,112.53,0.9249,2,2,-1
653,118,371.67,481.57,52.46,114.28,0.9322,2,1,-1
653,124,902.00,434.82,46.18,68.85,0.9202,2,1,-1
653,128,910.49,579.59,48.01,126.24,0.9348,2,1,-1
653,130,1825.44,515.19,49.65,119.97,0.9215,2,1,-1
653,142,967.46,422.12,61.26,82.22,0.9010,2,2,-1
654,1,492.00,467.83,49.07,105.20,0.9219,2,2,-1
654,9,993.09,743.24,102.74,172.68,0.9188,2,2,-1
654,26,1865.18,458.32,36.68,106.10,0.9080,3,0,-1
654,107,1687.89,492.19,60.98,110.90,0.9240,2,2,-1
654,118,360.94,482.02,61.35,110.28,0.9324,2,1,-1
654,124,884.86,425.94,59.06,77.23,0.9224,2,1,-1
654,128,905.08,581.84,47.55,123.85,0.9342,2,1,-1
654,130,1809.66,512.97,56.86,122.39,0.9328,2,1,-1
654,142,965.44,422.59,58.35,82.36,0.9082,2,2,-1
655,1,491.96,469.14,44.66,103.93,0.9158,2,2,-1
655,9,987.48,744.94,98.92,180.56,0.8740,2,2,-1
655,26,1855.52,456.21,37.67,107.85,0.9164,3,0,-1
655,107,1672.65,491.74,67.90,107.88,0.9347,2,2,-1
655,118,353.87,483.09,66.63,107.22,0.9424,2,1,-1
655,124,872.79,439.91,65.48,63.37,0.9359,2,1,-1
655,128,899.29,581.61,45.97,123.47,0.9338,2,1,-1
655,130,1793.08,511.93,63.07,120.20,0.9353,2,1,-1
655,142,961.42,423.04,53.02,82.34,0.8901,2,2,-1
655,0,994.02,485.65,18.55,18.44,1.0,0,-1,-1
656,1,490.33,470.09,41.73,102.06,0.9127,2,2,-1
656,9,975.02,746.93,88.68,175.98,0.8924,2,2,-1
656,26,1845.18,454.14,40.90,109.83,0.9285,3,0,-1
656,107,1660.44,490.91,73.33,107.57,0.9453,2,2,-1
656,118,347.43,485.70,67.57,107.65,0.9241,2,1,-1
656,124,866.07,442.61,67.34,61.85,0.9067,2,1,-1
656,128,894.13,580.69,45.34,126.21,0.9298,2,1,-1
656,130,1773.64,510.91,73.13,117.08,0.9319,2,1,-1
656,142,959.56,422.45,46.24,83.51,0.9013,2,2,-1
657,1,486.92,469.76,41.56,102.11,0.9180,2,2,-1
657,9,963.58,744.27,78.62,177.81,0.9077,2,2,-1
657,26,1835.27,454.51,45.50,105.64,0.9309,3,0,-1
657,107,1653.17,493.54,74.22,106.71,0.9413,2,2,-1
657,118,344.75,487.18,60.72,106.27,0.9336,2,1,-1
657,124,861.20,440.84,63.85,63.56,0.8813,2,1,-1
657,128,888.79,578.36,44.78,127.10,0.9379,2,1,-1
657,130,1758.36,511.45,79.48,117.84,0.9297,2,1,-1
657,142,956.74,419.07,41.18,87.48,0.9011,2,2,-1
658,1,483.34,469.54,42.13,101.09,0.9202,2,2,-1
658,9,954.67,738.81,71.85,178.46,0.9079,2,2,-1
658,26,1827.70,454.06,49.84,104.24,0.9352,3,0,-1
658,107,1651.06,494.64,69.49,105.58,0.9383,2,2,-1
658,118,337.88,486.49,55.84,106.46,0.9315,2,1,-1
658,124,858.42,442.64,51.95,62.80,0.9013,2,1,-1
658,128,882.72,575.04,44.89,129.55,0.9334,2,1,-1
658,130,1747.28,513.59,79.81,116.64,0.8777,2,1,-1
658,142,952.99,417.15,37.21,89.27,0.8933,2,2,-1
659,1,480.39,470.22,42.69,99.82,0.9143,2,2,-1
659,9,942.65,734.29,71.62,184.52,0.8989,2,2,-1
659,26,1823.46,455.04,51.08,102.71,0.9355,3,0,-1
659,107,1645.85,495.11,62.66,105.19,0.9315,2,2,-1
659,118,328.52,485.25,51.39,108.17,0.9338,2,1,-1
659,124,852.56,445.27,42.45,60.45,0.8888,2,1,-1
659,128,877.18,573.29,45.98,130.94,0.9427,2,1,-1
659,130,1738.90,516.12,71.57,108.98,0.7245,2,1,-1
659,142,951.03,417.89,34.96,88.06,0.8919,2,2,-1
660,1,477.83,471.09,42.61,98.62,0.9142,2,2,-1
660,9,936.27,731.94,71.03,184.76,0.8983,2,2,-1
660,26,1821.95,456.23,48.43,103.01,0.9341,3,0,-1
660,107,1641.76,493.27,55.67,106.83,0.9278,2,2,-1
660,118,322.81,482.58,43.63,106.14,0.9152,2,1,-1
660,124,846.25,442.31,35.32,64.18,0.8797,2,1,-1
660,128,868.71,572.98,51.44,131.54,0.9385,2,1,-1
660,130,1733.89,517.59,43.51,75.72,0.8082,2,1,-1
660,142,947.83,416.40,35.07,89.46,0.8938,2,2,-1
661,1,475.27,469.81,43.02,99.25,0.9239,2,2,-1
661,9,926.40,726.15,73.67,184.70,0.9263,2,2,-1
661,26,1820.20,456.82,44.09,102.13,0.9276,3,0,-1
661,107,1638.85,490.89,47.24,109.10,0.9146,2,2,-1
661,118,318.23,480.99,41.70,109.78,0.9125,2,1,-1
661,124,841.30,439.88,32.72,66.05,0.8572,2,1,-1
661,128,859.29,573.71,60.96,129.21,0.9432,2,1,-1
661,130,1726.24,536.79,42.24,93.42,0.8824,2,1,-1
661,142,943.00,417.12,36.10,88.52,0.8924,2,2,-1
662,1,472.33,467.85,43.98,102.11,0.9277,2,2,-1
662,9,910.11,725.20,80.53,178.55,0.9387,2,2,-1
662,26,1817.56,456.30,42.08,102.24,0.9230,2,-1,-1
662,107,1636.22,489.20,43.21,110.68,0.9208,2,2,-1
662,118,315.26,480.13,39.94,105.98,0.9277,2,1,-1
662,124,833.57,432.32,37.25,72.89,0.9272,2,1,-1
662,128,855.16,574.73,64.12,127.79,0.9461,2,1,-1
662,130,1715.41,514.06,49.40,117.33,0.8615,2,1,-1
662,142,937.49,417.37,40.31,88.57,0.8917,2,2,-1
663,1,471.35,465.74,43.49,103.92,0.9275,2,2,-1
663,9,896.80,728.62,82.97,173.83,0.9333,2,2,-1
663,26,1816.86,453.91,40.49,103.46,0.9290,2,1,-1
663,65,1902.28,635.13,18.88,64.90,0.6997,2,1,-1
663,107,1632.13,486.07,42.93,111.31,0.9092,2,2,-1
663,118,307.42,480.89,42.13,108.13,0.9290,2,1,-1
663,124,820.65,432.42,46.88,72.83,0.9257,2,1,-1
663,128,850.93,578.23,64.84,123.78,0.9360,2,1,-1
663,130,1706.12,511.14,54.68,119.99,0.9312,2,1,-1
663,142,933.09,419.62,41.20,87.23,0.8742,2,2,-1
664,1,470.16,464.76,42.34,103.70,0.9224,2,2,-1
664,9,890.33,732.99,78.52,172.38,0.9271,2,2,-1
664,26,1815.34,451.60,39.74,106.63,0.9224,2,1,-1
664,65,1881.67,561.87,38.34,133.89,0.8953,2,1,-1
664,107,1627.52,485.44,42.24,110.40,0.9206,2,2,-1
664,118,300.14,482.12,43.26,105.24,0.9229,2,1,-1
664,124,810.18,429.88,56.01,75.12,0.9303,2,1,-1
664,128,847.86,579.03,62.95,121.97,0.9397,2,1,-1
664,130,1696.48,509.35,59.04,120.36,0.9258,2,1,-1
664,142,929.60,419.07,43.46,88.68,0.8836,2,2,-1
665,1,469.76,464.69,42.03,102.94,0.9268,2,2,-1
665,9,884.34,736.09,72.83,172.55,0.8993,2,2,-1
665,26,1814.54,449.87,37.69,108.54,0.9276,2,1,-1
665,65,1867.62,563.20,50.29,133.93,0.9160,2,1,-1
665,107,1622.55,486.29,41.85,109.84,0.9229,2,2,-1
665,118,293.34,485.27,44.24,103.97,0.9339,2,1,-1
665,124,801.99,425.96,62.60,78.47,0.9254,2,1,-1
665,128,843.59,579.11,58.50,123.03,0.9359,2,1,-1
665,130,1683.23,506.96,67.00,119.32,0.9284,2,1,-1
665,142,929.19,421.30,42.88,86.19,0.8871,2,2,-1
666,1,469.26,465.31,41.72,102.40,0.9217,2,2,-1
666,9,875.02,734.43,69.67,172.23,0.9191,2,2,-1
666,26,1813.45,447.91,36.79,108.25,0.9257,2,1,-1
666,65,1856.69,566.23,61.25,134.24,0.9237,2,1,-1
666,107,1615.34,487.78,44.68,107.91,0.9270,2,2,-1
666,118,291.20,486.33,42.32,101.75,0.9219,2,1,-1
666,124,799.11,425.64,61.34,77.89,0.9360,2,1,-1
666,128,841.95,577.35,51.67,124.13,0.9355,2,1,-1
666,130,1667.68,508.08,75.59,115.55,0.9335,2,1,-1
666,142,929.59,421.73,40.95,85.01,0.9107,2,2,-1
667,1,468.92,465.36,41.26,102.37,0.9189,2,2,-1
667,9,868.61,731.28,67.60,176.02,0.9191,2,2,-1
667,26,1811.44,448.62,36.62,103.88,0.9181,2,1,-1
667,65,1848.12,568.62,65.54,132.43,0.9349,2,1,-1
667,107,1607.48,487.74,46.74,108.60,0.9227,2,2,-1
667,118,286.69,486.37,40.74,102.10,0.9234,2,1,-1
667,124,797.85,426.08,54.13,77.01,0.9226,2,1,-1
667,128,844.61,574.67,46.76,126.73,0.9384,2,1,-1
667,130,1659.13,512.01,77.41,112.97,0.9249,2,1,-1
667,142,928.42,421.98,39.65,83.99,0.9051,2,2,-1
668,1,468.29,465.13,40.67,102.35,0.9153,2,2,-1
668,9,861.27,724.96,64.43,180.44,0.9162,2,2,-1
668,26,1808.76,450.56,38.63,101.45,0.9202,2,1,-1
668,65,1845.32,570.41,57.03,132.30,0.9285,2,1,-1
668,107,1606.13,490.19,45.54,107.01,0.9190,2,2,-1
668,118,279.16,484.73,38.54,104.43,0.9110,2,1,-1
668,124,793.00,425.07,52.45,79.40,0.9274,2,1,-1
668,128,843.43,571.95,45.93,129.94,0.9302,2,1,-1
668,130,1654.20,512.51,74.52,114.45,0.8755,2,1,-1
668,142,928.05,420.82,38.63,85.08,0.8965,2,2,-1
669,1,468.75,464.83,39.67,102.49,0.9150,2,2,-1
669,9,854.60,723.40,62.06,176.76,0.9214,2,2,-1
669,26,1806.81,451.68,39.48,100.18,0.9278,2,1,-1
669,65,1840.85,570.31,47.98,131.34,0.9314,2,1,-1
669,107,1602.61,491.70,44.09,104.23,0.9287,2,2,-1
669,118,274.28,482.39,35.99,106.31,0.8718,2,1,-1
669,124,792.43,423.12,45.46,79.40,0.9084,2,1,-1
669,128,842.06,569.72,44.59,130.03,0.9270,2,1,-1
669,130,1646.43,510.17,67.57,116.18,0.8518,2,1,-1
669,142,929.09,419.69,37.67,84.34,0.9048,2,2,-1
670,1,470.07,463.48,38.72,103.23,0.9181,2,2,-1
670,9,846.42,718.44,63.62,180.90,0.9113,2,2,-1
670,26,1804.26,452.54,41.58,98.90,0.9355,2,1,-1
670,65,1830.42,569.66,48.29,130.84,0.9251,2,1,-1
670,107,1599.07,492.47,43.48,102.91,0.9218,2,2,-1
670,118,270.38,480.79,35.69,106.91,0.9323,2,1,-1
670,124,795.80,419.59,37.92,82.95,0.9178,2,1,-1
670,128,840.41,568.49,44.35,130.61,0.9115,2,1,-1
670,130,1638.24,511.90,53.06,113.85,0.8749,2,1,-1
670,142,928.86,418.75,37.34,85.46,0.9035,2,2,-1
671,1,470.55,462.68,38.42,103.61,0.9199,2,2,-1
671,9,829.83,714.37,73.77,177.71,0.9314,2,2,-1
671,26,1802.14,452.17,41.04,98.73,0.9338,2,1,-1
671,65,1821.28,567.31,49.73,132.72,0.9328,2,1,-1
671,107,1594.68,492.61,44.50,102.67,0.9111,2,2,-1
671,118,265.24,480.05,40.37,105.83,0.9260,2,1,-1
671,124,795.27,415.87,34.39,85.34,0.9096,2,1,-1
671,128,839.40,568.99,42.07,127.51,0.9322,2,1,-1
671,130,1631.15,509.89,45.65,115.82,0.9060,2,1,-1
671,142,928.10,417.84,37.63,85.24,0.9020,2,2,-1
671,145,893.45,396.23,34.27,73.68,0.8328,3,-1,-1
672,1,471.06,462.30,38.19,103.01,0.9186,2,2,-1
672,9,819.28,718.53,79.70,170.51,0.9447,2,2,-1
672,26,1799.92,451.09,40.59,99.81,0.9309,2,1,-1
672,65,1804.53,565.93,58.53,134.10,0.9332,2,1,-1
672,118,257.95,480.13,46.16,105.08,0.9310,2,1,-1
672,124,793.27,413.63,33.76,87.17,0.8348,2,1,-1
672,128,836.12,570.84,43.96,125.17,0.9349,2,1,-1
672,130,1623.71,508.41,47.10,115.70,0.9172,2,1,-1
672,142,927.02,417.41,38.41,85.88,0.9032,2,2,-1
672,145,888.63,396.31,36.58,73.88,0.8653,3,-1,-1
673,1,471.50,461.78,38.50,102.90,0.9164,2,2,-1
673,9,815.77,717.73,80.19,171.45,0.9352,2,2,-1
673,26,1797.15,449.00,41.44,101.27,0.9281,2,1,-1
673,65,1791.60,566.23,63.98,133.10,0.9173,2,-1,-1
673,118,250.36,480.92,52.36,103.61,0.9327,2,1,-1
673,124,791.43,410.49,34.89,89.43,0.8814,2,1,-1
673,128,833.49,572.71,46.24,122.23,0.9395,2,1,-1
673,130,1616.88,496.46,49.77,126.62,0.9031,2,1,-1
673,142,925.22,417.25,39.98,86.03,0.9004,2,2,-1
673,145,886.08,396.58,37.21,73.87,0.6775,3,-1,-1
674,1,472.08,461.49,38.53,102.13,0.9146,2,2,-1
674,9,815.07,723.25,71.56,167.51,0.9327,2,2,-1
674,26,1796.35,447.01,40.83,104.65,0.9236,2,1,-1
674,65,1785.17,567.03,64.46,131.61,0.9173,3,0,-1
674,118,248.21,502.32,48.54,82.21,0.9301,2,1,-1
674,124,789.71,409.05,37.98,88.92,0.9028,2,1,-1
674,128,830.20,573.39,48.05,120.56,0.9388,2,1,-1
674,130,1605.49,506.91,54.86,113.27,0.9249,2,1,-1
674,142,926.10,416.26,40.29,86.28,0.8887,2,2,-1
674,145,883.18,396.68,38.24,74.27,0.6502,3,0,-1
675,1,472.60,461.08,39.27,102.11,0.9171,2,2,-1
675,9,810.14,720.16,68.53,168.46,0.9320,2,2,-1
675,26,1796.54,444.67,38.98,105.15,0.9193,2,1,-1
675,65,1782.87,567.90,59.40,130.77,0.9373,3,0,-1
675,107,1593.60,495.12,62.37,121.28,0.9070,2,2,-1
675,118,244.87,486.13,47.52,98.84,0.9273,2,1,-1
675,124,784.81,408.72,36.40,88.71,0.9025,2,1,-1
675,128,827.04,572.68,49.33,121.07,0.9388,2,1,-1
675,142,927.69,416.22,39.15,86.41,0.8903,2,2,-1
675,145,879.99,397.72,37.02,72.69,0.7001,3,0,-1
676,1,472.30,460.03,40.49,101.93,0.9222,2,2,-1
676,9,805.91,717.19,69.01,170.57,0.9199,2,2,-1
676,26,1796.34,444.55,37.35,103.77,0.9262,2,1,-1
676,65,1781.22,568.20,54.86,129.86,0.9312,3,0,-1
676,118,241.72,487.99,44.55,96.33,0.7258,2,1,-1
676,124,782.20,409.09,33.19,89.08,0.9068,2,1,-1
676,128,824.06,570.13,49.03,124.04,0.9423,2,1,-1
676,130,1587.02,511.54,59.52,103.95,0.8825,2,1,-1
676,142,932.25,469.37,15.11,33.37,0.8479,2,2,-1
676,145,931.26,416.68,33.83,64.93,0.8427,3,0,-1
677,1,472.09,459.46,41.82,101.31,0.9237,2,2,-1
677,9,801.03,713.37,69.08,173.82,0.9046,2,2,-1
677,26,1795.99,444.30,35.22,102.78,0.9266,2,1,-1
677,65,1777.85,567.41,51.38,130.09,0.9311,3,0,-1
677,118,240.99,489.11,32.35,94.88,0.8827,2,1,-1
677,124,778.98,409.41,34.73,88.63,0.9107,2,1,-1
677,128,822.35,568.32,47.71,125.30,0.9361,2,1,-1
677,130,1583.76,542.47,50.02,75.38,0.7913,2,1,-1
677,145,928.83,416.04,39.50,86.32,0.8871,3,0,-1
678,1,471.41,458.76,44.51,104.22,0.9160,2,2,-1
678,9,795.41,707.64,69.12,177.82,0.8885,2,2,-1
678,26,1795.89,446.41,33.83,99.06,0.9333,2,1,-1
678,65,1773.08,566.79,50.40,131.04,0.9234,3,0,-1
678,118,234.72,488.62,30.38,95.38,0.9030,2,1,-1
678,124,775.69,412.71,34.50,86.97,0.9149,2,1,-1
678,128,820.94,566.06,46.08,126.92,0.9382,2,1,-1
678,145,929.60,415.65,37.91,87.01,0.8902,3,0,-1
679,1,471.59,458.55,42.72,81.78,0.9048,2,2,-1
679,9,789.84,703.78,69.92,179.12,0.8953,2,2,-1
679,26,1794.47,447.72,34.52,97.92,0.9335,2,1,-1
679,65,1758.93,565.05,56.29,133.60,0.9246,3,0,-1
679,107,1580.63,483.18,44.28,110.10,0.8568,2,2,-1
679,118,231.69,486.83,31.04,96.11,0.9180,2,1,-1
679,124,772.83,415.76,34.32,83.75,0.9277,2,1,-1
679,128,818.62,564.67,44.83,128.40,0.9360,2,1,-1
679,145,930.39,416.05,36.85,85.90,0.8918,3,0,-1
679,147,871.99,395.75,28.14,74.14,0.6351,3,-1,-1
680,1,468.64,458.51,46.78,83.72,0.9146,2,2,-1
680,9,785.10,702.66,69.21,174.57,0.9148,2,2,-1
680,26,1791.64,448.17,37.08,97.48,0.9458,2,1,-1
680,65,1748.36,564.63,61.28,133.97,0.9132,3,0,-1
680,107,1580.14,483.15,41.13,107.11,0.8304,2,2,-1
680,118,225.19,484.56,35.26,99.73,0.9238,2,1,-1
680,124,770.00,418.19,35.14,81.63,0.9275,2,1,-1
680,128,817.67,564.13,43.82,127.46,0.9406,2,1,-1
680,145,931.03,415.93,36.42,86.29,0.8954,3,0,-1
680,147,869.75,396.40,27.48,73.82,0.7130,3,-1,-1
681,1,468.56,458.62,46.94,78.33,0.9132,2,2,-1
681,9,780.99,702.61,68.15,167.22,0.9165,2,2,-1
681,26,1789.88,447.42,36.32,97.74,0.9281,2,1,-1
681,65,1741.49,563.34,62.13,134.85,0.6339,3,0,-1
681,107,1550.21,503.45,41.81,113.00,0.9017,2,2,-1
681,118,214.71,482.59,44.48,102.79,0.9333,2,1,-1
681,124,769.65,419.30,33.73,80.62,0.9252,2,1,-1
681,128,815.82,564.45,42.04,126.84,0.9304,2,1,-1
681,145,931.45,415.83,36.10,87.00,0.8875,3,0,-1
681,147,866.77,393.67,27.89,76.56,0.8534,3,-1,-1
682,1,468.06,458.45,48.36,78.44,0.9123,2,2,-1
682,9,776.99,703.40,67.62,165.89,0.9236,2,2,-1
682,26,1788.72,446.46,35.90,98.11,0.9178,2,1,-1
682,65,1735.78,563.72,64.65,133.51,0.8465,3,0,-1
682,107,1577.12,482.09,38.52,108.17,0.8289,2,2,-1
682,118,208.84,481.52,47.80,104.61,0.9276,2,1,-1
682,124,769.67,422.63,31.08,76.07,0.9095,2,1,-1
682,128,811.63,564.59,43.56,126.57,0.9395,2,1,-1
682,145,933.81,415.47,34.53,86.68,0.8674,3,0,-1
682,147,860.23,392.33,31.59,78.92,0.8170,3,0,-1
683,1,466.09,458.04,53.98,102.95,0.9158,2,2,-1
683,9,776.02,705.29,65.24,163.43,0.9184,2,2,-1
683,26,1788.45,444.43,34.30,99.34,0.9129,2,1,-1
683,65,1732.72,563.00,64.78,134.28,0.8298,3,0,-1
683,107,1576.56,484.08,37.81,105.93,0.8544,2,2,-1
683,118,206.76,483.00,49.33,104.75,0.9382,2,1,-1
683,124,769.23,421.74,30.16,76.37,0.9094,2,1,-1
683,128,807.80,565.99,45.49,126.09,0.9348,2,1,-1
683,145,935.45,414.74,33.75,86.62,0.8970,3,0,-1
683,147,856.98,394.09,34.35,76.95,0.8512,3,0,-1
684,1,467.04,457.69,52.00,103.11,0.9182,2,2,-1
684,9,772.26,704.21,64.05,165.23,0.9223,2,2,-1
684,26,1788.61,443.04,33.02,100.76,0.9051,2,1,-1
684,65,1729.75,560.17,64.09,136.59,0.8680,3,0,-1
684,107,1575.00,483.62,37.74,104.18,0.8790,2,2,-1
684,118,206.78,484.82,45.69,103.12,0.9357,2,1,-1
684,124,769.50,418.57,30.08,79.05,0.8976,2,1,-1
684,128,804.06,566.03,47.50,126.20,0.9249,2,1,-1
684,145,937.45,413.95,32.08,86.61,0.8906,3,0,-1
684,147,852.96,395.03,38.29,75.66,0.8990,3,0,-1
684,149,1520.52,497.16,59.86,113.68,0.9383,2,-1,-1
685,1,468.62,456.30,51.71,104.44,0.9225,2,2,-1
685,9,769.59,702.30,62.09,165.57,0.9240,2,2,-1
685,26,1787.31,441.10,33.57,101.85,0.9049,2,1,-1
685,65,1728.87,561.21,60.70,134.87,0.8927,3,0,-1
685,107,1573.37,482.97,37.91,104.20,0.8968,2,2,-1
685,118,204.63,485.21,42.94,102.80,0.9327,2,1,-1
685,124,769.82,416.90,29.85,80.84,0.9055,2,1,-1
685,128,801.50,566.50,48.93,123.94,0.9228,2,1,-1
685,145,940.06,413.93,30.11,85.81,0.8910,3,0,-1
685,147,850.14,395.12,40.77,75.61,0.8970,3,0,-1
685,149,1511.88,505.55,63.18,102.81,0.9271,2,-1,-1
686,1,471.01,456.02,50.49,104.58,0.9173,2,2,-1
686,9,768.23,697.27,60.56,168.98,0.9154,2,2,-1
686,26,1786.55,440.69,32.77,101.60,0.9016,2,1,-1
686,65,1726.18,559.71,56.21,135.24,0.9247,3,0,-1
686,107,1572.65,482.20,37.80,103.65,0.9022,2,2,-1
686,118,202.19,485.81,39.18,102.79,0.9214,2,1,-1
686,124,769.57,416.57,29.47,81.10,0.8940,2,1,-1
686,128,800.31,565.47,49.27,123.54,0.9274,2,1,-1
686,145,941.15,413.86,29.50,87.16,0.9037,2,-1,-1
686,147,847.61,394.47,41.94,76.35,0.8254,3,0,-1
686,149,1504.61,504.02,67.50,106.76,0.9327,2,-1,-1
687,1,473.76,455.61,48.17,100.89,0.9191,2,2,-1
687,9,765.23,691.93,59.67,167.28,0.9142,2,2,-1
687,26,1785.72,442.61,32.70,100.03,0.9014,2,1,-1
687,65,1725.23,559.63,51.66,134.58,0.9177,3,0,-1
687,107,1570.77,481.20,38.25,103.90,0.8956,2,2,-1
687,118,199.26,485.53,35.15,103.62,0.9242,2,1,-1
687,124,769.69,417.13,28.48,80.43,0.9031,2,1,-1
687,128,802.71,563.92,46.38,124.26,0.9350,2,1,-1
687,145,941.74,414.85,29.28,86.44,0.8957,2,2,-1
687,149,1501.38,509.64,60.26,101.43,0.9251,2,1,-1
688,1,477.73,455.22,45.87,102.46,0.9154,2,2,-1
688,9,765.85,689.88,58.72,168.93,0.8985,2,2,-1
688,26,1784.32,443.93,32.64,98.52,0.9097,2,1,-1
688,65,1724.80,558.76,47.66,133.55,0.9220,3,0,-1
688,107,1570.22,479.84,38.53,105.22,0.9136,2,2,-1
688,118,195.51,484.64,34.84,104.48,0.8816,2,1,-1
688,124,770.08,417.61,28.14,79.72,0.8989,2,1,-1
688,128,806.26,562.38,41.97,125.02,0.9269,2,1,-1
688,145,942.72,414.70,30.20,87.53,0.9040,2,2,-1
688,147,843.80,395.13,40.54,75.91,0.6629,3,0,-1
688,149,1490.83,510.25,57.20,100.76,0.9066,2,1,-1
689,1,482.28,455.00,42.88,101.06,0.9207,2,2,-1
689,9,762.84,689.58,57.98,168.33,0.9072,2,2,-1
689,26,1783.84,445.04,32.29,97.32,0.9228,2,1,-1
689,65,1721.84,558.31,47.05,134.43,0.9237,3,0,-1
689,107,1569.20,479.47,38.99,105.63,0.9214,2,2,-1
689,118,192.76,483.21,34.26,106.92,0.8895,2,1,-1
689,124,769.82,417.67,28.29,79.64,0.8624,2,1,-1
689,128,806.94,561.60,39.85,125.55,0.9359,2,1,-1
689,145,943.83,414.72,34.17,86.86,0.9162,2,2,-1
689,147,841.91,393.53,39.73,77.77,0.6470,3,0,-1
689,149,1481.37,503.93,54.28,106.36,0.8423,2,1,-1
690,1,487.48,454.49,39.47,104.98,0.9178,2,2,-1
690,9,760.10,689.03,58.10,162.34,0.9247,2,2,-1
690,26,1783.29,446.79,31.27,96.57,0.9266,2,1,-1
690,65,1717.93,557.51,47.32,135.14,0.9300,3,0,-1
690,107,1568.34,479.15,40.54,105.53,0.9136,2,2,-1
690,118,190.73,486.00,33.06,105.02,0.8867,2,1,-1
690,124,769.74,419.62,28.81,77.78,0.8856,2,1,-1
690,128,806.36,561.24,40.43,126.31,0.9356,2,1,-1
690,145,943.60,415.41,38.24,85.81,0.9040,2,2,-1
690,147,842.85,391.43,33.35,80.33,0.9050,3,0,-1
690,149,1478.43,498.60,43.86,111.12,0.9205,2,1,-1
691,1,490.91,454.75,36.94,103.07,0.9122,2,2,-1
691,9,757.72,689.69,58.31,159.75,0.9272,2,2,-1
691,26,1782.65,448.74,29.17,94.18,0.9197,2,1,-1
691,65,1709.86,557.60,51.19,136.61,0.9306,3,0,-1
691,107,1567.85,479.32,44.03,105.20,0.9161,2,2,-1
691,118,187.25,484.98,34.80,108.34,0.8943,2,1,-1
691,124,769.86,423.77,29.32,73.75,0.8884,2,1,-1
691,128,804.93,561.22,40.72,125.94,0.9233,2,1,-1
691,145,942.38,415.96,43.41,85.37,0.9239,2,2,-1
691,147,842.54,391.31,30.76,80.32,0.8559,3,0,-1
691,149,1473.26,496.56,42.69,112.92,0.8776,2,1,-1
692,1,493.44,455.09,35.37,99.63,0.8893,2,2,-1
692,9,752.99,690.25,60.76,158.45,0.9298,2,2,-1
692,26,1782.34,449.95,27.69,92.25,0.9239,2,1,-1
692,65,1700.24,557.66,57.42,136.72,0.9324,3,0,-1
692,107,1567.52,479.63,46.30,104.78,0.9077,2,2,-1
692,118,185.04,485.48,35.72,108.44,0.9147,2,1,-1
692,124,769.51,424.54,30.29,72.91,0.9021,2,1,-1
692,128,803.41,561.16,42.60,127.12,0.8911,2,1,-1
692,145,942.82,416.47,44.56,84.98,0.9223,2,2,-1
692,149,1467.33,493.72,44.10,114.87,0.9252,2,1,-1
693,1,496.18,455.41,34.81,95.82,0.8882,2,2,-1
693,9,751.26,689.57,61.53,159.60,0.9224,2,2,-1
693,26,1782.13,448.53,27.38,93.94,0.9158,2,1,-1
693,65,1692.18,557.71,61.28,135.84,0.9166,3,0,-1
693,107,1566.89,479.98,48.15,104.75,0.9086,2,2,-1
693,118,184.35,486.25,34.17,107.82,0.9023,2,1,-1
693,124,769.64,421.87,31.28,74.98,0.8934,2,1,-1
693,127,1909.35,596.28,13.13,75.54,0.5387,2,1,-1
693,128,802.64,562.12,44.89,125.44,0.9189,2,1,-1
693,145,943.03,417.99,44.34,83.05,0.9247,2,2,-1
693,149,1459.48,493.35,47.57,112.93,0.9343,2,1,-1
694,1,497.55,455.79,35.88,98.28,0.9009,2,2,-1
694,9,749.40,685.72,61.74,162.02,0.9189,2,2,-1
694,26,1781.64,452.59,26.44,90.36,0.8796,2,1,-1
694,65,1688.30,557.40,63.28,136.47,0.9290,3,0,-1
694,107,1565.46,480.34,50.77,103.93,0.9179,2,2,-1
694,118,183.75,486.67,33.02,107.79,0.8847,2,1,-1
694,124,771.50,416.16,30.94,79.69,0.9000,2,1,-1
694,127,1902.40,605.99,15.57,60.57,0.5584,2,1,-1
694,128,800.94,562.69,47.33,124.94,0.9230,2,1,-1
694,145,944.10,415.64,43.89,85.29,0.9198,2,2,-1
694,149,1450.05,493.85,52.51,108.67,0.9303,2,1,-1
695,1,498.62,455.68,36.58,98.29,0.9134,2,2,-1
695,9,748.53,680.73,61.41,166.60,0.9161,2,2,-1
695,26,1782.62,465.85,23.68,77.15,0.8768,2,1,-1
695,65,1687.57,557.43,62.65,135.31,0.9431,3,0,-1
695,107,1564.95,480.29,51.73,104.23,0.9109,2,2,-1
695,118,181.91,486.58,33.26,107.78,0.9013,2,1,-1
695,124,773.78,415.08,29.90,79.96,0.8851,2,1,-1
695,128,800.55,562.67,48.15,123.45,0.9218,2,1,-1
695,145,946.12,416.28,42.61,84.28,0.9146,2,2,-1
695,149,1443.16,494.93,54.13,108.54,0.9299,2,1,-1
696,1,498.24,455.42,38.14,98.08,0.9082,2,2,-1
696,9,751.95,677.36,53.50,137.48,0.8659,2,2,-1
696,26,1780.87,456.41,24.83,87.56,0.8847,2,1,-1
696,65,1685.26,557.36,60.75,135.19,0.9406,3,0,-1
696,107,1564.32,480.29,50.71,104.31,0.9126,2,2,-1
696,118,172.87,486.91,37.69,107.62,0.8326,2,1,-1
696,124,775.44,415.99,27.99,79.29,0.8991,2,1,-1
696,128,799.20,562.59,49.46,124.54,0.9220,2,1,-1
696,145,950.80,420.76,38.94,79.61,0.8932,2,2,-1
696,149,1438.83,496.04,51.23,108.23,0.9061,2,1,-1
696,150,1875.69,537.03,42.57,126.22,0.9195,2,-1,-1
697,1,498.13,454.99,40.66,99.04,0.9134,2,2,-1
697,9,747.57,674.96,59.60,159.63,0.8706,2,2,-1
697,26,1779.77,455.14,24.56,88.53,0.7219,2,1,-1
697,65,1684.86,556.58,58.61,135.58,0.9367,3,0,-1
697,107,1563.67,479.98,48.42,103.92,0.9110,2,2,-1
697,118,167.28,486.48,44.51,108.41,0.8782,2,1,-1
697,124,777.97,417.25,26.60,77.25,0.8444,2,1,-1
697,128,798.13,562.23,50.45,123.93,0.9288,2,1,-1
697,142,954.85,436.67,34.39,63.32,0.9057,2,2,-1
697,149,1433.82,495.73,46.90,108.01,0.9026,2,1,-1
697,150,1864.73,539.72,45.96,127.91,0.9053,2,-1,-1
698,1,500.21,454.41,41.32,99.95,0.9107,2,2,-1
698,9,745.09,669.70,61.02,169.45,0.9095,2,2,-1
698,26,1779.37,451.87,25.07,92.21,0.7492,2,1,-1
698,65,1683.66,555.60,56.56,136.03,0.9288,3,0,-1
698,107,1563.77,479.07,48.41,104.26,0.9247,2,2,-1
698,118,160.38,486.12,50.42,108.62,0.9002,2,1,-1
698,124,779.87,419.37,25.47,75.47,0.6841,2,1,-1
698,128,796.73,561.54,50.22,119.94,0.9315,2,1,-1
698,145,959.15,423.28,33.41,76.36,0.8826,2,2,-1
698,149,1427.63,495.25,39.53,107.47,0.8756,2,1,-1
698,150,1860.08,542.33,53.66,127.14,0.8829,2,-1,-1
699,1,503.18,452.94,40.83,100.97,0.9095,2,2,-1
699,9,744.83,669.63,60.08,160.18,0.9148,2,2,-1
699,26,1778.12,449.56,26.57,93.77,0.7624,2,1,-1
699,65,1682.73,555.25,53.53,135.50,0.9093,3,0,-1
699,107,1563.60,478.26,46.77,103.69,0.9179,2,2,-1
699,118,155.65,485.66,54.88,110.30,0.9081,2,1,-1
699,124,780.82,417.06,25.62,77.95,0.7658,2,1,-1
699,128,794.98,561.26,50.04,120.29,0.9341,2,1,-1
699,142,964.93,436.82,29.69,62.80,0.8448,2,2,-1
699,149,1423.84,491.22,34.59,110.15,0.8830,2,1,-1
699,150,1843.48,542.19,60.21,126.74,0.9165,2,1,-1
700,1,507.33,452.10,39.52,101.39,0.9024,2,2,-1
700,9,744.12,670.45,61.42,160.70,0.9133,2,2,-1
700,26,1778.10,450.31,27.00,93.17,0.7637,2,1,-1
700,65,1682.14,554.83,52.21,134.30,0.6830,3,0,-1
700,107,1562.23,477.72,44.61,104.69,0.9014,2,2,-1
700,118,152.09,486.13,57.60,109.61,0.9109,2,1,-1
700,124,779.86,412.44,27.71,82.13,0.8397,2,1,-1
700,128,792.92,560.51,47.71,121.35,0.9291,2,1,-1
700,142,970.32,440.27,25.18,58.66,0.8305,2,2,-1
700,147,824.30,391.53,32.12,79.59,0.7475,3,0,-1
700,149,1418.96,488.98,34.99,113.18,0.9029,2,1,-1
700,150,1830.01,540.67,53.06,127.88,0.9182,2,1,-1
701,1,510.51,451.92,38.02,97.75,0.9044,2,2,-1
701,9,745.00,673.08,61.15,156.21,0.9100,2,2,-1
701,26,1775.50,449.42,28.57,94.96,0.7333,2,1,-1
701,65,1680.33,554.29,50.97,134.16,0.7181,3,0,-1
701,107,1562.14,477.45,41.96,103.71,0.9044,2,2,-1
701,118,147.77,487.34,61.55,109.35,0.9089,2,1,-1
701,124,781.04,412.92,26.57,80.97,0.8622,2,1,-1
701,128,790.85,560.01,46.39,122.64,0.9337,2,1,-1
701,145,971.23,416.79,28.81,82.26,0.8806,2,2,-1
701,149,1414.61,487.88,37.11,114.06,0.9214,2,1,-1
701,150,1819.52,537.48,58.41,132.05,0.9401,2,1,-1
702,1,512.33,451.37,37.19,93.70,0.8974,2,2,-1
702,9,744.58,671.45,62.67,158.89,0.9120,2,2,-1
702,26,1774.80,448.68,29.08,95.70,0.5397,2,1,-1
702,65,1677.87,553.26,52.15,134.88,0.9200,3,0,-1
702,107,1562.03,476.60,40.05,104.62,0.9112,2,2,-1
702,118,147.13,488.44,62.24,108.44,0.9084,2,1,-1
702,124,780.07,412.14,28.77,82.53,0.8678,2,1,-1
702,128,787.46,559.41,46.03,122.99,0.9357,2,1,-1
702,145,972.87,417.40,29.54,81.96,0.8903,2,2,-1
702,147,823.22,391.63,32.38,79.76,0.6593,3,0,-1
702,149,1406.74,487.07,43.26,112.64,0.9284,2,1,-1
702,150,1810.10,536.63,66.12,132.99,0.9365,2,1,-1
703,1,513.03,451.19,39.25,101.65,0.9152,2,2,-1
703,9,744.68,670.30,62.43,158.06,0.9095,2,2,-1
703,26,1771.94,448.02,30.68,97.10,0.7708,2,1,-1
703,65,1672.46,553.20,54.38,134.03,0.9075,3,0,-1
703,107,1561.42,476.46,39.41,104.82,0.9017,2,2,-1
703,118,146.58,488.91,62.10,109.22,0.9029,2,1,-1
703,124,781.72,413.41,28.67,80.78,0.8585,2,1,-1
703,128,784.50,559.69,46.75,122.89,0.9309,2,1,-1
703,145,974.14,417.81,35.67,82.27,0.9081,2,2,-1
703,147,822.95,390.31,32.45,81.07,0.8313,3,0,-1
703,149,1397.38,486.48,50.22,109.91,0.9369,2,1,-1
703,150,1799.83,534.79,72.87,135.07,0.9339,2,1,-1
704,1,514.69,451.80,38.79,97.10,0.8975,2,2,-1
704,9,745.52,667.40,61.71,163.99,0.9023,2,2,-1
704,26,1774.44,455.19,28.30,90.33,0.7306,2,1,-1
704,65,1667.38,553.00,57.65,134.55,0.9037,3,0,-1
704,107,1561.00,476.75,38.87,103.96,0.8432,2,2,-1
704,118,148.31,489.36,60.94,110.35,0.8973,2,1,-1
704,124,782.23,412.79,29.28,81.76,0.8826,2,1,-1
704,128,781.18,559.44,47.56,122.50,0.9378,2,1,-1
704,145,974.62,417.55,41.29,82.75,0.9090,2,2,-1
704,147,822.74,392.06,31.78,79.41,0.8853,3,0,-1
704,149,1390.90,487.32,53.58,107.49,0.9312,2,1,-1
704,150,1789.68,533.96,76.34,132.80,0.9369,2,1,-1
705,1,514.39,451.46,41.17,101.18,0.9027,2,2,-1
705,9,747.80,663.99,58.65,163.97,0.8933,2,2,-1
705,26,1772.85,449.41,30.06,96.30,0.7577,2,1,-1
705,65,1663.54,552.88,57.44,133.10,0.5626,3,0,-1
705,107,1559.95,476.28,39.30,104.26,0.8875,2,2,-1
705,118,145.72,490.08,61.86,110.53,0.8424,2,1,-1
705,124,784.24,414.04,28.01,78.87,0.8624,2,1,-1
705,128,777.87,559.57,48.99,122.17,0.9365,2,1,-1
705,145,974.96,418.87,44.85,81.58,0.9128,2,2,-1
705,147,822.29,392.75,31.67,78.92,0.8994,3,0,-1
705,149,1388.55,488.54,52.00,108.12,0.9277,2,1,-1
705,150,1774.86,535.11,81.02,129.16,0.9236,2,1,-1
706,1,514.57,451.62,42.84,101.20,0.9130,2,2,-1
706,9,752.97,659.39,49.61,110.43,0.9167,2,2,-1
706,26,1775.39,449.54,24.93,75.01,0.7280,2,1,-1
706,65,1660.42,553.30,59.10,134.43,0.6774,3,0,-1
706,107,1559.63,476.23,38.69,103.07,0.8924,2,2,-1
706,118,149.31,490.57,60.00,110.08,0.8576,2,1,-1
706,124,784.49,411.43,28.67,81.64,0.9034,2,1,-1
706,128,775.51,560.44,49.69,120.82,0.9434,2,1,-1
706,145,974.84,417.04,46.10,83.59,0.9169,2,2,-1
706,147,821.29,393.03,30.60,78.49,0.8237,3,0,-1
706,149,1384.89,489.85,47.13,106.81,0.9227,2,1,-1
706,150,1766.43,547.50,76.96,117.56,0.8950,2,1,-1
707,1,514.58,451.88,44.50,101.63,0.9173,2,2,-1
707,9,752.47,657.26,52.53,110.56,0.9093,2,2,-1
707,26,1772.24,448.12,30.40,94.98,0.7383,2,1,-1
707,65,1657.84,553.65,60.56,133.76,0.7589,3,0,-1
707,107,1558.80,476.31,39.38,103.10,0.8926,2,2,-1
707,118,148.17,490.89,60.31,110.02,0.8640,2,1,-1
707,124,786.60,412.05,27.96,80.64,0.8822,2,1,-1
707,128,773.59,559.98,50.53,121.24,0.9370,2,1,-1
707,145,976.55,417.77,45.44,83.43,0.9204,2,2,-1
707,147,820.43,392.50,30.53,79.31,0.7138,3,0,-1
707,149,1378.38,489.58,43.75,106.71,0.9155,2,1,-1
707,150,1754.15,538.09,79.81,129.03,0.8817,2,1,-1
708,1,515.70,451.87,44.75,101.75,0.9164,2,2,-1
708,9,748.20,656.36,60.79,153.52,0.9125,2,2,-1
708,26,1771.37,447.50,30.95,99.24,0.7543,2,1,-1
708,65,1655.57,553.62,61.17,133.83,0.5985,3,0,-1
708,107,1557.70,476.76,39.29,102.57,0.9038,2,2,-1
708,118,148.36,491.00,60.18,110.06,0.8651,2,1,-1
708,124,788.55,413.11,26.95,79.43,0.8669,2,1,-1
708,128,769.44,559.87,53.32,121.25,0.9327,2,1,-1
708,145,978.89,417.11,43.93,83.47,0.9183,2,2,-1
708,149,1372.37,488.54,39.60,106.38,0.9245,2,1,-1
708,150,1740.14,539.71,55.46,97.21,0.8412,2,1,-1
709,1,517.53,451.27,43.99,102.33,0.9218,2,2,-1
709,9,749.28,656.59,57.72,153.67,0.9194,2,2,-1
709,26,1770.93,447.39,30.20,97.85,0.6696,2,1,-1
709,65,1653.66,553.60,61.37,133.38,0.5793,3,0,-1
709,107,1555.81,476.70,40.04,102.57,0.9131,2,2,-1
709,118,146.59,490.59,61.20,110.96,0.8799,2,1,-1
709,124,790.63,413.60,26.41,77.93,0.8711,2,1,-1
709,128,768.32,559.00,54.63,121.70,0.9312,2,1,-1
709,145,982.41,418.82,40.71,81.39,0.9178,2,2,-1
709,147,818.05,392.50,29.74,78.56,0.5940,3,0,-1
709,149,1367.73,485.54,38.50,109.36,0.9116,2,1,-1
709,150,1734.67,538.29,62.15,127.04,0.8779,2,1,-1
710,1,520.73,451.18,43.01,99.01,0.9200,2,2,-1
710,9,748.37,658.51,56.32,150.61,0.9176,2,2,-1
710,26,1770.45,447.51,30.19,98.34,0.8973,2,1,-1
710,65,1652.34,552.66,60.76,131.33,0.6088,3,0,-1
710,107,1554.75,475.61,39.91,102.57,0.9146,2,2,-1
710,118,142.98,490.17,63.10,111.47,0.7837,2,1,-1
710,124,791.72,412.80,26.87,78.87,0.8834,2,1,-1
710,128,768.02,558.69,55.20,122.59,0.9372,2,1,-1
710,145,986.89,417.69,36.72,82.27,0.9160,2,2,-1
710,147,818.63,398.75,27.16,71.99,0.6521,3,0,-1
710,149,1362.15,481.87,38.71,113.87,0.9208,2,1,-1
710,150,1725.80,535.78,56.08,130.65,0.9159,2,1,-1
711,1,522.85,450.36,42.01,101.09,0.9137,2,2,-1
711,9,747.32,657.21,55.85,151.86,0.9140,2,2,-1
711,26,1769.30,447.61,31.15,98.79,0.9123,2,1,-1
711,65,1651.77,551.87,59.97,129.93,0.7812,3,0,-1
711,107,1552.97,474.79,40.85,102.33,0.9240,2,2,-1
711,118,143.24,489.71,64.36,111.69,0.8731,2,1,-1
711,124,791.79,412.57,27.91,79.15,0.8983,2,1,-1
711,128,767.31,558.44,54.76,122.39,0.9354,2,1,-1
711,145,991.36,418.88,32.14,80.76,0.8972,2,2,-1
711,147,816.75,394.75,27.51,76.23,0.7968,3,0,-1
711,149,1356.78,481.86,38.13,113.46,0.9169,2,1,-1
711,150,1717.26,534.42,57.88,132.93,0.8802,2,1,-1
712,1,526.42,449.05,39.24,102.23,0.8884,2,2,-1
712,9,746.73,654.53,56.26,154.23,0.9068,2,2,-1
712,26,1768.00,448.21,31.99,98.68,0.8942,2,1,-1
712,65,1650.33,550.01,59.92,135.12,0.8987,3,0,-1
712,107,1551.67,473.77,41.03,102.27,0.9239,2,2,-1
712,118,143.59,489.62,64.60,112.41,0.8900,2,1,-1
712,124,791.95,412.08,29.41,79.81,0.9043,2,1,-1
712,128,767.71,558.43,51.62,121.57,0.9285,2,1,-1
712,142,999.96,430.34,23.98,69.02,0.7977,2,2,-1
712,147,814.64,391.76,27.63,78.68,0.8039,3,0,-1
712,149,1350.56,480.81,39.86,111.45,0.9365,2,1,-1
712,150,1710.05,532.59,62.41,134.35,0.9296,2,1,-1
713,1,529.42,449.43,36.56,101.11,0.9142,2,2,-1
713,9,744.77,652.01,56.25,156.63,0.9066,2,2,-1
713,26,1766.84,448.88,32.06,98.37,0.8969,2,1,-1
713,65,1651.22,549.77,57.04,131.75,0.9169,3,0,-1
713,107,1551.32,473.10,40.69,102.89,0.9195,2,2,-1
713,118,143.56,490.66,63.77,111.57,0.9072,2,1,-1
713,124,792.43,414.44,30.29,76.63,0.9139,2,1,-1
713,128,767.02,558.16,49.55,120.99,0.9371,2,1,-1
713,145,1002.44,419.45,25.51,80.51,0.8797,2,2,-1
713,149,1345.01,482.27,40.05,108.36,0.9223,2,1,-1
713,150,1698.47,530.75,66.47,134.08,0.9112,2,1,-1
714,1,531.50,448.93,35.75,99.19,0.9134,2,2,-1
714,9,745.43,646.31,55.51,157.05,0.9088,2,2,-1
714,26,1765.98,449.09,31.52,98.05,0.9042,2,1,-1
714,65,1650.74,550.12,53.96,129.37,0.9051,3,0,-1
714,107,1551.30,472.30,40.20,103.69,0.9164,2,2,-1
714,118,141.80,491.39,64.71,111.44,0.9091,2,1,-1
714,124,792.41,416.98,32.03,74.26,0.9098,2,1,-1
714,128,766.53,557.62,47.24,120.83,0.9309,2,1,-1
714,145,1003.92,418.04,25.67,82.59,0.8737,2,2,-1
714,149,1339.54,483.68,39.45,107.22,0.9277,2,1,-1
715,1,533.38,448.49,35.19,99.91,0.9173,2,2,-1
715,9,745.23,643.79,55.09,156.74,0.8929,2,2,-1
715,26,1764.82,449.74,32.02,98.05,0.9084,2,1,-1
715,65,1650.13,548.61,51.86,130.37,0.8585,3,0,-1
715,107,1551.79,472.20,39.53,103.38,0.9236,2,2,-1
715,118,144.57,491.99,61.76,112.14,0.9297,2,1,-1
715,124,791.74,415.88,33.21,75.29,0.9102,2,1,-1
715,128,765.81,557.07,43.73,117.40,0.9272,2,1,-1
715,145,1004.71,418.08,30.03,82.28,0.9119,2,2,-1
715,149,1335.28,484.95,37.87,105.55,0.9188,2,1,-1
716,1,535.46,448.65,35.13,97.60,0.9098,2,2,-1
716,9,745.17,643.20,54.93,153.78,0.9070,2,2,-1
716,26,1762.88,450.82,32.54,97.61,0.9118,2,1,-1
716,65,1652.08,546.66,52.46,133.76,0.8477,3,0,-1
716,107,1552.16,472.05,39.89,103.10,0.9192,2,2,-1
716,118,147.43,493.19,57.10,112.28,0.9336,2,1,-1
716,124,791.71,417.14,32.74,73.84,0.9093,2,1,-1
716,128,764.05,556.91,42.61,117.04,0.9260,2,1,-1
716,145,1003.93,418.42,36.42,82.43,0.9326,2,2,-1
716,149,1330.32,485.13,36.07,105.00,0.9184,2,1,-1
717,1,536.34,449.21,35.88,97.47,0.9053,2,2,-1
717,9,744.35,642.92,55.87,149.88,0.9173,2,2,-1
717,26,1759.52,450.78,34.58,98.87,0.9028,2,1,-1
717,107,1552.56,472.30,41.56,102.58,0.9190,2,2,-1
717,118,150.59,494.16,52.91,111.51,0.9298,2,1,-1
717,124,791.83,420.18,31.58,70.72,0.9008,2,1,-1
717,128,763.82,556.67,40.90,115.65,0.9326,2,1,-1
717,145,1003.54,418.75,41.91,81.58,0.9297,2,2,-1
717,149,1325.44,483.55,34.68,106.30,0.9177,2,1,-1
717,150,1652.98,544.94,71.70,134.51,0.8960,2,1,-1
718,1,536.36,449.47,35.75,98.03,0.9080,2,2,-1
718,9,743.46,643.57,57.24,148.18,0.9153,2,2,-1
718,26,1754.94,450.51,37.05,100.77,0.8964,2,1,-1
718,65,1644.92,546.45,55.98,132.44,0.9126,3,0,-1
718,107,1552.99,472.46,42.03,101.81,0.9153,2,2,-1
718,118,154.47,494.49,47.91,110.68,0.9269,2,1,-1
718,124,792.09,416.70,31.40,74.00,0.9005,2,1,-1
718,128,763.02,556.35,41.04,117.45,0.9348,2,1,-1
718,145,1002.53,417.53,45.44,83.51,0.9309,2,2,-1
718,149,1319.46,481.44,34.17,108.71,0.9180,2,1,-1
719,1,534.23,449.39,37.53,99.79,0.9170,2,2,-1
719,9,742.75,644.81,58.56,147.16,0.9187,2,2,-1
719,26,1752.84,449.95,38.03,101.03,0.8966,2,1,-1
719,65,1648.20,547.37,50.85,131.55,0.8838,3,0,-1
719,107,1552.79,473.01,43.16,100.62,0.9055,2,2,-1
719,118,159.00,494.28,42.42,110.75,0.9256,2,1,-1
719,128,762.34,556.07,41.02,118.33,0.9386,2,1,-1
719,145,1002.75,419.27,45.70,82.02,0.9234,2,2,-1
719,147,793.96,422.03,28.61,67.21,0.8894,3,0,-1
719,149,1313.66,482.79,36.70,106.76,0.9299,2,1,-1
720,1,534.41,449.36,39.01,99.62,0.9262,2,2,-1
720,9,761.15,723.48,26.66,67.59,0.5193,2,2,-1
720,26,1751.22,449.54,39.05,101.54,0.9116,2,1,-1
720,65,1649.60,547.15,46.77,132.19,0.9020,3,0,-1
720,107,1552.14,473.27,44.49,100.45,0.9040,2,2,-1
720,118,162.18,494.02,38.47,110.94,0.9220,2,1,-1
720,128,761.32,556.06,41.21,118.71,0.9449,2,1,-1
720,145,1003.51,419.50,44.83,81.46,0.9180,2,2,-1
720,147,796.97,427.57,25.28,61.38,0.8668,3,0,-1
720,149,1306.63,478.83,41.71,110.94,0.9232,2,1,-1
721,1,535.81,449.22,39.35,97.75,0.9238,2,2,-1
721,26,1750.60,448.73,39.17,101.98,0.9024,2,1,-1
721,65,1647.32,547.53,46.15,132.05,0.9286,3,0,-1
721,107,1552.15,472.92,44.79,100.41,0.9063,2,2,-1
721,118,162.13,493.81,37.74,111.44,0.9290,2,1,-1
721,124,799.71,422.64,24.66,65.68,0.8449,2,1,-1
721,128,760.78,556.15,41.30,118.17,0.9359,2,1,-1
721,145,1005.31,417.53,43.46,83.56,0.9161,2,2,-1
721,149,1298.67,477.97,46.38,109.10,0.9252,2,1,-1
722,1,537.33,448.65,39.20,97.29,0.9175,2,2,-1
722,26,1747.84,448.89,40.63,102.20,0.8983,2,1,-1
722,65,1647.99,548.21,43.93,131.01,0.9332,3,0,-1
722,107,1551.90,472.84,45.38,100.96,0.9131,2,2,-1
722,118,162.05,493.22,37.54,113.06,0.9302,2,1,-1
722,124,802.30,421.64,23.95,66.69,0.8267,2,1,-1
722,128,760.11,556.10,42.68,120.44,0.9378,2,1,-1
722,145,1008.36,418.66,40.37,82.30,0.9156,2,2,-1
722,149,1290.94,479.45,51.28,104.88,0.9389,2,1,-1
722,150,1599.77,531.34,59.29,130.72,0.9281,2,1,-1
723,1,540.75,447.64,38.28,98.66,0.9108,2,2,-1
723,26,1744.49,449.34,42.25,101.76,0.8707,2,1,-1
723,65,1646.53,547.30,42.76,132.16,0.9304,3,0,-1
723,107,1551.22,471.99,46.14,101.86,0.9117,2,2,-1
723,118,162.39,493.24,36.34,112.30,0.9105,2,1,-1
723,124,802.96,409.81,27.20,78.53,0.8121,2,1,-1
723,128,759.39,555.89,43.47,123.07,0.9306,2,1,-1
723,145,1012.17,417.66,35.82,83.68,0.9108,2,2,-1
723,149,1287.23,479.61,50.34,104.42,0.9341,2,1,-1
723,150,1590.89,530.06,62.82,131.46,0.9265,2,1,-1
724,1,544.39,449.79,36.31,97.13,0.8780,2,2,-1
724,26,1743.13,449.24,43.39,101.96,0.9070,2,1,-1
724,65,1643.89,547.26,43.07,131.11,0.9227,3,0,-1
724,107,1550.33,471.85,45.07,102.79,0.8922,2,2,-1
724,118,163.70,493.32,34.26,112.70,0.9009,2,1,-1
724,124,803.56,412.87,25.41,75.83,0.7867,2,1,-1
724,128,758.95,555.62,44.12,124.05,0.9248,2,1,-1
724,145,1016.55,416.76,30.84,84.12,0.8878,2,2,-1
724,149,1281.41,479.57,48.38,104.18,0.9275,2,1,-1
724,150,1582.18,533.59,62.35,122.58,0.9203,2,1,-1
725,1,547.11,444.55,35.87,102.00,0.8927,2,2,-1
725,26,1744.27,449.88,42.18,101.93,0.8834,2,1,-1
725,65,1641.60,546.39,43.45,132.24,0.9193,3,0,-1
725,107,1551.59,471.45,43.37,100.27,0.8953,2,2,-1
725,118,165.34,493.75,32.08,112.68,0.9007,2,1,-1
725,124,803.28,411.24,25.62,77.35,0.8642,2,1,-1
725,128,758.21,555.91,45.16,124.80,0.9226,2,1,-1
725,130,1568.92,542.24,69.01,115.80,0.9116,2,1,-1
725,145,1021.36,416.43,27.03,85.09,0.8798,2,2,-1
725,149,1274.65,480.06,45.32,103.78,0.9296,2,1,-1
726,1,547.79,442.81,36.00,104.12,0.9115,2,2,-1
726,26,1743.01,449.38,42.32,102.78,0.8838,2,1,-1
726,65,1638.65,545.22,44.06,133.35,0.9226,3,0,-1
726,107,1552.88,471.08,41.68,99.88,0.8896,2,2,-1
726,118,165.80,494.13,31.32,113.56,0.9010,2,1,-1
726,124,802.55,414.20,25.44,74.52,0.8805,2,1,-1
726,128,757.54,555.85,49.32,125.22,0.9210,2,1,-1
726,142,1024.52,431.25,20.98,69.46,0.8543,2,2,-1
726,149,1267.31,479.27,41.05,104.19,0.9215,2,1,-1
726,150,1557.18,542.99,66.96,118.05,0.8669,2,1,-1
727,1,548.12,442.63,36.81,103.71,0.9217,2,2,-1
727,26,1742.15,448.35,42.45,104.38,0.8795,2,1,-1
727,65,1634.12,543.92,45.63,133.32,0.9239,3,0,-1
727,107,1553.28,470.24,41.83,103.17,0.8910,2,2,-1
727,118,164.69,495.21,31.59,112.47,0.9014,2,1,-1
727,124,801.92,412.49,26.83,76.04,0.8876,2,1,-1
727,128,756.78,555.88,51.42,125.97,0.9189,2,1,-1
727,145,1024.96,418.60,26.71,82.56,0.8789,2,2,-1
727,149,1262.14,478.34,37.69,103.92,0.9148,2,1,-1
728,1,547.50,443.70,38.05,103.12,0.9104,2,2,-1
728,26,1740.47,451.42,42.25,101.52,0.8922,2,1,-1
728,65,1632.30,543.30,46.32,131.10,0.9286,3,0,-1
728,107,1554.44,470.06,41.31,100.84,0.8692,2,2,-1
728,118,163.06,496.52,32.93,111.29,0.9144,2,1,-1
728,124,800.67,415.39,27.77,73.09,0.8961,2,1,-1
728,128,755.97,555.57,52.59,125.44,0.9192,2,1,-1
728,145,1025.76,419.80,28.55,81.93,0.8561,2,2,-1
728,149,1255.82,474.14,37.45,108.72,0.9161,2,1,-1
729,1,546.83,445.25,39.94,101.62,0.9253,2,2,-1
729,26,1739.20,453.35,41.55,100.09,0.8816,2,1,-1
729,65,1629.99,543.28,46.58,130.89,0.6826,3,0,-1
729,107,1553.35,469.61,43.63,102.10,0.9042,2,2,-1
729,118,162.21,497.11,34.73,111.64,0.9248,2,1,-1
729,124,800.46,415.88,28.06,72.69,0.8941,2,1,-1
729,128,755.34,555.90,52.70,124.76,0.9168,2,1,-1
729,145,1025.37,418.10,35.79,84.73,0.9045,2,2,-1
729,149,1249.57,471.06,38.12,112.07,0.9154,2,1,-1
729,150,1523.92,534.73,50.52,126.23,0.9113,2,1,-1
730,1,547.46,447.71,40.90,99.18,0.9128,2,2,-1
730,26,1736.23,452.16,42.76,101.91,0.8942,2,1,-1
730,65,1626.05,541.74,47.87,131.79,0.8962,3,0,-1
730,107,1551.37,469.22,46.39,103.20,0.9120,2,2,-1
730,118,161.33,497.51,35.74,111.11,0.9260,2,1,-1
730,124,801.09,416.34,27.75,72.15,0.8506,2,1,-1
730,128,754.37,556.00,48.66,124.48,0.9172,2,1,-1
730,145,1024.90,419.17,38.46,83.10,0.8745,2,2,-1
730,149,1243.76,472.02,38.44,109.73,0.9167,2,1,-1
730,150,1517.59,533.21,37.14,91.15,0.6343,2,1,-1
731,1,546.88,447.29,42.84,99.72,0.9241,2,2,-1
731,26,1735.25,451.03,41.46,104.23,0.8792,2,1,-1
731,65,1622.38,541.92,49.89,131.78,0.9040,3,0,-1
731,107,1549.50,469.41,48.23,101.65,0.9172,2,2,-1
731,118,160.13,497.41,36.50,112.44,0.9193,2,1,-1
731,124,804.96,417.68,26.87,69.54,0.7512,2,1,-1
731,128,754.90,556.37,44.60,123.14,0.9142,2,1,-1
731,145,1021.78,418.29,41.93,84.19,0.9075,2,2,-1
731,149,1236.99,468.92,40.52,111.83,0.9257,2,1,-1
731,150,1503.91,529.62,58.51,131.77,0.9163,2,1,-1
732,1,546.66,447.36,42.77,99.62,0.9250,2,2,-1
732,26,1734.44,454.04,39.71,101.23,0.8737,2,1,-1
732,65,1620.44,541.89,50.06,131.39,0.6825,3,0,-1
732,107,1546.64,469.86,52.13,100.82,0.9178,2,2,-1
732,118,159.90,497.48,34.84,112.99,0.9198,2,1,-1
732,124,807.09,423.03,24.33,63.84,0.6104,2,1,-1
732,128,754.78,556.43,42.77,122.58,0.9091,2,1,-1
732,145,1020.79,418.69,42.85,84.43,0.9052,2,2,-1
732,149,1230.91,470.62,40.71,109.31,0.9326,2,1,-1
732,150,1493.09,527.43,62.89,134.23,0.8593,2,1,-1
733,1,549.11,446.89,40.98,99.12,0.9144,2,2,-1
733,26,1731.66,452.27,39.23,103.50,0.8964,2,1,-1
733,65,1617.17,541.78,51.66,131.09,0.9193,3,0,-1
733,107,1545.09,470.14,55.44,100.75,0.9161,2,2,-1
733,118,160.12,497.31,33.05,113.40,0.9145,2,1,-1
733,128,755.35,556.81,41.55,122.37,0.9151,2,1,-1
733,145,1019.92,421.41,42.33,80.86,0.9204,2,2,-1
733,149,1224.72,476.04,39.28,103.17,0.9220,2,1,-1
733,150,1481.26,526.29,68.62,135.47,0.9089,2,1,-1
734,1,552.43,446.42,37.72,99.07,0.9018,2,2,-1
734,26,1731.07,452.99,37.26,102.54,0.9019,2,1,-1
734,65,1615.63,541.45,52.06,131.41,0.9173,3,0,-1
734,107,1544.38,470.33,58.00,100.42,0.9087,2,2,-1
734,118,162.93,496.99,30.80,112.92,0.9105,2,1,-1
734,124,809.08,424.51,23.08,62.14,0.7484,2,1,-1
734,128,756.03,556.75,40.21,122.45,0.9213,2,1,-1
734,145,1019.97,422.61,40.75,79.59,0.9139,2,2,-1
734,147,789.09,392.99,29.37,77.97,0.5518,3,0,-1
734,149,1219.28,477.36,36.40,101.09,0.9193,2,1,-1
734,150,1470.86,527.58,71.24,128.73,0.9215,2,1,-1
735,1,556.60,444.55,33.55,100.86,0.9167,2,2,-1
735,26,1729.65,453.56,35.74,102.14,0.9059,2,1,-1
735,65,1613.91,541.41,52.41,131.78,0.8535,3,0,-1
735,107,1542.38,469.43,60.19,101.12,0.9014,2,2,-1
735,118,163.01,496.30,31.98,113.41,0.9153,2,1,-1
735,124,809.50,424.22,22.95,62.68,0.8050,2,1,-1
735,128,757.48,556.38,38.49,122.84,0.9096,2,1,-1
735,145,1022.36,423.42,37.96,78.49,0.9085,2,2,-1
735,147,788.20,392.59,27.51,78.03,0.6661,3,0,-1
735,149,1213.36,478.09,33.68,100.64,0.9099,2,1,-1
735,150,1459.32,528.81,73.20,127.57,0.8763,2,1,-1
736,1,558.58,443.56,31.04,101.85,0.9118,2,2,-1
736,9,722.94,617.96,51.95,142.38,0.9054,2,2,-1
736,26,1726.53,453.10,36.10,102.19,0.9098,2,1,-1
736,65,1610.24,540.15,53.05,133.44,0.8558,3,0,-1
736,107,1542.00,469.18,63.19,100.95,0.8905,2,2,-1
736,118,165.85,496.06,30.60,113.60,0.9105,2,1,-1
736,124,807.80,423.08,23.85,64.95,0.6392,2,1,-1
736,128,758.49,556.32,36.81,122.13,0.9131,2,1,-1
736,145,1024.57,424.56,33.75,77.23,0.9075,2,2,-1
736,147,786.47,393.79,26.08,76.14,0.7422,3,0,-1
736,149,1208.07,476.72,31.93,101.82,0.9114,2,1,-1
736,150,1447.56,531.64,71.21,126.80,0.7936,2,1,-1
737,1,559.12,443.69,31.87,101.73,0.9142,2,2,-1
737,9,722.64,618.69,53.95,141.91,0.9038,2,2,-1
737,26,1725.10,452.08,35.94,104.15,0.9045,2,1,-1
737,65,1608.84,542.11,52.44,131.73,0.6426,3,0,-1
737,107,1541.35,468.70,63.90,101.01,0.8833,2,2,-1
737,118,165.21,495.89,31.85,112.13,0.9132,2,1,-1
737,124,807.00,420.73,23.81,66.23,0.6873,2,1,-1
737,128,759.79,555.86,35.29,122.15,0.8964,2,1,-1
737,142,1029.85,421.63,27.27,79.93,0.8865,2,2,-1
737,147,784.70,394.27,25.60,75.99,0.6609,3,0,-1
737,149,1201.64,477.44,33.42,100.55,0.9093,2,1,-1
737,150,1436.18,533.94,68.06,125.80,0.8201,2,1,-1
738,1,557.36,444.09,36.13,101.44,0.9193,2,2,-1
738,9,722.19,618.87,56.15,141.91,0.9001,2,2,-1
738,26,1721.47,455.28,35.40,101.24,0.9085,2,1,-1
738,65,1607.60,542.09,50.92,130.64,0.9092,3,0,-1
738,107,1542.18,468.16,59.29,101.58,0.8775,2,2,-1
738,118,161.95,496.31,36.63,114.73,0.9188,2,1,-1
738,124,805.63,409.08,27.86,77.54,0.7527,2,1,-1
738,128,760.35,556.19,33.92,121.00,0.9088,2,1,-1
738,142,1032.92,423.40,25.30,77.73,0.8687,2,2,-1
738,147,782.70,393.47,25.19,77.34,0.7438,3,0,-1
738,149,1194.31,478.97,36.38,99.00,0.9281,2,1,-1
738,150,1425.28,534.67,64.32,124.96,0.8979,2,1,-1
739,1,555.77,444.76,45.51,101.31,0.9246,2,2,-1
739,9,719.52,617.17,52.85,143.42,0.9043,2,2,-1
739,26,1719.04,456.96,33.58,99.48,0.9195,2,1,-1
739,65,1605.58,540.81,50.55,130.16,0.6393,3,0,-1
739,107,1541.70,466.56,47.87,102.63,0.8873,2,2,-1
739,118,159.90,496.70,39.01,114.47,0.9233,2,1,-1
739,124,806.66,413.36,26.47,73.62,0.5222,2,1,-1
739,128,759.46,555.92,33.81,121.46,0.9069,2,1,-1
739,142,1032.18,419.48,26.10,81.94,0.8745,2,2,-1
739,147,780.16,391.60,25.45,79.75,0.6820,3,0,-1
739,149,1185.53,476.21,41.88,101.28,0.9255,2,1,-1
739,150,1411.86,533.36,52.60,125.33,0.9177,2,1,-1
740,1,552.76,445.34,52.08,100.63,0.9271,2,2,-1
740,9,718.96,613.28,50.14,146.10,0.9050,2,2,-1
740,26,1715.28,459.99,33.49,97.07,0.9020,2,1,-1
740,65,1603.30,539.33,48.36,132.32,0.9075,3,0,-1
740,107,1545.40,465.93,41.23,102.01,0.8910,2,2,-1
740,118,156.43,497.73,42.99,113.93,0.9260,2,1,-1
740,124,807.01,409.24,28.58,78.00,0.8576,2,1,-1
740,128,759.28,555.80,33.40,122.41,0.8566,2,1,-1
740,142,1032.16,419.77,26.68,82.98,0.8805,2,2,-1
740,149,1176.32,478.25,46.47,97.48,0.9253,2,1,-1
740,150,1402.57,530.96,53.31,128.42,0.9281,2,1,-1
740,0,840.51,471.30,14.44,16.28,1.0,0,-1,-1
741,1,549.90,445.96,55.51,99.75,0.9274,2,2,-1
741,9,718.78,609.28,47.74,149.77,0.9004,2,2,-1
741,26,1713.03,459.19,33.81,98.47,0.9007,2,1,-1
741,65,1601.24,538.86,47.81,131.97,0.9085,3,0,-1
741,107,1549.41,465.69,37.24,102.49,0.9008,2,2,-1
741,118,155.24,498.46,50.28,113.63,0.9245,2,1,-1
741,124,805.50,408.81,28.77,78.54,0.8239,2,1,-1
741,128,758.84,555.62,33.38,122.99,0.7890,2,1,-1
741,142,1031.17,419.06,30.52,84.20,0.9154,2,2,-1
741,149,1168.70,476.08,50.47,97.08,0.9317,2,1,-1
741,150,1393.46,527.94,56.77,131.63,0.9316,2,1,-1
741,0,838.54,470.30,11.32,12.66,1.0,0,-1,-1
742,1,547.80,445.98,56.28,100.48,0.9263,2,2,-1
742,9,722.20,606.99,40.76,102.30,0.8826,2,2,-1
742,26,1709.66,460.30,33.62,98.61,0.8931,2,1,-1
742,65,1598.56,538.52,46.92,129.18,0.8897,3,0,-1
742,107,1549.40,466.09,36.44,101.98,0.9088,2,2,-1
742,118,152.17,500.06,52.94,114.25,0.9307,2,1,-1
742,124,803.95,408.56,33.49,79.48,0.8966,2,1,-1
742,128,758.07,556.31,33.42,122.53,0.8676,2,1,-1
742,142,1029.90,416.96,34.66,86.12,0.8908,2,2,-1
742,149,1161.50,478.22,52.13,96.24,0.9180,2,1,-1
742,150,1380.69,525.85,63.98,134.96,0.9255,2,1,-1
743,1,547.25,445.53,54.46,100.52,0.9239,2,2,-1
743,9,717.92,605.59,43.08,102.85,0.8904,2,2,-1
743,26,1705.38,459.71,34.42,99.74,0.9078,2,1,-1
743,65,1595.46,538.28,47.19,128.76,0.9310,3,0,-1
743,107,1549.20,466.26,36.92,101.79,0.9067,2,2,-1
743,118,150.26,501.15,53.06,112.05,0.9340,2,1,-1
743,124,801.77,408.95,38.42,79.19,0.9064,2,1,-1
743,128,757.47,556.54,33.72,123.48,0.8673,2,1,-1
743,142,1028.10,419.48,37.72,84.14,0.9139,2,2,-1
743,147,771.07,392.78,24.87,79.72,0.7192,3,0,-1
743,149,1153.65,474.78,52.30,99.14,0.9246,2,1,-1
743,150,1367.19,525.50,70.80,134.23,0.9272,2,1,-1
744,1,548.17,445.46,51.11,100.64,0.9190,2,2,-1
744,9,711.10,604.74,53.41,149.11,0.8762,2,2,-1
744,26,1702.49,459.80,34.41,100.26,0.9054,2,1,-1
744,65,1592.89,537.68,46.88,129.46,0.9277,3,0,-1
744,107,1548.44,466.08,38.72,102.51,0.9063,2,2,-1
744,118,149.31,501.72,52.04,110.50,0.9329,2,1,-1
744,124,800.53,408.49,41.14,78.88,0.9165,2,1,-1
744,128,756.78,557.27,33.88,121.16,0.9166,2,1,-1
744,142,1025.75,419.69,38.46,84.19,0.9102,2,2,-1
744,147,768.66,393.38,24.73,79.27,0.7189,3,0,-1
744,149,1145.29,474.05,50.83,100.10,0.9188,2,1,-1
744,150,1356.51,526.43,73.46,130.78,0.9285,2,1,-1
745,1,551.70,445.29,45.93,100.53,0.9235,2,2,-1
745,9,711.36,605.56,50.34,144.75,0.9080,2,2,-1
745,26,1698.80,460.13,35.35,99.97,0.8923,2,1,-1
745,65,1591.62,537.25,45.91,129.52,0.9130,3,0,-1
745,107,1547.39,466.91,41.99,101.39,0.9201,2,2,-1
745,118,149.49,501.68,50.77,111.14,0.9319,2,1,-1
745,124,798.75,409.69,42.26,77.55,0.9217,2,1,-1
745,128,756.62,557.09,34.17,121.92,0.8955,2,1,-1
745,142,1024.59,418.96,38.20,85.01,0.9220,2,2,-1
745,147,766.54,393.35,24.96,79.83,0.6076,3,0,-1
745,149,1140.36,471.64,43.93,102.79,0.9084,2,1,-1
745,150,1346.11,528.82,72.66,127.12,0.9288,2,1,-1
746,1,555.54,445.48,40.67,100.14,0.9203,2,2,-1
746,9,708.87,607.80,48.55,140.64,0.9094,2,2,-1
746,26,1695.62,459.49,35.35,100.79,0.8986,2,1,-1
746,65,1588.94,536.57,46.42,129.91,0.8790,3,0,-1
746,107,1546.45,467.70,43.37,100.61,0.9115,2,2,-1
746,118,151.05,501.47,45.98,113.16,0.9274,2,1,-1
746,124,797.57,412.26,41.53,75.02,0.9147,2,1,-1
746,128,755.31,557.43,34.93,121.59,0.9160,2,1,-1
746,142,1024.39,419.70,37.37,84.58,0.9178,2,2,-1
746,149,1135.46,473.94,39.49,99.59,0.8972,2,1,-1
746,150,1335.28,531.36,70.00,127.76,0.8901,2,1,-1
747,1,560.46,446.30,36.01,99.17,0.8959,2,2,-1
747,9,706.97,609.09,49.00,139.84,0.9097,2,2,-1
747,26,1692.23,458.95,35.93,101.67,0.8947,2,1,-1
747,65,1586.31,536.26,47.16,130.78,0.8888,3,0,-1
747,107,1545.14,467.59,43.33,100.55,0.9190,2,2,-1
747,118,155.04,501.02,43.08,113.47,0.9242,2,1,-1
747,124,795.53,409.70,42.55,77.98,0.9143,2,1,-1
747,127,1908.10,460.24,12.89,80.61,0.6002,2,1,-1
747,128,754.50,557.91,35.51,121.45,0.9160,2,1,-1
747,142,1024.23,419.73,36.31,86.20,0.9088,2,2,-1
747,147,763.03,393.69,24.88,79.17,0.6129,3,0,-1
747,149,1130.08,471.20,39.45,103.19,0.9026,2,1,-1
747,150,1327.87,533.79,60.70,124.08,0.8816,2,1,-1
748,1,566.62,445.25,31.29,99.89,0.8949,2,2,-1
748,9,705.07,608.23,50.71,138.87,0.9194,2,2,-1
748,26,1690.12,459.00,36.00,101.85,0.8834,2,1,-1
748,65,1584.45,537.31,46.72,130.15,0.9281,3,0,-1
748,107,1544.29,467.51,42.99,100.33,0.9206,2,2,-1
748,118,159.66,501.15,39.70,113.32,0.9175,2,1,-1
748,124,794.94,412.41,43.66,75.86,0.9083,2,1,-1
748,127,1904.52,451.57,15.10,89.87,0.5496,2,1,-1
748,128,752.69,557.49,37.37,121.82,0.9160,2,1,-1
748,142,1023.55,418.35,36.56,86.65,0.9092,2,2,-1
748,147,760.83,394.94,24.69,78.54,0.8154,3,0,-1
748,149,1126.62,466.76,38.21,106.93,0.9107,2,1,-1
748,150,1317.84,533.52,55.14,123.99,0.9086,2,1,-1
749,1,572.27,471.44,24.81,74.07,0.8592,2,2,-1
749,9,704.21,605.53,51.56,140.99,0.9149,2,2,-1
749,26,1688.06,460.30,35.82,101.78,0.8765,2,1,-1
749,65,1582.68,536.91,46.44,130.14,0.9262,3,0,-1
749,107,1543.65,467.03,42.49,100.75,0.9157,2,2,-1
749,118,163.31,500.82,37.45,115.42,0.9071,2,1,-1
749,124,794.41,414.59,44.71,73.57,0.9114,2,1,-1
749,127,1895.90,450.93,22.44,91.35,0.7833,2,1,-1
749,128,752.06,558.04,38.37,121.53,0.9201,2,1,-1
749,142,1025.17,418.76,34.65,86.41,0.9124,2,2,-1
749,147,758.69,393.69,24.56,79.47,0.8850,3,0,-1
749,149,1120.06,467.19,39.23,105.92,0.9376,2,1,-1
749,150,1308.02,531.78,48.48,126.14,0.9210,2,1,-1
750,1,570.99,459.94,30.37,85.61,0.8816,2,2,-1
750,9,704.22,601.65,50.15,143.13,0.8987,2,2,-1
750,26,1682.59,461.05,37.34,103.22,0.8869,2,1,-1
750,65,1581.27,537.75,44.87,129.38,0.9287,3,0,-1
750,107,1542.89,467.54,42.94,100.78,0.9134,2,2,-1
750,118,165.34,501.09,36.67,113.78,0.9089,2,1,-1
750,124,794.73,419.39,43.18,69.23,0.9067,2,1,-1
750,127,1886.72,449.25,32.08,93.38,0.8948,2,1,-1
750,128,751.26,558.16,40.15,121.57,0.9164,2,1,-1
750,142,1027.21,419.08,32.29,85.93,0.8850,2,2,-1
750,147,756.77,392.62,25.03,80.76,0.8519,3,0,-1
750,149,1113.23,467.75,40.50,105.05,0.9216,2,1,-1
750,150,1297.97,528.85,51.14,128.74,0.9284,2,1,-1
