1,0,1223.81,559.74,15.39,16.22,1.0,0,-1,-1
2,0,1221.72,561.18,15.08,15.93,1.0,0,-1,-1
3,1,1826.63,501.82,52.01,117.68,0.9313,2,-1,-1
3,2,513.00,518.42,60.42,105.38,0.9333,2,-1,-1
3,3,1687.54,566.90,50.67,131.98,0.9321,2,-1,-1
3,4,1033.65,582.44,56.28,136.78,0.8149,3,-1,-1
3,5,817.91,451.84,44.20,100.24,0.8956,2,-1,-1
3,6,1088.45,390.57,40.91,84.85,0.8666,2,-1,-1
3,7,1015.04,503.65,50.86,85.23,0.9070,2,-1,-1
3,8,752.85,564.22,51.47,131.58,0.9137,2,-1,-1
3,9,1336.48,440.09,58.61,106.47,0.9061,2,-1,-1
3,10,586.21,457.25,47.08,126.23,0.9092,2,-1,-1
3,11,1417.94,467.29,38.69,118.66,0.9045,2,-1,-1
3,12,637.81,484.54,41.59,98.35,0.8815,2,-1,-1
3,13,1278.05,380.29,28.06,50.06,0.8743,2,-1,-1
3,14,1733.06,594.92,43.68,134.44,0.9246,2,-1,-1
3,15,1296.53,344.97,22.18,42.81,0.7539,2,-1,-1
3,17,71.95,476.65,17.40,47.34,0.8526,2,-1,-1
3,18,94.27,476.60,19.67,42.60,0.8761,2,-1,-1
3,20,1235.25,489.13,35.58,87.27,0.8427,2,-1,-1
3,21,1479.37,285.00,35.31,66.41,0.8485,3,-1,-1
3,0,1220.02,562.54,15.83,15.64,1.0,0,-1,-1
4,1,1827.77,503.72,47.32,114.35,0.9282,2,-1,-1
4,2,529.15,516.53,53.35,106.94,0.9303,2,-1,-1
4,3,1692.28,565.80,48.31,132.36,0.9285,2,-1,-1
4,4,1041.63,584.02,56.13,136.90,0.6756,3,-1,-1
4,5,824.57,452.11,44.19,101.51,0.8519,2,-1,-1
4,6,1091.66,389.93,39.63,85.29,0.8561,2,-1,-1
4,7,1018.09,503.65,50.86,84.93,0.9078,2,-1,-1
4,8,756.70,564.10,51.99,131.23,0.9205,2,-1,-1
4,9,1338.76,439.35,59.87,107.22,0.9140,2,-1,-1
4,10,597.33,457.24,43.84,125.08,0.8913,2,-1,-1
4,11,1423.93,466.34,37.75,117.52,0.8917,2,-1,-1
4,12,643.44,483.00,43.38,100.36,0.9131,2,-1,-1
4,13,1277.03,378.13,31.72,53.42,0.8632,2,-1,-1
4,14,1730.45,595.17,51.56,135.25,0.9247,2,-1,-1
4,15,1295.92,344.44,26.18,50.20,0.7077,2,-1,-1
4,20,1232.87,485.28,38.71,93.17,0.8537,2,-1,-1
4,21,1488.69,285.61,34.50,66.54,0.7988,3,-1,-1
4,0,1219.53,562.76,16.28,16.17,1.0,0,-1,-1
5,1,1826.14,504.68,44.34,113.85,0.9327,2,-1,-1
5,2,547.00,515.89,45.52,107.77,0.9281,2,-1,-1
5,3,1695.12,565.78,47.92,133.25,0.9034,2,-1,-1
5,4,1050.53,584.60,55.47,137.15,0.7052,3,-1,-1
5,5,831.87,449.58,45.02,104.72,0.8840,2,-1,-1
5,6,1097.10,390.93,37.75,85.86,0.8693,2,-1,-1
5,7,1021.73,503.34,52.61,86.40,0.9154,2,-1,-1
5,8,760.41,563.52,53.29,131.07,0.9408,2,-1,-1
5,9,1337.88,440.60,60.52,105.95,0.9178,2,-1,-1
5,10,608.07,462.16,39.13,119.20,0.8367,2,-1,-1
5,11,1431.22,465.60,37.02,116.86,0.8560,2,-1,-1
5,12,650.25,481.89,42.42,100.84,0.9023,2,-1,-1
5,13,1281.17,380.86,30.76,51.28,0.8222,2,-1,-1
5,14,1731.62,594.96,58.35,136.26,0.9254,2,-1,-1
5,15,1298.27,345.59,28.01,54.05,0.5326,2,-1,-1
5,20,1241.18,524.18,25.22,55.17,0.7550,2,-1,-1
5,21,1500.75,286.89,32.68,62.39,0.6665,3,-1,-1
5,0,1219.52,563.74,16.42,16.48,1.0,0,-1,-1
6,1,1825.47,503.84,50.35,114.55,0.9371,2,-1,-1
6,2,560.08,515.83,42.55,108.06,0.9174,2,-1,-1
6,3,1698.40,565.41,45.69,126.72,0.7990,2,-1,-1
6,4,1061.43,585.05,52.99,137.37,0.8951,3,-1,-1
6,5,839.14,449.21,44.07,105.78,0.8658,2,-1,-1
6,6,1099.82,389.21,37.71,89.33,0.8989,2,-1,-1
6,7,1026.66,503.48,54.31,86.10,0.9153,2,-1,-1
6,8,763.71,564.59,56.01,129.15,0.9393,2,-1,-1
6,9,1336.83,440.19,62.48,106.36,0.9186,2,-1,-1
6,10,619.20,460.58,36.83,123.92,0.8974,2,-1,-1
6,11,1440.46,465.07,35.47,116.86,0.8573,2,-1,-1
6,12,657.37,480.83,43.45,101.89,0.9017,2,-1,-1
6,13,1285.97,376.00,31.11,55.63,0.8382,2,-1,-1
6,14,1732.15,595.91,66.27,134.84,0.9306,2,-1,-1
6,15,1303.76,344.26,26.81,55.56,0.7557,2,-1,-1
6,21,1512.87,287.68,32.61,61.62,0.5529,2,-1,-1
6,0,1221.72,565.43,16.77,16.93,1.0,0,-1,-1
7,1,1825.88,502.39,57.66,116.13,0.9191,2,-1,-1
7,2,572.69,516.71,42.85,106.82,0.9175,2,-1,-1
7,3,1705.58,565.79,31.26,78.24,0.7540,2,-1,-1
7,4,1071.22,584.38,52.06,138.44,0.9010,2,-1,-1
7,5,848.22,451.77,42.81,102.58,0.8552,2,-1,-1
7,6,1104.84,393.56,34.51,85.21,0.8612,2,-1,-1
7,7,1033.02,503.90,53.67,87.15,0.9233,2,-1,-1
7,8,768.15,563.63,58.48,130.28,0.9374,2,-1,-1
7,9,1337.45,439.14,68.99,107.34,0.9196,2,-1,-1
7,10,630.28,463.04,38.59,120.73,0.9033,2,-1,-1
7,11,1448.50,464.86,34.50,117.01,0.8666,2,-1,-1
7,12,667.22,480.42,42.34,101.13,0.8869,2,-1,-1
7,13,1292.62,376.80,28.20,54.46,0.8151,2,-1,-1
7,14,1734.94,596.99,71.57,134.26,0.9298,2,-1,-1
7,15,1313.73,348.77,24.05,51.12,0.5637,2,-1,-1
7,22,1425.61,543.37,37.74,78.93,0.7938,2,-1,-1
7,23,94.55,443.74,49.70,81.10,0.8474,1,-1,-1
7,24,1224.78,474.33,50.82,103.70,0.8661,2,-1,-1
7,0,1223.84,566.41,24.07,17.41,1.0,0,-1,-1
8,1,1827.42,500.33,62.60,118.39,0.9504,2,1,-1
8,2,585.87,518.82,46.37,107.11,0.9239,2,1,-1
8,3,1708.74,566.62,41.08,73.08,0.8757,2,-1,-1
8,4,1081.11,585.16,51.60,137.00,0.7506,3,0,-1
8,5,856.15,449.01,43.50,105.64,0.8809,2,1,-1
8,6,1109.09,393.60,37.23,86.33,0.8987,2,1,-1
8,7,1039.62,505.72,53.07,87.23,0.9149,2,1,-1
8,8,773.98,564.76,58.54,129.27,0.9415,2,1,-1
8,9,1340.68,439.40,72.80,107.44,0.9408,2,1,-1
8,10,640.65,465.00,41.30,119.50,0.9204,2,2,-1
8,11,1456.72,464.88,33.10,113.54,0.8320,2,1,-1
8,12,674.75,480.08,43.05,103.83,0.8821,2,1,-1
8,13,1299.56,373.96,28.39,59.00,0.8288,2,-1,-1
8,14,1739.75,596.41,75.24,134.79,0.9216,2,2,-1
8,15,1321.55,346.71,23.42,51.83,0.5157,2,-1,-1
8,22,1434.36,544.67,37.55,77.87,0.8444,2,-1,-1
8,23,104.02,445.34,48.71,78.76,0.8867,1,-1,-1
8,24,1248.40,476.82,36.77,72.07,0.8085,2,-1,-1
8,0,1225.93,567.60,19.35,17.45,1.0,0,-1,-1
9,1,1827.76,499.59,69.39,118.51,0.9516,2,1,-1
9,2,598.56,521.30,48.45,104.64,0.9198,2,1,-1
9,3,1715.05,566.87,41.12,66.90,0.8083,2,2,-1
9,4,1090.55,585.58,51.36,137.14,0.7163,3,0,-1
9,5,864.89,449.24,42.97,106.41,0.8967,2,1,-1
9,6,1114.51,409.56,31.17,70.42,0.8333,2,1,-1
9,7,1047.00,506.91,52.30,88.99,0.9225,2,1,-1
9,8,781.78,564.78,57.80,129.13,0.9366,2,1,-1
9,9,1344.98,438.41,74.72,108.34,0.9373,2,1,-1
9,10,656.94,466.92,32.65,88.62,0.8549,2,2,-1
9,11,1465.26,464.87,33.42,117.44,0.8042,2,1,-1
9,12,683.62,479.04,42.79,105.48,0.8893,2,1,-1
9,14,1754.05,631.60,64.97,98.66,0.9063,2,2,-1
9,15,1319.52,341.17,27.88,60.06,0.7772,2,-1,-1
9,22,1442.72,543.72,38.21,79.15,0.8217,2,-1,-1
9,23,112.92,443.42,49.36,80.82,0.9264,1,-1,-1
9,24,1236.70,512.41,35.31,72.77,0.8138,2,-1,-1
9,0,1227.93,568.48,17.86,17.33,1.0,0,-1,-1
10,1,1829.35,499.98,73.55,116.82,0.9515,2,1,-1
10,2,609.73,524.05,46.48,102.95,0.9169,2,1,-1
10,3,1717.25,566.80,45.64,65.53,0.8802,2,2,-1
10,4,1100.72,586.50,50.07,137.86,0.8473,3,0,-1
10,5,873.02,450.03,41.42,104.86,0.8531,2,1,-1
10,6,1118.81,399.58,35.48,80.98,0.8552,2,1,-1
10,7,1053.71,508.20,51.23,90.27,0.9190,2,1,-1
10,8,789.28,564.81,56.21,128.47,0.9351,2,1,-1
10,9,1351.09,438.15,72.54,108.58,0.9401,2,1,-1
10,10,667.15,467.02,36.23,94.52,0.8485,2,2,-1
10,11,1475.14,464.85,31.16,109.48,0.8432,2,1,-1
10,12,695.46,478.57,40.15,105.54,0.8990,2,1,-1
10,14,1746.59,597.12,82.51,134.00,0.9052,2,2,-1
10,15,1327.11,339.28,28.19,61.62,0.8058,2,-1,-1
10,21,1562.87,294.87,35.04,61.06,0.5213,3,-1,-1
10,22,1451.44,544.01,37.76,78.36,0.8390,2,-1,-1
10,23,122.66,442.91,50.32,81.10,0.9101,1,-1,-1
10,24,1234.17,485.90,45.55,101.65,0.7916,2,-1,-1
10,0,1230.47,569.04,16.40,17.83,1.0,0,-1,-1
11,1,1835.90,501.85,70.78,114.57,0.9356,2,1,-1
11,2,621.57,526.71,45.27,101.46,0.9074,2,1,-1
11,3,1722.27,567.44,46.99,64.90,0.8570,2,2,-1
11,4,1109.90,585.73,48.27,138.27,0.9040,3,0,-1
11,5,881.02,454.29,40.04,100.93,0.8924,2,1,-1
11,6,1123.06,397.62,35.75,83.55,0.8934,2,1,-1
11,7,1060.09,511.23,50.20,87.07,0.9183,2,1,-1
11,8,797.31,563.34,54.37,129.76,0.9402,2,1,-1
11,9,1357.50,439.23,68.94,104.82,0.9302,2,1,-1
11,11,1483.40,465.42,28.84,96.33,0.8084,2,1,-1
11,12,702.13,478.33,40.36,105.68,0.8763,2,1,-1
11,14,1771.44,641.37,57.08,88.02,0.9035,2,2,-1
11,15,1333.25,339.84,27.10,59.01,0.6711,2,-1,-1
11,21,1571.50,296.66,38.33,58.51,0.7262,3,0,-1
11,22,1459.51,542.03,38.14,80.36,0.8107,2,-1,-1
11,23,130.52,448.24,46.84,74.87,0.8490,1,-1,-1
11,24,1238.03,507.34,38.68,81.66,0.7799,2,2,-1
11,0,1231.81,569.66,16.73,18.23,1.0,0,-1,-1
12,1,1840.11,504.36,67.38,112.73,0.9346,2,1,-1
12,2,632.41,528.10,46.38,101.86,0.8063,2,1,-1
12,3,1727.16,568.10,45.64,64.94,0.8605,2,2,-1
12,4,1118.18,587.21,48.84,137.96,0.8694,3,0,-1
12,5,887.76,454.87,40.92,102.18,0.9074,2,1,-1
12,6,1129.42,398.25,34.26,83.85,0.8626,2,1,-1
12,7,1065.75,512.96,51.25,85.61,0.9242,2,1,-1
12,8,803.89,562.62,53.16,129.99,0.9273,2,1,-1
12,9,1361.59,438.91,64.99,103.37,0.9118,2,1,-1
12,11,1492.27,466.03,27.45,81.49,0.8094,2,1,-1
12,12,710.83,479.12,40.20,105.96,0.8378,2,1,-1
12,14,1773.40,645.72,55.45,83.52,0.8736,2,2,-1
12,15,1339.74,339.65,28.32,59.82,0.7289,2,-1,-1
12,21,1581.57,298.09,38.55,57.93,0.5231,3,0,-1
12,22,1468.12,545.28,36.65,76.72,0.8047,2,-1,-1
12,23,141.67,458.97,40.24,63.08,0.7311,1,-1,-1
12,24,1236.13,484.46,46.45,104.11,0.8433,2,2,-1
12,0,1234.57,570.45,17.93,18.24,1.0,0,-1,-1
13,1,1842.46,506.28,61.46,111.99,0.9344,2,1,-1
13,2,641.08,530.27,46.14,106.51,0.9036,2,1,-1
13,3,1736.24,568.61,52.08,65.60,0.8681,2,2,-1
13,4,1125.83,588.94,49.04,137.14,0.9115,3,0,-1
13,5,894.92,455.52,41.46,102.63,0.8947,2,1,-1
13,6,1135.02,398.53,33.04,84.76,0.8431,2,1,-1
13,7,1071.95,514.47,51.00,84.77,0.9142,2,1,-1
13,8,810.88,561.59,51.29,130.98,0.9375,2,1,-1
13,9,1365.88,438.22,60.59,104.26,0.8956,2,1,-1
13,11,1499.52,466.13,29.50,81.09,0.8571,2,1,-1
13,12,721.67,477.65,38.52,106.28,0.8469,2,1,-1
13,14,1775.56,654.71,52.57,74.84,0.8699,2,2,-1
13,15,1342.67,340.86,27.91,59.17,0.6356,2,-1,-1
13,18,168.50,474.90,19.95,43.91,0.6352,1,-1,-1
13,22,1475.89,543.07,37.64,79.71,0.8386,2,-1,-1
13,24,1241.08,501.21,39.16,89.51,0.8176,2,2,-1
13,0,1237.18,572.58,17.85,17.90,1.0,0,-1,-1
14,1,1844.08,506.98,53.22,111.51,0.9187,2,1,-1
14,2,650.68,530.90,43.91,104.91,0.9169,2,1,-1
14,3,1738.59,568.41,48.04,66.24,0.8809,2,2,-1
14,4,1134.25,591.36,48.86,135.32,0.8286,3,0,-1
14,5,901.36,459.17,42.83,99.59,0.9017,2,1,-1
14,6,1137.31,397.33,32.79,88.14,0.7158,2,1,-1
14,7,1077.06,514.50,53.86,84.72,0.9247,2,1,-1
14,8,817.25,561.07,47.77,130.31,0.9128,2,1,-1
14,9,1370.45,436.87,54.27,105.32,0.9000,2,1,-1
14,11,1506.50,466.68,30.22,79.63,0.8542,2,1,-1
14,12,727.92,471.02,40.41,113.69,0.8109,2,1,-1
14,14,1778.45,608.44,41.99,67.58,0.8351,2,2,-1
14,15,1351.61,341.21,28.76,55.46,0.7664,2,-1,-1
14,17,152.14,442.75,44.01,81.57,0.8755,1,-1,-1
14,22,1484.34,544.77,37.10,79.33,0.8569,2,-1,-1
14,24,1240.66,482.80,46.85,106.19,0.7751,2,2,-1
14,0,1239.34,574.98,17.58,16.68,1.0,0,-1,-1
15,1,1844.92,505.84,49.41,113.09,0.9256,2,1,-1
15,2,659.48,531.18,43.57,105.28,0.9079,2,1,-1
15,3,1743.90,568.17,44.16,70.08,0.8749,2,2,-1
15,4,1140.29,592.55,50.89,134.93,0.9029,3,0,-1
15,5,907.78,461.56,44.18,97.40,0.9052,2,1,-1
15,6,1148.42,396.41,32.10,88.42,0.7503,2,1,-1
15,7,1080.95,515.46,53.54,84.39,0.9085,2,1,-1
15,8,823.70,561.11,44.40,130.24,0.8985,2,1,-1
15,9,1379.27,468.09,42.50,74.02,0.9131,2,1,-1
15,12,720.68,463.27,44.36,116.46,0.8620,2,1,-1
15,14,1777.24,602.54,44.20,72.85,0.7323,2,2,-1
15,15,1356.74,341.76,29.46,53.73,0.6651,2,-1,-1
15,17,159.66,445.67,42.43,78.41,0.7781,1,-1,-1
15,22,1495.46,507.75,42.94,79.38,0.8732,2,-1,-1
15,24,1241.92,483.99,47.71,109.43,0.7852,2,2,-1
15,0,1241.06,576.89,19.18,16.83,1.0,0,-1,-1
16,1,1846.30,504.85,52.53,114.09,0.9027,2,1,-1
16,2,667.91,530.90,43.13,105.37,0.9124,2,1,-1
16,3,1757.91,568.25,42.57,67.76,0.8262,2,2,-1
16,4,1146.55,594.15,51.77,134.55,0.8568,3,0,-1
16,5,913.96,460.99,45.28,100.15,0.8852,2,1,-1
16,6,1151.27,397.97,32.75,88.76,0.8220,2,1,-1
16,7,1087.22,516.29,55.20,83.49,0.9120,2,1,-1
16,8,831.46,561.55,40.72,129.27,0.9255,2,1,-1
16,9,1379.82,468.20,47.40,74.08,0.9166,2,1,-1
16,11,1521.43,467.26,31.01,80.67,0.8230,2,1,-1
16,12,728.20,463.43,51.27,121.30,0.8941,2,1,-1
16,14,1772.04,621.86,61.48,103.23,0.6035,2,2,-1
16,15,1363.74,342.10,30.78,52.65,0.7864,2,-1,-1
16,17,163.96,446.71,47.83,78.07,0.9098,1,-1,-1
16,22,1497.51,544.87,40.39,78.69,0.8542,2,-1,-1
16,24,1245.38,487.16,46.03,105.64,0.6227,2,2,-1
16,0,1243.28,577.49,20.30,18.14,1.0,0,-1,-1
17,1,1847.13,502.69,59.31,117.08,0.9337,2,1,-1
17,2,676.01,530.29,43.81,106.37,0.9122,2,1,-1
17,3,1765.34,567.94,39.94,70.27,0.7655,2,2,-1
17,4,1152.62,595.97,52.93,133.52,0.7987,3,0,-1
17,5,921.27,459.18,45.69,104.17,0.8874,2,1,-1
17,6,1156.18,399.49,32.94,87.91,0.8413,2,1,-1
17,7,1091.71,517.28,55.87,82.82,0.8908,2,1,-1
17,8,838.79,563.33,38.26,127.47,0.9123,2,1,-1
17,9,1377.15,435.90,58.76,106.92,0.9290,2,1,-1
17,11,1528.06,467.54,32.72,85.68,0.8266,2,1,-1
17,12,736.53,464.40,52.06,122.11,0.8833,2,1,-1
17,14,1783.96,608.43,60.11,125.03,0.8527,2,2,-1
17,15,1370.37,342.43,32.16,52.41,0.8567,2,-1,-1
17,17,169.83,444.84,51.14,82.34,0.8748,1,-1,-1
17,22,1507.19,547.45,38.23,76.25,0.8041,2,-1,-1
17,24,1246.37,489.13,47.00,106.95,0.5301,2,2,-1
17,0,1246.08,578.66,15.79,17.22,1.0,0,-1,-1
18,1,1844.25,503.05,66.11,117.78,0.9379,2,1,-1
18,2,683.04,529.52,43.81,106.59,0.9039,2,1,-1
18,3,1767.86,567.90,42.18,84.57,0.7442,2,2,-1
18,4,1155.21,596.96,58.61,133.96,0.9320,3,0,-1
18,5,929.42,458.84,45.24,105.90,0.9021,2,1,-1
18,6,1160.49,401.02,33.99,87.98,0.9134,2,1,-1
18,7,1097.47,518.67,54.81,80.77,0.8834,2,1,-1
18,8,845.26,565.94,36.31,126.14,0.9287,2,1,-1
18,9,1378.84,436.19,59.95,105.42,0.9260,2,1,-1
18,11,1536.24,467.29,31.90,83.82,0.7970,2,1,-1
18,12,743.68,465.32,51.39,121.81,0.8065,2,1,-1
18,14,1789.62,645.92,53.17,87.16,0.8461,2,2,-1
18,15,1378.54,342.06,29.49,46.32,0.6903,2,-1,-1
18,17,176.41,447.29,50.09,79.77,0.8588,1,-1,-1
18,21,1637.25,297.08,41.63,62.06,0.7851,3,0,-1
18,22,1512.40,547.38,40.36,78.16,0.8348,2,-1,-1
18,24,1234.61,491.00,54.10,102.80,0.7442,2,2,-1
18,0,1247.28,579.73,15.85,16.73,1.0,0,-1,-1
19,1,1841.03,503.21,71.16,115.89,0.9389,2,1,-1
19,2,689.89,528.72,44.42,106.65,0.9114,2,1,-1
19,4,1157.71,598.26,62.39,134.00,0.9389,3,0,-1
19,5,934.03,457.83,45.88,106.71,0.9199,2,1,-1
19,6,1166.26,402.86,32.46,83.36,0.8253,2,1,-1
19,7,1101.28,517.91,54.82,81.29,0.9194,2,1,-1
19,8,848.57,569.28,36.96,122.25,0.9270,2,1,-1
19,9,1375.85,435.39,65.18,105.43,0.9365,2,1,-1
19,11,1540.57,466.66,35.64,103.24,0.8382,2,1,-1
19,12,751.68,467.65,50.48,120.06,0.8308,2,1,-1
19,14,1781.35,618.57,73.31,116.58,0.9137,2,2,-1
19,15,1384.68,342.06,30.93,46.25,0.8514,2,-1,-1
19,17,183.33,448.11,50.23,78.74,0.9255,1,3,-1
19,21,1645.51,296.63,41.24,62.71,0.6879,3,0,-1
19,22,1520.68,547.29,39.60,78.74,0.7690,2,-1,-1
19,24,1235.06,493.33,57.08,100.34,0.7975,2,2,-1
19,0,1247.51,580.43,16.95,18.40,1.0,0,-1,-1
20,1,1842.33,504.27,68.37,115.64,0.9277,2,1,-1
20,2,695.04,528.42,43.98,107.44,0.9097,2,1,-1
20,4,1160.62,600.05,63.32,132.96,0.9273,3,0,-1
20,5,939.95,456.84,45.38,108.30,0.8953,2,1,-1
20,6,1166.15,404.95,34.06,85.00,0.8777,2,1,-1
20,7,1105.80,518.20,52.11,81.82,0.9123,2,1,-1
20,8,850.60,572.86,38.37,117.91,0.9278,2,1,-1
20,9,1376.69,435.71,64.31,105.41,0.9258,2,1,-1
20,12,763.83,468.38,33.82,68.79,0.7600,2,1,-1
20,13,1388.06,361.64,31.82,71.49,0.7443,2,-1,-1
20,14,1782.22,619.50,77.80,116.19,0.9125,2,2,-1
20,17,189.03,447.56,49.50,79.60,0.9003,1,3,-1
20,21,1652.24,295.95,41.01,63.37,0.5888,3,0,-1
20,22,1524.75,540.83,42.21,84.90,0.8214,2,2,-1
20,24,1244.10,494.18,54.49,103.47,0.8948,2,2,-1
20,0,1246.51,580.28,22.79,20.18,1.0,0,-1,-1
21,1,1839.16,506.78,63.50,113.98,0.9138,2,1,-1
21,2,700.13,528.65,43.74,107.41,0.9255,2,1,-1
21,4,1163.05,600.69,65.64,133.60,0.9350,3,0,-1
21,5,943.46,455.32,43.46,108.44,0.8741,2,1,-1
21,6,1171.57,421.89,29.69,67.84,0.8439,2,1,-1
21,7,1108.80,516.65,51.52,85.66,0.9182,2,1,-1
21,8,855.32,574.85,37.46,116.81,0.9076,2,1,-1
21,9,1379.27,436.84,60.16,105.03,0.9055,2,1,-1
21,10,768.15,470.09,37.29,83.53,0.7052,2,2,-1
21,11,1551.35,465.48,37.28,113.89,0.8511,2,1,-1
21,12,791.79,536.21,18.79,37.39,0.5879,2,1,-1
21,14,1781.68,622.58,82.13,113.38,0.9234,2,2,-1
21,15,1396.27,342.40,32.08,48.06,0.8460,2,-1,-1
21,17,193.75,447.28,49.44,79.99,0.8259,1,3,-1
21,22,1533.25,547.81,38.71,78.19,0.7644,2,2,-1
21,24,1252.29,496.99,50.62,102.86,0.7638,2,2,-1
22,1,1832.18,510.18,58.56,110.10,0.9278,2,1,-1
22,2,705.00,528.36,42.38,106.42,0.9247,2,1,-1
22,4,1164.89,600.89,66.78,134.47,0.9417,3,0,-1
22,5,946.90,453.63,41.55,111.33,0.9025,2,1,-1
22,6,1170.45,403.46,36.66,88.00,0.8927,2,1,-1
22,7,1110.81,515.45,50.09,88.89,0.9177,2,1,-1
22,8,865.33,575.91,26.90,73.43,0.8354,2,1,-1
22,9,1378.73,437.72,54.06,103.69,0.8905,2,1,-1
22,10,770.64,470.60,46.90,116.12,0.8754,2,2,-1
22,11,1556.81,465.45,35.90,110.35,0.8710,2,1,-1
22,13,1398.65,377.14,29.33,60.89,0.8029,2,-1,-1
22,14,1781.58,619.11,86.94,116.69,0.8756,2,2,-1
22,15,1403.80,342.52,27.85,37.69,0.8277,2,-1,-1
22,17,198.45,446.34,49.05,81.18,0.9209,1,3,-1
22,22,1540.43,550.67,38.16,74.34,0.7159,2,2,-1
22,24,1255.72,493.88,43.96,108.00,0.8935,2,2,-1
22,0,1299.68,588.06,20.46,16.99,1.0,0,-1,-1
23,1,1823.74,513.57,56.72,107.05,0.9250,2,1,-1
23,2,708.14,528.59,41.53,106.54,0.9260,2,1,-1
23,3,1775.11,579.46,49.49,97.81,0.7317,2,2,-1
23,4,1167.32,600.75,66.26,135.11,0.9396,3,0,-1
23,5,948.99,453.19,40.54,112.43,0.8975,2,1,-1
23,6,1172.36,402.08,36.50,89.72,0.9103,2,1,-1
23,7,1112.51,513.41,47.51,90.43,0.9079,2,1,-1
23,8,861.44,578.87,37.50,112.78,0.8649,2,1,-1
23,9,1376.46,437.12,47.12,103.57,0.8504,2,1,-1
23,10,776.12,470.58,44.89,114.17,0.8461,2,2,-1
23,13,1401.76,376.96,30.84,61.10,0.7785,2,-1,-1
23,15,1406.48,342.75,31.09,42.28,0.7376,2,-1,-1
23,17,202.62,445.87,48.06,80.38,0.8427,1,3,-1
23,21,1668.67,295.59,39.39,64.10,0.8608,3,0,-1
23,22,1539.01,518.81,46.38,106.27,0.8628,2,2,-1
23,24,1253.90,493.62,42.43,106.90,0.7179,2,2,-1
23,0,1321.50,590.55,25.20,16.29,1.0,0,-1,-1
24,1,1819.77,514.75,63.21,106.40,0.9309,2,1,-1
24,2,710.32,528.85,41.54,107.69,0.9241,2,1,-1
24,3,1781.72,582.41,60.74,112.84,0.6731,2,2,-1
24,4,1168.71,601.04,65.98,135.46,0.9296,3,0,-1
24,5,951.99,453.51,38.83,111.79,0.8915,2,1,-1
24,6,1173.20,402.06,36.55,91.60,0.9057,2,1,-1
24,7,1113.75,510.97,45.62,92.74,0.9132,2,1,-1
24,8,863.60,572.51,36.89,121.18,0.9078,2,1,-1
24,10,779.76,470.10,45.06,117.76,0.9136,2,2,-1
24,11,1563.09,466.03,36.60,113.47,0.8790,2,1,-1
24,13,1403.68,366.50,33.99,70.82,0.8097,2,-1,-1
24,17,205.38,445.77,48.16,81.13,0.8199,1,3,-1
24,20,1378.53,473.44,34.49,67.29,0.8749,2,-1,-1
24,21,1672.01,295.27,39.59,64.99,0.7236,3,0,-1
24,24,1251.48,491.24,43.21,112.27,0.7405,2,2,-1
24,0,1344.96,593.22,23.45,17.02,1.0,0,-1,-1
25,1,1814.14,514.24,71.08,108.34,0.9374,2,1,-1
25,2,711.87,528.87,40.67,107.53,0.9227,2,1,-1
25,3,1778.97,586.78,67.77,110.86,0.8761,2,2,-1
25,4,1169.66,599.57,66.38,136.82,0.9264,3,0,-1
25,5,956.93,467.75,28.72,79.50,0.8155,2,1,-1
25,6,1174.42,401.98,35.95,92.66,0.8948,2,1,-1
25,7,1108.84,507.18,48.65,96.39,0.8983,2,1,-1
25,8,864.38,570.24,36.68,121.27,0.9114,2,1,-1
25,9,1371.93,441.09,41.73,99.61,0.9110,2,1,-1
25,10,784.42,468.95,43.45,115.04,0.8946,2,2,-1
25,11,1564.98,466.65,35.85,108.92,0.8773,2,1,-1
25,15,1412.20,343.00,31.82,41.75,0.7959,2,-1,-1
25,21,1674.65,294.84,39.65,65.16,0.8043,3,0,-1
25,24,1248.04,489.48,43.48,113.67,0.7096,2,2,-1
25,0,1368.03,595.11,22.89,17.68,1.0,0,-1,-1
26,1,1805.93,513.17,76.31,109.65,0.9450,2,1,-1
26,2,712.35,528.13,41.36,108.29,0.9265,2,1,-1
26,4,1169.70,597.29,66.71,138.32,0.8984,3,0,-1
26,5,954.78,457.30,37.13,109.34,0.8811,2,1,-1
26,6,1173.27,402.66,36.74,92.60,0.9039,2,1,-1
26,7,1106.14,503.28,50.21,100.77,0.8991,2,1,-1
26,8,863.65,567.64,37.81,123.16,0.9166,2,1,-1
26,9,1367.98,448.92,43.73,91.15,0.9085,2,1,-1
26,10,787.15,467.00,43.78,118.11,0.8236,2,2,-1
26,11,1567.60,466.23,35.33,111.59,0.8702,2,1,-1
26,14,1776.18,611.33,69.05,86.99,0.8353,2,2,-1
26,15,1411.72,342.78,34.79,44.67,0.8217,2,-1,-1
26,18,232.10,475.46,19.05,43.92,0.8617,2,-1,-1
26,21,1676.27,295.16,39.00,64.33,0.5421,3,0,-1
26,24,1244.06,487.58,43.31,113.60,0.7660,2,2,-1
26,0,1387.87,598.24,23.37,16.81,1.0,0,-1,-1
27,1,1800.07,513.36,76.44,108.75,0.9376,2,1,-1
27,2,710.30,526.24,44.18,110.54,0.9278,2,1,-1
27,4,1169.36,595.31,64.71,140.35,0.8985,3,0,-1
27,5,952.88,453.70,38.86,114.66,0.8827,2,1,-1
27,6,1170.81,404.73,37.76,91.07,0.9003,2,1,-1
27,7,1103.63,500.78,48.47,102.47,0.9077,2,1,-1
27,8,862.19,565.34,40.04,125.10,0.9091,2,1,-1
27,9,1350.66,431.66,60.31,108.66,0.9290,2,1,-1
27,10,783.70,496.44,20.01,55.44,0.7838,2,2,-1
27,11,1571.56,466.33,33.26,113.24,0.8879,2,1,-1
27,15,1412.14,342.78,35.33,44.92,0.7975,2,-1,-1
27,18,230.61,475.83,18.59,43.13,0.8541,2,-1,-1
27,21,1676.22,294.86,38.68,64.24,0.7280,3,0,-1
27,24,1239.09,487.30,43.63,113.53,0.8799,2,2,-1
27,0,1407.17,599.73,21.39,16.92,1.0,0,-1,-1
28,1,1791.16,515.58,75.67,111.45,0.9207,2,1,-1
28,2,707.14,526.01,46.27,110.83,0.9243,2,1,-1
28,4,1167.32,594.57,65.47,143.72,0.7212,3,0,-1
28,5,950.68,455.21,41.98,114.92,0.9142,2,1,-1
28,6,1166.64,407.30,40.41,88.50,0.8800,2,1,-1
28,7,1097.71,500.89,48.38,103.19,0.9265,2,1,-1
28,8,860.23,564.86,41.83,126.78,0.9027,2,1,-1
28,9,1339.47,431.54,68.51,109.10,0.9358,2,1,-1
28,10,785.64,466.22,44.70,120.15,0.8212,2,2,-1
28,11,1572.63,467.52,32.15,113.31,0.8891,2,1,-1
28,13,1407.86,355.65,33.88,81.50,0.8407,2,-1,-1
28,18,228.73,475.93,18.88,44.34,0.6336,2,-1,-1
28,21,1675.73,294.75,38.78,64.41,0.7841,3,0,-1
28,22,1543.17,513.21,41.61,108.58,0.7519,2,2,-1
28,24,1234.78,486.82,45.00,114.44,0.9034,2,2,-1
28,0,1424.87,601.80,22.61,16.95,1.0,0,-1,-1
29,1,1782.21,517.42,68.96,112.14,0.9067,2,1,-1
29,2,704.52,524.47,44.72,112.26,0.9040,2,1,-1
29,4,1169.17,595.01,60.54,143.97,0.9292,3,0,-1
29,5,946.81,457.90,45.94,113.57,0.9222,2,1,-1
29,6,1163.95,409.95,39.96,86.46,0.8637,2,1,-1
29,7,1092.92,500.79,55.05,103.15,0.9226,2,1,-1
29,8,856.92,566.69,44.43,125.11,0.9055,2,1,-1
29,9,1333.00,432.63,72.57,109.92,0.9351,2,1,-1
29,10,783.79,464.85,47.08,120.85,0.8046,2,2,-1
29,11,1572.13,467.16,32.12,113.04,0.8931,2,1,-1
29,13,1410.90,366.90,28.93,69.32,0.7945,2,-1,-1
29,18,227.58,478.68,18.62,42.08,0.8649,2,-1,-1
29,21,1674.12,293.49,38.60,65.96,0.7816,3,0,-1
29,22,1545.99,554.84,29.51,71.40,0.7343,2,2,-1
29,23,201.37,478.91,20.61,47.07,0.7847,2,-1,-1
29,24,1230.26,487.31,47.41,114.69,0.9208,2,2,-1
29,0,1441.17,604.11,22.91,16.59,1.0,0,-1,-1
30,1,1766.27,519.01,61.29,109.84,0.9197,2,1,-1
30,2,700.62,524.69,41.07,111.33,0.9195,2,1,-1
30,4,1168.35,597.03,60.00,144.85,0.9402,3,0,-1
30,5,944.42,459.45,49.52,113.44,0.9250,2,1,-1
30,6,1159.74,422.96,31.93,73.37,0.8043,2,1,-1
30,7,1086.26,499.98,66.85,105.55,0.9161,2,1,-1
30,8,854.41,565.89,46.48,127.28,0.9126,2,1,-1
30,9,1330.84,433.64,69.29,108.57,0.9269,2,1,-1
30,10,773.68,491.31,33.43,90.74,0.7454,2,2,-1
30,11,1571.70,465.52,32.43,113.09,0.8942,2,1,-1
30,13,1411.91,361.76,29.44,73.81,0.8042,2,-1,-1
30,17,199.80,449.03,47.11,77.02,0.6560,1,3,-1
30,21,1673.02,292.18,38.75,67.39,0.7462,3,0,-1
30,22,1541.54,558.19,30.31,68.17,0.5962,2,2,-1
30,24,1223.55,488.21,48.55,112.21,0.8955,2,2,-1
30,33,1734.08,630.40,76.42,100.11,0.9021,2,-1,-1
30,0,1458.83,605.02,21.56,17.28,1.0,0,-1,-1
31,1,1752.02,519.16,67.83,110.30,0.9293,2,1,-1
31,2,698.62,524.53,40.09,113.16,0.9101,2,1,-1
31,4,1168.65,598.78,58.98,143.83,0.9434,3,0,-1
31,5,942.58,463.33,52.16,111.36,0.9133,2,1,-1
31,6,1158.36,423.04,29.61,72.73,0.8032,2,1,-1
31,7,1079.09,501.17,76.62,106.28,0.9094,2,1,-1
31,8,850.51,568.68,50.33,126.28,0.9213,2,1,-1
31,9,1328.80,435.15,65.83,106.11,0.9204,2,1,-1
31,10,772.80,500.35,29.15,80.69,0.6414,2,2,-1
31,11,1572.64,482.22,29.93,98.05,0.8819,2,1,-1
31,13,1414.73,366.40,26.59,70.44,0.8157,2,-1,-1
31,14,1720.53,615.57,86.90,104.30,0.8086,2,2,-1
31,17,196.27,447.79,50.10,79.95,0.9123,1,3,-1
31,21,1672.65,292.44,38.17,66.78,0.7728,3,0,-1
31,24,1215.56,487.94,51.44,112.63,0.8397,2,2,-1
31,0,1474.97,607.89,21.13,17.31,1.0,0,-1,-1
32,1,1744.03,516.53,74.06,114.00,0.9296,2,1,-1
32,2,696.76,524.95,39.47,113.89,0.9087,2,1,-1
32,4,1168.65,605.25,56.83,139.90,0.9377,3,0,-1
32,5,940.29,466.98,54.03,107.90,0.9030,2,1,-1
32,6,1157.74,424.09,26.20,72.10,0.8120,2,1,-1
32,7,1071.39,503.30,85.97,105.63,0.9218,2,1,-1
32,8,847.73,571.68,53.19,125.50,0.9309,2,1,-1
32,9,1322.17,434.67,61.77,106.80,0.9151,2,1,-1
32,11,1568.11,466.16,37.19,114.62,0.9046,2,1,-1
32,13,1416.51,367.16,25.83,69.91,0.8336,2,-1,-1
32,14,1708.18,606.03,98.64,119.14,0.8506,2,2,-1
32,17,195.29,451.66,50.81,76.20,0.9180,1,3,-1
32,21,1672.66,292.56,37.68,66.81,0.7988,3,0,-1
32,24,1208.19,489.76,52.20,111.01,0.7495,2,2,-1
32,0,1490.83,610.95,21.36,17.22,1.0,0,-1,-1
33,1,1731.61,514.82,83.48,118.23,0.9297,2,1,-1
33,2,693.93,526.09,38.03,113.09,0.9109,2,1,-1
33,4,1169.35,608.71,55.61,137.93,0.9462,3,0,-1
33,5,938.68,469.58,53.22,104.23,0.9120,2,1,-1
33,6,1159.55,424.09,26.17,72.72,0.8104,2,1,-1
33,7,1066.37,506.34,90.48,103.55,0.9198,2,1,-1
33,8,844.03,574.10,55.92,126.15,0.9315,2,1,-1
33,9,1320.01,434.94,53.48,105.24,0.9093,2,1,-1
33,11,1564.59,466.63,41.86,114.26,0.8919,2,1,-1
33,12,811.23,544.95,20.22,44.33,0.6217,2,1,-1
33,13,1418.82,367.43,26.01,68.37,0.7903,2,-1,-1
33,17,194.10,453.11,50.30,74.97,0.9266,1,3,-1
33,21,1672.61,291.65,37.63,67.68,0.8534,3,0,-1
33,24,1198.33,490.45,57.06,112.30,0.8831,2,2,-1
33,35,771.62,471.71,45.71,107.61,0.8836,2,-1,-1
34,1,1725.89,513.89,83.72,115.09,0.9259,2,1,-1
34,2,688.36,527.75,40.79,112.19,0.9272,2,1,-1
34,4,1169.82,610.67,54.70,139.65,0.9436,3,0,-1
34,5,937.79,471.13,51.34,103.78,0.9169,2,1,-1
34,6,1156.84,415.61,27.14,81.93,0.7911,2,1,-1
34,7,1063.46,507.73,91.99,107.90,0.9254,2,1,-1
34,8,841.60,575.84,57.24,125.87,0.9249,2,1,-1
34,9,1315.77,432.22,47.30,108.24,0.9115,2,1,-1
34,11,1563.30,463.16,45.75,116.30,0.8929,2,1,-1
34,12,778.64,547.90,14.80,33.80,0.5552,2,1,-1
34,13,1419.99,368.34,27.37,69.19,0.8426,2,-1,-1
34,17,194.54,453.13,50.49,75.25,0.9203,1,3,-1
34,24,1193.87,489.86,57.47,113.45,0.8492,2,2,-1
34,35,805.59,469.08,32.70,63.77,0.7508,2,-1,-1
34,36,1523.61,517.05,51.77,110.92,0.8929,2,-1,-1
34,0,1510.54,609.78,24.83,18.13,1.0,0,-1,-1
35,1,1718.65,513.06,81.51,107.68,0.8804,2,1,-1
35,2,682.06,528.82,45.86,111.86,0.9301,2,1,-1
35,4,1171.51,611.76,53.26,140.72,0.9262,3,0,-1
35,5,938.38,470.38,48.73,104.81,0.9230,2,1,-1
35,6,1157.21,419.86,25.16,78.61,0.8287,2,1,-1
35,7,1063.31,508.29,85.80,108.82,0.9347,2,1,-1
35,8,839.14,577.45,56.10,126.64,0.9173,2,1,-1
35,9,1316.06,432.39,42.81,109.01,0.8828,2,1,-1
35,10,772.64,470.48,46.33,109.98,0.8895,2,2,-1
35,11,1566.31,463.10,46.15,117.26,0.8814,2,1,-1
35,13,1420.87,367.68,28.53,69.44,0.8141,2,-1,-1
35,17,194.58,453.05,50.66,75.07,0.9203,1,3,-1
35,21,1673.22,290.53,37.98,68.36,0.6720,3,0,-1
35,24,1192.82,490.36,55.76,113.11,0.9005,2,2,-1
35,36,1524.65,515.36,49.47,112.89,0.9158,2,-1,-1
35,0,1508.72,604.64,18.78,18.24,1.0,0,-1,-1
36,1,1705.92,513.67,58.34,78.18,0.7980,2,1,-1
36,2,676.95,529.61,51.26,113.88,0.9346,2,1,-1
36,4,1173.49,611.81,52.80,141.56,0.9224,3,0,-1
36,5,939.63,468.97,46.74,105.37,0.9245,2,1,-1
36,6,1157.77,420.98,24.75,78.50,0.8517,2,1,-1
36,7,1065.90,509.32,75.94,109.08,0.9279,2,1,-1
36,8,837.00,577.96,54.32,126.54,0.9216,2,1,-1
36,9,1314.53,434.47,39.08,107.43,0.8913,2,1,-1
36,10,773.17,468.36,48.80,114.79,0.8978,2,2,-1
36,11,1570.70,463.07,44.46,117.34,0.8868,2,1,-1
36,13,1424.27,367.70,29.41,69.36,0.8150,2,-1,-1
36,17,194.71,451.64,51.29,76.40,0.9243,1,3,-1
36,21,1674.88,289.36,38.31,69.61,0.8564,3,0,-1
36,22,1526.94,550.30,43.98,78.63,0.9008,2,2,-1
36,24,1193.19,489.70,53.87,114.06,0.9303,2,2,-1
36,0,1508.26,602.64,16.41,16.07,1.0,0,-1,-1
37,1,1690.91,515.19,55.60,85.36,0.8244,2,1,-1
37,2,675.77,530.42,52.64,112.82,0.9327,2,1,-1
37,4,1175.03,610.94,53.33,143.63,0.9021,3,0,-1
37,5,940.83,467.17,46.48,107.68,0.9301,2,1,-1
37,6,1157.80,424.33,24.14,75.10,0.7821,2,1,-1
37,7,1071.40,509.33,67.03,109.11,0.9133,2,1,-1
37,8,836.24,584.64,47.98,119.63,0.9229,2,1,-1
37,9,1306.31,430.01,43.69,113.43,0.9087,2,1,-1
37,10,774.46,467.32,46.70,111.92,0.8755,2,2,-1
37,11,1572.09,462.53,44.42,117.91,0.8831,2,1,-1
37,12,774.03,544.83,12.84,34.84,0.8017,2,1,-1
37,13,1418.85,343.02,38.50,93.71,0.8444,2,-1,-1
37,17,195.29,450.48,51.00,77.58,0.9198,1,3,-1
37,21,1675.87,288.59,38.15,70.23,0.8869,3,0,-1
37,22,1530.41,559.86,39.11,69.39,0.8557,2,2,-1
37,24,1192.81,489.58,51.36,112.88,0.8914,2,2,-1
37,0,1507.46,599.91,16.93,16.73,1.0,0,-1,-1
38,1,1684.58,518.07,48.02,85.56,0.8804,2,1,-1
38,2,676.14,531.11,53.12,111.75,0.9337,2,1,-1
38,4,1177.02,610.85,53.46,144.93,0.8578,3,0,-1
38,5,942.35,466.73,46.81,107.81,0.9349,2,1,-1
38,6,1155.83,414.73,29.91,87.25,0.8163,2,1,-1
38,7,1077.22,508.47,58.26,110.44,0.9220,2,1,-1
38,8,836.30,580.92,47.39,123.93,0.9048,2,1,-1
38,9,1302.36,431.54,44.59,113.21,0.9156,2,1,-1
38,10,775.28,467.39,49.07,116.08,0.9107,2,2,-1
38,11,1563.05,461.20,53.23,119.08,0.9013,2,1,-1
38,13,1421.25,342.37,39.12,93.71,0.8972,2,2,-1
38,17,196.16,448.68,51.25,79.04,0.9133,1,3,-1
38,21,1677.53,288.45,37.98,69.87,0.9078,3,0,-1
38,24,1193.72,488.70,48.27,114.48,0.9032,2,2,-1
38,35,814.24,467.72,31.07,66.57,0.7625,2,-1,-1
38,36,1527.70,517.23,38.35,101.07,0.8870,2,-1,-1
38,0,1506.78,599.50,17.62,16.64,1.0,0,-1,-1
39,1,1676.69,520.24,47.38,89.63,0.8834,2,1,-1
39,2,676.54,531.26,52.30,111.60,0.9343,2,1,-1
39,4,1178.03,609.11,53.49,145.97,0.8104,3,0,-1
39,5,943.58,466.69,48.33,108.14,0.9364,2,1,-1
39,6,1154.48,430.33,25.96,72.48,0.8123,2,1,-1
39,7,1084.04,506.84,51.82,112.03,0.9135,2,1,-1
39,8,837.06,581.08,46.12,123.48,0.8625,2,1,-1
39,9,1301.97,437.03,41.00,106.98,0.8819,2,1,-1
39,10,776.06,467.56,45.91,113.12,0.8683,2,2,-1
39,11,1564.18,461.71,56.42,117.37,0.8981,2,1,-1
39,12,776.07,543.81,13.35,36.74,0.7813,2,1,-1
39,13,1423.76,342.31,38.70,93.91,0.8770,2,2,-1
39,17,197.92,448.07,50.87,79.95,0.9149,1,3,-1
39,21,1680.86,288.05,36.79,70.72,0.8946,3,0,-1
39,24,1206.43,489.00,31.66,73.44,0.7612,2,2,-1
39,36,1524.03,520.37,41.68,107.44,0.8950,2,2,-1
39,0,1506.61,599.31,18.15,16.28,1.0,0,-1,-1
40,1,1661.70,520.54,64.86,116.93,0.8474,2,1,-1
40,2,677.01,531.16,49.65,111.61,0.9318,2,1,-1
40,4,1179.02,608.41,53.69,145.64,0.7749,3,0,-1
40,5,944.75,466.35,50.85,108.14,0.9315,2,1,-1
40,6,1155.26,434.28,25.25,68.83,0.8122,2,1,-1
40,7,1092.43,503.50,44.86,114.95,0.9122,2,1,-1
40,8,838.99,574.95,42.57,129.22,0.9230,2,1,-1
40,9,1300.73,434.91,42.06,109.50,0.9186,2,1,-1
40,10,776.18,466.73,43.36,115.54,0.9060,2,2,-1
40,11,1564.39,460.96,59.26,118.09,0.9123,2,1,-1
40,13,1427.04,341.72,37.94,93.11,0.8576,2,2,-1
40,17,199.29,447.92,50.24,79.71,0.9013,1,3,-1
40,21,1683.07,287.35,35.83,71.27,0.9092,3,0,-1
40,24,1196.04,487.96,45.47,108.73,0.5878,2,2,-1
40,33,1667.20,652.33,57.55,78.19,0.7276,2,-1,-1
40,35,813.32,467.33,31.52,67.60,0.7912,2,-1,-1
40,36,1521.79,523.97,42.80,109.29,0.8759,2,2,-1
40,0,1506.21,599.67,17.69,17.96,1.0,0,-1,-1
41,1,1650.45,520.43,46.65,80.40,0.8491,2,1,-1
41,2,677.82,531.01,47.20,111.98,0.9286,2,1,-1
41,4,1180.03,608.95,55.59,145.70,0.8734,3,0,-1
41,5,946.08,467.41,53.11,106.98,0.9052,2,1,-1
41,6,1155.55,412.01,23.90,58.79,0.7954,2,1,-1
41,7,1099.47,500.19,38.45,118.16,0.9095,2,1,-1
41,8,840.18,575.50,40.63,128.42,0.8688,2,1,-1
41,9,1297.42,435.45,42.41,109.21,0.8933,2,1,-1
41,10,777.09,467.62,40.78,114.89,0.8946,2,2,-1
41,11,1566.00,460.60,59.31,118.44,0.9044,2,1,-1
41,13,1429.62,341.63,38.00,92.36,0.8379,2,2,-1
41,18,230.59,480.22,19.84,41.07,0.7686,2,-1,-1
41,21,1685.37,287.00,35.11,71.92,0.8862,3,0,-1
41,24,1196.87,488.86,41.25,114.01,0.8286,2,2,-1
41,33,1660.22,649.07,61.49,82.12,0.8376,2,-1,-1
41,35,813.57,467.77,32.14,67.26,0.8035,2,-1,-1
41,36,1523.71,526.97,41.31,108.23,0.8596,2,2,-1
41,0,1506.12,600.75,17.43,17.57,1.0,0,-1,-1
42,1,1623.42,519.96,62.82,106.80,0.9088,2,1,-1
42,2,678.65,530.59,45.53,112.14,0.9227,2,1,-1
42,3,1651.37,600.76,70.97,132.55,0.8119,2,2,-1
42,4,1179.99,610.21,58.87,145.97,0.9076,3,0,-1
42,5,947.07,467.70,57.99,107.18,0.9285,2,1,-1
42,6,1156.17,419.92,32.23,81.90,0.7780,2,1,-1
42,7,1104.98,497.09,33.37,120.95,0.9076,2,1,-1
42,8,841.16,572.25,39.18,132.16,0.8876,2,1,-1
42,9,1291.32,440.69,36.60,103.99,0.8587,2,1,-1
42,10,778.72,469.17,40.47,113.44,0.8903,2,2,-1
42,11,1572.99,460.79,55.08,117.39,0.9034,2,1,-1
42,13,1432.01,341.91,39.33,94.77,0.8711,2,2,-1
42,17,203.53,449.32,48.75,77.17,0.5258,1,3,-1
42,21,1687.72,286.50,33.83,72.09,0.9000,3,0,-1
42,22,1531.01,585.52,29.83,50.03,0.7396,2,2,-1
42,24,1203.37,489.63,27.77,75.73,0.6703,2,2,-1
42,35,813.64,467.29,32.68,67.66,0.7971,2,-1,-1
42,36,1527.09,530.63,31.63,57.00,0.8745,2,2,-1
42,0,1506.22,598.55,16.85,17.38,1.0,0,-1,-1
43,1,1618.94,519.71,55.51,109.15,0.9044,2,1,-1
43,2,679.51,530.31,44.42,112.63,0.9159,2,1,-1
43,3,1648.36,600.89,71.47,132.01,0.8782,2,2,-1
43,4,1180.13,612.98,61.61,147.13,0.9105,3,0,-1
43,5,947.86,467.92,62.52,106.46,0.9204,2,1,-1
43,6,1157.95,414.70,33.62,88.59,0.8242,2,1,-1
43,7,1106.81,494.83,30.63,123.24,0.8877,2,1,-1
43,8,841.84,571.83,37.79,133.55,0.9077,2,1,-1
43,9,1287.82,458.54,29.79,84.91,0.8665,2,1,-1
43,10,780.77,468.26,42.16,113.99,0.8851,2,-1,-1
43,11,1574.28,459.99,55.03,118.48,0.9185,2,1,-1
43,13,1434.06,341.62,39.65,93.89,0.8791,2,2,-1
43,17,204.10,452.23,49.43,76.57,0.9103,1,3,-1
43,21,1689.73,286.71,33.13,71.90,0.8764,3,0,-1
43,22,1530.01,584.76,27.03,43.60,0.7339,2,2,-1
43,24,1204.67,487.94,27.06,74.12,0.7865,2,2,-1
43,35,814.48,467.09,33.19,68.13,0.8169,2,-1,-1
43,36,1525.31,531.29,35.39,55.43,0.8947,2,2,-1
43,0,1506.58,596.65,17.10,17.11,1.0,0,-1,-1
44,1,1617.27,521.30,46.72,108.37,0.9060,2,1,-1
44,2,680.32,530.16,43.72,113.00,0.9171,2,1,-1
44,3,1656.81,573.48,41.79,68.06,0.8441,2,2,-1
44,4,1181.35,616.80,63.63,145.74,0.8486,3,0,-1
44,5,949.34,468.36,65.13,107.30,0.9309,2,1,-1
44,6,1159.41,410.52,35.40,93.62,0.8955,2,1,-1
44,7,1109.28,492.99,30.79,124.66,0.8996,2,1,-1
44,8,842.27,573.74,37.52,134.62,0.9240,2,1,-1
44,9,1279.73,434.96,41.33,109.78,0.9013,2,1,-1
44,10,782.21,469.71,42.85,112.77,0.8844,2,1,-1
44,11,1575.34,459.23,54.35,119.45,0.8665,2,1,-1
44,15,1442.23,341.48,37.16,51.60,0.8125,2,-1,-1
44,17,205.93,453.05,49.00,75.67,0.8938,1,3,-1
44,21,1691.50,286.40,33.54,73.11,0.9103,3,0,-1
44,22,1521.14,555.51,44.60,79.44,0.7629,2,2,-1
44,24,1206.20,486.74,28.47,76.54,0.8410,2,2,-1
44,33,1647.42,654.30,67.26,77.41,0.8773,2,2,-1
44,44,1196.18,559.22,23.56,45.02,0.7614,2,-1,-1
44,0,1507.31,594.78,17.28,18.43,1.0,0,-1,-1
45,1,1606.83,517.43,48.35,112.53,0.8880,2,1,-1
45,2,680.45,529.99,43.71,113.43,0.9164,2,1,-1
45,3,1647.15,569.98,47.76,74.20,0.8169,2,2,-1
45,4,1182.04,620.09,64.74,143.37,0.8186,3,0,-1
45,5,950.97,467.85,64.83,107.97,0.9356,2,1,-1
45,6,1161.02,409.52,34.94,94.79,0.8998,2,1,-1
45,7,1111.75,493.41,32.59,125.23,0.8932,2,1,-1
45,8,843.69,588.99,36.42,122.18,0.8815,2,1,-1
45,9,1274.97,433.62,51.50,111.91,0.9144,2,1,-1
45,10,782.09,469.35,42.75,113.67,0.8891,2,1,-1
45,11,1575.52,463.10,48.64,115.12,0.7714,2,1,-1
45,13,1445.58,346.04,35.30,89.10,0.8251,2,2,-1
45,17,207.70,454.03,48.94,74.67,0.8881,1,3,-1
45,21,1693.92,286.49,33.80,72.22,0.9195,3,0,-1
45,22,1514.08,528.27,54.17,107.36,0.7660,2,2,-1
45,24,1206.68,486.91,27.18,75.85,0.8586,2,2,-1
45,33,1646.29,655.64,62.40,75.18,0.8649,2,2,-1
45,35,821.92,467.69,31.81,66.41,0.5443,2,-1,-1
45,0,1508.21,595.27,17.76,18.95,1.0,0,-1,-1
46,1,1601.01,514.79,48.56,113.84,0.8502,2,1,-1
46,2,678.84,529.45,45.42,113.58,0.9227,2,1,-1
46,3,1642.92,567.36,49.92,70.40,0.8719,2,2,-1
46,4,1184.87,622.63,63.95,139.98,0.5503,3,0,-1
46,5,953.96,467.62,65.05,108.64,0.9355,2,1,-1
46,6,1162.98,410.55,34.34,94.16,0.8877,2,1,-1
46,7,1113.77,493.86,34.13,125.99,0.9120,2,1,-1
46,8,842.59,583.06,40.20,130.22,0.9037,2,1,-1
46,9,1272.12,435.55,54.64,109.89,0.9196,2,1,-1
46,10,781.80,468.82,42.37,115.74,0.8968,2,1,-1
46,11,1597.14,461.91,34.81,77.59,0.7655,2,1,-1
46,13,1448.44,342.41,36.88,94.55,0.8832,2,2,-1
46,17,209.08,454.28,49.55,74.45,0.9114,1,3,-1
46,21,1695.68,286.51,33.53,72.27,0.8976,3,0,-1
46,22,1505.71,523.13,59.62,111.12,0.8988,2,2,-1
46,24,1207.52,486.90,26.91,76.92,0.8653,2,2,-1
46,33,1643.81,656.55,58.71,73.44,0.7707,2,2,-1
46,44,1200.43,564.05,21.18,40.36,0.8671,2,-1,-1
46,0,1508.91,595.85,18.11,17.44,1.0,0,-1,-1
47,1,1571.95,514.23,60.25,111.47,0.8642,2,1,-1
47,2,677.71,528.98,47.76,113.86,0.9171,2,1,-1
47,3,1635.02,565.34,56.65,72.21,0.9048,2,2,-1
47,4,1184.36,626.99,67.72,139.94,0.8663,3,0,-1
47,5,958.59,466.60,66.04,109.50,0.9347,2,1,-1
47,6,1163.82,411.34,34.14,94.22,0.8577,2,1,-1
47,7,1119.49,519.67,30.13,100.36,0.8876,2,1,-1
47,8,842.50,582.61,41.73,133.09,0.9287,2,1,-1
47,9,1269.77,435.73,57.17,110.60,0.9151,2,1,-1
47,10,783.22,471.10,42.33,115.19,0.9224,2,1,-1
47,11,1604.58,464.13,31.91,69.59,0.7807,2,1,-1
47,13,1454.56,357.45,33.50,79.19,0.8474,2,2,-1
47,17,210.95,454.09,49.79,74.77,0.9171,1,3,-1
47,21,1697.15,286.51,33.77,72.41,0.9019,3,0,-1
47,22,1499.87,519.82,66.62,114.01,0.8982,2,2,-1
47,24,1208.36,487.22,26.48,74.13,0.8499,2,2,-1
47,33,1638.78,654.27,56.76,75.15,0.6801,2,2,-1
47,35,820.01,466.19,34.68,69.92,0.5135,2,1,-1
47,44,1202.15,561.73,22.74,42.62,0.7858,2,-1,-1
47,0,1511.06,593.71,17.77,19.09,1.0,0,-1,-1
48,1,1561.53,512.38,61.15,103.50,0.8691,2,1,-1
48,2,678.33,528.88,48.62,114.46,0.9179,2,1,-1
48,3,1630.09,565.12,58.45,69.95,0.9018,2,2,-1
48,4,1185.41,630.49,68.55,141.67,0.8168,3,0,-1
48,5,963.04,464.90,65.16,110.22,0.9423,2,1,-1
48,6,1166.24,414.29,32.66,91.14,0.8083,2,1,-1
48,7,1119.97,517.92,31.53,102.48,0.8893,2,1,-1
48,8,845.16,584.73,41.39,134.24,0.9352,2,1,-1
48,9,1268.43,437.16,59.45,111.73,0.9190,2,1,-1
48,10,783.56,473.54,43.86,113.79,0.9192,2,1,-1
48,11,1604.54,463.32,35.98,81.16,0.8481,2,1,-1
48,13,1454.88,343.14,39.47,94.60,0.8816,2,2,-1
48,17,213.42,453.57,49.13,73.96,0.6080,1,3,-1
48,21,1699.28,286.07,34.36,73.11,0.7485,3,0,-1
48,22,1496.54,518.61,69.18,108.20,0.8318,2,2,-1
48,24,1210.15,487.56,26.71,70.85,0.8217,2,2,-1
48,33,1630.44,637.18,63.13,92.50,0.7019,2,2,-1
48,35,826.64,466.39,32.61,65.89,0.6394,2,1,-1
48,44,1204.88,560.70,23.26,42.75,0.6245,2,-1,-1
48,0,1512.11,592.19,16.90,19.46,1.0,0,-1,-1
49,1,1559.78,507.29,62.22,109.15,0.6043,2,1,-1
49,2,679.62,529.12,48.93,114.79,0.9232,2,1,-1
49,3,1626.95,566.39,59.64,68.44,0.8872,2,2,-1
49,4,1187.55,632.08,66.64,142.05,0.8956,3,0,-1
49,5,969.31,463.80,63.97,110.65,0.9323,2,1,-1
49,6,1168.29,412.90,33.64,93.13,0.8631,2,1,-1
49,7,1120.61,503.27,35.72,117.67,0.8961,2,1,-1
49,8,847.49,585.79,39.43,135.41,0.9261,2,1,-1
49,9,1269.95,442.86,58.39,106.17,0.9106,2,1,-1
49,10,784.88,474.71,44.85,113.15,0.9139,2,1,-1
49,11,1599.93,461.28,45.86,114.24,0.8530,2,1,-1
49,13,1457.71,342.68,40.34,95.51,0.9321,2,2,-1
49,21,1701.11,286.74,34.29,72.72,0.8885,3,0,-1
49,22,1512.76,517.77,50.05,85.99,0.8806,2,2,-1
49,23,216.10,483.26,16.32,45.76,0.7230,2,-1,-1
49,24,1212.95,488.72,25.84,64.82,0.7498,2,2,-1
49,35,822.62,466.34,37.21,65.59,0.7562,2,1,-1
49,44,1206.27,562.27,22.70,41.47,0.6827,2,-1,-1
50,2,682.13,528.84,48.14,115.69,0.9113,2,1,-1
50,4,1189.55,632.47,64.10,142.50,0.8786,3,0,-1
50,5,976.32,462.51,61.38,111.54,0.9271,2,1,-1
50,6,1168.97,412.78,36.59,94.47,0.8988,2,1,-1
50,7,1123.52,503.81,35.28,118.06,0.8947,2,1,-1
50,8,847.47,586.97,39.32,136.00,0.9171,2,1,-1
50,9,1272.08,442.80,57.63,105.42,0.9241,2,1,-1
50,10,786.27,474.82,45.25,113.15,0.9176,2,1,-1
50,11,1599.81,462.26,46.88,115.46,0.8661,2,1,-1
50,13,1459.87,343.01,40.64,95.04,0.9045,2,2,-1
50,14,1621.30,567.89,65.23,85.28,0.8664,2,2,-1
50,17,226.43,451.70,45.00,70.60,0.5920,1,3,-1
50,21,1703.31,286.74,35.11,72.84,0.9137,3,0,-1
50,22,1491.86,515.79,78.21,108.11,0.9131,2,2,-1
50,23,218.06,481.04,16.05,48.59,0.8091,2,-1,-1
50,24,1212.98,489.08,28.51,67.67,0.7715,2,2,-1
51,1,1548.20,510.10,52.82,108.79,0.9086,2,1,-1
51,2,686.51,529.03,45.54,115.60,0.9157,2,1,-1
51,4,1191.66,630.68,60.79,144.82,0.9033,3,0,-1
51,5,984.12,460.59,57.60,113.76,0.9149,2,1,-1
51,6,1169.89,414.40,36.43,93.53,0.8927,2,1,-1
51,7,1128.47,535.43,30.54,86.24,0.8870,2,1,-1
51,8,848.60,588.41,39.31,135.22,0.9048,2,1,-1
51,9,1273.80,443.58,57.40,104.59,0.9236,2,1,-1
51,10,787.72,473.58,45.96,114.56,0.9120,2,1,-1
51,11,1598.65,463.22,43.46,115.11,0.8010,2,1,-1
51,13,1463.57,346.24,39.24,91.63,0.8748,2,2,-1
51,14,1616.72,570.34,68.31,92.16,0.8685,2,2,-1
51,21,1705.45,286.96,35.03,72.64,0.9083,3,0,-1
51,22,1493.32,515.61,68.57,95.64,0.7776,2,2,-1
51,23,219.93,479.96,16.43,48.92,0.8011,2,-1,-1
51,24,1214.66,489.88,28.92,65.96,0.8164,2,2,-1
51,35,828.04,466.99,37.66,63.39,0.5083,2,1,-1
52,1,1541.30,509.11,52.06,109.25,0.8941,2,1,-1
52,2,689.30,529.57,43.29,115.02,0.9241,2,1,-1
52,4,1194.15,629.10,59.26,145.89,0.8524,3,0,-1
52,5,995.14,460.77,51.97,112.37,0.9204,2,1,-1
52,6,1172.37,420.20,31.75,87.31,0.8584,2,1,-1
52,7,1127.27,509.78,35.87,111.70,0.8993,2,1,-1
52,8,849.28,588.06,40.15,135.76,0.9052,2,1,-1
52,9,1275.12,443.17,56.78,106.24,0.9234,2,1,-1
52,10,790.03,472.47,45.87,115.75,0.8996,2,1,-1
52,11,1605.74,464.48,46.60,114.48,0.8509,2,1,-1
52,13,1467.91,353.75,36.79,83.25,0.7936,2,2,-1
52,14,1618.56,605.87,69.29,125.98,0.8958,2,2,-1
52,17,220.42,452.65,50.02,75.39,0.8977,1,3,-1
52,21,1707.89,287.37,34.71,71.90,0.9053,3,0,-1
52,22,1491.10,515.61,62.99,93.33,0.8598,2,2,-1
52,24,1218.45,491.16,28.28,68.99,0.7939,2,2,-1
52,35,833.93,466.44,40.13,64.66,0.6940,2,1,-1
53,1,1537.56,508.49,50.52,107.89,0.8655,2,1,-1
53,2,692.29,530.64,41.92,115.17,0.9195,2,1,-1
53,4,1198.18,628.78,57.11,148.03,0.8839,3,0,-1
53,5,1004.76,460.24,46.40,113.89,0.9058,2,1,-1
53,6,1177.26,432.93,27.69,75.77,0.8227,2,1,-1
53,7,1128.56,498.79,36.82,124.11,0.8936,2,1,-1
53,8,850.29,588.92,39.89,135.63,0.8982,2,1,-1
53,9,1277.29,441.41,53.11,108.46,0.9234,2,1,-1
53,10,792.71,470.16,44.41,119.11,0.8846,2,1,-1
53,11,1608.13,464.93,49.04,114.94,0.9117,2,1,-1
53,13,1469.87,350.76,39.09,87.23,0.8176,2,2,-1
53,14,1620.09,603.19,67.46,131.09,0.8497,2,2,-1
53,17,221.51,452.73,49.40,77.32,0.8814,1,3,-1
53,21,1710.14,287.93,35.31,72.91,0.9036,3,0,-1
53,24,1216.51,492.18,32.56,72.71,0.8689,2,2,-1
53,35,834.72,466.83,43.17,64.99,0.8478,2,1,-1
53,44,1213.54,562.66,23.15,44.55,0.6212,2,-1,-1
54,1,1526.49,507.03,58.99,108.11,0.8783,2,1,-1
54,2,694.19,531.07,42.05,116.07,0.9255,2,1,-1
54,3,1610.60,577.93,65.87,68.98,0.7805,2,2,-1
54,4,1201.51,629.94,56.13,146.66,0.7704,3,0,-1
54,5,1012.96,460.34,43.07,114.85,0.9018,2,1,-1
54,6,1179.07,425.73,30.34,83.79,0.8482,2,1,-1
54,7,1131.08,498.38,35.38,124.96,0.9126,2,1,-1
54,8,853.63,589.77,38.89,134.52,0.8438,2,1,-1
54,9,1278.85,440.40,49.07,110.94,0.9204,2,1,-1
54,10,798.08,467.94,45.18,120.73,0.8985,2,1,-1
54,11,1612.56,465.52,49.22,115.39,0.9039,2,1,-1
54,13,1474.21,347.06,39.39,90.56,0.8514,2,2,-1
54,17,224.38,454.22,48.55,76.87,0.8471,1,3,-1
54,21,1713.50,288.39,35.41,73.08,0.9104,3,0,-1
54,24,1225.01,492.90,31.46,70.38,0.8479,2,2,-1
54,33,1624.74,635.75,63.00,98.03,0.8111,2,2,-1
54,35,838.26,466.94,43.48,64.59,0.7479,2,1,-1
54,44,1216.93,560.99,22.50,46.33,0.7724,2,-1,-1
55,1,1525.19,498.52,61.42,117.70,0.8936,2,1,-1
55,2,696.03,531.00,41.74,116.19,0.9012,2,1,-1
55,4,1205.91,630.86,54.77,147.40,0.8991,3,0,-1
55,5,1019.47,461.53,40.89,114.74,0.8464,2,1,-1
55,6,1181.56,433.45,27.72,76.44,0.8701,2,1,-1
55,7,1133.12,498.86,36.60,126.15,0.9150,2,1,-1
55,8,857.23,597.09,36.93,127.56,0.7929,2,1,-1
55,9,1280.97,440.73,45.88,111.28,0.8845,2,1,-1
55,10,801.04,467.08,47.23,120.57,0.9119,2,1,-1
55,11,1619.88,465.86,47.37,114.89,0.8603,2,1,-1
55,14,1624.99,616.62,63.63,117.87,0.8993,2,2,-1
55,15,1482.52,345.95,36.42,64.93,0.8271,2,-1,-1
55,17,227.91,454.78,48.44,76.85,0.5336,1,3,-1
55,21,1716.54,288.66,35.58,73.06,0.9086,3,0,-1
55,24,1228.47,493.66,33.85,66.82,0.8872,2,2,-1
55,44,1219.81,561.12,21.42,46.89,0.8720,2,-1,-1
56,1,1526.58,504.47,57.24,109.14,0.8922,2,1,-1
56,2,697.10,530.53,42.86,117.45,0.9136,2,1,-1
56,4,1208.78,631.43,55.93,147.84,0.9290,3,0,-1
56,5,1024.60,462.26,39.72,114.64,0.8761,2,1,-1
56,6,1183.32,432.87,29.64,76.86,0.8822,2,1,-1
56,7,1136.86,498.17,35.51,126.68,0.8974,2,1,-1
56,8,859.13,590.34,36.54,135.16,0.8784,2,1,-1
56,9,1284.03,440.05,43.88,112.05,0.8793,2,1,-1
56,10,803.23,467.82,49.29,120.12,0.9160,2,1,-1
56,11,1622.94,465.89,47.44,115.33,0.9134,2,1,-1
56,13,1482.92,346.96,38.53,94.72,0.8833,2,2,-1
56,14,1624.38,620.54,65.89,115.38,0.8731,2,2,-1
56,17,231.62,454.48,48.38,78.25,0.9303,1,3,-1
56,21,1720.63,289.41,35.58,72.59,0.7403,3,0,-1
56,24,1230.59,494.27,36.16,64.37,0.8657,2,2,-1
56,35,846.39,467.70,44.02,64.65,0.7787,2,1,-1
56,44,1223.39,560.17,20.78,48.31,0.8436,2,-1,-1
57,1,1523.78,509.66,51.13,99.38,0.8637,2,1,-1
57,2,700.03,530.42,43.59,119.14,0.9198,2,1,-1
57,4,1213.05,632.46,56.05,147.68,0.9079,3,0,-1
57,5,1031.34,461.64,38.77,116.99,0.8917,2,1,-1
57,6,1184.00,420.72,37.29,90.86,0.9036,2,1,-1
57,7,1139.57,499.89,35.74,126.68,0.8954,2,1,-1
57,8,863.29,630.76,28.99,95.96,0.8169,2,1,-1
57,9,1287.87,452.05,40.10,101.19,0.8951,2,1,-1
57,10,807.66,469.40,49.71,119.15,0.9145,2,1,-1
57,11,1628.63,465.87,46.92,113.09,0.9113,2,1,-1
57,13,1488.98,348.73,36.48,92.39,0.8588,2,2,-1
57,14,1622.30,614.14,68.17,120.96,0.8616,2,2,-1
57,17,234.31,454.81,49.57,78.24,0.9179,1,3,-1
57,21,1724.13,290.00,35.89,73.34,0.5212,3,0,-1
57,24,1234.33,495.71,38.54,63.16,0.8829,2,-1,-1
57,35,848.48,468.69,48.07,70.55,0.7970,2,1,-1
57,44,1225.29,560.18,21.38,49.45,0.6575,2,-1,-1
58,2,704.58,530.68,42.15,118.91,0.9150,2,1,-1
58,4,1216.62,633.76,55.94,149.77,0.9293,3,0,-1
58,5,1037.00,463.65,37.15,115.75,0.8957,2,1,-1
58,6,1184.82,426.26,40.04,86.31,0.8973,2,1,-1
58,7,1146.10,502.60,34.66,124.30,0.8586,2,1,-1
58,8,862.63,628.81,32.60,99.78,0.7972,2,1,-1
58,9,1288.86,440.95,45.46,114.06,0.9229,2,1,-1
58,10,809.87,470.89,50.40,118.54,0.9253,2,1,-1
58,11,1634.47,465.86,47.50,120.03,0.9188,2,1,-1
58,13,1493.71,348.21,37.26,95.29,0.8580,2,2,-1
58,14,1622.14,599.35,66.40,136.54,0.9273,2,2,-1
58,21,1728.14,291.28,35.97,73.39,0.8739,3,0,-1
58,22,1499.93,526.79,52.00,91.10,0.8970,2,2,-1
58,23,240.02,485.17,17.09,48.68,0.6261,1,3,-1
58,24,1238.91,497.19,40.73,66.55,0.8688,2,1,-1
58,35,846.00,469.32,62.09,121.23,0.8813,2,1,-1
59,2,708.33,531.07,40.75,119.40,0.9123,2,1,-1
59,4,1220.48,634.05,56.58,150.23,0.8676,3,0,-1
59,5,1043.56,466.24,34.87,113.80,0.9018,2,1,-1
59,6,1184.07,428.68,44.73,85.97,0.9078,2,1,-1
59,7,1148.28,502.79,36.51,124.87,0.8818,2,1,-1
59,8,863.14,639.91,32.76,92.67,0.8834,2,1,-1
59,9,1290.06,444.46,47.25,112.75,0.9259,2,1,-1
59,10,811.68,474.88,52.03,115.65,0.9267,2,1,-1
59,11,1641.93,466.88,45.17,113.75,0.9071,2,1,-1
59,14,1626.24,603.58,59.59,132.38,0.9190,2,2,-1
59,18,262.53,457.21,30.67,69.40,0.5591,1,3,-1
59,20,1499.55,371.72,33.56,72.06,0.8250,2,-1,-1
59,21,1732.33,292.57,36.05,73.30,0.8487,3,0,-1
59,23,243.32,485.66,17.09,48.66,0.8755,1,3,-1
59,24,1242.49,498.90,41.04,66.72,0.8055,2,1,-1
59,35,862.94,470.99,41.15,66.57,0.8165,2,1,-1
59,36,1516.56,514.12,44.47,65.52,0.7590,2,2,-1
59,44,1233.43,571.37,18.85,41.33,0.6792,2,-1,-1
60,2,712.41,531.65,39.47,120.33,0.9161,2,1,-1
60,4,1223.75,635.52,56.17,149.14,0.8623,3,0,-1
60,5,1049.34,467.32,33.82,114.77,0.8922,2,1,-1
60,6,1187.09,431.35,48.75,83.91,0.8986,2,1,-1
60,7,1152.09,502.94,36.53,125.96,0.8601,2,1,-1
60,8,863.50,625.48,41.13,111.76,0.8213,2,1,-1
60,9,1290.70,450.11,47.66,107.69,0.9238,2,1,-1
60,10,814.06,477.22,53.30,113.58,0.9201,2,1,-1
60,11,1649.02,468.12,44.38,117.83,0.9241,2,1,-1
60,13,1501.09,350.46,38.44,94.47,0.8438,2,2,-1
60,14,1629.81,604.28,51.68,132.69,0.9178,2,2,-1
60,17,244.51,457.83,50.29,77.00,0.9119,1,3,-1
60,21,1736.06,293.51,35.55,72.87,0.7897,3,0,-1
60,24,1248.33,500.84,40.35,65.77,0.8605,2,1,-1
60,35,851.89,474.12,67.04,118.29,0.7218,2,1,-1
60,36,1518.63,511.85,40.11,59.48,0.7813,2,2,-1
60,44,1231.24,554.24,27.09,60.12,0.6823,2,-1,-1
61,1,1520.98,508.53,44.15,71.82,0.8024,2,1,-1
61,2,715.75,532.48,37.60,120.46,0.9194,2,1,-1
61,4,1226.51,636.39,56.39,150.67,0.8537,3,0,-1
61,5,1058.17,515.65,22.42,67.13,0.8452,2,1,-1
61,6,1188.70,437.20,50.43,78.86,0.8863,2,1,-1
61,7,1155.81,505.95,37.08,123.57,0.8242,2,1,-1
61,8,862.90,605.05,47.78,135.75,0.9128,2,1,-1
61,9,1292.50,454.29,48.23,104.84,0.9113,2,1,-1
61,10,816.78,480.67,53.07,111.14,0.9251,2,1,-1
61,11,1654.52,469.19,43.40,116.93,0.9147,2,1,-1
61,14,1642.54,574.54,36.56,91.43,0.8319,2,2,-1
61,17,245.70,459.17,50.71,76.67,0.9240,1,3,-1
61,20,1504.90,365.08,38.09,79.55,0.7774,2,-1,-1
61,21,1738.79,294.30,36.11,73.86,0.9127,3,0,-1
61,24,1251.65,502.65,40.52,64.32,0.8364,2,1,-1
61,33,1624.78,642.44,54.24,97.35,0.5615,2,2,-1
61,35,870.71,473.68,43.59,70.28,0.7697,2,1,-1
61,44,1239.52,571.70,19.54,42.68,0.5989,2,-1,-1
62,2,720.09,532.81,35.33,120.72,0.9104,2,1,-1
62,4,1229.91,638.48,55.52,150.09,0.8926,3,0,-1
62,5,1056.54,468.05,34.60,116.32,0.8401,2,1,-1
62,6,1189.91,440.52,56.70,76.82,0.9052,2,1,-1
62,7,1156.52,503.29,41.06,127.86,0.8829,2,1,-1
62,8,864.49,609.45,48.75,134.08,0.9249,2,1,-1
62,9,1295.38,460.56,49.82,100.06,0.9100,2,1,-1
62,10,819.38,479.80,54.90,113.88,0.9213,2,1,-1
62,11,1659.74,470.75,42.96,115.33,0.9291,2,1,-1
62,13,1510.00,351.59,38.58,94.28,0.8574,2,2,-1
62,14,1627.60,606.72,28.91,71.20,0.8439,2,2,-1
62,17,246.98,462.48,49.78,74.14,0.9238,1,3,-1
62,21,1742.28,296.37,34.65,72.18,0.9031,3,0,-1
62,22,1509.47,501.82,59.33,116.45,0.8473,2,2,-1
62,24,1256.08,504.27,38.43,60.38,0.8177,2,1,-1
62,33,1634.00,680.68,32.34,58.19,0.5379,2,2,-1
62,35,860.67,475.72,58.53,115.74,0.8510,2,1,-1
62,44,1241.58,574.82,19.33,40.34,0.7168,2,-1,-1
63,2,723.85,533.97,34.10,120.14,0.9169,2,1,-1
63,4,1232.72,638.94,55.87,150.75,0.7874,3,0,-1
63,5,1061.69,467.40,33.04,117.10,0.8976,2,1,-1
63,6,1192.61,444.63,61.02,74.97,0.9210,2,1,-1
63,7,1161.70,502.44,40.93,129.14,0.8630,2,1,-1
63,8,867.18,611.72,47.47,134.41,0.9232,2,1,-1
63,9,1298.18,464.15,50.49,97.03,0.9102,2,1,-1
63,10,824.36,482.44,52.26,111.92,0.9076,2,1,-1
63,11,1663.85,472.35,43.83,116.76,0.9162,2,1,-1
63,13,1514.82,351.52,38.44,95.36,0.8791,2,2,-1
63,14,1624.71,610.87,30.46,67.45,0.8767,2,2,-1
63,17,250.16,464.88,49.77,72.76,0.9119,1,3,-1
63,21,1745.42,297.27,34.51,71.82,0.6552,3,0,-1
63,22,1502.40,532.96,63.37,86.77,0.8890,2,2,-1
63,24,1260.10,505.46,37.13,58.57,0.8524,2,1,-1
63,33,1638.06,693.78,23.71,45.71,0.7872,2,2,-1
63,35,864.46,477.52,54.96,116.35,0.8161,2,1,-1
63,44,1244.25,575.74,20.70,40.43,0.8767,2,-1,-1
64,1,1515.55,506.28,37.19,69.45,0.8407,2,1,-1
64,2,727.16,534.65,32.84,119.93,0.9136,2,1,-1
64,4,1235.32,641.65,54.91,148.52,0.9015,3,0,-1
64,5,1066.57,468.34,32.27,117.39,0.8539,2,1,-1
64,6,1195.92,447.68,66.14,72.02,0.9209,2,1,-1
64,7,1164.50,502.37,41.63,129.40,0.8275,2,1,-1
64,8,868.89,614.40,44.82,134.57,0.9298,2,1,-1
64,9,1300.00,465.52,51.35,96.73,0.9208,2,1,-1
64,11,1669.50,474.14,43.45,114.96,0.9062,2,1,-1
64,12,831.02,505.72,48.24,89.04,0.9163,2,1,-1
64,13,1519.07,354.16,37.57,94.09,0.8727,2,2,-1
64,14,1622.62,614.24,32.29,63.52,0.7942,2,2,-1
64,17,252.72,466.89,49.80,71.80,0.8997,1,3,-1
64,21,1747.80,298.12,34.65,72.17,0.6621,3,0,-1
64,24,1237.38,506.45,65.63,106.96,0.7287,2,1,-1
64,35,872.31,479.81,52.97,119.43,0.8265,2,1,-1
65,1,1495.05,507.17,53.41,103.49,0.6780,2,1,-1
65,2,729.38,535.15,32.11,120.11,0.9141,2,1,-1
65,3,1614.90,611.65,52.36,67.68,0.8027,2,2,-1
65,4,1237.54,642.91,55.82,150.51,0.8500,3,0,-1
65,5,1069.86,468.42,33.83,117.25,0.8945,2,1,-1
65,6,1198.88,448.92,70.35,71.95,0.8826,2,1,-1
65,7,1174.43,523.83,35.17,106.29,0.5614,2,1,-1
65,8,870.34,616.31,44.17,134.15,0.9337,2,1,-1
65,9,1321.48,465.19,41.98,94.65,0.8287,2,1,-1
65,10,836.34,479.65,50.60,115.15,0.9065,2,1,-1
65,11,1672.95,475.44,44.85,114.45,0.9172,2,1,-1
65,13,1521.67,352.01,39.26,96.63,0.8930,2,2,-1
65,17,255.19,468.16,49.48,70.79,0.9065,1,3,-1
65,21,1749.86,298.71,34.88,72.53,0.8469,3,0,-1
65,24,1234.68,508.89,54.46,109.67,0.8520,2,1,-1
65,35,891.49,480.41,33.56,70.64,0.7491,2,-1,-1
66,2,731.93,535.62,31.67,120.05,0.9114,2,1,-1
66,3,1613.56,614.02,51.93,71.13,0.7803,2,2,-1
66,4,1240.00,643.84,55.93,152.61,0.8784,3,0,-1
66,5,1072.23,469.07,32.99,116.82,0.8809,2,1,-1
66,6,1207.17,450.50,71.05,70.11,0.8243,2,1,-1
66,7,1169.66,506.05,44.80,126.32,0.9202,2,1,-1
66,8,871.90,617.90,44.58,132.51,0.9308,2,1,-1
66,9,1305.68,461.54,53.39,101.95,0.9156,2,1,-1
66,10,844.29,479.28,48.40,113.00,0.9178,2,1,-1
66,11,1675.43,476.31,47.47,114.65,0.9163,2,1,-1
66,13,1524.43,352.98,42.13,96.44,0.9255,2,2,-1
66,17,256.69,470.12,50.39,71.00,0.8661,1,3,-1
66,21,1751.89,299.05,34.71,73.71,0.9181,3,0,-1
66,22,1506.33,539.67,59.19,77.83,0.8367,2,2,-1
66,24,1240.66,508.28,55.11,110.80,0.8979,2,1,-1
67,2,734.85,536.34,31.07,119.71,0.9119,2,1,-1
67,3,1631.44,579.42,56.70,83.52,0.6847,2,2,-1
67,4,1243.33,645.14,56.32,152.03,0.9335,3,0,-1
67,5,1079.49,504.44,27.10,82.29,0.8502,2,1,-1
67,6,1231.18,450.68,64.40,70.18,0.7956,2,1,-1
67,7,1173.16,507.51,43.18,124.17,0.8837,2,1,-1
67,8,874.14,620.11,45.66,131.00,0.9171,2,1,-1
67,9,1307.95,468.52,53.56,96.13,0.9216,2,1,-1
67,10,854.12,479.48,45.22,112.57,0.8776,2,1,-1
67,11,1676.81,476.37,48.91,114.43,0.8959,2,1,-1
67,17,258.38,469.36,50.76,71.54,0.9038,1,3,-1
67,20,1527.75,354.85,45.38,94.95,0.9317,2,-1,-1
67,21,1754.17,300.03,34.17,72.84,0.9087,3,0,-1
67,22,1480.86,538.69,62.76,79.40,0.8564,2,2,-1
67,24,1240.77,510.35,55.28,111.46,0.7987,2,1,-1
68,1,1503.33,511.58,47.91,88.95,0.8434,2,1,-1
68,2,736.95,537.36,30.53,119.73,0.9177,2,1,-1
68,3,1642.78,577.61,42.61,61.52,0.7478,2,2,-1
68,4,1246.80,646.92,55.83,151.09,0.8777,3,0,-1
68,5,1080.62,502.24,29.57,84.94,0.8697,2,1,-1
68,6,1232.14,457.68,54.25,64.23,0.8154,2,1,-1
68,7,1176.72,508.06,42.96,123.42,0.9101,2,1,-1
68,8,876.74,622.64,48.85,128.02,0.9278,2,1,-1
68,9,1311.49,463.18,56.03,101.40,0.9187,2,1,-1
68,10,864.76,480.70,40.61,111.82,0.8686,2,1,-1
68,11,1680.11,476.21,52.41,113.73,0.9176,2,1,-1
68,15,1528.26,358.55,52.23,91.83,0.9170,2,-1,-1
68,17,260.93,469.28,51.31,72.39,0.8923,1,3,-1
68,21,1756.73,300.40,34.59,74.07,0.9156,3,0,-1
68,24,1243.84,512.93,53.36,103.40,0.8568,2,1,-1
68,48,1617.91,671.36,54.41,72.39,0.5105,2,-1,-1
69,1,1511.26,538.32,38.30,83.95,0.8690,2,1,-1
69,2,739.52,538.89,29.82,118.45,0.9179,2,1,-1
69,4,1250.26,648.56,55.70,150.43,0.7750,3,0,-1
69,5,1081.22,480.83,33.38,107.13,0.8602,2,1,-1
69,6,1240.80,455.89,50.25,66.36,0.8645,2,1,-1
69,7,1179.12,509.39,43.82,123.49,0.9260,2,1,-1
69,8,879.56,624.34,52.92,126.74,0.9259,2,1,-1
69,9,1314.21,462.55,57.38,103.65,0.9134,2,1,-1
69,10,893.11,486.95,42.81,113.46,0.8180,2,1,-1
69,11,1682.88,477.85,51.86,111.03,0.8882,2,1,-1
69,15,1531.39,362.28,55.10,88.34,0.9213,2,-1,-1
69,17,262.18,467.82,52.23,74.19,0.7069,1,3,-1
69,21,1758.70,300.38,34.81,73.48,0.8922,3,0,-1
69,48,1618.54,675.00,48.24,68.50,0.7118,2,-1,-1
70,2,740.44,539.89,30.77,118.97,0.9101,2,1,-1
70,4,1252.96,649.96,55.52,150.58,0.7000,3,0,-1
70,5,1082.83,472.07,33.91,117.58,0.8879,2,1,-1
70,6,1246.02,455.06,52.46,67.19,0.8944,2,1,-1
70,7,1181.62,510.01,44.83,122.91,0.9242,2,1,-1
70,8,880.32,626.08,53.26,125.57,0.9443,2,1,-1
70,9,1321.02,468.24,52.33,97.91,0.9117,2,1,-1
70,11,1691.08,477.06,52.35,112.22,0.9243,2,1,-1
70,12,871.13,483.18,45.18,114.13,0.8919,2,1,-1
70,15,1533.57,366.34,57.60,85.27,0.9268,2,-1,-1
70,17,264.07,467.07,53.22,75.82,0.5776,1,3,-1
70,21,1761.33,301.60,34.73,73.19,0.8750,3,0,-1
70,24,1247.60,514.69,62.73,99.28,0.9073,2,1,-1
70,49,1638.48,577.56,55.52,107.88,0.8693,2,-1,-1
71,2,741.75,541.93,30.93,118.26,0.9023,2,1,-1
71,4,1256.38,651.46,54.44,148.79,0.8837,3,0,-1
71,5,1084.29,474.00,32.88,115.92,0.9037,2,1,-1
71,6,1251.32,452.32,59.72,70.13,0.8992,2,1,-1
71,7,1183.78,510.66,47.70,123.79,0.9295,2,1,-1
71,8,883.71,626.70,59.30,126.05,0.9287,2,1,-1
71,9,1327.79,470.09,48.92,97.13,0.8637,2,1,-1
71,11,1698.65,477.44,49.31,111.97,0.9246,2,1,-1
71,15,1535.62,367.82,58.47,85.52,0.9190,2,2,-1
71,17,265.67,465.49,52.94,77.82,0.7610,1,3,-1
71,21,1762.95,302.23,34.88,73.46,0.7916,3,0,-1
71,24,1249.70,515.77,65.91,98.88,0.8374,2,1,-1
71,35,874.05,511.62,42.08,82.87,0.8685,2,2,-1
71,36,1488.70,507.40,68.61,95.12,0.8068,2,2,-1
71,49,1638.49,577.00,59.30,127.30,0.7881,2,-1,-1
72,2,743.39,542.89,30.06,118.66,0.9023,2,1,-1
72,4,1258.78,652.80,53.95,147.08,0.7155,3,0,-1
72,5,1087.05,473.52,33.71,117.52,0.8929,2,1,-1
72,6,1259.95,454.22,62.40,69.65,0.8769,2,1,-1
72,7,1184.87,512.09,51.03,123.23,0.9226,2,1,-1
72,8,884.13,627.54,59.74,129.36,0.9354,2,1,-1
72,9,1338.53,468.36,44.06,99.40,0.8843,2,1,-1
72,11,1705.67,476.09,46.60,113.56,0.9241,2,1,-1
72,12,875.92,495.98,42.70,99.15,0.8789,2,1,-1
72,15,1538.20,368.83,60.62,85.47,0.9166,2,2,-1
72,17,268.19,466.35,51.25,77.97,0.8424,1,3,-1
72,21,1764.60,304.03,34.56,73.25,0.9126,3,0,-1
72,24,1260.96,518.16,61.83,94.32,0.7789,2,1,-1
72,33,1627.94,694.66,25.43,49.39,0.5214,2,2,-1
72,35,909.37,488.94,34.97,65.18,0.6503,2,2,-1
72,36,1486.80,506.87,69.07,97.29,0.8346,2,2,-1
72,49,1643.21,577.35,52.30,126.63,0.8691,2,-1,-1
73,2,744.68,543.75,28.89,118.44,0.8951,2,1,-1
73,4,1260.90,654.08,54.25,147.81,0.6032,3,0,-1
73,5,1087.37,475.69,38.95,115.45,0.9075,2,1,-1
73,6,1284.43,462.81,48.57,60.86,0.7423,2,1,-1
73,7,1188.13,513.46,56.78,122.15,0.9006,2,1,-1
73,8,887.93,628.82,59.28,132.02,0.9248,2,1,-1
73,9,1345.69,470.53,38.97,98.07,0.8457,2,1,-1
73,11,1710.24,475.01,47.05,114.42,0.9237,2,1,-1
73,12,878.31,504.47,42.83,93.01,0.8384,2,1,-1
73,15,1540.13,370.42,63.60,84.03,0.9053,2,2,-1
73,17,268.13,464.68,52.72,80.97,0.5479,1,3,-1
73,21,1766.51,306.24,33.98,72.76,0.9123,3,0,-1
73,24,1269.31,520.71,57.40,88.49,0.8687,2,1,-1
73,36,1488.03,506.94,67.81,92.79,0.8424,2,2,-1
73,49,1645.27,577.50,49.76,128.22,0.8771,2,2,-1
74,2,746.69,545.81,27.91,117.40,0.8824,2,1,-1
74,4,1262.20,654.97,55.38,147.60,0.9128,3,0,-1
74,5,1087.56,476.21,43.74,116.20,0.9067,2,1,-1
74,6,1294.37,449.45,55.36,76.72,0.8916,2,1,-1
74,7,1185.21,514.87,60.83,121.74,0.9313,2,1,-1
74,8,888.46,630.15,59.06,133.76,0.9316,2,1,-1
74,9,1348.46,468.98,34.06,100.27,0.8642,2,1,-1
74,11,1715.10,474.62,47.04,114.74,0.9203,2,1,-1
74,12,879.54,511.63,44.67,86.65,0.8781,2,1,-1
74,15,1542.82,370.76,65.97,83.65,0.8550,2,2,-1
74,17,269.08,461.99,52.10,85.14,0.8044,1,3,-1
74,21,1767.40,307.48,33.79,72.61,0.9140,3,0,-1
74,24,1275.52,520.91,63.44,91.57,0.8708,2,1,-1
74,36,1490.44,506.90,66.22,88.04,0.8584,2,2,-1
74,49,1645.42,579.03,48.68,128.45,0.8727,2,2,-1
75,2,748.84,546.54,27.02,113.43,0.8528,2,1,-1
75,4,1260.52,657.67,56.71,146.40,0.9157,3,0,-1
75,5,1085.12,476.23,48.12,116.66,0.8871,2,1,-1
75,6,1299.74,454.12,54.76,71.78,0.8933,2,1,-1
75,7,1184.31,516.41,59.73,121.35,0.9261,2,1,-1
75,8,889.61,634.26,57.73,132.77,0.9341,2,1,-1
75,9,1350.45,470.98,32.25,98.50,0.8245,2,1,-1
75,11,1723.54,475.04,42.70,113.53,0.9096,2,1,-1
75,12,881.80,514.12,45.16,83.96,0.8640,2,1,-1
75,15,1550.06,371.39,65.66,85.06,0.8144,2,2,-1
75,18,271.68,456.48,47.43,90.77,0.9045,1,3,-1
75,21,1767.15,309.49,33.36,71.78,0.9045,3,0,-1
75,35,912.30,484.43,33.90,69.64,0.6951,2,2,-1
75,36,1497.49,506.97,59.69,76.84,0.8630,2,2,-1
75,49,1644.93,581.07,48.45,125.99,0.8857,2,2,-1
76,2,747.05,546.71,27.82,117.12,0.9070,2,1,-1
76,4,1255.33,659.53,61.53,143.39,0.9302,3,0,-1
76,5,1081.88,477.09,52.77,115.99,0.9143,2,1,-1
76,6,1300.66,449.11,62.15,77.60,0.8948,2,1,-1
76,7,1183.50,517.65,61.14,120.98,0.9240,2,1,-1
76,8,890.21,638.33,59.70,128.60,0.9262,2,1,-1
76,9,1351.38,474.50,35.11,95.36,0.8141,2,1,-1
76,11,1729.47,474.83,38.92,115.82,0.9142,2,1,-1
76,12,886.97,514.18,50.50,84.29,0.8319,2,1,-1
76,15,1554.51,373.30,61.60,84.23,0.8490,2,2,-1
76,18,270.54,455.29,46.94,91.36,0.8331,1,3,-1
76,21,1765.65,308.54,33.30,72.32,0.9041,3,0,-1
76,36,1493.90,506.34,66.85,93.36,0.8745,2,2,-1
76,49,1643.41,581.64,48.55,124.37,0.8907,2,2,-1
77,2,743.69,545.83,29.27,117.69,0.9179,2,1,-1
77,4,1249.36,663.10,66.12,139.81,0.9441,3,0,-1
77,5,1078.12,477.30,54.81,115.95,0.9049,2,1,-1
77,6,1301.63,448.50,67.98,75.51,0.9024,2,1,-1
77,7,1180.14,516.94,59.04,120.74,0.9188,2,1,-1
77,8,889.68,640.51,62.82,126.75,0.9304,2,1,-1
77,10,890.74,486.56,50.31,90.52,0.8582,2,1,-1
77,11,1730.85,476.08,37.46,113.85,0.9163,2,1,-1
77,15,1560.68,375.23,55.44,78.68,0.7676,2,2,-1
77,18,267.74,452.00,46.77,93.49,0.7708,1,3,-1
77,21,1761.65,308.72,33.92,72.30,0.9183,3,0,-1
77,22,1497.74,504.55,57.01,76.62,0.8618,2,2,-1
77,49,1639.64,581.76,50.22,121.62,0.9068,2,2,-1
78,2,737.80,546.75,30.86,116.26,0.9169,2,1,-1
78,4,1243.25,665.34,68.15,136.43,0.9087,3,0,-1
78,5,1073.14,477.76,55.04,115.88,0.8979,2,1,-1
78,7,1175.12,517.06,57.61,119.72,0.9228,2,1,-1
78,8,888.04,643.24,64.40,126.58,0.9262,2,1,-1
78,9,1347.93,479.27,38.49,88.98,0.7803,2,1,-1
78,10,882.66,484.59,60.09,116.99,0.8601,2,1,-1
78,11,1723.60,476.99,43.87,112.68,0.9264,2,1,-1
78,15,1562.90,374.64,48.45,80.44,0.8947,2,2,-1
78,18,262.84,449.40,44.58,96.02,0.8894,1,3,-1
78,21,1755.02,308.53,34.93,72.68,0.8990,3,0,-1
78,22,1496.22,504.12,52.40,69.15,0.8653,2,2,-1
78,24,1284.94,540.05,48.53,70.06,0.6793,2,1,-1
78,49,1634.91,581.70,50.12,123.12,0.9065,2,2,-1
78,0,1543.62,580.10,17.58,16.64,1.0,0,-1,-1
79,2,729.26,547.16,33.68,115.42,0.9193,2,1,-1
79,4,1234.44,667.26,72.80,133.21,0.9393,3,0,-1
79,5,1064.56,478.30,54.62,115.32,0.9053,2,1,-1
79,7,1169.97,517.01,57.03,120.67,0.9236,2,1,-1
79,8,882.63,644.75,65.78,128.26,0.9227,2,1,-1
79,9,1334.63,451.25,34.37,70.25,0.6854,2,1,-1
79,10,879.44,484.77,60.75,127.66,0.7600,2,1,-1
79,11,1714.31,477.75,53.51,111.76,0.9355,2,1,-1
79,15,1559.99,374.10,49.71,80.60,0.8919,2,2,-1
79,18,255.25,448.65,44.18,97.13,0.7435,1,3,-1
79,21,1745.58,308.70,36.24,72.18,0.8663,3,0,-1
79,22,1487.48,502.90,53.27,73.36,0.8498,2,2,-1
79,24,1283.72,548.81,40.09,57.09,0.5627,2,1,-1
79,49,1626.33,581.46,51.60,123.99,0.9126,2,2,-1
79,53,1588.48,610.51,47.42,137.77,0.9148,2,-1,-1
79,0,1553.20,579.08,18.35,15.95,1.0,0,-1,-1
80,2,719.68,548.28,37.47,114.58,0.9215,2,1,-1
80,4,1222.80,666.98,78.21,133.38,0.9417,3,0,-1
80,5,1055.84,479.09,53.77,114.64,0.9175,2,1,-1
80,7,1163.81,516.22,54.83,120.46,0.9268,2,1,-1
80,8,875.19,644.21,63.85,130.92,0.9259,2,1,-1
80,9,1327.24,469.92,50.66,98.96,0.8183,2,1,-1
80,10,866.22,484.10,62.37,128.92,0.7767,2,1,-1
80,11,1703.83,477.58,61.10,112.20,0.9275,2,1,-1
80,15,1553.37,373.50,55.38,82.41,0.9010,2,2,-1
80,21,1735.21,310.81,36.93,70.34,0.9034,3,0,-1
80,22,1481.72,501.67,48.21,69.15,0.8382,2,2,-1
80,24,1286.03,532.53,49.06,68.61,0.6563,2,1,-1
80,49,1618.53,578.71,51.46,125.28,0.9032,2,2,-1
80,53,1577.52,610.02,47.53,137.63,0.9172,2,-1,-1
80,0,1561.87,577.99,18.17,15.87,1.0,0,-1,-1
81,2,707.75,548.48,40.69,114.78,0.9268,2,1,-1
81,4,1212.73,664.77,81.64,134.82,0.9497,3,0,-1
81,5,1045.41,478.98,50.67,113.88,0.9197,2,1,-1
81,7,1157.63,515.32,50.25,120.31,0.9361,2,1,-1
81,8,868.25,643.72,60.20,133.81,0.9291,2,1,-1
81,9,1325.06,497.29,39.46,72.78,0.7134,2,1,-1
81,10,863.50,483.70,56.84,115.91,0.7449,2,1,-1
81,11,1693.99,475.96,65.57,111.60,0.9359,2,1,-1
81,15,1544.54,373.76,56.31,81.58,0.9081,2,2,-1
81,21,1726.93,309.56,35.16,70.23,0.8936,3,0,-1
81,22,1474.37,497.83,47.78,69.13,0.8330,2,2,-1
81,24,1272.47,524.47,57.99,75.55,0.7950,2,1,-1
81,49,1608.88,576.80,50.77,127.39,0.9183,2,2,-1
81,53,1565.20,609.77,47.73,136.86,0.9175,2,-1,-1
81,0,1569.42,576.59,18.21,16.24,1.0,0,-1,-1
82,1,1464.70,492.74,50.03,130.21,0.7784,2,1,-1
82,2,695.95,548.96,43.20,114.67,0.9243,2,1,-1
82,4,1202.03,662.31,85.87,136.45,0.9490,3,0,-1
82,5,1034.74,478.65,46.33,113.66,0.9182,2,1,-1
82,7,1152.42,514.71,45.68,120.34,0.9212,2,1,-1
82,8,861.07,644.22,58.89,135.53,0.9280,2,1,-1
82,9,1312.35,471.04,37.43,70.66,0.6255,2,1,-1
82,10,851.45,484.14,60.12,115.65,0.7729,2,1,-1
82,11,1685.52,475.53,65.08,110.66,0.9329,2,1,-1
82,15,1538.59,373.67,60.28,81.49,0.9176,2,2,-1
82,18,223.74,453.07,39.93,91.75,0.8349,1,3,-1
82,21,1716.73,307.21,35.03,71.72,0.8465,3,0,-1
82,24,1276.01,560.02,34.56,39.77,0.5573,2,-1,-1
82,49,1593.51,573.93,54.56,129.95,0.9220,2,2,-1
82,53,1551.90,609.80,47.14,136.71,0.9243,2,2,-1
82,0,1574.95,575.76,17.20,16.06,1.0,0,-1,-1
83,2,684.80,549.74,47.23,114.12,0.9204,2,1,-1
83,4,1193.33,660.28,86.43,137.59,0.9439,3,0,-1
83,5,1023.76,477.22,41.34,114.54,0.9068,2,1,-1
83,7,1146.97,513.57,40.63,121.50,0.9330,2,1,-1
83,8,854.78,646.68,56.80,133.89,0.9248,2,1,-1
83,11,1681.60,474.30,60.25,110.66,0.9273,2,1,-1
83,15,1532.54,375.92,59.42,79.26,0.9197,2,2,-1
83,18,210.36,448.18,39.89,97.38,0.8974,1,3,-1
83,21,1705.08,306.82,34.88,72.31,0.8905,3,0,-1
83,24,1283.22,565.71,30.36,33.97,0.5991,2,-1,-1
83,35,875.69,485.46,29.41,59.71,0.6300,2,2,-1
83,36,1451.63,522.97,53.72,101.11,0.8443,2,2,-1
83,49,1583.88,573.17,54.78,132.84,0.8574,2,2,-1
83,53,1538.42,609.57,45.85,136.33,0.9186,2,2,-1
83,55,1347.96,494.37,21.77,31.38,0.7319,2,-1,-1
83,0,1579.99,573.69,16.74,15.78,1.0,0,-1,-1
84,2,672.30,551.75,50.71,112.84,0.9222,2,1,-1
84,4,1186.95,659.78,88.79,137.45,0.9407,3,0,-1
84,5,1012.27,477.73,38.97,113.69,0.9147,2,1,-1
84,7,1140.99,513.98,36.41,120.43,0.9129,2,1,-1
84,8,847.28,649.14,55.04,131.94,0.9236,2,1,-1
84,10,856.30,486.90,49.87,108.00,0.7924,2,1,-1
84,11,1681.80,473.20,52.16,111.21,0.9245,2,1,-1
84,15,1531.22,377.30,56.20,78.28,0.8636,2,2,-1
84,18,196.82,445.13,40.11,100.16,0.8960,1,3,-1
84,21,1692.11,306.08,35.35,72.54,0.8730,3,0,-1
84,24,1267.55,527.81,57.80,71.69,0.7287,2,2,-1
84,36,1437.82,510.91,55.57,113.92,0.8756,2,2,-1
84,49,1572.60,572.02,54.50,130.07,0.9147,2,2,-1
84,53,1525.18,609.30,44.64,134.89,0.9225,2,2,-1
84,55,1322.21,448.20,52.98,76.25,0.8555,2,-1,-1
85,2,660.80,553.17,53.83,110.93,0.9342,2,1,-1
85,3,1565.51,571.80,49.98,90.61,0.9270,2,2,-1
85,4,1182.07,659.29,90.32,136.87,0.9351,3,0,-1
85,5,1000.91,477.81,38.87,113.99,0.9152,2,1,-1
85,7,1133.78,513.30,34.77,120.42,0.9114,2,1,-1
85,8,842.78,652.58,51.65,128.50,0.9287,2,1,-1
85,9,1294.59,458.70,33.01,64.15,0.5628,2,1,-1
85,10,844.33,488.29,50.32,106.98,0.7534,2,1,-1
85,11,1682.96,472.01,43.79,112.07,0.9279,2,1,-1
85,14,1562.17,646.87,27.64,54.53,0.6862,2,2,-1
85,15,1533.46,379.41,47.72,76.86,0.9066,2,2,-1
85,18,184.40,445.42,38.65,99.11,0.9190,1,3,-1
85,21,1677.62,306.50,36.97,71.95,0.8958,3,0,-1
85,24,1258.69,504.55,65.04,93.28,0.8314,2,2,-1
85,36,1428.17,518.60,54.16,105.94,0.8819,2,2,-1
85,53,1512.18,608.08,44.67,134.67,0.9206,2,2,-1
85,55,1324.75,446.79,50.73,75.43,0.8563,2,-1,-1
86,2,648.85,555.30,55.92,109.17,0.9324,2,1,-1
86,4,1179.97,660.44,89.17,134.83,0.9211,3,0,-1
86,5,989.29,477.86,39.28,113.64,0.9101,2,1,-1
86,7,1124.09,513.59,36.09,120.12,0.9118,2,1,-1
86,8,836.17,654.78,49.98,125.60,0.9302,2,1,-1
86,11,1678.00,470.75,40.30,112.11,0.9218,2,1,-1
86,15,1528.91,379.25,45.47,75.40,0.9051,2,2,-1
86,18,170.42,445.66,38.63,98.78,0.9134,1,3,-1
86,21,1663.53,306.06,38.63,71.87,0.8425,3,0,-1
86,24,1249.76,493.45,68.39,104.20,0.8484,2,2,-1
86,35,854.20,486.49,28.32,60.19,0.8239,2,2,-1
86,36,1416.46,516.47,56.86,108.00,0.8861,2,2,-1
86,49,1553.86,572.08,50.20,118.15,0.9026,2,2,-1
86,53,1497.89,606.84,45.36,135.21,0.9213,2,2,-1
86,55,1326.60,447.18,48.11,70.37,0.8800,2,1,-1
86,0,1592.02,571.07,17.01,18.52,1.0,0,-1,-1
87,2,636.90,557.64,57.22,106.76,0.9319,2,1,-1
87,4,1182.47,662.05,86.41,131.38,0.6193,3,0,-1
87,5,977.54,479.84,39.64,111.98,0.9224,2,1,-1
87,7,1113.38,513.93,38.73,119.75,0.9004,2,1,-1
87,8,825.68,655.54,53.67,124.81,0.9313,2,1,-1
87,11,1670.63,471.52,39.04,112.82,0.9212,2,1,-1
87,12,827.81,491.37,35.90,66.83,0.6869,2,1,-1
87,15,1519.20,377.26,47.27,76.23,0.7657,2,2,-1
87,18,157.30,446.29,38.72,99.06,0.6966,1,3,-1
87,21,1651.05,306.24,39.46,72.19,0.8273,3,0,-1
87,22,1420.87,489.09,36.34,63.25,0.7986,2,2,-1
87,24,1249.52,503.60,63.86,90.68,0.7859,2,2,-1
87,36,1411.47,550.88,45.30,72.56,0.8285,2,2,-1
87,49,1542.82,571.95,50.32,123.79,0.9098,2,2,-1
87,53,1484.58,606.21,45.93,135.77,0.9176,2,2,-1
87,55,1317.33,446.43,55.59,73.30,0.8881,2,1,-1
87,0,1593.74,569.71,17.19,17.81,1.0,0,-1,-1
88,2,624.94,559.54,60.84,105.36,0.9314,2,1,-1
88,4,1183.03,662.13,83.06,131.53,0.8139,3,0,-1
88,5,966.11,481.15,41.17,111.24,0.9186,2,1,-1
88,7,1101.63,514.39,42.81,119.67,0.9222,2,1,-1
88,8,815.89,654.26,57.81,124.38,0.9313,2,1,-1
88,10,822.18,488.43,41.40,78.84,0.7681,2,1,-1
88,11,1661.24,471.90,40.12,112.13,0.9336,2,1,-1
88,15,1508.13,376.50,56.52,77.32,0.9211,2,2,-1
88,18,144.10,448.54,39.13,95.93,0.9186,1,3,-1
88,21,1640.77,306.07,38.85,71.22,0.8499,3,0,-1
88,22,1416.41,486.34,36.94,63.74,0.7821,2,2,-1
88,24,1251.48,456.83,61.44,106.52,0.7887,2,2,-1
88,36,1402.04,552.05,44.57,69.29,0.6536,2,2,-1
88,49,1531.87,571.18,51.04,125.63,0.9136,2,2,-1
88,53,1472.75,605.78,46.04,135.38,0.9192,2,2,-1
88,55,1308.84,445.22,65.62,77.43,0.9167,2,1,-1
88,0,1595.61,568.89,18.14,16.99,1.0,0,-1,-1
89,2,612.81,560.05,66.42,105.64,0.9360,2,1,-1
89,4,1176.18,661.09,86.58,130.82,0.9139,3,0,-1
89,5,954.97,483.33,41.32,108.99,0.8998,2,1,-1
89,7,1090.40,514.40,49.89,120.02,0.9267,2,1,-1
89,8,806.74,654.08,64.14,129.74,0.9414,2,1,-1
89,10,817.46,488.28,47.12,101.48,0.7711,2,1,-1
89,11,1650.76,472.47,44.62,111.12,0.9147,2,1,-1
89,15,1498.26,375.34,65.56,77.75,0.9320,2,2,-1
89,18,131.73,449.31,39.08,94.90,0.7979,1,3,-1
89,20,1326.29,443.16,49.39,78.68,0.8750,2,-1,-1
89,21,1629.97,306.49,38.03,71.44,0.8996,3,0,-1
89,22,1403.86,488.40,40.85,66.81,0.8580,2,2,-1
89,24,1243.29,515.23,32.33,57.36,0.5661,2,2,-1
89,36,1383.37,550.56,43.36,70.10,0.6009,2,2,-1
89,49,1521.38,571.17,51.59,125.19,0.8977,2,2,-1
89,53,1460.59,604.84,46.56,136.53,0.9242,2,2,-1
89,55,1239.38,460.43,72.38,101.16,0.8018,2,1,-1
89,0,1598.85,568.69,17.47,15.88,1.0,0,-1,-1
90,2,601.79,560.76,70.02,104.88,0.9419,2,1,-1
90,3,1512.70,570.91,50.14,90.28,0.8922,2,2,-1
90,4,1163.11,657.83,95.58,133.21,0.9358,3,0,-1
90,5,943.54,485.01,42.00,107.37,0.9135,2,1,-1
90,7,1079.54,514.07,56.71,119.79,0.9254,2,1,-1
90,8,798.00,654.46,66.22,131.24,0.9392,2,1,-1
90,11,1640.56,472.08,51.04,111.24,0.9182,2,1,-1
90,13,1332.90,442.99,40.84,78.16,0.8422,2,2,-1
90,15,1493.20,376.22,67.70,75.65,0.9155,2,2,-1
90,18,119.96,447.53,39.92,96.81,0.9256,1,3,-1
90,21,1618.95,307.83,38.14,69.74,0.8977,3,0,-1
90,22,1380.16,490.10,57.18,93.17,0.8515,2,2,-1
90,24,1283.05,497.76,46.19,91.84,0.8709,2,2,-1
90,35,826.15,485.44,28.98,58.46,0.6936,2,2,-1
90,53,1448.67,604.90,47.07,135.43,0.9214,2,2,-1
90,55,1232.54,453.49,63.59,113.99,0.8926,2,1,-1
90,0,1600.22,566.69,16.97,16.73,1.0,0,-1,-1
91,2,590.78,559.85,71.23,105.68,0.9405,2,1,-1
91,3,1502.47,570.06,48.64,96.61,0.9149,2,2,-1
91,4,1154.29,654.30,97.32,134.45,0.9366,3,0,-1
91,5,931.24,486.87,42.86,106.44,0.9039,2,1,-1
91,7,1066.33,514.64,62.67,118.44,0.9236,2,1,-1
91,8,791.10,655.36,68.69,131.65,0.9415,2,1,-1
91,11,1626.75,471.23,59.61,110.88,0.9299,2,1,-1
91,12,789.04,499.08,43.97,72.85,0.7940,2,1,-1
91,13,1328.86,441.25,49.54,78.36,0.8822,2,2,-1
91,15,1505.50,375.83,55.10,72.98,0.8782,2,2,-1
91,18,106.76,445.10,39.01,99.15,0.8678,1,3,-1
91,21,1605.35,307.75,39.13,70.40,0.8949,3,0,-1
91,22,1367.86,491.34,60.60,93.84,0.8462,2,2,-1
91,35,822.78,483.99,27.86,51.35,0.8414,2,2,-1
91,53,1435.33,604.06,47.47,135.64,0.9257,2,2,-1
91,55,1224.14,454.68,62.34,114.43,0.9207,2,1,-1
91,0,1598.53,563.71,17.41,17.14,1.0,0,-1,-1
92,2,580.44,559.77,71.96,105.18,0.9478,2,1,-1
92,4,1149.20,653.37,94.10,135.10,0.9445,3,0,-1
92,5,919.18,488.17,43.88,105.72,0.9040,2,1,-1
92,7,1053.77,513.93,65.61,118.57,0.9258,2,1,-1
92,8,784.19,657.68,69.53,132.16,0.9366,2,1,-1
92,11,1614.99,470.88,64.67,109.00,0.9274,2,1,-1
92,12,782.40,498.54,44.90,71.18,0.6449,2,1,-1
92,13,1324.93,440.91,53.92,74.03,0.8395,2,2,-1
92,15,1507.33,375.85,44.88,63.55,0.8423,2,2,-1
92,18,94.30,444.77,38.95,99.30,0.8639,1,3,-1
92,21,1591.99,309.14,38.80,67.70,0.8421,3,0,-1
92,35,817.22,481.95,26.59,48.47,0.7971,2,2,-1
92,48,1359.50,524.25,62.31,95.40,0.5692,2,-1,-1
92,49,1490.46,567.33,47.31,108.92,0.9097,2,2,-1
92,53,1422.80,602.90,47.15,134.87,0.9323,2,2,-1
92,55,1211.40,455.26,64.33,109.11,0.9189,2,1,-1
92,0,1596.48,561.98,17.16,16.77,1.0,0,-1,-1
93,2,571.96,558.81,70.27,104.44,0.9403,2,1,-1
93,4,1145.41,652.14,89.70,132.42,0.9480,3,0,-1
93,5,907.10,488.88,44.77,104.12,0.9040,2,1,-1
93,7,1041.10,512.65,64.20,119.14,0.9183,2,1,-1
93,8,782.57,660.40,66.81,127.71,0.9089,2,1,-1
93,11,1602.54,469.06,67.75,110.12,0.9186,2,1,-1
93,13,1316.58,440.47,62.36,75.61,0.9004,2,2,-1
93,15,1499.84,375.66,38.87,51.22,0.7739,2,2,-1
93,18,82.14,442.87,38.72,100.63,0.8556,1,3,-1
93,35,807.83,479.79,27.39,47.48,0.8226,2,2,-1
93,48,1343.49,502.71,63.84,79.16,0.7508,2,2,-1
93,49,1479.14,564.85,46.86,113.28,0.9182,2,2,-1
93,53,1408.28,602.51,48.47,134.40,0.9281,2,2,-1
93,55,1198.34,452.05,64.27,110.48,0.9208,2,1,-1
93,0,1595.22,560.72,16.95,16.51,1.0,0,-1,-1
94,2,565.80,558.35,66.92,103.19,0.9399,2,1,-1
94,4,1143.84,651.85,85.26,131.23,0.9222,3,0,-1
94,5,895.70,490.75,44.94,100.44,0.9194,2,1,-1
94,7,1029.37,511.15,63.36,119.53,0.9261,2,1,-1
94,8,783.81,663.07,64.04,124.09,0.9283,2,1,-1
94,10,779.35,496.03,45.15,91.36,0.6529,2,1,-1
94,11,1593.68,466.89,67.30,108.20,0.9117,2,1,-1
94,13,1311.79,441.83,59.82,75.08,0.7932,2,2,-1
94,15,1489.04,375.80,40.11,52.35,0.8131,2,2,-1
94,18,70.30,442.56,38.15,100.30,0.8852,1,3,-1
94,21,1564.14,313.59,37.55,63.52,0.7181,3,0,-1
94,48,1370.18,491.02,39.56,56.12,0.7204,2,2,-1
94,49,1467.93,561.74,45.19,120.37,0.9281,2,2,-1
94,53,1394.30,600.84,48.62,132.75,0.9276,2,2,-1
94,55,1187.86,453.14,62.51,108.86,0.9189,2,1,-1
94,0,1592.34,560.11,16.90,15.70,1.0,0,-1,-1
95,1,1328.34,497.76,47.43,115.79,0.6117,2,1,-1
95,2,560.71,557.03,63.31,103.48,0.9267,2,1,-1
95,3,1458.23,559.07,41.69,95.36,0.9089,2,2,-1
95,4,1145.24,651.49,77.66,129.08,0.9066,3,0,-1
95,5,883.48,491.35,44.44,99.08,0.8985,2,1,-1
95,7,1018.94,509.12,61.29,120.45,0.9250,2,1,-1
95,8,780.76,663.46,64.34,121.06,0.9235,2,1,-1
95,11,1582.90,463.18,67.50,109.99,0.9275,2,1,-1
95,13,1308.69,436.69,64.69,81.60,0.8996,2,2,-1
95,15,1475.81,372.82,52.85,76.18,0.8466,2,2,-1
95,18,58.77,441.43,37.81,100.25,0.8610,1,3,-1
95,21,1550.09,312.61,38.90,63.20,0.8240,3,0,-1
95,35,791.41,477.43,26.72,46.12,0.8169,2,2,-1
95,48,1364.02,490.55,35.66,53.51,0.7968,2,2,-1
95,53,1380.64,600.64,48.76,131.66,0.9279,2,2,-1
95,55,1177.80,452.02,58.37,108.90,0.9159,2,1,-1
95,0,1587.23,558.88,17.55,16.60,1.0,0,-1,-1
96,1,1323.77,501.55,47.65,112.00,0.7448,2,1,-1
96,2,558.29,555.75,57.71,103.06,0.9274,2,1,-1
96,4,1152.65,651.07,67.43,127.08,0.9364,3,0,-1
96,5,872.58,489.11,46.52,100.07,0.8862,2,1,-1
96,7,1009.20,503.06,58.11,124.39,0.9315,2,1,-1
96,8,769.03,661.47,66.08,121.73,0.9166,2,1,-1
96,11,1576.43,460.08,63.48,110.45,0.9139,2,1,-1
96,13,1319.11,434.76,55.41,74.33,0.8566,2,2,-1
96,15,1461.63,371.42,56.42,78.54,0.9166,2,2,-1
96,18,46.26,440.30,39.19,100.29,0.9288,1,3,-1
96,21,1536.33,308.73,39.82,65.58,0.8915,3,0,-1
96,35,783.47,477.34,26.01,45.22,0.8213,2,2,-1
96,48,1360.29,489.61,32.46,51.88,0.7428,2,2,-1
96,49,1444.77,555.91,42.54,120.46,0.9132,2,2,-1
96,53,1366.15,599.13,49.98,132.03,0.9280,2,2,-1
96,55,1168.94,445.25,54.27,112.39,0.9143,2,1,-1
96,0,1582.18,554.35,16.45,16.55,1.0,0,-1,-1
97,1,1314.00,503.60,49.76,108.73,0.9057,2,1,-1
97,2,556.21,554.94,52.49,103.88,0.9123,2,1,-1
97,4,1143.20,648.17,72.91,125.70,0.8964,3,0,-1
97,5,858.98,486.32,44.12,100.79,0.8562,2,1,-1
97,7,1000.92,506.45,52.12,119.03,0.9347,2,1,-1
97,8,760.18,660.27,67.32,127.14,0.9448,2,1,-1
97,10,761.58,500.02,37.55,85.35,0.7466,2,1,-1
97,11,1569.76,457.69,58.71,109.05,0.9115,2,1,-1
97,13,1320.55,434.44,52.23,77.84,0.9033,2,2,-1
97,15,1453.61,370.18,58.75,78.69,0.9147,2,2,-1
97,18,34.58,439.43,39.44,100.71,0.7848,1,3,-1
97,20,1164.71,482.83,42.78,72.18,0.9128,2,-1,-1
97,21,1523.01,306.99,38.80,65.48,0.8894,3,0,-1
97,48,1352.60,486.85,30.04,47.75,0.5134,2,2,-1
97,49,1431.28,553.24,42.74,119.67,0.9096,2,2,-1
97,53,1351.43,597.26,50.14,131.48,0.9384,2,2,-1
97,55,1260.30,477.36,39.91,79.85,0.6663,2,1,-1
97,0,1575.51,550.97,17.21,15.70,1.0,0,-1,-1
98,1,1301.26,502.59,51.53,108.22,0.7743,2,1,-1
98,2,548.22,551.97,50.65,106.35,0.9096,2,1,-1
98,4,1128.35,646.24,85.08,125.21,0.9426,3,0,-1
98,5,851.85,484.29,53.29,100.50,0.8780,2,1,-1
98,8,752.50,658.28,68.41,131.06,0.9365,2,1,-1
98,9,1159.54,478.34,34.06,74.57,0.8964,2,1,-1
98,11,1563.39,455.39,54.04,108.79,0.9167,2,1,-1
98,12,744.58,483.43,48.24,80.34,0.7629,2,1,-1
98,13,1325.31,432.22,45.89,65.86,0.8742,2,2,-1
98,15,1449.64,368.57,58.69,81.46,0.9006,2,2,-1
98,18,23.65,438.08,39.79,100.33,0.6540,1,3,-1
98,44,993.62,517.18,44.86,106.28,0.9231,2,-1,-1
98,49,1412.31,551.65,48.50,120.88,0.9196,2,2,-1
98,53,1336.84,597.23,50.76,128.90,0.9325,2,2,-1
98,55,1262.66,479.48,42.21,83.14,0.6179,2,1,-1
99,1,1288.51,499.64,53.12,108.91,0.5465,2,1,-1
99,2,539.44,550.03,50.65,107.50,0.9127,2,1,-1
99,4,1120.54,641.15,92.04,128.44,0.9406,3,0,-1
99,5,838.69,481.45,56.71,102.03,0.9038,2,1,-1
99,7,987.13,504.11,45.64,117.06,0.9203,2,1,-1
99,8,745.33,658.10,69.71,130.95,0.9351,2,1,-1
99,9,1153.87,476.69,29.17,74.68,0.9004,2,1,-1
99,11,1553.36,455.34,52.27,104.88,0.9264,2,1,-1
99,12,755.43,474.88,33.80,69.92,0.8013,2,1,-1
99,13,1323.42,430.42,48.57,74.40,0.8836,2,2,-1
99,15,1460.21,368.08,35.54,49.00,0.7556,2,2,-1
99,18,12.44,437.38,42.75,99.67,0.8340,1,3,-1
99,49,1397.54,551.33,51.63,118.86,0.9265,2,2,-1
99,53,1323.37,597.33,51.76,128.17,0.9262,2,2,-1
100,1,1299.70,479.64,34.95,71.27,0.7080,2,1,-1
100,2,530.59,548.07,50.55,108.11,0.9265,2,1,-1
100,4,1115.84,637.20,91.89,129.78,0.9463,3,0,-1
100,5,826.55,478.94,56.88,104.86,0.9077,2,1,-1
100,7,980.90,501.31,43.37,117.82,0.9030,2,1,-1
100,8,740.20,658.94,66.72,131.10,0.9312,2,1,-1
100,9,1143.33,476.29,29.69,74.07,0.8899,2,1,-1
100,11,1541.66,454.54,54.21,104.76,0.9340,2,1,-1
100,12,732.50,490.68,29.94,60.84,0.7751,2,1,-1
100,13,1330.27,429.08,47.01,78.72,0.7461,2,-1,-1
100,15,1457.76,370.01,28.34,40.08,0.8630,2,2,-1
100,18,0.78,436.18,47.38,100.18,0.9276,1,3,-1
100,21,1476.89,303.54,45.36,79.71,0.7586,3,0,-1
100,22,1240.94,474.88,59.27,90.27,0.7239,2,2,-1
100,49,1383.21,551.21,55.16,114.15,0.9168,2,2,-1
100,53,1309.76,595.59,53.50,127.14,0.9371,2,2,-1
101,1,1319.24,526.04,19.39,39.56,0.5858,2,1,-1
101,2,522.51,546.84,50.66,109.26,0.9287,2,1,-1
101,4,1111.78,636.39,91.91,130.08,0.9381,3,0,-1
101,5,817.73,478.16,52.34,106.31,0.8862,2,1,-1
101,7,974.92,496.83,42.10,120.96,0.9121,2,1,-1
101,8,741.20,658.96,61.86,127.78,0.9132,2,1,-1
101,9,1131.37,474.47,32.94,74.28,0.8680,2,1,-1
101,11,1526.32,453.16,56.51,104.45,0.9108,2,1,-1
101,12,742.67,469.94,31.28,68.87,0.7612,2,1,-1
101,13,1330.34,426.33,40.02,77.61,0.8724,2,1,-1
101,15,1449.85,369.26,29.27,40.77,0.7589,2,2,-1
101,18,-1.73,433.57,44.76,100.61,0.8718,1,3,-1
101,21,1465.75,303.12,42.09,77.47,0.8520,3,0,-1
101,22,1254.58,500.61,61.36,104.14,0.7959,2,2,-1
101,49,1370.03,550.86,57.95,112.54,0.9160,2,2,-1
101,53,1296.88,593.91,54.48,125.43,0.9305,2,2,-1
101,0,1256.27,588.76,16.32,16.86,1.0,0,-1,-1
102,1,1315.66,530.41,18.65,36.97,0.7940,2,1,-1
102,2,516.10,547.00,47.67,109.68,0.9183,2,1,-1
102,4,1134.70,636.07,64.74,128.76,0.9363,3,0,-1
102,5,804.89,479.85,44.85,104.15,0.8365,2,1,-1
102,7,962.34,496.32,43.77,120.03,0.9183,2,1,-1
102,8,744.13,658.95,52.99,124.11,0.9243,2,1,-1
102,11,1508.30,450.97,60.87,104.47,0.9179,2,1,-1
102,13,1326.17,425.17,44.00,78.81,0.8762,2,1,-1
102,21,1456.00,302.56,34.84,62.46,0.6107,3,0,-1
102,22,1243.66,502.14,59.73,102.19,0.8264,2,2,-1
102,23,0.01,432.18,30.87,100.05,0.8931,1,3,-1
102,24,1114.07,442.14,50.76,105.11,0.9144,2,2,-1
102,49,1355.33,549.62,60.95,111.36,0.9049,2,2,-1
102,53,1282.09,591.46,55.88,125.53,0.9303,2,2,-1
102,61,1424.44,384.86,50.84,60.76,0.8289,2,-1,-1
103,2,510.80,546.70,42.49,107.77,0.9245,2,1,-1
103,4,1113.40,635.81,77.99,127.31,0.9246,3,0,-1
103,5,796.32,496.41,33.87,86.14,0.8532,2,1,-1
103,7,949.06,495.28,45.69,119.31,0.9033,2,1,-1
103,8,738.79,657.42,52.22,124.53,0.9379,2,1,-1
103,10,716.74,473.41,42.53,98.97,0.7486,2,1,-1
103,11,1490.34,447.73,62.88,105.04,0.9025,2,1,-1
103,13,1325.63,424.36,44.43,68.52,0.8846,2,1,-1
103,15,1432.97,366.33,30.31,44.21,0.7440,2,2,-1
103,21,1444.37,303.04,33.66,60.04,0.7570,3,0,-1
103,22,1232.82,502.90,57.55,99.07,0.6942,2,2,-1
103,24,1100.11,441.33,55.43,104.07,0.9245,2,2,-1
103,49,1342.12,548.97,62.31,103.16,0.9099,2,2,-1
103,53,1268.43,587.06,56.33,125.63,0.9298,2,2,-1
103,61,1419.48,396.50,40.22,45.94,0.5374,2,-1,-1
103,0,1415.03,430.92,15.70,14.89,1.0,0,-1,-1
104,2,505.94,546.45,38.57,106.25,0.9224,2,1,-1
104,4,1115.64,635.28,75.97,125.19,0.9013,3,0,-1
104,5,784.93,497.93,31.90,83.86,0.8390,2,1,-1
104,7,933.22,494.98,49.28,117.90,0.9188,2,1,-1
104,8,728.30,654.50,58.31,124.44,0.9378,2,1,-1
104,10,675.47,478.04,53.80,117.55,0.8822,2,1,-1
104,11,1476.39,445.84,66.34,104.38,0.9009,2,1,-1
104,12,715.95,463.40,33.30,74.71,0.6293,2,1,-1
104,13,1314.13,422.87,51.01,73.38,0.8777,2,1,-1
104,15,1424.21,364.81,31.08,43.05,0.7306,2,2,-1
104,21,1425.11,302.97,37.30,63.54,0.8174,3,0,-1
104,22,1239.24,463.98,47.30,84.43,0.5747,2,2,-1
104,24,1084.93,441.42,58.54,101.96,0.9263,2,2,-1
104,36,1224.51,525.37,49.59,75.13,0.7461,2,2,-1
104,49,1325.86,547.94,67.00,107.67,0.9293,2,2,-1
104,53,1255.85,584.97,53.93,124.38,0.9316,2,2,-1
104,63,1276.65,469.29,45.12,95.56,0.8708,2,-1,-1
105,2,496.44,544.75,38.42,105.13,0.9303,2,1,-1
105,4,1120.06,634.43,70.10,122.10,0.9099,3,0,-1
105,5,774.74,502.35,30.73,77.53,0.8301,2,1,-1
105,7,918.18,493.47,55.14,117.06,0.9298,2,1,-1
105,8,716.76,651.24,64.61,127.14,0.9385,2,1,-1
105,10,663.68,476.85,58.61,116.92,0.8875,2,1,-1
105,11,1467.81,445.70,67.91,99.79,0.8875,2,1,-1
105,13,1307.06,421.65,57.22,75.50,0.8864,2,1,-1
105,15,1394.98,359.23,61.47,81.10,0.8956,2,2,-1
105,21,1409.37,302.88,39.07,61.89,0.8833,3,0,-1
105,22,1236.86,452.37,38.61,84.81,0.8179,2,2,-1
105,24,1071.45,439.22,59.17,103.24,0.9231,2,2,-1
105,49,1318.59,544.83,63.60,106.25,0.9140,2,2,-1
105,53,1246.12,582.37,49.67,125.29,0.9240,2,2,-1
105,0,1517.02,531.92,17.71,15.78,1.0,0,-1,-1
106,2,484.27,541.74,42.46,106.87,0.9266,2,1,-1
106,4,1106.49,629.58,78.39,124.07,0.9440,3,0,-1
106,5,762.98,503.30,31.82,74.92,0.8495,2,1,-1
106,7,903.10,492.78,60.13,115.21,0.9297,2,1,-1
106,8,704.32,649.25,71.33,132.88,0.9438,2,1,-1
106,10,654.02,476.67,57.33,115.18,0.8165,2,1,-1
106,11,1462.39,445.10,71.01,98.56,0.8934,2,1,-1
106,13,1301.96,419.92,56.80,77.55,0.9102,2,1,-1
106,15,1398.87,357.12,52.62,73.62,0.7039,2,2,-1
106,21,1392.43,302.15,42.32,64.51,0.8877,3,0,-1
106,24,1059.94,440.70,55.75,99.59,0.9050,2,2,-1
106,49,1308.83,539.75,61.00,108.38,0.9227,2,2,-1
106,53,1235.84,580.68,45.28,123.95,0.9206,2,2,-1
106,63,1253.80,466.25,44.27,94.21,0.9042,2,-1,-1
106,0,1865.25,555.66,21.55,22.34,1.0,0,-1,-1
107,2,471.59,538.81,47.22,108.53,0.9328,2,1,-1
107,4,1094.22,624.35,89.66,127.18,0.9349,3,0,-1
107,5,746.74,474.39,38.25,103.28,0.8679,2,1,-1
107,6,1050.36,470.15,50.39,68.29,0.9049,2,1,-1
107,7,888.03,491.51,62.88,115.36,0.9270,2,1,-1
107,8,696.74,648.95,73.80,135.28,0.9429,2,1,-1
107,10,666.58,477.74,35.79,75.92,0.7287,2,1,-1
107,11,1451.05,445.53,70.05,96.51,0.8934,2,1,-1
107,13,1309.13,419.09,49.08,75.28,0.8645,2,1,-1
107,15,1398.46,356.61,38.60,60.21,0.8083,2,2,-1
107,21,1378.83,301.33,41.71,63.91,0.7420,3,0,-1
107,22,1219.02,441.89,39.04,86.65,0.8680,2,2,-1
107,35,692.19,462.00,29.10,51.02,0.5729,2,2,-1
107,36,1198.32,523.73,43.80,70.28,0.6160,2,2,-1
107,49,1301.77,535.47,55.62,108.40,0.9224,2,2,-1
107,53,1222.04,577.16,43.93,126.30,0.9136,2,2,-1
107,0,1830.87,545.38,24.39,22.33,1.0,0,-1,-1
108,2,458.94,536.21,50.96,110.67,0.9396,2,1,-1
108,4,1084.43,619.26,94.71,131.10,0.9467,3,0,-1
108,5,736.13,472.44,35.55,102.14,0.8696,2,1,-1
108,6,1041.17,467.66,44.86,68.87,0.9020,2,1,-1
108,7,873.26,490.31,64.04,114.97,0.9323,2,1,-1
108,8,692.31,649.39,73.68,133.73,0.9187,2,1,-1
108,10,661.90,477.53,29.20,63.39,0.7261,2,1,-1
108,11,1433.03,464.55,46.39,75.16,0.8844,2,1,-1
108,12,684.89,460.28,29.24,67.03,0.6197,2,1,-1
108,13,1304.76,416.20,48.00,75.54,0.9041,2,1,-1
108,15,1392.60,358.27,35.86,59.59,0.7525,2,2,-1
108,36,1184.00,517.90,42.29,74.09,0.8023,2,2,-1
108,49,1292.27,529.42,52.54,112.26,0.9204,2,2,-1
108,53,1207.83,575.19,43.24,123.15,0.9062,2,2,-1
108,63,1226.69,462.97,50.47,95.98,0.8839,2,-1,-1
108,0,1488.38,524.06,16.84,15.41,1.0,0,-1,-1
109,2,447.47,535.23,53.74,109.29,0.9374,2,1,-1
109,3,1282.69,525.71,46.94,86.60,0.8243,2,2,-1
109,4,1079.20,616.71,92.84,126.23,0.9476,3,0,-1
109,5,724.24,469.72,34.61,104.40,0.9151,2,1,-1
109,7,859.65,489.25,62.40,113.44,0.9376,2,1,-1
109,8,687.18,651.68,71.69,130.43,0.9017,2,1,-1
109,9,1035.88,460.98,35.56,74.08,0.8705,2,1,-1
109,10,652.20,475.04,28.49,62.63,0.8093,2,1,-1
109,11,1425.58,443.53,79.19,95.72,0.9098,2,1,-1
109,13,1296.51,414.81,54.88,73.21,0.9149,2,1,-1
109,14,1279.84,598.40,24.35,42.38,0.6915,2,2,-1
109,15,1382.48,360.75,32.76,55.23,0.7607,2,2,-1
109,33,1075.37,713.52,12.60,25.27,0.5503,2,2,-1
109,53,1190.28,574.57,44.60,122.51,0.8430,2,2,-1
109,55,1170.28,493.64,44.66,95.79,0.8461,2,1,-1
109,63,1214.69,461.57,53.28,97.16,0.8659,2,1,-1
110,2,438.01,535.82,55.68,107.87,0.9324,2,1,-1
110,4,1074.08,615.00,90.63,128.23,0.9281,3,0,-1
110,5,710.55,466.97,35.65,108.69,0.9059,2,1,-1
110,7,848.23,487.65,58.98,112.96,0.9342,2,1,-1
110,8,688.13,652.01,69.06,126.32,0.9064,2,1,-1
110,10,644.22,472.28,29.71,66.60,0.7802,2,1,-1
110,11,1411.87,441.40,86.52,96.33,0.9300,2,1,-1
110,13,1293.00,412.41,58.43,75.49,0.8707,2,1,-1
110,15,1369.79,359.12,42.21,76.21,0.8608,2,2,-1
110,24,1025.64,430.84,38.45,103.35,0.8897,2,2,-1
110,49,1267.77,522.73,48.29,100.48,0.8898,2,2,-1
110,53,1171.95,573.51,48.86,122.16,0.9230,2,2,-1
110,55,1157.02,488.82,47.23,96.99,0.8831,2,1,-1
110,63,1201.34,457.58,60.24,100.04,0.9044,2,1,-1
110,0,1467.42,519.89,17.64,16.24,1.0,0,-1,-1
111,2,431.02,537.48,53.84,106.00,0.9199,2,1,-1
111,4,1075.41,614.39,79.77,128.13,0.9211,3,0,-1
111,5,696.18,465.58,36.78,110.63,0.8982,2,1,-1
111,7,837.10,486.38,55.32,113.47,0.9220,2,1,-1
111,8,691.91,651.79,64.77,124.38,0.8075,2,1,-1
111,10,645.48,453.83,42.84,104.23,0.7600,2,1,-1
111,11,1403.03,440.12,84.26,95.92,0.9300,2,1,-1
111,13,1295.21,412.19,60.23,76.92,0.8389,2,1,-1
111,15,1356.69,357.90,44.30,76.73,0.8777,2,2,-1
111,21,1324.89,296.80,39.69,62.05,0.5065,3,0,-1
111,22,1189.08,436.42,36.23,75.77,0.8520,2,2,-1
111,24,1014.15,429.29,37.23,102.79,0.9056,2,2,-1
111,49,1252.25,520.32,51.65,112.21,0.9035,2,2,-1
111,53,1157.11,572.88,50.82,120.72,0.9382,2,2,-1
111,55,1145.70,496.26,44.18,86.68,0.8419,2,1,-1
111,66,1662.35,461.36,57.32,93.55,0.7186,2,-1,-1
111,0,1457.98,517.46,16.61,16.12,1.0,0,-1,-1
112,2,426.43,538.32,50.54,104.07,0.9132,2,1,-1
112,4,1079.97,613.69,73.39,126.71,0.9111,3,0,-1
112,5,683.19,465.29,37.64,109.54,0.8946,2,1,-1
112,7,827.71,485.15,49.31,113.06,0.9196,2,1,-1
112,8,686.29,649.86,61.60,124.73,0.9311,2,1,-1
112,10,637.27,452.17,42.54,105.27,0.7298,2,1,-1
112,11,1398.90,438.12,73.38,96.45,0.9197,2,1,-1
112,13,1293.33,410.50,55.36,77.17,0.8807,2,1,-1
112,15,1343.32,357.61,49.53,79.07,0.8932,2,2,-1
112,21,1311.19,295.18,38.50,64.38,0.7854,3,0,-1
112,22,1183.26,437.52,34.31,70.34,0.8848,2,2,-1
112,24,998.29,428.75,40.57,101.84,0.9103,2,2,-1
112,36,1133.05,512.71,46.06,70.27,0.8012,2,2,-1
112,49,1240.04,519.65,49.97,107.21,0.9098,2,2,-1
112,53,1145.89,571.94,49.78,117.16,0.8960,2,2,-1
112,66,1632.05,458.67,56.44,96.86,0.8108,2,-1,-1
112,67,607.47,522.08,44.75,59.78,0.5465,2,-1,-1
112,0,1446.31,515.58,18.30,17.15,1.0,0,-1,-1
113,2,419.39,537.43,47.98,103.70,0.9167,2,1,-1
113,3,1234.10,519.72,41.53,90.07,0.9170,2,2,-1
113,4,1084.73,614.23,61.51,125.07,0.8889,3,0,-1
113,5,668.84,465.65,39.36,105.91,0.8845,2,1,-1
113,7,819.19,484.45,41.29,112.13,0.9260,2,1,-1
113,8,677.45,647.20,59.72,126.98,0.9419,2,1,-1
113,11,1395.97,434.43,60.03,98.01,0.9201,2,1,-1
113,12,616.53,466.32,28.23,64.66,0.7649,2,1,-1
113,13,1297.43,409.11,50.72,76.91,0.8971,2,1,-1
113,15,1345.92,358.05,36.25,55.11,0.8840,2,2,-1
113,21,1296.35,295.61,37.46,64.19,0.8834,3,0,-1
113,22,1177.32,439.60,32.34,66.01,0.8855,2,2,-1
113,24,983.27,429.20,48.50,101.26,0.9179,2,2,-1
113,53,1131.93,571.79,48.86,114.59,0.5715,2,2,-1
113,55,1123.62,487.80,54.07,94.50,0.7526,2,1,-1
113,66,1600.28,456.27,57.96,97.29,0.8109,2,-1,-1
113,68,1862.91,678.88,53.82,130.07,0.8909,2,-1,-1
113,0,1435.10,513.49,17.14,15.70,1.0,0,-1,-1
114,2,409.01,536.36,46.94,104.52,0.9249,2,1,-1
114,3,1223.20,519.94,38.86,88.46,0.9140,2,2,-1
114,4,1074.88,612.55,62.96,122.06,0.9237,3,0,-1
114,5,656.75,467.06,41.84,107.56,0.8939,2,1,-1
114,7,811.27,483.12,36.54,112.43,0.9025,2,1,-1
114,8,667.05,646.78,62.92,130.94,0.9334,2,1,-1
114,11,1386.35,430.82,51.77,101.10,0.9268,2,1,-1
114,12,582.57,464.98,54.22,113.84,0.8766,2,1,-1
114,13,1287.86,408.13,52.52,74.58,0.8963,2,1,-1
114,15,1338.30,358.31,36.46,60.88,0.8735,2,2,-1
114,21,1282.25,296.40,36.74,62.79,0.6907,3,0,-1
114,22,1169.86,441.73,32.85,69.63,0.8745,2,2,-1
114,24,967.48,428.18,55.57,101.23,0.9246,2,2,-1
114,53,1128.91,571.30,35.12,81.20,0.6608,2,2,-1
114,55,1113.17,485.42,58.24,93.57,0.7549,2,1,-1
114,66,1574.63,454.43,57.67,93.91,0.8831,2,2,-1
114,68,1851.70,669.52,65.64,137.38,0.8997,2,-1,-1
114,0,1564.08,529.02,20.33,17.33,1.0,0,-1,-1
115,2,397.88,535.16,48.44,109.73,0.9271,2,1,-1
115,3,1212.61,518.70,35.77,87.19,0.9108,2,2,-1
115,4,1064.09,623.62,70.79,108.68,0.9252,3,0,-1
115,5,645.12,467.88,42.25,106.64,0.8926,2,1,-1
115,7,803.51,482.81,32.95,111.34,0.9099,2,1,-1
115,8,656.09,646.82,68.29,134.07,0.9388,2,1,-1
115,11,1378.01,427.22,46.80,102.01,0.9144,2,1,-1
115,13,1280.30,409.62,57.27,73.06,0.9150,2,1,-1
115,14,1208.06,600.61,16.97,24.57,0.7267,2,2,-1
115,15,1334.56,359.18,30.54,60.56,0.8904,2,2,-1
115,21,1267.96,297.05,37.35,62.01,0.9027,3,0,-1
115,22,1163.99,442.73,34.86,76.93,0.7408,2,2,-1
115,24,952.07,428.15,58.62,100.70,0.9244,2,-1,-1
115,35,597.71,465.96,27.95,67.18,0.8207,2,2,-1
115,53,1114.53,570.12,34.57,78.41,0.5303,2,2,-1
115,55,1100.71,485.11,52.30,85.98,0.6043,2,1,-1
115,66,1555.29,452.62,54.64,91.78,0.8176,2,2,-1
115,68,1838.13,669.92,75.26,134.18,0.8605,2,-1,-1
115,0,1413.65,509.01,16.78,14.64,1.0,0,-1,-1
116,2,387.54,534.59,49.29,110.74,0.9322,2,1,-1
116,4,1053.60,616.53,80.67,114.89,0.9157,3,0,-1
116,5,633.41,468.50,43.13,105.61,0.8952,2,1,-1
116,7,791.38,482.32,32.61,111.30,0.9133,2,1,-1
116,8,650.32,647.89,71.95,134.10,0.9308,2,1,-1
116,11,1372.15,424.94,41.46,101.86,0.9212,2,1,-1
116,13,1273.97,410.17,63.63,74.29,0.9190,2,1,-1
116,15,1326.76,359.36,30.05,60.99,0.8499,2,2,-1
116,24,938.09,428.29,58.59,99.63,0.9225,2,1,-1
116,35,586.96,467.46,28.51,71.99,0.7739,2,2,-1
116,49,1192.98,515.15,42.16,97.00,0.8791,2,2,-1
116,55,1088.76,483.57,48.37,98.46,0.8395,2,1,-1
116,63,1161.34,452.18,45.66,96.54,0.8377,2,1,-1
116,66,1533.10,451.78,63.50,90.13,0.9087,2,2,-1
116,68,1857.30,670.65,53.38,96.95,0.8943,2,2,-1
116,0,1402.99,507.66,16.24,15.51,1.0,0,-1,-1
117,2,377.72,535.27,50.43,109.16,0.9337,2,1,-1
117,3,1191.30,512.84,33.16,84.48,0.8630,2,2,-1
117,4,1049.10,612.59,85.34,117.64,0.8826,3,0,-1
117,5,620.87,468.70,42.61,104.71,0.8848,2,1,-1
117,7,776.33,482.78,35.70,110.86,0.9191,2,1,-1
117,8,644.78,650.78,69.17,133.81,0.9245,2,1,-1
117,11,1358.46,424.30,42.59,102.07,0.9259,2,1,-1
117,13,1276.16,409.59,57.03,76.23,0.8977,2,1,-1
117,15,1320.38,359.66,27.74,54.44,0.8486,2,2,-1
117,21,1240.59,300.90,34.91,58.74,0.6336,3,0,-1
117,24,925.44,428.49,55.85,98.99,0.9218,2,1,-1
117,35,577.94,468.75,26.45,67.13,0.6680,2,2,-1
117,36,1078.51,516.91,39.14,63.87,0.7086,2,2,-1
117,48,1092.31,482.77,29.88,41.61,0.6831,2,2,-1
117,49,1181.57,589.06,16.95,32.63,0.6520,2,2,-1
117,63,1135.77,449.98,57.84,100.94,0.9004,2,1,-1
117,66,1506.27,449.92,57.47,88.17,0.8771,2,2,-1
117,68,1850.21,669.22,48.95,100.44,0.9258,2,2,-1
117,0,1392.35,508.03,16.29,15.67,1.0,0,-1,-1
118,2,368.24,536.58,49.29,110.12,0.9275,2,1,-1
118,3,1167.95,509.30,44.21,108.46,0.8400,2,2,-1
118,4,1046.07,605.26,89.63,125.26,0.8632,3,0,-1
118,5,607.83,467.85,42.71,106.46,0.8786,2,1,-1
118,7,761.47,483.49,42.24,109.78,0.9277,2,1,-1
118,8,643.40,653.56,61.70,128.58,0.9331,2,1,-1
118,11,1345.29,423.83,50.49,101.16,0.9261,2,1,-1
118,13,1282.67,407.99,52.39,76.82,0.8072,2,1,-1
118,15,1313.74,358.38,26.49,48.66,0.8492,2,2,-1
118,21,1226.49,302.51,32.57,57.68,0.7576,3,0,-1
118,24,915.03,427.96,52.50,99.07,0.9245,2,1,-1
118,35,566.06,468.31,27.73,71.65,0.7049,2,2,-1
118,36,1066.09,516.30,36.42,59.02,0.7630,2,2,-1
118,48,1078.67,481.63,28.72,38.87,0.6691,2,2,-1
118,63,1118.83,440.04,55.70,100.48,0.7975,2,1,-1
118,66,1470.08,447.32,67.26,90.85,0.8964,2,2,-1
118,68,1839.28,667.08,47.55,98.66,0.8849,2,2,-1
119,2,359.79,539.51,45.82,107.20,0.9112,2,1,-1
119,3,1149.00,506.78,49.40,109.45,0.8517,2,2,-1
119,4,1062.64,605.87,65.10,126.59,0.9012,3,0,-1
119,5,590.22,467.35,45.03,108.48,0.8449,2,1,-1
119,7,746.13,483.14,51.22,109.48,0.9260,2,1,-1
119,8,646.07,653.84,54.39,128.22,0.9058,2,1,-1
119,11,1333.39,424.84,55.99,98.79,0.9280,2,1,-1
119,13,1278.56,406.93,50.25,74.11,0.8722,2,1,-1
119,15,1306.08,357.83,25.79,46.17,0.8434,2,2,-1
119,21,1213.49,303.29,31.47,56.68,0.6832,3,0,-1
119,22,1113.77,438.67,48.23,87.38,0.8351,2,2,-1
119,24,905.53,427.13,47.53,98.47,0.9073,2,1,-1
119,35,553.29,467.63,27.97,72.39,0.6231,2,2,-1
119,36,1049.71,515.62,38.46,59.29,0.8263,2,2,-1
119,48,1065.39,481.01,28.71,38.56,0.6753,2,2,-1
119,66,1447.15,444.93,69.66,93.61,0.9156,2,2,-1
119,68,1809.19,663.35,66.20,125.30,0.9269,2,2,-1
120,2,351.63,541.55,42.14,105.07,0.9110,2,1,-1
120,3,1132.73,503.63,54.17,112.59,0.8819,2,2,-1
120,4,1041.50,607.57,70.98,124.48,0.8868,3,0,-1
120,5,579.20,467.09,41.90,109.36,0.8815,2,1,-1
120,7,729.18,484.11,59.51,107.86,0.9315,2,1,-1
120,8,643.37,652.59,52.21,129.10,0.9311,2,1,-1
120,10,532.81,463.90,42.29,111.51,0.7811,2,1,-1
120,11,1326.25,426.74,51.78,96.28,0.9308,2,1,-1
120,13,1267.75,404.93,55.53,73.48,0.9176,2,1,-1
120,15,1297.41,358.61,26.71,47.51,0.8471,2,2,-1
120,21,1197.99,302.17,31.39,58.50,0.7045,3,0,-1
120,22,1108.58,438.84,45.30,77.52,0.8413,2,2,-1
120,24,897.32,427.10,42.09,97.29,0.8895,2,1,-1
120,55,1035.20,480.39,46.39,93.93,0.8445,2,1,-1
120,66,1428.02,442.29,66.65,92.29,0.9242,2,2,-1
120,68,1790.56,659.76,76.15,132.60,0.9371,2,2,-1
120,0,1784.14,770.65,21.09,19.87,1.0,0,-1,-1
121,2,342.81,542.27,40.25,104.76,0.9090,2,1,-1
121,3,1120.32,504.16,56.14,110.45,0.9147,2,2,-1
121,4,1046.36,608.57,69.24,122.39,0.8752,3,0,-1
121,5,566.86,468.39,39.93,108.48,0.8642,2,1,-1
121,7,713.45,484.54,63.99,107.50,0.9318,2,1,-1
121,8,632.28,651.49,58.93,129.07,0.9304,2,1,-1
121,9,890.32,456.26,30.03,68.72,0.8772,2,1,-1
121,10,521.58,462.35,40.88,109.88,0.6764,2,1,-1
121,11,1316.20,428.93,43.13,88.93,0.8568,2,1,-1
121,13,1261.71,404.45,58.56,74.87,0.8363,2,1,-1
121,15,1288.21,359.30,28.51,52.09,0.8580,2,2,-1
121,21,1183.81,300.51,31.55,60.38,0.7341,3,0,-1
121,22,1108.59,439.38,38.70,72.10,0.8358,2,2,-1
121,55,1023.11,482.05,46.01,92.48,0.7936,2,1,-1
121,66,1408.25,441.64,63.53,91.07,0.9055,2,2,-1
121,68,1777.99,657.71,82.87,133.23,0.9376,2,2,-1
121,0,1420.38,516.25,18.46,16.81,1.0,0,-1,-1
122,1,1028.14,484.85,27.20,53.45,0.7380,2,1,-1
122,2,332.90,541.32,40.00,105.43,0.9250,2,1,-1
122,3,1109.26,504.39,55.12,109.90,0.8619,2,2,-1
122,4,1049.54,606.92,64.33,123.04,0.9300,3,0,-1
122,5,554.71,473.47,38.12,105.14,0.8118,2,1,-1
122,6,886.61,427.82,26.18,40.32,0.5478,2,1,-1
122,7,697.31,484.47,63.58,108.15,0.9321,2,1,-1
122,8,618.35,650.75,65.98,128.30,0.9424,2,1,-1
122,9,876.30,457.07,30.58,68.77,0.8846,2,1,-1
122,10,513.17,460.77,39.30,112.54,0.7752,2,1,-1
122,11,1304.29,430.16,46.25,91.85,0.9038,2,1,-1
122,13,1269.85,406.36,45.93,59.61,0.5174,2,1,-1
122,15,1282.52,359.84,28.47,56.10,0.8512,2,2,-1
122,21,1169.09,299.78,32.68,61.60,0.8226,3,0,-1
122,22,1102.81,440.96,36.37,69.37,0.8075,2,2,-1
122,66,1387.97,440.87,61.44,89.07,0.9064,2,2,-1
122,68,1766.37,658.76,88.90,129.25,0.9338,2,2,-1
123,1,1015.69,486.06,28.13,52.26,0.7736,2,1,-1
123,2,319.10,539.96,43.02,107.34,0.9296,2,1,-1
123,4,1040.11,604.53,67.02,125.09,0.7057,3,0,-1
123,7,682.97,484.59,64.58,108.47,0.9312,2,1,-1
123,8,604.87,651.46,73.80,134.53,0.9450,2,1,-1
123,9,861.51,459.29,34.12,66.76,0.8582,2,1,-1
123,10,496.38,460.48,44.18,113.29,0.8222,2,1,-1
123,11,1294.35,430.07,45.60,92.82,0.8795,2,1,-1
123,13,1277.64,407.49,37.16,50.11,0.5380,2,1,-1
123,15,1276.15,361.05,27.15,54.81,0.8502,2,2,-1
123,21,1154.60,299.92,34.81,61.72,0.8691,3,0,-1
123,53,996.29,568.98,41.78,108.86,0.7308,2,2,-1
123,63,1088.17,455.10,48.68,96.51,0.8376,2,1,-1
123,66,1370.90,440.39,57.16,82.89,0.8326,2,2,-1
123,68,1757.62,659.33,88.68,129.76,0.9362,2,2,-1
123,0,1343.82,500.33,15.01,16.25,1.0,0,-1,-1
124,1,1003.83,486.01,26.73,47.86,0.6380,2,1,-1
124,2,303.40,539.44,46.74,109.99,0.9308,2,1,-1
124,4,1024.56,600.80,82.72,129.56,0.9384,3,0,-1
124,7,669.92,484.98,61.86,108.66,0.9308,2,1,-1
124,8,594.08,653.23,79.41,137.25,0.9479,2,1,-1
124,10,477.87,461.63,53.84,110.57,0.8994,2,1,-1
124,11,1285.69,430.34,45.74,91.87,0.9044,2,1,-1
124,15,1266.46,361.12,28.37,58.22,0.8797,2,2,-1
124,21,1140.14,300.15,36.72,61.56,0.8865,3,0,-1
124,24,842.25,427.59,49.15,99.32,0.9063,2,1,-1
124,53,981.81,576.81,41.44,101.94,0.8130,2,2,-1
124,63,1077.30,439.97,50.32,111.26,0.8888,2,1,-1
124,66,1347.96,439.76,61.70,84.18,0.8823,2,2,-1
124,68,1755.54,660.32,85.89,127.84,0.8880,2,2,-1
125,1,990.24,484.85,30.61,52.50,0.8446,2,1,-1
125,2,285.74,539.72,53.16,111.16,0.9290,2,1,-1
125,4,1015.59,600.71,85.41,124.85,0.9377,3,0,-1
125,7,657.09,484.39,57.39,108.63,0.9295,2,1,-1
125,8,584.61,655.39,80.60,138.03,0.9347,2,1,-1
125,10,466.46,463.09,51.47,104.95,0.8192,2,1,-1
125,11,1265.51,430.68,52.86,90.41,0.8850,2,1,-1
125,15,1260.72,360.75,28.24,55.22,0.7877,2,2,-1
125,21,1126.14,301.67,35.44,59.38,0.7869,3,0,-1
125,24,827.23,429.53,51.88,96.88,0.8988,2,1,-1
125,36,981.30,540.75,35.50,54.19,0.6476,2,2,-1
125,53,966.75,595.64,43.28,82.12,0.8563,2,2,-1
125,63,1065.87,437.17,51.88,109.88,0.8975,2,1,-1
125,66,1334.52,439.04,51.26,71.51,0.8563,2,2,-1
125,68,1755.49,660.95,83.98,127.54,0.8511,2,2,-1
125,0,1351.80,493.05,15.28,17.16,1.0,0,-1,-1
126,2,269.43,541.41,58.21,111.58,0.9339,2,1,-1
126,3,1077.01,504.96,45.44,104.96,0.8332,2,2,-1
126,4,1008.07,600.15,90.00,126.77,0.9242,3,0,-1
126,7,645.36,484.10,50.83,108.94,0.9226,2,1,-1
126,8,579.08,659.89,72.66,133.39,0.9263,2,1,-1
126,11,1253.16,428.47,51.29,91.92,0.8664,2,1,-1
126,15,1237.46,359.72,42.42,72.39,0.8786,2,2,-1
126,21,1113.49,303.74,33.74,58.19,0.8260,3,0,-1
126,22,1068.94,434.68,38.61,75.10,0.5814,2,2,-1
126,24,811.18,433.19,52.87,94.07,0.9003,2,1,-1
126,53,946.12,569.49,53.45,107.29,0.9090,2,2,-1
126,55,974.80,482.80,34.58,72.08,0.6804,2,1,-1
126,66,1311.34,438.59,55.27,73.35,0.8945,2,2,-1
126,68,1761.29,658.79,68.30,105.56,0.9092,2,2,-1
126,0,1358.74,491.67,15.12,14.83,1.0,0,-1,-1
127,2,258.24,544.31,55.57,111.64,0.8979,2,1,-1
127,3,1065.60,518.65,39.11,90.14,0.5211,2,2,-1
127,4,1004.37,599.37,86.19,128.81,0.9169,3,0,-1
127,7,636.04,483.90,43.36,108.71,0.9244,2,1,-1
127,8,578.72,664.17,70.12,130.51,0.8690,2,1,-1
127,9,798.37,463.44,46.88,63.95,0.8980,2,1,-1
127,11,1241.76,426.60,47.92,92.59,0.8561,2,1,-1
127,15,1234.43,359.79,34.26,52.53,0.7493,2,2,-1
127,21,1101.73,303.60,31.31,57.85,0.8224,3,0,-1
127,22,1053.39,432.50,44.60,83.38,0.7038,2,2,-1
127,44,459.58,466.89,34.48,88.00,0.5827,2,-1,-1
127,53,930.86,566.40,57.41,111.69,0.9009,2,2,-1
127,55,953.25,481.54,43.79,100.37,0.8939,2,1,-1
127,66,1299.51,438.47,46.51,67.05,0.8890,2,2,-1
127,68,1743.16,654.51,74.09,130.62,0.9144,2,2,-1
127,0,1363.26,491.59,14.63,13.06,1.0,0,-1,-1
128,2,254.32,547.27,48.15,109.50,0.8975,2,1,-1
128,4,1001.35,602.36,81.62,127.15,0.8674,3,0,-1
128,5,477.36,451.76,34.18,97.74,0.7131,2,1,-1
128,7,626.83,483.46,37.46,108.84,0.9225,2,1,-1
128,8,586.35,668.33,63.14,126.88,0.9095,2,1,-1
128,9,785.45,464.77,46.00,62.79,0.8919,2,1,-1
128,11,1233.77,423.05,48.77,94.94,0.8723,2,1,-1
128,15,1234.64,360.64,32.64,55.87,0.8770,2,2,-1
128,21,1091.71,302.72,29.95,58.53,0.7890,3,0,-1
128,22,1047.39,431.58,41.53,78.95,0.7530,2,2,-1
128,53,916.99,565.53,59.86,112.21,0.8981,2,2,-1
128,55,940.17,481.02,44.80,101.57,0.9020,2,-1,-1
128,66,1281.36,439.16,47.09,70.15,0.7980,2,2,-1
128,68,1730.63,651.65,81.19,130.54,0.9397,2,2,-1
128,0,1367.82,490.72,14.91,13.01,1.0,0,-1,-1
129,2,240.93,549.55,47.21,108.44,0.9095,2,1,-1
129,3,1037.84,521.32,42.88,84.62,0.7841,2,2,-1
129,4,1010.13,605.26,70.34,124.39,0.8968,3,0,-1
129,5,466.21,450.81,34.14,104.81,0.8634,2,1,-1
129,7,618.56,483.00,32.62,110.42,0.9203,2,1,-1
129,8,578.54,669.61,63.01,126.26,0.9177,2,1,-1
129,10,429.33,466.01,45.71,109.72,0.8103,2,1,-1
129,11,1222.28,421.87,43.65,95.02,0.9018,2,1,-1
129,15,1230.39,360.90,31.19,56.81,0.8524,2,2,-1
129,21,1078.72,300.51,30.53,60.27,0.6661,3,0,-1
129,22,1043.74,431.18,38.13,73.78,0.7546,2,-1,-1
129,24,775.65,432.10,46.46,95.55,0.8750,2,1,-1
129,53,900.60,564.85,58.99,112.58,0.9152,2,2,-1
129,55,927.90,481.46,45.29,101.30,0.8804,2,2,-1
129,68,1725.77,649.95,81.20,129.46,0.9381,2,2,-1
129,0,1371.53,488.13,15.86,14.73,1.0,0,-1,-1
130,2,230.34,550.57,47.53,106.62,0.9195,2,1,-1
130,3,1023.35,501.79,50.64,102.10,0.7944,2,2,-1
130,4,1017.70,602.17,62.33,126.39,0.9287,3,0,-1
130,5,453.17,450.84,34.37,103.28,0.8665,2,1,-1
130,7,605.48,483.36,33.17,111.00,0.9208,2,1,-1
130,8,566.96,669.64,67.93,126.67,0.9338,2,1,-1
130,10,416.71,464.63,44.16,105.83,0.6520,2,1,-1
130,11,1210.83,419.11,44.77,97.35,0.9009,2,1,-1
130,15,1226.87,362.37,28.65,56.41,0.8014,2,2,-1
130,21,1063.45,298.69,31.65,63.18,0.8149,3,0,-1
130,22,1038.14,431.88,32.70,64.36,0.7725,2,1,-1
130,24,767.98,431.34,41.78,96.12,0.9059,2,1,-1
130,53,888.13,568.60,54.45,106.95,0.8759,2,2,-1
130,55,917.33,483.79,42.84,98.55,0.8334,2,2,-1
130,68,1713.19,649.34,87.53,129.98,0.9321,2,2,-1
130,0,1375.41,485.02,14.75,15.19,1.0,0,-1,-1
131,2,215.51,550.52,48.60,106.73,0.9234,2,1,-1
131,4,1009.86,602.99,62.82,125.25,0.5877,3,0,-1
131,5,439.75,451.33,35.02,102.92,0.8608,2,1,-1
131,7,588.97,484.13,39.63,111.13,0.9232,2,1,-1
131,8,552.35,670.33,70.81,129.67,0.9408,2,1,-1
131,10,400.09,462.94,47.15,115.91,0.8599,2,1,-1
131,11,1197.91,417.30,48.30,98.94,0.9202,2,1,-1
131,15,1222.17,363.59,29.58,60.76,0.8605,2,2,-1
131,21,1049.81,297.28,32.58,65.02,0.8375,3,0,-1
131,22,1028.93,461.58,32.28,59.38,0.7875,2,1,-1
131,24,758.66,430.46,39.17,97.03,0.9104,2,1,-1
131,53,878.57,582.49,47.30,92.46,0.8423,2,2,-1
131,55,907.70,488.90,39.58,93.55,0.7258,2,2,-1
131,68,1731.46,650.36,66.41,102.55,0.7100,2,2,-1
131,0,1377.75,482.67,14.28,15.14,1.0,0,-1,-1
132,2,201.48,549.60,49.39,110.78,0.9281,2,1,-1
132,4,992.39,600.84,81.56,126.67,0.9437,3,0,-1
132,5,428.89,453.66,33.89,101.60,0.8653,2,1,-1
132,7,571.49,484.84,46.70,110.15,0.9387,2,1,-1
132,8,541.61,671.38,75.09,134.65,0.9415,2,1,-1
132,10,384.31,462.13,50.68,119.13,0.8271,2,1,-1
132,11,1184.58,417.12,49.45,98.79,0.9047,2,1,-1
132,15,1217.97,362.87,26.70,52.94,0.8022,2,2,-1
132,21,1034.67,298.56,33.71,63.13,0.8736,3,0,-1
132,22,1020.52,460.36,33.82,63.09,0.7631,2,1,-1
132,24,742.69,429.18,41.30,98.09,0.9157,2,1,-1
132,53,866.39,577.58,46.74,97.21,0.8098,2,2,-1
132,55,895.84,489.69,39.51,94.02,0.7136,2,2,-1
132,68,1734.63,652.04,49.79,94.52,0.8924,2,2,-1
132,72,1258.40,405.33,43.07,74.07,0.8855,2,-1,-1
132,0,1379.08,480.89,15.33,16.13,1.0,0,-1,-1
133,2,188.20,549.62,51.12,116.19,0.9310,2,1,-1
133,4,987.61,599.91,84.71,122.79,0.9431,3,0,-1
133,5,418.12,455.21,33.49,100.77,0.8224,2,1,-1
133,7,555.18,485.35,54.94,109.40,0.9271,2,1,-1
133,8,534.82,673.14,79.02,136.26,0.9504,2,1,-1
133,11,1170.20,418.02,50.68,97.90,0.9140,2,1,-1
133,12,378.81,463.19,44.45,100.75,0.6065,2,1,-1
133,15,1209.34,393.74,25.41,38.28,0.7338,2,2,-1
133,21,1021.41,298.56,35.10,63.19,0.8913,3,0,-1
133,22,1015.36,431.70,35.69,72.00,0.7876,2,1,-1
133,24,727.25,427.59,44.04,99.64,0.9138,2,1,-1
133,36,865.64,564.02,37.42,59.23,0.5803,2,2,-1
133,55,896.23,487.03,24.91,52.85,0.6567,2,2,-1
133,68,1727.66,653.41,47.34,95.03,0.8973,2,2,-1
133,72,1252.57,405.51,43.24,74.99,0.8081,2,-1,-1
133,0,1381.86,480.20,15.39,16.41,1.0,0,-1,-1
134,2,177.20,551.16,51.64,115.51,0.9289,2,1,-1
134,4,1003.79,599.47,71.61,124.16,0.9272,3,0,-1
134,5,406.61,457.07,34.22,101.26,0.7970,2,1,-1
134,7,538.62,486.24,61.90,108.65,0.9323,2,1,-1
134,8,526.76,677.02,75.60,134.84,0.9303,2,1,-1
134,11,1153.75,419.08,53.28,96.76,0.9172,2,1,-1
134,15,1192.12,364.30,41.15,56.45,0.7797,2,2,-1
134,20,368.97,508.56,43.77,84.10,0.6163,2,1,-1
134,21,1009.70,299.58,34.03,61.69,0.6545,3,0,-1
134,22,1007.82,429.28,37.65,81.20,0.7794,2,1,-1
134,24,712.75,426.83,47.99,101.23,0.9230,2,1,-1
134,36,850.38,602.08,36.52,69.70,0.7485,2,2,-1
134,55,876.48,494.91,40.55,91.40,0.7253,2,2,-1
134,68,1721.03,653.21,55.99,112.05,0.5974,2,2,-1
134,72,1253.41,405.68,38.10,76.73,0.8634,2,-1,-1
134,0,1383.49,477.52,14.81,15.81,1.0,0,-1,-1
135,2,167.64,552.96,50.00,115.82,0.9231,2,1,-1
135,3,973.96,505.23,42.23,98.77,0.7838,2,2,-1
135,4,983.51,599.93,85.61,126.85,0.9286,3,0,-1
135,5,400.34,458.31,26.79,74.15,0.6770,2,1,-1
135,7,522.24,487.55,65.59,108.59,0.9369,2,1,-1
135,8,529.45,680.03,69.66,132.73,0.9022,2,1,-1
135,11,1140.20,419.44,54.22,96.14,0.9212,2,1,-1
135,12,369.51,466.39,32.30,78.94,0.7842,2,1,-1
135,15,1193.09,362.73,39.89,60.94,0.8402,2,2,-1
135,21,998.55,301.84,31.82,60.31,0.7925,3,0,-1
135,22,1001.27,427.54,37.28,88.20,0.7936,2,1,-1
135,24,699.07,426.66,52.02,101.35,0.9234,2,1,-1
135,36,842.24,606.13,30.85,68.29,0.8323,2,2,-1
135,55,866.65,484.73,37.86,101.32,0.8868,2,2,-1
135,68,1700.67,651.22,73.44,121.32,0.9188,2,2,-1
135,72,1254.24,406.40,37.59,76.44,0.9066,2,1,-1
135,0,1384.93,474.55,15.14,15.64,1.0,0,-1,-1
136,2,159.54,557.08,46.32,113.36,0.9150,2,1,-1
136,3,964.27,499.48,43.11,104.23,0.8012,2,2,-1
136,4,985.76,601.09,81.78,125.94,0.9113,3,0,-1
136,5,387.68,457.80,34.90,90.34,0.8151,2,1,-1
136,7,508.08,487.89,65.53,108.80,0.9369,2,1,-1
136,8,537.34,683.15,59.47,131.20,0.9097,2,1,-1
136,11,1130.67,419.31,52.66,96.15,0.9170,2,1,-1
136,15,1196.34,363.50,29.97,54.17,0.8457,2,2,-1
136,21,987.36,303.10,29.61,59.38,0.8552,3,0,-1
136,22,996.03,426.53,31.08,77.75,0.7229,2,1,-1
136,24,686.81,428.13,51.87,100.15,0.9229,2,1,-1
136,36,829.31,604.37,31.87,70.28,0.8227,2,2,-1
136,44,349.79,506.23,31.52,87.35,0.7442,2,-1,-1
136,55,854.56,483.24,37.38,106.35,0.8687,2,2,-1
136,68,1690.37,649.99,83.57,122.65,0.9349,2,2,-1
136,72,1247.10,406.30,45.63,73.70,0.9196,2,1,-1
136,0,1387.84,473.14,14.08,14.09,1.0,0,-1,-1
137,2,152.12,559.73,42.71,111.10,0.9201,2,1,-1
137,3,952.37,494.28,46.50,109.57,0.8701,2,2,-1
137,4,992.81,603.07,78.35,123.63,0.8906,3,0,-1
137,5,375.51,456.01,39.31,96.29,0.8512,2,1,-1
137,7,496.31,488.38,64.09,108.27,0.9362,2,1,-1
137,8,535.28,682.72,57.89,131.49,0.9316,2,1,-1
137,11,1122.05,417.75,50.15,97.82,0.9161,2,1,-1
137,15,1195.25,365.35,30.95,59.82,0.8195,2,2,-1
137,21,975.91,302.63,28.87,59.87,0.7967,3,0,-1
137,22,991.69,426.13,22.56,53.25,0.7022,2,1,-1
137,24,676.31,430.04,50.34,98.16,0.9206,2,1,-1
137,53,814.55,574.03,43.12,101.80,0.8945,2,2,-1
137,55,844.15,483.68,36.41,106.17,0.8636,2,2,-1
137,67,337.38,559.40,26.71,38.06,0.5735,2,-1,-1
137,68,1684.99,648.84,87.07,122.45,0.9258,2,2,-1
137,72,1243.23,405.56,55.94,74.57,0.9171,2,1,-1
137,0,1389.61,472.78,14.33,14.20,1.0,0,-1,-1
138,2,147.24,562.49,38.84,109.01,0.9130,2,1,-1
138,3,939.68,492.01,50.38,110.79,0.8665,2,2,-1
138,4,1004.56,603.56,66.89,123.26,0.9245,3,0,-1
138,5,364.41,455.54,45.67,98.12,0.8814,2,1,-1
138,7,484.58,487.70,61.26,108.97,0.9335,2,1,-1
138,8,524.53,681.90,67.97,132.50,0.9436,2,1,-1
138,10,319.75,499.89,40.42,99.66,0.7712,2,1,-1
138,11,1113.23,415.61,44.22,99.65,0.9114,2,1,-1
138,15,1193.44,366.13,26.95,50.95,0.7105,2,2,-1
138,21,966.39,301.77,29.17,61.30,0.7622,3,0,-1
138,22,983.31,427.01,26.45,62.76,0.7513,2,1,-1
138,24,667.82,431.21,48.15,97.17,0.9115,2,1,-1
138,53,799.86,563.74,50.54,112.05,0.9117,2,2,-1
138,55,833.79,483.84,36.52,105.42,0.8926,2,2,-1
138,66,1153.47,436.62,34.78,46.67,0.8000,2,2,-1
138,68,1703.42,648.44,70.81,122.68,0.8767,2,2,-1
138,72,1241.80,406.24,59.93,77.42,0.9110,2,1,-1
138,0,1391.83,470.82,14.19,14.53,1.0,0,-1,-1
139,2,134.96,562.60,42.95,109.30,0.9295,2,1,-1
139,4,998.29,601.50,68.28,125.02,0.5545,3,0,-1
139,5,352.93,455.12,48.88,101.40,0.8740,2,1,-1
139,7,476.15,487.99,56.01,108.47,0.9237,2,1,-1
139,8,514.13,681.93,77.28,132.85,0.9387,2,1,-1
139,9,663.03,465.64,42.29,63.43,0.8461,2,1,-1
139,10,308.14,506.80,37.88,94.05,0.8133,2,1,-1
139,11,1104.72,414.21,42.73,100.09,0.9046,2,1,-1
139,15,1185.36,365.25,35.68,69.94,0.7599,2,2,-1
139,21,954.10,300.38,30.70,62.87,0.8334,3,0,-1
139,22,983.60,428.26,22.22,47.64,0.7454,2,1,-1
139,53,786.85,564.96,56.47,111.25,0.9165,2,2,-1
139,55,826.31,495.06,32.64,95.25,0.8173,2,2,-1
139,63,969.81,466.57,37.17,90.99,0.8553,2,1,-1
139,66,1145.03,430.71,38.73,47.97,0.8098,2,2,-1
139,68,1710.33,651.03,56.89,121.09,0.8701,2,2,-1
139,72,1250.96,406.83,50.45,75.72,0.8485,2,1,-1
139,0,1392.23,467.57,14.86,14.37,1.0,0,-1,-1
140,2,119.60,561.77,50.59,111.23,0.9243,2,1,-1
140,3,926.91,493.12,48.37,106.54,0.5571,2,2,-1
140,4,987.12,598.07,82.25,128.95,0.9485,3,0,-1
140,5,340.00,455.54,48.57,100.80,0.8164,2,1,-1
140,7,469.47,487.09,47.76,109.44,0.9221,2,1,-1
140,8,505.88,682.99,84.38,134.13,0.9449,2,1,-1
140,11,1093.79,413.67,41.71,100.86,0.8987,2,1,-1
140,15,1173.91,365.79,43.21,77.88,0.8604,2,2,-1
140,21,942.45,298.80,32.93,65.20,0.8484,3,0,-1
140,22,970.68,428.87,35.01,72.27,0.7645,2,1,-1
140,24,658.32,432.47,43.50,96.41,0.9069,2,1,-1
140,44,295.32,493.02,39.10,109.45,0.8758,2,-1,-1
140,53,772.41,564.84,60.47,112.02,0.9183,2,2,-1
140,55,817.07,488.00,32.70,102.54,0.8043,2,2,-1
140,66,1127.93,427.72,48.15,62.06,0.8269,2,2,-1
140,68,1708.06,651.65,56.27,117.35,0.7782,2,2,-1
140,72,1260.32,407.42,41.76,74.07,0.8970,2,1,-1
140,0,1393.23,465.38,14.82,13.82,1.0,0,-1,-1
141,2,104.47,560.46,56.89,115.03,0.9374,2,1,-1
141,3,927.59,494.99,37.18,80.78,0.6329,2,2,-1
141,4,984.20,595.59,87.71,123.30,0.9526,3,0,-1
141,5,344.88,456.69,38.12,97.46,0.8695,2,1,-1
141,7,462.93,487.15,41.68,109.44,0.9158,2,1,-1
141,8,499.45,684.69,89.99,139.39,0.9334,2,1,-1
141,11,1083.62,413.62,40.55,100.10,0.9052,2,1,-1
141,12,311.01,464.27,31.52,70.49,0.8411,2,1,-1
141,15,1168.31,364.82,50.15,79.29,0.9113,2,2,-1
141,21,931.62,298.24,34.13,65.05,0.8062,3,0,-1
141,22,969.16,427.18,34.50,66.31,0.7056,2,1,-1
141,24,646.35,431.13,44.98,97.87,0.9159,2,1,-1
141,44,283.48,496.59,38.77,107.56,0.8491,2,1,-1
141,53,759.97,563.03,62.50,113.39,0.9206,2,2,-1
141,55,808.33,490.09,30.68,97.76,0.7830,2,2,-1
141,66,1117.65,422.97,44.15,69.68,0.8204,2,2,-1
141,68,1714.27,652.19,43.87,88.36,0.5814,2,2,-1
141,72,1253.28,406.42,47.28,73.24,0.9145,2,1,-1
141,0,1394.33,464.09,14.07,13.29,1.0,0,-1,-1
142,2,91.81,561.16,62.37,116.81,0.9331,2,1,-1
142,3,914.82,495.73,43.42,90.30,0.7828,2,2,-1
142,4,980.38,594.22,94.04,125.21,0.9396,3,0,-1
142,5,330.89,457.54,41.15,97.76,0.8470,2,1,-1
142,7,458.59,487.03,36.53,109.58,0.9158,2,1,-1
142,8,497.90,687.12,88.18,140.28,0.9183,2,1,-1
142,11,1071.32,413.95,41.81,100.17,0.9191,2,1,-1
142,12,301.19,464.56,30.68,70.31,0.8350,2,1,-1
142,15,1167.78,365.25,51.55,81.66,0.8975,2,2,-1
142,21,920.01,299.26,34.19,63.89,0.7533,3,0,-1
142,24,633.09,430.80,45.27,98.86,0.9212,2,1,-1
142,44,272.48,494.55,39.38,110.62,0.8391,2,1,-1
142,53,748.34,561.32,63.24,114.55,0.8912,2,2,-1
142,55,798.39,489.77,31.98,96.37,0.8902,2,2,-1
142,63,953.07,466.33,40.13,92.19,0.8021,2,1,-1
142,66,1106.12,418.37,50.87,76.69,0.8632,2,2,-1
142,72,1250.19,405.57,54.81,72.16,0.9229,2,1,-1
142,0,1394.68,462.36,14.55,14.66,1.0,0,-1,-1
143,2,81.25,562.88,64.25,116.92,0.9317,2,1,-1
143,3,905.10,495.59,45.20,103.17,0.8494,2,2,-1
143,4,988.85,594.11,83.58,126.42,0.9176,3,0,-1
143,5,326.49,457.49,40.65,97.01,0.9132,2,1,-1
143,7,449.47,487.68,36.85,110.31,0.9222,2,1,-1
143,8,501.86,691.93,81.35,134.24,0.9186,2,1,-1
143,11,1058.48,414.71,45.54,99.64,0.9318,2,1,-1
143,12,286.48,466.22,44.07,104.85,0.5969,2,1,-1
143,15,1170.86,366.55,46.36,83.66,0.8206,2,2,-1
143,21,909.48,300.66,33.75,62.76,0.8334,3,0,-1
143,22,953.06,422.26,40.22,68.64,0.8203,2,1,-1
143,24,620.71,429.67,48.28,101.15,0.9246,2,1,-1
143,44,260.29,494.82,39.41,111.13,0.8967,2,1,-1
143,49,743.31,591.30,55.94,84.27,0.8692,2,2,-1
143,55,789.25,489.32,31.66,94.09,0.8555,2,2,-1
143,63,949.77,477.23,38.66,80.49,0.6859,2,1,-1
143,66,1097.58,419.62,51.58,76.06,0.8882,2,2,-1
143,72,1249.70,405.29,61.90,74.66,0.9176,2,1,-1
143,0,1395.02,462.40,15.23,15.00,1.0,0,-1,-1
144,2,72.99,566.23,61.96,116.31,0.9107,2,1,-1
144,3,897.38,492.65,44.83,107.86,0.8965,2,2,-1
144,4,994.60,595.17,74.27,127.02,0.9042,3,0,-1
144,5,313.38,456.77,47.16,98.40,0.9187,2,1,-1
144,7,437.38,488.48,40.64,109.99,0.9231,2,1,-1
144,8,511.42,695.35,75.92,132.28,0.9260,2,1,-1
144,11,1046.04,416.06,48.72,98.45,0.9258,2,1,-1
144,15,1178.82,367.50,28.71,58.69,0.8385,2,2,-1
144,21,901.21,303.11,32.20,60.68,0.8331,3,0,-1
144,22,945.69,420.65,43.78,77.08,0.8578,2,1,-1
144,24,610.22,428.62,53.44,102.11,0.9263,2,1,-1
144,35,285.56,467.89,30.97,81.70,0.7698,2,2,-1
144,44,251.26,495.44,37.91,110.47,0.8743,2,1,-1
144,49,733.67,588.34,52.56,86.64,0.8753,2,2,-1
144,55,780.32,487.80,34.02,98.83,0.9030,2,2,-1
144,63,965.34,525.45,18.55,34.51,0.7771,2,1,-1
144,66,1098.69,419.45,44.68,74.63,0.8654,2,2,-1
144,72,1257.62,405.40,49.35,74.16,0.8744,2,1,-1
144,0,1395.12,460.50,15.15,14.31,1.0,0,-1,-1
145,2,82.45,569.25,50.08,114.06,0.8665,2,1,-1
145,3,889.08,490.44,45.04,108.94,0.8496,2,2,-1
145,4,1014.53,596.20,52.97,125.08,0.9284,3,0,-1
145,5,300.96,464.14,50.05,92.26,0.9076,2,1,-1
145,7,424.41,489.65,46.15,109.27,0.9216,2,1,-1
145,8,521.77,695.87,70.28,133.43,0.9158,2,1,-1
145,11,1034.28,416.95,51.79,96.67,0.9268,2,1,-1
145,15,1180.00,368.12,24.41,48.98,0.5673,2,2,-1
145,21,893.29,303.20,30.81,60.20,0.8146,3,0,-1
145,22,939.42,420.16,45.80,85.41,0.8515,2,1,-1
145,24,600.73,428.68,55.94,101.93,0.9244,2,1,-1
145,35,279.12,470.05,28.92,79.75,0.6983,2,2,-1
145,44,241.16,495.03,37.65,111.36,0.8857,2,1,-1
145,53,724.88,563.25,52.46,110.11,0.7947,2,2,-1
145,55,768.51,486.76,36.60,103.43,0.9048,2,2,-1
145,66,1094.45,418.22,39.81,66.18,0.8281,2,2,-1
145,72,1271.41,404.50,34.99,74.14,0.9025,2,1,-1
145,77,1692.55,645.26,87.44,118.72,0.8685,2,-1,-1
145,0,1396.30,458.76,14.90,14.23,1.0,0,-1,-1
146,2,73.15,570.48,45.35,112.70,0.9160,2,1,-1
146,3,880.90,488.61,47.34,104.50,0.8943,2,2,-1
146,4,1011.41,595.57,59.40,125.63,0.9360,3,0,-1
146,5,287.62,454.54,61.67,101.28,0.9205,2,1,-1
146,7,410.00,490.98,53.33,108.63,0.9266,2,1,-1
146,8,514.78,696.43,74.50,130.80,0.9317,2,1,-1
146,11,1024.86,416.68,50.24,97.15,0.9268,2,1,-1
146,13,939.47,420.95,38.54,67.51,0.8450,2,1,-1
146,21,884.07,303.22,31.24,60.42,0.8376,3,0,-1
146,22,924.56,465.96,47.58,89.80,0.6751,2,1,-1
146,24,591.93,431.00,52.72,99.96,0.9248,2,1,-1
146,35,272.58,471.20,24.49,63.97,0.8237,2,2,-1
146,44,228.40,494.49,39.68,113.81,0.9188,2,1,-1
146,53,722.22,559.40,43.55,113.75,0.8660,2,2,-1
146,55,759.22,486.41,38.84,105.56,0.9035,2,2,-1
146,66,1079.46,416.48,47.99,76.66,0.8927,2,2,-1
146,72,1267.00,402.83,40.88,74.14,0.9235,2,1,-1
146,77,1717.70,645.90,57.47,77.68,0.7893,2,-1,-1
146,78,1155.62,374.00,56.24,74.08,0.8623,2,-1,-1
146,0,1396.17,457.69,15.18,13.95,1.0,0,-1,-1
147,2,65.58,570.86,45.12,113.82,0.9317,2,1,-1
147,3,869.23,489.40,51.14,104.73,0.9216,2,2,-1
147,4,1002.37,592.69,72.59,127.53,0.9498,3,0,-1
147,5,285.97,454.27,63.14,101.96,0.9234,2,1,-1
147,7,396.88,492.24,61.10,107.80,0.9257,2,1,-1
147,8,507.25,696.29,78.51,132.99,0.9425,2,1,-1
147,11,1016.98,416.07,46.91,97.80,0.9206,2,1,-1
147,13,939.67,421.90,31.65,57.68,0.6402,2,1,-1
147,21,875.43,302.35,32.08,61.41,0.7658,3,0,-1
147,22,923.76,467.66,45.16,92.57,0.7791,2,1,-1
147,24,585.22,432.60,49.22,99.15,0.8781,2,1,-1
147,35,263.07,469.73,26.51,64.81,0.8776,2,2,-1
147,44,216.27,494.66,42.54,115.83,0.9072,2,1,-1
147,53,718.06,575.56,35.04,100.00,0.8223,2,2,-1
147,55,746.76,487.21,41.94,104.78,0.9101,2,2,-1
147,66,1070.11,421.19,46.61,72.47,0.8115,2,2,-1
147,72,1262.00,401.09,51.45,73.89,0.9286,2,1,-1
147,78,1155.13,366.96,55.69,77.99,0.9200,2,-1,-1
147,0,1396.44,456.70,15.15,14.10,1.0,0,-1,-1
148,2,55.50,570.65,48.33,116.34,0.9365,2,1,-1
148,3,858.79,489.38,53.23,101.72,0.9182,2,2,-1
148,4,999.09,590.97,80.06,122.91,0.9503,3,0,-1
148,5,267.61,455.16,72.10,104.30,0.8978,2,1,-1
148,7,383.19,494.03,65.40,106.51,0.9299,2,1,-1
148,8,500.81,696.74,82.58,136.65,0.9427,2,1,-1
148,11,1009.72,414.99,40.03,98.32,0.9167,2,1,-1
148,21,865.33,304.01,32.37,59.21,0.8605,3,0,-1
148,22,918.56,461.87,45.27,97.68,0.9114,2,1,-1
148,24,583.71,433.07,42.35,98.89,0.8979,2,1,-1
148,44,201.52,495.62,46.10,116.43,0.9223,2,1,-1
148,53,707.51,558.37,36.34,114.78,0.8737,2,2,-1
148,55,737.68,488.69,41.98,102.97,0.9066,2,2,-1
148,66,1059.00,416.32,46.74,76.17,0.8846,2,2,-1
148,72,1261.66,400.26,59.04,72.76,0.9126,2,1,-1
148,78,1149.84,366.56,62.02,80.04,0.9014,2,-1,-1
148,0,1395.74,455.09,14.88,13.92,1.0,0,-1,-1
149,2,43.77,570.49,52.56,119.95,0.9354,2,1,-1
149,3,861.04,490.48,42.59,85.90,0.8862,2,2,-1
149,4,996.65,588.63,89.08,122.42,0.9451,3,0,-1
149,5,271.31,455.74,63.79,101.80,0.8253,2,1,-1
149,7,368.83,494.94,67.99,106.10,0.9277,2,1,-1
149,8,496.21,698.67,90.57,138.84,0.9460,2,1,-1
149,11,1003.46,414.18,33.55,97.95,0.9179,2,1,-1
149,21,856.30,302.22,33.49,62.08,0.8633,3,0,-1
149,22,908.91,462.15,48.63,97.54,0.9093,2,1,-1
149,24,578.67,433.47,38.49,97.94,0.9048,2,1,-1
149,35,244.48,466.58,28.19,68.02,0.7613,2,2,-1
149,44,188.59,497.21,47.70,115.59,0.9234,2,1,-1
149,53,695.15,558.72,40.19,117.44,0.9220,2,2,-1
149,55,733.53,490.28,39.94,101.55,0.8618,2,2,-1
149,66,1050.35,407.87,56.17,83.68,0.9139,2,2,-1
149,72,1264.53,398.89,54.13,74.94,0.8888,2,1,-1
149,77,1701.27,645.22,66.57,87.86,0.8217,2,-1,-1
149,78,1163.11,366.49,55.39,81.84,0.8468,2,2,-1
149,0,1394.39,453.92,14.19,13.38,1.0,0,-1,-1
150,2,33.74,571.44,58.62,122.04,0.9370,2,1,-1
150,3,852.79,491.85,39.74,83.07,0.8693,2,2,-1
150,4,1002.25,588.33,87.30,123.41,0.9237,3,0,-1
150,5,263.76,456.53,60.44,100.64,0.8428,2,1,-1
150,7,355.51,496.54,68.25,104.37,0.9357,2,1,-1
150,8,496.53,700.55,89.22,138.48,0.9359,2,1,-1
150,11,993.84,413.48,31.79,99.01,0.9195,2,1,-1
150,12,223.70,466.03,46.34,110.93,0.7940,2,1,-1
150,21,844.99,301.92,34.19,62.63,0.8651,3,0,-1
150,22,898.49,460.18,55.21,99.83,0.9256,2,1,-1
150,24,568.27,432.90,38.51,98.93,0.9263,2,1,-1
150,44,176.74,499.35,48.67,117.33,0.9238,2,1,-1
150,53,680.94,559.10,49.00,116.67,0.9293,2,2,-1
150,55,723.29,492.04,40.06,98.79,0.8526,2,2,-1
150,66,1041.31,409.60,60.80,80.78,0.9171,2,2,-1
150,72,1276.79,398.74,40.54,75.26,0.9052,2,1,-1
150,77,1689.11,643.55,85.63,100.64,0.9167,2,-1,-1
150,78,1170.68,367.36,35.48,57.54,0.7995,2,2,-1
150,0,1391.78,452.36,14.10,13.27,1.0,0,-1,-1
151,2,25.35,574.22,59.16,119.97,0.9276,2,1,-1
151,3,847.23,492.64,34.79,80.44,0.9079,2,2,-1
151,4,998.53,588.25,85.88,125.79,0.8944,3,0,-1
151,5,267.33,456.53,50.31,100.82,0.8831,2,1,-1
151,7,343.40,497.41,68.34,104.10,0.9356,2,1,-1
151,8,497.69,704.93,81.34,136.88,0.9133,2,1,-1
151,11,981.89,412.68,33.00,99.77,0.9157,2,1,-1
151,12,210.80,465.90,51.71,114.26,0.9048,2,1,-1
151,21,833.96,302.86,33.89,61.95,0.8486,3,0,-1
151,22,889.80,459.10,65.16,100.82,0.9273,2,1,-1
151,24,554.25,431.91,43.34,99.08,0.9195,2,1,-1
151,44,167.43,502.25,47.62,113.73,0.8607,2,1,-1
151,53,666.35,560.30,56.25,116.08,0.9348,2,2,-1
151,55,713.07,491.93,39.65,98.72,0.8560,2,2,-1
151,66,1033.07,409.15,61.29,81.09,0.8918,2,2,-1
151,72,1271.92,396.58,41.89,76.47,0.9041,2,1,-1
151,77,1680.45,642.89,95.00,117.23,0.9316,2,-1,-1
151,78,1170.31,368.10,31.87,56.99,0.7783,2,2,-1
151,80,914.55,417.19,26.63,63.36,0.7209,2,-1,-1
151,0,1388.33,451.38,13.55,12.80,1.0,0,-1,-1
152,2,19.53,577.82,54.15,118.75,0.9098,2,1,-1
152,3,838.37,491.40,33.39,80.33,0.8895,2,2,-1
152,4,1005.09,590.02,77.41,124.38,0.9084,3,0,-1
152,5,258.99,455.16,47.87,102.64,0.9223,2,1,-1
152,7,332.61,498.46,67.17,102.77,0.9392,2,1,-1
152,8,508.12,707.99,70.73,134.14,0.9181,2,1,-1
152,11,968.42,412.62,36.57,100.00,0.9216,2,1,-1
152,12,206.60,467.30,49.15,114.66,0.6916,2,1,-1
152,21,823.62,303.73,33.19,60.71,0.6619,3,0,-1
152,22,880.21,458.11,69.11,103.26,0.9050,2,1,-1
152,24,540.62,430.91,46.78,101.49,0.9279,2,1,-1
152,44,156.71,504.04,46.88,112.95,0.9056,2,1,-1
152,53,650.69,561.55,59.63,114.77,0.9301,2,2,-1
152,55,703.53,490.57,39.87,103.26,0.9126,2,2,-1
152,66,1028.14,409.39,58.22,80.93,0.8452,2,2,-1
152,72,1265.98,395.23,46.72,76.08,0.9253,2,1,-1
152,77,1671.43,642.17,102.17,117.93,0.9246,2,-1,-1
152,78,1169.68,369.35,29.31,59.76,0.8528,2,2,-1
152,80,907.63,416.30,25.99,63.11,0.8016,2,-1,-1
152,0,1382.65,449.52,14.72,13.64,1.0,0,-1,-1
153,2,12.87,581.10,47.57,116.26,0.9209,2,1,-1
153,3,828.06,488.65,35.10,94.28,0.8865,2,2,-1
153,4,1023.83,590.82,63.60,122.54,0.8985,3,0,-1
153,5,246.90,453.74,49.54,103.58,0.9119,2,1,-1
153,7,323.46,499.50,66.70,101.27,0.9332,2,1,-1
153,8,519.24,709.65,61.51,132.64,0.9466,2,1,-1
153,11,954.40,412.70,41.90,99.23,0.9209,2,1,-1
153,21,813.45,304.21,32.85,60.88,0.8060,3,0,-1
153,22,873.82,459.87,69.00,104.67,0.8608,2,1,-1
153,24,527.67,430.22,53.50,103.06,0.9295,2,1,-1
153,35,205.78,469.99,30.25,76.63,0.7473,2,2,-1
153,44,144.94,504.19,47.01,112.99,0.8619,2,1,-1
153,53,635.76,561.19,60.46,116.33,0.9102,2,2,-1
153,55,692.59,489.80,37.11,99.47,0.8882,2,2,-1
153,72,1261.99,393.99,53.19,71.81,0.9193,2,1,-1
153,77,1686.33,643.09,90.54,119.18,0.9082,2,-1,-1
153,78,1160.70,368.49,37.31,77.27,0.8321,2,2,-1
153,80,895.57,415.59,29.93,69.32,0.7702,2,-1,-1
153,0,1378.46,448.00,13.54,13.31,1.0,0,-1,-1
154,2,9.82,582.44,42.29,116.47,0.9322,2,1,-1
154,3,817.40,485.66,36.35,102.73,0.8782,2,2,-1
154,4,1018.46,588.65,66.69,125.38,0.9296,3,0,-1
154,5,233.57,451.27,56.62,105.34,0.9397,2,1,-1
154,7,317.34,500.33,65.19,100.16,0.9241,2,1,-1
154,8,508.20,708.08,72.11,135.00,0.9385,2,1,-1
154,11,939.60,412.80,48.04,98.54,0.9186,2,1,-1
154,21,801.62,304.52,32.76,62.38,0.8319,3,0,-1
154,24,515.17,430.77,57.48,103.04,0.9263,2,1,-1
154,35,196.79,472.16,28.56,64.14,0.8311,2,2,-1
154,44,130.51,505.67,45.95,111.82,0.8387,2,1,-1
154,53,622.59,560.83,60.85,115.03,0.9157,2,2,-1
154,55,678.56,488.98,38.78,105.86,0.9042,2,2,-1
154,66,1025.23,408.84,46.61,79.16,0.8623,2,2,-1
154,72,1260.43,392.99,50.83,72.32,0.9057,2,1,-1
154,77,1701.79,644.82,73.19,117.96,0.8509,2,2,-1
154,78,1145.84,368.01,48.45,77.89,0.9077,2,2,-1
154,80,889.75,415.30,29.55,66.99,0.8130,2,-1,-1
154,0,1372.36,446.56,14.96,13.59,1.0,0,-1,-1
155,2,0.53,581.92,45.03,118.16,0.9374,2,1,-1
155,3,801.30,483.63,40.77,101.15,0.8794,2,2,-1
155,4,1007.57,585.88,76.17,126.29,0.9394,3,0,-1
155,5,221.84,450.87,65.29,104.36,0.9428,2,1,-1
155,7,311.75,500.27,64.18,100.63,0.9246,2,1,-1
155,8,497.75,707.58,82.75,136.12,0.9386,2,1,-1
155,11,924.67,413.02,50.81,97.70,0.9153,2,1,-1
155,21,791.23,304.55,31.18,61.42,0.8683,3,0,-1
155,24,502.78,431.96,57.39,102.28,0.9190,2,1,-1
155,35,186.35,472.83,32.67,62.16,0.8563,2,2,-1
155,44,115.30,502.08,46.75,118.61,0.8627,2,1,-1
155,53,610.39,560.58,60.14,114.83,0.9132,2,2,-1
155,55,666.39,488.87,39.15,105.14,0.9154,2,2,-1
155,61,876.50,524.86,33.35,37.99,0.7987,2,-1,-1
155,66,1022.51,407.96,40.70,76.30,0.8593,2,2,-1
155,72,1269.13,391.77,37.96,75.77,0.8917,2,1,-1
155,77,1703.15,645.69,68.26,113.80,0.8033,2,2,-1
155,78,1134.24,367.57,64.26,81.13,0.9208,2,2,-1
155,80,884.82,416.57,28.43,65.23,0.8211,2,-1,-1
155,0,1367.79,446.17,14.36,13.61,1.0,0,-1,-1
156,1,493.84,438.87,50.70,94.46,0.9036,2,1,-1
156,2,-1.09,580.77,40.22,115.22,0.9135,2,1,-1
156,3,786.09,481.80,48.32,105.78,0.9242,2,2,-1
156,4,1002.49,583.83,82.37,124.43,0.9436,3,0,-1
156,5,211.81,451.36,69.13,103.46,0.9366,2,1,-1
156,7,304.90,499.80,59.39,102.09,0.9224,2,1,-1
156,8,489.41,707.69,90.60,135.76,0.9426,2,1,-1
156,11,909.57,412.83,51.17,97.55,0.9049,2,1,-1
156,12,165.60,472.30,42.47,108.28,0.8382,2,1,-1
156,21,778.95,304.34,30.53,61.96,0.7664,3,0,-1
156,22,868.08,461.59,47.85,100.53,0.8929,2,1,-1
156,44,102.52,503.03,50.02,120.40,0.9138,2,1,-1
156,53,602.34,560.08,58.61,115.42,0.9190,2,2,-1
156,55,654.60,489.56,40.84,105.30,0.9150,2,2,-1
156,66,1005.11,406.06,48.44,82.51,0.9035,2,2,-1
156,72,1269.51,389.24,32.45,73.50,0.8943,2,1,-1
156,77,1718.11,645.09,56.39,82.20,0.8522,2,2,-1
156,78,1140.74,367.65,61.18,83.20,0.8617,2,2,-1
156,0,1361.62,443.77,14.43,13.88,1.0,0,-1,-1
157,2,-2.07,580.01,33.64,121.99,0.9160,2,1,-1
157,3,776.49,481.40,52.21,103.81,0.9199,2,2,-1
157,4,1000.24,581.43,88.29,120.83,0.9423,3,0,-1
157,5,202.59,452.90,68.52,102.95,0.9095,2,1,-1
157,7,291.09,497.00,60.84,104.68,0.9234,2,1,-1
157,8,484.01,709.47,100.46,140.31,0.9327,2,1,-1
157,11,900.94,412.70,47.51,96.10,0.8875,2,1,-1
157,12,152.99,470.45,45.43,111.25,0.8619,2,1,-1
157,21,766.48,303.22,31.48,62.88,0.7531,3,0,-1
157,22,859.75,460.01,48.29,102.18,0.9108,2,1,-1
157,24,489.16,436.19,48.10,97.21,0.8762,2,1,-1
157,44,88.97,504.63,50.90,120.90,0.9204,2,1,-1
157,53,594.77,559.64,54.81,114.82,0.9019,2,2,-1
157,55,642.49,491.00,39.89,105.29,0.8935,2,2,-1
157,66,996.28,404.17,52.38,83.65,0.9079,2,2,-1
157,72,1258.98,386.01,41.91,76.94,0.9245,2,1,-1
157,77,1726.47,641.75,52.91,73.90,0.7748,2,2,-1
157,78,1131.64,368.39,59.03,81.19,0.8082,2,2,-1
157,0,1355.76,441.85,14.39,13.58,1.0,0,-1,-1
158,2,-1.67,585.68,27.90,118.47,0.8998,2,1,-1
158,3,767.13,482.27,53.77,103.98,0.9184,2,2,-1
158,4,1001.02,580.34,89.82,122.90,0.9221,3,0,-1
158,5,197.57,454.53,61.99,101.34,0.8992,2,1,-1
158,7,277.69,497.11,64.46,106.28,0.9082,2,1,-1
158,8,485.76,711.82,99.73,139.98,0.9184,2,1,-1
158,11,891.77,411.77,43.80,96.69,0.8861,2,1,-1
158,12,136.59,468.52,52.32,115.81,0.9131,2,1,-1
158,21,754.42,302.63,33.26,63.89,0.7258,3,0,-1
158,22,851.50,461.83,52.01,101.80,0.9252,2,1,-1
158,24,484.21,437.04,44.11,96.36,0.8996,2,1,-1
158,36,589.40,589.85,35.96,85.44,0.5855,2,2,-1
158,44,77.55,507.13,50.66,120.58,0.9188,2,1,-1
158,55,639.11,493.16,36.61,103.52,0.8394,2,2,-1
158,66,989.25,404.01,54.75,83.80,0.9099,2,2,-1
158,72,1252.33,384.79,48.91,73.54,0.9224,2,1,-1
158,77,1684.04,639.23,95.04,115.41,0.9041,2,2,-1
158,78,1152.71,369.47,36.94,53.36,0.6412,2,2,-1
158,80,859.55,413.24,30.78,70.19,0.8511,2,-1,-1
158,0,1349.60,441.11,15.11,13.85,1.0,0,-1,-1
159,2,-2.61,606.74,21.84,99.09,0.7719,2,1,-1
159,3,761.99,483.92,55.02,102.06,0.9091,2,2,-1
159,4,1001.62,580.96,85.17,124.79,0.8774,3,0,-1
159,5,196.84,455.12,54.60,101.51,0.8770,2,1,-1
159,7,265.52,497.06,67.27,106.56,0.9221,2,1,-1
159,8,489.90,716.08,89.76,136.62,0.9108,2,1,-1
159,10,66.99,521.08,44.08,108.20,0.8742,2,1,-1
159,12,127.76,467.49,53.09,118.38,0.8859,2,1,-1
159,21,744.14,302.92,33.80,63.17,0.5980,3,0,-1
159,22,843.31,461.97,59.39,100.00,0.9189,2,1,-1
159,24,476.97,437.06,42.50,96.72,0.9201,2,1,-1
159,36,584.74,603.41,28.04,71.99,0.7856,2,2,-1
159,55,629.10,495.84,34.55,101.15,0.8544,2,2,-1
159,66,979.98,406.07,54.04,82.45,0.5862,2,2,-1
159,72,1250.04,383.72,50.13,73.59,0.9142,2,1,-1
159,77,1685.99,637.78,95.14,110.14,0.8342,2,2,-1
159,80,851.16,410.73,33.10,73.36,0.8481,2,1,-1
159,0,1344.16,440.67,14.78,13.49,1.0,0,-1,-1
160,3,755.33,484.24,54.96,103.68,0.8564,2,2,-1
160,4,1013.68,582.28,69.63,124.80,0.9137,3,0,-1
160,5,198.68,454.53,44.33,102.13,0.9020,2,1,-1
160,7,253.29,497.50,67.84,105.85,0.9226,2,1,-1
160,8,502.29,719.95,82.65,135.38,0.9078,2,1,-1
160,12,114.51,468.34,56.50,116.10,0.9057,2,1,-1
160,15,1000.36,405.49,29.13,65.96,0.8868,2,2,-1
160,21,732.51,303.63,36.06,63.36,0.7163,3,0,-1
160,22,834.67,461.20,67.74,100.49,0.9229,2,1,-1
160,24,463.12,435.64,44.70,98.54,0.9253,2,1,-1
160,44,56.95,512.99,47.71,117.34,0.8350,2,1,-1
160,53,572.33,558.81,39.62,116.72,0.8927,2,2,-1
160,55,620.85,496.11,33.75,100.39,0.8494,2,2,-1
160,72,1254.11,383.37,44.88,74.51,0.8687,2,1,-1
160,77,1704.97,636.44,82.25,119.68,0.8696,2,2,-1
160,82,1132.84,368.74,57.86,81.50,0.9112,2,-1,-1
160,0,1338.37,440.41,14.54,13.94,1.0,0,-1,-1
161,3,751.58,482.86,53.37,103.89,0.9067,2,2,-1
161,4,1027.97,583.31,52.05,122.93,0.9430,3,0,-1
161,5,186.78,452.48,45.82,103.33,0.9274,2,1,-1
161,7,241.88,498.84,69.27,105.91,0.9213,2,1,-1
161,8,517.78,722.52,73.39,132.49,0.9163,2,1,-1
161,11,857.17,409.17,33.19,75.25,0.7886,2,1,-1
161,12,100.55,469.98,56.83,114.52,0.8052,2,-1,-1
161,15,993.77,407.15,30.26,63.09,0.8527,2,2,-1
161,21,722.16,303.84,36.34,62.50,0.7391,3,0,-1
161,22,827.31,464.66,66.86,100.18,0.8830,2,1,-1
161,24,449.11,434.41,47.50,101.75,0.9292,2,1,-1
161,44,46.65,515.39,42.09,115.41,0.8977,2,1,-1
161,53,559.76,559.96,42.16,115.38,0.9155,2,2,-1
161,55,608.09,495.15,36.80,101.72,0.9123,2,2,-1
161,72,1254.24,381.23,41.38,75.78,0.9055,2,1,-1
161,77,1708.89,636.82,74.44,123.73,0.8025,2,2,-1
161,82,1131.88,367.78,55.81,77.96,0.9166,2,-1,-1
161,0,1331.50,438.03,15.44,14.58,1.0,0,-1,-1
162,3,742.28,479.64,47.72,105.48,0.9124,2,2,-1
162,4,1020.18,579.84,60.96,124.91,0.9293,3,0,-1
162,5,173.84,450.46,49.58,105.49,0.9351,2,1,-1
162,7,230.87,498.63,69.69,107.44,0.9316,2,1,-1
162,8,507.41,722.65,80.28,132.21,0.9235,2,1,-1
162,12,91.22,472.45,55.40,113.74,0.8088,2,2,-1
162,15,990.04,406.00,29.89,59.45,0.7507,2,2,-1
162,21,711.95,304.28,36.05,62.40,0.7230,3,0,-1
162,22,824.23,471.33,58.89,93.33,0.7626,2,1,-1
162,24,436.48,433.52,51.96,102.45,0.9289,2,1,-1
162,44,35.64,515.41,40.73,115.89,0.9199,2,1,-1
162,53,544.99,560.62,49.80,115.56,0.9272,2,2,-1
162,55,596.03,492.84,38.68,103.79,0.9172,2,2,-1
162,72,1249.52,379.52,42.08,74.92,0.9203,2,1,-1
162,80,826.90,407.50,31.13,71.99,0.8453,2,1,-1
162,82,1133.60,366.88,59.47,79.61,0.8614,2,-1,-1
162,0,1325.74,436.21,15.02,14.22,1.0,0,-1,-1
163,3,731.04,478.05,49.47,105.17,0.9052,2,2,-1
163,4,1010.76,577.36,73.08,125.78,0.9509,3,0,-1
163,5,161.53,448.99,55.17,105.89,0.9332,2,1,-1
163,7,223.80,501.50,65.84,104.88,0.9179,2,1,-1
163,8,498.44,722.88,87.83,134.34,0.9340,2,1,-1
163,11,824.79,407.17,40.58,76.52,0.7740,2,1,-1
163,12,84.42,477.84,49.74,105.72,0.7678,2,2,-1
163,21,702.18,306.45,33.96,61.19,0.8237,3,0,-1
163,22,826.30,473.59,52.81,90.87,0.6994,2,1,-1
163,24,425.39,433.88,57.32,101.90,0.9255,2,1,-1
163,44,22.49,515.64,41.84,115.35,0.9146,2,1,-1
163,53,528.93,561.47,57.82,115.71,0.9300,2,2,-1
163,55,580.75,492.05,43.36,106.64,0.9231,2,2,-1
163,66,959.88,404.97,55.13,81.99,0.9007,2,2,-1
163,72,1246.41,378.33,42.90,71.74,0.9073,2,1,-1
163,82,1139.65,367.32,56.11,81.70,0.8277,2,-1,-1
163,0,1319.54,435.14,14.07,14.17,1.0,0,-1,-1
164,3,716.53,476.97,53.34,104.59,0.9207,2,2,-1
164,4,1004.25,576.83,83.92,120.17,0.9505,3,0,-1
164,5,148.75,448.49,65.04,104.36,0.9332,2,1,-1
164,7,217.95,503.35,62.38,104.16,0.8934,2,1,-1
164,8,490.99,725.14,95.72,133.46,0.9349,2,1,-1
164,10,4.76,514.40,48.30,121.27,0.9323,2,1,-1
164,11,811.19,408.76,51.42,99.21,0.8786,2,1,-1
164,21,694.09,305.80,32.38,60.94,0.7717,3,0,-1
164,22,827.00,489.67,41.41,74.75,0.7766,2,1,-1
164,24,413.87,435.41,57.55,102.27,0.9181,2,1,-1
164,35,92.42,477.10,31.80,69.57,0.8390,2,2,-1
164,53,513.80,562.66,63.23,114.94,0.9318,2,2,-1
164,55,568.71,491.48,46.00,108.35,0.9243,2,2,-1
164,66,953.41,404.34,54.49,81.55,0.9058,2,2,-1
164,72,1245.45,377.07,41.80,72.44,0.8704,2,1,-1
164,77,1699.67,638.62,78.06,121.85,0.8608,2,2,-1
164,82,1146.72,368.28,32.57,56.75,0.8523,2,2,-1
164,0,944.57,471.19,14.30,16.98,1.0,0,-1,-1
165,3,703.90,476.87,55.59,102.46,0.9268,2,2,-1
165,4,1002.99,575.90,93.03,118.67,0.9334,3,0,-1
165,5,137.81,449.00,69.17,104.62,0.9378,2,1,-1
165,7,216.81,503.41,54.74,104.88,0.9178,2,1,-1
165,8,486.30,728.01,103.36,138.13,0.9206,2,1,-1
165,11,805.14,409.44,48.84,98.24,0.9065,2,1,-1
165,21,681.88,304.43,32.02,62.08,0.8590,3,0,-1
165,24,405.06,437.15,51.89,100.89,0.9001,2,1,-1
165,35,81.06,477.36,32.02,69.10,0.7718,2,2,-1
165,44,-0.43,514.55,41.35,123.05,0.9197,2,1,-1
165,53,497.92,562.18,69.05,115.09,0.9283,2,2,-1
165,55,556.13,493.16,46.93,106.67,0.9212,2,2,-1
165,66,942.55,404.14,59.75,81.87,0.9175,2,2,-1
165,72,1245.01,377.80,37.99,72.59,0.8981,2,1,-1
165,77,1691.35,636.94,89.27,121.71,0.9347,2,2,-1
165,82,1146.35,369.23,28.79,55.15,0.8215,2,2,-1
165,0,1305.42,436.08,14.40,13.61,1.0,0,-1,-1
166,3,692.02,477.25,56.70,101.73,0.9118,2,2,-1
166,4,1004.17,575.66,90.51,120.56,0.9303,3,0,-1
166,5,127.09,450.73,62.94,103.45,0.9041,2,1,-1
166,7,206.42,502.58,51.95,105.98,0.9310,2,1,-1
166,8,487.74,731.94,99.24,137.97,0.8999,2,1,-1
166,11,803.59,461.32,53.77,103.51,0.9259,2,1,-1
166,12,60.53,476.36,45.29,96.66,0.7711,2,2,-1
166,21,668.28,303.84,33.79,64.94,0.5618,3,0,-1
166,24,400.45,439.04,45.34,99.67,0.8797,2,1,-1
166,44,-4.38,517.24,34.78,121.92,0.8557,2,1,-1
166,53,483.77,563.13,70.99,115.06,0.9200,2,2,-1
166,55,544.84,495.66,45.51,105.55,0.8991,2,2,-1
166,66,947.03,404.48,54.04,84.43,0.8160,2,2,-1
166,72,1241.60,375.83,36.95,72.03,0.9089,2,1,-1
166,77,1690.74,636.49,92.14,118.90,0.9356,2,2,-1
166,82,1145.36,369.00,28.27,60.01,0.8673,2,2,-1
166,0,1297.52,434.34,14.95,14.53,1.0,0,-1,-1
167,4,1006.48,576.33,81.99,124.96,0.9045,3,0,-1
167,5,121.64,453.19,57.55,101.64,0.8633,2,1,-1
167,7,190.11,499.94,56.08,108.51,0.9260,2,1,-1
167,8,496.58,736.80,90.68,134.17,0.9205,2,1,-1
167,11,792.69,461.40,61.73,101.58,0.9258,2,1,-1
167,21,655.58,304.81,33.66,64.25,0.5422,3,0,-1
167,24,392.96,439.40,40.81,99.76,0.9026,2,1,-1
167,33,38.47,474.20,55.10,116.56,0.8493,2,2,-1
167,44,-8.78,528.78,28.95,114.24,0.7052,2,1,-1
167,53,472.28,563.36,69.66,115.08,0.9098,2,2,-1
167,55,539.07,497.86,41.23,104.72,0.8259,2,2,-1
167,63,698.88,479.46,37.23,80.92,0.8934,2,1,-1
167,66,944.10,405.50,45.39,73.33,0.6374,2,2,-1
167,72,1232.43,375.59,43.85,71.81,0.9230,2,1,-1
167,77,1678.31,636.52,103.26,122.74,0.9141,2,2,-1
167,82,1126.18,369.36,43.79,83.99,0.8201,2,2,-1
167,0,1289.80,433.14,14.92,14.11,1.0,0,-1,-1
168,4,1016.98,577.12,69.03,124.06,0.9168,3,0,-1
168,5,119.45,454.45,51.02,101.10,0.8789,2,1,-1
168,7,174.71,498.10,60.47,111.66,0.9397,2,1,-1
168,8,518.84,738.75,72.01,131.97,0.9280,2,1,-1
168,11,783.76,462.06,69.86,101.47,0.9267,2,1,-1
168,21,643.15,305.71,36.58,63.35,0.8777,3,0,-1
168,24,380.86,438.60,42.28,100.74,0.9270,2,1,-1
168,33,22.22,473.15,61.75,119.35,0.9272,2,2,-1
168,53,461.91,563.24,67.37,114.12,0.8735,2,2,-1
168,55,528.84,500.16,39.19,100.87,0.6049,2,2,-1
168,63,688.94,481.42,35.02,78.11,0.9053,2,1,-1
168,72,1226.07,375.26,47.29,69.87,0.9219,2,1,-1
168,77,1689.72,639.69,95.16,121.89,0.8542,2,2,-1
168,80,759.68,413.85,41.56,93.70,0.8995,2,1,-1
168,82,1122.59,368.21,49.51,78.73,0.9081,2,2,-1
168,0,1282.57,432.58,13.85,13.56,1.0,0,-1,-1
169,4,1027.10,576.59,58.89,124.72,0.9251,3,0,-1
169,5,112.48,453.74,46.36,102.19,0.9281,2,1,-1
169,7,159.63,497.67,64.57,113.34,0.9385,2,1,-1
169,8,508.89,738.76,78.33,134.09,0.9269,2,1,-1
169,11,775.67,463.51,68.67,103.35,0.9136,2,1,-1
169,21,631.35,304.89,36.20,63.84,0.8858,3,0,-1
169,24,365.23,437.64,46.00,102.52,0.9208,2,1,-1
169,33,8.18,473.89,61.01,117.63,0.9286,2,2,-1
169,49,469.90,564.12,40.74,64.40,0.7405,2,2,-1
169,55,519.54,500.69,35.84,93.94,0.8541,2,2,-1
169,63,678.59,482.02,34.34,79.33,0.8884,2,1,-1
169,66,937.29,405.11,33.89,60.98,0.8672,2,2,-1
169,72,1225.46,375.60,46.65,68.71,0.9017,2,1,-1
169,77,1711.73,641.43,77.89,121.77,0.8068,2,2,-1
169,80,746.33,411.45,42.66,96.12,0.9051,2,1,-1
169,82,1110.00,367.38,66.09,82.77,0.9013,2,2,-1
169,0,1274.32,432.64,14.18,13.40,1.0,0,-1,-1
170,3,662.71,479.67,42.55,99.90,0.8915,2,2,-1
170,4,1022.16,574.68,60.37,126.04,0.6280,3,0,-1
170,5,97.13,451.99,49.94,103.99,0.9232,2,1,-1
170,7,145.88,497.32,70.64,114.20,0.9315,2,1,-1
170,8,497.47,738.18,91.52,137.60,0.9374,2,1,-1
170,11,776.13,465.10,59.63,102.48,0.8405,2,1,-1
170,21,620.93,308.67,33.41,59.93,0.8566,3,0,-1
170,24,349.76,437.08,50.76,105.42,0.9237,2,1,-1
170,33,-0.80,475.47,59.13,119.46,0.8937,2,2,-1
170,36,448.93,606.83,39.58,70.39,0.8035,2,2,-1
170,55,504.07,499.71,40.46,104.61,0.9087,2,2,-1
170,66,934.37,402.99,30.21,56.46,0.8036,2,2,-1
170,72,1227.88,375.39,43.11,69.00,0.8810,2,1,-1
170,77,1719.58,643.97,70.38,119.23,0.8342,2,2,-1
170,80,735.95,410.79,41.05,97.50,0.9119,2,1,-1
170,82,1122.14,367.86,58.79,82.42,0.8568,2,2,-1
170,0,1266.79,431.77,14.39,13.82,1.0,0,-1,-1
171,3,659.36,478.04,39.45,98.29,0.8852,2,2,-1
171,4,1010.73,571.72,74.86,126.87,0.9470,3,0,-1
171,5,81.71,450.12,54.17,106.02,0.9384,2,1,-1
171,7,132.47,498.25,71.67,114.98,0.9317,2,1,-1
171,8,490.94,739.38,101.13,133.43,0.9418,2,1,-1
171,11,781.57,467.93,44.38,81.61,0.7474,2,1,-1
171,12,7.56,478.97,31.92,78.51,0.8696,2,2,-1
171,21,609.93,310.40,32.44,58.13,0.8343,3,0,-1
171,24,335.28,436.72,58.78,105.30,0.9268,2,1,-1
171,36,437.67,607.36,37.40,71.37,0.7707,2,2,-1
171,55,493.49,499.10,38.62,103.77,0.9079,2,2,-1
171,66,905.70,400.89,50.59,85.74,0.9178,2,2,-1
171,72,1223.36,375.53,43.90,67.72,0.8984,2,1,-1
171,77,1733.36,643.18,52.50,81.05,0.6818,2,2,-1
171,80,725.69,409.16,38.01,97.32,0.9070,2,1,-1
171,82,1126.28,368.83,40.67,61.34,0.7166,2,2,-1
171,0,1258.45,431.14,14.41,13.76,1.0,0,-1,-1
172,3,636.40,475.15,51.20,105.00,0.9254,2,2,-1
172,4,1004.29,570.12,82.52,119.37,0.9442,3,0,-1
172,5,68.05,448.87,63.74,105.91,0.9359,2,1,-1
172,7,120.36,501.38,69.52,113.25,0.9287,2,1,-1
172,8,504.03,739.90,97.26,139.57,0.9256,2,1,-1
172,11,774.56,468.23,41.76,98.98,0.9207,2,1,-1
172,12,-1.32,481.12,29.85,82.60,0.8700,2,2,-1
172,21,598.39,310.72,31.85,57.96,0.6567,3,0,-1
172,24,320.58,437.53,64.10,104.57,0.9338,2,1,-1
172,36,427.55,605.86,39.08,72.66,0.6807,2,2,-1
172,55,477.48,498.06,41.93,109.73,0.9036,2,2,-1
172,66,900.17,399.79,55.08,86.30,0.9099,2,2,-1
172,72,1216.23,374.59,47.80,66.30,0.8898,2,1,-1
172,77,1699.72,640.74,75.48,118.49,0.8679,2,2,-1
172,80,716.57,408.52,35.59,96.50,0.9067,2,1,-1
172,82,1130.27,369.91,30.39,50.31,0.7516,2,2,-1
172,0,1694.62,743.94,22.91,20.36,1.0,0,-1,-1
173,3,622.18,474.01,56.95,102.97,0.9311,2,2,-1
173,4,999.36,568.73,89.07,120.52,0.9322,3,0,-1
173,5,55.64,449.26,66.30,102.62,0.9325,2,1,-1
173,7,120.08,503.93,64.58,112.09,0.8652,2,1,-1
173,8,498.10,744.15,100.07,136.36,0.9007,2,1,-1
173,11,762.73,467.13,45.50,99.54,0.9174,2,1,-1
173,12,-6.31,481.77,30.02,89.84,0.6933,2,2,-1
173,21,585.03,306.73,32.94,62.19,0.6326,3,0,-1
173,24,307.74,439.09,61.79,104.29,0.9266,2,1,-1
173,36,408.36,607.38,37.63,71.42,0.7532,2,2,-1
173,55,462.75,498.26,44.37,109.09,0.9136,2,2,-1
173,66,888.38,399.85,62.31,87.87,0.8940,2,2,-1
173,72,1209.63,373.29,52.55,67.49,0.8902,2,1,-1
173,77,1701.21,639.61,84.75,108.21,0.8386,2,2,-1
173,80,704.07,408.22,34.95,98.28,0.9074,2,1,-1
173,82,1128.84,370.00,29.05,50.65,0.7068,2,2,-1
173,0,1685.94,738.06,17.36,24.06,1.0,0,-1,-1
174,3,609.87,473.30,58.40,101.36,0.9301,2,2,-1
174,4,1001.88,568.58,86.37,123.58,0.9228,3,0,-1
174,5,46.47,450.80,62.42,102.46,0.9237,2,1,-1
174,7,112.92,505.24,62.77,111.41,0.8878,2,1,-1
174,8,508.90,747.20,93.34,132.27,0.8966,2,1,-1
174,11,751.18,466.44,51.15,101.22,0.9291,2,1,-1
174,12,-5.25,500.24,21.89,69.90,0.6136,2,2,-1
174,21,573.36,306.38,33.25,63.99,0.6085,3,0,-1
174,24,298.79,441.57,56.17,102.59,0.9157,2,1,-1
174,53,391.19,569.45,66.38,111.77,0.9256,2,2,-1
174,55,451.72,499.52,43.92,108.94,0.9062,2,2,-1
174,66,902.97,401.02,38.37,63.55,0.8259,2,2,-1
174,72,1208.99,372.93,49.70,63.75,0.8372,2,1,-1
174,77,1688.82,639.31,95.38,119.30,0.8467,2,2,-1
174,80,690.17,407.77,34.43,98.52,0.9105,2,1,-1
174,82,1111.13,371.19,47.88,82.00,0.8449,2,2,-1
174,0,1253.56,427.80,14.38,13.81,1.0,0,-1,-1
175,3,600.79,473.25,57.45,100.63,0.9102,2,2,-1
175,4,1003.93,570.48,83.55,122.68,0.7290,3,0,-1
175,5,41.35,453.14,57.09,100.45,0.9048,2,1,-1
175,7,107.59,504.99,57.40,111.36,0.9081,2,1,-1
175,8,531.30,748.86,75.31,131.65,0.9144,2,1,-1
175,11,740.55,466.21,58.92,101.33,0.9306,2,1,-1
175,21,560.92,306.89,33.51,64.17,0.7155,3,0,-1
175,24,294.55,444.11,51.01,100.12,0.9033,2,1,-1
175,53,381.81,609.16,48.00,72.41,0.7979,2,2,-1
175,55,439.85,500.90,43.46,107.06,0.8652,2,2,-1
175,66,900.39,402.11,31.07,63.90,0.8777,2,2,-1
175,72,1213.08,373.54,43.23,65.22,0.8807,2,1,-1
175,77,1717.88,640.17,66.70,90.78,0.7547,2,2,-1
175,80,675.70,408.39,36.75,97.43,0.9035,2,1,-1
175,82,1104.71,368.78,54.04,79.22,0.9118,2,2,-1
175,88,717.48,404.08,37.66,87.29,0.8796,2,-1,-1
175,0,1256.36,427.26,13.47,13.51,1.0,0,-1,-1
176,3,595.25,474.89,55.68,101.01,0.8393,2,2,-1
176,4,1015.06,570.70,65.10,122.85,0.9243,3,0,-1
176,5,40.80,453.56,48.38,100.18,0.9162,2,1,-1
176,7,95.49,503.55,57.77,112.13,0.9184,2,1,-1
176,8,526.49,749.35,77.76,132.76,0.9359,2,1,-1
176,11,729.20,466.18,70.79,100.60,0.9415,2,1,-1
176,21,547.96,306.36,36.49,65.58,0.8286,3,0,-1
176,24,289.39,444.20,46.24,99.96,0.9180,2,1,-1
176,53,363.06,611.48,56.32,70.42,0.8696,2,2,-1
176,55,432.64,503.86,39.77,101.40,0.7324,2,2,-1
176,66,895.31,403.84,31.56,63.67,0.8713,2,2,-1
176,72,1213.22,374.93,40.35,62.97,0.9017,2,1,-1
176,80,659.99,408.63,44.22,97.58,0.9169,2,1,-1
176,82,1098.74,368.01,62.06,81.09,0.8941,2,2,-1
176,88,704.16,401.79,41.39,86.56,0.8868,2,-1,-1
176,0,1257.86,427.13,13.73,14.30,1.0,0,-1,-1
177,3,587.98,476.09,54.58,100.09,0.8708,2,2,-1
177,4,1017.13,569.63,56.14,123.34,0.9325,3,0,-1
177,5,29.26,453.36,48.08,100.51,0.9274,2,1,-1
177,7,78.57,502.33,62.15,114.51,0.9350,2,1,-1
177,8,514.88,746.75,89.80,136.66,0.9334,2,1,-1
177,11,721.50,467.17,71.93,103.01,0.9192,2,1,-1
177,21,533.64,306.87,38.00,64.82,0.7391,3,0,-1
177,24,275.53,443.66,48.53,101.09,0.9267,2,1,-1
177,53,345.53,612.01,60.60,69.66,0.8654,2,2,-1
177,55,422.42,506.18,34.44,89.56,0.7346,2,2,-1
177,66,888.64,402.77,31.43,61.80,0.7265,2,2,-1
177,72,1202.04,373.99,44.92,60.32,0.9051,2,1,-1
177,77,1712.47,641.98,65.52,89.91,0.6130,2,2,-1
177,80,643.58,409.02,49.39,96.37,0.9175,2,1,-1
177,82,1108.55,367.58,52.64,76.70,0.8517,2,2,-1
177,88,689.81,399.23,45.87,88.27,0.9044,2,-1,-1
177,0,1258.41,428.14,13.26,13.21,1.0,0,-1,-1
178,3,581.16,476.33,48.74,99.91,0.8899,2,2,-1
178,4,1005.26,566.53,65.24,126.01,0.9431,3,0,-1
178,5,10.73,451.59,56.28,103.04,0.9324,2,1,-1
178,7,61.25,501.90,64.20,116.42,0.9283,2,1,-1
178,8,508.50,747.82,96.81,134.70,0.9418,2,1,-1
178,11,715.33,469.02,63.14,101.37,0.8712,2,1,-1
178,21,525.38,307.91,36.65,64.37,0.5698,3,0,-1
178,24,258.36,442.51,50.72,103.14,0.9335,2,1,-1
178,49,330.46,582.21,73.38,98.10,0.8706,2,2,-1
178,55,407.59,505.98,37.29,95.97,0.7683,2,2,-1
178,72,1194.94,375.50,48.85,58.15,0.9030,2,1,-1
178,77,1730.11,641.10,57.52,89.55,0.8867,2,2,-1
178,78,861.73,428.06,43.78,59.74,0.7530,2,2,-1
178,80,625.40,409.63,52.76,95.62,0.9155,2,1,-1
178,82,1109.96,369.22,34.79,56.57,0.7923,2,2,-1
178,88,674.62,397.80,52.00,91.20,0.9095,2,2,-1
178,0,1257.53,425.26,13.39,14.22,1.0,0,-1,-1
179,3,570.38,475.35,44.87,99.61,0.8964,2,2,-1
179,4,993.09,563.21,75.88,125.52,0.9260,3,0,-1
179,5,-0.17,450.75,55.71,105.06,0.9254,2,1,-1
179,7,43.80,502.22,70.24,116.24,0.9351,2,1,-1
179,8,508.07,748.89,103.07,138.39,0.9256,2,1,-1
179,11,713.87,470.78,54.03,99.02,0.8379,2,1,-1
179,15,677.19,397.35,39.35,79.81,0.8544,2,2,-1
179,21,511.21,309.81,33.82,63.96,0.8062,3,0,-1
179,24,240.80,441.67,53.35,105.32,0.9318,2,1,-1
179,49,326.88,606.89,59.79,76.05,0.6057,2,2,-1
179,55,392.69,505.73,39.31,100.90,0.8072,2,2,-1
179,72,1187.29,374.27,53.08,60.13,0.8979,2,1,-1
179,77,1715.63,639.09,67.40,102.95,0.7029,2,2,-1
179,78,856.26,401.17,49.01,85.83,0.8895,2,2,-1
179,80,607.33,409.61,55.05,97.29,0.9136,2,1,-1
179,82,1107.12,369.67,33.08,61.35,0.8236,2,2,-1
179,0,842.47,472.13,14.89,17.14,1.0,0,-1,-1
180,1,-0.11,450.46,44.84,99.70,0.9207,2,1,-1
180,3,554.39,472.90,50.31,100.72,0.8987,2,2,-1
180,4,986.64,562.49,85.53,119.36,0.9370,3,0,-1
180,7,26.72,502.07,76.85,116.30,0.9419,2,1,-1
180,8,507.88,751.93,101.77,138.42,0.9008,2,1,-1
180,11,713.65,470.88,42.35,98.98,0.9197,2,1,-1
180,15,664.66,398.03,35.46,73.83,0.8924,2,2,-1
180,21,495.64,311.99,33.77,61.97,0.8497,3,0,-1
180,24,224.33,441.08,61.59,106.41,0.9401,2,1,-1
180,49,317.25,581.67,79.10,102.52,0.7400,2,2,-1
180,55,381.16,503.77,38.11,99.18,0.9035,2,2,-1
180,72,1182.56,373.93,49.85,58.53,0.7606,2,1,-1
180,77,1699.29,636.91,83.81,102.17,0.9177,2,2,-1
180,78,841.16,400.89,52.89,84.85,0.8690,2,2,-1
180,80,594.94,409.67,49.48,94.19,0.9034,2,1,-1
180,82,1102.60,370.33,31.55,62.38,0.7745,2,2,-1
180,90,1898.05,427.66,16.20,72.81,0.5186,2,-1,-1
180,0,1684.79,736.01,16.38,23.97,1.0,0,-1,-1
181,1,-1.96,450.70,36.82,100.11,0.9125,2,1,-1
181,3,538.94,470.88,53.97,100.33,0.9132,2,2,-1
181,4,980.06,561.36,91.38,119.63,0.8796,3,0,-1
181,7,11.39,504.61,75.71,116.41,0.9309,2,1,-1
181,8,514.40,753.35,92.61,138.82,0.9054,2,1,-1
181,11,699.41,469.92,47.21,99.25,0.9235,2,1,-1
181,15,652.71,399.02,33.40,69.37,0.8544,2,2,-1
181,21,483.01,313.99,31.41,58.76,0.7420,3,0,-1
181,24,208.67,441.29,66.02,106.08,0.9356,2,1,-1
181,55,362.14,502.68,41.16,108.11,0.9097,2,2,-1
181,72,1187.47,385.65,36.03,46.33,0.8042,2,1,-1
181,77,1684.25,636.38,98.32,123.54,0.9307,2,2,-1
181,78,824.91,401.12,58.25,86.57,0.8681,2,2,-1
181,80,583.53,408.73,43.38,94.83,0.9024,2,1,-1
181,82,1100.48,369.95,28.08,55.02,0.8392,2,2,-1
181,90,1889.24,416.08,28.38,93.86,0.8641,2,-1,-1
181,0,1248.47,424.36,14.37,14.07,1.0,0,-1,-1
182,1,-5.36,452.18,26.74,99.28,0.8731,2,1,-1
182,3,522.88,470.20,59.54,100.12,0.9355,2,2,-1
182,4,977.20,561.59,89.70,119.91,0.8556,3,0,-1
182,7,-0.10,506.90,70.81,114.38,0.9059,2,1,-1
182,8,537.50,754.29,72.78,138.46,0.9172,2,1,-1
182,11,685.19,467.44,52.60,101.94,0.9292,2,1,-1
182,15,642.24,398.91,31.59,69.58,0.8826,2,2,-1
182,21,468.11,313.78,31.61,58.23,0.8178,3,0,-1
182,24,193.03,442.74,63.71,106.89,0.9208,2,1,-1
182,49,284.47,578.08,68.59,105.55,0.8928,2,2,-1
182,55,345.40,502.12,43.40,107.36,0.9148,2,2,-1
182,66,840.82,402.09,29.22,59.72,0.7959,2,2,-1
182,68,1181.60,368.49,36.61,60.60,0.8655,2,2,-1
182,77,1697.29,635.37,87.46,125.11,0.9204,2,2,-1
182,80,570.90,407.39,37.17,95.75,0.9077,2,1,-1
182,82,1074.73,369.32,49.66,81.05,0.8665,2,2,-1
182,90,1866.89,414.09,48.75,99.86,0.9083,2,-1,-1
182,0,1244.25,422.71,14.97,14.88,1.0,0,-1,-1
183,3,508.86,470.43,63.17,99.55,0.9286,2,2,-1
183,4,980.12,562.84,78.87,120.00,0.8599,3,0,-1
183,7,-1.11,508.84,60.11,111.78,0.9031,2,1,-1
183,8,531.41,752.45,76.14,141.62,0.9399,2,1,-1
183,11,670.67,467.05,60.80,102.26,0.9296,2,1,-1
183,13,293.54,573.87,45.01,74.59,0.5870,2,1,-1
183,15,633.34,397.80,31.52,67.71,0.8761,2,2,-1
183,21,449.43,307.24,35.10,66.14,0.8459,3,0,-1
183,24,181.25,444.89,57.51,104.86,0.9177,2,1,-1
183,49,273.39,641.36,31.22,43.61,0.6426,2,2,-1
183,55,330.30,502.92,45.14,108.59,0.9070,2,2,-1
183,66,834.66,403.55,25.19,51.26,0.6639,2,2,-1
183,68,1172.40,362.78,41.76,63.67,0.8570,2,2,-1
183,77,1708.18,636.85,69.96,123.58,0.8845,2,2,-1
183,80,555.62,405.92,33.26,96.00,0.9028,2,1,-1
183,82,1064.14,368.98,61.35,81.56,0.9159,2,2,-1
183,90,1841.11,411.68,63.10,98.36,0.9390,2,2,-1
183,0,1239.46,421.40,14.14,14.32,1.0,0,-1,-1
184,3,498.93,471.75,60.63,94.89,0.7172,2,2,-1
184,4,981.48,562.17,77.42,120.37,0.6017,3,0,-1
184,7,-2.65,509.77,48.61,111.75,0.9149,2,1,-1
184,8,521.03,750.15,87.16,145.07,0.9255,2,1,-1
184,11,657.06,466.42,71.80,101.74,0.9450,2,1,-1
184,13,249.14,572.14,75.66,111.05,0.8974,2,1,-1
184,21,433.22,308.55,35.19,64.93,0.8848,3,0,-1
184,24,175.61,446.13,47.57,103.38,0.9070,2,1,-1
184,55,315.13,505.27,43.76,107.07,0.8856,2,2,-1
184,66,820.48,403.69,32.35,63.32,0.8255,2,2,-1
184,68,1167.01,362.97,45.67,64.15,0.8765,2,2,-1
184,77,1711.97,637.92,60.70,121.70,0.8034,2,2,-1
184,80,541.32,405.24,33.99,94.90,0.8899,2,1,-1
184,82,1072.75,368.26,55.54,81.60,0.8767,2,2,-1
184,88,618.13,395.45,38.32,85.28,0.8842,2,2,-1
184,90,1829.66,409.60,63.79,98.12,0.9182,2,2,-1
184,0,1235.27,420.68,13.68,14.91,1.0,0,-1,-1
185,4,984.85,559.71,70.29,122.68,0.8062,3,0,-1
185,7,-2.41,509.73,33.57,95.42,0.9031,2,1,-1
185,8,512.02,749.57,97.14,138.58,0.9479,2,1,-1
185,11,646.21,466.98,75.07,103.28,0.9172,2,1,-1
185,13,233.41,571.64,78.74,112.41,0.9062,2,1,-1
185,21,418.42,307.74,37.33,65.90,0.8617,3,0,-1
185,22,510.64,474.24,33.06,77.88,0.8463,2,1,-1
185,24,165.99,446.44,41.47,102.39,0.9207,2,1,-1
185,55,303.96,506.82,39.87,106.34,0.8623,2,2,-1
185,66,815.90,402.52,28.23,55.01,0.8654,2,2,-1
185,68,1169.21,363.28,42.81,63.87,0.8606,2,2,-1
185,77,1721.53,637.93,49.46,71.53,0.8811,2,2,-1
185,80,525.42,405.11,36.31,87.55,0.8869,2,1,-1
185,82,1072.48,368.75,44.25,66.53,0.6577,2,2,-1
185,88,593.67,394.18,49.81,88.70,0.9089,2,2,-1
185,90,1812.85,407.91,67.81,98.23,0.9279,2,2,-1
185,0,1230.22,420.93,14.32,14.86,1.0,0,-1,-1
186,4,977.21,556.19,70.16,126.79,0.9215,3,0,-1
186,7,-6.56,507.75,28.45,88.63,0.7292,2,1,-1
186,8,543.37,748.73,85.96,147.33,0.9285,2,1,-1
186,11,638.11,469.37,69.06,102.09,0.8460,2,1,-1
186,13,219.39,571.71,85.68,111.86,0.9083,2,1,-1
186,21,404.59,307.69,38.79,66.44,0.8376,3,0,-1
186,24,149.78,445.75,43.77,102.91,0.9310,2,1,-1
186,55,295.94,509.04,32.88,83.65,0.8627,2,2,-1
186,66,788.54,401.27,47.63,84.81,0.9012,2,2,-1
186,68,1159.89,363.01,40.92,63.46,0.7800,2,2,-1
186,77,1709.46,635.28,61.67,82.79,0.8369,2,2,-1
186,80,508.10,404.82,40.87,86.05,0.8914,2,1,-1
186,82,1071.91,369.70,30.03,53.00,0.8071,2,2,-1
186,88,581.28,393.67,55.00,85.11,0.9133,2,2,-1
186,90,1797.09,407.43,71.35,98.43,0.9345,2,2,-1
186,0,1225.54,418.85,14.24,14.89,1.0,0,-1,-1
187,4,967.90,552.70,76.27,124.58,0.9381,3,0,-1
187,8,524.34,749.69,102.51,148.67,0.9266,2,1,-1
187,11,636.72,470.91,61.03,99.44,0.8377,2,1,-1
187,13,208.50,576.21,84.99,108.61,0.8817,2,1,-1
187,21,392.40,311.07,35.80,61.93,0.6926,3,0,-1
187,24,133.35,444.33,48.53,104.95,0.9204,2,1,-1
187,55,282.26,509.00,35.63,85.31,0.8828,2,2,-1
187,66,778.80,400.81,52.16,84.74,0.9080,2,2,-1
187,68,1156.36,367.90,35.20,57.72,0.7465,2,2,-1
187,77,1678.31,630.39,92.29,126.17,0.8295,2,2,-1
187,80,488.15,404.63,48.09,99.73,0.9057,2,1,-1
187,82,1061.42,408.09,30.18,45.65,0.8084,2,2,-1
187,88,566.64,393.40,57.19,82.86,0.8960,2,2,-1
187,90,1789.93,407.07,67.28,91.76,0.9253,2,2,-1
187,0,1220.97,419.01,14.10,13.43,1.0,0,-1,-1
188,4,960.53,551.49,82.41,116.94,0.9449,3,0,-1
188,8,526.66,752.37,95.18,147.91,0.8978,2,1,-1
188,11,641.92,471.35,48.03,99.19,0.9098,2,1,-1
188,13,196.63,575.22,83.93,111.39,0.8423,2,1,-1
188,21,381.35,311.17,32.90,62.18,0.8366,3,0,-1
188,24,114.97,443.14,55.28,108.32,0.9351,2,1,-1
188,63,267.58,508.15,40.98,102.22,0.8847,2,1,-1
188,66,772.79,401.44,51.25,83.53,0.8563,2,2,-1
188,68,1153.06,358.89,33.59,64.10,0.8560,2,2,-1
188,77,1679.81,630.16,95.44,121.52,0.9274,2,2,-1
188,80,471.22,405.35,51.80,98.28,0.8965,2,1,-1
188,82,1051.39,386.20,44.34,66.18,0.8657,2,2,-1
188,88,552.95,394.08,59.30,85.05,0.8987,2,2,-1
188,90,1783.61,405.44,64.45,97.67,0.9233,2,2,-1
188,0,1215.92,418.03,14.30,14.29,1.0,0,-1,-1
189,3,448.43,466.12,60.10,103.39,0.9256,2,2,-1
189,4,956.88,550.99,85.11,117.73,0.9245,3,0,-1
189,8,541.01,754.60,78.40,144.88,0.9290,2,1,-1
189,11,630.95,470.16,48.13,100.00,0.9136,2,1,-1
189,21,369.15,310.71,31.73,63.45,0.7790,3,0,-1
189,24,99.39,442.73,64.81,108.67,0.9372,2,1,-1
189,61,226.68,579.00,41.39,52.69,0.7225,2,-1,-1
189,63,253.90,506.64,39.87,105.73,0.8784,2,1,-1
189,66,773.30,402.46,44.77,74.62,0.5455,2,2,-1
189,68,1143.65,356.57,38.65,66.38,0.9068,2,2,-1
189,77,1698.44,628.64,83.50,124.70,0.8861,2,2,-1
189,82,1047.33,403.79,39.94,46.90,0.8116,2,2,-1
189,88,546.14,395.13,55.64,85.40,0.8795,2,2,-1
189,90,1780.88,403.24,57.04,99.54,0.9320,2,2,-1
189,0,1211.80,417.95,13.88,14.07,1.0,0,-1,-1
190,3,435.76,465.72,60.90,101.21,0.9282,2,2,-1
190,4,957.54,550.39,80.46,120.80,0.8963,3,0,-1
190,8,557.80,754.38,72.43,146.17,0.8806,2,1,-1
190,11,619.23,468.97,54.75,101.55,0.9349,2,1,-1
190,21,357.93,313.66,29.62,60.76,0.7705,3,0,-1
190,24,84.79,443.36,71.07,107.15,0.9382,2,1,-1
190,63,235.86,505.22,43.73,113.45,0.8939,2,1,-1
190,66,774.24,403.82,34.13,65.88,0.8368,2,2,-1
190,68,1134.33,356.87,46.95,67.99,0.9133,2,2,-1
190,77,1696.56,629.39,78.07,117.14,0.8688,2,2,-1
190,82,1038.86,369.36,60.23,77.16,0.8890,2,2,-1
190,88,545.79,395.56,45.39,67.72,0.7669,2,2,-1
190,90,1771.68,400.91,54.18,98.71,0.9157,2,2,-1
190,0,1208.06,418.38,13.36,12.98,1.0,0,-1,-1
191,3,427.38,465.43,65.22,100.63,0.9197,2,2,-1
191,4,956.06,551.25,79.00,121.07,0.6310,3,0,-1
191,8,550.91,753.89,77.74,144.38,0.9089,2,1,-1
191,11,607.79,468.10,60.04,102.87,0.9389,2,1,-1
191,21,342.84,310.75,30.98,63.89,0.6809,3,0,-1
191,24,71.87,445.32,70.04,105.80,0.9321,2,1,-1
191,63,225.76,504.89,43.67,111.85,0.9002,2,1,-1
191,66,770.16,403.77,34.79,68.56,0.8560,2,2,-1
191,68,1128.15,358.92,53.09,66.92,0.8813,2,2,-1
191,82,1046.67,369.71,55.96,74.97,0.7472,2,2,-1
191,88,541.82,394.44,48.82,79.35,0.8828,2,2,-1
191,90,1759.01,399.29,57.02,98.26,0.9172,2,2,-1
191,0,1751.84,482.38,16.20,18.17,1.0,0,-1,-1
192,4,972.37,551.40,52.93,119.96,0.9244,3,0,-1
192,8,545.90,753.85,89.77,143.22,0.9306,2,1,-1
192,11,599.64,468.84,71.12,101.46,0.9394,2,1,-1
192,21,328.54,310.81,32.04,64.02,0.8600,3,0,-1
192,24,60.15,448.05,64.78,104.72,0.9099,2,1,-1
192,63,215.84,505.80,41.20,112.35,0.8852,2,1,-1
192,66,764.98,403.10,33.88,63.75,0.8428,2,2,-1
192,68,1124.67,355.66,51.34,67.68,0.8684,2,2,-1
192,80,412.88,407.62,53.11,93.54,0.9245,2,1,-1
192,82,1047.66,369.16,47.19,65.46,0.6417,2,2,-1
192,88,531.14,392.20,50.00,82.62,0.8940,2,2,-1
192,90,1745.81,399.03,59.89,95.18,0.9168,2,2,-1
192,0,1199.62,415.32,13.95,13.93,1.0,0,-1,-1
193,4,967.65,549.64,53.54,120.38,0.9395,3,0,-1
193,8,541.30,753.63,98.75,139.66,0.9391,2,1,-1
193,11,591.01,469.33,72.68,103.31,0.9228,2,1,-1
193,13,155.97,580.18,69.12,105.81,0.8935,2,1,-1
193,21,313.96,306.75,36.59,67.93,0.8725,3,0,-1
193,24,54.98,449.70,57.10,102.52,0.8893,2,1,-1
193,63,204.42,508.03,38.28,108.39,0.8701,2,1,-1
193,66,746.61,408.10,42.47,78.14,0.7591,2,2,-1
193,68,1124.50,353.67,45.85,70.01,0.8371,2,2,-1
193,80,402.96,407.81,47.38,92.27,0.9152,2,1,-1
193,82,1049.40,369.56,32.76,57.08,0.8157,2,2,-1
193,88,516.48,389.62,53.93,83.77,0.8956,2,2,-1
193,90,1737.58,398.65,59.12,94.12,0.9099,2,2,-1
193,0,1195.18,414.75,13.49,13.47,1.0,0,-1,-1
194,3,407.03,467.52,59.66,99.12,0.8403,2,2,-1
194,4,956.25,546.41,64.63,123.89,0.9407,3,0,-1
194,8,558.88,753.16,102.80,148.53,0.9081,2,1,-1
194,11,586.55,471.01,65.68,102.32,0.8569,2,1,-1
194,13,145.69,594.65,68.52,89.65,0.8993,2,1,-1
194,21,301.49,306.77,38.48,67.53,0.8826,3,0,-1
194,24,50.50,450.25,49.22,101.92,0.9148,2,1,-1
194,63,185.33,510.76,39.99,102.65,0.8645,2,1,-1
194,66,734.80,401.26,49.71,85.97,0.9058,2,2,-1
194,68,1127.84,355.44,34.32,66.23,0.8709,2,2,-1
194,80,393.49,408.03,41.03,92.11,0.9103,2,1,-1
194,82,1047.28,369.99,30.01,60.23,0.8062,2,2,-1
194,88,503.15,387.71,60.14,85.08,0.9171,2,2,-1
194,90,1740.57,399.24,43.95,74.90,0.9187,2,2,-1
194,0,1685.78,736.75,22.17,19.07,1.0,0,-1,-1
195,3,404.47,466.79,52.77,97.41,0.8512,2,2,-1
195,4,943.34,543.77,74.23,121.52,0.9401,3,0,-1
195,8,554.72,753.75,103.56,152.69,0.9251,2,1,-1
195,11,583.05,471.80,56.31,100.45,0.8707,2,1,-1
195,13,133.77,604.52,65.23,78.06,0.8461,2,1,-1
195,21,286.08,311.21,37.21,62.73,0.7718,3,0,-1
195,24,38.77,449.47,46.45,103.60,0.9245,2,1,-1
195,55,170.99,512.75,44.50,97.68,0.8716,2,2,-1
195,66,719.89,401.10,58.24,85.98,0.8624,2,2,-1
195,68,1118.29,351.08,36.02,68.34,0.8238,2,-1,-1
195,77,1676.73,624.57,84.02,130.47,0.9398,2,2,-1
195,80,379.04,407.54,39.67,92.33,0.9193,2,1,-1
195,82,1042.01,369.19,31.35,65.50,0.7847,2,2,-1
195,88,491.31,386.39,62.39,86.36,0.8756,2,2,-1
195,90,1725.25,398.41,44.92,80.06,0.9189,2,2,-1
195,0,1673.08,729.70,18.50,23.45,1.0,0,-1,-1
196,3,392.83,464.01,53.56,101.79,0.9095,2,2,-1
196,4,936.19,543.01,85.65,114.84,0.9431,3,0,-1
196,8,556.71,758.29,90.27,147.86,0.9335,2,1,-1
196,11,583.81,471.70,44.95,100.74,0.9131,2,1,-1
196,13,117.99,598.46,73.33,88.06,0.6736,2,1,-1
196,21,271.52,314.15,35.29,59.60,0.8401,3,0,-1
196,24,17.92,447.86,50.58,106.17,0.9318,2,1,-1
196,55,157.01,512.90,44.50,99.19,0.8395,2,2,-1
196,66,712.80,401.59,58.22,87.35,0.7733,2,2,-1
196,68,1105.44,355.35,42.96,64.81,0.9071,2,1,-1
196,77,1678.51,623.60,83.65,129.36,0.9366,2,2,-1
196,80,360.53,406.18,42.72,93.61,0.9017,2,1,-1
196,82,1019.66,369.21,45.83,81.79,0.8526,2,2,-1
196,88,489.76,386.07,56.13,87.02,0.8394,2,2,-1
196,90,1713.97,396.20,42.87,90.10,0.9189,2,2,-1
196,0,1660.06,717.82,17.82,24.23,1.0,0,-1,-1
197,3,375.40,462.97,52.08,103.31,0.9109,2,2,-1
197,4,929.80,542.05,89.06,114.51,0.9228,3,0,-1
197,8,583.80,759.92,71.91,145.06,0.9136,2,1,-1
197,11,569.84,469.89,47.76,102.12,0.9221,2,1,-1
197,21,255.13,315.61,34.44,59.60,0.7713,3,0,-1
197,24,0.16,447.13,52.78,109.39,0.9197,2,1,-1
197,55,143.11,512.13,44.19,100.06,0.8268,2,2,-1
197,66,720.52,403.02,34.31,58.84,0.8067,2,2,-1
197,68,1093.54,351.20,51.58,68.99,0.9137,2,1,-1
197,77,1676.68,623.17,86.91,124.27,0.9226,2,2,-1
197,78,479.32,386.91,47.17,73.41,0.6955,2,2,-1
197,80,338.45,404.73,48.91,94.96,0.9237,2,1,-1
197,82,1009.37,368.21,57.53,81.49,0.9172,2,2,-1
197,90,1699.34,394.16,42.91,94.50,0.9042,2,2,-1
197,0,1162.50,412.36,14.50,14.15,1.0,0,-1,-1
198,3,358.32,460.82,56.78,101.39,0.9269,2,2,-1
198,4,923.96,541.29,85.32,116.69,0.9075,3,0,-1
198,8,573.02,757.66,78.26,149.34,0.9155,2,1,-1
198,11,554.10,468.20,54.71,104.42,0.9327,2,1,-1
198,24,1.42,478.82,42.42,80.30,0.8853,2,1,-1
198,55,130.57,511.04,36.15,78.90,0.8296,2,2,-1
198,66,707.46,403.51,35.29,60.98,0.5696,2,2,-1
198,68,1087.16,351.99,48.39,68.51,0.8363,2,1,-1
198,77,1681.51,623.18,80.43,126.02,0.8740,2,2,-1
198,78,480.20,387.94,31.46,66.57,0.8795,2,2,-1
198,80,318.00,402.82,52.44,97.12,0.9314,2,1,-1
198,82,999.97,367.55,64.93,82.53,0.8809,2,2,-1
198,90,1674.49,392.12,53.53,97.53,0.9132,2,2,-1
198,0,1152.93,410.67,13.90,13.83,1.0,0,-1,-1
199,3,342.82,459.83,63.81,100.66,0.9269,2,2,-1
199,4,922.36,542.60,73.86,116.31,0.9140,3,0,-1
199,8,561.98,755.53,92.61,149.42,0.9272,2,1,-1
199,11,538.16,466.91,63.47,104.72,0.9404,2,1,-1
199,21,223.09,315.58,34.47,59.40,0.6433,3,0,-1
199,24,-3.84,447.27,42.31,110.93,0.9103,2,1,-1
199,55,113.67,509.85,37.37,83.82,0.8532,2,2,-1
199,66,701.25,402.87,32.95,62.82,0.8531,2,2,-1
199,68,1087.73,371.79,33.38,48.74,0.7806,2,1,-1
199,77,1689.07,625.40,55.97,92.88,0.7581,2,2,-1
199,78,469.20,387.48,32.11,65.71,0.8864,2,2,-1
199,80,299.31,402.17,55.89,97.82,0.9203,2,1,-1
199,82,1008.26,368.08,57.91,81.05,0.8058,2,2,-1
199,90,1668.42,390.32,50.83,96.50,0.9169,2,2,-1
199,0,1142.54,409.06,14.66,14.76,1.0,0,-1,-1
200,3,332.06,460.84,64.68,100.44,0.8966,2,2,-1
200,4,928.48,541.48,66.63,115.85,0.9168,3,0,-1
200,8,553.91,755.88,99.44,143.82,0.9382,2,1,-1
200,11,525.80,467.21,75.08,105.00,0.9369,2,1,-1
200,21,203.83,313.84,36.29,61.89,0.8644,3,0,-1
200,24,-9.89,466.53,34.03,93.40,0.5728,2,1,-1
200,66,694.15,401.31,29.87,59.58,0.8091,2,2,-1
200,68,1079.80,350.68,35.50,66.42,0.8821,2,1,-1
200,77,1700.13,623.49,49.16,80.85,0.7816,2,2,-1
200,80,281.76,402.03,57.86,97.18,0.9287,2,1,-1
200,88,446.41,385.59,47.37,80.03,0.8643,2,2,-1
200,90,1643.87,388.71,64.52,97.45,0.9216,2,2,-1
200,98,86.53,570.85,52.92,90.16,0.8702,2,-1,-1
200,0,1133.32,408.68,16.18,15.44,1.0,0,-1,-1
201,3,318.04,462.37,65.28,100.40,0.8300,2,2,-1
201,4,930.72,539.02,61.07,120.04,0.9391,3,0,-1
201,8,587.72,754.52,86.85,151.84,0.9207,2,1,-1
201,11,515.01,468.55,76.25,104.84,0.8962,2,1,-1
201,21,187.01,310.36,39.60,64.49,0.9080,3,0,-1
201,66,668.78,399.50,48.11,87.27,0.9049,2,2,-1
201,68,1069.00,348.21,38.42,69.23,0.8697,2,1,-1
201,77,1686.67,620.36,62.28,89.22,0.8758,2,2,-1
201,80,266.64,403.04,55.31,95.52,0.9228,2,1,-1
201,88,431.03,384.18,51.77,86.33,0.8897,2,2,-1
201,90,1629.94,388.69,68.12,96.72,0.9229,2,2,-1
201,98,61.46,566.36,72.04,119.21,0.9249,2,-1,-1
201,0,1125.05,408.24,15.27,14.54,1.0,0,-1,-1
202,3,326.51,464.34,47.05,78.33,0.7031,2,2,-1
202,4,919.27,535.80,65.37,121.99,0.9366,3,0,-1
202,8,570.21,754.64,101.33,155.24,0.9198,2,1,-1
202,11,513.28,470.52,67.21,102.32,0.8058,2,1,-1
202,21,171.29,308.86,42.35,66.26,0.8174,3,0,-1
202,55,68.17,513.12,36.40,83.88,0.8374,2,2,-1
202,66,658.73,399.00,55.17,89.39,0.9074,2,2,-1
202,68,1057.01,348.05,44.79,68.32,0.9185,2,1,-1
202,77,1682.03,616.95,63.74,91.47,0.8821,2,2,-1
202,80,255.80,404.80,51.47,93.24,0.9229,2,1,-1
202,88,414.13,383.25,58.73,86.16,0.9180,2,2,-1
202,90,1619.13,388.45,64.23,93.41,0.9198,2,2,-1
202,98,48.21,566.44,76.91,120.19,0.9148,2,-1,-1
202,0,1655.77,727.26,23.04,19.47,1.0,0,-1,-1
203,3,324.06,465.57,35.53,74.71,0.8705,2,2,-1
203,4,908.02,533.24,72.78,120.88,0.9504,3,0,-1
203,8,566.23,760.44,95.96,150.09,0.9081,2,1,-1
203,11,520.97,472.88,50.70,102.80,0.8417,2,1,-1
203,21,158.87,308.46,41.79,66.84,0.8070,3,0,-1
203,55,55.43,515.64,33.85,78.00,0.8335,2,2,-1
203,66,644.22,399.76,63.22,89.04,0.8833,2,2,-1
203,68,1048.65,347.51,48.37,69.21,0.8950,2,1,-1
203,77,1659.76,614.94,83.76,112.13,0.9388,2,2,-1
203,80,247.15,405.55,48.42,92.32,0.9109,2,1,-1
203,82,978.69,371.36,53.53,78.98,0.8710,2,2,-1
203,88,402.64,383.18,65.03,84.90,0.9178,2,2,-1
203,90,1613.38,387.32,57.49,94.45,0.9273,2,2,-1
203,98,34.74,567.09,82.43,119.54,0.9266,2,2,-1
203,0,1109.52,407.08,14.46,14.56,1.0,0,-1,-1
204,3,307.85,465.00,43.32,80.73,0.8851,2,2,-1
204,4,899.87,531.51,78.35,115.15,0.9496,3,0,-1
204,8,581.19,762.12,83.54,148.35,0.8429,2,1,-1
204,11,514.03,473.38,45.22,101.44,0.8686,2,1,-1
204,21,145.75,313.11,38.87,62.85,0.7067,3,0,-1
204,55,42.03,516.89,36.80,79.74,0.8730,2,2,-1
204,68,1042.26,348.90,47.20,68.18,0.8870,2,1,-1
204,77,1647.58,612.94,91.25,109.87,0.9289,2,2,-1
204,80,237.62,405.68,43.16,93.14,0.9179,2,1,-1
204,82,972.12,369.69,58.93,77.73,0.8806,2,2,-1
204,88,394.23,383.98,64.45,83.01,0.8624,2,2,-1
204,90,1611.68,385.08,48.91,97.59,0.9247,2,2,-1
204,98,24.18,568.16,81.13,118.58,0.8363,2,2,-1
204,0,1102.17,406.69,14.31,15.40,1.0,0,-1,-1
205,3,302.57,462.77,41.87,71.45,0.8442,2,2,-1
205,4,901.59,529.98,78.22,115.11,0.9190,3,0,-1
205,8,599.45,763.33,66.94,148.24,0.9009,2,1,-1
205,11,502.93,472.60,48.18,102.16,0.9189,2,1,-1
205,63,23.94,516.86,45.36,101.75,0.8851,2,1,-1
205,66,632.41,407.42,59.33,85.71,0.5208,2,2,-1
205,68,1041.55,349.65,39.89,67.85,0.8722,2,1,-1
205,77,1637.01,612.22,100.93,125.97,0.9218,2,2,-1
205,80,221.82,404.10,44.35,94.58,0.9251,2,1,-1
205,82,983.32,369.49,34.19,48.73,0.8322,2,2,-1
205,88,392.82,385.17,57.67,83.86,0.8107,2,2,-1
205,90,1601.88,382.67,46.58,99.53,0.9113,2,2,-1
205,0,1093.20,406.57,15.13,14.62,1.0,0,-1,-1
206,3,276.09,460.33,59.33,101.46,0.9193,2,2,-1
206,4,897.04,529.18,74.44,117.93,0.9185,3,0,-1
206,8,598.28,811.46,63.26,98.36,0.8823,2,1,-1
206,11,489.64,471.07,53.31,103.75,0.9213,2,1,-1
206,63,4.72,516.29,47.52,109.05,0.8872,2,1,-1
206,66,645.10,403.77,38.47,67.25,0.8308,2,2,-1
206,68,1043.48,350.65,31.04,65.82,0.8795,2,1,-1
206,77,1639.88,612.66,92.69,121.96,0.8818,2,2,-1
206,80,203.97,401.99,46.40,96.42,0.8858,2,1,-1
206,88,399.09,385.56,33.20,60.25,0.8801,2,2,-1
206,90,1591.31,381.00,44.83,98.48,0.9172,2,2,-1
206,0,1085.18,405.57,14.95,14.42,1.0,0,-1,-1
207,3,261.07,458.96,64.13,103.11,0.9323,2,2,-1
207,4,894.52,529.85,69.87,119.13,0.9008,3,0,-1
207,8,582.52,759.95,95.17,147.57,0.9377,2,1,-1
207,11,476.93,470.77,59.90,105.21,0.9278,2,1,-1
207,21,107.65,311.50,35.18,64.99,0.8530,3,0,-1
207,22,36.10,570.07,39.81,82.52,0.8640,2,1,-1
207,63,-5.08,514.70,44.71,111.90,0.7862,2,-1,-1
207,66,639.42,402.49,35.69,63.63,0.8673,2,2,-1
207,68,1032.63,355.89,32.54,58.85,0.8584,2,1,-1
207,77,1663.88,614.45,65.99,90.41,0.6966,2,2,-1
207,80,185.95,400.46,49.92,98.30,0.9108,2,1,-1
207,88,387.21,385.10,33.47,63.93,0.8410,2,2,-1
207,90,1577.29,379.69,46.92,99.92,0.9242,2,2,-1
207,103,973.60,367.13,41.94,59.89,0.6527,2,-1,-1
207,0,1077.30,404.46,14.30,13.72,1.0,0,-1,-1
208,3,249.07,458.62,66.71,102.52,0.9274,2,2,-1
208,4,900.89,529.59,57.75,118.80,0.9282,3,0,-1
208,8,581.98,759.16,99.27,145.28,0.9408,2,1,-1
208,11,465.70,469.76,73.65,104.79,0.9299,2,1,-1
208,21,90.23,309.71,35.83,66.88,0.8200,3,0,-1
208,22,13.71,566.84,52.77,113.18,0.8736,2,1,-1
208,63,-4.81,513.50,31.33,112.71,0.8750,2,2,-1
208,66,625.34,401.65,44.26,81.81,0.8004,2,2,-1
208,68,1020.12,344.81,41.11,66.39,0.9005,2,1,-1
208,77,1666.57,613.47,48.57,94.88,0.8875,2,2,-1
208,80,169.83,399.39,55.47,98.50,0.9270,2,1,-1
208,88,370.61,382.17,41.59,86.47,0.8630,2,2,-1
208,90,1568.96,379.58,44.58,98.49,0.9069,2,2,-1
208,103,975.45,368.21,32.26,57.11,0.8274,2,-1,-1
208,0,611.91,479.45,16.60,14.07,1.0,0,-1,-1
209,3,238.64,458.72,67.12,102.58,0.8558,2,2,-1
209,4,897.65,529.03,51.50,119.29,0.9423,3,0,-1
209,8,613.04,760.35,91.65,148.87,0.9253,2,1,-1
209,11,454.88,471.13,66.43,96.08,0.8370,2,1,-1
209,21,72.93,309.42,37.63,68.25,0.8300,3,0,-1
209,22,0.21,564.33,55.30,120.28,0.9186,2,1,-1
209,66,605.81,400.36,52.02,91.12,0.9059,2,2,-1
209,68,1009.89,342.65,46.81,68.33,0.9012,2,1,-1
209,77,1665.90,611.31,45.04,94.29,0.7997,2,2,-1
209,80,153.88,399.04,60.23,98.93,0.9331,2,1,-1
209,88,357.25,379.50,43.53,87.78,0.8502,2,2,-1
209,90,1557.40,379.85,42.69,95.61,0.9189,2,2,-1
209,103,973.95,368.93,28.62,59.49,0.8515,2,-1,-1
209,105,1854.96,501.89,55.45,92.99,0.9131,2,-1,-1
209,0,1059.81,402.13,14.61,13.96,1.0,0,-1,-1
210,3,227.89,459.90,64.89,102.41,0.8375,2,2,-1
210,4,884.91,525.70,59.58,122.15,0.9455,3,0,-1
210,8,598.48,761.87,101.02,151.89,0.9109,2,1,-1
210,11,451.40,473.02,66.11,105.26,0.8860,2,1,-1
210,21,54.67,309.00,42.64,67.93,0.8931,3,0,-1
210,22,-1.59,563.62,48.52,122.45,0.9149,2,1,-1
210,66,594.38,400.58,57.86,90.10,0.9049,2,2,-1
210,68,1001.41,338.88,54.17,74.55,0.8855,2,1,-1
210,77,1635.93,607.36,70.44,129.54,0.9256,2,2,-1
210,80,139.46,399.91,59.84,98.89,0.9198,2,1,-1
210,88,341.39,378.40,50.07,87.25,0.9014,2,2,-1
210,90,1547.44,380.49,40.32,89.90,0.9112,2,2,-1
210,103,970.92,368.11,27.84,55.22,0.7514,2,2,-1
210,105,1837.46,501.55,61.02,98.26,0.9177,2,-1,-1
210,0,586.26,466.58,14.13,18.97,1.0,0,-1,-1
211,3,236.07,461.34,44.34,70.29,0.7852,2,2,-1
211,4,872.59,523.32,68.06,119.03,0.9452,3,0,-1
211,8,593.17,763.40,94.15,148.38,0.8665,2,1,-1
211,11,450.45,474.19,56.47,103.21,0.8659,2,1,-1
211,21,45.73,310.27,40.79,65.50,0.6190,3,0,-1
211,22,-1.57,564.79,41.30,120.69,0.9185,2,1,-1
211,66,580.82,401.59,60.11,89.18,0.8132,2,2,-1
211,68,995.79,342.79,52.32,69.55,0.8791,2,1,-1
211,77,1625.34,606.20,81.07,127.83,0.9339,2,2,-1
211,80,127.64,401.66,53.35,96.44,0.9081,2,1,-1
211,88,331.64,377.24,57.42,86.74,0.9157,2,2,-1
211,90,1535.58,379.79,41.46,95.90,0.9204,2,2,-1
211,103,947.63,367.26,50.28,80.39,0.9107,2,2,-1
211,105,1816.77,499.82,70.93,99.38,0.9371,2,-1,-1
211,0,1040.56,399.16,15.23,15.91,1.0,0,-1,-1
212,3,220.72,461.11,55.61,102.80,0.8988,2,2,-1
212,4,864.18,521.12,79.48,115.59,0.9508,3,0,-1
212,8,611.08,765.20,86.78,149.19,0.8902,2,1,-1
212,11,452.32,473.68,47.89,103.69,0.8971,2,1,-1
212,22,-2.84,567.04,34.72,119.96,0.8892,2,1,-1
212,66,579.43,403.26,54.58,82.57,0.5319,2,2,-1
212,68,986.53,340.85,50.26,72.22,0.8616,2,1,-1
212,77,1618.81,605.80,92.35,122.44,0.9133,2,2,-1
212,80,119.19,403.06,46.38,95.05,0.9127,2,1,-1
212,88,317.12,376.74,62.10,83.81,0.8792,2,2,-1
212,90,1522.18,378.68,43.43,96.65,0.9201,2,2,-1
212,103,934.91,364.77,65.07,83.14,0.9198,2,2,-1
212,105,1802.32,497.79,76.12,97.53,0.9359,2,2,-1
212,0,1032.72,400.77,14.92,15.07,1.0,0,-1,-1
213,3,216.37,459.60,50.24,104.01,0.9103,2,2,-1
213,4,859.24,521.25,87.69,113.36,0.9300,3,0,-1
213,8,623.22,762.97,81.22,151.23,0.9230,2,1,-1
213,11,442.11,472.86,49.93,104.39,0.9241,2,1,-1
213,22,-6.35,579.12,28.04,109.41,0.7660,2,1,-1
213,66,591.34,405.33,32.00,55.47,0.8085,2,2,-1
213,68,989.05,339.76,42.25,72.70,0.8202,2,1,-1
213,77,1633.49,605.92,86.82,125.33,0.8682,2,2,-1
213,80,111.97,403.65,40.54,95.29,0.9211,2,1,-1
213,88,326.23,378.25,40.79,66.27,0.8502,2,2,-1
213,90,1507.20,376.97,52.25,97.02,0.9272,2,2,-1
213,103,940.37,366.92,63.65,82.90,0.8614,2,2,-1
213,105,1824.46,525.96,82.54,118.20,0.9304,2,2,-1
213,0,1026.85,401.17,13.52,14.68,1.0,0,-1,-1
214,3,211.90,457.79,39.61,85.48,0.8578,2,2,-1
214,4,859.41,521.69,84.10,114.63,0.9273,3,0,-1
214,8,617.54,761.09,83.55,154.03,0.8765,2,1,-1
214,11,432.01,471.19,54.58,105.88,0.9250,2,1,-1
214,66,584.12,405.55,35.00,67.79,0.7912,2,2,-1
214,68,988.45,339.55,31.79,72.76,0.8640,2,1,-1
214,77,1640.58,607.73,74.16,123.52,0.8358,2,2,-1
214,80,100.02,402.57,39.84,95.91,0.9263,2,1,-1
214,88,324.37,379.31,32.84,66.58,0.8721,2,2,-1
214,90,1494.43,375.80,58.56,96.46,0.9239,2,2,-1
214,103,945.01,367.02,54.76,80.26,0.7828,2,2,-1
214,105,1816.72,524.39,79.09,105.25,0.9259,2,2,-1
214,0,1021.14,401.10,14.04,14.36,1.0,0,-1,-1
215,3,188.62,455.48,59.04,106.19,0.9324,2,2,-1
215,4,858.34,522.45,75.36,115.93,0.9146,3,0,-1
215,8,611.70,757.15,95.83,149.07,0.9333,2,1,-1
215,11,418.92,469.93,64.31,105.47,0.9371,2,1,-1
215,66,582.73,404.32,29.73,62.88,0.8542,2,2,-1
215,68,981.47,337.81,31.05,72.40,0.8646,2,1,-1
215,77,1654.29,608.08,54.89,89.87,0.8831,2,2,-1
215,80,83.01,400.98,45.15,98.15,0.9280,2,1,-1
215,88,317.05,379.15,30.94,66.41,0.8617,2,2,-1
215,90,1481.99,374.69,59.96,96.25,0.9278,2,2,-1
215,103,946.05,367.38,42.80,65.87,0.5625,2,2,-1
215,105,1804.43,522.80,81.20,94.48,0.9198,2,2,-1
215,0,1012.03,401.29,14.37,13.74,1.0,0,-1,-1
216,3,176.47,455.44,64.14,103.75,0.9348,2,2,-1
216,4,863.10,522.55,65.37,114.99,0.9138,3,0,-1
216,8,613.23,756.23,99.27,151.84,0.9241,2,1,-1
216,11,407.95,469.48,78.14,106.09,0.9347,2,1,-1
216,66,567.10,403.17,37.54,79.03,0.6817,2,2,-1
216,68,972.17,359.13,29.44,52.44,0.8450,2,1,-1
216,77,1641.99,605.25,69.08,123.71,0.8821,2,2,-1
216,80,63.87,399.43,50.98,100.23,0.9301,2,1,-1
216,88,304.58,378.90,37.73,80.42,0.8896,2,2,-1
216,90,1471.24,374.91,59.29,95.82,0.9243,2,2,-1
216,103,935.48,366.59,41.25,73.05,0.7912,2,2,-1
216,105,1793.20,523.93,83.55,90.83,0.8788,2,2,-1
216,0,552.60,480.02,17.13,17.66,1.0,0,-1,-1
217,3,162.48,456.19,70.89,104.73,0.9362,2,2,-1
217,4,867.68,520.70,57.11,117.76,0.9067,3,0,-1
217,8,648.05,758.05,87.58,154.81,0.9162,2,1,-1
217,11,399.68,471.69,80.66,106.80,0.9196,2,1,-1
217,66,548.14,403.13,52.60,90.54,0.9247,2,2,-1
217,68,965.65,337.87,41.68,74.98,0.8450,2,1,-1
217,77,1647.63,602.96,51.79,88.31,0.6811,2,2,-1
217,80,48.01,398.71,58.66,101.06,0.9287,2,1,-1
217,88,291.93,378.28,42.42,85.96,0.8771,2,2,-1
217,90,1464.09,375.77,53.04,93.05,0.9161,2,2,-1
217,105,1779.50,524.21,88.49,95.95,0.8441,2,2,-1
217,0,539.81,476.15,15.20,19.30,1.0,0,-1,-1
218,3,153.31,458.52,68.92,102.92,0.8970,2,2,-1
218,4,860.78,516.62,58.31,121.54,0.9373,3,0,-1
218,8,633.81,761.77,94.92,155.89,0.8911,2,1,-1
218,11,395.54,473.66,71.11,104.89,0.8864,2,1,-1
218,66,541.99,403.03,55.78,92.31,0.8919,2,2,-1
218,68,958.83,337.22,41.89,75.72,0.8805,2,1,-1
218,77,1623.81,599.62,76.04,120.20,0.9264,2,2,-1
218,80,31.85,398.77,64.70,100.56,0.9360,2,1,-1
218,88,272.89,376.49,52.11,88.67,0.9250,2,2,-1
218,90,1458.57,374.94,46.70,94.11,0.9165,2,2,-1
218,103,922.43,366.63,46.90,81.95,0.8225,2,2,-1
218,0,528.93,470.26,13.92,18.08,1.0,0,-1,-1
219,3,159.61,460.44,53.86,85.98,0.7210,2,2,-1
219,4,850.16,513.62,64.45,122.33,0.9357,3,0,-1
219,8,636.34,763.33,80.55,154.04,0.9227,2,1,-1
219,11,394.45,475.32,63.22,102.81,0.8273,2,1,-1
219,66,548.64,403.75,38.76,69.13,0.7645,2,2,-1
219,68,952.48,337.90,39.60,73.57,0.8328,2,1,-1
219,77,1616.66,596.51,76.91,108.22,0.9306,2,2,-1
219,80,16.93,399.38,66.51,98.89,0.9324,2,1,-1
219,88,264.01,376.24,55.11,86.84,0.9142,2,2,-1
219,90,1453.18,373.19,41.57,95.41,0.9173,2,2,-1
219,103,921.64,364.88,34.85,58.15,0.5823,2,2,-1
219,105,1747.96,522.48,84.56,95.02,0.8511,2,2,-1
219,0,254.30,446.81,15.09,18.71,1.0,0,-1,-1
220,3,156.43,461.21,40.18,77.31,0.8560,2,2,-1
220,4,839.42,512.15,69.56,115.54,0.9443,3,0,-1
220,8,653.07,763.90,71.64,152.17,0.8284,2,1,-1
220,11,400.18,475.39,48.11,103.18,0.9155,2,1,-1
220,66,545.12,406.01,33.78,68.38,0.8185,2,2,-1
220,68,947.83,344.82,33.81,66.61,0.8178,2,1,-1
220,77,1600.32,594.82,88.86,123.47,0.9007,2,2,-1
220,80,3.02,400.73,60.80,98.12,0.9071,2,1,-1
220,88,251.57,376.43,59.27,84.14,0.9018,2,2,-1
220,90,1439.97,370.09,42.10,97.91,0.9054,2,2,-1
220,105,1736.25,525.63,79.91,91.92,0.8902,2,2,-1
220,0,240.59,441.74,13.59,16.04,1.0,0,-1,-1
221,3,146.04,460.53,42.20,77.98,0.8495,2,2,-1
221,4,832.47,511.63,72.53,112.41,0.9286,3,0,-1
221,8,658.26,813.54,59.19,103.29,0.8501,2,1,-1
221,11,390.11,475.01,48.26,103.53,0.9317,2,1,-1
221,15,4.28,402.11,38.30,97.71,0.8931,2,2,-1
221,66,542.27,407.55,32.15,65.55,0.8636,2,2,-1
221,68,930.68,370.92,34.41,61.80,0.7027,2,1,-1
221,77,1618.03,596.01,71.95,122.61,0.8965,2,2,-1
221,88,233.85,377.16,63.72,85.62,0.8985,2,2,-1
221,90,1426.75,369.43,42.55,97.43,0.9066,2,2,-1
221,105,1719.80,518.38,77.96,98.87,0.9340,2,2,-1
221,0,960.05,400.08,14.06,14.06,1.0,0,-1,-1
222,3,129.86,458.83,49.27,100.82,0.8830,2,2,-1
222,4,827.17,511.70,75.97,113.10,0.9072,3,0,-1
222,8,640.42,761.85,88.13,155.02,0.8779,2,1,-1
222,11,376.48,473.74,55.33,104.58,0.9393,2,1,-1
222,15,-1.94,402.76,32.51,97.83,0.8845,2,2,-1
222,66,532.13,407.33,34.24,67.87,0.8600,2,2,-1
222,68,923.22,363.69,30.12,51.63,0.6928,2,1,-1
222,77,1623.18,598.54,51.42,87.44,0.8727,2,2,-1
222,88,225.81,378.66,62.86,87.29,0.8560,2,2,-1
222,90,1416.36,369.39,41.91,95.06,0.8944,2,2,-1
222,105,1704.35,515.64,78.91,97.91,0.9267,2,2,-1
222,0,950.33,399.15,13.93,13.52,1.0,0,-1,-1
223,3,110.14,456.91,58.73,104.53,0.9342,2,2,-1
223,4,822.20,513.32,73.24,114.98,0.9198,3,0,-1
223,8,638.12,761.39,97.95,147.40,0.9330,2,1,-1
223,11,364.54,473.83,63.93,104.53,0.9272,2,1,-1
223,15,-5.55,431.74,21.55,71.40,0.7129,2,2,-1
223,66,524.52,407.19,32.93,62.55,0.8395,2,2,-1
223,68,912.75,343.46,36.40,63.91,0.7980,2,1,-1
223,77,1619.64,598.94,48.15,89.60,0.8995,2,2,-1
223,78,-1.86,398.30,18.32,46.82,0.5064,2,2,-1
223,88,238.47,379.74,38.71,61.54,0.8031,2,2,-1
223,90,1404.28,369.88,42.95,92.20,0.8967,2,2,-1
223,105,1693.10,512.87,80.27,98.16,0.9285,2,2,-1
223,0,505.10,486.44,20.99,14.56,1.0,0,-1,-1
224,3,95.51,455.71,63.61,105.11,0.9339,2,2,-1
224,4,824.99,513.20,65.04,115.00,0.9083,3,0,-1
224,8,640.89,759.52,106.46,150.99,0.9182,2,1,-1
224,11,353.87,473.29,78.27,104.14,0.9416,2,1,-1
224,66,498.08,405.31,51.50,91.81,0.8900,2,2,-1
224,68,901.52,340.81,39.46,65.03,0.7943,2,1,-1
224,77,1616.69,596.94,42.96,90.37,0.8853,2,2,-1
224,88,224.28,379.02,42.16,67.68,0.8123,2,2,-1
224,90,1394.15,371.23,38.88,71.72,0.9002,2,2,-1
224,105,1689.80,511.06,75.57,96.95,0.8977,2,-1,-1
224,0,493.14,480.97,16.07,18.49,1.0,0,-1,-1
225,3,81.98,455.21,69.87,104.54,0.9376,2,2,-1
225,4,831.80,512.38,50.16,115.04,0.9130,3,0,-1
225,8,673.54,761.48,90.09,151.80,0.9122,2,1,-1
225,11,344.73,473.27,80.45,106.30,0.9135,2,1,-1
225,66,493.00,404.57,53.31,92.09,0.8824,2,2,-1
225,68,890.69,336.19,39.31,60.40,0.8512,2,1,-1
225,77,1606.77,593.51,45.05,91.92,0.8402,2,2,-1
225,88,217.37,377.41,42.89,80.37,0.8739,2,2,-1
225,90,1381.16,371.10,40.99,76.61,0.9000,2,2,-1
225,105,1690.85,508.76,66.71,97.53,0.8993,2,1,-1
225,0,479.40,473.62,15.49,21.72,1.0,0,-1,-1
226,3,71.38,455.59,71.05,105.23,0.9201,2,2,-1
226,4,821.77,510.08,48.38,116.36,0.9351,3,0,-1
226,8,652.67,763.24,94.38,151.86,0.8881,2,1,-1
226,11,337.90,476.08,70.95,105.31,0.8951,2,1,-1
226,66,481.78,405.39,57.25,92.30,0.8208,2,2,-1
226,68,890.97,341.60,30.57,48.73,0.7451,2,1,-1
226,77,1584.94,591.42,63.92,126.14,0.9262,2,2,-1
226,88,199.22,375.08,49.94,89.51,0.8945,2,2,-1
226,90,1367.90,371.10,41.52,84.97,0.9026,2,2,-1
226,105,1689.25,506.82,52.72,98.69,0.9179,2,1,-1
226,116,1729.65,477.38,42.20,86.33,0.7946,2,-1,-1
226,0,1581.23,697.46,18.33,19.88,1.0,0,-1,-1
227,3,60.18,458.11,66.46,104.77,0.9064,2,2,-1
227,4,808.60,508.28,55.75,118.81,0.9405,3,0,-1
227,8,656.03,764.67,86.59,151.08,0.9108,2,1,-1
227,11,343.45,478.35,61.45,102.35,0.7496,2,1,-1
227,68,885.74,345.23,29.36,48.39,0.7676,2,1,-1
227,77,1575.84,590.71,73.12,124.02,0.9330,2,2,-1
227,88,185.35,373.57,52.33,90.03,0.9145,2,2,-1
227,90,1356.29,370.28,41.43,90.49,0.9058,2,2,-1
227,105,1677.59,504.94,51.63,99.58,0.9172,2,1,-1
227,116,1722.21,476.42,42.39,102.83,0.9131,2,-1,-1
227,117,881.24,377.96,55.17,70.25,0.8931,2,-1,-1
227,0,177.83,450.33,18.19,18.77,1.0,0,-1,-1
228,3,56.16,459.62,62.54,105.04,0.8710,2,2,-1
228,4,795.39,505.83,64.82,116.06,0.9396,3,0,-1
228,8,677.06,764.47,76.35,151.16,0.8455,2,1,-1
228,11,342.35,478.10,46.10,102.56,0.9013,2,1,-1
228,77,1577.53,589.24,75.67,120.34,0.9192,2,2,-1
228,88,174.83,373.13,56.60,89.16,0.9123,2,2,-1
228,90,1342.85,368.26,39.88,91.65,0.9129,2,2,-1
228,105,1664.22,502.33,56.62,101.79,0.9319,2,1,-1
228,116,1713.93,475.30,43.43,105.37,0.8922,2,-1,-1
228,117,870.57,367.93,67.27,77.01,0.8745,2,-1,-1
228,0,1556.50,678.31,16.89,21.70,1.0,0,-1,-1
229,3,53.12,459.65,51.18,92.60,0.8051,2,2,-1
229,4,785.48,504.50,76.71,112.41,0.9246,3,0,-1
229,8,671.54,761.96,75.55,153.60,0.9200,2,1,-1
229,11,331.73,475.05,49.25,104.99,0.9297,2,1,-1
229,77,1580.66,590.32,69.47,117.83,0.9005,2,2,-1
229,88,159.81,372.96,60.95,88.54,0.9106,2,2,-1
229,90,1329.84,366.55,43.58,93.53,0.9214,2,2,-1
229,105,1653.22,499.17,66.39,102.23,0.9209,2,1,-1
229,116,1709.81,474.46,40.09,79.23,0.8569,2,2,-1
229,117,876.28,366.28,57.97,75.85,0.8541,2,-1,-1
230,3,44.02,457.46,50.97,106.64,0.9052,2,2,-1
230,4,777.02,504.00,79.77,110.88,0.8955,3,0,-1
230,8,662.37,761.05,86.40,153.27,0.9294,2,1,-1
230,11,318.37,473.44,55.75,107.23,0.9368,2,1,-1
230,77,1566.68,591.10,67.44,117.69,0.8725,2,2,-1
230,88,150.23,373.50,58.79,88.70,0.8367,2,2,-1
230,90,1314.33,365.25,49.63,93.02,0.9276,2,2,-1
230,105,1642.96,498.18,74.30,103.91,0.9290,2,1,-1
230,117,870.03,366.48,46.98,64.76,0.7458,2,2,-1
230,118,473.06,408.56,27.43,65.78,0.8570,2,-1,-1
230,0,1312.13,442.66,16.19,17.55,1.0,0,-1,-1
231,3,31.28,455.99,48.03,102.94,0.8802,2,2,-1
231,4,768.11,504.68,77.43,112.23,0.9178,3,0,-1
231,8,659.65,758.69,94.45,149.75,0.9250,2,1,-1
231,11,303.57,473.03,64.07,106.11,0.9359,2,1,-1
231,68,838.92,352.06,31.44,52.55,0.7693,2,1,-1
231,77,1573.96,592.81,47.86,88.28,0.7705,2,2,-1
231,88,153.25,375.51,39.03,69.41,0.8152,2,2,-1
231,90,1297.90,365.07,53.71,90.17,0.9240,2,2,-1
231,105,1631.54,498.33,74.47,105.49,0.9221,2,1,-1
231,117,864.56,366.83,42.31,61.79,0.7522,2,2,-1
231,118,463.54,407.46,28.18,66.14,0.8663,2,-1,-1
231,0,440.94,485.93,18.68,17.25,1.0,0,-1,-1
232,3,10.54,454.65,55.77,106.02,0.9330,2,2,-1
232,4,766.51,506.03,69.18,110.45,0.9371,3,0,-1
232,8,688.85,756.35,83.21,152.20,0.9245,2,1,-1
232,11,289.42,472.57,78.21,105.15,0.9369,2,1,-1
232,66,435.00,406.12,52.14,92.13,0.9162,2,2,-1
232,68,823.27,338.15,37.29,65.57,0.8142,2,1,-1
232,77,1559.82,588.08,63.82,114.63,0.8610,2,2,-1
232,88,144.37,375.31,34.40,69.69,0.8331,2,2,-1
232,90,1285.21,365.98,54.52,88.16,0.9241,2,2,-1
232,105,1618.34,499.32,71.55,105.68,0.9344,2,1,-1
232,116,1674.82,469.82,55.51,96.22,0.9021,2,2,-1
232,117,853.31,365.72,38.60,68.29,0.8509,2,2,-1
232,0,426.91,481.80,15.49,20.58,1.0,0,-1,-1
233,3,2.08,453.94,60.38,105.87,0.9326,2,2,-1
233,4,765.90,505.64,67.44,110.94,0.8152,3,0,-1
233,8,694.67,758.08,81.83,154.11,0.9277,2,1,-1
233,11,279.72,473.01,82.96,105.90,0.9351,2,1,-1
233,66,418.87,405.26,64.92,94.79,0.9034,2,2,-1
233,68,810.81,337.40,38.66,68.92,0.8542,2,1,-1
233,77,1558.15,583.01,57.84,105.62,0.8851,2,2,-1
233,88,135.29,375.37,30.87,65.25,0.8524,2,2,-1
233,90,1271.56,365.92,52.77,88.09,0.9120,2,2,-1
233,105,1606.69,498.51,64.41,105.66,0.9312,2,1,-1
233,116,1662.07,468.28,60.98,101.46,0.9220,2,2,-1
233,117,846.32,361.59,44.58,82.51,0.7736,2,2,-1
234,3,-1.37,454.73,56.19,106.49,0.9117,2,2,-1
234,4,767.34,503.36,57.88,113.22,0.9236,3,0,-1
234,8,677.07,761.25,88.92,153.43,0.9138,2,1,-1
234,11,272.28,474.37,77.49,107.04,0.9189,2,1,-1
234,66,413.10,407.11,65.32,95.65,0.8504,2,2,-1
234,68,800.19,338.18,36.33,68.07,0.8412,2,1,-1
234,77,1548.46,579.21,59.96,112.82,0.8852,2,2,-1
234,88,121.70,373.08,34.04,70.63,0.7770,2,2,-1
234,90,1257.85,365.11,46.93,87.26,0.9160,2,2,-1
234,105,1593.72,496.55,58.32,106.47,0.9236,2,1,-1
234,116,1651.83,467.55,63.89,102.64,0.9166,2,2,-1
234,117,838.23,395.63,36.24,49.67,0.8665,2,2,-1
234,0,1535.47,685.38,17.70,20.20,1.0,0,-1,-1
235,3,-4.60,457.25,45.04,104.27,0.8832,2,2,-1
235,4,757.76,500.15,58.42,116.46,0.9362,3,0,-1
235,8,672.54,762.73,82.46,150.89,0.8981,2,1,-1
235,11,268.38,476.26,66.70,105.34,0.8392,2,1,-1
235,68,790.74,339.16,33.15,66.20,0.8740,2,1,-1
235,72,95.78,371.86,49.98,89.87,0.8958,2,1,-1
235,77,1535.32,577.94,61.60,119.08,0.9205,2,2,-1
235,90,1241.83,362.64,43.40,90.35,0.9133,2,2,-1
235,105,1577.01,493.51,54.57,105.41,0.9268,2,1,-1
235,116,1639.71,468.86,67.35,102.83,0.9021,2,2,-1
235,117,822.58,361.22,56.28,80.01,0.9084,2,2,-1
235,118,426.98,408.48,29.42,70.59,0.6070,2,-1,-1
235,0,1520.53,678.12,18.40,22.77,1.0,0,-1,-1
236,3,-9.04,458.95,33.26,102.71,0.8335,2,2,-1
236,4,742.96,497.74,62.94,119.15,0.9327,3,0,-1
236,8,684.89,762.45,77.47,151.23,0.7218,2,1,-1
236,11,275.82,477.55,46.45,78.58,0.8282,2,1,-1
236,68,780.97,338.78,31.02,66.42,0.8320,2,1,-1
236,72,77.70,371.71,59.89,89.50,0.9131,2,1,-1
236,77,1526.46,575.76,65.42,119.63,0.9268,2,2,-1
236,90,1225.20,360.71,40.79,91.39,0.9055,2,2,-1
236,105,1561.33,491.54,56.96,103.22,0.9293,2,1,-1
236,116,1634.24,470.31,59.85,83.94,0.8671,2,2,-1
236,117,811.24,360.25,60.80,77.53,0.9008,2,2,-1
236,118,419.26,410.29,28.66,70.13,0.8661,2,2,-1
237,4,729.31,495.21,67.88,114.18,0.9465,3,0,-1
237,8,684.69,762.72,72.69,150.02,0.8715,2,1,-1
237,11,262.02,476.51,52.46,104.69,0.9241,2,1,-1
237,68,772.59,351.05,25.24,53.94,0.8007,2,1,-1
237,72,60.46,371.64,67.08,88.41,0.8934,2,1,-1
237,77,1520.17,574.74,67.33,119.46,0.8441,2,2,-1
237,90,1208.33,359.00,39.34,91.63,0.9115,2,2,-1
237,105,1543.56,490.25,60.48,103.40,0.9374,2,1,-1
237,116,1624.52,469.70,61.54,82.53,0.9112,2,2,-1
237,117,803.05,362.87,60.88,74.81,0.8589,2,2,-1
237,118,409.29,409.95,33.40,71.35,0.8824,2,2,-1
238,4,721.19,494.47,71.42,109.62,0.9343,3,0,-1
238,8,675.31,758.35,83.43,155.72,0.8873,2,1,-1
238,11,247.94,474.49,56.04,107.33,0.9337,2,1,-1
238,68,756.89,343.54,28.61,59.80,0.8400,2,1,-1
238,77,1524.30,577.94,48.02,84.29,0.8784,2,2,-1
238,88,58.78,372.97,48.41,83.54,0.8539,2,2,-1
238,90,1193.32,358.37,38.06,89.54,0.9120,2,2,-1
238,105,1524.27,487.87,61.46,101.76,0.9292,2,1,-1
238,116,1613.50,469.22,61.43,97.96,0.9205,2,2,-1
238,117,794.57,372.07,56.69,68.69,0.6745,2,2,-1
238,118,398.82,408.91,32.63,67.43,0.7732,2,2,-1
239,4,709.38,495.14,72.08,109.55,0.8686,3,0,-1
239,8,668.30,759.13,94.21,146.19,0.9379,2,1,-1
239,11,234.31,474.76,62.13,106.54,0.9350,2,1,-1
239,68,743.84,335.81,31.46,66.87,0.8566,2,1,-1
239,77,1515.91,578.73,48.86,87.78,0.9002,2,2,-1
239,88,37.82,374.15,54.92,86.44,0.8774,2,2,-1
239,90,1177.66,358.82,38.79,85.36,0.8986,2,2,-1
239,105,1504.52,483.98,61.43,106.21,0.9315,2,1,-1
239,116,1604.50,469.58,57.81,97.85,0.9294,2,2,-1
239,117,792.07,360.39,38.76,55.39,0.8237,2,2,-1
239,118,381.35,407.23,45.07,94.00,0.8424,2,2,-1
239,0,367.75,487.66,18.08,17.32,1.0,0,-1,-1
240,4,707.24,495.07,70.74,111.96,0.7553,3,0,-1
240,8,672.79,758.01,105.22,150.03,0.9177,2,1,-1
240,11,221.97,474.51,77.82,105.89,0.9457,2,1,-1
240,68,733.09,335.63,31.12,68.12,0.7913,2,1,-1
240,77,1510.62,580.15,46.68,83.85,0.8513,2,2,-1
240,88,46.36,374.95,38.14,66.37,0.7656,2,2,-1
240,90,1160.89,358.86,39.72,83.51,0.8947,2,2,-1
240,105,1484.96,480.22,59.38,110.92,0.9145,2,1,-1
240,116,1596.51,470.76,63.76,99.50,0.9291,2,2,-1
240,117,784.50,360.55,38.82,63.60,0.8441,2,2,-1
240,118,365.32,406.87,52.34,95.49,0.9040,2,2,-1
240,0,353.07,480.85,17.02,22.37,1.0,0,-1,-1
241,4,708.04,495.72,58.86,109.90,0.9117,3,0,-1
241,8,695.50,760.10,92.72,147.60,0.9000,2,1,-1
241,11,210.10,475.10,84.90,107.31,0.9408,2,1,-1
241,68,724.03,336.85,29.35,66.78,0.7628,2,1,-1
241,77,1505.22,574.06,45.32,83.64,0.8489,2,2,-1
241,88,30.88,375.14,41.77,71.20,0.7799,2,2,-1
241,90,1144.47,357.75,40.69,85.01,0.8966,2,2,-1
241,105,1467.38,475.65,58.21,107.56,0.9210,2,1,-1
241,116,1586.88,471.95,73.38,97.19,0.9334,2,2,-1
241,117,780.41,354.85,34.68,60.54,0.8515,2,2,-1
241,118,348.45,406.82,64.18,94.63,0.9046,2,2,-1
242,4,706.10,495.19,51.77,110.68,0.9374,3,0,-1
242,8,678.21,762.25,97.87,149.06,0.9069,2,1,-1
242,11,203.13,476.32,76.70,106.53,0.9124,2,1,-1
242,68,715.54,353.61,23.47,50.88,0.8023,2,1,-1
242,77,1492.62,569.34,52.50,108.86,0.8946,2,2,-1
242,88,20.67,372.53,44.23,90.09,0.9015,2,2,-1
242,90,1127.79,358.42,41.27,83.76,0.9050,2,2,-1
242,105,1448.05,472.65,57.21,107.77,0.9179,2,1,-1
242,116,1572.71,474.01,73.32,93.21,0.9110,2,2,-1
242,117,768.44,368.67,38.57,69.52,0.8295,2,2,-1
242,118,342.26,407.43,65.20,96.83,0.8618,2,2,-1
242,0,1484.13,676.54,18.92,17.78,1.0,0,-1,-1
243,4,700.12,492.27,47.27,111.79,0.9384,3,0,-1
243,8,675.55,764.86,92.71,147.13,0.8845,2,1,-1
243,11,207.51,479.12,63.64,104.31,0.8310,2,1,-1
243,68,701.28,339.87,29.02,63.10,0.8410,2,1,-1
243,77,1472.56,567.20,61.87,124.79,0.9342,2,2,-1
243,88,7.23,370.46,43.98,89.38,0.8889,2,2,-1
243,90,1111.69,359.54,40.19,82.07,0.8978,2,2,-1
243,105,1429.92,469.81,57.63,110.82,0.9187,2,1,-1
243,116,1557.98,474.67,64.42,91.08,0.9137,2,2,-1
243,117,755.54,350.69,51.83,86.60,0.9139,2,2,-1
243,118,342.68,409.06,58.94,91.86,0.6725,2,2,-1
243,0,1469.30,671.57,17.15,21.05,1.0,0,-1,-1
244,4,684.41,488.70,53.93,116.95,0.9428,3,0,-1
244,8,686.89,764.86,86.43,146.76,0.7995,2,1,-1
244,11,207.85,479.64,49.56,103.78,0.9033,2,1,-1
244,68,696.16,358.89,23.70,44.33,0.8289,2,1,-1
244,77,1460.67,565.45,75.25,122.50,0.9334,2,2,-1
244,88,-0.74,368.38,41.38,91.42,0.9117,2,2,-1
244,90,1094.95,358.46,40.17,83.39,0.8801,2,2,-1
244,105,1412.42,468.79,57.77,110.00,0.9217,2,1,-1
244,116,1551.84,473.83,61.44,94.08,0.9269,2,2,-1
244,117,742.57,353.82,59.43,80.58,0.9217,2,2,-1
244,118,348.41,411.04,37.30,66.08,0.8036,2,2,-1
244,0,686.20,393.31,15.51,14.74,1.0,0,-1,-1
245,4,671.42,487.43,61.57,115.14,0.9309,3,0,-1
245,8,699.14,763.70,74.06,147.58,0.9315,2,1,-1
245,11,199.49,478.34,48.56,104.83,0.9269,2,1,-1
245,68,675.86,335.46,34.26,66.04,0.8057,2,1,-1
245,77,1451.39,566.37,81.15,117.27,0.9322,2,2,-1
245,88,-1.03,368.75,38.21,92.91,0.9123,2,2,-1
245,90,1077.52,357.02,40.11,85.12,0.8600,2,2,-1
245,105,1396.09,468.59,58.30,105.72,0.9263,2,1,-1
245,116,1540.48,472.90,61.30,93.11,0.9057,2,2,-1
245,117,729.71,354.04,66.50,78.24,0.9139,2,2,-1
245,118,342.49,411.51,33.34,67.58,0.8358,2,2,-1
245,0,672.78,393.86,15.82,14.90,1.0,0,-1,-1
246,4,661.70,486.44,70.90,109.87,0.9335,3,0,-1
246,8,693.36,761.96,77.98,149.23,0.8481,2,1,-1
246,11,186.24,476.62,55.87,107.23,0.9356,2,1,-1
246,68,667.19,341.06,32.86,60.59,0.8003,2,1,-1
246,77,1441.58,567.55,84.50,117.70,0.9181,2,2,-1
246,88,-2.80,368.95,31.70,90.52,0.8771,2,2,-1
246,90,1061.55,354.75,40.25,86.82,0.8581,2,2,-1
246,105,1380.51,469.15,57.79,103.20,0.9172,2,1,-1
246,116,1527.48,471.77,59.24,94.20,0.9138,2,2,-1
246,117,724.09,357.64,66.06,75.29,0.8995,2,2,-1
246,118,336.57,410.54,30.48,65.82,0.8633,2,2,-1
246,0,659.91,393.58,15.58,15.61,1.0,0,-1,-1
247,4,654.24,486.34,77.55,108.53,0.9234,3,0,-1
247,8,686.47,758.76,91.68,147.91,0.9229,2,1,-1
247,11,174.90,476.13,62.13,106.72,0.9362,2,1,-1
247,68,659.42,345.27,36.96,59.52,0.8582,2,1,-1
247,77,1455.25,568.68,62.93,115.28,0.9120,2,2,-1
247,90,1047.50,351.50,39.93,86.30,0.8560,2,2,-1
247,105,1363.66,469.15,58.24,102.49,0.9271,2,1,-1
247,116,1515.70,470.59,57.56,92.03,0.9334,2,2,-1
247,117,719.86,359.21,61.27,70.53,0.8921,2,2,-1
247,118,329.44,410.10,30.21,64.61,0.7641,2,2,-1
247,0,648.49,394.23,14.74,15.22,1.0,0,-1,-1
248,4,649.27,487.00,79.46,108.66,0.9351,3,0,-1
248,8,689.64,759.44,104.55,146.65,0.9236,2,1,-1
248,11,164.78,476.08,76.89,108.24,0.9404,2,1,-1
248,68,647.38,346.38,40.79,60.55,0.8496,2,1,-1
248,77,1454.73,567.49,49.22,101.63,0.9306,2,2,-1
248,90,1032.82,351.84,38.50,84.64,0.8549,2,2,-1
248,103,305.54,408.75,55.80,95.73,0.9263,2,2,-1
248,105,1350.35,467.52,55.65,102.82,0.9279,2,1,-1
248,116,1504.07,468.53,59.91,90.71,0.9350,2,2,-1
248,117,711.41,361.59,57.69,70.07,0.8936,2,2,-1
248,0,636.65,394.73,15.29,15.21,1.0,0,-1,-1
249,4,665.37,487.79,58.19,108.35,0.9129,3,0,-1
249,8,707.31,759.73,104.04,148.66,0.9220,2,1,-1
249,11,158.65,477.60,81.64,108.78,0.9167,2,1,-1
249,68,645.91,361.17,34.07,45.67,0.8299,2,1,-1
249,77,1443.35,564.66,58.81,119.46,0.9069,2,2,-1
249,90,1019.68,351.21,37.97,84.85,0.8615,2,2,-1
249,103,296.82,408.94,65.20,96.89,0.9170,2,2,-1
249,105,1337.06,464.56,53.09,105.97,0.9283,2,1,-1
249,116,1491.22,466.28,65.13,91.79,0.9370,2,2,-1
249,117,708.69,359.78,49.60,73.57,0.9068,2,2,-1
249,0,626.63,395.48,14.04,14.47,1.0,0,-1,-1
250,4,660.55,487.71,56.46,108.25,0.8954,3,0,-1
250,8,702.49,761.77,108.27,149.37,0.9190,2,1,-1
250,66,181.14,479.92,43.24,82.19,0.7876,2,2,-1
250,68,634.37,353.83,37.63,52.21,0.8515,2,1,-1
250,77,1444.96,561.89,53.38,93.92,0.9104,2,2,-1
250,82,208.27,551.02,21.88,37.75,0.8351,2,2,-1
250,90,1008.18,352.09,36.03,80.42,0.8649,2,2,-1
250,103,306.34,410.85,58.72,95.36,0.7990,2,2,-1
250,105,1322.86,461.73,49.14,107.39,0.9312,2,1,-1
250,116,1480.55,464.35,67.30,91.06,0.9188,2,2,-1
250,117,700.37,360.08,43.46,72.26,0.8628,2,2,-1
250,0,616.57,395.90,14.81,14.35,1.0,0,-1,-1
251,4,662.86,485.58,53.64,110.77,0.9103,3,0,-1
251,8,710.27,763.02,93.68,149.58,0.9181,2,1,-1
251,66,178.23,479.99,43.65,108.51,0.8633,2,2,-1
251,68,618.81,343.95,40.95,62.42,0.8825,2,1,-1
251,77,1434.70,557.95,57.27,123.50,0.9212,2,2,-1
251,90,996.40,352.63,34.20,79.34,0.8723,2,2,-1
251,105,1308.62,459.72,44.87,107.57,0.9202,2,1,-1
251,116,1468.10,463.20,68.00,91.13,0.9268,2,2,-1
251,117,694.21,360.35,37.29,67.18,0.8732,2,2,-1
251,118,316.85,413.37,25.82,66.70,0.8841,2,2,-1
251,0,607.82,395.82,15.35,15.11,1.0,0,-1,-1
252,4,661.12,481.61,53.97,115.21,0.9121,3,0,-1
252,8,730.67,763.61,75.66,149.31,0.8907,2,1,-1
252,66,178.36,481.34,39.84,107.21,0.8838,2,2,-1
252,68,610.56,344.23,38.42,62.75,0.8911,2,1,-1
252,77,1430.26,556.18,50.56,120.85,0.9336,2,2,-1
252,90,984.61,353.03,33.78,79.28,0.8613,2,2,-1
252,105,1294.64,459.47,43.95,104.29,0.9304,2,1,-1
252,116,1457.41,462.65,67.48,90.04,0.9212,2,2,-1
252,117,688.29,359.22,39.71,70.77,0.8976,2,2,-1
252,118,316.97,414.48,26.93,71.58,0.8478,2,2,-1
252,0,599.68,396.61,14.99,14.25,1.0,0,-1,-1
253,4,655.69,479.67,55.17,116.38,0.7811,3,0,-1
253,8,749.20,762.25,63.51,149.42,0.9316,2,1,-1
253,66,171.64,480.27,44.90,107.97,0.9327,2,2,-1
253,68,600.80,343.74,39.26,64.92,0.8765,2,1,-1
253,77,1425.04,555.54,51.85,120.09,0.9385,2,2,-1
253,90,971.41,349.68,34.27,82.36,0.8552,2,2,-1
253,105,1278.82,459.05,47.24,101.79,0.9396,2,1,-1
253,116,1447.26,463.15,64.90,89.08,0.9166,2,2,-1
253,117,682.13,359.83,42.89,68.40,0.8941,2,2,-1
253,118,315.54,414.87,28.55,72.47,0.8829,2,2,-1
253,0,591.58,397.24,13.50,13.76,1.0,0,-1,-1
254,4,648.64,477.40,57.72,115.09,0.9322,3,0,-1
254,8,754.19,814.26,58.21,97.13,0.8854,2,1,-1
254,66,163.31,479.02,55.68,111.42,0.9361,2,2,-1
254,68,589.57,340.34,38.22,67.12,0.8900,2,1,-1
254,77,1420.54,556.27,54.49,115.88,0.9389,2,2,-1
254,90,958.80,347.31,33.66,84.29,0.8835,2,2,-1
254,105,1264.86,460.81,48.54,100.07,0.9376,2,1,-1
254,116,1436.78,463.19,63.52,88.72,0.9148,2,2,-1
254,117,675.34,360.92,49.12,68.08,0.9113,2,2,-1
254,118,308.95,413.59,33.78,88.04,0.8211,2,2,-1
254,0,582.92,397.00,14.36,14.55,1.0,0,-1,-1
255,4,642.86,476.64,63.15,109.43,0.9438,3,0,-1
255,8,743.70,761.28,89.15,147.69,0.9400,2,1,-1
255,66,156.65,478.77,63.29,109.84,0.9369,2,2,-1
255,68,581.23,337.84,35.50,69.86,0.9024,2,1,-1
255,77,1418.01,557.74,56.97,114.94,0.9284,2,2,-1
255,90,947.23,345.14,33.42,86.24,0.8657,2,2,-1
255,105,1252.07,462.68,49.85,98.35,0.9367,2,1,-1
255,116,1424.36,462.80,63.70,89.03,0.9176,2,2,-1
255,117,669.97,359.85,53.02,67.18,0.9100,2,2,-1
255,118,296.51,411.60,45.07,96.23,0.9162,2,2,-1
255,0,576.30,397.28,13.49,13.66,1.0,0,-1,-1
256,4,641.76,476.46,67.87,109.68,0.9370,3,0,-1
256,8,743.86,761.27,99.53,141.47,0.9389,2,1,-1
256,66,152.43,478.78,69.24,103.75,0.9326,2,2,-1
256,68,572.89,340.38,34.19,66.90,0.9132,2,1,-1
256,77,1415.34,558.49,49.79,91.30,0.9231,2,2,-1
256,90,936.77,343.19,32.92,87.63,0.9047,2,2,-1
256,105,1239.64,463.15,50.55,97.35,0.9345,2,1,-1
256,116,1412.79,461.97,64.89,87.80,0.9215,2,2,-1
256,117,663.39,360.92,54.03,67.10,0.9056,2,2,-1
256,118,288.76,410.77,57.65,98.00,0.9348,2,2,-1
256,0,568.57,398.39,13.23,13.61,1.0,0,-1,-1
257,4,636.44,476.87,68.69,111.59,0.8923,3,0,-1
257,8,755.88,761.14,113.03,144.92,0.9267,2,1,-1
257,66,151.40,480.67,87.49,108.71,0.9202,2,2,-1
257,68,563.43,340.99,35.11,68.17,0.8888,2,1,-1
257,77,1409.98,556.97,52.05,112.99,0.9238,2,2,-1
257,90,926.73,342.86,33.41,87.48,0.8946,2,2,-1
257,105,1227.82,462.71,50.65,97.61,0.9361,2,1,-1
257,116,1400.68,460.88,65.50,86.35,0.9311,2,2,-1
257,117,656.61,363.71,51.86,64.15,0.8998,2,2,-1
257,118,286.54,411.40,65.99,97.10,0.9232,2,2,-1
257,0,562.61,398.95,12.92,12.70,1.0,0,-1,-1
258,4,643.97,478.98,60.77,109.50,0.8986,3,0,-1
258,8,793.17,762.48,93.46,145.59,0.9210,2,1,-1
258,66,166.85,482.40,61.91,82.30,0.8166,2,2,-1
258,68,553.87,342.49,35.60,66.50,0.8956,2,1,-1
258,77,1409.36,554.78,48.79,116.77,0.9177,2,2,-1
258,90,916.38,342.30,36.26,86.36,0.9198,2,2,-1
258,105,1216.12,461.79,50.17,98.36,0.9342,2,1,-1
258,116,1389.22,459.84,67.42,86.96,0.9342,2,2,-1
258,117,648.58,362.19,51.33,65.19,0.9037,2,2,-1
258,118,286.10,412.86,66.65,94.58,0.8951,2,2,-1
258,0,554.73,398.43,14.26,13.82,1.0,0,-1,-1
259,4,651.99,479.48,52.48,108.49,0.9090,3,0,-1
259,8,778.18,764.88,106.14,147.86,0.9184,2,1,-1
259,66,158.27,483.77,70.05,109.07,0.8939,2,2,-1
259,68,546.18,342.36,35.49,67.59,0.8997,2,1,-1
259,77,1409.57,551.31,47.88,119.86,0.9299,2,2,-1
259,90,906.92,343.27,40.22,84.68,0.9226,2,2,-1
259,105,1206.27,459.95,50.56,100.20,0.9267,2,1,-1
259,116,1378.31,459.46,67.59,86.28,0.9397,2,2,-1
259,117,640.74,356.10,51.64,71.43,0.9074,2,2,-1
259,118,303.75,414.64,56.37,96.69,0.8460,2,2,-1
259,0,548.68,398.27,17.32,14.52,1.0,0,-1,-1
260,4,660.05,477.81,42.14,96.47,0.9102,3,0,-1
260,8,785.17,768.95,95.80,144.29,0.9104,2,1,-1
260,66,170.92,482.58,61.03,111.31,0.8638,2,-1,-1
260,68,537.50,344.44,37.56,66.40,0.8934,2,1,-1
260,77,1408.68,550.03,52.66,119.39,0.9350,2,2,-1
260,90,897.95,344.44,41.57,83.51,0.9105,2,2,-1
260,105,1201.84,458.94,48.46,101.00,0.9292,2,1,-1
260,116,1368.86,458.25,63.95,83.79,0.9287,2,2,-1
260,117,633.86,353.82,50.48,73.17,0.9076,2,2,-1
260,118,313.70,415.90,36.72,68.74,0.7650,2,2,-1
261,4,659.94,474.43,43.39,112.26,0.9335,3,0,-1
261,8,809.39,768.08,82.47,144.52,0.9031,2,1,-1
261,66,184.70,480.54,46.75,108.96,0.9123,2,1,-1
261,68,531.54,348.44,36.50,62.96,0.8694,2,1,-1
261,77,1406.04,550.26,56.84,117.00,0.9387,2,2,-1
261,90,889.45,346.13,42.62,82.56,0.9164,2,2,-1
261,105,1197.16,458.26,47.30,101.47,0.9345,2,1,-1
261,116,1357.86,457.02,57.95,84.59,0.9006,2,2,-1
261,117,626.36,351.18,50.67,76.32,0.9269,2,2,-1
261,118,306.63,415.20,47.28,95.66,0.7472,2,2,-1
262,4,656.04,471.77,49.54,114.52,0.9456,3,0,-1
262,8,835.19,764.60,79.71,147.20,0.8412,2,1,-1
262,66,186.28,477.81,46.53,115.15,0.9207,2,1,-1
262,68,523.13,345.62,37.29,65.84,0.8913,2,1,-1
262,77,1404.10,550.43,56.77,113.21,0.9358,2,2,-1
262,90,882.30,347.12,43.05,80.83,0.9160,2,2,-1
262,105,1190.70,457.17,48.65,102.37,0.9301,2,1,-1
262,116,1349.61,455.70,50.81,84.78,0.9025,2,2,-1
262,117,619.03,348.46,50.89,77.47,0.9058,2,2,-1
262,118,313.80,413.34,40.20,98.09,0.8842,2,2,-1
263,4,652.75,469.20,56.54,113.83,0.9389,3,0,-1
263,8,833.80,764.48,68.59,148.80,0.8820,2,1,-1
263,66,185.39,477.43,51.64,114.22,0.9316,2,1,-1
263,68,516.90,348.93,35.96,63.39,0.8195,2,1,-1
263,77,1403.07,552.03,56.20,110.85,0.9360,2,2,-1
263,90,875.24,346.73,42.83,80.73,0.9121,2,2,-1
263,105,1183.55,455.90,50.05,103.69,0.9339,2,1,-1
263,116,1341.22,454.01,45.45,86.44,0.9185,2,2,-1
263,117,612.57,347.96,50.37,76.71,0.8949,2,2,-1
263,118,315.20,412.63,38.99,98.29,0.8823,2,2,-1
264,4,651.60,469.18,69.31,110.54,0.9374,3,0,-1
264,8,843.14,763.98,91.89,147.23,0.9052,2,1,-1
264,68,508.16,346.58,38.42,64.91,0.8946,2,1,-1
264,77,1402.00,554.48,53.55,107.88,0.9342,2,2,-1
264,90,868.88,345.08,41.00,82.45,0.9142,2,2,-1
264,103,181.68,477.00,72.15,110.56,0.9363,2,2,-1
264,105,1178.08,455.45,50.60,103.79,0.9291,2,1,-1
264,116,1331.58,452.36,45.11,87.80,0.9141,2,2,-1
264,117,604.80,347.97,49.19,75.91,0.9095,2,2,-1
264,118,312.11,411.47,52.02,99.73,0.9253,2,2,-1
265,4,650.14,468.80,75.02,108.38,0.9162,3,0,-1
265,8,841.47,761.67,105.76,147.35,0.9123,2,1,-1
265,68,499.22,343.16,39.99,68.53,0.8923,2,1,-1
265,77,1400.67,554.65,49.11,107.83,0.9319,2,2,-1
265,90,861.67,342.18,40.55,84.89,0.9153,2,2,-1
265,103,183.23,476.98,77.07,108.93,0.9362,2,2,-1
265,105,1173.34,454.49,49.42,104.42,0.9318,2,1,-1
265,116,1322.53,451.27,45.29,88.57,0.9026,2,2,-1
265,117,596.88,348.11,49.53,76.79,0.9106,2,2,-1
265,118,312.23,411.47,60.42,98.42,0.9146,2,2,-1
266,4,650.80,470.57,77.05,108.51,0.8843,3,0,-1
266,8,852.36,762.98,113.25,150.30,0.9106,2,1,-1
266,68,490.61,343.68,40.01,68.99,0.8638,2,1,-1
266,77,1399.14,553.90,47.53,107.18,0.9307,2,2,-1
266,90,856.02,341.63,38.26,85.07,0.9228,2,2,-1
266,103,186.52,479.04,78.31,110.95,0.9204,2,2,-1
266,105,1171.75,453.60,45.80,105.40,0.9231,2,1,-1
266,116,1313.18,450.20,45.63,89.30,0.9112,2,2,-1
266,117,587.79,349.46,52.71,75.78,0.9198,2,2,-1
266,118,312.25,412.33,65.67,96.99,0.9290,2,2,-1
267,4,655.39,472.43,73.34,107.69,0.9325,3,0,-1
267,8,864.82,764.85,113.96,155.23,0.9178,2,1,-1
267,68,482.72,343.81,37.66,68.20,0.8891,2,1,-1
267,77,1397.00,552.35,50.21,107.09,0.9314,2,2,-1
267,90,851.12,340.85,36.61,85.74,0.9142,2,2,-1
267,103,203.90,481.14,50.23,81.45,0.8841,2,2,-1
267,105,1171.20,453.56,41.21,105.48,0.9235,2,1,-1
267,116,1307.12,450.72,43.18,88.32,0.9070,2,2,-1
267,117,582.13,351.76,52.86,72.98,0.8957,2,2,-1
267,118,331.78,414.38,53.35,96.69,0.8856,2,2,-1
267,0,482.53,400.51,14.11,14.11,1.0,0,-1,-1
268,4,676.06,472.98,56.12,106.79,0.9073,3,0,-1
268,8,874.88,768.19,109.35,154.32,0.9282,2,1,-1
268,66,212.38,481.48,43.17,108.19,0.9162,2,1,-1
268,68,474.59,341.62,35.59,71.18,0.9120,2,1,-1
268,77,1394.60,551.58,51.38,106.91,0.9239,2,2,-1
268,90,846.44,339.92,35.11,85.92,0.9160,2,2,-1
268,105,1169.80,453.20,37.87,105.39,0.9287,2,1,-1
268,116,1301.82,451.41,40.75,87.35,0.8969,2,2,-1
268,117,573.32,352.90,55.80,71.25,0.9169,2,2,-1
268,118,340.98,416.36,29.94,64.11,0.8798,2,2,-1
268,0,323.57,484.08,15.53,17.09,1.0,0,-1,-1
269,4,681.81,471.39,53.30,108.32,0.9192,3,0,-1
269,8,888.13,771.02,100.83,150.64,0.9310,2,1,-1
269,66,221.56,479.79,40.78,108.78,0.9206,2,1,-1
269,68,467.58,342.45,34.44,70.67,0.8988,2,1,-1
269,77,1392.68,551.19,49.39,106.99,0.9295,2,2,-1
269,90,841.79,337.36,35.58,88.54,0.9170,2,2,-1
269,105,1167.76,453.16,35.76,105.18,0.9262,2,1,-1
269,116,1295.89,451.11,36.28,86.72,0.8964,2,2,-1
269,117,566.72,353.39,57.65,71.23,0.9066,2,2,-1
269,118,345.16,416.38,34.45,92.34,0.8624,2,2,-1
269,0,468.05,401.74,13.98,13.86,1.0,0,-1,-1
270,4,688.96,468.66,50.80,110.93,0.9250,3,0,-1
270,8,913.08,772.77,81.19,149.30,0.9250,2,1,-1
270,66,229.34,477.87,40.72,109.68,0.9174,2,1,-1
270,68,462.44,340.94,34.65,71.56,0.9075,2,1,-1
270,77,1392.60,550.69,47.34,105.97,0.9319,2,2,-1
270,90,839.74,338.33,34.29,87.08,0.9207,2,2,-1
270,105,1167.30,453.22,34.05,104.03,0.9277,2,1,-1
270,116,1293.32,451.57,33.38,86.41,0.8946,2,2,-1
270,117,565.50,352.92,56.56,71.80,0.9019,2,2,-1
270,118,355.43,414.62,27.73,73.94,0.8316,2,2,-1
271,4,694.24,465.42,48.22,113.69,0.9268,3,0,-1
271,8,937.39,769.95,63.57,152.00,0.9228,2,1,-1
271,66,231.89,475.19,46.94,112.77,0.9252,2,1,-1
271,68,458.26,346.59,34.12,67.00,0.8240,2,1,-1
271,77,1393.68,549.71,46.01,105.69,0.9314,2,2,-1
271,90,838.32,341.07,34.37,84.72,0.9222,2,2,-1
271,105,1166.77,452.70,34.25,105.59,0.9264,2,1,-1
271,116,1289.99,457.68,30.30,79.38,0.8574,2,2,-1
271,117,558.94,351.61,59.64,72.93,0.9149,2,2,-1
271,118,359.15,445.20,30.45,63.90,0.8478,2,2,-1
272,4,699.30,463.47,46.61,114.19,0.9326,3,0,-1
272,8,946.50,766.69,64.01,155.25,0.9338,2,1,-1
272,66,233.59,473.93,61.96,113.36,0.9302,2,1,-1
272,68,451.73,337.78,38.63,76.17,0.9067,2,1,-1
272,77,1394.74,547.95,44.99,106.78,0.9311,2,2,-1
272,90,836.01,340.80,35.33,85.23,0.9188,2,2,-1
272,105,1164.30,452.25,36.95,105.86,0.9295,2,1,-1
272,116,1285.00,447.03,32.29,89.74,0.8979,2,2,-1
272,117,554.10,350.97,61.20,73.57,0.9117,2,2,-1
272,118,360.07,442.00,40.53,68.11,0.8618,2,2,-1
273,4,703.58,462.67,50.69,113.86,0.9446,3,0,-1
273,8,951.77,766.14,74.64,154.60,0.9452,2,1,-1
273,66,235.91,473.35,75.82,109.27,0.9397,2,1,-1
273,68,448.58,338.16,38.72,75.70,0.9192,2,1,-1
273,77,1397.24,546.04,48.72,108.70,0.9403,2,2,-1
273,90,834.99,341.05,35.49,84.68,0.9189,2,2,-1
273,105,1162.73,452.33,40.16,105.56,0.9301,2,1,-1
273,116,1282.81,445.58,31.38,91.31,0.9055,2,2,-1
273,117,550.64,352.48,59.82,71.45,0.8976,2,2,-1
273,118,357.81,410.44,56.17,97.13,0.9149,2,2,-1
274,4,708.91,462.65,57.61,110.53,0.9344,3,0,-1
274,8,960.31,768.64,86.63,150.51,0.9480,2,1,-1
274,66,240.14,473.73,82.60,107.34,0.9384,2,1,-1
274,68,445.18,342.35,36.07,71.77,0.9096,2,1,-1
274,77,1397.75,543.81,52.74,110.31,0.9369,2,2,-1
274,90,835.26,339.47,35.39,86.15,0.9148,2,2,-1
274,105,1160.41,452.70,44.01,105.34,0.9343,2,1,-1
274,116,1281.89,445.70,31.30,91.44,0.9007,2,2,-1
274,117,546.06,350.76,57.90,73.03,0.9166,2,2,-1
274,118,364.63,411.21,64.82,94.31,0.9193,2,2,-1
274,0,419.51,496.09,19.65,15.21,1.0,0,-1,-1
275,4,714.68,463.07,60.01,108.24,0.9353,3,0,-1
275,8,971.91,767.58,101.94,162.05,0.9331,2,1,-1
275,66,248.54,475.28,78.35,105.45,0.9218,2,1,-1
275,68,442.24,344.48,33.81,69.61,0.8829,2,1,-1
275,77,1399.75,542.26,54.95,110.84,0.9302,2,2,-1
275,90,835.87,340.89,34.88,84.96,0.9179,2,2,-1
275,105,1159.85,453.03,46.59,105.17,0.9318,2,1,-1
275,116,1280.80,446.52,31.55,93.04,0.9029,2,2,-1
275,117,545.21,351.99,51.69,71.44,0.9077,2,2,-1
275,118,371.83,413.38,70.80,95.36,0.9210,2,2,-1
275,0,428.70,496.05,19.10,15.91,1.0,0,-1,-1
276,4,723.98,464.86,57.27,106.49,0.9333,3,0,-1
276,8,986.68,774.33,105.35,160.75,0.9259,2,1,-1
276,66,260.27,475.64,69.26,107.99,0.9289,2,1,-1
276,68,438.69,345.44,33.30,67.86,0.8739,2,1,-1
276,77,1401.35,540.66,56.19,112.22,0.9351,2,2,-1
276,90,837.48,340.86,34.31,84.39,0.9129,2,2,-1
276,105,1158.85,453.08,49.35,105.02,0.9288,2,1,-1
276,116,1281.16,449.53,30.69,90.14,0.8881,2,2,-1
276,117,540.39,348.19,49.01,75.41,0.9007,2,2,-1
276,118,380.94,415.47,71.16,96.95,0.9338,2,2,-1
276,125,5.87,377.19,21.07,77.77,0.7680,2,-1,-1
277,4,736.41,465.15,46.94,105.46,0.9283,3,0,-1
277,8,1000.09,778.60,99.88,159.81,0.9301,2,1,-1
277,66,277.82,474.53,58.64,107.94,0.9105,2,1,-1
277,68,438.89,345.79,31.68,67.69,0.8021,2,1,-1
277,77,1405.31,539.74,55.27,112.80,0.9328,2,2,-1
277,90,842.87,361.01,28.33,63.86,0.8764,2,2,-1
277,105,1158.54,453.13,51.49,105.09,0.9219,2,1,-1
277,116,1280.80,451.80,30.65,87.21,0.8801,2,2,-1
277,117,539.68,349.57,41.75,72.82,0.8798,2,2,-1
277,118,394.70,415.24,59.71,96.45,0.9164,2,2,-1
277,125,7.41,366.81,34.13,87.30,0.8672,2,-1,-1
278,4,747.14,464.38,41.38,106.00,0.9297,3,0,-1
278,8,1025.72,780.20,94.31,155.20,0.9198,2,1,-1
278,66,294.10,472.09,50.77,109.79,0.9020,2,1,-1
278,68,437.81,344.70,30.58,68.55,0.8169,2,1,-1
278,77,1409.73,539.10,53.65,113.29,0.9350,2,2,-1
278,90,843.20,343.65,31.95,81.61,0.8803,2,2,-1
278,105,1160.48,452.78,52.38,105.79,0.9133,2,1,-1
278,116,1279.70,447.94,32.69,92.85,0.8894,2,2,-1
278,117,538.15,347.02,37.29,76.40,0.8801,2,2,-1
278,118,415.20,414.49,49.51,94.51,0.9125,2,2,-1
278,125,10.05,366.57,36.40,86.55,0.8608,2,-1,-1
279,4,758.37,462.30,38.85,107.75,0.9288,3,0,-1
279,8,1052.10,779.93,90.50,155.87,0.8996,2,1,-1
279,66,304.52,469.22,47.35,111.96,0.9270,2,1,-1
279,68,437.79,343.27,29.52,67.28,0.7494,2,1,-1
279,77,1413.70,539.80,51.65,112.61,0.9326,2,2,-1
279,90,851.53,372.70,22.52,52.58,0.8380,2,2,-1
279,105,1162.16,453.10,53.45,105.40,0.9184,2,1,-1
279,116,1281.50,451.23,31.65,90.59,0.8824,2,2,-1
279,117,538.01,347.61,30.94,75.39,0.8746,2,2,-1
279,118,426.11,413.35,46.67,96.92,0.8941,2,2,-1
279,125,13.80,360.26,47.28,92.02,0.9057,2,-1,-1
280,4,766.61,459.06,38.92,110.40,0.9276,3,0,-1
280,8,1076.48,778.04,83.19,156.22,0.9138,2,1,-1
280,66,314.25,467.28,43.67,113.49,0.9327,2,1,-1
280,68,435.02,341.93,31.81,70.96,0.8444,2,1,-1
280,77,1416.99,538.82,50.74,114.17,0.9360,2,2,-1
280,90,854.14,371.63,23.59,55.26,0.8490,2,2,-1
280,105,1166.95,452.92,52.93,104.90,0.9279,2,1,-1
280,116,1282.87,451.50,30.93,90.80,0.8976,2,2,-1
280,117,535.35,341.37,30.11,81.75,0.8303,2,2,-1
280,118,435.98,413.08,43.33,92.77,0.9227,2,2,-1
280,125,22.41,358.50,53.66,92.02,0.9096,2,2,-1
280,0,434.96,404.17,12.37,12.24,1.0,0,-1,-1
281,4,773.71,456.13,40.77,112.54,0.9351,3,0,-1
281,8,1086.43,776.82,85.62,157.17,0.9320,2,1,-1
281,11,27.72,368.66,60.62,79.71,0.6769,2,1,-1
281,66,324.67,466.14,48.52,112.09,0.9303,2,1,-1
281,68,435.34,345.22,30.67,68.81,0.8203,2,1,-1
281,77,1420.40,537.89,49.37,115.17,0.9396,2,2,-1
281,90,856.73,354.80,26.94,72.17,0.8243,2,2,-1
281,105,1173.11,453.01,49.95,105.24,0.9215,2,1,-1
281,116,1284.46,446.48,30.99,95.94,0.8999,2,2,-1
281,117,535.12,344.33,26.96,77.75,0.8505,2,2,-1
281,118,444.16,414.69,43.77,94.22,0.9204,2,2,-1
281,0,432.15,403.46,12.58,12.56,1.0,0,-1,-1
282,4,777.65,456.15,51.06,112.95,0.9438,3,0,-1
282,8,1092.03,777.45,88.15,159.03,0.9300,2,1,-1
282,66,334.21,466.47,57.09,108.46,0.9349,2,1,-1
282,68,433.24,346.59,30.57,68.37,0.8157,2,1,-1
282,77,1424.68,539.00,47.43,113.92,0.9321,2,2,-1
282,90,863.23,376.39,20.05,51.24,0.8306,2,2,-1
282,105,1179.59,453.56,46.61,104.76,0.9234,2,1,-1
282,116,1287.62,447.18,30.36,95.39,0.8912,2,2,-1
282,117,532.25,342.49,30.11,80.61,0.9071,2,2,-1
282,118,453.51,417.01,44.04,91.35,0.9211,2,2,-1
282,0,429.38,404.47,12.04,12.25,1.0,0,-1,-1
283,4,781.18,456.12,61.03,109.81,0.9408,3,0,-1
283,8,1099.24,778.36,97.68,157.34,0.9440,2,1,-1
283,66,342.19,467.73,64.13,105.48,0.9427,2,1,-1
283,68,432.82,346.94,28.70,67.70,0.8520,2,1,-1
283,77,1426.55,538.16,49.65,115.10,0.9386,2,2,-1
283,105,1187.14,453.50,41.73,104.96,0.9243,2,1,-1
283,116,1290.30,449.05,29.18,93.57,0.9003,2,2,-1
283,117,526.35,342.80,37.20,80.65,0.9182,2,2,-1
283,118,463.06,419.75,47.56,86.08,0.9145,2,2,-1
283,125,63.82,361.73,44.10,77.93,0.5963,2,2,-1
283,0,425.95,405.50,13.44,11.70,1.0,0,-1,-1
284,4,786.84,456.79,66.55,106.70,0.9434,3,0,-1
284,8,1109.78,779.42,102.86,159.09,0.9483,2,1,-1
284,66,350.04,470.83,63.79,103.69,0.9383,2,1,-1
284,68,431.68,343.36,28.33,68.63,0.7992,2,1,-1
284,77,1430.66,538.19,47.85,114.85,0.9277,2,2,-1
284,105,1195.01,453.76,36.08,104.57,0.9239,2,1,-1
284,116,1291.61,443.60,29.90,99.24,0.8752,2,2,-1
284,117,520.67,345.47,43.89,78.01,0.9135,2,2,-1
284,118,470.88,423.22,52.04,84.64,0.9242,2,2,-1
284,125,81.34,362.08,27.71,47.38,0.7747,2,2,-1
284,128,862.72,342.87,34.16,84.68,0.8338,2,-1,-1
284,0,423.71,405.05,12.76,12.60,1.0,0,-1,-1
285,4,793.95,458.04,65.72,104.52,0.9456,3,0,-1
285,8,1126.36,784.78,104.11,164.69,0.9189,2,1,-1
285,66,357.31,471.95,59.05,103.01,0.9284,2,1,-1
285,68,431.09,342.56,29.32,69.41,0.7994,2,1,-1
285,77,1431.77,538.08,48.21,115.45,0.9268,2,2,-1
285,105,1202.25,454.03,32.68,104.89,0.9270,2,1,-1
285,116,1294.61,441.71,29.37,101.36,0.8944,2,2,-1
285,117,517.67,349.06,49.03,74.10,0.9102,2,2,-1
285,118,479.79,426.16,52.54,80.69,0.8993,2,2,-1
285,125,91.46,361.92,30.56,54.40,0.7949,2,2,-1
285,128,868.92,342.69,27.06,85.97,0.8855,2,-1,-1
285,0,421.65,405.23,11.92,12.28,1.0,0,-1,-1
286,4,803.89,460.48,62.09,102.14,0.9341,3,0,-1
286,8,1151.28,788.77,97.29,163.72,0.9144,2,1,-1
286,66,367.25,470.93,54.32,104.30,0.9262,2,1,-1
286,68,425.55,344.95,37.88,70.98,0.9103,2,1,-1
286,77,1441.37,538.21,41.89,114.62,0.9242,2,2,-1
286,88,99.35,359.05,35.88,89.84,0.8851,2,2,-1
286,90,874.78,371.02,21.42,57.75,0.8038,2,2,-1
286,105,1206.41,454.45,33.30,105.69,0.9262,2,1,-1
286,116,1297.19,441.04,29.39,102.70,0.9023,2,2,-1
286,117,515.32,348.72,54.41,74.28,0.9158,2,2,-1
286,118,488.23,427.02,60.16,81.52,0.9270,2,2,-1
286,128,877.98,342.59,15.29,34.98,0.8122,2,-1,-1
286,0,418.48,404.28,14.27,14.18,1.0,0,-1,-1
287,4,817.41,460.40,53.44,102.40,0.9335,3,0,-1
287,8,1170.91,789.82,95.04,162.15,0.9119,2,1,-1
287,66,378.32,468.55,50.87,105.45,0.9227,2,1,-1
287,68,420.02,345.59,43.98,70.58,0.9205,2,1,-1
287,77,1448.51,538.11,38.30,115.34,0.9212,2,2,-1
287,88,103.13,356.40,44.99,91.95,0.9323,2,2,-1
287,90,876.94,342.88,25.92,85.53,0.8677,2,2,-1
287,105,1209.99,454.47,34.94,105.95,0.9292,2,1,-1
287,116,1301.54,445.60,27.64,97.94,0.8728,2,2,-1
287,117,511.57,351.17,59.70,72.18,0.9132,2,2,-1
287,118,497.55,428.00,61.48,80.81,0.9395,2,2,-1
288,4,829.50,459.07,48.79,103.47,0.9337,3,0,-1
288,8,1193.59,790.63,86.50,162.24,0.8917,2,1,-1
288,66,391.37,465.61,48.56,108.47,0.9247,2,1,-1
288,68,417.93,343.23,47.61,73.47,0.9268,2,1,-1
288,77,1455.29,537.57,34.64,115.28,0.9115,2,2,-1
288,88,110.75,355.20,55.06,92.02,0.9264,2,2,-1
288,90,882.46,361.16,21.66,67.41,0.8732,2,2,-1
288,105,1213.30,455.21,36.53,104.53,0.9266,2,1,-1
288,116,1303.71,442.04,28.34,102.43,0.8997,2,2,-1
288,117,513.63,349.64,59.90,73.73,0.9085,2,2,-1
288,118,506.44,428.70,61.75,81.03,0.9354,2,2,-1
289,4,838.35,457.86,45.52,105.20,0.9288,3,0,-1
289,8,1212.30,791.21,71.38,160.38,0.9382,2,1,-1
289,66,400.31,463.30,56.56,110.33,0.9357,2,1,-1
289,68,417.11,344.28,45.95,72.68,0.9199,2,1,-1
289,77,1469.16,537.80,20.55,58.07,0.8189,2,2,-1
289,88,116.58,355.10,64.95,88.81,0.9304,2,2,-1
289,90,884.50,342.47,25.28,86.89,0.8673,2,2,-1
289,105,1216.27,455.21,37.66,105.34,0.9344,2,1,-1
289,116,1307.49,446.54,26.99,98.54,0.8775,2,2,-1
289,117,516.62,357.90,53.68,64.67,0.8791,2,2,-1
289,118,514.34,427.24,59.99,83.58,0.9321,2,2,-1
290,4,844.80,455.42,44.07,106.68,0.9347,3,0,-1
290,8,1221.66,790.33,69.59,161.36,0.9445,2,1,-1
290,66,406.80,461.77,59.27,111.45,0.9284,2,1,-1
290,68,416.17,345.40,40.63,71.78,0.9037,2,1,-1
290,77,1467.69,538.49,31.75,117.22,0.9085,2,2,-1
290,88,123.08,356.55,69.33,85.04,0.9172,2,2,-1
290,90,890.37,357.65,21.23,70.96,0.8093,2,2,-1
290,105,1218.54,455.17,39.01,105.61,0.9263,2,1,-1
290,116,1311.24,446.18,27.55,98.67,0.8831,2,2,-1
290,117,512.74,350.72,54.61,72.88,0.9046,2,2,-1
290,118,521.11,426.16,57.53,84.86,0.9358,2,2,-1
291,3,-1.66,555.06,17.39,103.02,0.6590,2,2,-1
291,4,850.60,453.67,44.57,107.17,0.9307,3,0,-1
291,8,1225.96,789.26,78.03,165.50,0.9508,2,1,-1
291,66,413.39,461.22,60.26,110.91,0.9395,2,1,-1
291,68,417.38,346.24,34.70,70.52,0.8849,2,1,-1
291,77,1474.54,539.35,30.11,116.37,0.8674,2,2,-1
291,90,894.01,353.70,23.05,74.87,0.8583,2,2,-1
291,105,1222.25,455.65,38.73,105.07,0.9249,2,1,-1
291,116,1322.35,450.83,16.98,52.00,0.7582,2,2,-1
291,117,513.67,360.13,46.12,61.86,0.7776,2,2,-1
291,118,524.17,424.17,55.95,86.54,0.9267,2,2,-1
292,3,0.76,540.35,17.68,68.12,0.8466,2,2,-1
292,4,858.52,452.80,48.48,109.03,0.9406,3,0,-1
292,8,1235.53,789.08,94.64,166.89,0.9348,2,1,-1
292,66,421.40,460.78,60.49,109.35,0.9350,2,1,-1
292,68,419.67,348.46,31.27,68.31,0.8752,2,1,-1
292,77,1480.89,539.27,29.56,116.79,0.9017,2,2,-1
292,90,896.86,342.90,25.79,85.97,0.8255,2,2,-1
292,105,1225.49,455.33,38.92,106.12,0.9216,2,1,-1
292,116,1324.40,446.29,19.27,51.82,0.7583,2,2,-1
292,117,503.97,347.36,46.71,66.40,0.6699,2,2,-1
292,118,527.74,420.92,56.63,90.52,0.9287,2,2,-1
292,125,163.08,360.23,36.11,68.10,0.8027,2,2,-1
292,0,405.69,406.45,14.68,12.82,1.0,0,-1,-1
293,3,2.12,536.32,32.77,110.06,0.8329,2,2,-1
293,4,866.03,453.68,51.33,106.21,0.9356,3,0,-1
293,8,1247.34,790.66,107.57,174.09,0.9195,2,1,-1
293,66,428.93,462.65,55.60,106.35,0.9367,2,1,-1
293,68,415.57,348.55,33.82,67.10,0.8879,2,1,-1
293,77,1490.48,540.36,21.11,78.42,0.7275,2,2,-1
293,90,901.26,342.20,28.02,86.81,0.8906,2,2,-1
293,103,173.76,360.55,45.90,78.89,0.7911,2,2,-1
293,105,1229.87,455.41,38.10,106.53,0.9233,2,1,-1
293,116,1326.10,445.68,18.68,48.94,0.7409,2,2,-1
293,117,504.49,358.40,38.49,57.84,0.8181,2,2,-1
293,118,533.17,419.48,54.98,92.38,0.9298,2,2,-1
293,129,1326.01,497.77,23.68,49.87,0.8543,2,-1,-1
293,0,384.74,406.87,17.18,15.13,1.0,0,-1,-1
294,4,873.29,455.60,51.80,102.47,0.9343,3,0,-1
294,8,1260.92,795.87,104.39,154.64,0.9205,2,1,-1
294,66,437.65,463.44,50.92,105.87,0.9384,2,1,-1
294,68,411.64,348.21,38.43,67.64,0.8993,2,1,-1
294,72,11.37,532.40,36.77,50.21,0.8319,2,1,-1
294,77,1494.64,541.95,22.30,65.52,0.8807,2,2,-1
294,82,8.60,577.03,41.69,79.89,0.6466,2,2,-1
294,90,905.82,343.66,30.43,85.21,0.8569,2,2,-1
294,103,182.59,358.91,46.54,84.99,0.8944,2,2,-1
294,105,1234.25,455.50,37.45,106.36,0.9219,2,1,-1
294,117,499.10,348.28,46.61,73.31,0.7757,2,2,-1
294,118,538.16,417.35,53.37,95.34,0.9270,2,2,-1
294,129,1323.97,452.06,36.82,96.30,0.8322,2,-1,-1
294,0,364.46,408.06,18.84,14.72,1.0,0,-1,-1
295,3,15.77,530.58,47.62,125.52,0.9350,2,2,-1
295,4,879.45,456.75,51.32,100.48,0.9402,3,0,-1
295,8,1274.91,800.87,105.31,175.97,0.9336,2,1,-1
295,66,448.00,463.75,46.85,103.11,0.9328,2,1,-1
295,68,417.67,358.76,33.81,56.86,0.8337,2,1,-1
295,77,1497.40,542.31,25.20,67.51,0.8800,2,2,-1
295,90,908.47,343.97,36.66,85.63,0.9080,2,2,-1
295,103,188.20,356.85,44.30,86.64,0.9018,2,2,-1
295,105,1240.11,455.57,36.37,106.31,0.9284,2,1,-1
295,117,502.38,348.17,45.97,74.20,0.8217,2,2,-1
295,118,543.15,416.89,50.94,95.73,0.9297,2,2,-1
295,129,1332.78,449.62,29.74,99.51,0.8943,2,-1,-1
295,0,343.60,408.43,21.06,15.22,1.0,0,-1,-1
296,3,22.15,527.93,57.70,124.60,0.9355,2,2,-1
296,4,886.94,457.09,48.23,99.97,0.9295,3,0,-1
296,8,1295.61,804.87,101.50,170.22,0.9299,2,1,-1
296,66,456.56,462.24,45.16,104.57,0.9265,2,1,-1
296,68,408.96,343.28,46.05,70.69,0.9099,2,1,-1
296,77,1497.77,543.21,42.10,115.93,0.9127,2,2,-1
296,90,913.26,343.59,38.54,86.17,0.9181,2,2,-1
296,105,1246.31,456.05,34.71,106.31,0.9241,2,1,-1
296,117,501.08,345.88,47.97,76.23,0.9030,2,2,-1
296,118,547.97,416.97,49.71,96.65,0.9309,2,2,-1
296,125,197.66,355.26,38.13,81.24,0.8541,2,2,-1
296,129,1338.30,450.93,27.49,97.89,0.8679,2,-1,-1
296,0,323.80,409.67,19.04,14.15,1.0,0,-1,-1
297,3,29.96,527.84,71.30,121.81,0.9394,2,2,-1
297,4,896.65,456.99,44.90,99.68,0.9298,3,0,-1
297,8,1320.76,805.92,96.00,169.42,0.9298,2,1,-1
297,66,464.68,459.82,43.94,106.32,0.9159,2,1,-1
297,68,410.37,344.04,47.58,69.07,0.9130,2,1,-1
297,77,1503.10,544.55,44.10,115.30,0.9320,2,2,-1
297,90,917.68,344.41,39.57,85.23,0.9048,2,2,-1
297,105,1252.57,456.00,33.88,106.95,0.9291,2,1,-1
297,117,497.79,338.83,52.88,82.10,0.9122,2,2,-1
297,118,553.14,418.36,49.00,96.90,0.9242,2,2,-1
297,125,210.20,353.90,36.00,78.38,0.8991,2,2,-1
297,129,1344.08,446.93,27.04,102.70,0.8790,2,2,-1
297,0,304.88,409.18,21.92,16.15,1.0,0,-1,-1
298,3,39.61,529.08,84.86,118.75,0.9395,2,2,-1
298,4,907.48,455.40,42.05,100.07,0.9346,3,0,-1
298,8,1349.19,803.33,85.94,170.28,0.9213,2,1,-1
298,66,473.60,457.46,42.11,107.89,0.9257,2,1,-1
298,68,414.46,340.65,47.63,71.33,0.9160,2,1,-1
298,77,1508.46,545.02,44.77,114.54,0.9248,2,2,-1
298,90,927.02,343.37,37.01,86.50,0.8896,2,2,-1
298,105,1262.55,456.19,31.08,107.93,0.9267,2,1,-1
298,117,498.66,338.33,54.12,82.22,0.9151,2,2,-1
298,118,559.68,419.23,48.48,97.20,0.9266,2,2,-1
298,125,223.05,352.99,34.13,73.86,0.8736,2,2,-1
298,129,1350.67,446.06,26.82,103.66,0.8739,2,2,-1
298,0,289.27,410.69,16.56,13.83,1.0,0,-1,-1
299,3,52.02,531.56,86.39,115.91,0.9420,2,2,-1
299,4,917.46,453.40,42.97,100.01,0.9351,3,0,-1
299,8,1366.85,801.33,83.09,171.02,0.8953,2,1,-1
299,66,484.04,455.05,42.76,108.91,0.9276,2,1,-1
299,68,419.38,339.50,47.13,73.42,0.9058,2,1,-1
299,77,1516.69,545.60,46.00,114.21,0.9191,2,2,-1
299,90,937.03,342.53,34.91,87.01,0.8707,2,2,-1
299,105,1272.48,456.67,29.38,108.26,0.9183,2,1,-1
299,116,1360.58,444.63,21.37,37.86,0.8052,2,2,-1
299,117,504.03,356.54,47.09,64.34,0.8499,2,2,-1
299,118,568.99,419.96,47.40,97.25,0.9298,2,2,-1
299,125,233.80,353.04,34.53,79.04,0.8898,2,2,-1
299,129,1362.99,474.15,21.68,75.86,0.7905,2,2,-1
299,131,2.88,432.61,14.59,80.73,0.6918,2,-1,-1
299,0,275.63,412.03,17.00,16.67,1.0,0,-1,-1
300,3,81.96,531.42,69.50,114.00,0.9371,2,2,-1
300,4,928.21,451.31,45.57,101.59,0.9360,3,0,-1
300,8,1384.17,800.83,81.37,167.90,0.9101,2,1,-1
300,66,496.03,453.65,43.53,108.75,0.9265,2,1,-1
300,68,430.04,339.58,42.55,70.74,0.9157,2,1,-1
300,77,1526.67,545.15,45.72,113.70,0.9228,2,2,-1
300,105,1282.16,456.70,29.41,108.61,0.9161,2,1,-1
300,117,512.78,371.01,37.04,48.69,0.5656,2,2,-1
300,118,577.87,420.35,47.37,97.11,0.9267,2,2,-1
300,125,248.53,352.39,35.73,76.26,0.8934,2,2,-1
300,128,950.51,363.35,29.81,65.04,0.8700,2,-1,-1
300,129,1373.54,473.90,24.71,74.06,0.8393,2,2,-1
300,131,3.22,424.80,17.51,82.86,0.7257,2,-1,-1
301,3,97.90,529.59,67.48,114.06,0.9290,2,2,-1
301,4,939.58,449.97,46.18,102.56,0.9393,3,0,-1
301,8,1403.01,799.72,85.12,170.00,0.8966,2,1,-1
301,66,508.71,453.24,44.19,106.90,0.9262,2,1,-1
301,68,438.87,341.99,39.20,68.11,0.9020,2,1,-1
301,77,1537.13,545.26,45.55,114.66,0.8947,2,2,-1
301,105,1293.09,457.09,30.03,108.95,0.9190,2,1,-1
301,117,515.53,370.86,39.50,50.57,0.7425,2,2,-1
301,118,587.99,419.87,47.98,97.62,0.9305,2,2,-1
301,125,264.37,352.35,35.28,76.50,0.8680,2,2,-1
301,128,962.68,366.37,27.94,61.97,0.8496,2,-1,-1
301,129,1384.48,469.25,27.38,77.47,0.7683,2,2,-1
301,131,1.61,424.94,26.20,79.45,0.8992,2,-1,-1
302,3,120.87,526.04,61.79,115.63,0.9179,2,2,-1
302,4,951.84,449.17,48.02,102.72,0.9461,3,0,-1
302,8,1421.29,800.77,82.78,172.66,0.9152,2,1,-1
302,66,522.27,454.26,44.74,104.45,0.9234,2,1,-1
302,68,448.39,342.73,36.21,68.22,0.9189,2,1,-1
302,77,1549.21,545.42,45.15,115.08,0.8735,2,2,-1
302,105,1304.66,457.70,31.68,108.50,0.9185,2,1,-1
302,117,522.57,376.72,34.66,44.94,0.6425,2,2,-1
302,118,597.72,418.94,47.83,98.47,0.9223,2,2,-1
302,125,280.07,351.02,36.12,75.38,0.8954,2,2,-1
302,128,976.48,370.60,25.41,58.32,0.8458,2,-1,-1
302,129,1395.04,472.79,30.19,75.37,0.8392,2,2,-1
302,131,1.40,419.85,31.04,84.80,0.8752,2,-1,-1
302,0,242.12,412.31,14.68,13.42,1.0,0,-1,-1
303,3,137.13,522.32,56.41,117.29,0.9314,2,2,-1
303,4,964.39,449.21,47.47,102.17,0.9424,3,0,-1
303,8,1444.94,806.34,79.18,171.17,0.9124,2,1,-1
303,11,1.85,442.32,38.09,61.53,0.8533,2,1,-1
303,66,535.10,454.93,45.21,103.37,0.9214,2,1,-1
303,68,458.54,342.71,36.85,69.12,0.9121,2,1,-1
303,77,1562.20,545.46,44.17,114.84,0.8884,2,2,-1
303,105,1315.84,457.76,33.13,108.74,0.9198,2,1,-1
303,117,526.98,372.57,32.71,47.76,0.8023,2,2,-1
303,118,607.77,418.27,47.68,99.06,0.9269,2,2,-1
303,125,294.40,349.04,37.11,82.14,0.9032,2,2,-1
303,128,989.99,370.56,24.39,59.02,0.8531,2,-1,-1
303,129,1401.30,448.07,40.13,102.38,0.8369,2,2,-1
303,133,527.70,336.13,21.92,44.89,0.7742,2,-1,-1
303,0,232.60,413.07,16.49,13.25,1.0,0,-1,-1
304,3,154.23,518.06,53.61,120.94,0.9253,2,2,-1
304,4,977.31,449.18,47.53,101.89,0.9449,3,0,-1
304,8,1464.19,810.61,80.39,170.19,0.9372,2,1,-1
304,66,549.23,455.60,46.24,101.63,0.9211,2,1,-1
304,68,470.35,343.68,37.92,68.73,0.9088,2,1,-1
304,77,1576.18,546.00,43.01,114.26,0.8765,2,2,-1
304,90,1002.75,343.55,28.14,85.65,0.7923,2,2,-1
304,105,1327.82,458.20,34.12,108.49,0.9218,2,1,-1
304,116,1415.84,448.08,23.70,38.27,0.6161,2,2,-1
304,117,535.13,374.03,31.22,47.11,0.8087,2,2,-1
304,118,619.68,417.39,46.42,99.65,0.9196,2,2,-1
304,125,310.05,347.45,37.02,82.68,0.8854,2,2,-1
304,129,1422.74,502.89,27.16,49.20,0.8226,2,2,-1
304,131,2.41,414.13,46.68,86.39,0.9050,2,-1,-1
304,133,534.45,334.34,22.82,47.01,0.5198,2,-1,-1
304,0,224.54,413.37,15.45,13.43,1.0,0,-1,-1
305,3,172.89,516.13,50.71,115.90,0.9268,2,2,-1
305,4,991.46,449.60,47.08,101.95,0.9428,3,0,-1
305,8,1485.04,817.84,82.71,165.36,0.9255,2,1,-1
305,66,562.88,454.77,46.67,101.22,0.9247,2,1,-1
305,68,482.11,345.93,38.48,66.94,0.9108,2,1,-1
305,77,1589.21,547.03,43.70,114.20,0.9014,2,2,-1
305,105,1340.83,459.08,34.88,107.47,0.9259,2,1,-1
305,116,1425.49,450.45,34.75,66.24,0.8103,2,2,-1
305,117,544.09,376.58,30.85,45.30,0.7798,2,2,-1
305,118,632.77,417.26,44.62,99.71,0.9130,2,2,-1
305,125,327.38,345.74,38.14,84.04,0.8672,2,2,-1
305,128,1018.99,371.35,23.56,57.40,0.6751,2,-1,-1
305,129,1437.02,511.56,29.47,42.28,0.8754,2,2,-1
305,131,6.14,411.57,52.14,82.06,0.8996,2,2,-1
305,0,218.03,413.68,15.72,13.30,1.0,0,-1,-1
306,3,190.96,514.46,52.80,117.48,0.9241,2,2,-1
306,4,1005.40,449.37,46.68,101.64,0.9390,3,0,-1
306,8,1505.86,822.67,84.23,168.23,0.9246,2,1,-1
306,66,578.35,452.92,47.15,103.42,0.9254,2,1,-1
306,68,493.43,343.66,38.66,67.54,0.9130,2,1,-1
306,77,1602.00,549.33,44.49,112.57,0.9066,2,2,-1
306,90,1034.04,347.32,25.59,78.87,0.7945,2,2,-1
306,105,1354.90,459.50,35.27,107.00,0.9220,2,1,-1
306,116,1439.45,451.50,44.09,102.79,0.9181,2,2,-1
306,117,543.08,334.78,48.33,84.71,0.8694,2,2,-1
306,118,645.85,416.93,43.04,99.59,0.9081,2,2,-1
306,125,343.26,345.04,42.25,84.16,0.9049,2,2,-1
306,131,15.38,408.49,57.56,85.64,0.9119,2,2,-1
306,0,212.18,414.29,15.73,13.67,1.0,0,-1,-1
307,3,210.35,515.39,53.09,113.21,0.9319,2,2,-1
307,4,1020.69,449.04,45.13,101.57,0.9346,3,0,-1
307,8,1525.30,824.89,86.83,168.26,0.9182,2,1,-1
307,66,595.07,451.28,47.44,104.40,0.9217,2,1,-1
307,68,498.97,343.04,43.59,68.00,0.9079,2,1,-1
307,77,1614.18,551.51,46.47,112.80,0.9187,2,2,-1
307,90,1048.26,347.39,27.21,83.58,0.7717,2,2,-1
307,105,1369.42,459.94,34.74,107.48,0.9209,2,1,-1
307,116,1452.38,451.89,42.10,103.34,0.9105,2,2,-1
307,117,554.73,338.76,44.88,80.39,0.8645,2,2,-1
307,118,660.12,416.66,41.87,99.39,0.9020,2,2,-1
307,125,360.02,346.57,44.36,83.09,0.9045,2,2,-1
307,131,26.21,408.99,55.36,80.87,0.8979,2,2,-1
307,0,207.60,415.63,15.67,13.40,1.0,0,-1,-1
308,3,229.01,517.47,53.65,109.09,0.9216,2,2,-1
308,4,1033.83,448.20,43.90,100.53,0.9371,3,0,-1
308,8,1547.26,824.75,93.40,173.98,0.9350,2,1,-1
308,66,612.01,450.29,48.03,104.17,0.9094,2,1,-1
308,68,509.26,342.01,42.22,68.29,0.8811,2,1,-1
308,77,1623.24,552.65,49.30,112.11,0.9173,2,2,-1
308,90,1064.86,346.63,16.56,42.13,0.7040,2,2,-1
308,105,1381.61,460.59,34.41,106.94,0.9222,2,1,-1
308,116,1464.05,452.27,41.11,102.63,0.9135,2,2,-1
308,117,566.48,339.35,40.83,78.47,0.8850,2,2,-1
308,118,672.82,416.86,41.25,98.74,0.9005,2,2,-1
308,125,376.34,346.65,47.12,82.94,0.9138,2,2,-1
308,131,38.59,408.76,45.73,70.15,0.9014,2,2,-1
308,0,204.04,415.82,15.48,13.80,1.0,0,-1,-1
309,3,247.11,517.73,52.01,106.70,0.9181,2,2,-1
309,4,1045.94,447.38,42.82,101.55,0.9404,3,0,-1
309,8,1570.40,828.96,97.57,179.03,0.9298,2,1,-1
309,66,626.39,449.76,48.20,105.07,0.9144,2,1,-1
309,68,525.68,341.65,35.34,68.45,0.9035,2,1,-1
309,77,1633.30,553.85,50.88,111.69,0.9159,2,2,-1
309,90,1075.53,347.33,21.98,55.37,0.6988,2,2,-1
309,105,1393.40,461.01,34.51,106.94,0.9179,2,1,-1
309,116,1477.50,453.42,30.85,71.00,0.8141,2,2,-1
309,117,575.97,345.39,39.10,73.88,0.8891,2,2,-1
309,118,684.16,417.16,41.09,98.91,0.8524,2,2,-1
309,125,391.85,349.02,46.62,80.54,0.9092,2,2,-1
309,129,1486.82,516.77,26.63,39.59,0.7390,2,2,-1
309,131,50.10,407.56,48.75,84.24,0.9264,2,2,-1
309,0,201.43,416.51,14.57,13.83,1.0,0,-1,-1
310,3,264.69,515.95,51.59,108.94,0.9291,2,2,-1
310,4,1057.69,446.80,42.32,101.85,0.9363,3,0,-1
310,8,1587.72,833.90,91.90,176.00,0.9287,2,1,-1
310,66,641.21,449.51,47.12,105.03,0.9229,2,1,-1
310,68,539.57,344.24,29.97,64.92,0.8999,2,1,-1
310,77,1639.05,555.54,54.70,111.41,0.9163,2,2,-1
310,90,1089.39,347.13,22.19,55.18,0.5324,2,2,-1
310,105,1405.32,461.64,35.10,106.36,0.9175,2,1,-1
310,116,1485.14,452.78,38.70,95.99,0.9112,2,2,-1
310,117,586.09,347.35,35.29,72.87,0.8812,2,2,-1
310,118,697.31,417.44,39.56,97.81,0.8785,2,2,-1
310,125,408.26,349.80,46.88,79.55,0.9052,2,2,-1
310,131,62.65,405.58,50.77,85.70,0.9260,2,2,-1
310,0,198.49,417.86,14.85,13.66,1.0,0,-1,-1
311,3,281.93,513.86,50.70,109.67,0.9203,2,2,-1
311,4,1069.97,446.63,41.08,101.76,0.9351,3,0,-1
311,8,1606.14,834.04,85.32,175.95,0.9447,2,1,-1
311,66,655.93,449.98,46.92,104.04,0.9097,2,1,-1
311,68,550.23,342.25,28.61,66.78,0.8737,2,1,-1
311,77,1648.16,556.53,56.52,112.26,0.9251,2,2,-1
311,105,1416.32,462.01,35.64,106.45,0.9228,2,1,-1
311,116,1496.17,454.63,37.24,96.06,0.8956,2,2,-1
311,117,600.35,376.76,23.51,43.65,0.8296,2,2,-1
311,118,710.55,417.62,38.75,97.73,0.8118,2,2,-1
311,125,424.99,351.63,47.09,78.09,0.9045,2,2,-1
311,128,1100.69,351.85,26.98,81.94,0.7926,2,-1,-1
311,131,74.20,403.17,54.45,84.42,0.9210,2,2,-1
311,0,196.88,417.90,15.03,13.97,1.0,0,-1,-1
312,3,298.48,510.32,53.45,113.16,0.9152,2,2,-1
312,4,1081.33,447.05,41.69,101.01,0.9315,3,0,-1
312,8,1627.77,833.82,78.82,174.39,0.9328,2,1,-1
312,66,672.40,450.64,45.55,103.36,0.9179,2,1,-1
312,68,561.50,343.10,27.56,64.74,0.8940,2,1,-1
312,77,1659.75,557.35,54.51,110.40,0.9261,2,2,-1
312,105,1427.69,463.22,35.60,105.42,0.9237,2,1,-1
312,116,1509.65,455.77,27.03,63.50,0.7969,2,2,-1
312,117,607.57,371.22,25.24,49.57,0.8055,2,2,-1
312,118,722.83,418.02,37.19,97.25,0.7676,2,2,-1
312,125,442.92,353.49,44.24,76.19,0.9029,2,2,-1
312,128,1116.95,373.57,21.36,61.95,0.8506,2,-1,-1
312,131,84.51,401.42,57.40,84.69,0.9268,2,2,-1
312,0,195.63,418.19,16.46,14.48,1.0,0,-1,-1
313,3,314.84,507.33,55.05,113.22,0.9252,2,2,-1
313,4,1092.18,447.38,42.54,101.43,0.9315,3,0,-1
313,8,1649.64,829.25,72.62,179.30,0.9427,2,1,-1
313,66,686.92,451.04,44.41,102.18,0.9114,2,1,-1
313,68,571.64,340.74,28.12,67.23,0.8950,2,1,-1
313,77,1670.12,557.64,53.65,109.43,0.9269,2,2,-1
313,105,1439.45,463.94,34.82,106.13,0.9269,2,1,-1
313,116,1518.20,456.00,29.88,66.23,0.8707,2,2,-1
313,117,617.39,367.70,26.85,53.69,0.8144,2,2,-1
313,118,736.86,418.28,34.79,96.68,0.8512,2,2,-1
313,125,459.51,353.44,43.41,75.77,0.7243,2,2,-1
313,128,1129.85,372.10,22.55,62.67,0.8439,2,-1,-1
313,129,1523.58,518.10,27.49,40.87,0.6936,2,2,-1
313,131,95.20,400.79,55.76,81.77,0.9383,2,2,-1
313,0,195.08,419.00,15.18,13.69,1.0,0,-1,-1
314,3,331.12,505.52,53.02,111.07,0.9206,2,2,-1
314,4,1103.77,447.96,42.04,100.98,0.9334,3,0,-1
314,8,1668.20,826.46,69.98,179.41,0.9211,2,1,-1
314,66,702.14,451.57,44.17,100.84,0.9036,2,1,-1
314,68,582.53,340.53,27.67,66.27,0.9048,2,1,-1
314,77,1680.97,557.57,51.11,111.62,0.9156,2,2,-1
314,105,1450.80,465.03,34.26,105.96,0.9271,2,1,-1
314,116,1524.18,456.72,40.51,100.90,0.8416,2,2,-1
314,118,750.23,418.36,33.23,96.21,0.8564,2,2,-1
314,125,477.19,359.70,39.01,70.38,0.7468,2,2,-1
314,128,1143.61,373.19,22.82,60.88,0.8036,2,-1,-1
314,131,104.39,400.69,54.44,82.14,0.9134,2,2,-1
314,133,625.21,347.56,31.68,73.79,0.8759,2,-1,-1
314,134,1141.42,344.06,20.42,32.75,0.7513,2,-1,-1
314,0,194.92,420.49,14.19,13.01,1.0,0,-1,-1
315,3,347.46,504.41,52.52,110.44,0.9268,2,2,-1
315,4,1114.33,448.64,43.00,99.90,0.9349,3,0,-1
315,8,1685.67,825.01,67.94,181.67,0.9108,2,1,-1
315,66,715.53,451.00,44.35,101.59,0.8991,2,1,-1
315,68,593.79,340.93,27.00,66.87,0.8861,2,1,-1
315,77,1689.82,556.63,50.21,112.64,0.8915,2,2,-1
315,105,1462.36,466.21,33.56,105.98,0.9241,2,1,-1
315,116,1539.36,483.42,31.54,75.13,0.8548,2,2,-1
315,118,763.67,418.60,32.90,96.21,0.8687,2,2,-1
315,125,495.51,359.65,36.31,68.56,0.7896,2,2,-1
315,128,1155.42,373.84,23.74,59.97,0.7630,2,-1,-1
315,131,114.99,400.86,51.06,81.61,0.8910,2,2,-1
315,133,632.70,346.87,36.00,75.45,0.8817,2,-1,-1
315,134,1153.95,345.55,20.54,32.01,0.7247,2,-1,-1
315,0,195.44,420.31,14.33,13.52,1.0,0,-1,-1
316,3,362.76,504.33,51.34,111.90,0.9262,2,2,-1
316,4,1124.53,448.97,44.21,99.33,0.9320,3,0,-1
316,8,1701.48,825.19,67.61,182.01,0.9115,2,1,-1
316,66,731.11,450.62,42.70,100.75,0.9131,2,1,-1
316,68,604.04,342.78,25.80,65.64,0.8735,2,1,-1
316,77,1694.37,557.27,51.42,112.91,0.8590,2,2,-1
316,105,1473.40,467.48,32.60,105.41,0.9207,2,1,-1
316,116,1545.67,460.78,38.17,100.43,0.8671,2,2,-1
316,118,777.20,419.30,31.97,95.41,0.8723,2,2,-1
316,125,513.85,357.56,34.08,68.32,0.7654,2,2,-1
316,128,1168.16,371.36,25.26,63.67,0.7247,2,-1,-1
316,131,124.35,400.48,47.11,80.85,0.8976,2,2,-1
316,133,640.53,344.58,40.13,77.69,0.8819,2,-1,-1
316,0,197.03,420.34,14.69,13.77,1.0,0,-1,-1
317,3,378.77,504.46,47.53,111.85,0.9241,2,2,-1
317,4,1135.47,449.76,45.43,99.00,0.9345,3,0,-1
317,8,1716.57,826.76,67.61,184.24,0.9060,2,1,-1
317,66,745.68,450.51,40.72,97.63,0.9110,2,1,-1
317,68,615.67,346.98,23.49,61.76,0.8809,2,1,-1
317,77,1701.17,557.55,51.82,114.30,0.9075,2,2,-1
317,90,1177.80,352.61,29.60,86.41,0.8374,2,2,-1
317,105,1484.39,468.18,31.60,105.93,0.9112,2,1,-1
317,116,1556.24,484.41,33.70,77.65,0.8870,2,2,-1
317,117,648.17,360.52,43.46,62.58,0.8798,2,2,-1
317,118,790.27,419.21,31.41,95.93,0.8670,2,2,-1
317,125,531.51,361.92,30.84,67.26,0.8214,2,2,-1
317,131,135.60,397.90,46.05,83.97,0.8809,2,2,-1
317,135,15.75,499.10,51.45,115.92,0.9310,2,-1,-1
317,0,197.01,421.28,14.54,13.57,1.0,0,-1,-1
318,3,394.44,506.38,44.41,109.77,0.9170,2,2,-1
318,4,1144.13,450.18,47.02,98.61,0.9342,3,0,-1
318,8,1733.36,830.08,67.14,186.64,0.9024,2,1,-1
318,66,759.47,449.67,39.17,98.26,0.9165,2,1,-1
318,68,625.79,348.49,22.94,60.49,0.8773,2,1,-1
318,77,1706.67,558.97,53.75,114.71,0.9114,2,2,-1
318,105,1494.07,469.95,31.58,104.44,0.9206,2,1,-1
318,116,1564.06,488.40,36.16,74.26,0.8838,2,2,-1
318,117,658.84,360.46,43.20,62.38,0.8823,2,2,-1
318,118,802.85,419.90,30.46,95.02,0.8663,2,2,-1
318,125,548.10,359.53,31.37,70.15,0.6211,2,2,-1
318,128,1190.68,369.81,27.94,71.59,0.8069,2,-1,-1
318,131,143.90,395.12,47.52,85.06,0.9037,2,2,-1
318,135,33.08,498.53,51.66,115.73,0.9272,2,-1,-1
318,0,198.04,423.35,13.84,12.41,1.0,0,-1,-1
319,3,409.45,507.81,42.15,106.68,0.9198,2,2,-1
319,4,1152.90,450.39,48.59,98.20,0.9311,3,0,-1
319,8,1749.62,836.82,67.08,182.39,0.9093,2,1,-1
319,66,772.69,449.40,38.01,98.46,0.9204,2,1,-1
319,68,635.62,353.69,22.49,56.30,0.8535,2,1,-1
319,77,1715.36,561.50,55.21,114.06,0.9125,2,2,-1
319,88,668.29,370.14,43.14,54.98,0.8380,2,2,-1
319,90,1201.49,358.65,28.31,84.10,0.8049,2,2,-1
319,105,1502.98,470.90,32.09,104.58,0.9121,2,1,-1
319,116,1568.44,462.62,42.95,101.78,0.9158,2,2,-1
319,118,815.13,420.42,29.62,94.15,0.8815,2,2,-1
319,125,564.94,361.84,28.62,66.03,0.7834,2,2,-1
319,131,153.57,393.21,50.01,86.27,0.9133,2,2,-1
319,135,50.96,497.93,50.10,115.29,0.9230,2,-1,-1
319,0,199.54,424.10,13.23,12.57,1.0,0,-1,-1
320,3,423.60,508.15,40.95,106.95,0.9233,2,2,-1
320,4,1162.02,450.22,49.28,98.29,0.9334,3,0,-1
320,8,1765.44,844.52,67.88,177.89,0.9085,2,1,-1
320,66,786.12,449.21,36.98,98.97,0.9195,2,1,-1
320,68,645.85,353.59,23.07,54.77,0.8325,2,1,-1
320,77,1723.30,564.26,56.86,112.75,0.9239,2,2,-1
320,88,677.87,350.08,34.89,57.89,0.7971,2,2,-1
320,105,1510.29,471.28,34.30,104.62,0.9236,2,1,-1
320,116,1578.86,463.71,40.19,101.99,0.9242,2,2,-1
320,118,827.26,420.71,29.56,94.55,0.8752,2,2,-1
320,125,582.01,361.56,29.53,68.11,0.6021,2,2,-1
320,128,1212.62,368.69,28.96,75.29,0.7366,2,-1,-1
320,131,162.53,392.90,49.55,82.05,0.8933,2,2,-1
320,135,67.26,496.96,49.84,115.80,0.9253,2,1,-1
320,136,5.36,825.93,40.56,183.36,0.8854,2,-1,-1
320,137,8.10,449.28,45.50,108.64,0.9232,2,-1,-1
320,0,201.15,423.26,13.88,13.96,1.0,0,-1,-1
321,3,437.17,507.66,40.39,105.51,0.9225,2,2,-1
321,4,1171.89,450.05,49.81,98.65,0.9362,3,0,-1
321,8,1781.37,844.31,72.51,183.36,0.9311,2,1,-1
321,66,798.83,449.33,36.20,98.23,0.9220,2,1,-1
321,68,690.88,386.03,17.14,38.04,0.5097,2,1,-1
321,77,1732.34,567.66,56.59,109.53,0.9198,2,2,-1
321,88,690.03,349.67,26.41,50.32,0.7890,2,2,-1
321,103,652.25,341.79,26.92,65.12,0.8643,2,2,-1
321,105,1517.76,471.96,37.08,104.82,0.9254,2,1,-1
321,116,1587.61,465.29,39.74,101.91,0.9302,2,2,-1
321,118,838.95,420.93,29.12,94.65,0.8756,2,2,-1
321,125,596.50,358.63,30.42,71.33,0.6831,2,2,-1
321,128,1223.96,369.68,28.20,75.71,0.8560,2,-1,-1
321,131,171.17,393.03,41.65,67.89,0.8947,2,2,-1
321,135,82.66,495.73,49.15,115.06,0.9191,2,1,-1
321,136,20.28,827.92,55.97,177.45,0.9045,2,-1,-1
321,137,25.92,451.00,47.45,105.32,0.9154,2,-1,-1
322,3,450.02,505.81,38.93,103.38,0.9180,2,2,-1
322,4,1179.02,450.47,50.30,97.99,0.9322,3,0,-1
322,8,1793.90,849.31,76.54,183.01,0.9133,2,1,-1
322,66,810.74,449.17,36.03,98.95,0.9196,2,1,-1
322,77,1741.38,569.48,57.06,108.55,0.9296,2,2,-1
322,103,662.69,342.27,26.84,64.12,0.8892,2,2,-1
322,105,1525.75,472.91,38.90,104.79,0.9194,2,1,-1
322,116,1597.26,465.73,39.20,102.46,0.9169,2,2,-1
322,118,851.16,421.58,24.76,76.65,0.8344,2,2,-1
322,125,609.73,354.73,32.85,75.88,0.8771,2,2,-1
322,128,1237.42,385.65,23.51,60.49,0.8327,2,-1,-1
322,131,179.07,393.03,44.37,81.19,0.9057,2,2,-1
322,133,694.66,350.72,33.25,75.66,0.6697,2,-1,-1
322,135,97.53,495.38,48.81,115.14,0.9200,2,1,-1
322,136,39.18,830.06,59.97,177.40,0.9100,2,-1,-1
322,137,45.77,451.17,47.53,105.48,0.9174,2,-1,-1
322,138,13.94,544.34,37.86,111.50,0.9106,2,-1,-1
322,139,2.86,368.08,43.92,87.35,0.9093,2,-1,-1
323,3,461.61,504.38,38.57,105.62,0.9197,2,2,-1
323,4,1187.01,450.30,49.39,97.31,0.9105,3,0,-1
323,8,1803.25,853.61,77.33,180.66,0.9344,2,1,-1
323,66,822.38,449.92,35.96,97.80,0.9192,2,1,-1
323,77,1750.75,571.76,56.42,108.22,0.9312,2,2,-1
323,103,672.89,347.77,25.08,58.09,0.8307,2,2,-1
323,105,1533.89,473.44,40.45,103.41,0.9147,2,1,-1
323,116,1605.28,466.43,38.94,101.88,0.9150,2,2,-1
323,117,702.48,376.58,30.47,50.84,0.8358,2,2,-1
323,118,862.89,422.56,23.19,66.85,0.8220,2,2,-1
323,125,622.45,355.23,33.13,75.83,0.8493,2,2,-1
323,128,1246.89,388.74,24.90,57.76,0.8648,2,-1,-1
323,131,187.55,392.66,37.82,74.73,0.9078,2,2,-1
323,135,112.31,494.63,48.91,116.60,0.9213,2,1,-1
323,136,57.80,834.41,58.86,172.33,0.9236,2,1,-1
323,137,64.02,450.46,48.03,106.04,0.9263,2,1,-1
323,138,27.39,544.76,40.09,113.54,0.9156,2,-1,-1
323,139,13.28,367.34,46.96,87.54,0.9200,2,-1,-1
324,3,472.84,503.43,38.72,102.02,0.9260,2,2,-1
324,4,1195.58,450.44,46.56,96.57,0.9297,3,0,-1
324,8,1814.79,855.48,73.58,180.01,0.9156,2,1,-1
324,66,833.94,450.28,36.35,96.85,0.9180,2,1,-1
324,77,1761.46,572.97,53.81,107.84,0.9277,2,2,-1
324,103,679.75,348.51,25.45,59.01,0.7973,2,2,-1
324,105,1541.51,474.06,42.59,103.52,0.9276,2,1,-1
324,116,1612.41,466.71,38.11,102.38,0.9059,2,2,-1
324,117,709.62,373.78,30.97,54.11,0.8260,2,2,-1
324,118,870.11,422.22,29.54,92.80,0.8408,2,2,-1
324,125,636.37,358.12,31.57,73.13,0.8592,2,2,-1
324,128,1256.45,388.86,25.22,57.91,0.8277,2,-1,-1
324,131,194.88,391.07,41.01,84.58,0.9185,2,2,-1
324,135,125.80,494.32,49.20,116.22,0.9166,2,1,-1
324,136,73.20,835.92,56.89,170.49,0.9287,2,1,-1
324,137,81.48,449.07,47.29,105.60,0.9141,2,1,-1
324,138,41.98,544.67,40.10,113.31,0.9279,2,-1,-1
324,139,25.31,365.99,46.06,88.61,0.9252,2,-1,-1
325,3,483.35,501.24,38.89,103.14,0.9233,2,2,-1
325,4,1203.28,450.75,42.63,95.43,0.9261,3,0,-1
325,8,1831.02,857.26,65.38,176.83,0.9239,2,1,-1
325,66,844.29,450.78,36.91,95.85,0.9121,2,1,-1
325,77,1772.32,575.05,50.74,106.74,0.9223,2,2,-1
325,103,687.87,346.13,25.13,61.42,0.8609,2,2,-1
325,105,1550.46,474.83,43.74,103.23,0.9308,2,1,-1
325,116,1622.92,467.43,27.00,63.66,0.8414,2,2,-1
325,118,881.13,422.42,29.12,93.08,0.8696,2,2,-1
325,125,650.67,361.22,28.55,69.41,0.8534,2,2,-1
325,128,1265.55,390.11,25.90,58.71,0.8634,2,-1,-1
325,131,201.69,389.26,44.77,85.21,0.9268,2,2,-1
325,133,718.93,365.07,31.79,66.01,0.8787,2,-1,-1
325,135,140.37,494.75,48.40,115.04,0.9175,2,1,-1
325,136,86.73,835.09,58.01,167.46,0.9294,2,1,-1
325,137,97.92,447.25,47.29,106.31,0.9195,2,1,-1
325,138,55.66,543.99,40.73,113.35,0.9190,2,2,-1
325,139,36.78,365.11,44.03,89.43,0.9276,2,1,-1
326,3,494.19,499.37,37.89,104.07,0.9201,2,2,-1
326,4,1209.92,451.48,40.16,94.98,0.9208,3,0,-1
326,8,1850.61,857.18,57.54,178.05,0.9262,2,1,-1
326,66,855.40,450.78,36.33,95.70,0.9145,2,1,-1
326,77,1779.81,576.62,47.42,105.39,0.9232,2,2,-1
326,103,696.54,343.36,25.01,63.41,0.8744,2,2,-1
326,105,1559.04,475.51,46.17,103.95,0.9273,2,1,-1
326,116,1625.17,467.82,36.63,102.16,0.8767,2,2,-1
326,118,890.42,422.03,30.93,94.30,0.8765,2,2,-1
326,125,663.68,364.53,26.47,66.18,0.8493,2,2,-1
326,128,1276.02,390.96,25.52,57.73,0.8632,2,-1,-1
326,131,208.49,388.81,46.72,81.34,0.9061,2,2,-1
326,133,724.10,359.53,34.20,71.79,0.8906,2,-1,-1
326,135,150.90,495.23,50.67,114.82,0.9246,2,1,-1
326,136,98.99,832.56,60.87,167.71,0.9337,2,1,-1
326,137,114.45,445.50,46.27,107.16,0.9267,2,1,-1
326,138,68.28,543.66,41.80,112.79,0.9144,2,2,-1
326,139,48.50,364.81,43.24,88.23,0.9175,2,1,-1
327,3,504.23,498.66,37.38,103.99,0.9282,2,2,-1
327,4,1217.12,452.13,39.25,95.44,0.9263,3,0,-1
327,8,1870.83,857.75,50.49,176.46,0.9247,2,1,-1
327,66,865.61,449.80,37.31,96.61,0.9108,2,1,-1
327,77,1786.25,577.21,44.26,105.17,0.9291,2,2,-1
327,103,704.44,344.98,24.35,62.76,0.8669,2,2,-1
327,105,1568.71,476.86,48.14,103.52,0.9259,2,1,-1
327,116,1631.97,468.33,35.12,104.07,0.8335,2,2,-1
327,118,900.16,422.85,30.35,92.42,0.8797,2,2,-1
327,125,675.20,363.31,27.57,67.83,0.8485,2,2,-1
327,128,1284.15,388.81,26.67,60.44,0.8493,2,2,-1
327,131,212.68,389.07,50.62,78.51,0.9152,2,2,-1
327,133,730.64,358.49,35.79,75.23,0.8891,2,-1,-1
327,135,165.39,495.54,48.90,113.70,0.9249,2,1,-1
327,136,111.47,824.75,62.01,171.33,0.9371,2,1,-1
327,137,130.09,444.98,45.17,106.85,0.9210,2,1,-1
327,138,80.00,543.51,43.01,113.43,0.9162,2,2,-1
327,139,59.34,366.19,43.38,86.14,0.9141,2,1,-1
327,0,207.92,428.76,13.69,13.84,1.0,0,-1,-1
328,3,513.82,498.70,38.02,105.94,0.9260,2,2,-1
328,4,1223.92,453.01,40.22,94.18,0.9269,3,0,-1
328,8,1881.96,859.06,43.39,173.62,0.8453,2,1,-1
328,66,875.46,449.22,37.47,96.05,0.9150,2,1,-1
328,77,1791.40,576.56,44.62,106.13,0.9349,2,2,-1
328,103,710.75,342.63,24.44,64.68,0.8588,2,2,-1
328,105,1577.23,477.27,51.04,105.19,0.9315,2,1,-1
328,116,1640.31,469.82,34.25,104.60,0.8930,2,2,-1
328,117,738.74,370.21,33.15,63.50,0.8543,2,2,-1
328,118,909.48,423.10,30.32,91.25,0.8696,2,2,-1
328,125,687.32,357.81,28.61,73.84,0.8226,2,2,-1
328,128,1293.45,387.97,26.35,61.57,0.8680,2,2,-1
328,131,216.97,388.12,49.95,78.76,0.8743,2,2,-1
328,135,178.45,495.85,47.87,113.27,0.9235,2,1,-1
328,136,124.33,823.67,64.25,171.39,0.9387,2,1,-1
328,137,146.01,446.10,44.96,104.83,0.9229,2,1,-1
328,138,92.24,543.36,43.97,113.72,0.9165,2,2,-1
328,139,70.07,366.51,44.24,86.16,0.9153,2,1,-1
328,0,208.38,429.15,14.33,14.60,1.0,0,-1,-1
329,3,523.73,498.60,37.80,106.33,0.9289,2,2,-1
329,4,1230.35,453.89,43.30,93.93,0.9261,3,0,-1
329,8,1891.49,864.66,37.39,167.49,0.7329,2,1,-1
329,66,885.91,448.70,36.91,94.05,0.9152,2,1,-1
329,77,1796.30,575.61,46.67,107.24,0.9195,2,2,-1
329,103,713.56,342.38,27.89,63.01,0.8583,2,2,-1
329,105,1586.27,478.69,51.94,105.17,0.9288,2,1,-1
329,116,1647.39,471.60,35.26,102.72,0.9072,2,2,-1
329,117,747.86,379.87,27.64,53.61,0.8126,2,2,-1
329,118,918.52,423.12,30.02,90.60,0.8834,2,2,-1
329,128,1302.15,389.91,26.39,60.39,0.8762,2,2,-1
329,131,221.16,388.93,45.48,77.75,0.8795,2,2,-1
329,135,190.30,495.96,47.09,111.30,0.9226,2,1,-1
329,136,139.05,822.24,66.34,174.42,0.9144,2,1,-1
329,137,160.45,446.79,45.13,103.28,0.9215,2,1,-1
329,138,102.78,543.24,44.25,114.34,0.9225,2,2,-1
329,139,80.39,367.75,44.38,85.15,0.9203,2,1,-1
329,0,209.67,428.75,13.96,14.53,1.0,0,-1,-1
330,3,533.52,499.16,38.20,105.43,0.9344,2,2,-1
330,4,1234.96,454.98,46.24,93.17,0.9293,3,0,-1
330,66,896.16,448.29,37.01,93.58,0.9064,2,1,-1
330,77,1800.57,573.89,49.70,109.49,0.9239,2,2,-1
330,103,719.29,341.32,30.02,63.72,0.8319,2,2,-1
330,105,1594.91,479.43,52.68,105.46,0.9252,2,1,-1
330,116,1654.28,472.17,35.83,103.65,0.8828,2,2,-1
330,117,752.00,378.02,27.83,55.52,0.7466,2,2,-1
330,118,927.74,423.87,30.20,90.32,0.8570,2,2,-1
330,128,1310.26,389.01,27.05,62.21,0.8764,2,2,-1
330,131,227.15,389.25,43.40,77.06,0.8925,2,2,-1
330,135,201.66,495.71,46.52,110.28,0.9170,2,1,-1
330,136,153.55,822.08,68.23,176.97,0.9074,2,1,-1
330,137,175.58,446.77,43.16,99.14,0.9130,2,1,-1
330,138,113.69,543.69,44.78,114.28,0.9254,2,2,-1
330,139,89.56,367.62,45.64,84.51,0.9290,2,1,-1
330,0,210.50,429.49,14.30,14.16,1.0,0,-1,-1
331,3,541.81,498.92,38.69,104.59,0.9269,2,2,-1
331,4,1240.17,456.06,49.04,93.13,0.9346,3,0,-1
331,66,905.56,447.60,37.66,94.17,0.9097,2,1,-1
331,77,1804.47,573.97,54.02,110.75,0.9370,2,2,-1
331,90,1317.53,369.97,27.25,82.57,0.8591,2,2,-1
331,103,725.32,340.74,35.95,68.45,0.8593,2,2,-1
331,105,1603.13,479.87,52.36,105.58,0.9290,2,1,-1
331,116,1659.27,474.23,37.51,99.38,0.9193,2,2,-1
331,117,757.30,383.20,25.69,50.60,0.8037,2,2,-1
331,118,936.13,423.79,30.00,90.13,0.8716,2,2,-1
331,131,231.07,388.79,45.29,76.84,0.9090,2,2,-1
331,135,212.31,495.79,46.60,107.73,0.9071,2,1,-1
331,136,167.45,820.33,70.43,180.85,0.9038,2,1,-1
331,138,123.74,543.71,45.19,113.90,0.9313,2,2,-1
331,139,97.74,367.16,46.24,84.23,0.9222,2,1,-1
331,0,211.65,431.07,13.58,12.86,1.0,0,-1,-1
332,3,550.22,498.80,39.54,102.75,0.9245,2,2,-1
332,4,1245.10,456.70,51.68,93.09,0.9281,3,0,-1
332,66,915.22,447.27,39.34,94.36,0.9096,2,1,-1
332,77,1807.96,574.51,57.51,111.56,0.9428,2,2,-1
332,90,1324.87,369.54,28.26,83.46,0.9004,2,2,-1
332,105,1611.45,481.31,51.44,105.61,0.9253,2,1,-1
332,116,1669.56,493.57,33.76,82.63,0.8669,2,2,-1
332,117,763.07,378.42,27.96,55.68,0.8430,2,2,-1
332,125,735.28,357.39,30.94,75.68,0.6461,2,2,-1
332,131,232.21,386.95,49.49,77.75,0.9245,2,2,-1
332,135,220.30,495.18,49.19,106.42,0.9145,2,1,-1
332,136,181.30,825.77,70.62,177.82,0.9080,2,1,-1
332,137,203.84,445.05,39.26,82.24,0.8550,2,1,-1
332,138,133.30,544.04,45.60,113.71,0.9328,2,2,-1
332,139,103.06,366.89,48.14,84.11,0.9126,2,1,-1
332,0,211.69,430.67,14.56,14.44,1.0,0,-1,-1
333,3,558.31,498.82,40.29,102.04,0.9335,2,2,-1
333,4,1250.22,457.30,52.73,91.98,0.9289,3,0,-1
333,66,924.62,448.22,38.51,93.41,0.9083,2,1,-1
333,72,234.35,385.33,53.06,67.87,0.8509,2,1,-1
333,77,1813.30,576.02,58.54,111.33,0.9294,2,2,-1
333,105,1620.11,482.13,49.67,104.96,0.9254,2,1,-1
333,116,1670.14,476.28,40.81,99.59,0.8614,2,2,-1
333,128,1333.29,387.43,28.08,66.32,0.8538,2,2,-1
333,133,772.36,362.62,28.36,73.08,0.8291,2,-1,-1
333,135,232.32,494.51,48.73,106.08,0.9157,2,1,-1
333,136,194.66,832.88,72.06,172.70,0.9219,2,1,-1
333,137,215.34,443.49,39.21,73.49,0.8947,2,1,-1
333,138,142.64,544.36,45.33,112.38,0.9270,2,2,-1
333,139,107.13,366.78,51.40,83.67,0.9222,2,1,-1
333,140,-0.21,331.57,26.66,60.89,0.7856,2,-1,-1
333,0,213.01,431.43,13.76,13.02,1.0,0,-1,-1
334,3,565.60,498.17,40.97,102.00,0.9307,2,2,-1
334,4,1254.88,458.12,54.54,91.43,0.9349,3,0,-1
334,66,933.72,448.12,38.20,92.99,0.8980,2,1,-1
334,77,1817.45,578.69,58.09,111.19,0.9217,2,2,-1
334,90,1340.97,371.21,27.94,83.92,0.8793,2,2,-1
334,105,1628.35,482.83,47.40,104.08,0.9174,2,1,-1
334,116,1675.53,475.76,39.16,101.44,0.8731,2,2,-1
334,125,756.36,372.08,32.27,64.38,0.8441,2,2,-1
334,131,239.27,384.43,52.73,74.93,0.9123,2,2,-1
334,135,242.78,495.02,47.51,104.58,0.9081,2,1,-1
334,136,208.19,835.73,74.90,172.48,0.9234,2,1,-1
334,137,226.42,442.75,40.56,73.51,0.8974,2,1,-1
334,138,152.52,544.34,45.75,112.42,0.9248,2,2,-1
334,139,109.34,367.40,55.82,83.72,0.9187,2,1,-1
334,140,4.39,336.98,25.69,56.11,0.5782,2,-1,-1
334,0,213.31,431.62,13.80,13.42,1.0,0,-1,-1
335,3,572.17,496.93,41.53,102.93,0.9263,2,2,-1
335,4,1256.27,458.92,55.84,90.29,0.9341,3,0,-1
335,66,942.81,448.35,38.55,92.57,0.8984,2,1,-1
335,72,241.50,384.47,42.04,62.10,0.8672,2,1,-1
335,77,1819.41,580.88,57.30,109.34,0.8340,2,2,-1
335,90,1348.17,372.34,27.98,84.08,0.8787,2,2,-1
335,105,1636.81,483.18,46.26,104.39,0.9269,2,1,-1
335,116,1679.92,475.79,36.79,103.67,0.9045,2,2,-1
335,125,761.18,366.37,33.67,70.51,0.8283,2,2,-1
335,135,251.44,493.60,46.80,106.01,0.9095,2,1,-1
335,136,218.41,840.38,77.51,169.09,0.9296,2,1,-1
335,137,237.57,440.41,40.22,71.34,0.8860,2,1,-1
335,138,161.45,544.93,46.67,112.87,0.9231,2,2,-1
335,139,114.39,369.00,57.20,81.95,0.9080,2,1,-1
335,140,17.24,359.54,20.38,35.20,0.6940,2,-1,-1
335,0,212.86,431.42,14.39,12.97,1.0,0,-1,-1
336,3,578.74,495.36,39.19,102.65,0.9242,2,2,-1
336,4,1257.38,459.72,55.37,89.40,0.9319,3,0,-1
336,66,951.31,449.21,38.91,92.13,0.8965,2,1,-1
336,72,244.94,384.51,42.18,67.36,0.8595,2,1,-1
336,77,1819.13,582.13,58.32,107.74,0.8836,2,2,-1
336,103,758.64,345.54,25.53,60.06,0.8023,2,-1,-1
336,105,1644.86,483.27,43.42,103.44,0.9140,2,1,-1
336,116,1685.24,476.35,30.92,84.28,0.8555,2,2,-1
336,125,773.69,362.49,44.96,74.42,0.9031,2,2,-1
336,128,1356.13,397.26,26.65,59.98,0.8492,2,2,-1
336,135,260.27,492.74,45.65,106.61,0.9104,2,1,-1
336,136,229.26,842.68,79.49,166.06,0.9329,2,1,-1
336,137,248.73,441.09,40.04,69.83,0.8881,2,1,-1
336,138,169.98,545.49,47.99,112.95,0.9267,2,2,-1
336,139,122.49,369.23,58.93,82.38,0.9281,2,1,-1
336,140,8.33,332.02,38.56,62.55,0.6882,3,-1,-1
336,0,212.98,431.75,14.12,13.39,1.0,0,-1,-1
337,3,585.38,494.37,37.17,103.23,0.9268,2,2,-1
337,4,1258.02,460.11,54.45,88.48,0.9293,3,0,-1
337,66,958.93,449.36,35.66,91.73,0.8948,2,1,-1
337,72,249.84,385.18,33.10,59.29,0.8517,2,1,-1
337,77,1817.88,582.50,55.47,105.56,0.8997,2,2,-1
337,90,1360.84,373.35,29.23,84.66,0.9099,2,2,-1
337,103,765.99,349.76,23.59,55.93,0.7462,2,1,-1
337,105,1652.57,484.33,41.45,103.21,0.9060,2,1,-1
337,125,781.92,365.75,42.92,71.36,0.8586,2,2,-1
337,129,1688.63,477.78,36.24,69.19,0.8072,2,2,-1
337,135,268.13,492.28,45.16,105.76,0.9193,2,1,-1
337,136,240.35,842.63,82.65,166.45,0.9286,2,1,-1
337,137,259.14,439.17,39.83,70.70,0.8789,2,1,-1
337,138,178.18,545.75,49.41,112.03,0.9285,2,2,-1
337,139,132.32,370.05,57.59,81.73,0.9313,2,1,-1
337,140,12.25,330.70,42.85,63.59,0.7895,3,-1,-1
337,0,212.98,432.10,13.77,12.93,1.0,0,-1,-1
338,3,592.14,493.44,34.67,102.68,0.9235,2,2,-1
338,4,1258.76,459.74,51.69,88.01,0.9180,3,0,-1
338,66,967.77,449.57,36.55,92.36,0.8904,2,1,-1
338,72,250.70,383.58,32.28,65.23,0.8681,2,1,-1
338,77,1820.42,581.65,54.66,107.37,0.9162,2,2,-1
338,90,1367.11,374.07,28.87,84.71,0.8815,2,2,-1
338,103,771.35,357.04,23.46,48.38,0.8361,2,1,-1
338,105,1662.50,484.19,46.68,102.85,0.8937,2,1,-1
338,117,789.48,370.99,39.12,65.01,0.8527,2,2,-1
338,135,275.74,492.74,43.83,105.03,0.9108,2,1,-1
338,136,250.80,842.70,83.83,169.11,0.9278,2,1,-1
338,137,270.21,443.14,38.81,66.51,0.8813,2,1,-1
338,138,185.75,546.14,48.30,111.73,0.9351,2,2,-1
338,139,142.02,370.89,54.19,80.37,0.9296,2,1,-1
338,140,16.66,332.86,43.62,60.88,0.8615,3,-1,-1
338,0,212.78,432.11,13.55,12.33,1.0,0,-1,-1
339,3,597.03,492.88,34.57,103.23,0.9257,2,2,-1
339,4,1262.60,458.49,49.95,89.63,0.9225,3,0,-1
339,66,974.78,449.50,36.19,92.29,0.8881,2,1,-1
339,72,253.15,382.91,34.29,68.31,0.7594,2,1,-1
339,77,1823.57,580.52,54.92,111.31,0.9275,2,2,-1
339,90,1371.82,374.04,28.96,84.36,0.8907,2,2,-1
339,103,767.78,339.25,32.23,64.91,0.7903,2,1,-1
339,105,1666.09,484.85,42.04,102.77,0.9167,2,1,-1
339,117,796.98,384.76,32.94,54.78,0.7168,2,2,-1
339,135,282.57,492.38,43.21,105.11,0.9128,2,1,-1
339,136,260.67,845.39,82.55,166.61,0.9280,2,1,-1
339,137,279.27,443.41,39.47,65.55,0.8796,2,1,-1
339,138,193.01,546.06,47.95,111.40,0.9261,2,2,-1
339,139,150.24,371.27,50.29,79.59,0.9176,2,1,-1
339,140,19.80,334.37,43.35,59.66,0.9017,3,-1,-1
339,0,211.67,432.59,13.69,12.88,1.0,0,-1,-1
340,3,602.04,493.51,35.25,103.07,0.9130,2,2,-1
340,4,1266.69,457.49,51.44,92.20,0.9318,3,0,-1
340,66,982.38,449.43,35.27,91.86,0.8940,2,1,-1
340,77,1827.12,580.57,57.32,114.65,0.9331,2,2,-1
340,90,1378.65,376.32,29.87,81.89,0.8698,2,2,-1
340,103,774.96,348.10,29.05,54.67,0.8128,2,1,-1
340,105,1673.89,484.58,38.77,104.59,0.9114,2,1,-1
340,131,247.79,382.10,48.72,72.29,0.8950,2,2,-1
340,133,800.74,363.39,27.39,76.11,0.7082,2,-1,-1
340,135,288.87,492.53,43.42,103.74,0.9113,2,1,-1
340,136,270.71,847.35,76.83,167.04,0.9318,2,1,-1
340,137,287.22,442.57,38.57,66.66,0.8639,2,1,-1
340,138,199.01,546.03,46.70,111.04,0.9288,2,2,-1
340,139,159.42,371.57,46.86,79.45,0.9023,2,1,-1
340,140,24.31,335.71,38.75,58.11,0.8960,3,-1,-1
340,0,210.91,433.87,13.57,12.29,1.0,0,-1,-1
341,3,607.21,493.61,36.92,102.62,0.9298,2,2,-1
341,4,1268.14,456.88,54.67,93.42,0.9350,3,0,-1
341,66,990.26,449.55,35.04,91.34,0.9049,2,1,-1
341,77,1831.19,581.25,58.32,114.84,0.9350,2,2,-1
341,90,1381.73,375.95,32.40,83.06,0.8593,2,2,-1
341,103,780.77,349.83,28.43,52.13,0.6546,2,1,-1
341,105,1680.48,484.58,37.61,105.40,0.8443,2,1,-1
341,117,805.43,384.34,30.58,55.75,0.7092,2,2,-1
341,131,241.62,382.46,55.16,71.22,0.9137,2,2,-1
341,135,295.33,491.92,44.16,104.57,0.9163,2,1,-1
341,136,282.94,849.52,73.45,164.51,0.9504,2,1,-1
341,138,206.51,546.41,43.29,110.03,0.9315,2,2,-1
341,139,168.37,370.57,46.60,79.91,0.8971,2,1,-1
341,140,24.75,335.00,37.72,57.94,0.5667,3,-1,-1
341,0,210.44,432.58,13.28,12.43,1.0,0,-1,-1
342,3,614.03,493.33,36.72,100.82,0.9209,2,2,-1
342,4,1271.74,456.14,55.22,93.94,0.9335,3,0,-1
342,66,997.95,449.43,33.98,89.98,0.8907,2,1,-1
342,77,1835.09,582.87,57.46,114.48,0.9384,2,2,-1
342,82,779.62,339.30,27.62,62.71,0.7349,2,2,-1
342,90,1389.03,375.33,34.19,84.37,0.8884,2,2,-1
342,116,1710.29,486.28,43.18,96.23,0.8645,2,2,-1
342,131,243.87,383.58,59.33,66.72,0.8730,2,2,-1
342,133,811.05,370.91,26.67,69.56,0.8480,2,-1,-1
342,135,302.42,492.80,45.02,103.09,0.9222,2,1,-1
342,136,291.38,849.31,73.12,164.52,0.9472,2,1,-1
342,137,306.46,440.07,38.18,69.88,0.8984,2,1,-1
342,138,212.63,546.05,40.97,108.23,0.9143,2,2,-1
342,139,176.77,369.65,47.60,79.45,0.8926,2,1,-1
342,0,210.97,432.29,12.43,11.32,1.0,0,-1,-1
343,3,619.14,492.93,39.38,100.36,0.9288,2,2,-1
343,4,1276.30,456.91,55.50,93.41,0.9391,3,0,-1
343,66,1005.79,448.34,33.06,89.00,0.8983,2,1,-1
343,77,1840.52,585.87,54.00,113.31,0.9135,2,2,-1
343,82,786.51,339.52,27.46,62.93,0.7828,2,2,-1
343,90,1392.29,375.83,38.45,84.97,0.8940,2,2,-1
343,116,1697.35,485.40,60.77,105.99,0.9255,2,2,-1
343,131,244.89,385.30,57.29,64.03,0.8601,2,2,-1
343,133,815.36,369.31,27.90,72.88,0.8469,2,-1,-1
343,135,310.03,490.44,46.41,104.36,0.9172,2,1,-1
343,136,300.10,849.91,74.01,164.04,0.9395,2,1,-1
343,138,217.74,546.00,39.90,108.85,0.9109,2,2,-1
343,139,181.92,369.41,48.07,78.08,0.8565,2,1,-1
343,140,36.19,333.10,39.69,62.86,0.8849,3,-1,-1
343,0,211.52,432.11,12.92,12.31,1.0,0,-1,-1
344,3,625.86,493.12,40.66,100.11,0.9259,2,2,-1
344,4,1280.78,458.30,53.53,91.15,0.9298,3,0,-1
344,66,1013.18,446.93,33.44,90.29,0.8788,2,1,-1
344,77,1846.56,588.57,38.11,70.65,0.8901,2,2,-1
344,82,791.80,340.39,27.68,62.06,0.8465,2,2,-1
344,90,1398.20,376.88,42.62,84.29,0.9065,2,2,-1
344,116,1703.07,487.01,61.23,105.72,0.9257,2,2,-1
344,125,846.01,379.92,24.98,51.22,0.8545,2,2,-1
344,131,232.19,389.28,53.33,64.90,0.7013,2,2,-1
344,133,818.74,364.89,30.66,79.59,0.8550,2,2,-1
344,135,317.61,491.06,46.31,103.60,0.9136,2,1,-1
344,136,307.50,847.70,78.06,166.37,0.9445,2,1,-1
344,138,226.60,547.48,36.59,106.60,0.8750,2,2,-1
344,139,186.19,369.49,55.48,78.28,0.9189,2,1,-1
344,140,40.23,331.38,39.67,62.67,0.7729,3,-1,-1
345,3,632.16,492.90,41.77,99.94,0.9265,2,2,-1
345,4,1285.79,459.84,48.72,90.32,0.9354,3,0,-1
345,66,1022.10,447.81,32.71,89.41,0.8621,2,1,-1
345,77,1847.06,589.76,46.89,110.74,0.9109,2,2,-1
345,88,857.10,367.77,24.57,63.95,0.8534,2,2,-1
345,90,1404.52,378.01,42.45,84.06,0.9011,2,2,-1
345,103,794.91,345.21,26.67,57.75,0.8511,2,1,-1
345,116,1706.54,491.46,57.34,102.11,0.8800,2,2,-1
345,131,248.42,386.16,52.02,64.58,0.8887,2,2,-1
345,133,823.36,368.00,31.87,75.50,0.8659,2,2,-1
345,135,325.68,489.40,45.45,104.42,0.9147,2,1,-1
345,136,313.88,847.13,81.97,171.06,0.9385,2,1,-1
345,138,233.32,546.02,36.58,107.62,0.8712,2,2,-1
345,139,190.65,369.70,56.66,78.18,0.8801,2,1,-1
345,140,43.73,331.30,41.51,63.68,0.6622,3,-1,-1
346,3,639.35,492.47,40.47,99.54,0.9278,2,2,-1
346,4,1288.86,460.98,43.76,89.20,0.9297,3,0,-1
346,66,1027.79,447.93,34.34,88.75,0.8527,2,1,-1
346,77,1853.77,589.62,40.31,110.26,0.9305,2,2,-1
346,88,866.62,364.49,26.10,66.96,0.8675,2,2,-1
346,90,1412.42,378.96,43.25,84.84,0.9014,2,2,-1
346,103,798.62,342.30,27.55,59.44,0.8639,2,1,-1
346,116,1704.03,491.59,56.17,103.61,0.8763,2,2,-1
346,131,256.41,385.85,50.53,67.56,0.8761,2,2,-1
346,133,828.80,365.75,33.78,80.65,0.8783,2,2,-1
346,135,334.47,486.59,43.42,105.59,0.8954,2,1,-1
346,136,321.11,848.02,84.42,175.99,0.9361,2,1,-1
346,138,241.40,545.87,36.41,106.95,0.9112,2,2,-1
346,139,196.69,371.80,55.30,75.72,0.9158,2,1,-1
346,140,46.31,332.44,43.69,62.50,0.7853,3,-1,-1
346,0,210.91,434.64,14.50,13.94,1.0,0,-1,-1
347,3,645.05,492.02,41.64,100.00,0.9212,2,2,-1
347,4,1290.74,461.22,40.07,88.20,0.9282,3,0,-1
347,66,1036.40,446.08,34.84,90.68,0.8894,2,1,-1
347,72,266.21,383.41,41.18,72.52,0.8984,2,1,-1
347,77,1857.78,589.14,40.48,110.58,0.8830,2,2,-1
347,90,1420.86,379.19,42.96,85.03,0.8960,2,2,-1
347,103,805.36,341.69,27.91,59.39,0.8724,2,1,-1
347,105,1724.08,490.70,36.58,105.03,0.9051,2,1,-1
347,117,834.02,368.75,25.19,49.09,0.6140,2,2,-1
347,125,875.54,378.50,26.40,53.71,0.8233,2,2,-1
347,133,842.46,408.66,18.83,37.95,0.7160,2,2,-1
347,135,342.45,486.93,41.18,105.35,0.9201,2,1,-1
347,136,328.60,851.40,84.97,171.97,0.9430,2,1,-1
347,138,244.26,546.04,41.54,107.57,0.9119,2,2,-1
347,139,203.02,371.26,55.28,77.08,0.9065,2,1,-1
347,140,47.82,333.32,36.10,58.70,0.7685,3,-1,-1
347,0,210.76,432.79,15.77,15.59,1.0,0,-1,-1
348,3,652.98,490.95,40.29,100.07,0.9218,2,2,-1
348,4,1292.35,459.41,43.39,90.66,0.9308,3,0,-1
348,66,1043.37,445.28,35.03,91.24,0.8525,2,1,-1
348,72,272.61,381.19,42.11,73.82,0.9025,2,1,-1
348,77,1859.73,588.52,46.44,112.27,0.9358,2,2,-1
348,88,881.47,361.61,29.48,70.69,0.8940,2,2,-1
348,90,1430.40,379.38,39.91,85.71,0.8854,2,2,-1
348,103,808.67,338.90,28.39,61.30,0.8442,2,1,-1
348,105,1731.19,490.62,36.50,104.68,0.8876,2,1,-1
348,117,839.08,370.14,24.48,48.62,0.8506,2,2,-1
348,133,845.18,412.45,18.72,35.36,0.6806,2,2,-1
348,135,349.80,486.56,38.38,105.86,0.9099,2,1,-1
348,136,334.68,857.45,86.07,168.45,0.9406,2,1,-1
348,138,251.25,545.91,43.69,108.00,0.9214,2,2,-1
348,139,210.87,372.15,54.04,75.38,0.9210,2,1,-1
348,140,54.04,334.46,34.08,58.54,0.6424,3,-1,-1
349,3,659.47,490.49,38.47,98.91,0.9144,2,2,-1
349,4,1294.32,457.92,46.59,93.57,0.9331,3,0,-1
349,11,370.61,437.25,39.39,95.67,0.9148,2,1,-1
349,66,1050.20,444.54,34.81,91.80,0.8977,2,1,-1
349,72,278.86,379.52,39.90,74.96,0.9020,2,1,-1
349,77,1857.99,588.85,53.77,113.74,0.9388,2,2,-1
349,88,889.11,364.74,29.75,67.12,0.8872,2,2,-1
349,90,1442.17,379.35,35.73,85.81,0.8971,2,2,-1
349,103,813.05,336.46,32.65,65.14,0.8991,2,1,-1
349,105,1740.06,492.75,34.48,102.58,0.8662,2,1,-1
349,117,843.09,371.26,24.05,48.43,0.8427,2,2,-1
349,133,847.79,415.21,18.56,33.98,0.5022,2,2,-1
349,136,340.93,860.79,85.68,166.56,0.9468,2,1,-1
349,138,256.70,545.92,46.41,107.59,0.9290,2,2,-1
349,139,217.43,372.42,53.85,75.74,0.9300,2,1,-1
349,140,61.48,333.37,29.08,60.63,0.8464,3,-1,-1
350,3,666.26,489.35,36.39,98.88,0.9221,2,2,-1
350,4,1296.00,456.73,49.03,94.56,0.9306,3,0,-1
350,11,379.35,436.45,38.14,96.23,0.9102,2,1,-1
350,66,1056.87,445.44,34.60,90.71,0.8928,2,1,-1
350,72,284.68,377.11,39.14,71.27,0.8709,2,1,-1
350,77,1855.21,590.01,62.20,114.23,0.9383,2,2,-1
350,88,895.25,362.63,31.42,69.41,0.9063,2,2,-1
350,90,1447.87,379.70,32.42,85.63,0.8908,2,2,-1
350,103,816.49,336.18,33.75,65.43,0.8942,2,1,-1
350,105,1745.68,490.85,35.12,104.45,0.8854,2,1,-1
350,117,843.28,371.04,31.42,75.28,0.8347,2,2,-1
350,118,1050.18,428.96,17.82,43.07,0.7512,2,2,-1
350,136,345.38,861.39,84.34,168.07,0.9371,2,1,-1
350,138,259.72,546.02,50.46,107.22,0.9263,2,2,-1
350,139,226.99,372.85,50.23,74.39,0.9142,2,1,-1
350,140,67.23,332.46,31.45,61.92,0.8923,3,0,-1
350,0,220.77,432.88,11.89,13.53,1.0,0,-1,-1
351,3,671.66,488.48,33.01,101.98,0.9234,2,2,-1
351,4,1296.28,456.65,53.00,94.87,0.9390,3,0,-1
351,11,387.71,435.38,38.16,96.40,0.9202,2,1,-1
351,66,1063.07,444.35,34.16,91.37,0.9001,2,1,-1
351,77,1861.44,592.29,58.97,111.64,0.9200,2,2,-1
351,88,901.15,362.16,32.47,69.68,0.8914,2,2,-1
351,90,1455.40,378.78,29.69,86.71,0.9036,2,2,-1
351,103,819.91,336.16,33.11,64.70,0.8888,2,1,-1
351,105,1751.42,490.56,36.36,106.01,0.9016,2,1,-1
351,117,847.78,367.82,30.00,79.07,0.8704,2,2,-1
351,131,284.24,374.47,53.74,73.50,0.8827,2,2,-1
351,136,351.65,861.01,78.32,171.11,0.9494,2,1,-1
351,138,263.71,546.75,54.51,106.43,0.9257,2,2,-1
351,139,238.15,373.54,46.27,73.01,0.9114,2,1,-1
351,140,69.97,330.78,30.23,63.19,0.8747,3,0,-1
351,0,225.03,432.08,14.14,13.49,1.0,0,-1,-1
352,3,676.53,487.93,31.88,101.35,0.9173,2,2,-1
352,4,1297.12,456.34,54.61,94.94,0.9267,3,0,-1
352,11,396.04,434.31,37.22,95.74,0.9149,2,1,-1
352,66,1070.20,444.42,33.59,91.27,0.8984,2,1,-1
352,72,290.61,373.79,43.41,73.90,0.8882,2,1,-1
352,77,1863.21,594.17,57.04,113.42,0.9219,2,2,-1
352,88,907.27,361.32,32.99,70.48,0.9006,2,2,-1
352,90,1461.87,379.09,27.90,86.65,0.9001,2,2,-1
352,103,822.02,336.76,31.94,63.74,0.8851,2,1,-1
352,105,1757.82,491.40,36.88,104.92,0.9054,2,1,-1
352,117,853.14,369.24,29.57,78.40,0.8937,2,2,-1
352,118,1058.39,428.15,19.45,44.93,0.8113,2,2,-1
352,136,358.33,861.26,73.78,174.40,0.9198,2,1,-1
352,138,265.80,546.46,60.43,106.49,0.9190,2,2,-1
352,139,247.18,374.47,43.90,72.31,0.9164,2,1,-1
352,140,73.97,329.80,29.83,65.17,0.8524,3,0,-1
352,0,229.10,431.54,13.77,13.40,1.0,0,-1,-1
353,3,680.70,487.66,32.39,100.28,0.9228,2,2,-1
353,4,1299.90,457.35,52.60,93.99,0.9340,3,0,-1
353,11,404.15,433.38,35.99,95.79,0.9169,2,1,-1
353,66,1076.73,444.00,32.97,91.61,0.8995,2,1,-1
353,77,1870.38,596.17,36.53,72.85,0.8141,2,2,-1
353,88,913.33,361.02,33.84,70.50,0.9023,2,2,-1
353,90,1467.73,378.93,28.09,86.74,0.9087,2,2,-1
353,103,825.25,337.83,29.79,63.02,0.8790,2,1,-1
353,105,1764.01,491.46,37.47,105.32,0.8980,2,1,-1
353,117,855.66,367.94,32.76,80.41,0.9224,2,2,-1
353,118,1061.41,427.76,20.61,41.27,0.8495,2,2,-1
353,131,294.03,373.11,49.16,72.47,0.9021,2,2,-1
353,135,375.41,484.80,43.14,104.91,0.9210,2,1,-1
353,136,365.02,860.74,72.40,184.58,0.8987,2,1,-1
353,138,268.46,546.28,64.80,106.66,0.9237,2,2,-1
353,139,251.70,375.04,45.60,71.83,0.9164,2,1,-1
353,140,77.83,330.30,29.29,64.42,0.8318,3,0,-1
353,0,232.81,431.49,13.74,13.97,1.0,0,-1,-1
354,3,682.48,487.66,36.09,100.21,0.9244,2,2,-1
354,4,1298.08,459.78,52.43,91.88,0.9259,3,0,-1
354,11,410.37,432.49,36.41,97.37,0.9221,2,1,-1
354,66,1082.66,443.23,32.86,91.83,0.8974,2,1,-1
354,72,299.53,372.96,41.39,70.83,0.9096,2,1,-1
354,77,1873.75,598.00,38.61,80.13,0.8080,2,2,-1
354,82,866.17,366.17,15.47,27.68,0.6719,2,2,-1
354,88,918.92,362.07,34.27,69.81,0.9019,2,2,-1
354,90,1471.94,379.87,29.99,86.33,0.9044,2,2,-1
354,103,828.87,338.31,26.32,61.73,0.8716,2,1,-1
354,105,1769.41,492.16,39.04,105.25,0.9321,2,1,-1
354,117,859.18,388.67,32.58,60.21,0.9136,2,2,-1
354,118,1066.11,427.20,21.28,41.21,0.8250,2,2,-1
354,135,374.60,484.90,49.81,103.54,0.9322,2,1,-1
354,136,372.63,864.58,69.39,182.86,0.9144,2,1,-1
354,138,272.85,545.16,65.58,107.42,0.9027,2,2,-1
354,139,257.02,373.65,47.44,72.70,0.9257,2,1,-1
354,140,81.71,329.39,30.85,65.28,0.8922,3,0,-1
354,148,1064.99,461.99,23.58,52.82,0.8378,2,-1,-1
354,0,236.86,431.93,13.70,14.50,1.0,0,-1,-1
355,3,683.56,487.90,40.71,100.09,0.9266,2,2,-1
355,4,1295.81,461.18,49.67,90.22,0.9140,3,0,-1
355,11,416.15,432.27,36.51,96.49,0.9181,2,1,-1
355,66,1088.00,442.94,32.65,91.24,0.8913,2,1,-1
355,77,1873.08,598.26,49.45,109.40,0.7435,2,2,-1
355,88,925.34,360.40,33.92,70.92,0.8962,2,2,-1
355,90,1476.25,381.29,31.40,85.03,0.9113,2,2,-1
355,103,830.87,338.10,24.99,61.92,0.8761,2,1,-1
355,105,1774.86,492.81,40.38,106.21,0.9230,2,1,-1
355,116,1738.20,523.52,41.70,68.06,0.8900,2,2,-1
355,117,860.54,381.11,37.93,67.20,0.9002,2,2,-1
355,135,376.42,485.41,54.89,102.76,0.9296,2,1,-1
355,136,378.66,869.05,67.05,175.14,0.9270,2,1,-1
355,138,273.11,544.72,68.85,107.60,0.9239,2,2,-1
355,139,263.36,371.93,48.94,74.25,0.9200,2,1,-1
355,140,85.25,330.23,30.58,63.19,0.8963,3,0,-1
355,148,1065.58,428.38,30.95,85.86,0.8585,2,-1,-1
355,0,239.59,431.26,13.45,13.69,1.0,0,-1,-1
356,3,688.83,487.35,41.87,99.19,0.9341,2,2,-1
356,4,1297.33,461.54,43.87,89.35,0.9276,3,0,-1
356,11,421.52,431.83,36.01,96.48,0.9221,2,1,-1
356,66,1095.26,441.68,32.08,91.86,0.9086,2,1,-1
356,77,1881.63,596.75,37.07,81.34,0.8114,2,2,-1
356,88,931.87,360.99,33.79,70.47,0.9064,2,2,-1
356,90,1480.77,381.22,34.36,85.83,0.9164,2,2,-1
356,103,832.48,337.35,28.76,63.01,0.8883,2,1,-1
356,105,1780.57,493.10,42.37,108.62,0.9294,2,1,-1
356,116,1745.85,556.67,25.76,35.07,0.7811,2,2,-1
356,117,864.23,369.45,40.26,79.35,0.9032,2,2,-1
356,135,379.86,485.47,57.86,101.84,0.9353,2,1,-1
356,136,383.46,873.32,67.01,171.01,0.9136,2,1,-1
356,138,276.31,543.52,68.06,108.32,0.9053,2,2,-1
356,139,269.18,370.38,49.94,74.65,0.9029,2,1,-1
356,140,88.83,331.33,29.16,61.65,0.8923,3,0,-1
356,148,1071.36,427.69,28.19,88.24,0.8430,2,-1,-1
356,0,242.04,430.80,13.38,13.50,1.0,0,-1,-1
357,3,695.56,487.41,41.64,98.97,0.9279,2,2,-1
357,4,1298.66,460.49,45.17,90.51,0.9318,3,0,-1
357,11,428.20,431.51,35.50,96.42,0.9199,2,1,-1
357,66,1101.15,441.17,32.12,90.71,0.9117,2,1,-1
357,72,311.10,375.86,40.01,65.73,0.9051,2,1,-1
357,77,1873.76,594.94,47.88,112.21,0.8130,2,2,-1
357,88,938.15,361.36,32.37,68.56,0.8772,2,2,-1
357,90,1485.57,382.78,35.18,84.68,0.9242,2,2,-1
357,103,836.03,336.15,31.78,64.85,0.8883,2,1,-1
357,105,1786.54,493.15,44.13,108.68,0.9224,2,1,-1
357,116,1737.27,539.48,36.96,51.06,0.8275,2,2,-1
357,117,869.40,380.16,35.35,69.26,0.8552,2,2,-1
357,135,386.24,485.29,58.29,101.57,0.9298,2,1,-1
357,136,387.37,876.69,67.89,171.31,0.9331,2,1,-1
357,138,283.02,543.19,62.86,106.50,0.8637,2,2,-1
357,139,272.29,369.70,47.21,72.73,0.8537,2,1,-1
357,140,93.60,332.06,28.63,60.67,0.8538,3,0,-1
357,148,1075.77,427.78,27.07,87.79,0.8270,2,-1,-1
357,0,244.68,430.93,14.23,13.13,1.0,0,-1,-1
358,3,701.36,486.91,41.57,96.75,0.9369,2,2,-1
358,4,1300.32,457.99,48.52,94.14,0.9376,3,0,-1
358,11,435.41,431.31,34.98,96.24,0.9187,2,1,-1
358,66,1107.94,440.05,32.04,91.23,0.9121,2,1,-1
358,72,315.43,377.45,41.50,63.38,0.9037,2,1,-1
358,77,1876.86,593.41,43.84,114.04,0.9159,2,2,-1
358,88,945.76,360.33,31.47,69.79,0.8987,2,2,-1
358,90,1493.28,383.58,35.47,84.46,0.9299,2,2,-1
358,103,839.39,335.41,33.55,65.22,0.8955,2,1,-1
358,105,1792.51,493.95,46.61,107.77,0.9274,2,1,-1
358,116,1738.73,536.50,38.94,52.64,0.7997,2,2,-1
358,117,879.19,412.79,21.08,36.59,0.7558,2,2,-1
358,135,393.26,485.07,58.17,101.85,0.9350,2,1,-1
358,136,389.62,881.10,67.95,167.41,0.9424,2,1,-1
358,138,287.29,542.05,61.71,107.86,0.9001,2,2,-1
358,139,275.51,370.51,45.32,71.52,0.9113,2,1,-1
358,140,98.08,332.41,27.21,61.03,0.8653,3,0,-1
358,148,1079.82,426.85,28.70,87.11,0.8849,2,2,-1
358,150,1741.87,493.35,26.90,49.97,0.6691,2,-1,-1
358,0,248.53,430.77,13.99,12.74,1.0,0,-1,-1
359,3,707.65,485.93,41.96,96.88,0.9265,2,2,-1
359,4,1302.95,456.55,49.69,96.37,0.9383,3,0,-1
359,11,442.52,430.54,34.56,95.72,0.9137,2,1,-1
359,66,1114.79,439.79,32.05,89.96,0.9055,2,1,-1
359,72,319.76,378.06,43.59,60.17,0.9003,2,1,-1
359,77,1880.66,592.42,40.82,118.00,0.8997,2,2,-1
359,88,952.34,359.75,30.10,70.63,0.8771,2,2,-1
359,90,1500.17,383.96,35.59,84.17,0.9242,2,2,-1
359,103,842.34,334.56,34.19,64.50,0.8862,2,1,-1
359,105,1799.18,494.51,47.98,107.75,0.9283,2,1,-1
359,116,1743.82,537.95,38.47,50.37,0.5736,2,2,-1
359,117,881.71,416.51,21.80,32.95,0.8640,2,2,-1
359,135,401.07,483.66,56.31,101.48,0.9328,2,1,-1
359,136,392.96,881.14,68.16,167.64,0.9397,2,1,-1
359,138,294.84,541.64,57.79,107.46,0.8322,2,2,-1
359,139,278.61,371.13,44.78,70.90,0.9137,2,1,-1
359,140,101.95,331.28,27.24,61.53,0.8407,3,0,-1
359,148,1084.28,429.56,29.44,84.62,0.8469,2,2,-1
359,150,1745.05,492.42,25.47,46.05,0.7425,2,-1,-1
359,0,252.39,428.97,13.71,13.83,1.0,0,-1,-1
360,3,714.32,485.02,40.45,98.14,0.9355,2,2,-1
360,4,1303.54,456.92,53.42,94.92,0.9353,3,0,-1
360,11,449.52,430.66,34.37,94.10,0.9149,2,1,-1
360,66,1121.62,438.73,32.71,90.49,0.9115,2,1,-1
360,72,324.50,378.47,47.22,59.15,0.9010,2,1,-1
360,77,1884.58,593.24,36.61,117.00,0.9014,2,2,-1
360,88,960.19,358.67,27.52,70.06,0.8822,2,2,-1
360,90,1507.46,383.83,35.57,84.80,0.9238,2,2,-1
360,103,846.86,334.00,33.87,63.94,0.8971,2,1,-1
360,105,1806.82,494.62,48.16,108.36,0.9221,2,1,-1
360,116,1745.57,536.24,45.93,53.10,0.8505,2,2,-1
360,135,409.68,483.27,54.11,100.86,0.9290,2,1,-1
360,136,394.10,877.05,72.73,176.53,0.9333,2,1,-1
360,138,305.81,543.39,49.65,104.53,0.8189,2,2,-1
360,139,281.06,370.89,47.54,70.57,0.9090,2,1,-1
360,140,104.91,329.53,30.89,63.03,0.8863,3,0,-1
360,148,1087.26,426.67,34.19,86.18,0.8958,2,2,-1
360,150,1746.12,488.89,27.66,49.04,0.8843,2,-1,-1
360,152,875.56,371.44,38.14,76.30,0.7815,2,-1,-1
360,0,256.12,429.08,14.27,13.40,1.0,0,-1,-1
361,3,719.59,482.88,39.01,98.87,0.9184,2,2,-1
361,4,1304.75,456.77,56.97,94.89,0.9415,3,0,-1
361,11,457.30,429.75,34.49,93.82,0.9115,2,1,-1
361,66,1128.58,437.98,32.40,90.98,0.9032,2,1,-1
361,72,326.15,378.03,50.81,59.99,0.8568,2,-1,-1
361,77,1887.18,595.06,34.69,116.01,0.8001,2,2,-1
361,88,967.65,360.05,24.37,68.00,0.8774,2,2,-1
361,90,1514.81,383.46,35.26,85.36,0.9158,2,2,-1
361,103,850.59,334.81,32.45,63.72,0.8861,2,1,-1
361,105,1814.34,495.13,47.34,107.92,0.9246,2,1,-1
361,116,1743.20,525.29,56.08,65.52,0.8832,2,2,-1
361,135,416.47,481.97,51.47,101.68,0.9334,2,1,-1
361,136,399.41,877.89,77.98,172.82,0.9391,2,1,-1
361,138,319.99,565.21,36.22,81.88,0.8348,2,2,-1
361,139,284.16,371.30,46.84,67.67,0.8758,2,1,-1
361,140,106.61,328.73,35.27,62.92,0.9058,3,0,-1
361,148,1093.70,427.78,35.08,85.10,0.8722,2,2,-1
361,150,1748.51,488.54,28.03,50.16,0.8040,2,-1,-1
361,152,882.83,369.92,34.70,81.61,0.8905,2,-1,-1
361,0,261.00,427.46,14.25,14.22,1.0,0,-1,-1
362,3,724.51,481.36,36.65,98.53,0.9252,2,2,-1
362,4,1308.79,457.57,54.94,94.24,0.9366,3,0,-1
362,8,1907.31,622.42,13.83,91.12,0.6509,2,1,-1
362,11,464.45,428.46,34.78,93.84,0.9149,2,1,-1
362,66,1135.73,437.56,33.07,90.85,0.9166,2,1,-1
362,88,974.60,359.64,22.79,67.97,0.8821,2,2,-1
362,90,1521.78,382.49,34.42,86.07,0.9059,2,2,-1
362,103,854.03,335.74,27.91,61.12,0.8609,2,1,-1
362,105,1821.37,494.92,47.32,108.52,0.9223,2,1,-1
362,116,1746.12,528.03,56.81,62.73,0.8854,2,2,-1
362,131,325.69,375.16,44.28,58.02,0.8436,2,2,-1
362,135,422.44,481.37,47.99,100.94,0.9336,2,1,-1
362,136,401.80,882.28,85.33,167.58,0.9454,2,1,-1
362,138,323.10,539.76,40.34,106.12,0.8830,2,2,-1
362,139,287.45,370.68,40.22,64.81,0.8621,2,1,-1
362,140,111.26,327.40,37.61,63.69,0.9108,3,0,-1
362,148,1096.96,426.83,38.41,86.35,0.9194,2,2,-1
362,150,1751.06,488.57,27.38,50.03,0.8633,2,-1,-1
362,152,885.91,368.17,36.26,83.76,0.8986,2,-1,-1
362,0,265.03,426.80,14.37,13.09,1.0,0,-1,-1
363,3,727.74,480.44,35.58,99.60,0.9225,2,2,-1
363,4,1312.20,458.80,52.21,93.51,0.9144,3,0,-1
363,8,1906.24,595.08,12.71,75.28,0.5584,2,1,-1
363,11,471.81,427.51,34.95,93.74,0.9167,2,1,-1
363,66,1143.55,437.34,32.59,90.50,0.9170,2,1,-1
363,88,981.66,363.48,20.76,62.52,0.8716,2,2,-1
363,90,1529.21,381.94,31.65,85.74,0.9086,2,2,-1
363,103,858.65,336.56,26.13,59.45,0.8714,2,1,-1
363,105,1830.01,494.76,45.11,108.72,0.9235,2,1,-1
363,131,329.11,373.74,45.95,57.39,0.7782,2,2,-1
363,135,427.38,479.92,44.40,101.59,0.9291,2,1,-1
363,136,405.41,884.71,88.16,165.63,0.9361,2,1,-1
363,138,332.73,539.58,37.17,106.68,0.9164,2,2,-1
363,139,293.14,373.11,36.80,62.54,0.8646,2,1,-1
363,140,115.70,326.99,38.58,64.18,0.9068,3,0,-1
363,148,1103.90,427.68,39.66,86.09,0.9079,2,2,-1
363,150,1751.02,489.54,30.18,50.93,0.8715,2,1,-1
363,152,891.11,368.02,36.31,82.85,0.9174,2,-1,-1
363,0,269.26,426.19,15.22,14.04,1.0,0,-1,-1
364,3,732.33,480.57,34.60,97.97,0.9116,2,2,-1
364,4,1313.83,460.14,46.47,92.11,0.9301,3,0,-1
364,11,479.08,426.04,34.85,93.48,0.9110,2,1,-1
364,66,1151.04,437.21,32.94,90.71,0.9189,2,1,-1
364,88,987.64,362.56,21.45,63.66,0.8731,2,2,-1
364,90,1535.86,381.51,30.15,86.12,0.8886,2,2,-1
364,103,862.31,335.92,26.38,59.66,0.8495,2,1,-1
364,105,1839.11,495.13,43.25,108.42,0.9351,2,1,-1
364,116,1755.02,535.02,50.47,56.14,0.7782,2,2,-1
364,131,328.43,371.17,45.22,60.19,0.8535,2,2,-1
364,135,430.65,478.62,41.89,102.45,0.9248,2,1,-1
364,136,408.47,885.50,94.15,174.30,0.9429,2,1,-1
364,138,337.92,539.83,39.75,106.37,0.9247,2,2,-1
364,139,298.21,373.68,33.41,59.34,0.8792,2,1,-1
364,140,121.77,327.15,37.90,63.58,0.9003,3,0,-1
364,148,1111.09,427.03,40.51,86.64,0.9068,2,2,-1
364,150,1754.15,490.61,29.93,51.56,0.8420,2,1,-1
364,152,896.68,368.09,36.00,80.44,0.8757,2,-1,-1
364,0,274.02,425.38,14.06,14.15,1.0,0,-1,-1
365,3,737.56,480.07,35.33,98.67,0.9189,2,2,-1
365,4,1314.88,461.32,40.69,89.72,0.9292,3,0,-1
365,11,486.71,424.78,34.71,93.90,0.9172,2,1,-1
365,66,1159.10,437.26,33.25,90.23,0.9155,2,1,-1
365,88,993.80,358.02,23.17,66.55,0.8733,2,2,-1
365,90,1543.48,380.74,28.35,86.48,0.8922,2,2,-1
365,103,867.36,334.51,27.92,61.07,0.8655,2,1,-1
365,105,1848.33,495.16,42.84,108.91,0.9277,2,1,-1
365,116,1756.79,536.22,46.72,55.27,0.7645,2,2,-1
365,117,909.63,416.67,25.65,34.97,0.7720,2,2,-1
365,131,333.71,370.27,44.17,56.50,0.8303,2,2,-1
365,135,435.13,478.21,39.88,101.98,0.9157,2,1,-1
365,136,415.14,891.34,93.59,171.02,0.9403,2,1,-1
365,138,339.05,539.90,46.90,105.44,0.9224,2,2,-1
365,139,302.03,374.09,31.60,60.90,0.9012,2,1,-1
365,140,125.62,327.02,37.46,63.02,0.8758,3,0,-1
365,148,1118.14,427.59,40.33,86.69,0.9142,2,2,-1
365,150,1757.03,493.17,31.08,50.63,0.8880,2,1,-1
365,152,905.71,369.76,24.03,49.82,0.8233,2,-1,-1
365,0,279.15,425.27,14.95,13.69,1.0,0,-1,-1
366,3,743.41,479.73,37.10,98.25,0.9140,2,2,-1
366,4,1316.79,459.91,43.38,91.29,0.9310,3,0,-1
366,11,495.79,423.52,34.00,94.06,0.9203,2,1,-1
366,66,1168.00,436.95,33.54,90.32,0.9242,2,1,-1
366,90,1553.34,380.86,27.12,87.29,0.9102,2,2,-1
366,103,873.06,331.46,28.90,61.71,0.8804,2,1,-1
366,105,1858.29,495.16,41.97,108.23,0.9220,2,1,-1
366,125,1001.03,365.60,26.17,59.23,0.8812,2,2,-1
366,131,335.85,368.91,41.51,58.74,0.8859,2,2,-1
366,135,440.28,477.19,41.20,102.90,0.9252,2,1,-1
366,136,418.44,889.90,94.35,172.83,0.9384,2,1,-1
366,138,342.05,539.91,54.27,105.43,0.9291,2,2,-1
366,139,306.88,373.99,34.17,59.04,0.9032,2,1,-1
366,140,130.14,327.47,36.91,61.42,0.8292,3,0,-1
366,148,1127.99,426.86,38.99,87.01,0.9182,2,2,-1
366,150,1757.85,492.22,32.14,51.49,0.6413,2,1,-1
366,152,912.05,374.46,21.23,37.69,0.8261,2,-1,-1
366,0,286.06,425.07,14.47,14.32,1.0,0,-1,-1
367,3,748.55,479.39,40.68,97.06,0.9247,2,2,-1
367,4,1319.77,457.57,48.00,93.65,0.9276,3,0,-1
367,11,504.25,422.77,34.46,94.78,0.9114,2,1,-1
367,66,1177.12,436.19,33.01,90.91,0.9140,2,1,-1
367,90,1559.96,381.06,29.02,88.27,0.8791,2,2,-1
367,103,879.66,330.78,31.63,63.55,0.8950,2,1,-1
367,105,1869.10,495.10,41.12,107.96,0.9248,2,1,-1
367,125,1008.12,364.14,28.10,60.31,0.8683,2,2,-1
367,129,1761.66,492.14,51.92,98.66,0.8536,2,2,-1
367,135,447.03,476.91,42.36,101.91,0.9252,2,1,-1
367,136,424.98,889.32,85.94,175.93,0.9301,2,1,-1
367,138,351.15,540.16,55.31,103.40,0.9310,2,2,-1
367,139,309.62,372.98,38.13,59.32,0.8894,2,1,-1
367,140,135.39,327.49,35.63,60.37,0.7365,3,0,-1
367,148,1136.09,426.37,37.66,87.12,0.9107,2,2,-1
367,152,917.70,377.67,22.40,35.76,0.8421,2,-1,-1
367,153,1.16,425.63,22.07,96.77,0.8967,2,-1,-1
367,0,291.56,423.61,14.98,14.39,1.0,0,-1,-1
368,3,756.37,479.31,43.06,96.85,0.9225,2,2,-1
368,4,1321.37,456.11,53.03,95.53,0.9365,3,0,-1
368,11,515.02,422.14,34.65,94.89,0.9067,2,1,-1
368,66,1186.46,435.03,32.67,90.45,0.9221,2,1,-1
368,90,1568.63,381.30,29.33,87.59,0.8396,2,2,-1
368,103,886.54,328.95,32.78,64.43,0.8898,2,1,-1
368,105,1879.89,495.45,39.91,108.26,0.9162,2,1,-1
368,125,1014.63,360.32,30.90,64.35,0.8510,2,2,-1
368,129,1764.03,491.08,57.89,100.30,0.9195,2,2,-1
368,135,452.48,476.88,45.45,101.53,0.9269,2,1,-1
368,136,432.22,886.11,76.18,179.49,0.9284,2,1,-1
368,138,356.51,540.12,59.70,104.11,0.9307,2,2,-1
368,139,308.40,373.10,46.58,61.12,0.8891,2,1,-1
368,140,144.43,327.58,35.63,60.77,0.8319,3,0,-1
368,148,1145.84,426.74,35.20,86.65,0.8977,2,2,-1
368,152,920.34,399.33,30.29,49.11,0.6847,2,-1,-1
368,153,1.08,423.45,27.48,98.42,0.9144,2,-1,-1
368,0,298.38,422.24,15.02,15.01,1.0,0,-1,-1
369,3,763.96,479.08,44.86,95.69,0.9187,2,2,-1
369,4,1323.67,455.19,58.83,96.23,0.9322,3,0,-1
369,11,524.96,421.29,35.84,95.30,0.9058,2,1,-1
369,66,1196.74,434.35,31.71,87.84,0.9220,2,1,-1
369,103,892.43,328.64,33.18,63.33,0.8963,2,1,-1
369,105,1888.76,496.22,33.17,108.53,0.9070,2,1,-1
369,125,1021.75,364.53,33.96,59.25,0.8972,2,2,-1
369,128,1572.86,382.66,36.16,84.51,0.7912,2,2,-1
369,129,1768.83,489.04,62.00,101.43,0.9310,2,2,-1
369,135,459.37,476.67,49.40,101.41,0.9313,2,1,-1
369,136,439.61,884.62,69.56,182.99,0.9138,2,1,-1
369,138,365.82,539.97,59.74,103.57,0.9324,2,2,-1
369,139,317.19,370.66,45.41,63.32,0.8798,2,1,-1
369,140,151.98,325.31,36.68,62.56,0.7133,3,0,-1
369,148,1154.34,425.49,31.71,88.01,0.9016,2,2,-1
369,152,923.71,376.82,37.55,75.58,0.8929,2,-1,-1
369,153,1.33,420.63,33.15,97.51,0.9179,2,-1,-1
369,0,306.08,421.37,21.08,16.19,1.0,0,-1,-1
370,3,772.45,478.73,47.22,95.71,0.9317,2,2,-1
370,4,1325.08,454.61,63.83,95.40,0.9374,3,0,-1
370,11,535.18,420.92,38.17,95.27,0.9089,2,1,-1
370,66,1207.04,433.34,32.07,87.30,0.9220,2,1,-1
370,68,1166.10,461.66,24.87,51.24,0.8624,2,1,-1
370,103,899.77,328.96,33.08,63.11,0.7697,2,1,-1
370,105,1896.00,499.79,26.85,106.91,0.8790,2,1,-1
370,118,1167.57,425.05,22.61,44.00,0.5647,2,2,-1
370,125,1032.30,363.88,35.79,59.95,0.8880,2,2,-1
370,128,1580.77,383.04,38.90,83.83,0.8504,2,2,-1
370,129,1771.76,488.42,66.44,102.16,0.9325,2,2,-1
370,131,354.39,368.92,37.69,60.97,0.8511,2,2,-1
370,135,468.78,476.90,51.31,99.94,0.9331,2,1,-1
370,136,448.06,884.68,66.01,185.53,0.9173,2,1,-1
370,138,376.42,539.29,58.42,103.42,0.9251,2,2,-1
370,140,160.18,323.74,38.03,64.09,0.8890,3,0,-1
370,152,931.36,375.44,38.57,77.57,0.8750,2,-1,-1
370,153,2.28,417.50,41.55,100.70,0.9235,2,2,-1
370,0,314.69,421.25,18.32,15.33,1.0,0,-1,-1
371,3,782.09,478.01,46.29,94.74,0.9316,2,2,-1
371,4,1331.26,455.47,62.83,95.71,0.9269,3,0,-1
371,11,545.56,420.56,39.27,95.24,0.9127,2,1,-1
371,66,1216.52,432.57,33.22,87.67,0.9165,2,1,-1
371,103,906.61,330.68,32.14,61.28,0.8667,2,1,-1
371,105,1904.09,521.00,20.16,85.03,0.6755,2,1,-1
371,125,1041.43,357.51,38.30,66.04,0.8946,2,2,-1
371,128,1591.62,383.47,39.54,84.82,0.8417,2,2,-1
371,129,1779.69,489.33,64.85,101.88,0.9294,2,2,-1
371,131,354.56,367.85,41.83,61.55,0.8678,2,2,-1
371,135,478.12,476.29,52.73,100.68,0.9348,2,1,-1
371,136,455.22,887.52,63.98,183.37,0.8831,2,1,-1
371,138,387.28,537.93,55.74,103.23,0.9306,2,2,-1
371,140,168.80,322.51,39.55,63.95,0.9115,3,0,-1
371,148,1173.61,424.42,27.44,88.32,0.8759,2,2,-1
371,152,937.79,373.10,40.43,78.81,0.9066,2,-1,-1
371,153,11.08,414.84,43.01,100.73,0.9292,2,2,-1
371,0,323.20,421.55,15.39,12.28,1.0,0,-1,-1
372,3,791.97,477.33,44.40,95.81,0.9102,2,2,-1
372,4,1338.95,456.80,58.59,94.06,0.9188,3,0,-1
372,11,557.00,420.13,39.11,94.04,0.9171,2,1,-1
372,66,1226.66,431.95,33.80,89.07,0.9108,2,1,-1
372,103,913.48,336.66,28.43,54.58,0.7903,2,1,-1
372,125,1051.82,359.89,37.24,63.84,0.8559,2,2,-1
372,128,1603.03,383.53,39.58,85.87,0.8700,2,2,-1
372,129,1786.47,491.10,63.15,100.85,0.7350,2,2,-1
372,131,359.02,367.99,44.23,61.42,0.8678,2,2,-1
372,135,487.59,475.63,52.86,100.16,0.9321,2,1,-1
372,136,462.66,889.32,64.69,185.89,0.8415,2,1,-1
372,138,396.87,536.75,53.43,104.00,0.9301,2,2,-1
372,140,176.79,322.61,40.10,63.68,0.9172,3,0,-1
372,148,1182.68,424.80,27.03,87.34,0.8996,2,2,-1
372,152,944.21,372.58,42.85,78.66,0.9022,2,-1,-1
372,153,21.37,413.52,42.20,98.43,0.9293,2,2,-1
372,0,332.81,420.59,14.19,14.37,1.0,0,-1,-1
373,3,803.95,475.94,39.62,96.09,0.9136,2,2,-1
373,4,1343.13,457.92,54.46,92.70,0.9163,3,0,-1
373,11,568.52,419.49,39.20,93.72,0.9168,2,1,-1
373,66,1236.54,431.79,34.19,89.18,0.9059,2,1,-1
373,103,921.88,336.60,26.87,54.07,0.8323,2,1,-1
373,125,1064.38,360.84,35.16,61.51,0.8467,2,2,-1
373,128,1613.03,383.53,41.02,85.95,0.8007,2,2,-1
373,129,1800.33,513.61,48.53,79.01,0.7032,2,2,-1
373,135,497.05,475.54,50.74,99.80,0.9283,2,1,-1
373,136,467.40,893.94,66.45,183.60,0.9196,2,1,-1
373,138,405.75,535.64,49.75,104.66,0.9196,2,2,-1
373,139,344.32,367.16,37.65,64.09,0.8427,2,1,-1
373,140,185.93,322.56,39.12,63.21,0.9063,3,0,-1
373,148,1191.21,424.76,28.08,88.01,0.9083,2,2,-1
373,152,950.85,373.15,44.02,78.50,0.9029,2,-1,-1
373,153,31.33,413.17,42.24,95.90,0.9250,2,2,-1
373,154,2.17,630.29,37.56,120.16,0.9192,2,-1,-1
374,3,814.42,475.21,35.43,95.91,0.9159,2,2,-1
374,4,1344.87,459.24,49.60,91.47,0.9243,3,0,-1
374,11,578.29,419.45,39.27,92.56,0.9089,2,1,-1
374,66,1245.87,431.51,34.77,89.69,0.9132,2,1,-1
374,88,1075.31,354.52,32.96,67.79,0.8636,2,2,-1
374,90,1628.99,383.32,33.64,88.49,0.8616,2,2,-1
374,103,929.16,334.80,25.62,55.94,0.8437,2,1,-1
374,129,1798.02,493.68,49.99,98.86,0.8417,2,2,-1
374,135,506.64,474.59,47.13,99.73,0.9282,2,1,-1
374,136,466.55,900.66,73.79,178.01,0.9329,2,1,-1
374,138,414.79,535.10,45.26,104.55,0.9049,2,2,-1
374,139,352.39,365.45,37.11,67.75,0.8310,2,1,-1
374,140,194.15,324.29,35.81,60.98,0.9101,3,0,-1
374,148,1196.96,425.24,31.79,88.19,0.8955,2,2,-1
374,152,957.59,373.10,44.62,81.19,0.6780,2,-1,-1
374,153,40.41,413.22,43.57,94.09,0.9287,2,2,-1
374,154,1.93,628.31,47.30,122.69,0.9210,2,-1,-1
374,0,350.50,421.78,13.92,13.89,1.0,0,-1,-1
375,3,824.05,475.23,32.50,94.98,0.9153,2,2,-1
375,4,1348.45,458.48,43.90,90.64,0.9174,3,0,-1
375,11,588.58,419.00,36.79,91.77,0.9092,2,1,-1
375,66,1252.20,431.61,37.89,89.72,0.9090,2,1,-1
375,88,1084.06,352.53,33.59,69.85,0.8604,2,2,-1
375,90,1642.19,383.78,30.81,88.20,0.8801,2,2,-1
375,103,939.43,345.91,22.27,44.13,0.8043,2,1,-1
375,129,1808.80,516.46,38.67,75.50,0.7551,2,2,-1
375,135,517.05,473.91,42.96,99.21,0.9248,2,1,-1
375,136,467.29,905.26,82.02,174.15,0.9438,2,1,-1
375,138,428.40,567.17,30.82,69.68,0.7742,2,2,-1
375,139,359.35,371.42,34.43,63.30,0.8130,2,1,-1
375,140,201.98,324.45,33.17,59.96,0.8928,3,0,-1
375,148,1202.29,425.67,36.74,88.09,0.8950,2,2,-1
375,152,964.56,374.86,37.58,67.89,0.7284,2,2,-1
375,153,50.46,413.39,44.11,92.24,0.9294,2,2,-1
375,154,0.85,619.66,54.42,131.38,0.9208,2,-1,-1
376,3,832.52,473.98,30.38,96.78,0.9115,2,2,-1
376,4,1354.68,456.82,46.63,94.50,0.9316,3,0,-1
376,11,599.33,418.11,33.45,92.83,0.9127,2,1,-1
376,66,1259.34,431.78,41.26,89.69,0.8990,2,1,-1
376,88,1094.65,351.19,31.58,69.69,0.8099,2,2,-1
376,90,1652.68,383.37,30.65,89.40,0.8838,2,2,-1
376,103,945.99,345.26,24.99,44.50,0.8309,2,1,-1
376,116,1811.53,531.74,50.73,60.84,0.7878,2,2,-1
376,135,527.74,472.84,39.57,99.78,0.9231,2,1,-1
376,136,475.50,905.25,87.53,172.74,0.9423,2,1,-1
376,138,431.41,534.26,35.32,104.54,0.9006,2,2,-1
376,139,367.18,367.44,41.16,66.37,0.9091,2,1,-1
376,140,210.39,323.47,31.68,60.87,0.8792,3,0,-1
376,148,1211.39,426.73,38.84,87.19,0.9138,2,2,-1
376,150,1814.04,491.71,30.60,49.79,0.8104,2,1,-1
376,152,970.68,376.14,31.37,54.65,0.6280,2,2,-1
376,153,60.34,413.01,45.07,92.88,0.9254,2,2,-1
376,154,0.64,617.58,58.01,131.48,0.9288,2,-1,-1
377,3,840.03,472.67,30.66,98.45,0.9127,2,2,-1
377,4,1357.62,455.84,50.65,96.51,0.9329,3,0,-1
377,11,608.83,417.29,32.41,92.71,0.9112,2,1,-1
377,66,1267.65,431.68,43.77,89.73,0.9101,2,1,-1
377,88,1103.69,351.52,30.64,70.67,0.8737,2,2,-1
377,90,1664.97,417.22,22.61,55.42,0.8552,2,2,-1
377,103,949.76,329.79,32.92,60.62,0.8935,2,1,-1
377,116,1812.31,490.86,60.01,102.30,0.9285,2,2,-1
377,135,537.73,471.99,36.22,100.61,0.9184,2,1,-1
377,136,482.76,906.93,90.67,168.18,0.9411,2,1,-1
377,138,438.99,533.92,34.64,102.39,0.9009,2,2,-1
377,139,376.78,368.08,39.01,64.61,0.9108,2,1,-1
377,140,228.88,350.20,19.64,35.34,0.7622,3,0,-1
377,148,1221.01,427.44,39.93,87.13,0.9136,2,2,-1
377,152,974.74,375.43,34.34,59.90,0.8507,2,2,-1
377,153,68.56,410.18,43.76,95.66,0.9237,2,2,-1
377,154,0.08,615.76,58.38,131.51,0.9317,2,-1,-1
377,0,375.39,421.10,13.68,14.74,1.0,0,-1,-1
378,3,846.86,473.04,33.76,96.96,0.9294,2,2,-1
378,4,1361.24,455.01,54.16,96.59,0.9325,3,0,-1
378,11,618.23,416.53,31.45,91.55,0.9088,2,1,-1
378,66,1276.96,431.29,45.20,91.54,0.9174,2,1,-1
378,88,1113.43,349.53,28.02,71.89,0.8608,2,2,-1
378,103,955.70,327.00,32.04,63.00,0.8743,2,1,-1
378,116,1811.68,489.78,66.00,103.53,0.9407,2,2,-1
378,128,1671.47,382.54,31.23,89.61,0.8838,2,2,-1
378,135,546.12,470.78,35.32,102.18,0.9171,2,1,-1
378,136,487.32,908.28,92.81,166.81,0.9396,2,1,-1
378,138,442.64,533.55,40.39,103.90,0.9107,2,2,-1
378,139,377.35,370.23,44.56,64.09,0.8874,2,1,-1
378,140,228.63,321.63,31.89,62.29,0.8839,3,0,-1
378,148,1231.07,427.21,39.44,88.05,0.9165,2,2,-1
378,152,978.20,374.25,42.93,77.73,0.7929,2,2,-1
378,153,76.67,407.29,44.38,98.08,0.9344,2,2,-1
378,154,1.09,615.02,55.53,131.22,0.9318,2,-1,-1
379,3,851.69,472.24,38.25,97.55,0.9231,2,2,-1
379,4,1361.31,454.92,60.65,96.09,0.9386,3,0,-1
379,11,626.84,414.84,31.45,91.97,0.9137,2,1,-1
379,66,1285.89,431.22,46.61,90.18,0.9181,2,1,-1
379,88,1121.35,348.78,25.97,70.98,0.8664,2,2,-1
379,103,961.82,326.63,32.93,64.58,0.9005,2,1,-1
379,116,1819.83,491.76,64.46,98.67,0.9051,2,2,-1
379,128,1680.62,386.32,30.53,86.76,0.8601,2,2,-1
379,135,554.44,470.12,35.75,102.85,0.9116,2,1,-1
379,136,487.96,907.43,95.00,171.50,0.9427,2,1,-1
379,138,445.44,533.59,47.76,103.52,0.9194,2,2,-1
379,139,381.23,370.48,52.51,64.24,0.9096,2,1,-1
379,140,233.83,320.29,34.10,64.13,0.8865,3,0,-1
379,148,1240.76,427.14,39.42,88.20,0.9088,2,2,-1
379,152,986.82,374.52,42.02,78.98,0.8892,2,2,-1
379,153,85.11,405.14,43.77,97.95,0.9333,2,2,-1
379,154,9.63,614.68,48.99,131.16,0.9292,2,1,-1
380,3,855.42,472.90,43.54,95.94,0.9310,2,2,-1
380,4,1364.13,455.81,60.65,95.43,0.9350,3,0,-1
380,11,636.17,413.92,31.04,92.44,0.9076,2,1,-1
380,66,1294.24,430.56,47.79,91.35,0.9167,2,1,-1
380,88,1130.82,351.08,24.07,68.94,0.8567,2,2,-1
380,103,969.45,351.64,19.17,38.91,0.8215,2,1,-1
380,116,1822.30,492.39,65.53,99.78,0.9151,2,2,-1
380,128,1688.12,382.81,31.80,89.85,0.8901,2,2,-1
380,135,560.82,470.04,37.54,103.31,0.9188,2,1,-1
380,136,488.80,904.58,93.88,175.37,0.9374,2,1,-1
380,138,447.97,533.34,55.11,103.06,0.9220,2,2,-1
380,139,387.58,369.16,49.56,65.86,0.8832,2,1,-1
380,140,239.62,320.15,33.95,62.83,0.8729,3,0,-1
380,148,1249.41,426.64,38.00,88.84,0.9199,2,2,-1
380,152,993.34,373.86,41.65,80.69,0.9171,2,2,-1
380,153,92.55,403.77,44.47,97.08,0.9317,2,2,-1
380,154,17.40,612.72,49.56,133.43,0.9309,2,1,-1
381,3,861.22,472.14,47.29,95.67,0.9290,2,2,-1
381,4,1370.14,457.00,57.47,94.16,0.9228,3,0,-1
381,11,645.27,413.02,30.74,92.45,0.9146,2,1,-1
381,66,1305.22,429.58,45.77,91.34,0.9200,2,1,-1
381,88,1138.40,349.58,24.11,69.94,0.8379,2,2,-1
381,103,976.93,354.91,16.40,35.50,0.8313,2,1,-1
381,116,1826.82,491.76,65.18,101.42,0.7594,2,2,-1
381,128,1694.20,383.36,34.59,89.84,0.9205,2,2,-1
381,135,564.17,469.88,42.30,103.09,0.9260,2,1,-1
381,136,490.56,900.28,88.85,179.42,0.9143,2,1,-1
381,138,452.87,533.20,59.22,102.73,0.9314,2,2,-1
381,139,396.31,369.55,48.16,66.09,0.8260,2,1,-1
381,140,245.64,319.72,34.58,63.19,0.8857,3,0,-1
381,148,1258.44,425.45,35.78,89.09,0.9015,2,2,-1
381,152,998.11,371.96,43.27,82.96,0.9231,2,2,-1
381,153,100.14,403.17,45.80,95.44,0.9379,2,2,-1
381,154,20.22,612.27,56.94,133.35,0.9356,2,1,-1
382,3,867.53,471.42,49.70,95.59,0.9335,2,2,-1
382,4,1373.88,457.70,52.39,92.85,0.8990,3,0,-1
382,11,652.83,412.07,31.35,92.46,0.9182,2,1,-1
382,66,1315.44,428.11,44.70,91.22,0.9229,2,1,-1
382,88,1146.65,352.85,23.51,65.43,0.8564,2,2,-1
382,103,984.12,351.89,17.44,37.18,0.7842,2,1,-1
382,116,1833.53,491.69,37.96,60.35,0.5787,2,2,-1
382,128,1701.27,383.66,37.12,89.99,0.9278,2,2,-1
382,135,568.47,469.66,46.97,102.28,0.9327,2,1,-1
382,136,494.60,897.56,79.39,182.44,0.9047,2,1,-1
382,138,457.66,532.19,62.79,102.58,0.9304,2,2,-1
382,139,398.19,371.67,49.59,62.88,0.8303,2,1,-1
382,140,251.30,320.09,33.76,61.14,0.8574,3,0,-1
382,148,1266.66,426.24,33.06,87.56,0.8781,2,2,-1
382,152,1001.51,372.09,44.17,81.57,0.9106,2,2,-1
382,153,107.07,403.21,49.69,94.41,0.9344,2,2,-1
382,154,17.12,611.96,69.76,132.77,0.9414,2,1,-1
383,3,876.33,470.35,48.36,95.96,0.9280,2,2,-1
383,4,1374.84,457.93,45.54,92.28,0.9258,3,0,-1
383,11,660.53,410.86,31.99,92.97,0.9124,2,1,-1
383,66,1323.91,427.50,42.82,91.52,0.9288,2,1,-1
383,88,1152.95,350.06,25.47,67.59,0.8842,2,2,-1
383,103,989.57,350.84,17.96,36.69,0.8427,2,1,-1
383,128,1710.19,383.66,37.10,89.06,0.9121,2,2,-1
383,129,1833.97,491.15,49.31,101.35,0.6521,2,2,-1
383,135,575.74,469.45,47.91,101.17,0.9340,2,1,-1
383,136,499.62,897.54,75.38,182.47,0.8496,2,1,-1
383,138,463.68,531.06,63.63,103.26,0.9263,2,2,-1
383,139,406.43,371.89,51.03,62.86,0.8173,2,1,-1
383,140,256.19,319.46,34.08,61.11,0.8810,3,0,-1
383,148,1275.63,423.78,29.59,89.28,0.9035,2,2,-1
383,152,1007.53,373.08,30.06,55.90,0.8652,2,2,-1
383,153,114.57,403.27,48.45,92.89,0.9332,2,2,-1
383,154,16.23,611.79,79.20,131.31,0.9380,2,1,-1
383,156,1.53,387.65,40.04,84.87,0.9091,2,-1,-1
384,3,882.93,469.39,46.52,95.57,0.9329,2,2,-1
384,4,1375.41,456.21,40.53,92.93,0.9178,3,0,-1
384,11,666.56,410.37,33.13,92.45,0.9123,2,1,-1
384,66,1332.34,426.68,40.17,91.13,0.9129,2,1,-1
384,88,1158.21,351.51,27.72,65.67,0.8994,2,2,-1
384,103,986.97,326.38,27.80,59.62,0.8360,2,1,-1
384,128,1717.12,383.71,38.93,89.53,0.9300,2,2,-1
384,129,1833.98,489.73,42.92,102.20,0.9245,2,2,-1
384,135,582.19,468.98,49.09,101.26,0.9352,2,1,-1
384,136,510.59,896.13,61.66,135.40,0.8281,2,1,-1
384,138,468.36,529.38,62.07,103.96,0.9160,2,2,-1
384,139,405.23,369.96,46.36,60.14,0.7913,2,1,-1
384,140,261.62,318.53,30.77,61.23,0.8649,3,0,-1
384,148,1281.76,423.23,29.07,89.42,0.8935,2,2,-1
384,152,1010.97,374.11,29.28,55.74,0.7828,2,2,-1
384,153,122.00,402.00,46.94,92.67,0.9289,2,2,-1
384,154,20.13,611.59,83.72,130.02,0.9454,2,1,-1
384,156,1.55,387.39,47.38,85.33,0.9181,2,-1,-1
384,0,430.33,419.55,22.78,16.07,1.0,0,-1,-1
385,3,890.46,468.41,43.65,95.62,0.9311,2,2,-1
385,4,1377.18,453.49,43.50,94.76,0.8991,3,0,-1
385,11,672.52,409.38,34.70,91.96,0.9121,2,1,-1
385,66,1341.51,426.14,37.56,90.84,0.9139,2,1,-1
385,88,1165.42,349.39,28.61,67.67,0.8873,2,2,-1
385,103,992.61,324.98,27.49,60.52,0.8602,2,1,-1
385,128,1725.08,383.03,38.57,90.33,0.9256,2,2,-1
385,129,1835.30,487.60,45.87,104.22,0.9163,2,2,-1
385,131,435.16,371.14,43.28,62.01,0.8408,2,2,-1
385,135,590.21,468.57,48.92,101.06,0.9318,2,1,-1
385,136,511.53,897.00,66.55,131.19,0.9172,2,1,-1
385,138,475.72,528.35,57.32,103.69,0.9040,2,2,-1
385,140,265.88,315.97,28.59,62.26,0.8749,3,0,-1
385,148,1286.69,422.65,30.17,90.19,0.8936,2,2,-1
385,152,1010.30,376.31,37.01,76.99,0.7091,2,2,-1
385,153,128.42,399.54,44.47,92.57,0.9250,2,2,-1
385,154,25.68,610.88,84.28,131.04,0.9389,2,1,-1
385,156,0.73,386.70,51.72,85.05,0.9316,2,-1,-1
386,3,896.99,466.81,39.83,94.63,0.9278,2,2,-1
386,4,1377.18,451.45,49.45,97.10,0.9322,3,0,-1
386,11,679.47,408.42,35.68,91.38,0.9131,2,1,-1
386,66,1349.26,425.73,32.83,90.38,0.9067,2,1,-1
386,88,1170.90,349.35,30.08,66.96,0.9012,2,2,-1
386,103,996.20,321.52,27.35,64.95,0.8862,2,1,-1
386,128,1733.61,382.69,36.61,89.71,0.9193,2,2,-1
386,129,1837.19,485.82,51.35,106.69,0.9284,2,2,-1
386,131,444.23,367.75,47.23,65.47,0.8852,2,2,-1
386,135,595.91,467.25,49.26,101.00,0.9311,2,1,-1
386,136,511.83,899.20,69.38,138.23,0.8842,2,1,-1
386,138,482.51,527.24,49.52,104.01,0.9071,2,2,-1
386,140,270.52,314.10,29.09,63.25,0.8924,3,0,-1
386,148,1291.10,422.53,33.59,91.30,0.9044,2,2,-1
386,152,1021.44,412.37,22.30,41.31,0.7771,2,2,-1
386,153,136.24,396.35,42.08,93.02,0.9312,2,2,-1
386,154,34.45,609.16,78.40,132.02,0.9380,2,1,-1
386,156,1.53,385.47,57.01,83.83,0.9326,2,-1,-1
386,0,454.21,423.61,17.01,11.11,1.0,0,-1,-1
387,3,901.87,464.45,36.98,95.59,0.9226,2,2,-1
387,4,1374.60,451.84,56.01,95.43,0.9326,3,0,-1
387,11,686.96,407.08,35.57,92.16,0.9223,2,1,-1
387,88,1178.02,347.57,30.05,68.32,0.8963,2,2,-1
387,103,1000.38,321.44,27.44,65.59,0.8808,2,1,-1
387,128,1742.40,381.53,34.79,89.74,0.9096,2,2,-1
387,129,1836.92,484.83,58.79,107.25,0.9289,2,2,-1
387,135,601.79,466.57,49.73,100.74,0.9360,2,1,-1
387,136,504.46,903.05,82.02,176.65,0.9074,2,1,-1
387,138,491.82,525.26,40.62,104.69,0.9130,2,2,-1
387,139,426.82,367.57,40.30,57.14,0.8793,2,1,-1
387,140,274.97,313.36,30.82,63.02,0.8906,3,0,-1
387,148,1293.66,421.59,35.88,91.16,0.8976,2,2,-1
387,152,1024.41,418.68,23.16,33.32,0.8139,2,2,-1
387,153,142.36,394.59,37.50,92.86,0.9238,2,2,-1
387,154,40.38,608.12,71.52,131.19,0.9386,2,1,-1
387,156,8.14,382.81,58.50,85.07,0.9357,2,-1,-1
388,3,905.45,463.10,33.21,96.79,0.8976,2,2,-1
388,4,1370.66,451.88,63.77,93.48,0.9283,3,0,-1
388,11,693.36,406.02,35.65,91.74,0.9133,2,1,-1
388,88,1184.45,346.10,30.30,68.78,0.9018,2,2,-1
388,103,1003.87,321.99,26.90,62.19,0.8881,2,1,-1
388,128,1750.33,382.17,32.37,88.98,0.9105,2,2,-1
388,129,1839.94,485.00,60.72,102.23,0.9325,2,2,-1
388,131,462.02,364.47,37.33,69.69,0.8881,2,2,-1
388,135,607.56,465.30,49.51,101.43,0.9289,2,1,-1
388,136,501.54,908.18,83.21,171.88,0.8768,2,1,-1
388,138,499.43,524.33,33.59,103.59,0.9052,2,2,-1
388,139,433.30,366.95,37.63,56.67,0.9051,2,1,-1
388,140,279.44,312.41,32.60,63.53,0.9068,3,0,-1
388,148,1297.73,421.78,39.14,88.98,0.9045,2,2,-1
388,153,150.09,393.20,35.05,91.80,0.9270,2,2,-1
388,154,41.62,605.85,64.96,131.86,0.9385,2,1,-1
388,156,14.97,379.02,57.44,87.21,0.9376,2,-1,-1
388,158,1021.71,368.88,34.88,83.16,0.9125,2,-1,-1
389,3,907.82,460.64,31.03,97.92,0.8839,2,2,-1
389,4,1368.67,452.25,67.45,93.90,0.9259,3,0,-1
389,11,701.10,404.00,34.20,91.70,0.9281,2,1,-1
389,88,1192.51,347.35,28.63,66.76,0.8835,2,2,-1
389,103,1010.21,340.96,19.92,42.03,0.8577,2,1,-1
389,118,1369.05,424.13,29.08,50.26,0.8659,2,2,-1
389,128,1756.62,379.63,30.77,91.85,0.9082,2,2,-1
389,129,1839.50,485.89,64.37,102.65,0.9311,2,2,-1
389,131,473.25,361.39,34.42,72.04,0.8869,2,2,-1
389,135,613.00,464.02,47.41,101.66,0.9277,2,1,-1
389,136,498.42,912.30,85.69,167.73,0.9218,2,1,-1
389,138,503.57,523.04,32.41,106.14,0.9148,2,2,-1
389,139,439.79,365.71,38.13,57.69,0.9044,2,1,-1
389,140,282.83,311.76,34.05,63.04,0.9155,3,0,-1
389,148,1300.69,421.59,40.85,88.76,0.8858,2,2,-1
389,153,156.62,392.47,34.60,89.43,0.9257,2,2,-1
389,154,41.45,602.95,59.52,133.41,0.9291,2,1,-1
389,156,21.28,375.90,55.80,88.64,0.9322,2,1,-1
389,158,1022.97,366.33,37.89,86.01,0.9268,2,-1,-1
390,3,911.71,464.32,30.32,93.56,0.8906,2,2,-1
390,4,1367.42,455.29,68.34,90.76,0.9035,3,0,-1
390,11,706.64,402.40,34.24,92.75,0.9174,2,1,-1
390,88,1198.90,350.43,27.41,62.84,0.8665,2,2,-1
390,103,1013.41,341.12,18.95,40.74,0.8258,2,1,-1
390,118,1373.94,424.14,30.08,48.40,0.8464,2,2,-1
390,128,1764.80,378.51,28.82,91.99,0.9024,2,2,-1
390,129,1840.84,487.29,63.09,103.11,0.9241,2,2,-1
390,131,484.48,361.55,33.67,72.55,0.9102,2,2,-1
390,135,618.40,463.42,44.70,101.78,0.9246,2,1,-1
390,136,498.06,913.38,87.09,166.64,0.9236,2,1,-1
390,138,508.60,522.35,33.41,105.68,0.9154,2,2,-1
390,139,446.15,363.52,38.48,58.54,0.8974,2,1,-1
390,140,287.42,311.80,33.30,62.49,0.9056,3,0,-1
390,148,1307.34,422.16,41.76,89.31,0.9013,2,2,-1
390,153,159.96,392.80,36.44,87.03,0.9264,2,2,-1
390,154,41.42,601.89,55.37,133.54,0.9325,2,1,-1
390,156,27.47,372.96,53.78,89.56,0.9199,2,1,-1
390,158,1021.62,366.19,43.01,85.39,0.9192,2,-1,-1
391,3,917.22,461.04,30.56,95.86,0.8818,2,2,-1
391,4,1370.35,454.90,63.02,91.49,0.8957,3,0,-1
391,11,711.98,401.30,32.57,92.27,0.9245,2,1,-1
391,88,1205.89,352.82,26.71,60.48,0.8881,2,2,-1
391,103,1018.07,347.28,16.54,34.37,0.7296,2,1,-1
391,128,1770.51,378.28,28.77,92.48,0.8970,2,2,-1
391,129,1845.03,487.86,57.81,103.54,0.9226,2,2,-1
391,131,491.47,362.53,35.90,71.01,0.8509,2,2,-1
391,135,624.61,463.22,42.57,102.23,0.9213,2,1,-1
391,136,501.62,915.20,85.84,164.81,0.9394,2,1,-1
391,138,511.39,522.07,37.06,105.84,0.9333,2,2,-1
391,139,451.46,362.39,40.38,59.42,0.9038,2,1,-1
391,140,291.38,312.03,30.83,61.75,0.9029,3,0,-1
391,148,1312.76,422.04,41.28,91.71,0.9117,2,2,-1
391,153,162.37,393.95,39.75,84.35,0.9357,2,2,-1
391,154,41.59,600.40,56.80,132.33,0.9344,2,1,-1
391,156,33.14,371.22,52.48,90.56,0.9250,2,1,-1
391,158,1023.60,369.14,46.39,81.24,0.9217,2,2,-1
392,3,917.92,462.40,36.30,94.72,0.9202,2,2,-1
392,11,716.95,400.15,32.13,93.92,0.9205,2,1,-1
392,66,1390.13,423.54,29.45,88.50,0.8774,2,1,-1
392,88,1211.22,350.38,26.66,62.60,0.8591,2,2,-1
392,103,1021.42,349.07,16.59,33.86,0.7065,2,1,-1
392,128,1775.28,377.99,30.18,93.73,0.9089,2,2,-1
392,129,1846.57,487.49,52.73,104.75,0.9042,2,2,-1
392,131,498.34,362.30,42.60,71.29,0.9110,2,2,-1
392,135,630.33,462.97,41.35,101.97,0.9247,2,1,-1
392,136,504.50,912.96,94.73,167.04,0.9482,2,1,-1
392,138,512.97,521.47,40.89,106.80,0.9255,2,2,-1
392,139,459.57,362.21,42.83,61.33,0.9077,2,1,-1
392,140,296.54,312.29,28.70,60.79,0.8874,3,0,-1
392,148,1319.62,421.46,40.07,91.91,0.9005,2,2,-1
392,153,165.07,394.95,44.81,82.48,0.9372,2,2,-1
392,154,41.47,600.35,62.32,132.89,0.9396,2,1,-1
392,156,38.48,370.53,50.77,91.03,0.9288,2,1,-1
392,158,1026.10,370.63,46.76,81.52,0.9001,2,2,-1
393,3,919.33,462.60,41.49,94.18,0.9305,2,2,-1
393,11,721.27,399.47,31.46,91.72,0.9153,2,1,-1
393,66,1394.57,423.13,29.81,87.60,0.9105,2,1,-1
393,88,1216.09,346.14,26.66,66.61,0.8676,2,2,-1
393,128,1777.22,378.67,32.51,92.92,0.8774,2,2,-1
393,129,1850.79,486.03,42.20,106.00,0.9103,2,2,-1
393,131,505.81,360.64,45.41,72.35,0.8888,2,2,-1
393,135,636.15,463.04,41.13,102.58,0.9234,2,1,-1
393,136,504.24,914.34,97.49,165.67,0.9466,2,1,-1
393,137,1023.56,344.15,20.58,40.60,0.7299,2,1,-1
393,138,515.93,521.63,43.50,105.67,0.9328,2,2,-1
393,139,467.16,362.08,43.96,63.74,0.8985,2,1,-1
393,140,300.97,310.63,27.85,60.54,0.7654,3,0,-1
393,148,1327.63,420.03,37.51,93.06,0.8705,2,2,-1
393,153,169.16,395.26,48.35,81.59,0.9334,2,2,-1
393,154,41.04,600.87,70.64,131.73,0.9445,2,1,-1
393,156,43.46,370.86,48.28,89.50,0.9288,2,1,-1
393,158,1034.71,399.24,33.33,54.18,0.7451,2,2,-1
394,3,921.17,461.85,44.82,94.18,0.9326,2,2,-1
394,11,725.84,398.33,32.13,92.30,0.9106,2,1,-1
394,66,1399.45,422.36,30.38,88.08,0.8944,2,1,-1
394,68,1368.97,449.38,39.84,94.72,0.8826,2,1,-1
394,88,1222.07,343.59,25.82,68.94,0.8759,2,2,-1
394,128,1779.61,379.75,35.65,91.55,0.8570,2,2,-1
394,129,1850.06,483.07,38.14,108.35,0.9064,2,2,-1
394,131,511.44,359.76,47.21,73.45,0.8440,2,2,-1
394,135,642.22,463.23,40.39,103.78,0.9314,2,1,-1
394,136,503.77,913.51,97.38,166.50,0.9409,2,1,-1
394,137,1022.66,320.58,26.05,58.03,0.7801,2,1,-1
394,138,520.98,521.26,43.56,105.30,0.9368,2,2,-1
394,139,473.43,362.47,43.33,62.25,0.9112,2,1,-1
394,140,305.48,309.79,26.67,60.70,0.8441,3,0,-1
394,148,1333.14,425.16,34.42,87.52,0.8267,2,2,-1
394,153,174.57,395.13,50.50,80.46,0.9358,2,2,-1
394,154,40.39,602.04,77.12,130.23,0.9485,2,1,-1
394,156,47.47,371.66,47.83,88.29,0.9315,2,1,-1
394,158,1031.81,397.76,34.49,54.75,0.7570,2,2,-1
395,3,925.73,461.52,45.60,95.15,0.9309,2,2,-1
395,11,729.79,397.50,33.88,92.65,0.9183,2,1,-1
395,66,1405.17,421.79,30.31,87.88,0.9053,2,1,-1
395,68,1370.92,447.12,40.07,97.67,0.9159,2,1,-1
395,88,1226.76,341.78,26.25,70.89,0.8707,2,2,-1
395,128,1784.69,388.00,34.05,81.45,0.8620,2,2,-1
395,129,1852.29,484.29,37.89,105.12,0.8878,2,2,-1
395,131,517.39,357.04,48.90,76.24,0.8993,2,2,-1
395,135,647.40,463.66,40.40,102.21,0.9257,2,1,-1
395,136,504.02,916.87,92.67,163.14,0.9217,2,1,-1
395,137,1024.40,314.98,29.22,65.77,0.8568,2,1,-1
395,138,526.28,520.11,42.15,105.89,0.9251,2,2,-1
395,139,480.81,362.43,43.27,62.20,0.9095,2,1,-1
395,140,309.27,307.80,27.24,62.63,0.8741,3,0,-1
395,148,1345.24,454.93,23.37,56.76,0.8412,2,2,-1
395,153,179.28,395.90,51.25,78.10,0.9215,2,2,-1
395,154,40.14,603.34,83.99,128.34,0.9590,2,1,-1
395,156,50.97,373.16,47.34,85.26,0.9312,2,1,-1
395,158,1034.50,418.92,25.80,32.33,0.7907,2,2,-1
396,3,929.74,461.04,44.55,94.95,0.9308,2,2,-1
396,11,731.97,396.57,36.05,93.20,0.9197,2,1,-1
396,66,1410.83,420.89,29.67,88.26,0.9114,2,1,-1
396,68,1369.58,446.02,44.21,99.88,0.9136,2,1,-1
396,88,1232.54,341.07,25.92,71.18,0.8454,2,2,-1
396,128,1788.20,389.60,35.91,81.31,0.8525,2,2,-1
396,129,1849.17,487.77,42.52,101.40,0.8731,2,2,-1
396,131,524.24,356.11,48.68,77.33,0.8988,2,-1,-1
396,135,653.96,463.50,39.34,102.66,0.9316,2,1,-1
396,136,501.88,912.18,88.29,167.85,0.8559,2,1,-1
396,137,1026.65,315.24,29.57,62.95,0.8215,2,1,-1
396,138,529.63,519.63,40.13,105.40,0.9212,2,2,-1
396,139,487.20,361.97,41.76,61.37,0.9193,2,1,-1
396,140,309.95,307.82,28.60,62.61,0.8878,3,0,-1
396,148,1349.08,442.57,26.09,68.21,0.7941,2,2,-1
396,153,184.20,396.95,52.34,76.75,0.9333,2,2,-1
396,154,41.83,603.63,86.55,128.19,0.9565,2,1,-1
396,156,55.25,374.00,46.78,83.64,0.9325,2,1,-1
397,3,934.90,465.55,40.38,88.02,0.9113,2,2,-1
397,11,736.55,395.61,37.55,93.31,0.9132,2,1,-1
397,66,1416.82,419.54,28.68,89.55,0.9130,2,1,-1
397,68,1361.68,446.73,52.81,98.75,0.9189,2,1,-1
397,88,1236.22,339.24,26.93,72.51,0.8629,2,2,-1
397,128,1791.41,382.49,39.37,88.19,0.8367,2,2,-1
397,129,1840.37,481.21,55.85,107.67,0.9065,2,2,-1
397,131,533.61,358.05,44.17,75.15,0.8915,2,1,-1
397,135,659.00,463.51,39.38,102.90,0.9206,2,1,-1
397,136,505.73,907.94,81.14,172.07,0.8905,2,1,-1
397,137,1029.49,312.77,30.70,64.78,0.7916,2,1,-1
397,138,533.93,519.16,36.45,104.99,0.9161,2,2,-1
397,139,493.44,361.54,42.04,61.75,0.9098,2,1,-1
397,140,313.38,307.47,29.89,62.08,0.8813,3,0,-1
397,148,1359.03,418.01,20.05,52.51,0.8192,2,2,-1
397,153,190.99,398.66,49.32,73.85,0.9296,2,2,-1
397,154,43.62,603.23,90.24,127.63,0.9474,2,1,-1
397,156,61.81,373.79,43.15,83.33,0.9340,2,1,-1
397,159,1027.44,369.12,42.03,82.31,0.9032,2,-1,-1
398,3,938.45,459.34,38.86,93.34,0.9132,2,2,-1
398,4,1356.68,449.04,61.20,93.80,0.9237,3,0,-1
398,11,739.68,395.23,39.47,92.86,0.9119,2,1,-1
398,66,1421.98,418.61,27.76,90.22,0.9140,2,1,-1
398,88,1241.92,337.14,27.12,74.64,0.8191,2,2,-1
398,128,1795.89,387.45,38.58,84.37,0.8294,2,2,-1
398,129,1839.18,482.07,58.04,105.66,0.9147,2,2,-1
398,131,542.69,357.96,41.25,74.65,0.8906,2,1,-1
398,135,664.54,462.94,38.85,103.18,0.9334,2,1,-1
398,136,511.96,907.25,70.17,130.33,0.9019,2,1,-1
398,137,1032.27,317.39,28.62,58.56,0.7089,2,1,-1
398,138,536.98,518.04,32.63,104.61,0.9092,2,2,-1
398,139,499.58,359.96,45.72,64.29,0.9154,2,1,-1
398,140,317.85,307.61,28.83,61.64,0.8763,3,0,-1
398,148,1362.94,416.88,20.29,53.04,0.8128,2,2,-1
398,153,196.71,398.89,49.41,73.25,0.9205,2,2,-1
398,154,45.04,603.41,89.74,125.98,0.9426,2,1,-1
398,156,67.71,372.29,38.52,84.49,0.9277,2,1,-1
398,159,1030.91,365.67,39.82,86.47,0.9202,2,-1,-1
398,0,572.53,424.24,13.10,10.96,1.0,0,-1,-1
399,3,941.47,457.82,34.47,93.14,0.9092,2,2,-1
399,4,1352.15,451.14,64.31,93.28,0.9201,3,0,-1
399,11,743.99,395.20,38.61,91.93,0.9135,2,1,-1
399,66,1426.89,417.70,25.96,90.14,0.9064,2,1,-1
399,88,1245.61,336.13,28.90,75.39,0.8555,2,2,-1
399,103,1037.49,340.54,22.14,35.93,0.7288,2,1,-1
399,128,1800.04,384.99,38.99,86.79,0.8157,2,2,-1
399,129,1832.36,483.46,62.07,105.66,0.9240,2,2,-1
399,131,552.02,358.40,37.55,74.24,0.8886,2,1,-1
399,135,669.35,462.57,38.72,102.74,0.9205,2,1,-1
399,136,511.84,907.55,72.44,129.21,0.9092,2,1,-1
399,138,539.54,517.15,29.34,104.44,0.8990,2,2,-1
399,139,510.70,358.71,43.06,65.88,0.8935,2,1,-1
399,140,321.04,308.58,27.22,59.64,0.8769,3,0,-1
399,148,1366.87,417.02,18.90,47.54,0.7570,2,2,-1
399,153,203.13,398.30,47.89,73.07,0.9265,2,2,-1
399,154,45.99,603.14,88.80,125.54,0.9235,2,1,-1
399,156,74.43,371.07,35.09,84.89,0.9248,2,1,-1
399,159,1031.04,368.01,40.00,84.07,0.9200,2,-1,-1
399,0,583.53,424.11,11.69,10.83,1.0,0,-1,-1
400,3,943.05,457.20,31.74,93.99,0.9009,2,2,-1
400,4,1353.50,453.52,61.48,91.12,0.9151,3,0,-1
400,11,747.39,394.08,38.73,92.20,0.9097,2,1,-1
400,66,1431.52,416.46,25.22,90.47,0.9048,2,1,-1
400,88,1248.86,338.63,28.66,72.91,0.8507,2,2,-1
400,103,1034.76,327.98,27.10,48.50,0.7559,2,1,-1
400,128,1802.58,382.89,39.93,89.06,0.8171,2,2,-1
400,129,1832.61,486.15,58.43,102.85,0.9135,2,2,-1
400,131,559.99,359.41,35.55,73.94,0.8899,2,1,-1
400,135,673.17,461.71,39.02,102.77,0.9221,2,1,-1
400,136,507.94,909.36,81.53,170.32,0.9062,2,1,-1
400,138,542.59,516.16,29.06,104.69,0.9063,2,2,-1
400,139,520.00,360.71,39.80,63.49,0.8959,2,1,-1
400,140,324.60,307.64,26.46,60.27,0.8880,3,0,-1
400,148,1369.58,416.78,19.19,48.45,0.8326,2,2,-1
400,153,208.67,397.44,47.71,73.42,0.9299,2,2,-1
400,154,47.69,603.46,77.95,124.12,0.9361,2,1,-1
400,156,80.03,369.85,34.62,85.31,0.9267,2,1,-1
400,159,1029.32,369.27,40.73,82.73,0.9191,2,2,-1
400,0,591.66,424.12,13.43,11.92,1.0,0,-1,-1
401,3,943.41,456.59,28.51,93.85,0.9114,2,2,-1
401,4,1355.99,455.13,51.76,88.65,0.9307,3,0,-1
401,11,751.64,393.27,38.60,92.09,0.9087,2,1,-1
401,66,1435.62,416.09,23.90,90.30,0.9022,2,1,-1
401,88,1254.13,338.19,28.97,72.95,0.8392,2,2,-1
401,90,1811.22,396.58,33.31,74.81,0.8608,2,2,-1
401,103,1033.62,327.54,25.79,49.56,0.7392,2,1,-1
401,116,1857.98,486.30,24.70,50.03,0.8566,2,2,-1
401,129,1840.07,535.38,42.27,52.25,0.9114,2,2,-1
401,131,567.96,360.21,34.96,72.93,0.8905,2,1,-1
401,135,676.73,461.07,40.96,102.78,0.9381,2,1,-1
401,136,509.61,910.37,76.61,169.65,0.9412,2,1,-1
401,138,543.90,515.34,31.45,104.68,0.9156,2,2,-1
401,139,529.03,362.05,39.23,62.48,0.8925,2,-1,-1
401,140,327.25,306.64,26.48,60.91,0.8786,3,0,-1
401,148,1372.22,416.74,19.49,49.23,0.8531,2,2,-1
401,153,212.36,395.27,46.76,74.95,0.9320,2,2,-1
401,154,47.77,602.57,68.23,123.83,0.9357,2,1,-1
401,156,85.58,368.97,35.02,85.51,0.9231,2,1,-1
401,159,1029.15,370.29,38.69,82.90,0.8524,2,2,-1
401,0,600.55,425.05,15.09,13.15,1.0,0,-1,-1
402,3,944.42,456.91,26.70,93.01,0.9039,2,2,-1
402,4,1356.99,452.12,43.74,91.14,0.9270,3,0,-1
402,11,755.14,392.92,37.67,91.11,0.9112,2,1,-1
402,66,1439.28,415.40,23.40,90.37,0.9053,2,1,-1
402,88,1256.71,336.48,30.01,74.27,0.8711,2,2,-1
402,103,1032.08,313.47,28.45,63.13,0.8419,2,1,-1
402,116,1858.99,485.87,24.22,50.21,0.8825,2,2,-1
402,128,1814.36,383.77,34.80,87.36,0.8196,2,2,-1
402,129,1839.71,532.42,39.78,53.88,0.8686,2,2,-1
402,131,575.21,360.74,36.11,72.46,0.8820,2,1,-1
402,135,680.02,460.41,41.73,102.68,0.9210,2,1,-1
402,136,508.70,917.66,78.50,162.35,0.9381,2,1,-1
402,138,540.44,514.95,38.09,105.26,0.9190,2,2,-1
402,139,534.65,362.75,40.81,60.80,0.8995,2,2,-1
402,140,328.45,305.82,27.90,61.58,0.8949,3,0,-1
402,148,1375.07,416.78,19.78,50.73,0.7472,2,2,-1
402,153,217.60,393.48,46.69,76.26,0.9241,2,2,-1
402,154,47.03,601.99,60.27,124.40,0.9398,2,1,-1
402,156,90.07,368.61,35.86,85.10,0.9270,2,1,-1
402,159,1027.49,371.14,36.03,81.20,0.7842,2,2,-1
402,0,609.82,424.73,14.40,14.31,1.0,0,-1,-1
403,3,945.00,456.52,28.76,94.05,0.9129,2,2,-1
403,4,1357.22,449.81,38.41,93.21,0.9063,3,0,-1
403,11,760.20,392.28,35.45,90.70,0.9166,2,1,-1
403,66,1441.85,415.35,23.48,90.16,0.9029,2,1,-1
403,103,1034.85,313.04,27.02,63.79,0.8726,2,1,-1
403,116,1859.00,484.91,24.61,50.65,0.8035,2,2,-1
403,125,1263.34,366.46,22.31,43.82,0.7737,2,2,-1
403,128,1817.62,377.85,35.53,92.76,0.8065,2,2,-1
403,129,1840.69,531.85,35.26,53.21,0.7956,2,2,-1
403,131,583.52,359.93,36.95,73.80,0.8723,2,1,-1
403,135,683.24,460.85,42.57,102.55,0.9177,2,1,-1
403,136,503.84,919.20,83.95,160.82,0.9211,2,1,-1
403,138,537.40,515.24,45.30,105.01,0.9303,2,2,-1
403,139,539.02,363.02,42.49,61.26,0.8807,2,2,-1
403,140,330.01,305.68,28.36,61.47,0.8821,3,0,-1
403,148,1379.09,416.93,18.64,48.47,0.8639,2,2,-1
403,153,222.66,392.22,48.24,77.49,0.9210,2,2,-1
403,154,46.10,599.45,62.79,124.94,0.9351,2,1,-1
403,156,94.69,368.58,36.85,85.03,0.9289,2,1,-1
403,159,1029.80,402.86,22.28,48.72,0.7298,2,2,-1
403,0,618.97,425.02,14.58,13.77,1.0,0,-1,-1
404,3,944.46,456.72,32.07,94.01,0.9261,2,2,-1
404,4,1356.07,446.86,38.72,95.59,0.8925,3,0,-1
404,11,764.25,391.17,34.36,90.32,0.9197,2,1,-1
404,66,1443.80,414.06,24.28,90.94,0.9074,2,1,-1
404,77,1847.54,483.56,37.99,101.44,0.8981,2,2,-1
404,88,1265.44,335.96,27.79,74.50,0.8829,2,2,-1
404,90,1824.63,409.18,27.35,60.87,0.8288,2,2,-1
404,103,1034.47,311.21,29.46,64.82,0.8975,2,1,-1
404,131,591.04,360.43,37.75,74.72,0.9068,2,1,-1
404,135,686.63,461.04,43.13,101.51,0.9256,2,1,-1
404,136,501.35,925.02,88.10,155.01,0.9034,2,1,-1
404,138,536.41,514.89,50.49,105.32,0.9285,2,2,-1
404,139,546.47,362.14,44.69,63.52,0.8982,2,2,-1
404,140,332.84,305.61,28.05,60.68,0.8909,3,0,-1
404,148,1381.11,416.66,19.42,52.10,0.8592,2,2,-1
404,153,227.49,389.27,51.14,80.07,0.9283,2,2,-1
404,154,42.44,597.24,68.22,127.99,0.9429,2,1,-1
404,156,99.51,368.07,37.62,85.11,0.9261,2,1,-1
404,159,1025.24,403.80,27.39,46.62,0.8765,2,2,-1
404,0,626.57,425.92,14.92,13.29,1.0,0,-1,-1
405,3,943.46,457.03,36.23,93.83,0.9326,2,2,-1
405,4,1354.09,445.03,39.27,96.69,0.8800,3,0,-1
405,11,768.39,389.99,32.64,90.98,0.9107,2,1,-1
405,66,1446.83,413.97,24.58,90.07,0.9161,2,1,-1
405,77,1847.62,482.63,38.35,100.39,0.7861,2,2,-1
405,88,1269.82,336.26,26.85,73.57,0.8732,2,2,-1
405,90,1825.54,406.78,29.12,63.43,0.8464,2,2,-1
405,103,1034.70,310.46,30.50,64.39,0.9140,2,1,-1
405,131,596.37,360.47,40.85,77.04,0.8920,2,1,-1
405,135,689.28,461.35,44.53,102.06,0.9367,2,1,-1
405,136,498.45,925.23,90.69,154.80,0.9016,2,1,-1
405,138,538.28,515.12,52.54,103.44,0.9288,2,2,-1
405,139,553.54,363.02,45.19,64.77,0.8815,2,2,-1
405,140,336.14,304.30,27.98,61.00,0.9048,3,0,-1
405,148,1384.69,414.84,18.80,52.32,0.8807,2,2,-1
405,153,233.94,388.41,49.50,80.34,0.9239,2,2,-1
405,154,38.16,595.19,74.67,131.32,0.9501,2,1,-1
405,156,104.01,367.95,39.04,84.58,0.9311,2,1,-1
405,159,1018.73,378.28,39.96,72.14,0.8411,2,2,-1
405,0,635.31,425.87,15.28,13.87,1.0,0,-1,-1
406,3,942.38,456.78,39.84,93.61,0.9354,2,2,-1
406,4,1345.28,444.19,43.07,98.43,0.9125,3,0,-1
406,11,771.35,389.25,32.62,91.34,0.9206,2,1,-1
406,66,1449.03,413.53,25.07,90.06,0.9150,2,1,-1
406,77,1845.25,481.23,42.42,101.78,0.8778,2,2,-1
406,88,1273.46,336.91,26.18,71.95,0.8883,2,2,-1
406,103,1034.61,310.31,31.44,64.11,0.9185,2,1,-1
406,128,1825.63,377.92,34.46,92.50,0.9078,2,2,-1
406,131,603.80,361.98,42.57,75.12,0.9068,2,1,-1
406,135,691.72,462.05,44.09,101.95,0.9194,2,1,-1
406,136,497.64,926.44,88.88,153.57,0.9273,2,1,-1
406,138,538.99,514.63,52.70,103.33,0.9227,2,2,-1
406,139,562.14,362.52,45.07,65.93,0.8247,2,2,-1
406,140,338.94,303.92,27.79,60.92,0.8817,3,0,-1
406,148,1385.79,414.07,21.20,63.72,0.8439,2,2,-1
406,153,238.91,387.45,47.18,80.60,0.8755,2,2,-1
406,154,33.30,594.32,78.35,130.97,0.9451,2,1,-1
406,156,108.94,367.79,39.99,84.53,0.9320,2,1,-1
406,159,1016.15,368.34,43.95,82.22,0.9223,2,2,-1
406,0,643.71,425.40,14.48,14.00,1.0,0,-1,-1
407,3,941.71,456.53,43.10,93.54,0.9360,2,2,-1
407,4,1341.19,445.94,42.93,96.84,0.9130,3,0,-1
407,11,773.64,388.64,32.93,91.60,0.9201,2,1,-1
407,66,1451.48,412.80,25.55,90.51,0.9110,2,1,-1
407,77,1843.61,486.46,40.81,95.19,0.7021,2,2,-1
407,88,1276.45,333.66,25.61,74.67,0.8930,2,2,-1
407,103,1034.62,310.52,31.23,63.52,0.9162,2,1,-1
407,128,1827.02,378.68,34.58,91.34,0.9098,2,2,-1
407,131,608.33,362.17,46.08,75.25,0.9029,2,1,-1
407,135,694.43,462.30,43.10,103.13,0.9091,2,1,-1
407,136,497.79,924.98,84.38,155.03,0.9409,2,1,-1
407,138,539.68,513.94,51.28,103.37,0.9111,2,2,-1
407,139,577.15,362.65,37.45,65.77,0.8945,2,2,-1
407,140,341.69,303.14,27.31,60.80,0.8971,3,0,-1
407,148,1382.12,413.91,28.21,90.46,0.7539,2,2,-1
407,153,250.21,387.98,39.23,79.42,0.9245,2,2,-1
407,154,27.70,594.36,82.49,127.18,0.9427,2,1,-1
407,156,112.50,367.33,40.70,84.03,0.9353,2,1,-1
407,159,1010.84,367.07,48.44,82.93,0.9275,2,2,-1
407,0,650.71,425.72,14.44,13.37,1.0,0,-1,-1
408,3,940.43,455.99,44.93,92.00,0.9363,2,2,-1
408,4,1343.13,446.70,40.00,95.51,0.9187,3,0,-1
408,11,773.83,388.15,34.35,91.21,0.9250,2,1,-1
408,66,1453.89,411.56,25.56,91.30,0.9092,2,1,-1
408,77,1841.22,480.96,42.66,100.56,0.7802,2,2,-1
408,88,1280.32,333.68,24.60,74.18,0.8940,2,2,-1
408,90,1828.17,397.49,33.75,72.74,0.8655,2,2,-1
408,103,1036.35,323.05,26.48,50.96,0.8631,2,1,-1
408,135,696.58,462.86,43.13,101.01,0.9164,2,1,-1
408,136,498.20,923.12,78.01,156.89,0.9424,2,1,-1
408,138,541.32,512.75,47.64,103.60,0.9166,2,2,-1
408,139,584.39,362.30,35.70,65.96,0.9065,2,2,-1
408,140,344.23,302.40,26.75,60.16,0.8496,3,0,-1
408,148,1385.27,416.14,25.95,88.71,0.8138,2,2,-1
408,153,257.04,388.81,38.73,77.89,0.8625,2,2,-1
408,154,21.25,593.66,83.35,132.11,0.9410,2,1,-1
408,156,117.37,366.39,40.71,83.48,0.9282,2,1,-1
408,159,1005.60,366.29,53.30,82.90,0.9325,2,2,-1
408,0,658.46,426.85,14.19,13.51,1.0,0,-1,-1
409,3,941.80,453.59,42.44,94.75,0.9298,2,2,-1
409,4,1344.81,447.05,36.95,94.57,0.9153,3,0,-1
409,11,774.34,387.43,35.88,91.02,0.9255,2,1,-1
409,66,1455.75,410.54,26.14,92.06,0.9164,2,1,-1
409,68,1386.53,435.43,26.45,67.24,0.8137,2,1,-1
409,88,1282.69,331.69,24.31,75.52,0.8761,2,2,-1
409,90,1829.08,415.76,24.09,55.10,0.7488,2,2,-1
409,103,1035.14,321.81,25.78,51.42,0.8703,2,1,-1
409,116,1859.84,479.48,26.66,60.71,0.6125,2,2,-1
409,135,698.64,462.59,43.21,101.44,0.9202,2,1,-1
409,136,499.05,921.67,75.09,158.33,0.9418,2,1,-1
409,138,542.79,511.73,43.42,103.41,0.9062,2,2,-1
409,139,588.92,361.61,38.39,65.43,0.9082,2,2,-1
409,140,346.44,301.41,26.32,61.27,0.8996,3,0,-1
409,153,261.33,389.72,39.15,76.16,0.8526,2,2,-1
409,154,15.55,594.10,81.88,129.75,0.9320,2,1,-1
409,156,122.04,365.80,40.74,84.29,0.9311,2,1,-1
409,159,1004.22,366.50,54.07,82.48,0.9245,2,2,-1
409,0,665.11,427.00,14.50,13.75,1.0,0,-1,-1
410,3,942.91,452.30,38.39,95.47,0.9174,2,2,-1
410,4,1344.00,446.99,36.29,94.20,0.9195,3,0,-1
410,11,775.01,386.82,37.47,91.40,0.9243,2,1,-1
410,66,1458.41,410.59,26.19,91.47,0.9210,2,1,-1
410,68,1390.07,442.57,23.95,60.64,0.7805,2,1,-1
410,88,1285.67,333.98,24.28,73.31,0.8781,2,2,-1
410,103,1034.45,314.56,24.65,57.90,0.8716,2,1,-1
410,131,620.17,359.34,44.73,75.56,0.8891,2,1,-1
410,135,700.70,462.06,40.85,101.30,0.9335,2,1,-1
410,136,500.10,923.64,73.91,156.36,0.9413,2,1,-1
410,138,544.42,510.69,39.36,103.33,0.9022,2,2,-1
410,140,349.84,300.85,25.12,60.75,0.8990,3,0,-1
410,153,264.95,388.79,42.11,75.31,0.8772,2,2,-1
410,154,7.64,593.81,76.52,129.67,0.9379,2,1,-1
410,156,127.67,365.19,40.69,83.28,0.9249,2,1,-1
410,159,1008.12,367.53,29.83,51.19,0.7984,2,2,-1
410,0,672.25,427.04,14.26,13.49,1.0,0,-1,-1
411,3,944.26,451.53,32.85,95.51,0.8989,2,2,-1
411,4,1340.73,446.77,38.63,94.07,0.9232,3,0,-1
411,11,776.13,386.36,39.24,91.78,0.9224,2,1,-1
411,66,1461.99,410.08,25.70,91.82,0.9090,2,1,-1
411,72,599.59,362.27,45.12,60.54,0.8877,2,2,-1
411,77,1850.54,478.45,45.66,101.06,0.7969,2,2,-1
411,88,1289.39,331.58,24.86,75.23,0.8774,2,2,-1
411,90,1838.08,410.22,27.69,60.16,0.8820,2,2,-1
411,103,1034.94,315.01,22.53,56.39,0.8764,2,1,-1
411,135,703.76,461.66,39.16,101.03,0.9191,2,1,-1
411,136,499.26,922.34,73.23,157.67,0.9388,2,1,-1
411,138,545.56,509.59,37.45,104.18,0.9178,2,2,-1
411,140,352.32,299.81,24.76,61.60,0.9036,3,0,-1
411,148,1393.10,421.24,24.34,81.90,0.8069,2,2,-1
411,153,269.64,387.92,52.24,76.85,0.9246,2,2,-1
411,154,4.16,592.36,68.09,129.61,0.9356,2,1,-1
411,156,135.41,364.48,39.28,83.72,0.9240,2,1,-1
411,159,1008.05,368.75,25.45,50.74,0.8430,2,2,-1
411,161,1845.75,380.27,17.33,38.23,0.5183,2,-1,-1
411,0,679.05,426.17,15.31,14.19,1.0,0,-1,-1
412,3,944.83,450.92,29.19,95.18,0.9017,2,2,-1
412,4,1338.21,446.63,41.34,93.51,0.9316,3,0,-1
412,11,777.99,386.22,40.02,91.12,0.9266,2,1,-1
412,66,1464.91,409.16,25.87,92.41,0.9014,2,1,-1
412,77,1851.25,477.52,50.35,102.08,0.9092,2,2,-1
412,88,1293.30,334.52,23.99,72.56,0.8581,2,2,-1
412,90,1841.16,406.66,28.82,63.98,0.8436,2,2,-1
412,103,1033.00,313.16,24.46,58.63,0.8766,2,1,-1
412,135,707.09,460.94,36.64,101.71,0.9200,2,1,-1
412,136,500.17,922.07,69.49,157.94,0.9346,2,1,-1
412,138,546.73,508.95,37.12,105.47,0.9200,2,2,-1
412,139,613.43,362.88,39.88,59.46,0.8807,2,2,-1
412,140,355.29,299.45,24.45,60.65,0.8754,3,0,-1
412,148,1396.19,411.76,27.08,90.76,0.8444,2,2,-1
412,153,274.01,386.88,56.71,77.65,0.9296,2,2,-1
412,154,2.48,590.53,62.32,131.13,0.9394,2,1,-1
412,156,141.42,363.97,38.32,82.80,0.9198,2,1,-1
412,0,686.28,429.15,14.71,12.96,1.0,0,-1,-1
413,3,945.71,450.74,29.28,94.24,0.8976,2,2,-1
413,4,1339.16,446.85,40.58,93.25,0.9339,3,0,-1
413,11,779.89,386.03,40.85,90.63,0.9259,2,1,-1
413,66,1468.47,408.95,25.35,92.20,0.9095,2,1,-1
413,77,1856.18,477.36,50.40,101.27,0.8878,2,2,-1
413,88,1296.12,331.60,24.16,75.03,0.8492,2,2,-1
413,103,1031.84,309.72,26.81,61.41,0.8879,2,1,-1
413,128,1845.31,380.21,24.72,60.90,0.8453,2,2,-1
413,131,653.23,358.79,35.74,78.11,0.8660,2,1,-1
413,135,710.36,459.63,34.57,102.51,0.9223,2,1,-1
413,136,500.63,921.82,67.85,158.19,0.9257,2,1,-1
413,138,548.50,508.56,36.41,105.47,0.9138,2,2,-1
413,140,358.58,298.95,23.72,60.78,0.8328,3,0,-1
413,148,1398.82,411.31,26.96,90.71,0.8434,2,2,-1
413,153,280.35,386.05,59.38,79.52,0.9347,2,2,-1
413,154,0.18,587.27,64.47,133.29,0.9342,2,1,-1
413,156,149.98,363.39,34.15,83.45,0.9216,2,1,-1
413,0,694.12,429.80,13.33,12.55,1.0,0,-1,-1
414,3,943.79,450.78,34.07,95.02,0.9249,2,2,-1
414,4,1341.67,446.87,39.31,92.53,0.9264,3,0,-1
414,11,781.59,386.09,42.18,90.06,0.9298,2,1,-1
414,66,1472.04,409.04,24.78,92.03,0.9143,2,1,-1
414,77,1857.87,476.67,52.09,102.19,0.9257,2,2,-1
414,88,1299.18,335.95,24.39,70.91,0.8712,2,2,-1
414,103,1030.75,307.05,29.59,63.22,0.9020,2,1,-1
414,128,1845.70,387.46,28.84,82.43,0.8633,2,2,-1
414,135,713.50,459.07,34.57,103.29,0.9309,2,1,-1
414,136,499.78,920.03,69.10,159.97,0.9201,2,1,-1
414,138,549.34,508.47,37.22,105.57,0.9217,2,2,-1
414,139,630.51,361.85,43.90,66.74,0.8892,2,2,-1
414,140,362.35,297.97,23.09,61.44,0.8441,3,0,-1
414,148,1401.88,410.87,28.16,91.08,0.8937,2,2,-1
414,153,286.68,385.61,55.82,79.80,0.9379,2,2,-1
414,154,-0.07,585.81,65.08,135.30,0.9344,2,1,-1
414,156,157.10,362.92,31.72,83.06,0.9208,2,1,-1
414,0,699.89,429.99,14.06,12.33,1.0,0,-1,-1
415,3,940.56,451.59,41.24,94.68,0.9327,2,2,-1
415,4,1345.09,446.04,37.84,92.55,0.9241,3,0,-1
415,11,785.48,386.56,41.08,89.22,0.9357,2,1,-1
415,66,1475.55,408.85,25.13,92.05,0.9072,2,1,-1
415,77,1863.08,476.59,51.68,101.58,0.9093,2,2,-1
415,88,1303.97,336.14,24.24,70.78,0.7735,2,2,-1
415,103,1030.66,306.37,32.09,64.04,0.9068,2,1,-1
415,128,1849.31,377.96,28.58,91.82,0.8925,2,2,-1
415,131,672.17,360.01,34.37,77.75,0.8541,2,1,-1
415,135,717.25,458.52,34.37,103.79,0.9255,2,1,-1
415,136,495.91,920.69,73.08,159.31,0.9170,2,1,-1
415,138,549.07,507.87,40.64,104.73,0.9242,2,2,-1
415,139,640.08,362.26,40.47,66.45,0.8949,2,2,-1
415,140,366.44,297.71,22.81,60.63,0.8426,3,0,-1
415,148,1405.58,410.61,28.41,90.59,0.8902,2,2,-1
415,153,294.21,385.88,55.45,80.57,0.8181,2,2,-1
415,154,0.17,584.56,66.28,135.08,0.9384,2,1,-1
415,156,162.41,362.22,31.17,83.81,0.9253,2,1,-1
415,162,995.01,364.91,38.58,83.86,0.9243,2,-1,-1
415,0,708.28,430.43,12.72,12.58,1.0,0,-1,-1
416,3,939.95,452.64,44.84,93.46,0.9244,2,2,-1
416,4,1348.76,444.37,36.70,94.00,0.9272,3,0,-1
416,11,789.60,386.48,41.15,88.28,0.9268,2,1,-1
416,66,1478.69,408.91,26.22,91.76,0.9113,2,1,-1
416,77,1868.89,475.96,50.25,101.59,0.9262,2,2,-1
416,88,1307.31,336.03,25.07,70.14,0.8792,2,2,-1
416,103,1030.76,307.24,33.11,62.55,0.8970,2,1,-1
416,128,1852.50,378.38,28.00,91.63,0.9016,2,2,-1
416,135,721.46,459.10,34.72,103.85,0.9230,2,1,-1
416,136,492.54,920.09,77.38,159.92,0.9015,2,1,-1
416,138,548.78,508.20,44.76,104.53,0.9292,2,2,-1
416,139,650.23,360.24,41.57,68.02,0.8870,2,2,-1
416,140,370.56,297.10,23.04,60.83,0.8795,3,0,-1
416,148,1410.27,409.74,28.51,90.22,0.8790,2,2,-1
416,153,305.26,386.21,52.38,78.97,0.8843,2,2,-1
416,154,0.02,585.35,65.40,132.99,0.9357,2,1,-1
416,156,168.43,362.08,30.95,83.12,0.9238,2,1,-1
416,162,990.74,364.01,42.47,84.00,0.9296,2,-1,-1
416,0,716.05,430.50,12.83,12.62,1.0,0,-1,-1
417,3,942.93,454.03,43.44,91.07,0.9253,2,2,-1
417,4,1353.30,442.43,35.91,95.53,0.9228,3,0,-1
417,11,793.96,386.32,41.96,88.85,0.9269,2,1,-1
417,66,1483.37,408.96,26.48,91.19,0.9150,2,1,-1
417,77,1870.96,475.75,49.38,102.13,0.9111,2,2,-1
417,88,1311.90,337.31,25.67,69.24,0.8584,2,2,-1
417,103,1033.89,309.80,30.91,58.79,0.8976,2,1,-1
417,128,1855.10,378.35,29.13,91.85,0.8908,2,2,-1
417,131,689.62,361.96,38.02,78.63,0.8428,2,1,-1
417,135,725.77,459.53,35.74,103.50,0.9287,2,1,-1
417,136,490.52,920.14,81.56,159.87,0.8996,2,1,-1
417,138,552.79,507.66,45.68,106.16,0.9304,2,2,-1
417,140,375.86,296.48,23.10,61.83,0.9000,3,0,-1
417,148,1415.06,409.33,28.13,90.44,0.9012,2,2,-1
417,153,318.05,385.84,50.05,79.32,0.8849,2,2,-1
417,154,-0.28,587.15,63.93,132.49,0.9231,2,1,-1
417,156,174.89,361.57,31.38,83.11,0.9230,2,1,-1
417,162,988.82,364.07,43.63,83.71,0.9281,2,-1,-1
417,0,724.77,431.35,12.38,10.71,1.0,0,-1,-1
418,3,945.02,453.52,42.14,91.62,0.8970,2,2,-1
418,4,1358.37,440.65,34.41,96.70,0.9189,3,0,-1
418,11,797.35,386.25,42.99,88.11,0.9334,2,1,-1
418,66,1488.38,408.49,26.66,90.87,0.9054,2,1,-1
418,77,1876.80,474.54,44.91,102.84,0.8967,2,2,-1
418,88,1317.42,335.64,25.90,70.32,0.8621,2,2,-1
418,103,1035.51,311.37,28.72,55.36,0.7451,2,1,-1
418,128,1857.01,377.97,32.38,92.90,0.9258,2,2,-1
418,131,705.51,361.69,36.48,78.11,0.8553,2,1,-1
418,135,730.45,460.41,36.46,104.88,0.9178,2,1,-1
418,136,489.97,921.88,67.07,102.13,0.9081,2,1,-1
418,138,557.17,507.43,45.44,105.31,0.9298,2,2,-1
418,140,380.83,295.69,23.80,61.90,0.8947,3,0,-1
418,148,1419.52,408.96,28.22,90.33,0.8788,2,2,-1
418,153,332.53,384.59,47.84,77.29,0.8889,2,2,-1
418,154,-1.23,588.50,59.19,131.30,0.9086,2,1,-1
418,156,181.12,361.37,33.22,82.34,0.9100,2,1,-1
418,162,990.14,364.51,39.35,82.63,0.9204,2,2,-1
418,0,732.13,430.69,12.65,11.70,1.0,0,-1,-1
419,3,949.08,454.49,38.83,90.48,0.8613,2,2,-1
419,4,1362.57,439.82,34.76,97.41,0.9322,3,0,-1
419,11,800.45,386.37,43.13,87.88,0.9303,2,1,-1
419,66,1492.16,408.44,27.65,90.84,0.9150,2,1,-1
419,77,1882.76,477.59,39.78,99.47,0.8505,2,2,-1
419,88,1322.84,335.08,25.73,70.48,0.8204,2,2,-1
419,103,1035.07,311.37,26.69,56.12,0.8519,2,1,-1
419,128,1858.59,378.76,35.29,91.89,0.9097,2,2,-1
419,131,716.60,364.49,33.72,75.23,0.8657,2,1,-1
419,135,735.99,460.79,37.81,104.32,0.9246,2,1,-1
419,136,489.20,923.10,75.46,101.84,0.9014,2,1,-1
419,138,561.87,506.96,45.77,104.23,0.9321,2,2,-1
419,140,386.03,295.31,24.49,61.36,0.8958,3,0,-1
419,148,1423.77,408.58,28.47,91.08,0.8924,2,2,-1
419,153,340.46,383.09,47.18,78.43,0.8204,2,2,-1
419,154,-2.26,589.31,49.55,129.50,0.9111,2,1,-1
419,156,187.86,361.33,34.79,82.85,0.9298,2,1,-1
419,162,994.92,396.24,25.18,50.03,0.8526,2,2,-1
419,0,740.07,430.99,13.17,11.68,1.0,0,-1,-1
420,3,954.38,459.24,34.96,83.82,0.7853,2,2,-1
420,4,1367.92,439.20,33.85,97.98,0.9227,3,0,-1
420,11,803.30,385.29,45.24,88.30,0.9231,2,1,-1
420,66,1496.80,408.61,28.41,90.18,0.9114,2,1,-1
420,88,1327.42,333.22,26.30,72.38,0.8862,2,2,-1
420,103,1037.16,312.61,23.91,54.98,0.8542,2,1,-1
420,128,1861.49,380.09,36.45,91.38,0.8783,2,2,-1
420,131,726.79,365.92,33.52,75.04,0.8915,2,1,-1
420,135,741.38,461.48,38.85,104.03,0.9195,2,1,-1
420,136,491.74,923.51,80.54,101.82,0.8625,2,1,-1
420,138,566.08,506.18,44.64,105.19,0.9368,2,2,-1
420,140,392.17,294.77,25.92,61.62,0.8851,3,0,-1
420,148,1428.83,408.85,28.04,90.09,0.8845,2,2,-1
420,153,349.09,381.08,49.91,83.63,0.9192,2,2,-1
420,154,-2.22,589.16,39.15,129.35,0.9189,2,1,-1
420,156,194.83,361.86,35.46,82.14,0.9245,2,1,-1
420,162,992.57,385.79,28.95,61.50,0.8125,2,2,-1
420,0,1440.00,488.05,15.31,14.40,1.0,0,-1,-1
421,3,958.49,454.14,32.17,89.63,0.9056,2,2,-1
421,4,1373.33,438.57,32.71,98.20,0.9249,3,0,-1
421,11,806.99,384.54,45.22,88.96,0.9223,2,1,-1
421,66,1501.94,408.77,28.98,89.97,0.9135,2,1,-1
421,88,1332.52,334.85,26.26,70.48,0.8837,2,2,-1
421,103,1038.41,311.64,24.76,55.71,0.8681,2,1,-1
421,128,1865.31,380.18,39.66,91.52,0.8940,2,2,-1
421,131,735.94,368.37,35.25,73.04,0.8414,2,1,-1
421,135,745.82,462.11,39.97,103.91,0.9221,2,1,-1
421,136,493.27,924.52,83.44,104.37,0.8340,2,1,-1
421,138,569.31,505.79,44.50,105.67,0.9363,2,2,-1
421,140,397.18,294.62,27.29,61.93,0.8856,3,0,-1
421,148,1433.62,409.82,27.98,89.82,0.8673,2,2,-1
421,153,357.69,380.83,50.98,82.86,0.9232,2,2,-1
421,154,-0.63,586.50,36.38,130.48,0.9237,2,1,-1
421,156,201.08,362.03,35.28,81.85,0.9240,2,1,-1
421,162,992.09,383.70,27.92,63.76,0.7568,2,2,-1
422,3,961.98,452.78,30.38,91.25,0.8836,2,2,-1
422,4,1377.52,438.36,32.31,98.27,0.9201,3,0,-1
422,11,808.91,383.99,43.35,90.05,0.9191,2,1,-1
422,66,1507.31,408.73,28.53,90.43,0.9155,2,1,-1
422,88,1337.31,331.74,26.55,73.91,0.8980,2,2,-1
422,103,1038.78,304.19,27.82,62.77,0.8800,2,1,-1
422,128,1867.11,381.79,38.56,91.37,0.8993,2,2,-1
422,131,742.87,367.18,41.19,74.82,0.8602,2,1,-1
422,135,751.19,462.28,40.67,103.44,0.9286,2,1,-1
422,136,497.30,928.58,84.88,102.63,0.8293,2,1,-1
422,138,571.72,505.04,43.81,105.97,0.9325,2,2,-1
422,140,402.30,294.08,29.33,63.04,0.9062,3,0,-1
422,148,1438.77,410.37,27.18,89.33,0.8921,2,2,-1
422,153,366.51,380.38,48.45,83.96,0.9212,2,2,-1
422,154,0.40,584.93,38.56,132.23,0.9148,2,1,-1
422,156,207.40,362.27,33.37,82.19,0.9277,2,1,-1
422,162,990.71,400.37,23.52,48.75,0.8462,2,2,-1
423,3,965.74,452.10,28.89,91.08,0.8909,2,2,-1
423,4,1382.11,437.56,32.54,98.85,0.9241,3,0,-1
423,11,811.85,383.43,40.85,90.10,0.9081,2,1,-1
423,66,1511.84,408.48,28.04,89.68,0.9114,2,1,-1
423,88,1341.53,332.02,26.82,73.46,0.8739,2,2,-1
423,103,1038.14,301.00,31.09,65.91,0.9074,2,1,-1
423,128,1872.30,384.61,36.06,89.15,0.8638,2,2,-1
423,131,750.39,371.68,39.74,70.56,0.8742,2,1,-1
423,135,755.28,461.53,41.32,103.42,0.9181,2,1,-1
423,136,499.50,929.27,85.96,103.17,0.8237,2,1,-1
423,138,573.84,504.53,41.52,106.14,0.9290,2,2,-1
423,140,406.94,293.87,30.01,62.87,0.9126,3,0,-1
423,148,1442.51,411.51,27.40,87.59,0.9024,2,2,-1
423,153,375.84,380.89,45.75,86.90,0.9006,2,2,-1
423,154,0.70,587.71,40.09,127.80,0.9179,2,1,-1
423,156,213.07,362.01,32.03,81.29,0.9201,2,1,-1
423,159,999.50,369.96,20.21,41.11,0.7926,2,2,-1
423,162,987.42,400.14,26.72,49.28,0.8743,2,2,-1
424,3,968.57,453.14,29.01,90.48,0.8859,2,2,-1
424,4,1385.53,437.47,33.28,98.25,0.9223,3,0,-1
424,11,814.46,383.14,38.67,89.87,0.8928,2,1,-1
424,66,1516.12,408.22,27.95,89.85,0.9194,2,1,-1
424,88,1345.87,332.04,27.73,73.45,0.8837,2,2,-1
424,103,1039.19,302.12,31.45,64.52,0.9120,2,1,-1
424,128,1875.49,380.56,39.17,93.16,0.8690,2,2,-1
424,131,756.34,368.49,38.42,75.35,0.8750,2,1,-1
424,135,759.30,460.52,42.19,103.76,0.9264,2,1,-1
424,136,501.37,929.28,83.79,103.84,0.7884,2,1,-1
424,138,575.11,504.15,39.87,105.21,0.9261,2,2,-1
424,140,411.44,293.32,31.27,62.34,0.9086,3,0,-1
424,148,1446.61,412.07,26.92,87.34,0.8891,2,2,-1
424,153,387.83,381.77,41.54,86.11,0.8727,2,2,-1
424,154,0.57,590.83,40.68,122.60,0.9192,2,1,-1
424,156,219.22,361.64,31.01,81.96,0.9215,2,1,-1
424,159,999.49,372.22,20.30,41.83,0.8357,2,2,-1
424,162,985.96,403.15,27.17,48.54,0.8720,2,2,-1
425,3,970.60,452.76,30.01,92.67,0.8778,2,2,-1
425,4,1389.13,437.44,33.56,98.52,0.9206,3,0,-1
425,11,816.95,382.49,37.98,90.38,0.8875,2,1,-1
425,66,1519.10,408.12,28.64,90.15,0.9172,2,1,-1
425,88,1349.99,330.33,28.64,75.44,0.8794,2,2,-1
425,103,1038.75,301.73,32.64,65.03,0.9111,2,1,-1
425,128,1879.53,382.10,37.04,91.92,0.8795,2,2,-1
425,135,762.50,459.82,43.13,104.35,0.9289,2,1,-1
425,136,505.07,930.06,86.97,113.02,0.7767,2,1,-1
425,138,577.11,503.99,38.44,104.91,0.9238,2,2,-1
425,139,753.47,367.58,31.98,50.27,0.8006,2,2,-1
425,140,415.42,293.64,32.30,62.42,0.9083,3,0,-1
425,148,1450.86,411.97,26.61,86.74,0.8968,2,2,-1
425,153,404.13,382.91,33.87,84.00,0.8944,2,2,-1
425,154,0.00,583.96,41.88,126.08,0.9127,2,1,-1
425,156,224.24,361.23,31.18,82.47,0.9194,2,1,-1
425,159,998.82,374.59,20.99,43.64,0.7491,2,2,-1
425,162,987.07,407.03,24.13,45.57,0.7958,2,2,-1
426,3,972.71,453.66,31.30,93.32,0.8864,2,2,-1
426,4,1392.71,437.39,35.36,98.25,0.9220,3,0,-1
426,11,819.92,382.87,37.06,90.47,0.8813,2,1,-1
426,66,1521.58,408.08,29.27,89.58,0.9062,2,1,-1
426,88,1354.34,330.99,29.43,74.38,0.8752,2,2,-1
426,103,1038.73,302.80,32.50,64.71,0.9070,2,1,-1
426,128,1886.49,380.73,33.55,93.10,0.8707,2,2,-1
426,131,770.60,369.16,45.04,76.30,0.8573,2,1,-1
426,135,766.68,459.17,42.63,105.21,0.9206,2,1,-1
426,136,499.07,929.03,100.97,149.49,0.7752,2,1,-1
426,138,579.04,503.91,37.75,104.62,0.9201,2,2,-1
426,140,419.67,294.56,31.55,59.94,0.8997,3,0,-1
426,148,1454.79,411.04,26.30,87.95,0.8923,2,2,-1
426,153,412.12,382.70,33.44,83.83,0.9005,2,2,-1
426,154,-0.19,588.64,39.42,120.66,0.9096,2,1,-1
426,156,229.50,360.79,30.40,82.87,0.9205,2,1,-1
426,159,989.44,375.74,31.12,68.06,0.8536,2,2,-1
426,0,790.91,432.52,12.87,13.97,1.0,0,-1,-1
427,3,976.33,452.42,31.91,93.71,0.9107,2,2,-1
427,4,1396.64,437.45,37.56,98.15,0.9309,3,0,-1
427,11,823.06,383.64,35.50,89.07,0.8957,2,1,-1
427,66,1524.39,408.18,30.24,89.48,0.9109,2,1,-1
427,88,1358.31,334.09,28.99,71.45,0.8921,2,2,-1
427,103,1040.26,308.87,30.00,58.15,0.9006,2,1,-1
427,128,1891.30,379.81,29.89,93.14,0.8713,2,2,-1
427,131,767.66,369.60,45.33,77.21,0.8223,2,1,-1
427,135,770.17,459.39,43.45,104.90,0.9195,2,1,-1
427,136,508.09,927.03,85.19,153.02,0.8735,2,1,-1
427,138,581.21,504.58,37.28,104.17,0.9270,2,2,-1
427,140,424.13,294.04,32.59,60.40,0.8964,3,0,-1
427,148,1458.88,411.17,26.51,87.73,0.8859,2,2,-1
427,153,417.82,381.96,38.11,84.16,0.9206,2,2,-1
427,154,-0.35,600.01,34.06,110.05,0.9078,2,1,-1
427,156,234.17,360.19,30.10,83.51,0.9194,2,1,-1
427,159,992.44,375.75,27.93,60.30,0.8233,2,2,-1
428,3,979.02,454.69,33.34,93.53,0.9034,2,2,-1
428,4,1399.58,437.90,39.38,98.09,0.9312,3,0,-1
428,11,828.27,383.85,34.36,91.49,0.8860,2,1,-1
428,66,1526.89,408.89,30.81,89.30,0.9093,2,1,-1
428,88,1361.82,333.42,30.32,72.92,0.8873,2,2,-1
428,103,1041.10,311.09,27.42,55.77,0.8768,2,1,-1
428,128,1895.60,381.17,25.74,92.45,0.8873,2,2,-1
428,131,777.96,373.25,42.85,74.30,0.7520,2,1,-1
428,135,773.48,460.23,43.01,105.32,0.9366,2,1,-1
428,136,511.25,927.73,82.06,148.63,0.5191,2,1,-1
428,138,583.73,505.07,35.91,102.71,0.9273,2,2,-1
428,140,428.69,293.68,32.73,60.56,0.9032,3,0,-1
428,148,1462.78,410.39,26.70,88.40,0.8869,2,2,-1
428,153,422.93,380.79,42.81,86.09,0.9208,2,2,-1
428,154,-1.45,614.93,27.07,98.15,0.8810,2,1,-1
428,156,238.81,360.00,30.28,84.01,0.9247,2,1,-1
428,159,989.83,375.02,32.98,76.47,0.8627,2,2,-1
428,0,803.74,436.33,13.22,11.61,1.0,0,-1,-1
429,3,982.57,455.82,33.87,92.55,0.8867,2,2,-1
429,4,1405.34,438.52,40.01,98.00,0.9325,3,0,-1
429,11,832.47,384.88,33.47,88.70,0.8699,2,1,-1
429,66,1530.21,409.57,31.38,89.18,0.9083,2,1,-1
429,88,1366.55,334.12,30.56,72.05,0.8913,2,2,-1
429,103,1041.86,311.73,25.14,54.88,0.8792,2,1,-1
429,128,1900.74,382.77,20.75,90.89,0.8933,2,2,-1
429,131,803.99,371.09,27.92,52.50,0.8465,2,1,-1
429,135,777.77,461.19,41.99,105.07,0.9185,2,1,-1
429,136,519.07,926.73,63.72,111.48,0.6431,2,1,-1
429,138,586.24,506.32,35.11,103.33,0.9236,2,2,-1
429,139,777.58,374.30,32.25,50.66,0.5947,2,2,-1
429,140,433.19,293.87,33.05,60.86,0.8963,3,0,-1
429,148,1466.81,409.57,27.45,89.40,0.8898,2,2,-1
429,153,429.64,380.62,45.42,86.73,0.9273,2,2,-1
429,154,-6.87,614.41,24.80,97.52,0.6519,2,1,-1
429,156,243.91,360.03,30.61,83.62,0.9177,2,1,-1
429,159,992.82,375.69,31.32,75.52,0.8522,2,2,-1
430,3,985.73,455.04,34.79,93.12,0.9091,2,2,-1
430,4,1409.05,438.04,40.38,97.62,0.9362,3,0,-1
430,11,833.30,384.09,35.31,91.17,0.8739,2,1,-1
430,66,1532.46,409.72,30.90,89.10,0.8975,2,1,-1
430,88,1369.93,334.70,30.88,72.18,0.8834,2,2,-1
430,103,1041.63,310.81,24.08,55.02,0.8824,2,1,-1
430,128,1902.27,383.14,19.00,92.32,0.8586,2,2,-1
430,135,780.46,461.68,42.43,104.17,0.9197,2,1,-1
430,136,511.87,928.10,81.37,150.88,0.8101,2,1,-1
430,138,587.75,506.20,35.74,104.53,0.9271,2,2,-1
430,139,782.57,374.93,45.65,73.69,0.8627,2,2,-1
430,140,437.17,293.21,33.12,61.15,0.8670,3,0,-1
430,148,1468.98,408.83,28.41,89.65,0.8583,2,2,-1
430,153,436.24,380.20,48.15,87.43,0.9327,2,2,-1
430,156,248.27,359.40,30.67,84.49,0.9179,2,1,-1
430,159,993.29,375.22,31.45,75.91,0.8603,2,2,-1
430,0,815.94,435.89,13.32,12.64,1.0,0,-1,-1
431,3,988.46,455.60,34.87,92.30,0.9089,2,2,-1
431,4,1411.00,437.95,42.60,97.48,0.9339,3,0,-1
431,11,836.09,385.26,34.89,88.83,0.8858,2,1,-1
431,66,1533.95,409.28,31.52,89.23,0.9044,2,1,-1
431,88,1371.89,330.34,31.87,76.55,0.8707,2,2,-1
431,103,1040.95,309.83,24.38,54.78,0.8900,2,1,-1
431,128,1904.83,383.76,16.74,92.21,0.8357,2,2,-1
431,135,782.50,461.46,42.13,105.37,0.9230,2,1,-1
431,136,515.54,925.65,65.45,108.94,0.8103,2,1,-1
431,138,588.86,505.41,36.37,106.56,0.9227,2,2,-1
431,139,787.52,373.74,45.29,74.38,0.8697,2,2,-1
431,140,441.62,292.63,32.08,61.19,0.9145,3,0,-1
431,148,1472.57,407.64,27.58,89.59,0.8660,2,2,-1
431,153,442.83,380.84,48.68,87.09,0.9030,2,2,-1
431,156,250.95,358.63,31.47,85.44,0.9221,2,1,-1
431,159,992.50,373.11,31.25,77.04,0.8309,2,2,-1
432,3,992.42,453.64,34.72,93.87,0.9059,2,2,-1
432,4,1413.90,437.91,43.46,97.12,0.9341,3,0,-1
432,11,838.81,384.62,34.28,89.56,0.9068,2,1,-1
432,66,1536.60,409.95,31.26,88.48,0.8845,2,1,-1
432,88,1374.99,330.16,31.34,76.31,0.8861,2,2,-1
432,103,1037.92,307.10,27.62,57.43,0.9056,2,1,-1
432,128,1907.87,384.64,14.41,92.39,0.7990,2,2,-1
432,135,785.23,462.15,41.39,105.64,0.9370,2,1,-1
432,136,510.30,927.93,82.59,151.52,0.8730,2,1,-1
432,138,590.89,505.39,37.28,105.01,0.9253,2,2,-1
432,139,791.82,372.86,44.90,75.22,0.8809,2,2,-1
432,140,446.12,291.66,31.21,61.21,0.8995,3,0,-1
432,148,1475.61,407.71,27.98,89.34,0.8733,2,2,-1
432,153,459.86,382.22,44.55,85.84,0.7638,2,2,-1
432,156,254.82,358.12,32.27,85.84,0.9244,2,1,-1
432,159,993.55,371.35,32.40,79.98,0.8242,2,2,-1
433,3,998.40,454.26,33.18,93.28,0.9134,2,2,-1
433,4,1417.44,437.64,44.92,97.56,0.9316,3,0,-1
433,11,843.21,386.81,32.85,88.13,0.8696,2,1,-1
433,66,1538.92,410.49,32.15,88.42,0.8942,2,1,-1
433,88,1378.70,329.28,31.20,77.27,0.8918,2,2,-1
433,103,1037.89,305.67,30.73,58.99,0.9166,2,1,-1
433,135,788.60,463.29,41.32,104.69,0.9222,2,1,-1
433,136,516.03,927.78,78.48,152.30,0.9022,2,1,-1
433,138,592.02,505.79,39.01,105.21,0.9318,2,2,-1
433,139,798.26,374.13,43.82,73.83,0.8408,2,2,-1
433,140,452.07,291.34,30.59,60.60,0.7802,3,0,-1
433,148,1479.98,407.65,27.72,89.04,0.8802,2,2,-1
433,153,470.96,383.61,39.09,85.75,0.8687,2,2,-1
433,156,259.79,358.58,31.83,85.59,0.9254,2,1,-1
433,159,998.85,391.83,24.60,61.58,0.7700,2,2,-1
434,3,1004.77,454.91,31.72,90.36,0.8957,2,2,-1
434,4,1421.83,437.80,45.55,97.20,0.9322,3,0,-1
434,11,846.45,386.05,32.44,88.51,0.8589,2,1,-1
434,66,1542.04,411.38,32.57,88.07,0.9029,2,1,-1
434,88,1383.20,329.69,30.31,77.25,0.9006,2,2,-1
434,103,1037.53,303.76,32.28,58.97,0.9127,2,1,-1
434,135,791.54,463.77,40.03,103.56,0.9154,2,1,-1
434,136,518.14,927.81,76.48,152.24,0.9205,2,1,-1
434,138,594.71,506.26,38.36,105.50,0.9286,2,2,-1
434,139,805.66,374.83,47.41,73.05,0.8736,2,2,-1
434,140,458.31,291.26,29.47,60.71,0.8924,3,0,-1
434,148,1484.23,407.70,27.47,88.51,0.8547,2,2,-1
434,153,478.24,384.17,39.40,85.13,0.9165,2,2,-1
434,156,264.30,359.06,32.06,85.67,0.9265,2,1,-1
434,159,998.61,370.21,31.61,83.12,0.7568,2,2,-1
435,3,1010.78,453.94,36.36,91.76,0.9293,2,2,-1
435,4,1426.57,436.85,46.11,97.36,0.9334,3,0,-1
435,11,852.65,387.97,29.06,86.06,0.8537,2,1,-1
435,66,1546.11,411.66,32.50,87.63,0.9081,2,1,-1
435,88,1387.40,329.46,30.65,77.25,0.9017,2,2,-1
435,103,1038.56,304.00,33.18,59.95,0.9087,2,1,-1
435,135,795.47,464.13,40.37,103.71,0.9202,2,1,-1
435,136,519.71,928.34,77.18,151.70,0.9278,2,1,-1
435,137,1008.69,366.37,23.99,49.51,0.7414,2,1,-1
435,138,597.33,505.76,37.97,104.58,0.9222,2,2,-1
435,139,810.74,376.05,47.04,72.30,0.8451,2,2,-1
435,140,465.47,291.70,27.50,59.41,0.8717,3,0,-1
435,148,1490.38,409.97,26.08,85.92,0.7895,2,2,-1
435,153,485.48,383.55,42.28,84.64,0.8932,2,2,-1
435,156,270.33,359.26,31.81,85.10,0.9247,2,1,-1
436,3,1015.22,454.65,41.50,93.74,0.9290,2,2,-1
436,4,1431.03,436.51,44.48,97.18,0.9317,3,0,-1
436,11,866.58,379.74,25.46,64.32,0.7072,2,1,-1
436,66,1549.05,412.26,32.82,87.03,0.8986,2,1,-1
436,88,1391.21,327.97,29.82,77.98,0.9101,2,2,-1
436,103,1038.80,302.40,32.67,61.98,0.8907,2,1,-1
436,135,798.56,464.15,38.99,103.02,0.9235,2,1,-1
436,136,519.52,927.93,77.88,152.10,0.9286,2,1,-1
436,138,598.57,505.08,37.92,105.13,0.9182,2,2,-1
436,139,813.72,377.10,48.91,71.21,0.8429,2,2,-1
436,140,471.01,290.15,27.87,60.59,0.7759,3,0,-1
436,148,1492.05,406.29,27.50,89.55,0.8561,2,2,-1
436,153,494.48,383.68,50.74,86.05,0.9012,2,2,-1
436,156,274.42,358.81,31.51,84.95,0.9234,2,1,-1
436,159,1002.70,367.13,30.32,83.71,0.8013,2,2,-1
437,3,1018.72,457.44,42.61,89.86,0.9317,2,2,-1
437,4,1433.83,435.13,45.14,98.68,0.9343,3,0,-1
437,11,853.86,382.48,30.10,89.95,0.8329,2,1,-1
437,66,1552.23,412.53,31.85,87.79,0.9015,2,1,-1
437,88,1394.13,328.35,29.40,77.84,0.9013,2,2,-1
437,103,1039.25,308.89,27.97,54.23,0.7672,2,1,-1
437,135,800.57,463.88,37.42,102.80,0.9210,2,1,-1
437,136,519.73,927.13,78.28,152.89,0.9391,2,1,-1
437,137,1015.77,366.67,21.98,50.00,0.7890,2,1,-1
437,138,599.81,504.81,37.10,106.12,0.9157,2,2,-1
437,139,817.72,378.00,46.09,70.60,0.7965,2,2,-1
437,140,476.09,290.46,26.68,60.20,0.8642,3,0,-1
437,148,1497.45,411.42,25.00,83.98,0.7892,2,2,-1
437,153,502.09,384.34,49.72,87.33,0.8851,2,2,-1
437,156,278.49,359.07,29.87,84.71,0.9264,2,1,-1
438,3,1022.03,458.04,43.07,88.98,0.9243,2,2,-1
438,4,1440.20,434.38,42.10,98.42,0.9329,3,0,-1
438,11,857.74,380.26,30.77,92.98,0.8468,2,1,-1
438,66,1554.76,412.80,31.34,87.19,0.9143,2,1,-1
438,68,1502.18,421.45,23.30,72.89,0.7692,2,1,-1
438,88,1397.48,327.41,28.50,78.64,0.9075,2,2,-1
438,103,1041.16,327.54,20.37,35.83,0.7752,2,1,-1
438,135,803.29,462.86,36.53,103.92,0.9215,2,1,-1
438,136,519.15,925.85,78.91,154.17,0.9364,2,1,-1
438,137,1022.15,373.48,18.10,44.32,0.7538,2,1,-1
438,138,601.37,504.48,36.18,105.45,0.9203,2,2,-1
438,139,823.90,377.70,30.53,39.49,0.7290,2,-1,-1
438,140,480.89,289.58,27.19,60.93,0.8886,3,0,-1
438,153,515.60,385.74,44.81,87.57,0.8784,2,2,-1
438,156,281.96,358.73,28.59,83.70,0.9153,2,1,-1
438,162,1006.75,411.79,24.55,42.96,0.7214,2,2,-1
439,3,1024.04,459.26,43.06,88.58,0.9320,2,2,-1
439,4,1444.52,433.50,41.01,99.07,0.9294,3,0,-1
439,11,859.41,382.79,29.60,90.08,0.8458,2,1,-1
439,66,1557.46,411.71,30.95,87.21,0.9014,2,1,-1
439,88,1400.27,328.32,27.50,77.54,0.8649,2,2,-1
439,103,1031.06,304.19,28.59,58.98,0.8558,2,1,-1
439,118,1502.31,404.71,24.27,53.74,0.7977,2,2,-1
439,135,806.24,461.72,35.48,105.16,0.9227,2,1,-1
439,136,516.81,924.13,80.72,155.89,0.9245,2,1,-1
439,137,1024.72,375.68,17.09,43.46,0.7709,2,1,-1
439,138,601.00,503.97,36.92,105.73,0.9190,2,2,-1
439,139,820.81,375.16,48.01,67.40,0.7896,2,-1,-1
439,140,485.20,289.48,28.76,61.24,0.8874,3,0,-1
439,153,531.20,389.07,37.53,85.56,0.8677,2,2,-1
439,156,284.59,357.76,27.28,83.92,0.9119,2,1,-1
439,162,1008.00,409.41,25.71,45.73,0.7609,2,2,-1
440,3,1026.49,458.16,43.21,92.91,0.9320,2,2,-1
440,4,1450.55,432.72,37.79,99.61,0.9159,3,0,-1
440,11,860.09,382.12,30.12,90.11,0.8467,2,1,-1
440,66,1558.92,410.79,30.69,87.80,0.9038,2,1,-1
440,68,1507.59,431.77,21.27,61.75,0.8351,2,1,-1
440,88,1402.48,327.86,26.67,76.54,0.8662,2,2,-1
440,103,1032.03,304.69,27.01,57.04,0.8815,2,1,-1
440,135,808.40,460.77,35.67,106.43,0.9273,2,1,-1
440,136,514.09,922.58,83.70,157.47,0.8831,2,1,-1
440,138,600.06,503.82,38.70,106.02,0.9252,2,2,-1
440,139,824.95,371.84,45.56,67.52,0.7310,2,1,-1
440,140,488.60,289.36,30.36,61.21,0.8852,3,0,-1
440,153,545.06,391.49,28.05,62.30,0.8949,2,2,-1
440,156,286.46,355.80,26.00,84.73,0.9184,2,1,-1
440,159,1009.81,393.48,25.51,63.89,0.7451,2,2,-1
440,0,830.42,436.47,12.40,12.92,1.0,0,-1,-1
441,3,1027.97,456.38,42.20,93.26,0.9212,2,2,-1
441,4,1457.46,432.75,33.29,99.63,0.9155,3,0,-1
441,11,862.16,383.08,29.90,89.05,0.8529,2,1,-1
441,66,1560.18,410.24,30.92,87.77,0.9152,2,1,-1
441,88,1405.13,327.96,27.03,76.56,0.8822,2,2,-1
441,103,1031.79,303.84,28.30,57.05,0.8889,2,1,-1
441,131,885.51,381.88,32.82,70.62,0.8217,2,1,-1
441,135,810.14,460.22,36.14,106.06,0.9279,2,1,-1
441,136,511.82,920.65,88.05,159.47,0.8028,2,1,-1
441,138,598.20,503.86,41.34,106.96,0.9290,2,2,-1
441,139,835.27,369.62,37.03,67.58,0.8757,2,1,-1
441,140,491.85,288.60,32.47,61.58,0.8928,3,0,-1
441,148,1507.98,403.14,25.10,90.01,0.8234,2,2,-1
441,153,543.34,393.11,40.37,80.24,0.9004,2,2,-1
441,156,288.42,355.15,24.88,85.23,0.9147,2,1,-1
441,159,1010.41,399.52,25.63,59.06,0.7725,2,2,-1
441,0,828.31,436.88,14.03,13.51,1.0,0,-1,-1
442,3,1030.01,454.98,41.90,93.10,0.9223,2,2,-1
442,4,1463.87,432.32,30.26,99.96,0.9150,3,0,-1
442,11,863.49,379.83,29.39,92.49,0.8802,2,1,-1
442,66,1561.44,409.15,31.60,87.92,0.9152,2,1,-1
442,68,1513.14,432.12,21.27,61.03,0.6799,2,1,-1
442,88,1407.68,327.73,26.42,76.53,0.8988,2,2,-1
442,103,1030.76,300.09,29.93,60.02,0.8983,2,1,-1
442,131,891.69,398.21,26.70,52.73,0.8595,2,1,-1
442,135,812.64,459.98,36.45,106.41,0.9238,2,1,-1
442,136,546.29,921.81,56.23,99.14,0.5737,2,1,-1
442,138,595.84,503.37,45.04,105.78,0.9348,2,2,-1
442,140,495.79,289.89,32.25,59.30,0.8945,3,0,-1
442,153,547.33,392.81,46.62,79.49,0.9287,2,2,-1
442,156,291.66,354.49,24.26,84.42,0.9178,2,1,-1
442,159,1009.47,379.78,32.24,79.21,0.8262,2,2,-1
442,0,827.80,437.01,12.86,13.24,1.0,0,-1,-1
443,3,1031.01,453.51,41.83,95.36,0.9199,2,2,-1
443,4,1468.64,431.96,27.56,100.14,0.9205,3,0,-1
443,11,865.21,379.17,29.39,92.79,0.8750,2,1,-1
443,66,1562.25,408.14,33.05,88.88,0.9170,2,1,-1
443,88,1410.29,328.14,26.02,76.18,0.8853,2,2,-1
443,103,1028.78,298.44,31.81,62.04,0.9044,2,1,-1
443,118,1513.40,402.12,21.94,46.81,0.7736,2,2,-1
443,131,892.92,397.21,26.53,53.99,0.7837,2,1,-1
443,135,815.10,460.32,36.71,105.91,0.9158,2,1,-1
443,138,594.12,503.89,48.63,105.83,0.9354,2,2,-1
443,139,842.85,367.23,31.73,72.45,0.8639,2,1,-1
443,140,498.34,288.10,31.77,60.06,0.8804,3,0,-1
443,153,553.08,392.39,57.11,81.11,0.9240,2,2,-1
443,156,294.00,354.29,25.04,84.80,0.9244,2,1,-1
443,158,1008.54,376.40,38.76,51.44,0.6532,2,2,-1
443,0,827.01,436.45,13.11,13.90,1.0,0,-1,-1
444,3,1033.81,456.49,38.60,91.84,0.8512,2,2,-1
444,4,1473.67,432.03,26.84,99.42,0.9048,3,0,-1
444,11,869.59,379.71,30.90,91.91,0.8277,2,1,-1
444,66,1564.19,408.11,35.77,89.62,0.9162,2,1,-1
444,88,1413.95,332.76,24.62,71.16,0.8808,2,2,-1
444,103,1027.48,295.66,32.84,64.62,0.9008,2,1,-1
444,118,1516.47,401.72,21.03,43.71,0.8203,2,2,-1
444,135,818.76,460.54,37.19,106.75,0.9150,2,1,-1
444,138,595.10,504.41,51.48,105.84,0.9396,2,2,-1
444,139,847.41,368.39,27.64,71.64,0.8696,2,1,-1
444,140,502.61,288.34,30.15,59.64,0.8855,3,0,-1
444,153,559.20,392.41,64.41,82.37,0.9276,2,2,-1
444,156,297.07,354.04,26.02,84.67,0.9175,2,1,-1
444,158,1007.48,376.55,43.83,67.48,0.7602,2,2,-1
444,0,826.77,437.42,12.77,13.36,1.0,0,-1,-1
445,3,1036.61,456.80,36.76,89.18,0.8294,2,2,-1
445,4,1479.45,431.80,26.45,98.37,0.9188,3,0,-1
445,11,873.58,379.77,31.16,91.77,0.8623,2,1,-1
445,66,1568.45,407.55,38.27,90.20,0.9172,2,1,-1
445,68,1522.61,423.17,22.81,68.62,0.7576,2,1,-1
445,88,1418.00,328.72,25.82,75.30,0.8829,2,2,-1
445,103,1029.67,304.62,29.14,55.12,0.8919,2,1,-1
445,131,898.72,394.80,27.43,58.06,0.8051,2,1,-1
445,135,823.11,461.16,38.22,105.96,0.9280,2,1,-1
445,138,599.91,504.00,51.36,105.38,0.9359,2,2,-1
445,139,852.01,368.74,27.15,72.79,0.8719,2,1,-1
445,140,509.06,286.87,28.82,59.80,0.8808,3,0,-1
445,153,571.32,391.60,60.31,82.26,0.8858,2,2,-1
445,156,301.79,353.53,26.56,84.95,0.9197,2,1,-1
445,159,1017.75,375.40,35.14,80.36,0.8187,2,2,-1
445,0,827.96,437.45,13.01,14.09,1.0,0,-1,-1
446,3,1039.21,453.65,35.06,91.20,0.8693,2,2,-1
446,4,1485.46,431.13,28.47,98.51,0.9153,3,0,-1
446,11,877.64,378.72,30.44,90.98,0.8761,2,1,-1
446,66,1571.43,407.01,41.85,89.86,0.9123,2,1,-1
446,88,1422.43,327.22,26.10,76.60,0.8924,2,2,-1
446,103,1033.49,321.09,22.38,37.35,0.8169,2,1,-1
446,131,904.49,402.60,25.83,52.83,0.8669,2,1,-1
446,135,828.20,461.45,38.85,106.00,0.9215,2,1,-1
446,138,604.20,503.07,51.03,105.00,0.9351,2,2,-1
446,139,857.12,369.90,26.54,71.29,0.8659,2,1,-1
446,140,516.59,286.69,27.51,59.19,0.8717,3,0,-1
446,148,1528.48,413.74,22.23,76.45,0.7982,2,2,-1
446,153,590.31,390.47,54.37,81.29,0.8760,2,2,-1
446,156,306.89,352.47,27.37,84.20,0.9182,2,1,-1
446,159,1022.11,372.78,36.01,81.88,0.7704,2,2,-1
446,0,830.50,437.14,12.77,13.20,1.0,0,-1,-1
447,3,1044.57,476.58,29.63,70.32,0.8493,2,2,-1
447,4,1489.94,430.33,31.20,99.93,0.9209,3,0,-1
447,11,882.91,378.85,32.04,90.85,0.8429,2,1,-1
447,66,1574.92,406.49,45.10,90.77,0.9285,2,1,-1
447,88,1427.85,329.74,25.42,72.70,0.8603,2,2,-1
447,103,1026.82,302.21,32.17,56.33,0.8456,2,1,-1
447,118,1531.41,399.63,22.57,46.34,0.7317,2,2,-1
447,131,909.36,401.60,26.63,53.87,0.7347,2,1,-1
447,135,833.39,461.84,39.14,105.07,0.9317,2,1,-1
447,138,606.92,502.45,51.97,106.27,0.9392,2,2,-1
447,139,858.27,371.73,29.43,74.81,0.8819,2,1,-1
447,140,523.22,285.03,27.08,60.24,0.8724,3,0,-1
447,153,618.83,389.03,42.94,81.82,0.8951,2,2,-1
447,156,311.29,352.01,26.97,84.12,0.9248,2,1,-1
447,158,1025.46,371.13,38.47,61.16,0.6333,2,2,-1
447,0,832.01,436.85,13.10,13.57,1.0,0,-1,-1
448,3,1042.63,450.79,37.73,96.01,0.8865,2,2,-1
448,4,1495.66,431.13,33.26,99.04,0.9179,3,0,-1
448,11,891.48,379.55,46.43,90.01,0.8792,2,1,-1
448,66,1578.92,407.05,45.09,91.09,0.9179,2,1,-1
448,88,1432.33,330.27,25.69,72.47,0.8495,2,2,-1
448,103,1028.26,301.13,28.51,57.52,0.8779,2,1,-1
448,118,1536.50,399.47,23.13,47.55,0.7732,2,2,-1
448,135,839.44,462.72,39.19,104.12,0.9184,2,1,-1
448,138,608.59,502.19,49.04,106.26,0.9298,2,2,-1
448,139,861.70,371.83,32.08,77.22,0.8508,2,1,-1
448,140,529.61,284.68,26.73,60.50,0.8485,3,0,-1
448,153,633.28,388.33,38.51,80.29,0.8977,2,2,-1
448,156,316.17,352.11,27.07,83.58,0.9251,2,1,-1
448,159,1035.83,370.67,33.56,85.54,0.7460,2,2,-1
448,0,834.47,437.30,12.86,13.80,1.0,0,-1,-1
449,3,1044.81,450.12,40.20,96.59,0.8896,2,2,-1
449,4,1499.90,430.24,36.43,100.06,0.9183,3,0,-1
449,11,893.79,379.12,56.05,90.63,0.9025,2,1,-1
449,66,1584.71,407.18,45.71,91.45,0.9286,2,1,-1
449,88,1437.35,328.31,27.38,74.36,0.8979,2,2,-1
449,103,1030.47,298.77,28.52,59.72,0.8840,2,1,-1
449,135,845.97,462.87,38.69,104.32,0.9275,2,1,-1
449,138,610.38,500.88,45.42,107.30,0.9258,2,2,-1
449,139,866.71,371.75,31.99,73.34,0.7887,2,1,-1
449,140,537.28,283.29,26.27,61.33,0.8518,3,0,-1
449,148,1542.91,398.78,25.47,90.24,0.7819,2,2,-1
449,153,647.09,388.30,34.35,73.25,0.8624,2,2,-1
449,156,321.98,351.60,27.15,83.65,0.9206,2,1,-1
449,159,1043.01,373.98,30.99,82.44,0.7331,2,2,-1
449,0,836.81,437.99,12.16,13.18,1.0,0,-1,-1
450,3,1049.20,451.48,42.17,94.58,0.8989,2,2,-1
450,4,1508.28,430.99,36.43,99.21,0.9207,3,0,-1
450,11,899.39,378.18,56.53,86.45,0.8821,2,1,-1
450,66,1590.80,407.30,45.33,90.87,0.9222,2,1,-1
450,88,1444.62,329.85,27.08,72.04,0.8751,2,2,-1
450,103,1035.74,298.64,28.58,59.06,0.8991,2,1,-1
450,135,853.70,462.47,38.81,104.69,0.9167,2,1,-1
450,138,613.08,500.41,43.41,107.39,0.9348,2,2,-1
450,139,873.82,372.10,32.75,76.10,0.8397,2,1,-1
450,140,546.97,283.51,26.17,59.82,0.8706,3,0,-1
450,148,1550.54,398.59,24.86,91.16,0.8847,2,2,-1
450,153,662.58,387.53,36.29,76.13,0.8739,2,2,-1
450,156,328.20,351.05,27.11,82.98,0.9206,2,1,-1
450,159,1052.39,374.65,28.78,80.09,0.7767,2,2,-1
450,0,840.84,437.89,13.15,13.34,1.0,0,-1,-1
451,3,1052.50,450.18,46.30,97.33,0.9190,2,2,-1
451,4,1513.81,431.17,37.54,98.89,0.9298,3,0,-1
451,11,901.89,378.12,56.10,91.17,0.9007,2,1,-1
451,66,1596.87,408.08,43.33,90.46,0.9234,2,1,-1
451,88,1450.98,327.48,27.78,74.65,0.8977,2,2,-1
451,103,1037.76,297.97,31.48,60.13,0.9054,2,1,-1
451,135,860.96,462.18,37.97,104.61,0.9214,2,1,-1
451,138,613.45,500.06,45.27,107.32,0.9317,2,2,-1
451,139,880.59,373.84,30.58,69.29,0.7424,2,1,-1
451,140,556.00,282.03,26.61,61.54,0.8782,3,0,-1
451,148,1557.94,397.76,24.37,89.50,0.8807,2,2,-1
451,153,677.16,388.75,37.18,79.84,0.8876,2,2,-1
451,156,334.60,350.71,28.20,83.25,0.9203,2,1,-1
451,159,1054.07,367.85,33.73,88.09,0.8482,2,2,-1
451,0,844.29,437.90,12.81,13.53,1.0,0,-1,-1
452,3,1056.58,451.09,48.59,95.83,0.9288,2,2,-1
452,4,1521.31,431.30,37.60,98.48,0.9228,3,0,-1
452,11,907.03,377.14,48.47,91.64,0.8501,2,1,-1
452,66,1603.27,408.10,41.34,90.65,0.9183,2,1,-1
452,88,1457.28,329.07,27.44,73.89,0.8944,2,2,-1
452,103,1039.66,296.00,33.39,61.07,0.9017,2,1,-1
452,135,868.28,461.58,38.27,104.89,0.9293,2,1,-1
452,138,616.11,500.86,46.05,106.57,0.9281,2,2,-1
452,139,882.73,372.76,31.09,65.20,0.7901,2,1,-1
452,140,564.08,282.57,26.14,60.66,0.7923,3,0,-1
452,148,1564.16,398.15,24.74,91.52,0.8552,2,2,-1
452,153,689.69,389.26,34.59,79.82,0.9095,2,2,-1
452,156,340.64,350.64,29.36,83.17,0.9191,2,1,-1
452,159,1063.65,372.06,32.02,84.66,0.7636,2,2,-1
452,0,848.31,438.36,12.79,13.83,1.0,0,-1,-1
453,3,1061.29,451.41,48.63,95.51,0.9258,2,2,-1
453,4,1528.05,431.16,38.10,98.57,0.9320,3,0,-1
453,11,916.44,377.45,39.74,90.86,0.8740,2,1,-1
453,66,1609.59,408.36,39.45,91.23,0.9146,2,1,-1
453,88,1463.78,328.19,27.12,74.40,0.9032,2,2,-1
453,103,1041.94,292.41,35.97,64.96,0.9060,2,1,-1
453,135,874.65,460.55,38.20,105.40,0.9208,2,1,-1
453,138,619.04,500.76,46.29,105.12,0.9199,2,2,-1
453,139,881.45,371.84,36.55,71.53,0.8012,2,1,-1
453,140,571.62,282.05,25.79,61.18,0.8558,3,0,-1
453,148,1572.35,397.40,24.09,89.47,0.8674,2,2,-1
453,153,702.85,389.36,34.15,79.54,0.8703,2,2,-1
453,156,347.02,350.82,30.81,82.42,0.9227,2,1,-1
453,159,1067.45,370.41,38.42,89.43,0.8820,2,2,-1
453,0,852.22,438.54,13.15,14.22,1.0,0,-1,-1
454,3,1066.55,451.23,48.36,95.99,0.9228,2,2,-1
454,4,1534.91,432.07,39.02,98.25,0.9229,3,0,-1
454,11,925.43,377.18,36.69,90.97,0.9110,2,1,-1
454,66,1617.71,408.00,37.79,92.09,0.9191,2,1,-1
454,72,875.64,372.82,55.27,78.59,0.8680,2,2,-1
454,88,1473.06,334.50,24.46,67.87,0.8444,2,2,-1
454,103,1046.93,297.07,32.96,60.54,0.8796,2,1,-1
454,135,882.18,460.07,38.05,106.57,0.9304,2,1,-1
454,138,622.10,500.64,47.57,105.91,0.9251,2,2,-1
454,140,579.87,282.32,24.97,61.12,0.8622,3,0,-1
454,148,1579.45,396.86,24.77,90.92,0.8533,2,2,-1
454,153,719.04,387.74,45.91,80.91,0.9290,2,2,-1
454,156,353.07,350.51,32.14,82.18,0.9260,2,1,-1
454,159,1075.01,372.76,40.00,88.53,0.8552,2,2,-1
454,0,856.45,438.99,13.29,13.91,1.0,0,-1,-1
455,3,1073.38,451.16,45.52,96.46,0.8895,2,2,-1
455,4,1540.84,431.43,40.66,98.76,0.9302,3,0,-1
455,11,933.54,377.17,37.30,91.85,0.8982,2,1,-1
455,66,1626.37,408.29,36.58,92.34,0.9242,2,1,-1
455,72,873.14,373.80,61.11,81.87,0.8769,2,2,-1
455,88,1479.53,329.60,25.17,73.48,0.8722,2,2,-1
455,103,1050.53,299.70,30.64,58.16,0.7705,2,1,-1
455,135,889.70,460.55,38.04,106.22,0.9109,2,1,-1
455,138,626.49,501.49,48.50,105.29,0.9170,2,2,-1
455,140,589.43,283.25,24.78,60.13,0.8820,3,0,-1
455,148,1587.09,397.95,25.30,91.89,0.8792,2,2,-1
455,153,729.89,384.82,47.35,82.62,0.9322,2,2,-1
455,156,359.65,350.51,32.64,82.07,0.9245,2,1,-1
455,159,1079.76,375.68,44.28,85.66,0.9141,2,2,-1
455,0,861.74,440.01,12.02,13.41,1.0,0,-1,-1
456,3,1081.71,451.11,41.57,96.53,0.8484,2,2,-1
456,4,1547.61,431.75,41.46,98.45,0.9344,3,0,-1
456,11,941.66,377.21,38.18,92.97,0.8990,2,1,-1
456,66,1634.84,408.10,35.75,92.61,0.9197,2,1,-1
456,72,872.32,375.11,61.52,79.88,0.8910,2,2,-1
456,88,1487.63,328.55,24.37,74.09,0.8499,2,2,-1
456,103,1054.59,302.06,27.20,55.68,0.7895,2,1,-1
456,135,897.13,461.16,37.82,106.99,0.9248,2,1,-1
456,136,555.68,918.55,84.31,161.31,0.5076,2,1,-1
456,138,635.02,501.77,47.12,104.56,0.9200,2,2,-1
456,140,596.62,282.42,26.32,60.89,0.8383,3,0,-1
456,148,1595.55,397.91,25.13,90.90,0.8888,2,2,-1
456,153,738.86,381.97,49.68,82.59,0.9314,2,2,-1
456,156,366.99,350.34,33.09,82.09,0.9246,2,1,-1
456,159,1086.92,377.82,44.77,83.64,0.8973,2,2,-1
456,0,848.79,435.89,14.96,13.79,1.0,0,-1,-1
457,3,1088.08,448.94,37.48,98.28,0.8779,2,2,-1
457,4,1553.44,432.18,43.78,98.73,0.9343,3,0,-1
457,11,949.53,378.00,38.81,91.92,0.9032,2,1,-1
457,66,1642.40,408.19,35.54,92.77,0.9217,2,1,-1
457,72,877.44,376.91,64.44,78.27,0.8674,2,2,-1
457,103,1057.15,298.74,25.00,58.88,0.8727,2,1,-1
457,125,1496.73,343.75,21.89,59.03,0.8515,2,2,-1
457,135,904.49,461.40,38.82,107.01,0.9304,2,1,-1
457,136,560.83,919.52,79.79,161.01,0.6137,2,1,-1
457,138,641.39,502.04,47.63,105.44,0.9292,2,2,-1
457,140,604.90,281.95,25.87,60.61,0.8568,3,0,-1
457,148,1603.38,397.70,25.17,91.23,0.8470,2,2,-1
457,153,751.10,379.53,47.66,84.26,0.9211,2,2,-1
457,156,373.58,349.45,32.96,82.59,0.9208,2,1,-1
457,159,1094.52,377.65,44.78,83.89,0.9066,2,2,-1
457,0,835.17,431.55,15.40,12.72,1.0,0,-1,-1
458,3,1095.00,450.87,32.87,95.55,0.8743,2,2,-1
458,4,1558.74,432.30,46.49,99.30,0.9351,3,0,-1
458,11,955.65,377.66,40.44,92.74,0.9024,2,1,-1
458,66,1650.58,408.73,36.03,92.25,0.9285,2,1,-1
458,72,882.21,379.65,63.85,76.12,0.8046,2,2,-1
458,88,1504.11,335.13,22.00,67.23,0.8134,2,2,-1
458,103,1061.29,298.64,25.24,59.27,0.8935,2,1,-1
458,135,911.28,461.73,38.40,106.89,0.9128,2,1,-1
458,138,650.02,502.86,45.82,105.22,0.9295,2,2,-1
458,140,614.07,281.58,24.95,61.44,0.8883,3,0,-1
458,148,1611.05,398.18,26.11,92.18,0.8896,2,2,-1
458,153,763.51,378.12,44.60,82.75,0.8785,2,2,-1
458,156,380.60,349.41,31.99,82.74,0.9199,2,1,-1
458,159,1100.80,378.02,44.07,82.76,0.9034,2,2,-1
458,0,820.19,427.37,16.93,13.45,1.0,0,-1,-1
459,3,1102.12,451.28,29.18,96.42,0.8935,2,2,-1
459,4,1563.60,433.32,49.06,98.42,0.9377,3,0,-1
459,11,963.52,377.58,40.91,92.44,0.8919,2,1,-1
459,66,1658.56,409.31,36.44,92.16,0.9142,2,1,-1
459,103,1063.96,296.72,28.17,59.35,0.8883,2,1,-1
459,125,1512.28,342.42,22.20,59.67,0.8435,2,2,-1
459,135,918.28,462.14,39.16,106.69,0.9293,2,1,-1
459,136,580.19,920.93,72.24,159.43,0.6531,2,1,-1
459,138,658.26,502.88,42.64,105.22,0.9230,2,2,-1
459,139,893.39,381.06,43.66,68.96,0.8580,2,1,-1
459,140,621.26,281.60,25.34,61.88,0.8819,3,0,-1
459,148,1619.34,398.13,25.64,92.56,0.8847,2,2,-1
459,153,777.71,377.85,40.08,75.37,0.8795,2,2,-1
459,156,387.37,348.57,31.16,83.37,0.9209,2,1,-1
459,159,1104.67,376.87,45.45,84.92,0.9098,2,2,-1
460,3,1109.71,450.62,27.58,97.65,0.8888,2,2,-1
460,4,1570.52,434.02,50.78,98.70,0.9348,3,0,-1
460,11,973.96,377.45,39.16,92.53,0.9065,2,1,-1
460,66,1665.73,409.79,37.86,92.77,0.9212,2,1,-1
460,103,1068.08,295.13,31.43,61.82,0.8973,2,1,-1
460,125,1520.49,347.35,20.95,55.93,0.8561,2,2,-1
460,135,925.69,462.66,40.15,106.08,0.9182,2,1,-1
460,136,584.24,920.33,68.60,159.69,0.8885,2,1,-1
460,138,665.75,503.04,39.40,105.57,0.9332,2,2,-1
460,139,903.39,404.90,30.95,45.09,0.8270,2,1,-1
460,140,629.32,281.78,25.19,61.48,0.8793,3,0,-1
460,148,1627.19,398.67,26.51,91.89,0.8853,2,2,-1
460,153,793.02,378.22,32.68,58.67,0.7860,2,2,-1
460,156,394.58,348.54,30.26,83.35,0.9156,2,1,-1
460,159,1112.35,376.08,42.23,84.76,0.8647,2,2,-1
461,3,1116.61,452.50,27.41,96.45,0.8778,2,2,-1
461,4,1576.21,435.82,53.63,97.74,0.9364,3,0,-1
461,11,983.67,378.16,38.62,91.87,0.9026,2,1,-1
461,66,1673.68,410.59,39.11,93.33,0.9297,2,1,-1
461,103,1071.78,294.27,34.82,62.58,0.8941,2,1,-1
461,125,1529.14,345.60,21.69,58.28,0.7332,2,2,-1
461,135,933.11,462.89,40.02,106.25,0.9118,2,1,-1
461,136,586.72,919.37,70.94,160.65,0.8968,2,1,-1
461,138,672.74,503.02,37.28,104.74,0.9242,2,2,-1
461,139,905.65,409.51,30.04,41.67,0.8072,2,1,-1
461,140,639.30,280.91,25.15,61.82,0.8747,3,0,-1
461,148,1636.36,399.00,26.33,92.24,0.8927,2,2,-1
461,153,805.45,379.29,40.60,74.99,0.8876,2,2,-1
461,156,402.41,348.90,28.95,83.10,0.9229,2,1,-1
461,162,1120.60,374.98,34.95,76.44,0.7903,2,2,-1
461,0,783.69,419.55,15.99,13.85,1.0,0,-1,-1
462,3,1121.06,452.35,30.99,97.46,0.9075,2,2,-1
462,4,1584.15,435.78,54.64,97.87,0.9352,3,0,-1
462,11,994.28,378.16,37.20,91.35,0.8940,2,1,-1
462,66,1683.08,411.34,39.23,92.64,0.9162,2,1,-1
462,72,913.06,382.67,66.27,76.02,0.8643,2,2,-1
462,88,1537.66,337.99,23.10,66.16,0.8437,2,2,-1
462,103,1075.61,294.25,35.61,63.17,0.8994,2,1,-1
462,135,940.87,463.56,41.60,105.43,0.9351,2,1,-1
462,136,590.57,918.99,70.95,161.21,0.5382,2,1,-1
462,138,680.01,502.50,36.61,105.92,0.9262,2,2,-1
462,140,648.37,281.59,25.19,61.10,0.8748,3,0,-1
462,148,1645.84,399.17,26.92,92.27,0.8924,2,2,-1
462,153,819.68,380.72,46.06,77.25,0.9013,2,2,-1
462,156,409.48,349.43,29.56,82.88,0.9128,2,1,-1
462,162,1126.35,373.92,30.54,75.67,0.7616,2,2,-1
462,0,772.71,418.86,15.69,12.85,1.0,0,-1,-1
463,3,1125.34,450.99,36.10,97.83,0.9175,2,2,-1
463,4,1593.31,436.27,54.81,97.78,0.9367,3,0,-1
463,11,1005.27,378.01,36.38,91.36,0.8884,2,1,-1
463,66,1692.90,412.31,39.87,92.72,0.9164,2,1,-1
463,72,921.31,383.24,63.95,74.54,0.7805,2,2,-1
463,88,1548.29,337.85,23.00,66.22,0.8329,2,2,-1
463,103,1081.87,293.58,35.38,63.69,0.8916,2,1,-1
463,135,949.93,464.22,42.23,105.14,0.9152,2,1,-1
463,136,597.61,917.89,69.36,162.22,0.6651,2,1,-1
463,138,688.01,502.37,36.57,105.37,0.9214,2,2,-1
463,140,657.88,280.76,25.36,61.57,0.8581,3,0,-1
463,148,1656.39,399.14,26.51,92.97,0.8867,2,2,-1
463,153,833.85,381.91,46.14,76.47,0.9000,2,2,-1
463,156,418.45,350.89,30.74,80.88,0.9027,2,1,-1
463,159,1133.69,373.31,32.66,87.30,0.8600,2,2,-1
463,0,763.84,418.19,14.38,12.34,1.0,0,-1,-1
464,3,1134.36,450.77,38.55,97.96,0.8957,2,2,-1
464,4,1602.31,436.34,55.78,97.85,0.9327,3,0,-1
464,11,1017.22,377.98,35.89,91.18,0.8957,2,1,-1
464,66,1704.70,413.41,39.78,92.02,0.9189,2,1,-1
464,72,931.57,382.83,61.06,74.72,0.8337,2,2,-1
464,88,1559.87,337.99,23.64,66.27,0.8451,2,2,-1
464,103,1089.94,296.09,32.47,61.88,0.8668,2,1,-1
464,135,960.12,465.86,43.04,105.86,0.9159,2,1,-1
464,137,1144.93,373.71,20.38,53.84,0.8299,2,1,-1
464,138,696.85,502.63,36.50,105.62,0.9299,2,2,-1
464,140,668.28,281.45,25.23,60.28,0.8622,3,0,-1
464,148,1668.44,399.45,27.17,92.38,0.8887,2,2,-1
464,153,847.29,382.08,43.95,74.75,0.8887,2,2,-1
464,156,429.08,352.54,32.22,79.28,0.9121,2,1,-1
464,0,755.33,417.22,13.86,13.52,1.0,0,-1,-1
465,3,1144.05,452.44,39.30,97.20,0.9169,2,2,-1
465,4,1611.55,435.79,56.18,98.44,0.9334,3,0,-1
465,11,1026.67,378.12,37.91,91.26,0.9113,2,1,-1
465,66,1717.12,414.41,39.43,91.68,0.9176,2,1,-1
465,72,943.36,381.14,55.58,77.42,0.9115,2,2,-1
465,88,1571.84,338.06,23.68,65.79,0.8473,2,2,-1
465,103,1096.99,296.21,30.81,62.23,0.8593,2,1,-1
465,135,970.45,466.58,43.05,105.63,0.9185,2,1,-1
465,138,704.41,502.29,37.28,106.31,0.9297,2,2,-1
465,140,679.65,281.14,25.71,59.89,0.8586,3,0,-1
465,148,1680.84,400.54,27.03,91.72,0.8936,2,2,-1
465,153,857.84,381.36,39.86,67.87,0.8307,2,2,-1
465,156,440.64,353.24,32.55,78.71,0.9139,2,1,-1
465,159,1153.44,384.48,30.39,79.16,0.7825,2,2,-1
465,0,747.28,417.46,14.36,13.69,1.0,0,-1,-1
466,3,1153.98,451.61,40.88,98.69,0.9091,2,2,-1
466,4,1622.21,435.17,54.69,99.38,0.9347,3,0,-1
466,11,1037.66,378.33,38.75,90.92,0.9109,2,1,-1
466,66,1729.20,414.90,39.46,93.55,0.9171,2,1,-1
466,72,948.94,383.65,52.75,75.69,0.9087,2,2,-1
466,88,1583.84,338.61,24.54,65.84,0.8660,2,2,-1
466,103,1103.76,298.49,28.20,59.74,0.8833,2,1,-1
466,135,980.94,467.09,42.94,106.37,0.9143,2,1,-1
466,138,711.56,502.81,40.25,106.15,0.9334,2,2,-1
466,140,691.06,280.97,26.27,61.05,0.8746,3,0,-1
466,148,1693.33,400.81,27.49,91.30,0.8926,2,2,-1
466,153,868.39,379.28,49.77,78.14,0.9078,2,2,-1
466,154,-0.32,577.09,18.84,121.25,0.8560,2,1,-1
466,156,452.71,353.74,32.68,77.74,0.9224,2,1,-1
466,162,1162.49,374.78,32.62,88.81,0.8628,2,2,-1
466,0,739.95,418.39,14.26,12.82,1.0,0,-1,-1
467,3,1166.54,477.67,37.35,72.75,0.9064,2,2,-1
467,4,1631.34,435.04,52.03,99.26,0.9315,3,0,-1
467,11,1048.57,378.34,39.49,91.37,0.9105,2,1,-1
467,66,1741.66,415.48,39.05,93.49,0.9163,2,1,-1
467,72,956.48,385.53,52.16,74.44,0.8983,2,2,-1
467,88,1596.46,339.26,24.49,65.78,0.8550,2,2,-1
467,103,1113.26,299.52,25.26,59.19,0.8640,2,1,-1
467,135,991.77,467.73,42.12,106.82,0.9159,2,1,-1
467,138,717.77,503.48,43.25,104.97,0.9301,2,2,-1
467,140,702.29,281.00,26.42,60.89,0.8630,3,0,-1
467,148,1705.00,401.44,28.04,91.15,0.8980,2,2,-1
467,153,878.13,378.21,55.66,78.10,0.9085,2,2,-1
467,154,1.16,570.32,27.85,127.60,0.9157,2,1,-1
467,156,464.50,354.12,32.73,77.27,0.9212,2,1,-1
467,158,1169.53,402.41,36.91,62.81,0.8463,2,2,-1
467,162,1174.99,376.86,16.97,42.80,0.7357,2,2,-1
467,0,733.19,419.47,13.78,12.88,1.0,0,-1,-1
468,3,1177.48,487.13,36.42,63.35,0.9069,2,2,-1
468,4,1640.70,434.40,48.61,100.49,0.9303,3,0,-1
468,11,1061.85,378.03,38.30,91.33,0.9060,2,1,-1
468,66,1753.73,415.82,39.75,93.88,0.9180,2,1,-1
468,72,966.39,385.48,49.63,75.34,0.8961,2,2,-1
468,88,1606.78,338.63,26.03,65.45,0.8635,2,2,-1
468,103,1120.50,297.87,27.80,61.14,0.8859,2,1,-1
468,135,1002.33,467.65,40.87,107.58,0.9264,2,1,-1
468,138,724.17,503.86,48.75,105.36,0.9365,2,2,-1
468,140,713.74,281.19,26.64,59.97,0.8689,3,0,-1
468,148,1717.76,401.76,27.87,90.25,0.9021,2,2,-1
468,153,889.98,377.61,55.00,74.21,0.8915,2,2,-1
468,154,1.93,567.71,37.22,128.77,0.9189,2,1,-1
468,156,476.43,353.96,32.54,77.08,0.9246,2,1,-1
468,158,1174.68,404.79,39.74,60.84,0.8174,2,2,-1
468,162,1185.38,378.00,14.69,33.80,0.7218,2,2,-1
468,0,726.70,420.63,13.71,14.27,1.0,0,-1,-1
469,3,1183.67,455.59,42.55,94.41,0.9039,2,2,-1
469,4,1650.06,434.59,43.40,99.13,0.9283,3,0,-1
469,11,1073.22,378.11,38.37,91.88,0.9147,2,1,-1
469,66,1765.41,415.98,40.67,93.88,0.9194,2,1,-1
469,72,978.89,388.07,46.21,71.58,0.8734,2,2,-1
469,88,1618.88,339.54,26.86,65.58,0.8546,2,2,-1
469,103,1127.41,295.19,30.11,61.60,0.8820,2,1,-1
469,135,1011.63,467.35,40.44,107.27,0.9240,2,1,-1
469,138,731.93,504.88,51.64,104.34,0.9322,2,2,-1
469,140,725.06,281.35,26.75,60.18,0.8598,3,0,-1
469,148,1730.38,402.72,28.01,89.12,0.9053,2,2,-1
469,153,902.69,377.58,53.78,69.85,0.8992,2,2,-1
469,154,1.85,567.27,47.26,128.76,0.9266,2,1,-1
469,156,488.06,353.35,32.29,77.42,0.9256,2,1,-1
469,158,1186.41,403.83,42.34,63.03,0.8484,2,2,-1
469,162,1194.26,378.79,16.02,31.51,0.8193,2,2,-1
469,0,720.04,423.65,13.13,13.48,1.0,0,-1,-1
470,3,1199.04,485.35,31.33,65.30,0.8907,2,2,-1
470,4,1662.70,434.86,38.13,101.15,0.9242,3,0,-1
470,11,1087.22,378.21,36.47,91.82,0.9049,2,1,-1
470,66,1777.75,415.51,41.18,95.01,0.9164,2,1,-1
470,72,991.61,389.73,45.12,70.05,0.8420,2,2,-1
470,88,1630.61,339.27,27.68,67.57,0.8490,2,2,-1
470,103,1134.40,294.93,32.40,61.56,0.8918,2,1,-1
470,135,1021.87,467.32,39.34,107.06,0.9175,2,1,-1
470,138,741.49,506.24,52.50,103.10,0.9323,2,2,-1
470,140,736.27,281.12,26.60,60.41,0.8638,3,0,-1
470,148,1743.52,403.18,28.20,89.26,0.9074,2,2,-1
470,153,913.88,376.67,53.47,66.75,0.8566,2,2,-1
470,154,1.28,566.99,53.76,125.82,0.9317,2,1,-1
470,156,500.20,351.88,31.79,78.48,0.9233,2,1,-1
470,159,1198.36,380.16,38.40,88.14,0.8289,2,2,-1
470,0,714.10,423.82,13.02,12.84,1.0,0,-1,-1
471,3,1207.52,489.05,29.64,61.90,0.8650,2,2,-1
471,4,1672.80,435.48,37.83,101.55,0.9214,3,0,-1
471,11,1101.09,378.48,34.11,91.59,0.9031,2,1,-1
471,66,1790.02,416.04,41.85,95.11,0.9187,2,1,-1
471,72,1005.20,390.85,43.65,68.70,0.8297,2,2,-1
471,88,1641.29,340.49,28.94,66.17,0.8652,2,2,-1
471,103,1141.30,295.23,34.35,61.06,0.8806,2,1,-1
471,135,1031.94,467.22,38.46,106.01,0.9150,2,1,-1
471,138,748.96,506.98,55.09,102.25,0.9434,2,2,-1
471,140,746.38,280.75,27.37,61.01,0.8812,3,0,-1
471,148,1756.09,403.18,28.29,89.64,0.9063,2,2,-1
471,153,924.96,375.23,31.63,33.97,0.8564,2,2,-1
471,154,3.25,565.63,57.04,122.68,0.9319,2,1,-1
471,156,512.79,350.92,30.25,78.99,0.9179,2,1,-1
471,159,1209.13,386.61,35.93,80.72,0.6328,2,2,-1
471,0,708.56,419.99,13.29,13.43,1.0,0,-1,-1
472,3,1215.46,488.47,27.49,62.07,0.8865,2,2,-1
472,4,1680.48,436.42,41.00,101.47,0.9304,3,0,-1
472,11,1114.07,378.55,32.19,92.06,0.9002,2,1,-1
472,66,1801.31,415.84,41.82,95.55,0.9174,2,1,-1
472,72,1033.02,394.66,33.12,65.88,0.8370,2,2,-1
472,88,1651.91,341.26,29.60,65.29,0.8813,2,2,-1
472,103,1146.80,295.18,35.30,62.60,0.8940,2,1,-1
472,135,1040.33,467.48,38.89,105.61,0.9202,2,1,-1
472,137,1219.91,378.75,20.70,54.06,0.7628,2,1,-1
472,138,753.62,507.66,61.19,101.43,0.9319,2,2,-1
472,140,755.73,280.29,27.76,60.88,0.8755,3,0,-1
472,148,1768.21,403.47,28.04,89.21,0.8927,2,2,-1
472,153,930.31,372.68,62.77,70.93,0.8832,2,2,-1
472,154,8.65,563.77,56.83,123.85,0.9359,2,1,-1
472,156,525.32,348.49,28.36,80.40,0.9169,2,1,-1
472,158,1214.50,420.00,36.04,48.72,0.7973,2,2,-1
472,0,703.53,417.82,13.36,13.64,1.0,0,-1,-1
473,3,1223.37,491.03,25.30,60.50,0.8587,2,2,-1
473,4,1685.53,437.74,46.97,100.56,0.9368,3,0,-1
473,11,1125.48,378.49,30.56,92.11,0.8843,2,1,-1
473,66,1812.24,416.00,41.50,95.64,0.9098,2,1,-1
473,68,1778.48,403.39,29.55,90.05,0.8889,2,1,-1
473,72,1046.06,396.27,28.36,64.32,0.8604,2,2,-1
473,88,1661.92,341.85,30.82,65.09,0.8821,2,2,-1
473,103,1153.33,297.10,32.27,60.20,0.8707,2,1,-1
473,135,1047.78,467.87,41.02,106.37,0.9300,2,1,-1
473,137,1228.58,378.25,20.72,52.11,0.7885,2,1,-1
473,138,756.08,507.78,66.70,101.29,0.9401,2,2,-1
473,140,764.59,281.26,27.99,60.08,0.8770,3,0,-1
473,153,958.40,389.65,47.76,57.66,0.7711,2,2,-1
473,154,15.87,561.22,58.33,123.95,0.9393,2,1,-1
473,156,536.43,347.70,27.18,79.50,0.9142,2,1,-1
473,158,1225.71,427.92,30.62,40.63,0.7374,2,2,-1
473,0,697.04,416.30,14.28,13.96,1.0,0,-1,-1
474,3,1231.00,492.00,23.53,60.08,0.8528,2,2,-1
474,4,1692.19,438.43,50.85,100.25,0.9297,3,0,-1
474,11,1136.14,378.33,29.33,92.06,0.8975,2,1,-1
474,66,1822.36,417.08,40.95,95.58,0.8984,2,1,-1
474,88,1672.27,341.11,31.21,66.18,0.8780,2,2,-1
474,103,1158.86,298.38,29.84,59.46,0.8310,2,1,-1
474,135,1055.11,467.83,42.54,107.10,0.9261,2,1,-1
474,136,646.49,909.88,82.24,170.14,0.7393,2,1,-1
474,137,1236.16,377.75,20.78,52.14,0.8704,2,1,-1
474,138,760.79,507.00,67.69,102.21,0.9364,2,2,-1
474,140,772.78,280.93,28.49,60.04,0.8449,3,0,-1
474,148,1788.03,404.77,28.86,90.16,0.8533,2,2,-1
474,154,22.02,557.96,62.54,126.36,0.9328,2,1,-1
474,156,547.27,347.25,26.60,78.53,0.9153,2,1,-1
474,158,1231.76,432.85,28.73,38.55,0.6934,2,2,-1
474,0,691.46,414.85,13.11,13.05,1.0,0,-1,-1
475,3,1238.78,494.03,22.81,56.90,0.8128,2,2,-1
475,4,1699.09,439.62,52.83,98.66,0.9372,3,0,-1
475,11,1146.38,379.06,28.33,91.94,0.9077,2,1,-1
475,66,1831.61,418.32,41.07,95.81,0.9156,2,1,-1
475,72,1064.53,394.60,28.85,66.68,0.8173,2,2,-1
475,88,1680.96,341.83,31.25,65.52,0.8896,2,2,-1
475,103,1164.69,299.17,26.56,59.02,0.8649,2,1,-1
475,118,1796.09,435.83,28.10,59.10,0.8181,2,2,-1
475,135,1062.42,468.82,44.32,106.41,0.9288,2,1,-1
475,136,651.14,911.04,84.94,168.21,0.8550,2,1,-1
475,137,1242.06,377.63,21.85,52.42,0.8340,2,1,-1
475,138,768.70,504.82,61.44,104.45,0.9384,2,2,-1
475,139,1033.77,392.81,32.41,37.55,0.7228,2,1,-1
475,140,782.07,281.24,28.67,60.92,0.8790,3,0,-1
475,154,27.95,555.20,66.11,127.54,0.9437,2,1,-1
475,156,556.31,346.88,27.36,78.10,0.9179,2,1,-1
475,158,1238.15,432.70,27.95,38.54,0.6342,2,2,-1
475,172,948.84,367.29,63.09,66.75,0.8667,2,-1,-1
475,0,684.23,414.31,14.57,13.76,1.0,0,-1,-1
476,3,1241.64,454.94,30.56,97.22,0.8992,2,2,-1
476,4,1700.56,440.27,59.23,99.16,0.9384,3,0,-1
476,11,1155.08,378.87,28.07,92.62,0.9041,2,1,-1
476,66,1839.82,419.47,41.25,96.48,0.9305,2,1,-1
476,68,1804.88,419.62,27.78,75.67,0.8303,2,1,-1
476,72,1070.17,391.83,32.69,70.20,0.8508,2,2,-1
476,88,1689.22,342.71,31.64,65.09,0.8961,2,2,-1
476,103,1168.40,298.89,24.16,59.85,0.8654,2,1,-1
476,135,1067.30,469.01,47.11,106.34,0.9263,2,1,-1
476,136,660.20,907.71,95.89,172.26,0.8525,2,1,-1
476,137,1245.71,377.82,24.50,56.96,0.7426,2,1,-1
476,138,775.95,502.41,54.69,106.55,0.9268,2,2,-1
476,139,1036.19,394.09,39.93,64.17,0.8917,2,1,-1
476,140,790.64,281.76,28.11,59.47,0.8916,3,0,-1
476,154,33.53,552.71,68.89,128.58,0.9469,2,1,-1
476,156,564.76,347.29,28.79,78.10,0.9235,2,1,-1
476,172,956.89,366.69,57.13,69.69,0.9032,2,-1,-1
476,0,678.02,414.47,14.54,14.58,1.0,0,-1,-1
477,3,1250.90,489.20,23.13,62.60,0.8182,2,2,-1
477,4,1706.47,439.95,60.95,99.61,0.9324,3,0,-1
477,11,1164.91,378.95,26.74,92.52,0.8937,2,1,-1
477,66,1847.39,420.83,41.48,96.15,0.9049,2,1,-1
477,72,1075.70,390.23,35.79,73.77,0.8693,2,2,-1
477,88,1697.07,342.91,31.88,64.87,0.8865,2,2,-1
477,103,1172.72,297.09,25.42,61.05,0.8805,2,1,-1
477,131,1249.62,377.94,27.78,48.76,0.8182,2,1,-1
477,135,1072.27,469.68,50.13,106.15,0.9340,2,1,-1
477,136,667.40,906.05,91.57,173.94,0.8976,2,1,-1
477,138,785.29,500.41,46.90,107.92,0.9291,2,2,-1
477,139,1043.26,395.01,41.68,72.85,0.7748,2,1,-1
477,140,797.76,282.14,28.91,59.66,0.8896,3,0,-1
477,148,1811.42,404.80,32.03,91.25,0.8571,2,2,-1
477,154,39.10,550.95,72.99,127.98,0.9397,2,1,-1
477,156,572.92,347.33,30.04,77.49,0.9211,2,1,-1
477,172,963.90,366.93,54.35,70.99,0.8905,2,-1,-1
477,0,671.66,415.23,14.14,13.80,1.0,0,-1,-1
478,3,1249.36,456.18,35.49,96.17,0.9199,2,2,-1
478,4,1713.32,440.20,58.53,99.13,0.9362,3,0,-1
478,11,1173.44,379.31,25.87,91.46,0.8986,2,1,-1
478,66,1855.27,422.02,41.20,95.21,0.9195,2,1,-1
478,72,1086.97,388.12,34.12,74.31,0.9025,2,2,-1
478,88,1703.70,344.39,32.47,63.43,0.8831,2,2,-1
478,103,1176.12,295.94,28.14,59.86,0.8963,2,1,-1
478,135,1077.89,469.84,52.08,106.84,0.9312,2,1,-1
478,136,674.61,905.27,79.90,174.72,0.9360,2,1,-1
478,138,791.97,499.39,42.14,108.78,0.9220,2,2,-1
478,139,1051.49,396.70,39.77,72.07,0.6746,2,1,-1
478,140,805.78,281.50,28.99,60.61,0.8849,3,0,-1
478,148,1817.75,404.05,34.72,92.16,0.9121,2,2,-1
478,154,42.00,550.38,71.85,126.46,0.9483,2,1,-1
478,156,580.21,347.11,30.48,77.56,0.9161,2,1,-1
478,159,1256.32,401.51,27.49,63.69,0.7028,2,2,-1
478,172,972.78,367.42,54.00,71.64,0.9227,2,2,-1
478,0,665.12,414.97,14.01,14.54,1.0,0,-1,-1
479,3,1255.14,456.92,35.44,94.98,0.7539,2,2,-1
479,4,1719.49,439.52,55.60,99.67,0.9350,3,0,-1
479,11,1180.18,378.65,26.43,92.72,0.9084,2,1,-1
479,66,1862.31,422.34,41.78,96.16,0.9285,2,1,-1
479,72,1091.56,384.89,36.93,78.73,0.9085,2,2,-1
479,88,1711.77,345.57,32.01,62.07,0.8922,2,2,-1
479,103,1177.45,295.08,32.37,62.51,0.8999,2,1,-1
479,135,1082.38,469.89,53.62,105.98,0.9264,2,1,-1
479,136,680.38,906.12,73.24,173.87,0.9416,2,1,-1
479,138,799.31,499.13,37.62,109.05,0.9216,2,2,-1
479,139,1056.25,396.49,34.96,66.75,0.7988,2,1,-1
479,140,812.49,281.45,29.24,59.71,0.8918,3,0,-1
479,148,1824.27,404.81,35.08,91.72,0.9133,2,2,-1
479,154,45.64,551.27,71.08,124.24,0.9411,2,1,-1
479,156,587.53,347.54,31.14,75.55,0.9232,2,1,-1
479,159,1258.18,379.68,34.17,86.50,0.8255,2,2,-1
479,172,978.78,368.44,54.94,69.64,0.9203,2,2,-1
479,0,658.66,412.15,13.99,14.44,1.0,0,-1,-1
480,3,1258.21,453.77,38.98,98.67,0.9170,2,2,-1
480,4,1726.25,438.60,50.73,99.84,0.9331,3,0,-1
480,11,1187.73,378.40,26.15,92.65,0.9043,2,1,-1
480,66,1869.89,422.63,41.50,95.64,0.8991,2,1,-1
480,72,1100.90,381.58,35.54,77.79,0.9058,2,2,-1
480,88,1718.40,346.06,32.05,61.03,0.9002,2,2,-1
480,103,1178.12,296.15,35.59,61.06,0.9137,2,1,-1
480,135,1088.53,468.85,52.62,106.05,0.9272,2,1,-1
480,136,682.63,905.12,74.31,174.54,0.9303,2,1,-1
480,138,805.14,499.78,35.87,108.52,0.9200,2,2,-1
480,139,1063.01,394.99,33.56,61.66,0.7659,2,1,-1
480,140,818.48,280.88,28.97,59.59,0.9001,3,0,-1
480,148,1830.85,405.03,36.06,92.12,0.9108,2,2,-1
480,154,46.93,551.11,69.89,123.73,0.9432,2,1,-1
480,156,594.86,347.74,30.38,72.40,0.9256,2,1,-1
480,159,1265.22,379.61,31.36,85.12,0.8316,2,2,-1
480,172,980.67,366.73,58.61,69.50,0.9119,2,2,-1
480,0,652.28,409.93,13.72,13.52,1.0,0,-1,-1
481,3,1267.25,491.98,33.17,59.46,0.9068,2,2,-1
481,4,1731.24,437.71,45.25,99.95,0.9394,3,0,-1
481,11,1194.99,377.91,26.46,92.37,0.9039,2,1,-1
481,66,1876.78,422.26,40.95,96.29,0.9171,2,1,-1
481,72,1105.60,379.12,38.15,79.06,0.8901,2,2,-1
481,88,1724.05,344.62,33.89,61.82,0.9081,2,2,-1
481,103,1180.86,296.24,35.75,60.27,0.8939,2,1,-1
481,135,1095.09,468.22,50.25,105.58,0.9365,2,1,-1
481,136,676.49,903.58,88.80,175.57,0.9398,2,1,-1
481,138,806.18,501.23,40.01,107.46,0.9335,2,2,-1
481,139,1065.13,392.64,37.63,69.97,0.8779,2,1,-1
481,140,824.61,280.20,29.38,60.03,0.8905,3,0,-1
481,148,1836.08,405.75,36.96,91.85,0.9221,2,2,-1
481,154,49.17,550.61,65.26,122.45,0.9376,2,1,-1
481,156,601.87,347.76,30.52,72.07,0.9183,2,1,-1
481,159,1271.71,379.03,30.22,85.20,0.8441,2,2,-1
481,172,981.64,365.47,63.64,69.97,0.9168,2,2,-1
481,0,646.87,408.09,13.94,14.49,1.0,0,-1,-1
482,3,1268.54,457.84,42.02,92.95,0.9128,2,2,-1
482,4,1737.16,436.87,38.59,100.41,0.9262,3,0,-1
482,11,1200.95,377.31,26.59,92.83,0.9032,2,1,-1
482,66,1882.14,421.95,38.34,95.80,0.8906,2,1,-1
482,72,1110.28,375.43,42.27,83.48,0.8989,2,2,-1
482,88,1729.79,344.92,34.69,61.33,0.9087,2,2,-1
482,103,1183.97,296.39,33.74,59.84,0.8762,2,1,-1
482,135,1101.12,467.65,46.67,106.48,0.9276,2,1,-1
482,136,679.93,903.70,92.33,175.78,0.9310,2,1,-1
482,138,804.71,503.86,48.09,105.22,0.9279,2,2,-1
482,139,1069.42,391.19,35.90,74.77,0.8836,2,1,-1
482,140,830.40,279.61,28.75,60.49,0.8862,3,0,-1
482,148,1842.17,406.29,37.13,91.04,0.9195,2,2,-1
482,154,51.33,548.51,59.67,122.33,0.9401,2,1,-1
482,156,609.40,347.39,30.25,71.12,0.9057,2,1,-1
482,159,1278.15,380.07,28.37,82.02,0.8131,2,2,-1
482,172,982.24,363.92,62.52,67.65,0.9225,2,2,-1
482,0,640.90,407.47,13.25,13.26,1.0,0,-1,-1
483,3,1274.83,453.30,38.95,96.97,0.9133,2,2,-1
483,4,1741.93,435.82,32.30,100.06,0.9308,3,0,-1
483,11,1207.72,377.18,26.31,92.67,0.9017,2,1,-1
483,66,1888.27,421.92,32.90,95.19,0.9036,2,1,-1
483,72,1116.08,373.11,45.16,85.75,0.9008,2,2,-1
483,88,1734.22,343.85,36.51,61.58,0.9082,2,2,-1
483,103,1186.22,296.22,31.66,59.03,0.8549,2,1,-1
483,135,1108.84,466.44,41.68,106.47,0.9282,2,1,-1
483,136,682.74,903.81,95.80,174.44,0.9361,2,1,-1
483,138,803.80,505.60,55.77,103.59,0.9350,2,2,-1
483,139,1073.81,389.81,35.46,78.56,0.8914,2,1,-1
483,140,836.71,279.00,28.50,60.25,0.8865,3,0,-1
483,148,1849.05,406.80,35.68,90.08,0.9135,2,2,-1
483,154,54.36,545.17,59.13,123.80,0.9429,2,1,-1
483,156,616.55,345.18,30.63,70.99,0.9043,2,1,-1
483,159,1283.18,379.05,26.98,81.67,0.8279,2,2,-1
483,172,980.74,362.52,59.29,67.18,0.9045,2,2,-1
484,3,1281.34,453.49,35.49,95.34,0.9169,2,2,-1
484,4,1744.41,435.22,29.49,100.71,0.9248,3,0,-1
484,11,1214.76,377.03,25.59,91.48,0.8937,2,1,-1
484,66,1894.65,424.16,26.77,90.79,0.9014,2,1,-1
484,72,1125.31,371.79,44.09,86.49,0.8960,2,-1,-1
484,88,1740.67,343.24,36.46,61.44,0.9020,2,2,-1
484,103,1187.83,296.21,28.36,58.35,0.8781,2,1,-1
484,135,1116.34,466.15,35.95,106.11,0.9173,2,1,-1
484,136,685.00,905.95,96.92,167.45,0.9318,2,1,-1
484,137,1289.06,407.50,23.56,53.52,0.7026,2,1,-1
484,138,805.83,506.66,60.12,101.66,0.9317,2,2,-1
484,139,1076.78,387.98,38.05,81.52,0.9121,2,1,-1
484,140,841.95,278.84,28.40,59.89,0.8830,3,0,-1
484,148,1855.34,406.64,35.68,91.03,0.9058,2,2,-1
484,154,56.22,542.27,62.26,126.79,0.9396,2,1,-1
484,156,622.18,342.99,28.79,72.82,0.9114,2,1,-1
484,162,1293.02,377.53,20.04,34.32,0.7014,2,2,-1
484,172,981.31,362.75,53.39,64.27,0.8944,2,2,-1
484,0,648.02,406.13,12.31,11.17,1.0,0,-1,-1
485,3,1285.86,452.52,32.03,96.13,0.9181,2,2,-1
485,4,1746.88,434.22,29.95,100.91,0.9160,3,0,-1
485,11,1221.22,376.39,25.68,92.05,0.8972,2,1,-1
485,66,1901.51,430.54,20.53,80.85,0.8607,2,1,-1
485,72,1131.77,371.58,44.40,86.30,0.9066,2,1,-1
485,88,1746.08,342.91,37.33,61.49,0.9088,2,2,-1
485,103,1189.28,294.42,25.55,59.62,0.8924,2,1,-1
485,135,1121.16,465.48,31.19,106.16,0.9148,2,1,-1
485,136,686.21,904.78,98.22,168.87,0.9342,2,1,-1
485,137,1293.80,411.49,22.17,49.60,0.6753,2,1,-1
485,138,808.54,507.19,62.76,100.80,0.9390,2,2,-1
485,139,1080.41,387.29,39.67,82.87,0.9170,2,1,-1
485,140,847.64,278.56,28.57,59.92,0.8747,3,0,-1
485,148,1861.41,406.27,35.09,91.50,0.9125,2,2,-1
485,154,57.49,539.08,65.97,126.17,0.9377,2,1,-1
485,156,628.50,341.48,28.18,73.17,0.9109,2,1,-1
485,162,1295.86,376.80,22.29,35.73,0.7804,2,2,-1
485,172,986.77,363.00,48.30,62.69,0.8383,2,2,-1
485,0,655.79,402.12,12.75,13.06,1.0,0,-1,-1
486,3,1289.90,452.36,29.86,96.01,0.9103,2,2,-1
486,4,1747.00,433.52,34.58,101.39,0.9285,3,0,-1
486,11,1227.83,375.99,25.08,91.49,0.8961,2,1,-1
486,66,1905.61,426.62,18.70,84.01,0.7542,2,1,-1
486,72,1140.04,371.94,45.19,85.69,0.9204,2,1,-1
486,88,1751.75,343.23,38.17,60.44,0.8990,2,2,-1
486,103,1191.54,293.50,26.62,59.87,0.8996,2,1,-1
486,135,1124.28,464.44,28.85,107.26,0.9118,2,1,-1
486,136,689.29,900.56,98.35,174.00,0.9330,2,1,-1
486,138,813.56,505.82,62.48,101.00,0.9343,2,2,-1
486,139,1084.99,386.38,39.34,83.83,0.9264,2,-1,-1
486,140,853.47,278.39,27.79,59.44,0.8745,3,0,-1
486,148,1866.70,405.29,36.38,92.94,0.9171,2,2,-1
486,154,59.10,538.04,69.06,125.78,0.9349,2,1,-1
486,156,634.13,340.74,28.77,73.87,0.9108,2,1,-1
486,162,1297.91,376.20,29.35,57.40,0.7867,2,2,-1
486,172,980.90,359.40,56.65,67.08,0.8965,2,2,-1
486,0,663.78,399.48,13.19,13.99,1.0,0,-1,-1
487,3,1297.30,450.42,19.48,57.02,0.7056,2,2,-1
487,4,1743.09,433.97,43.57,100.66,0.9303,3,0,-1
487,11,1234.73,375.81,24.62,91.32,0.8926,2,1,-1
487,72,1149.99,371.31,45.48,86.04,0.9039,2,1,-1
487,88,1757.81,343.01,39.03,59.61,0.9082,2,2,-1
487,103,1193.25,292.07,29.43,60.88,0.9011,2,1,-1
487,131,1309.13,375.53,20.25,41.76,0.7915,2,1,-1
487,135,1127.11,463.25,29.66,107.49,0.9097,2,1,-1
487,136,694.87,895.87,93.30,178.26,0.9265,2,1,-1
487,137,1302.59,407.22,23.74,55.36,0.6659,2,1,-1
487,138,817.60,504.68,59.75,101.43,0.9363,2,2,-1
487,139,1088.51,385.33,39.17,84.59,0.9158,2,2,-1
487,140,859.84,277.14,27.44,59.94,0.8606,3,0,-1
487,148,1872.19,404.49,35.89,93.48,0.9164,2,2,-1
487,154,62.09,537.34,69.25,122.85,0.9395,2,1,-1
487,156,639.70,340.83,29.73,73.80,0.9009,2,1,-1
487,172,976.10,355.95,59.42,59.47,0.8342,2,2,-1
487,0,671.66,397.51,12.74,13.78,1.0,0,-1,-1
488,3,1293.08,451.34,33.90,97.20,0.9188,2,2,-1
488,4,1743.57,433.59,48.96,100.24,0.9313,3,0,-1
488,11,1241.43,375.65,23.74,90.55,0.8986,2,1,-1
488,72,1158.21,370.42,48.23,86.63,0.9166,2,1,-1
488,88,1763.63,342.46,38.59,59.21,0.8926,2,2,-1
488,103,1194.25,289.75,32.21,62.32,0.9102,2,1,-1
488,135,1128.90,463.27,32.34,106.73,0.9138,2,1,-1
488,136,698.06,894.83,86.60,179.54,0.8967,2,1,-1
488,138,821.83,503.00,53.40,101.18,0.9356,2,2,-1
488,139,1091.34,382.79,37.14,86.50,0.9086,2,2,-1
488,140,866.08,276.60,26.38,59.32,0.8657,3,0,-1
488,148,1878.27,403.40,37.15,93.86,0.9138,2,2,-1
488,154,64.28,538.33,64.89,120.24,0.9450,2,1,-1
488,156,641.90,340.81,33.09,74.67,0.9180,2,1,-1
488,159,1307.92,375.27,26.05,88.69,0.8076,2,2,-1
488,172,969.80,353.48,70.83,66.24,0.9079,2,2,-1
488,0,678.75,396.14,13.78,14.61,1.0,0,-1,-1
489,3,1295.75,451.53,35.14,96.12,0.9081,2,2,-1
489,4,1745.72,433.70,53.30,99.80,0.9278,3,0,-1
489,11,1247.60,374.94,23.54,90.41,0.8845,2,1,-1
489,72,1169.10,369.86,47.03,86.92,0.8947,2,1,-1
489,88,1770.19,342.28,38.37,59.06,0.8997,2,2,-1
489,103,1195.32,290.74,33.15,58.96,0.9077,2,1,-1
489,135,1131.22,462.63,35.79,106.93,0.9183,2,1,-1
489,136,696.18,894.63,86.49,184.30,0.6950,2,1,-1
489,138,822.14,500.50,50.16,103.40,0.9084,2,2,-1
489,139,1094.44,379.38,33.72,87.76,0.9036,2,2,-1
489,140,871.18,275.93,25.57,58.48,0.8653,3,0,-1
489,148,1882.80,402.87,35.16,93.03,0.9088,2,2,-1
489,154,67.33,538.56,57.89,118.04,0.9347,2,1,-1
489,156,645.24,340.94,33.92,74.72,0.9062,2,1,-1
489,162,1315.85,375.02,24.44,52.64,0.7560,2,2,-1
489,172,967.74,351.53,73.13,69.40,0.8616,2,2,-1
489,0,685.56,395.09,13.97,13.94,1.0,0,-1,-1
490,3,1297.31,450.95,37.27,97.35,0.8952,2,2,-1
490,4,1748.51,432.76,56.32,100.29,0.9322,3,0,-1
490,11,1253.75,374.32,22.95,90.19,0.8845,2,1,-1
490,72,1176.00,368.38,47.78,88.36,0.9240,2,1,-1
490,88,1774.39,341.59,39.21,59.23,0.8822,2,2,-1
490,103,1197.65,292.11,32.74,56.97,0.8969,2,1,-1
490,135,1131.05,462.34,41.33,106.76,0.9305,2,1,-1
490,136,703.99,895.05,77.38,177.34,0.8494,2,1,-1
490,138,822.09,499.22,46.07,103.40,0.9009,2,2,-1
490,139,1098.14,377.05,30.85,89.40,0.8998,2,2,-1
490,140,877.41,274.87,24.69,58.92,0.8701,3,0,-1
490,148,1888.13,402.18,32.28,92.93,0.9075,2,2,-1
490,154,70.56,537.50,50.48,118.22,0.9375,2,1,-1
490,156,650.90,341.42,34.78,73.30,0.9226,2,1,-1
490,159,1319.09,376.86,24.35,85.48,0.7666,2,2,-1
490,172,971.06,350.02,68.21,70.53,0.8292,2,2,-1
490,0,692.70,395.79,13.96,12.41,1.0,0,-1,-1
491,3,1299.15,450.70,40.77,97.94,0.9210,2,2,-1
491,4,1749.19,431.76,59.52,100.16,0.9299,3,0,-1
491,11,1259.68,373.67,22.60,90.01,0.8598,2,1,-1
491,72,1184.18,367.75,47.17,88.77,0.9057,2,1,-1
491,88,1779.43,341.06,39.98,58.99,0.9012,2,2,-1
491,103,1198.81,292.22,29.97,55.87,0.8635,2,1,-1
491,131,1327.92,374.17,19.73,38.30,0.7200,2,1,-1
491,135,1131.85,462.06,45.75,106.45,0.9279,2,1,-1
491,136,708.62,894.72,73.74,175.64,0.8867,2,1,-1
491,137,1322.86,405.55,23.91,56.47,0.7653,2,1,-1
491,138,829.42,527.38,32.34,74.15,0.8468,2,2,-1
491,139,1101.65,375.13,28.41,89.23,0.8889,2,2,-1
491,140,882.54,274.19,24.50,59.24,0.8710,3,0,-1
491,148,1893.23,401.97,27.86,92.05,0.9099,2,2,-1
491,154,73.57,535.65,48.80,118.68,0.9382,2,1,-1
491,156,657.98,340.96,37.41,72.99,0.9236,2,1,-1
491,172,975.98,374.52,40.31,45.07,0.7447,2,2,-1
491,0,699.53,395.98,13.64,12.45,1.0,0,-1,-1
492,3,1303.13,451.14,40.67,96.12,0.9038,2,2,-1
492,4,1753.24,432.12,59.57,98.93,0.9299,3,0,-1
492,11,1265.07,372.73,23.00,89.91,0.8763,2,1,-1
492,72,1190.29,367.43,47.19,88.52,0.9224,2,1,-1
492,88,1787.10,339.79,35.06,48.72,0.8223,2,2,-1
492,103,1200.98,291.91,27.04,56.51,0.8724,2,1,-1
492,131,1333.89,373.53,18.79,34.62,0.7646,2,1,-1
492,135,1134.58,461.73,48.75,105.13,0.9301,2,1,-1
492,136,713.66,896.41,72.00,177.83,0.9081,2,1,-1
492,137,1328.11,405.22,22.77,55.38,0.8032,2,1,-1
492,138,826.10,496.04,41.43,103.69,0.8813,2,2,-1
492,139,1104.47,373.50,27.77,90.24,0.9042,2,2,-1
492,140,887.90,273.32,24.52,60.03,0.8725,3,0,-1
492,148,1898.51,402.10,23.09,91.36,0.8968,2,2,-1
492,154,75.04,533.15,53.71,120.90,0.9406,2,1,-1
492,156,664.19,339.05,39.72,73.92,0.9272,2,1,-1
492,172,971.55,348.42,43.25,69.93,0.9112,2,2,-1
492,0,706.97,393.54,13.29,13.71,1.0,0,-1,-1
493,3,1309.02,459.88,36.00,85.15,0.8375,2,2,-1
493,4,1757.36,430.25,57.30,100.18,0.9335,3,0,-1
493,11,1269.46,372.06,23.62,89.99,0.8823,2,1,-1
493,72,1196.77,367.22,48.10,88.27,0.9015,2,1,-1
493,103,1201.90,292.25,24.14,54.88,0.8782,2,1,-1
493,125,1791.29,337.04,38.73,61.26,0.8974,2,2,-1
493,131,1337.41,372.77,19.35,33.91,0.7845,2,1,-1
493,135,1137.43,461.23,50.81,105.47,0.9311,2,1,-1
493,136,715.82,897.33,71.83,178.04,0.8950,2,1,-1
493,137,1332.39,403.13,23.04,56.70,0.7208,2,1,-1
493,138,819.36,496.27,50.72,102.90,0.9262,2,2,-1
493,139,1106.62,373.61,27.38,90.06,0.8770,2,2,-1
493,140,892.25,272.55,24.27,59.53,0.8780,3,0,-1
493,148,1902.39,401.80,19.38,93.08,0.8828,2,2,-1
493,154,74.75,530.22,58.81,122.81,0.9333,2,1,-1
493,156,669.66,336.94,40.60,75.05,0.9221,2,1,-1
493,172,966.73,346.53,48.07,71.90,0.9180,2,2,-1
493,0,712.91,392.36,13.88,12.87,1.0,0,-1,-1
494,3,1312.06,452.36,38.22,94.12,0.9016,2,2,-1
494,4,1762.20,429.58,52.37,99.23,0.9273,3,0,-1
494,11,1274.64,393.22,20.67,67.23,0.8570,2,1,-1
494,72,1201.66,366.96,47.89,87.15,0.9142,2,1,-1
494,103,1200.83,289.38,24.05,57.56,0.8840,2,1,-1
494,125,1796.15,336.40,39.05,61.85,0.8972,2,2,-1
494,131,1341.41,372.53,19.99,35.26,0.6982,2,1,-1
494,135,1141.52,460.35,50.83,105.38,0.9311,2,1,-1
494,136,718.61,897.75,71.55,178.23,0.8741,2,1,-1
494,137,1336.28,400.72,22.86,57.53,0.7542,2,1,-1
494,138,817.60,496.40,57.13,102.06,0.9307,2,2,-1
494,139,1107.09,374.09,28.47,90.36,0.8799,2,2,-1
494,140,896.98,272.84,24.12,58.85,0.8687,3,0,-1
494,148,1906.00,405.88,16.87,87.89,0.7377,2,2,-1
494,154,69.40,527.57,68.24,123.94,0.9492,2,1,-1
494,156,676.51,334.93,39.50,75.09,0.9230,2,1,-1
494,172,961.54,344.46,55.13,71.80,0.9046,2,2,-1
494,0,719.31,390.77,13.90,13.22,1.0,0,-1,-1
495,3,1315.78,450.10,36.74,95.50,0.9030,2,2,-1
495,4,1765.89,428.21,47.04,99.14,0.9332,3,0,-1
495,11,1276.51,370.70,25.96,89.72,0.8884,2,1,-1
495,72,1206.87,366.34,48.12,86.73,0.9121,2,1,-1
495,103,1201.28,287.25,26.50,58.05,0.8989,2,1,-1
495,125,1800.35,335.65,38.76,61.54,0.9023,2,2,-1
495,131,1345.79,371.97,19.45,34.35,0.7475,2,1,-1
495,135,1145.53,459.58,49.82,104.94,0.9325,2,1,-1
495,136,721.23,895.57,71.73,184.37,0.8704,2,1,-1
495,137,1339.91,400.58,22.13,58.29,0.8290,2,1,-1
495,138,814.77,495.87,64.19,102.12,0.9339,2,2,-1
495,139,1105.50,375.29,31.14,89.52,0.9057,2,2,-1
495,140,901.50,271.21,23.84,59.15,0.8669,3,0,-1
495,154,60.37,527.46,80.74,123.88,0.9409,2,1,-1
495,156,684.74,332.92,36.97,75.31,0.9192,2,1,-1
495,172,953.41,343.34,65.10,72.55,0.9258,2,2,-1
495,0,724.93,390.31,13.66,13.21,1.0,0,-1,-1
496,3,1320.14,447.71,34.56,96.90,0.8742,2,2,-1
496,4,1769.31,427.06,40.09,99.50,0.9378,3,0,-1
496,11,1280.02,370.50,26.26,88.81,0.8861,2,1,-1
496,72,1211.62,365.63,48.46,87.51,0.9032,2,1,-1
496,103,1199.61,284.71,30.49,60.03,0.9141,2,1,-1
496,125,1804.49,335.01,38.07,62.01,0.8991,2,2,-1
496,131,1348.00,370.81,20.50,36.11,0.6372,2,1,-1
496,135,1149.55,458.44,48.19,105.89,0.9329,2,1,-1
496,136,722.16,897.69,70.41,173.06,0.9175,2,1,-1
496,137,1343.66,403.68,20.81,54.99,0.6227,2,1,-1
496,138,812.75,496.82,68.47,102.23,0.9366,2,2,-1
496,139,1103.15,377.23,36.11,88.09,0.9188,2,2,-1
496,140,904.77,270.10,23.48,59.40,0.8808,3,0,-1
496,154,58.26,527.78,86.44,121.10,0.9352,2,1,-1
496,156,693.68,332.24,32.76,73.99,0.9231,2,1,-1
496,172,945.82,342.72,70.47,70.12,0.9080,2,2,-1
496,0,730.81,389.19,13.10,13.56,1.0,0,-1,-1
497,3,1324.26,445.65,32.96,98.89,0.8805,2,2,-1
497,4,1771.59,426.43,32.95,98.85,0.9287,3,0,-1
497,11,1283.04,370.09,26.54,88.80,0.8683,2,1,-1
497,72,1216.41,364.76,48.45,87.49,0.9191,2,1,-1
497,103,1195.63,284.11,35.26,59.82,0.9266,2,1,-1
497,125,1810.10,333.65,36.48,62.84,0.8959,2,2,-1
497,131,1349.71,370.54,21.12,35.67,0.7334,2,1,-1
497,135,1152.81,457.23,45.77,106.66,0.9302,2,1,-1
497,136,722.14,894.95,74.50,183.48,0.9100,2,1,-1
497,137,1346.91,398.59,22.47,59.87,0.6291,2,1,-1
497,138,812.44,497.85,68.55,101.21,0.9273,2,2,-1
497,139,1099.78,379.94,41.72,86.37,0.9319,2,2,-1
497,140,908.71,270.46,22.88,57.97,0.8712,3,0,-1
497,154,60.38,528.19,85.13,121.11,0.9388,2,1,-1
497,156,698.19,331.83,31.46,72.84,0.9176,2,1,-1
497,172,940.46,342.80,68.10,71.19,0.8681,2,2,-1
497,0,735.40,387.87,13.25,14.07,1.0,0,-1,-1
498,3,1327.87,445.61,29.94,97.97,0.8852,2,2,-1
498,4,1772.06,425.35,29.18,98.91,0.9144,3,0,-1
498,11,1285.37,368.95,27.12,89.21,0.8811,2,1,-1
498,72,1219.83,363.46,47.92,88.51,0.9184,2,1,-1
498,103,1190.68,283.25,40.04,60.43,0.9143,2,1,-1
498,125,1815.00,331.64,34.71,64.13,0.8954,2,2,-1
498,131,1354.90,370.07,21.01,37.29,0.7360,2,1,-1
498,135,1155.50,456.10,43.29,106.38,0.9350,2,1,-1
498,136,721.71,894.23,78.10,183.07,0.8945,2,1,-1
498,137,1349.26,397.91,22.00,58.84,0.7886,2,1,-1
498,138,813.77,497.24,65.76,100.40,0.9161,2,2,-1
498,139,1101.01,382.99,43.49,83.00,0.9341,2,2,-1
498,140,910.17,269.83,23.82,57.91,0.8731,3,0,-1
498,154,61.41,527.05,80.03,120.42,0.9376,2,1,-1
498,156,701.48,330.67,33.24,74.91,0.9292,2,1,-1
498,172,936.84,343.61,48.76,71.87,0.8938,2,2,-1
498,0,740.54,387.42,12.07,13.09,1.0,0,-1,-1
499,3,1329.34,448.33,27.34,94.82,0.8055,2,2,-1
499,4,1771.51,425.04,28.53,99.74,0.9175,3,0,-1
499,11,1288.33,368.20,27.74,89.20,0.8675,2,1,-1
499,72,1223.46,362.68,45.69,89.24,0.9118,2,1,-1
499,103,1189.13,284.19,41.36,58.53,0.9179,2,1,-1
499,125,1819.37,330.49,32.61,63.90,0.8537,2,2,-1
499,131,1359.10,369.98,19.06,38.59,0.8314,2,1,-1
499,135,1155.95,455.68,41.58,106.29,0.9354,2,1,-1
499,136,723.67,895.48,82.14,184.47,0.8151,2,1,-1
499,137,1352.93,400.71,20.60,55.78,0.8083,2,1,-1
499,138,813.63,495.71,61.05,103.26,0.8964,2,2,-1
499,139,1102.74,384.78,43.35,80.76,0.9311,2,2,-1
499,140,913.50,268.89,24.29,59.16,0.8857,3,0,-1
499,154,59.51,526.23,74.47,119.91,0.9334,2,1,-1
499,156,704.97,329.12,37.92,74.83,0.9269,2,1,-1
499,172,937.82,343.36,38.69,72.19,0.8873,2,2,-1
499,0,744.27,386.83,11.68,12.64,1.0,0,-1,-1
500,3,1330.53,445.39,27.17,97.77,0.8696,2,2,-1
500,4,1769.11,424.63,30.51,99.97,0.9161,3,0,-1
500,11,1289.90,369.76,27.80,87.79,0.8556,2,1,-1
500,72,1226.87,362.50,43.78,89.03,0.9212,2,1,-1
500,103,1188.93,285.60,40.19,57.72,0.9177,2,1,-1
500,125,1823.05,327.60,31.09,67.33,0.8821,2,2,-1
500,131,1361.16,369.80,18.96,38.22,0.8107,2,1,-1
500,135,1153.37,455.35,41.75,105.95,0.9225,2,1,-1
500,136,723.43,895.22,87.65,182.27,0.8016,2,1,-1
500,137,1356.24,400.00,21.34,58.20,0.6406,2,1,-1
500,138,821.27,494.48,50.36,102.30,0.8695,2,2,-1
500,139,1104.88,385.22,42.03,79.68,0.9169,2,2,-1
500,140,915.18,268.55,24.15,59.22,0.8906,3,0,-1
500,154,57.01,523.71,66.06,121.87,0.9390,2,1,-1
500,156,709.81,327.56,42.86,75.99,0.9287,2,1,-1
500,172,936.05,342.57,35.03,72.07,0.8899,2,2,-1
500,0,746.59,384.83,13.27,16.26,1.0,0,-1,-1
501,3,1334.07,473.80,20.97,68.81,0.8467,2,2,-1
501,4,1763.60,424.24,36.47,100.10,0.9215,3,0,-1
501,11,1292.15,368.75,28.43,88.62,0.8551,2,1,-1
501,72,1230.46,362.43,41.37,89.60,0.9167,2,1,-1
501,103,1189.45,284.40,36.35,59.49,0.9130,2,1,-1
501,125,1827.37,326.83,28.80,67.79,0.8667,2,2,-1
501,131,1363.44,369.75,19.68,37.95,0.7678,2,1,-1
501,135,1151.43,455.32,42.83,105.79,0.9258,2,1,-1
501,136,760.45,895.85,60.13,98.02,0.8817,2,1,-1
501,137,1359.95,399.05,21.32,59.36,0.7957,2,1,-1
501,138,827.56,493.12,35.85,102.38,0.9101,2,2,-1
501,139,1106.45,384.64,42.65,79.58,0.9316,2,2,-1
501,140,917.46,268.71,24.33,58.37,0.8695,3,0,-1
501,154,55.76,521.22,55.92,123.19,0.9401,2,1,-1
501,156,714.38,327.24,49.50,73.12,0.9329,2,1,-1
501,172,929.23,340.74,32.11,73.08,0.9056,2,2,-1
502,3,1333.06,444.90,26.83,98.00,0.8589,2,2,-1
502,4,1755.84,424.52,47.28,99.45,0.9327,3,0,-1
502,11,1294.59,369.21,27.98,87.71,0.8370,2,1,-1
502,72,1233.49,362.46,39.26,89.20,0.9175,2,1,-1
502,103,1189.70,283.98,30.96,59.33,0.9093,2,1,-1
502,125,1830.45,325.64,27.80,68.91,0.9117,2,2,-1
502,135,1151.64,454.59,45.06,106.14,0.9273,2,1,-1
502,136,700.27,896.00,104.97,180.33,0.7279,2,1,-1
502,137,1363.05,397.75,22.15,59.99,0.8361,2,1,-1
502,138,826.38,492.25,31.92,104.10,0.8972,2,2,-1
502,139,1110.43,382.65,41.78,81.68,0.9282,2,2,-1
502,140,919.51,266.81,25.00,59.93,0.8735,3,0,-1
502,154,54.41,518.86,50.62,125.20,0.9361,2,1,-1
502,156,720.05,325.88,50.75,71.31,0.9265,2,1,-1
502,172,925.83,337.48,34.36,76.45,0.9002,2,2,-1
503,3,1333.20,446.23,26.42,96.84,0.8746,2,2,-1
503,4,1755.22,425.10,51.27,98.48,0.9359,3,0,-1
503,11,1296.77,368.10,28.17,88.62,0.8547,2,1,-1
503,72,1236.08,361.91,36.04,89.31,0.8991,2,1,-1
503,103,1190.26,282.74,27.30,59.51,0.8993,2,1,-1
503,125,1834.76,325.36,26.70,66.51,0.8653,2,2,-1
503,131,1369.54,369.29,20.98,39.57,0.7488,2,1,-1
503,135,1149.75,454.09,48.86,106.48,0.9212,2,1,-1
503,136,699.54,896.03,103.46,185.22,0.7122,2,1,-1
503,137,1366.54,398.94,21.48,59.55,0.7669,2,1,-1
503,138,825.87,490.96,33.18,105.18,0.9249,2,2,-1
503,139,1113.57,380.15,40.85,83.48,0.9281,2,2,-1
503,140,921.07,266.90,24.87,59.67,0.8615,3,0,-1
503,154,53.65,517.75,49.36,125.14,0.9389,2,1,-1
503,156,727.88,326.09,47.33,71.24,0.9264,2,1,-1
503,172,918.48,335.18,39.37,79.02,0.8840,2,2,-1
504,3,1334.74,444.12,26.43,99.40,0.8854,2,2,-1
504,4,1756.29,425.49,52.79,98.34,0.9391,3,0,-1
504,11,1299.02,370.02,27.60,86.91,0.8500,2,1,-1
504,72,1238.76,361.32,30.48,89.37,0.9083,2,1,-1
504,103,1190.99,292.81,22.45,48.75,0.8108,2,1,-1
504,125,1836.98,329.16,25.45,63.45,0.7974,2,2,-1
504,135,1149.74,453.89,51.43,106.17,0.9180,2,1,-1
504,136,704.49,896.30,100.04,185.12,0.7147,2,1,-1
504,138,821.78,491.78,38.64,105.12,0.9316,2,2,-1
504,139,1117.36,377.36,38.92,86.04,0.9291,2,2,-1
504,140,922.40,266.50,24.35,58.86,0.8733,3,0,-1
504,154,51.72,517.46,50.50,124.15,0.9421,2,1,-1
504,156,739.67,326.93,38.07,68.62,0.9208,2,1,-1
504,159,1368.77,391.32,22.35,66.97,0.8032,2,2,-1
504,172,908.72,332.04,46.16,79.26,0.9165,2,2,-1
505,3,1336.02,443.36,26.14,100.33,0.8989,2,2,-1
505,4,1753.51,425.62,56.89,98.57,0.9371,3,0,-1
505,11,1301.38,395.03,20.15,61.89,0.8145,2,1,-1
505,72,1241.91,361.48,27.93,89.31,0.9160,2,1,-1
505,103,1190.06,277.69,25.79,63.51,0.8700,2,1,-1
505,125,1839.13,322.79,27.09,69.36,0.8938,2,2,-1
505,135,1149.97,453.55,53.15,106.74,0.9153,2,1,-1
505,138,816.30,493.07,47.87,103.38,0.9212,2,2,-1
505,139,1120.73,375.80,37.64,86.31,0.9246,2,2,-1
505,140,923.59,265.84,23.88,59.45,0.8812,3,0,-1
505,154,48.47,518.71,51.99,122.50,0.9377,2,1,-1
505,156,746.36,326.94,34.33,69.51,0.9164,2,1,-1
505,162,1370.15,371.70,28.08,87.35,0.8282,2,2,-1
505,172,900.28,331.06,50.43,77.30,0.9163,2,2,-1
506,3,1337.86,445.01,24.88,98.42,0.9037,2,2,-1
506,4,1752.67,425.69,58.96,98.46,0.9353,3,0,-1
506,11,1304.37,394.75,24.62,61.99,0.8679,2,1,-1
506,72,1244.71,361.36,26.71,89.48,0.9109,2,1,-1
506,103,1190.30,295.02,18.60,45.80,0.7096,2,1,-1
506,125,1841.45,324.62,26.05,67.45,0.8490,2,2,-1
506,135,1151.97,453.24,52.79,107.48,0.9189,2,1,-1
506,138,810.16,494.68,55.84,102.46,0.9257,2,2,-1
506,139,1122.45,374.34,37.92,88.07,0.9213,2,2,-1
506,140,924.87,266.05,23.29,58.76,0.8703,3,0,-1
506,154,44.58,520.08,54.36,121.01,0.9370,2,1,-1
506,156,750.17,327.09,31.38,68.40,0.9156,2,1,-1
506,162,1373.41,371.05,28.47,87.98,0.8285,2,2,-1
506,172,895.93,331.45,49.61,76.70,0.9158,2,2,-1
506,0,782.20,380.09,14.01,13.77,1.0,0,-1,-1
507,3,1339.11,445.42,24.68,97.91,0.8885,2,2,-1
507,4,1754.61,425.49,55.81,98.71,0.9399,3,0,-1
507,11,1304.68,393.85,27.10,63.53,0.8736,2,1,-1
507,72,1246.96,360.24,25.73,90.33,0.9033,2,1,-1
507,103,1187.61,292.82,19.62,48.10,0.7309,2,1,-1
507,125,1845.47,324.18,25.87,67.98,0.6894,2,2,-1
507,135,1152.00,452.73,53.43,107.91,0.9179,2,1,-1
507,136,718.31,906.07,87.09,174.38,0.6294,2,1,-1
507,138,809.11,495.39,58.68,104.07,0.9298,2,2,-1
507,139,1127.98,373.38,37.52,89.01,0.9126,2,2,-1
507,140,925.94,265.54,22.95,59.56,0.8896,3,0,-1
507,154,44.04,522.13,54.00,119.14,0.9344,2,1,-1
507,156,753.48,326.53,31.88,69.24,0.9200,2,1,-1
507,162,1374.46,368.04,30.86,91.93,0.8649,2,2,-1
507,172,889.69,332.76,48.28,76.67,0.8980,2,2,-1
507,0,798.91,376.36,16.87,14.20,1.0,0,-1,-1
508,3,1339.70,445.71,24.44,97.20,0.8772,2,2,-1
508,4,1755.07,425.47,52.60,98.78,0.9438,3,0,-1
508,11,1305.04,390.05,28.11,67.51,0.8738,2,1,-1
508,72,1248.40,361.09,25.01,89.59,0.9010,2,1,-1
508,103,1185.18,291.76,19.28,49.15,0.8472,2,1,-1
508,125,1848.83,325.94,24.21,66.63,0.8146,2,2,-1
508,135,1153.85,452.50,51.94,107.98,0.9176,2,1,-1
508,136,728.22,908.36,73.89,168.38,0.7460,2,1,-1
508,138,809.99,496.48,58.52,103.75,0.9306,2,2,-1
508,139,1128.79,372.71,38.03,89.46,0.9099,2,2,-1
508,140,926.68,265.81,21.99,59.14,0.8857,3,0,-1
508,154,43.25,523.02,53.16,118.41,0.9330,2,1,-1
508,156,755.77,325.43,35.06,70.15,0.9241,2,1,-1
508,162,1376.37,367.22,31.64,91.41,0.8936,2,2,-1
508,172,890.90,332.21,42.18,76.44,0.8844,2,2,-1
508,0,818.83,373.53,16.98,13.28,1.0,0,-1,-1
509,3,1340.21,446.65,24.30,96.35,0.8584,2,2,-1
509,4,1754.63,425.17,44.90,98.79,0.9323,3,0,-1
509,11,1306.26,396.02,26.21,61.80,0.8675,2,1,-1
509,72,1249.10,360.17,24.76,90.18,0.8912,2,1,-1
509,103,1182.82,298.98,17.40,42.18,0.8433,2,1,-1
509,125,1849.73,330.89,23.67,62.26,0.8499,2,2,-1
509,135,1156.35,452.54,49.65,108.00,0.9219,2,1,-1
509,136,732.37,908.95,64.26,166.62,0.8236,2,1,-1
509,138,809.61,496.45,54.01,103.56,0.9334,2,2,-1
509,139,1133.06,372.82,38.40,88.48,0.9162,2,2,-1
509,140,926.88,265.84,21.42,59.32,0.8870,3,0,-1
509,154,41.61,522.11,52.97,119.91,0.9343,2,1,-1
509,156,757.71,325.29,36.97,70.96,0.9230,2,1,-1
509,162,1377.54,367.41,33.66,90.62,0.9127,2,2,-1
509,172,889.26,331.10,37.20,80.89,0.8903,2,2,-1
509,0,838.29,371.25,17.29,13.69,1.0,0,-1,-1
510,3,1339.62,445.60,23.92,98.24,0.8638,2,2,-1
510,4,1755.86,424.47,39.18,99.40,0.9257,3,0,-1
510,11,1306.32,396.38,26.03,61.47,0.8557,2,1,-1
510,72,1249.84,360.52,24.21,90.05,0.8874,2,1,-1
510,103,1178.03,282.31,26.44,59.40,0.8478,2,1,-1
510,125,1849.44,335.41,25.20,56.96,0.8748,2,2,-1
510,135,1158.23,452.65,47.25,107.74,0.9220,2,1,-1
510,136,732.01,909.13,62.43,167.72,0.7899,2,1,-1
510,138,807.00,496.13,49.42,103.71,0.9310,2,2,-1
510,139,1135.26,372.66,39.17,88.26,0.9149,2,2,-1
510,140,926.79,265.47,21.28,59.96,0.8403,3,0,-1
510,154,38.58,521.09,51.89,120.08,0.9281,2,1,-1
510,156,758.96,324.32,35.90,70.71,0.9258,2,1,-1
510,162,1378.01,367.58,34.46,91.19,0.9136,2,2,-1
510,172,886.40,329.10,33.60,79.69,0.8670,2,2,-1
510,0,856.43,370.10,17.09,12.91,1.0,0,-1,-1
511,3,1338.37,445.05,24.24,98.70,0.8830,2,2,-1
511,4,1755.76,423.98,33.31,98.98,0.9237,3,0,-1
511,11,1304.33,387.06,27.71,70.81,0.8658,2,1,-1
511,68,1848.55,316.04,29.84,76.16,0.9135,2,1,-1
511,72,1249.93,360.53,23.97,90.30,0.8873,2,1,-1
511,103,1170.26,283.06,29.31,59.74,0.8746,2,1,-1
511,135,1158.97,452.58,45.84,107.97,0.9230,2,1,-1
511,136,729.62,908.99,62.97,170.59,0.5603,2,1,-1
511,138,804.27,495.40,44.99,104.97,0.8902,2,2,-1
511,139,1136.48,372.68,39.16,87.75,0.9132,2,2,-1
511,140,926.65,265.60,21.13,59.34,0.5770,3,0,-1
511,154,32.05,518.88,50.62,121.25,0.9311,2,1,-1
511,156,759.70,323.59,35.09,70.53,0.9264,2,1,-1
511,162,1379.95,368.05,34.53,91.93,0.9109,2,2,-1
511,172,883.52,327.91,31.33,79.94,0.8510,2,2,-1
512,3,1336.47,444.98,24.52,100.05,0.8744,2,2,-1
512,4,1752.28,423.84,31.43,98.69,0.9211,3,0,-1
512,11,1303.24,370.37,29.15,87.34,0.8636,2,1,-1
512,68,1850.06,322.39,29.52,69.80,0.8997,2,1,-1
512,72,1249.67,360.80,24.08,90.09,0.8884,2,1,-1
512,103,1166.82,285.25,29.66,57.21,0.8969,2,1,-1
512,135,1159.66,452.71,44.04,107.93,0.9220,2,1,-1
512,138,802.97,494.77,37.30,105.38,0.8845,2,2,-1
512,139,1136.81,372.99,38.83,87.56,0.9177,2,2,-1
512,140,924.88,265.64,21.93,59.69,0.8747,3,0,-1
512,154,27.13,516.83,50.50,122.92,0.9306,2,1,-1
512,156,759.76,322.95,35.09,71.49,0.9230,2,1,-1
512,162,1381.48,368.22,34.49,91.19,0.9142,2,2,-1
512,172,866.53,326.38,42.28,82.96,0.9165,2,2,-1
513,3,1336.05,445.81,24.44,100.96,0.8867,2,2,-1
513,4,1746.66,423.36,32.34,99.97,0.9108,3,0,-1
513,11,1304.23,377.26,25.09,80.46,0.8653,2,1,-1
513,72,1249.86,361.30,23.98,89.74,0.8793,2,1,-1
513,88,1849.24,344.76,32.31,47.66,0.8968,2,2,-1
513,103,1164.77,285.76,28.61,57.40,0.9002,2,1,-1
513,118,1858.68,314.80,19.06,37.51,0.7793,2,2,-1
513,135,1160.01,452.71,42.60,107.88,0.9218,2,1,-1
513,138,801.02,493.92,31.50,106.12,0.9049,2,2,-1
513,139,1136.66,372.83,39.39,87.90,0.9192,2,2,-1
513,140,922.29,266.46,23.17,59.49,0.8747,3,0,-1
513,154,24.59,514.96,51.36,124.02,0.9335,2,1,-1
513,156,759.25,320.93,35.27,73.51,0.9175,2,1,-1
513,162,1381.27,368.66,35.95,91.75,0.9156,2,2,-1
513,172,862.21,326.63,43.00,81.45,0.9133,2,2,-1
513,0,907.68,361.23,15.58,14.70,1.0,0,-1,-1
514,3,1335.37,446.42,25.07,101.98,0.8980,2,2,-1
514,4,1742.97,423.18,33.29,99.33,0.9181,3,0,-1
514,11,1304.87,394.03,21.12,64.10,0.8686,2,1,-1
514,72,1249.28,360.81,24.95,90.12,0.8884,2,1,-1
514,88,1850.22,347.63,31.46,44.87,0.8924,2,2,-1
514,103,1163.89,286.15,27.22,56.81,0.8623,2,1,-1
514,118,1860.25,315.20,18.50,37.37,0.6938,2,2,-1
514,135,1159.93,452.82,41.65,107.44,0.9237,2,1,-1
514,138,798.20,493.69,28.98,106.05,0.9010,2,2,-1
514,139,1136.68,372.76,37.87,87.21,0.9184,2,2,-1
514,140,920.94,266.75,24.02,59.07,0.8698,3,0,-1
514,154,22.34,514.71,50.18,123.94,0.9345,2,1,-1
514,156,758.91,318.99,35.41,74.92,0.9263,2,1,-1
514,162,1381.05,368.87,37.87,91.93,0.9137,2,2,-1
514,172,858.34,326.76,43.59,80.26,0.9271,2,2,-1
514,0,922.52,359.31,14.63,12.00,1.0,0,-1,-1
515,3,1334.86,447.52,24.79,101.47,0.9010,2,2,-1
515,4,1736.95,423.21,36.09,100.69,0.9310,3,0,-1
515,11,1302.76,397.78,21.23,60.60,0.8871,2,1,-1
515,72,1248.57,361.94,25.77,88.64,0.8932,2,1,-1
515,88,1847.39,344.15,34.57,48.36,0.8958,2,2,-1
515,103,1162.23,285.19,26.31,57.77,0.8842,2,1,-1
515,118,1860.50,314.99,19.39,39.52,0.6096,2,2,-1
515,135,1159.54,452.97,41.31,107.28,0.9253,2,1,-1
515,138,791.39,494.13,32.71,105.84,0.9100,2,2,-1
515,139,1136.53,372.74,36.62,87.23,0.9210,2,2,-1
515,140,918.27,266.43,25.75,59.75,0.8822,3,0,-1
515,154,19.86,514.95,50.24,124.17,0.9343,2,1,-1
515,156,757.75,318.49,35.20,75.20,0.9229,2,1,-1
515,162,1382.46,369.22,38.35,91.06,0.9168,2,2,-1
515,172,856.79,327.91,41.11,78.61,0.9327,2,2,-1
515,0,937.17,358.95,15.21,12.06,1.0,0,-1,-1
516,3,1333.88,448.05,24.70,101.05,0.8907,2,2,-1
516,4,1728.49,424.00,41.69,100.39,0.9367,3,0,-1
516,11,1300.56,397.26,22.18,61.14,0.8846,2,1,-1
516,72,1248.14,362.21,25.91,88.16,0.8817,2,1,-1
516,88,1847.51,342.85,34.82,49.59,0.8916,2,2,-1
516,103,1161.20,284.64,24.74,58.63,0.8874,2,1,-1
516,135,1158.74,452.79,41.67,107.47,0.9263,2,1,-1
516,138,782.99,494.68,39.34,105.35,0.9167,2,2,-1
516,139,1136.29,373.26,35.45,86.65,0.9197,2,2,-1
516,140,916.30,266.80,26.62,59.81,0.8865,3,0,-1
516,154,16.95,516.64,49.89,123.17,0.9384,2,1,-1
516,156,756.83,317.50,35.18,77.90,0.9245,2,1,-1
516,162,1383.56,370.12,40.44,89.67,0.9193,2,2,-1
516,172,855.32,326.78,38.09,79.32,0.9223,2,2,-1
516,0,951.90,358.13,15.42,11.83,1.0,0,-1,-1
517,3,1334.58,471.50,21.63,77.20,0.8688,2,2,-1
517,4,1720.31,424.73,48.37,99.36,0.9409,3,0,-1
517,11,1297.19,380.70,25.43,78.21,0.8769,2,1,-1
517,72,1252.35,363.77,23.47,84.81,0.7627,2,1,-1
517,88,1848.02,345.55,33.63,46.77,0.8935,2,2,-1
517,103,1160.16,282.18,23.62,61.00,0.8628,2,1,-1
517,118,1863.08,315.06,18.02,36.90,0.5306,2,2,-1
517,135,1158.35,452.31,41.99,107.43,0.9254,2,1,-1
517,138,772.11,495.91,50.02,104.05,0.9311,2,2,-1
517,139,1135.81,373.95,33.84,86.04,0.9076,2,2,-1
517,140,915.04,267.72,27.08,58.87,0.8905,3,0,-1
517,154,14.26,518.27,49.77,121.60,0.9349,2,1,-1
517,156,756.12,317.41,34.13,77.77,0.9271,2,1,-1
517,162,1383.73,370.23,41.64,89.48,0.9196,2,2,-1
517,172,854.71,325.43,35.22,77.86,0.8740,2,2,-1
517,0,967.15,355.28,14.31,12.95,1.0,0,-1,-1
518,3,1331.29,448.07,27.76,101.27,0.9004,2,2,-1
518,4,1716.99,424.69,51.67,99.94,0.9314,3,0,-1
518,72,1252.50,364.07,22.09,85.18,0.7590,2,1,-1
518,88,1846.77,345.19,34.99,47.31,0.9022,2,2,-1
518,103,1158.99,283.09,20.81,59.18,0.8709,2,1,-1
518,118,1864.34,314.24,17.56,36.11,0.6398,2,2,-1
518,135,1157.69,452.20,42.87,107.70,0.9234,2,1,-1
518,138,766.65,496.45,55.14,104.86,0.9330,2,2,-1
518,139,1135.82,374.11,33.17,86.04,0.9080,2,2,-1
518,140,913.57,268.33,27.07,58.03,0.8851,3,0,-1
518,154,10.91,519.36,49.69,120.30,0.9334,2,1,-1
518,156,755.38,317.38,34.07,77.77,0.9258,2,1,-1
518,159,1296.62,399.01,22.99,60.91,0.8655,2,2,-1
518,162,1384.37,370.59,44.02,88.78,0.9171,2,2,-1
518,172,852.93,323.00,33.59,78.90,0.8972,2,2,-1
518,0,980.17,353.26,14.61,12.24,1.0,0,-1,-1
519,3,1329.37,447.66,28.99,101.69,0.8955,2,2,-1
519,4,1713.58,424.89,53.31,99.97,0.9336,3,0,-1
519,72,1252.63,366.27,20.67,82.93,0.6891,2,1,-1
519,88,1846.65,341.13,34.91,51.53,0.9027,2,2,-1
519,103,1158.33,297.25,16.25,45.18,0.8430,2,1,-1
519,118,1864.15,314.15,17.73,36.50,0.5337,2,2,-1
519,135,1156.99,452.09,44.91,106.30,0.9274,2,1,-1
519,138,762.35,498.37,57.74,103.30,0.9345,2,2,-1
519,139,1134.51,374.70,33.35,85.40,0.9044,2,2,-1
519,140,911.43,268.84,27.46,58.37,0.8820,3,0,-1
519,154,8.52,519.27,48.89,120.33,0.9343,2,1,-1
519,156,754.55,317.45,33.46,77.92,0.9224,2,1,-1
519,159,1294.77,398.97,23.72,61.81,0.8682,2,2,-1
519,162,1384.83,370.13,45.58,88.97,0.9201,2,2,-1
519,172,849.98,321.10,34.31,81.39,0.9095,2,2,-1
519,0,993.39,349.99,15.09,13.59,1.0,0,-1,-1
520,3,1325.78,447.84,31.35,101.54,0.9019,2,2,-1
520,4,1709.66,425.54,53.68,99.29,0.9399,3,0,-1
520,11,1291.68,368.67,26.56,92.37,0.8905,2,1,-1
520,68,1847.00,314.03,33.77,78.84,0.9066,2,1,-1
520,72,1245.05,362.76,24.98,89.05,0.8861,2,1,-1
520,103,1154.38,292.25,18.27,50.28,0.8418,2,1,-1
520,135,1156.63,451.74,46.74,104.41,0.9286,2,1,-1
520,138,760.24,498.41,55.11,103.66,0.9385,2,2,-1
520,139,1132.08,375.20,34.57,85.01,0.8928,2,2,-1
520,140,909.62,267.74,27.56,59.11,0.8839,3,0,-1
520,154,4.73,518.76,49.56,121.63,0.9383,2,1,-1
520,156,752.67,317.60,32.68,77.60,0.9207,2,1,-1
520,162,1383.68,369.11,47.93,90.43,0.9221,2,2,-1
520,172,846.53,319.60,35.63,81.99,0.9111,2,2,-1
520,0,1006.07,348.16,14.16,13.25,1.0,0,-1,-1
521,3,1322.92,448.49,33.09,99.77,0.9069,2,2,-1
521,4,1706.79,425.14,51.93,99.45,0.9374,3,0,-1
521,11,1289.51,369.17,26.21,91.78,0.8705,2,1,-1
521,72,1243.31,363.32,25.14,87.73,0.8967,2,1,-1
521,103,1151.59,299.20,16.81,42.78,0.8493,2,1,-1
521,118,1864.30,314.18,18.30,39.18,0.6714,2,2,-1
521,125,1851.08,347.17,26.56,45.50,0.8846,2,2,-1
521,135,1154.92,450.82,49.85,104.87,0.9300,2,1,-1
521,138,755.59,498.94,52.81,103.23,0.9295,2,2,-1
521,139,1131.39,375.26,34.33,84.84,0.8997,2,2,-1
521,140,906.04,267.73,27.23,59.07,0.8509,3,0,-1
521,154,2.13,518.25,52.06,122.34,0.9284,2,1,-1
521,156,750.45,317.90,32.32,77.40,0.9217,2,1,-1
521,162,1384.92,366.93,47.62,92.06,0.9301,2,2,-1
521,172,841.02,318.66,37.55,82.22,0.9106,2,2,-1
521,0,1017.85,347.85,13.79,12.12,1.0,0,-1,-1
522,3,1319.82,448.13,35.55,100.39,0.9186,2,2,-1
522,4,1704.12,425.73,46.93,98.48,0.9345,3,0,-1
522,11,1287.08,370.88,25.97,90.37,0.8840,2,1,-1
522,72,1241.41,363.49,25.46,88.01,0.8880,2,1,-1
522,103,1146.84,283.30,22.41,59.36,0.8599,2,1,-1
522,118,1864.10,312.96,17.88,39.09,0.6676,2,2,-1
522,125,1850.62,343.91,26.60,48.32,0.8731,2,2,-1
522,135,1152.92,450.31,52.40,104.70,0.9290,2,1,-1
522,138,755.85,498.83,45.98,103.11,0.9160,2,2,-1
522,139,1129.26,375.28,34.25,84.93,0.9084,2,2,-1
522,140,903.25,267.07,26.36,59.47,0.8342,3,0,-1
522,154,-0.00,518.13,52.06,122.21,0.9297,2,1,-1
522,156,747.33,317.85,33.40,77.36,0.9213,2,1,-1
522,162,1386.35,364.81,45.85,94.56,0.9215,2,2,-1
522,172,836.31,318.39,39.78,82.07,0.9109,2,2,-1
522,0,1028.54,347.45,14.81,12.05,1.0,0,-1,-1
523,3,1316.47,448.19,37.99,100.93,0.9154,2,2,-1
523,4,1702.34,425.32,41.58,97.57,0.9265,3,0,-1
523,11,1283.08,369.30,28.14,92.43,0.8925,2,1,-1
523,72,1238.53,362.36,26.44,89.39,0.8945,2,1,-1
523,103,1140.80,284.47,24.17,58.33,0.8688,2,1,-1
523,118,1861.59,312.60,18.72,41.59,0.7075,2,2,-1
523,125,1851.46,347.61,23.78,45.03,0.8443,2,2,-1
523,135,1150.21,450.11,55.65,105.41,0.9204,2,1,-1
523,138,752.50,498.19,40.10,103.24,0.9054,2,2,-1
523,139,1127.53,374.34,33.96,85.49,0.9082,2,2,-1
523,140,899.17,268.00,25.13,58.96,0.7833,3,0,-1
523,154,-0.38,518.61,49.86,122.12,0.9317,2,1,-1
523,156,743.28,318.18,32.80,77.62,0.9266,2,1,-1
523,162,1389.99,363.01,42.61,93.75,0.9093,2,2,-1
523,172,831.46,319.78,42.53,79.89,0.9100,2,2,-1
523,0,1039.97,347.38,14.06,11.73,1.0,0,-1,-1
524,3,1314.08,447.97,40.26,100.42,0.9237,2,2,-1
524,4,1701.29,425.21,35.87,98.01,0.9271,3,0,-1
524,11,1279.78,371.16,29.70,91.09,0.9026,2,1,-1
524,68,1851.94,311.63,26.54,81.67,0.9050,2,1,-1
524,72,1236.69,362.57,26.34,89.20,0.9034,2,1,-1
524,103,1136.77,285.58,24.71,58.19,0.8829,2,1,-1
524,135,1146.84,449.83,58.99,106.14,0.9229,2,1,-1
524,138,748.04,497.75,35.96,104.38,0.9059,2,2,-1
524,139,1125.85,373.77,34.00,84.59,0.9100,2,2,-1
524,140,895.90,268.05,23.56,58.24,0.8361,3,0,-1
524,154,-0.75,518.67,46.45,123.08,0.9278,2,1,-1
524,156,740.46,318.29,32.65,77.51,0.9294,2,1,-1
524,162,1391.15,361.85,38.77,94.61,0.9033,2,2,-1
524,172,825.21,320.86,44.85,79.87,0.9171,2,2,-1
524,0,1049.14,344.68,14.14,12.58,1.0,0,-1,-1
525,3,1312.03,448.46,42.36,101.74,0.9202,2,2,-1
525,4,1697.12,424.89,34.14,98.62,0.9282,3,0,-1
525,11,1275.29,371.49,31.90,91.72,0.9104,2,1,-1
525,68,1852.34,314.97,24.75,78.45,0.9066,2,1,-1
525,72,1234.34,363.40,26.88,89.24,0.9036,2,1,-1
525,103,1133.49,288.73,23.36,54.74,0.8627,2,1,-1
525,135,1143.54,450.05,60.63,105.51,0.9176,2,1,-1
525,138,744.12,496.93,33.92,106.65,0.9109,2,2,-1
525,139,1123.66,372.30,34.14,86.24,0.9010,2,2,-1
525,140,892.33,268.24,22.68,58.84,0.8721,3,0,-1
525,154,-0.87,519.19,42.26,122.97,0.9244,2,1,-1
525,156,737.24,318.44,32.00,77.22,0.9306,2,1,-1
525,162,1392.52,362.11,35.60,94.99,0.8951,2,2,-1
525,172,821.28,323.20,45.00,77.33,0.9108,2,2,-1
525,0,1058.38,342.89,14.20,13.29,1.0,0,-1,-1
526,3,1310.47,449.15,42.93,100.71,0.9234,2,2,-1
526,4,1693.67,425.09,33.03,98.55,0.9211,3,0,-1
526,11,1271.02,371.68,33.05,91.04,0.9061,2,1,-1
526,68,1849.32,320.59,25.06,72.97,0.8899,2,1,-1
526,72,1231.14,364.35,27.28,88.43,0.9063,2,1,-1
526,103,1131.38,288.16,23.55,55.48,0.8842,2,1,-1
526,135,1139.95,450.35,63.07,105.47,0.9151,2,1,-1
526,138,740.94,497.30,32.93,107.36,0.9056,2,2,-1
526,139,1122.50,371.83,33.22,84.26,0.9035,2,2,-1
526,140,888.71,268.97,22.54,58.94,0.8477,3,0,-1
526,154,-0.77,519.59,38.40,122.77,0.9249,2,1,-1
526,156,733.97,318.36,31.44,76.99,0.9181,2,1,-1
526,162,1392.68,363.55,32.94,94.55,0.9057,2,2,-1
526,172,818.12,325.47,45.72,75.60,0.9094,2,2,-1
526,0,1067.79,341.82,13.95,13.64,1.0,0,-1,-1
527,3,1309.14,450.08,42.59,100.45,0.9249,2,2,-1
527,4,1687.88,424.95,33.59,100.65,0.9233,3,0,-1
527,11,1267.06,372.08,34.83,92.07,0.9129,2,1,-1
527,68,1846.88,321.89,26.25,71.27,0.9036,2,-1,-1
527,72,1228.91,364.01,27.37,88.54,0.9010,2,1,-1
527,103,1127.57,288.43,23.35,55.37,0.8727,2,1,-1
527,135,1135.78,450.54,63.90,104.94,0.8926,2,1,-1
527,138,733.05,497.71,35.27,107.33,0.9145,2,2,-1
527,139,1120.16,371.33,33.17,86.45,0.8932,2,2,-1
527,140,885.36,269.66,22.26,57.78,0.8494,3,0,-1
527,154,-0.81,520.95,33.81,122.00,0.9283,2,1,-1
527,156,729.29,318.09,30.06,78.52,0.9097,2,1,-1
527,162,1392.06,366.78,32.48,92.92,0.9104,2,2,-1
527,172,816.43,326.36,44.86,73.30,0.8953,2,2,-1
527,0,1077.30,341.49,12.59,12.43,1.0,0,-1,-1
528,3,1307.54,450.65,42.14,101.03,0.9246,2,2,-1
528,4,1681.77,425.35,35.02,100.03,0.9298,3,0,-1
528,11,1263.23,372.72,35.82,91.79,0.9178,2,1,-1
528,68,1843.63,319.91,30.06,74.73,0.9101,2,2,-1
528,72,1227.07,364.77,27.56,88.13,0.9069,2,1,-1
528,103,1124.45,290.01,22.84,54.20,0.8592,2,1,-1
528,135,1131.70,450.83,64.84,105.11,0.8813,2,1,-1
528,138,724.11,498.60,39.88,107.44,0.9285,2,2,-1
528,139,1120.08,371.42,31.51,86.05,0.9125,2,2,-1
528,140,880.64,269.67,22.08,57.53,0.8580,3,0,-1
528,154,-0.58,522.13,30.62,121.30,0.9250,2,1,-1
528,156,725.51,317.97,29.90,78.41,0.9124,2,1,-1
528,162,1390.77,369.52,34.24,89.75,0.9180,2,2,-1
528,172,811.06,325.81,40.97,74.73,0.8984,2,2,-1
528,0,1084.73,341.00,12.34,12.06,1.0,0,-1,-1
529,3,1305.85,451.23,41.39,101.09,0.9240,2,2,-1
529,4,1675.22,425.80,37.03,100.36,0.9314,3,0,-1
529,11,1259.98,373.18,35.93,91.24,0.9168,2,1,-1
529,68,1839.31,319.86,33.23,75.89,0.9108,2,2,-1
529,72,1225.78,364.33,27.15,88.76,0.9033,2,1,-1
529,103,1122.46,291.56,21.29,50.99,0.6192,2,1,-1
529,135,1123.89,450.48,46.92,105.93,0.9119,2,1,-1
529,136,660.51,920.19,80.61,159.81,0.6285,2,1,-1
529,138,719.51,499.44,41.26,106.96,0.9297,2,2,-1
529,139,1118.27,371.67,30.64,86.15,0.9041,2,2,-1
529,140,875.66,270.63,22.51,57.33,0.8565,3,0,-1
529,154,-0.59,523.07,26.88,120.26,0.9169,2,1,-1
529,156,721.46,318.36,28.86,77.73,0.9165,2,1,-1
529,162,1387.35,372.60,41.72,87.65,0.9293,2,2,-1
529,172,809.03,325.49,36.53,74.72,0.9012,2,2,-1
529,0,1093.18,338.72,11.83,13.04,1.0,0,-1,-1
530,3,1303.88,451.00,39.98,102.24,0.9275,2,2,-1
530,4,1670.22,425.89,37.43,100.70,0.9266,3,0,-1
530,11,1256.32,373.20,36.35,91.89,0.9080,2,1,-1
530,68,1834.88,322.26,36.07,73.87,0.9192,2,2,-1
530,72,1224.03,364.89,26.30,87.78,0.9055,2,1,-1
530,103,1123.57,299.23,17.31,42.36,0.6582,2,1,-1
530,135,1126.37,450.25,54.76,106.25,0.8987,2,1,-1
530,138,715.74,499.97,40.71,107.74,0.9250,2,2,-1
530,139,1115.55,372.86,31.44,85.47,0.9096,2,2,-1
530,140,871.63,271.43,23.60,57.67,0.8579,3,0,-1
530,154,-0.89,523.74,24.05,121.39,0.9084,2,1,-1
530,156,717.07,318.70,27.77,77.08,0.9094,2,1,-1
530,162,1383.65,376.80,48.74,84.45,0.9257,2,2,-1
530,172,806.16,324.28,32.89,76.17,0.9017,2,2,-1
530,0,1100.30,338.55,11.16,11.63,1.0,0,-1,-1
531,3,1301.86,451.55,39.41,102.45,0.9264,2,2,-1
531,4,1666.98,426.12,36.48,100.57,0.9263,3,0,-1
531,11,1254.32,373.38,36.24,92.65,0.9119,2,1,-1
531,68,1831.67,320.61,38.40,76.31,0.9204,2,2,-1
531,72,1223.21,366.15,25.23,87.67,0.9032,2,1,-1
531,135,1117.24,450.30,47.52,105.92,0.8761,2,1,-1
531,138,711.82,501.25,40.51,107.06,0.9384,2,2,-1
531,139,1113.48,374.34,31.16,83.38,0.9115,2,2,-1
531,140,866.53,270.46,24.88,59.49,0.8749,3,0,-1
531,153,1112.94,290.17,27.34,51.87,0.8192,2,2,-1
531,154,-1.35,525.26,20.97,121.18,0.8839,2,1,-1
531,156,712.36,318.93,27.48,76.57,0.9131,2,1,-1
531,162,1381.02,379.33,52.72,81.32,0.9192,2,2,-1
531,172,802.97,324.98,30.32,74.90,0.8967,2,2,-1
531,0,1107.46,338.32,11.13,11.20,1.0,0,-1,-1
532,3,1299.28,452.93,38.84,102.22,0.9249,2,2,-1
532,4,1664.02,426.56,35.97,100.92,0.9241,3,0,-1
532,11,1251.96,374.13,35.56,92.03,0.9192,2,1,-1
532,68,1828.38,322.06,38.40,75.34,0.9190,2,2,-1
532,72,1222.26,366.64,24.33,87.11,0.9029,2,1,-1
532,135,1115.37,451.64,41.60,104.50,0.9071,2,1,-1
532,138,707.39,501.85,40.93,107.09,0.9285,2,2,-1
532,139,1110.96,375.51,32.33,82.54,0.9131,2,2,-1
532,140,862.48,271.71,24.68,58.22,0.8623,3,0,-1
532,153,1110.90,291.58,25.90,52.23,0.7185,2,2,-1
532,154,-1.28,529.46,18.18,119.19,0.8675,2,1,-1
532,156,705.76,319.86,29.87,76.94,0.9170,2,1,-1
532,162,1377.28,380.44,56.08,80.09,0.9233,2,2,-1
532,172,802.79,322.88,28.40,76.52,0.8959,2,2,-1
533,3,1295.68,453.29,40.24,102.36,0.9229,2,2,-1
533,4,1661.25,427.14,35.75,100.66,0.9350,3,0,-1
533,11,1249.18,374.90,35.37,92.08,0.9161,2,1,-1
533,68,1827.26,326.12,36.54,71.75,0.9073,2,2,-1
533,72,1220.53,369.57,24.43,85.95,0.8859,2,1,-1
533,135,1113.12,451.27,43.33,105.54,0.8865,2,1,-1
533,138,702.76,502.47,41.16,106.61,0.9237,2,2,-1
533,139,1109.13,376.78,32.82,78.83,0.8868,2,2,-1
533,140,858.71,273.43,25.61,57.84,0.8821,3,0,-1
533,153,1106.18,291.25,26.01,55.56,0.7209,2,2,-1
533,154,-0.17,568.25,12.57,82.40,0.7710,2,1,-1
533,156,699.29,320.50,32.03,77.42,0.9136,2,1,-1
533,162,1374.43,381.26,56.30,80.61,0.9292,2,2,-1
533,172,800.73,322.49,27.02,77.89,0.9020,2,2,-1
534,3,1293.72,453.76,40.95,102.06,0.9273,2,2,-1
534,4,1657.94,427.77,35.54,100.83,0.9355,3,0,-1
534,11,1247.11,375.80,33.68,92.06,0.9085,2,1,-1
534,68,1824.09,320.07,38.36,78.66,0.9202,2,2,-1
534,72,1218.13,369.58,25.79,85.71,0.8945,2,1,-1
534,135,1108.79,451.80,42.58,105.35,0.8912,2,1,-1
534,138,699.62,502.98,41.70,106.87,0.9358,2,2,-1
534,139,1106.86,377.75,34.18,79.14,0.8988,2,2,-1
534,140,855.06,274.53,25.18,56.93,0.8838,3,0,-1
534,153,1105.11,292.02,26.39,55.75,0.8408,2,2,-1
534,154,-2.41,557.51,13.44,94.07,0.6441,2,1,-1
534,156,693.81,321.72,32.81,77.17,0.9155,2,1,-1
534,162,1373.57,381.07,56.58,81.30,0.9277,2,2,-1
534,172,800.03,323.16,24.95,77.52,0.8944,2,2,-1
535,3,1291.35,454.74,42.34,102.26,0.9289,2,2,-1
535,4,1654.16,428.53,36.20,100.60,0.9375,3,0,-1
535,11,1244.66,376.42,33.98,91.83,0.9099,2,1,-1
535,68,1823.83,320.88,35.76,78.14,0.9153,2,2,-1
535,72,1215.39,368.76,27.69,87.52,0.8971,2,1,-1
535,135,1105.89,452.40,42.16,105.15,0.8937,2,1,-1
535,138,695.83,503.35,41.20,107.93,0.9304,2,2,-1
535,139,1106.52,378.97,33.84,77.33,0.8903,2,2,-1
535,140,851.37,273.86,26.00,58.60,0.8657,3,0,-1
535,153,1102.01,292.23,27.02,55.80,0.8786,2,2,-1
535,156,690.51,322.23,32.39,77.58,0.9133,2,1,-1
535,162,1373.72,382.79,56.18,79.18,0.9206,2,2,-1
535,172,798.12,323.89,24.58,77.89,0.8941,2,2,-1
535,177,619.21,916.03,99.89,99.26,0.8226,2,-1,-1
536,3,1290.18,455.72,42.07,101.78,0.9340,2,2,-1
536,4,1647.36,429.26,39.34,101.14,0.9435,3,0,-1
536,11,1242.10,376.52,33.64,93.22,0.9113,2,1,-1
536,68,1824.19,321.48,33.23,78.17,0.8988,2,2,-1
536,72,1211.39,369.70,30.48,86.86,0.8972,2,1,-1
536,135,1102.86,451.78,43.61,106.59,0.8977,2,1,-1
536,138,692.97,504.35,40.23,107.66,0.9232,2,2,-1
536,139,1101.52,380.47,36.65,77.26,0.8859,2,2,-1
536,140,847.68,275.29,25.47,57.99,0.8840,3,0,-1
536,153,1099.18,293.50,26.84,54.79,0.8708,2,2,-1
536,156,686.77,323.47,31.22,76.29,0.9051,2,1,-1
536,162,1374.31,384.79,55.81,77.54,0.9227,2,2,-1
536,172,794.83,325.76,23.50,75.67,0.8965,2,2,-1
536,177,619.09,915.03,98.65,99.77,0.7737,2,-1,-1
537,3,1288.66,456.06,41.36,102.43,0.9382,2,2,-1
537,4,1640.52,430.02,43.10,101.42,0.9422,3,0,-1
537,11,1239.55,377.35,32.96,93.00,0.9153,2,1,-1
537,68,1825.41,320.16,30.92,79.77,0.8983,2,2,-1
537,72,1209.03,370.26,32.93,86.68,0.8845,2,1,-1
537,135,1099.21,452.59,42.95,105.52,0.8877,2,1,-1
537,137,1416.33,381.85,16.00,32.96,0.6780,2,1,-1
537,138,689.20,505.51,40.32,107.94,0.9378,2,2,-1
537,139,1098.57,381.54,38.84,76.28,0.8964,2,2,-1
537,140,844.55,276.78,25.40,57.71,0.7228,3,0,-1
537,153,1096.12,295.03,26.77,54.17,0.8476,2,2,-1
537,156,683.29,324.66,30.91,76.16,0.9112,2,1,-1
537,162,1376.98,385.49,53.53,77.14,0.8951,2,2,-1
537,172,792.47,327.19,23.42,75.54,0.8977,2,2,-1
537,177,622.79,915.14,92.87,99.19,0.7919,2,-1,-1
538,3,1287.92,457.50,40.82,101.22,0.9290,2,2,-1
538,4,1632.79,430.11,49.18,101.62,0.9375,3,0,-1
538,11,1237.74,378.52,31.94,92.90,0.9111,2,1,-1
538,68,1826.00,322.73,27.79,78.75,0.9053,2,2,-1
538,72,1205.66,371.74,36.43,86.64,0.9090,2,1,-1
538,103,1094.97,305.15,22.15,44.23,0.7822,2,1,-1
538,135,1095.26,452.50,41.29,105.24,0.8780,2,1,-1
538,136,631.76,917.61,78.48,143.97,0.7771,2,1,-1
538,138,686.09,506.85,40.92,107.06,0.9323,2,2,-1
538,139,1096.55,381.96,40.02,74.51,0.9108,2,2,-1
538,140,840.95,277.06,25.07,57.62,0.8786,3,0,-1
538,156,679.33,325.45,30.89,76.19,0.9166,2,1,-1
538,162,1382.49,382.23,51.09,81.30,0.8948,2,2,-1
538,172,789.74,327.89,23.83,75.56,0.8853,2,2,-1
539,3,1287.61,458.67,40.55,101.26,0.9304,2,2,-1
539,4,1626.77,431.39,54.45,101.54,0.9416,3,0,-1
539,11,1234.59,379.72,32.63,91.73,0.9079,2,1,-1
539,68,1826.61,323.61,25.94,77.74,0.9020,2,2,-1
539,72,1203.22,376.56,36.81,82.37,0.8749,2,1,-1
539,135,1094.53,453.07,45.77,105.02,0.8865,2,1,-1
539,136,628.33,917.78,85.01,159.88,0.5857,2,1,-1
539,138,683.60,508.07,41.41,106.52,0.9319,2,2,-1
539,139,1096.12,381.77,40.32,76.36,0.9169,2,2,-1
539,140,837.77,277.02,25.14,58.36,0.8712,3,0,-1
539,153,1090.68,292.53,27.60,58.24,0.8645,2,2,-1
539,156,676.28,326.12,29.99,76.44,0.9112,2,1,-1
539,162,1389.22,381.79,45.55,82.07,0.8848,2,2,-1
539,172,786.54,329.43,24.40,75.96,0.9145,2,2,-1
540,3,1286.84,459.11,39.11,101.27,0.9247,2,2,-1
540,4,1621.57,431.55,58.42,102.34,0.9396,3,0,-1
540,11,1231.91,380.11,32.99,92.49,0.8941,2,1,-1
540,68,1825.02,323.72,25.94,79.44,0.8999,2,2,-1
540,72,1200.05,377.45,38.16,82.80,0.8801,2,1,-1
540,135,1092.83,453.63,56.69,104.49,0.9001,2,1,-1
540,136,629.34,917.94,84.02,162.00,0.6812,2,1,-1
540,138,679.90,509.10,43.09,106.69,0.9303,2,2,-1
540,139,1097.57,380.92,38.90,76.39,0.9132,2,2,-1
540,140,833.87,278.15,24.82,58.48,0.8637,3,0,-1
540,153,1089.81,295.34,24.71,55.83,0.8846,2,2,-1
540,156,673.62,327.22,29.91,76.36,0.9121,2,1,-1
540,162,1394.20,380.06,41.61,83.59,0.9027,2,2,-1
540,172,784.58,329.10,24.35,76.56,0.9097,2,2,-1
541,3,1286.33,460.23,37.88,100.80,0.9247,2,2,-1
541,4,1618.10,432.02,60.66,102.89,0.9342,3,0,-1
541,11,1229.19,381.73,33.22,92.40,0.8850,2,1,-1
541,68,1822.62,323.27,27.08,81.20,0.8864,2,2,-1
541,72,1195.72,378.52,39.92,82.21,0.8995,2,1,-1
541,135,1087.81,453.77,60.32,104.70,0.9205,2,1,-1
541,136,655.83,918.74,53.73,97.54,0.8797,2,1,-1
541,138,676.91,509.85,45.61,106.89,0.9352,2,2,-1
541,139,1096.88,379.19,38.45,77.50,0.9011,2,2,-1
541,140,830.54,279.04,23.57,58.12,0.8701,3,0,-1
541,153,1088.19,298.57,22.54,54.38,0.8711,2,2,-1
541,156,669.83,327.70,30.40,76.85,0.9081,2,1,-1
541,162,1393.88,377.33,42.98,87.61,0.9155,2,2,-1
541,172,781.01,329.32,25.78,76.59,0.8826,2,2,-1
542,3,1285.72,461.09,35.61,100.19,0.9193,2,2,-1
542,4,1617.03,432.68,59.09,103.33,0.9375,3,0,-1
542,68,1819.13,325.77,31.28,79.37,0.9134,2,2,-1
542,72,1193.38,378.93,40.29,82.90,0.9113,2,1,-1
542,135,1084.02,452.79,60.46,105.81,0.9087,2,1,-1
542,136,626.66,919.60,84.06,159.77,0.8783,2,1,-1
542,138,674.00,510.79,47.73,107.55,0.9347,2,2,-1
542,139,1097.48,378.35,36.67,73.64,0.9074,2,2,-1
542,140,826.44,280.02,24.11,58.06,0.8544,3,0,-1
542,153,1083.73,293.96,23.56,60.53,0.8622,2,-1,-1
542,156,666.26,328.46,31.48,77.05,0.9208,2,1,-1
542,162,1392.95,376.16,44.11,90.00,0.9189,2,2,-1
542,172,777.96,329.88,28.37,77.05,0.9004,2,2,-1
542,0,1096.23,344.41,12.13,12.06,1.0,0,-1,-1
543,3,1283.93,462.01,34.44,99.94,0.9248,2,2,-1
543,4,1614.90,434.00,58.73,103.04,0.9351,3,0,-1
543,68,1816.62,329.11,33.88,76.84,0.8941,2,2,-1
543,72,1191.63,379.89,39.79,82.52,0.8899,2,1,-1
543,135,1081.12,453.72,59.42,105.94,0.9143,2,1,-1
543,136,623.73,920.42,83.31,159.79,0.8634,2,1,-1
543,138,670.97,511.64,49.08,107.17,0.9320,2,2,-1
543,139,1096.42,377.62,36.80,72.53,0.8936,2,2,-1
543,140,822.10,280.26,24.50,58.18,0.8369,3,0,-1
543,153,1082.92,297.71,20.93,56.59,0.8708,1,3,-1
543,156,662.46,329.34,31.64,76.64,0.9095,2,1,-1
543,162,1392.43,375.87,45.17,88.21,0.9212,2,2,-1
543,172,774.53,330.25,30.09,77.28,0.9069,2,2,-1
543,0,1092.59,344.98,12.12,11.33,1.0,0,-1,-1
544,3,1281.42,463.68,34.17,99.70,0.9118,2,2,-1
544,4,1613.81,435.72,56.77,101.91,0.9357,3,0,-1
544,11,1218.63,382.97,34.99,93.04,0.8928,2,1,-1
544,88,1811.40,336.44,40.06,70.22,0.9175,2,2,-1
544,135,1078.28,455.28,57.32,104.37,0.9300,2,1,-1
544,136,620.89,920.76,82.70,159.45,0.8611,2,1,-1
544,138,668.02,512.53,50.32,107.68,0.9352,2,2,-1
544,139,1094.09,377.56,37.59,77.42,0.9035,2,2,-1
544,140,817.69,280.87,25.12,58.00,0.8753,3,0,-1
544,153,1080.81,302.34,20.47,52.56,0.8784,1,3,-1
544,156,657.97,330.27,32.09,76.72,0.9213,2,1,-1
544,162,1393.14,375.91,44.76,86.82,0.9144,2,2,-1
544,172,770.25,330.82,32.09,78.53,0.9052,2,2,-1
545,3,1278.90,463.93,33.55,99.94,0.9156,2,2,-1
545,4,1611.73,436.57,55.03,102.37,0.9370,3,0,-1
545,11,1214.11,383.37,36.23,94.49,0.8885,2,1,-1
545,68,1812.00,328.55,37.48,78.68,0.9181,2,2,-1
545,135,1074.69,457.08,54.62,103.74,0.9130,2,1,-1
545,136,616.84,919.28,83.22,160.88,0.8732,2,1,-1
545,138,664.77,513.44,51.50,107.17,0.9384,2,2,-1
545,139,1093.29,378.63,35.55,78.29,0.8968,2,2,-1
545,140,813.55,281.65,25.03,57.50,0.8187,3,0,-1
545,153,1077.06,301.54,22.20,54.38,0.8381,1,3,-1
545,156,653.59,330.25,32.17,77.62,0.9215,2,1,-1
545,162,1393.75,377.98,44.37,85.96,0.9214,2,2,-1
545,172,766.30,334.00,32.53,77.09,0.8957,2,2,-1
546,3,1276.74,464.00,33.40,100.37,0.9222,2,2,-1
546,4,1612.06,437.60,51.07,101.88,0.9411,3,0,-1
546,11,1210.02,384.05,36.32,93.73,0.8796,2,1,-1
546,66,1902.92,442.16,16.99,77.70,0.6155,2,1,-1
546,68,1807.44,329.35,39.44,78.44,0.9215,2,2,-1
546,135,1071.47,456.74,53.07,104.49,0.9183,2,1,-1
546,136,612.42,917.89,84.52,163.05,0.6543,2,1,-1
546,138,661.45,514.55,52.00,107.41,0.9318,2,2,-1
546,139,1093.64,379.88,32.38,68.79,0.8986,2,2,-1
546,140,808.85,282.12,25.39,57.53,0.8733,3,0,-1
546,153,1072.82,302.55,23.72,53.82,0.8682,1,3,-1
546,156,649.79,331.35,30.72,76.68,0.9114,2,1,-1
546,162,1397.84,379.22,41.23,85.67,0.8948,2,2,-1
546,172,762.54,333.41,34.44,78.90,0.9076,2,2,-1
546,0,1093.79,347.67,10.40,10.95,1.0,0,-1,-1
547,3,1274.14,464.78,32.62,98.66,0.9246,2,2,-1
547,4,1611.88,438.56,48.70,101.51,0.9404,3,0,-1
547,11,1207.66,386.17,35.50,91.49,0.8657,2,1,-1
547,68,1806.65,330.25,38.64,78.22,0.9112,2,2,-1
547,135,1068.40,456.90,51.39,104.77,0.9267,2,1,-1
547,136,606.11,914.19,85.28,166.41,0.7108,2,1,-1
547,138,657.48,515.61,52.82,107.17,0.9274,2,2,-1
547,139,1092.59,381.31,32.60,75.02,0.9047,2,2,-1
547,140,805.16,282.12,26.31,58.37,0.8788,3,0,-1
547,148,1900.63,436.00,19.16,83.08,0.7333,2,2,-1
547,153,1069.61,303.68,25.58,52.49,0.8858,1,3,-1
547,156,645.85,331.90,31.08,76.70,0.9200,2,1,-1
547,162,1404.25,380.84,35.65,84.96,0.8811,2,2,-1
547,172,758.33,334.48,35.11,77.76,0.8969,2,2,-1
547,0,1096.18,348.10,11.00,10.72,1.0,0,-1,-1
548,3,1271.09,465.17,33.10,98.47,0.9229,2,2,-1
548,4,1609.99,439.19,47.92,101.39,0.9363,3,0,-1
548,68,1807.38,330.25,35.50,77.98,0.8886,2,2,-1
548,135,1065.45,457.63,49.98,103.91,0.9226,2,1,-1
548,136,601.57,913.92,82.14,166.22,0.8612,2,1,-1
548,138,653.52,516.59,50.56,107.32,0.9340,2,2,-1
548,139,1091.39,381.19,30.92,76.38,0.8961,2,2,-1
548,140,801.50,283.52,25.94,56.98,0.7733,3,0,-1
548,148,1900.56,431.49,19.65,88.38,0.7447,2,2,-1
548,153,1066.65,302.44,27.55,53.84,0.8931,1,3,-1
548,156,641.61,331.87,31.07,77.14,0.9178,2,1,-1
548,159,1198.05,378.93,41.02,99.70,0.8573,2,2,-1
548,162,1409.12,380.72,31.92,83.93,0.8438,2,2,-1
548,172,755.68,334.99,34.35,78.02,0.8929,2,2,-1
549,3,1268.07,465.76,34.40,99.82,0.9165,2,2,-1
549,4,1607.90,439.36,48.06,101.04,0.9358,3,0,-1
549,11,1194.73,384.93,38.95,93.86,0.8994,2,1,-1
549,125,1809.38,357.40,30.41,51.42,0.8820,2,2,-1
549,135,1062.04,456.89,47.24,104.86,0.9240,2,1,-1
549,138,649.67,518.26,49.27,107.05,0.9301,2,2,-1
549,139,1089.80,381.16,30.56,76.59,0.9005,2,2,-1
549,140,796.65,282.25,26.74,58.75,0.8679,3,0,-1
549,148,1900.40,434.66,19.36,84.99,0.7940,2,2,-1
549,153,1063.80,302.53,29.07,54.62,0.8832,1,3,-1
549,156,637.81,332.76,30.37,76.36,0.9114,2,1,-1
549,162,1414.14,379.49,26.80,71.31,0.7772,2,2,-1
549,172,751.16,335.07,31.84,77.94,0.9004,2,2,-1
549,177,594.74,909.83,84.98,112.43,0.7676,2,1,-1
549,0,1102.18,348.53,10.68,11.68,1.0,0,-1,-1
550,3,1265.04,466.08,35.64,100.44,0.9240,2,2,-1
550,4,1606.78,439.62,47.34,101.17,0.9381,3,0,-1
550,66,1901.18,446.52,18.09,72.83,0.7073,2,1,-1
550,68,1809.84,332.08,29.63,77.00,0.8781,2,2,-1
550,131,1406.69,377.75,36.26,87.94,0.8840,2,1,-1
550,135,1059.28,457.00,44.32,104.20,0.9351,2,1,-1
550,138,645.16,519.35,47.49,106.59,0.9270,2,2,-1
550,139,1086.95,379.20,33.15,79.56,0.9160,2,2,-1
550,140,793.57,282.84,26.76,58.88,0.8800,3,0,-1
550,153,1060.13,302.35,29.79,55.47,0.8873,1,3,-1
550,156,633.53,332.88,30.45,77.04,0.9155,2,1,-1
550,159,1191.88,378.00,39.10,101.46,0.9191,2,2,-1
550,172,749.71,334.57,31.65,78.63,0.8859,2,2,-1
550,177,590.05,910.17,83.06,112.38,0.6080,2,1,-1
550,0,1103.67,348.78,11.49,12.60,1.0,0,-1,-1
551,3,1261.87,466.19,36.92,100.91,0.9155,2,2,-1
551,4,1606.53,439.75,46.40,101.72,0.9374,3,0,-1
551,11,1186.89,382.46,41.63,96.87,0.8972,2,1,-1
551,66,1904.99,452.93,15.90,68.15,0.5717,2,1,-1
551,118,1816.15,343.70,21.37,65.39,0.8676,2,2,-1
551,131,1404.85,375.60,41.79,90.03,0.9314,2,1,-1
551,135,1056.10,456.65,42.20,104.60,0.9244,2,1,-1
551,136,589.33,908.64,72.10,138.73,0.8126,2,1,-1
551,138,641.72,520.22,47.43,106.35,0.9293,2,2,-1
551,139,1085.23,379.55,34.96,77.38,0.9145,2,2,-1
551,140,790.63,283.47,25.66,57.44,0.8683,3,0,-1
551,153,1057.44,301.92,30.64,56.15,0.8951,1,3,-1
551,156,629.27,332.65,30.47,77.31,0.9173,2,1,-1
551,172,746.18,334.56,28.96,78.61,0.8948,2,2,-1
551,0,1105.58,348.28,11.56,12.44,1.0,0,-1,-1
552,3,1258.75,466.25,38.93,101.87,0.9271,2,2,-1
552,4,1607.98,439.87,43.98,101.62,0.9342,3,0,-1
552,11,1181.19,382.72,45.08,96.82,0.8888,2,1,-1
552,66,1908.22,452.23,13.78,70.04,0.6789,2,1,-1
552,68,1815.54,334.66,23.59,74.94,0.8941,2,2,-1
552,131,1404.26,374.75,47.70,89.30,0.9264,2,1,-1
552,135,1053.59,456.18,41.11,103.47,0.9212,2,1,-1
552,136,583.73,907.99,73.02,133.18,0.8266,2,1,-1
552,138,639.69,520.75,47.35,107.16,0.9290,2,2,-1
552,139,1083.82,381.78,37.19,73.18,0.9081,2,2,-1
552,140,786.97,282.81,26.53,58.66,0.8831,3,0,-1
552,153,1055.29,301.06,31.27,57.01,0.8876,1,3,-1
552,156,625.61,332.55,29.70,77.32,0.9111,2,1,-1
552,172,743.76,333.97,27.50,79.42,0.8988,2,2,-1
552,0,1107.64,348.79,10.97,11.50,1.0,0,-1,-1
553,3,1256.34,466.54,39.06,101.44,0.9269,2,2,-1
553,4,1609.51,439.98,41.21,102.01,0.9357,3,0,-1
553,68,1816.54,334.80,22.86,73.36,0.8998,2,2,-1
553,72,1175.11,387.76,44.76,91.61,0.8882,2,1,-1
553,131,1403.35,374.74,50.61,87.70,0.9278,2,1,-1
553,135,1050.15,455.60,40.45,102.70,0.9310,2,1,-1
553,136,571.89,909.42,86.22,169.43,0.8073,2,1,-1
553,138,637.30,520.99,46.38,106.90,0.9312,2,2,-1
553,139,1082.00,382.41,39.81,72.06,0.9047,2,2,-1
553,140,784.00,283.35,25.45,58.08,0.8855,3,0,-1
553,148,1907.74,438.67,16.12,86.29,0.6229,2,2,-1
553,153,1051.93,302.64,31.46,56.07,0.8967,1,3,-1
553,156,621.12,333.19,29.94,77.13,0.9205,2,1,-1
553,172,741.50,334.04,26.32,79.92,0.9017,2,2,-1
553,0,1109.03,349.24,10.18,10.56,1.0,0,-1,-1
554,3,1254.34,467.05,39.71,99.92,0.9265,2,2,-1
554,4,1611.75,440.00,38.02,101.52,0.9381,3,0,-1
554,68,1812.25,336.39,28.56,72.73,0.9143,2,2,-1
554,72,1170.06,386.94,43.35,92.64,0.9010,2,1,-1
554,131,1402.80,375.29,51.45,87.93,0.9202,2,1,-1
554,135,1046.78,455.10,40.71,103.17,0.9302,2,1,-1
554,138,634.49,521.18,46.06,107.91,0.9332,2,2,-1
554,139,1081.59,381.21,42.17,72.49,0.8979,2,2,-1
554,140,780.08,283.22,25.04,57.74,0.8694,3,0,-1
554,148,1907.93,429.97,15.44,95.61,0.6127,2,2,-1
554,153,1050.52,301.10,29.52,56.53,0.8879,1,3,-1
554,156,617.31,332.71,30.05,77.43,0.9204,2,1,-1
554,172,737.45,333.47,26.05,81.07,0.9061,2,2,-1
554,177,571.53,910.45,77.62,111.31,0.8429,2,1,-1
554,0,1109.32,348.52,11.41,11.98,1.0,0,-1,-1
555,3,1251.20,467.21,41.58,100.89,0.9256,2,2,-1
555,4,1614.49,440.27,34.56,101.57,0.9250,3,0,-1
555,72,1166.56,386.76,43.01,93.27,0.8923,2,1,-1
555,88,1807.45,333.87,37.74,75.49,0.9184,2,2,-1
555,131,1405.27,375.35,49.74,87.38,0.9130,2,1,-1
555,135,1043.26,454.54,40.57,103.93,0.9213,2,1,-1
555,138,632.30,521.66,44.65,107.34,0.9313,2,2,-1
555,139,1082.11,378.94,43.84,74.80,0.8929,2,2,-1
555,140,776.30,282.57,24.85,58.03,0.8510,3,0,-1
555,148,1907.79,428.14,14.17,96.94,0.6424,2,2,-1
555,153,1050.33,301.38,27.25,56.82,0.8775,1,3,-1
555,156,614.10,332.12,28.96,77.85,0.9150,2,1,-1
555,172,733.13,333.05,25.96,80.80,0.8876,2,2,-1
555,177,566.74,910.20,78.70,112.12,0.7780,2,1,-1
556,3,1250.01,466.29,41.56,100.24,0.9124,2,2,-1
556,4,1612.96,440.59,34.61,100.99,0.9268,3,0,-1
556,72,1162.20,387.12,42.74,92.91,0.8968,2,1,-1
556,88,1804.55,334.54,39.85,74.76,0.9167,2,2,-1
556,131,1411.96,375.26,46.20,87.14,0.9085,2,1,-1
556,135,1040.06,454.39,40.12,104.15,0.9261,2,1,-1
556,138,630.21,520.98,44.62,108.75,0.9337,2,2,-1
556,139,1083.16,377.60,43.40,76.54,0.8898,2,2,-1
556,140,772.75,282.10,24.76,58.78,0.8562,3,0,-1
556,148,1905.63,425.85,14.56,99.95,0.6205,2,2,-1
556,153,1050.12,303.31,23.63,54.12,0.8722,1,3,-1
556,156,610.36,332.14,28.35,77.74,0.9136,2,1,-1
556,172,728.60,333.33,27.18,80.93,0.9110,2,2,-1
556,177,559.96,911.11,78.57,111.84,0.8671,2,1,-1
557,3,1248.83,466.39,42.31,99.14,0.9062,2,2,-1
557,4,1610.02,440.91,36.56,100.21,0.9331,3,0,-1
557,72,1158.44,386.08,42.19,94.04,0.9002,2,1,-1
557,88,1802.04,334.84,41.94,74.22,0.9070,2,2,-1
557,103,1050.07,317.26,18.06,39.44,0.7742,2,1,-1
557,131,1417.37,375.08,40.96,88.46,0.8978,2,1,-1
557,135,1036.06,453.82,40.12,104.32,0.9296,2,1,-1
557,138,628.82,521.78,42.48,107.29,0.9352,2,2,-1
557,139,1085.90,375.66,40.81,78.03,0.8606,2,2,-1
557,140,768.68,281.25,24.28,59.54,0.8675,3,0,-1
557,148,1901.50,424.93,16.87,100.28,0.7362,2,2,-1
557,156,607.87,332.04,26.50,77.67,0.9114,2,1,-1
557,172,723.52,334.61,29.93,80.38,0.9216,2,2,-1
557,177,555.65,910.80,80.63,111.68,0.8636,2,1,-1
557,0,1108.89,347.85,11.35,11.78,1.0,0,-1,-1
558,3,1246.57,465.61,43.76,101.10,0.9041,2,2,-1
558,4,1606.95,440.27,40.03,101.99,0.9321,3,0,-1
558,72,1154.32,386.36,42.27,93.40,0.9038,2,1,-1
558,88,1799.17,331.44,43.01,77.76,0.9164,2,2,-1
558,131,1421.43,372.55,36.67,88.97,0.9206,2,1,-1
558,135,1031.69,453.38,40.45,104.92,0.9242,2,1,-1
558,138,628.35,522.17,39.14,106.94,0.9206,2,2,-1
558,139,1088.39,371.90,39.53,80.58,0.8369,2,2,-1
558,140,764.60,282.08,24.02,58.37,0.8707,3,0,-1
558,148,1898.84,425.47,19.66,99.52,0.8025,2,2,-1
558,153,1046.65,299.35,23.06,57.75,0.8067,1,3,-1
558,156,605.93,331.38,24.40,77.62,0.9062,2,1,-1
558,159,1189.94,398.41,27.45,64.07,0.8465,2,2,-1
558,172,718.44,335.52,32.00,79.72,0.9145,2,2,-1
558,177,548.71,909.23,83.12,114.46,0.8687,2,1,-1
558,0,1108.70,347.97,10.54,11.45,1.0,0,-1,-1
559,3,1244.91,465.14,42.50,100.31,0.9071,2,2,-1
559,4,1603.13,440.91,44.61,101.67,0.9385,3,0,-1
559,72,1149.75,386.18,43.66,93.65,0.9162,2,1,-1
559,88,1798.74,329.92,41.00,78.60,0.9029,2,2,-1
559,103,1044.84,313.21,17.57,44.09,0.8038,2,1,-1
559,131,1420.97,370.42,37.76,91.48,0.9271,2,1,-1
559,135,1028.62,453.14,39.74,105.07,0.9251,2,1,-1
559,138,626.93,522.08,35.99,107.95,0.9140,2,2,-1
559,139,1086.74,369.86,37.98,82.17,0.8764,2,2,-1
559,140,760.34,280.60,23.89,59.61,0.8514,3,0,-1
559,148,1898.62,424.13,20.59,99.06,0.7952,2,2,-1
559,156,603.40,331.19,22.92,78.64,0.9047,2,1,-1
559,172,713.55,335.66,34.87,80.21,0.9276,2,2,-1
559,177,545.29,907.35,80.68,111.03,0.7630,2,1,-1
559,0,1107.64,347.30,11.49,12.28,1.0,0,-1,-1
560,3,1245.14,464.63,38.88,91.35,0.9075,2,2,-1
560,4,1599.76,441.40,47.90,100.86,0.9384,3,0,-1
560,72,1145.11,385.21,43.84,94.26,0.9204,2,1,-1
560,88,1797.43,328.53,40.10,79.88,0.9069,2,2,-1
560,103,1041.12,307.93,18.61,49.41,0.8576,2,1,-1
560,131,1420.70,368.48,38.66,91.89,0.9329,2,-1,-1
560,135,1024.29,453.06,39.59,105.05,0.9314,2,1,-1
560,136,542.25,907.17,82.40,172.86,0.8573,2,1,-1
560,138,624.57,521.99,32.47,107.89,0.9194,2,2,-1
560,139,1084.23,368.66,38.35,82.63,0.8902,2,2,-1
560,140,755.36,280.54,23.40,58.89,0.8135,3,0,-1
560,148,1893.16,423.57,24.97,99.60,0.8434,2,2,-1
560,156,599.51,330.70,24.07,79.29,0.9041,2,1,-1
560,172,707.56,333.58,35.00,82.36,0.9205,2,2,-1
560,0,1106.72,346.82,11.33,12.07,1.0,0,-1,-1
561,3,1241.35,463.87,37.79,99.56,0.8963,2,2,-1
561,4,1594.80,441.59,51.92,101.01,0.9333,3,0,-1
561,11,1177.67,374.07,29.17,88.44,0.8722,2,1,-1
561,68,1800.04,332.73,32.25,74.88,0.8769,2,2,-1
561,72,1140.10,385.37,43.63,94.37,0.9181,2,1,-1
561,103,1037.28,308.48,19.71,49.57,0.8042,2,1,-1
561,131,1418.29,367.55,41.51,92.43,0.9309,2,2,-1
561,135,1018.97,452.91,39.69,105.55,0.9244,2,1,-1
561,136,538.22,905.52,83.07,174.49,0.8542,2,1,-1
561,138,620.60,522.41,31.72,107.69,0.9129,2,2,-1
561,139,1081.64,367.11,38.53,80.56,0.8901,2,2,-1
561,140,751.14,280.26,23.61,59.09,0.8397,3,0,-1
561,148,1888.52,423.82,29.84,100.06,0.8740,2,2,-1
561,156,594.36,330.70,25.41,79.54,0.9135,2,1,-1
561,172,703.21,336.10,34.61,79.58,0.9081,2,2,-1
561,0,1105.16,346.18,11.77,12.70,1.0,0,-1,-1
562,3,1240.37,463.66,33.74,101.01,0.9113,2,2,-1
562,4,1590.52,441.74,54.83,100.73,0.9460,3,0,-1
562,11,1177.03,373.05,27.24,89.39,0.8890,2,1,-1
562,72,1135.08,384.77,44.44,94.51,0.9169,2,1,-1
562,118,1801.65,327.34,28.96,80.24,0.8577,2,2,-1
562,131,1416.14,366.57,43.36,91.12,0.9310,2,2,-1
562,135,1014.98,452.69,38.51,105.40,0.9293,2,1,-1
562,136,536.85,901.67,80.87,178.33,0.8845,2,1,-1
562,138,616.25,522.19,32.37,107.55,0.9196,2,2,-1
562,139,1078.70,366.61,39.89,79.56,0.8831,2,2,-1
562,140,746.09,279.89,23.77,59.25,0.7818,3,0,-1
562,148,1888.91,425.22,30.50,97.89,0.8716,2,2,-1
562,153,1030.76,300.39,25.21,57.94,0.8946,1,3,-1
562,156,589.50,330.47,26.16,79.29,0.9110,2,1,-1
562,172,698.15,335.80,35.97,80.61,0.9196,2,2,-1
562,0,1103.92,346.15,11.23,12.48,1.0,0,-1,-1
563,3,1237.48,463.53,32.25,100.31,0.8591,2,2,-1
563,4,1586.15,441.70,55.13,100.16,0.9403,3,0,-1
563,11,1178.45,381.73,24.69,80.26,0.8745,2,1,-1
563,72,1129.83,384.19,45.00,94.79,0.9256,2,1,-1
563,118,1801.31,331.38,26.98,76.31,0.8608,2,2,-1
563,131,1416.10,366.78,42.38,89.27,0.9181,2,2,-1
563,135,1009.73,451.70,38.82,106.16,0.9209,2,1,-1
563,136,536.18,901.37,80.12,178.63,0.9259,2,1,-1
563,138,610.31,522.23,35.14,108.24,0.9282,2,2,-1
563,139,1076.47,366.09,40.08,79.87,0.8775,2,2,-1
563,140,741.29,279.48,23.59,58.52,0.8330,3,0,-1
563,148,1888.68,425.53,30.95,95.16,0.8974,2,2,-1
563,153,1026.44,298.80,27.17,59.09,0.9050,1,3,-1
563,156,583.63,330.15,28.38,79.65,0.9193,2,1,-1
563,172,693.51,334.86,35.85,81.35,0.9157,2,2,-1
563,0,1102.52,346.47,10.73,11.88,1.0,0,-1,-1
564,3,1233.03,463.08,32.86,99.91,0.9046,2,2,-1
564,4,1581.86,440.35,56.40,101.00,0.9400,3,0,-1
564,11,1174.56,371.84,27.26,89.20,0.8752,2,1,-1
564,72,1124.51,383.99,44.63,95.29,0.9278,2,1,-1
564,125,1801.29,351.82,23.46,55.48,0.8677,2,2,-1
564,131,1417.81,367.70,39.96,87.75,0.9020,2,2,-1
564,135,1005.01,451.10,38.38,105.53,0.9203,2,1,-1
564,136,535.79,902.06,78.60,175.52,0.9260,2,1,-1
564,138,605.75,522.87,39.46,107.97,0.9382,2,2,-1
564,139,1077.66,366.71,36.71,75.68,0.8361,2,2,-1
564,140,736.57,278.34,23.55,59.72,0.8607,3,0,-1
564,148,1886.50,425.66,32.97,94.64,0.9101,2,2,-1
564,153,1021.75,298.54,30.18,58.92,0.9079,1,3,-1
564,156,577.51,330.34,30.05,79.39,0.9209,2,1,-1
564,172,692.28,363.37,28.67,52.51,0.8851,2,2,-1
564,0,1099.22,345.66,12.01,12.41,1.0,0,-1,-1
565,3,1228.90,463.24,35.12,99.78,0.9197,2,2,-1
565,4,1580.23,440.57,55.65,100.25,0.9389,3,0,-1
565,11,1171.07,371.47,29.36,90.41,0.8838,2,1,-1
565,72,1120.02,383.88,43.52,94.96,0.9305,2,1,-1
565,125,1799.12,354.98,23.63,52.20,0.8610,2,2,-1
565,131,1420.73,368.35,36.05,86.94,0.8745,2,2,-1
565,135,1000.22,449.96,39.30,106.20,0.9231,2,1,-1
565,136,533.63,901.50,79.30,177.89,0.8846,2,1,-1
565,138,600.17,522.98,45.38,108.27,0.9277,2,2,-1
565,139,1079.58,367.31,32.48,71.26,0.8330,2,2,-1
565,140,732.45,278.11,22.93,59.85,0.8504,3,0,-1
565,148,1878.85,424.44,39.95,100.62,0.9125,2,2,-1
565,153,1017.93,301.40,30.49,56.31,0.8893,1,3,-1
565,156,571.61,330.03,31.40,79.54,0.9224,2,1,-1
565,172,685.96,332.98,36.58,82.49,0.9080,2,2,-1
565,0,1096.64,345.36,11.70,12.41,1.0,0,-1,-1
566,3,1223.35,463.00,40.00,100.71,0.9255,2,2,-1
566,4,1579.37,439.47,52.68,101.47,0.9239,3,0,-1
566,11,1166.60,371.48,36.18,90.13,0.8989,2,1,-1
566,72,1114.41,383.78,44.06,94.30,0.9256,2,1,-1
566,125,1794.63,353.91,27.61,53.85,0.8781,2,2,-1
566,131,1423.34,367.77,31.78,85.76,0.9035,2,2,-1
566,135,994.39,448.68,40.23,105.50,0.9159,2,1,-1
566,136,531.74,901.95,79.04,172.55,0.9244,2,1,-1
566,138,593.95,523.46,50.60,108.01,0.9283,2,2,-1
566,139,1082.02,365.48,26.87,63.04,0.8624,2,2,-1
566,140,727.39,277.99,22.95,59.78,0.8600,3,0,-1
566,148,1882.40,423.22,38.13,101.22,0.9080,2,2,-1
566,153,1014.92,300.62,29.41,57.14,0.8931,1,3,-1
566,156,566.25,329.95,32.10,79.75,0.9108,2,1,-1
566,172,685.00,332.16,33.32,83.84,0.8978,2,2,-1
566,0,1095.00,344.57,11.83,13.84,1.0,0,-1,-1
567,3,1219.06,463.02,47.54,99.85,0.9271,2,2,-1
567,4,1580.00,439.27,50.68,100.09,0.7931,3,0,-1
567,11,1161.78,371.69,44.39,90.18,0.9235,2,1,-1
567,72,1109.70,383.90,44.08,93.44,0.9237,2,1,-1
567,118,1788.92,324.69,33.47,83.22,0.9055,2,2,-1
567,131,1423.10,365.71,31.34,88.31,0.8982,2,2,-1
567,135,989.88,447.86,39.98,104.92,0.9281,2,1,-1
567,136,528.67,904.02,79.12,175.67,0.8998,2,1,-1
567,138,586.24,523.19,54.40,107.83,0.9245,2,2,-1
567,139,1082.61,363.67,24.18,60.11,0.8644,2,2,-1
567,140,722.94,277.16,23.14,60.43,0.8709,3,0,-1
567,148,1880.32,421.61,39.56,102.79,0.9351,2,2,-1
567,153,1013.31,297.27,29.56,59.43,0.8924,1,3,-1
567,156,560.29,329.46,32.42,80.07,0.9210,2,1,-1
567,172,683.46,331.31,30.49,84.46,0.8950,2,2,-1
567,0,1092.18,344.32,11.68,13.59,1.0,0,-1,-1
568,3,1213.07,463.81,49.50,99.15,0.9256,2,2,-1
568,4,1578.19,437.78,50.69,101.62,0.6308,3,0,-1
568,11,1156.30,371.57,49.08,88.90,0.9278,2,1,-1
568,72,1104.33,384.44,44.55,92.07,0.9263,2,1,-1
568,118,1785.78,325.58,34.51,82.00,0.8748,2,2,-1
568,131,1419.63,363.80,33.74,90.03,0.8840,2,2,-1
568,135,985.29,446.79,39.62,104.81,0.9176,2,1,-1
568,136,525.92,903.36,83.65,176.63,0.8900,2,1,-1
568,138,579.06,523.33,57.55,108.06,0.9300,2,2,-1
568,139,1073.57,359.89,32.83,83.13,0.8946,2,2,-1
568,140,719.73,276.76,23.82,60.26,0.8602,3,0,-1
568,148,1881.61,420.51,38.52,102.36,0.9196,2,2,-1
568,153,1012.28,298.13,28.07,57.28,0.8805,1,3,-1
568,156,555.78,328.72,31.73,80.42,0.9156,2,1,-1
568,172,681.08,331.20,29.59,84.80,0.9002,2,2,-1
568,0,1090.38,344.03,12.29,13.15,1.0,0,-1,-1
569,3,1207.74,463.47,50.21,99.11,0.9280,2,2,-1
569,4,1578.86,436.74,48.39,101.43,0.6688,3,0,-1
569,11,1149.95,371.57,52.77,89.25,0.9300,2,1,-1
569,72,1098.27,384.89,46.98,91.16,0.9257,2,1,-1
569,118,1780.11,324.89,37.67,81.82,0.9114,2,2,-1
569,131,1414.06,361.98,39.15,90.36,0.9222,2,2,-1
569,135,980.06,446.06,39.69,105.64,0.9189,2,1,-1
569,136,556.37,899.88,53.00,109.47,0.8728,2,1,-1
569,138,572.97,522.99,57.44,108.27,0.9261,2,2,-1
569,139,1069.44,358.50,34.72,84.23,0.9064,2,2,-1
569,140,714.51,276.17,26.58,61.08,0.8818,3,0,-1
569,148,1880.36,419.17,38.79,103.56,0.9199,2,2,-1
569,153,1009.20,295.50,29.29,59.66,0.9021,1,3,-1
569,156,551.48,328.14,29.76,81.26,0.9089,2,1,-1
569,172,676.16,331.10,30.08,85.01,0.9028,2,2,-1
570,3,1202.69,462.95,50.88,98.82,0.9254,2,2,-1
570,4,1584.57,435.56,35.88,102.78,0.9253,3,0,-1
570,11,1144.75,371.43,53.14,88.83,0.9315,2,1,-1
570,72,1092.39,385.01,49.30,90.85,0.9221,2,1,-1
570,118,1776.41,324.57,38.20,82.04,0.8863,2,2,-1
570,131,1410.64,360.42,43.84,90.42,0.9243,2,2,-1
570,135,975.62,444.88,39.02,106.28,0.9247,2,1,-1
570,136,511.79,896.56,94.79,183.05,0.9114,2,1,-1
570,138,567.27,522.75,56.50,108.26,0.9311,2,2,-1
570,139,1064.69,356.87,37.60,83.09,0.9194,2,2,-1
570,140,709.47,276.24,27.96,60.70,0.8009,3,0,-1
570,148,1876.71,418.81,41.33,103.80,0.9211,2,2,-1
570,153,1005.96,293.81,30.15,60.44,0.8998,1,3,-1
570,156,546.72,327.68,28.29,80.86,0.9157,2,1,-1
570,172,670.88,331.16,30.12,85.87,0.9065,2,2,-1
570,0,1082.89,343.84,13.52,14.45,1.0,0,-1,-1
571,3,1198.16,462.01,50.51,99.29,0.9227,2,2,-1
571,4,1582.51,435.39,33.00,102.61,0.9175,3,0,-1
571,11,1139.92,370.70,52.09,88.75,0.9245,2,1,-1
571,72,1086.51,385.90,50.30,89.11,0.9254,2,1,-1
571,118,1772.00,323.39,39.46,82.90,0.9173,2,2,-1
571,131,1405.65,360.16,49.55,88.95,0.9244,2,2,-1
571,135,970.21,445.07,38.95,106.12,0.9234,2,1,-1
571,136,506.60,893.70,90.39,186.43,0.8940,2,1,-1
571,138,562.89,522.17,54.95,108.74,0.9266,2,2,-1
571,140,702.25,275.58,31.09,61.60,0.8836,3,0,-1
571,148,1871.37,419.43,41.34,102.44,0.9206,2,2,-1
571,153,1000.66,294.02,31.41,60.52,0.9025,1,3,-1
571,156,541.98,327.72,25.53,80.84,0.8968,2,1,-1
571,172,665.09,331.29,31.15,86.12,0.9118,2,2,-1
571,0,1079.94,343.66,11.98,13.01,1.0,0,-1,-1
572,3,1193.78,461.20,49.35,100.30,0.9321,2,2,-1
572,4,1576.09,434.58,34.36,103.82,0.9250,3,0,-1
572,11,1135.34,369.92,48.63,89.35,0.9273,2,1,-1
572,72,1080.70,385.77,53.60,89.15,0.9220,2,1,-1
572,118,1768.77,321.60,38.51,84.03,0.9076,2,2,-1
572,131,1399.56,359.97,53.43,88.83,0.9281,2,2,-1
572,135,965.71,444.97,41.22,105.07,0.9235,2,1,-1
572,136,509.17,891.35,81.62,180.96,0.8987,2,1,-1
572,138,557.94,521.75,54.23,108.86,0.9329,2,2,-1
572,140,696.07,275.25,32.33,61.72,0.8090,3,0,-1
572,148,1865.02,419.67,41.80,100.77,0.9290,2,2,-1
572,153,992.99,295.17,35.27,59.75,0.9125,1,3,-1
572,156,537.02,327.22,23.78,81.18,0.9045,2,1,-1
572,172,658.83,332.14,32.24,84.93,0.9135,2,2,-1
573,3,1191.35,461.64,45.87,98.79,0.9002,2,2,-1
573,4,1568.80,434.97,39.88,103.73,0.9303,3,0,-1
573,11,1132.36,368.90,45.35,89.86,0.9271,2,1,-1
573,118,1765.91,320.21,37.72,85.17,0.9108,2,2,-1
573,131,1397.37,360.61,52.30,88.07,0.9247,2,2,-1
573,135,959.40,445.09,45.20,104.86,0.9256,2,1,-1
573,136,510.47,889.66,79.22,179.17,0.8858,2,1,-1
573,138,554.52,520.87,52.30,110.17,0.9261,2,2,-1
573,139,1056.53,356.81,42.13,80.83,0.9035,2,2,-1
573,140,689.87,274.92,32.18,62.06,0.8783,3,0,-1
573,148,1858.70,420.38,43.09,99.73,0.9235,2,2,-1
573,153,987.00,295.22,37.35,59.83,0.9145,1,3,-1
573,156,532.07,327.16,22.90,81.49,0.9029,2,1,-1
573,172,653.06,332.48,33.68,84.51,0.9153,2,2,-1
573,0,1071.29,343.39,12.79,13.19,1.0,0,-1,-1
574,3,1191.41,460.01,41.88,98.65,0.9151,2,2,-1
574,4,1562.55,435.22,48.71,103.24,0.9299,3,0,-1
574,11,1131.36,367.54,41.00,89.89,0.9234,2,1,-1
574,72,1075.89,385.38,51.68,89.06,0.9079,2,1,-1
574,118,1761.46,319.21,36.62,86.78,0.9178,2,2,-1
574,131,1397.44,360.83,49.63,87.34,0.9132,2,2,-1
574,135,953.48,445.10,49.16,104.18,0.9249,2,1,-1
574,136,508.31,883.03,75.70,182.75,0.8996,2,1,-1
574,138,552.86,519.70,47.18,110.15,0.9275,2,2,-1
574,140,683.40,274.89,32.00,61.15,0.8743,3,0,-1
574,148,1851.62,421.31,45.26,99.18,0.9262,2,2,-1
574,153,983.24,296.09,37.17,58.23,0.9026,1,3,-1
574,156,526.97,326.93,22.77,81.80,0.9046,2,1,-1
574,172,646.51,332.76,33.17,85.29,0.9127,2,2,-1
574,0,1067.79,343.14,12.11,13.53,1.0,0,-1,-1
575,3,1190.29,471.04,35.01,87.81,0.8619,2,2,-1
575,4,1555.27,435.96,56.70,101.12,0.9309,3,0,-1
575,11,1131.33,366.87,38.35,90.70,0.9201,2,1,-1
575,72,1077.06,383.63,47.23,90.49,0.9035,2,1,-1
575,118,1758.88,319.66,34.20,85.44,0.9062,2,2,-1
575,131,1404.65,361.19,42.88,79.00,0.8407,2,2,-1
575,135,946.14,445.12,52.12,103.39,0.9263,2,1,-1
575,136,505.18,880.81,72.67,183.95,0.8792,2,1,-1
575,138,549.24,519.43,45.76,110.34,0.9103,2,2,-1
575,140,677.84,275.00,31.32,61.07,0.8747,3,0,-1
575,148,1847.54,421.45,45.23,98.95,0.9244,2,2,-1
575,153,981.31,296.07,36.01,58.90,0.8985,2,-1,-1
575,156,521.31,327.22,23.50,81.37,0.9061,2,1,-1
575,172,641.45,332.21,32.93,85.76,0.9089,2,2,-1
576,3,1191.08,457.84,35.02,100.51,0.8955,2,2,-1
576,4,1547.58,435.82,61.83,101.80,0.9296,3,0,-1
576,11,1131.64,365.84,35.54,91.11,0.9139,2,1,-1
576,72,1074.30,383.74,45.28,90.15,0.9216,2,1,-1
576,118,1754.40,319.58,33.43,86.39,0.9175,2,2,-1
576,131,1403.52,359.02,41.42,87.54,0.9148,2,2,-1
576,135,939.79,445.46,51.30,103.00,0.9324,2,1,-1
576,136,501.66,879.06,70.21,184.08,0.8714,2,1,-1
576,138,547.02,519.20,42.66,110.56,0.9253,2,2,-1
576,140,672.91,273.29,30.58,63.13,0.9138,3,0,-1
576,148,1841.54,420.83,45.59,98.11,0.9270,2,2,-1
576,153,980.53,296.98,34.76,57.62,0.8992,2,1,-1
576,156,515.60,327.34,24.83,80.56,0.9033,2,1,-1
576,172,637.52,332.82,30.71,83.96,0.8439,2,2,-1
576,0,1839.57,507.78,12.07,13.32,1.0,0,-1,-1
577,3,1189.50,457.39,32.83,101.24,0.8931,2,2,-1
577,4,1540.23,435.98,63.86,100.97,0.9345,3,0,-1
577,11,1130.41,365.48,34.62,91.37,0.9108,2,1,-1
577,72,1069.20,380.65,45.92,92.59,0.9117,2,1,-1
577,118,1750.31,321.30,34.46,84.72,0.9251,2,2,-1
577,131,1403.61,357.32,37.76,86.92,0.9040,2,2,-1
577,135,933.14,444.62,51.09,103.48,0.9195,2,1,-1
577,136,498.16,878.71,70.74,183.23,0.9183,2,1,-1
577,138,546.15,519.12,38.74,108.83,0.9321,2,2,-1
577,140,669.02,273.79,28.41,61.91,0.8844,3,0,-1
577,148,1839.20,419.90,43.19,97.34,0.9334,2,2,-1
577,153,976.28,298.03,36.25,55.85,0.9039,2,1,-1
577,156,509.35,327.01,27.37,80.91,0.9060,2,1,-1
577,172,633.37,331.78,28.54,85.83,0.8947,2,2,-1
577,0,1833.20,506.97,13.93,14.08,1.0,0,-1,-1
578,3,1183.55,457.32,33.51,100.13,0.8907,2,2,-1
578,4,1534.51,435.50,63.80,100.74,0.9313,3,0,-1
578,11,1124.67,365.12,35.74,91.02,0.9209,2,1,-1
578,66,1905.18,489.73,14.30,52.85,0.7832,2,1,-1
578,72,1064.05,379.20,46.59,93.04,0.9122,2,1,-1
578,118,1743.75,322.29,39.25,83.48,0.9307,2,2,-1
578,131,1399.08,355.22,38.80,89.26,0.9254,2,2,-1
578,135,926.99,444.18,50.17,102.69,0.9322,2,1,-1
578,136,490.96,879.36,74.15,183.43,0.9001,2,1,-1
578,138,545.05,519.08,36.06,109.23,0.9277,2,2,-1
578,140,665.26,273.01,25.74,61.80,0.8834,3,0,-1
578,148,1834.33,419.22,43.24,96.74,0.9279,2,2,-1
578,153,969.82,298.62,43.30,54.91,0.9072,2,1,-1
578,156,501.77,327.58,32.99,80.48,0.9243,2,1,-1
578,172,630.30,331.19,25.64,86.39,0.8929,2,2,-1
578,0,1828.22,504.17,12.61,14.79,1.0,0,-1,-1
579,3,1177.62,456.69,37.19,100.53,0.9145,2,2,-1
579,4,1528.53,434.64,65.06,101.40,0.9392,3,0,-1
579,11,1118.54,364.86,38.30,90.58,0.9109,2,1,-1
579,66,1898.92,462.14,21.02,77.97,0.8086,2,1,-1
579,72,1059.56,378.95,46.44,92.58,0.9189,2,1,-1
579,118,1736.49,323.50,43.33,81.83,0.9297,2,2,-1
579,131,1393.48,353.81,41.36,90.06,0.9183,2,2,-1
579,135,920.89,443.37,50.47,103.70,0.9265,2,1,-1
579,136,484.34,878.33,77.55,183.91,0.9022,2,1,-1
579,138,542.56,518.28,33.17,110.28,0.9203,2,2,-1
579,140,660.94,272.72,24.89,61.81,0.6838,3,0,-1
579,148,1829.93,418.20,42.56,96.99,0.9232,2,2,-1
579,153,965.76,299.14,53.61,54.53,0.9069,2,1,-1
579,156,495.28,327.44,37.63,80.52,0.9257,2,1,-1
579,172,626.91,330.50,23.77,85.88,0.8832,2,2,-1
579,0,1046.32,341.24,12.75,14.17,1.0,0,-1,-1
580,3,1170.32,456.33,41.87,100.31,0.9355,2,2,-1
580,4,1526.54,433.58,59.47,100.92,0.9287,3,0,-1
580,11,1111.58,364.76,42.26,90.51,0.9189,2,1,-1
580,66,1893.44,459.32,25.48,79.18,0.8709,2,1,-1
580,72,1055.50,378.74,46.38,92.33,0.9111,2,1,-1
580,118,1728.65,323.72,46.32,80.89,0.9303,2,2,-1
580,131,1389.03,351.96,44.07,90.39,0.9271,2,2,-1
580,135,917.41,441.96,48.79,104.08,0.9341,2,1,-1
580,136,478.97,876.98,81.25,183.81,0.8999,2,1,-1
580,138,537.81,518.09,35.04,110.34,0.9191,2,2,-1
580,140,655.89,272.22,24.14,61.03,0.5729,3,0,-1
580,148,1827.79,416.88,40.05,97.38,0.9141,2,2,-1
580,153,961.73,298.32,59.28,55.02,0.9136,2,1,-1
580,156,487.39,327.50,40.01,80.10,0.9249,2,1,-1
580,172,624.09,329.74,18.08,56.40,0.8437,2,2,-1
581,3,1162.88,455.95,44.97,99.68,0.9332,2,2,-1
581,4,1523.95,432.24,52.38,101.09,0.9249,3,0,-1
581,11,1104.45,364.45,45.69,90.53,0.9302,2,1,-1
581,66,1890.77,456.13,28.69,82.15,0.9017,2,1,-1
581,72,1051.27,378.86,46.21,92.30,0.9122,2,1,-1
581,118,1720.35,322.59,47.30,81.36,0.9288,2,2,-1
581,131,1386.36,351.22,44.53,88.56,0.9225,2,2,-1
581,135,916.85,440.89,44.97,104.77,0.9346,2,1,-1
581,136,473.52,873.60,82.43,187.33,0.9007,2,1,-1
581,138,530.92,517.27,40.83,111.77,0.9269,2,2,-1
581,140,651.51,271.89,22.94,61.25,0.7864,3,0,-1
581,148,1822.37,416.44,38.96,97.62,0.9166,2,2,-1
581,153,959.33,297.16,63.03,55.60,0.8747,2,1,-1
581,156,479.34,327.40,42.20,80.15,0.9254,2,1,-1
581,172,615.37,329.53,25.74,85.84,0.8981,2,2,-1
581,0,1036.38,340.53,12.27,13.68,1.0,0,-1,-1
582,3,1155.71,455.47,47.99,99.83,0.9303,2,2,-1
582,4,1522.20,430.58,46.92,101.92,0.9100,3,0,-1
582,11,1097.38,364.20,48.65,89.43,0.9316,2,1,-1
582,66,1889.40,452.35,30.20,82.65,0.9023,2,1,-1
582,72,1049.31,379.58,44.04,90.47,0.8955,2,1,-1
582,118,1713.44,320.72,47.53,81.21,0.9258,2,2,-1
582,131,1382.63,350.99,43.94,87.35,0.8940,2,2,-1
582,135,914.56,439.50,42.25,104.86,0.9287,2,1,-1
582,136,473.78,869.10,79.29,187.40,0.8867,2,1,-1
582,138,523.55,517.09,46.94,111.40,0.9323,2,2,-1
582,140,644.90,270.87,23.28,61.58,0.8184,3,0,-1
582,148,1814.57,415.98,40.57,96.09,0.9189,2,2,-1
582,153,959.60,296.88,55.58,54.26,0.8960,2,1,-1
582,156,471.69,326.82,42.29,79.98,0.9231,2,1,-1
582,172,607.82,328.96,29.16,86.89,0.9223,2,2,-1
582,0,1032.00,340.26,11.53,12.86,1.0,0,-1,-1
583,3,1148.47,454.61,50.23,98.44,0.9337,2,2,-1
583,4,1522.18,428.71,41.15,102.31,0.9100,3,0,-1
583,11,1091.70,363.51,49.80,88.67,0.9278,2,1,-1
583,66,1891.77,450.25,28.66,81.99,0.8915,2,1,-1
583,118,1706.43,318.97,49.17,81.98,0.9264,2,2,-1
583,131,1385.36,351.51,38.06,77.30,0.7927,2,2,-1
583,135,912.26,438.55,39.49,104.77,0.9170,2,1,-1
583,136,468.64,868.54,76.21,176.97,0.8984,2,1,-1
583,138,514.81,516.74,54.18,110.79,0.9297,2,2,-1
583,140,638.74,270.97,23.70,61.02,0.8851,3,0,-1
583,148,1806.82,415.50,42.97,95.28,0.9224,2,2,-1
583,153,962.95,296.17,48.22,54.98,0.8967,2,1,-1
583,156,463.58,325.36,43.14,80.95,0.9286,2,1,-1
583,159,1033.75,346.94,31.03,75.65,0.9034,2,2,-1
583,172,600.73,329.14,31.31,86.29,0.9209,2,2,-1
584,3,1143.12,453.29,50.70,98.61,0.9229,2,2,-1
584,4,1522.64,427.68,34.38,101.94,0.9224,3,0,-1
584,11,1085.70,363.02,49.26,87.35,0.9184,2,1,-1
584,66,1889.51,444.00,30.52,87.78,0.9086,2,1,-1
584,72,1047.71,379.58,38.05,88.74,0.9033,2,1,-1
584,118,1704.24,316.89,47.08,82.65,0.9217,2,2,-1
584,131,1387.85,351.77,30.35,66.04,0.8806,2,2,-1
584,135,907.84,437.39,37.63,104.55,0.9233,2,1,-1
584,136,468.28,865.01,74.69,177.99,0.9053,2,1,-1
584,138,506.91,517.30,57.95,109.45,0.9279,2,2,-1
584,140,631.54,270.69,25.66,61.66,0.8617,3,0,-1
584,148,1795.99,415.98,47.30,94.25,0.9265,2,2,-1
584,153,957.98,295.27,43.02,53.97,0.9068,2,1,-1
584,156,456.42,324.42,42.36,81.15,0.9212,2,1,-1
584,159,1030.84,344.59,29.27,76.06,0.8943,2,2,-1
584,172,593.31,328.79,35.23,86.48,0.9216,2,2,-1
584,0,1019.48,338.40,12.76,13.85,1.0,0,-1,-1
585,3,1136.51,450.83,49.18,100.11,0.9238,2,2,-1
585,4,1519.81,426.91,32.29,102.10,0.9152,3,0,-1
585,11,1080.32,362.13,47.69,87.78,0.9193,2,1,-1
585,66,1882.24,439.43,36.07,91.00,0.8907,2,1,-1
585,72,1040.29,377.67,38.63,90.02,0.9005,2,1,-1
585,118,1700.08,313.14,45.32,85.27,0.9185,2,2,-1
585,131,1384.26,350.71,29.88,69.23,0.8564,2,2,-1
585,135,901.84,436.44,37.60,104.91,0.9174,2,1,-1
585,136,468.38,859.21,70.17,177.50,0.9224,2,1,-1
585,138,497.52,516.76,62.40,109.43,0.9363,2,2,-1
585,140,624.60,270.45,26.85,60.25,0.8448,3,0,-1
585,148,1787.58,415.59,50.95,93.34,0.9308,2,2,-1
585,153,952.28,294.27,42.89,55.07,0.9209,2,1,-1
585,156,449.08,323.55,40.19,81.21,0.9260,2,1,-1
585,172,584.66,328.95,38.19,85.75,0.9255,2,2,-1
585,0,1013.15,337.96,11.61,12.81,1.0,0,-1,-1
586,3,1133.28,449.23,45.24,99.97,0.9256,2,2,-1
586,4,1513.32,425.87,33.73,101.31,0.9291,3,0,-1
586,11,1076.22,360.60,44.19,88.10,0.9052,2,1,-1
586,66,1874.74,433.22,43.77,95.05,0.9095,2,1,-1
586,72,1032.91,375.67,42.02,90.69,0.9050,2,1,-1
586,118,1697.83,310.72,41.51,85.28,0.9046,2,2,-1
586,135,894.68,436.19,38.56,104.08,0.9287,2,1,-1
586,136,466.27,857.38,67.02,176.86,0.9309,2,1,-1
586,138,489.17,516.60,65.34,107.73,0.9306,2,2,-1
586,140,615.64,269.58,28.36,61.56,0.8216,3,0,-1
586,148,1778.66,415.55,53.52,91.09,0.9316,2,2,-1
586,153,947.09,292.74,44.77,52.43,0.9071,2,1,-1
586,156,442.71,322.97,37.98,80.15,0.9173,2,1,-1
586,162,1376.72,347.51,32.27,87.46,0.8824,2,2,-1
586,172,575.92,328.74,38.90,85.15,0.9145,2,2,-1
586,0,1007.01,336.93,12.35,14.26,1.0,0,-1,-1
587,3,1128.99,447.57,40.47,98.53,0.8965,2,2,-1
587,4,1504.75,425.23,38.20,101.61,0.9405,3,0,-1
587,11,1072.85,358.59,38.48,89.60,0.9221,2,1,-1
587,66,1866.40,428.81,52.42,98.22,0.9287,2,1,-1
587,72,1025.68,374.83,44.60,90.93,0.9049,2,1,-1
587,118,1695.06,308.05,37.30,86.76,0.9134,2,2,-1
587,135,887.06,435.59,39.47,103.22,0.9246,2,1,-1
587,136,458.05,858.08,70.79,173.33,0.9337,2,1,-1
587,138,482.83,515.45,65.78,108.53,0.9141,2,2,-1
587,140,606.48,268.60,28.97,60.26,0.8931,3,0,-1
587,148,1770.59,414.91,56.73,90.49,0.9356,2,2,-1
587,153,945.72,293.00,44.98,51.43,0.6813,2,1,-1
587,156,437.54,321.46,35.54,81.18,0.9150,2,1,-1
587,162,1370.61,344.80,33.42,86.34,0.8327,2,2,-1
587,172,567.06,328.36,39.51,85.25,0.9252,2,2,-1
587,0,998.68,335.39,13.03,14.42,1.0,0,-1,-1
588,3,1125.46,445.38,35.00,95.77,0.8932,2,2,-1
588,4,1494.00,424.53,47.25,101.28,0.9469,3,0,-1
588,11,1070.25,356.90,32.16,88.60,0.9091,2,1,-1
588,66,1858.77,426.33,60.06,97.41,0.9366,2,1,-1
588,72,1017.56,374.79,48.03,89.65,0.9149,2,1,-1
588,118,1689.23,306.27,35.95,86.96,0.9107,2,2,-1
588,135,878.62,434.61,42.20,103.13,0.9320,2,1,-1
588,136,449.33,857.25,76.48,174.62,0.9368,2,1,-1
588,138,474.21,514.56,63.33,108.79,0.9241,2,2,-1
588,140,597.33,268.96,29.42,58.94,0.8760,3,0,-1
588,148,1761.43,413.42,59.81,91.17,0.9268,2,2,-1
588,156,432.37,320.64,31.82,80.60,0.9114,2,1,-1
588,162,1360.44,342.64,40.25,89.16,0.9313,2,2,-1
588,172,558.43,327.09,39.82,86.42,0.9284,2,2,-1
588,0,988.44,334.69,16.68,14.54,1.0,0,-1,-1
589,3,1120.16,444.43,32.13,99.94,0.8994,2,2,-1
589,4,1483.94,424.91,54.28,99.66,0.9421,3,0,-1
589,11,1065.31,355.03,29.01,89.35,0.9084,2,1,-1
589,66,1852.03,425.14,65.89,98.55,0.9315,2,1,-1
589,72,1009.20,371.15,50.75,92.30,0.9189,2,1,-1
589,118,1682.07,305.65,35.90,87.00,0.9145,2,2,-1
589,135,869.66,433.71,44.54,102.94,0.9339,2,1,-1
589,136,439.75,855.14,83.66,177.78,0.9303,2,1,-1
589,138,471.12,513.85,61.67,108.14,0.9201,2,2,-1
589,140,589.64,266.74,29.43,60.52,0.8374,3,0,-1
589,148,1755.18,412.28,60.71,90.40,0.9166,2,2,-1
589,153,947.94,295.39,38.38,44.39,0.6936,2,1,-1
589,156,428.64,320.32,28.00,79.19,0.9051,2,1,-1
589,162,1352.61,341.49,45.48,89.01,0.9277,2,2,-1
589,172,550.20,326.63,37.47,84.61,0.9232,2,2,-1
589,0,981.79,333.50,15.45,14.59,1.0,0,-1,-1
590,3,1113.71,443.78,30.52,98.78,0.9024,2,2,-1
590,4,1473.55,423.75,57.59,100.21,0.9387,3,0,-1
590,11,1058.74,353.96,28.73,89.45,0.8945,2,1,-1
590,66,1847.28,424.35,66.97,98.04,0.9305,2,1,-1
590,72,1003.13,372.76,49.22,89.67,0.9007,2,1,-1
590,118,1675.12,305.43,35.03,86.27,0.9017,2,2,-1
590,135,860.71,433.12,46.70,103.02,0.9345,2,1,-1
590,136,434.23,854.49,85.91,177.56,0.9319,2,1,-1
590,138,465.16,512.73,56.63,108.32,0.8989,2,2,-1
590,140,580.36,264.73,29.09,61.75,0.8526,3,0,-1
590,148,1754.45,410.44,56.02,89.76,0.9190,2,2,-1
590,153,945.74,294.76,33.46,44.50,0.8244,2,1,-1
590,156,422.66,319.80,26.53,80.37,0.9075,2,1,-1
590,162,1344.91,340.17,49.78,87.66,0.9209,2,2,-1
590,172,543.23,324.40,35.59,86.93,0.9084,2,2,-1
590,0,973.65,332.26,15.60,14.56,1.0,0,-1,-1
591,3,1104.82,442.30,31.97,101.64,0.9144,2,2,-1
591,4,1463.61,422.99,59.75,100.32,0.9399,3,0,-1
591,11,1050.86,352.62,30.26,89.49,0.9176,2,1,-1
591,66,1844.74,424.04,64.74,96.45,0.9090,2,1,-1
591,118,1667.83,305.79,34.90,84.74,0.9099,2,2,-1
591,135,850.67,431.62,47.66,103.77,0.9328,2,1,-1
591,136,430.46,849.75,86.38,175.66,0.9134,2,1,-1
591,138,458.98,511.45,52.64,109.16,0.8861,2,2,-1
591,139,982.25,334.12,37.81,79.20,0.8965,2,2,-1
591,140,571.67,262.21,28.20,62.90,0.8587,3,0,-1
591,148,1751.51,407.76,53.17,91.19,0.9109,2,2,-1
591,153,943.85,294.46,38.04,48.56,0.8466,2,1,-1
591,156,413.42,319.19,26.92,80.53,0.9045,2,1,-1
591,162,1336.21,340.38,51.37,85.78,0.9241,2,2,-1
591,172,536.57,323.24,32.76,87.34,0.8922,2,2,-1
592,3,1094.75,442.26,35.68,99.72,0.9136,2,2,-1
592,4,1455.25,421.85,59.72,100.45,0.9430,3,0,-1
592,11,1041.49,351.80,35.93,89.26,0.9044,2,1,-1
592,66,1845.71,422.93,58.57,96.31,0.9168,2,1,-1
592,72,997.81,372.62,43.05,88.58,0.8616,2,1,-1
592,118,1660.61,306.97,36.70,81.44,0.9214,2,2,-1
592,135,841.66,430.87,48.20,103.15,0.9285,2,1,-1
592,136,430.58,847.53,83.11,172.50,0.9275,2,1,-1
592,138,455.21,510.52,40.06,108.56,0.9136,2,2,-1
592,139,977.33,331.96,36.62,80.21,0.9047,2,2,-1
592,140,563.88,262.56,27.60,62.64,0.6872,3,0,-1
592,148,1750.00,405.31,48.81,89.81,0.9073,2,2,-1
592,153,936.58,292.86,39.69,49.41,0.8785,2,1,-1
592,156,403.24,319.56,29.67,79.30,0.9130,2,1,-1
592,162,1331.02,340.70,49.31,83.93,0.9019,2,2,-1
592,172,531.12,321.85,29.90,88.61,0.8934,2,2,-1
592,0,1741.14,485.09,22.72,14.48,1.0,0,-1,-1
593,3,1083.91,441.58,42.95,99.92,0.9233,2,2,-1
593,4,1447.02,420.04,59.03,100.24,0.9412,3,0,-1
593,11,1031.31,351.04,42.42,89.00,0.9037,2,1,-1
593,66,1847.10,420.06,51.34,97.37,0.9262,2,1,-1
593,72,994.59,370.90,37.24,88.59,0.8828,2,1,-1
593,118,1649.61,306.33,42.67,80.45,0.9306,2,2,-1
593,135,833.72,428.62,46.31,104.37,0.9310,2,1,-1
593,136,429.73,845.05,75.51,169.04,0.9258,2,1,-1
593,138,450.48,509.43,35.43,107.16,0.9120,2,2,-1
593,139,974.05,329.60,33.99,80.93,0.9054,2,2,-1
593,140,554.21,261.00,27.04,63.55,0.7357,3,0,-1
593,148,1736.19,402.62,54.08,92.89,0.9042,2,2,-1
593,153,927.98,291.55,40.13,49.24,0.8509,2,1,-1
593,156,391.37,319.87,34.86,78.48,0.9212,2,1,-1
593,162,1327.32,340.18,47.08,84.54,0.8769,2,2,-1
593,172,523.38,320.70,28.15,88.86,0.8898,2,2,-1
594,3,1073.16,441.28,47.49,97.72,0.9311,2,2,-1
594,4,1440.07,418.78,56.00,100.16,0.9398,3,0,-1
594,11,1019.77,350.27,47.65,88.04,0.8990,2,1,-1
594,66,1837.26,416.44,52.92,99.12,0.9337,2,1,-1
594,72,989.67,368.89,37.52,89.60,0.9119,2,1,-1
594,118,1636.37,306.08,48.99,79.90,0.9276,2,2,-1
594,135,825.70,426.93,43.41,102.08,0.9278,2,1,-1
594,136,426.05,836.11,71.93,177.45,0.9243,2,1,-1
594,138,442.10,508.55,35.17,108.60,0.9213,2,2,-1
594,139,967.40,327.30,31.92,81.73,0.9036,2,2,-1
594,148,1726.47,399.88,57.20,94.22,0.9185,2,2,-1
594,153,917.35,289.56,39.69,50.60,0.8948,2,1,-1
594,156,379.61,320.09,40.53,77.73,0.9257,2,1,-1
594,162,1327.67,338.41,42.08,79.29,0.8286,2,2,-1
594,172,513.06,319.80,28.36,89.06,0.9035,2,2,-1
594,0,1722.71,478.70,14.40,18.66,1.0,0,-1,-1
595,3,1060.31,439.99,50.01,97.98,0.9295,2,2,-1
595,4,1434.11,416.43,51.43,100.46,0.9251,3,0,-1
595,11,1008.39,349.39,50.46,87.55,0.8957,2,1,-1
595,66,1827.07,413.68,55.29,101.05,0.9304,2,1,-1
595,72,978.70,367.22,38.67,89.39,0.9120,2,1,-1
595,118,1624.94,305.50,52.29,79.26,0.9234,2,2,-1
595,135,819.19,425.28,39.75,102.37,0.9198,2,1,-1
595,136,419.39,833.35,69.67,178.25,0.9241,2,1,-1
595,138,431.67,508.18,35.58,108.21,0.9250,2,2,-1
595,139,958.83,323.72,31.07,82.99,0.9039,2,2,-1
595,140,535.71,258.83,26.77,62.15,0.7991,3,0,-1
595,148,1717.14,398.42,58.64,93.64,0.9219,2,2,-1
595,153,905.80,289.73,36.62,51.55,0.8953,2,1,-1
595,156,366.20,320.58,44.46,76.17,0.9314,2,1,-1
595,162,1322.53,336.32,39.27,83.39,0.9007,2,2,-1
595,172,502.27,319.40,29.92,89.41,0.9071,2,2,-1
596,3,1049.12,438.71,49.22,97.95,0.9328,2,2,-1
596,4,1426.99,414.91,50.70,100.55,0.6265,3,0,-1
596,66,1815.83,411.46,59.14,99.93,0.9321,2,1,-1
596,72,967.39,365.38,42.61,90.92,0.9137,2,1,-1
596,118,1612.94,305.21,51.80,78.35,0.9154,2,2,-1
596,135,812.11,423.94,35.74,102.58,0.9135,2,1,-1
596,136,411.80,829.90,68.96,179.62,0.9291,2,1,-1
596,138,420.10,507.83,39.87,108.54,0.9270,2,2,-1
596,139,948.92,322.53,31.64,83.54,0.9042,2,2,-1
596,140,524.44,258.83,28.53,61.34,0.8552,3,0,-1
596,148,1708.57,398.41,57.81,91.83,0.9114,2,2,-1
596,153,894.44,288.56,34.71,53.52,0.8931,2,1,-1
596,156,353.25,320.58,45.70,75.44,0.9308,2,1,-1
596,162,1313.32,333.30,37.92,87.11,0.9036,2,2,-1
596,172,490.87,319.49,33.94,88.28,0.9108,2,2,-1
597,3,1038.04,437.73,48.05,97.17,0.9308,2,2,-1
597,4,1424.16,413.38,40.43,99.78,0.9354,3,0,-1
597,66,1805.03,409.99,61.88,99.19,0.9351,2,1,-1
597,72,956.80,364.48,46.71,90.45,0.9115,2,1,-1
597,118,1604.06,304.11,47.69,77.89,0.9008,2,2,-1
597,135,804.95,422.45,33.00,102.58,0.9118,2,1,-1
597,136,403.00,827.25,69.14,182.53,0.9222,2,1,-1
597,137,995.39,347.88,37.61,87.15,0.8832,2,1,-1
597,138,406.95,507.80,47.08,108.88,0.9251,2,2,-1
597,139,939.04,321.78,31.04,80.69,0.9070,2,2,-1
597,140,511.93,258.91,30.41,60.91,0.8068,3,0,-1
597,148,1710.79,398.26,47.03,83.24,0.8988,2,2,-1
597,153,882.57,287.36,33.46,54.70,0.8676,2,1,-1
597,156,342.14,320.16,45.94,75.10,0.9279,2,1,-1
597,162,1302.60,331.28,38.83,88.44,0.9118,2,2,-1
597,172,477.98,319.83,36.75,87.56,0.9000,2,2,-1
598,3,1026.96,435.71,46.69,98.32,0.9171,2,2,-1
598,4,1415.99,411.97,36.30,101.42,0.9188,3,0,-1
598,66,1795.99,409.73,61.19,98.77,0.9289,2,1,-1
598,72,944.74,363.35,49.64,90.95,0.9181,2,1,-1
598,88,1600.09,301.79,35.09,79.50,0.8814,2,2,-1
598,135,794.33,420.92,32.78,103.85,0.9120,2,1,-1
598,136,394.75,827.03,69.34,179.71,0.9203,2,1,-1
598,137,985.20,346.67,35.63,86.20,0.8814,2,1,-1
598,138,391.40,507.81,58.48,109.01,0.9382,2,2,-1
598,139,927.77,321.51,31.52,80.25,0.9085,2,2,-1
598,140,498.61,257.53,31.79,62.61,0.5534,3,0,-1
598,148,1703.25,397.76,43.22,84.81,0.9001,2,2,-1
598,153,869.23,285.47,33.76,55.96,0.8763,2,1,-1
598,156,329.61,319.98,47.08,75.13,0.9170,2,1,-1
598,162,1291.50,329.19,41.09,88.98,0.9284,2,2,-1
598,172,464.37,320.06,38.07,87.24,0.9011,2,2,-1
599,3,1017.60,434.54,43.82,98.88,0.9093,2,2,-1
599,4,1401.49,411.88,36.82,100.68,0.9220,3,0,-1
599,66,1788.85,410.86,57.80,97.28,0.9179,2,1,-1
599,72,933.93,365.09,48.27,88.16,0.9072,2,1,-1
599,88,1590.61,299.33,31.78,80.77,0.8760,2,2,-1
599,135,781.35,419.90,34.47,104.39,0.9157,2,1,-1
599,136,386.26,828.03,67.72,171.83,0.9321,2,1,-1
599,137,972.39,345.87,33.91,86.52,0.8700,2,1,-1
599,138,375.55,508.02,62.82,108.32,0.9330,2,2,-1
599,139,915.89,322.66,31.29,77.20,0.9008,2,2,-1
599,148,1693.80,396.95,40.89,78.67,0.8600,2,2,-1
599,153,855.65,284.52,33.02,55.88,0.8724,2,1,-1
599,156,321.06,320.68,43.56,73.55,0.8882,2,1,-1
599,162,1280.86,328.41,42.90,87.87,0.9100,2,2,-1
599,172,450.07,320.19,38.19,86.02,0.9039,2,2,-1
600,3,1008.84,433.72,40.24,99.41,0.9016,2,2,-1
600,4,1386.07,411.83,39.68,101.39,0.9284,3,0,-1
600,66,1784.66,411.50,50.75,95.20,0.9154,2,1,-1
600,72,925.09,366.18,45.16,85.64,0.8762,2,1,-1
600,88,1580.38,297.14,29.00,81.10,0.8678,2,2,-1
600,135,766.39,419.40,38.91,104.04,0.9257,2,1,-1
600,136,378.95,827.44,66.46,170.10,0.9301,2,1,-1
600,138,360.33,507.70,63.38,108.95,0.9260,2,2,-1
600,139,905.72,323.05,29.59,74.58,0.9046,2,2,-1
600,140,470.05,255.45,33.30,63.15,0.6993,3,0,-1
600,148,1672.58,395.16,51.57,90.15,0.8952,2,2,-1
600,153,841.04,283.76,33.73,56.51,0.8802,2,1,-1
600,156,312.71,321.20,39.20,72.83,0.8938,2,1,-1
600,162,1267.31,327.74,45.20,88.66,0.9166,2,2,-1
600,172,436.02,320.26,38.71,86.69,0.9044,2,2,-1
601,3,1000.82,432.79,35.32,97.68,0.8888,2,2,-1
601,4,1370.80,412.22,44.78,100.47,0.9285,3,0,-1
601,66,1780.16,411.13,43.12,94.26,0.9323,2,1,-1
601,72,918.14,366.46,42.16,86.36,0.8629,2,1,-1
601,88,1568.05,295.75,27.04,82.51,0.8365,2,2,-1
601,135,751.80,419.54,46.10,103.23,0.9344,2,1,-1
601,136,369.92,827.00,63.63,167.53,0.9266,2,1,-1
601,138,344.79,507.88,62.40,108.71,0.9275,2,2,-1
601,139,894.13,322.69,27.49,75.52,0.9097,2,2,-1
601,148,1659.35,393.02,55.92,91.23,0.9213,2,2,-1
601,153,826.89,284.52,33.68,55.37,0.8832,2,1,-1
601,156,304.24,321.43,35.71,71.43,0.9182,2,1,-1
601,162,1256.05,327.88,44.66,87.44,0.9084,2,2,-1
601,172,422.49,320.62,39.39,86.95,0.9035,2,2,-1
601,0,1653.41,471.71,18.02,15.83,1.0,0,-1,-1
602,3,990.14,432.47,32.09,98.41,0.8816,2,2,-1
602,4,1353.78,412.80,50.96,99.48,0.9234,3,0,-1
602,66,1762.75,409.35,46.99,94.72,0.9304,2,1,-1
602,72,910.68,365.62,35.97,85.87,0.8908,2,1,-1
602,88,1555.25,294.54,25.74,83.79,0.8736,2,2,-1
602,135,735.30,420.21,54.07,102.45,0.9293,2,1,-1
602,136,357.43,824.69,63.77,167.61,0.9362,2,1,-1
602,138,329.95,507.66,61.90,108.95,0.9248,2,2,-1
602,139,881.73,321.87,27.19,78.21,0.9045,2,2,-1
602,140,439.89,257.06,32.15,61.44,0.5233,3,0,-1
602,148,1644.25,392.29,60.09,91.00,0.9229,2,2,-1
602,153,810.04,284.43,35.16,56.59,0.8797,2,1,-1
602,156,287.83,320.16,38.56,72.27,0.9126,2,1,-1
602,162,1248.69,328.26,40.26,84.73,0.8603,2,2,-1
602,172,407.31,320.14,38.40,86.85,0.9017,2,2,-1
602,0,1639.00,467.11,16.62,18.58,1.0,0,-1,-1
603,3,976.75,432.06,31.74,99.36,0.8977,2,2,-1
603,4,1335.79,413.93,55.77,98.28,0.9266,3,0,-1
603,11,916.95,340.78,32.09,66.31,0.8069,2,1,-1
603,66,1745.94,407.31,53.59,95.72,0.9335,2,1,-1
603,68,1245.08,328.68,27.76,67.02,0.8724,2,2,-1
603,72,900.80,387.90,29.70,63.50,0.8362,2,1,-1
603,88,1540.53,295.07,26.56,83.15,0.8443,2,2,-1
603,135,716.51,420.79,60.62,101.75,0.9302,2,1,-1
603,136,338.40,822.07,69.39,169.87,0.9318,2,1,-1
603,138,315.18,507.89,58.61,109.80,0.9281,2,2,-1
603,139,868.39,321.08,25.88,78.70,0.9023,2,2,-1
603,148,1629.58,392.52,62.45,90.29,0.9244,2,2,-1
603,153,790.96,285.44,33.70,56.53,0.8855,2,1,-1
603,156,270.91,319.34,41.35,73.69,0.9030,2,1,-1
603,172,390.91,320.09,34.83,85.89,0.8828,2,2,-1
603,0,1626.40,464.69,16.14,19.51,1.0,0,-1,-1
604,3,959.70,432.76,34.99,97.97,0.9068,2,2,-1
604,4,1316.29,414.87,59.22,97.51,0.9304,3,0,-1
604,11,901.43,340.60,34.54,70.29,0.6894,2,1,-1
604,66,1728.38,405.69,59.87,96.86,0.9324,2,1,-1
604,72,882.93,385.89,31.97,66.31,0.6965,2,1,-1
604,88,1524.67,297.21,28.13,81.55,0.7515,2,2,-1
604,131,1233.49,327.99,25.60,64.17,0.8272,2,2,-1
604,135,698.23,421.88,61.92,100.86,0.9264,2,1,-1
604,136,320.20,818.71,75.46,173.14,0.9349,2,1,-1
604,138,300.04,507.32,51.01,108.17,0.9184,2,2,-1
604,139,852.53,319.41,26.37,79.61,0.8752,2,2,-1
604,148,1617.43,392.44,62.04,89.21,0.9207,2,2,-1
604,153,772.52,286.16,33.26,56.55,0.8920,2,1,-1
604,156,250.80,318.68,46.27,77.16,0.9220,2,1,-1
604,172,374.85,319.77,32.49,86.45,0.9092,2,2,-1
605,3,940.76,432.21,40.00,99.43,0.9124,2,2,-1
605,4,1298.41,415.20,58.56,96.61,0.9343,3,0,-1
605,11,882.62,340.94,35.18,68.21,0.7894,2,1,-1
605,66,1711.31,404.56,63.69,96.75,0.9369,2,1,-1
605,118,1500.94,298.51,43.27,80.35,0.8001,2,2,-1
605,131,1219.79,327.66,25.37,64.67,0.8473,2,2,-1
605,135,680.00,421.81,61.33,100.68,0.9309,2,1,-1
605,136,303.75,816.73,79.94,168.76,0.9384,2,1,-1
605,138,286.50,507.66,45.15,105.24,0.9145,2,2,-1
605,139,835.13,318.46,28.61,80.55,0.8939,2,2,-1
605,148,1605.90,393.05,60.06,88.88,0.9100,2,2,-1
605,153,752.79,286.53,33.57,56.64,0.8842,2,1,-1
605,156,232.69,318.46,48.89,77.47,0.9277,2,1,-1
605,172,359.75,319.86,26.16,57.31,0.8693,2,2,-1
606,3,921.37,433.35,45.16,96.50,0.9240,2,2,-1
606,4,1281.06,415.51,58.45,95.83,0.9293,3,0,-1
606,66,1695.34,404.30,65.01,97.43,0.9293,2,1,-1
606,72,846.16,383.89,45.91,68.41,0.8968,2,1,-1
606,118,1483.37,296.45,44.35,82.38,0.8392,2,2,-1
606,135,662.88,422.08,57.61,99.95,0.9230,2,1,-1
606,136,284.70,815.65,86.59,169.26,0.9430,2,1,-1
606,138,271.27,507.67,41.24,107.91,0.9209,2,2,-1
606,139,815.67,318.02,31.07,81.57,0.8781,2,2,-1
606,140,373.53,256.33,29.92,63.26,0.6344,3,0,-1
606,148,1603.02,394.08,49.69,81.70,0.9059,2,2,-1
606,153,732.28,287.33,33.99,57.29,0.8836,2,1,-1
606,156,214.79,318.92,50.41,78.71,0.9239,2,1,-1
606,162,1200.19,326.19,32.23,85.10,0.8404,2,2,-1
606,172,339.54,320.18,28.61,57.63,0.8404,2,2,-1
606,0,1599.06,463.78,24.50,18.94,1.0,0,-1,-1
607,3,901.97,434.22,49.41,96.78,0.9185,2,2,-1
607,4,1264.50,415.88,60.33,94.59,0.9371,3,0,-1
607,66,1681.49,405.46,60.14,95.61,0.9001,2,1,-1
607,72,828.01,385.39,49.54,67.16,0.9001,2,1,-1
607,118,1463.60,296.12,46.74,82.71,0.8769,2,2,-1
607,135,645.97,421.78,53.73,100.18,0.9225,2,1,-1
607,136,266.75,818.59,88.60,164.92,0.9441,2,1,-1
607,138,256.04,508.40,37.40,106.46,0.9265,2,2,-1
607,139,799.61,318.33,28.27,72.03,0.7040,2,2,-1
607,148,1595.85,394.12,42.62,74.31,0.8905,2,2,-1
607,153,710.41,287.44,33.61,57.13,0.8960,2,1,-1
607,156,198.32,320.13,47.44,77.43,0.8957,2,1,-1
607,162,1183.55,325.00,33.46,88.53,0.8514,2,2,-1
607,172,316.70,320.23,37.40,90.27,0.9009,2,2,-1
607,0,1579.82,465.73,26.18,16.98,1.0,0,-1,-1
608,3,881.06,434.33,51.61,96.23,0.9266,2,2,-1
608,4,1248.83,416.48,63.98,93.65,0.9283,3,0,-1
608,11,827.28,342.23,30.14,50.61,0.7949,2,1,-1
608,66,1673.99,406.21,52.96,93.77,0.8888,2,1,-1
608,72,810.74,388.33,48.44,64.36,0.8237,2,1,-1
608,118,1442.54,297.61,48.97,81.65,0.8928,2,2,-1
608,135,630.41,420.90,49.63,100.59,0.9245,2,1,-1
608,136,253.70,821.61,87.32,161.11,0.9374,2,1,-1
608,138,237.35,508.82,36.22,110.16,0.9270,2,2,-1
608,139,778.74,319.22,32.15,78.85,0.8161,2,2,-1
608,148,1576.47,393.33,45.17,72.36,0.8587,2,2,-1
608,153,689.71,286.90,31.49,58.43,0.8821,2,1,-1
608,156,185.01,321.42,45.96,76.53,0.8865,2,1,-1
608,162,1169.09,324.92,35.17,86.69,0.8646,2,2,-1
608,172,297.81,321.01,36.86,88.97,0.8536,2,2,-1
608,0,1558.59,467.95,22.64,15.78,1.0,0,-1,-1
609,3,860.88,434.57,53.47,96.58,0.9190,2,2,-1
609,4,1236.89,417.74,63.78,91.02,0.9021,3,0,-1
609,11,806.41,343.30,34.00,53.96,0.7855,2,1,-1
609,66,1662.37,406.51,49.73,93.45,0.9019,2,1,-1
609,72,796.27,391.84,46.09,60.30,0.6879,2,1,-1
609,118,1426.77,297.94,45.81,81.46,0.8635,2,2,-1
609,135,615.26,420.80,45.63,101.54,0.9186,2,1,-1
609,136,241.30,822.37,86.03,162.01,0.9330,2,1,-1
609,138,217.64,510.05,37.84,111.55,0.9028,2,2,-1
609,139,761.70,319.33,29.48,72.53,0.7471,2,2,-1
609,140,313.65,257.52,31.83,62.44,0.7766,3,0,-1
609,148,1552.62,391.92,55.20,85.59,0.8907,2,2,-1
609,153,667.07,286.06,29.51,59.13,0.8804,2,1,-1
609,156,169.68,323.31,45.34,74.37,0.9059,2,1,-1
609,162,1147.42,326.24,39.90,84.65,0.8835,2,2,-1
609,172,277.06,322.04,37.32,89.89,0.8082,2,2,-1
609,0,1540.63,465.86,18.04,16.35,1.0,0,-1,-1
610,3,842.17,434.61,52.88,95.90,0.9150,2,2,-1
610,4,1223.95,417.75,62.37,90.69,0.8916,3,0,-1
610,66,1646.85,405.31,48.23,92.67,0.9165,2,1,-1
610,118,1403.00,297.88,46.65,81.44,0.8644,2,2,-1
610,135,600.94,420.85,42.27,101.02,0.9119,2,1,-1
610,136,234.65,820.06,76.86,165.28,0.9403,2,1,-1
610,137,782.43,343.49,41.32,94.45,0.7715,2,1,-1
610,138,196.02,511.23,44.54,112.34,0.9288,2,2,-1
610,139,742.14,318.83,29.92,76.50,0.8767,2,2,-1
610,140,291.99,258.79,32.02,61.13,0.5596,3,0,-1
610,148,1532.62,391.88,58.42,85.03,0.8760,2,2,-1
610,153,644.12,285.53,28.55,59.91,0.8701,2,1,-1
610,156,152.51,323.22,44.61,75.01,0.9129,2,1,-1
610,162,1122.86,327.74,41.59,86.06,0.7625,2,2,-1
610,172,254.71,322.80,36.10,87.36,0.8207,2,2,-1
610,0,1522.92,461.82,16.01,18.00,1.0,0,-1,-1
611,3,829.07,468.61,36.99,61.08,0.8174,2,2,-1
611,4,1209.09,416.81,59.10,91.90,0.9291,3,0,-1
611,66,1624.85,403.36,51.12,94.47,0.9231,2,1,-1
611,118,1385.74,303.76,43.28,75.42,0.6951,2,2,-1
611,135,585.79,421.31,39.47,101.47,0.9097,2,1,-1
611,136,224.55,817.37,69.73,168.15,0.9307,2,1,-1
611,137,764.49,355.59,42.73,97.90,0.7739,2,1,-1
611,138,172.94,512.62,50.54,112.88,0.9062,2,2,-1
611,139,723.11,318.19,28.43,77.81,0.8880,2,2,-1
611,148,1522.80,392.14,48.38,67.70,0.7063,2,2,-1
611,153,620.61,285.32,28.13,62.54,0.8799,2,1,-1
611,156,128.77,322.87,47.17,77.26,0.8911,2,1,-1
611,162,1107.42,329.28,39.68,81.79,0.8120,2,2,-1
611,172,233.03,323.21,38.57,90.02,0.8095,2,2,-1
611,0,1508.91,459.38,15.58,14.71,1.0,0,-1,-1
612,3,808.38,438.13,42.80,72.32,0.5749,2,2,-1
612,4,1186.72,415.35,61.29,93.64,0.9319,3,0,-1
612,66,1603.54,401.68,55.59,95.65,0.9319,2,1,-1
612,131,1095.58,329.65,29.16,67.86,0.8281,2,2,-1
612,135,567.43,422.09,39.24,101.98,0.9120,2,1,-1
612,136,205.40,812.94,71.05,174.33,0.9280,2,1,-1
612,137,746.43,357.56,42.10,96.85,0.8013,2,1,-1
612,138,147.08,514.81,52.62,111.20,0.9028,2,2,-1
612,139,701.61,317.82,29.39,79.23,0.8988,2,2,-1
612,148,1518.28,393.18,40.88,64.89,0.8951,2,2,-1
612,153,596.03,285.92,28.00,63.88,0.8728,2,1,-1
612,156,105.90,322.29,49.61,78.73,0.8985,2,1,-1
612,172,207.85,325.51,41.48,91.83,0.8670,2,2,-1
612,0,1499.95,456.82,14.26,16.86,1.0,0,-1,-1
613,3,791.99,471.06,32.76,57.73,0.8447,2,2,-1
613,4,1164.64,414.13,64.38,94.93,0.9392,3,0,-1
613,66,1581.88,400.02,56.97,96.99,0.9308,2,1,-1
613,131,1074.09,329.79,31.15,72.29,0.8301,2,2,-1
613,135,544.82,423.34,40.39,100.83,0.9160,2,1,-1
613,136,186.32,810.45,71.89,176.00,0.9443,2,1,-1
613,137,727.43,358.84,41.17,95.52,0.8691,2,1,-1
613,138,121.58,515.67,59.81,113.09,0.9134,2,2,-1
613,139,679.13,317.19,30.95,80.29,0.8930,2,2,-1
613,148,1499.21,394.14,42.00,70.78,0.8875,2,2,-1
613,153,570.72,286.59,28.12,65.06,0.8778,2,1,-1
613,156,80.18,323.29,51.32,81.08,0.9119,2,1,-1
613,172,182.78,326.84,41.66,92.26,0.6666,2,2,-1
614,3,774.26,472.44,30.28,58.60,0.8442,2,2,-1
614,4,1143.58,413.69,65.18,95.68,0.9388,3,0,-1
614,66,1560.50,400.07,60.72,94.87,0.9281,2,1,-1
614,135,520.59,424.62,44.11,100.69,0.9114,2,1,-1
614,136,166.52,810.09,73.99,176.71,0.9351,2,1,-1
614,137,706.08,355.49,43.69,99.59,0.9024,2,1,-1
614,138,96.00,519.09,63.64,112.62,0.9216,2,2,-1
614,139,657.11,317.89,30.25,72.54,0.8898,2,2,-1
614,148,1482.65,394.29,43.97,73.26,0.7706,2,2,-1
614,153,545.06,290.33,28.72,63.80,0.8828,2,1,-1
614,156,56.83,323.77,52.31,82.81,0.9189,2,1,-1
614,162,1052.50,329.16,34.58,81.63,0.8642,2,2,-1
614,172,156.77,327.53,40.04,90.91,0.7851,2,2,-1
614,180,1840.80,322.33,49.15,85.52,0.9149,2,-1,-1
615,3,753.61,474.23,30.48,59.96,0.7800,2,2,-1
615,4,1123.48,413.56,65.25,96.33,0.9423,3,0,-1
615,66,1541.99,400.83,60.17,95.91,0.9181,2,1,-1
615,103,135.39,328.33,33.81,75.07,0.5777,2,1,-1
615,125,1312.30,297.25,32.57,58.57,0.7535,2,2,-1
615,135,496.44,425.47,49.15,101.75,0.9145,2,1,-1
615,136,147.76,810.68,73.78,171.43,0.9527,2,1,-1
615,137,684.83,360.77,45.89,94.22,0.9019,2,1,-1
615,138,69.43,520.76,65.94,112.16,0.9270,2,2,-1
615,139,633.92,318.40,32.95,71.89,0.8977,2,2,-1
615,148,1457.51,393.85,52.08,81.87,0.8098,2,2,-1
615,153,519.54,292.21,29.53,62.57,0.8755,2,1,-1
615,156,36.42,326.80,50.16,82.15,0.8979,2,1,-1
615,162,1033.16,328.82,33.09,85.84,0.8785,2,2,-1
615,180,1815.02,322.66,54.81,84.35,0.9130,2,-1,-1
615,0,1443.97,463.47,22.01,17.59,1.0,0,-1,-1
616,3,729.05,437.60,38.85,97.16,0.8749,2,2,-1
616,4,1103.54,414.87,65.66,97.43,0.9146,3,0,-1
616,66,1527.18,403.04,55.93,94.39,0.8783,2,1,-1
616,103,111.23,328.84,31.98,61.29,0.8516,2,1,-1
616,125,1292.70,298.48,31.64,55.51,0.5425,2,2,-1
616,135,472.01,428.02,55.37,99.88,0.9214,2,1,-1
616,136,130.13,813.90,73.55,170.00,0.9397,2,1,-1
616,137,664.20,362.48,49.24,93.37,0.9034,2,1,-1
616,138,46.05,522.34,64.85,112.74,0.9192,2,2,-1
616,139,610.73,320.13,35.90,74.57,0.8855,2,2,-1
616,148,1434.41,393.40,59.65,85.14,0.8853,2,2,-1
616,153,494.46,295.20,31.28,61.55,0.8633,2,1,-1
616,156,18.35,328.66,45.33,80.64,0.8954,2,1,-1
616,162,1014.07,328.04,32.06,81.98,0.8619,2,2,-1
616,180,1791.69,323.38,59.22,81.18,0.9211,2,-1,-1
616,0,1423.60,460.60,17.46,19.32,1.0,0,-1,-1
617,3,709.93,444.80,36.48,92.18,0.8495,2,2,-1
617,4,1089.72,417.26,62.83,93.84,0.6254,3,0,-1
617,66,1515.39,405.23,48.03,92.67,0.8918,2,1,-1
617,103,86.19,329.47,32.97,62.53,0.8393,2,1,-1
617,135,448.17,430.25,60.01,99.00,0.9283,2,1,-1
617,136,115.02,817.50,69.09,164.49,0.9376,2,1,-1
617,137,643.49,364.00,50.90,93.74,0.8928,2,1,-1
617,138,19.90,523.58,51.85,113.95,0.9043,2,2,-1
617,139,589.31,321.09,34.42,66.36,0.8914,2,2,-1
617,148,1411.41,394.31,66.73,85.11,0.9089,2,2,-1
617,153,468.28,294.20,33.66,63.22,0.8639,2,1,-1
617,156,0.38,331.57,39.64,80.17,0.9049,2,1,-1
617,162,991.25,328.13,35.72,87.93,0.8221,2,2,-1
617,180,1770.71,324.60,62.94,79.37,0.9276,2,2,-1
617,0,1406.90,456.76,16.38,19.65,1.0,0,-1,-1
618,3,685.20,440.78,42.74,97.92,0.9041,2,2,-1
618,4,1076.61,419.70,58.09,90.91,0.7250,3,0,-1
618,66,1503.53,406.34,41.28,91.05,0.9111,2,1,-1
618,88,1248.37,301.80,36.47,80.48,0.8982,2,2,-1
618,135,424.41,431.21,61.14,99.61,0.9336,2,1,-1
618,136,97.67,818.92,68.51,164.88,0.9364,2,1,-1
618,138,-2.14,525.54,44.41,112.75,0.8988,2,2,-1
618,139,567.30,323.18,34.68,67.92,0.8998,2,2,-1
618,153,443.61,295.94,34.04,62.59,0.8482,2,1,-1
618,156,-7.02,334.15,29.44,72.00,0.8135,2,1,-1
618,159,622.11,346.28,28.36,92.87,0.8444,2,2,-1
618,162,970.39,328.87,36.70,88.20,0.7823,2,2,-1
618,172,58.30,330.51,39.43,92.47,0.6001,2,2,-1
618,180,1752.19,327.62,62.09,77.87,0.8857,2,2,-1
619,3,661.74,442.21,46.48,96.13,0.9137,2,2,-1
619,4,1067.40,421.10,45.91,89.44,0.9290,3,0,-1
619,66,1483.25,406.64,43.57,91.16,0.9220,2,1,-1
619,118,1223.38,306.99,43.21,75.86,0.9022,2,2,-1
619,135,402.24,432.50,61.63,100.21,0.9253,2,1,-1
619,136,79.78,817.71,65.24,167.53,0.9357,2,1,-1
619,138,-16.08,527.69,43.28,116.30,0.5678,2,2,-1
619,139,544.51,324.45,34.50,65.94,0.8979,2,2,-1
619,153,416.76,297.69,35.52,62.16,0.8590,2,1,-1
619,159,599.95,347.68,30.39,93.59,0.8430,2,2,-1
619,162,951.54,330.70,37.21,86.95,0.8377,2,2,-1
619,180,1735.56,329.27,56.42,78.70,0.9107,2,2,-1
620,3,638.81,443.82,46.40,97.52,0.8305,2,2,-1
620,4,1042.42,420.94,51.14,91.34,0.9269,3,0,-1
620,66,1460.05,404.94,48.40,92.82,0.9216,2,1,-1
620,118,1201.79,309.61,44.03,74.26,0.8096,2,2,-1
620,131,932.42,333.48,31.78,72.04,0.6249,2,2,-1
620,135,380.90,433.45,56.94,100.00,0.9133,2,1,-1
620,136,58.53,815.12,65.71,169.90,0.9207,2,1,-1
620,139,521.28,325.90,34.76,70.59,0.8942,2,2,-1
620,153,388.64,298.32,38.80,66.98,0.8736,2,1,-1
620,159,575.53,349.41,34.08,91.79,0.8737,2,2,-1
620,180,1719.05,330.03,52.19,77.40,0.9158,2,2,-1
621,3,615.94,445.46,47.03,98.82,0.9186,2,2,-1
621,4,1020.02,420.71,57.59,92.72,0.9281,3,0,-1
621,66,1437.82,403.98,53.52,94.40,0.9275,2,1,-1
621,118,1176.90,311.62,48.06,73.13,0.8778,2,2,-1
621,131,916.24,335.01,27.47,72.05,0.8838,2,2,-1
621,135,362.14,434.35,50.51,100.62,0.9102,2,1,-1
621,136,31.70,813.44,69.98,172.10,0.9218,2,1,-1
621,139,497.96,325.38,32.77,76.04,0.8917,2,2,-1
621,153,361.94,297.38,38.78,69.08,0.8863,2,1,-1
621,159,551.04,351.67,37.03,88.76,0.8783,2,2,-1
621,172,-5.70,335.00,29.82,95.59,0.7266,1,2,-1
621,180,1697.34,329.21,51.95,73.53,0.8886,2,2,-1
621,0,1359.91,461.79,23.67,22.14,1.0,0,-1,-1
622,3,592.87,447.00,45.91,97.00,0.9069,2,2,-1
622,4,998.36,420.15,61.32,93.04,0.9322,3,0,-1
622,66,1414.80,403.89,57.41,94.52,0.9273,2,1,-1
622,118,1153.27,313.52,49.03,71.91,0.8900,2,2,-1
622,131,895.36,336.50,27.85,76.68,0.8560,2,2,-1
622,135,344.47,435.17,44.93,100.68,0.9070,2,1,-1
622,136,6.56,811.78,77.51,176.46,0.9379,2,1,-1
622,137,549.24,372.30,41.65,93.08,0.9020,2,1,-1
622,139,475.32,325.97,31.09,79.27,0.8875,2,2,-1
622,153,335.35,299.75,39.22,68.82,0.8901,2,1,-1
622,180,1674.83,328.35,55.81,75.23,0.9019,2,2,-1
622,0,1337.85,469.17,17.81,17.05,1.0,0,-1,-1
623,3,570.90,448.74,44.84,95.71,0.8840,2,2,-1
623,4,977.33,421.09,65.52,93.78,0.9395,3,0,-1
623,66,1396.06,404.92,61.80,94.09,0.9225,2,1,-1
623,118,1135.33,315.93,44.52,65.39,0.8631,2,2,-1
623,135,326.67,436.09,39.86,101.65,0.9117,2,1,-1
623,136,0.10,814.97,71.28,168.10,0.9285,2,1,-1
623,139,452.51,327.23,30.69,79.61,0.8885,2,2,-1
623,148,1324.08,393.33,57.66,87.96,0.8888,2,2,-1
623,153,309.12,303.04,38.00,67.50,0.8846,2,1,-1
623,159,499.43,354.20,43.65,87.49,0.8802,2,2,-1
623,162,875.40,337.53,29.97,82.28,0.8628,2,2,-1
623,180,1653.65,328.81,57.42,74.84,0.8754,2,2,-1
623,0,1317.87,466.44,17.24,18.46,1.0,0,-1,-1
624,3,551.87,449.70,40.86,97.77,0.8709,2,2,-1
624,4,961.35,422.72,64.35,93.69,0.9347,3,0,-1
624,66,1376.12,407.13,61.40,94.16,0.9090,2,1,-1
624,135,307.95,438.14,36.60,102.62,0.9124,2,1,-1
624,136,-6.88,817.69,62.99,167.12,0.8470,2,1,-1
624,139,428.72,328.82,29.87,75.79,0.8658,2,2,-1
624,148,1306.51,394.30,58.34,88.18,0.8357,2,2,-1
624,153,281.96,308.92,37.20,65.35,0.8710,2,1,-1
624,159,476.37,355.95,45.98,89.14,0.8875,2,2,-1
624,162,855.91,338.23,29.84,80.62,0.8059,2,2,-1
624,180,1635.04,329.88,57.94,75.13,0.8560,2,2,-1
624,185,1744.75,460.56,72.60,89.14,0.9212,2,-1,-1
624,0,1298.65,461.79,15.91,19.25,1.0,0,-1,-1
625,3,533.08,451.18,36.51,97.51,0.8772,2,2,-1
625,4,952.70,425.25,58.95,92.63,0.9009,3,0,-1
625,66,1368.66,410.43,50.73,91.30,0.8744,2,1,-1
625,131,834.80,338.22,28.36,66.26,0.8350,2,2,-1
625,135,284.79,439.34,36.81,105.84,0.9193,2,1,-1
625,136,-11.50,823.05,42.52,118.27,0.5677,2,1,-1
625,139,405.64,329.22,31.25,74.39,0.8486,2,2,-1
625,153,255.49,309.88,36.67,65.75,0.8816,2,1,-1
625,159,453.60,357.47,45.69,89.62,0.8887,2,2,-1
625,180,1637.90,331.65,38.77,60.94,0.8829,2,2,-1
625,185,1737.04,461.97,66.89,89.66,0.8995,2,-1,-1
625,0,1283.34,459.09,14.30,16.27,1.0,0,-1,-1
626,3,512.66,453.08,34.40,96.96,0.8347,2,2,-1
626,4,938.82,428.19,57.59,91.02,0.7463,3,0,-1
626,11,379.35,334.21,36.17,65.98,0.8343,2,1,-1
626,66,1354.15,412.91,45.02,89.61,0.8918,2,1,-1
626,135,258.86,442.68,39.32,103.35,0.9196,2,1,-1
626,153,229.49,310.64,35.90,67.82,0.8803,2,1,-1
626,159,432.17,358.57,43.86,89.07,0.8741,2,2,-1
626,162,809.23,338.98,36.05,87.22,0.8354,2,2,-1
626,180,1606.90,333.56,50.25,68.24,0.8577,2,2,-1
626,185,1721.77,462.59,60.13,76.16,0.7812,2,-1,-1
626,0,1867.55,635.81,20.64,20.44,1.0,0,-1,-1
627,3,491.97,454.61,33.51,100.35,0.8249,2,2,-1
627,4,928.09,429.92,53.08,89.59,0.9375,3,0,-1
627,66,1336.98,414.61,43.83,89.59,0.9084,2,1,-1
627,135,233.32,445.22,46.54,105.11,0.9169,2,1,-1
627,139,354.83,334.41,36.83,80.69,0.8526,2,2,-1
627,153,202.10,312.64,35.40,66.67,0.7278,2,1,-1
627,159,411.36,359.45,40.43,93.83,0.8958,2,2,-1
627,162,787.14,340.43,36.29,85.96,0.8091,2,2,-1
627,180,1596.97,334.72,52.28,62.49,0.8667,2,2,-1
627,0,1055.92,374.75,22.20,16.43,1.0,0,-1,-1
628,3,468.35,455.93,32.67,98.21,0.5479,2,2,-1
628,4,905.79,430.08,55.37,91.56,0.9255,3,0,-1
628,66,1313.23,414.17,47.54,91.63,0.9237,2,1,-1
628,135,205.67,448.76,56.62,103.39,0.9154,2,1,-1
628,137,422.22,383.50,40.88,92.60,0.7968,2,1,-1
628,139,328.63,335.60,37.17,78.97,0.8329,2,2,-1
628,153,173.89,313.42,35.70,68.74,0.7912,2,1,-1
628,159,388.98,360.72,37.05,91.48,0.8886,2,2,-1
628,162,760.69,342.88,39.94,86.26,0.8543,2,2,-1
628,180,1575.38,336.01,56.32,66.46,0.5191,2,2,-1
628,185,1694.79,465.21,58.96,67.85,0.8074,2,2,-1
628,186,1261.94,401.80,33.92,66.13,0.7412,2,-1,-1
628,187,1855.54,859.11,56.61,185.05,0.8153,2,-1,-1
628,188,1868.34,357.47,45.07,84.60,0.9216,2,-1,-1
628,0,177.04,364.86,21.33,18.05,1.0,0,-1,-1
629,3,444.05,458.95,33.80,96.45,0.7534,2,2,-1
629,4,882.43,428.99,61.63,90.75,0.9434,3,0,-1
629,66,1290.74,413.25,50.65,91.61,0.9250,2,1,-1
629,135,176.93,451.45,65.41,103.46,0.9250,2,1,-1
629,137,402.41,385.82,39.25,92.96,0.8480,2,1,-1
629,139,302.88,337.65,38.06,77.60,0.8388,2,2,-1
629,153,145.68,313.53,35.49,73.20,0.8732,2,1,-1
629,159,367.85,361.95,33.18,89.72,0.8942,2,-1,-1
629,162,737.24,345.30,39.12,82.89,0.8352,2,2,-1
629,180,1545.95,337.32,65.22,72.60,0.8142,2,2,-1
629,185,1678.95,464.15,58.44,62.72,0.7752,2,2,-1
629,186,1249.03,402.23,34.88,69.36,0.5826,2,-1,-1
629,187,1830.33,857.56,79.58,176.48,0.9113,2,-1,-1
629,188,1841.88,356.92,54.58,84.83,0.9326,2,-1,-1
630,3,415.83,461.13,44.79,99.34,0.9146,2,2,-1
630,4,863.07,428.04,64.76,92.21,0.9357,3,0,-1
630,66,1267.79,412.77,55.50,93.60,0.9350,2,1,-1
630,131,724.27,348.46,28.65,67.99,0.7456,2,2,-1
630,135,148.57,454.27,66.97,101.85,0.9276,2,1,-1
630,137,381.90,387.53,39.23,92.17,0.8979,2,1,-1
630,139,274.38,339.41,42.12,81.47,0.8680,2,2,-1
630,148,1212.24,401.51,54.78,86.76,0.7303,2,2,-1
630,153,119.91,319.74,34.12,70.64,0.8645,2,1,-1
630,159,344.59,363.37,32.99,91.06,0.9075,2,1,-1
630,180,1526.34,337.79,61.37,73.79,0.8992,2,2,-1
630,185,1643.96,463.87,80.30,85.41,0.8706,2,2,-1
630,187,1806.36,855.96,80.44,174.30,0.9276,2,-1,-1
630,188,1818.27,356.59,61.54,83.14,0.9402,2,-1,-1
630,189,1813.78,531.89,51.33,104.69,0.7417,2,-1,-1
630,0,1207.68,476.44,20.56,17.57,1.0,0,-1,-1
631,3,392.06,463.64,45.97,97.57,0.8303,2,2,-1
631,4,842.73,427.64,65.69,91.56,0.9459,3,0,-1
631,66,1246.46,413.03,58.98,93.99,0.9218,2,1,-1
631,88,968.96,320.84,39.28,74.98,0.8448,2,2,-1
631,131,704.63,350.83,26.90,68.35,0.8322,2,2,-1
631,135,122.95,456.23,66.09,102.14,0.9253,2,1,-1
631,137,357.51,387.12,40.73,94.09,0.9008,2,1,-1
631,148,1196.41,401.68,55.07,86.12,0.9027,2,2,-1
631,153,89.88,322.07,34.81,69.99,0.8073,2,1,-1
631,159,319.60,365.07,34.38,91.83,0.9051,2,1,-1
631,180,1505.26,338.17,62.66,73.55,0.9002,2,2,-1
631,187,1780.31,850.17,78.74,183.30,0.9293,2,1,-1
631,188,1795.97,356.50,67.78,82.17,0.9415,2,1,-1
631,189,1790.55,530.47,59.57,122.93,0.8407,2,-1,-1
631,0,1186.94,472.34,17.15,19.18,1.0,0,-1,-1
632,3,364.63,465.52,48.08,97.72,0.7891,2,2,-1
632,4,825.73,427.94,66.52,93.51,0.6497,3,0,-1
632,11,224.02,341.03,32.83,63.38,0.7807,2,1,-1
632,66,1221.97,414.81,65.24,93.33,0.9171,2,1,-1
632,88,945.37,322.06,40.59,74.19,0.7916,2,2,-1
632,135,98.92,456.79,63.60,103.55,0.9188,2,1,-1
632,137,330.63,387.10,43.66,95.41,0.9091,2,1,-1
632,148,1178.72,402.18,53.40,83.01,0.6454,2,2,-1
632,153,61.62,329.94,33.93,63.49,0.8194,2,1,-1
632,159,293.25,366.70,36.87,89.87,0.8988,2,1,-1
632,162,675.86,350.89,33.38,79.34,0.8360,2,2,-1
632,180,1485.04,338.91,64.17,75.51,0.8630,2,2,-1
632,187,1752.75,849.30,78.81,178.33,0.9207,2,1,-1
632,188,1777.95,355.53,71.45,81.59,0.9326,2,1,-1
632,189,1757.52,530.36,72.10,124.66,0.9271,2,-1,-1
632,0,1167.67,466.68,19.64,18.79,1.0,0,-1,-1
633,3,337.63,467.33,50.14,97.94,0.7361,2,2,-1
633,4,812.23,429.05,60.56,95.25,0.8295,3,0,-1
633,66,1208.34,415.43,60.35,95.01,0.8847,2,1,-1
633,131,657.16,349.90,27.57,71.89,0.8795,2,2,-1
633,135,76.79,457.66,60.24,104.55,0.9015,2,1,-1
633,137,304.29,386.83,46.88,97.05,0.9178,2,1,-1
633,139,195.54,342.71,34.41,71.70,0.7867,2,2,-1
633,148,1157.61,403.08,56.92,84.36,0.8329,2,2,-1
633,153,29.91,329.53,35.94,64.89,0.7355,2,1,-1
633,159,264.79,367.73,40.20,89.82,0.8848,2,1,-1
633,180,1470.31,341.02,57.47,71.73,0.8864,2,2,-1
633,187,1728.34,845.96,77.27,176.02,0.9203,2,1,-1
633,188,1766.50,355.32,67.45,81.36,0.9174,2,1,-1
633,189,1733.31,529.62,76.33,125.50,0.9393,2,-1,-1
633,0,1726.79,636.16,18.54,19.15,1.0,0,-1,-1
634,66,1206.38,417.48,43.44,90.66,0.8781,2,1,-1
634,135,50.75,457.27,55.39,106.48,0.8674,2,1,-1
634,137,276.50,387.60,50.83,96.37,0.9096,2,1,-1
634,139,166.04,343.61,33.73,71.35,0.6532,2,2,-1
634,153,0.87,333.87,34.82,62.12,0.6615,2,1,-1
634,159,234.40,368.52,46.12,90.44,0.8954,2,1,-1
634,162,629.21,348.41,33.04,84.31,0.8436,2,2,-1
634,180,1459.61,340.88,50.74,65.34,0.8564,2,2,-1
634,187,1702.93,846.52,77.63,175.15,0.8940,2,1,-1
634,188,1752.91,355.39,64.60,83.99,0.9244,2,1,-1
634,189,1706.80,531.70,82.82,123.21,0.9408,2,2,-1
634,0,1703.58,630.40,18.81,20.04,1.0,0,-1,-1
635,4,784.32,431.79,45.86,92.20,0.9238,3,0,-1
635,66,1186.95,419.25,38.80,89.46,0.8797,2,1,-1
635,131,609.04,348.10,26.60,61.75,0.7932,2,2,-1
635,135,25.02,458.78,47.47,104.34,0.8903,2,1,-1
635,137,248.48,388.40,54.35,97.90,0.9106,2,1,-1
635,139,136.68,343.66,31.43,68.09,0.8556,2,2,-1
635,159,202.45,368.71,51.37,92.21,0.9014,2,1,-1
635,180,1445.26,339.15,49.29,65.65,0.7251,2,2,-1
635,186,1147.56,405.89,32.26,63.13,0.8319,2,-1,-1
635,187,1677.31,845.28,78.99,176.23,0.8884,2,1,-1
635,188,1742.39,355.83,60.43,83.01,0.9200,2,1,-1
635,189,1687.88,532.39,84.27,122.27,0.9208,2,2,-1
635,0,1683.11,624.93,20.97,20.61,1.0,0,-1,-1
636,4,759.68,430.05,51.78,96.04,0.9144,3,0,-1
636,66,1168.36,418.98,39.41,89.47,0.9171,2,1,-1
636,135,-1.02,459.75,42.02,107.12,0.8948,2,1,-1
636,137,222.32,390.16,53.27,97.17,0.8853,2,1,-1
636,139,104.53,345.40,33.52,74.21,0.7852,2,2,-1
636,159,169.35,369.77,55.38,91.82,0.9012,2,1,-1
636,162,578.47,348.60,35.19,87.77,0.5638,2,2,-1
636,180,1419.38,336.30,54.69,75.49,0.8640,2,2,-1
636,187,1652.34,845.21,78.48,175.36,0.9079,2,1,-1
636,188,1729.11,355.11,56.51,82.57,0.9142,2,1,-1
636,189,1685.60,534.12,72.65,119.23,0.8720,2,2,-1
637,4,735.68,428.51,59.62,94.63,0.9388,3,0,-1
637,66,1143.32,418.33,46.34,90.11,0.9212,2,1,-1
637,68,237.67,471.39,30.46,60.46,0.8031,2,2,-1
637,88,833.85,327.53,37.60,70.92,0.5187,2,2,-1
637,135,-12.32,460.11,34.24,96.67,0.6821,2,1,-1
637,137,197.14,391.77,51.43,95.99,0.8595,2,1,-1
637,139,73.23,346.83,33.24,77.98,0.8408,2,2,-1
637,159,138.51,370.75,58.63,91.52,0.9058,2,1,-1
637,162,546.24,348.54,47.27,89.80,0.8746,2,2,-1
637,180,1402.67,335.15,54.62,74.30,0.8804,2,2,-1
637,187,1628.07,844.84,77.89,175.83,0.9136,2,1,-1
637,188,1710.36,352.92,56.66,83.35,0.9317,2,1,-1
637,189,1682.14,539.96,53.74,89.32,0.7894,2,2,-1
637,191,1544.73,455.82,71.65,90.29,0.9052,2,-1,-1
637,0,1395.01,395.45,16.20,18.47,1.0,0,-1,-1
638,4,712.13,427.20,66.00,94.57,0.9371,3,0,-1
638,11,41.49,348.41,35.55,72.13,0.8370,2,1,-1
638,66,1120.91,417.52,50.86,90.26,0.9273,2,1,-1
638,68,209.29,472.14,30.58,61.22,0.8873,2,2,-1
638,137,175.24,394.07,47.95,94.25,0.8314,2,1,-1
638,159,107.88,370.73,59.28,91.81,0.9007,2,1,-1
638,180,1383.69,334.52,58.17,75.06,0.8711,2,2,-1
638,187,1603.13,842.95,77.20,177.07,0.8768,2,1,-1
638,188,1691.42,352.25,59.64,81.16,0.9320,2,1,-1
638,189,1666.18,542.96,47.98,76.35,0.7434,2,2,-1
638,191,1541.73,455.02,69.39,94.73,0.8534,2,-1,-1
638,0,1072.49,476.42,17.60,18.32,1.0,0,-1,-1
639,3,179.46,472.80,34.31,101.31,0.8862,2,2,-1
639,4,689.89,427.68,76.42,93.37,0.9415,3,0,-1
639,11,8.34,347.54,36.18,73.75,0.7913,2,1,-1
639,66,1098.61,416.73,55.11,93.32,0.9290,2,1,-1
639,118,784.69,346.18,38.88,53.61,0.5282,2,2,-1
639,131,508.84,352.27,27.28,59.79,0.6791,2,2,-1
639,137,152.33,394.59,42.62,94.91,0.9163,2,1,-1
639,159,79.61,370.39,55.16,91.76,0.8892,2,1,-1
639,180,1381.09,334.67,55.20,75.27,0.7714,2,2,-1
639,187,1578.57,841.55,76.23,177.36,0.8736,2,1,-1
639,188,1676.01,351.18,58.96,78.83,0.9175,2,1,-1
639,189,1635.72,539.04,66.17,110.18,0.8634,2,2,-1
639,191,1538.66,455.00,64.25,91.45,0.8667,2,-1,-1
639,0,1050.87,472.70,17.92,18.74,1.0,0,-1,-1
640,3,149.92,474.47,34.93,102.99,0.7821,2,2,-1
640,4,670.32,428.49,78.38,94.99,0.9220,3,0,-1
640,66,1077.16,417.24,63.45,93.00,0.9290,2,1,-1
640,88,758.41,317.83,45.83,83.32,0.8495,2,2,-1
640,131,482.82,353.17,30.41,67.87,0.6308,2,2,-1
640,137,125.18,394.19,44.76,97.97,0.8915,2,1,-1
640,139,-6.98,345.63,28.97,76.94,0.6077,2,2,-1
640,159,50.50,370.48,52.59,92.75,0.7627,2,1,-1
640,180,1351.08,335.40,63.25,81.53,0.7622,2,2,-1
640,187,1555.00,842.03,74.66,177.04,0.8997,2,1,-1
640,188,1659.85,350.38,60.76,80.18,0.9243,2,1,-1
640,189,1620.46,537.59,69.37,112.10,0.9204,2,2,-1
640,191,1525.76,455.79,53.47,78.11,0.8401,2,2,-1
640,0,1031.41,468.14,16.64,18.48,1.0,0,-1,-1
641,4,654.15,430.53,74.43,95.56,0.9176,3,0,-1
641,66,1057.23,417.02,65.07,95.58,0.9138,2,1,-1
641,88,733.57,317.44,48.37,84.75,0.8688,2,2,-1
641,131,458.81,353.63,28.25,67.66,0.7843,2,2,-1
641,137,93.44,394.33,47.61,102.14,0.7606,2,1,-1
641,159,23.18,371.18,44.10,91.69,0.8835,2,1,-1
641,180,1347.86,337.17,52.44,72.56,0.6392,2,2,-1
641,187,1531.24,841.88,73.90,176.01,0.8869,2,1,-1
641,188,1652.35,350.69,53.91,80.79,0.9217,2,1,-1
641,189,1599.49,535.80,76.74,114.70,0.8470,2,2,-1
641,191,1504.64,505.83,21.25,23.74,0.6838,2,2,-1
641,0,1591.12,633.10,20.78,19.36,1.0,0,-1,-1
642,4,640.80,430.70,65.25,95.75,0.8988,3,0,-1
642,66,1045.71,419.17,57.24,92.38,0.8104,2,1,-1
642,137,61.57,394.21,51.76,105.42,0.9043,2,1,-1
642,159,-3.09,370.93,40.58,95.91,0.8562,2,1,-1
642,162,427.93,352.66,39.32,84.69,0.6691,2,2,-1
642,180,1342.69,336.76,33.57,56.63,0.8163,2,2,-1
642,187,1505.60,836.91,74.75,179.77,0.7797,2,1,-1
642,188,1640.29,351.87,49.63,80.28,0.9155,2,1,-1
642,189,1576.64,535.70,82.72,113.21,0.9009,2,2,-1
642,0,1569.04,629.31,21.49,21.00,1.0,0,-1,-1
643,4,625.14,429.64,59.88,97.28,0.9201,3,0,-1
643,66,1039.41,418.27,43.74,93.14,0.8512,2,1,-1
643,125,702.38,320.76,31.15,60.93,0.6021,2,2,-1
643,137,30.08,393.14,54.72,107.40,0.8908,2,1,-1
643,180,1313.98,335.58,41.23,64.31,0.8206,2,2,-1
643,187,1482.48,836.95,74.16,182.36,0.8802,2,1,-1
643,188,1627.06,351.01,48.89,79.84,0.9240,2,1,-1
643,189,1551.50,535.63,83.92,111.90,0.8954,2,2,-1
643,0,1546.84,625.98,19.75,20.18,1.0,0,-1,-1
644,4,613.86,427.22,54.51,99.56,0.8753,3,0,-1
644,66,1016.24,416.70,42.36,94.90,0.8732,2,1,-1
644,137,0.70,393.21,57.01,102.70,0.9286,2,1,-1
644,180,1302.54,333.82,39.28,67.99,0.8376,2,2,-1
644,187,1458.16,835.78,73.13,177.87,0.8829,2,1,-1
644,188,1604.85,349.07,53.96,80.56,0.9306,2,1,-1
644,189,1531.82,536.84,81.50,110.28,0.8529,2,2,-1
644,0,1528.75,623.17,19.22,20.74,1.0,0,-1,-1
645,4,597.32,424.34,48.88,101.25,0.9285,3,0,-1
645,66,998.46,414.39,42.52,97.00,0.8950,2,1,-1
645,137,-14.13,403.75,53.69,106.07,0.7321,2,1,-1
645,180,1284.36,332.81,39.89,77.88,0.8347,2,2,-1
645,187,1434.00,833.25,72.69,176.35,0.8878,2,1,-1
645,188,1583.69,347.12,59.99,79.53,0.9353,2,1,-1
645,194,1448.58,443.15,65.56,101.83,0.8141,2,-1,-1
646,4,573.65,422.22,50.83,102.02,0.9318,3,0,-1
646,66,976.19,413.73,45.26,97.41,0.9101,2,1,-1
646,131,328.17,350.53,32.16,62.27,0.7046,2,2,-1
646,180,1262.99,332.15,41.98,81.24,0.8563,2,2,-1
646,187,1408.13,832.44,74.52,178.90,0.9173,2,1,-1
646,188,1566.78,345.79,64.00,77.42,0.9381,2,1,-1
646,194,1445.32,441.01,58.56,104.41,0.8723,2,-1,-1
647,4,548.43,421.39,56.06,103.88,0.9372,3,0,-1
647,66,952.63,412.96,49.47,98.51,0.9103,2,1,-1
647,125,605.82,318.84,28.44,69.83,0.8441,2,2,-1
647,162,295.61,353.83,45.30,90.46,0.5919,2,2,-1
647,180,1240.29,331.31,51.28,82.87,0.9070,2,2,-1
647,187,1380.81,832.18,76.98,178.71,0.9107,2,1,-1
647,188,1554.69,344.55,66.57,76.05,0.9298,2,1,-1
647,194,1420.98,441.08,67.10,100.66,0.8911,2,-1,-1
648,4,521.40,421.35,65.18,102.11,0.9399,3,0,-1
648,66,930.38,413.57,54.40,97.94,0.9063,2,1,-1
648,125,578.72,321.77,29.49,71.51,0.6313,2,2,-1
648,162,263.69,373.74,42.40,71.75,0.6483,2,2,-1
648,180,1220.50,331.89,59.39,83.03,0.9045,2,2,-1
648,187,1350.12,832.01,82.16,178.87,0.9246,2,1,-1
648,188,1541.87,344.77,61.02,77.42,0.9276,2,1,-1
648,194,1413.86,442.32,62.67,101.27,0.8153,2,-1,-1
648,195,1479.30,537.27,41.04,109.14,0.9103,2,-1,-1
648,0,1478.47,628.32,19.22,18.76,1.0,0,-1,-1
649,4,496.80,422.78,71.70,100.65,0.9391,3,0,-1
649,66,907.58,414.14,63.73,98.34,0.9180,2,1,-1
649,125,550.30,322.83,33.35,77.71,0.6744,2,2,-1
649,131,242.60,354.11,35.28,65.52,0.5402,2,2,-1
649,180,1201.17,334.18,61.20,82.89,0.9015,2,2,-1
649,187,1321.66,831.45,86.07,182.99,0.9083,2,1,-1
649,188,1533.26,345.41,54.84,80.45,0.9122,2,1,-1
649,194,1404.93,443.94,42.33,71.46,0.7397,2,2,-1
649,195,1460.59,536.08,38.96,112.70,0.9022,2,-1,-1
649,0,882.50,470.78,16.39,17.64,1.0,0,-1,-1
650,4,475.62,424.32,74.75,100.58,0.9348,3,0,-1
650,66,891.37,415.46,64.18,98.62,0.8849,2,1,-1
650,88,520.28,323.33,46.57,79.35,0.8561,2,2,-1
650,180,1184.18,335.23,54.00,75.85,0.7219,2,2,-1
650,187,1296.29,832.37,84.57,183.42,0.9098,2,1,-1
650,188,1516.25,346.34,58.03,79.13,0.9183,2,1,-1
650,194,1392.09,443.14,41.16,75.31,0.7772,2,2,-1
650,195,1442.98,535.78,39.94,111.02,0.9119,2,-1,-1
650,0,863.28,468.56,16.57,18.56,1.0,0,-1,-1
651,4,457.62,426.37,70.65,100.44,0.9257,3,0,-1
651,66,871.09,418.19,60.07,96.08,0.8701,2,1,-1
651,88,496.63,320.47,46.76,81.87,0.8696,2,2,-1
651,131,185.37,355.00,34.99,67.57,0.8320,2,2,-1
651,180,1176.62,335.73,37.54,61.63,0.8387,2,2,-1
651,187,1272.69,833.17,84.54,185.15,0.9018,2,1,-1
651,188,1501.87,345.81,60.31,79.18,0.9245,2,1,-1
651,195,1421.53,535.69,48.39,110.67,0.9054,2,2,-1
651,0,1414.45,628.18,19.18,18.42,1.0,0,-1,-1
652,4,452.87,427.36,55.97,99.43,0.8901,3,0,-1
652,66,869.03,419.04,45.00,94.20,0.8802,2,1,-1
652,125,479.45,319.42,36.49,82.27,0.7879,2,2,-1
652,131,155.84,353.06,34.47,69.53,0.6811,2,2,-1
652,180,1159.93,334.03,38.06,79.77,0.8735,2,2,-1
652,187,1249.69,835.38,82.87,181.98,0.9065,2,1,-1
652,188,1489.72,343.98,61.54,77.94,0.9255,2,1,-1
652,195,1399.11,536.67,58.70,108.71,0.9096,2,2,-1
652,0,1393.23,626.22,20.14,19.05,1.0,0,-1,-1
653,4,437.01,426.23,48.83,100.60,0.8521,3,0,-1
653,66,846.00,416.57,44.92,97.18,0.8662,2,1,-1
653,125,455.46,318.59,38.12,82.80,0.8001,2,2,-1
653,131,124.86,351.50,39.08,89.61,0.7837,2,2,-1
653,180,1145.32,332.38,33.87,81.37,0.8646,2,2,-1
653,187,1228.28,834.25,83.55,184.51,0.9062,2,1,-1
653,188,1481.32,341.15,68.06,79.56,0.9347,2,1,-1
653,195,1379.79,538.36,63.90,108.12,0.9177,2,2,-1
653,0,1375.81,623.80,17.01,18.83,1.0,0,-1,-1
654,4,416.70,424.35,46.69,103.42,0.8909,3,0,-1
654,66,837.99,416.33,38.06,97.37,0.9008,2,1,-1
654,88,438.19,319.69,34.76,66.49,0.7332,2,2,-1
654,131,102.86,350.47,37.66,91.84,0.7623,2,2,-1
654,180,1130.74,330.27,33.45,83.56,0.9022,2,2,-1
654,187,1207.89,834.77,82.85,184.73,0.8817,2,1,-1
654,188,1472.00,340.15,67.57,84.16,0.9307,2,1,-1
654,195,1364.24,539.72,60.84,106.87,0.8994,2,2,-1
654,196,1334.27,437.43,56.67,104.27,0.9254,2,-1,-1
655,4,407.95,421.25,40.58,106.80,0.9280,3,0,-1
655,66,823.63,414.56,39.92,101.52,0.8919,2,1,-1
655,125,420.34,318.53,31.66,73.01,0.7154,2,2,-1
655,162,82.93,350.69,35.99,64.93,0.6427,2,2,-1
655,180,1117.38,329.26,38.53,85.52,0.9007,2,2,-1
655,187,1188.60,834.92,81.98,186.32,0.8761,2,1,-1
655,188,1466.64,339.36,64.39,82.78,0.9190,2,1,-1
655,195,1354.15,538.70,45.79,91.13,0.8240,2,2,-1
655,196,1324.93,439.37,58.27,97.20,0.9294,2,-1,-1
656,4,387.91,418.44,43.67,109.84,0.9248,3,0,-1
656,66,806.82,413.02,44.36,102.59,0.9019,2,1,-1
656,125,402.37,316.22,32.76,83.92,0.7794,2,2,-1
656,180,1101.48,328.61,37.83,85.09,0.8631,2,2,-1
656,187,1171.79,834.65,79.15,184.02,0.8903,2,1,-1
656,188,1467.30,335.55,58.39,85.65,0.9070,2,1,-1
656,195,1342.52,536.90,44.72,107.31,0.8827,2,2,-1
656,196,1318.67,440.81,53.77,93.98,0.9231,2,-1,-1
656,0,787.85,481.72,17.46,18.28,1.0,0,-1,-1
657,4,366.15,416.26,50.49,111.85,0.9407,3,0,-1
657,66,788.41,411.36,58.05,101.47,0.9269,2,1,-1
657,125,383.83,313.84,31.72,84.13,0.7085,2,2,-1
657,180,1087.06,328.23,35.93,82.91,0.7889,2,2,-1
657,187,1153.40,834.04,79.20,183.83,0.8914,2,1,-1
657,188,1463.06,329.95,53.89,89.52,0.8843,2,1,-1
657,195,1330.62,535.95,39.26,108.05,0.9208,2,2,-1
657,196,1313.13,441.49,47.83,94.47,0.9039,2,2,-1
658,4,344.02,415.78,61.93,109.13,0.9300,3,0,-1
658,66,769.89,412.10,68.16,100.92,0.9358,2,1,-1
658,88,365.27,313.79,26.07,48.34,0.6543,2,2,-1
658,131,8.58,348.64,45.16,99.34,0.8031,2,2,-1
658,180,1075.11,329.33,29.32,66.33,0.7736,2,2,-1
658,187,1135.59,834.26,75.59,178.41,0.9208,2,1,-1
658,188,1455.69,324.90,52.04,93.16,0.8644,2,1,-1
658,195,1315.37,533.98,39.01,109.95,0.8928,2,2,-1
658,196,1303.59,440.54,43.63,95.65,0.8981,2,2,-1
658,0,754.21,475.77,16.25,21.02,1.0,0,-1,-1
659,4,319.64,416.89,72.64,107.31,0.9411,3,0,-1
659,66,752.63,414.10,71.22,100.09,0.9247,2,1,-1
659,131,-8.24,351.15,41.02,95.83,0.5610,2,2,-1
659,180,1056.97,329.33,33.31,82.07,0.8574,2,2,-1
659,187,1114.82,830.21,76.41,188.39,0.9240,2,1,-1
659,188,1447.24,320.28,60.60,92.67,0.9295,2,1,-1
659,195,1298.95,533.00,41.70,111.59,0.8886,2,2,-1
659,196,1289.89,438.62,41.29,101.12,0.9198,2,2,-1
660,4,296.08,418.44,78.62,106.22,0.9350,3,0,-1
660,66,733.68,415.53,68.05,99.74,0.9125,2,1,-1
660,118,311.00,337.13,44.77,64.23,0.5250,2,2,-1
660,180,1039.58,328.79,32.93,80.55,0.8409,2,2,-1
660,187,1095.42,833.43,72.39,174.99,0.9352,2,1,-1
660,188,1440.06,317.91,60.74,85.92,0.9067,2,1,-1
660,195,1278.64,532.12,43.79,112.84,0.9006,2,2,-1
660,196,1275.08,436.82,42.24,98.91,0.9123,2,2,-1
661,4,275.32,420.88,80.50,107.26,0.9327,3,0,-1
661,66,720.19,417.44,61.89,97.76,0.8339,2,1,-1
661,118,289.33,344.83,43.84,56.71,0.6884,2,2,-1
661,180,1019.85,327.10,36.03,88.60,0.8868,2,2,-1
661,187,1074.31,833.02,71.99,173.87,0.9381,2,1,-1
661,188,1431.85,313.52,62.57,82.40,0.9225,2,1,-1
661,195,1257.94,530.96,44.22,114.16,0.9024,2,2,-1
661,196,1261.67,435.46,45.60,94.79,0.8753,2,2,-1
661,0,1459.40,291.23,16.08,18.27,1.0,0,-1,-1
662,4,256.17,424.05,74.61,103.68,0.9378,3,0,-1
662,66,706.07,416.86,54.09,98.56,0.8829,2,1,-1
662,118,260.06,337.04,47.20,63.47,0.6190,2,2,-1
662,180,999.42,325.63,36.39,90.82,0.8625,2,2,-1
662,187,1052.09,832.72,73.20,176.65,0.9349,2,1,-1
662,188,1417.13,311.80,51.22,80.22,0.8582,2,1,-1
662,195,1237.00,531.65,44.16,114.63,0.9044,2,2,-1
662,196,1244.74,434.87,46.99,93.15,0.8848,2,2,-1
662,0,1462.93,305.96,16.68,19.51,1.0,0,-1,-1
663,4,238.47,424.46,69.64,104.34,0.9248,3,0,-1
663,66,693.36,415.98,48.92,99.69,0.8491,2,1,-1
663,180,980.33,324.43,37.51,90.98,0.8419,2,2,-1
663,187,1028.96,832.69,74.26,177.17,0.9271,2,1,-1
663,188,1409.60,310.05,43.06,80.49,0.8539,2,1,-1
663,195,1216.02,530.80,44.96,116.70,0.9095,2,2,-1
663,196,1229.78,436.75,47.50,94.11,0.9027,2,2,-1
663,0,1465.28,321.77,14.25,15.90,1.0,0,-1,-1
664,4,224.06,423.94,64.98,104.61,0.9137,3,0,-1
664,66,675.23,414.54,46.58,101.47,0.8349,2,1,-1
664,180,960.78,323.67,38.77,91.37,0.8556,2,2,-1
664,187,1008.03,832.69,73.17,178.89,0.9330,2,1,-1
664,188,1404.19,307.63,53.65,87.20,0.8565,2,1,-1
664,195,1194.62,531.39,47.35,116.12,0.9125,2,2,-1
664,196,1216.69,436.89,43.83,92.79,0.9151,2,2,-1
664,0,206.42,388.74,18.32,16.75,1.0,0,-1,-1
665,4,212.11,421.30,61.54,107.60,0.9076,3,0,-1
665,66,661.98,412.78,41.60,102.53,0.8974,2,1,-1
665,180,942.11,323.12,40.42,92.27,0.8943,2,2,-1
665,187,987.37,830.06,74.71,183.60,0.9287,2,1,-1
665,188,1390.06,306.35,62.68,92.47,0.8830,2,1,-1
665,195,1177.09,532.40,44.87,114.81,0.9111,2,2,-1
665,196,1203.43,435.70,43.46,96.75,0.9221,2,2,-1
665,0,643.80,478.30,18.23,18.86,1.0,0,-1,-1
666,4,195.85,418.83,55.64,111.20,0.9303,3,0,-1
666,66,643.94,410.58,45.36,105.50,0.9090,2,1,-1
666,180,926.71,323.59,42.64,93.74,0.8840,2,2,-1
666,187,968.67,832.54,74.01,181.72,0.9105,2,1,-1
666,188,1377.57,305.69,62.80,65.68,0.9110,2,1,-1
666,195,1160.96,531.67,42.55,116.37,0.9127,2,2,-1
666,196,1190.86,435.45,41.20,97.14,0.9148,2,2,-1
666,0,1474.77,365.64,15.23,18.03,1.0,0,-1,-1
667,4,177.19,417.75,53.03,110.75,0.9268,3,0,-1
667,66,626.93,408.86,54.01,107.16,0.9200,2,1,-1
667,180,909.14,325.18,41.41,92.49,0.8806,2,2,-1
667,187,949.83,830.81,74.81,185.44,0.9205,2,1,-1
667,188,1360.07,306.10,72.74,68.12,0.9294,2,1,-1
667,195,1148.13,531.65,38.80,112.09,0.8379,2,2,-1
667,196,1178.05,432.13,45.79,100.37,0.9257,2,2,-1
667,0,609.58,474.52,16.98,20.80,1.0,0,-1,-1
668,4,159.64,416.53,54.26,112.55,0.9326,3,0,-1
668,66,610.65,408.09,59.66,108.52,0.9195,2,1,-1
668,180,894.24,323.86,40.04,93.76,0.8448,2,2,-1
668,187,932.32,832.08,74.79,181.15,0.9200,2,1,-1
668,188,1347.24,307.09,74.77,70.37,0.9056,2,1,-1
668,195,1137.25,531.95,28.70,70.69,0.8599,2,2,-1
668,196,1165.80,431.47,50.63,101.02,0.9298,2,2,-1
668,0,1487.47,397.21,14.38,16.50,1.0,0,-1,-1
669,4,142.24,416.72,58.56,113.48,0.9299,3,0,-1
669,66,597.99,409.97,60.26,108.23,0.9225,2,1,-1
669,180,880.00,324.65,38.14,93.39,0.7872,2,2,-1
669,187,915.24,831.98,76.45,179.59,0.9368,2,1,-1
669,188,1337.97,309.25,77.18,77.48,0.9041,2,1,-1
669,195,1117.40,530.99,41.81,121.26,0.8527,2,2,-1
669,196,1153.43,430.57,50.76,98.89,0.9186,2,2,-1
669,0,1490.27,388.99,15.47,17.50,1.0,0,-1,-1
670,4,125.88,418.38,64.51,112.02,0.9426,3,0,-1
670,66,585.40,413.01,57.74,106.16,0.9191,2,1,-1
670,180,875.92,358.50,26.10,58.47,0.8492,2,2,-1
670,187,899.80,833.10,76.62,181.12,0.9253,2,1,-1
670,188,1332.38,311.25,82.61,93.09,0.9136,2,1,-1
670,189,1106.85,532.67,35.13,63.85,0.8632,2,2,-1
670,196,1141.90,431.51,50.87,99.85,0.9245,2,2,-1
670,0,1493.94,376.81,15.09,17.62,1.0,0,-1,-1
671,4,111.96,420.39,66.76,110.41,0.9390,3,0,-1
671,66,575.61,413.54,51.21,106.29,0.8962,2,1,-1
671,180,858.82,353.35,29.16,63.28,0.8278,2,2,-1
671,187,883.90,830.93,77.90,188.16,0.9178,2,1,-1
671,188,1332.50,315.31,80.17,92.24,0.9203,2,1,-1
671,195,1092.09,532.40,41.19,124.56,0.8142,2,2,-1
671,196,1130.07,433.43,49.06,97.17,0.9189,2,2,-1
671,0,1496.36,365.15,16.40,18.41,1.0,0,-1,-1
672,4,98.95,422.28,63.51,110.89,0.9439,3,0,-1
672,66,566.68,412.49,44.10,107.14,0.8968,2,1,-1
672,180,841.22,324.65,36.88,91.41,0.8552,2,2,-1
672,187,871.38,830.88,76.88,187.98,0.9168,2,1,-1
672,188,1333.87,319.07,78.19,87.21,0.9345,2,1,-1
672,189,1079.41,534.92,35.51,64.27,0.5510,2,2,-1
672,196,1120.71,436.88,43.33,92.45,0.9068,2,2,-1
672,0,1501.26,354.43,15.83,19.10,1.0,0,-1,-1
673,4,88.69,422.23,56.54,109.62,0.9392,3,0,-1
673,66,556.92,411.78,38.54,106.86,0.8759,2,1,-1
673,180,830.20,319.08,36.78,97.42,0.8853,2,2,-1
673,187,856.62,830.02,77.98,189.23,0.9122,2,1,-1
673,188,1332.26,320.54,76.44,83.55,0.9389,2,1,-1
673,189,1068.97,536.51,37.45,63.35,0.6686,2,2,-1
673,196,1112.19,437.35,38.63,92.29,0.9024,2,2,-1
673,0,1506.51,346.00,14.96,15.40,1.0,0,-1,-1
674,4,79.01,420.57,49.09,111.13,0.9320,3,0,-1
674,66,542.06,408.10,37.72,110.10,0.8557,2,1,-1
674,180,818.57,316.89,38.68,99.63,0.9189,2,2,-1
674,187,842.02,830.32,79.50,188.75,0.9052,2,1,-1
674,188,1338.08,321.11,66.25,82.82,0.9278,2,1,-1
674,195,1052.96,537.18,44.46,119.27,0.8481,2,2,-1
674,196,1102.56,431.86,36.55,94.74,0.8546,2,2,-1
674,0,1511.81,335.73,15.68,17.55,1.0,0,-1,-1
675,4,66.54,418.13,44.45,111.69,0.9270,3,0,-1
675,66,519.30,405.92,48.30,112.53,0.8989,2,1,-1
675,180,806.76,316.80,40.11,99.34,0.9213,2,2,-1
675,187,825.41,828.91,83.96,184.62,0.8972,2,1,-1
675,188,1341.29,321.04,57.52,81.05,0.9187,2,1,-1
675,195,1041.57,538.49,43.64,105.00,0.8468,2,2,-1
675,196,1093.84,427.40,36.44,101.96,0.8319,2,2,-1
675,0,1518.33,328.07,14.91,15.40,1.0,0,-1,-1
676,4,53.17,416.63,42.33,113.12,0.9309,3,0,-1
676,66,506.09,400.72,52.36,109.77,0.8852,2,1,-1
676,180,794.75,318.14,41.59,98.50,0.9211,2,2,-1
676,187,807.76,829.56,88.17,184.36,0.9089,2,1,-1
676,188,1342.18,320.29,53.84,81.28,0.9103,2,1,-1
676,195,1025.15,538.06,49.90,121.87,0.9148,2,2,-1
676,196,1091.81,460.35,27.41,67.75,0.8643,2,2,-1
676,0,1523.49,321.09,14.96,15.63,1.0,0,-1,-1
677,4,40.31,415.25,47.23,114.75,0.9300,3,0,-1
677,66,494.85,394.89,59.77,122.22,0.8928,2,1,-1
677,180,782.32,319.16,41.52,98.09,0.9226,2,2,-1
677,187,791.02,828.74,90.96,186.80,0.8966,2,1,-1
677,188,1339.23,318.20,49.02,81.90,0.9121,2,1,-1
677,195,1012.11,539.09,50.50,122.37,0.9000,2,2,-1
677,196,1080.71,460.19,34.43,69.34,0.8915,2,2,-1
677,0,1528.50,313.68,16.13,16.10,1.0,0,-1,-1
678,4,25.96,414.58,52.57,115.91,0.9301,3,0,-1
678,66,489.05,403.52,56.58,111.92,0.8717,2,1,-1
678,180,769.86,319.29,41.68,98.16,0.9148,2,2,-1
678,187,776.41,828.11,90.59,185.23,0.8856,2,1,-1
678,188,1333.78,316.20,42.53,84.02,0.9134,2,1,-1
678,195,999.36,538.72,49.79,124.28,0.9152,2,2,-1
678,196,1068.49,460.33,41.75,69.14,0.9051,2,2,-1
678,0,1534.89,307.77,14.94,16.58,1.0,0,-1,-1
679,4,10.62,414.60,57.97,115.95,0.9332,3,0,-1
679,66,481.02,407.32,55.95,108.90,0.8901,2,1,-1
679,180,757.19,319.30,41.44,98.36,0.9268,2,2,-1
679,187,761.57,826.70,91.35,186.66,0.8827,2,1,-1
679,188,1329.76,315.23,40.06,83.93,0.9114,2,1,-1
679,195,986.49,538.11,49.32,124.63,0.9017,2,2,-1
679,196,1055.24,459.74,45.56,69.38,0.9114,2,2,-1
679,201,1860.95,334.37,48.30,87.77,0.9152,2,-1,-1
679,0,1539.12,303.27,15.20,15.24,1.0,0,-1,-1
680,4,-0.14,415.27,56.96,115.78,0.9369,3,0,-1
680,66,473.19,408.18,55.02,108.01,0.9152,2,1,-1
680,180,745.81,318.34,39.36,99.20,0.9216,2,2,-1
680,187,748.68,825.82,88.17,188.03,0.9134,2,1,-1
680,188,1324.74,314.41,43.91,84.98,0.9057,2,1,-1
680,195,973.27,537.61,49.08,125.52,0.9006,2,2,-1
680,196,1043.26,460.61,49.09,70.03,0.9016,2,2,-1
680,201,1849.52,331.74,42.17,81.62,0.8508,2,-1,-1
680,0,1543.80,299.20,15.25,15.37,1.0,0,-1,-1
681,4,-2.18,415.89,49.24,113.32,0.9053,3,0,-1
681,66,460.51,412.36,56.55,104.63,0.9268,2,1,-1
681,180,734.59,316.75,38.16,99.64,0.9200,2,2,-1
681,187,733.69,828.72,84.71,188.84,0.8883,2,1,-1
681,188,1315.71,315.15,49.38,83.63,0.9183,2,1,-1
681,195,960.22,537.15,48.50,125.80,0.9099,2,2,-1
681,196,1030.39,462.24,48.25,68.79,0.9037,2,2,-1
681,201,1820.76,330.50,48.86,89.36,0.8496,2,-1,-1
681,0,1548.07,295.79,15.73,16.43,1.0,0,-1,-1
682,4,-6.18,427.70,43.16,105.65,0.7410,1,-1,-1
682,66,447.27,413.49,57.49,105.14,0.9287,2,1,-1
682,180,721.63,315.17,37.26,101.72,0.8859,2,2,-1
682,187,720.97,826.67,80.32,185.20,0.9038,2,1,-1
682,188,1307.24,316.53,50.25,81.75,0.9068,2,1,-1
682,195,946.94,537.79,48.30,125.36,0.9085,2,2,-1
682,196,1018.45,464.87,46.00,65.65,0.8811,2,2,-1
682,201,1799.37,327.44,53.91,92.51,0.8904,2,-1,-1
682,0,1552.64,292.79,15.60,16.83,1.0,0,-1,-1
683,4,-9.62,431.14,36.57,103.07,0.7229,2,-1,-1
683,66,436.13,414.64,58.02,106.09,0.9228,2,1,-1
683,180,709.41,314.58,36.24,103.16,0.8904,2,2,-1
683,187,707.77,827.16,75.79,181.43,0.8930,2,1,-1
683,188,1301.08,316.78,53.69,81.35,0.9117,2,1,-1
683,195,935.14,540.48,47.51,123.26,0.9217,2,2,-1
683,196,1009.76,470.45,43.42,60.56,0.8643,2,2,-1
683,201,1782.21,325.12,56.01,94.25,0.8979,2,-1,-1
683,0,1557.74,292.09,15.11,15.47,1.0,0,-1,-1
684,66,425.75,416.49,55.82,103.93,0.9194,2,1,-1
684,180,698.24,314.37,36.03,103.03,0.9064,2,2,-1
684,187,695.43,827.40,74.77,183.88,0.8512,2,1,-1
684,188,1296.04,316.00,61.42,81.75,0.9284,2,1,-1
684,194,1000.06,421.07,44.82,64.49,0.7809,2,2,-1
684,195,923.78,542.43,48.51,123.94,0.9171,2,2,-1
684,196,1002.25,475.34,39.04,54.82,0.8173,2,2,-1
684,201,1765.33,321.48,57.61,97.25,0.8596,2,-1,-1
684,0,1562.06,291.78,16.65,15.51,1.0,0,-1,-1
685,66,419.14,432.34,49.94,87.55,0.8989,2,1,-1
685,180,688.23,314.69,36.21,103.18,0.9146,2,2,-1
685,187,683.88,828.27,72.04,185.07,0.8734,2,1,-1
685,188,1292.61,315.33,65.24,81.94,0.9246,2,1,-1
685,194,984.55,420.77,57.16,107.17,0.8420,2,2,-1
685,195,912.59,545.71,48.37,122.55,0.8881,2,2,-1
685,201,1750.67,319.44,57.21,98.11,0.8662,2,-1,-1
685,0,1568.38,292.14,15.96,15.47,1.0,0,-1,-1
686,66,408.78,413.30,52.91,106.82,0.8927,2,1,-1
686,180,678.73,315.43,36.08,101.75,0.9150,2,2,-1
686,187,672.92,828.98,72.33,189.36,0.8869,2,1,-1
686,188,1289.86,315.54,63.53,81.86,0.9278,2,1,-1
686,194,976.34,420.03,51.83,109.85,0.8526,2,2,-1
686,195,903.28,547.36,48.02,122.70,0.9200,2,2,-1
686,201,1737.88,318.03,56.73,97.76,0.8697,2,-1,-1
686,0,1574.97,293.51,16.18,15.67,1.0,0,-1,-1
687,66,406.05,432.60,42.53,87.08,0.8268,2,1,-1
687,180,669.32,317.02,36.33,100.15,0.9202,2,2,-1
687,187,661.20,829.50,70.25,188.43,0.8924,2,1,-1
687,188,1289.58,316.21,57.53,80.36,0.9316,2,1,-1
687,194,967.66,419.54,49.38,110.33,0.8311,2,2,-1
687,195,893.67,550.37,48.52,120.84,0.9235,2,2,-1
687,201,1724.21,314.61,58.09,98.58,0.8980,2,-1,-1
687,0,1582.55,294.92,15.67,15.13,1.0,0,-1,-1
688,66,405.08,456.91,31.48,63.41,0.7119,2,1,-1
688,180,660.32,318.30,36.25,98.79,0.9074,2,2,-1
688,187,649.47,829.13,71.09,189.55,0.9112,2,1,-1
688,188,1289.32,315.56,48.88,80.34,0.9367,2,1,-1
688,194,959.87,419.28,50.14,112.70,0.8930,2,2,-1
688,195,883.09,551.54,48.95,121.34,0.9246,2,2,-1
688,201,1710.63,312.83,60.70,96.97,0.9179,2,-1,-1
688,0,1588.34,296.66,17.58,15.73,1.0,0,-1,-1
689,66,375.63,409.83,54.30,110.89,0.8791,2,1,-1
689,180,650.38,318.83,36.75,100.20,0.9128,2,2,-1
689,187,636.10,829.05,70.65,190.04,0.9046,2,1,-1
689,188,1286.30,314.28,41.33,81.56,0.9285,2,1,-1
689,194,951.04,420.19,47.78,112.42,0.8969,2,2,-1
689,195,873.00,554.13,48.99,119.26,0.9290,2,2,-1
689,201,1697.65,312.16,61.72,96.58,0.9148,2,-1,-1
689,0,1595.15,300.58,16.40,15.70,1.0,0,-1,-1
690,66,372.05,388.51,35.63,78.36,0.7677,2,1,-1
690,180,639.94,319.29,37.36,100.84,0.8908,2,2,-1
690,185,369.06,444.99,52.18,76.02,0.6397,2,2,-1
690,187,623.34,826.50,70.93,187.97,0.9086,2,1,-1
690,188,1280.51,311.80,38.08,83.59,0.9133,2,1,-1
690,194,940.76,421.24,47.33,110.54,0.8899,2,2,-1
690,195,861.76,557.57,49.07,116.77,0.9312,2,2,-1
690,201,1682.79,312.31,62.94,92.42,0.9129,2,-1,-1
690,0,1601.37,304.61,15.69,15.70,1.0,0,-1,-1
691,66,366.18,387.07,31.44,74.75,0.7954,2,1,-1
691,180,629.74,319.60,37.61,99.89,0.8916,2,2,-1
691,185,366.98,445.40,48.56,75.33,0.5959,2,2,-1
691,187,608.72,822.23,71.34,188.63,0.9235,2,1,-1
691,188,1275.65,309.26,36.49,86.08,0.9238,2,1,-1
691,194,935.13,421.62,41.69,73.85,0.8934,2,2,-1
691,195,851.78,559.44,49.43,115.20,0.9225,2,2,-1
691,196,946.46,490.49,25.76,43.74,0.7137,2,2,-1
691,201,1667.81,312.13,65.93,91.91,0.9111,2,-1,-1
691,0,1607.62,309.98,16.61,17.12,1.0,0,-1,-1
692,180,621.91,319.58,36.62,101.54,0.8961,2,2,-1
692,185,362.83,411.57,52.80,111.16,0.9145,2,2,-1
692,187,596.42,821.97,70.04,187.15,0.9442,2,1,-1
692,188,1270.71,308.51,40.01,87.05,0.9148,2,1,-1
692,194,923.96,422.03,46.78,77.32,0.8860,2,2,-1
692,195,842.93,561.85,49.40,112.76,0.9212,2,2,-1
692,201,1653.07,313.22,73.49,91.62,0.9255,2,-1,-1
692,0,1614.69,315.72,17.37,16.98,1.0,0,-1,-1
693,180,613.80,319.18,36.48,101.99,0.8968,2,2,-1
693,185,357.46,413.46,53.44,109.43,0.9147,2,2,-1
693,187,584.56,822.23,68.17,185.84,0.9393,2,1,-1
693,188,1265.62,308.48,43.45,87.72,0.9255,2,1,-1
693,194,911.24,422.40,56.10,113.28,0.9020,2,2,-1
693,195,834.76,561.60,48.90,113.39,0.9290,2,2,-1
693,201,1643.29,314.62,75.86,90.68,0.9282,2,-1,-1
693,0,1622.04,321.85,18.71,18.88,1.0,0,-1,-1
694,148,350.64,387.31,28.76,48.63,0.5392,2,2,-1
694,180,607.43,319.08,35.86,102.76,0.8844,2,2,-1
694,185,354.47,416.99,51.43,106.61,0.9235,2,2,-1
694,187,573.88,822.52,68.21,186.01,0.9338,2,1,-1
694,188,1258.96,309.25,45.05,87.46,0.9200,2,1,-1
694,189,923.25,480.82,23.49,54.27,0.7678,2,2,-1
694,194,910.36,423.01,42.70,74.99,0.8475,2,2,-1
694,195,826.44,560.73,48.48,114.48,0.9412,2,2,-1
694,201,1631.22,314.27,79.27,90.71,0.9427,2,-1,-1
695,148,346.05,387.40,28.82,49.85,0.5114,2,2,-1
695,180,601.21,318.73,35.07,101.56,0.8531,2,2,-1
695,185,348.42,415.39,51.25,108.84,0.8958,2,2,-1
695,187,563.61,821.78,71.02,186.41,0.9096,2,1,-1
695,188,1253.19,310.87,42.00,86.04,0.9171,2,1,-1
695,194,898.32,422.56,53.56,112.74,0.9110,2,2,-1
695,195,820.85,559.15,46.70,116.47,0.9378,2,2,-1
695,201,1621.15,313.85,81.17,90.69,0.9407,2,-1,-1
696,148,342.22,388.02,26.91,47.65,0.7570,2,2,-1
696,180,595.79,318.44,35.22,102.73,0.8838,2,2,-1
696,185,343.01,417.41,50.10,108.41,0.9259,2,2,-1
696,187,555.30,820.69,74.77,188.75,0.9139,2,1,-1
696,188,1248.82,311.69,44.09,86.05,0.9293,2,1,-1
696,194,894.43,423.13,50.38,112.93,0.9019,2,2,-1
696,195,814.16,558.51,46.23,120.75,0.9120,2,2,-1
696,201,1611.37,313.39,81.19,91.22,0.9322,2,-1,-1
697,148,338.92,388.65,27.88,51.67,0.7372,2,2,-1
697,180,591.03,318.70,34.75,103.10,0.9127,2,2,-1
697,185,339.02,420.36,49.37,104.99,0.9167,2,2,-1
697,187,547.33,820.22,77.77,188.59,0.8949,2,1,-1
697,188,1244.94,312.31,46.60,87.07,0.9249,2,1,-1
697,194,889.18,421.79,49.74,113.97,0.8969,2,2,-1
697,195,808.86,558.23,45.13,123.59,0.9273,2,2,-1
697,201,1601.65,313.58,81.50,89.07,0.9376,2,-1,-1
698,180,587.20,319.00,35.14,103.64,0.9143,2,2,-1
698,185,334.88,419.61,51.41,105.42,0.8380,2,2,-1
698,187,539.67,819.84,81.45,189.60,0.8704,2,1,-1
698,188,1241.87,312.15,48.03,87.39,0.9229,2,1,-1
698,194,884.64,422.96,48.24,112.82,0.9021,2,2,-1
698,195,803.18,559.25,45.57,124.58,0.9172,2,2,-1
698,201,1592.66,312.58,78.12,88.61,0.9321,2,-1,-1
699,148,336.08,389.87,24.03,43.63,0.7879,2,2,-1
699,180,584.16,319.53,35.89,103.30,0.8931,2,2,-1
699,185,330.28,422.97,35.47,71.59,0.7105,2,2,-1
699,187,532.57,819.83,84.64,189.92,0.8946,2,1,-1
699,188,1240.12,311.88,50.25,88.13,0.9216,2,1,-1
699,194,881.05,422.65,48.70,113.25,0.9121,2,2,-1
699,195,799.07,561.69,44.78,123.56,0.9205,2,2,-1
699,201,1583.21,311.42,73.81,88.41,0.9206,2,-1,-1
700,148,335.70,389.99,22.84,40.40,0.7806,2,2,-1
700,180,581.37,319.69,37.20,103.64,0.9295,2,2,-1
700,187,525.97,819.51,87.42,191.81,0.8584,2,1,-1
700,188,1237.90,311.27,49.88,88.42,0.9231,2,1,-1
700,194,876.96,425.16,48.04,110.98,0.9113,2,2,-1
700,195,793.72,564.95,45.88,124.66,0.9183,2,2,-1
700,201,1575.08,310.27,67.20,88.55,0.8919,2,-1,-1
701,148,335.47,390.60,23.74,40.99,0.7936,2,2,-1
701,180,580.06,320.66,36.37,103.00,0.9238,2,2,-1
701,187,521.08,819.20,89.94,191.01,0.8740,2,1,-1
701,188,1239.23,310.46,47.94,89.16,0.9111,2,1,-1
701,194,873.93,425.84,47.75,114.13,0.8727,2,2,-1
701,195,791.33,567.80,46.82,121.92,0.9272,2,2,-1
701,201,1569.87,308.54,58.73,90.31,0.9222,2,-1,-1
701,206,332.33,435.23,49.17,90.83,0.8208,2,-1,-1
702,148,336.93,390.65,25.11,44.09,0.7169,2,2,-1
702,180,580.33,321.37,33.98,102.69,0.9196,2,2,-1
702,187,516.40,819.91,91.38,191.67,0.8861,2,1,-1
702,188,1240.51,310.89,46.48,88.66,0.9115,2,1,-1
702,194,873.47,427.26,46.27,113.24,0.9036,2,2,-1
702,195,790.64,569.23,47.61,119.93,0.9126,2,2,-1
702,201,1567.48,306.20,54.46,92.59,0.9202,2,-1,-1
702,206,335.73,422.67,49.86,103.98,0.8363,2,-1,-1
703,148,338.29,390.39,26.03,47.20,0.7810,2,2,-1
703,180,581.70,321.76,32.68,103.13,0.9191,2,2,-1
703,187,513.36,819.40,91.32,191.31,0.8834,2,1,-1
703,188,1242.07,311.80,44.16,87.96,0.9084,2,1,-1
703,194,871.93,427.27,46.42,114.94,0.9004,2,2,-1
703,195,789.97,568.79,48.25,120.37,0.9057,2,2,-1
703,201,1565.42,304.41,53.32,93.46,0.9201,2,-1,-1
703,206,340.51,421.66,48.18,105.33,0.8028,2,-1,-1
704,148,340.26,389.69,25.42,46.17,0.7061,2,2,-1
704,180,583.19,321.95,31.82,104.08,0.9040,2,2,-1
704,185,346.57,419.77,42.10,78.49,0.7401,2,2,-1
704,187,511.79,818.31,90.52,192.31,0.8830,2,1,-1
704,188,1241.03,311.78,44.42,87.90,0.9167,2,1,-1
704,194,870.07,428.71,46.61,111.78,0.8928,2,2,-1
704,195,788.83,568.48,48.80,121.95,0.9106,2,2,-1
704,201,1561.34,303.12,53.75,94.33,0.9245,2,-1,-1
704,206,352.38,487.51,19.05,41.71,0.7701,2,1,-1
705,66,344.77,423.76,47.36,107.26,0.7318,2,1,-1
705,148,340.53,389.49,27.10,49.44,0.6694,2,2,-1
705,180,584.25,321.70,31.20,104.41,0.8717,2,2,-1
705,187,510.01,817.19,88.41,194.22,0.8714,2,1,-1
705,188,1241.63,311.93,43.54,87.62,0.9121,2,1,-1
705,194,867.07,429.15,50.17,113.77,0.9080,2,2,-1
705,195,787.51,567.88,49.73,128.19,0.9033,2,2,-1
705,201,1556.75,302.18,56.80,96.60,0.9362,2,-1,-1
706,66,343.84,422.14,49.46,108.59,0.8273,2,1,-1
706,148,341.90,389.62,27.73,50.94,0.6249,2,2,-1
706,180,588.68,349.41,25.26,76.43,0.8235,2,2,-1
706,187,507.28,810.68,85.10,194.29,0.8962,2,1,-1
706,188,1241.06,312.73,44.42,87.11,0.9237,2,1,-1
706,194,865.18,428.73,51.30,115.25,0.8586,2,2,-1
706,195,787.65,569.73,49.29,130.68,0.9067,2,2,-1
706,201,1552.35,302.87,58.11,94.53,0.9307,2,-1,-1
707,66,344.46,420.71,54.20,111.16,0.8740,2,1,-1
707,148,343.45,389.92,26.86,49.03,0.7490,2,2,-1
707,180,586.59,323.50,31.49,97.60,0.7938,2,2,-1
707,187,506.29,811.08,81.04,187.63,0.8938,2,1,-1
707,188,1241.36,313.66,43.04,85.91,0.9024,2,1,-1
707,194,864.19,430.06,50.06,114.43,0.8476,2,2,-1
707,195,787.68,571.78,48.46,131.07,0.8898,2,2,-1
707,201,1547.80,302.88,59.57,93.34,0.9239,2,-1,-1
708,66,349.68,424.47,53.32,105.48,0.8344,2,1,-1
708,148,341.97,389.66,32.26,62.60,0.7317,2,2,-1
708,180,587.89,322.10,33.06,103.47,0.8100,2,2,-1
708,187,505.24,808.50,75.81,188.30,0.9208,2,1,-1
708,188,1240.25,314.96,42.33,85.16,0.9118,2,1,-1
708,189,882.50,494.51,21.16,49.73,0.6322,2,2,-1
708,194,876.12,429.96,34.06,67.67,0.7733,2,2,-1
708,195,788.90,574.22,48.35,132.23,0.8954,2,2,-1
708,201,1543.82,303.37,58.85,93.48,0.9258,2,-1,-1
709,66,345.14,422.08,57.30,112.51,0.8495,2,1,-1
709,148,346.91,390.33,26.06,50.74,0.6581,2,2,-1
709,180,593.19,322.38,22.20,58.19,0.7479,2,2,-1
709,187,504.74,807.72,71.41,188.55,0.9143,2,1,-1
709,188,1239.69,315.78,41.93,85.79,0.8478,2,1,-1
709,194,860.90,433.36,51.40,110.85,0.8388,2,2,-1
709,195,789.51,577.96,47.24,128.85,0.9066,2,2,-1
709,201,1540.55,312.65,55.41,84.42,0.8983,2,-1,-1
710,66,348.65,423.45,56.77,111.20,0.8445,2,1,-1
710,148,348.40,390.77,25.42,50.03,0.7535,2,2,-1
710,180,592.38,323.07,25.22,53.09,0.8445,2,2,-1
710,187,505.96,807.80,64.21,182.16,0.9094,2,1,-1
710,188,1238.81,317.61,42.41,86.48,0.8102,2,1,-1
710,194,860.70,430.86,48.53,113.76,0.8760,2,2,-1
710,195,788.76,581.48,48.27,125.03,0.9260,2,2,-1
710,201,1533.37,310.42,54.76,86.47,0.8918,2,-1,-1
711,66,352.17,423.40,54.20,111.69,0.8728,2,1,-1
711,148,349.29,390.94,25.92,52.73,0.7637,2,2,-1
711,180,591.67,323.16,26.18,53.07,0.8042,2,2,-1
711,187,500.70,807.11,62.06,186.57,0.9251,2,1,-1
711,188,1237.10,317.26,38.24,64.56,0.8353,2,1,-1
711,194,860.90,436.01,45.20,108.22,0.8214,2,2,-1
711,195,788.83,581.78,47.57,124.68,0.9181,2,2,-1
711,201,1531.67,330.74,40.35,65.75,0.8634,2,-1,-1
711,0,384.18,417.80,12.23,12.95,1.0,0,-1,-1
712,66,356.19,420.51,49.95,114.95,0.9083,2,1,-1
712,148,350.33,391.68,23.87,49.10,0.7905,2,2,-1
712,180,587.54,326.52,36.32,100.98,0.8756,2,2,-1
712,187,498.92,808.06,61.46,187.66,0.9291,2,1,-1
712,188,1229.08,318.68,51.32,86.57,0.9068,2,1,-1
712,194,862.19,433.10,44.08,112.90,0.8600,2,2,-1
712,195,790.00,582.17,46.31,125.15,0.9149,2,2,-1
712,201,1523.44,308.98,45.89,87.50,0.8911,2,-1,-1
712,0,384.61,412.75,11.50,11.46,1.0,0,-1,-1
713,66,358.17,421.58,47.64,114.38,0.9055,2,1,-1
713,148,352.04,392.13,25.25,51.40,0.8168,2,2,-1
713,180,592.86,345.75,28.37,83.30,0.8807,2,2,-1
713,187,492.91,807.59,65.18,187.26,0.9249,2,1,-1
713,188,1226.99,320.48,50.14,84.86,0.9042,2,1,-1
713,194,862.62,433.05,43.13,115.26,0.8778,2,2,-1
713,195,790.20,585.53,45.09,122.82,0.5387,2,2,-1
713,201,1520.75,303.38,46.30,93.39,0.9024,2,-1,-1
713,0,384.64,408.49,11.75,10.78,1.0,0,-1,-1
714,66,360.27,423.25,45.50,111.69,0.8989,2,1,-1
714,148,354.50,391.88,23.99,46.56,0.8397,2,2,-1
714,180,594.00,335.97,29.61,94.24,0.8595,2,2,-1
714,187,483.01,805.12,78.13,187.68,0.9294,2,1,-1
714,188,1224.76,321.14,52.79,83.94,0.9084,2,1,-1
714,194,862.96,432.56,43.01,116.86,0.8937,2,2,-1
714,195,793.56,581.70,45.89,133.22,0.9078,2,2,-1
714,201,1517.96,303.62,47.17,93.99,0.9074,2,-1,-1
715,66,368.11,423.23,40.02,111.46,0.8965,2,1,-1
715,180,599.05,349.32,25.92,80.69,0.8598,2,2,-1
715,185,356.03,391.30,27.07,55.22,0.8323,2,-1,-1
715,187,476.88,803.65,86.49,186.01,0.9072,2,1,-1
715,188,1226.21,320.36,53.89,84.02,0.8949,2,1,-1
715,194,863.91,433.19,43.56,116.56,0.9121,2,2,-1
715,195,796.73,582.46,46.12,134.92,0.7146,2,2,-1
715,201,1516.20,316.67,48.46,79.62,0.9214,2,-1,-1
716,66,375.53,423.26,36.99,111.30,0.8500,2,1,-1
716,180,601.03,326.85,31.02,102.92,0.8875,2,2,-1
716,185,362.19,390.71,25.33,51.66,0.8202,2,1,-1
716,187,479.20,804.00,89.97,186.13,0.9064,2,1,-1
716,188,1231.20,319.23,54.94,85.22,0.8999,2,1,-1
716,194,867.48,434.14,43.53,116.04,0.9249,2,2,-1
716,195,801.87,584.18,45.81,135.44,0.8226,2,2,-1
716,201,1511.70,300.01,57.30,95.94,0.9204,2,-1,-1
717,66,384.09,423.09,36.44,112.25,0.8089,2,1,-1
717,180,608.00,329.82,29.09,100.04,0.8582,2,2,-1
717,187,482.90,804.05,92.84,182.88,0.9159,2,1,-1
717,188,1236.53,318.48,55.44,86.87,0.9143,2,1,-1
717,194,874.35,436.27,41.97,115.56,0.8974,2,2,-1
717,195,807.04,587.88,46.20,136.12,0.7646,2,2,-1
717,201,1511.50,301.87,59.22,94.28,0.9217,2,-1,-1
718,66,391.42,422.66,37.51,112.55,0.8640,2,1,-1
718,180,614.40,324.85,30.27,104.25,0.9000,2,2,-1
718,187,491.36,804.06,91.67,182.16,0.9361,2,1,-1
718,188,1243.63,317.89,55.35,88.02,0.9283,2,1,-1
718,194,881.61,434.09,40.93,116.60,0.9226,2,2,-1
718,195,814.40,591.98,47.63,130.98,0.9147,2,2,-1
718,201,1514.42,302.50,58.75,94.10,0.9265,2,-1,-1
718,0,1233.80,310.65,19.49,21.63,1.0,0,-1,-1
719,66,397.23,422.99,40.82,111.87,0.8884,2,1,-1
719,180,626.51,352.71,25.29,74.86,0.8513,2,2,-1
719,187,503.23,803.75,90.02,181.42,0.9185,2,1,-1
719,188,1248.24,315.12,57.45,90.56,0.9185,2,1,-1
719,194,890.35,433.48,39.71,115.75,0.9142,2,2,-1
719,195,822.40,593.81,49.90,128.51,0.9346,2,2,-1
719,201,1519.28,302.73,55.70,93.38,0.9022,2,-1,-1
719,0,1240.17,308.44,22.02,22.56,1.0,0,-1,-1
720,66,409.21,422.70,43.08,111.34,0.8882,2,1,-1
720,180,633.74,323.75,34.05,104.40,0.8356,2,2,-1
720,187,515.35,804.32,87.48,179.26,0.9131,2,1,-1
720,188,1259.09,315.84,56.95,89.03,0.9239,2,1,-1
720,194,901.45,432.97,38.65,116.33,0.8856,2,2,-1
720,195,834.12,594.06,51.32,127.71,0.9389,2,2,-1
720,201,1527.59,309.87,48.44,85.25,0.8941,2,-1,-1
721,180,648.75,322.25,33.75,105.05,0.8547,2,2,-1
721,187,528.86,793.07,86.38,187.17,0.8941,2,1,-1
721,188,1270.95,318.14,55.80,86.63,0.9179,2,1,-1
721,194,915.56,431.96,38.47,115.78,0.6412,2,2,-1
721,195,848.64,593.25,51.89,126.70,0.9327,2,2,-1
721,201,1535.76,303.71,42.56,90.85,0.9060,2,-1,-1
721,206,413.26,386.75,31.97,66.93,0.7417,2,1,-1
722,180,667.97,322.33,33.68,104.28,0.6727,2,2,-1
722,187,549.58,790.49,79.83,181.25,0.9340,2,1,-1
722,188,1278.42,312.52,56.16,92.85,0.8961,2,1,-1
722,195,864.75,589.74,53.14,131.30,0.9160,2,2,-1
722,201,1543.62,302.91,40.54,91.74,0.9083,2,-1,-1
722,206,429.69,384.83,43.67,98.85,0.6133,2,1,-1
723,180,690.17,323.48,31.38,95.03,0.6857,2,2,-1
723,187,567.41,781.75,76.94,179.07,0.9454,2,1,-1
723,188,1293.59,321.47,49.62,84.14,0.8972,2,1,-1
723,195,884.77,584.54,54.23,138.35,0.8881,2,2,-1
723,196,951.47,432.21,39.07,64.94,0.7891,2,2,-1
723,201,1552.16,303.22,41.62,92.19,0.9192,2,-1,-1
723,206,458.73,385.87,40.48,106.30,0.8495,2,1,-1
724,180,715.32,326.58,32.59,98.19,0.6362,2,2,-1
724,187,589.52,775.67,73.17,175.55,0.9338,2,1,-1
724,188,1301.28,322.68,48.58,83.63,0.8799,2,1,-1
724,195,906.60,581.78,53.49,139.27,0.9103,2,2,-1
724,201,1556.77,305.06,44.79,92.98,0.9328,2,-1,-1
724,206,489.56,387.68,39.18,104.47,0.8557,2,1,-1
725,187,613.39,769.00,69.29,169.79,0.9327,2,1,-1
725,188,1311.91,328.84,49.61,79.73,0.8852,2,1,-1
725,189,992.32,435.86,36.05,80.23,0.5510,2,2,-1
725,201,1556.98,308.41,51.93,92.34,0.9327,2,-1,-1
725,206,522.40,389.68,39.02,102.36,0.8711,2,1,-1
726,187,639.67,762.62,68.11,165.59,0.9402,2,1,-1
726,188,1322.47,331.82,52.19,80.38,0.9040,2,1,-1
726,195,957.15,587.82,49.20,126.92,0.5544,2,2,-1
726,196,1013.21,437.72,35.41,58.68,0.6123,2,2,-1
726,201,1559.30,312.81,57.92,88.97,0.9298,2,-1,-1
726,206,556.04,391.37,40.01,100.07,0.8850,2,1,-1
726,0,971.60,701.76,17.16,15.51,1.0,0,-1,-1
727,187,666.79,753.28,70.94,163.15,0.9439,2,1,-1
727,188,1336.70,334.94,52.65,80.76,0.9062,2,1,-1
727,196,1036.43,440.06,32.97,52.64,0.8121,2,2,-1
727,201,1563.04,317.00,62.82,87.58,0.9371,2,-1,-1
727,206,590.28,392.95,39.89,98.27,0.8072,2,1,-1
727,0,994.49,697.02,18.05,14.80,1.0,0,-1,-1
728,187,695.15,743.79,72.14,162.00,0.9283,2,1,-1
728,188,1348.93,337.15,54.58,79.88,0.9169,2,1,-1
728,196,1058.31,440.54,34.41,54.65,0.6101,2,2,-1
728,201,1572.98,321.49,62.78,84.86,0.9280,2,-1,-1
728,206,625.80,393.68,33.50,80.36,0.5456,2,1,-1
728,0,1019.34,690.89,18.77,15.68,1.0,0,-1,-1
729,66,654.43,394.61,40.14,94.08,0.8685,2,1,-1
729,180,860.09,344.57,29.99,85.53,0.5417,2,2,-1
729,187,721.98,739.10,74.11,155.14,0.9274,2,1,-1
729,188,1366.22,340.78,51.64,77.90,0.9184,2,1,-1
729,189,1082.25,440.96,32.56,70.01,0.7699,2,2,-1
729,201,1586.29,325.67,58.54,82.29,0.9086,2,-1,-1
730,4,288.83,423.76,59.32,110.14,0.5768,2,-1,-1
730,66,688.97,396.68,37.29,86.04,0.8150,2,1,-1
730,180,887.62,348.17,31.56,82.46,0.7669,2,2,-1
730,187,747.36,730.37,76.57,154.34,0.9376,2,1,-1
730,188,1382.39,344.45,46.71,75.75,0.9099,2,1,-1
730,195,1056.57,585.05,45.15,109.46,0.8754,2,2,-1
730,201,1593.05,329.57,55.46,80.74,0.9200,2,-1,-1
730,210,714.50,429.49,48.12,93.57,0.8913,2,-1,-1
731,4,324.44,423.46,63.19,112.76,0.9064,2,-1,-1
731,66,716.79,398.53,37.76,89.55,0.8778,2,1,-1
731,180,916.34,348.01,25.29,46.15,0.7764,2,2,-1
731,187,772.59,728.14,75.49,148.49,0.9422,2,1,-1
731,188,1397.77,348.81,40.41,73.33,0.8982,2,1,-1
731,195,1079.43,583.30,44.00,109.92,0.8817,2,2,-1
731,201,1598.43,333.92,54.30,78.29,0.8431,2,-1,-1
731,210,744.21,431.18,48.33,91.45,0.8849,2,-1,-1
731,0,1085.08,675.93,19.96,18.27,1.0,0,-1,-1
732,4,360.40,425.83,60.82,110.42,0.9044,2,-1,-1
732,66,743.07,399.98,35.81,88.76,0.9034,2,1,-1
732,180,933.43,350.48,38.59,82.42,0.8519,2,2,-1
732,187,795.48,720.97,74.66,146.98,0.9353,2,1,-1
732,188,1411.96,352.09,34.50,71.13,0.9019,2,1,-1
732,194,1142.75,442.89,29.82,83.41,0.6606,2,2,-1
732,195,1102.22,581.56,41.78,114.29,0.9280,2,2,-1
732,201,1617.17,360.95,38.29,52.39,0.8483,2,-1,-1
732,210,768.53,432.09,50.10,90.25,0.8870,2,-1,-1
732,0,1582.68,353.45,14.75,16.40,1.0,0,-1,-1
733,4,392.92,426.27,58.00,106.41,0.8923,2,-1,-1
733,66,767.53,400.74,34.56,87.61,0.9060,2,1,-1
733,180,957.25,352.53,34.95,80.79,0.8892,2,2,-1
733,187,818.49,717.31,73.07,142.94,0.9350,2,1,-1
733,188,1423.16,354.21,32.56,69.71,0.9046,2,1,-1
733,194,1157.05,442.84,32.05,95.31,0.8426,2,2,-1
733,195,1121.62,581.27,40.85,111.67,0.8408,2,2,-1
733,201,1620.81,361.34,37.49,52.91,0.8130,2,-1,-1
733,210,792.11,432.49,50.98,89.29,0.9018,2,1,-1
733,0,1579.19,346.29,13.48,15.49,1.0,0,-1,-1
734,4,422.54,427.97,56.94,104.88,0.9076,2,-1,-1
734,66,789.52,401.34,34.51,86.95,0.9123,2,1,-1
734,180,977.56,353.30,34.16,81.72,0.8872,2,2,-1
734,187,837.88,713.77,73.98,140.18,0.9373,2,1,-1
734,188,1435.50,354.94,33.89,69.46,0.9171,2,1,-1
734,194,1174.43,443.55,30.63,93.36,0.8903,2,2,-1
734,195,1140.34,582.87,40.54,112.20,0.8151,2,2,-1
734,201,1628.69,334.90,39.77,81.56,0.9061,2,-1,-1
734,210,813.62,434.61,52.18,87.68,0.9189,2,1,-1
734,0,1574.59,339.44,14.30,15.00,1.0,0,-1,-1
735,4,449.59,430.77,54.96,102.27,0.9224,2,-1,-1
735,66,810.26,402.03,33.79,86.27,0.9055,2,1,-1
735,180,996.47,355.11,34.24,82.26,0.8351,2,2,-1
735,187,857.55,709.17,70.39,135.48,0.9336,2,1,-1
735,188,1445.13,355.68,37.00,70.44,0.9223,2,1,-1
735,194,1190.82,445.01,29.76,92.35,0.8684,2,2,-1
735,201,1640.39,335.07,37.03,83.47,0.8777,2,-1,-1
735,210,836.90,435.46,50.05,87.13,0.9213,2,1,-1
735,0,1571.49,334.50,13.67,13.84,1.0,0,-1,-1
736,4,476.97,436.06,51.00,96.93,0.9223,2,-1,-1
736,66,829.61,402.89,32.90,84.80,0.8984,2,1,-1
736,180,1013.37,356.25,35.08,82.46,0.8957,2,2,-1
736,187,872.35,705.33,70.37,139.52,0.9360,2,1,-1
736,188,1455.61,356.15,39.68,72.11,0.9266,2,1,-1
736,194,1204.06,446.92,31.31,92.86,0.8997,2,2,-1
736,195,1175.54,587.25,39.48,107.00,0.8935,2,2,-1
736,201,1651.16,337.69,36.08,82.67,0.9088,2,-1,-1
736,210,855.32,435.38,49.32,86.99,0.9201,2,1,-1
736,211,213.20,368.19,37.11,82.33,0.8664,2,-1,-1
736,0,1568.35,329.64,13.86,13.80,1.0,0,-1,-1
737,4,496.50,438.31,50.62,94.77,0.9222,2,-1,-1
737,66,846.47,403.76,32.28,84.17,0.9108,2,1,-1
737,180,1030.06,357.95,36.01,80.88,0.8774,2,2,-1
737,187,886.22,703.05,66.64,136.36,0.9291,2,1,-1
737,188,1463.84,358.16,41.20,71.23,0.9204,2,1,-1
737,194,1215.39,449.56,31.99,90.97,0.8257,2,2,-1
737,195,1189.98,589.19,39.65,103.11,0.9253,2,2,-1
737,201,1657.67,340.06,38.84,80.65,0.9227,2,-1,-1
737,210,873.14,436.75,46.77,85.61,0.9189,2,1,-1
737,211,243.41,369.71,30.76,61.66,0.8492,2,-1,-1
737,0,1563.40,325.98,13.52,13.14,1.0,0,-1,-1
738,4,513.44,442.55,50.34,91.60,0.9250,2,-1,-1
738,66,860.37,405.32,31.15,81.71,0.9099,2,1,-1
738,180,1040.29,360.02,36.87,80.95,0.8971,2,2,-1
738,187,895.60,701.42,65.15,134.17,0.9321,2,1,-1
738,188,1469.16,360.37,42.63,71.65,0.9312,2,1,-1
738,189,1225.30,480.78,32.09,60.98,0.8307,2,2,-1
738,195,1201.29,588.93,40.02,102.31,0.9267,2,2,-1
738,201,1659.49,344.29,42.03,78.22,0.9269,2,-1,-1
738,210,887.77,437.50,43.74,85.81,0.9113,2,1,-1
738,211,263.82,371.45,37.01,81.08,0.8792,2,-1,-1
738,212,33.59,399.22,44.23,86.52,0.9150,2,-1,-1
738,0,1555.80,323.22,13.48,13.60,1.0,0,-1,-1
739,4,527.04,444.43,49.93,89.13,0.8861,2,-1,-1
739,66,871.90,407.05,30.52,80.32,0.9120,2,1,-1
739,180,1050.45,362.53,36.22,80.02,0.9301,2,2,-1
739,187,904.89,699.54,61.55,133.46,0.9288,2,1,-1
739,188,1474.21,363.62,41.02,71.82,0.9182,2,1,-1
739,189,1234.25,473.61,33.32,68.87,0.8246,2,2,-1
739,195,1211.38,589.39,39.66,102.16,0.9240,2,2,-1
739,201,1660.40,347.59,44.23,77.45,0.9296,2,-1,-1
739,210,901.36,438.73,38.88,84.92,0.9157,2,1,-1
739,211,284.32,374.07,34.75,77.41,0.8402,2,-1,-1
739,212,55.52,401.05,46.96,85.17,0.9107,2,-1,-1
739,0,1545.89,320.37,14.18,13.59,1.0,0,-1,-1
740,4,538.18,445.09,50.91,89.14,0.9130,2,-1,-1
740,66,880.32,408.08,29.76,81.25,0.9175,2,1,-1
740,180,1060.69,364.88,36.76,78.22,0.9174,2,2,-1
740,187,911.40,698.11,59.44,133.11,0.9237,2,1,-1
740,188,1474.90,366.98,38.93,70.81,0.8901,2,1,-1
740,194,1240.37,458.55,32.01,85.85,0.8910,2,2,-1
740,195,1217.62,590.00,40.15,107.87,0.9230,2,2,-1
740,201,1662.29,352.51,42.93,75.72,0.9333,2,-1,-1
740,210,912.18,440.29,34.46,84.36,0.9156,2,1,-1
740,211,301.19,375.65,37.05,80.09,0.8865,2,-1,-1
740,212,74.49,402.19,47.55,84.54,0.9148,2,-1,-1
740,213,33.15,500.95,37.81,96.16,0.9123,2,-1,-1
741,4,547.81,446.14,50.90,87.75,0.9272,3,0,-1
741,66,887.24,409.34,29.24,80.62,0.9153,2,1,-1
741,180,1065.88,366.82,35.67,77.43,0.9195,2,2,-1
741,187,917.08,697.05,57.69,130.67,0.9302,2,1,-1
741,188,1473.15,368.76,37.20,69.32,0.8937,2,1,-1
741,194,1244.47,456.77,32.71,87.78,0.8963,2,2,-1
741,195,1223.16,591.61,40.06,109.57,0.9245,2,2,-1
741,201,1665.15,355.75,37.93,73.51,0.9161,2,-1,-1
741,210,920.13,441.42,31.52,83.79,0.9115,2,1,-1
741,211,314.18,377.42,38.34,79.27,0.8920,2,2,-1
741,212,89.73,403.57,48.51,83.39,0.9225,2,1,-1
741,213,51.96,500.92,35.46,95.64,0.9160,2,-1,-1
742,4,556.34,447.28,51.21,88.09,0.9227,3,0,-1
742,66,891.62,410.77,29.30,79.47,0.9154,2,1,-1
742,180,1070.59,367.78,33.76,77.48,0.9236,2,2,-1
742,187,919.45,695.86,57.48,130.35,0.9289,2,1,-1
742,188,1471.26,370.55,34.16,68.21,0.9070,2,1,-1
742,194,1247.97,457.91,30.80,87.87,0.8932,2,2,-1
742,195,1227.43,593.95,40.05,109.45,0.9270,2,2,-1
742,201,1666.48,358.00,32.17,71.98,0.9061,2,-1,-1
742,210,925.71,443.41,29.29,84.53,0.9043,2,1,-1
742,211,324.98,379.21,38.41,78.71,0.9071,2,2,-1
742,212,102.48,405.00,47.16,82.72,0.9232,2,1,-1
742,213,68.05,500.67,31.72,94.53,0.9137,2,-1,-1
742,214,473.21,341.14,30.64,72.68,0.8651,2,-1,-1
743,4,564.81,448.75,49.36,88.40,0.9305,3,0,-1
743,66,895.43,412.61,29.15,77.45,0.9115,2,1,-1
743,180,1073.51,369.19,32.93,76.78,0.9235,2,2,-1
743,187,920.93,695.26,58.13,130.41,0.9273,2,1,-1
743,188,1471.01,370.72,31.86,68.55,0.9091,2,1,-1
743,189,1250.48,481.99,27.93,63.95,0.8550,2,2,-1
743,195,1232.43,597.46,35.98,82.58,0.9169,2,2,-1
743,201,1666.98,358.01,28.58,72.30,0.8958,2,-1,-1
743,210,929.75,445.26,27.51,83.46,0.8985,2,1,-1
743,211,335.05,381.10,37.88,77.80,0.9039,2,2,-1
743,212,114.22,405.92,45.35,82.42,0.9247,2,1,-1
743,213,81.95,501.31,29.79,94.52,0.9101,2,-1,-1
743,214,481.89,345.53,29.44,69.32,0.8759,2,-1,-1
743,215,11.42,382.25,32.03,80.23,0.9063,2,-1,-1
744,4,572.90,450.56,47.35,89.06,0.9188,3,0,-1
744,66,897.08,413.44,29.98,77.46,0.9177,2,-1,-1
744,180,1075.77,370.77,33.35,76.39,0.9236,2,2,-1
744,187,920.63,694.57,60.01,129.83,0.9300,2,1,-1
744,188,1467.75,371.15,31.65,68.94,0.9150,2,1,-1
744,189,1253.04,500.89,22.36,45.40,0.8948,2,2,-1
744,195,1232.65,600.40,40.42,104.02,0.9249,2,2,-1
744,196,1255.25,460.35,23.06,46.41,0.8235,2,2,-1
744,201,1665.04,357.71,27.16,74.85,0.9042,2,-1,-1
744,210,932.97,447.65,26.65,81.80,0.8986,2,1,-1
744,211,343.27,383.25,34.67,76.11,0.8869,2,2,-1
744,212,124.65,406.57,43.90,82.00,0.9306,2,1,-1
744,213,94.48,501.99,30.58,94.19,0.9163,2,2,-1
744,214,484.88,345.65,31.85,70.42,0.8866,2,-1,-1
744,215,21.43,383.90,39.14,78.78,0.9226,2,-1,-1
745,4,577.49,452.70,46.59,88.06,0.7857,3,0,-1
745,66,897.67,414.98,30.49,77.26,0.9133,2,2,-1
745,180,1075.92,371.98,33.30,75.50,0.9230,2,2,-1
745,187,919.53,694.72,62.04,128.27,0.9315,2,1,-1
745,188,1462.59,371.64,32.78,70.78,0.9182,2,1,-1
745,189,1249.69,495.00,23.95,51.73,0.8843,2,2,-1
745,195,1234.51,603.63,38.03,101.57,0.9293,2,2,-1
745,201,1659.99,356.34,27.45,76.27,0.9018,2,-1,-1
745,210,933.53,448.77,27.34,82.06,0.9124,2,1,-1
745,211,349.49,384.42,33.24,75.94,0.8699,2,2,-1
745,212,133.71,407.21,42.04,81.76,0.9250,2,1,-1
745,213,103.36,502.12,32.76,95.84,0.9076,2,2,-1
745,214,490.61,348.23,30.59,68.53,0.8640,2,2,-1
745,215,28.79,385.69,44.80,78.31,0.9364,2,-1,-1
746,4,581.82,455.23,44.10,86.73,0.9087,3,0,-1
746,66,897.19,415.96,30.82,76.59,0.9122,2,2,-1
746,180,1074.52,372.97,32.10,75.27,0.9179,2,2,-1
746,187,917.95,694.78,64.52,126.64,0.9338,2,1,-1
746,188,1456.06,371.95,34.94,72.33,0.9243,2,1,-1
746,189,1248.71,496.16,23.50,52.01,0.8584,2,2,-1
746,195,1234.11,604.53,37.35,100.32,0.9265,2,2,-1
746,201,1653.11,356.81,29.92,76.71,0.9081,2,-1,-1
746,210,932.97,449.72,27.78,82.07,0.9133,2,1,-1
746,211,353.83,386.00,32.03,75.89,0.8890,2,2,-1
746,212,140.83,407.73,39.56,81.68,0.9168,2,1,-1
746,213,110.28,502.99,34.28,94.96,0.9182,2,2,-1
746,214,494.76,349.83,29.59,68.29,0.8904,2,2,-1
746,215,34.44,387.51,45.80,77.09,0.9264,2,1,-1
747,4,584.22,455.87,43.33,86.90,0.9262,3,0,-1
747,66,896.42,416.17,30.39,76.67,0.9118,2,2,-1
747,180,1073.45,374.21,30.38,74.72,0.9153,2,2,-1
747,187,915.90,694.61,68.09,125.95,0.9400,2,1,-1
747,188,1450.27,373.79,35.41,70.74,0.9141,2,1,-1
747,194,1248.00,464.34,26.50,81.80,0.8474,2,2,-1
747,195,1233.75,604.50,36.15,99.93,0.9211,2,2,-1
747,201,1646.45,356.85,32.96,76.46,0.9108,2,-1,-1
747,210,932.06,450.90,28.48,81.83,0.9103,2,1,-1
747,211,357.30,387.22,32.74,75.67,0.8854,2,2,-1
747,212,147.82,408.69,35.85,81.06,0.9114,2,1,-1
747,213,115.37,503.46,35.97,94.56,0.9195,2,2,-1
747,214,495.42,351.67,29.79,66.83,0.8766,2,2,-1
747,215,39.80,387.97,46.60,76.82,0.9369,2,1,-1
748,4,584.41,456.24,42.15,86.88,0.9202,3,0,-1
748,66,894.64,415.66,28.80,76.85,0.9090,2,2,-1
748,180,1072.06,373.94,28.66,74.93,0.9134,2,2,-1
748,187,913.76,694.00,70.22,125.75,0.9414,2,1,-1
748,188,1444.77,374.83,34.78,71.93,0.9069,2,1,-1
748,194,1251.30,513.36,13.88,39.17,0.8331,2,2,-1
748,195,1233.27,603.76,36.64,102.32,0.9323,2,2,-1
748,196,1253.10,465.08,19.90,44.94,0.8711,2,2,-1
748,201,1643.06,376.97,28.19,56.40,0.8817,2,-1,-1
748,210,930.53,451.11,29.09,82.10,0.9142,2,1,-1
748,211,358.71,387.24,33.73,75.96,0.8930,2,2,-1
748,212,151.87,408.28,32.74,80.61,0.9108,2,1,-1
748,213,118.09,503.74,37.54,95.19,0.9265,2,2,-1
748,214,495.79,351.63,29.86,67.02,0.8816,2,2,-1
748,215,42.60,387.89,46.80,76.57,0.9427,2,1,-1
749,4,584.08,455.89,40.63,86.89,0.8960,3,0,-1
749,66,894.38,415.10,27.84,75.93,0.9174,2,2,-1
749,180,1071.12,373.39,26.98,74.89,0.9110,2,2,-1
749,187,911.28,692.61,71.20,125.54,0.9407,2,1,-1
749,188,1442.74,375.83,30.88,69.72,0.8956,2,1,-1
749,194,1250.68,514.72,14.05,37.92,0.7954,2,2,-1
749,195,1232.63,604.59,37.22,106.97,0.9286,2,2,-1
749,196,1253.70,465.86,19.09,44.25,0.8611,2,2,-1
749,201,1639.69,377.72,31.34,55.02,0.8915,2,-1,-1
749,210,929.76,450.36,28.50,81.72,0.9181,2,1,-1
749,211,358.79,386.36,33.73,76.08,0.8937,2,2,-1
749,212,155.27,407.42,31.87,81.03,0.9095,2,1,-1
749,213,120.04,503.05,39.43,95.20,0.9222,2,2,-1
749,214,494.32,350.76,30.84,66.91,0.8856,2,2,-1
749,215,45.84,387.01,44.93,77.18,0.9230,2,1,-1
750,4,584.01,455.74,39.43,87.34,0.9154,3,0,-1
750,66,892.90,414.53,27.89,76.33,0.9212,2,2,-1
750,180,1070.74,373.25,25.62,74.38,0.9051,2,2,-1
750,187,910.78,691.54,69.30,125.51,0.9397,2,1,-1
750,188,1439.62,376.72,26.37,68.41,0.8904,2,1,-1
750,194,1250.36,517.74,13.84,35.04,0.6515,2,2,-1
750,195,1233.39,606.42,36.84,106.15,0.9237,2,2,-1
750,196,1248.58,466.54,22.05,43.43,0.8359,2,2,-1
750,201,1635.47,357.18,39.74,76.44,0.9182,2,-1,-1
750,210,929.03,449.52,27.54,83.26,0.9234,2,1,-1
750,211,359.84,386.52,35.08,75.59,0.8908,2,2,-1
750,212,157.39,406.93,30.86,81.87,0.9068,2,1,-1
750,213,121.70,504.20,39.96,94.12,0.9221,2,2,-1
750,214,495.21,349.77,31.04,67.42,0.8839,2,2,-1
750,215,50.51,385.85,41.00,75.56,0.9128,2,1,-1
