3,1,716.17,526.30,72.39,118.07,0.9294,2,-1,-1
3,2,1335.95,657.85,75.41,151.18,0.9399,2,-1,-1
3,3,1404.48,455.78,47.48,103.26,0.9299,2,-1,-1
3,4,120.12,563.21,48.82,121.06,0.9111,2,-1,-1
3,5,228.05,425.60,45.02,95.13,0.9292,2,-1,-1
3,6,1127.46,438.22,45.25,98.68,0.9236,2,-1,-1
3,7,4.44,579.92,46.97,80.46,0.8951,2,-1,-1
3,8,1234.64,482.44,36.62,111.08,0.9225,2,-1,-1
3,9,941.62,473.95,39.29,105.81,0.9277,2,-1,-1
3,10,1870.36,570.04,36.75,126.92,0.9121,2,-1,-1
3,11,680.12,436.56,54.08,92.44,0.9225,2,-1,-1
3,12,1664.38,507.07,36.77,120.77,0.9225,2,-1,-1
3,13,1137.14,520.82,67.51,126.35,0.9098,2,-1,-1
3,14,1085.49,427.42,30.35,94.88,0.9173,2,-1,-1
3,15,1525.21,495.59,49.67,122.99,0.8758,2,-1,-1
3,16,448.95,612.54,83.67,146.85,0.9362,2,-1,-1
3,18,839.89,823.61,80.55,95.20,0.8606,2,-1,-1
3,21,654.43,519.93,36.99,120.31,0.9298,2,-1,-1
4,1,711.98,526.63,65.55,118.19,0.9231,2,-1,-1
4,2,1332.59,657.97,76.92,151.84,0.9332,2,-1,-1
4,3,1402.49,455.94,47.46,103.63,0.9274,2,-1,-1
4,4,124.80,558.70,46.15,126.40,0.9268,2,-1,-1
4,5,224.37,426.13,46.58,96.38,0.9315,2,-1,-1
4,6,1129.29,438.32,41.78,98.84,0.9231,2,-1,-1
4,7,1.35,556.71,51.43,104.81,0.9122,2,-1,-1
4,8,1234.93,481.98,35.40,112.54,0.9156,2,-1,-1
4,9,942.44,473.91,36.31,105.23,0.9175,2,-1,-1
4,10,1868.18,570.68,35.68,126.72,0.9198,2,-1,-1
4,11,681.67,436.84,50.75,92.95,0.9219,2,-1,-1
4,12,1661.50,506.82,36.30,120.47,0.9239,2,-1,-1
4,13,1135.34,534.15,65.42,114.06,0.9164,2,-1,-1
4,14,1082.97,427.54,29.92,95.34,0.9129,2,-1,-1
4,15,1525.75,498.81,42.76,120.45,0.8802,2,-1,-1
4,16,450.18,613.95,84.29,145.82,0.9386,2,-1,-1
4,18,839.21,825.40,79.48,94.77,0.6900,2,-1,-1
4,21,651.73,520.29,35.77,120.74,0.9160,2,-1,-1
5,1,713.96,527.36,57.51,118.28,0.9052,2,-1,-1
5,2,1331.69,659.95,75.40,151.04,0.9279,2,-1,-1
5,3,1401.88,456.80,46.70,102.69,0.9265,2,-1,-1
5,4,124.13,560.26,48.47,127.24,0.9333,2,-1,-1
5,5,223.79,426.86,44.59,95.53,0.9331,2,-1,-1
5,6,1129.27,439.07,39.22,98.65,0.9074,2,-1,-1
5,7,6.13,561.14,43.79,100.38,0.8960,2,-1,-1
5,8,1234.76,483.24,34.50,112.59,0.9245,2,-1,-1
5,9,943.12,474.24,33.03,105.17,0.9166,2,-1,-1
5,10,1866.83,571.16,34.46,126.57,0.9124,2,-1,-1
5,11,683.07,437.47,44.86,93.25,0.9193,2,-1,-1
5,12,1658.69,507.69,36.57,120.37,0.9184,2,-1,-1
5,13,1132.07,533.32,68.43,115.97,0.9284,2,-1,-1
5,14,1080.87,428.09,30.24,95.10,0.9120,2,-1,-1
5,15,1524.22,505.92,39.41,114.15,0.8725,2,-1,-1
5,16,454.48,615.58,78.12,144.78,0.9277,2,-1,-1
5,18,806.00,829.49,138.59,174.84,0.5119,2,-1,-1
5,21,649.45,521.36,33.76,120.26,0.9133,2,-1,-1
5,22,758.12,524.42,22.69,44.96,0.7448,2,-1,-1
6,1,718.25,528.18,53.03,119.24,0.9047,2,-1,-1
6,2,1332.19,663.09,72.64,148.77,0.9297,2,-1,-1
6,3,1402.25,457.53,45.39,103.38,0.9251,2,-1,-1
6,4,120.83,562.14,54.01,127.00,0.9287,2,-1,-1
6,5,223.71,428.15,41.42,95.18,0.9301,2,-1,-1
6,6,1128.51,439.69,38.88,98.96,0.8941,2,-1,-1
6,7,13.55,590.87,31.94,70.20,0.8697,2,-1,-1
6,8,1233.87,484.85,34.56,112.87,0.9264,2,-1,-1
6,9,943.22,475.13,30.29,105.50,0.9163,2,-1,-1
6,10,1864.00,571.96,33.33,127.29,0.9136,2,-1,-1
6,11,683.69,437.89,39.97,93.01,0.9194,2,-1,-1
6,12,1654.67,508.91,36.90,120.11,0.9219,2,-1,-1
6,13,1132.48,547.66,65.96,103.53,0.9149,2,-1,-1
6,14,1078.93,429.50,30.49,94.31,0.9017,2,-1,-1
6,15,1519.22,498.26,41.29,123.21,0.8914,2,-1,-1
6,16,455.26,618.08,77.34,143.36,0.9054,2,-1,-1
6,18,813.84,824.72,117.34,195.99,0.8007,2,-1,-1
6,21,647.05,522.11,32.12,120.30,0.9156,2,-1,-1
6,22,761.74,525.96,20.07,43.30,0.8294,2,-1,-1
6,23,536.61,525.19,51.55,70.75,0.7107,2,-1,-1
7,1,721.26,528.96,49.51,119.61,0.8946,2,-1,-1
7,2,1331.27,664.58,70.76,148.07,0.9314,2,-1,-1
7,3,1402.13,458.45,44.71,103.76,0.9187,2,-1,-1
7,4,117.85,563.04,60.09,127.63,0.9275,2,-1,-1
7,5,225.69,428.41,37.43,93.91,0.9248,2,-1,-1
7,6,1125.88,440.51,40.52,99.78,0.9025,2,-1,-1
7,7,16.39,592.57,31.26,69.79,0.7867,2,-1,-1
7,8,1231.41,486.63,35.92,113.53,0.9250,2,-1,-1
7,9,943.78,475.49,29.03,105.75,0.9131,2,-1,-1
7,10,1861.24,572.42,33.37,128.05,0.9115,2,-1,-1
7,11,682.88,438.36,37.58,93.79,0.9170,2,-1,-1
7,12,1651.00,509.97,37.05,119.32,0.9277,2,-1,-1
7,13,1133.87,555.95,62.68,96.22,0.8962,2,-1,-1
7,14,1075.93,430.82,31.73,94.01,0.9053,2,-1,-1
7,15,1516.73,497.42,40.71,124.62,0.9268,2,-1,-1
7,16,456.08,618.36,78.67,144.06,0.8820,2,-1,-1
7,18,818.55,832.86,98.44,188.18,0.7373,2,-1,-1
7,21,644.01,523.11,31.16,120.62,0.9113,2,-1,-1
7,22,761.52,527.24,20.29,43.92,0.6000,2,-1,-1
8,1,722.88,529.98,44.98,118.96,0.8998,2,2,-1
8,2,1336.44,665.01,63.36,148.20,0.9360,2,2,-1
8,3,1400.98,458.98,43.41,103.32,0.9228,2,2,-1
8,4,114.51,564.85,63.52,127.28,0.9305,2,2,-1
8,5,227.06,428.35,32.64,94.31,0.9177,2,1,-1
8,6,1122.37,442.36,41.62,98.99,0.9073,2,2,-1
8,7,12.94,565.67,39.08,97.45,0.8532,2,1,-1
8,8,1227.96,489.04,37.92,111.55,0.9258,2,2,-1
8,9,943.33,476.21,29.79,105.24,0.9155,2,2,-1
8,10,1857.13,572.92,34.43,128.72,0.9053,2,2,-1
8,11,682.05,438.99,38.53,93.96,0.9190,2,2,-1
8,12,1646.62,509.76,38.19,120.63,0.9242,2,2,-1
8,13,1137.50,572.32,55.35,79.57,0.9054,2,1,-1
8,14,1072.47,431.33,33.76,95.12,0.9060,2,1,-1
8,15,1517.60,526.08,34.35,96.35,0.8694,2,1,-1
8,16,461.47,671.38,49.77,90.06,0.5018,2,1,-1
8,21,641.66,523.16,30.24,121.60,0.8951,2,-1,-1
8,22,758.73,527.93,22.70,48.06,0.6353,2,-1,-1
8,23,529.01,526.57,51.99,71.45,0.5769,2,-1,-1
8,24,759.60,566.26,23.79,68.12,0.8460,2,-1,-1
9,1,723.82,531.38,42.84,117.18,0.8982,2,2,-1
9,2,1347.20,665.55,52.22,148.33,0.9295,2,2,-1
9,3,1402.04,460.00,41.81,103.11,0.9192,2,2,-1
9,4,112.94,566.57,65.87,126.37,0.9361,2,2,-1
9,5,229.17,434.14,28.74,89.28,0.8684,2,1,-1
9,6,1119.79,442.63,43.37,99.74,0.9155,2,2,-1
9,7,13.34,566.69,40.93,98.02,0.8498,2,1,-1
9,8,1225.59,491.29,39.10,111.32,0.9241,2,2,-1
9,9,942.51,477.29,32.46,105.49,0.9186,2,2,-1
9,10,1855.23,573.36,33.98,128.61,0.9030,2,2,-1
9,11,680.35,439.84,39.92,94.48,0.9242,2,2,-1
9,12,1642.77,510.23,38.54,121.13,0.9216,2,2,-1
9,13,1139.30,568.19,53.81,85.00,0.8556,2,1,-1
9,14,1068.69,432.06,34.78,95.10,0.9087,2,1,-1
9,15,1511.13,506.93,40.70,116.06,0.8882,2,1,-1
9,16,466.49,686.12,45.29,75.49,0.7492,2,1,-1
9,21,639.26,523.95,29.78,121.30,0.9252,2,-1,-1
9,23,526.65,528.11,50.51,70.11,0.7178,2,-1,-1
10,1,724.66,532.29,40.45,115.49,0.8771,2,2,-1
10,2,1353.64,666.16,44.79,147.76,0.9217,2,2,-1
10,3,1402.62,460.92,38.81,102.42,0.9170,2,2,-1
10,4,112.11,568.34,66.59,126.35,0.9412,2,2,-1
10,5,229.25,435.28,27.68,88.83,0.8651,2,1,-1
10,6,1115.51,443.89,45.97,98.95,0.9114,2,2,-1
10,7,8.85,539.34,52.74,128.40,0.9268,2,1,-1
10,8,1221.99,492.34,41.39,112.11,0.9253,2,2,-1
10,9,940.16,477.99,36.40,106.58,0.9214,2,2,-1
10,10,1851.39,574.15,34.16,128.55,0.9067,2,2,-1
10,11,678.95,440.88,40.89,94.59,0.9276,2,2,-1
10,12,1639.82,510.01,38.18,121.08,0.9249,2,2,-1
10,13,1150.96,589.87,39.06,63.81,0.7277,2,1,-1
10,14,1066.33,433.13,36.26,94.51,0.9116,2,1,-1
10,15,1508.49,532.09,35.85,91.21,0.8342,2,1,-1
10,16,463.81,660.55,54.02,102.16,0.8742,2,1,-1
10,21,636.95,525.30,28.86,121.13,0.9024,2,-1,-1
10,23,523.60,528.22,54.54,70.96,0.9036,2,1,-1
10,26,511.39,621.04,47.06,61.46,0.7111,2,-1,-1
11,1,724.39,533.57,38.56,117.38,0.8724,2,2,-1
11,2,1356.07,667.20,41.01,147.71,0.9172,2,2,-1
11,3,1403.36,461.62,36.66,103.04,0.9133,2,2,-1
11,4,111.26,569.55,66.25,126.17,0.9412,2,2,-1
11,5,228.09,429.67,29.72,95.30,0.8934,2,1,-1
11,6,1112.32,444.67,46.22,97.27,0.9101,2,2,-1
11,7,8.08,549.81,53.53,118.54,0.9120,2,1,-1
11,8,1218.99,494.21,43.54,111.59,0.9193,2,2,-1
11,9,937.46,478.32,38.74,106.29,0.9190,2,2,-1
11,10,1848.23,574.59,34.39,128.69,0.9002,2,2,-1
11,11,676.54,441.34,40.28,95.44,0.9338,2,2,-1
11,12,1635.36,510.59,38.61,121.73,0.9154,2,2,-1
11,13,1155.90,591.78,34.02,61.60,0.8646,2,1,-1
11,14,1062.14,433.53,37.06,94.27,0.9081,2,1,-1
11,15,1501.09,508.91,44.74,115.13,0.7861,2,1,-1
11,16,474.48,625.15,41.88,81.49,0.5498,2,1,-1
11,18,820.72,831.90,81.06,185.79,0.6778,2,1,-1
11,21,632.79,526.27,29.01,120.71,0.9101,2,-1,-1
11,23,520.22,528.59,55.11,71.42,0.8780,2,1,-1
11,26,491.75,618.87,80.98,130.98,0.8744,2,-1,-1
12,1,722.50,535.15,39.64,117.26,0.8943,2,2,-1
12,2,1356.76,668.08,40.67,147.74,0.8836,2,2,-1
12,3,1400.35,462.30,37.92,103.87,0.9227,2,2,-1
12,4,110.90,570.87,65.18,126.56,0.9426,2,2,-1
12,5,227.09,433.94,29.30,91.46,0.8733,2,1,-1
12,6,1109.10,445.22,46.76,95.79,0.9158,2,2,-1
12,7,3.84,554.17,58.68,114.54,0.9083,2,1,-1
12,8,1215.57,494.99,45.99,112.06,0.9225,2,2,-1
12,9,933.49,479.22,40.35,106.17,0.9187,2,2,-1
12,10,1841.97,575.61,36.35,128.19,0.9041,2,2,-1
12,11,674.56,442.41,38.42,94.23,0.9254,2,2,-1
12,12,1631.80,509.70,38.54,123.49,0.9087,2,2,-1
12,13,1157.28,589.12,34.98,66.14,0.7793,2,1,-1
12,14,1058.26,433.88,37.73,93.74,0.9109,2,1,-1
12,15,1495.56,505.52,45.85,119.42,0.8866,2,1,-1
12,18,827.01,843.58,71.72,177.26,0.6348,2,1,-1
12,21,629.51,526.92,28.34,121.10,0.9039,2,-1,-1
12,22,755.40,529.60,28.21,58.07,0.7589,2,-1,-1
12,23,516.15,528.83,55.78,72.43,0.8181,2,1,-1
12,26,491.74,618.28,76.55,137.65,0.8949,2,-1,-1
13,1,721.30,536.02,40.13,118.06,0.8994,2,2,-1
13,2,1358.43,668.39,44.76,149.05,0.8943,2,2,-1
13,3,1396.65,463.17,41.75,104.65,0.9349,2,2,-1
13,4,111.23,572.36,63.51,126.13,0.9465,2,2,-1
13,5,224.90,434.52,31.40,92.98,0.8814,2,1,-1
13,6,1106.34,446.37,47.80,93.59,0.9153,2,2,-1
13,7,1.90,560.92,61.41,108.83,0.8989,2,1,-1
13,8,1213.64,495.96,47.48,112.82,0.9253,2,2,-1
13,9,930.14,479.45,41.61,107.39,0.9283,2,2,-1
13,10,1840.83,576.32,35.70,127.87,0.9001,2,2,-1
13,11,672.13,443.69,37.00,94.72,0.9237,2,2,-1
13,12,1630.26,510.63,36.81,122.30,0.9068,2,2,-1
13,14,1055.03,434.93,37.73,93.46,0.9125,2,1,-1
13,15,1492.33,513.26,45.49,112.09,0.8802,2,1,-1
13,18,833.59,844.87,58.77,177.69,0.8930,2,1,-1
13,21,626.55,528.53,28.73,120.47,0.9172,2,-1,-1
13,22,755.00,531.05,30.36,61.09,0.7029,2,-1,-1
13,23,512.09,529.67,55.09,72.99,0.8321,2,1,-1
13,26,496.42,619.20,72.89,137.36,0.8740,2,1,-1
14,1,719.52,536.88,41.63,118.12,0.9099,2,2,-1
14,2,1353.06,668.49,56.63,151.26,0.9304,2,2,-1
14,3,1392.97,464.19,45.30,104.38,0.9331,2,2,-1
14,4,113.26,572.86,57.94,127.59,0.9454,2,2,-1
14,5,222.78,432.46,34.02,95.99,0.9174,2,1,-1
14,6,1102.99,446.43,48.40,94.95,0.9241,2,2,-1
14,7,-0.85,551.36,66.63,119.53,0.8073,2,1,-1
14,8,1212.19,497.07,48.10,112.34,0.9261,2,2,-1
14,9,926.79,480.39,41.75,107.66,0.9204,2,2,-1
14,10,1836.14,577.65,36.44,126.55,0.9071,2,2,-1
14,11,670.33,444.76,34.73,94.65,0.9221,2,2,-1
14,12,1627.36,511.18,36.59,122.75,0.9116,2,2,-1
14,14,1051.49,435.55,37.87,93.30,0.9212,2,1,-1
14,15,1487.01,501.08,49.25,125.50,0.9312,2,1,-1
14,18,833.90,857.61,62.67,167.46,0.9332,2,1,-1
14,21,623.09,529.22,29.22,119.84,0.8965,2,-1,-1
14,23,509.19,530.89,53.55,73.19,0.8201,2,1,-1
14,26,495.89,622.22,72.78,135.84,0.9152,2,1,-1
15,1,718.04,539.06,42.10,116.39,0.9225,2,2,-1
15,2,1349.61,668.83,64.83,154.00,0.9323,2,2,-1
15,3,1389.33,464.95,47.98,103.84,0.9347,2,2,-1
15,4,116.47,573.88,51.17,127.58,0.9437,2,2,-1
15,5,219.52,434.14,36.41,95.36,0.9234,2,1,-1
15,6,1101.24,446.13,48.45,96.33,0.9174,2,2,-1
15,7,2.01,570.82,59.61,101.28,0.8311,2,1,-1
15,8,1210.86,497.19,48.51,113.32,0.9338,2,2,-1
15,9,922.90,481.58,42.49,107.03,0.9218,2,2,-1
15,10,1831.16,578.13,39.18,127.48,0.9139,2,2,-1
15,11,668.29,445.75,34.01,93.76,0.9193,2,2,-1
15,12,1623.52,511.53,37.45,122.79,0.9104,2,2,-1
15,14,1048.34,435.48,37.77,93.47,0.9109,2,1,-1
15,15,1483.25,504.60,48.01,121.96,0.8620,2,1,-1
15,18,834.11,906.56,56.85,120.01,0.9121,2,1,-1
15,21,619.70,530.12,29.45,120.22,0.9070,2,-1,-1
15,23,506.31,530.80,54.68,74.42,0.7813,2,1,-1
15,26,510.86,624.41,61.53,131.48,0.9189,2,1,-1
16,1,715.81,539.82,43.31,117.54,0.9233,2,2,-1
16,2,1344.80,668.61,71.77,155.77,0.9281,2,2,-1
16,3,1384.40,465.96,49.76,104.32,0.9358,2,2,-1
16,4,118.86,574.67,44.55,127.99,0.9386,2,2,-1
16,5,216.29,434.75,38.22,95.59,0.9204,2,1,-1
16,6,1098.20,446.11,48.42,97.54,0.9238,2,2,-1
16,7,-1.98,539.63,67.85,134.33,0.9105,2,1,-1
16,8,1210.72,497.86,46.39,113.44,0.9298,2,2,-1
16,9,920.16,481.86,42.48,107.60,0.9221,2,2,-1
16,10,1828.52,578.87,38.15,127.08,0.9220,2,2,-1
16,11,665.47,446.51,34.18,93.92,0.9237,2,2,-1
16,12,1619.29,511.09,37.82,124.29,0.9067,2,2,-1
16,14,1045.00,435.09,37.45,93.62,0.9099,2,1,-1
16,15,1478.00,501.69,50.81,126.65,0.9199,2,1,-1
16,18,828.99,902.93,61.31,123.79,0.8941,2,1,-1
16,21,616.18,530.79,29.27,119.74,0.6981,3,-1,-1
16,23,500.78,531.40,53.93,74.54,0.7525,2,1,-1
16,26,529.07,653.25,43.90,101.46,0.8191,2,1,-1
16,30,1147.83,557.55,66.05,102.85,0.9008,2,-1,-1
17,2,1341.45,670.00,72.27,155.07,0.9430,2,2,-1
17,3,1380.73,466.87,50.21,103.82,0.9310,2,2,-1
17,4,120.24,575.46,41.75,127.71,0.9269,2,2,-1
17,5,214.28,438.66,36.92,92.62,0.9014,2,1,-1
17,6,1096.08,445.96,47.53,97.78,0.9194,2,2,-1
17,7,1.73,572.69,54.23,101.78,0.8569,2,1,-1
17,8,1211.95,498.44,43.34,112.73,0.9202,2,2,-1
17,9,918.08,483.55,40.74,106.61,0.9142,2,2,-1
17,10,1828.83,579.89,35.30,127.48,0.9255,2,2,-1
17,11,661.94,447.03,34.75,93.28,0.9184,2,2,-1
17,12,1617.12,511.83,37.13,123.45,0.9071,2,2,-1
17,14,1041.65,435.80,36.99,93.49,0.9187,2,1,-1
17,15,1474.05,501.49,52.64,127.15,0.9204,2,1,-1
17,16,469.73,625.68,42.51,73.05,0.8191,2,1,-1
17,18,827.00,921.47,58.62,106.44,0.8938,2,1,-1
17,21,612.92,531.23,30.08,120.63,0.9177,2,-1,-1
17,23,499.61,532.33,56.43,74.03,0.8663,2,1,-1
17,24,740.42,538.07,51.22,110.27,0.9074,2,-1,-1
17,26,529.66,629.98,47.10,126.60,0.9060,2,1,-1
17,30,1142.83,552.38,69.92,108.66,0.9129,2,-1,-1
18,2,1339.19,672.79,70.88,152.31,0.9429,2,2,-1
18,3,1376.98,467.69,49.84,103.54,0.9297,2,2,-1
18,4,120.35,575.85,41.04,127.62,0.8804,2,2,-1
18,5,212.37,436.19,37.18,95.94,0.9123,2,1,-1
18,6,1094.73,446.87,46.31,96.97,0.9184,2,2,-1
18,7,-2.27,547.19,60.59,128.47,0.8942,2,1,-1
18,8,1212.29,499.69,41.12,113.56,0.9190,2,2,-1
18,9,912.54,485.06,41.79,105.89,0.9160,2,2,-1
18,10,1825.81,581.38,34.36,125.61,0.9175,2,2,-1
18,11,657.09,447.53,37.39,93.13,0.9213,2,2,-1
18,12,1612.82,512.29,36.90,123.87,0.9021,2,2,-1
18,14,1038.95,435.98,35.88,94.44,0.9207,2,1,-1
18,15,1470.76,501.43,52.99,127.80,0.9332,2,1,-1
18,16,464.76,626.10,75.68,144.86,0.9207,2,1,-1
18,18,821.37,905.08,65.70,123.92,0.8854,2,1,-1
18,21,609.21,531.28,31.22,118.96,0.9200,2,-1,-1
18,23,496.73,532.58,59.17,74.80,0.8442,2,1,-1
18,24,739.78,540.04,51.77,110.02,0.9089,2,-1,-1
18,26,531.11,629.13,48.65,127.22,0.9137,2,1,-1
18,30,1140.62,554.80,70.11,107.20,0.9267,2,-1,-1
19,1,715.10,540.72,44.86,118.10,0.8893,2,2,-1
19,2,1336.48,676.37,70.37,149.30,0.9285,2,2,-1
19,3,1373.71,468.87,50.13,103.08,0.9343,2,2,-1
19,4,118.51,577.45,40.17,128.67,0.8098,2,2,-1
19,5,211.85,436.53,34.42,94.48,0.9075,2,1,-1
19,6,1093.19,447.32,44.64,96.73,0.9184,2,2,-1
19,7,-1.47,546.63,52.41,128.98,0.9227,2,1,-1
19,8,1210.98,501.25,39.36,113.67,0.9232,2,2,-1
19,9,911.11,485.89,40.54,105.58,0.9150,2,2,-1
19,10,1823.51,581.76,33.80,125.11,0.9216,2,2,-1
19,11,654.69,448.12,37.87,92.81,0.9256,2,2,-1
19,12,1605.66,511.58,39.63,124.71,0.8946,2,2,-1
19,14,1035.44,436.21,35.82,94.53,0.9160,2,1,-1
19,15,1468.85,502.98,50.77,127.09,0.9060,2,1,-1
19,16,463.09,626.45,75.23,144.73,0.9309,2,1,-1
19,18,817.66,885.96,67.33,143.41,0.8885,2,1,-1
19,21,605.80,531.15,32.92,119.07,0.9299,2,-1,-1
19,23,490.95,532.87,59.82,75.18,0.7893,2,1,-1
19,26,532.18,627.66,53.99,127.11,0.9187,2,1,-1
19,30,1140.77,557.76,68.06,105.75,0.9199,2,1,-1
20,1,715.17,541.18,46.72,119.22,0.8960,2,2,-1
20,2,1335.62,677.78,67.26,148.80,0.9265,2,2,-1
20,3,1370.97,470.02,50.36,102.77,0.9266,2,2,-1
20,4,118.14,578.82,48.51,129.27,0.9183,2,2,-1
20,5,211.38,436.41,30.46,93.21,0.9095,2,1,-1
20,6,1092.26,448.50,42.91,95.58,0.9156,2,2,-1
20,7,-1.14,547.88,45.89,128.94,0.9209,2,1,-1
20,8,1209.36,502.46,40.06,113.82,0.9239,2,2,-1
20,9,906.14,486.25,41.35,105.83,0.9238,2,2,-1
20,10,1818.30,582.17,39.11,125.92,0.9360,2,2,-1
20,11,653.34,448.41,37.15,93.63,0.9237,2,2,-1
20,12,1599.61,512.86,42.08,124.59,0.9080,2,2,-1
20,14,1032.26,437.04,35.55,94.70,0.9231,2,1,-1
20,15,1467.72,502.29,49.44,127.85,0.9028,2,1,-1
20,16,462.35,626.43,74.90,145.60,0.9303,2,1,-1
20,18,818.12,896.60,61.31,134.27,0.9146,2,1,-1
20,21,602.34,531.77,33.82,118.04,0.9263,3,0,-1
20,22,754.33,541.58,35.19,57.58,0.8461,2,1,-1
20,23,488.17,535.73,58.39,72.72,0.7241,2,1,-1
20,26,529.68,626.76,61.75,130.48,0.9282,2,1,-1
20,30,1141.44,556.66,65.20,107.87,0.9015,2,1,-1
21,1,715.16,543.19,46.27,118.34,0.8999,2,2,-1
21,2,1337.57,679.49,61.28,147.81,0.9341,2,2,-1
21,3,1368.77,470.90,50.90,102.89,0.9237,2,2,-1
21,4,115.56,580.80,58.93,127.04,0.9409,2,2,-1
21,5,211.27,436.80,27.96,93.56,0.9065,2,1,-1
21,6,1090.88,449.87,41.74,94.77,0.9171,2,2,-1
21,7,-0.03,548.62,40.53,129.08,0.8955,2,1,-1
21,8,1207.72,504.33,43.58,113.68,0.9340,2,2,-1
21,9,904.10,486.91,39.89,106.07,0.9099,2,2,-1
21,10,1813.31,582.94,45.68,125.82,0.9296,2,2,-1
21,11,653.23,449.04,35.87,93.93,0.9262,2,2,-1
21,12,1595.52,513.67,42.62,123.96,0.9037,2,2,-1
21,14,1029.34,438.06,35.20,94.35,0.9275,2,1,-1
21,15,1467.87,502.08,48.14,128.54,0.8977,2,1,-1
21,16,462.83,625.13,74.02,146.73,0.9314,2,1,-1
21,18,819.25,928.13,54.22,104.20,0.9223,2,1,-1
21,21,598.51,531.73,35.00,118.62,0.9331,3,0,-1
21,22,751.70,541.87,36.71,61.20,0.6405,2,1,-1
21,23,481.59,537.33,54.76,71.55,0.7367,2,1,-1
21,26,529.81,626.40,67.84,132.28,0.9337,2,1,-1
21,30,1144.86,559.18,58.45,106.21,0.8892,2,1,-1
22,1,714.20,544.36,47.47,118.61,0.9167,2,2,-1
22,2,1341.31,679.40,55.95,147.98,0.9225,2,2,-1
22,3,1366.68,471.23,49.97,103.79,0.9220,2,2,-1
22,4,111.15,582.09,66.61,127.32,0.9341,2,2,-1
22,5,210.27,437.64,27.46,94.28,0.9189,2,1,-1
22,6,1089.87,450.79,40.78,94.59,0.9230,2,2,-1
22,7,2.85,549.46,36.45,129.48,0.9081,2,1,-1
22,8,1205.27,506.14,45.78,113.03,0.9340,2,2,-1
22,9,901.39,487.72,38.92,105.43,0.9104,2,2,-1
22,10,1808.54,583.75,50.47,125.94,0.9297,2,2,-1
22,11,653.16,450.04,34.29,93.22,0.9126,2,2,-1
22,12,1594.59,514.41,40.56,122.78,0.9102,2,2,-1
22,13,1154.88,587.39,41.05,77.56,0.8424,2,1,-1
22,14,1027.82,438.92,33.88,93.76,0.9207,2,1,-1
22,15,1469.35,547.81,32.25,82.64,0.7950,2,1,-1
22,16,466.12,625.27,68.52,145.23,0.9284,2,1,-1
22,18,815.60,919.67,57.29,115.84,0.9054,2,1,-1
22,21,594.09,532.08,37.38,118.49,0.9442,3,0,-1
22,23,480.84,535.25,58.34,75.77,0.8391,2,1,-1
22,26,531.56,626.20,74.77,132.57,0.9466,2,1,-1
23,1,712.49,545.87,48.76,117.84,0.9220,2,2,-1
23,2,1348.08,679.78,47.30,148.25,0.9174,2,2,-1
23,3,1364.17,471.50,49.42,103.77,0.9206,2,2,-1
23,4,106.57,583.51,65.78,126.28,0.9345,2,2,-1
23,5,208.75,438.63,27.71,94.27,0.9178,2,1,-1
23,6,1089.25,451.76,39.59,94.37,0.9219,2,2,-1
23,7,2.23,555.30,35.23,124.02,0.8430,2,1,-1
23,8,1201.52,507.81,45.13,112.66,0.9292,2,2,-1
23,9,900.99,488.34,35.92,105.33,0.9075,2,2,-1
23,10,1803.62,584.77,54.19,126.42,0.9241,2,2,-1
23,11,651.40,450.52,34.57,93.29,0.9105,2,2,-1
23,12,1596.20,514.77,37.15,121.94,0.9103,2,2,-1
23,13,1155.44,544.57,47.09,121.15,0.8462,2,1,-1
23,14,1025.25,439.76,33.27,93.40,0.9161,2,1,-1
23,15,1465.33,534.35,37.46,96.63,0.8623,2,1,-1
23,16,471.94,625.75,58.71,143.09,0.9368,2,1,-1
23,18,810.46,903.60,62.61,135.27,0.8067,2,1,-1
23,21,590.76,532.76,38.17,116.98,0.9371,3,0,-1
23,23,475.04,537.75,54.15,72.36,0.7823,2,1,-1
23,24,751.52,566.49,32.66,81.48,0.8195,2,-1,-1
23,26,533.45,627.96,75.54,130.21,0.9369,2,1,-1
24,1,708.45,546.53,53.18,117.71,0.9277,2,2,-1
24,2,1353.95,679.49,40.04,149.86,0.9138,2,2,-1
24,3,1365.66,471.59,44.97,103.34,0.9169,2,2,-1
24,4,102.69,584.93,71.21,126.01,0.9385,2,2,-1
24,5,206.79,439.44,29.32,92.80,0.9134,2,1,-1
24,6,1086.70,452.22,38.40,94.06,0.9266,2,2,-1
24,7,0.26,551.39,38.32,129.46,0.9193,2,1,-1
24,8,1197.52,509.55,46.07,112.48,0.9279,2,2,-1
24,9,899.04,488.74,33.89,105.19,0.9085,2,2,-1
24,10,1798.54,585.55,56.43,126.04,0.9312,2,2,-1
24,11,648.90,451.09,33.76,93.80,0.9150,2,2,-1
24,12,1595.75,516.26,35.18,121.11,0.8995,2,2,-1
24,13,1162.35,544.55,37.39,121.94,0.8846,2,1,-1
24,14,1022.92,440.52,32.65,93.09,0.9202,2,1,-1
24,15,1460.28,506.06,45.74,125.52,0.8315,2,1,-1
24,16,481.65,687.68,37.52,81.56,0.8237,2,1,-1
24,18,804.60,877.12,70.45,165.65,0.7449,2,1,-1
24,21,586.61,534.07,38.78,116.08,0.9365,3,0,-1
24,23,470.37,538.34,50.54,72.45,0.8290,2,1,-1
24,26,537.73,632.43,70.80,126.13,0.9288,2,1,-1
25,1,704.19,547.44,55.65,117.26,0.9299,2,2,-1
25,2,1353.83,679.87,37.44,149.90,0.9149,2,2,-1
25,3,1365.62,472.02,41.44,103.71,0.9168,2,2,-1
25,4,100.26,584.16,70.45,127.70,0.9355,2,2,-1
25,5,203.15,440.29,34.40,92.63,0.9215,2,1,-1
25,6,1082.73,452.01,38.66,94.08,0.9205,2,2,-1
25,7,1.59,550.48,40.79,130.83,0.8436,2,1,-1
25,8,1192.80,510.03,47.12,113.85,0.9269,2,2,-1
25,9,897.21,489.05,31.50,105.90,0.8947,2,2,-1
25,10,1793.20,586.33,59.26,125.68,0.9358,2,2,-1
25,11,646.12,451.75,32.96,93.35,0.9175,2,2,-1
25,12,1592.97,515.88,35.33,121.99,0.9095,2,2,-1
25,13,1163.16,547.52,34.81,118.33,0.8665,2,1,-1
25,14,1019.81,441.24,31.62,92.68,0.9134,2,1,-1
25,15,1456.20,511.94,41.59,119.60,0.7770,2,1,-1
25,16,477.66,626.04,48.46,143.10,0.9127,2,1,-1
25,18,817.67,854.15,47.32,95.23,0.7976,2,1,-1
25,21,581.85,534.92,40.24,114.35,0.9436,3,0,-1
25,23,466.29,536.81,50.51,74.35,0.8399,2,1,-1
25,26,545.46,641.17,63.35,117.43,0.8970,2,1,-1
26,1,698.64,549.05,57.89,116.20,0.9319,2,2,-1
26,2,1351.59,680.90,38.22,149.30,0.9255,2,2,-1
26,3,1364.03,471.87,38.14,103.70,0.9212,2,2,-1
26,4,100.98,584.55,65.69,128.02,0.9351,2,2,-1
26,5,199.58,440.77,39.11,93.57,0.9363,2,1,-1
26,6,1079.38,452.40,38.91,93.94,0.9188,2,2,-1
26,7,1.32,552.81,45.45,129.03,0.8999,2,1,-1
26,8,1188.69,510.46,46.97,113.30,0.9131,2,2,-1
26,9,894.37,489.43,29.03,105.64,0.9093,2,2,-1
26,10,1787.01,587.30,60.60,124.99,0.9243,2,2,-1
26,11,643.44,452.32,32.17,92.55,0.9048,2,2,-1
26,12,1588.36,516.53,37.03,121.56,0.9241,2,2,-1
26,13,1160.22,549.96,39.72,117.22,0.9051,2,1,-1
26,14,1016.52,441.60,30.88,92.35,0.9144,2,1,-1
26,15,1455.22,524.25,36.52,108.15,0.8694,2,1,-1
26,16,482.27,626.63,43.59,143.02,0.9207,2,1,-1
26,18,811.01,855.92,57.30,88.18,0.8840,2,1,-1
26,21,577.69,534.50,40.92,114.45,0.9344,3,0,-1
26,23,461.46,538.89,48.15,71.97,0.8488,2,1,-1
26,26,556.44,652.80,57.81,106.03,0.8553,2,1,-1
27,1,694.75,551.01,58.99,115.78,0.9347,2,2,-1
27,2,1348.45,682.89,43.09,146.44,0.8822,2,2,-1
27,3,1360.72,472.38,37.76,104.27,0.9231,2,2,-1
27,4,102.21,585.95,59.48,126.07,0.9208,2,2,-1
27,5,195.32,441.47,41.64,93.98,0.9301,2,1,-1
27,6,1077.60,451.37,38.09,94.68,0.9183,2,2,-1
27,7,0.51,554.36,48.98,128.94,0.9303,2,1,-1
27,8,1186.60,510.53,45.41,114.09,0.9081,2,2,-1
27,9,892.24,489.71,27.03,105.68,0.9045,2,2,-1
27,10,1781.63,587.74,60.52,124.89,0.9350,2,2,-1
27,11,640.93,453.10,31.24,92.84,0.9125,2,2,-1
27,12,1584.11,517.27,37.82,122.02,0.9116,2,2,-1
27,14,1013.18,441.66,30.67,92.66,0.9203,2,1,-1
27,15,1453.76,552.42,28.94,79.76,0.8096,2,1,-1
27,16,482.08,627.97,43.41,141.52,0.9229,2,1,-1
27,21,573.89,535.14,41.63,117.74,0.9315,3,0,-1
27,23,457.63,541.19,47.77,70.98,0.8696,2,1,-1
27,26,565.32,639.77,56.85,119.92,0.8653,2,1,-1
27,0,529.20,580.11,14.14,13.93,1.0,0,-1,-1
28,1,690.58,552.02,61.33,115.40,0.9393,2,2,-1
28,2,1342.42,679.34,54.33,150.60,0.9212,2,2,-1
28,3,1357.21,473.67,37.72,103.00,0.9155,2,2,-1
28,4,106.21,615.24,48.73,97.35,0.9104,2,2,-1
28,5,190.68,442.07,42.24,93.26,0.9314,2,1,-1
28,6,1076.24,450.34,35.94,95.76,0.9245,2,2,-1
28,7,0.11,554.43,49.75,129.99,0.9049,2,1,-1
28,9,889.02,490.51,25.62,105.20,0.8981,2,2,-1
28,10,1775.58,588.53,61.31,124.28,0.9348,2,2,-1
28,11,638.39,453.32,30.55,93.19,0.9134,2,2,-1
28,12,1578.93,517.98,38.98,121.97,0.9213,2,2,-1
28,14,1008.64,442.39,30.50,91.66,0.9126,2,1,-1
28,15,1447.29,543.69,34.39,88.78,0.8548,2,1,-1
28,16,479.58,629.10,46.61,141.40,0.9185,2,1,-1
28,21,569.89,536.14,42.60,117.46,0.9376,3,0,-1
28,23,452.36,541.89,48.89,70.47,0.9009,2,1,-1
28,26,568.23,631.36,53.73,126.60,0.8972,2,1,-1
28,30,1148.96,546.98,64.62,121.98,0.9048,2,1,-1
28,0,529.70,579.63,14.89,16.18,1.0,0,-1,-1
29,1,689.11,552.31,60.89,114.96,0.9358,2,2,-1
29,2,1336.88,679.76,63.17,151.40,0.9320,2,2,-1
29,3,1352.88,472.07,37.54,105.17,0.9192,2,2,-1
29,4,111.32,643.12,37.98,70.19,0.8974,2,2,-1
29,5,186.72,442.29,42.20,92.83,0.9280,2,1,-1
29,6,1073.33,450.71,35.27,95.30,0.9227,2,2,-1
29,7,-0.24,556.68,47.10,125.16,0.9049,2,1,-1
29,8,1189.57,511.13,37.34,113.96,0.9178,2,2,-1
29,9,885.33,490.98,24.88,105.93,0.9011,2,2,-1
29,10,1770.64,589.59,60.68,123.34,0.9334,2,2,-1
29,11,634.81,454.73,29.82,92.13,0.9048,2,2,-1
29,12,1573.68,518.05,39.47,122.01,0.9187,2,2,-1
29,14,1004.08,442.19,31.49,92.04,0.9092,2,1,-1
29,15,1442.49,548.75,35.83,84.30,0.8680,2,1,-1
29,16,477.37,630.82,52.01,140.54,0.8748,2,1,-1
29,21,566.33,536.15,42.87,117.64,0.9397,3,0,-1
29,23,448.28,541.12,49.68,71.89,0.8944,2,1,-1
29,26,567.19,629.53,58.96,130.78,0.9225,2,1,-1
29,0,530.65,580.30,15.86,15.63,1.0,0,-1,-1
30,1,689.98,552.29,57.83,114.74,0.9327,2,2,-1
30,2,1330.47,680.42,69.42,150.66,0.9411,2,2,-1
30,3,1347.45,473.43,40.16,104.57,0.9243,2,2,-1
30,4,107.40,590.92,46.29,122.95,0.9136,2,2,-1
30,5,184.96,442.44,39.85,93.85,0.9327,2,1,-1
30,6,1069.35,450.44,35.59,95.74,0.9194,2,2,-1
30,7,-1.16,557.45,42.39,124.30,0.9084,2,1,-1
30,9,881.16,491.09,24.96,106.02,0.8947,2,2,-1
30,10,1766.39,589.81,59.74,123.19,0.9271,2,2,-1
30,11,631.08,455.47,29.66,91.88,0.9136,2,2,-1
30,12,1568.09,518.56,40.13,122.04,0.9185,2,2,-1
30,14,1000.43,442.13,30.98,92.16,0.9156,2,1,-1
30,15,1441.16,562.21,33.40,70.66,0.8731,2,1,-1
30,16,473.16,631.76,62.81,140.50,0.8915,2,1,-1
30,18,794.64,863.70,57.83,78.69,0.7053,2,1,-1
30,21,562.46,536.99,43.87,117.43,0.9331,3,0,-1
30,23,444.33,544.32,49.07,69.19,0.9103,2,1,-1
30,26,564.85,629.88,66.25,131.23,0.9335,2,1,-1
30,30,1140.57,550.18,69.78,119.72,0.9292,2,1,-1
30,0,531.17,582.07,16.62,17.02,1.0,0,-1,-1
31,1,692.32,551.81,53.61,114.78,0.9189,2,2,-1
31,2,1324.38,680.68,72.08,150.94,0.9303,2,2,-1
31,3,1343.49,475.71,40.12,102.54,0.9192,2,2,-1
31,4,108.49,587.30,43.91,128.16,0.9208,2,2,-1
31,5,183.84,442.15,36.70,94.09,0.9270,2,1,-1
31,6,1064.94,450.83,36.34,95.42,0.9218,2,2,-1
31,7,-1.56,558.13,38.86,124.53,0.8840,2,1,-1
31,9,877.10,491.44,24.88,105.80,0.8996,2,2,-1
31,10,1761.63,590.10,59.35,122.59,0.9294,2,2,-1
31,11,624.96,456.13,31.25,91.83,0.9146,2,2,-1
31,12,1562.60,519.21,39.54,121.57,0.9202,2,2,-1
31,14,996.30,442.15,30.62,92.35,0.9149,2,1,-1
31,15,1433.74,563.53,35.74,70.08,0.8750,2,1,-1
31,16,466.72,631.63,71.33,142.34,0.9215,2,1,-1
31,21,558.22,537.12,44.92,118.16,0.9366,3,0,-1
31,23,439.70,543.28,48.33,70.15,0.9024,2,1,-1
31,26,562.60,623.60,73.63,136.73,0.9190,2,1,-1
31,30,1136.21,551.03,70.13,119.38,0.9318,2,1,-1
31,0,532.40,585.20,16.31,16.30,1.0,0,-1,-1
32,1,693.92,551.48,48.56,116.02,0.9267,2,2,-1
32,2,1318.77,681.27,71.62,150.02,0.9286,2,2,-1
32,3,1338.07,476.46,40.44,102.44,0.9188,2,2,-1
32,4,106.19,588.57,47.60,127.99,0.9314,2,2,-1
32,5,183.35,442.09,31.91,93.31,0.9124,2,1,-1
32,6,1058.86,451.52,37.94,95.94,0.9109,2,2,-1
32,7,-1.70,559.12,34.33,124.22,0.8821,2,1,-1
32,9,871.71,491.86,25.93,106.36,0.9067,2,2,-1
32,10,1758.33,589.22,57.66,123.42,0.9333,2,2,-1
32,11,620.03,456.93,32.12,91.29,0.9195,2,2,-1
32,12,1555.44,519.89,40.22,120.83,0.9237,2,2,-1
32,14,991.80,442.67,30.20,92.23,0.9118,2,1,-1
32,15,1428.18,567.90,36.00,65.88,0.8597,2,1,-1
32,16,461.35,631.30,74.93,141.96,0.9306,2,1,-1
32,21,553.93,536.97,45.29,118.02,0.9317,3,0,-1
32,23,436.70,545.21,47.61,68.29,0.8890,2,1,-1
32,24,733.11,551.83,46.54,108.50,0.8955,2,-1,-1
32,26,562.23,622.42,77.24,137.87,0.9192,2,1,-1
32,30,1134.41,556.24,67.03,114.87,0.9178,2,1,-1
32,38,1425.00,509.45,35.20,61.82,0.5909,2,-1,-1
32,0,532.22,588.19,16.12,15.91,1.0,0,-1,-1
33,1,694.20,550.06,45.15,117.60,0.9213,2,2,-1
33,2,1312.06,681.36,72.19,149.88,0.9299,2,2,-1
33,3,1331.78,478.10,41.72,101.15,0.9252,2,2,-1
33,4,101.86,589.61,52.29,127.82,0.9332,2,2,-1
33,5,182.88,441.73,28.97,94.10,0.8995,2,1,-1
33,6,1053.10,452.45,38.18,95.19,0.9130,2,2,-1
33,7,-3.15,561.87,28.56,122.33,0.8536,2,1,-1
33,9,865.63,492.30,26.53,106.23,0.9035,2,2,-1
33,10,1755.50,589.80,53.34,122.10,0.9343,2,2,-1
33,11,613.83,457.37,33.60,90.55,0.9182,2,2,-1
33,12,1549.90,520.64,38.82,120.13,0.9176,2,2,-1
33,14,985.81,442.95,30.05,92.40,0.9152,2,1,-1
33,15,1421.45,565.71,36.94,68.21,0.8491,2,1,-1
33,16,457.53,633.04,73.99,139.55,0.9162,2,1,-1
33,21,550.40,536.10,44.87,118.53,0.9107,3,0,-1
33,23,431.84,541.64,46.49,71.83,0.8816,2,1,-1
33,24,732.61,551.77,44.10,108.63,0.9140,2,-1,-1
33,26,564.78,632.99,72.39,127.00,0.9294,2,1,-1
33,30,1134.42,556.37,61.63,114.26,0.9283,2,1,-1
33,38,1417.48,509.51,37.79,69.01,0.6936,2,-1,-1
33,0,532.52,592.22,15.83,16.06,1.0,0,-1,-1
34,1,691.72,549.39,43.67,119.31,0.9161,2,2,-1
34,2,1308.12,683.67,68.92,146.30,0.9271,2,2,-1
34,3,1325.59,477.37,42.81,101.82,0.9266,2,2,-1
34,4,95.89,590.91,57.90,127.96,0.9310,2,2,-1
34,5,180.66,443.27,28.73,92.15,0.8452,2,1,-1
34,6,1047.94,452.50,38.35,94.75,0.9108,2,2,-1
34,7,-4.45,560.00,26.69,124.68,0.7312,2,1,-1
34,8,1168.63,515.47,40.02,114.78,0.9066,2,2,-1
34,9,859.51,492.26,26.17,105.91,0.9031,2,2,-1
34,10,1755.13,588.72,48.35,122.10,0.9297,2,2,-1
34,11,608.17,457.61,34.63,90.28,0.9220,2,2,-1
34,12,1540.10,520.83,40.27,119.86,0.9203,2,2,-1
34,14,979.83,443.60,30.62,91.65,0.9104,2,1,-1
34,15,1411.93,558.21,39.35,76.18,0.8628,2,1,-1
34,16,453.82,631.95,72.01,140.75,0.9317,2,1,-1
34,21,546.58,535.80,43.95,115.48,0.7566,3,0,-1
34,23,428.48,545.56,44.03,68.01,0.8490,2,1,-1
34,24,735.41,550.98,39.96,108.54,0.9128,2,1,-1
34,26,570.36,636.49,67.68,124.05,0.9182,2,1,-1
34,38,1413.83,509.54,32.69,60.59,0.7795,2,-1,-1
34,0,530.31,589.27,15.83,16.87,1.0,0,-1,-1
35,1,688.16,549.73,43.82,117.92,0.9268,2,2,-1
35,2,1305.62,682.24,65.36,146.46,0.9306,2,2,-1
35,3,1319.55,479.36,42.89,99.43,0.9257,2,2,-1
35,4,90.71,591.37,62.23,127.28,0.9414,2,2,-1
35,5,176.73,441.98,32.48,93.01,0.8893,2,1,-1
35,6,1041.54,452.41,39.77,93.79,0.9116,2,2,-1
35,7,-5.13,567.54,23.37,117.76,0.6266,2,1,-1
35,8,1160.37,516.94,42.60,113.64,0.8788,2,2,-1
35,9,853.54,492.35,25.99,106.19,0.9019,2,2,-1
35,10,1752.64,589.25,44.77,120.80,0.9311,2,2,-1
35,11,603.25,457.04,34.72,90.56,0.9069,2,2,-1
35,12,1531.54,520.10,41.25,120.27,0.9206,2,2,-1
35,14,974.45,443.44,30.90,92.04,0.9124,2,1,-1
35,15,1402.87,526.06,44.64,107.70,0.8840,2,1,-1
35,16,454.71,642.21,65.23,129.15,0.8984,2,1,-1
35,23,421.82,540.49,44.82,72.71,0.8162,2,1,-1
35,24,735.24,551.21,38.18,108.07,0.7935,2,1,-1
35,26,577.31,635.80,63.74,124.98,0.9120,2,1,-1
35,0,528.17,587.09,15.59,16.64,1.0,0,-1,-1
36,1,684.81,551.35,44.08,116.06,0.9253,2,2,-1
36,2,1304.56,679.76,59.35,148.10,0.9252,2,2,-1
36,3,1312.84,477.66,43.86,101.18,0.9253,2,2,-1
36,4,86.92,592.82,64.14,125.81,0.9425,2,2,-1
36,5,171.89,441.99,36.03,93.31,0.8904,2,1,-1
36,6,1034.43,452.79,41.15,93.21,0.9201,2,2,-1
36,8,1155.48,518.18,43.67,112.37,0.8763,2,2,-1
36,9,847.56,492.18,26.12,106.04,0.9046,2,2,-1
36,10,1746.10,588.73,44.92,121.71,0.9294,2,2,-1
36,11,599.69,457.09,33.60,90.46,0.9055,2,2,-1
36,12,1524.96,520.84,40.66,118.69,0.9129,2,2,-1
36,14,967.87,443.83,31.07,91.80,0.9031,2,1,-1
36,15,1396.28,511.88,43.17,121.77,0.8842,2,1,-1
36,16,461.12,697.36,47.73,72.37,0.9039,2,1,-1
36,21,536.51,532.56,44.88,116.18,0.7383,3,0,-1
36,23,416.98,531.68,51.71,82.55,0.8675,2,1,-1
36,24,734.41,551.81,36.05,108.52,0.8972,2,1,-1
36,26,590.59,635.32,56.96,124.20,0.9286,2,1,-1
36,0,526.13,586.75,15.44,15.50,1.0,0,-1,-1
37,1,681.11,552.17,44.82,115.66,0.9209,2,2,-1
37,2,1307.70,680.67,50.11,145.51,0.9286,2,2,-1
37,3,1305.28,478.27,43.89,100.24,0.9230,2,2,-1
37,4,84.22,593.60,64.84,125.56,0.9371,2,2,-1
37,5,168.17,442.35,38.66,92.69,0.8970,2,1,-1
37,6,1028.00,453.15,41.91,91.14,0.9169,2,2,-1
37,8,1150.82,519.01,43.58,112.41,0.8662,2,2,-1
37,9,840.95,492.52,25.74,105.14,0.9024,2,2,-1
37,10,1738.65,588.43,44.95,121.20,0.9234,2,2,-1
37,11,597.51,457.04,31.40,89.89,0.8999,2,2,-1
37,12,1515.59,521.40,41.43,117.57,0.9077,2,2,-1
37,14,960.64,443.85,32.18,91.98,0.9114,2,1,-1
37,15,1389.77,526.57,38.18,106.20,0.8920,2,1,-1
37,21,530.70,532.13,46.12,116.05,0.7645,3,0,-1
37,23,409.92,528.75,52.48,84.31,0.9009,2,1,-1
37,24,730.26,552.75,38.84,108.41,0.8979,2,1,-1
37,26,590.39,632.94,57.62,126.75,0.9167,2,1,-1
37,0,523.50,585.02,15.13,18.62,1.0,0,-1,-1
38,1,676.80,554.24,46.18,113.37,0.9346,2,2,-1
38,2,1309.66,678.95,42.22,144.93,0.9318,2,2,-1
38,3,1298.03,478.14,44.04,100.22,0.9253,2,2,-1
38,4,81.46,593.33,64.60,126.44,0.9434,2,2,-1
38,5,163.00,442.79,40.15,92.60,0.9021,2,1,-1
38,6,1020.37,452.85,43.38,90.28,0.9208,2,2,-1
38,8,1143.15,519.50,45.67,112.30,0.9087,2,2,-1
38,9,834.67,492.38,26.37,105.05,0.9058,2,2,-1
38,10,1732.11,589.23,44.45,119.49,0.9027,2,2,-1
38,11,594.17,457.16,29.54,89.61,0.9127,2,2,-1
38,12,1508.76,520.34,41.00,117.63,0.9068,2,2,-1
38,14,953.91,444.05,33.19,91.10,0.9126,2,1,-1
38,15,1380.05,510.11,42.81,122.26,0.8992,2,1,-1
38,21,525.89,530.41,46.94,117.14,0.8099,3,0,-1
38,23,403.31,526.82,53.48,86.93,0.9251,2,1,-1
38,24,724.90,553.19,44.90,107.45,0.9277,2,1,-1
38,26,587.02,630.46,60.52,128.57,0.8622,2,1,-1
38,41,461.00,628.10,45.37,142.95,0.8740,2,-1,-1
38,0,520.30,585.28,16.49,17.65,1.0,0,-1,-1
39,1,672.20,555.02,47.60,112.34,0.9300,2,2,-1
39,2,1306.97,678.37,39.16,144.81,0.8995,2,2,-1
39,3,1291.24,479.60,43.53,98.47,0.9267,2,2,-1
39,4,80.06,593.00,62.57,126.37,0.9358,2,2,-1
39,5,159.27,443.01,40.88,93.06,0.9044,2,1,-1
39,6,1013.77,451.73,43.76,91.51,0.9266,2,2,-1
39,7,-2.39,578.40,15.29,84.47,0.5789,2,1,-1
39,9,827.60,492.44,26.71,105.62,0.9047,2,2,-1
39,10,1723.57,591.64,46.21,116.50,0.9152,2,2,-1
39,11,590.47,457.12,28.82,89.38,0.9065,2,2,-1
39,12,1502.59,520.28,39.60,116.88,0.9091,2,2,-1
39,13,1140.36,519.66,42.52,88.27,0.8977,2,1,-1
39,14,946.15,444.10,34.37,90.19,0.9164,2,1,-1
39,15,1371.59,509.01,43.26,123.16,0.9040,2,1,-1
39,21,520.55,530.91,48.29,117.57,0.8862,3,0,-1
39,23,395.95,525.38,49.77,87.43,0.9041,2,1,-1
39,24,717.75,554.38,51.52,106.17,0.9206,2,1,-1
39,26,584.34,627.73,65.54,131.15,0.9332,2,1,-1
39,41,469.69,628.22,30.77,92.74,0.7154,2,-1,-1
40,1,667.44,555.01,49.42,111.95,0.9276,2,2,-1
40,2,1303.79,678.09,38.46,144.01,0.9167,2,2,-1
40,3,1282.69,478.36,43.97,99.44,0.9224,2,2,-1
40,4,80.45,592.25,59.16,127.47,0.9358,2,2,-1
40,5,155.73,442.87,42.08,93.02,0.9023,2,1,-1
40,6,1007.99,451.21,44.05,91.43,0.9264,2,2,-1
40,7,-3.00,577.76,17.36,106.32,0.5798,2,1,-1
40,9,821.21,492.28,26.60,105.13,0.9073,2,2,-1
40,10,1713.51,590.78,48.93,116.27,0.9168,2,2,-1
40,11,585.58,457.57,31.30,89.00,0.9127,2,2,-1
40,12,1494.98,519.04,39.59,117.21,0.9099,2,2,-1
40,14,939.69,444.55,34.19,89.75,0.9062,2,1,-1
40,15,1364.72,515.86,41.97,114.28,0.8875,2,1,-1
40,21,516.34,530.30,48.51,117.15,0.9039,3,0,-1
40,23,390.87,521.30,50.29,92.27,0.9234,2,1,-1
40,24,713.09,555.65,55.94,105.78,0.9336,2,1,-1
40,26,583.89,627.34,72.78,131.19,0.9406,2,1,-1
40,30,1123.06,570.21,58.83,97.07,0.8983,2,1,-1
40,41,464.12,627.82,41.42,140.51,0.9010,2,-1,-1
41,1,664.26,554.95,49.88,110.76,0.9270,2,2,-1
41,2,1298.62,676.44,43.37,144.50,0.9136,2,2,-1
41,3,1275.87,478.06,42.47,99.12,0.9200,2,2,-1
41,4,82.79,591.81,52.54,127.73,0.9305,2,2,-1
41,5,151.47,444.17,39.14,92.01,0.8687,2,1,-1
41,6,1001.66,450.46,43.62,92.66,0.9243,2,2,-1
41,7,-1.74,580.80,16.55,106.30,0.5598,2,1,-1
41,9,814.71,492.16,26.66,104.60,0.9068,2,2,-1
41,10,1702.38,590.22,52.64,115.49,0.9209,2,2,-1
41,11,579.62,458.09,34.49,88.51,0.9112,2,2,-1
41,12,1486.23,518.67,39.46,116.54,0.9123,2,2,-1
41,14,933.15,444.34,33.93,88.68,0.9151,2,1,-1
41,15,1355.46,506.96,45.09,122.74,0.9167,2,1,-1
41,21,511.53,530.81,48.70,115.72,0.9203,3,0,-1
41,23,383.91,519.35,48.90,92.71,0.9105,2,1,-1
41,24,708.85,555.27,58.56,106.69,0.9255,2,1,-1
41,26,582.69,627.04,76.04,127.29,0.9402,2,1,-1
41,30,1116.38,563.01,67.60,104.20,0.9107,2,1,-1
41,41,460.55,627.23,46.07,140.11,0.8981,2,1,-1
42,1,660.14,555.29,50.30,109.38,0.9263,2,2,-1
42,2,1290.21,677.20,48.94,142.58,0.8906,2,2,-1
42,3,1268.85,477.50,41.61,99.64,0.9149,2,2,-1
42,4,84.20,591.45,44.31,126.99,0.9252,2,2,-1
42,5,149.92,443.19,41.05,91.53,0.9054,2,1,-1
42,6,994.18,450.37,43.35,92.49,0.9097,2,2,-1
42,9,807.07,492.49,27.08,103.47,0.9092,2,2,-1
42,10,1689.60,587.56,55.84,117.45,0.9291,2,2,-1
42,11,572.16,458.04,38.86,89.02,0.9225,2,2,-1
42,12,1476.19,518.70,39.55,115.65,0.9075,2,2,-1
42,14,925.08,444.27,33.58,87.21,0.9200,2,1,-1
42,15,1346.57,506.66,45.04,120.89,0.9198,2,1,-1
42,21,505.29,531.51,49.08,114.22,0.9206,3,0,-1
42,23,377.16,515.34,47.97,96.18,0.9086,2,1,-1
42,24,704.99,555.45,57.93,106.52,0.9167,2,1,-1
42,26,582.75,628.98,74.01,124.14,0.9168,2,1,-1
42,30,1107.46,560.94,71.10,106.28,0.9016,2,1,-1
42,41,454.53,628.47,53.74,138.81,0.9004,2,1,-1
43,1,658.59,554.20,48.01,108.89,0.9180,2,2,-1
43,2,1277.33,674.32,60.44,145.28,0.9348,2,2,-1
43,3,1261.23,477.20,38.99,99.40,0.9104,2,2,-1
43,4,83.49,591.33,40.05,126.71,0.9150,2,2,-1
43,5,146.34,442.76,39.06,91.76,0.9026,2,1,-1
43,6,987.12,450.10,42.65,92.61,0.9180,2,2,-1
43,9,800.14,491.97,26.92,103.35,0.9083,2,2,-1
43,10,1676.80,586.65,56.86,116.59,0.9264,2,2,-1
43,11,564.23,458.48,41.90,88.20,0.9220,2,2,-1
43,12,1465.57,518.35,39.36,115.64,0.9098,2,2,-1
43,13,1121.03,518.83,35.21,64.00,0.8206,2,1,-1
43,14,917.06,444.06,32.68,87.19,0.9148,2,1,-1
43,15,1335.70,506.19,46.30,120.67,0.9276,2,1,-1
43,21,499.20,531.16,49.32,114.40,0.9259,3,0,-1
43,23,369.62,513.54,46.28,96.65,0.8872,2,1,-1
43,24,703.68,555.66,54.81,105.95,0.9141,2,1,-1
43,26,585.05,630.54,68.05,122.37,0.8938,2,1,-1
43,30,1098.97,561.37,71.69,104.79,0.9157,2,1,-1
43,41,448.17,628.29,61.30,137.80,0.9253,2,1,-1
44,1,659.48,553.09,42.97,107.03,0.9133,2,2,-1
44,2,1265.50,673.41,68.27,144.74,0.9392,2,2,-1
44,3,1254.46,477.55,35.69,98.57,0.9037,2,2,-1
44,4,81.94,591.57,39.00,124.73,0.8859,2,2,-1
44,5,143.60,442.96,35.78,89.39,0.9002,2,1,-1
44,6,979.97,450.49,40.83,91.99,0.9134,2,2,-1
44,9,792.86,492.08,26.92,102.70,0.9026,2,2,-1
44,10,1664.80,587.62,55.35,114.29,0.9257,2,2,-1
44,11,556.47,458.95,43.78,87.65,0.9247,2,2,-1
44,12,1454.08,517.83,39.36,115.52,0.9079,2,2,-1
44,13,1111.14,518.62,33.57,63.63,0.8834,2,1,-1
44,14,908.41,443.96,32.04,86.59,0.9156,2,1,-1
44,15,1325.44,506.18,45.57,119.47,0.9361,2,1,-1
44,21,492.69,531.17,48.80,112.74,0.9230,3,0,-1
44,23,361.93,512.30,44.36,97.30,0.8186,2,1,-1
44,24,701.30,554.35,50.75,107.00,0.8858,2,1,-1
44,26,592.24,632.50,61.97,119.08,0.8854,2,1,-1
44,30,1092.88,565.72,68.56,99.59,0.8811,2,1,-1
44,41,440.72,627.94,67.63,137.79,0.9246,2,1,-1
45,1,656.37,552.15,41.76,108.27,0.9117,2,2,-1
45,2,1254.04,672.74,70.75,144.35,0.9332,2,2,-1
45,3,1246.73,477.68,32.39,98.49,0.8998,2,2,-1
45,4,78.82,591.82,39.60,124.86,0.8966,2,2,-1
45,5,139.43,444.21,33.47,89.24,0.8977,2,1,-1
45,6,972.09,451.62,39.61,91.02,0.9168,2,2,-1
45,9,785.10,492.41,26.65,101.74,0.9038,2,2,-1
45,10,1651.84,587.44,53.85,111.95,0.9283,2,2,-1
45,11,549.64,459.36,43.22,86.92,0.9226,2,2,-1
45,12,1443.13,517.90,38.60,113.94,0.9039,2,2,-1
45,14,899.62,444.17,32.20,86.88,0.9155,2,1,-1
45,15,1315.19,506.57,45.21,117.95,0.9297,2,1,-1
45,21,485.97,530.61,48.99,114.36,0.9195,3,0,-1
45,23,356.46,509.68,41.46,99.80,0.8957,2,1,-1
45,24,699.27,554.34,45.81,107.28,0.8192,2,1,-1
45,26,602.23,628.74,52.72,121.96,0.9121,2,1,-1
45,30,1086.53,560.87,65.92,104.87,0.9120,2,1,-1
45,41,434.64,625.66,70.64,139.07,0.9147,2,1,-1
46,1,651.71,551.35,43.35,107.67,0.9214,2,2,-1
46,2,1244.25,672.30,69.88,142.97,0.9445,2,2,-1
46,3,1239.27,477.40,30.10,98.80,0.9060,2,2,-1
46,4,75.76,592.34,45.08,124.93,0.9156,2,2,-1
46,5,135.56,444.12,30.39,89.94,0.9070,2,1,-1
46,6,966.17,452.55,38.01,89.81,0.9164,2,2,-1
46,9,777.58,492.58,27.19,101.50,0.9049,2,2,-1
46,10,1640.21,585.81,52.64,112.58,0.9260,2,2,-1
46,11,543.84,460.06,41.63,86.32,0.9277,2,2,-1
46,12,1432.60,517.45,37.73,113.60,0.9060,2,2,-1
46,13,1095.71,519.29,35.19,63.47,0.8976,2,1,-1
46,14,891.85,444.29,31.75,87.05,0.9169,2,1,-1
46,15,1305.77,506.52,43.30,117.48,0.9229,2,1,-1
46,21,480.01,529.82,48.20,113.10,0.9233,3,0,-1
46,23,350.16,507.92,38.99,101.56,0.8906,2,1,-1
46,24,699.34,553.73,38.27,105.88,0.8437,2,1,-1
46,26,601.88,624.96,52.01,125.32,0.9186,2,1,-1
46,30,1084.66,564.28,58.09,99.99,0.9015,2,1,-1
46,41,429.94,628.64,71.31,133.78,0.9254,2,1,-1
47,1,645.37,549.83,45.64,107.36,0.9159,2,2,-1
47,2,1234.25,674.16,66.85,138.47,0.9441,2,2,-1
47,3,1229.60,477.39,27.78,97.30,0.8983,2,2,-1
47,4,68.87,592.53,55.77,124.18,0.9401,2,2,-1
47,5,130.89,444.09,30.65,90.13,0.9132,2,1,-1
47,6,958.52,453.22,37.14,88.76,0.9137,2,2,-1
47,8,1086.70,574.73,41.59,86.65,0.8622,2,2,-1
47,9,769.52,492.58,27.80,99.56,0.9065,2,2,-1
47,10,1629.61,585.60,48.72,111.28,0.9197,2,2,-1
47,11,537.07,460.17,41.45,85.95,0.9217,2,2,-1
47,12,1421.69,517.29,36.92,112.53,0.8989,2,2,-1
47,13,1086.95,519.55,36.82,66.38,0.8520,2,1,-1
47,14,883.68,444.61,31.52,86.26,0.9092,2,1,-1
47,15,1296.18,507.28,41.14,116.09,0.9135,2,1,-1
47,21,474.03,529.26,47.48,109.12,0.9199,3,0,-1
47,23,343.25,505.84,36.90,103.55,0.8931,2,1,-1
47,24,696.95,552.81,33.14,105.39,0.8871,2,1,-1
47,26,598.12,624.00,55.09,123.20,0.9292,2,1,-1
47,41,425.50,626.15,70.72,134.11,0.9347,2,1,-1
48,1,640.73,548.94,46.33,106.83,0.9087,2,2,-1
48,2,1224.51,670.76,65.50,139.79,0.9351,2,2,-1
48,3,1219.05,477.07,27.42,96.74,0.9010,2,2,-1
48,4,63.68,592.86,62.40,122.93,0.9361,2,2,-1
48,5,127.08,444.69,33.18,88.49,0.9175,2,1,-1
48,6,950.91,453.73,36.04,87.13,0.9212,2,2,-1
48,9,761.52,492.75,28.76,98.09,0.9123,2,2,-1
48,10,1621.43,584.12,43.09,110.96,0.9185,2,2,-1
48,11,531.79,459.92,39.08,85.70,0.9151,2,2,-1
48,12,1410.81,517.16,35.94,112.40,0.9073,2,2,-1
48,13,1072.37,519.66,49.44,107.42,0.8632,2,1,-1
48,14,874.56,444.89,31.41,86.31,0.9159,2,1,-1
48,15,1285.88,508.35,38.87,113.68,0.9136,2,1,-1
48,21,466.85,527.71,48.66,107.04,0.9237,3,0,-1
48,23,337.61,504.64,28.64,67.41,0.8388,2,1,-1
48,24,691.71,552.48,34.22,104.38,0.9012,2,1,-1
48,26,592.07,617.82,58.21,128.42,0.9026,2,1,-1
48,41,423.87,628.02,65.32,130.49,0.8973,2,1,-1
49,1,639.37,548.34,44.04,104.33,0.9126,2,2,-1
49,2,1215.92,671.51,61.79,136.43,0.9307,2,2,-1
49,3,1208.03,476.71,28.40,96.63,0.9072,2,2,-1
49,4,56.76,593.31,65.68,121.76,0.9342,2,2,-1
49,5,122.48,444.96,36.35,87.87,0.9207,2,1,-1
49,6,942.08,453.49,35.34,86.05,0.9237,2,2,-1
49,8,1082.38,596.40,29.27,62.75,0.8412,2,2,-1
49,9,753.49,492.28,30.51,99.19,0.9077,2,2,-1
49,10,1613.05,580.19,37.77,112.16,0.9189,2,2,-1
49,11,528.16,458.96,35.93,85.91,0.9157,2,2,-1
49,12,1399.17,516.12,37.43,112.85,0.9152,2,2,-1
49,13,1070.68,519.31,36.57,74.16,0.7976,2,1,-1
49,14,865.99,444.87,31.82,85.56,0.9129,2,1,-1
49,15,1274.64,507.65,37.71,113.01,0.9058,2,1,-1
49,21,460.60,526.55,48.74,107.23,0.9084,3,0,-1
49,23,326.16,503.82,37.69,103.72,0.8936,2,1,-1
49,24,685.35,551.99,41.56,105.27,0.9213,2,1,-1
49,26,588.28,621.72,67.43,122.79,0.9396,2,1,-1
49,41,425.10,622.68,58.53,131.60,0.9375,2,1,-1
49,46,649.74,845.08,61.35,170.85,0.7987,2,-1,-1
49,0,461.95,584.34,18.90,16.94,1.0,0,-1,-1
50,1,637.08,547.50,42.27,106.85,0.9087,2,2,-1
50,2,1208.13,668.30,58.26,136.56,0.9277,2,2,-1
50,3,1196.97,476.86,31.13,94.92,0.9143,2,2,-1
50,4,52.18,592.05,66.70,121.26,0.9440,2,2,-1
50,5,116.47,445.23,39.73,87.11,0.9295,2,1,-1
50,6,932.45,452.32,35.19,85.63,0.9225,2,2,-1
50,9,745.30,491.41,31.76,98.69,0.9042,2,2,-1
50,10,1602.37,577.53,34.39,113.22,0.9121,2,2,-1
50,11,525.57,458.06,32.42,85.97,0.9086,2,2,-1
50,12,1387.67,514.84,37.09,111.83,0.9112,2,2,-1
50,13,1053.75,518.79,49.34,106.13,0.8725,2,1,-1
50,14,858.38,444.25,31.37,84.20,0.9120,2,1,-1
50,15,1263.02,508.09,36.98,111.05,0.9017,2,1,-1
50,21,455.79,524.97,47.83,107.05,0.9127,3,0,-1
50,23,320.36,503.29,35.80,103.82,0.8435,2,1,-1
50,24,676.41,551.83,52.03,104.34,0.9351,2,1,-1
50,26,584.02,622.46,72.93,118.51,0.9413,2,1,-1
50,41,425.44,633.68,49.22,117.86,0.8907,2,1,-1
50,46,641.70,842.33,61.85,173.19,0.8856,2,-1,-1
51,1,634.14,548.05,39.06,103.71,0.8715,2,2,-1
51,2,1201.86,665.62,52.59,136.29,0.9284,2,2,-1
51,3,1184.87,475.88,35.01,94.91,0.9180,2,2,-1
51,4,46.95,591.05,65.00,120.48,0.9323,2,2,-1
51,5,110.93,444.28,38.80,87.60,0.9214,2,1,-1
51,6,923.71,451.03,34.74,85.20,0.9161,2,2,-1
51,9,736.46,490.73,33.37,98.00,0.9082,2,2,-1
51,10,1590.06,575.66,32.02,111.71,0.9128,2,2,-1
51,11,521.30,457.55,30.39,84.38,0.9127,2,2,-1
51,12,1373.47,513.82,37.62,110.87,0.9061,2,2,-1
51,13,1043.79,517.57,48.78,105.72,0.8681,2,1,-1
51,14,848.59,443.42,32.38,84.30,0.9121,2,1,-1
51,15,1250.48,507.90,36.71,109.03,0.8926,2,1,-1
51,21,449.59,522.65,47.36,107.83,0.9149,3,0,-1
51,23,315.74,527.29,29.20,78.56,0.8369,2,1,-1
51,24,667.63,551.58,57.51,103.18,0.9308,2,1,-1
51,26,581.54,622.41,70.39,117.54,0.9334,2,1,-1
51,41,425.51,619.27,41.47,130.06,0.9279,2,1,-1
52,2,1199.40,664.11,44.55,134.92,0.9240,2,2,-1
52,3,1172.18,475.33,37.75,94.57,0.9234,2,2,-1
52,4,44.99,589.79,63.46,120.23,0.9372,2,2,-1
52,5,104.75,444.67,39.67,86.10,0.9259,2,1,-1
52,6,914.41,449.86,34.38,85.56,0.9146,2,2,-1
52,9,727.40,490.71,34.25,96.85,0.9130,2,2,-1
52,10,1577.22,574.36,31.99,110.23,0.9179,2,2,-1
52,11,515.21,457.07,31.92,85.11,0.9127,2,2,-1
52,12,1360.82,513.26,36.81,110.09,0.9194,2,2,-1
52,14,839.53,443.47,32.49,83.63,0.9113,2,1,-1
52,15,1238.60,508.86,36.31,105.97,0.8930,2,1,-1
52,21,443.72,522.48,45.86,106.63,0.9255,3,0,-1
52,22,612.28,548.92,56.10,102.74,0.8994,2,1,-1
52,23,305.06,500.45,37.21,104.76,0.8762,2,1,-1
52,24,658.88,551.99,59.93,102.11,0.9302,2,1,-1
52,26,583.79,632.94,62.23,103.74,0.9130,2,1,-1
52,30,1051.89,571.56,50.77,82.75,0.8834,2,1,-1
52,41,425.67,618.56,37.43,128.17,0.9331,2,1,-1
53,2,1196.82,661.37,37.14,134.99,0.9233,2,2,-1
53,3,1160.81,475.17,38.93,94.63,0.9198,2,2,-1
53,4,43.59,588.33,58.27,119.50,0.9292,2,2,-1
53,5,100.82,445.03,37.80,85.68,0.9292,2,1,-1
53,6,908.38,449.22,31.88,85.06,0.9169,2,2,-1
53,9,718.95,490.34,34.90,96.32,0.9056,2,2,-1
53,10,1562.93,572.82,34.95,110.86,0.9247,2,2,-1
53,11,510.04,457.27,33.82,84.57,0.9124,2,2,-1
53,12,1348.17,512.26,36.85,108.45,0.9185,2,2,-1
53,14,831.17,443.50,32.50,83.29,0.9182,2,1,-1
53,15,1226.68,509.33,35.98,104.40,0.8934,2,1,-1
53,21,438.78,522.72,45.40,104.53,0.9167,3,0,-1
53,23,298.27,499.04,36.98,105.75,0.8690,2,1,-1
53,24,653.15,551.51,59.65,102.78,0.9292,2,1,-1
53,26,587.07,630.43,58.90,104.81,0.8884,2,1,-1
53,30,1042.01,546.68,59.95,107.39,0.9255,2,1,-1
53,41,421.96,617.66,38.01,127.35,0.9293,2,1,-1
53,46,617.79,832.08,60.14,170.21,0.6335,2,-1,-1
54,2,1190.03,662.18,33.83,131.68,0.8993,2,2,-1
54,3,1150.20,474.94,39.82,94.13,0.9191,2,2,-1
54,4,46.09,587.77,50.82,118.75,0.9304,2,2,-1
54,5,97.51,444.18,35.19,85.34,0.9220,2,1,-1
54,6,901.22,448.73,30.21,84.90,0.9177,2,2,-1
54,9,710.99,489.82,35.31,96.44,0.9101,2,2,-1
54,10,1549.22,572.60,39.66,109.28,0.9173,2,2,-1
54,11,504.39,457.61,35.08,84.07,0.9123,2,2,-1
54,12,1335.30,511.73,37.66,108.04,0.9158,2,2,-1
54,14,821.70,444.08,32.54,83.00,0.9192,2,1,-1
54,15,1215.46,510.29,35.72,102.64,0.9012,2,1,-1
54,21,434.58,522.72,45.92,103.57,0.9147,3,0,-1
54,23,291.31,499.15,38.51,104.54,0.8845,2,1,-1
54,24,647.28,551.31,56.41,100.92,0.9281,2,1,-1
54,26,590.96,628.31,55.78,105.03,0.7109,2,1,-1
54,30,1032.33,543.50,63.06,109.85,0.9161,2,1,-1
54,41,418.35,637.12,38.78,107.25,0.9022,2,1,-1
54,0,430.31,579.59,14.06,15.69,1.0,0,-1,-1
55,1,615.02,546.24,40.72,108.71,0.8822,2,2,-1
55,2,1181.98,660.93,32.88,130.19,0.9147,2,2,-1
55,3,1139.01,475.21,40.82,93.39,0.9191,2,2,-1
55,4,48.18,587.92,42.98,116.86,0.9154,2,2,-1
55,5,96.59,443.77,30.27,86.06,0.9136,2,1,-1
55,6,893.08,448.26,30.05,84.39,0.9154,2,2,-1
55,9,703.12,490.00,34.75,94.86,0.9095,2,2,-1
55,10,1534.27,572.31,44.71,108.28,0.9182,2,2,-1
55,11,498.25,457.70,35.72,82.96,0.9109,2,2,-1
55,12,1322.95,510.92,38.09,107.38,0.9177,2,2,-1
55,14,814.13,444.06,30.92,81.61,0.9119,2,1,-1
55,15,1203.76,510.44,36.75,101.32,0.9117,2,1,-1
55,21,431.06,522.26,45.91,101.23,0.9261,3,0,-1
55,23,284.84,498.07,39.46,104.34,0.8652,2,1,-1
55,24,653.11,589.39,36.33,61.09,0.7047,2,1,-1
55,26,599.93,669.29,35.85,62.48,0.8688,2,1,-1
55,30,1022.49,544.27,63.72,107.35,0.9236,2,1,-1
55,41,413.28,630.46,47.03,112.97,0.8917,2,1,-1
55,46,604.47,826.79,56.93,169.92,0.8567,2,1,-1
55,0,422.54,578.30,15.95,16.04,1.0,0,-1,-1
56,1,606.61,544.31,46.32,109.74,0.9103,2,2,-1
56,2,1175.30,659.02,34.81,129.97,0.9160,2,2,-1
56,3,1128.15,475.51,40.63,92.11,0.9254,2,2,-1
56,4,50.74,586.61,37.50,117.37,0.9199,2,2,-1
56,5,96.01,443.69,26.37,84.49,0.9042,2,1,-1
56,6,884.84,448.36,30.24,84.13,0.9153,2,2,-1
56,9,695.74,490.02,34.77,94.15,0.9070,2,2,-1
56,10,1521.03,570.41,48.55,108.22,0.9278,2,2,-1
56,11,491.46,457.69,37.12,82.50,0.9160,2,2,-1
56,12,1310.82,510.15,38.91,106.72,0.9168,2,2,-1
56,14,806.28,444.30,31.30,81.08,0.9117,2,1,-1
56,15,1193.75,510.80,36.71,96.94,0.9066,2,1,-1
56,21,426.15,522.62,46.73,101.73,0.9205,3,0,-1
56,23,278.85,498.26,39.65,104.23,0.8683,2,1,-1
56,24,642.66,547.88,49.19,102.36,0.8873,2,1,-1
56,26,595.97,671.34,39.89,57.90,0.8873,2,1,-1
56,30,1013.83,544.25,64.72,106.36,0.9116,2,1,-1
56,41,406.94,627.42,57.99,114.85,0.9222,2,1,-1
56,46,598.96,823.86,55.36,171.36,0.8122,2,1,-1
56,0,417.12,577.61,14.86,15.88,1.0,0,-1,-1
57,1,601.74,542.50,49.30,106.80,0.9161,2,2,-1
57,2,1164.99,657.41,41.13,130.35,0.9166,2,2,-1
57,3,1118.44,475.86,40.70,91.00,0.9322,2,2,-1
57,4,52.37,586.62,37.44,116.79,0.9321,2,2,-1
57,5,94.99,443.19,23.67,84.22,0.9058,2,1,-1
57,6,875.46,448.59,32.34,83.84,0.9140,2,2,-1
57,9,688.05,489.92,34.87,93.56,0.9016,2,2,-1
57,10,1507.86,569.48,50.60,108.33,0.9294,2,2,-1
57,11,487.03,457.79,37.44,82.13,0.9196,2,2,-1
57,12,1300.49,509.12,38.91,106.45,0.9116,2,2,-1
57,14,800.01,443.86,29.96,80.37,0.9104,2,1,-1
57,15,1184.25,510.37,38.63,96.35,0.9193,2,1,-1
57,21,422.84,522.27,44.73,97.90,0.9117,3,0,-1
57,23,273.50,497.25,38.91,104.31,0.8608,2,1,-1
57,24,649.53,590.36,29.69,58.62,0.8253,2,1,-1
57,30,1010.83,540.46,60.87,108.38,0.9003,2,1,-1
57,41,401.11,620.82,65.14,119.66,0.9308,2,1,-1
57,0,410.75,576.92,14.82,16.77,1.0,0,-1,-1
58,1,596.72,540.91,51.38,104.16,0.9226,2,2,-1
58,2,1154.44,655.02,47.59,131.16,0.9278,2,2,-1
58,3,1109.21,475.63,40.90,90.36,0.9257,2,2,-1
58,4,51.93,586.53,40.27,115.48,0.9313,2,2,-1
58,5,91.30,443.60,27.40,84.05,0.8952,2,1,-1
58,6,868.07,448.94,32.70,82.81,0.8931,2,2,-1
58,9,683.14,489.20,32.99,92.82,0.9052,2,2,-1
58,10,1494.53,568.75,51.59,106.40,0.9264,2,2,-1
58,11,481.55,457.37,37.70,82.24,0.9128,2,2,-1
58,12,1290.45,507.54,38.23,105.96,0.9210,2,2,-1
58,14,794.08,443.58,28.43,79.80,0.9102,2,1,-1
58,15,1173.69,508.96,39.58,96.51,0.9135,2,1,-1
58,16,410.44,610.72,25.16,38.51,0.6487,2,1,-1
58,21,418.63,521.19,44.37,97.90,0.9263,3,0,-1
58,23,267.80,497.61,39.79,103.47,0.8924,2,1,-1
58,24,645.34,547.41,37.48,98.82,0.8820,2,1,-1
58,30,1008.07,539.54,55.04,107.97,0.9032,2,1,-1
58,41,396.19,631.93,65.32,107.31,0.9244,2,1,-1
58,0,404.86,576.89,16.37,15.98,1.0,0,-1,-1
59,1,587.07,614.51,66.74,108.77,0.9290,2,2,-1
59,2,1147.46,655.05,52.00,128.31,0.9352,2,2,-1
59,3,1100.76,475.89,40.49,89.44,0.9206,2,2,-1
59,4,49.56,586.56,45.45,115.05,0.9344,2,2,-1
59,5,88.08,443.64,33.01,82.64,0.9117,2,1,-1
59,6,863.26,448.63,31.79,82.67,0.9054,2,2,-1
59,9,677.92,489.07,32.39,91.96,0.9141,2,2,-1
59,10,1482.96,568.13,51.69,105.92,0.9246,2,2,-1
59,11,477.15,458.08,37.66,80.93,0.9205,2,2,-1
59,12,1282.34,507.66,37.34,104.68,0.9116,2,2,-1
59,14,789.34,443.61,26.57,79.18,0.9046,2,1,-1
59,15,1166.21,507.53,38.62,95.68,0.8949,2,1,-1
59,16,408.92,607.98,25.49,40.73,0.6579,2,1,-1
59,21,416.73,520.26,43.35,97.40,0.9251,3,0,-1
59,23,263.68,497.54,38.48,102.60,0.8970,2,1,-1
59,24,643.79,546.38,34.33,99.97,0.8932,2,1,-1
59,30,1004.57,537.59,50.08,108.18,0.8834,2,1,-1
59,41,391.48,626.23,68.18,111.63,0.9296,2,1,-1
59,46,584.50,817.46,49.90,164.53,0.9160,2,1,-1
59,0,400.03,575.62,15.15,16.43,1.0,0,-1,-1
60,1,586.51,611.67,67.46,109.80,0.9229,2,2,-1
60,2,1136.07,654.17,56.80,126.74,0.9334,2,2,-1
60,3,1093.54,476.00,39.36,88.92,0.9251,2,2,-1
60,4,46.46,586.44,51.29,114.67,0.9331,2,2,-1
60,5,83.65,444.13,38.98,82.49,0.9156,2,1,-1
60,6,854.05,449.73,33.96,80.66,0.8948,2,2,-1
60,8,1006.76,579.92,35.42,64.64,0.8199,2,2,-1
60,9,672.67,489.19,31.04,91.91,0.9052,2,2,-1
60,10,1472.27,567.90,50.13,104.93,0.9185,2,2,-1
60,11,473.16,458.98,37.03,80.07,0.9222,2,2,-1
60,12,1274.19,507.45,36.00,103.78,0.9168,2,2,-1
60,13,985.23,513.39,36.56,102.16,0.9047,2,1,-1
60,14,784.91,443.47,24.79,79.33,0.9046,2,1,-1
60,15,1158.49,506.16,38.18,95.72,0.8905,2,1,-1
60,18,580.63,819.09,48.57,82.42,0.7233,2,1,-1
60,21,414.76,519.33,41.62,97.87,0.9300,3,0,-1
60,23,258.50,497.28,37.29,102.33,0.8926,2,1,-1
60,24,641.78,547.19,36.05,98.76,0.8949,2,1,-1
60,41,389.23,627.78,66.71,108.57,0.9354,2,1,-1
60,0,395.83,575.46,14.67,15.70,1.0,0,-1,-1
61,2,1128.12,653.36,57.56,126.41,0.9343,2,2,-1
61,3,1087.15,476.22,37.80,88.48,0.9228,2,2,-1
61,4,45.07,586.92,54.66,114.03,0.9355,2,2,-1
61,5,81.48,444.76,41.97,82.42,0.9155,2,1,-1
61,6,847.69,450.13,35.08,79.92,0.9014,2,2,-1
61,8,1008.72,581.72,30.20,59.97,0.8881,2,2,-1
61,9,668.33,488.82,29.96,91.38,0.9098,2,2,-1
61,10,1462.93,567.68,48.95,104.27,0.9246,2,2,-1
61,11,469.55,459.11,36.63,78.50,0.9056,2,2,-1
61,12,1266.37,507.59,34.90,102.64,0.9157,2,2,-1
61,13,979.87,513.94,38.30,101.13,0.9229,2,1,-1
61,14,781.06,444.05,23.05,79.15,0.9052,2,1,-1
61,15,1151.04,504.20,37.05,96.86,0.8957,2,1,-1
61,21,412.96,518.53,39.53,98.01,0.9402,3,0,-1
61,22,595.50,542.50,47.46,96.16,0.9055,2,1,-1
61,23,254.30,497.31,36.02,101.81,0.8885,2,1,-1
61,24,640.63,547.92,37.22,98.24,0.8863,2,1,-1
61,41,387.96,624.43,65.42,110.57,0.9391,2,1,-1
61,46,575.46,812.38,49.10,167.54,0.8346,2,1,-1
61,0,391.68,575.83,14.52,14.80,1.0,0,-1,-1
62,1,597.32,629.23,51.63,88.77,0.8773,2,2,-1
62,2,1120.47,652.39,58.16,126.27,0.9346,2,2,-1
62,3,1082.00,476.39,35.78,87.85,0.9150,2,2,-1
62,4,44.25,587.23,56.75,113.75,0.9378,2,2,-1
62,5,78.58,445.39,45.29,81.73,0.9195,2,1,-1
62,6,840.33,450.14,36.71,78.77,0.9017,2,2,-1
62,9,662.85,488.92,29.10,90.26,0.9131,2,2,-1
62,10,1452.92,566.57,48.89,104.12,0.9279,2,2,-1
62,11,466.18,459.18,35.79,78.37,0.9147,2,2,-1
62,12,1259.01,506.58,33.44,102.59,0.9108,2,2,-1
62,13,973.83,514.02,39.95,100.66,0.9150,2,1,-1
62,14,776.85,444.20,21.83,79.01,0.8999,2,1,-1
62,15,1143.46,503.02,35.91,96.89,0.8930,2,1,-1
62,21,410.62,516.81,38.77,101.26,0.9301,3,0,-1
62,22,600.70,542.13,41.25,94.57,0.8966,2,1,-1
62,23,250.56,497.66,34.65,100.83,0.8725,2,1,-1
62,30,1002.08,544.21,36.79,98.91,0.8181,2,1,-1
62,41,388.37,623.43,60.61,109.92,0.9201,2,1,-1
62,0,386.77,575.67,15.26,14.94,1.0,0,-1,-1
63,1,604.19,633.14,43.04,83.65,0.8433,2,2,-1
63,2,1111.70,652.17,57.72,124.54,0.9367,2,2,-1
63,3,1077.73,476.74,33.36,86.69,0.8993,2,2,-1
63,4,43.44,587.08,58.97,113.01,0.9388,2,2,-1
63,5,77.63,445.84,47.28,81.63,0.9208,2,1,-1
63,6,835.41,449.86,36.91,78.07,0.9091,2,2,-1
63,9,657.43,488.63,28.90,89.98,0.9021,2,2,-1
63,10,1443.27,565.67,47.88,103.79,0.9276,2,2,-1
63,11,463.81,459.17,33.09,78.54,0.9126,2,2,-1
63,12,1251.01,506.33,31.94,101.58,0.9123,2,2,-1
63,13,966.83,514.23,42.53,100.32,0.9145,2,1,-1
63,14,771.55,444.81,21.24,78.00,0.9036,2,1,-1
63,15,1135.75,502.31,36.73,96.86,0.9131,2,1,-1
63,21,408.84,515.85,37.51,102.86,0.9231,3,0,-1
63,23,246.13,497.33,32.92,100.29,0.8886,2,1,-1
63,24,629.88,548.52,46.34,97.69,0.9132,2,1,-1
63,41,388.92,617.06,53.87,114.44,0.9113,2,1,-1
63,0,382.86,575.54,14.57,14.78,1.0,0,-1,-1
64,1,609.26,628.00,38.86,88.03,0.8623,2,2,-1
64,2,1104.07,651.19,57.22,123.66,0.9309,2,2,-1
64,3,1075.44,476.52,29.26,85.95,0.9098,2,2,-1
64,4,42.45,586.73,60.82,112.25,0.9411,2,2,-1
64,5,76.90,445.86,44.98,81.32,0.9225,2,1,-1
64,6,829.18,448.67,37.16,78.72,0.9023,2,2,-1
64,9,650.87,488.21,29.83,89.62,0.9138,2,2,-1
64,10,1436.03,564.46,44.28,102.98,0.9224,2,2,-1
64,11,461.42,458.82,30.99,77.96,0.9117,2,2,-1
64,12,1243.15,506.43,31.27,100.96,0.9148,2,2,-1
64,13,960.13,514.02,43.74,99.38,0.9154,2,1,-1
64,14,767.11,445.10,21.55,76.84,0.8980,2,1,-1
64,15,1127.27,500.93,36.42,96.56,0.9134,2,1,-1
64,21,407.13,514.73,35.97,99.50,0.9211,3,0,-1
64,22,600.92,540.08,39.04,94.91,0.8820,2,1,-1
64,23,241.93,497.21,31.44,99.25,0.8991,2,1,-1
64,30,994.55,547.45,40.83,93.79,0.8695,2,1,-1
64,41,396.48,663.96,34.20,64.99,0.8765,2,1,-1
64,46,565.31,818.84,43.30,154.84,0.8929,2,1,-1
64,0,378.74,575.26,13.91,14.10,1.0,0,-1,-1
65,1,608.74,625.60,39.83,87.56,0.9070,2,2,-1
65,2,1099.90,649.99,54.45,122.41,0.9333,2,2,-1
65,3,1070.74,475.10,27.10,86.80,0.9084,2,2,-1
65,4,41.91,585.82,61.02,111.38,0.9399,2,2,-1
65,5,78.82,445.38,40.61,81.03,0.9124,2,1,-1
65,6,823.33,447.99,37.51,78.68,0.9138,2,2,-1
65,9,644.93,487.77,31.50,89.67,0.9041,2,2,-1
65,10,1429.99,563.62,40.55,102.45,0.9135,2,2,-1
65,11,459.82,457.98,28.17,78.14,0.9058,2,2,-1
65,12,1234.39,506.03,30.83,100.28,0.9165,2,2,-1
65,13,953.07,514.09,44.81,97.73,0.9189,2,1,-1
65,14,761.75,445.27,22.96,75.55,0.9021,2,1,-1
65,15,1119.45,500.08,35.65,96.07,0.8997,2,1,-1
65,21,405.58,514.08,34.53,99.61,0.9272,3,0,-1
65,22,597.72,538.60,40.67,94.10,0.8932,2,1,-1
65,23,238.83,497.33,29.48,97.64,0.9064,2,1,-1
65,30,988.06,546.38,48.79,94.16,0.8890,2,1,-1
65,41,398.09,658.47,34.66,69.85,0.8497,2,1,-1
65,46,562.81,808.95,42.92,158.87,0.8469,2,1,-1
65,0,374.97,574.83,14.47,13.65,1.0,0,-1,-1
66,1,605.87,622.02,47.06,90.20,0.9148,2,2,-1
66,2,1095.34,648.16,50.87,122.13,0.9341,2,2,-1
66,3,1064.95,475.78,26.66,85.55,0.9066,2,2,-1
66,4,43.57,585.13,57.43,110.95,0.9354,2,2,-1
66,5,80.41,444.53,36.24,80.90,0.8943,2,1,-1
66,6,817.35,447.80,37.49,78.32,0.9127,2,2,-1
66,9,640.29,487.21,32.00,88.68,0.9022,2,2,-1
66,10,1424.16,562.64,36.63,101.42,0.9132,2,2,-1
66,11,458.47,457.47,25.52,78.08,0.9033,2,2,-1
66,12,1225.87,505.60,30.11,99.17,0.9153,2,2,-1
66,13,946.53,513.42,45.14,97.37,0.9174,2,-1,-1
66,14,755.90,445.23,25.94,75.48,0.9076,2,1,-1
66,15,1111.28,499.10,35.25,95.55,0.8958,2,1,-1
66,21,403.98,513.81,33.27,95.67,0.9189,3,0,-1
66,22,593.88,536.33,45.65,96.48,0.9219,2,1,-1
66,23,234.43,497.16,28.46,96.94,0.9039,2,1,-1
66,30,980.34,539.91,57.01,99.29,0.9130,2,1,-1
66,41,400.39,664.52,29.76,62.41,0.8602,2,1,-1
66,46,560.08,801.20,41.65,162.22,0.8670,2,1,-1
66,0,370.49,574.63,14.43,13.24,1.0,0,-1,-1
67,1,602.41,603.31,60.07,108.52,0.9168,2,2,-1
67,2,1094.82,646.00,44.33,123.04,0.9303,2,2,-1
67,3,1059.43,474.76,26.80,85.69,0.9123,2,2,-1
67,4,46.17,583.99,51.62,111.14,0.9330,2,2,-1
67,5,82.56,444.02,30.38,79.76,0.9087,2,1,-1
67,6,813.20,447.56,35.94,77.65,0.9180,2,2,-1
67,9,636.03,487.16,34.52,85.70,0.8978,2,2,-1
67,10,1418.67,561.75,32.83,100.62,0.9168,2,2,-1
67,11,457.30,457.98,23.48,77.76,0.8997,2,2,-1
67,12,1217.02,504.98,30.68,99.27,0.9094,2,2,-1
67,13,942.14,513.16,44.55,95.32,0.9191,2,2,-1
67,14,750.04,445.39,30.39,75.00,0.9199,2,1,-1
67,15,1104.78,496.92,34.67,97.10,0.8978,2,1,-1
67,21,402.30,513.50,32.97,95.22,0.9123,3,0,-1
67,22,592.48,535.15,45.58,95.22,0.8131,2,1,-1
67,23,231.29,496.76,27.46,96.99,0.9052,2,1,-1
67,30,974.40,542.34,59.42,95.45,0.9089,2,1,-1
67,41,396.23,612.82,38.18,112.88,0.9144,2,1,-1
67,46,557.99,796.18,40.95,164.37,0.9239,2,1,-1
67,0,367.47,573.83,13.77,13.14,1.0,0,-1,-1
68,1,600.44,600.74,63.84,108.46,0.9226,2,2,-1
68,2,1095.04,644.21,38.85,121.84,0.9283,2,2,-1
68,3,1053.25,475.20,27.47,84.62,0.9114,2,2,-1
68,4,51.70,583.24,43.84,110.89,0.9300,2,2,-1
68,5,82.23,444.30,26.20,78.08,0.9074,2,1,-1
68,6,810.49,447.52,33.61,77.21,0.9078,2,2,-1
68,9,630.10,486.75,38.61,83.77,0.9097,2,2,-1
68,10,1411.74,560.67,29.94,100.15,0.9166,2,2,-1
68,11,455.75,457.99,23.59,77.19,0.8969,2,2,-1
68,12,1207.79,504.50,30.66,97.36,0.9140,2,2,-1
68,13,937.41,512.16,43.40,95.74,0.9158,2,2,-1
68,14,744.04,445.30,34.51,74.52,0.9189,2,1,-1
68,15,1097.00,494.74,34.45,98.70,0.8903,2,1,-1
68,21,400.47,513.46,32.75,93.81,0.9153,3,0,-1
68,23,228.04,496.65,27.54,96.19,0.9028,2,1,-1
68,30,968.26,545.95,60.17,90.65,0.9178,2,1,-1
68,41,396.11,610.94,37.28,113.25,0.9143,2,1,-1
68,46,553.53,795.00,41.74,161.38,0.9170,2,1,-1
68,0,362.98,572.90,14.30,13.87,1.0,0,-1,-1
69,1,600.64,601.39,62.51,104.94,0.9156,2,2,-1
69,2,1092.77,642.27,34.91,120.38,0.9207,2,2,-1
69,3,1046.55,474.90,29.13,84.57,0.9179,2,2,-1
69,4,56.05,582.40,35.46,110.09,0.9208,2,2,-1
69,5,82.45,444.47,25.29,78.84,0.9097,2,1,-1
69,6,805.74,447.27,32.24,77.08,0.9110,2,2,-1
69,9,624.75,486.53,41.45,84.29,0.9062,2,2,-1
69,10,1404.67,559.70,28.13,100.36,0.9188,2,2,-1
69,11,452.87,457.75,26.16,76.87,0.9006,2,2,-1
69,12,1198.88,503.58,31.66,97.19,0.9162,2,2,-1
69,13,936.16,511.69,39.33,95.77,0.9028,2,2,-1
69,14,738.54,446.02,35.92,73.75,0.9255,2,1,-1
69,15,1090.21,493.18,34.43,98.83,0.8918,2,1,-1
69,21,398.49,513.51,32.62,91.59,0.9220,3,0,-1
69,22,588.00,537.30,48.25,88.88,0.9151,2,1,-1
69,23,224.22,496.75,27.51,94.65,0.9044,2,1,-1
69,30,962.66,539.69,62.02,96.00,0.9228,2,1,-1
69,41,394.14,617.06,41.16,105.02,0.9159,2,1,-1
69,46,550.80,807.18,40.65,147.88,0.8920,2,1,-1
69,0,359.01,572.19,14.52,13.75,1.0,0,-1,-1
70,1,605.53,610.35,55.29,94.60,0.9098,2,-1,-1
70,2,1088.61,640.83,33.23,120.15,0.9191,2,2,-1
70,3,1039.31,475.17,30.95,83.96,0.9195,2,2,-1
70,4,58.87,582.23,32.86,109.72,0.9273,2,2,-1
70,5,81.38,444.80,26.97,77.76,0.9076,2,1,-1
70,6,802.06,447.55,30.88,76.47,0.9156,2,2,-1
70,9,619.47,486.76,43.45,82.17,0.9175,2,2,-1
70,10,1397.00,559.15,27.34,98.97,0.9184,2,2,-1
70,11,449.23,458.27,29.85,76.53,0.9118,2,2,-1
70,12,1191.31,502.78,31.02,96.71,0.9137,2,2,-1
70,13,936.66,510.90,34.51,93.23,0.8845,2,2,-1
70,14,732.82,446.80,39.21,73.06,0.9257,2,1,-1
70,15,1083.04,492.56,35.23,98.22,0.9043,2,1,-1
70,21,395.67,513.34,33.11,90.86,0.9194,3,0,-1
70,22,589.22,537.53,47.52,90.27,0.8916,2,1,-1
70,23,220.60,496.53,27.78,94.78,0.9011,2,1,-1
70,30,960.90,538.82,56.74,95.39,0.9274,2,1,-1
70,41,390.71,616.94,48.77,104.64,0.9247,2,1,-1
70,46,546.44,788.66,45.02,162.53,0.9176,2,1,-1
70,0,355.42,571.69,13.96,13.60,1.0,0,-1,-1
71,1,609.81,602.97,53.79,101.19,0.8992,2,1,-1
71,2,1085.45,639.95,33.31,119.80,0.9197,2,2,-1
71,3,1032.16,474.95,33.10,82.62,0.9243,2,2,-1
71,4,58.91,581.43,32.76,108.98,0.9252,2,2,-1
71,5,80.91,444.89,29.43,77.20,0.9154,2,1,-1
71,6,797.47,446.67,31.15,76.44,0.9113,2,2,-1
71,9,614.78,486.62,44.40,79.21,0.9131,2,2,-1
71,10,1390.23,558.45,28.96,98.19,0.9198,2,2,-1
71,11,445.13,458.35,33.28,75.92,0.9153,2,2,-1
71,12,1182.93,502.19,31.41,95.43,0.9216,2,2,-1
71,13,935.85,509.61,29.04,93.43,0.9104,2,2,-1
71,14,727.18,446.58,41.02,72.79,0.9304,2,1,-1
71,15,1076.44,491.19,35.00,97.01,0.9052,2,1,-1
71,21,393.34,511.99,33.35,93.66,0.9192,3,0,-1
71,23,216.79,496.57,27.98,93.48,0.9072,2,1,-1
71,24,593.72,545.30,38.18,80.49,0.8270,2,1,-1
71,30,959.45,541.10,51.14,91.49,0.9202,2,1,-1
71,41,387.08,616.60,55.86,103.34,0.9254,2,1,-1
71,46,543.05,789.76,48.45,155.26,0.9245,2,1,-1
71,0,351.21,571.14,14.54,13.67,1.0,0,-1,-1
72,1,618.51,601.38,48.28,101.30,0.8837,2,1,-1
72,2,1081.68,637.89,35.38,119.21,0.9146,2,2,-1
72,3,1025.66,474.77,35.14,82.28,0.9277,2,2,-1
72,4,58.58,580.60,34.83,108.33,0.9326,2,2,-1
72,5,80.05,444.83,31.68,76.45,0.9224,2,1,-1
72,6,793.43,446.36,30.70,75.79,0.9134,2,2,-1
72,9,611.74,486.00,43.24,69.59,0.9150,2,2,-1
72,10,1383.18,556.87,32.27,98.18,0.9209,2,2,-1
72,11,441.72,457.67,35.34,75.80,0.9153,2,2,-1
72,12,1175.64,500.58,32.21,95.37,0.9245,2,2,-1
72,13,933.66,509.14,27.03,93.45,0.9114,2,2,-1
72,14,722.36,446.22,41.47,72.33,0.9221,2,1,-1
72,15,1071.07,490.25,35.01,95.77,0.8992,2,1,-1
72,21,391.68,511.44,32.34,91.56,0.9202,3,0,-1
72,23,212.42,495.71,28.72,93.56,0.9068,2,1,-1
72,30,959.38,536.65,45.78,94.79,0.9124,2,1,-1
72,41,383.26,612.92,58.22,105.80,0.9280,2,1,-1
72,46,538.37,784.19,53.97,157.67,0.9299,2,1,-1
72,0,347.61,570.46,14.86,13.71,1.0,0,-1,-1
73,1,624.90,597.85,44.75,102.83,0.9205,2,1,-1
73,2,1074.54,637.82,42.66,118.72,0.9309,2,2,-1
73,3,1020.99,474.25,34.72,81.43,0.9204,2,2,-1
73,4,57.66,580.20,39.31,108.26,0.9356,2,2,-1
73,5,77.88,444.30,33.57,76.66,0.9246,2,1,-1
73,6,788.57,446.18,31.60,75.15,0.9199,2,2,-1
73,9,607.88,485.50,43.26,66.06,0.9116,2,2,-1
73,10,1374.80,555.79,36.77,98.30,0.9252,2,2,-1
73,11,437.91,457.84,35.84,74.35,0.9198,2,2,-1
73,12,1168.89,499.11,32.47,95.00,0.9193,2,2,-1
73,13,928.97,508.90,29.12,92.38,0.9075,2,2,-1
73,14,717.82,446.19,42.33,71.98,0.9271,2,1,-1
73,15,1065.62,488.87,35.10,95.86,0.9048,2,1,-1
73,21,390.23,510.25,32.21,91.65,0.9228,3,0,-1
73,22,599.10,543.51,41.30,82.48,0.6188,2,1,-1
73,23,208.67,495.31,28.80,93.15,0.9012,2,1,-1
73,30,960.59,536.19,42.06,93.22,0.7458,2,1,-1
73,41,379.49,608.35,59.49,108.91,0.9335,2,1,-1
73,46,534.75,781.97,59.02,154.57,0.9384,2,1,-1
73,0,344.15,569.39,14.57,13.70,1.0,0,-1,-1
74,1,623.62,595.31,44.41,103.15,0.9117,2,1,-1
74,2,1067.25,636.65,49.06,118.20,0.9272,2,2,-1
74,3,1015.66,473.54,33.93,80.97,0.9198,2,2,-1
74,4,55.63,579.96,45.41,107.82,0.9357,2,2,-1
74,5,75.56,444.41,33.45,75.97,0.9233,2,1,-1
74,6,784.17,446.32,31.52,74.35,0.9190,2,2,-1
74,8,966.16,577.92,24.73,51.14,0.8532,2,2,-1
74,9,602.93,484.87,44.12,63.81,0.9155,2,2,-1
74,10,1366.50,555.20,39.68,97.62,0.9232,2,2,-1
74,11,433.29,457.42,36.62,74.73,0.9148,2,2,-1
74,12,1161.30,498.29,33.63,93.71,0.9258,2,2,-1
74,13,922.40,508.78,34.85,92.36,0.9209,2,2,-1
74,14,713.54,445.55,41.91,72.19,0.9264,2,1,-1
74,15,1059.40,487.84,34.99,95.57,0.8868,2,1,-1
74,21,387.79,508.68,32.54,91.65,0.9305,3,0,-1
74,22,598.21,536.46,45.59,93.64,0.6105,2,1,-1
74,23,203.84,495.07,30.41,92.21,0.9062,2,1,-1
74,41,377.37,604.51,57.67,110.72,0.9408,2,1,-1
74,46,529.27,779.73,65.59,155.09,0.9305,2,1,-1
74,0,339.63,569.50,14.41,12.88,1.0,0,-1,-1
75,1,619.64,593.51,49.88,104.46,0.9340,2,1,-1
75,2,1061.36,635.73,51.82,117.37,0.9360,2,2,-1
75,3,1010.77,472.72,32.47,81.19,0.9234,2,2,-1
75,4,51.21,579.15,53.05,107.75,0.9324,2,2,-1
75,5,72.32,443.92,33.05,75.96,0.9237,2,1,-1
75,6,779.14,446.42,31.47,73.42,0.9134,2,2,-1
75,8,964.55,578.53,24.39,49.18,0.8647,2,2,-1
75,9,598.02,484.21,44.39,70.35,0.9114,2,2,-1
75,10,1357.98,553.55,41.15,97.51,0.9322,2,2,-1
75,11,428.87,457.32,36.54,73.56,0.9152,2,2,-1
75,12,1153.35,497.41,34.34,94.22,0.9228,2,2,-1
75,13,915.88,508.56,40.57,91.48,0.9264,2,2,-1
75,14,710.18,445.16,40.46,72.46,0.9213,2,1,-1
75,15,1053.14,486.69,36.38,95.47,0.9137,2,1,-1
75,21,386.11,507.16,31.60,90.46,0.9262,3,0,-1
75,23,199.55,494.30,30.14,91.60,0.9151,2,1,-1
75,24,596.95,554.34,33.45,67.83,0.7938,2,1,-1
75,38,964.20,531.83,26.59,55.11,0.7881,2,1,-1
75,41,375.74,599.31,55.53,114.60,0.9376,2,1,-1
75,46,524.92,781.43,70.51,150.50,0.9352,2,1,-1
75,0,335.71,568.66,14.43,13.41,1.0,0,-1,-1
76,1,617.87,591.81,54.30,104.45,0.9326,2,1,-1
76,2,1053.63,634.49,53.95,117.19,0.9273,2,2,-1
76,3,1007.30,472.83,30.27,80.55,0.9129,2,2,-1
76,4,48.69,578.74,57.07,106.83,0.9323,2,2,-1
76,5,71.25,443.99,31.14,75.37,0.9233,2,1,-1
76,6,774.06,446.60,31.80,72.91,0.9223,2,2,-1
76,9,596.20,483.34,40.05,70.19,0.9081,2,2,-1
76,10,1348.88,552.99,42.39,96.87,0.9268,2,2,-1
76,11,425.92,457.30,35.02,73.03,0.9126,2,2,-1
76,12,1146.56,496.69,34.63,93.84,0.9267,2,2,-1
76,13,910.30,508.37,44.00,91.44,0.9235,2,2,-1
76,14,705.54,445.03,39.20,72.17,0.9180,2,1,-1
76,15,1047.09,486.17,36.84,95.58,0.9026,2,1,-1
76,21,384.25,505.23,31.66,91.14,0.9244,3,0,-1
76,23,193.79,493.06,30.73,91.91,0.9044,2,1,-1
76,24,598.75,555.54,37.14,69.71,0.6838,2,1,-1
76,30,956.19,534.53,35.20,91.20,0.8880,2,1,-1
76,41,376.31,603.21,50.55,108.69,0.9235,2,1,-1
76,46,520.09,781.96,73.64,147.34,0.9410,2,1,-1
76,0,330.84,568.14,14.68,13.33,1.0,0,-1,-1
77,1,616.73,590.86,59.40,104.81,0.9327,2,1,-1
77,2,1047.38,632.91,52.49,117.79,0.9326,2,2,-1
77,3,1002.83,471.33,29.08,81.14,0.9005,2,2,-1
77,4,45.58,578.14,58.01,106.20,0.9375,2,2,-1
77,5,70.19,443.38,28.74,75.16,0.9190,2,1,-1
77,6,769.11,446.31,31.95,72.84,0.9185,2,2,-1
77,9,594.25,482.61,36.26,70.38,0.9011,2,2,-1
77,10,1339.87,552.30,42.83,95.94,0.9254,2,2,-1
77,11,423.26,456.40,33.37,73.04,0.9091,2,2,-1
77,12,1138.97,495.62,34.80,93.90,0.9220,2,2,-1
77,13,904.75,508.02,47.07,90.68,0.9331,2,2,-1
77,14,703.02,444.82,34.74,71.22,0.9123,2,1,-1
77,15,1041.28,485.65,37.18,94.24,0.9200,2,1,-1
77,21,381.62,504.86,31.53,90.97,0.9167,3,0,-1
77,23,189.49,492.43,31.00,92.06,0.9027,2,1,-1
77,30,952.99,538.95,38.97,86.72,0.8985,2,1,-1
77,41,379.44,634.48,40.50,74.02,0.9190,2,1,-1
77,46,515.98,781.52,75.26,145.50,0.9278,2,1,-1
77,0,326.85,567.07,14.12,13.72,1.0,0,-1,-1
78,1,616.63,590.98,59.17,101.25,0.9305,2,1,-1
78,2,1040.69,632.25,52.69,116.97,0.9351,2,2,-1
78,3,999.95,470.71,26.39,79.81,0.8974,2,2,-1
78,4,46.05,576.74,57.06,105.40,0.9324,2,2,-1
78,5,70.84,442.58,26.25,74.16,0.9166,2,1,-1
78,6,767.27,445.57,30.37,71.70,0.9194,2,2,-1
78,9,591.76,482.20,34.59,75.05,0.8890,2,2,-1
78,10,1332.32,551.22,41.50,95.22,0.9276,2,2,-1
78,11,422.78,455.95,31.47,72.91,0.9067,2,2,-1
78,12,1132.67,494.49,35.15,93.86,0.9241,2,2,-1
78,13,900.55,507.73,48.17,90.12,0.9295,2,2,-1
78,14,701.61,443.80,31.35,71.13,0.9051,2,1,-1
78,15,1035.60,484.63,37.72,94.10,0.9084,2,1,-1
78,21,380.03,504.03,31.94,90.76,0.9183,3,0,-1
78,23,185.85,491.58,30.52,91.94,0.9110,2,1,-1
78,30,947.68,539.50,46.19,85.24,0.9045,2,1,-1
78,41,376.42,602.19,42.59,103.45,0.9250,2,1,-1
78,46,512.93,773.59,77.31,151.03,0.9219,2,1,-1
78,0,323.14,566.13,14.10,14.59,1.0,0,-1,-1
79,1,619.68,590.77,54.55,99.46,0.9176,2,1,-1
79,2,1037.74,630.73,50.75,114.54,0.9348,2,2,-1
79,3,997.72,469.75,24.87,79.55,0.9010,2,2,-1
79,4,48.36,575.62,54.03,104.48,0.9252,2,2,-1
79,5,72.03,441.51,23.97,73.64,0.9064,2,1,-1
79,6,766.51,444.87,28.36,71.88,0.9176,2,2,-1
79,9,591.50,481.02,31.58,78.87,0.9051,2,2,-1
79,10,1325.23,550.42,40.65,94.41,0.9297,2,2,-1
79,11,424.09,454.88,27.55,73.39,0.9074,2,2,-1
79,12,1126.94,493.56,34.38,92.95,0.9251,2,2,-1
79,13,897.44,506.87,47.70,89.34,0.9321,2,2,-1
79,14,701.02,442.91,27.21,70.98,0.8913,2,1,-1
79,15,1030.50,484.59,38.67,92.87,0.9101,2,1,-1
79,21,379.37,503.77,34.02,89.70,0.9287,3,0,-1
79,23,183.04,490.65,30.61,91.97,0.9102,2,1,-1
79,24,595.31,557.58,42.35,73.34,0.8637,2,1,-1
79,30,942.73,539.57,51.17,83.37,0.9179,2,1,-1
79,41,384.84,643.65,28.82,59.81,0.8943,2,1,-1
79,46,510.97,770.59,75.94,150.37,0.9078,2,1,-1
79,0,321.20,565.57,14.02,12.91,1.0,0,-1,-1
80,1,626.38,590.42,48.79,98.08,0.8960,2,1,-1
80,2,1036.81,629.03,47.26,114.68,0.9292,2,2,-1
80,3,995.94,469.82,24.53,78.60,0.8988,2,2,-1
80,4,55.48,574.56,46.25,103.17,0.9211,2,2,-1
80,5,72.93,440.09,23.35,73.68,0.9075,2,1,-1
80,6,765.05,443.51,27.05,71.97,0.9134,2,2,-1
80,9,591.59,480.41,28.54,81.70,0.9006,2,2,-1
80,10,1319.07,548.74,40.85,94.17,0.9294,2,2,-1
80,11,424.26,454.30,25.79,72.95,0.9149,2,2,-1
80,12,1122.42,492.97,34.37,92.78,0.9242,2,2,-1
80,13,895.87,506.51,46.59,87.99,0.9276,2,2,-1
80,14,702.39,442.69,23.50,70.37,0.8811,2,1,-1
80,15,1027.89,484.07,39.46,92.57,0.9132,2,1,-1
80,21,378.85,503.84,37.00,88.72,0.9351,3,0,-1
80,22,597.16,542.58,41.68,88.10,0.8500,2,1,-1
80,23,180.42,489.95,31.12,91.67,0.9121,2,1,-1
80,30,937.72,529.46,54.99,92.40,0.9213,2,1,-1
80,41,383.58,593.67,38.21,108.38,0.9173,2,1,-1
80,46,509.67,768.69,74.59,151.15,0.9133,2,1,-1
80,0,318.22,564.51,14.67,13.47,1.0,0,-1,-1
81,1,634.77,589.28,44.09,98.10,0.8817,2,1,-1
81,2,1034.11,627.87,43.66,114.59,0.9242,2,2,-1
81,3,992.98,469.33,26.28,78.70,0.9070,2,2,-1
81,4,59.62,573.99,38.82,101.50,0.9140,2,2,-1
81,5,73.74,439.76,25.84,73.98,0.9066,2,1,-1
81,6,763.16,443.72,26.47,71.93,0.9109,2,2,-1
81,9,591.96,480.41,26.01,81.19,0.9000,2,2,-1
81,10,1312.22,548.38,41.75,94.28,0.9284,2,2,-1
81,11,423.81,454.67,26.32,72.69,0.9090,2,2,-1
81,12,1117.23,493.17,33.55,91.26,0.9202,2,2,-1
81,13,894.46,506.04,44.50,87.78,0.9258,2,2,-1
81,14,703.07,444.11,19.91,68.87,0.8901,2,1,-1
81,15,1024.83,483.86,38.77,92.16,0.9147,2,1,-1
81,21,377.31,504.09,39.22,88.09,0.9334,3,0,-1
81,22,599.94,542.58,39.22,87.42,0.8106,2,1,-1
81,23,178.36,489.81,31.40,91.24,0.9007,2,1,-1
81,30,936.24,533.99,53.47,87.68,0.9227,2,1,-1
81,41,386.50,592.97,37.15,108.83,0.9109,2,1,-1
81,46,512.60,767.59,65.49,148.78,0.9384,2,1,-1
81,0,315.83,564.68,14.47,13.02,1.0,0,-1,-1
82,1,641.44,588.55,38.84,98.52,0.9078,2,1,-1
82,2,1032.50,627.35,40.41,114.28,0.9154,2,2,-1
82,3,988.23,469.98,29.37,78.05,0.9043,2,2,-1
82,4,64.06,573.41,33.04,101.79,0.9293,2,2,-1
82,5,71.77,440.98,29.17,72.49,0.8986,2,1,-1
82,6,760.60,443.92,26.45,71.83,0.9135,2,2,-1
82,9,589.46,480.58,27.12,81.65,0.8963,2,2,-1
82,10,1306.86,548.06,40.90,93.58,0.9217,2,2,-1
82,11,423.21,454.88,27.61,72.13,0.9085,2,2,-1
82,12,1112.63,493.56,32.71,90.60,0.9258,2,2,-1
82,13,894.50,505.62,40.54,88.30,0.9250,2,2,-1
82,14,701.76,443.53,18.83,69.47,0.9015,2,1,-1
82,15,1021.18,483.14,38.43,91.32,0.9022,2,1,-1
82,21,375.27,504.47,39.64,87.11,0.9382,3,0,-1
82,22,614.41,523.19,24.76,53.12,0.8224,2,1,-1
82,23,177.23,489.68,31.30,90.47,0.8633,2,1,-1
82,26,605.45,581.62,27.47,47.97,0.7959,2,1,-1
82,30,932.76,539.92,51.98,81.56,0.9180,2,1,-1
82,41,386.53,597.96,36.30,103.21,0.8765,2,1,-1
82,46,515.80,766.47,58.09,147.69,0.9374,2,1,-1
82,0,313.87,564.89,13.66,12.35,1.0,0,-1,-1
83,1,641.84,586.33,39.72,100.44,0.9167,2,1,-1
83,2,1032.85,627.00,35.62,113.03,0.9208,2,2,-1
83,3,983.31,470.24,33.30,77.95,0.9062,2,2,-1
83,4,66.49,572.28,30.98,102.15,0.9232,2,2,-1
83,5,68.53,440.75,33.80,73.28,0.9065,2,1,-1
83,6,757.96,444.09,26.59,71.08,0.9143,2,2,-1
83,9,586.39,481.17,29.52,81.66,0.9000,2,2,-1
83,10,1300.49,546.90,41.68,93.87,0.9288,2,2,-1
83,11,422.06,455.08,28.83,72.11,0.9155,2,2,-1
83,12,1107.27,493.47,32.12,90.28,0.9164,2,2,-1
83,13,894.87,505.13,35.85,88.86,0.9237,2,2,-1
83,14,698.43,443.77,20.00,69.15,0.8998,2,1,-1
83,15,1017.32,482.94,38.08,91.30,0.9038,2,1,-1
83,21,373.26,504.30,38.70,87.80,0.9325,3,0,-1
83,22,617.58,521.50,20.64,39.47,0.7876,2,1,-1
83,23,172.90,490.34,33.68,90.24,0.8960,2,1,-1
83,26,605.88,583.81,25.53,46.23,0.7692,2,1,-1
83,30,930.31,527.82,51.53,93.51,0.9320,2,1,-1
83,41,385.64,593.43,43.29,107.73,0.9248,2,1,-1
83,46,519.62,765.87,52.81,146.91,0.9386,2,1,-1
83,0,311.61,564.69,13.65,13.04,1.0,0,-1,-1
84,1,640.61,585.28,43.13,100.49,0.9236,2,1,-1
84,2,1031.16,626.30,32.94,112.81,0.9236,2,2,-1
84,3,977.41,470.95,36.28,77.61,0.9192,2,2,-1
84,4,68.29,572.54,30.64,100.05,0.9197,2,2,-1
84,5,67.01,442.66,36.01,71.73,0.9024,2,1,-1
84,6,754.69,445.00,27.97,70.66,0.9161,2,2,-1
84,8,934.37,552.13,39.86,67.48,0.8732,2,2,-1
84,9,582.23,480.87,30.87,81.94,0.9037,2,2,-1
84,10,1295.08,546.16,40.99,93.48,0.9233,2,2,-1
84,11,420.08,455.64,30.39,71.41,0.9155,2,2,-1
84,12,1102.62,493.58,31.87,89.87,0.9252,2,2,-1
84,13,895.94,504.60,30.53,88.26,0.9042,2,2,-1
84,14,695.65,444.42,22.33,68.86,0.8992,2,1,-1
84,15,1014.95,482.55,35.97,91.38,0.8997,2,1,-1
84,21,372.50,503.47,37.23,88.24,0.9282,3,0,-1
84,22,612.69,520.05,34.50,75.19,0.7645,2,1,-1
84,23,169.51,490.30,36.23,90.53,0.9064,2,1,-1
84,26,607.37,583.43,23.90,47.27,0.8051,2,1,-1
84,41,383.46,594.65,47.88,106.00,0.9288,2,1,-1
84,46,524.69,766.73,47.47,144.49,0.9295,2,1,-1
84,0,308.64,564.98,13.68,12.39,1.0,0,-1,-1
85,1,638.85,585.43,48.57,99.71,0.9213,2,1,-1
85,2,1028.48,625.91,31.44,112.16,0.9159,2,2,-1
85,3,973.26,471.48,36.29,76.75,0.9099,2,2,-1
85,4,69.17,573.46,32.09,100.67,0.9280,2,2,-1
85,5,67.17,442.90,35.39,72.36,0.8890,2,1,-1
85,6,751.21,446.22,30.43,69.61,0.9250,2,2,-1
85,8,935.82,565.50,33.10,53.24,0.8876,2,2,-1
85,9,577.68,481.37,32.11,81.58,0.9110,2,2,-1
85,10,1290.66,545.37,39.08,93.17,0.9323,2,2,-1
85,11,417.86,455.79,30.96,71.35,0.9168,2,2,-1
85,12,1096.88,492.63,32.16,90.05,0.9190,2,2,-1
85,13,896.70,504.66,26.01,89.11,0.9030,2,2,-1
85,14,691.60,444.84,26.24,68.72,0.9191,2,1,-1
85,15,1012.43,481.62,33.16,91.10,0.9009,2,1,-1
85,21,372.53,503.45,36.08,87.38,0.9278,3,0,-1
85,22,615.26,519.52,33.37,86.84,0.8338,2,1,-1
85,23,165.74,490.95,38.19,90.15,0.9176,2,1,-1
85,41,380.91,594.62,51.92,105.81,0.9354,2,1,-1
85,46,529.34,764.65,42.83,143.75,0.9230,2,1,-1
85,0,305.41,564.26,14.10,13.82,1.0,0,-1,-1
86,1,637.26,585.16,54.78,97.89,0.9216,2,1,-1
86,2,1024.55,625.63,31.26,111.43,0.9253,2,2,-1
86,3,969.58,471.60,35.94,76.49,0.9018,2,2,-1
86,4,70.41,573.07,34.44,100.38,0.9301,2,2,-1
86,5,67.48,443.13,35.15,72.48,0.8842,2,1,-1
86,6,747.68,447.11,33.02,68.63,0.9207,2,2,-1
86,9,574.91,481.97,33.63,80.29,0.9123,2,2,-1
86,10,1287.15,544.80,37.05,92.28,0.9223,2,2,-1
86,11,416.08,455.95,31.27,71.56,0.9134,2,2,-1
86,12,1091.76,492.96,31.57,88.60,0.9228,2,2,-1
86,13,896.28,504.41,24.04,88.29,0.8970,2,2,-1
86,14,687.96,445.33,29.79,68.67,0.9143,2,1,-1
86,15,1008.98,480.00,30.71,91.11,0.9016,2,1,-1
86,21,374.11,502.54,33.51,85.66,0.9242,3,0,-1
86,23,162.62,490.95,39.80,90.42,0.9055,2,1,-1
86,24,600.26,548.23,37.11,82.00,0.8789,2,1,-1
86,30,937.65,528.12,32.45,88.84,0.8903,2,1,-1
86,41,378.85,596.33,54.46,103.69,0.9362,2,1,-1
86,46,529.15,763.07,42.33,143.98,0.9174,2,1,-1
86,0,303.63,564.89,14.04,12.87,1.0,0,-1,-1
87,1,636.95,585.07,54.82,97.18,0.9253,2,1,-1
87,2,1020.39,624.83,32.10,113.36,0.9324,2,2,-1
87,3,966.54,471.50,33.91,76.01,0.9074,2,2,-1
87,4,69.89,573.51,42.39,100.42,0.9332,2,2,-1
87,5,67.59,443.59,34.96,71.94,0.8826,2,1,-1
87,6,743.85,448.04,34.49,67.92,0.9152,2,2,-1
87,9,570.61,482.10,34.57,79.94,0.9238,2,2,-1
87,10,1284.35,544.47,34.10,92.30,0.9190,2,2,-1
87,11,414.58,456.26,31.57,71.05,0.9106,2,2,-1
87,12,1086.79,492.20,31.21,87.91,0.9212,2,2,-1
87,13,893.19,504.65,26.57,88.22,0.9062,2,2,-1
87,14,683.75,445.79,32.88,68.32,0.9171,2,1,-1
87,15,1005.85,480.45,28.87,91.03,0.9014,2,1,-1
87,21,374.64,501.52,31.44,85.38,0.9294,3,0,-1
87,23,158.07,490.92,41.48,89.85,0.9055,2,1,-1
87,24,598.53,548.97,40.05,80.66,0.9176,2,1,-1
87,30,938.79,527.14,28.96,90.01,0.8869,2,1,-1
87,41,376.64,594.57,55.58,104.13,0.9302,2,1,-1
87,46,525.37,761.44,45.22,144.40,0.9238,2,1,-1
87,0,300.85,564.43,13.79,13.72,1.0,0,-1,-1
88,1,639.94,586.34,49.97,94.69,0.9192,2,1,-1
88,2,1017.47,623.71,33.04,111.79,0.9266,2,2,-1
88,3,964.19,471.59,31.68,75.46,0.9063,2,2,-1
88,4,68.81,573.50,48.33,100.23,0.9347,2,2,-1
88,5,67.63,443.45,35.05,72.43,0.8972,2,1,-1
88,6,740.90,448.63,35.93,67.32,0.9196,2,2,-1
88,9,568.36,481.99,34.33,78.93,0.9175,2,2,-1
88,10,1281.12,544.21,31.20,91.51,0.9200,2,2,-1
88,11,412.59,456.73,31.97,69.97,0.9151,2,2,-1
88,12,1082.32,492.20,30.43,87.63,0.9184,2,2,-1
88,13,888.91,510.98,31.93,82.19,0.9198,2,2,-1
88,14,680.18,446.63,35.04,67.78,0.9240,2,1,-1
88,15,1003.29,480.10,27.51,90.43,0.9083,2,1,-1
88,21,374.64,500.62,30.67,85.53,0.9285,3,0,-1
88,23,155.99,491.16,41.87,89.14,0.9168,2,1,-1
88,24,596.37,546.93,43.69,82.89,0.9178,2,1,-1
88,30,936.40,527.70,29.35,89.15,0.8985,2,1,-1
88,41,375.00,592.82,55.67,105.20,0.9300,2,1,-1
88,46,521.09,759.53,50.88,145.18,0.9332,2,1,-1
88,0,298.54,563.92,13.76,14.34,1.0,0,-1,-1
89,1,646.52,586.48,46.83,93.97,0.9136,2,1,-1
89,2,1013.95,622.73,35.66,111.56,0.9332,2,2,-1
89,3,962.35,471.10,29.76,76.19,0.9021,2,2,-1
89,4,68.05,573.73,52.37,99.26,0.9306,2,2,-1
89,5,70.48,444.02,30.84,68.71,0.9115,2,1,-1
89,6,738.52,448.31,36.91,67.69,0.9222,2,2,-1
89,9,567.10,481.99,32.63,78.40,0.9121,2,2,-1
89,10,1277.51,543.71,28.64,90.89,0.9222,2,2,-1
89,11,410.61,456.87,31.72,69.18,0.9140,2,2,-1
89,12,1077.78,491.59,30.44,87.40,0.9147,2,2,-1
89,13,884.35,505.93,38.79,86.38,0.9256,2,2,-1
89,14,677.39,446.39,35.20,67.47,0.9275,2,1,-1
89,15,999.49,479.97,27.58,90.07,0.9028,2,1,-1
89,21,373.67,499.37,31.22,85.93,0.9251,3,0,-1
89,23,153.86,491.03,42.22,88.13,0.9192,2,1,-1
89,24,594.60,546.47,44.53,83.07,0.9067,2,1,-1
89,30,933.64,530.15,34.98,86.50,0.9131,2,1,-1
89,41,373.77,592.87,54.48,104.26,0.9248,2,1,-1
89,46,516.56,758.71,56.69,144.92,0.9369,2,1,-1
89,0,296.43,564.73,13.65,12.79,1.0,0,-1,-1
90,1,651.30,589.92,41.48,89.69,0.8409,2,1,-1
90,2,1009.46,622.15,37.39,110.85,0.9296,2,2,-1
90,3,959.39,470.34,27.01,75.78,0.8997,2,2,-1
90,4,66.06,573.63,50.96,98.62,0.9354,2,2,-1
90,5,71.18,443.94,27.39,68.60,0.9145,2,1,-1
90,6,736.85,448.43,36.01,67.18,0.9182,2,2,-1
90,9,565.72,481.12,30.44,78.93,0.9102,2,2,-1
90,10,1271.88,542.92,27.42,90.49,0.9161,2,2,-1
90,11,408.27,456.75,30.53,69.41,0.9137,2,2,-1
90,12,1072.18,491.23,30.91,87.10,0.9182,2,2,-1
90,13,879.14,506.32,41.77,85.38,0.9278,2,2,-1
90,14,673.15,446.27,35.24,67.63,0.9244,2,1,-1
90,15,994.51,479.98,29.84,89.58,0.9053,2,1,-1
90,21,371.49,499.32,31.34,85.18,0.9259,3,0,-1
90,23,151.96,490.90,40.48,87.15,0.9200,2,1,-1
90,24,592.55,549.16,43.98,80.89,0.9062,2,1,-1
90,30,927.88,527.78,45.40,88.19,0.9345,2,1,-1
90,41,372.02,589.88,53.15,105.90,0.9238,2,1,-1
90,46,513.00,757.61,60.51,143.98,0.9379,2,1,-1
90,0,292.99,564.16,13.75,12.40,1.0,0,-1,-1
91,1,657.53,584.35,40.13,94.22,0.9077,2,1,-1
91,2,1004.81,620.90,38.76,112.22,0.9352,2,2,-1
91,3,956.66,469.83,25.19,75.31,0.8966,2,2,-1
91,4,64.95,572.53,53.04,99.18,0.9392,2,2,-1
91,5,70.82,443.99,24.16,68.14,0.9046,2,1,-1
91,6,736.28,447.75,32.68,66.87,0.9120,2,2,-1
91,9,564.91,480.14,28.43,78.88,0.9040,2,2,-1
91,10,1265.81,542.42,26.87,89.80,0.9251,2,2,-1
91,11,406.43,455.88,29.18,69.65,0.9136,2,2,-1
91,12,1066.78,490.70,30.63,86.20,0.9088,2,2,-1
91,13,874.66,506.52,44.38,84.52,0.9255,2,2,-1
91,14,669.34,445.72,35.18,67.85,0.9210,2,1,-1
91,15,990.61,479.97,32.38,88.72,0.9256,2,1,-1
91,21,370.08,498.94,31.63,84.85,0.9282,3,0,-1
91,23,149.51,490.26,39.66,86.61,0.9181,2,1,-1
91,24,592.24,547.76,42.29,81.73,0.8994,2,1,-1
91,30,923.33,531.07,50.69,83.81,0.9228,2,1,-1
91,41,372.69,587.60,47.90,106.98,0.9311,2,1,-1
91,46,511.03,756.08,60.86,143.72,0.9448,2,1,-1
91,0,291.02,563.40,12.95,12.43,1.0,0,-1,-1
92,1,657.35,582.02,38.74,95.30,0.9120,2,1,-1
92,2,1001.14,619.61,40.22,111.21,0.9353,2,2,-1
92,3,953.78,469.34,24.45,75.10,0.8979,2,2,-1
92,4,65.04,571.74,52.84,98.69,0.9395,2,2,-1
92,5,71.13,443.51,23.17,68.08,0.9116,2,1,-1
92,6,737.30,446.63,29.05,67.23,0.8987,2,2,-1
92,9,565.77,479.59,25.52,78.56,0.9021,2,2,-1
92,10,1260.04,541.78,26.39,89.72,0.9189,2,2,-1
92,11,406.16,455.55,26.54,69.13,0.9125,2,2,-1
92,12,1062.89,489.74,30.20,86.48,0.9123,2,2,-1
92,13,871.06,506.39,45.99,83.06,0.9331,2,2,-1
92,14,667.05,444.93,34.91,68.30,0.9241,2,1,-1
92,15,986.52,480.24,34.12,87.66,0.9141,2,1,-1
92,21,369.52,498.58,32.23,84.61,0.9292,3,0,-1
92,23,149.27,489.47,37.31,87.33,0.9069,2,1,-1
92,24,593.31,544.96,39.78,83.27,0.8894,2,1,-1
92,30,918.51,530.21,55.22,83.92,0.9308,2,1,-1
92,41,375.18,587.18,41.10,105.88,0.9273,2,1,-1
92,46,511.22,753.38,59.40,143.95,0.9408,2,1,-1
92,0,288.94,563.01,13.15,12.48,1.0,0,-1,-1
93,1,657.17,579.49,42.21,97.06,0.9265,2,1,-1
93,2,997.18,619.13,42.86,110.35,0.9311,2,2,-1
93,3,951.33,468.83,25.35,75.54,0.9029,2,2,-1
93,4,67.36,570.45,50.13,98.50,0.9327,2,2,-1
93,5,71.87,443.29,23.82,68.58,0.9120,2,1,-1
93,6,739.03,446.41,25.64,67.31,0.8983,2,2,-1
93,9,566.43,479.38,24.52,78.27,0.9052,2,2,-1
93,10,1254.96,540.85,26.55,89.43,0.9220,2,2,-1
93,11,406.22,455.10,25.04,69.06,0.9140,2,2,-1
93,12,1058.81,489.56,30.69,86.14,0.9170,2,2,-1
93,13,869.08,506.31,45.43,82.60,0.9283,2,2,-1
93,14,666.59,444.01,34.48,68.77,0.9171,2,1,-1
93,15,983.53,479.74,35.53,87.12,0.9126,2,1,-1
93,18,379.81,637.50,33.27,54.23,0.8950,2,1,-1
93,21,369.57,498.71,33.61,84.24,0.9262,3,0,-1
93,22,621.27,513.65,31.71,83.92,0.8875,2,1,-1
93,23,149.55,489.55,34.37,86.37,0.8997,2,1,-1
93,24,596.49,543.65,35.20,83.69,0.8850,2,1,-1
93,30,916.07,529.98,55.82,83.31,0.9266,2,1,-1
93,41,385.24,586.46,23.20,59.59,0.6963,2,1,-1
93,46,512.73,750.87,58.34,143.99,0.9325,2,1,-1
93,0,288.08,562.61,12.66,12.20,1.0,0,-1,-1
94,1,656.31,578.24,46.77,98.72,0.9366,2,1,-1
94,2,994.90,618.83,42.78,109.52,0.9311,2,2,-1
94,3,948.73,469.02,26.75,74.97,0.9043,2,2,-1
94,4,71.53,569.83,46.40,98.80,0.9331,2,2,-1
94,5,73.48,443.37,26.42,68.21,0.9168,2,1,-1
94,6,738.86,445.82,23.33,67.71,0.8757,2,2,-1
94,9,566.07,479.53,24.33,78.03,0.9074,2,2,-1
94,10,1248.83,540.42,28.38,89.65,0.9172,2,2,-1
94,11,405.80,455.14,24.49,68.99,0.9117,2,2,-1
94,12,1055.82,489.46,30.45,85.69,0.9147,2,2,-1
94,13,868.77,506.44,44.17,82.34,0.9250,2,2,-1
94,14,666.65,444.41,33.26,68.31,0.8927,2,1,-1
94,15,980.24,480.26,34.51,86.30,0.8745,2,1,-1
94,18,380.49,586.97,38.69,104.38,0.9121,2,1,-1
94,21,370.17,499.33,34.39,83.14,0.9256,3,0,-1
94,22,620.63,513.78,35.37,83.79,0.9016,2,1,-1
94,23,149.84,489.15,33.03,86.87,0.9041,2,1,-1
94,24,599.90,544.23,31.09,82.92,0.8563,2,1,-1
94,30,915.58,530.87,54.41,82.45,0.9170,2,1,-1
94,46,515.22,748.08,56.04,143.82,0.9265,2,1,-1
94,0,287.23,562.65,12.96,12.16,1.0,0,-1,-1
95,1,656.59,578.07,51.16,97.59,0.9362,2,1,-1
95,2,990.74,618.54,43.55,109.67,0.9300,2,2,-1
95,3,946.00,468.86,28.17,74.43,0.9081,2,2,-1
95,4,76.25,569.27,40.43,99.66,0.9323,2,2,-1
95,5,73.49,443.90,28.56,68.00,0.9152,2,1,-1
95,6,738.09,446.65,21.98,66.43,0.8956,2,2,-1
95,9,566.01,479.70,24.37,77.57,0.9093,2,2,-1
95,10,1242.25,540.11,30.17,88.74,0.9188,2,2,-1
95,11,406.08,455.46,22.67,68.66,0.9085,2,2,-1
95,12,1051.92,489.99,30.10,85.04,0.9066,2,2,-1
95,13,870.31,506.05,40.89,82.07,0.9269,2,2,-1
95,14,666.84,444.74,32.10,68.05,0.8952,2,1,-1
95,15,977.90,479.81,34.90,86.17,0.9166,2,1,-1
95,18,385.23,584.96,31.05,105.95,0.9161,2,1,-1
95,21,369.83,499.35,34.95,82.69,0.9253,3,0,-1
95,22,623.33,513.84,34.91,82.71,0.9079,2,1,-1
95,23,148.38,488.95,31.38,86.68,0.9079,2,1,-1
95,24,603.21,541.93,27.68,85.41,0.8797,2,1,-1
95,30,915.69,529.11,51.15,83.52,0.9310,2,1,-1
95,46,519.03,746.75,53.48,141.15,0.9274,2,1,-1
95,0,285.16,562.75,12.72,12.07,1.0,0,-1,-1
96,1,656.81,578.78,52.61,94.72,0.9343,2,1,-1
96,2,988.00,618.26,42.71,109.26,0.9295,2,2,-1
96,3,942.53,469.03,29.87,73.61,0.8927,2,2,-1
96,4,80.07,569.47,34.29,98.57,0.9232,2,2,-1
96,5,73.35,444.05,29.58,67.81,0.9201,2,1,-1
96,6,735.63,447.13,24.85,66.39,0.9079,2,2,-1
96,9,565.75,479.79,24.80,77.22,0.9097,2,2,-1
96,10,1235.97,538.95,32.41,89.08,0.9241,2,2,-1
96,11,406.58,455.43,22.58,68.22,0.9089,2,2,-1
96,12,1047.72,489.80,30.43,85.05,0.9166,2,2,-1
96,13,872.27,505.05,36.74,82.60,0.9170,2,2,-1
96,14,666.60,445.10,31.08,67.35,0.9093,2,1,-1
96,15,975.15,479.63,33.68,85.11,0.9144,2,1,-1
96,18,386.25,585.18,29.08,105.02,0.9107,2,1,-1
96,21,369.67,499.04,35.34,83.04,0.9244,3,0,-1
96,22,625.15,514.60,32.84,82.88,0.9032,2,1,-1
96,23,147.11,488.69,29.29,86.06,0.8934,2,1,-1
96,24,603.95,541.27,25.95,85.07,0.8851,2,1,-1
96,30,917.05,529.40,46.11,82.31,0.9177,2,1,-1
96,46,523.31,745.02,49.35,136.18,0.9310,2,1,-1
96,0,283.53,562.65,12.33,12.00,1.0,0,-1,-1
97,1,660.33,579.22,49.76,93.58,0.9272,2,1,-1
97,2,985.38,617.05,42.91,108.58,0.9346,2,2,-1
97,3,939.67,468.90,30.89,72.87,0.9004,2,2,-1
97,4,85.42,569.15,29.24,97.81,0.9153,2,2,-1
97,5,72.93,443.58,30.15,68.54,0.9230,2,1,-1
97,6,732.50,447.81,31.32,66.30,0.9166,2,2,-1
97,8,921.96,562.47,36.47,48.11,0.8775,2,2,-1
97,9,563.45,479.61,27.56,78.34,0.9085,2,2,-1
97,10,1231.74,538.08,33.19,87.20,0.9250,2,2,-1
97,11,406.73,455.54,23.76,69.81,0.8973,2,2,-1
97,12,1044.10,489.83,30.60,84.74,0.9124,2,2,-1
97,13,876.17,503.41,31.53,83.58,0.9115,2,2,-1
97,14,666.72,444.97,30.22,66.82,0.9091,2,1,-1
97,15,973.04,479.45,33.27,85.45,0.9119,2,1,-1
97,18,384.35,585.73,32.56,103.24,0.9326,2,1,-1
97,21,370.29,498.65,34.10,82.24,0.9232,3,0,-1
97,22,629.05,515.68,30.25,81.48,0.8911,2,1,-1
97,23,145.70,488.64,28.76,85.48,0.9133,2,1,-1
97,24,604.48,540.79,28.25,85.11,0.8838,2,1,-1
97,46,524.83,742.68,48.29,135.38,0.9331,2,1,-1
97,0,282.03,562.47,12.78,12.43,1.0,0,-1,-1
98,1,665.41,580.29,44.86,91.26,0.9218,2,1,-1
98,2,988.32,615.98,39.90,107.33,0.9330,2,2,-1
98,3,937.32,468.83,32.20,71.72,0.9057,2,2,-1
98,4,88.90,568.88,28.79,97.60,0.9281,2,2,-1
98,5,73.71,443.94,29.67,68.32,0.9182,2,1,-1
98,6,730.18,448.69,35.79,65.39,0.9226,2,2,-1
98,9,561.82,479.84,30.30,77.46,0.9116,2,2,-1
98,10,1226.67,537.72,35.58,86.33,0.9229,2,2,-1
98,11,407.16,455.63,25.18,68.12,0.9009,2,2,-1
98,12,1041.27,489.44,30.40,84.68,0.9049,2,2,-1
98,13,879.53,502.06,27.12,84.16,0.8988,2,2,-1
98,14,666.60,445.19,28.73,66.20,0.9085,2,1,-1
98,15,972.67,479.31,31.18,83.66,0.9058,2,1,-1
98,18,384.14,584.62,39.31,104.03,0.9302,2,1,-1
98,21,372.59,497.79,32.23,80.54,0.9232,3,0,-1
98,22,636.18,515.80,25.56,80.22,0.8978,2,1,-1
98,23,144.71,488.67,28.45,84.74,0.9128,2,1,-1
98,24,603.48,542.46,35.72,83.69,0.9164,2,1,-1
98,30,924.87,527.32,34.26,82.34,0.8847,2,1,-1
98,46,525.97,741.19,47.30,135.45,0.9280,2,1,-1
98,0,280.20,562.43,13.25,12.40,1.0,0,-1,-1
99,1,673.32,579.30,40.66,90.96,0.8945,2,1,-1
99,2,988.84,614.58,37.77,107.29,0.9338,2,2,-1
99,3,935.55,468.99,33.01,70.45,0.9120,2,2,-1
99,4,91.65,568.60,31.37,97.42,0.9329,2,2,-1
99,5,74.71,444.13,29.48,67.38,0.9172,2,1,-1
99,6,728.05,448.94,38.23,64.93,0.9260,2,2,-1
99,9,560.64,480.13,31.59,76.47,0.9188,2,2,-1
99,10,1222.98,537.28,38.22,86.45,0.9259,2,2,-1
99,11,406.98,455.72,27.34,67.43,0.9055,2,2,-1
99,12,1038.54,489.08,29.62,83.92,0.9133,2,2,-1
99,13,882.49,500.31,24.03,85.36,0.8915,2,2,-1
99,14,666.57,445.11,27.16,66.51,0.9074,2,1,-1
99,15,973.33,478.65,28.88,83.43,0.9083,2,1,-1
99,18,385.28,584.65,43.35,103.80,0.9302,2,1,-1
99,21,374.98,496.65,31.07,80.15,0.9169,3,0,-1
99,22,638.65,515.23,25.17,80.29,0.9056,2,1,-1
99,23,144.34,488.61,28.27,84.95,0.9121,2,1,-1
99,24,601.75,543.58,42.02,82.44,0.9220,2,1,-1
99,38,931.85,558.14,21.44,50.42,0.7902,2,1,-1
99,46,528.63,739.37,45.74,134.78,0.9267,2,1,-1
99,0,279.87,562.01,13.21,12.52,1.0,0,-1,-1
100,1,682.75,578.15,37.05,90.83,0.9079,2,1,-1
100,2,988.69,612.94,37.42,107.76,0.9336,2,2,-1
100,3,934.39,468.45,33.14,70.24,0.9194,2,2,-1
100,4,94.58,568.28,35.18,96.43,0.9297,2,2,-1
100,5,77.11,443.16,27.57,67.36,0.9204,2,1,-1
100,6,727.30,449.04,38.60,65.13,0.9256,2,2,-1
100,7,-0.13,553.58,9.40,67.13,0.6145,2,1,-1
100,9,560.53,480.08,32.61,75.87,0.9230,2,2,-1
100,10,1220.67,536.21,39.31,86.84,0.9243,2,2,-1
100,11,407.18,455.82,28.76,66.27,0.9090,2,2,-1
100,12,1035.65,488.20,28.83,83.79,0.9186,2,2,-1
100,13,884.18,500.33,23.58,83.65,0.8988,2,2,-1
100,14,667.23,445.12,26.45,66.69,0.9051,2,1,-1
100,15,973.61,477.89,27.24,83.20,0.9021,2,1,-1
100,18,386.11,584.15,46.05,103.59,0.9340,2,1,-1
100,21,377.78,495.19,30.31,79.68,0.9169,3,0,-1
100,22,640.53,513.36,27.09,81.38,0.9096,2,1,-1
100,23,144.13,488.59,28.39,84.27,0.9088,2,1,-1
100,24,600.12,543.18,45.85,82.67,0.9277,2,1,-1
100,30,930.33,526.76,28.99,81.91,0.7931,2,1,-1
100,46,530.69,738.03,44.86,135.36,0.9365,2,1,-1
100,0,279.60,561.60,13.42,12.29,1.0,0,-1,-1
101,1,686.42,576.05,36.54,92.22,0.9188,2,1,-1
101,2,989.41,611.60,36.99,107.59,0.9350,2,2,-1
101,3,933.09,468.06,33.22,70.49,0.9128,2,2,-1
101,4,96.29,567.63,41.11,96.61,0.9301,2,2,-1
101,5,80.69,442.70,25.04,67.00,0.9166,2,1,-1
101,6,726.80,447.70,37.96,65.40,0.9224,2,2,-1
101,7,0.49,560.52,12.23,84.08,0.6210,2,1,-1
101,9,560.30,479.61,33.68,75.29,0.9197,2,2,-1
101,10,1218.57,535.14,40.51,85.96,0.9302,2,2,-1
101,11,408.14,455.76,29.11,65.31,0.9031,2,2,-1
101,12,1033.45,487.32,29.85,83.10,0.9236,2,2,-1
101,13,886.39,500.65,27.02,83.56,0.9090,2,2,-1
101,14,668.24,445.46,25.39,64.97,0.9034,2,1,-1
101,15,972.57,476.73,27.96,83.43,0.9087,2,1,-1
101,18,386.55,583.47,47.27,102.48,0.9338,2,1,-1
101,21,380.54,493.74,29.61,80.59,0.9156,3,0,-1
101,22,642.16,511.26,29.24,81.55,0.8982,2,-1,-1
101,23,143.91,488.03,28.41,84.09,0.9113,2,1,-1
101,24,600.42,542.67,47.21,82.64,0.9262,2,1,-1
101,30,931.36,529.50,28.55,76.92,0.8640,2,1,-1
101,46,532.60,735.68,48.42,134.96,0.9448,2,1,-1
101,0,279.81,560.88,13.52,12.69,1.0,0,-1,-1
102,1,686.76,574.86,39.48,93.17,0.9260,2,1,-1
102,2,989.99,610.53,35.54,106.61,0.9324,2,2,-1
102,3,932.54,467.58,31.32,66.54,0.9059,2,2,-1
102,4,96.04,567.30,46.83,95.68,0.9363,2,2,-1
102,5,84.40,442.49,22.14,64.88,0.9054,2,1,-1
102,6,728.17,446.56,35.50,65.76,0.9108,2,2,-1
102,7,0.93,557.24,19.83,85.67,0.8622,2,1,-1
102,9,560.40,479.09,33.64,74.78,0.9143,2,2,-1
102,10,1216.47,534.54,40.63,85.98,0.9370,2,2,-1
102,11,408.58,455.20,28.34,65.06,0.9013,2,2,-1
102,12,1031.62,486.36,29.33,81.72,0.9168,2,2,-1
102,13,885.28,501.56,32.42,82.18,0.9263,2,2,-1
102,14,668.25,445.14,25.60,64.54,0.9030,2,1,-1
102,15,971.33,476.19,29.80,83.84,0.8923,2,1,-1
102,18,386.76,582.93,47.75,101.43,0.9264,2,1,-1
102,21,382.91,492.36,30.81,81.22,0.9173,3,0,-1
102,22,641.14,509.33,34.07,82.13,0.9122,2,2,-1
102,23,143.36,487.52,28.28,83.53,0.9091,2,1,-1
102,24,600.76,541.53,48.12,83.16,0.9275,2,1,-1
102,30,930.17,530.40,34.72,76.17,0.9071,2,1,-1
102,46,534.65,734.87,53.59,134.90,0.9411,2,1,-1
102,0,279.26,559.76,13.72,13.14,1.0,0,-1,-1
103,1,686.07,573.26,43.78,92.88,0.9297,2,1,-1
103,2,989.50,609.46,35.48,105.39,0.9324,2,2,-1
103,3,931.62,466.36,30.37,67.60,0.8992,2,2,-1
103,4,96.38,566.15,49.87,95.54,0.9342,2,2,-1
103,5,87.78,442.46,22.39,63.87,0.9065,2,1,-1
103,6,729.24,445.50,32.58,65.74,0.8943,2,2,-1
103,7,1.23,548.06,28.66,92.61,0.9143,2,1,-1
103,9,560.39,477.75,31.03,75.05,0.9117,2,2,-1
103,10,1215.08,533.04,39.68,86.30,0.9286,2,2,-1
103,11,408.90,454.16,26.90,65.22,0.9023,2,2,-1
103,12,1029.17,484.92,28.94,82.20,0.9183,2,2,-1
103,13,882.22,501.84,38.74,81.14,0.9312,2,2,-1
103,14,667.59,444.70,26.35,64.14,0.9004,2,1,-1
103,15,969.95,474.87,31.80,83.42,0.8947,2,1,-1
103,18,387.59,582.00,48.33,100.53,0.9220,2,1,-1
103,21,384.13,491.53,30.60,81.20,0.9154,3,0,-1
103,22,641.34,508.24,40.30,81.60,0.9201,2,2,-1
103,23,142.80,487.29,28.19,82.96,0.9039,2,1,-1
103,24,602.70,540.39,45.44,82.41,0.9274,2,1,-1
103,30,928.54,530.12,41.22,76.06,0.9151,2,1,-1
103,46,534.17,734.58,56.81,133.49,0.9429,2,1,-1
103,0,278.95,558.88,13.28,12.98,1.0,0,-1,-1
104,1,687.01,571.75,48.69,92.05,0.9286,2,1,-1
104,2,988.19,608.41,36.78,104.74,0.9308,2,2,-1
104,3,930.57,464.97,28.77,68.62,0.8949,2,2,-1
104,4,96.60,564.38,51.86,95.76,0.9345,2,2,-1
104,5,88.86,441.19,23.24,63.93,0.9063,2,1,-1
104,6,731.88,443.42,28.61,66.44,0.8901,2,2,-1
104,7,1.16,546.51,33.41,93.35,0.9162,2,1,-1
104,9,562.07,475.61,29.67,75.69,0.9066,2,2,-1
104,10,1212.26,531.99,39.22,85.24,0.9229,2,2,-1
104,11,409.02,453.16,25.73,65.16,0.9012,2,2,-1
104,12,1026.34,483.17,29.30,82.28,0.9161,2,2,-1
104,13,880.80,501.32,42.54,80.37,0.9238,2,2,-1
104,14,666.86,444.25,28.17,62.70,0.9068,2,1,-1
104,15,968.65,475.12,31.85,80.90,0.8318,2,1,-1
104,18,388.34,578.31,47.39,102.21,0.9123,2,1,-1
104,21,384.87,491.03,31.62,80.58,0.9193,3,0,-1
104,22,641.22,507.83,43.92,80.53,0.9183,2,2,-1
104,23,141.76,486.28,28.43,82.50,0.9130,2,1,-1
104,24,604.28,538.51,42.33,82.62,0.9234,2,1,-1
104,30,926.50,529.52,44.97,74.55,0.9160,2,1,-1
104,46,534.19,731.87,57.34,133.39,0.9443,2,1,-1
104,0,277.58,556.89,13.27,13.18,1.0,0,-1,-1
105,1,687.50,571.03,50.42,90.42,0.9324,2,1,-1
105,2,986.71,606.70,38.28,104.66,0.9310,2,2,-1
105,3,930.05,463.57,27.94,71.66,0.8690,2,2,-1
105,4,96.95,563.25,51.62,94.98,0.9351,2,2,-1
105,5,89.68,441.47,24.82,62.67,0.8863,2,1,-1
105,6,734.97,442.38,24.27,66.33,0.8886,2,2,-1
105,7,0.59,544.99,35.61,93.93,0.9117,2,1,-1
105,9,563.08,474.40,25.58,75.19,0.9078,2,2,-1
105,10,1209.68,530.70,38.10,84.21,0.9287,2,2,-1
105,11,408.94,451.48,23.91,65.35,0.8980,2,2,-1
105,12,1023.80,481.98,28.89,82.10,0.9156,2,2,-1
105,13,876.94,500.24,46.50,79.88,0.9326,2,2,-1
105,14,665.02,443.76,30.09,62.56,0.9071,2,1,-1
105,15,971.93,499.79,22.33,54.14,0.7211,2,1,-1
105,18,390.02,576.67,44.86,101.17,0.9130,2,1,-1
105,21,385.59,490.14,34.44,79.42,0.9202,3,0,-1
105,22,640.58,507.07,43.98,79.84,0.9204,2,2,-1
105,23,140.91,485.15,28.54,82.47,0.9063,2,1,-1
105,24,608.16,537.04,37.83,83.23,0.9214,2,1,-1
105,30,924.00,530.27,47.18,72.46,0.9182,2,1,-1
105,46,533.32,729.94,56.90,131.97,0.9409,2,1,-1
105,0,277.19,555.93,12.33,12.75,1.0,0,-1,-1
106,1,689.66,570.75,48.22,89.22,0.9279,2,1,-1
106,2,984.39,605.18,39.67,104.14,0.9311,2,2,-1
106,3,930.78,462.41,27.36,73.71,0.8589,2,2,-1
106,4,98.71,561.48,50.50,93.26,0.9308,2,2,-1
106,5,88.23,439.67,29.24,62.94,0.9059,2,1,-1
106,6,737.76,441.24,21.03,66.17,0.8885,2,2,-1
106,7,0.30,542.90,37.09,94.39,0.9179,2,1,-1
106,9,566.59,473.11,22.18,75.19,0.9035,2,2,-1
106,10,1208.23,529.01,37.36,84.19,0.9310,2,2,-1
106,11,409.74,450.18,22.64,65.95,0.8982,2,2,-1
106,12,1021.51,480.44,29.06,82.00,0.9098,2,2,-1
106,13,873.86,498.39,49.97,80.87,0.9342,2,2,-1
106,14,663.28,443.51,31.39,62.00,0.9135,2,1,-1
106,15,964.06,472.45,35.79,79.87,0.8366,2,1,-1
106,18,392.05,575.27,42.49,99.42,0.9083,2,1,-1
106,21,385.45,489.47,36.94,78.44,0.9302,3,0,-1
106,22,646.26,506.09,41.49,78.61,0.9157,2,2,-1
106,23,140.44,484.32,28.24,81.24,0.9031,2,1,-1
106,26,615.57,570.27,26.08,47.78,0.8732,2,1,-1
106,30,922.52,530.53,48.81,71.20,0.9174,2,1,-1
106,46,533.10,726.62,56.22,132.59,0.9429,2,1,-1
106,0,276.48,554.61,12.86,13.23,1.0,0,-1,-1
107,1,695.17,569.54,45.12,88.17,0.9233,2,1,-1
107,2,981.86,603.36,41.05,102.79,0.9292,2,2,-1
107,3,931.29,461.13,24.81,72.58,0.8749,2,2,-1
107,4,102.91,559.24,45.92,92.64,0.9264,2,2,-1
107,5,87.58,438.15,31.28,63.31,0.9043,2,1,-1
107,6,739.12,440.42,20.08,66.06,0.8850,2,2,-1
107,7,0.14,540.98,37.81,94.94,0.9143,2,1,-1
107,9,568.46,471.64,20.91,74.56,0.9004,2,2,-1
107,10,1204.65,527.41,37.25,83.51,0.9282,2,2,-1
107,11,409.54,448.59,21.91,66.25,0.8960,2,2,-1
107,12,1018.23,479.22,29.56,81.89,0.9052,2,2,-1
107,13,874.17,496.71,47.97,80.53,0.9330,2,2,-1
107,14,660.92,441.31,33.71,63.92,0.9149,2,1,-1
107,15,962.58,470.49,36.89,80.15,0.8422,2,1,-1
107,18,395.01,573.67,38.07,98.21,0.9110,2,1,-1
107,21,384.16,488.65,37.90,77.94,0.9291,3,0,-1
107,22,651.69,505.17,38.54,78.52,0.9090,2,2,-1
107,23,139.13,482.35,28.57,81.51,0.9059,2,1,-1
107,24,616.39,533.97,27.14,76.12,0.8718,2,1,-1
107,30,920.72,517.81,50.01,81.70,0.9186,2,1,-1
107,46,533.82,723.04,54.36,132.02,0.9452,2,1,-1
107,0,275.23,553.37,13.02,13.13,1.0,0,-1,-1
108,1,701.79,568.59,41.94,87.62,0.9045,2,1,-1
108,2,978.83,601.46,42.59,102.57,0.9299,2,2,-1
108,3,931.12,459.92,22.69,68.48,0.8826,2,2,-1
108,4,107.53,557.60,39.65,91.96,0.9227,2,2,-1
108,5,87.54,436.70,33.20,63.22,0.9097,2,1,-1
108,6,738.25,439.38,21.56,65.81,0.9063,2,2,-1
108,7,0.21,538.72,38.99,95.60,0.9170,2,1,-1
108,9,568.40,471.01,23.48,74.43,0.9048,2,2,-1
108,10,1202.17,525.88,34.97,83.24,0.9250,2,2,-1
108,11,409.00,447.46,21.79,65.07,0.9028,2,2,-1
108,12,1015.51,478.39,29.74,81.71,0.9100,2,2,-1
108,13,875.45,495.56,44.66,79.75,0.9313,2,2,-1
108,14,659.67,440.55,35.35,63.04,0.9043,2,1,-1
108,15,960.36,468.91,38.75,79.99,0.8529,2,1,-1
108,18,399.13,571.35,33.09,98.58,0.9170,2,1,-1
108,21,383.24,487.16,38.99,78.57,0.9300,3,0,-1
108,22,658.04,503.04,35.66,78.90,0.9019,2,2,-1
108,23,138.12,480.41,28.77,81.38,0.9029,2,1,-1
108,24,618.83,532.25,26.72,83.06,0.9042,2,1,-1
108,30,922.81,515.62,45.87,82.07,0.9070,2,1,-1
108,46,534.69,719.67,51.60,132.64,0.9457,2,1,-1
108,0,274.71,552.41,12.95,12.00,1.0,0,-1,-1
109,1,710.56,566.56,38.01,88.04,0.9028,2,1,-1
109,2,976.29,599.70,43.61,101.53,0.9360,2,2,-1
109,3,929.27,458.75,22.43,69.86,0.8958,2,2,-1
109,4,112.16,555.63,33.94,92.41,0.9233,2,2,-1
109,5,88.04,435.57,33.34,62.73,0.9005,2,1,-1
109,6,737.35,438.79,24.83,64.97,0.9090,2,2,-1
109,7,0.76,537.65,41.27,94.90,0.9065,2,1,-1
109,9,567.32,470.25,27.00,74.01,0.9085,2,2,-1
109,10,1199.58,523.80,33.57,84.01,0.9261,2,2,-1
109,11,408.71,446.45,22.15,64.52,0.9017,2,2,-1
109,12,1012.57,476.63,30.54,81.68,0.9073,2,2,-1
109,13,878.26,493.52,40.26,80.17,0.9248,2,2,-1
109,14,659.18,441.30,34.12,61.10,0.8657,2,1,-1
109,15,957.26,466.93,41.59,80.12,0.8985,2,1,-1
109,18,401.92,570.01,30.70,97.49,0.9243,2,1,-1
109,21,384.21,485.10,38.21,78.89,0.9292,3,0,-1
109,22,662.58,499.50,31.97,80.34,0.9132,2,2,-1
109,23,136.91,478.99,28.85,81.76,0.9100,2,1,-1
109,24,619.33,531.25,29.03,82.81,0.9108,2,1,-1
109,30,925.69,514.50,41.06,80.95,0.8860,2,1,-1
109,46,536.74,717.30,48.78,129.61,0.9437,2,1,-1
109,0,273.10,551.63,13.07,11.69,1.0,0,-1,-1
110,1,713.14,563.17,37.03,88.83,0.9049,2,1,-1
110,2,973.37,597.99,44.37,99.59,0.9322,2,2,-1
110,3,928.20,457.34,22.92,70.03,0.8964,2,2,-1
110,4,117.99,553.78,30.36,93.57,0.9167,2,2,-1
110,5,89.10,434.95,34.00,62.61,0.8790,2,1,-1
110,6,735.34,437.94,29.07,64.98,0.9143,2,2,-1
110,7,6.20,535.74,37.35,94.53,0.9083,2,1,-1
110,9,564.66,468.90,31.77,74.37,0.9145,2,2,-1
110,10,1197.10,521.88,32.07,82.77,0.9265,2,2,-1
110,11,408.61,445.24,22.74,64.50,0.8996,2,2,-1
110,12,1010.44,475.66,30.17,81.00,0.9152,2,2,-1
110,13,881.73,491.97,34.26,80.12,0.9193,2,2,-1
110,14,661.08,438.93,33.37,62.01,0.8734,2,1,-1
110,15,955.38,466.08,40.88,79.91,0.8699,2,1,-1
110,18,403.05,568.13,32.69,98.22,0.9255,2,1,-1
110,21,386.29,483.77,36.07,76.69,0.9269,3,0,-1
110,22,662.90,496.04,31.83,82.19,0.9179,2,2,-1
110,23,136.30,478.24,28.58,81.08,0.9035,2,1,-1
110,24,618.97,531.00,32.32,81.90,0.9069,2,1,-1
110,30,929.03,511.29,36.30,81.33,0.8522,2,1,-1
110,46,541.68,714.17,45.90,127.41,0.9432,2,1,-1
110,0,272.35,550.04,13.05,12.14,1.0,0,-1,-1
111,1,713.24,561.35,36.93,89.06,0.9184,2,1,-1
111,2,970.29,596.13,46.01,99.65,0.9321,2,2,-1
111,3,926.47,456.54,24.90,69.81,0.8898,2,2,-1
111,4,121.27,552.27,29.14,93.53,0.9223,2,2,-1
111,5,89.53,433.92,33.84,62.15,0.8989,2,1,-1
111,6,732.87,437.52,32.84,64.39,0.9181,2,2,-1
111,7,12.77,534.45,34.55,94.09,0.8762,2,1,-1
111,9,562.37,468.03,35.39,74.37,0.9206,2,2,-1
111,10,1194.18,520.02,31.00,82.62,0.9260,2,2,-1
111,11,407.68,444.16,23.51,62.72,0.8950,2,2,-1
111,12,1008.86,474.75,30.59,80.69,0.9048,2,2,-1
111,13,886.52,490.14,27.83,80.60,0.9077,2,2,-1
111,14,663.21,437.07,30.57,61.05,0.8863,2,1,-1
111,15,957.27,464.07,39.11,80.07,0.8939,2,1,-1
111,18,404.55,565.81,34.18,99.16,0.9203,2,1,-1
111,21,388.25,481.48,33.86,76.44,0.9196,3,0,-1
111,22,664.33,494.81,32.58,81.01,0.9211,2,2,-1
111,23,134.96,477.14,27.70,81.05,0.8641,2,1,-1
111,24,617.81,530.35,36.03,81.70,0.9190,2,1,-1
111,30,933.56,508.90,31.52,81.79,0.8363,2,1,-1
111,46,543.94,711.38,43.99,128.01,0.9404,2,1,-1
111,0,271.78,548.41,12.99,12.63,1.0,0,-1,-1
112,1,713.79,558.91,41.38,91.50,0.9283,2,1,-1
112,2,968.95,593.81,46.15,99.89,0.9318,2,2,-1
112,3,924.53,456.02,27.85,70.72,0.8978,2,2,-1
112,4,124.60,551.53,29.12,92.93,0.9232,2,2,-1
112,5,92.32,431.70,30.80,62.22,0.9035,2,1,-1
112,6,732.00,436.89,34.81,64.24,0.9194,2,2,-1
112,7,17.15,533.52,35.30,93.62,0.9113,2,1,-1
112,9,561.72,467.56,36.87,73.57,0.9233,2,2,-1
112,10,1192.67,518.54,29.91,81.99,0.9265,2,2,-1
112,12,1008.41,474.02,30.17,80.13,0.9019,2,2,-1
112,13,890.07,488.45,23.57,80.84,0.8989,2,2,-1
112,14,664.39,435.71,28.75,61.02,0.8934,2,1,-1
112,15,955.68,462.44,37.14,80.04,0.8925,2,1,-1
112,18,405.91,565.29,37.12,98.26,0.9188,2,1,-1
112,21,391.58,479.86,31.21,76.28,0.9070,3,0,-1
112,22,665.86,494.16,35.81,80.58,0.9341,2,2,-1
112,23,135.25,476.04,26.37,80.17,0.8898,2,1,-1
112,24,617.44,530.33,38.91,80.51,0.9281,2,1,-1
112,38,938.40,529.32,26.02,60.79,0.8628,2,1,-1
112,46,545.82,709.56,42.58,127.78,0.9346,2,1,-1
112,0,271.71,547.15,13.28,12.13,1.0,0,-1,-1
113,1,715.84,557.41,45.83,91.04,0.9361,2,1,-1
113,2,969.04,592.01,45.77,98.64,0.9307,2,2,-1
113,3,924.01,455.70,29.26,70.27,0.8954,2,2,-1
113,4,126.66,551.08,30.80,92.72,0.9234,2,2,-1
113,5,96.23,430.97,26.58,61.93,0.9003,2,1,-1
113,6,732.92,436.68,35.32,64.16,0.9165,2,2,-1
113,7,19.91,533.32,37.98,93.11,0.9218,2,1,-1
113,9,561.98,466.96,37.25,72.75,0.9240,2,2,-1
113,10,1192.49,517.31,28.92,82.58,0.9238,2,2,-1
113,12,1008.40,473.20,29.66,79.83,0.9098,2,2,-1
113,13,893.99,487.82,21.33,80.28,0.9011,2,2,-1
113,14,667.08,437.47,25.30,57.82,0.8555,2,1,-1
113,15,957.02,461.60,34.54,79.64,0.8869,2,1,-1
113,18,406.36,563.77,41.53,99.90,0.9299,2,1,-1
113,21,394.31,478.05,30.60,77.48,0.9104,3,0,-1
113,22,667.89,494.21,36.78,77.24,0.9239,2,2,-1
113,23,134.87,475.29,26.16,81.08,0.8803,2,1,-1
113,24,617.55,530.59,39.38,80.50,0.9188,2,1,-1
113,38,940.05,523.57,27.62,65.78,0.8088,2,1,-1
113,46,546.11,707.27,44.01,129.22,0.9238,2,1,-1
113,0,272.04,546.83,12.71,11.94,1.0,0,-1,-1
114,1,719.20,557.39,48.41,91.43,0.9354,2,1,-1
114,2,969.93,590.94,46.22,100.18,0.9351,2,2,-1
114,3,925.34,455.37,28.94,70.51,0.9003,2,2,-1
114,4,127.23,552.03,38.22,91.42,0.9257,2,2,-1
114,5,100.10,429.89,22.61,63.26,0.8977,2,1,-1
114,6,736.53,436.21,34.81,64.70,0.9168,2,2,-1
114,7,23.03,533.29,41.46,93.88,0.9312,2,1,-1
114,9,563.24,466.32,36.75,72.60,0.9195,2,2,-1
114,10,1193.28,516.72,28.73,82.48,0.9198,2,2,-1
114,11,409.89,441.84,28.66,62.65,0.9035,2,2,-1
114,12,1009.52,473.22,29.18,79.30,0.9074,2,2,-1
114,13,898.01,487.01,23.40,81.34,0.9000,2,2,-1
114,14,670.82,435.19,23.25,60.73,0.8864,2,1,-1
114,18,407.19,564.23,45.13,98.73,0.9343,2,1,-1
114,22,671.46,494.66,37.34,76.33,0.9172,2,2,-1
114,23,135.20,474.58,25.78,81.61,0.8715,2,1,-1
114,24,620.73,530.25,41.50,81.71,0.9175,2,1,-1
114,30,941.42,504.66,35.60,85.02,0.8890,2,1,-1
114,46,547.37,706.54,45.99,130.27,0.9157,2,1,-1
114,0,272.30,546.44,12.73,12.04,1.0,0,-1,-1
115,1,724.52,558.68,47.66,88.05,0.9327,2,1,-1
115,2,972.70,590.73,45.47,100.15,0.9352,2,2,-1
115,3,927.90,454.89,30.36,70.21,0.8915,2,2,-1
115,4,127.45,553.48,44.23,89.05,0.9301,2,2,-1
115,5,104.42,428.90,21.48,64.75,0.8937,2,1,-1
115,6,740.85,436.01,33.06,64.53,0.9067,2,2,-1
115,7,24.64,533.25,47.98,93.76,0.9368,2,1,-1
115,9,568.72,465.17,33.16,73.58,0.9142,2,2,-1
115,10,1195.35,516.96,28.55,82.34,0.9191,2,2,-1
115,11,412.10,442.02,29.38,60.23,0.9104,2,2,-1
115,12,1011.90,473.08,28.82,79.05,0.9125,2,2,-1
115,13,899.87,487.76,29.58,81.44,0.9169,2,2,-1
115,14,674.18,435.15,21.23,62.70,0.9002,2,1,-1
115,18,409.72,563.44,47.92,99.37,0.9347,2,1,-1
115,22,678.67,494.77,35.04,76.25,0.9160,2,2,-1
115,23,137.56,474.64,22.47,67.82,0.8399,2,1,-1
115,24,625.04,531.17,41.62,81.06,0.9082,2,1,-1
115,38,943.38,517.45,43.34,72.44,0.9158,2,1,-1
115,46,548.27,705.82,48.23,130.39,0.9311,2,1,-1
115,0,273.86,546.41,13.03,12.27,1.0,0,-1,-1
116,1,733.09,559.40,42.98,86.93,0.9276,2,1,-1
116,2,977.16,590.47,44.08,101.88,0.9368,2,2,-1
116,3,931.40,455.30,27.76,69.39,0.8988,2,2,-1
116,4,129.45,553.99,47.34,88.66,0.9283,2,2,-1
116,5,108.50,429.77,20.43,63.27,0.8990,2,1,-1
116,6,747.33,435.89,30.41,64.85,0.8943,2,2,-1
116,7,27.21,534.30,51.39,92.88,0.9391,2,1,-1
116,9,576.03,464.97,28.34,73.74,0.9010,2,2,-1
116,10,1197.12,517.16,28.43,82.05,0.9180,2,2,-1
116,11,413.39,441.72,30.67,59.72,0.9086,2,2,-1
116,12,1014.30,472.42,28.43,80.17,0.9131,2,2,-1
116,13,901.56,488.51,34.08,80.79,0.9132,2,2,-1
116,14,677.96,434.91,20.74,62.69,0.8928,2,1,-1
116,18,410.76,563.70,49.96,99.27,0.9348,2,1,-1
116,22,689.29,494.95,30.50,76.45,0.9042,2,2,-1
116,23,138.32,474.58,25.48,79.89,0.8936,2,1,-1
116,24,630.65,530.75,40.53,81.53,0.9040,2,1,-1
116,38,944.26,512.74,49.22,77.17,0.9155,2,1,-1
116,46,550.16,706.56,50.33,130.41,0.9220,2,1,-1
116,0,275.45,546.71,13.03,12.61,1.0,0,-1,-1
117,1,742.78,559.43,39.10,86.38,0.9124,2,1,-1
117,2,981.80,589.65,42.65,102.47,0.9311,2,2,-1
117,3,936.28,454.96,25.59,68.83,0.8947,2,2,-1
117,4,134.75,553.97,50.69,88.88,0.9262,2,2,-1
117,5,112.71,431.19,21.56,61.54,0.9007,2,1,-1
117,6,753.65,435.12,27.05,65.53,0.8829,2,2,-1
117,7,31.12,534.03,53.64,93.13,0.9383,2,1,-1
117,9,583.30,464.41,24.13,74.09,0.9081,2,2,-1
117,10,1198.84,516.87,28.75,81.98,0.9174,2,2,-1
117,12,1019.84,472.17,26.81,79.51,0.8849,2,2,-1
117,13,904.45,488.86,38.51,80.36,0.9260,2,2,-1
117,14,681.06,435.38,22.08,62.63,0.8865,2,1,-1
117,15,968.63,460.41,31.19,74.19,0.6940,2,1,-1
117,18,413.49,563.01,49.43,99.25,0.9374,2,1,-1
117,21,405.42,475.75,33.60,78.76,0.9076,3,0,-1
117,22,699.00,494.04,26.42,76.66,0.9136,2,2,-1
117,23,140.98,474.49,24.81,80.95,0.8613,2,1,-1
117,24,635.43,530.05,37.63,82.55,0.8976,2,1,-1
117,38,946.56,514.90,50.19,74.85,0.9226,2,1,-1
117,46,553.04,706.78,52.18,129.73,0.9223,2,1,-1
117,0,278.05,546.13,13.25,12.94,1.0,0,-1,-1
118,1,755.66,558.92,34.15,85.92,0.9139,2,1,-1
118,2,987.86,590.08,40.79,101.24,0.9423,2,2,-1
118,3,941.95,454.05,23.51,70.03,0.8999,2,2,-1
118,4,138.75,553.03,50.98,89.38,0.9265,2,2,-1
118,5,117.62,431.12,23.75,60.57,0.8912,2,1,-1
118,6,759.46,435.04,24.02,65.53,0.9048,2,2,-1
118,7,36.12,533.80,54.06,93.34,0.9316,2,1,-1
118,9,589.79,463.98,21.96,74.77,0.9078,2,2,-1
118,10,1202.65,516.95,28.82,82.13,0.9231,2,2,-1
118,11,420.91,441.78,29.72,52.57,0.8882,2,2,-1
118,12,1025.11,471.97,24.89,79.31,0.9066,2,2,-1
118,13,907.08,489.63,42.21,78.68,0.9269,2,2,-1
118,14,684.57,434.83,26.57,63.53,0.9107,2,1,-1
118,18,418.26,562.39,48.60,98.82,0.9362,2,1,-1
118,21,409.87,478.14,34.01,76.04,0.9025,3,0,-1
118,22,704.31,492.48,27.52,78.09,0.9178,2,2,-1
118,23,144.86,473.88,23.49,81.29,0.8712,2,1,-1
118,24,643.01,529.56,33.97,82.88,0.8798,2,1,-1
118,38,950.54,514.52,51.59,75.06,0.9180,2,1,-1
118,46,558.28,705.68,53.08,130.26,0.9314,2,1,-1
119,1,767.72,557.53,32.33,88.07,0.9166,2,1,-1
119,2,996.31,589.94,39.22,101.45,0.9315,2,2,-1
119,3,948.03,453.77,22.63,70.69,0.8985,2,2,-1
119,4,145.50,551.68,50.61,90.44,0.9295,2,2,-1
119,5,123.78,432.44,27.31,59.21,0.8968,2,1,-1
119,6,766.75,434.92,22.31,65.08,0.9002,2,2,-1
119,7,46.88,532.51,50.40,93.32,0.9352,2,1,-1
119,9,597.84,464.09,21.93,73.62,0.9083,2,2,-1
119,10,1207.21,516.76,28.99,81.97,0.9198,2,2,-1
119,11,427.63,441.45,28.15,50.42,0.8836,2,2,-1
119,12,1031.87,471.71,24.04,79.65,0.9004,2,2,-1
119,13,913.03,490.35,43.38,77.97,0.9264,2,2,-1
119,14,689.74,436.10,29.50,62.16,0.9132,2,1,-1
119,18,424.40,562.39,47.72,98.06,0.9304,2,1,-1
119,21,416.78,478.24,33.77,75.54,0.9097,3,0,-1
119,22,710.93,490.81,30.39,79.16,0.9176,2,2,-1
119,23,150.62,473.61,22.75,80.28,0.8821,2,1,-1
119,24,651.17,528.91,30.52,84.30,0.9070,2,1,-1
119,38,957.50,514.62,50.96,75.54,0.9069,2,1,-1
119,46,564.87,705.03,54.61,130.01,0.9237,2,1,-1
119,0,287.15,546.27,13.57,12.01,1.0,0,-1,-1
120,1,775.62,556.52,33.95,88.87,0.9213,2,1,-1
120,2,1005.03,590.40,39.15,101.46,0.9321,2,2,-1
120,3,954.63,453.43,22.70,70.40,0.9068,2,2,-1
120,4,154.89,553.04,47.47,88.45,0.9269,2,2,-1
120,5,129.94,431.57,29.97,60.02,0.9033,2,1,-1
120,6,773.96,434.91,23.39,65.38,0.8933,2,2,-1
120,7,58.07,532.76,45.61,91.94,0.9270,2,1,-1
120,9,606.08,464.23,23.27,72.79,0.9102,2,2,-1
120,10,1212.59,516.89,29.49,81.69,0.9205,2,2,-1
120,11,433.96,441.03,27.02,49.02,0.8712,2,2,-1
120,12,1038.12,471.69,23.85,79.31,0.9076,2,2,-1
120,13,920.13,490.23,42.68,77.78,0.9247,2,2,-1
120,14,694.71,435.46,31.18,63.07,0.9203,2,1,-1
120,18,433.19,562.47,44.60,97.53,0.9291,2,1,-1
120,21,424.83,477.64,32.45,76.33,0.9036,3,0,-1
120,22,717.47,490.16,34.03,79.54,0.9286,2,2,-1
120,23,156.35,473.44,22.29,79.68,0.8899,2,1,-1
120,24,660.49,528.21,28.63,84.06,0.9052,2,1,-1
120,38,965.34,512.33,48.85,77.15,0.9143,2,1,-1
120,46,573.92,704.35,56.06,128.56,0.9242,2,1,-1
120,0,292.68,546.26,13.49,11.99,1.0,0,-1,-1
121,1,783.39,556.17,38.79,89.78,0.9261,2,1,-1
121,2,1012.38,590.73,38.38,101.11,0.9392,2,2,-1
121,3,960.84,454.19,22.99,71.40,0.8977,2,2,-1
121,4,165.73,552.17,44.66,89.08,0.9270,2,2,-1
121,5,136.73,431.91,29.73,59.75,0.8903,2,1,-1
121,6,781.19,435.68,27.08,65.11,0.9050,2,2,-1
121,7,72.59,531.92,38.78,92.33,0.9179,2,1,-1
121,9,613.35,465.10,26.93,73.06,0.9051,2,2,-1
121,10,1218.04,516.61,30.10,82.05,0.9220,2,2,-1
121,11,441.00,440.76,26.34,48.94,0.8617,2,2,-1
121,12,1044.72,472.29,24.65,78.75,0.8973,2,2,-1
121,13,928.29,490.59,41.47,77.33,0.9208,2,2,-1
121,14,701.50,435.65,32.40,62.89,0.9190,2,1,-1
121,15,994.11,460.83,29.37,73.39,0.8425,2,1,-1
121,18,442.20,561.32,41.82,98.54,0.9238,2,1,-1
121,21,432.87,477.72,31.54,75.62,0.9153,3,0,-1
121,22,725.99,490.20,39.20,79.12,0.9289,2,2,-1
121,23,163.35,473.83,21.92,79.55,0.8715,2,1,-1
121,24,669.34,528.30,30.01,84.10,0.9101,2,1,-1
121,38,976.45,515.32,44.10,74.14,0.8983,2,1,-1
121,46,582.84,703.36,55.22,125.74,0.9351,2,1,-1
121,0,298.78,545.95,13.76,12.80,1.0,0,-1,-1
122,1,789.99,555.68,43.96,90.09,0.9330,2,1,-1
122,2,1020.49,591.37,38.97,100.80,0.9283,2,2,-1
122,3,968.49,454.33,23.27,70.73,0.9038,2,2,-1
122,4,179.17,551.45,37.95,89.43,0.9080,2,2,-1
122,5,145.35,432.42,29.21,59.39,0.8944,2,1,-1
122,6,787.59,436.79,32.52,64.12,0.9274,2,2,-1
122,7,89.10,532.33,30.92,90.21,0.9174,2,1,-1
122,9,619.71,465.66,31.12,73.17,0.9142,2,2,-1
122,10,1224.02,516.71,30.66,81.14,0.9222,2,2,-1
122,11,449.04,440.67,25.04,46.02,0.8836,2,2,-1
122,12,1051.63,472.92,27.57,78.06,0.9003,2,2,-1
122,13,939.30,490.03,38.74,78.59,0.9062,2,2,-1
122,14,708.39,436.52,34.19,62.98,0.9266,2,1,-1
122,15,1002.82,461.30,28.20,71.49,0.8986,2,1,-1
122,18,453.67,561.78,37.56,98.24,0.9138,2,1,-1
122,21,441.79,476.73,30.35,73.61,0.8987,3,0,-1
122,22,733.57,490.89,42.95,77.27,0.9318,2,2,-1
122,23,171.39,474.10,21.14,77.99,0.8826,2,1,-1
122,24,678.22,529.73,34.02,83.89,0.9259,2,1,-1
122,46,594.95,702.11,51.26,122.30,0.9349,2,1,-1
123,1,798.95,556.18,46.37,90.13,0.9374,2,1,-1
123,2,1027.68,591.51,40.59,99.37,0.9349,2,2,-1
123,3,976.42,454.11,24.39,70.72,0.8998,2,2,-1
123,4,192.34,550.54,32.91,90.39,0.9075,2,2,-1
123,5,155.72,434.58,27.20,55.73,0.8920,2,1,-1
123,6,794.55,437.41,35.78,63.91,0.9207,2,2,-1
123,7,101.53,531.75,28.98,92.59,0.9078,2,1,-1
123,9,625.65,465.71,34.51,73.40,0.9182,2,2,-1
123,10,1230.29,516.40,30.89,82.06,0.9202,2,2,-1
123,12,1059.49,473.12,30.29,78.88,0.8875,2,2,-1
123,13,951.58,489.85,34.85,78.58,0.8902,2,2,-1
123,14,716.46,437.01,34.32,62.64,0.9147,2,1,-1
123,15,1011.08,461.29,27.62,71.05,0.8652,2,1,-1
123,18,465.83,562.00,32.42,97.77,0.9066,2,1,-1
123,21,451.20,476.70,29.45,71.51,0.8806,3,0,-1
123,22,741.95,491.56,42.71,76.60,0.9242,2,2,-1
123,23,179.57,473.84,20.18,79.16,0.8584,2,1,-1
123,24,685.91,529.60,38.47,84.91,0.9304,2,1,-1
123,46,606.37,700.40,48.36,122.07,0.9250,2,1,-1
123,0,312.90,546.14,14.47,12.67,1.0,0,-1,-1
124,1,808.95,556.93,46.67,89.40,0.9315,2,1,-1
124,2,1035.91,591.20,40.84,98.80,0.9381,2,2,-1
124,3,984.01,454.32,25.97,70.36,0.8963,2,2,-1
124,4,207.00,550.16,28.56,91.17,0.9136,2,2,-1
124,5,167.65,434.48,25.52,55.32,0.8794,2,1,-1
124,6,801.95,438.19,36.91,63.61,0.9194,2,2,-1
124,7,113.31,532.28,30.51,91.26,0.9184,2,1,-1
124,9,634.56,465.96,35.68,72.53,0.9133,2,2,-1
124,10,1237.96,516.55,31.02,81.03,0.9219,2,2,-1
124,11,467.26,440.93,23.71,44.56,0.8613,2,2,-1
124,12,1069.26,473.87,31.36,78.59,0.8946,2,2,-1
124,13,966.06,490.32,28.82,78.38,0.8936,2,2,-1
124,14,725.76,438.20,33.32,61.65,0.9003,2,1,-1
124,15,1018.42,460.70,27.50,69.24,0.8536,2,1,-1
124,18,478.16,561.28,29.54,98.86,0.9180,2,1,-1
124,21,461.16,474.95,29.69,73.95,0.8870,3,0,-1
124,22,754.24,493.02,40.42,75.64,0.9144,2,2,-1
124,23,188.60,474.09,19.61,78.94,0.8615,2,1,-1
124,24,694.10,531.63,40.60,83.36,0.9310,2,1,-1
124,46,615.92,699.51,46.50,122.46,0.9351,2,1,-1
124,0,321.12,546.57,14.15,12.14,1.0,0,-1,-1
125,1,822.04,558.53,44.49,87.50,0.9280,2,1,-1
125,2,1045.87,590.25,40.07,98.06,0.9341,2,2,-1
125,3,992.76,455.20,27.43,69.34,0.8905,2,2,-1
125,4,219.03,550.35,27.97,91.23,0.9141,2,2,-1
125,5,179.82,432.80,23.26,56.26,0.8674,2,1,-1
125,6,809.71,438.93,37.71,63.91,0.9249,2,2,-1
125,7,124.26,533.14,35.37,91.16,0.9286,2,1,-1
125,9,643.06,466.34,36.17,72.38,0.9143,2,2,-1
125,10,1245.31,516.52,32.17,80.66,0.9250,2,2,-1
125,11,475.50,440.83,22.77,43.84,0.8346,2,2,-1
125,12,1077.20,474.43,32.63,78.36,0.8849,2,2,-1
125,14,735.90,436.88,31.76,63.23,0.8716,2,1,-1
125,15,1026.97,460.96,28.68,69.57,0.8706,2,1,-1
125,18,488.12,561.28,31.88,99.09,0.9135,2,1,-1
125,21,470.96,471.61,29.74,78.03,0.8931,3,0,-1
125,22,769.34,493.70,36.55,75.25,0.9179,2,2,-1
125,23,196.85,475.51,19.37,77.70,0.8614,2,1,-1
125,24,701.93,533.18,43.12,82.61,0.9353,2,1,-1
125,30,1027.31,516.96,25.49,73.56,0.8395,2,1,-1
125,46,625.76,698.71,44.73,123.74,0.9368,2,1,-1
125,0,328.51,546.65,15.08,13.12,1.0,0,-1,-1
126,1,836.75,559.98,42.08,87.30,0.9084,2,1,-1
126,2,1054.62,590.75,40.72,98.16,0.9281,2,2,-1
126,3,1001.41,455.81,28.74,66.44,0.8856,2,2,-1
126,4,229.45,550.14,29.88,91.57,0.9172,2,2,-1
126,5,190.47,430.48,21.87,60.15,0.8504,2,1,-1
126,6,819.03,439.66,36.50,64.08,0.9204,2,2,-1
126,7,133.64,534.06,43.86,90.80,0.9269,2,1,-1
126,9,651.11,466.80,37.03,72.95,0.9102,2,2,-1
126,10,1253.53,517.16,32.41,81.31,0.9206,2,2,-1
126,12,1087.76,474.85,32.31,78.97,0.8725,2,2,-1
126,14,745.99,437.27,29.05,63.03,0.8466,2,1,-1
126,15,1034.99,461.17,29.12,67.99,0.8754,2,1,-1
126,18,493.92,561.92,35.96,99.17,0.9138,2,1,-1
126,21,481.31,470.11,28.43,80.11,0.8923,3,0,-1
126,22,787.05,493.98,31.90,75.73,0.9008,2,2,-1
126,23,205.72,475.01,18.12,72.44,0.6304,2,1,-1
126,24,710.05,533.96,43.54,83.37,0.9298,2,1,-1
126,46,633.65,699.09,43.53,123.72,0.9283,2,1,-1
126,0,337.29,547.28,13.51,11.73,1.0,0,-1,-1
127,1,853.81,560.09,38.25,87.60,0.8986,2,1,-1
127,2,1065.80,590.66,40.31,98.55,0.9274,2,2,-1
127,4,238.43,550.92,34.03,90.76,0.9243,2,2,-1
127,5,200.90,434.23,19.09,54.44,0.8446,2,1,-1
127,6,829.41,439.47,34.51,64.46,0.9098,2,2,-1
127,7,141.78,535.06,49.81,90.26,0.9297,2,1,-1
127,9,662.01,466.10,33.97,72.15,0.9065,2,2,-1
127,10,1263.42,517.12,31.95,81.92,0.9237,2,2,-1
127,12,1095.41,473.67,32.90,80.29,0.8916,2,2,-1
127,13,999.22,491.95,29.58,79.26,0.8896,2,2,-1
127,14,758.60,438.42,25.05,61.87,0.8797,2,1,-1
127,15,1043.81,460.55,30.70,71.27,0.8416,2,1,-1
127,18,501.36,562.18,42.23,98.66,0.9270,2,1,-1
127,21,490.26,470.48,27.64,79.13,0.8871,3,0,-1
127,22,799.99,492.93,30.46,76.63,0.9110,2,2,-1
127,23,211.45,475.13,20.05,77.73,0.7633,2,1,-1
127,24,716.72,534.06,44.12,83.34,0.9299,2,1,-1
127,46,643.45,699.06,43.80,125.33,0.9341,2,1,-1
127,0,344.06,547.93,14.05,11.57,1.0,0,-1,-1
128,1,867.05,559.52,36.24,88.69,0.9057,2,1,-1
128,2,1075.82,590.23,40.50,100.09,0.9306,2,2,-1
128,4,246.00,551.16,39.20,90.73,0.9314,2,2,-1
128,5,209.20,435.02,19.46,55.18,0.8474,2,1,-1
128,6,840.97,439.12,30.86,64.05,0.8964,2,2,-1
128,7,149.06,535.75,53.11,89.50,0.9308,2,1,-1
128,9,672.48,465.70,31.79,73.35,0.9114,2,2,-1
128,10,1272.10,517.56,31.68,81.98,0.9218,2,2,-1
128,12,1104.78,472.43,32.15,81.06,0.8852,2,2,-1
128,13,1009.43,495.07,32.61,76.91,0.9013,2,2,-1
128,14,770.36,438.52,22.68,61.03,0.8704,2,1,-1
128,18,509.09,562.17,46.36,99.06,0.9270,2,1,-1
128,21,500.26,471.64,27.50,78.38,0.8889,3,0,-1
128,22,809.00,491.38,31.73,78.50,0.9211,2,2,-1
128,23,218.99,476.70,19.45,74.91,0.5121,2,1,-1
128,24,724.86,534.17,43.69,83.54,0.9240,2,1,-1
128,38,1051.60,508.13,41.28,84.23,0.8940,2,1,-1
128,46,653.45,699.55,46.22,126.19,0.9344,2,1,-1
128,0,351.00,547.61,13.90,12.80,1.0,0,-1,-1
129,1,877.30,558.31,37.82,90.01,0.9170,2,1,-1
129,2,1084.18,590.09,41.60,100.82,0.9381,2,2,-1
129,4,251.66,551.44,44.48,90.44,0.9287,2,2,-1
129,5,216.32,431.38,21.34,58.46,0.8508,2,1,-1
129,6,853.25,438.46,26.69,65.11,0.8838,2,2,-1
129,7,154.65,535.45,55.07,90.33,0.9313,2,1,-1
129,9,684.97,465.38,26.48,73.59,0.9055,2,2,-1
129,10,1281.55,516.97,32.51,82.70,0.9253,2,2,-1
129,12,1115.85,472.62,29.95,80.24,0.8753,2,2,-1
129,13,1016.00,494.55,38.01,78.12,0.9069,2,2,-1
129,14,781.30,438.04,23.04,62.47,0.8820,2,1,-1
129,18,515.47,561.83,49.00,99.72,0.9343,2,1,-1
129,21,507.93,469.66,28.15,80.42,0.8965,3,0,-1
129,22,818.35,490.52,33.06,79.26,0.9140,2,2,-1
129,23,227.40,507.15,14.87,45.66,0.6929,2,1,-1
129,24,735.17,533.64,40.92,84.75,0.9175,2,1,-1
129,38,1061.99,513.15,40.67,80.75,0.8823,2,1,-1
129,46,661.79,699.79,49.83,127.36,0.9355,2,1,-1
129,0,356.16,547.38,13.46,12.27,1.0,0,-1,-1
130,1,884.11,557.46,41.12,91.49,0.9313,2,1,-1
130,2,1092.71,589.54,43.07,102.68,0.9320,2,2,-1
130,3,1033.85,456.00,31.05,55.01,0.9014,2,2,-1
130,4,254.80,551.16,48.32,91.48,0.9372,2,2,-1
130,5,219.67,431.99,22.82,58.94,0.8656,2,1,-1
130,6,863.22,437.83,23.13,64.93,0.8912,2,2,-1
130,7,160.25,534.56,53.60,91.04,0.9376,2,1,-1
130,9,694.55,465.02,24.04,73.96,0.9070,2,2,-1
130,10,1290.32,517.13,32.49,82.65,0.9214,2,2,-1
130,12,1124.57,472.15,29.04,80.78,0.8457,2,2,-1
130,13,1023.89,500.64,40.96,72.45,0.9155,2,2,-1
130,14,788.46,437.54,24.15,63.15,0.8809,2,1,-1
130,18,521.96,562.64,50.66,99.23,0.9358,2,1,-1
130,21,513.35,472.03,30.18,77.38,0.9077,3,0,-1
130,22,826.56,489.08,36.51,79.49,0.9201,2,2,-1
130,23,227.05,480.16,22.75,71.78,0.8274,2,1,-1
130,24,746.02,533.54,36.66,84.09,0.9053,2,1,-1
130,38,1069.27,506.97,43.20,87.06,0.9017,2,1,-1
130,46,667.63,700.76,49.46,127.16,0.9355,2,1,-1
130,0,359.94,547.61,13.67,12.55,1.0,0,-1,-1
131,1,892.48,557.17,44.90,92.73,0.9317,2,1,-1
131,2,1101.27,589.46,44.12,103.71,0.9282,2,2,-1
131,3,1041.55,455.42,29.84,56.11,0.8902,2,2,-1
131,4,257.91,551.07,49.42,91.28,0.9332,2,2,-1
131,5,224.50,432.84,21.93,55.97,0.8644,2,1,-1
131,6,873.19,437.33,21.03,64.96,0.8936,2,2,-1
131,7,167.37,534.35,50.74,91.00,0.9277,2,1,-1
131,9,701.93,464.89,25.37,73.72,0.9042,2,2,-1
131,10,1298.85,516.71,33.17,83.73,0.9306,2,2,-1
131,12,1133.11,470.94,28.35,82.81,0.8474,2,2,-1
131,13,1030.27,502.15,43.59,70.66,0.9138,2,2,-1
131,14,795.45,437.22,24.39,62.61,0.8883,2,1,-1
131,15,1079.02,459.38,30.25,63.94,0.7959,2,1,-1
131,18,527.15,562.41,50.95,100.18,0.9327,2,1,-1
131,21,517.53,472.07,33.17,76.99,0.9101,3,0,-1
131,22,835.04,488.66,38.45,79.81,0.9285,2,2,-1
131,23,229.74,474.23,24.45,77.44,0.7488,2,1,-1
131,24,754.94,533.38,34.20,84.79,0.8977,2,1,-1
131,38,1078.04,508.17,42.54,85.98,0.8957,2,1,-1
131,46,674.44,700.77,47.46,129.30,0.9318,2,1,-1
131,0,363.57,547.82,12.50,11.24,1.0,0,-1,-1
132,1,902.14,557.42,45.60,92.20,0.9323,2,1,-1
132,2,1109.79,590.32,44.41,103.51,0.9321,2,2,-1
132,3,1050.12,454.94,29.16,55.47,0.8984,2,2,-1
132,4,260.89,550.99,50.93,91.17,0.9349,2,2,-1
132,5,227.61,430.06,23.96,57.64,0.8563,2,1,-1
132,6,882.05,436.19,23.12,67.22,0.8981,2,2,-1
132,7,175.58,532.64,45.70,92.69,0.9181,2,1,-1
132,9,708.74,464.58,30.43,74.18,0.9099,2,2,-1
132,10,1308.56,517.05,32.89,83.16,0.9202,2,2,-1
132,12,1144.83,470.12,25.37,81.60,0.8931,2,2,-1
132,13,1037.71,501.06,44.96,71.84,0.9184,2,2,-1
132,14,802.06,436.16,27.67,64.07,0.8977,2,1,-1
132,18,534.63,562.15,49.69,100.88,0.9361,2,1,-1
132,21,522.46,473.03,35.11,76.45,0.9256,3,0,-1
132,22,843.79,489.31,38.52,79.18,0.9242,2,2,-1
132,23,232.89,480.40,24.37,71.21,0.8205,2,1,-1
132,24,764.87,532.46,31.65,86.29,0.8886,2,1,-1
132,38,1089.63,516.69,39.93,77.89,0.8913,2,1,-1
132,46,681.80,701.75,45.31,128.02,0.9308,2,1,-1
132,0,367.82,547.87,12.22,10.99,1.0,0,-1,-1
133,1,912.33,559.23,45.22,90.13,0.9343,2,1,-1
133,2,1118.90,591.07,45.43,103.60,0.9323,2,2,-1
133,3,1058.25,453.96,27.94,57.51,0.8961,2,2,-1
133,4,265.96,550.07,48.86,92.24,0.9317,2,2,-1
133,5,234.18,429.81,22.02,54.96,0.8535,2,1,-1
133,6,889.67,435.98,23.85,66.84,0.8958,2,2,-1
133,7,185.47,531.12,39.63,94.63,0.9092,2,1,-1
133,8,1101.34,539.33,36.60,57.13,0.8403,2,2,-1
133,9,713.69,464.21,35.13,75.03,0.9206,2,2,-1
133,10,1317.84,517.11,33.61,84.10,0.9245,2,2,-1
133,12,1153.83,468.55,24.61,82.76,0.8778,2,2,-1
133,13,1047.11,501.18,45.12,72.61,0.9175,2,2,-1
133,14,808.21,435.68,30.52,64.54,0.9117,2,1,-1
133,18,541.26,561.29,47.95,101.69,0.9356,2,1,-1
133,21,527.57,474.67,35.02,74.85,0.9095,3,0,-1
133,22,855.89,490.39,36.48,77.55,0.8991,2,2,-1
133,23,233.95,473.87,27.07,77.30,0.8371,2,1,-1
133,24,773.24,532.56,30.82,87.47,0.9067,2,1,-1
133,38,1095.34,459.75,37.40,80.67,0.8691,2,1,-1
133,46,688.43,701.44,45.09,130.48,0.9322,2,1,-1
133,0,370.01,547.64,13.24,12.22,1.0,0,-1,-1
134,1,925.11,559.94,42.62,89.67,0.9208,2,1,-1
134,2,1128.92,591.91,46.49,104.67,0.9347,2,2,-1
134,3,1067.99,453.93,25.48,56.31,0.8941,2,2,-1
134,4,272.33,550.17,46.28,91.55,0.9227,2,2,-1
134,5,238.52,428.88,21.72,56.25,0.8236,2,1,-1
134,6,897.39,436.02,26.00,66.81,0.8831,2,2,-1
134,7,195.00,530.73,32.64,94.59,0.8824,2,1,-1
134,9,717.52,464.16,40.70,75.49,0.9297,2,2,-1
134,10,1328.71,516.84,33.13,85.05,0.9242,2,2,-1
134,12,1163.52,468.56,24.01,81.98,0.8261,2,2,-1
134,13,1057.18,499.54,44.26,74.71,0.9159,2,2,-1
134,14,814.05,436.14,33.15,64.19,0.9128,2,1,-1
134,18,549.38,561.29,44.59,101.15,0.9325,2,1,-1
134,21,534.20,473.06,34.09,74.68,0.9073,3,0,-1
134,22,870.56,490.85,32.70,77.14,0.8834,2,2,-1
134,23,236.36,473.04,27.97,77.72,0.8527,2,1,-1
134,24,782.44,533.14,31.58,87.08,0.8852,2,1,-1
134,30,1117.82,518.39,27.97,75.05,0.6584,2,1,-1
134,38,1104.93,458.89,34.81,78.93,0.8726,2,1,-1
134,46,694.57,701.79,44.51,132.56,0.9286,2,1,-1
134,0,373.57,547.69,13.15,12.38,1.0,0,-1,-1
135,1,938.83,559.78,39.00,90.25,0.9113,2,1,-1
135,2,1139.01,592.91,46.59,104.61,0.9338,2,2,-1
135,3,1077.90,452.47,24.77,58.91,0.8931,2,2,-1
135,4,280.18,549.38,41.53,92.83,0.9183,2,2,-1
135,5,243.93,427.48,18.90,50.82,0.8299,2,1,-1
135,6,903.84,435.56,30.46,67.68,0.9008,2,2,-1
135,7,203.98,530.04,27.68,96.53,0.8934,2,1,-1
135,9,722.90,464.35,43.55,75.42,0.9257,2,2,-1
135,10,1339.00,516.53,32.97,85.26,0.9226,2,2,-1
135,12,1172.91,467.48,24.61,86.20,0.8147,2,2,-1
135,13,1070.94,498.78,39.42,75.83,0.9142,2,2,-1
135,14,820.04,434.70,35.27,65.96,0.9137,2,1,-1
135,18,555.65,560.32,42.82,101.86,0.9284,2,1,-1
135,21,542.13,471.97,31.94,75.96,0.8889,3,0,-1
135,22,886.16,491.99,27.70,76.03,0.9016,2,2,-1
135,23,239.56,470.41,29.07,80.16,0.8801,2,1,-1
135,24,791.13,533.39,34.92,87.61,0.9140,2,1,-1
135,38,1115.21,457.83,34.28,81.52,0.8774,2,1,-1
135,46,701.44,700.74,42.48,131.70,0.9330,2,1,-1
135,0,376.25,547.44,13.34,12.34,1.0,0,-1,-1
136,1,953.66,559.16,33.37,90.54,0.9185,2,1,-1
136,2,1148.80,592.80,47.10,105.36,0.9318,2,2,-1
136,3,1087.87,451.56,22.94,54.45,0.8895,2,2,-1
136,4,288.14,548.53,34.25,93.79,0.9226,2,2,-1
136,5,247.27,427.95,18.20,51.75,0.8458,2,1,-1
136,6,910.77,435.22,33.44,68.24,0.9107,2,2,-1
136,7,208.46,529.75,29.43,96.18,0.8976,2,1,-1
136,9,728.27,464.07,43.91,75.01,0.9317,2,2,-1
136,10,1349.05,516.20,32.94,85.15,0.9242,2,2,-1
136,12,1182.42,467.73,24.55,87.53,0.8781,2,2,-1
136,13,1085.23,496.79,33.50,77.58,0.9085,2,2,-1
136,14,826.31,434.04,36.23,66.72,0.9142,2,1,-1
136,18,565.37,560.13,36.52,101.59,0.9260,2,1,-1
136,22,895.57,491.54,28.66,77.06,0.9143,2,2,-1
136,23,241.11,472.86,29.68,77.95,0.8731,2,1,-1
136,24,799.52,533.08,38.50,88.42,0.9216,2,1,-1
136,30,1142.01,514.05,28.62,80.12,0.8445,2,1,-1
136,38,1124.72,456.64,32.30,80.73,0.8840,2,1,-1
136,41,544.57,435.15,23.23,65.04,0.8950,2,1,-1
136,46,708.23,700.36,41.48,129.33,0.9305,2,1,-1
136,0,378.78,547.57,12.79,12.18,1.0,0,-1,-1
137,1,967.03,558.20,30.35,93.68,0.9224,2,1,-1
137,2,1159.29,592.64,46.33,104.25,0.9322,2,2,-1
137,3,1097.20,450.48,23.95,61.57,0.8858,2,2,-1
137,4,297.93,548.14,30.31,94.28,0.9151,2,2,-1
137,5,250.45,425.00,19.77,58.70,0.8308,2,1,-1
137,6,920.35,434.91,33.45,68.59,0.8941,2,2,-1
137,7,212.12,529.83,35.28,97.28,0.9310,2,1,-1
137,9,735.16,463.12,43.07,75.81,0.9262,2,2,-1
137,10,1360.15,515.72,32.24,85.72,0.9277,2,2,-1
137,12,1191.79,466.27,25.04,89.40,0.8923,2,2,-1
137,13,1099.82,498.52,28.16,76.61,0.9003,2,2,-1
137,14,833.61,433.07,35.50,67.60,0.9137,2,1,-1
137,18,573.32,559.27,33.02,103.20,0.9186,2,1,-1
137,21,558.08,467.10,27.32,78.51,0.8867,3,0,-1
137,22,903.44,490.23,31.74,78.20,0.9151,2,2,-1
137,23,243.46,468.50,31.82,82.21,0.8688,2,1,-1
137,24,806.72,533.23,40.23,89.30,0.9313,2,1,-1
137,30,1151.51,514.16,30.16,80.90,0.8373,2,1,-1
137,38,1135.12,455.73,31.05,81.28,0.8778,2,1,-1
137,46,716.09,699.75,41.40,130.52,0.9277,2,1,-1
137,0,382.02,547.33,13.34,12.59,1.0,0,-1,-1
138,1,976.49,557.26,31.92,93.52,0.9226,2,1,-1
138,2,1168.92,593.39,46.02,104.38,0.9365,2,2,-1
138,4,304.07,547.52,28.56,96.20,0.9201,2,2,-1
138,5,253.54,423.41,20.14,63.19,0.8593,2,1,-1
138,6,928.60,434.76,33.68,68.56,0.8809,2,2,-1
138,7,214.55,530.18,44.55,97.27,0.9234,2,1,-1
138,9,741.65,462.22,41.50,76.13,0.9176,2,2,-1
138,10,1370.08,515.30,32.78,85.89,0.9295,2,2,-1
138,12,1200.50,466.78,25.61,88.75,0.8865,2,2,-1
138,13,1109.39,494.64,27.38,81.24,0.8816,2,2,-1
138,14,841.66,432.81,34.83,67.69,0.8863,2,1,-1
138,18,577.47,559.19,32.45,103.33,0.9197,2,1,-1
138,22,909.71,488.83,35.85,79.49,0.9214,2,2,-1
138,23,246.12,474.37,30.84,75.18,0.8513,2,1,-1
138,24,811.87,533.48,42.51,89.57,0.9318,2,1,-1
138,30,1162.49,511.90,31.03,83.62,0.8485,2,1,-1
138,38,1144.09,454.92,30.23,82.74,0.8812,2,1,-1
138,41,554.74,432.96,23.52,65.93,0.8908,2,1,-1
138,46,718.98,699.27,44.51,133.09,0.9279,2,1,-1
138,0,383.92,546.95,13.20,12.88,1.0,0,-1,-1
139,1,983.24,557.24,38.36,97.36,0.9241,2,1,-1
139,2,1178.85,591.39,44.76,105.49,0.9365,2,2,-1
139,3,1112.11,449.26,26.28,75.80,0.8920,2,2,-1
139,4,308.93,548.06,29.72,96.13,0.9210,2,2,-1
139,5,257.89,424.39,19.81,57.73,0.8433,2,1,-1
139,6,935.88,433.64,32.80,69.61,0.8792,2,2,-1
139,7,214.62,529.97,51.90,98.12,0.9271,2,1,-1
139,9,751.55,461.10,37.37,77.31,0.9081,2,2,-1
139,10,1380.79,514.68,32.51,87.35,0.9264,2,2,-1
139,12,1210.32,466.00,25.86,88.50,0.8709,2,2,-1
139,14,850.75,433.61,31.79,66.33,0.8853,2,1,-1
139,18,583.46,558.69,32.23,105.26,0.9152,2,1,-1
139,22,917.52,488.19,42.84,79.83,0.9288,2,2,-1
139,23,246.32,467.46,33.51,80.69,0.8775,2,1,-1
139,24,817.12,533.80,43.17,89.85,0.9300,2,1,-1
139,30,1173.74,517.43,35.27,78.08,0.8730,2,1,-1
139,38,1153.49,454.01,29.20,79.79,0.8866,2,1,-1
139,41,558.66,432.04,24.82,68.31,0.8919,2,1,-1
139,46,721.40,700.99,49.80,133.34,0.9262,2,1,-1
139,0,385.33,546.99,13.75,12.02,1.0,0,-1,-1
140,1,990.89,557.61,46.54,97.81,0.9338,2,1,-1
140,2,1188.79,592.74,44.43,106.12,0.9368,2,2,-1
140,3,1121.02,449.25,25.76,76.76,0.9070,2,2,-1
140,4,310.95,548.45,33.46,97.20,0.9227,2,2,-1
140,5,260.88,421.26,22.01,59.33,0.8613,2,1,-1
140,6,944.83,432.88,30.91,70.25,0.8609,2,2,-1
140,7,216.24,530.76,54.92,97.28,0.9329,2,1,-1
140,9,761.98,459.21,31.51,79.20,0.9069,2,2,-1
140,10,1392.22,513.98,31.57,88.71,0.9273,2,2,-1
140,12,1219.65,466.25,27.07,88.68,0.8690,2,2,-1
140,14,859.61,431.60,29.37,68.14,0.8685,2,1,-1
140,18,588.06,558.78,34.01,105.97,0.9267,2,1,-1
140,21,577.09,460.48,27.37,82.70,0.9017,3,0,-1
140,22,925.36,486.52,49.09,81.93,0.9292,2,2,-1
140,23,247.17,465.56,34.23,83.75,0.8999,2,1,-1
140,24,823.05,534.08,43.31,89.65,0.9324,2,1,-1
140,30,1183.17,517.43,42.75,79.81,0.8641,2,1,-1
140,38,1162.30,452.88,30.06,86.19,0.9037,2,1,-1
140,46,724.59,701.24,53.99,135.42,0.9291,2,1,-1
140,0,387.47,547.04,13.02,11.93,1.0,0,-1,-1
141,1,997.74,558.91,50.74,98.67,0.9280,2,1,-1
141,2,1198.86,592.80,43.88,107.45,0.9395,2,2,-1
141,4,313.07,549.57,41.16,98.00,0.9295,2,2,-1
141,5,262.44,419.86,24.79,61.36,0.8632,2,1,-1
141,6,953.25,432.90,28.94,70.64,0.8567,2,2,-1
141,7,218.41,533.10,56.89,96.19,0.9230,2,1,-1
141,9,772.25,458.35,27.22,80.54,0.9071,2,2,-1
141,10,1403.37,514.12,30.74,89.67,0.9277,2,2,-1
141,12,1227.94,466.03,28.52,88.39,0.8814,2,2,-1
141,13,1139.59,492.68,35.56,85.29,0.9022,2,2,-1
141,14,869.06,432.65,25.74,66.86,0.8723,2,1,-1
141,18,593.37,559.97,35.16,106.09,0.9314,2,1,-1
141,21,583.41,460.87,28.05,83.10,0.9014,3,0,-1
141,22,933.33,489.28,47.87,79.22,0.9299,2,2,-1
141,23,248.52,464.76,34.40,84.71,0.8968,2,1,-1
141,24,830.70,534.77,41.78,90.26,0.9230,2,1,-1
141,30,1188.80,514.46,49.71,82.28,0.8930,2,1,-1
141,38,1171.75,452.05,29.17,87.29,0.8988,2,1,-1
141,41,567.13,431.16,24.93,69.02,0.8918,2,1,-1
141,46,726.92,703.11,56.79,136.34,0.9329,2,1,-1
141,0,389.44,548.05,13.19,12.18,1.0,0,-1,-1
142,1,1004.60,561.33,53.06,97.87,0.9373,2,1,-1
142,2,1209.33,593.82,44.06,110.51,0.9241,2,2,-1
142,4,314.31,550.83,48.45,97.83,0.9317,2,2,-1
142,5,264.23,417.29,29.76,64.79,0.8833,2,1,-1
142,6,961.81,432.52,27.63,71.15,0.8236,2,2,-1
142,7,222.26,531.32,55.83,99.40,0.9220,2,1,-1
142,9,780.92,459.28,25.13,80.65,0.9099,2,2,-1
142,10,1414.48,514.94,30.27,90.34,0.9289,2,2,-1
142,12,1236.74,466.47,30.40,89.77,0.8718,2,2,-1
142,13,1147.17,492.67,41.63,86.52,0.9123,2,2,-1
142,14,878.68,430.28,22.91,70.04,0.8830,2,1,-1
142,18,598.77,560.10,39.26,108.69,0.9268,2,1,-1
142,21,588.86,461.50,31.93,83.71,0.9181,3,0,-1
142,22,944.32,491.87,45.82,78.28,0.9242,2,2,-1
142,23,251.05,466.62,32.43,82.91,0.8949,2,1,-1
142,24,840.81,535.54,38.06,91.18,0.9211,2,1,-1
142,30,1195.80,520.15,51.47,78.23,0.9170,2,1,-1
142,38,1181.61,452.32,28.38,86.94,0.9012,2,1,-1
142,41,571.40,431.06,26.33,69.54,0.8932,2,1,-1
142,46,729.96,705.91,57.64,136.24,0.9311,2,1,-1
142,0,391.69,549.10,12.92,12.61,1.0,0,-1,-1
143,1,1014.40,562.69,51.81,97.25,0.9341,2,1,-1
143,2,1219.39,594.03,43.57,112.37,0.9272,2,2,-1
143,4,315.04,552.03,51.75,98.41,0.9312,2,2,-1
143,5,265.71,416.93,33.31,66.17,0.8958,2,1,-1
143,6,972.09,432.26,25.72,74.04,0.8475,2,2,-1
143,7,228.40,531.52,51.29,99.27,0.9234,2,1,-1
143,9,786.73,459.51,26.91,81.58,0.9181,2,2,-1
143,10,1425.04,516.14,29.87,90.98,0.9255,2,2,-1
143,12,1245.32,466.03,32.35,91.31,0.8726,2,2,-1
143,13,1154.94,492.17,44.94,88.34,0.9154,2,2,-1
143,14,886.98,431.63,21.55,69.89,0.8934,2,1,-1
143,18,602.94,562.06,42.95,108.15,0.9329,2,1,-1
143,21,594.00,463.48,35.34,82.42,0.9207,3,0,-1
143,22,957.72,490.58,43.98,80.36,0.9155,2,2,-1
143,23,251.88,466.68,31.47,84.34,0.8917,2,1,-1
143,24,851.86,535.98,32.81,91.99,0.9109,2,1,-1
143,30,1204.32,519.25,52.70,80.70,0.9145,2,1,-1
143,38,1190.52,452.09,28.38,88.55,0.8997,2,1,-1
143,41,574.73,431.05,27.94,70.49,0.9015,2,1,-1
143,46,733.20,707.45,59.56,139.29,0.9315,2,1,-1
143,0,392.85,550.49,13.40,11.89,1.0,0,-1,-1
144,1,1024.83,563.18,48.27,97.52,0.9335,2,1,-1
144,2,1228.55,595.76,43.68,112.53,0.9363,2,2,-1
144,4,315.33,552.04,54.74,99.93,0.9326,2,2,-1
144,5,267.58,415.52,32.63,66.94,0.8878,2,1,-1
144,6,979.78,432.28,24.08,70.88,0.7774,2,2,-1
144,7,234.15,532.43,44.97,98.73,0.9129,2,1,-1
144,9,791.46,460.04,29.62,81.83,0.9161,2,2,-1
144,10,1434.08,516.67,29.52,91.91,0.9235,2,2,-1
144,12,1253.45,467.28,32.27,91.29,0.8859,2,2,-1
144,13,1160.73,493.96,47.19,87.97,0.9186,2,2,-1
144,14,892.46,431.38,22.05,70.15,0.8945,2,1,-1
144,18,605.65,562.54,46.63,109.58,0.9327,2,1,-1
144,21,598.80,465.18,36.87,81.74,0.9207,3,0,-1
144,22,970.71,489.64,42.09,82.24,0.9018,2,2,-1
144,23,251.23,465.43,30.79,85.98,0.8922,2,1,-1
144,24,859.26,535.87,30.05,93.63,0.9004,2,1,-1
144,30,1211.28,509.53,55.97,92.11,0.9056,2,1,-1
144,38,1197.90,451.97,28.50,85.82,0.8936,2,1,-1
144,41,576.79,430.99,29.47,70.80,0.9092,2,1,-1
144,46,737.56,708.24,59.05,140.67,0.9335,2,1,-1
144,0,392.49,551.01,13.69,11.75,1.0,0,-1,-1
145,1,1037.36,563.02,44.35,99.01,0.9287,2,1,-1
145,2,1237.20,596.67,44.25,114.32,0.9333,2,2,-1
145,4,315.15,552.20,54.70,101.24,0.9334,2,2,-1
145,5,268.61,415.40,31.67,66.89,0.8710,2,1,-1
145,6,985.75,431.89,23.56,70.34,0.8782,2,2,-1
145,7,241.52,541.65,37.18,89.88,0.9014,2,1,-1
145,9,793.48,460.75,35.59,81.48,0.9226,2,2,-1
145,10,1442.59,517.06,29.41,92.63,0.9237,2,2,-1
145,12,1260.46,466.76,32.45,92.04,0.8872,2,2,-1
145,13,1167.76,493.99,47.68,88.85,0.9234,2,2,-1
145,14,896.51,431.48,26.37,70.30,0.9121,2,1,-1
145,18,607.50,563.30,46.68,109.80,0.9367,2,1,-1
145,21,600.19,466.04,40.23,80.87,0.9212,3,0,-1
145,22,983.96,484.83,38.07,88.04,0.9016,2,2,-1
145,23,250.47,464.35,30.12,87.35,0.8863,2,1,-1
145,24,864.86,536.31,29.82,93.61,0.9043,2,1,-1
145,30,1221.71,512.85,52.49,90.41,0.8941,2,1,-1
145,38,1205.93,451.73,28.34,86.40,0.8981,2,1,-1
145,41,577.66,431.22,28.94,69.96,0.9109,2,1,-1
145,46,739.97,710.71,59.17,140.83,0.9282,2,1,-1
145,0,392.15,551.84,13.76,12.22,1.0,0,-1,-1
146,1,1050.73,562.79,41.20,99.90,0.9213,2,1,-1
146,2,1245.06,597.23,44.96,116.84,0.9283,2,2,-1
146,4,318.19,552.12,51.73,102.36,0.9380,2,2,-1
146,5,267.62,413.56,31.80,69.41,0.8834,2,1,-1
146,7,246.28,540.56,34.22,91.99,0.8580,2,1,-1
146,9,794.62,461.05,41.39,82.38,0.9283,2,2,-1
146,10,1449.96,518.04,29.98,93.03,0.9261,2,2,-1
146,12,1266.98,466.91,32.96,93.32,0.8743,2,2,-1
146,13,1176.27,494.35,46.08,89.16,0.9204,2,2,-1
146,14,900.08,431.08,31.49,71.45,0.9108,2,1,-1
146,18,607.90,564.53,46.49,110.28,0.9329,2,1,-1
146,21,602.64,466.09,42.06,81.68,0.9304,3,0,-1
146,22,992.30,483.69,35.08,89.13,0.9067,2,2,-1
146,23,249.18,465.13,29.02,87.59,0.8668,2,1,-1
146,24,869.46,538.09,31.68,92.90,0.8956,2,1,-1
146,30,1232.76,513.72,48.71,88.56,0.8642,2,1,-1
146,38,1213.29,452.19,28.53,84.21,0.8829,2,1,-1
146,41,579.13,430.90,29.10,70.18,0.9097,2,1,-1
146,46,742.00,712.08,60.85,142.22,0.9187,2,1,-1
146,0,391.08,551.95,14.05,12.68,1.0,0,-1,-1
147,1,1062.70,563.25,40.28,103.52,0.9204,2,1,-1
147,2,1253.17,600.15,45.90,117.10,0.9385,2,2,-1
147,4,320.84,552.63,48.07,103.80,0.9312,2,2,-1
147,5,264.94,414.83,31.24,68.44,0.8988,2,1,-1
147,7,250.36,550.27,31.01,84.29,0.8058,2,1,-1
147,9,797.01,461.72,44.88,82.19,0.9315,2,2,-1
147,10,1456.66,518.91,31.15,93.54,0.9304,2,2,-1
147,12,1274.24,467.21,32.40,95.63,0.8887,2,2,-1
147,13,1184.24,495.76,44.90,88.81,0.9147,2,2,-1
147,14,902.45,431.85,36.93,71.79,0.9225,2,1,-1
147,18,607.47,565.26,47.74,111.70,0.9359,2,1,-1
147,21,602.69,466.20,43.88,82.81,0.9307,3,0,-1
147,22,998.91,482.44,35.11,91.95,0.9110,2,2,-1
147,23,247.93,465.70,29.34,89.19,0.8680,2,1,-1
147,24,872.69,539.40,36.50,93.80,0.9191,2,1,-1
147,30,1243.95,518.36,45.86,86.14,0.7835,2,1,-1
147,38,1219.79,452.75,28.82,83.98,0.8910,2,1,-1
147,41,579.51,431.02,29.34,69.94,0.9129,2,1,-1
147,46,743.74,713.76,61.01,142.52,0.9270,2,1,-1
147,0,389.40,552.67,14.07,13.59,1.0,0,-1,-1
148,1,1069.89,564.02,40.58,103.92,0.9075,2,1,-1
148,2,1260.33,601.75,47.09,117.63,0.9333,2,2,-1
148,3,1179.96,449.31,26.81,81.25,0.9051,2,2,-1
148,4,325.89,553.29,41.76,105.45,0.9270,2,2,-1
148,5,266.11,414.48,29.65,69.03,0.8856,2,1,-1
148,7,248.85,536.51,35.08,100.34,0.8938,2,1,-1
148,8,1259.37,554.77,32.78,51.22,0.6962,2,2,-1
148,9,801.99,462.17,44.90,83.13,0.9229,2,2,-1
148,10,1462.92,519.39,31.99,94.60,0.9317,2,2,-1
148,12,1279.66,467.79,33.09,97.31,0.8637,2,2,-1
148,13,1193.81,495.90,41.59,90.17,0.9154,2,2,-1
148,14,905.32,432.13,38.98,72.36,0.9312,2,1,-1
148,18,608.49,565.82,48.32,111.69,0.9397,2,1,-1
148,21,605.18,467.19,43.59,81.88,0.9320,3,0,-1
148,22,1004.73,483.82,38.23,91.77,0.9226,2,2,-1
148,23,246.82,469.61,28.41,86.03,0.8645,2,1,-1
148,24,874.13,540.57,43.90,96.21,0.9275,2,1,-1
148,38,1225.00,453.53,28.67,85.16,0.8669,2,1,-1
148,41,580.90,430.05,29.12,71.54,0.9109,2,-1,-1
148,46,748.77,714.19,57.91,141.73,0.9381,2,1,-1
148,0,387.53,554.04,15.22,14.31,1.0,0,-1,-1
149,1,1074.94,565.58,43.74,104.12,0.9282,2,1,-1
149,2,1267.67,602.35,48.41,118.07,0.9352,2,2,-1
149,3,1185.86,449.57,26.34,81.40,0.9132,2,2,-1
149,4,330.31,554.73,34.67,105.39,0.9172,2,2,-1
149,5,264.83,415.55,27.51,69.02,0.8779,2,1,-1
149,7,249.25,553.66,42.75,85.37,0.9232,2,1,-1
149,9,805.33,462.31,46.84,83.61,0.9255,2,2,-1
149,10,1469.00,519.86,33.22,95.33,0.9320,2,2,-1
149,12,1286.29,469.57,32.65,97.03,0.8772,2,2,-1
149,13,1205.37,493.57,37.96,93.48,0.8890,2,2,-1
149,14,906.99,432.65,40.74,72.87,0.9276,2,1,-1
149,18,610.65,567.07,47.15,113.00,0.9307,2,1,-1
149,21,607.97,466.48,41.46,83.74,0.9253,3,0,-1
149,22,1010.77,484.76,42.21,90.44,0.9296,2,2,-1
149,23,243.99,466.33,28.86,96.38,0.8657,2,1,-1
149,24,876.36,542.53,49.14,96.88,0.9331,2,1,-1
149,38,1231.49,454.15,28.17,85.00,0.8495,2,1,-1
149,41,581.15,429.22,28.87,72.56,0.9077,2,2,-1
149,46,751.64,714.55,56.34,141.30,0.9288,2,1,-1
149,0,386.25,555.36,13.92,13.58,1.0,0,-1,-1
150,1,1079.77,567.20,48.21,105.32,0.9322,2,1,-1
150,2,1274.43,605.05,49.76,116.77,0.9359,2,2,-1
150,3,1191.53,449.68,26.21,81.75,0.9143,2,2,-1
150,4,336.41,555.72,29.74,106.43,0.9194,2,2,-1
150,5,266.29,414.82,23.77,69.12,0.8813,2,1,-1
150,6,1004.31,434.92,34.86,75.67,0.9259,2,2,-1
150,7,244.72,539.08,55.40,101.43,0.9227,2,1,-1
150,8,1280.85,556.31,26.34,52.30,0.7730,2,2,-1
150,9,810.02,462.18,45.16,83.94,0.9174,2,2,-1
150,10,1474.98,520.42,33.96,95.75,0.9308,2,2,-1
150,12,1294.06,469.36,31.51,97.19,0.8751,2,2,-1
150,13,1216.02,497.63,32.56,90.48,0.8790,2,2,-1
150,14,911.12,432.64,40.77,73.72,0.9275,2,1,-1
150,18,614.84,567.88,43.03,112.37,0.9359,2,1,-1
150,21,613.93,464.79,36.61,85.89,0.9221,3,0,-1
150,22,1016.80,486.43,42.02,89.06,0.9252,2,2,-1
150,23,244.12,467.51,25.62,83.97,0.8377,2,1,-1
150,24,879.58,543.82,51.50,97.36,0.9348,2,1,-1
150,38,1236.46,453.80,29.06,89.88,0.8553,2,1,-1
150,41,581.71,429.26,28.69,73.57,0.9017,2,2,-1
150,46,755.04,714.83,54.62,141.83,0.9210,2,1,-1
150,0,384.39,556.22,14.20,13.66,1.0,0,-1,-1
151,1,1083.62,568.40,52.80,105.40,0.9254,2,1,-1
151,2,1279.62,605.59,51.30,115.84,0.9408,2,2,-1
151,3,1195.94,449.67,27.54,82.51,0.9165,2,2,-1
151,4,337.08,555.88,30.90,107.97,0.9231,2,2,-1
151,5,265.57,415.29,22.47,69.41,0.8609,2,1,-1
151,6,1008.05,434.80,36.12,76.64,0.9188,2,2,-1
151,7,241.47,537.84,62.21,104.11,0.9302,2,1,-1
151,8,1289.57,558.77,25.05,50.80,0.6916,2,2,-1
151,9,814.95,461.77,42.58,85.37,0.9216,2,2,-1
151,10,1480.61,520.08,35.30,95.79,0.9341,2,2,-1
151,12,1299.44,469.54,31.92,97.58,0.8488,2,2,-1
151,13,1224.63,493.82,29.95,95.52,0.8812,2,2,-1
151,14,914.18,431.98,39.52,75.19,0.9281,2,1,-1
151,18,617.90,568.10,41.33,113.51,0.9326,2,1,-1
151,21,619.60,462.83,32.97,87.47,0.9011,3,0,-1
151,22,1025.54,487.91,38.51,88.45,0.9226,2,2,-1
151,23,240.51,465.59,25.79,89.19,0.8956,2,1,-1
151,24,883.37,545.29,51.23,97.21,0.9375,2,1,-1
151,38,1245.19,454.16,26.42,88.47,0.8533,2,1,-1
151,41,581.89,428.55,28.57,74.29,0.9060,2,2,-1
151,46,756.54,715.64,52.32,143.17,0.9295,2,1,-1
151,0,382.00,556.81,14.20,14.22,1.0,0,-1,-1
152,1,1087.45,569.88,56.50,106.34,0.9373,2,1,-1
152,2,1285.25,606.78,52.75,116.87,0.9342,2,2,-1
152,3,1200.42,449.44,31.54,84.37,0.9239,2,2,-1
152,4,337.52,557.41,37.30,107.66,0.9289,2,2,-1
152,5,266.26,416.64,21.88,67.79,0.8654,2,1,-1
152,6,1013.00,434.78,35.70,77.21,0.9261,2,2,-1
152,7,239.07,537.93,64.41,105.68,0.9329,2,1,-1
152,9,820.42,461.58,39.71,87.03,0.9222,2,2,-1
152,10,1485.84,520.42,35.82,96.01,0.9321,2,2,-1
152,12,1306.77,470.52,29.04,78.83,0.8418,2,2,-1
152,13,1232.86,497.73,28.27,91.84,0.8576,2,2,-1
152,14,918.77,431.73,36.72,75.77,0.9226,2,1,-1
152,15,1251.59,453.17,23.15,67.36,0.8428,2,1,-1
152,18,622.92,568.51,41.03,114.16,0.9285,2,1,-1
152,21,624.80,461.10,29.74,89.17,0.9127,3,0,-1
152,22,1036.06,488.98,34.68,89.02,0.9111,2,2,-1
152,23,239.35,465.68,25.36,92.78,0.8883,2,1,-1
152,24,887.28,546.42,50.42,97.96,0.9334,2,1,-1
152,30,1291.56,531.80,37.48,78.47,0.7465,2,1,-1
152,41,584.83,428.49,26.38,74.64,0.9108,2,2,-1
152,46,759.68,716.93,51.61,143.83,0.9265,2,1,-1
152,0,379.94,557.80,14.65,14.02,1.0,0,-1,-1
153,1,1095.10,570.73,56.02,106.21,0.9305,2,1,-1
153,2,1292.31,606.90,53.54,115.72,0.9413,2,2,-1
153,3,1205.43,449.74,33.94,85.17,0.9165,2,2,-1
153,4,336.95,558.84,44.84,107.58,0.9352,2,2,-1
153,5,265.98,415.26,24.04,70.97,0.8970,2,1,-1
153,6,1019.24,434.44,34.02,77.18,0.9153,2,2,-1
153,7,239.52,539.09,64.47,106.10,0.9250,2,1,-1
153,9,828.10,461.72,32.98,86.63,0.9228,2,2,-1
153,10,1491.36,520.62,37.79,97.41,0.9354,2,2,-1
153,12,1310.03,472.21,34.71,94.76,0.8748,2,2,-1
153,13,1238.99,496.60,33.06,95.11,0.9117,2,2,-1
153,14,924.02,431.46,33.47,75.86,0.9051,2,1,-1
153,18,627.59,569.57,42.65,115.14,0.9310,2,1,-1
153,21,628.63,460.21,29.19,90.70,0.9176,3,0,-1
153,22,1048.72,489.23,30.06,88.74,0.9169,2,2,-1
153,23,238.97,465.99,25.26,92.83,0.9059,2,1,-1
153,24,892.87,547.16,48.39,98.85,0.9317,2,1,-1
153,41,586.32,428.66,25.95,74.98,0.9133,2,2,-1
153,46,761.01,717.36,50.86,147.77,0.9301,2,1,-1
153,0,379.21,559.06,14.05,13.92,1.0,0,-1,-1
154,1,1104.89,571.71,55.10,104.68,0.9247,2,1,-1
154,2,1300.22,606.25,53.51,118.73,0.9404,2,2,-1
154,3,1210.82,450.26,36.48,84.94,0.9099,2,2,-1
154,4,336.99,559.99,52.36,108.07,0.9328,2,2,-1
154,5,267.07,418.83,26.13,67.24,0.8989,2,1,-1
154,6,1027.35,434.16,31.95,78.12,0.9170,2,2,-1
154,7,241.14,539.07,63.46,108.50,0.9346,2,1,-1
154,9,837.11,462.64,29.25,86.65,0.9102,2,2,-1
154,10,1498.53,520.98,38.62,98.26,0.9307,2,2,-1
154,12,1319.80,472.84,29.32,62.53,0.8541,2,2,-1
154,13,1243.87,498.51,38.74,94.97,0.9178,2,2,-1
154,14,931.34,432.06,30.53,76.02,0.8937,2,1,-1
154,15,1266.78,452.85,20.34,63.55,0.8076,2,1,-1
154,18,628.88,570.48,46.91,115.74,0.9265,2,1,-1
154,21,632.61,460.46,29.61,89.83,0.9074,3,0,-1
154,22,1057.03,488.18,30.06,90.85,0.9168,2,2,-1
154,23,239.31,466.39,25.42,92.76,0.9048,2,1,-1
154,24,898.35,548.20,46.39,99.45,0.9291,2,1,-1
154,30,1305.18,524.67,45.09,88.26,0.8874,2,1,-1
154,41,589.69,428.79,25.00,75.30,0.9056,2,2,-1
154,46,764.28,719.10,50.97,146.31,0.9337,2,1,-1
154,0,377.77,560.38,14.79,13.44,1.0,0,-1,-1
155,1,1116.26,572.10,51.36,105.59,0.9238,2,1,-1
155,2,1308.87,606.96,51.00,119.36,0.9403,2,2,-1
155,3,1215.44,450.76,37.91,85.32,0.9155,2,2,-1
155,4,336.06,561.48,58.48,108.24,0.9305,2,2,-1
155,5,266.46,421.57,29.46,65.18,0.9158,2,1,-1
155,6,1037.19,434.21,28.85,78.16,0.9014,2,2,-1
155,7,245.03,538.78,59.78,108.80,0.9392,2,1,-1
155,9,841.67,463.41,31.84,87.68,0.9126,2,2,-1
155,10,1505.42,521.56,38.71,99.26,0.9388,2,2,-1
155,12,1323.03,473.82,35.06,65.03,0.8844,2,2,-1
155,13,1247.95,498.69,45.23,96.50,0.9251,2,2,-1
155,14,940.59,434.93,27.32,72.84,0.8679,2,1,-1
155,15,1272.86,453.63,20.81,67.02,0.8087,2,1,-1
155,18,627.85,570.76,53.60,117.35,0.9309,2,1,-1
155,21,634.77,461.06,32.41,89.62,0.9243,3,0,-1
155,22,1061.56,487.24,33.82,92.99,0.9262,2,2,-1
155,23,239.86,466.88,26.75,93.25,0.9006,2,1,-1
155,24,905.04,548.40,43.00,100.81,0.9258,2,1,-1
155,30,1311.59,524.29,49.04,90.89,0.8886,2,1,-1
155,41,592.09,429.30,24.60,75.43,0.9119,2,2,-1
155,46,767.34,719.83,51.33,149.41,0.9308,2,1,-1
155,0,377.31,561.33,15.00,13.58,1.0,0,-1,-1
156,1,1127.83,571.94,43.68,106.75,0.9135,2,1,-1
156,2,1315.55,606.24,50.33,123.13,0.9431,2,2,-1
156,3,1218.98,450.94,39.59,85.66,0.9210,2,2,-1
156,4,333.56,562.34,61.97,109.20,0.9331,2,2,-1
156,5,263.89,421.76,32.99,65.98,0.9148,2,1,-1
156,6,1043.50,434.08,28.03,78.88,0.8998,2,2,-1
156,7,250.97,538.34,52.45,109.28,0.9246,2,1,-1
156,9,843.65,464.21,37.51,88.16,0.9207,2,2,-1
156,10,1510.92,522.09,39.38,100.00,0.9291,2,2,-1
156,12,1327.72,475.05,36.29,60.44,0.9006,2,2,-1
156,13,1250.64,498.67,50.25,98.73,0.9286,2,2,-1
156,14,946.57,435.82,25.88,72.51,0.8663,2,1,-1
156,15,1278.92,453.51,19.80,63.05,0.8613,2,1,-1
156,18,627.87,572.45,56.92,117.01,0.9301,2,1,-1
156,21,636.12,462.58,35.09,88.95,0.9210,3,0,-1
156,22,1064.52,486.52,38.56,95.10,0.9247,2,2,-1
156,23,238.67,466.36,27.65,95.24,0.8948,2,1,-1
156,24,910.44,549.10,40.18,101.13,0.9074,2,1,-1
156,30,1316.11,524.53,50.99,91.55,0.8551,2,1,-1
156,41,593.26,429.29,24.88,76.36,0.9140,2,2,-1
156,46,769.00,721.24,51.10,151.41,0.9278,2,1,-1
156,0,375.81,562.50,15.32,13.72,1.0,0,-1,-1
157,1,1136.96,571.87,37.11,108.31,0.9212,2,1,-1
157,2,1320.90,608.47,48.62,121.79,0.9365,2,2,-1
157,3,1221.86,451.09,39.89,86.11,0.9148,2,2,-1
157,4,331.45,563.15,64.01,109.56,0.9373,2,2,-1
157,5,260.92,420.80,35.00,67.54,0.9099,2,1,-1
157,6,1047.86,434.38,29.54,80.25,0.9071,2,2,-1
157,7,256.13,538.76,44.31,110.79,0.9236,2,1,-1
157,9,841.69,465.24,44.52,87.91,0.9294,2,2,-1
157,10,1515.59,522.64,39.41,100.96,0.9348,2,2,-1
157,12,1330.47,475.61,37.65,60.85,0.9054,2,2,-1
157,13,1253.67,500.06,51.38,97.10,0.9310,2,2,-1
157,14,950.00,431.97,27.18,78.31,0.8880,2,1,-1
157,15,1283.37,457.59,19.73,60.08,0.8459,2,1,-1
157,18,626.35,572.87,59.84,118.21,0.9238,2,1,-1
157,21,636.88,464.31,37.72,88.75,0.9166,3,0,-1
157,22,1067.73,486.03,45.62,95.82,0.9332,2,2,-1
157,23,235.58,467.27,32.25,96.65,0.9130,2,1,-1
157,24,914.46,549.59,37.15,102.36,0.9048,2,1,-1
157,30,1319.08,523.47,52.54,95.09,0.8714,2,1,-1
157,41,592.80,429.89,25.63,76.14,0.9097,2,2,-1
157,46,769.70,725.54,50.83,148.86,0.9297,2,1,-1
157,0,373.81,563.11,15.08,14.53,1.0,0,-1,-1
158,1,1143.40,572.85,35.97,108.64,0.9173,2,1,-1
158,2,1325.92,609.00,48.17,123.12,0.9289,2,2,-1
158,3,1224.52,451.97,39.85,86.03,0.9122,2,2,-1
158,4,332.87,566.13,62.15,107.78,0.9334,2,2,-1
158,5,258.09,421.36,35.42,68.14,0.9128,2,1,-1
158,6,1049.91,435.41,32.20,80.42,0.8902,2,2,-1
158,7,262.61,539.02,36.68,111.73,0.9090,2,1,-1
158,9,842.26,466.63,48.54,88.00,0.9273,2,2,-1
158,10,1520.24,523.83,38.71,100.95,0.9304,2,2,-1
158,12,1333.31,476.21,39.42,59.76,0.8667,2,2,-1
158,13,1257.56,502.95,51.90,95.74,0.9272,2,2,-1
158,14,953.06,432.64,28.74,79.13,0.8989,2,1,-1
158,15,1287.41,458.59,19.99,59.35,0.7977,2,1,-1
158,18,628.15,574.61,60.38,118.56,0.9255,2,1,-1
158,21,637.24,466.50,40.87,87.50,0.9206,3,0,-1
158,22,1072.97,486.97,48.97,95.29,0.9307,2,2,-1
158,23,233.55,470.60,35.47,94.91,0.9066,2,1,-1
158,24,921.49,551.13,32.77,103.09,0.9122,2,1,-1
158,30,1327.64,522.07,50.17,95.73,0.8180,2,1,-1
158,41,592.73,430.79,26.87,77.43,0.9163,2,2,-1
158,46,771.18,726.77,50.81,148.38,0.9236,2,1,-1
158,0,366.72,563.80,20.46,15.45,1.0,0,-1,-1
159,1,1148.14,574.88,37.56,110.55,0.9297,2,1,-1
159,2,1331.13,612.45,47.72,121.99,0.9382,2,2,-1
159,3,1228.18,453.13,39.33,86.26,0.9196,2,2,-1
159,4,336.00,565.56,58.07,109.39,0.9344,2,2,-1
159,5,256.80,419.21,36.29,71.65,0.9197,2,1,-1
159,6,1051.82,437.13,36.52,81.12,0.8974,2,2,-1
159,7,267.70,541.23,31.35,111.35,0.9086,2,1,-1
159,8,1343.06,564.16,31.27,55.28,0.6088,2,2,-1
159,9,843.50,467.76,49.40,87.94,0.9310,2,2,-1
159,10,1523.45,525.52,39.42,101.68,0.9352,2,2,-1
159,12,1337.03,478.05,42.73,65.83,0.8439,2,2,-1
159,13,1261.58,503.41,52.82,97.74,0.9254,2,2,-1
159,14,955.01,434.00,30.27,78.97,0.9189,2,1,-1
159,18,629.22,575.80,59.93,119.81,0.9330,2,1,-1
159,21,641.03,467.52,41.29,88.17,0.9185,3,0,-1
159,22,1074.23,488.71,53.19,95.05,0.9344,2,2,-1
159,23,231.05,470.04,38.13,96.77,0.9161,2,1,-1
159,24,927.14,552.08,30.47,103.95,0.9116,2,1,-1
159,38,1290.75,455.82,22.27,66.33,0.8364,2,1,-1
159,41,591.81,432.17,28.19,76.51,0.9165,2,2,-1
159,46,771.34,727.84,50.59,148.74,0.9235,2,1,-1
159,0,369.11,565.56,17.26,14.93,1.0,0,-1,-1
160,1,1151.52,576.36,45.20,110.82,0.9278,2,1,-1
160,2,1336.56,612.42,46.61,124.22,0.9248,2,2,-1
160,3,1231.12,454.17,38.60,86.53,0.9144,2,2,-1
160,4,340.78,565.81,51.37,110.78,0.9345,2,2,-1
160,5,255.16,420.53,34.76,71.17,0.9168,2,1,-1
160,6,1051.26,438.70,39.22,80.99,0.9062,2,2,-1
160,7,268.88,542.69,30.72,111.82,0.9136,2,1,-1
160,8,1348.55,559.30,33.94,61.39,0.7570,2,-1,-1
160,9,845.10,468.43,48.80,89.51,0.9299,2,2,-1
160,10,1527.56,527.17,39.52,101.39,0.9365,2,2,-1
160,12,1339.56,478.91,44.18,74.71,0.8913,2,2,-1
160,13,1265.03,504.10,54.27,98.92,0.9265,2,2,-1
160,14,955.75,435.13,33.59,79.89,0.9237,2,1,-1
160,18,629.79,576.36,59.51,121.91,0.9380,2,1,-1
160,21,643.83,468.66,41.32,87.85,0.9219,3,0,-1
160,22,1075.85,490.98,54.11,94.34,0.9332,2,2,-1
160,23,227.79,471.68,39.00,96.46,0.9198,2,1,-1
160,24,930.99,553.83,30.39,104.87,0.9062,2,1,-1
160,38,1294.35,456.60,23.72,69.12,0.8241,2,1,-1
160,41,590.06,432.51,29.31,76.98,0.9166,2,2,-1
160,46,771.57,728.49,52.20,151.47,0.9203,2,1,-1
161,1,1153.64,578.57,52.78,110.00,0.9300,2,1,-1
161,2,1340.52,613.93,46.18,124.70,0.9306,2,2,-1
161,3,1233.13,454.55,37.88,86.56,0.9152,2,2,-1
161,4,345.19,567.00,44.90,111.03,0.9258,2,2,-1
161,5,254.78,420.30,34.38,72.18,0.9136,2,1,-1
161,6,1051.61,439.84,41.41,81.62,0.9132,2,2,-1
161,7,269.05,543.86,38.64,112.85,0.9347,2,1,-1
161,8,1353.93,558.86,33.50,61.87,0.6401,2,1,-1
161,9,848.95,468.71,45.25,89.30,0.9229,2,2,-1
161,10,1528.80,527.37,40.97,101.75,0.9370,2,2,-1
161,12,1342.78,479.61,43.63,72.97,0.8723,2,2,-1
161,13,1271.59,505.30,54.47,98.17,0.9197,2,2,-1
161,14,956.13,437.18,36.68,78.31,0.9284,2,1,-1
161,18,630.39,577.39,58.46,122.27,0.9368,2,1,-1
161,21,646.99,470.16,41.16,86.52,0.9284,3,0,-1
161,22,1081.46,492.56,53.33,93.61,0.9289,2,2,-1
161,23,224.52,472.51,39.02,97.58,0.9254,2,1,-1
161,24,932.64,555.06,33.41,105.28,0.9151,2,1,-1
161,38,1296.71,457.40,24.50,68.45,0.7834,2,1,-1
161,41,588.70,432.94,30.06,77.18,0.9129,2,2,-1
161,46,769.95,728.99,54.02,155.33,0.9112,2,1,-1
162,1,1154.71,579.93,59.12,111.07,0.9308,2,1,-1
162,2,1344.79,616.31,45.93,123.36,0.9394,2,2,-1
162,3,1235.68,454.00,36.73,88.08,0.9161,2,2,-1
162,4,351.21,567.93,35.77,111.34,0.9296,2,2,-1
162,5,255.62,420.25,33.93,72.96,0.8861,2,1,-1
162,6,1054.42,440.27,41.64,81.82,0.9058,2,2,-1
162,7,266.55,544.16,49.08,113.49,0.9326,2,1,-1
162,9,855.71,468.56,38.83,90.61,0.9186,2,2,-1
162,10,1532.40,527.78,40.85,102.00,0.9323,2,2,-1
162,12,1342.46,480.66,50.61,94.64,0.8642,2,2,-1
162,13,1279.58,506.45,49.21,97.63,0.9123,2,2,-1
162,14,956.75,439.04,39.35,77.58,0.9257,2,1,-1
162,18,632.48,577.36,56.56,123.65,0.9336,2,1,-1
162,21,649.98,470.05,40.30,86.98,0.9297,3,0,-1
162,22,1088.70,491.49,51.43,95.99,0.9266,2,2,-1
162,23,222.05,472.24,38.49,97.98,0.9209,2,1,-1
162,24,933.65,555.20,39.05,106.79,0.9227,2,1,-1
162,41,587.05,433.20,31.19,76.99,0.9115,2,2,-1
162,46,769.27,728.39,54.66,152.65,0.9177,2,1,-1
163,1,1157.01,581.16,60.26,112.19,0.9377,2,1,-1
163,2,1348.72,617.55,46.18,122.65,0.9370,2,2,-1
163,3,1238.71,454.49,35.63,89.15,0.9144,2,2,-1
163,4,356.95,568.33,32.36,111.66,0.9216,2,2,-1
163,5,259.70,422.47,34.04,70.89,0.8975,2,1,-1
163,6,1057.38,440.36,40.82,83.33,0.8992,2,2,-1
163,7,263.05,546.76,57.92,113.15,0.9398,2,1,-1
163,9,864.49,467.80,31.24,91.51,0.9037,2,2,-1
163,10,1534.72,528.21,41.66,101.76,0.9338,2,2,-1
163,12,1346.08,480.27,51.85,103.75,0.8079,2,2,-1
163,13,1289.11,505.83,43.82,100.74,0.8974,2,2,-1
163,14,957.18,438.99,41.60,79.37,0.9255,2,1,-1
163,18,636.35,578.94,52.95,122.24,0.9314,2,1,-1
163,21,652.41,468.91,39.89,88.28,0.9309,3,0,-1
163,22,1097.63,490.31,48.05,98.56,0.9296,2,2,-1
163,23,219.76,472.45,39.22,98.98,0.9276,2,1,-1
163,24,934.33,556.04,42.85,107.29,0.9282,2,1,-1
163,41,587.56,433.24,31.62,77.22,0.9068,2,2,-1
163,46,769.51,728.22,55.51,153.12,0.9250,2,1,-1
164,1,1160.65,581.98,60.11,110.75,0.9367,2,1,-1
164,2,1353.02,616.21,46.67,125.11,0.9394,2,2,-1
164,3,1242.44,455.18,34.04,89.25,0.9125,2,2,-1
164,4,358.34,570.57,32.69,111.74,0.9190,2,2,-1
164,5,263.10,422.26,33.69,72.00,0.8707,2,1,-1
164,6,1060.49,440.98,39.20,83.14,0.8991,2,2,-1
164,7,262.02,548.62,60.75,111.83,0.9423,2,1,-1
164,9,869.61,467.84,26.25,91.80,0.9103,2,2,-1
164,10,1538.39,528.26,42.08,102.82,0.9341,2,2,-1
164,12,1352.64,480.93,48.23,97.72,0.8243,2,2,-1
164,13,1297.28,508.54,39.19,98.77,0.8755,2,2,-1
164,14,959.39,440.29,41.43,78.86,0.9263,2,1,-1
164,18,639.91,578.88,48.76,122.24,0.9299,2,1,-1
164,21,655.32,466.90,39.17,89.43,0.9268,3,0,-1
164,22,1109.63,489.42,41.64,99.19,0.9156,2,2,-1
164,23,217.90,471.82,39.63,100.43,0.9258,2,1,-1
164,24,936.92,557.56,44.78,106.93,0.9299,2,1,-1
164,41,588.97,432.80,31.30,78.25,0.9122,2,2,-1
164,46,768.40,728.24,58.02,152.63,0.9265,2,1,-1
165,1,1166.62,582.15,56.51,111.43,0.9362,2,1,-1
165,2,1356.24,617.07,46.67,125.65,0.9375,2,2,-1
165,3,1244.92,455.05,33.78,88.75,0.9159,2,2,-1
165,4,356.54,575.96,38.41,108.62,0.9295,2,2,-1
165,5,261.83,420.51,36.13,73.51,0.8651,2,1,-1
165,6,1060.58,440.59,39.41,84.11,0.8938,2,2,-1
165,7,259.67,548.97,61.72,112.30,0.9469,2,1,-1
165,9,872.99,467.92,23.86,92.58,0.9069,2,2,-1
165,10,1543.38,528.06,39.83,102.69,0.9296,2,2,-1
165,13,1300.45,510.46,36.86,97.33,0.8753,2,2,-1
165,14,960.77,438.61,41.20,81.16,0.9235,2,1,-1
165,18,644.12,578.88,43.79,121.56,0.9324,2,1,-1
165,21,656.94,464.34,38.74,91.46,0.9288,3,0,-1
165,22,1119.14,488.36,35.22,100.67,0.9145,2,2,-1
165,23,215.89,471.71,36.97,100.43,0.9137,2,1,-1
165,24,933.93,557.88,48.74,108.43,0.9316,2,1,-1
165,30,1373.23,521.40,48.96,104.75,0.9004,2,1,-1
165,41,590.57,432.28,29.18,79.23,0.9146,2,2,-1
165,46,766.38,728.12,58.58,154.22,0.9276,2,1,-1
166,1,1173.13,582.09,51.03,110.83,0.9298,2,1,-1
166,2,1359.92,617.57,46.60,126.18,0.9342,2,2,-1
166,3,1246.48,454.93,33.93,89.59,0.9229,2,2,-1
166,4,354.04,573.24,48.16,112.47,0.9335,2,2,-1
166,5,258.91,421.06,36.89,73.49,0.8894,2,1,-1
166,6,1067.84,440.69,36.17,85.63,0.8595,2,2,-1
166,7,260.48,549.46,59.98,112.92,0.9374,2,1,-1
166,9,875.68,468.56,26.19,92.40,0.9000,2,2,-1
166,10,1546.30,527.97,38.78,103.13,0.9307,2,2,-1
166,13,1306.18,537.46,30.43,70.64,0.8825,2,2,-1
166,14,963.80,438.71,38.29,81.30,0.9161,2,1,-1
166,18,647.86,579.55,39.73,120.40,0.9282,2,1,-1
166,21,657.66,462.12,38.16,94.08,0.9238,3,0,-1
166,22,1124.67,488.35,32.32,99.08,0.9108,2,2,-1
166,23,213.70,478.33,34.96,94.82,0.9005,2,1,-1
166,24,933.18,559.24,49.90,108.03,0.9313,2,1,-1
166,30,1376.83,522.92,54.13,102.95,0.9071,2,1,-1
166,41,591.40,432.39,27.61,79.35,0.9143,2,2,-1
166,46,764.44,729.01,58.45,153.56,0.9276,2,1,-1
166,0,350.93,572.99,14.94,14.62,1.0,0,-1,-1
167,1,1181.36,580.59,43.93,113.78,0.9334,2,1,-1
167,2,1363.07,614.99,46.42,126.14,0.9369,2,2,-1
167,3,1247.71,454.83,34.43,89.49,0.9217,2,2,-1
167,4,351.09,573.18,57.05,113.91,0.9281,2,2,-1
167,5,256.45,419.59,38.68,75.90,0.9074,2,1,-1
167,6,1073.38,440.40,31.59,85.45,0.8894,2,2,-1
167,7,263.73,547.83,55.47,114.22,0.9270,2,1,-1
167,9,874.32,469.34,33.25,92.73,0.9162,2,2,-1
167,10,1550.29,528.04,36.47,103.53,0.9324,2,2,-1
167,13,1305.70,509.72,40.01,99.22,0.9121,2,2,-1
167,14,966.82,438.44,35.22,81.71,0.9169,2,1,-1
167,18,649.41,579.09,37.68,121.80,0.9254,2,1,-1
167,21,659.80,460.75,36.84,95.07,0.9228,3,0,-1
167,22,1128.38,488.98,30.29,98.65,0.9028,2,2,-1
167,23,211.20,472.82,34.11,100.51,0.8973,2,1,-1
167,24,932.27,559.80,50.07,108.26,0.9331,2,1,-1
167,30,1377.62,521.34,59.50,105.80,0.9147,2,1,-1
167,41,591.79,432.30,27.23,78.54,0.9165,2,2,-1
167,46,762.92,728.91,59.40,154.79,0.9353,2,1,-1
167,0,348.30,573.97,15.05,14.31,1.0,0,-1,-1
168,1,1191.57,580.53,38.77,113.64,0.9113,2,1,-1
168,2,1365.71,614.21,47.04,126.91,0.9445,2,2,-1
168,3,1248.51,454.86,35.44,90.32,0.9204,2,2,-1
168,4,347.20,573.42,60.94,114.17,0.9282,2,2,-1
168,5,254.54,418.17,42.54,77.27,0.9281,2,1,-1
168,6,1076.23,440.28,29.84,85.84,0.9020,2,2,-1
168,7,272.74,599.11,38.72,61.35,0.9167,2,1,-1
168,9,873.91,469.87,38.31,94.03,0.9221,2,2,-1
168,10,1554.02,527.78,34.30,103.70,0.9295,2,2,-1
168,13,1308.48,509.77,43.17,100.14,0.9130,2,2,-1
168,14,970.88,438.44,31.06,81.81,0.8972,2,1,-1
168,18,649.73,578.80,37.81,123.14,0.9244,2,1,-1
168,21,660.83,459.91,36.61,96.00,0.9276,3,0,-1
168,22,1130.63,489.89,30.00,97.68,0.9155,2,2,-1
168,23,214.10,512.96,22.31,58.77,0.7793,2,1,-1
168,24,931.31,559.44,50.61,109.40,0.9326,2,1,-1
168,30,1379.70,522.36,59.49,105.85,0.9011,2,1,-1
168,41,591.23,431.90,29.44,80.22,0.9141,2,2,-1
168,46,762.31,730.23,59.87,156.13,0.9339,2,1,-1
168,0,345.10,575.28,14.63,13.26,1.0,0,-1,-1
169,1,1200.50,580.55,36.91,114.44,0.9051,2,1,-1
169,2,1369.20,613.71,47.44,129.24,0.9358,2,2,-1
169,3,1249.70,455.74,35.99,89.51,0.9215,2,2,-1
169,4,344.41,574.44,63.04,114.54,0.9417,2,2,-1
169,5,252.51,418.62,47.50,76.69,0.9279,2,1,-1
169,6,1080.03,440.23,30.99,86.52,0.8920,2,2,-1
169,9,873.86,470.58,42.62,92.74,0.9288,2,2,-1
169,10,1556.78,528.19,32.83,103.38,0.9309,2,2,-1
169,13,1309.66,511.10,47.80,99.58,0.9140,2,2,-1
169,14,975.74,438.79,26.55,81.96,0.8740,2,1,-1
169,18,650.84,579.95,37.88,122.88,0.9337,2,1,-1
169,21,662.41,460.05,37.29,96.16,0.9314,3,0,-1
169,22,1135.00,491.33,33.67,98.32,0.9188,2,2,-1
169,23,207.68,472.86,31.77,100.29,0.8599,2,1,-1
169,24,931.84,560.53,49.69,109.72,0.9332,2,1,-1
169,30,1382.66,522.80,58.89,106.92,0.9077,2,1,-1
169,41,590.58,431.83,30.09,80.03,0.9161,2,2,-1
169,46,760.15,730.97,60.77,158.26,0.9361,2,1,-1
169,0,341.39,575.33,16.17,14.89,1.0,0,-1,-1
170,1,1202.69,581.66,40.43,115.00,0.8879,2,1,-1
170,2,1372.97,613.89,46.81,130.39,0.9358,2,2,-1
170,3,1250.42,456.66,36.71,89.54,0.9256,2,2,-1
170,4,344.79,575.26,62.73,114.92,0.9355,2,2,-1
170,5,250.58,422.31,52.09,73.18,0.9252,2,1,-1
170,6,1081.72,441.46,34.76,86.68,0.9106,2,2,-1
170,8,1365.52,526.51,36.05,65.77,0.5058,2,1,-1
170,9,871.97,470.96,46.02,93.61,0.9271,2,2,-1
170,10,1558.72,529.21,31.86,103.53,0.9265,2,2,-1
170,13,1311.35,513.53,50.79,99.12,0.9190,2,2,-1
170,14,982.80,472.76,18.02,48.74,0.8581,2,1,-1
170,18,650.37,581.25,39.82,123.29,0.9359,2,1,-1
170,21,663.84,461.92,39.22,94.04,0.9331,3,0,-1
170,22,1139.98,494.52,39.99,96.40,0.9174,2,2,-1
170,23,208.56,474.07,27.70,98.78,0.8827,2,1,-1
170,24,932.22,561.62,49.37,109.64,0.9289,2,1,-1
170,30,1390.61,525.66,53.23,104.99,0.8993,2,1,-1
170,38,1322.76,459.19,29.73,75.56,0.8399,2,1,-1
170,41,589.73,432.59,31.62,80.30,0.9114,2,2,-1
170,46,759.73,732.45,60.63,158.44,0.9332,2,1,-1
170,52,279.76,548.81,36.66,112.99,0.9052,2,-1,-1
170,0,339.23,576.53,16.16,15.07,1.0,0,-1,-1
171,1,1200.14,584.03,48.44,114.23,0.9277,2,1,-1
171,2,1376.15,614.03,45.84,132.05,0.9291,2,2,-1
171,3,1249.68,457.65,37.20,89.64,0.9246,2,2,-1
171,4,345.15,575.65,60.44,116.06,0.9340,2,2,-1
171,5,248.92,424.07,54.53,72.43,0.9306,2,1,-1
171,6,1081.38,442.99,37.75,86.14,0.9174,2,2,-1
171,9,872.21,472.54,46.74,92.82,0.9305,2,2,-1
171,10,1558.72,530.29,30.98,103.44,0.9257,2,2,-1
171,13,1311.98,515.09,52.00,98.66,0.9269,2,2,-1
171,14,980.01,439.43,26.12,82.95,0.8982,2,1,-1
171,18,650.14,581.72,43.20,124.30,0.9377,2,1,-1
171,21,664.56,464.88,43.06,91.90,0.9320,3,0,-1
171,22,1139.27,496.03,44.93,95.46,0.9290,2,2,-1
171,23,210.77,518.63,20.56,56.60,0.8653,2,1,-1
171,24,933.33,562.05,48.02,109.94,0.9299,2,1,-1
171,30,1395.48,524.35,47.62,107.30,0.9021,2,1,-1
171,38,1323.84,459.71,30.94,73.97,0.8251,2,1,-1
171,41,587.03,433.40,34.51,81.14,0.9171,2,2,-1
171,46,758.21,734.87,60.54,158.59,0.9294,2,1,-1
171,52,282.89,549.83,34.78,114.64,0.9313,2,-1,-1
171,0,336.25,577.11,15.98,15.87,1.0,0,-1,-1
172,1,1198.10,585.39,53.36,113.51,0.9231,2,1,-1
172,2,1377.91,612.83,45.97,133.84,0.9382,2,2,-1
172,3,1249.12,457.88,37.14,89.52,0.9222,2,2,-1
172,4,348.57,575.27,53.80,116.67,0.9304,2,2,-1
172,5,248.21,425.20,52.70,71.94,0.9276,2,1,-1
172,6,1080.15,443.48,40.73,86.04,0.9234,2,2,-1
172,9,872.34,472.89,46.62,92.79,0.9296,2,2,-1
172,10,1558.00,530.64,29.86,102.16,0.9193,2,2,-1
172,13,1311.81,516.10,51.57,97.76,0.9279,2,2,-1
172,14,979.87,439.67,26.56,83.45,0.9155,2,1,-1
172,18,649.28,582.86,48.82,124.66,0.9355,2,1,-1
172,21,663.84,466.47,46.70,91.14,0.9322,3,0,-1
172,22,1139.49,496.21,47.82,95.60,0.9299,2,2,-1
172,23,203.69,474.50,30.70,102.10,0.8983,2,1,-1
172,24,934.42,562.04,46.25,110.18,0.9284,2,1,-1
172,30,1399.18,524.06,42.05,107.63,0.9085,2,1,-1
172,38,1324.01,460.13,32.22,74.30,0.8094,2,1,-1
172,41,584.23,432.99,36.37,81.76,0.9158,2,2,-1
172,46,756.68,734.15,59.39,158.06,0.9248,2,1,-1
172,52,282.08,550.56,37.99,115.31,0.9373,2,-1,-1
172,0,332.98,578.33,16.32,15.52,1.0,0,-1,-1
173,1,1198.28,585.72,58.00,113.16,0.9359,2,1,-1
173,2,1379.91,617.97,45.51,127.93,0.9374,2,2,-1
173,3,1248.31,458.13,37.54,89.59,0.9219,2,2,-1
173,4,355.27,575.06,46.13,117.73,0.9264,2,2,-1
173,5,250.99,425.60,49.05,72.36,0.9296,2,1,-1
173,6,1079.24,443.90,42.07,86.29,0.9230,2,2,-1
173,9,874.83,472.73,44.64,92.82,0.9171,2,2,-1
173,10,1557.04,530.80,29.71,101.46,0.9188,2,2,-1
173,12,1366.62,488.21,51.16,105.37,0.9024,2,2,-1
173,13,1310.90,516.78,52.08,97.50,0.9230,2,2,-1
173,14,979.80,440.51,31.66,83.28,0.9249,2,1,-1
173,18,649.07,583.57,54.78,123.99,0.9366,2,1,-1
173,21,664.35,467.86,49.30,89.79,0.9347,3,0,-1
173,22,1140.01,496.38,50.42,95.80,0.9336,2,2,-1
173,23,203.94,474.63,30.27,102.23,0.8935,2,1,-1
173,24,936.88,562.23,44.17,110.51,0.9262,2,1,-1
173,30,1405.29,546.57,33.74,85.65,0.7763,2,1,-1
173,41,583.75,434.73,37.02,79.89,0.9201,2,2,-1
173,46,756.29,733.03,58.57,159.33,0.9224,2,1,-1
173,52,282.75,551.01,47.62,115.42,0.9308,2,1,-1
173,0,331.20,578.82,15.97,15.27,1.0,0,-1,-1
174,1,1200.28,586.36,60.70,113.13,0.9292,2,1,-1
174,2,1382.69,618.54,46.81,127.78,0.9342,2,2,-1
174,3,1248.79,459.06,37.86,89.14,0.9211,2,2,-1
174,4,364.82,575.48,37.26,117.83,0.9191,2,2,-1
174,5,256.88,432.61,41.65,64.55,0.9174,2,1,-1
174,6,1079.31,444.83,42.49,86.18,0.9274,2,2,-1
174,9,879.92,472.75,40.78,93.92,0.9209,2,2,-1
174,10,1556.65,531.48,30.11,101.50,0.9201,2,2,-1
174,12,1369.18,490.01,50.54,103.77,0.9019,2,2,-1
174,13,1312.65,517.46,50.95,96.90,0.9248,2,2,-1
174,14,979.79,441.38,37.38,83.02,0.9312,2,1,-1
174,18,649.26,584.04,57.03,124.22,0.9400,2,1,-1
174,21,665.12,468.78,50.98,89.76,0.9358,3,0,-1
174,22,1141.27,495.87,52.12,97.34,0.9271,2,2,-1
174,23,204.42,476.32,30.97,100.33,0.8593,2,1,-1
174,24,940.69,562.22,41.60,111.07,0.9270,2,1,-1
174,30,1407.96,524.37,35.28,107.00,0.8928,2,1,-1
174,41,584.26,435.19,38.21,80.15,0.9258,2,2,-1
174,46,756.92,731.95,56.39,158.59,0.9289,2,1,-1
174,52,283.11,551.84,58.36,115.53,0.9388,2,1,-1
174,0,331.27,579.67,16.65,14.73,1.0,0,-1,-1
175,1,1203.90,586.84,62.20,114.83,0.9327,2,1,-1
175,2,1384.82,620.76,46.91,127.73,0.9377,2,2,-1
175,3,1249.64,459.17,38.25,89.73,0.9183,2,2,-1
175,4,374.09,576.29,31.77,117.67,0.9215,2,2,-1
175,5,262.21,430.29,37.41,66.92,0.9206,2,1,-1
175,6,1080.40,446.11,42.56,85.76,0.9275,2,2,-1
175,9,885.67,472.89,33.17,94.00,0.9118,2,2,-1
175,10,1556.99,532.33,29.82,100.99,0.9208,2,2,-1
175,12,1369.88,491.61,50.69,103.05,0.9042,2,2,-1
175,13,1314.79,515.17,49.26,99.93,0.9264,2,2,-1
175,14,980.39,442.28,42.70,83.21,0.9317,2,1,-1
175,18,649.13,584.55,56.48,124.49,0.9391,2,1,-1
175,21,664.99,469.48,50.33,89.61,0.9369,3,0,-1
175,22,1143.67,496.69,53.11,96.70,0.9294,2,2,-1
175,23,205.33,476.20,33.59,100.64,0.9046,2,1,-1
175,24,944.66,562.83,40.20,111.47,0.9270,2,1,-1
175,30,1414.05,524.19,32.51,108.69,0.9016,2,1,-1
175,38,1333.85,461.86,41.97,71.63,0.8691,2,1,-1
175,41,585.44,435.93,38.41,80.00,0.9251,2,2,-1
175,46,757.56,730.89,54.79,158.94,0.9314,2,1,-1
175,52,283.41,553.90,65.47,114.50,0.9381,2,1,-1
175,0,332.08,580.37,15.50,14.86,1.0,0,-1,-1
176,1,1208.20,586.53,61.66,115.52,0.9242,2,1,-1
176,2,1386.11,621.58,48.15,126.88,0.9374,2,2,-1
176,3,1250.08,459.39,38.81,90.29,0.9213,2,2,-1
176,4,378.03,576.87,31.48,117.45,0.9273,2,2,-1
176,5,266.45,429.91,33.22,67.86,0.8956,2,1,-1
176,6,1080.79,446.82,42.40,85.78,0.9302,2,2,-1
176,9,893.50,473.13,26.76,94.46,0.9142,2,2,-1
176,10,1557.31,532.91,29.43,100.46,0.9212,2,2,-1
176,12,1370.04,491.62,51.70,104.02,0.9058,2,2,-1
176,13,1317.68,515.22,45.94,100.26,0.9291,2,2,-1
176,14,980.35,443.44,45.48,82.95,0.9283,2,1,-1
176,18,649.24,584.79,55.31,124.33,0.9369,2,1,-1
176,21,665.18,469.51,50.75,89.64,0.9373,3,0,-1
176,22,1145.81,498.84,51.36,93.74,0.9276,2,2,-1
176,23,205.80,478.35,34.45,99.03,0.8990,2,1,-1
176,24,946.67,563.22,39.19,112.00,0.9268,2,1,-1
176,30,1417.14,524.45,32.72,109.12,0.8864,2,1,-1
176,38,1333.22,462.59,44.33,71.89,0.8814,2,1,-1
176,41,585.88,436.85,38.52,79.61,0.9244,2,2,-1
176,46,757.70,730.53,53.25,154.91,0.9301,2,1,-1
176,52,283.03,554.12,69.15,115.38,0.9352,2,1,-1
176,0,331.59,581.08,16.08,15.14,1.0,0,-1,-1
177,1,1215.76,586.78,57.47,112.40,0.9366,2,1,-1
177,2,1387.24,621.16,49.33,129.26,0.9427,2,2,-1
177,3,1252.36,460.26,39.43,89.77,0.9224,2,2,-1
177,4,380.90,578.31,36.50,116.81,0.9274,2,2,-1
177,5,270.59,430.70,29.66,67.96,0.8875,2,1,-1
177,6,1081.77,447.36,42.02,85.89,0.9298,2,2,-1
177,9,898.16,474.16,25.54,93.30,0.9086,2,2,-1
177,10,1557.21,532.88,30.54,101.71,0.9212,2,2,-1
177,12,1371.74,491.86,51.35,105.36,0.8908,2,2,-1
177,13,1320.94,514.77,43.27,102.03,0.9252,2,2,-1
177,14,980.76,444.44,46.77,83.78,0.9237,2,1,-1
177,18,649.94,586.06,55.37,123.87,0.9423,2,1,-1
177,21,671.59,468.73,47.28,90.94,0.9344,3,0,-1
177,22,1151.47,497.50,46.74,95.64,0.9139,2,2,-1
177,23,207.18,478.06,34.78,99.96,0.9200,2,1,-1
177,24,948.29,564.78,39.00,111.19,0.9234,2,1,-1
177,30,1418.54,526.42,37.62,106.60,0.8949,2,1,-1
177,38,1337.87,463.35,43.34,71.71,0.7370,2,1,-1
177,41,586.78,437.28,38.15,79.19,0.9235,2,2,-1
177,46,759.59,730.40,51.66,153.58,0.9341,2,1,-1
177,52,284.93,553.35,69.33,117.23,0.9319,2,1,-1
177,0,332.87,582.40,15.22,14.51,1.0,0,-1,-1
178,1,1223.58,587.34,52.69,112.22,0.9254,2,1,-1
178,2,1388.88,622.23,50.66,126.67,0.9399,2,2,-1
178,3,1253.76,461.98,39.05,90.32,0.9264,2,2,-1
178,4,382.09,580.10,45.95,117.23,0.9316,2,2,-1
178,5,274.43,433.20,27.33,67.01,0.8387,2,1,-1
178,6,1085.93,449.24,40.34,84.87,0.9292,2,2,-1
178,9,901.88,476.64,28.57,92.97,0.9024,2,2,-1
178,10,1559.03,534.34,31.01,102.48,0.9230,2,2,-1
178,12,1375.72,494.17,48.92,103.90,0.8619,2,2,-1
178,13,1325.06,514.61,41.47,104.20,0.9147,2,2,-1
178,14,982.82,446.32,46.10,83.83,0.9304,2,1,-1
178,18,653.34,587.01,53.07,124.83,0.9420,2,1,-1
178,21,679.76,468.27,41.97,92.55,0.9288,3,0,-1
178,22,1161.96,522.58,35.15,72.33,0.8943,2,2,-1
178,23,209.22,485.02,35.02,96.19,0.8919,2,1,-1
178,24,950.47,567.11,38.36,110.61,0.9165,2,1,-1
178,30,1424.19,542.03,35.66,92.79,0.8220,2,1,-1
178,38,1341.84,467.24,42.56,71.23,0.6398,2,1,-1
178,41,589.11,438.46,37.90,79.86,0.9231,2,2,-1
178,46,760.72,731.32,51.21,153.18,0.9309,2,1,-1
178,52,290.64,556.41,65.32,115.49,0.9349,2,1,-1
179,1,1232.51,587.43,44.90,112.10,0.9238,2,1,-1
179,2,1391.96,622.45,50.47,125.78,0.9321,2,2,-1
179,3,1254.83,463.46,39.09,90.11,0.9235,2,2,-1
179,4,382.15,581.71,54.96,116.97,0.9364,2,2,-1
179,5,275.65,431.14,26.41,70.82,0.8924,2,1,-1
179,6,1090.96,449.90,37.44,86.02,0.9185,2,2,-1
179,9,901.76,477.77,34.91,93.43,0.9188,2,2,-1
179,10,1559.57,535.47,32.16,102.29,0.9246,2,2,-1
179,12,1378.76,495.28,46.29,104.47,0.8712,2,2,-1
179,13,1326.96,517.11,39.56,103.78,0.9015,2,2,-1
179,14,984.65,447.12,45.12,84.41,0.9336,2,1,-1
179,18,655.52,587.82,51.42,125.69,0.9423,2,1,-1
179,21,685.91,466.26,37.67,95.28,0.9243,3,0,-1
179,22,1167.22,501.29,35.91,93.86,0.8747,2,2,-1
179,23,209.28,480.86,36.59,102.57,0.8956,2,1,-1
179,24,950.80,568.38,39.86,110.64,0.9140,2,1,-1
179,30,1422.52,530.12,47.65,106.16,0.9136,2,1,-1
179,38,1342.91,467.79,41.72,76.09,0.8669,2,1,-1
179,41,591.56,438.97,36.34,79.95,0.9196,2,2,-1
179,46,760.74,731.73,52.10,153.39,0.9407,2,1,-1
179,52,295.95,556.04,61.35,116.41,0.9263,2,1,-1
180,1,1238.22,586.80,38.20,113.26,0.9245,2,1,-1
180,2,1396.37,621.74,48.08,125.07,0.9336,2,2,-1
180,3,1254.71,463.83,40.13,90.42,0.9284,2,2,-1
180,4,381.36,582.36,60.21,116.55,0.9339,2,2,-1
180,5,277.43,432.89,26.53,70.41,0.8702,2,1,-1
180,6,1097.53,450.57,32.65,85.84,0.9138,2,2,-1
180,7,306.30,612.94,49.26,58.74,0.8998,2,1,-1
180,9,901.76,479.58,41.03,93.17,0.9255,2,2,-1
180,10,1559.69,536.08,32.46,102.16,0.9219,2,2,-1
180,12,1380.88,495.90,44.17,104.65,0.8810,2,2,-1
180,13,1328.32,518.47,38.57,104.34,0.8827,2,2,-1
180,14,987.65,447.71,41.81,84.05,0.9272,2,1,-1
180,18,660.29,589.12,47.84,123.41,0.9300,2,1,-1
180,21,690.48,464.33,34.32,96.45,0.9179,3,0,-1
180,22,1173.14,495.50,30.84,101.12,0.8819,2,2,-1
180,23,209.89,485.77,34.57,98.11,0.8898,2,1,-1
180,24,950.59,569.26,40.41,110.25,0.9125,2,1,-1
180,30,1423.01,529.75,52.57,107.45,0.9109,2,1,-1
180,38,1345.55,468.67,39.42,76.59,0.8704,2,1,-1
180,41,593.36,439.73,34.45,79.76,0.9191,2,2,-1
180,46,761.50,731.72,51.27,154.03,0.9316,2,1,-1
180,52,319.39,557.23,29.03,54.38,0.6976,2,1,-1
181,1,1242.15,587.34,35.90,112.74,0.9284,2,1,-1
181,2,1400.22,620.78,46.64,126.44,0.9344,2,2,-1
181,3,1254.14,463.99,41.69,90.54,0.9268,2,2,-1
181,4,383.19,582.15,63.09,117.30,0.9283,2,2,-1
181,5,279.62,433.21,27.54,69.56,0.8638,2,1,-1
181,6,1101.59,450.58,30.06,85.64,0.9086,2,2,-1
181,7,308.23,566.35,55.22,106.03,0.9018,2,1,-1
181,9,901.54,480.55,46.16,92.59,0.9300,2,2,-1
181,10,1559.51,536.05,32.56,101.90,0.9227,2,2,-1
181,12,1383.15,495.77,42.32,105.45,0.8990,2,2,-1
181,13,1328.55,519.53,38.65,104.37,0.8844,2,2,-1
181,14,991.49,447.66,38.47,84.05,0.9248,2,1,-1
181,15,1351.15,469.70,36.08,87.82,0.8377,2,1,-1
181,18,665.83,588.73,47.42,123.10,0.9307,2,1,-1
181,21,695.07,461.90,32.26,97.50,0.9179,3,0,-1
181,22,1181.50,495.57,26.02,99.74,0.9038,2,2,-1
181,23,211.59,492.96,32.66,90.72,0.8606,2,1,-1
181,24,950.82,569.37,41.26,109.95,0.9194,2,1,-1
181,30,1424.83,530.77,54.61,107.50,0.9269,2,1,-1
181,41,596.87,439.63,31.71,79.93,0.9205,2,2,-1
181,46,764.05,731.99,49.46,154.20,0.9276,2,1,-1
182,1,1245.11,587.48,37.16,112.98,0.9253,2,1,-1
182,2,1403.57,620.63,45.33,126.15,0.9393,2,2,-1
182,3,1253.67,464.09,42.96,90.50,0.9232,2,2,-1
182,4,384.09,581.79,64.36,116.62,0.9325,2,2,-1
182,5,279.72,431.61,27.93,71.46,0.8371,2,1,-1
182,6,1104.59,450.54,28.70,85.92,0.9138,2,2,-1
182,7,321.49,555.18,41.41,117.56,0.9033,2,1,-1
182,9,902.19,481.13,48.46,91.70,0.9295,2,2,-1
182,10,1559.52,536.49,32.29,101.74,0.9248,2,2,-1
182,12,1385.45,495.48,39.87,105.03,0.8861,2,2,-1
182,13,1329.76,521.39,37.10,103.21,0.8784,2,2,-1
182,14,996.42,448.96,34.31,82.68,0.8994,2,1,-1
182,15,1351.66,470.88,35.90,94.37,0.8584,2,1,-1
182,18,671.35,588.00,46.71,124.19,0.9294,2,1,-1
182,21,699.58,460.91,30.35,97.88,0.9184,3,0,-1
182,22,1187.43,502.55,27.08,92.13,0.8961,2,2,-1
182,23,213.96,512.39,29.25,71.47,0.8476,2,1,-1
182,24,951.64,569.33,41.54,109.62,0.9096,2,1,-1
182,30,1429.96,532.68,53.05,105.77,0.8808,2,1,-1
182,41,600.55,439.50,29.93,80.30,0.9157,2,2,-1
182,46,763.71,731.79,49.78,154.91,0.9330,2,1,-1
183,1,1247.58,588.13,43.48,112.87,0.9255,2,1,-1
183,2,1407.22,620.61,44.61,126.87,0.9370,2,2,-1
183,3,1252.65,464.72,44.02,90.24,0.9246,2,2,-1
183,4,389.37,581.26,61.22,115.83,0.9346,2,2,-1
183,5,280.34,429.41,27.94,73.47,0.8487,2,1,-1
183,6,1107.53,450.41,27.73,86.62,0.9110,2,2,-1
183,7,331.21,556.24,32.95,115.96,0.9087,2,1,-1
183,9,904.13,482.23,48.41,90.46,0.9329,2,2,-1
183,10,1559.24,536.98,33.45,101.15,0.9261,2,2,-1
183,12,1385.63,496.31,39.23,104.94,0.8703,2,2,-1
183,13,1330.04,520.83,36.27,103.77,0.8844,2,2,-1
183,14,1003.35,448.20,30.85,83.45,0.8945,2,1,-1
183,15,1354.16,471.87,34.69,94.69,0.8595,2,1,-1
183,18,677.50,588.37,43.41,124.05,0.9340,2,1,-1
183,21,704.29,460.78,28.85,95.58,0.9109,3,0,-1
183,22,1189.87,497.29,33.85,98.38,0.9191,2,2,-1
183,23,211.46,482.87,35.66,101.56,0.9036,2,1,-1
183,24,953.07,569.46,42.50,109.78,0.9142,2,1,-1
183,30,1433.57,530.92,53.82,108.09,0.9073,2,1,-1
183,41,602.97,439.40,28.91,80.84,0.9136,2,2,-1
183,46,764.85,731.90,49.50,153.90,0.9278,2,1,-1
184,1,1249.34,589.73,52.48,113.26,0.9312,2,1,-1
184,2,1410.16,620.55,44.00,127.56,0.9184,2,2,-1
184,3,1252.11,465.48,45.75,90.52,0.9190,2,2,-1
184,4,397.09,581.65,56.09,114.84,0.9321,2,2,-1
184,5,281.35,428.02,28.32,75.79,0.8480,2,1,-1
184,6,1110.36,451.75,28.09,86.17,0.9120,2,2,-1
184,7,335.82,556.21,33.21,116.38,0.9214,2,1,-1
184,9,907.63,482.62,46.39,91.19,0.9340,2,2,-1
184,10,1559.96,537.38,34.92,101.95,0.9257,2,2,-1
184,12,1388.09,497.82,37.20,103.15,0.8708,2,2,-1
184,13,1332.55,525.90,34.00,99.22,0.8789,2,2,-1
184,14,1009.66,448.95,28.96,83.12,0.8906,2,1,-1
184,15,1356.77,472.19,34.46,94.75,0.8667,2,1,-1
184,18,677.88,588.86,46.40,123.91,0.9248,2,1,-1
184,21,709.44,461.40,29.42,95.36,0.9149,3,0,-1
184,22,1191.55,499.57,40.21,97.13,0.9320,2,2,-1
184,23,214.13,482.64,34.10,102.01,0.8901,2,1,-1
184,24,954.38,569.89,43.42,110.30,0.9187,2,1,-1
184,30,1437.48,531.22,49.88,108.94,0.9253,2,1,-1
184,41,607.47,440.93,27.75,80.13,0.9148,2,2,-1
184,46,766.16,731.94,48.94,153.80,0.9224,2,1,-1
185,1,1249.70,591.19,58.48,112.58,0.9255,2,1,-1
185,2,1412.26,620.74,43.73,127.82,0.9217,2,2,-1
185,3,1251.16,466.21,46.78,90.27,0.9199,2,2,-1
185,4,404.82,581.83,49.27,115.35,0.9278,2,2,-1
185,5,282.29,428.93,28.22,75.35,0.8878,2,1,-1
185,6,1112.71,452.80,29.83,85.78,0.9142,2,2,-1
185,7,338.34,557.89,41.22,115.66,0.9261,2,1,-1
185,9,912.18,482.31,42.82,91.77,0.9290,2,2,-1
185,10,1560.19,537.87,34.98,102.26,0.9210,2,2,-1
185,12,1389.53,498.55,36.22,103.88,0.8780,2,2,-1
185,13,1332.46,525.03,34.20,100.70,0.8856,2,2,-1
185,14,1013.58,451.39,28.44,82.24,0.8700,2,1,-1
185,15,1356.80,472.70,35.61,96.88,0.8779,2,1,-1
185,18,676.92,589.31,51.02,124.38,0.9305,2,1,-1
185,21,713.90,463.17,30.65,94.58,0.9122,3,0,-1
185,22,1191.71,501.49,47.92,96.08,0.9313,2,2,-1
185,23,215.51,484.14,32.23,100.96,0.9068,2,1,-1
185,24,955.61,570.66,43.45,110.33,0.9126,2,1,-1
185,30,1443.84,531.52,44.23,107.25,0.9156,2,1,-1
185,41,609.37,441.91,28.86,79.78,0.9122,2,2,-1
185,46,766.17,731.91,49.14,153.87,0.9260,2,1,-1
186,1,1249.30,590.97,60.10,111.61,0.9277,2,1,-1
186,2,1412.99,621.46,44.43,126.59,0.9281,2,2,-1
186,3,1249.83,466.27,47.13,90.06,0.9199,2,2,-1
186,4,412.18,581.01,41.18,116.22,0.9147,2,2,-1
186,5,282.30,428.47,28.22,75.89,0.8889,2,1,-1
186,6,1113.10,453.21,33.06,85.43,0.9143,2,2,-1
186,7,339.86,558.85,50.92,114.00,0.9331,2,1,-1
186,9,917.59,480.95,38.18,94.02,0.9214,2,2,-1
186,10,1560.02,537.55,35.41,102.70,0.9118,2,2,-1
186,12,1389.44,498.10,35.01,103.92,0.8748,2,2,-1
186,13,1332.57,526.47,33.42,99.01,0.8843,2,2,-1
186,14,1014.89,450.41,29.60,83.17,0.8961,2,1,-1
186,15,1357.53,472.53,35.28,97.01,0.8653,2,1,-1
186,18,678.70,588.67,52.60,125.05,0.9265,2,1,-1
186,21,719.00,465.02,31.16,91.99,0.9133,3,0,-1
186,22,1192.15,502.26,52.30,95.76,0.9276,2,2,-1
186,23,216.31,484.34,30.86,100.52,0.8981,2,1,-1
186,24,955.53,570.26,44.02,111.48,0.9222,2,1,-1
186,30,1446.89,532.85,41.42,105.25,0.7960,2,1,-1
186,41,609.94,442.04,32.01,79.87,0.9159,2,2,-1
186,46,766.22,730.57,49.04,152.33,0.9247,2,1,-1
187,1,1252.14,590.72,59.66,111.83,0.9364,2,1,-1
187,2,1414.15,622.23,45.31,125.56,0.9353,2,2,-1
187,3,1249.12,465.79,47.81,90.28,0.9208,2,2,-1
187,4,420.76,580.64,35.57,115.13,0.9212,2,2,-1
187,5,281.92,428.71,28.57,75.28,0.8932,2,1,-1
187,6,1113.65,452.64,34.29,85.24,0.9143,2,2,-1
187,7,340.10,558.38,59.39,115.14,0.9293,2,1,-1
187,9,922.81,479.73,34.14,94.16,0.9120,2,2,-1
187,10,1561.13,536.93,35.08,102.36,0.9006,2,2,-1
187,12,1389.77,497.99,34.36,104.29,0.8730,2,2,-1
187,13,1331.47,522.59,34.79,103.04,0.8929,2,2,-1
187,14,1016.42,450.09,30.96,83.25,0.9054,2,1,-1
187,15,1360.72,471.25,35.79,97.95,0.8691,2,1,-1
187,18,679.24,589.43,55.07,123.82,0.9298,2,1,-1
187,21,720.48,466.73,34.38,90.61,0.9165,3,0,-1
187,22,1191.76,502.67,54.99,95.44,0.9264,2,2,-1
187,23,217.60,483.69,29.92,101.00,0.8980,2,1,-1
187,24,956.41,569.93,42.72,111.09,0.9184,2,1,-1
187,30,1452.54,531.56,36.29,106.36,0.8366,2,1,-1
187,41,609.65,441.64,35.23,79.90,0.9163,2,2,-1
187,46,766.37,729.46,49.27,153.04,0.9283,2,1,-1
187,0,335.81,587.79,14.79,15.38,1.0,0,-1,-1
188,1,1255.45,589.83,56.71,111.10,0.9350,2,1,-1
188,2,1415.31,621.53,46.35,125.69,0.9399,2,2,-1
188,3,1248.04,465.58,48.89,90.60,0.9193,2,2,-1
188,4,424.76,580.55,34.24,114.32,0.9224,2,2,-1
188,5,281.07,428.60,30.45,75.82,0.9087,2,1,-1
188,6,1113.85,452.43,35.10,85.03,0.9242,2,2,-1
188,7,341.23,558.46,62.52,114.41,0.9493,2,1,-1
188,9,929.90,479.24,29.69,94.30,0.9030,2,2,-1
188,10,1560.81,535.95,36.05,103.48,0.8989,2,2,-1
188,12,1390.08,497.68,33.75,104.63,0.8680,2,2,-1
188,13,1331.84,522.92,34.68,102.57,0.8868,2,2,-1
188,14,1017.20,450.22,35.01,83.41,0.9160,2,1,-1
188,15,1361.56,469.67,35.93,99.25,0.8725,2,1,-1
188,18,680.62,589.04,56.28,124.08,0.9363,2,1,-1
188,21,722.40,468.37,37.04,88.83,0.9199,3,0,-1
188,22,1192.37,502.52,56.22,94.90,0.9320,2,2,-1
188,23,219.56,493.38,27.51,90.70,0.8565,2,1,-1
188,24,958.64,569.60,41.94,110.53,0.9133,2,1,-1
188,30,1457.43,529.32,32.81,107.53,0.8824,2,1,-1
188,41,608.76,441.64,38.05,79.59,0.9266,2,2,-1
188,46,765.98,727.36,49.66,153.26,0.9309,2,1,-1
188,0,335.92,587.32,14.92,16.09,1.0,0,-1,-1
189,1,1260.79,587.57,51.91,111.56,0.9250,2,1,-1
189,2,1416.30,621.52,45.90,124.30,0.9347,2,2,-1
189,3,1247.18,465.31,49.46,90.36,0.9199,2,2,-1
189,4,426.93,580.00,35.75,115.89,0.9316,2,2,-1
189,5,278.75,428.28,34.06,76.38,0.8951,2,1,-1
189,6,1113.56,452.32,35.33,84.86,0.9256,2,2,-1
189,7,343.02,558.92,61.72,113.66,0.9498,2,1,-1
189,9,935.39,478.77,27.24,94.30,0.9022,2,2,-1
189,10,1560.18,535.55,36.93,103.84,0.8936,2,2,-1
189,12,1390.20,500.92,32.34,100.86,0.8534,2,2,-1
189,13,1330.88,522.17,34.75,103.29,0.8836,2,2,-1
189,14,1016.85,450.30,38.92,83.14,0.9272,2,1,-1
189,15,1363.63,468.50,34.80,100.59,0.8728,2,1,-1
189,18,682.44,589.04,55.84,123.44,0.9296,2,1,-1
189,21,722.17,469.44,40.48,87.89,0.9252,3,0,-1
189,22,1194.00,502.28,54.81,93.89,0.9306,2,2,-1
189,23,219.41,483.82,29.47,100.65,0.8274,2,1,-1
189,24,961.04,569.34,40.82,110.03,0.9174,2,1,-1
189,30,1460.03,529.04,33.07,107.25,0.9060,2,1,-1
189,41,608.45,441.45,38.95,79.29,0.9280,2,2,-1
189,46,764.87,725.49,50.73,150.10,0.9333,2,1,-1
189,0,335.52,587.37,14.73,14.66,1.0,0,-1,-1
190,1,1268.17,587.19,46.94,111.73,0.9176,2,1,-1
190,2,1418.45,619.88,46.51,125.71,0.9274,2,2,-1
190,3,1247.56,465.55,50.23,90.34,0.9195,2,2,-1
190,4,429.89,580.12,42.17,116.56,0.9280,2,2,-1
190,5,277.53,427.99,37.05,76.93,0.9065,2,1,-1
190,6,1115.58,452.77,35.64,84.43,0.9256,2,2,-1
190,7,347.21,557.15,60.76,116.99,0.9293,2,1,-1
190,8,1392.15,536.51,31.49,65.01,0.7870,2,1,-1
190,9,941.10,479.05,29.56,94.80,0.8971,2,2,-1
190,10,1561.79,535.83,37.49,103.56,0.9050,2,2,-1
190,13,1332.40,523.99,34.23,101.40,0.8869,2,2,-1
190,14,1017.90,450.90,41.56,82.93,0.9260,2,1,-1
190,15,1367.17,468.29,32.98,101.24,0.8379,2,1,-1
190,18,685.64,589.16,56.13,123.62,0.9318,2,1,-1
190,21,723.29,469.11,43.51,87.40,0.9315,3,0,-1
190,22,1199.82,501.64,50.38,94.61,0.9268,2,2,-1
190,23,221.81,483.94,28.33,100.16,0.8416,2,1,-1
190,24,964.92,569.31,39.65,109.51,0.9167,2,1,-1
190,30,1463.66,528.86,35.56,107.92,0.9040,2,1,-1
190,41,609.81,441.59,38.86,78.70,0.9241,2,2,-1
190,46,767.11,723.85,51.58,147.89,0.9317,2,1,-1
190,0,335.77,587.30,15.83,15.56,1.0,0,-1,-1
191,1,1279.26,587.82,42.95,111.49,0.9122,2,1,-1
191,2,1422.95,619.31,46.55,124.85,0.9276,2,2,-1
191,3,1249.09,466.44,51.21,90.06,0.9237,2,2,-1
191,4,433.81,581.26,50.88,116.10,0.9274,2,2,-1
191,5,276.57,428.05,41.63,78.92,0.9188,2,1,-1
191,6,1118.39,454.39,34.91,83.41,0.9167,2,2,-1
191,7,357.79,570.28,51.89,102.17,0.9078,2,1,-1
191,8,1393.91,538.46,31.20,63.90,0.6508,2,1,-1
191,9,942.47,480.64,37.25,94.61,0.9246,2,2,-1
191,10,1565.18,536.59,37.09,103.58,0.9086,2,2,-1
191,13,1334.59,525.63,34.16,100.47,0.8961,2,2,-1
191,14,1020.11,453.32,42.73,80.96,0.9241,2,1,-1
191,15,1373.51,469.74,33.39,100.52,0.8255,2,1,-1
191,18,689.79,590.09,55.50,123.63,0.9391,2,1,-1
191,21,726.31,469.77,44.90,87.94,0.9285,3,0,-1
191,22,1208.11,501.13,45.37,95.66,0.9190,2,2,-1
191,23,230.43,524.26,20.08,60.74,0.7659,2,1,-1
191,24,970.42,569.92,36.22,109.42,0.9291,2,1,-1
191,30,1467.26,530.19,44.22,107.99,0.9274,2,1,-1
191,41,612.25,442.50,38.47,78.43,0.9191,2,2,-1
191,46,767.31,723.03,53.31,148.88,0.9305,2,1,-1
191,0,338.05,588.99,15.48,14.42,1.0,0,-1,-1
192,1,1289.48,588.97,40.37,109.63,0.8883,2,1,-1
192,2,1424.90,618.41,46.36,123.89,0.9273,2,2,-1
192,3,1250.38,467.07,51.19,90.55,0.9217,2,2,-1
192,4,434.34,581.95,59.17,115.87,0.9242,2,2,-1
192,5,275.74,428.02,43.30,79.92,0.9200,2,1,-1
192,6,1121.41,455.08,33.33,82.78,0.9196,2,2,-1
192,7,370.19,608.98,38.79,62.77,0.9099,2,1,-1
192,8,1394.49,532.87,32.17,69.08,0.8498,2,1,-1
192,9,941.74,481.35,43.47,95.03,0.9309,2,2,-1
192,10,1565.73,537.23,38.39,103.02,0.9160,2,2,-1
192,13,1334.93,525.64,35.11,101.97,0.9009,2,2,-1
192,14,1021.56,452.70,43.87,82.74,0.9293,2,1,-1
192,15,1374.29,470.32,30.73,99.61,0.8073,2,1,-1
192,18,693.39,589.72,54.01,123.68,0.9348,2,1,-1
192,21,728.66,469.36,43.40,89.06,0.9360,3,0,-1
192,22,1214.77,501.09,40.02,96.17,0.9173,2,2,-1
192,23,229.26,501.98,27.30,82.62,0.8519,2,1,-1
192,24,972.98,569.53,34.17,109.42,0.9193,2,1,-1
192,30,1467.85,532.82,50.37,105.61,0.9218,2,1,-1
192,41,615.78,442.15,37.21,79.20,0.9149,2,2,-1
192,46,766.77,720.79,54.11,151.26,0.9280,2,1,-1
192,52,374.97,558.45,33.74,60.65,0.7604,2,1,-1
192,0,338.51,588.90,16.30,15.68,1.0,0,-1,-1
193,1,1291.10,594.63,37.23,104.11,0.7959,2,1,-1
193,2,1425.69,616.65,46.33,123.83,0.9397,2,2,-1
193,3,1249.19,466.34,51.02,90.55,0.9180,2,2,-1
193,4,432.36,581.64,61.34,115.39,0.9274,2,2,-1
193,5,273.63,429.10,44.08,77.65,0.9157,2,1,-1
193,6,1123.59,453.72,30.75,82.68,0.9016,2,2,-1
193,7,370.78,568.80,46.52,101.21,0.8836,2,1,-1
193,9,940.84,481.33,46.03,93.66,0.9298,2,2,-1
193,10,1565.12,536.42,39.87,103.05,0.9178,2,2,-1
193,12,1394.71,512.94,29.71,88.53,0.6887,2,2,-1
193,13,1334.95,525.13,34.50,100.89,0.8971,2,2,-1
193,14,1023.29,451.61,42.07,83.46,0.9298,2,1,-1
193,18,696.17,588.58,51.86,123.70,0.9263,2,1,-1
193,21,731.22,467.76,41.10,89.62,0.9285,3,0,-1
193,22,1216.70,499.36,38.65,96.89,0.9260,2,2,-1
193,23,231.82,526.71,21.94,57.57,0.8059,2,1,-1
193,24,973.34,569.06,32.83,109.23,0.9161,2,1,-1
193,30,1466.92,530.84,53.94,106.49,0.9310,2,1,-1
193,38,1374.86,470.25,29.25,74.84,0.7868,2,1,-1
193,41,617.88,440.85,34.68,79.28,0.9207,2,2,-1
193,46,764.77,720.43,54.87,151.43,0.9369,2,1,-1
193,0,337.65,588.30,15.43,15.30,1.0,0,-1,-1
194,1,1293.55,589.21,46.12,109.24,0.9170,2,1,-1
194,2,1427.14,615.37,46.80,127.66,0.9147,2,2,-1
194,3,1249.35,465.97,51.33,91.57,0.9181,2,2,-1
194,4,432.72,581.78,61.96,115.48,0.9283,2,2,-1
194,5,271.55,429.60,43.46,78.82,0.9219,2,1,-1
194,6,1126.91,452.84,28.18,83.71,0.9023,2,2,-1
194,7,378.02,556.71,42.33,114.40,0.8737,2,1,-1
194,8,1391.41,524.57,35.17,76.54,0.5887,2,1,-1
194,9,941.24,481.24,46.85,93.23,0.9248,2,2,-1
194,10,1565.46,536.09,41.04,102.15,0.9131,2,2,-1
194,13,1334.81,523.49,35.15,102.05,0.8946,2,2,-1
194,14,1025.29,451.49,39.95,83.45,0.9211,2,1,-1
194,18,701.60,587.23,48.17,123.51,0.9269,2,1,-1
194,21,735.81,466.41,36.21,88.09,0.9239,3,0,-1
194,22,1217.57,499.21,40.09,96.88,0.9231,2,2,-1
194,23,231.64,529.46,22.42,54.71,0.8036,2,1,-1
194,24,973.49,568.63,32.61,109.30,0.9120,2,1,-1
194,30,1466.73,531.33,57.86,105.96,0.9348,2,1,-1
194,41,622.07,440.40,31.63,79.37,0.9025,2,2,-1
194,46,764.37,719.73,54.65,152.47,0.9354,2,1,-1
194,0,336.93,588.29,15.92,14.69,1.0,0,-1,-1
195,1,1295.25,593.37,50.71,106.11,0.9264,2,1,-1
195,2,1432.27,614.89,45.11,127.20,0.9343,2,2,-1
195,3,1251.59,466.60,50.12,90.08,0.9171,2,2,-1
195,4,436.81,581.67,59.46,115.45,0.9316,2,2,-1
195,5,272.13,430.70,42.85,77.66,0.9244,2,1,-1
195,6,1131.65,453.11,25.55,84.40,0.8970,2,2,-1
195,7,384.94,557.53,37.98,113.09,0.9213,2,1,-1
195,9,943.03,481.43,47.36,93.80,0.9180,2,2,-1
195,10,1568.11,536.47,40.62,103.28,0.9114,2,2,-1
195,12,1392.75,497.48,34.61,103.57,0.8652,2,2,-1
195,13,1336.47,523.26,36.75,101.94,0.8934,2,2,-1
195,14,1030.49,452.17,36.81,83.72,0.9076,2,1,-1
195,18,708.63,587.26,42.60,123.35,0.9359,2,1,-1
195,21,741.09,465.72,31.35,88.92,0.9152,3,0,-1
195,22,1218.53,499.35,42.42,97.68,0.9082,2,2,-1
195,23,227.78,500.76,31.04,84.30,0.8152,2,1,-1
195,24,975.76,569.88,32.89,108.63,0.9192,2,1,-1
195,30,1469.62,532.25,57.37,105.46,0.9381,2,1,-1
195,41,627.58,440.85,28.45,79.58,0.9077,2,2,-1
195,46,764.20,721.11,55.78,152.05,0.9370,2,1,-1
195,0,337.20,588.99,15.67,15.78,1.0,0,-1,-1
196,1,1295.77,594.46,54.57,105.01,0.9339,2,1,-1
196,2,1435.06,615.24,44.24,126.75,0.9273,2,2,-1
196,3,1252.25,466.97,50.46,91.05,0.9155,2,2,-1
196,4,440.07,581.24,56.19,115.82,0.9238,2,2,-1
196,5,270.64,431.84,43.30,77.43,0.9325,2,1,-1
196,6,1135.14,453.54,23.52,84.15,0.9033,2,2,-1
196,7,389.57,557.88,40.11,114.09,0.9410,2,1,-1
196,8,1393.02,524.59,34.52,76.62,0.7611,2,1,-1
196,9,945.36,481.48,46.86,93.10,0.9168,2,2,-1
196,10,1568.88,536.90,40.17,103.11,0.9124,2,2,-1
196,13,1338.40,523.66,37.73,101.76,0.8968,2,2,-1
196,14,1035.05,452.05,32.06,84.13,0.9026,2,1,-1
196,18,713.82,587.74,37.82,122.12,0.9277,2,1,-1
196,21,746.99,464.26,27.95,90.28,0.9115,3,0,-1
196,22,1220.75,500.75,44.61,97.09,0.8643,2,2,-1
196,23,227.84,485.89,32.59,99.54,0.8444,2,1,-1
196,24,976.65,570.30,35.48,108.39,0.9276,2,1,-1
196,30,1471.52,532.56,55.93,106.10,0.9330,2,1,-1
196,38,1382.01,471.13,28.67,73.68,0.5352,2,1,-1
196,41,630.19,441.40,26.73,79.08,0.9105,2,2,-1
196,46,763.32,721.11,57.34,152.47,0.9328,2,1,-1
196,0,337.11,589.50,15.66,14.93,1.0,0,-1,-1
197,1,1296.82,594.02,58.39,105.60,0.9358,2,1,-1
197,2,1438.13,614.51,44.26,127.84,0.9304,2,2,-1
197,3,1253.14,466.73,49.88,92.04,0.9178,2,2,-1
197,4,446.90,579.44,49.37,117.23,0.9252,2,2,-1
197,5,268.56,430.77,43.92,79.71,0.9341,2,1,-1
197,6,1137.94,453.42,23.62,83.75,0.9009,2,2,-1
197,7,391.65,559.19,49.52,113.40,0.9415,2,1,-1
197,9,950.10,481.10,45.40,93.45,0.9088,2,2,-1
197,10,1569.17,536.65,39.91,103.43,0.9121,2,2,-1
197,12,1393.55,499.13,34.17,101.69,0.8721,2,2,-1
197,13,1339.22,522.42,40.04,102.46,0.9082,2,2,-1
197,14,1041.19,451.54,27.50,84.47,0.9000,2,1,-1
197,18,718.25,587.58,35.38,121.63,0.9173,2,1,-1
197,21,751.18,463.12,26.30,90.92,0.9114,3,0,-1
197,23,229.19,485.48,31.02,99.99,0.8515,2,1,-1
197,24,978.36,570.82,37.32,107.70,0.9383,2,1,-1
197,30,1475.49,532.07,51.49,106.41,0.9266,2,1,-1
197,41,632.66,441.24,26.21,79.61,0.9077,2,2,-1
197,46,762.44,719.90,58.41,154.65,0.9325,2,1,-1
197,0,336.84,589.41,15.91,15.32,1.0,0,-1,-1
198,1,1298.11,595.56,61.84,103.78,0.9361,2,1,-1
198,2,1440.24,615.23,45.18,125.94,0.9353,2,2,-1
198,3,1254.39,466.57,49.18,91.95,0.9093,2,2,-1
198,4,454.04,578.88,42.17,117.99,0.9031,2,2,-1
198,5,267.33,431.52,42.37,78.66,0.9307,2,1,-1
198,6,1139.43,454.00,25.96,83.99,0.8981,2,2,-1
198,7,391.99,559.69,58.92,113.18,0.9308,2,1,-1
198,8,1392.70,519.46,35.42,81.52,0.7717,2,1,-1
198,9,955.06,480.82,44.45,94.47,0.9054,2,2,-1
198,10,1569.15,536.78,40.13,103.42,0.9030,2,2,-1
198,13,1340.38,522.59,42.24,102.26,0.9215,2,2,-1
198,14,1046.49,451.49,24.54,84.49,0.8841,2,1,-1
198,18,719.57,587.45,36.54,123.00,0.9220,2,1,-1
198,21,754.01,462.68,27.18,91.89,0.9161,3,0,-1
198,23,230.37,486.94,29.94,98.35,0.7457,2,1,-1
198,24,979.16,570.56,40.18,107.93,0.9399,2,1,-1
198,30,1479.06,533.74,47.54,104.48,0.9065,2,1,-1
198,41,635.16,441.20,26.35,79.37,0.9052,2,2,-1
198,46,761.58,719.29,58.22,153.97,0.9256,2,1,-1
198,0,336.79,589.26,16.06,15.94,1.0,0,-1,-1
199,1,1299.57,597.81,65.11,102.54,0.9333,2,1,-1
199,2,1442.21,615.83,46.95,127.14,0.9296,2,2,-1
199,4,461.48,580.61,34.33,116.99,0.8988,2,2,-1
199,5,265.20,430.82,40.18,79.26,0.9260,2,1,-1
199,6,1138.71,454.35,31.38,84.81,0.9092,2,2,-1
199,7,391.84,560.97,63.26,111.98,0.9422,2,1,-1
199,9,963.29,480.81,37.32,92.99,0.9045,2,2,-1
199,10,1570.53,537.27,39.00,103.48,0.9065,2,2,-1
199,12,1394.15,501.02,33.56,100.34,0.8661,2,2,-1
199,13,1340.60,523.02,43.33,101.46,0.9236,2,2,-1
199,14,1048.56,452.55,23.37,83.63,0.9060,2,1,-1
199,18,720.86,587.32,37.95,122.84,0.9292,2,1,-1
199,21,755.98,462.87,27.83,92.10,0.9148,3,0,-1
199,22,1226.50,501.33,51.11,95.74,0.9124,2,2,-1
199,23,230.08,485.70,29.76,100.35,0.8356,2,1,-1
199,24,979.29,570.77,41.12,108.00,0.9352,2,1,-1
199,30,1483.97,532.07,42.20,105.76,0.9083,2,1,-1
199,41,636.77,441.64,26.26,79.25,0.9076,2,2,-1
199,46,760.08,719.31,59.21,153.50,0.9311,2,1,-1
199,0,337.00,589.63,15.27,14.85,1.0,0,-1,-1
200,1,1303.90,601.37,61.02,98.26,0.9178,2,1,-1
200,2,1442.76,616.85,47.89,125.53,0.9313,2,2,-1
200,3,1254.76,467.57,48.79,91.91,0.9067,2,2,-1
200,4,466.87,581.24,30.59,116.39,0.9143,2,2,-1
200,5,263.68,430.67,36.28,79.90,0.9114,2,1,-1
200,6,1137.69,454.76,36.53,85.42,0.9211,2,2,-1
200,7,391.35,560.89,65.24,112.56,0.9487,2,1,-1
200,9,967.41,480.75,32.48,93.55,0.8975,2,2,-1
200,10,1570.62,537.60,38.68,103.51,0.9034,2,2,-1
200,12,1393.66,500.79,33.68,100.90,0.8509,2,2,-1
200,13,1341.85,523.83,45.00,102.84,0.9203,2,2,-1
200,14,1048.97,452.87,24.72,83.52,0.9130,2,1,-1
200,18,722.02,587.72,39.51,123.34,0.9379,2,1,-1
200,21,757.15,463.82,30.45,91.68,0.9157,3,0,-1
200,23,229.30,486.11,29.53,100.76,0.8674,2,1,-1
200,24,979.45,571.60,39.93,107.23,0.9351,2,1,-1
200,30,1489.63,532.01,37.60,106.23,0.8979,2,1,-1
200,41,635.87,442.13,28.83,79.50,0.9169,2,2,-1
200,46,758.06,719.58,60.18,152.51,0.9288,2,1,-1
200,0,336.21,590.38,14.98,14.85,1.0,0,-1,-1
201,1,1309.88,602.46,59.03,94.87,0.8935,2,1,-1
201,2,1443.55,617.77,49.32,123.90,0.9337,2,2,-1
201,3,1254.90,468.41,49.09,91.27,0.9035,2,2,-1
201,4,471.02,581.98,33.39,116.39,0.9189,2,2,-1
201,5,262.23,431.76,33.37,79.50,0.9150,2,1,-1
201,6,1136.73,455.69,39.91,85.05,0.9274,2,2,-1
201,7,392.83,560.89,66.26,113.03,0.9363,2,1,-1
201,9,970.72,480.85,28.63,92.66,0.8986,2,2,-1
201,10,1570.91,538.01,38.52,103.53,0.9012,2,2,-1
201,12,1394.06,499.23,33.49,102.87,0.8634,2,2,-1
201,13,1343.23,524.13,45.01,102.81,0.9192,2,2,-1
201,14,1049.24,453.03,29.19,84.55,0.9226,2,1,-1
201,18,723.86,588.56,43.67,123.19,0.9389,2,1,-1
201,21,758.27,464.72,35.96,90.39,0.9234,3,0,-1
201,23,229.07,486.51,29.82,100.66,0.8563,2,1,-1
201,24,980.18,571.59,37.60,107.11,0.9313,2,1,-1
201,30,1495.02,530.65,35.15,108.88,0.8430,2,1,-1
201,41,636.21,442.49,31.39,79.84,0.9219,2,2,-1
201,46,756.95,717.23,59.54,154.00,0.9208,2,1,-1
201,0,336.38,591.05,14.70,14.66,1.0,0,-1,-1
202,1,1317.33,606.69,55.37,90.50,0.7515,2,1,-1
202,2,1445.83,618.09,50.78,123.15,0.9412,2,2,-1
202,3,1258.57,468.94,44.88,71.45,0.8999,2,2,-1
202,4,473.51,582.47,39.16,115.60,0.9354,2,2,-1
202,5,261.01,433.48,31.90,78.09,0.9108,2,1,-1
202,6,1137.46,455.78,43.17,85.46,0.9286,2,2,-1
202,7,397.66,560.01,63.99,114.73,0.9363,2,1,-1
202,9,974.26,482.21,25.84,91.96,0.8954,2,2,-1
202,10,1571.81,538.28,38.67,103.40,0.8959,2,2,-1
202,12,1396.29,497.97,32.86,104.79,0.8721,2,2,-1
202,13,1345.47,525.07,44.38,102.72,0.9038,2,2,-1
202,14,1050.46,454.44,35.23,83.64,0.9280,2,1,-1
202,18,725.30,589.36,48.67,121.76,0.9362,2,1,-1
202,21,758.72,465.50,39.57,89.72,0.9361,3,0,-1
202,23,230.49,493.15,28.28,94.42,0.8106,2,1,-1
202,24,981.97,570.95,36.31,107.24,0.9249,2,1,-1
202,30,1502.63,531.05,31.74,108.43,0.8712,2,1,-1
202,41,636.57,443.23,35.80,80.84,0.9238,2,2,-1
202,46,756.59,715.14,59.52,153.54,0.9256,2,1,-1
202,0,336.67,591.83,14.65,14.54,1.0,0,-1,-1
203,2,1446.90,617.61,53.28,121.79,0.9474,2,2,-1
203,3,1256.22,469.64,51.95,91.72,0.9055,2,2,-1
203,4,474.71,582.69,46.18,115.73,0.9324,2,2,-1
203,5,260.37,434.00,31.09,77.65,0.9066,2,1,-1
203,6,1138.37,457.13,43.78,84.38,0.9261,2,2,-1
203,7,404.57,560.39,56.71,113.24,0.9355,2,1,-1
203,9,975.27,483.76,30.09,91.83,0.9062,2,2,-1
203,10,1572.42,539.54,39.65,102.59,0.8995,2,2,-1
203,12,1398.47,498.04,32.83,104.60,0.8535,2,2,-1
203,13,1341.82,526.03,48.48,104.11,0.9074,2,2,-1
203,14,1050.75,455.03,40.04,83.73,0.9291,2,1,-1
203,18,726.21,590.11,54.60,122.21,0.9336,2,1,-1
203,21,759.51,466.38,41.14,89.35,0.9333,3,0,-1
203,23,229.31,488.64,29.88,99.42,0.8277,2,1,-1
203,24,983.15,571.66,35.97,107.53,0.9222,2,1,-1
203,30,1506.57,532.78,31.05,106.12,0.8877,2,1,-1
203,41,638.38,444.21,35.27,79.32,0.9201,2,2,-1
203,46,758.67,717.01,56.53,148.31,0.9345,2,1,-1
203,0,336.84,592.10,15.04,14.51,1.0,0,-1,-1
204,2,1447.48,616.36,54.63,122.04,0.9415,2,2,-1
204,4,474.64,583.43,52.55,115.92,0.9341,2,2,-1
204,5,258.51,437.15,30.20,75.08,0.9064,2,1,-1
204,6,1138.46,457.30,44.11,84.76,0.9266,2,2,-1
204,7,412.56,559.36,49.32,114.08,0.9346,2,1,-1
204,9,975.20,485.07,35.43,90.94,0.9140,2,2,-1
204,10,1573.82,539.70,39.00,102.35,0.9029,2,2,-1
204,12,1398.99,497.12,33.55,106.09,0.8653,2,2,-1
204,13,1339.04,526.60,52.47,104.78,0.9251,2,2,-1
204,14,1050.51,455.35,42.11,83.75,0.9333,2,1,-1
204,18,726.35,591.05,55.46,120.74,0.9340,2,1,-1
204,21,759.95,466.79,40.70,89.01,0.9356,3,0,-1
204,22,1245.76,500.85,37.49,95.75,0.8973,2,2,-1
204,23,229.25,490.39,29.41,97.75,0.8439,2,1,-1
204,24,983.59,571.51,34.69,107.74,0.9187,2,1,-1
204,30,1508.34,532.31,35.07,106.34,0.9090,2,1,-1
204,41,638.87,444.32,35.65,79.07,0.9240,2,2,-1
204,46,758.11,716.62,55.45,147.19,0.9347,2,1,-1
204,0,336.65,592.35,14.93,14.80,1.0,0,-1,-1
205,1,1336.59,591.53,54.12,106.14,0.9181,2,1,-1
205,2,1450.77,615.72,52.75,122.26,0.9376,2,2,-1
205,4,474.66,583.59,57.71,114.83,0.9325,2,2,-1
205,5,256.63,437.47,31.15,75.10,0.9131,2,1,-1
205,6,1140.26,457.76,42.47,84.25,0.9296,2,2,-1
205,7,418.81,558.88,42.56,114.75,0.9227,2,1,-1
205,9,974.88,485.57,40.22,90.74,0.9202,2,2,-1
205,10,1573.38,539.45,39.71,102.64,0.9016,2,2,-1
205,12,1399.03,499.75,32.54,103.35,0.8399,2,2,-1
205,14,1050.79,455.50,43.02,83.78,0.9309,2,1,-1
205,18,725.86,590.42,56.21,121.35,0.9423,2,1,-1
205,21,761.15,466.70,39.66,88.72,0.9365,3,0,-1
205,22,1249.81,499.66,34.47,96.81,0.8828,2,2,-1
205,23,229.97,491.34,28.87,96.87,0.8346,2,1,-1
205,24,984.21,570.58,34.18,108.47,0.9204,2,1,-1
205,30,1509.15,531.57,38.26,107.56,0.8996,2,1,-1
205,41,639.76,444.19,34.94,78.44,0.9237,2,2,-1
205,46,758.20,715.46,52.67,147.35,0.9320,2,1,-1
205,0,336.52,592.48,14.76,14.45,1.0,0,-1,-1
206,1,1338.91,593.54,53.21,104.70,0.9125,2,1,-1
206,2,1455.13,615.10,50.86,121.20,0.9266,2,2,-1
206,4,475.06,582.98,61.67,115.04,0.9304,2,2,-1
206,5,255.35,438.24,31.54,74.62,0.9161,2,1,-1
206,6,1143.20,457.66,39.88,84.33,0.9307,2,2,-1
206,7,423.57,557.77,40.40,115.25,0.8995,2,1,-1
206,9,974.83,486.74,43.86,90.09,0.9217,2,2,-1
206,10,1573.65,539.32,39.93,103.03,0.8968,2,2,-1
206,12,1401.64,505.69,30.48,96.92,0.7558,2,2,-1
206,14,1051.78,455.70,43.72,83.86,0.9297,2,1,-1
206,18,726.52,589.26,57.09,123.24,0.9390,2,1,-1
206,21,764.73,466.47,37.04,88.48,0.9273,3,0,-1
206,22,1255.08,502.65,30.16,93.82,0.8935,2,2,-1
206,23,233.09,510.03,24.63,78.20,0.8085,2,1,-1
206,24,985.80,570.56,33.31,106.79,0.9173,2,1,-1
206,30,1509.36,531.88,43.38,107.40,0.9166,2,1,-1
206,41,641.27,444.41,34.90,78.05,0.9198,2,2,-1
206,46,759.29,714.86,52.00,147.71,0.9272,2,1,-1
206,0,336.53,592.30,15.24,15.04,1.0,0,-1,-1
207,1,1341.35,589.47,56.14,108.37,0.9205,2,1,-1
207,2,1459.29,613.04,49.08,123.65,0.9340,2,2,-1
207,4,478.76,582.97,61.32,113.59,0.9190,2,2,-1
207,5,252.95,438.94,33.26,75.00,0.9224,2,1,-1
207,6,1145.79,457.16,37.73,84.76,0.9241,2,2,-1
207,7,428.82,557.97,40.88,115.49,0.9001,2,1,-1
207,9,975.82,486.96,44.75,89.86,0.9245,2,2,-1
207,10,1572.87,539.19,40.56,103.22,0.8921,2,2,-1
207,14,1053.45,455.90,42.90,84.60,0.9239,2,1,-1
207,18,727.60,589.00,55.59,122.19,0.9364,2,1,-1
207,21,769.57,465.64,33.85,87.81,0.9270,3,0,-1
207,22,1258.59,505.19,27.74,90.18,0.8902,2,2,-1
207,23,231.39,489.60,28.98,99.09,0.8593,2,1,-1
207,24,986.71,570.76,33.48,106.90,0.9202,2,1,-1
207,30,1509.83,532.09,47.04,106.55,0.9249,2,1,-1
207,41,643.65,444.19,33.44,78.09,0.9122,2,2,-1
207,46,758.94,714.55,51.30,147.80,0.9294,2,1,-1
207,0,336.57,592.54,14.94,14.82,1.0,0,-1,-1
208,1,1343.47,591.15,60.33,106.66,0.9235,2,1,-1
208,2,1461.14,612.57,47.45,123.92,0.9279,2,2,-1
208,4,484.46,583.00,57.23,113.20,0.9263,2,2,-1
208,5,250.41,439.77,34.00,75.48,0.9143,2,1,-1
208,6,1150.33,457.38,33.49,84.70,0.9068,2,2,-1
208,7,433.22,559.00,43.54,114.35,0.9117,2,1,-1
208,8,1396.52,498.04,39.02,104.76,0.8255,2,1,-1
208,9,980.15,486.90,43.10,91.08,0.9099,2,2,-1
208,10,1571.64,539.60,41.42,102.93,0.8811,2,2,-1
208,14,1055.30,455.12,40.84,85.43,0.9176,2,1,-1
208,18,729.17,588.79,52.85,122.12,0.9329,2,1,-1
208,21,773.92,464.87,31.45,88.71,0.9205,3,0,-1
208,22,1260.32,508.95,29.01,87.30,0.9061,2,2,-1
208,23,234.06,512.02,24.85,76.81,0.8335,2,1,-1
208,24,986.48,570.20,33.65,107.07,0.9146,2,1,-1
208,30,1510.25,532.01,49.47,106.99,0.9111,2,1,-1
208,41,647.27,443.49,30.63,78.89,0.9059,2,2,-1
208,46,758.32,714.57,50.88,147.49,0.9340,2,1,-1
208,0,336.60,592.58,14.51,14.54,1.0,0,-1,-1
209,1,1348.27,594.27,62.82,103.18,0.9208,2,1,-1
209,2,1462.48,612.44,47.18,124.42,0.9381,2,2,-1
209,4,488.75,582.62,53.07,112.47,0.9323,2,2,-1
209,5,249.03,440.13,34.66,75.57,0.9061,2,1,-1
209,6,1155.24,457.38,28.64,84.36,0.9087,2,2,-1
209,7,435.68,559.09,50.06,114.56,0.9405,2,1,-1
209,8,1396.91,475.63,35.12,65.98,0.8027,2,1,-1
209,9,987.78,485.34,38.35,92.72,0.9126,2,2,-1
209,10,1571.52,539.86,41.69,102.91,0.8789,2,2,-1
209,14,1057.46,455.35,38.69,84.99,0.9142,2,1,-1
209,18,733.91,589.08,46.16,120.92,0.9273,2,1,-1
209,21,779.30,463.74,29.78,89.50,0.9166,3,0,-1
209,22,1260.49,510.81,33.42,85.82,0.9163,2,2,-1
209,23,231.89,489.03,30.70,100.25,0.8456,2,1,-1
209,24,984.85,570.38,35.68,106.63,0.9170,2,1,-1
209,30,1510.73,531.48,49.92,108.33,0.8836,2,1,-1
209,41,650.91,443.34,28.14,78.65,0.9094,2,2,-1
209,46,757.82,714.43,50.99,147.90,0.9282,2,1,-1
209,56,1253.55,472.13,56.88,51.19,0.9113,2,-1,-1
209,0,336.48,592.69,14.57,14.78,1.0,0,-1,-1
210,1,1353.71,591.86,66.07,105.98,0.9220,2,1,-1
210,2,1465.11,612.83,46.11,123.59,0.9337,2,2,-1
210,4,494.77,581.76,47.77,112.71,0.9309,2,2,-1
210,5,247.22,440.28,34.25,75.83,0.9001,2,1,-1
210,6,1159.34,457.68,25.45,84.14,0.9028,2,2,-1
210,7,438.71,560.39,54.80,113.52,0.9305,2,1,-1
210,8,1397.21,475.04,39.11,63.99,0.7926,2,1,-1
210,9,996.82,483.94,33.81,92.43,0.9113,2,2,-1
210,10,1571.10,539.67,42.52,103.15,0.8806,2,2,-1
210,14,1062.09,455.36,35.47,84.44,0.8879,2,1,-1
210,18,737.80,588.04,44.64,121.85,0.9272,2,1,-1
210,21,783.31,462.71,30.33,90.40,0.9212,3,0,-1
210,22,1259.62,503.78,39.36,92.70,0.9177,2,2,-1
210,23,232.64,488.17,29.79,101.19,0.8745,2,1,-1
210,24,985.21,570.19,36.88,106.83,0.8959,2,1,-1
210,30,1515.17,531.68,48.27,108.42,0.8949,2,1,-1
210,41,653.34,443.57,27.33,78.45,0.9148,2,2,-1
210,46,757.67,714.20,51.08,147.25,0.9283,2,1,-1
210,0,336.58,593.49,14.75,13.34,1.0,0,-1,-1
211,1,1363.80,598.90,62.87,98.58,0.9294,2,1,-1
211,2,1467.14,612.74,45.42,123.66,0.9365,2,2,-1
211,4,499.36,581.24,42.45,112.83,0.9260,2,2,-1
211,5,246.53,440.39,32.78,74.07,0.9052,2,1,-1
211,6,1162.12,457.46,23.42,84.92,0.9042,2,2,-1
211,7,441.19,561.19,58.16,112.27,0.9386,2,1,-1
211,8,1397.49,475.25,42.20,62.35,0.8269,2,1,-1
211,9,1002.28,482.54,30.68,93.05,0.8984,2,2,-1
211,10,1572.11,539.25,42.14,103.61,0.8871,2,2,-1
211,14,1068.85,455.28,30.44,84.13,0.8743,2,1,-1
211,18,744.15,587.76,42.74,121.42,0.9271,2,1,-1
211,21,784.72,462.08,33.19,91.21,0.9234,3,0,-1
211,22,1260.69,503.49,40.95,92.94,0.8928,2,2,-1
211,23,232.94,488.68,29.32,100.59,0.8831,2,1,-1
211,24,983.08,569.49,39.39,107.26,0.9164,2,1,-1
211,30,1519.26,531.44,47.29,109.05,0.9048,2,1,-1
211,41,655.06,442.78,26.93,79.37,0.9105,2,2,-1
211,46,756.94,714.22,52.06,147.30,0.9309,2,1,-1
211,0,336.88,592.94,14.85,14.55,1.0,0,-1,-1
212,2,1469.12,613.19,44.91,123.58,0.9275,2,2,-1
212,4,503.79,581.13,38.71,113.03,0.9190,2,2,-1
212,5,243.26,440.00,29.56,69.95,0.8253,2,1,-1
212,6,1165.52,457.32,22.17,85.03,0.8923,2,2,-1
212,7,442.86,560.50,60.99,113.46,0.9445,2,1,-1
212,9,1007.51,482.25,27.91,92.98,0.8933,2,2,-1
212,10,1575.05,539.70,39.74,103.57,0.8898,2,2,-1
212,12,1399.39,497.16,39.23,102.35,0.8138,2,2,-1
212,14,1073.83,455.56,27.10,83.39,0.8443,2,1,-1
212,15,1365.49,525.44,39.87,104.36,0.9209,2,1,-1
212,18,751.24,588.04,40.97,121.39,0.9315,2,1,-1
212,21,785.18,462.45,36.23,90.72,0.9235,3,0,-1
212,22,1262.11,504.72,40.71,91.68,0.8803,2,2,-1
212,23,233.30,496.47,28.20,92.82,0.8595,2,1,-1
212,24,982.60,569.21,40.39,107.68,0.9140,2,1,-1
212,30,1525.99,532.05,42.99,108.48,0.9169,2,1,-1
212,41,656.20,443.57,26.53,78.83,0.9111,2,2,-1
212,46,755.55,713.93,52.88,147.40,0.9320,2,1,-1
212,56,1255.69,472.07,54.15,46.47,0.8436,2,-1,-1
212,0,336.63,593.44,14.88,13.43,1.0,0,-1,-1
213,1,1381.01,593.86,60.30,104.31,0.7790,2,1,-1
213,2,1471.87,613.61,44.46,123.27,0.9283,2,2,-1
213,4,508.24,581.91,36.74,112.48,0.9238,2,2,-1
213,5,241.29,441.15,28.61,73.66,0.8793,2,1,-1
213,6,1167.66,457.68,23.23,84.48,0.8987,2,2,-1
213,7,447.20,560.08,60.55,115.32,0.9357,2,1,-1
213,9,1012.45,482.52,28.75,91.64,0.9037,2,2,-1
213,10,1575.41,540.03,38.84,103.58,0.8958,2,2,-1
213,12,1398.67,498.91,41.42,106.53,0.7592,2,2,-1
213,14,1078.68,455.56,25.41,84.90,0.8884,2,1,-1
213,15,1366.82,526.28,40.17,104.65,0.8666,2,1,-1
213,18,755.35,588.49,41.08,121.25,0.9024,2,1,-1
213,21,786.17,463.50,40.73,90.03,0.9286,3,0,-1
213,22,1263.72,506.76,39.67,89.83,0.8767,2,2,-1
213,23,234.04,497.04,27.91,92.37,0.8375,2,1,-1
213,24,982.73,569.85,40.78,107.53,0.9216,2,1,-1
213,30,1529.98,531.81,38.83,108.64,0.9186,2,1,-1
213,41,657.28,444.33,26.69,78.63,0.9097,2,2,-1
213,46,755.99,713.74,52.13,146.12,0.9309,2,1,-1
213,56,1255.40,472.96,55.66,47.84,0.7499,2,-1,-1
213,0,336.98,593.95,14.65,13.39,1.0,0,-1,-1
214,1,1392.03,594.94,49.63,104.08,0.9075,2,1,-1
214,2,1473.01,613.80,45.26,122.90,0.9323,2,2,-1
214,4,510.75,581.99,40.28,114.04,0.9324,2,2,-1
214,5,241.19,441.55,27.00,71.25,0.8894,2,1,-1
214,6,1168.87,458.30,24.74,84.19,0.9079,2,2,-1
214,7,453.08,560.18,55.38,113.88,0.9158,2,1,-1
214,9,1016.77,484.51,32.49,92.61,0.9095,2,2,-1
214,10,1576.71,540.70,37.68,103.50,0.9011,2,2,-1
214,12,1417.95,480.05,26.63,41.13,0.8481,2,2,-1
214,14,1080.27,456.33,26.12,84.53,0.8818,2,1,-1
214,15,1370.07,529.80,41.90,102.00,0.8834,2,1,-1
214,18,754.02,588.19,48.60,121.46,0.9238,2,1,-1
214,21,788.26,464.40,42.33,89.46,0.9253,3,0,-1
214,22,1266.14,509.75,38.55,86.68,0.8930,2,2,-1
214,23,237.31,515.85,22.70,73.31,0.6455,2,1,-1
214,24,983.85,570.09,40.31,107.47,0.9121,2,1,-1
214,30,1534.07,531.15,35.70,109.52,0.9174,2,1,-1
214,41,658.74,444.54,27.95,78.98,0.9133,2,2,-1
214,46,755.84,713.04,51.91,146.80,0.9347,2,1,-1
214,56,1256.76,473.59,55.24,48.52,0.8674,2,2,-1
214,0,337.41,593.95,15.51,14.45,1.0,0,-1,-1
215,1,1396.67,590.72,53.17,107.94,0.9057,2,1,-1
215,2,1474.88,614.01,45.20,121.69,0.9410,2,2,-1
215,3,1257.75,474.11,54.34,89.63,0.9079,2,2,-1
215,4,512.65,582.27,48.46,114.00,0.9337,2,2,-1
215,5,240.03,442.98,28.52,72.48,0.8907,2,1,-1
215,6,1169.85,458.83,25.77,84.29,0.9097,2,2,-1
215,7,459.81,560.78,52.51,112.49,0.9123,2,1,-1
215,8,1419.04,480.81,30.33,40.16,0.8571,2,1,-1
215,9,1021.77,486.07,36.10,92.66,0.9143,2,2,-1
215,10,1577.25,540.94,37.15,103.46,0.9050,2,2,-1
215,13,1369.64,528.56,50.27,103.74,0.8849,2,2,-1
215,14,1080.95,457.20,28.91,84.49,0.9093,2,1,-1
215,18,752.38,588.38,55.25,122.21,0.9299,2,1,-1
215,21,789.68,465.30,44.09,89.20,0.9281,3,0,-1
215,23,234.98,498.36,27.86,91.26,0.7189,2,1,-1
215,24,984.71,570.65,39.88,107.36,0.9182,2,1,-1
215,30,1536.97,531.59,34.66,109.27,0.9258,2,1,-1
215,41,660.33,444.70,29.03,79.41,0.9161,2,2,-1
215,46,754.38,711.52,52.65,144.96,0.9352,2,1,-1
215,0,337.86,594.41,15.14,14.42,1.0,0,-1,-1
216,1,1400.38,589.60,56.40,109.96,0.9194,2,1,-1
216,2,1477.09,613.28,44.52,122.12,0.9402,2,2,-1
216,3,1258.50,474.58,53.54,90.82,0.8805,2,2,-1
216,4,513.92,583.09,56.22,113.03,0.9239,2,2,-1
216,5,240.88,453.59,26.23,61.71,0.8499,2,1,-1
216,6,1170.38,458.88,26.65,85.05,0.9117,2,2,-1
216,7,464.65,559.92,47.71,112.03,0.9206,2,1,-1
216,9,1023.81,487.31,40.33,92.36,0.9311,2,2,-1
216,10,1578.16,541.55,36.14,101.96,0.8972,2,2,-1
216,14,1082.37,458.14,33.45,84.42,0.9158,2,1,-1
216,18,751.84,588.80,60.83,122.57,0.9245,2,1,-1
216,21,791.00,466.09,45.12,88.75,0.9280,3,0,-1
216,24,985.30,570.79,39.81,107.21,0.9109,2,1,-1
216,30,1539.94,532.26,35.80,109.15,0.9238,2,1,-1
216,38,1399.68,499.21,44.83,83.68,0.8513,2,1,-1
216,41,661.53,445.19,31.09,79.45,0.9168,2,2,-1
216,46,754.22,710.14,52.41,144.49,0.9306,2,1,-1
216,0,337.76,595.24,15.57,14.75,1.0,0,-1,-1
217,1,1404.57,588.84,61.56,112.33,0.9300,2,1,-1
217,2,1479.41,612.70,44.57,121.90,0.9297,2,2,-1
217,3,1260.03,474.46,51.35,89.18,0.8986,2,2,-1
217,4,513.20,583.93,62.15,112.99,0.9328,2,2,-1
217,5,235.96,449.17,31.92,68.13,0.8902,2,1,-1
217,6,1171.39,459.52,26.97,84.60,0.8960,2,2,-1
217,7,468.30,560.00,45.71,112.22,0.9097,2,1,-1
217,9,1025.77,488.20,44.04,91.64,0.9302,2,2,-1
217,10,1578.34,541.69,36.13,102.72,0.8894,2,2,-1
217,13,1373.85,533.34,53.57,99.67,0.9016,2,2,-1
217,14,1083.52,459.53,37.46,82.98,0.9218,2,1,-1
217,18,753.70,589.50,60.43,121.33,0.9083,2,1,-1
217,21,793.66,466.54,45.49,88.03,0.9313,3,0,-1
217,24,987.08,571.05,38.71,107.10,0.9046,2,1,-1
217,30,1542.99,532.77,38.68,109.57,0.9214,2,1,-1
217,38,1419.72,483.63,37.08,73.35,0.7870,2,1,-1
217,41,662.38,445.79,32.27,79.98,0.9179,2,2,-1
217,46,753.27,707.58,53.61,144.82,0.9295,2,1,-1
217,0,338.73,596.52,15.33,13.67,1.0,0,-1,-1
218,1,1409.09,589.44,64.19,108.77,0.9264,2,1,-1
218,2,1481.88,611.79,44.89,120.74,0.9205,2,2,-1
218,3,1262.24,475.35,51.62,89.98,0.8880,2,2,-1
218,4,513.17,585.37,64.59,111.81,0.9301,2,2,-1
218,5,233.84,454.13,33.81,64.18,0.8709,2,1,-1
218,6,1171.59,460.54,28.15,84.03,0.8867,2,2,-1
218,7,473.78,559.72,45.47,113.21,0.9305,2,1,-1
218,9,1027.31,488.11,46.94,92.86,0.9286,2,2,-1
218,10,1581.64,542.06,34.05,102.24,0.8885,2,2,-1
218,13,1376.35,537.57,55.48,95.97,0.8980,2,2,-1
218,14,1084.99,460.09,39.41,82.96,0.9264,2,1,-1
218,18,755.58,590.08,63.81,120.90,0.9204,2,1,-1
218,21,797.31,466.67,43.94,87.91,0.9304,3,0,-1
218,24,989.03,571.36,37.97,106.80,0.9064,2,1,-1
218,30,1545.62,532.11,40.90,109.76,0.8805,2,1,-1
218,38,1422.35,483.64,39.28,81.72,0.7923,2,1,-1
218,41,663.39,447.30,33.18,79.32,0.9211,2,2,-1
218,46,751.93,706.43,53.82,145.62,0.9343,2,1,-1
218,0,339.07,596.79,15.70,13.62,1.0,0,-1,-1
219,1,1415.83,590.72,63.23,107.79,0.9235,2,1,-1
219,2,1483.88,611.08,46.03,120.09,0.9236,2,2,-1
219,3,1263.60,475.55,51.44,90.24,0.8785,2,2,-1
219,4,514.45,584.59,65.86,112.32,0.9268,2,2,-1
219,5,231.42,450.26,37.73,69.58,0.8861,2,1,-1
219,6,1171.78,460.80,29.55,83.72,0.8902,2,2,-1
219,7,480.04,560.81,44.91,112.30,0.9171,2,1,-1
219,9,1028.20,487.99,49.55,93.17,0.9276,2,2,-1
219,10,1585.81,542.78,31.44,102.27,0.8888,2,2,-1
219,13,1379.50,544.66,54.41,89.07,0.9081,2,2,-1
219,14,1086.20,460.81,40.70,83.02,0.9297,2,1,-1
219,18,757.27,590.25,66.05,120.83,0.9307,2,1,-1
219,21,801.90,465.99,40.69,86.81,0.9225,3,0,-1
219,24,990.38,571.17,37.18,105.56,0.9237,2,1,-1
219,30,1546.60,532.97,41.23,109.43,0.9079,2,1,-1
219,38,1425.28,484.03,39.42,95.31,0.8702,2,1,-1
219,41,663.92,447.48,34.29,79.81,0.9263,2,2,-1
219,46,751.71,706.02,54.05,146.62,0.9353,2,1,-1
219,0,339.70,596.93,15.56,13.77,1.0,0,-1,-1
220,1,1426.39,591.41,59.77,107.28,0.9017,2,1,-1
220,2,1487.70,610.19,46.33,121.61,0.8247,2,2,-1
220,4,519.87,584.38,62.58,112.89,0.9236,2,2,-1
220,5,226.09,449.46,36.22,71.01,0.8507,2,1,-1
220,6,1171.48,461.41,32.24,82.96,0.9182,2,2,-1
220,7,485.07,560.81,47.53,112.80,0.9212,2,1,-1
220,9,1032.25,488.24,47.61,91.29,0.9211,2,2,-1
220,12,1431.22,484.09,36.78,50.86,0.8585,2,2,-1
220,13,1384.90,540.62,52.76,92.96,0.9122,2,2,-1
220,14,1088.11,460.84,41.88,83.53,0.9240,2,1,-1
220,18,761.71,590.49,66.36,119.44,0.9278,2,1,-1
220,21,807.67,465.25,37.01,86.77,0.9195,3,0,-1
220,22,1287.38,507.78,27.88,91.55,0.8658,2,2,-1
220,24,992.24,570.84,36.86,107.00,0.9205,2,1,-1
220,30,1549.78,534.07,44.93,108.26,0.9279,2,1,-1
220,41,665.14,447.70,34.48,80.15,0.9247,2,2,-1
220,46,751.91,705.94,54.36,146.95,0.9397,2,1,-1
220,0,341.21,597.07,15.75,13.95,1.0,0,-1,-1
221,1,1440.91,593.78,52.29,105.18,0.8954,2,1,-1
221,2,1491.72,610.02,46.13,123.49,0.9281,2,2,-1
221,3,1266.70,477.08,50.22,90.30,0.8814,2,2,-1
221,5,225.39,453.97,30.50,65.34,0.8633,2,1,-1
221,6,1171.93,461.61,33.36,82.48,0.9215,2,2,-1
221,7,490.71,560.68,49.32,113.02,0.9386,2,1,-1
221,9,1036.08,487.41,45.40,92.28,0.9177,2,2,-1
221,10,1590.15,543.47,28.79,102.47,0.8988,2,2,-1
221,12,1431.93,483.68,40.30,60.31,0.8348,2,2,-1
221,13,1388.89,538.90,50.32,94.58,0.9049,2,2,-1
221,14,1090.08,462.29,40.68,82.46,0.9193,2,1,-1
221,18,764.78,590.17,64.49,118.67,0.9154,2,1,-1
221,21,813.78,464.58,31.18,87.37,0.9104,3,0,-1
221,23,239.52,490.82,28.32,101.02,0.7826,2,1,-1
221,24,992.98,570.65,36.67,105.86,0.9213,2,1,-1
221,30,1550.72,533.81,46.87,109.47,0.9236,2,1,-1
221,41,666.38,448.56,35.44,79.18,0.9304,2,2,-1
221,46,752.48,706.24,53.50,145.81,0.9382,2,1,-1
221,0,342.06,596.93,15.54,14.11,1.0,0,-1,-1
222,1,1456.37,593.34,44.29,105.83,0.9111,2,1,-1
222,2,1495.27,608.85,46.33,124.19,0.9237,2,2,-1
222,3,1268.02,477.33,49.07,89.90,0.8918,2,2,-1
222,4,533.35,583.45,50.73,114.13,0.9251,2,2,-1
222,5,224.61,451.25,30.15,67.33,0.7915,2,1,-1
222,6,1173.27,461.90,33.48,82.99,0.9161,2,2,-1
222,7,494.63,561.42,50.48,112.29,0.9257,2,1,-1
222,9,1042.95,486.44,39.71,92.85,0.9104,2,2,-1
222,10,1593.52,543.73,27.33,102.05,0.8968,2,2,-1
222,12,1435.98,483.64,37.76,59.47,0.8477,2,2,-1
222,13,1394.93,542.74,45.70,91.65,0.9122,2,2,-1
222,14,1094.80,461.48,38.82,84.00,0.9109,2,1,-1
222,18,768.35,589.85,63.22,119.89,0.9194,2,1,-1
222,21,819.99,463.79,27.37,88.55,0.9096,3,0,-1
222,23,244.50,522.90,21.56,68.84,0.6858,2,1,-1
222,24,994.30,570.72,36.17,105.23,0.9213,2,1,-1
222,30,1552.72,534.02,45.39,108.92,0.9009,2,1,-1
222,41,667.34,448.84,36.06,79.44,0.9294,2,2,-1
222,46,753.43,706.97,52.02,145.37,0.9327,2,1,-1
222,0,343.35,597.63,15.71,13.46,1.0,0,-1,-1
223,1,1463.02,593.02,42.43,106.03,0.8952,2,1,-1
223,2,1498.88,610.03,46.74,123.44,0.9287,2,2,-1
223,3,1266.20,477.12,42.92,90.02,0.8511,2,2,-1
223,4,540.64,582.75,44.34,114.90,0.8976,2,2,-1
223,5,222.20,448.85,30.72,71.31,0.8921,2,1,-1
223,6,1175.86,461.93,32.62,82.85,0.8930,2,2,-1
223,7,497.18,561.86,53.92,111.98,0.9423,2,1,-1
223,9,1051.56,485.69,33.62,93.88,0.9043,2,2,-1
223,10,1595.03,544.27,26.72,101.38,0.8586,2,2,-1
223,13,1401.48,544.21,41.09,90.05,0.8886,2,2,-1
223,14,1098.36,461.76,36.12,83.73,0.9118,2,1,-1
223,18,773.67,589.51,58.60,119.56,0.9326,2,1,-1
223,21,823.98,463.61,27.03,89.51,0.9142,3,0,-1
223,22,1296.76,507.99,24.54,90.69,0.8885,2,2,-1
223,23,244.22,524.36,23.78,68.31,0.7912,2,1,-1
223,24,996.31,570.85,35.00,105.93,0.9144,2,1,-1
223,30,1555.73,533.18,45.16,110.10,0.8891,2,1,-1
223,38,1439.13,490.01,35.96,94.37,0.7846,2,1,-1
223,41,671.23,448.66,34.78,79.30,0.9202,2,2,-1
223,46,753.94,707.57,51.39,144.37,0.9355,2,1,-1
223,0,344.68,597.78,15.08,13.91,1.0,0,-1,-1
224,1,1466.19,591.34,46.58,107.81,0.9213,2,1,-1
224,2,1503.05,609.76,47.56,125.13,0.9223,2,2,-1
224,3,1269.53,477.90,38.75,89.62,0.8535,2,2,-1
224,4,549.09,582.54,37.45,115.16,0.8992,2,2,-1
224,5,220.58,447.95,31.84,75.24,0.9061,2,1,-1
224,6,1178.24,462.17,32.25,82.84,0.8858,2,2,-1
224,7,500.38,562.16,56.52,112.32,0.9354,2,1,-1
224,9,1059.53,484.62,28.23,94.35,0.9110,2,2,-1
224,10,1598.85,545.75,25.59,100.75,0.8588,2,2,-1
224,14,1103.03,462.18,33.34,83.43,0.8972,2,1,-1
224,15,1414.85,576.42,27.09,58.46,0.8418,2,1,-1
224,18,779.10,589.07,53.61,119.20,0.9290,2,1,-1
224,21,826.67,463.86,28.23,89.95,0.9173,3,0,-1
224,22,1299.80,506.55,25.37,92.28,0.8874,2,2,-1
224,23,242.21,500.73,29.50,92.04,0.8527,2,1,-1
224,24,998.26,570.77,34.52,105.50,0.9157,2,1,-1
224,30,1560.75,533.28,44.03,109.87,0.8470,2,1,-1
224,38,1443.47,503.22,30.93,83.41,0.7806,2,1,-1
224,41,674.75,448.81,34.04,79.03,0.9218,2,2,-1
224,46,754.38,708.24,50.88,144.41,0.9374,2,1,-1
224,0,346.08,598.37,14.47,13.28,1.0,0,-1,-1
225,2,1505.04,610.80,49.88,123.13,0.9223,2,2,-1
225,3,1274.52,478.63,42.42,89.61,0.8666,2,2,-1
225,4,557.63,583.09,33.00,114.60,0.9095,2,2,-1
225,5,219.00,447.30,31.92,75.50,0.9136,2,1,-1
225,6,1183.06,462.51,30.48,83.44,0.8717,2,2,-1
225,7,505.67,561.35,56.14,113.86,0.9251,2,1,-1
225,9,1066.43,485.56,26.41,93.65,0.8960,2,2,-1
225,14,1110.19,462.58,30.63,83.45,0.8729,2,1,-1
225,18,785.57,589.52,46.32,118.67,0.9260,2,1,-1
225,21,829.05,464.29,32.51,89.98,0.9181,3,0,-1
225,23,244.40,503.71,29.06,90.11,0.8456,2,1,-1
225,24,999.94,571.22,35.67,106.96,0.9221,2,1,-1
225,30,1566.10,533.05,41.37,111.16,0.9244,2,1,-1
225,38,1444.72,484.92,33.80,99.05,0.8450,2,1,-1
225,41,679.88,448.61,31.89,79.81,0.9152,2,2,-1
225,46,754.42,707.45,50.69,144.60,0.9375,2,1,-1
225,0,347.53,598.92,15.58,13.65,1.0,0,-1,-1
226,2,1510.24,612.31,49.21,122.92,0.9185,2,2,-1
226,3,1275.50,479.10,43.97,89.88,0.8961,2,2,-1
226,4,564.71,583.23,34.69,115.39,0.9141,2,2,-1
226,5,218.21,447.82,32.09,74.60,0.9108,2,1,-1
226,6,1186.67,462.54,29.54,84.46,0.8790,2,2,-1
226,7,511.67,561.91,50.77,112.91,0.9349,2,1,-1
226,9,1071.34,486.70,30.68,93.36,0.9176,2,2,-1
226,13,1417.92,539.62,32.82,68.07,0.7204,2,2,-1
226,14,1117.28,481.63,24.03,64.52,0.8215,2,1,-1
226,18,792.07,589.77,41.08,118.58,0.9271,2,1,-1
226,21,830.47,465.87,39.67,88.02,0.9326,3,0,-1
226,23,246.56,499.63,30.03,94.71,0.8672,2,1,-1
226,24,1001.07,571.71,35.68,106.15,0.9206,2,1,-1
226,30,1570.82,532.53,39.17,109.87,0.8883,2,1,-1
226,38,1448.66,485.89,33.25,98.71,0.8361,2,1,-1
226,41,681.78,448.98,31.99,80.57,0.9231,2,2,-1
226,46,754.83,707.70,50.14,144.29,0.9363,2,1,-1
226,0,349.01,599.10,15.62,13.79,1.0,0,-1,-1
227,2,1512.40,612.12,50.68,122.05,0.9135,2,2,-1
227,3,1275.97,479.52,42.60,90.13,0.8966,2,2,-1
227,4,567.29,584.04,39.75,115.02,0.9315,2,2,-1
227,5,216.33,447.74,32.41,79.93,0.9251,2,1,-1
227,6,1189.82,463.08,27.68,84.65,0.8772,2,2,-1
227,7,519.59,561.14,46.86,112.89,0.9164,2,1,-1
227,9,1072.46,488.15,37.32,93.69,0.9243,2,2,-1
227,14,1119.41,463.54,27.55,83.94,0.8996,2,1,-1
227,15,1427.17,573.76,32.32,62.64,0.8145,2,1,-1
227,18,796.72,589.48,38.53,120.35,0.9338,2,1,-1
227,21,831.42,466.77,44.84,87.66,0.9333,3,0,-1
227,23,246.96,499.87,30.35,95.42,0.8517,2,1,-1
227,24,1002.63,571.72,35.42,106.56,0.9222,2,1,-1
227,30,1573.29,532.71,38.69,109.99,0.8873,2,1,-1
227,38,1451.48,486.42,35.64,104.33,0.8803,2,1,-1
227,41,683.42,449.90,32.23,80.16,0.9224,2,2,-1
227,46,754.34,706.75,49.10,144.39,0.9357,2,1,-1
227,0,350.06,599.56,14.98,13.35,1.0,0,-1,-1
228,2,1515.11,612.44,51.66,120.71,0.9081,2,2,-1
228,3,1277.29,480.17,38.87,89.46,0.8883,2,2,-1
228,4,569.55,583.98,46.28,115.99,0.9332,2,2,-1
228,5,215.19,448.90,31.94,81.12,0.9196,2,1,-1
228,6,1192.33,463.94,26.87,84.76,0.8940,2,2,-1
228,7,526.11,561.37,41.79,112.97,0.9146,2,1,-1
228,9,1072.96,489.32,43.89,92.89,0.9262,2,2,-1
228,14,1121.78,463.83,27.24,83.98,0.9098,2,1,-1
228,15,1425.84,538.09,43.46,99.28,0.8988,2,1,-1
228,18,799.73,589.51,39.68,121.06,0.9307,2,1,-1
228,21,832.10,467.50,47.70,87.46,0.9276,3,0,-1
228,22,1309.24,505.42,25.29,92.15,0.8941,2,2,-1
228,23,246.78,496.39,31.41,98.98,0.8421,2,1,-1
228,24,1002.94,571.96,35.42,106.62,0.9185,2,1,-1
228,30,1574.65,533.02,39.44,111.58,0.8784,2,1,-1
228,41,685.22,450.60,32.14,79.80,0.9217,2,2,-1
228,46,751.90,706.52,50.62,144.35,0.9433,2,1,-1
228,0,350.32,599.78,15.61,14.18,1.0,0,-1,-1
229,2,1498.92,613.23,68.15,120.04,0.9114,2,2,-1
229,3,1279.99,480.58,36.38,89.14,0.9077,2,2,-1
229,4,571.22,585.03,50.82,114.98,0.9369,2,2,-1
229,5,214.39,451.06,31.08,80.62,0.9207,2,1,-1
229,6,1195.11,464.62,28.17,85.44,0.9063,2,2,-1
229,7,530.21,561.82,41.48,112.45,0.9145,2,1,-1
229,8,1434.25,505.81,33.82,46.65,0.6504,2,1,-1
229,9,1073.42,490.73,49.54,91.45,0.9248,2,2,-1
229,10,1604.79,548.76,26.05,101.00,0.8463,2,2,-1
229,14,1124.06,464.29,28.51,84.56,0.9127,2,1,-1
229,15,1428.38,537.30,47.15,100.61,0.9112,2,1,-1
229,18,802.89,590.50,39.42,120.40,0.9263,2,1,-1
229,21,833.11,468.18,48.30,86.90,0.9301,3,0,-1
229,22,1311.83,505.52,24.92,92.63,0.8963,2,2,-1
229,23,246.93,493.06,33.55,102.92,0.8593,2,1,-1
229,24,1004.50,572.63,35.09,106.25,0.9171,2,1,-1
229,41,687.35,451.89,31.69,79.12,0.9120,2,2,-1
229,46,751.73,705.80,52.21,141.37,0.9395,2,1,-1
229,0,351.19,600.41,15.55,13.64,1.0,0,-1,-1
230,2,1508.34,607.28,66.64,124.99,0.9192,2,2,-1
230,3,1283.07,481.47,35.46,89.64,0.9025,2,2,-1
230,4,572.21,585.62,54.98,115.02,0.9258,2,2,-1
230,5,213.08,453.61,28.91,78.40,0.9075,2,1,-1
230,6,1196.65,465.58,29.82,85.68,0.9119,2,2,-1
230,7,534.42,562.14,41.13,112.75,0.8923,2,1,-1
230,8,1436.46,506.51,34.12,48.99,0.6285,2,1,-1
230,9,1074.59,493.10,51.67,89.66,0.9324,2,2,-1
230,10,1605.74,548.86,26.28,101.55,0.8530,2,2,-1
230,14,1126.35,465.54,31.25,84.06,0.9183,2,1,-1
230,15,1430.53,543.63,49.05,95.10,0.9224,2,1,-1
230,18,806.11,590.70,43.84,120.96,0.9388,2,1,-1
230,21,835.44,468.71,49.19,86.84,0.9326,3,0,-1
230,22,1313.55,503.50,25.40,96.13,0.8919,2,2,-1
230,23,247.73,494.48,34.59,102.63,0.8440,2,1,-1
230,24,1005.69,573.14,35.00,106.64,0.9124,2,1,-1
230,41,688.73,453.38,31.78,77.91,0.9079,2,2,-1
230,46,751.97,705.85,51.49,140.18,0.9395,2,1,-1
230,0,351.67,600.65,15.91,14.48,1.0,0,-1,-1
231,2,1519.89,604.42,58.93,126.80,0.9245,2,2,-1
231,3,1286.37,481.80,35.22,90.14,0.8951,2,2,-1
231,4,573.13,586.53,59.83,114.35,0.9146,2,2,-1
231,5,212.68,456.53,25.89,76.36,0.9001,2,1,-1
231,6,1197.48,466.72,30.98,85.03,0.9049,2,2,-1
231,7,540.58,562.45,41.58,112.69,0.9047,2,1,-1
231,9,1077.58,493.64,51.10,89.15,0.9281,2,2,-1
231,10,1607.78,548.97,26.10,101.88,0.8609,2,2,-1
231,14,1128.46,466.41,35.82,83.90,0.9163,2,1,-1
231,15,1431.07,545.37,50.92,93.67,0.9184,2,1,-1
231,18,808.93,590.85,47.92,121.37,0.9423,2,1,-1
231,21,838.69,468.88,48.13,87.45,0.9324,3,0,-1
231,22,1317.19,504.20,24.89,95.07,0.8788,2,2,-1
231,23,247.80,494.52,36.31,102.92,0.8813,2,1,-1
231,24,1007.48,573.43,36.07,107.58,0.9002,2,1,-1
231,41,689.93,454.66,32.68,77.38,0.9139,2,2,-1
231,46,752.51,705.06,51.48,140.84,0.9386,2,1,-1
231,0,352.04,601.53,16.70,14.69,1.0,0,-1,-1
232,2,1527.68,604.33,53.16,127.43,0.9178,2,2,-1
232,3,1287.61,482.94,35.49,89.12,0.9186,2,2,-1
232,4,574.22,587.19,63.23,115.52,0.9222,2,2,-1
232,5,211.01,456.34,26.20,77.56,0.9127,2,1,-1
232,6,1198.45,467.54,31.19,85.35,0.9006,2,2,-1
232,9,1082.46,493.96,47.08,88.94,0.9211,2,2,-1
232,10,1608.59,549.83,26.89,99.91,0.8371,2,2,-1
232,14,1130.17,467.78,39.20,83.39,0.9185,2,1,-1
232,15,1437.53,545.52,47.70,94.21,0.9142,2,1,-1
232,18,810.48,591.04,51.70,121.77,0.9410,2,1,-1
232,21,843.41,468.96,45.42,87.69,0.9262,3,0,-1
232,22,1319.29,504.39,25.13,94.12,0.8838,2,2,-1
232,23,248.15,494.50,36.83,103.77,0.8667,2,1,-1
232,24,1008.41,574.13,38.51,107.59,0.9191,2,1,-1
232,41,690.32,455.81,34.92,77.39,0.9267,2,2,-1
232,46,753.71,704.77,50.57,142.52,0.9332,2,1,-1
232,0,352.73,600.98,16.39,15.66,1.0,0,-1,-1
233,2,1531.20,610.89,49.23,121.26,0.8458,2,2,-1
233,3,1288.81,483.72,36.02,89.54,0.9179,2,2,-1
233,4,573.88,587.63,67.21,114.37,0.9270,2,2,-1
233,5,208.86,455.92,28.22,79.27,0.9185,2,1,-1
233,6,1199.88,468.83,30.92,84.77,0.8947,2,2,-1
233,9,1089.15,492.68,43.36,90.93,0.9235,2,2,-1
233,10,1609.61,550.66,27.33,101.19,0.7493,2,2,-1
233,14,1131.58,468.23,41.40,83.56,0.9238,2,1,-1
233,15,1441.06,549.38,44.88,88.99,0.9108,2,-1,-1
233,18,811.91,592.66,52.67,120.83,0.9428,2,1,-1
233,21,848.82,469.09,41.79,87.41,0.9263,3,0,-1
233,22,1320.43,504.82,26.65,94.70,0.8868,2,2,-1
233,23,248.46,495.21,37.20,103.66,0.8558,2,1,-1
233,24,1009.41,574.80,40.57,106.61,0.9103,2,1,-1
233,41,691.24,456.51,35.82,78.02,0.9232,2,2,-1
233,46,753.98,705.34,50.25,141.64,0.9295,2,1,-1
233,0,353.74,602.40,16.61,15.30,1.0,0,-1,-1
234,2,1533.88,610.60,48.62,122.66,0.8664,2,2,-1
234,3,1290.68,484.72,36.78,89.62,0.9075,2,2,-1
234,5,206.54,455.27,30.79,81.40,0.9192,2,1,-1
234,6,1200.26,470.03,31.46,84.33,0.9020,2,2,-1
234,7,553.84,566.69,45.92,113.07,0.9241,2,1,-1
234,9,1095.39,491.29,39.07,92.65,0.9138,2,2,-1
234,10,1611.10,552.23,27.49,101.58,0.5856,2,2,-1
234,12,1471.47,494.64,34.38,59.12,0.7248,2,2,-1
234,14,1132.10,469.28,42.86,83.84,0.9206,2,1,-1
234,15,1446.27,545.53,42.33,92.50,0.8968,2,2,-1
234,18,812.61,594.06,51.77,119.49,0.9439,2,1,-1
234,21,856.62,468.85,38.52,88.29,0.9258,3,0,-1
234,22,1321.04,505.77,27.93,94.74,0.8934,2,2,-1
234,23,250.82,503.37,34.12,95.31,0.8379,2,1,-1
234,24,1010.70,575.39,42.26,107.05,0.9157,2,1,-1
234,41,693.08,457.93,35.55,77.82,0.9186,2,2,-1
234,46,753.71,706.13,50.81,141.47,0.9223,2,1,-1
234,0,354.86,603.25,16.07,14.58,1.0,0,-1,-1
235,2,1537.61,610.33,58.65,123.06,0.9090,2,2,-1
235,3,1290.70,484.96,37.20,89.42,0.8998,2,2,-1
235,4,584.63,586.95,60.76,114.06,0.9184,2,2,-1
235,5,202.81,456.16,33.25,82.12,0.9270,2,1,-1
235,6,1201.54,471.00,30.84,83.79,0.9074,2,2,-1
235,9,1102.29,490.56,34.27,93.66,0.9089,2,2,-1
235,10,1612.29,554.19,27.38,100.40,0.7338,2,2,-1
235,13,1452.55,563.44,36.00,75.12,0.8527,2,2,-1
235,14,1133.00,469.46,43.71,84.54,0.9226,2,1,-1
235,18,812.47,593.98,52.12,119.92,0.9376,2,1,-1
235,21,863.50,469.06,32.70,87.95,0.9103,3,0,-1
235,22,1321.65,506.72,29.51,94.63,0.9033,2,2,-1
235,23,248.39,497.17,36.59,102.98,0.8715,2,1,-1
235,24,1009.52,575.77,45.64,106.95,0.9317,2,1,-1
235,38,1475.93,494.35,33.25,104.14,0.8325,2,1,-1
235,41,694.93,458.56,34.99,77.77,0.9169,2,2,-1
235,46,752.23,706.23,52.45,141.72,0.9305,2,1,-1
235,0,355.23,604.03,15.52,14.08,1.0,0,-1,-1
236,1,1567.98,614.05,38.60,86.92,0.5900,2,1,-1
236,2,1529.93,612.36,53.61,121.08,0.7466,2,2,-1
236,3,1291.51,485.19,38.64,90.21,0.9009,2,2,-1
236,5,199.71,457.84,34.64,80.72,0.9330,2,1,-1
236,6,1202.89,471.28,30.31,83.75,0.9055,2,2,-1
236,7,559.55,567.18,48.40,113.61,0.9263,2,1,-1
236,9,1107.39,489.83,31.23,93.67,0.8992,2,2,-1
236,10,1605.95,538.07,18.43,47.72,0.7744,2,2,-1
236,14,1134.32,470.43,43.51,84.17,0.9157,2,1,-1
236,18,813.49,593.89,51.00,120.07,0.9396,2,1,-1
236,21,870.47,468.92,27.86,88.60,0.9038,3,0,-1
236,22,1322.30,507.68,32.08,94.58,0.9162,2,2,-1
236,23,247.79,498.30,35.18,101.45,0.8746,2,1,-1
236,24,1008.26,576.28,46.66,106.69,0.9339,2,1,-1
236,38,1451.02,512.92,35.92,98.95,0.8516,2,1,-1
236,41,696.85,459.01,35.33,77.97,0.9166,2,2,-1
236,46,751.73,706.53,51.92,141.58,0.9313,2,1,-1
236,0,355.03,604.34,15.79,14.48,1.0,0,-1,-1
237,2,1537.40,612.82,45.68,120.48,0.8924,2,2,-1
237,3,1291.79,485.69,38.06,90.95,0.9134,2,2,-1
237,4,597.20,587.38,50.57,112.57,0.8414,2,2,-1
237,5,196.82,460.10,35.66,81.70,0.9179,2,1,-1
237,6,1203.96,471.32,30.47,84.17,0.9025,2,2,-1
237,7,565.67,567.36,45.56,113.29,0.9372,2,1,-1
237,9,1113.71,490.43,28.76,93.52,0.8887,2,2,-1
237,14,1137.75,473.66,40.91,81.42,0.9132,2,1,-1
237,18,814.13,593.83,51.21,120.43,0.9355,2,1,-1
237,21,874.88,468.88,27.14,88.82,0.9074,3,0,-1
237,22,1322.41,508.68,35.34,94.10,0.9154,2,2,-1
237,23,248.37,498.07,33.84,103.38,0.8898,2,1,-1
237,24,1008.79,576.86,46.32,106.80,0.9383,2,1,-1
237,30,1614.72,561.39,29.10,92.45,0.8144,2,1,-1
237,38,1476.60,495.61,36.98,101.64,0.8436,2,1,-1
237,41,703.57,459.22,30.61,78.91,0.9154,2,2,-1
237,46,750.43,707.14,52.94,141.65,0.9335,2,1,-1
237,0,355.80,604.51,15.46,14.71,1.0,0,-1,-1
238,2,1540.51,613.65,44.80,120.11,0.9283,2,2,-1
238,3,1292.47,486.51,40.02,90.52,0.9161,2,2,-1
238,4,604.83,588.23,39.29,110.82,0.9056,2,2,-1
238,5,192.68,460.61,35.26,82.44,0.8776,2,1,-1
238,6,1206.14,471.42,29.77,84.66,0.9041,2,2,-1
238,7,572.06,567.22,42.19,111.63,0.8820,2,1,-1
238,8,1450.60,516.11,37.74,52.91,0.7436,2,1,-1
238,9,1117.58,490.82,28.87,94.24,0.9001,2,2,-1
238,14,1140.84,473.94,39.45,81.39,0.9117,2,1,-1
238,18,816.39,594.39,50.52,119.66,0.9295,2,1,-1
238,21,876.62,469.96,29.72,88.31,0.9171,3,0,-1
238,23,249.59,498.95,32.10,102.21,0.8811,2,1,-1
238,24,1008.55,577.53,46.11,106.42,0.9381,2,1,-1
238,30,1615.00,557.24,29.68,96.99,0.8145,2,1,-1
238,38,1480.31,496.30,39.72,102.04,0.8595,2,1,-1
238,41,704.48,459.64,29.99,79.66,0.9142,2,2,-1
238,46,748.65,707.17,53.85,142.16,0.9324,2,1,-1
238,0,355.85,605.20,15.45,14.79,1.0,0,-1,-1
239,2,1541.86,613.57,44.99,120.01,0.9207,2,2,-1
239,3,1292.41,487.00,43.36,90.43,0.9062,2,2,-1
239,4,610.08,588.00,36.26,112.80,0.9081,2,2,-1
239,5,187.70,463.08,34.90,80.48,0.9083,2,1,-1
239,6,1210.82,471.79,27.23,84.31,0.8972,2,2,-1
239,7,578.43,567.67,39.40,112.68,0.9073,2,1,-1
239,8,1450.54,516.55,35.73,46.98,0.8279,2,1,-1
239,9,1121.11,492.55,30.25,93.19,0.8909,2,2,-1
239,12,1481.31,496.92,43.79,74.80,0.8516,2,2,-1
239,14,1144.47,473.22,38.00,82.65,0.8881,2,1,-1
239,18,820.17,594.19,49.58,120.57,0.9383,2,1,-1
239,21,876.60,470.73,35.20,88.49,0.9227,3,0,-1
239,23,249.58,499.75,31.78,101.76,0.8928,2,1,-1
239,24,1009.72,578.48,45.38,105.82,0.9341,2,1,-1
239,30,1616.46,558.16,28.87,96.82,0.8374,2,1,-1
239,41,708.74,460.01,27.59,79.88,0.9134,2,2,-1
239,46,745.76,707.80,55.17,140.57,0.9269,2,1,-1
239,0,355.86,605.95,15.53,14.53,1.0,0,-1,-1
240,2,1543.99,614.95,43.30,117.14,0.9174,2,2,-1
240,3,1292.81,487.38,45.32,90.54,0.9041,2,2,-1
240,5,185.06,464.08,33.91,80.02,0.9104,2,1,-1
240,6,1213.10,472.32,25.49,84.47,0.8884,2,2,-1
240,7,585.32,567.56,36.85,108.05,0.9030,2,1,-1
240,8,1451.91,516.86,40.73,50.47,0.8366,2,1,-1
240,9,1124.99,495.26,33.19,92.05,0.9036,2,2,-1
240,12,1485.64,498.39,45.03,72.28,0.8256,2,2,-1
240,15,1467.99,546.87,39.55,94.54,0.8737,2,2,-1
240,18,823.59,594.30,49.93,120.52,0.9413,2,1,-1
240,21,877.18,471.86,41.97,87.77,0.9350,3,0,-1
240,23,250.15,499.99,32.10,101.83,0.8912,2,1,-1
240,24,1011.64,578.51,44.02,105.71,0.9322,2,1,-1
240,30,1619.97,556.60,28.20,95.18,0.8276,2,1,-1
240,41,711.51,461.03,26.23,78.88,0.9204,2,2,-1
240,46,744.69,707.07,54.99,139.56,0.9327,2,1,-1
240,0,356.44,606.20,15.31,15.05,1.0,0,-1,-1
241,2,1544.99,615.49,44.69,116.75,0.9214,2,2,-1
241,3,1291.74,486.99,43.95,91.01,0.8721,2,2,-1
241,4,614.76,590.19,40.43,112.62,0.9104,2,2,-1
241,5,181.23,464.31,33.93,80.65,0.9169,2,1,-1
241,6,1216.35,472.80,24.40,85.56,0.8997,2,2,-1
241,9,1126.93,496.40,35.85,91.51,0.9130,2,2,-1
241,15,1470.35,541.70,43.86,100.95,0.9052,2,2,-1
241,18,828.46,594.29,49.53,120.32,0.9326,2,1,-1
241,21,877.91,472.99,46.59,87.10,0.9302,3,0,-1
241,22,1325.91,510.71,38.94,93.12,0.9093,2,2,-1
241,23,250.21,500.71,31.82,101.51,0.8889,2,1,-1
241,24,1013.31,578.51,42.98,105.92,0.9333,2,1,-1
241,41,713.52,461.56,27.33,80.04,0.9213,2,2,-1
241,46,742.68,705.43,55.97,142.36,0.9378,2,1,-1
241,0,356.26,607.37,15.84,14.28,1.0,0,-1,-1
242,2,1545.09,614.78,45.20,117.87,0.9202,2,2,-1
242,3,1293.38,488.14,43.24,90.76,0.8689,2,2,-1
242,4,616.83,591.19,49.87,111.80,0.9245,2,2,-1
242,5,177.92,464.14,34.88,80.94,0.9181,2,1,-1
242,6,1218.33,473.65,23.87,84.74,0.9049,2,2,-1
242,8,1456.91,517.12,41.97,54.98,0.8795,2,1,-1
242,9,1128.13,497.32,38.13,91.46,0.9196,2,2,-1
242,15,1473.00,549.41,46.35,94.29,0.9099,2,2,-1
242,18,832.89,594.40,47.67,120.67,0.9342,2,1,-1
242,21,877.79,473.25,49.28,87.26,0.9358,3,0,-1
242,22,1326.28,510.41,40.39,95.10,0.9182,2,2,-1
242,23,250.58,501.22,31.63,101.45,0.8648,2,1,-1
242,24,1014.66,578.12,42.87,106.63,0.9310,2,1,-1
242,41,715.92,462.75,29.16,79.68,0.9254,2,2,-1
242,46,740.71,704.49,56.03,140.32,0.9416,2,1,-1
242,0,356.80,608.26,15.12,13.95,1.0,0,-1,-1
243,2,1545.54,612.94,45.89,118.33,0.9273,2,2,-1
243,3,1293.55,488.69,42.21,90.41,0.8691,2,2,-1
243,4,617.34,592.15,57.15,110.83,0.9228,2,2,-1
243,5,174.47,463.51,35.61,84.43,0.9235,2,1,-1
243,6,1219.58,474.20,24.53,84.80,0.9106,2,2,-1
243,8,1460.53,517.54,39.20,55.56,0.8524,2,1,-1
243,9,1130.23,497.60,38.60,90.97,0.9139,2,2,-1
243,15,1473.90,553.24,50.74,91.59,0.8983,2,2,-1
243,18,835.71,595.53,48.25,120.37,0.9281,2,1,-1
243,21,879.96,474.21,49.86,87.01,0.9359,3,0,-1
243,22,1328.69,510.46,39.57,94.82,0.9166,2,2,-1
243,23,251.28,502.25,31.02,100.83,0.8583,2,1,-1
243,24,1015.95,578.39,42.55,106.56,0.9312,2,1,-1
243,41,717.31,463.77,31.25,79.09,0.9295,2,2,-1
243,46,738.67,703.57,56.50,140.33,0.9394,2,1,-1
243,0,356.61,608.40,15.40,13.92,1.0,0,-1,-1
244,1,1607.37,597.39,59.15,107.37,0.8369,2,1,-1
244,2,1546.65,611.38,45.91,119.40,0.9272,2,2,-1
244,3,1294.82,489.72,42.66,89.77,0.8742,2,2,-1
244,4,617.33,592.42,63.34,111.26,0.9255,2,2,-1
244,5,171.55,463.75,36.60,85.30,0.9266,2,1,-1
244,6,1220.62,474.85,26.61,84.99,0.9091,2,2,-1
244,9,1131.60,497.62,37.78,90.10,0.9116,2,2,-1
244,10,1615.06,539.39,28.48,64.02,0.7937,2,2,-1
244,14,1160.05,474.66,34.49,84.69,0.8915,2,1,-1
244,15,1474.39,553.08,54.96,91.55,0.8919,2,2,-1
244,18,836.96,595.83,50.89,120.04,0.9341,2,1,-1
244,21,883.81,474.51,46.97,86.72,0.9327,3,0,-1
244,22,1330.70,510.51,39.10,94.88,0.8985,2,2,-1
244,23,253.05,506.68,29.54,97.17,0.8346,2,1,-1
244,24,1018.19,578.47,42.38,105.60,0.9291,2,1,-1
244,41,718.79,464.65,31.88,78.98,0.9289,2,2,-1
244,46,737.88,702.25,54.28,140.16,0.9459,2,1,-1
244,0,357.04,609.65,14.93,13.33,1.0,0,-1,-1
245,1,1610.50,592.81,76.78,111.86,0.8939,2,1,-1
245,2,1548.37,611.44,46.06,119.23,0.9236,2,2,-1
245,3,1297.51,490.69,49.60,89.32,0.9166,2,2,-1
245,4,617.50,593.65,65.57,109.73,0.9332,2,2,-1
245,5,168.97,464.90,37.40,85.84,0.9273,2,1,-1
245,6,1221.47,475.27,28.70,84.98,0.9059,2,2,-1
245,9,1134.05,497.34,36.60,90.57,0.9175,2,2,-1
245,10,1617.36,540.43,26.58,58.86,0.6684,2,2,-1
245,12,1500.10,504.13,45.20,70.07,0.5252,2,2,-1
245,14,1163.18,475.13,35.03,85.21,0.9070,2,1,-1
245,15,1475.24,552.63,57.94,92.88,0.8926,2,2,-1
245,18,836.80,596.42,53.08,120.11,0.9182,2,1,-1
245,21,889.36,474.69,43.94,85.98,0.9296,3,0,-1
245,22,1337.66,510.96,35.21,93.60,0.8956,2,2,-1
245,23,252.82,504.74,30.00,99.65,0.8449,2,1,-1
245,24,1020.28,578.93,41.81,105.42,0.9300,2,1,-1
245,41,719.44,465.50,32.03,78.74,0.9262,2,2,-1
245,46,737.31,702.15,50.65,140.09,0.9398,2,1,-1
245,0,357.87,610.04,14.55,13.17,1.0,0,-1,-1
246,1,1612.04,593.73,75.41,112.56,0.8046,2,1,-1
246,2,1550.07,610.37,46.22,121.02,0.9215,2,2,-1
246,3,1299.04,491.03,49.49,89.54,0.8687,2,2,-1
246,4,621.31,593.23,62.89,110.73,0.9287,2,2,-1
246,5,167.43,468.11,35.26,84.67,0.9181,2,1,-1
246,6,1221.32,476.42,31.24,84.02,0.9050,2,2,-1
246,9,1137.54,497.09,33.99,90.52,0.9004,2,2,-1
246,10,1622.49,541.33,20.42,42.53,0.6013,2,2,-1
246,12,1500.55,504.90,48.13,72.76,0.7506,2,2,-1
246,14,1164.94,486.90,30.90,73.68,0.8803,2,1,-1
246,15,1478.51,561.62,55.06,84.32,0.8516,2,2,-1
246,18,836.80,596.86,54.84,119.68,0.9285,2,1,-1
246,21,894.93,474.38,41.25,86.32,0.9292,3,0,-1
246,22,1340.19,511.49,33.76,93.21,0.9081,2,2,-1
246,23,252.63,504.61,30.29,100.83,0.8739,2,1,-1
246,24,1022.17,579.37,40.97,105.63,0.9267,2,1,-1
246,41,719.97,466.79,32.57,78.42,0.9229,2,2,-1
246,46,736.98,702.64,48.44,140.27,0.9330,2,1,-1
246,0,357.52,610.64,15.50,13.05,1.0,0,-1,-1
247,1,1620.46,597.13,68.67,109.62,0.9156,2,1,-1
247,2,1552.30,610.76,46.49,121.35,0.9219,2,2,-1
247,3,1302.11,490.84,49.49,90.02,0.8699,2,2,-1
247,4,625.29,593.00,59.53,111.84,0.9269,2,2,-1
247,5,163.82,469.61,33.76,84.55,0.8943,2,1,-1
247,6,1221.34,477.05,33.43,83.72,0.9123,2,2,-1
247,9,1141.80,496.50,31.09,92.21,0.9020,2,2,-1
247,14,1166.70,476.90,35.95,83.65,0.9162,2,1,-1
247,15,1479.48,556.73,56.76,90.12,0.9004,2,2,-1
247,18,839.23,597.03,54.17,120.00,0.9293,2,1,-1
247,21,902.46,473.52,36.14,87.15,0.9144,3,0,-1
247,22,1342.03,511.16,33.45,94.48,0.9119,2,2,-1
247,23,252.76,504.73,30.44,101.76,0.8842,2,1,-1
247,24,1024.06,579.04,40.03,106.36,0.9295,2,1,-1
247,30,1623.23,542.04,24.80,73.67,0.5343,2,1,-1
247,41,720.24,467.52,32.71,78.19,0.9253,2,2,-1
247,46,735.57,703.40,48.25,139.17,0.9349,2,1,-1
247,0,357.68,611.57,15.44,12.29,1.0,0,-1,-1
248,1,1628.60,599.36,62.26,107.82,0.9132,2,1,-1
248,2,1553.56,610.35,46.58,121.72,0.9229,2,2,-1
248,3,1303.36,491.06,48.11,90.04,0.8644,2,2,-1
248,4,630.78,592.36,52.89,111.91,0.9172,2,2,-1
248,5,160.44,471.52,30.16,82.45,0.8917,2,1,-1
248,6,1221.41,477.35,34.74,83.79,0.9126,2,2,-1
248,9,1144.15,495.94,29.34,92.01,0.8952,2,2,-1
248,14,1167.89,478.14,36.93,83.32,0.9245,2,1,-1
248,15,1483.18,552.86,54.27,94.35,0.8876,2,2,-1
248,18,841.38,597.73,53.11,119.70,0.9304,2,1,-1
248,21,909.45,473.89,31.60,86.88,0.9155,3,0,-1
248,22,1343.02,511.53,34.32,93.34,0.9102,2,2,-1
248,23,252.71,505.42,30.19,101.28,0.8728,2,1,-1
248,24,1025.25,579.61,38.89,105.97,0.9274,2,1,-1
248,30,1610.01,543.04,36.35,105.69,0.7599,2,1,-1
248,41,720.86,467.53,32.54,78.88,0.9225,2,2,-1
248,46,729.67,704.01,51.90,138.97,0.9381,2,1,-1
248,0,357.45,611.58,15.67,12.54,1.0,0,-1,-1
249,1,1639.31,598.55,62.39,109.02,0.8676,2,1,-1
249,2,1555.53,610.64,47.37,121.54,0.9219,2,2,-1
249,3,1304.97,491.31,47.48,90.64,0.8687,2,2,-1
249,4,639.48,592.04,44.88,112.03,0.9082,2,2,-1
249,5,158.69,472.69,27.12,81.26,0.9070,2,1,-1
249,6,1222.46,477.96,35.19,83.09,0.9065,2,2,-1
249,9,1148.75,495.75,27.43,91.59,0.8884,2,2,-1
249,12,1506.16,506.80,42.89,59.84,0.7986,2,2,-1
249,13,1473.32,542.13,38.12,81.32,0.8029,2,2,-1
249,14,1169.12,478.63,38.63,84.77,0.9187,2,1,-1
249,18,842.57,598.40,53.25,119.34,0.9375,2,1,-1
249,21,913.30,473.17,29.78,88.83,0.9076,3,0,-1
249,22,1343.06,511.92,37.74,93.75,0.9146,2,2,-1
249,23,253.54,509.12,29.16,97.81,0.8717,2,1,-1
249,24,1027.41,579.55,37.13,106.21,0.9267,2,1,-1
249,30,1609.75,546.60,40.55,104.67,0.7888,2,1,-1
249,41,722.43,467.46,31.35,79.92,0.9214,2,2,-1
249,46,722.72,703.96,56.58,139.06,0.9407,2,1,-1
249,0,357.56,611.71,15.17,12.97,1.0,0,-1,-1
250,1,1652.36,596.30,61.60,110.79,0.8202,2,1,-1
250,2,1556.64,611.48,48.60,120.39,0.9307,2,2,-1
250,3,1307.75,491.82,44.08,89.88,0.8747,2,2,-1
250,4,649.66,592.44,40.50,112.00,0.8794,2,2,-1
250,5,155.96,472.87,27.17,82.20,0.9088,2,1,-1
250,6,1223.83,478.64,36.26,82.82,0.9078,2,2,-1
250,9,1151.73,496.53,29.49,91.13,0.8971,2,2,-1
250,12,1506.86,507.08,44.90,63.96,0.8658,2,-1,-1
250,18,845.44,599.02,50.69,119.53,0.9317,2,1,-1
250,21,915.94,474.39,31.67,88.48,0.9166,3,0,-1
250,22,1344.36,512.43,40.29,94.03,0.9079,2,2,-1
250,23,252.88,505.49,30.27,102.05,0.8768,2,1,-1
250,24,1030.06,579.96,35.45,106.33,0.9253,2,1,-1
250,30,1609.45,541.57,46.52,111.07,0.8218,2,1,-1
250,38,1476.62,530.97,40.68,92.29,0.7216,2,1,-1
250,41,726.26,467.89,28.25,79.72,0.9193,2,2,-1
250,46,720.39,704.86,59.58,138.20,0.9430,2,1,-1
250,0,357.79,612.12,15.53,12.77,1.0,0,-1,-1
251,1,1662.33,595.26,62.29,112.09,0.6753,2,1,-1
251,2,1558.10,612.10,49.69,119.91,0.9364,2,2,-1
251,3,1310.46,492.88,41.81,89.58,0.8900,2,2,-1
251,6,1225.61,479.04,36.62,82.66,0.9006,2,2,-1
251,7,632.48,573.01,35.96,109.65,0.9101,2,1,-1
251,12,1509.61,506.79,42.36,62.68,0.8114,2,1,-1
251,14,1174.48,479.38,38.37,85.57,0.8992,2,1,-1
251,18,847.12,598.36,49.75,120.75,0.9405,2,1,-1
251,21,916.81,474.95,34.64,88.46,0.9262,3,0,-1
251,22,1345.80,513.09,42.55,93.35,0.9133,2,2,-1
251,23,252.16,505.64,30.24,101.83,0.8723,2,1,-1
251,24,1030.46,580.62,35.23,105.83,0.9288,2,1,-1
251,30,1634.18,557.45,34.53,97.98,0.8608,2,1,-1
251,38,1476.57,523.36,45.70,100.85,0.9039,2,1,-1
251,41,728.31,468.09,27.22,80.66,0.9155,2,2,-1
251,46,721.21,705.35,59.15,138.18,0.9455,2,1,-1
251,52,152.14,472.70,30.98,82.77,0.9162,2,1,-1
251,0,357.60,612.35,15.20,13.30,1.0,0,-1,-1
252,1,1666.47,594.75,63.94,111.15,0.8415,2,1,-1
252,2,1559.06,612.18,50.40,119.26,0.9340,2,2,-1
252,3,1313.79,492.29,47.75,91.21,0.9096,2,2,-1
252,4,658.22,591.44,45.55,113.05,0.9060,2,2,-1
252,6,1226.73,478.42,36.76,83.45,0.9045,2,2,-1
252,12,1511.27,507.72,40.41,61.14,0.7191,2,1,-1
252,14,1179.37,479.65,35.66,84.97,0.9072,2,1,-1
252,18,848.65,597.98,48.56,120.56,0.9386,2,1,-1
252,21,916.94,476.17,41.18,87.26,0.9352,3,0,-1
252,23,253.13,505.51,29.89,102.52,0.8903,2,1,-1
252,24,1029.59,580.46,36.10,106.30,0.9313,2,1,-1
252,30,1637.88,556.97,31.81,97.52,0.8359,2,1,-1
252,38,1479.96,523.22,45.72,102.63,0.8720,2,1,-1
252,41,729.19,468.29,27.24,80.93,0.9105,2,2,-1
252,46,719.94,704.99,59.34,138.17,0.9404,2,1,-1
252,52,147.23,472.96,34.13,83.48,0.9258,2,1,-1
252,0,357.73,612.33,15.31,13.54,1.0,0,-1,-1
253,1,1665.23,594.87,69.70,112.81,0.8663,2,1,-1
253,2,1560.00,611.89,51.09,119.14,0.9335,2,2,-1
253,3,1313.03,493.55,43.96,90.02,0.8827,2,2,-1
253,4,663.31,591.85,48.47,113.11,0.9205,2,2,-1
253,6,1228.21,478.34,37.40,83.19,0.9134,2,2,-1
253,12,1514.52,508.17,36.06,55.17,0.7564,2,1,-1
253,14,1183.65,479.85,33.46,85.66,0.9164,2,1,-1
253,18,851.61,598.54,45.98,119.37,0.9355,2,1,-1
253,21,916.98,477.39,45.64,85.92,0.9354,3,0,-1
253,22,1348.10,513.62,44.63,93.17,0.9191,2,2,-1
253,23,252.04,505.62,30.52,102.66,0.8889,2,1,-1
253,24,1028.20,580.90,37.20,105.99,0.9265,2,1,-1
253,30,1640.90,557.47,30.04,98.15,0.8440,2,-1,-1
253,38,1483.60,522.63,44.04,104.08,0.8161,2,1,-1
253,41,729.05,468.29,27.56,81.30,0.9131,2,2,-1
253,46,719.60,704.13,58.17,137.68,0.9419,2,1,-1
253,52,142.92,474.03,36.85,85.13,0.9280,2,1,-1
253,0,357.52,612.25,14.98,13.76,1.0,0,-1,-1
254,1,1668.09,596.33,72.01,110.26,0.8884,2,1,-1
254,2,1561.57,610.99,51.46,119.92,0.9308,2,2,-1
254,3,1314.35,494.02,42.75,90.24,0.8845,2,2,-1
254,4,664.82,591.13,51.36,113.49,0.9038,2,2,-1
254,6,1229.99,478.23,38.13,84.58,0.9122,2,2,-1
254,12,1517.32,509.28,35.08,54.22,0.7122,2,1,-1
254,14,1186.60,480.43,33.01,85.00,0.9221,2,1,-1
254,18,855.30,597.93,43.03,118.27,0.9400,2,1,-1
254,21,917.49,478.10,48.90,85.94,0.9362,3,0,-1
254,22,1349.15,513.81,46.21,93.05,0.9142,2,2,-1
254,23,251.83,507.40,31.22,100.67,0.8755,2,1,-1
254,24,1028.63,580.98,37.13,105.51,0.9245,2,1,-1
254,30,1644.75,557.99,28.49,97.66,0.8452,2,2,-1
254,38,1487.77,523.10,42.16,103.78,0.6661,2,1,-1
254,41,729.11,469.18,29.07,81.38,0.9149,2,2,-1
254,46,718.16,703.65,57.40,138.37,0.9450,2,1,-1
254,52,138.88,473.78,38.16,86.62,0.9361,2,1,-1
254,0,357.65,612.76,15.14,13.18,1.0,0,-1,-1
255,1,1673.81,599.18,72.13,108.37,0.7839,2,1,-1
255,2,1562.01,611.09,51.50,119.93,0.9287,2,2,-1
255,3,1315.18,494.54,42.64,90.56,0.8922,2,2,-1
255,4,666.20,592.98,56.74,112.24,0.9312,2,2,-1
255,6,1231.74,478.18,37.03,84.78,0.9115,2,2,-1
255,9,1156.78,499.61,39.84,89.36,0.9168,2,2,-1
255,12,1520.40,510.34,33.93,53.08,0.7742,2,1,-1
255,14,1188.86,480.79,31.92,84.38,0.9113,2,1,-1
255,18,860.46,597.45,40.82,117.44,0.9318,2,1,-1
255,21,918.94,479.35,49.49,85.12,0.9324,3,0,-1
255,22,1349.30,514.00,47.65,92.69,0.9087,2,2,-1
255,23,250.30,506.88,33.74,101.31,0.8791,2,1,-1
255,24,1027.54,581.22,38.53,105.45,0.9258,2,1,-1
255,30,1647.51,558.55,27.45,98.14,0.8340,2,2,-1
255,38,1494.27,523.08,36.42,105.41,0.8376,2,1,-1
255,41,727.09,470.96,31.76,80.46,0.9190,2,2,-1
255,46,717.74,703.58,53.83,136.52,0.9412,2,1,-1
255,52,134.65,476.25,39.23,86.36,0.9216,2,1,-1
255,0,357.21,613.16,15.28,13.46,1.0,0,-1,-1
256,1,1669.77,600.02,67.14,106.94,0.7390,2,1,-1
256,2,1563.14,611.47,51.45,120.16,0.9319,2,2,-1
256,3,1316.66,494.78,45.51,90.31,0.9001,2,2,-1
256,4,666.59,593.80,59.91,110.74,0.9309,2,2,-1
256,6,1233.57,478.62,36.15,85.26,0.9115,2,2,-1
256,9,1156.16,500.34,41.37,89.32,0.9231,2,2,-1
256,12,1521.90,511.09,35.11,56.83,0.8121,2,1,-1
256,14,1190.84,481.35,29.77,84.32,0.9108,2,1,-1
256,15,1524.36,564.57,42.66,83.49,0.7497,2,2,-1
256,18,864.39,597.52,38.72,117.48,0.9280,2,1,-1
256,21,920.30,479.67,50.51,86.05,0.9330,3,0,-1
256,22,1352.81,514.37,45.34,92.40,0.9054,2,2,-1
256,23,250.66,509.92,33.98,98.60,0.8505,2,1,-1
256,24,1026.64,581.27,39.41,105.90,0.9266,2,1,-1
256,30,1650.54,559.44,27.29,97.96,0.8144,2,2,-1
256,38,1498.85,523.94,34.48,105.48,0.8719,2,1,-1
256,41,725.96,472.01,33.91,79.15,0.9244,2,2,-1
256,46,715.13,702.58,50.38,136.31,0.9435,2,1,-1
256,52,129.74,478.89,36.76,84.09,0.8753,2,1,-1
256,0,357.16,613.72,15.18,13.57,1.0,0,-1,-1
257,1,1677.20,601.47,63.73,107.22,0.8904,2,1,-1
257,2,1563.31,612.08,51.11,118.63,0.9262,2,2,-1
257,3,1316.59,495.92,46.17,90.29,0.9001,2,2,-1
257,4,667.02,593.93,62.60,110.22,0.9260,2,2,-1
257,6,1235.49,479.45,35.18,85.25,0.9077,2,2,-1
257,9,1156.35,501.09,41.49,88.70,0.9147,2,2,-1
257,12,1524.72,512.19,34.52,59.09,0.8609,2,1,-1
257,14,1192.30,482.48,28.77,83.97,0.9068,2,1,-1
257,15,1526.26,554.16,45.20,95.77,0.7468,2,2,-1
257,18,869.18,597.51,35.21,117.44,0.9282,2,1,-1
257,21,923.76,479.58,49.34,86.45,0.9296,3,0,-1
257,22,1355.13,514.38,43.13,93.23,0.9095,2,2,-1
257,23,250.42,519.22,33.17,89.80,0.8552,2,1,-1
257,24,1025.99,581.29,40.37,106.18,0.9280,2,1,-1
257,30,1628.93,543.31,34.25,107.46,0.8586,2,2,-1
257,38,1502.48,525.03,31.38,104.07,0.8909,2,1,-1
257,41,725.81,473.38,34.37,78.65,0.9224,2,2,-1
257,46,709.82,701.60,48.65,137.38,0.9297,2,1,-1
257,52,122.95,479.77,35.56,83.73,0.8516,2,1,-1
257,0,356.02,614.15,15.48,13.94,1.0,0,-1,-1
258,1,1682.54,601.98,65.34,108.68,0.9107,2,1,-1
258,2,1564.54,612.76,49.55,116.12,0.9316,2,2,-1
258,3,1316.69,497.09,47.85,89.37,0.9108,2,2,-1
258,4,671.59,594.56,61.27,109.86,0.9217,2,2,-1
258,6,1238.08,480.19,34.40,85.94,0.9104,2,2,-1
258,9,1158.96,501.32,39.51,88.94,0.9127,2,2,-1
258,12,1527.34,513.58,33.42,58.82,0.8540,2,1,-1
258,14,1193.50,484.00,29.23,83.31,0.9164,2,1,-1
258,15,1529.28,557.21,42.27,92.15,0.8683,2,2,-1
258,18,871.41,597.85,34.61,117.62,0.9280,2,1,-1
258,21,928.28,479.60,46.12,86.03,0.9038,3,0,-1
258,22,1358.69,514.54,39.53,93.40,0.9068,2,2,-1
258,23,249.74,514.19,35.30,95.23,0.8451,2,1,-1
258,24,1025.62,581.10,40.83,106.96,0.9227,2,1,-1
258,30,1632.34,543.46,34.07,107.54,0.8644,2,2,-1
258,38,1503.72,526.45,31.45,104.32,0.8823,2,1,-1
258,41,725.20,474.56,35.53,78.49,0.9231,2,2,-1
258,46,704.69,701.44,47.51,138.37,0.9394,2,1,-1
258,52,119.17,480.42,35.37,84.54,0.9115,2,1,-1
258,0,356.24,614.64,15.60,14.11,1.0,0,-1,-1
259,1,1688.52,601.31,73.24,110.02,0.9228,2,1,-1
259,2,1566.20,612.63,47.43,115.66,0.9262,2,2,-1
259,3,1316.29,497.88,50.48,89.75,0.9147,2,2,-1
259,4,676.83,594.55,57.23,109.62,0.9117,2,2,-1
259,6,1239.84,481.07,35.42,85.58,0.9176,2,2,-1
259,9,1162.48,501.92,36.05,88.90,0.9102,2,2,-1
259,12,1530.60,514.43,32.59,57.61,0.7897,2,1,-1
259,14,1193.99,485.51,31.43,82.89,0.9217,2,1,-1
259,15,1530.62,558.55,41.06,92.38,0.8607,2,2,-1
259,18,873.46,598.20,35.37,119.34,0.9279,2,1,-1
259,21,935.39,479.92,39.56,85.73,0.9190,3,0,-1
259,22,1361.01,514.69,36.73,93.93,0.8984,2,2,-1
259,23,249.30,514.64,35.79,96.13,0.8473,2,1,-1
259,24,1026.04,581.27,40.54,106.70,0.9256,2,1,-1
259,30,1632.17,544.90,35.12,108.89,0.8599,2,2,-1
259,38,1503.87,528.68,33.43,104.08,0.8897,2,1,-1
259,41,726.03,475.28,35.61,78.91,0.9272,2,2,-1
259,46,701.86,702.33,47.19,137.24,0.9348,2,1,-1
259,52,116.71,480.53,34.22,85.00,0.9149,2,1,-1
259,0,355.76,615.14,15.33,14.37,1.0,0,-1,-1
260,1,1693.58,601.21,70.08,109.92,0.9264,2,1,-1
260,2,1566.42,611.74,46.95,116.22,0.9263,2,2,-1
260,3,1316.34,498.24,51.34,89.79,0.9095,2,2,-1
260,4,682.69,594.03,51.97,110.00,0.9229,2,2,-1
260,6,1240.41,482.66,37.10,84.63,0.9183,2,2,-1
260,9,1165.81,501.53,32.81,89.25,0.9118,2,2,-1
260,12,1531.60,515.20,34.10,61.06,0.6901,2,1,-1
260,14,1194.25,486.79,33.76,82.43,0.9172,2,1,-1
260,18,874.41,598.73,36.77,119.23,0.9261,2,1,-1
260,21,940.91,479.62,33.92,86.59,0.9116,3,0,-1
260,22,1364.44,515.21,33.59,93.63,0.8981,2,2,-1
260,23,252.36,521.55,32.89,89.23,0.8278,2,1,-1
260,24,1025.69,580.81,41.40,107.15,0.9225,2,1,-1
260,30,1656.38,561.32,31.57,97.76,0.8248,2,2,-1
260,38,1503.15,527.43,38.77,106.14,0.8994,2,1,-1
260,41,726.76,476.08,35.48,79.50,0.9260,2,2,-1
260,46,697.32,702.81,49.27,137.11,0.9385,2,1,-1
260,52,112.61,480.03,35.00,86.62,0.9248,2,1,-1
260,0,355.37,615.81,15.60,13.99,1.0,0,-1,-1
261,1,1698.71,600.65,71.16,110.32,0.9294,2,1,-1
261,2,1566.94,609.57,46.77,118.22,0.9235,2,2,-1
261,3,1319.42,498.66,52.16,90.50,0.8963,2,2,-1
261,6,1240.45,483.65,38.95,84.64,0.9158,2,2,-1
261,7,664.67,577.35,37.34,110.29,0.9074,2,1,-1
261,9,1167.92,501.04,30.14,90.45,0.8893,2,2,-1
261,10,1533.71,515.21,33.69,74.18,0.7865,2,2,-1
261,14,1194.18,487.95,35.65,82.21,0.9186,2,1,-1
261,18,874.71,598.62,40.43,120.37,0.9265,2,1,-1
261,21,947.31,479.59,29.06,87.22,0.8968,3,0,-1
261,22,1365.14,515.98,30.93,93.02,0.8980,2,2,-1
261,23,251.05,521.85,33.31,89.42,0.8414,2,1,-1
261,24,1026.82,580.58,41.77,107.22,0.9260,2,1,-1
261,30,1658.05,561.11,30.86,98.59,0.8488,2,2,-1
261,38,1502.02,528.98,41.45,105.45,0.9091,2,-1,-1
261,41,727.61,476.71,35.17,80.35,0.9225,2,2,-1
261,46,693.19,702.67,50.34,137.72,0.9352,2,1,-1
261,52,108.00,480.53,36.63,88.06,0.9222,2,1,-1
261,0,354.96,616.11,14.47,13.84,1.0,0,-1,-1
262,1,1701.53,601.25,69.74,110.83,0.9205,2,1,-1
262,2,1566.90,607.99,46.80,121.46,0.9220,2,2,-1
262,3,1321.46,498.43,50.79,91.25,0.8988,2,2,-1
262,4,691.92,593.80,41.66,111.52,0.8978,2,2,-1
262,6,1240.39,484.42,40.71,84.97,0.9193,2,2,-1
262,9,1169.68,501.21,27.88,90.70,0.8962,2,2,-1
262,12,1535.11,515.87,34.45,61.81,0.6957,2,1,-1
262,14,1194.06,489.10,37.93,83.05,0.9147,2,1,-1
262,18,875.19,599.19,47.30,119.72,0.9333,2,1,-1
262,21,951.43,479.40,26.14,88.09,0.9070,3,0,-1
262,22,1365.61,514.70,30.12,94.84,0.9000,2,2,-1
262,23,250.26,520.05,34.67,91.93,0.8564,2,1,-1
262,24,1028.71,581.03,39.81,106.09,0.9241,2,1,-1
262,30,1659.30,560.67,29.86,98.64,0.8684,2,2,-1
262,38,1501.16,530.05,43.68,105.37,0.9147,2,2,-1
262,41,729.05,477.19,33.82,80.20,0.9207,2,2,-1
262,46,689.03,702.10,52.21,140.22,0.9340,2,1,-1
262,52,103.99,481.98,37.24,87.97,0.9255,2,1,-1
262,65,1643.57,546.07,24.84,43.27,0.7636,2,-1,-1
262,0,353.90,616.46,14.88,14.47,1.0,0,-1,-1
263,1,1704.36,602.20,59.37,110.29,0.9311,2,1,-1
263,2,1567.43,607.48,46.76,121.97,0.9151,2,2,-1
263,3,1324.24,498.56,50.95,91.58,0.8905,2,2,-1
263,4,695.61,594.43,37.92,110.07,0.9069,2,2,-1
263,6,1240.45,485.62,41.51,84.25,0.9153,2,2,-1
263,9,1172.37,501.73,25.86,90.35,0.8983,2,2,-1
263,12,1536.93,515.67,37.36,63.07,0.8318,2,1,-1
263,14,1195.56,490.06,37.70,81.86,0.9040,2,1,-1
263,18,875.30,600.03,53.69,119.40,0.9400,2,1,-1
263,21,953.48,480.01,27.08,87.62,0.9151,3,0,-1
263,22,1366.76,515.30,31.39,94.20,0.9076,2,2,-1
263,23,250.56,520.76,33.99,91.23,0.8450,2,1,-1
263,24,1029.83,581.00,38.85,106.00,0.9241,2,1,-1
263,30,1660.52,560.97,28.58,97.03,0.8694,2,2,-1
263,38,1501.27,530.59,45.69,105.29,0.9237,2,2,-1
263,41,732.67,477.43,30.75,80.23,0.9141,2,2,-1
263,46,686.56,703.16,52.03,139.12,0.9274,2,1,-1
263,52,99.90,483.08,37.14,89.31,0.9247,2,1,-1
263,0,353.52,616.79,15.10,14.22,1.0,0,-1,-1
264,1,1708.40,602.94,54.04,109.04,0.9273,2,1,-1
264,2,1568.20,607.70,46.37,119.50,0.9150,2,2,-1
264,3,1324.15,498.70,49.81,91.66,0.8896,2,2,-1
264,4,697.84,594.46,37.98,109.98,0.9063,2,2,-1
264,6,1240.79,486.94,41.71,83.23,0.9145,2,2,-1
264,9,1173.54,502.01,25.77,90.14,0.8946,2,2,-1
264,12,1539.48,515.78,39.46,61.01,0.8670,2,1,-1
264,14,1197.64,491.41,37.98,81.62,0.9072,2,1,-1
264,18,874.04,600.22,56.92,119.93,0.9377,2,1,-1
264,21,954.07,480.46,32.64,88.07,0.9295,3,0,-1
264,22,1365.58,515.20,35.58,95.46,0.9146,2,2,-1
264,23,248.42,509.49,35.80,103.73,0.8621,2,1,-1
264,24,1031.14,580.96,37.44,105.71,0.9269,2,1,-1
264,30,1662.45,561.20,27.83,98.94,0.8459,2,2,-1
264,38,1500.99,530.59,47.16,105.59,0.9238,2,2,-1
264,41,734.53,477.18,29.32,80.80,0.9119,2,2,-1
264,46,682.11,703.25,53.66,138.27,0.9284,2,1,-1
264,52,96.31,485.49,35.29,88.22,0.9179,2,1,-1
264,65,1645.25,546.95,24.23,42.12,0.6323,2,-1,-1
264,0,352.94,617.02,14.80,13.71,1.0,0,-1,-1
265,1,1711.57,602.76,50.03,109.51,0.9230,2,1,-1
265,2,1571.28,608.56,44.16,116.78,0.9189,2,2,-1
265,3,1324.72,498.78,49.89,92.63,0.9119,2,2,-1
265,4,700.70,594.10,42.55,111.76,0.8724,2,2,-1
265,6,1242.48,488.02,40.44,82.02,0.9189,2,2,-1
265,9,1174.15,502.09,27.73,90.44,0.8996,2,2,-1
265,12,1540.70,516.35,41.62,60.64,0.8505,2,1,-1
265,14,1200.08,491.71,38.56,81.61,0.9073,2,1,-1
265,18,873.65,599.95,56.53,119.80,0.9377,2,1,-1
265,21,953.81,480.68,40.71,88.09,0.9318,3,0,-1
265,22,1365.21,515.36,38.50,95.41,0.9176,2,2,-1
265,23,249.36,507.71,33.46,105.51,0.8697,2,1,-1
265,24,1031.64,581.17,36.09,105.63,0.9250,2,1,-1
265,30,1664.53,561.34,27.29,98.22,0.8198,2,2,-1
265,38,1502.97,530.61,46.38,105.47,0.9134,2,2,-1
265,41,735.36,477.69,28.68,79.98,0.9151,2,2,-1
265,46,678.18,704.03,55.84,137.93,0.9252,2,1,-1
265,52,93.38,488.08,33.36,86.09,0.9182,2,1,-1
265,65,1647.66,547.91,21.22,36.13,0.8161,2,-1,-1
265,0,352.46,617.26,14.80,14.08,1.0,0,-1,-1
266,1,1714.81,602.20,46.90,110.07,0.9270,2,1,-1
266,2,1572.10,609.58,43.52,113.80,0.9240,2,2,-1
266,3,1324.74,499.49,47.81,91.63,0.9141,2,2,-1
266,4,700.92,595.29,51.74,110.46,0.9142,2,2,-1
266,6,1245.18,488.35,39.38,82.13,0.9128,2,2,-1
266,9,1174.27,502.29,30.19,90.27,0.9114,2,2,-1
266,12,1542.15,516.89,42.23,57.36,0.8432,2,1,-1
266,14,1203.63,491.86,37.60,81.58,0.9132,2,1,-1
266,15,1551.96,562.19,29.59,69.32,0.7015,2,2,-1
266,18,873.21,600.78,55.79,118.85,0.9395,2,1,-1
266,21,953.07,481.40,44.18,87.24,0.9261,3,0,-1
266,22,1364.19,516.08,41.12,95.03,0.9228,2,2,-1
266,23,252.86,534.23,26.44,78.63,0.8508,2,1,-1
266,24,1031.77,581.18,35.35,106.28,0.9258,2,1,-1
266,30,1667.33,561.63,28.28,101.03,0.8419,2,2,-1
266,38,1504.87,530.52,46.01,105.73,0.9052,2,2,-1
266,41,735.70,478.29,28.58,80.59,0.9159,2,2,-1
266,46,674.07,703.82,57.04,137.77,0.9277,2,1,-1
266,52,89.99,488.58,30.61,85.46,0.9211,2,1,-1
266,65,1648.13,547.82,21.50,36.45,0.8033,2,-1,-1
266,0,352.01,617.45,14.76,14.65,1.0,0,-1,-1
267,1,1715.88,601.99,46.40,109.87,0.9088,2,1,-1
267,2,1572.40,609.87,43.36,113.66,0.9141,2,2,-1
267,3,1324.10,499.11,47.24,93.23,0.9146,2,2,-1
267,4,702.03,595.64,55.23,110.89,0.9059,2,2,-1
267,6,1246.49,488.15,39.33,82.60,0.9183,2,2,-1
267,9,1171.25,502.50,33.20,90.14,0.9143,2,2,-1
267,12,1543.65,517.92,42.20,56.37,0.8080,2,1,-1
267,14,1207.54,491.85,35.71,81.56,0.9160,2,1,-1
267,15,1553.79,562.08,28.76,68.96,0.6307,2,2,-1
267,18,873.46,600.77,54.85,118.59,0.9357,2,1,-1
267,21,952.73,482.26,47.38,86.87,0.9261,3,0,-1
267,22,1363.11,516.39,42.05,94.96,0.9262,2,2,-1
267,23,249.50,514.51,29.88,98.28,0.8486,2,1,-1
267,24,1031.62,581.08,36.11,106.38,0.9265,2,1,-1
267,30,1667.60,561.93,29.87,101.62,0.8350,2,2,-1
267,38,1506.13,530.46,45.14,107.47,0.9026,2,2,-1
267,41,735.72,478.87,28.31,81.19,0.9172,2,2,-1
267,46,670.32,701.77,58.19,139.52,0.9302,2,1,-1
267,52,85.22,488.31,29.24,85.96,0.9194,2,1,-1
267,65,1648.36,548.20,21.58,36.30,0.7945,2,-1,-1
267,67,1640.69,591.79,29.60,63.48,0.8240,2,-1,-1
267,0,350.73,617.67,15.23,14.43,1.0,0,-1,-1
268,1,1718.13,601.06,45.54,110.45,0.8826,2,1,-1
268,2,1572.05,610.16,43.54,113.30,0.9062,2,2,-1
268,3,1322.53,497.81,46.64,95.64,0.9189,2,2,-1
268,4,700.45,595.28,59.17,112.45,0.9213,2,2,-1
268,6,1249.64,486.95,37.91,84.40,0.9174,2,2,-1
268,9,1167.91,502.11,35.52,90.88,0.9190,2,2,-1
268,12,1544.27,518.98,43.66,55.60,0.8301,2,1,-1
268,14,1210.08,491.36,34.18,82.59,0.9158,2,1,-1
268,18,874.42,600.23,53.03,119.34,0.9359,2,1,-1
268,21,951.98,482.96,49.61,86.72,0.9287,3,0,-1
268,22,1361.94,517.06,41.69,94.35,0.9300,2,2,-1
268,23,248.92,517.70,27.34,94.79,0.8248,2,1,-1
268,24,1030.32,581.61,36.53,105.96,0.9306,2,1,-1
268,30,1667.86,561.97,32.56,102.03,0.8328,2,2,-1
268,38,1508.78,530.59,43.03,106.57,0.9036,2,2,-1
268,41,735.59,479.49,28.80,81.35,0.9171,2,2,-1
268,46,666.13,701.06,57.09,138.68,0.9328,2,1,-1
268,52,80.75,487.99,29.00,88.39,0.9126,2,1,-1
268,65,1648.14,548.46,21.23,35.68,0.7807,2,-1,-1
268,67,1640.55,592.56,28.40,64.73,0.7990,2,-1,-1
268,0,348.78,618.22,14.77,13.83,1.0,0,-1,-1
269,1,1718.66,600.73,44.79,111.10,0.8971,2,1,-1
269,2,1570.96,608.70,44.55,114.06,0.8998,2,2,-1
269,3,1321.13,497.44,46.29,96.87,0.9209,2,2,-1
269,4,699.85,596.69,59.39,111.08,0.9150,2,2,-1
269,6,1253.65,486.12,34.69,84.93,0.9129,2,2,-1
269,9,1163.79,502.37,38.33,90.45,0.9186,2,2,-1
269,12,1543.02,520.19,43.92,52.08,0.8148,2,1,-1
269,14,1211.72,490.90,33.50,82.36,0.9130,2,1,-1
269,18,876.73,600.07,50.36,119.35,0.9348,2,1,-1
269,21,951.73,482.87,48.96,87.35,0.9312,3,0,-1
269,22,1359.93,517.95,42.08,93.83,0.9247,2,2,-1
269,23,246.11,512.07,27.87,101.22,0.9027,2,1,-1
269,24,1029.28,581.83,35.95,106.00,0.9324,2,1,-1
269,30,1665.52,563.08,34.70,101.90,0.8480,2,2,-1
269,38,1511.35,531.65,43.16,107.18,0.9168,2,2,-1
269,41,735.02,480.71,27.85,80.56,0.9173,2,2,-1
269,46,661.41,700.66,54.47,134.21,0.9392,2,1,-1
269,52,74.30,488.29,30.93,88.49,0.9298,2,1,-1
269,65,1647.85,548.97,21.02,35.13,0.6856,2,1,-1
269,67,1640.37,591.98,28.84,67.03,0.7972,2,-1,-1
269,0,346.68,619.12,14.66,13.34,1.0,0,-1,-1
270,1,1717.37,600.50,46.43,111.48,0.8921,2,1,-1
270,2,1570.92,607.50,44.50,113.07,0.8935,2,2,-1
270,3,1318.93,496.74,46.78,98.87,0.9158,2,2,-1
270,4,701.15,597.03,57.50,110.67,0.9176,2,2,-1
270,6,1256.32,485.50,32.07,84.99,0.9065,2,2,-1
270,9,1160.75,502.34,40.92,90.79,0.9173,2,2,-1
270,14,1212.05,490.00,33.39,84.56,0.9122,2,1,-1
270,15,1553.62,560.38,28.61,70.83,0.7205,2,2,-1
270,18,880.37,599.79,46.50,118.22,0.9345,2,1,-1
270,21,952.57,482.80,47.73,87.57,0.9317,3,0,-1
270,22,1359.13,517.80,41.79,93.40,0.9171,2,2,-1
270,23,243.50,512.04,27.07,101.97,0.9037,2,1,-1
270,24,1027.76,581.77,34.59,104.91,0.9238,2,1,-1
270,30,1660.43,562.90,37.14,102.64,0.8374,2,2,-1
270,38,1513.13,532.38,45.19,106.47,0.9187,2,2,-1
270,41,732.86,481.24,27.87,80.62,0.9119,2,2,-1
270,46,657.96,699.34,52.16,135.57,0.9406,2,1,-1
270,52,66.89,489.23,34.79,88.35,0.9377,2,1,-1
270,65,1645.05,549.17,24.05,40.38,0.7487,2,1,-1
270,0,344.32,618.96,14.96,13.56,1.0,0,-1,-1
271,1,1716.46,600.62,47.79,111.97,0.8875,2,1,-1
271,2,1569.51,605.25,48.01,115.65,0.9150,2,2,-1
271,3,1316.89,497.14,46.45,99.04,0.9035,2,2,-1
271,4,702.64,596.27,53.14,110.31,0.9197,2,2,-1
271,6,1258.37,485.46,30.53,84.70,0.9060,2,2,-1
271,9,1157.58,502.13,42.44,90.70,0.9255,2,2,-1
271,14,1211.28,490.06,33.83,85.42,0.9112,2,1,-1
271,18,882.57,599.62,44.87,118.47,0.9353,2,1,-1
271,21,954.21,482.62,44.42,87.54,0.9364,3,0,-1
271,22,1357.90,518.15,41.23,93.26,0.8958,2,2,-1
271,23,241.30,512.19,26.75,101.74,0.8993,2,1,-1
271,24,1026.28,581.61,34.32,104.66,0.9283,2,1,-1
271,30,1658.26,563.46,37.99,102.41,0.8563,2,2,-1
271,38,1513.97,533.28,43.59,105.47,0.8979,2,2,-1
271,41,731.95,482.14,27.48,80.21,0.9115,2,2,-1
271,46,654.49,698.44,50.39,136.06,0.9382,2,1,-1
271,52,60.08,489.98,37.96,89.44,0.9264,2,1,-1
271,65,1643.37,549.34,25.40,43.45,0.6746,2,1,-1
271,0,341.28,618.90,15.34,14.24,1.0,0,-1,-1
272,1,1716.26,600.74,47.42,111.25,0.8969,2,1,-1
272,2,1567.42,604.83,51.23,114.65,0.9298,2,2,-1
272,3,1315.34,495.65,46.65,100.04,0.9005,2,2,-1
272,4,705.37,595.26,47.44,111.04,0.9073,2,2,-1
272,6,1258.89,486.35,30.37,84.59,0.9104,2,2,-1
272,7,679.57,577.95,35.81,109.67,0.9167,2,1,-1
272,9,1155.77,502.22,42.95,90.69,0.9231,2,2,-1
272,14,1210.31,490.86,34.56,85.93,0.9133,2,1,-1
272,18,886.13,599.62,41.63,119.04,0.9266,2,1,-1
272,21,957.30,482.33,38.96,87.41,0.9303,3,0,-1
272,22,1359.88,517.24,38.77,94.16,0.9005,2,2,-1
272,23,239.09,512.28,25.76,101.96,0.9003,2,1,-1
272,24,1024.73,581.20,33.29,104.56,0.9244,2,1,-1
272,30,1658.47,563.93,36.62,101.53,0.8951,2,2,-1
272,38,1513.92,533.68,42.69,105.23,0.8903,2,2,-1
272,41,730.31,482.55,27.84,81.03,0.9111,2,2,-1
272,46,651.62,698.43,48.68,136.41,0.9348,2,1,-1
272,52,52.38,491.49,40.13,91.33,0.9310,2,1,-1
272,67,1636.00,590.75,29.24,67.87,0.8171,2,1,-1
272,0,339.11,619.91,15.43,13.66,1.0,0,-1,-1
273,1,1715.07,601.15,47.69,110.00,0.9078,2,1,-1
273,2,1566.07,604.78,55.25,114.61,0.9368,2,2,-1
273,3,1314.39,493.46,46.77,103.03,0.9025,2,2,-1
273,4,711.70,595.05,39.21,111.39,0.9210,2,2,-1
273,6,1258.59,487.35,30.38,85.21,0.9158,2,2,-1
273,7,677.87,577.47,37.29,111.03,0.9315,2,1,-1
273,9,1155.24,502.21,42.35,90.61,0.9198,2,2,-1
273,14,1210.13,491.87,34.64,86.00,0.9048,2,1,-1
273,18,887.94,599.41,40.12,118.79,0.9296,2,1,-1
273,21,961.46,481.21,33.21,89.00,0.9213,3,0,-1
273,22,1361.82,517.13,35.86,94.14,0.9000,2,2,-1
273,23,235.89,512.45,26.30,102.01,0.8995,2,1,-1
273,24,1023.05,580.62,33.58,104.83,0.9277,2,1,-1
273,30,1655.28,563.77,37.27,102.25,0.8745,2,2,-1
273,38,1511.88,533.99,44.12,104.68,0.8925,2,2,-1
273,41,729.11,482.52,27.70,80.93,0.9088,2,2,-1
273,46,649.37,698.43,45.43,136.62,0.9397,2,1,-1
273,52,44.73,493.67,40.35,90.16,0.9120,2,1,-1
273,0,336.22,619.35,15.49,14.24,1.0,0,-1,-1
274,1,1715.64,602.01,48.36,108.40,0.8969,2,1,-1
274,2,1565.55,605.23,58.71,111.37,0.9390,2,2,-1
274,3,1315.44,493.56,44.94,102.48,0.8963,2,2,-1
274,4,716.46,594.33,32.71,111.80,0.9076,2,2,-1
274,6,1259.33,489.47,31.17,83.24,0.9135,2,2,-1
274,7,676.96,576.60,37.81,111.98,0.9344,2,1,-1
274,9,1154.76,502.11,42.06,91.15,0.9206,2,2,-1
274,14,1213.21,493.77,32.37,84.20,0.8979,2,1,-1
274,18,886.85,599.33,42.77,119.52,0.9260,2,1,-1
274,21,966.64,481.02,27.97,88.34,0.9152,3,0,-1
274,22,1365.05,517.21,32.16,93.81,0.9015,2,2,-1
274,23,234.14,513.75,25.90,100.91,0.8569,2,1,-1
274,24,1021.89,579.71,33.95,105.30,0.9201,2,1,-1
274,30,1654.40,565.03,36.22,100.85,0.8786,2,2,-1
274,38,1511.02,534.19,45.04,104.54,0.8773,2,2,-1
274,41,728.35,482.81,28.23,81.08,0.9068,2,2,-1
274,46,643.86,698.29,46.16,137.22,0.9368,2,1,-1
274,52,37.72,495.75,39.04,87.37,0.9178,2,1,-1
274,0,334.70,619.70,15.80,13.96,1.0,0,-1,-1
275,1,1715.98,602.41,49.69,108.39,0.9006,2,1,-1
275,2,1566.75,606.21,61.44,108.58,0.9294,2,2,-1
275,3,1316.75,493.28,43.44,102.57,0.8877,2,2,-1
275,4,720.68,594.37,28.93,111.49,0.9119,2,2,-1
275,6,1259.02,492.49,34.49,80.31,0.9212,2,2,-1
275,7,675.19,576.43,38.18,112.61,0.9299,2,1,-1
275,9,1155.79,502.15,40.06,90.85,0.9169,2,2,-1
275,14,1216.07,494.81,30.45,82.97,0.9004,2,1,-1
275,18,884.33,599.36,46.05,119.30,0.9198,2,1,-1
275,21,970.42,480.95,26.19,88.86,0.8973,3,0,-1
275,22,1365.96,517.18,30.52,93.65,0.8969,2,2,-1
275,23,232.29,512.62,26.09,102.05,0.8609,2,1,-1
275,24,1020.30,579.96,34.08,104.74,0.9214,2,1,-1
275,30,1652.38,565.78,35.77,99.65,0.8761,2,2,-1
275,38,1510.11,534.53,44.71,103.80,0.8828,2,2,-1
275,41,727.11,482.77,28.78,81.50,0.9075,2,2,-1
275,46,634.52,698.19,51.43,137.04,0.9392,2,1,-1
275,52,32.13,496.69,37.55,87.05,0.9007,2,1,-1
275,0,333.00,620.11,15.26,13.31,1.0,0,-1,-1
276,1,1716.15,602.26,49.58,109.21,0.8952,2,1,-1
276,2,1567.25,606.09,63.17,108.26,0.9258,2,2,-1
276,3,1319.71,494.98,39.50,99.91,0.9002,2,2,-1
276,4,723.30,594.55,31.45,111.51,0.9184,2,2,-1
276,6,1258.39,495.08,39.54,77.56,0.9192,2,2,-1
276,7,671.54,575.86,40.80,114.18,0.9320,2,1,-1
276,9,1156.26,501.97,37.31,91.04,0.9145,2,2,-1
276,13,1542.74,560.79,43.07,97.44,0.6181,2,2,-1
276,14,1218.23,495.50,27.82,81.88,0.8885,2,1,-1
276,18,882.61,599.36,48.05,118.35,0.9244,2,1,-1
276,21,970.78,481.07,26.42,88.87,0.8963,3,0,-1
276,22,1365.78,517.07,29.58,94.65,0.8993,2,2,-1
276,23,228.71,514.53,26.85,100.34,0.8921,2,1,-1
276,24,1018.48,579.37,34.19,104.14,0.9264,2,1,-1
276,30,1650.04,565.73,36.12,99.80,0.8331,2,2,-1
276,38,1510.22,534.81,43.42,103.75,0.8843,2,2,-1
276,41,726.14,482.59,28.47,81.07,0.9104,2,2,-1
276,46,624.58,698.48,56.84,136.57,0.9426,2,1,-1
276,52,26.70,496.04,36.82,87.24,0.9220,2,1,-1
276,0,329.68,619.59,15.66,13.71,1.0,0,-1,-1
277,1,1716.98,601.65,49.00,108.47,0.9036,2,1,-1
277,2,1569.07,605.23,62.36,108.97,0.9243,2,2,-1
277,3,1320.85,495.95,37.15,99.95,0.8940,2,2,-1
277,4,722.39,594.83,35.90,111.19,0.9232,2,2,-1
277,6,1256.11,496.12,44.83,77.85,0.9276,2,2,-1
277,7,669.29,575.96,41.84,114.18,0.9289,2,1,-1
277,9,1156.80,501.69,34.73,90.81,0.9134,2,2,-1
277,14,1218.35,494.67,30.18,82.70,0.9125,2,1,-1
277,18,880.24,599.52,50.02,118.40,0.9328,2,1,-1
277,21,969.88,481.30,28.81,88.68,0.9086,3,0,-1
277,22,1366.38,517.12,28.89,94.67,0.9028,2,2,-1
277,23,225.81,513.43,27.45,101.76,0.8964,2,1,-1
277,24,1016.11,578.46,35.19,104.84,0.9284,2,1,-1
277,30,1625.61,550.36,35.28,102.50,0.8579,2,2,-1
277,38,1512.01,534.80,39.72,104.16,0.8962,2,2,-1
277,41,723.80,482.27,28.30,81.42,0.9176,2,2,-1
277,46,618.04,698.84,60.41,136.61,0.9464,2,1,-1
277,52,20.90,495.61,36.53,87.25,0.9266,2,1,-1
277,0,327.43,620.14,15.38,13.63,1.0,0,-1,-1
278,1,1718.25,601.18,48.85,108.19,0.9148,2,1,-1
278,2,1570.13,602.82,61.19,110.19,0.9235,2,2,-1
278,3,1321.67,497.04,35.66,99.39,0.9084,2,2,-1
278,4,720.84,595.31,40.74,110.83,0.9271,2,2,-1
278,6,1252.95,496.21,49.23,79.29,0.9243,2,2,-1
278,7,665.41,576.20,43.80,114.13,0.9377,2,1,-1
278,9,1159.23,501.97,29.61,90.43,0.9065,2,2,-1
278,13,1538.35,558.88,45.40,99.40,0.8398,2,2,-1
278,14,1217.72,493.51,34.45,85.31,0.9037,2,1,-1
278,18,878.14,599.49,51.41,118.13,0.9341,2,1,-1
278,21,967.52,482.48,34.99,88.33,0.9255,3,0,-1
278,22,1365.68,517.09,30.04,95.21,0.9088,2,2,-1
278,23,222.00,513.34,27.71,101.40,0.8957,2,1,-1
278,24,1011.76,577.90,36.51,104.13,0.9138,2,1,-1
278,38,1512.85,534.90,35.39,103.10,0.9075,2,2,-1
278,41,721.58,482.73,28.53,81.57,0.9138,2,2,-1
278,46,615.16,698.93,59.83,136.60,0.9415,2,1,-1
278,52,14.01,495.44,37.27,90.27,0.9222,2,1,-1
278,67,1643.60,568.74,37.03,96.75,0.8633,2,1,-1
278,0,323.78,620.12,15.49,13.70,1.0,0,-1,-1
279,1,1718.33,600.64,49.98,110.51,0.9230,2,1,-1
279,2,1570.03,600.28,60.56,111.10,0.9162,2,2,-1
279,3,1320.69,495.38,37.77,102.70,0.9136,2,2,-1
279,4,717.41,595.52,45.70,111.40,0.9291,2,2,-1
279,6,1249.43,496.27,51.86,78.94,0.9285,2,2,-1
279,7,659.81,576.20,46.49,114.01,0.9339,2,1,-1
279,9,1158.97,501.72,26.87,90.85,0.9055,2,2,-1
279,13,1538.95,561.09,43.55,98.15,0.8651,2,2,-1
279,14,1213.88,492.53,34.41,87.18,0.9135,2,1,-1
279,18,876.75,599.77,52.38,117.93,0.9351,2,1,-1
279,21,965.29,483.38,40.62,87.06,0.9271,3,0,-1
279,22,1363.92,517.06,32.08,95.32,0.9122,2,2,-1
279,23,219.38,514.10,27.68,101.40,0.8779,2,1,-1
279,24,1007.62,577.38,39.11,104.81,0.9199,2,1,-1
279,38,1513.28,535.39,33.07,104.02,0.9088,2,2,-1
279,41,718.86,483.48,28.83,81.14,0.9173,2,2,-1
279,46,610.96,699.08,60.23,135.57,0.9356,2,1,-1
279,52,8.23,495.51,37.71,92.28,0.9250,2,1,-1
279,67,1642.90,572.08,34.65,93.09,0.8743,2,1,-1
279,0,320.79,619.77,15.49,14.07,1.0,0,-1,-1
280,1,1718.87,600.40,52.33,110.21,0.9314,2,1,-1
280,2,1570.42,598.67,61.63,113.05,0.9199,2,2,-1
280,3,1319.90,495.96,39.88,101.98,0.9167,2,2,-1
280,4,716.02,595.65,49.27,110.28,0.9292,2,2,-1
280,6,1247.91,495.86,52.20,79.28,0.9218,2,2,-1
280,7,655.84,576.57,48.48,114.37,0.9397,2,1,-1
280,9,1158.16,501.41,25.75,91.67,0.9094,2,2,-1
280,13,1541.01,562.10,41.72,96.51,0.8228,2,2,-1
280,14,1213.17,492.08,37.33,87.17,0.9149,2,1,-1
280,18,876.74,599.33,52.45,118.34,0.9339,2,1,-1
280,21,962.54,483.79,45.30,86.92,0.9311,3,0,-1
280,22,1362.26,516.90,34.47,95.59,0.9198,2,2,-1
280,23,217.15,514.30,28.01,101.46,0.8903,2,1,-1
280,24,1004.37,577.15,40.75,104.57,0.9153,2,1,-1
280,38,1512.67,535.47,32.45,104.82,0.9094,2,2,-1
280,41,715.74,484.00,31.25,81.96,0.9172,2,2,-1
280,46,608.36,698.00,58.90,135.86,0.9532,2,1,-1
280,52,2.68,496.22,37.71,92.54,0.9283,2,1,-1
280,67,1641.26,568.74,33.61,96.52,0.8855,2,1,-1
280,0,319.16,620.06,14.64,13.31,1.0,0,-1,-1
281,1,1718.82,600.40,54.55,110.91,0.9233,2,1,-1
281,2,1570.87,598.27,61.24,113.34,0.9191,2,2,-1
281,3,1318.37,497.52,39.61,100.22,0.9214,2,2,-1
281,4,714.08,595.08,51.75,110.53,0.9350,2,2,-1
281,6,1250.08,494.82,50.89,79.73,0.9250,2,2,-1
281,7,651.53,576.93,50.38,113.92,0.9406,2,1,-1
281,9,1156.98,501.33,26.79,90.75,0.9110,2,2,-1
281,13,1543.00,562.77,37.59,91.98,0.8213,2,2,-1
281,14,1211.80,494.54,39.69,85.15,0.9231,2,1,-1
281,18,876.29,598.99,51.62,118.06,0.9338,2,1,-1
281,21,961.17,484.51,46.48,86.56,0.9325,3,0,-1
281,22,1359.82,517.15,35.82,94.44,0.9190,2,2,-1
281,23,214.91,513.56,28.03,102.34,0.8943,2,1,-1
281,24,1002.06,577.27,41.55,104.24,0.9261,2,1,-1
281,38,1511.16,534.40,33.47,105.92,0.9051,2,2,-1
281,41,712.50,484.61,32.17,80.42,0.9178,2,2,-1
281,46,606.43,697.45,57.37,136.26,0.9423,2,1,-1
281,52,-0.56,498.09,35.26,92.04,0.9169,2,1,-1
281,67,1639.65,571.06,31.82,94.00,0.8687,2,1,-1
281,0,315.81,620.64,15.70,13.10,1.0,0,-1,-1
282,1,1718.70,600.26,57.45,111.37,0.9147,2,1,-1
282,2,1570.92,597.67,59.50,113.25,0.9209,2,2,-1
282,3,1317.28,498.77,39.00,99.02,0.9197,2,2,-1
282,4,714.62,594.51,50.88,109.45,0.9324,2,2,-1
282,5,-0.02,500.64,28.29,89.65,0.9088,2,1,-1
282,6,1257.06,492.66,46.63,81.37,0.9138,2,2,-1
282,7,647.14,577.19,52.56,113.59,0.9456,2,1,-1
282,9,1155.06,500.78,30.45,91.16,0.9147,2,2,-1
282,13,1543.65,561.28,36.46,98.22,0.8642,2,2,-1
282,14,1211.45,495.35,40.55,85.25,0.9229,2,1,-1
282,18,877.68,597.95,50.58,118.56,0.9344,2,1,-1
282,21,960.61,484.56,46.35,86.27,0.9316,3,0,-1
282,22,1358.55,517.18,36.67,94.38,0.9110,2,2,-1
282,23,213.31,513.46,27.74,102.32,0.8993,2,1,-1
282,24,999.86,576.77,41.68,104.32,0.9271,2,1,-1
282,38,1509.05,533.99,35.61,106.12,0.9108,2,2,-1
282,41,709.64,485.45,33.96,79.64,0.9187,2,2,-1
282,46,603.11,695.74,53.47,136.52,0.9457,2,1,-1
282,67,1639.10,572.13,30.41,92.44,0.8691,2,1,-1
282,0,314.33,620.49,15.01,13.63,1.0,0,-1,-1
283,1,1717.92,600.57,56.59,111.11,0.9249,2,1,-1
283,2,1575.62,599.05,54.26,106.87,0.9173,2,2,-1
283,3,1315.40,500.19,38.79,97.53,0.9268,2,2,-1
283,4,716.48,594.33,48.87,108.69,0.9256,2,2,-1
283,5,-1.19,503.07,24.32,87.83,0.8822,2,1,-1
283,6,1262.51,488.73,42.05,85.37,0.9206,2,2,-1
283,7,642.74,578.58,54.20,112.11,0.9473,2,1,-1
283,9,1152.87,501.78,33.68,90.04,0.9233,2,2,-1
283,13,1543.34,559.49,36.04,100.07,0.8526,2,2,-1
283,14,1213.24,497.71,39.11,83.45,0.9117,2,1,-1
283,18,879.71,597.33,48.91,118.36,0.9340,2,1,-1
283,21,960.51,484.11,46.19,86.63,0.9322,3,0,-1
283,22,1357.37,517.56,38.62,93.62,0.9103,2,2,-1
283,23,211.06,513.47,27.98,102.01,0.9097,2,1,-1
283,24,997.41,576.72,41.89,104.01,0.9197,2,1,-1
283,38,1507.30,534.40,37.41,105.66,0.9081,2,2,-1
283,41,708.29,486.16,34.45,79.56,0.9204,2,2,-1
283,46,597.36,694.36,50.40,135.62,0.9416,2,1,-1
283,67,1636.97,570.69,30.05,93.92,0.8744,2,1,-1
283,0,312.43,619.74,15.15,13.98,1.0,0,-1,-1
284,1,1716.64,600.89,54.53,110.21,0.9326,2,1,-1
284,2,1577.34,599.86,50.72,105.53,0.9073,2,2,-1
284,3,1312.69,500.72,40.32,97.54,0.9257,2,2,-1
284,4,720.57,593.74,43.31,108.44,0.9268,2,2,-1
284,5,-2.14,503.83,20.38,85.66,0.8472,2,1,-1
284,6,1267.48,487.50,37.21,87.05,0.9249,2,2,-1
284,7,638.57,579.49,54.39,110.79,0.9402,2,1,-1
284,9,1149.76,502.30,37.32,89.56,0.9206,2,2,-1
284,13,1542.80,558.48,34.58,99.74,0.8691,2,2,-1
284,14,1216.26,497.73,37.72,84.16,0.9078,2,1,-1
284,18,882.31,596.18,45.64,117.71,0.9341,2,1,-1
284,21,961.57,483.98,43.22,86.64,0.9271,3,0,-1
284,22,1355.31,516.84,40.15,93.48,0.9091,2,2,-1
284,23,209.89,513.83,27.78,101.70,0.8868,2,1,-1
284,24,995.21,576.40,41.61,103.65,0.9246,2,1,-1
284,38,1504.23,534.42,39.80,105.61,0.9103,2,2,-1
284,41,706.49,486.78,34.85,80.14,0.9212,2,2,-1
284,46,590.80,693.80,49.09,135.64,0.9298,2,1,-1
284,67,1634.18,566.23,30.29,98.00,0.8736,2,1,-1
284,0,310.31,619.85,15.44,14.32,1.0,0,-1,-1
285,1,1715.88,600.60,52.30,110.23,0.9339,2,1,-1
285,2,1578.05,599.80,53.44,105.06,0.8997,2,2,-1
285,3,1311.54,502.78,40.43,95.53,0.9201,2,2,-1
285,4,723.67,592.95,36.49,107.76,0.9289,2,2,-1
285,5,-2.30,512.93,15.87,76.29,0.7967,2,1,-1
285,6,1270.56,486.37,34.08,87.83,0.9231,2,2,-1
285,7,633.97,579.70,56.58,110.49,0.9426,2,1,-1
285,9,1147.76,502.89,39.52,88.84,0.9259,2,2,-1
285,13,1543.12,558.47,33.94,99.41,0.8579,2,2,-1
285,14,1219.64,497.50,34.99,83.16,0.9084,2,1,-1
285,18,885.91,595.54,41.59,116.02,0.9309,2,1,-1
285,21,964.39,482.94,39.80,87.11,0.9202,3,0,-1
285,22,1355.50,516.84,39.35,93.07,0.9072,2,2,-1
285,23,208.38,513.24,27.64,102.24,0.9042,2,1,-1
285,24,992.83,576.24,40.56,103.81,0.9161,2,1,-1
285,38,1500.41,534.50,42.95,106.16,0.9101,2,2,-1
285,41,705.85,486.93,35.22,81.01,0.9223,2,2,-1
285,46,583.25,692.24,51.45,136.54,0.9405,2,1,-1
285,67,1631.91,568.72,29.28,93.52,0.8484,2,1,-1
285,0,307.96,619.78,15.68,14.03,1.0,0,-1,-1
286,1,1715.39,600.13,51.12,110.19,0.9368,2,1,-1
286,2,1576.16,599.13,55.08,105.98,0.9236,2,2,-1
286,3,1313.16,502.96,38.24,95.09,0.9187,2,2,-1
286,4,727.99,592.85,31.46,107.92,0.9227,2,2,-1
286,6,1272.15,486.60,32.32,88.57,0.9197,2,2,-1
286,7,630.80,581.31,57.45,109.62,0.9454,2,1,-1
286,9,1146.35,503.19,41.26,88.27,0.9273,2,2,-1
286,13,1542.44,557.52,34.94,103.00,0.8489,2,2,-1
286,14,1223.12,496.56,32.08,84.13,0.9193,2,1,-1
286,18,890.70,595.21,36.23,115.37,0.9330,2,1,-1
286,21,968.02,482.56,34.41,87.11,0.9044,3,0,-1
286,22,1354.80,516.62,39.74,92.72,0.9126,2,2,-1
286,23,206.73,513.83,27.73,101.38,0.9076,2,1,-1
286,24,991.04,576.13,39.76,104.13,0.9244,2,1,-1
286,30,1624.47,547.24,24.77,72.81,0.8266,2,2,-1
286,38,1495.90,534.57,47.65,107.20,0.9082,2,2,-1
286,41,705.65,486.91,35.21,81.46,0.9222,2,2,-1
286,46,577.04,691.81,53.98,135.97,0.9404,2,1,-1
286,0,306.18,619.63,16.13,13.92,1.0,0,-1,-1
287,1,1716.52,600.04,48.59,109.35,0.9385,2,1,-1
287,2,1574.20,598.17,59.43,106.22,0.9276,2,2,-1
287,3,1314.17,503.36,36.48,95.04,0.9015,2,2,-1
287,4,730.33,592.18,29.78,108.70,0.9212,2,2,-1
287,6,1273.41,487.24,30.82,88.56,0.9179,2,2,-1
287,7,626.29,580.49,61.00,110.61,0.9418,2,1,-1
287,9,1145.33,503.24,42.10,88.10,0.9207,2,2,-1
287,13,1538.72,556.76,37.23,103.93,0.8973,2,2,-1
287,14,1224.60,495.73,31.69,85.20,0.9177,2,1,-1
287,18,891.90,594.75,35.23,116.86,0.9358,2,1,-1
287,21,972.34,482.34,30.31,86.70,0.8786,3,0,-1
287,22,1354.33,516.34,39.50,92.42,0.9085,2,2,-1
287,23,205.43,513.67,27.78,101.72,0.9084,2,1,-1
287,24,988.04,575.58,40.45,104.41,0.9257,2,1,-1
287,38,1492.02,534.53,52.42,108.37,0.9151,2,2,-1
287,41,705.10,486.92,35.10,82.19,0.9222,2,2,-1
287,46,571.97,691.90,56.20,135.73,0.9422,2,1,-1
287,67,1627.53,570.66,30.42,94.31,0.8426,2,1,-1
287,0,304.23,619.98,15.96,13.73,1.0,0,-1,-1
288,1,1717.23,599.31,46.96,110.52,0.9324,2,1,-1
288,2,1571.88,598.40,59.60,104.20,0.9266,2,2,-1
288,3,1314.22,502.61,35.57,95.07,0.8831,2,2,-1
288,4,730.77,591.71,30.97,109.25,0.9290,2,2,-1
288,6,1273.98,488.11,30.42,88.71,0.9166,2,2,-1
288,7,622.58,580.57,62.99,110.38,0.9388,2,1,-1
288,9,1145.07,502.83,42.86,88.17,0.9245,2,2,-1
288,12,1534.47,527.83,31.74,42.13,0.7737,2,1,-1
288,13,1535.44,556.53,39.91,104.82,0.9121,2,2,-1
288,14,1225.01,494.80,31.81,86.22,0.9155,2,1,-1
288,18,891.82,594.64,35.88,116.24,0.9383,2,1,-1
288,21,976.16,481.82,26.95,87.46,0.9008,3,0,-1
288,22,1353.71,515.82,38.72,93.22,0.9122,2,2,-1
288,23,203.76,513.81,27.56,102.11,0.9117,2,1,-1
288,24,986.02,575.48,38.64,103.47,0.9234,2,1,-1
288,38,1489.01,534.69,55.29,108.56,0.9171,2,2,-1
288,41,705.05,486.69,34.48,82.32,0.9246,2,2,-1
288,46,568.17,691.66,56.31,135.82,0.9385,2,1,-1
288,67,1625.01,570.44,31.27,94.73,0.8382,2,1,-1
288,0,303.68,620.03,15.56,13.79,1.0,0,-1,-1
289,1,1716.24,599.08,45.65,110.52,0.9207,2,1,-1
289,2,1572.57,602.75,61.07,97.56,0.9272,2,2,-1
289,3,1311.83,501.89,36.09,97.04,0.8893,2,2,-1
289,4,729.92,591.29,33.63,109.90,0.9252,2,2,-1
289,6,1274.29,491.54,29.97,86.52,0.9122,2,2,-1
289,7,617.18,581.38,64.29,108.32,0.9405,2,1,-1
289,9,1148.09,501.59,40.57,88.91,0.9166,2,2,-1
289,13,1533.75,556.45,40.40,104.40,0.9046,2,2,-1
289,14,1224.52,494.34,32.14,87.51,0.9128,2,1,-1
289,18,891.08,594.20,37.37,117.13,0.9330,2,1,-1
289,21,977.15,481.66,26.62,87.15,0.8988,3,0,-1
289,22,1353.36,515.53,38.01,93.58,0.9115,2,2,-1
289,23,201.69,514.04,26.89,100.32,0.9139,2,1,-1
289,24,982.64,574.86,38.52,102.81,0.9270,2,1,-1
289,38,1485.33,534.87,57.39,107.23,0.9070,2,2,-1
289,41,708.58,486.74,30.77,82.42,0.9180,2,2,-1
289,46,562.83,691.94,57.19,136.03,0.9346,2,1,-1
289,67,1624.57,571.69,30.39,93.79,0.8433,2,-1,-1
289,0,302.49,620.10,14.97,13.98,1.0,0,-1,-1
290,1,1721.47,598.33,57.73,111.14,0.8763,2,1,-1
290,2,1571.29,600.61,68.05,100.01,0.9249,2,2,-1
290,3,1308.45,501.58,36.80,97.75,0.8894,2,2,-1
290,4,727.85,590.60,42.65,111.44,0.9293,2,2,-1
290,6,1274.88,495.13,30.14,83.65,0.9165,2,2,-1
290,7,610.81,582.55,62.26,108.31,0.9400,2,1,-1
290,9,1150.59,500.04,37.10,90.41,0.9173,2,2,-1
290,13,1532.94,556.21,40.61,104.39,0.9082,2,2,-1
290,14,1223.76,494.38,33.30,88.05,0.9162,2,1,-1
290,18,890.35,594.63,44.32,116.54,0.9336,2,1,-1
290,21,976.93,482.01,27.75,87.42,0.9129,3,0,-1
290,22,1353.07,515.67,35.67,93.13,0.9183,2,2,-1
290,23,200.21,514.00,27.36,101.08,0.9119,2,1,-1
290,24,980.41,574.08,37.07,102.36,0.9265,2,1,-1
290,38,1480.67,534.63,55.08,107.83,0.8889,2,2,-1
290,41,709.37,486.93,28.81,81.93,0.9163,2,2,-1
290,46,559.63,691.49,57.08,136.29,0.9327,2,1,-1
290,65,1617.91,547.51,24.98,54.82,0.8220,2,1,-1
290,0,300.37,619.27,15.57,14.74,1.0,0,-1,-1
291,1,1717.88,597.47,65.48,111.39,0.8778,2,1,-1
291,2,1575.16,606.84,68.63,90.90,0.9280,2,2,-1
291,4,726.33,591.24,49.79,110.46,0.9355,2,2,-1
291,6,1275.75,496.04,32.44,82.22,0.9180,2,2,-1
291,7,605.91,581.96,58.28,109.24,0.9386,2,1,-1
291,8,1306.25,500.63,38.22,70.83,0.8628,2,1,-1
291,9,1152.73,499.07,34.55,91.84,0.9213,2,2,-1
291,10,1319.39,565.69,16.41,33.75,0.8137,2,2,-1
291,13,1531.75,555.94,40.64,105.01,0.9013,2,2,-1
291,14,1224.14,495.21,33.24,88.19,0.9213,2,1,-1
291,18,889.45,594.18,51.30,116.96,0.9380,2,1,-1
291,21,976.54,482.58,32.85,87.52,0.9166,3,0,-1
291,22,1352.45,515.68,34.18,94.24,0.9234,2,2,-1
291,23,199.31,513.88,27.56,101.52,0.9138,2,1,-1
291,24,978.69,573.14,36.16,102.70,0.9258,2,1,-1
291,30,1617.53,547.95,22.60,58.05,0.8226,2,2,-1
291,38,1479.05,534.26,54.52,108.30,0.9071,2,2,-1
291,41,709.75,487.04,27.96,82.09,0.9159,2,2,-1
291,46,554.98,691.31,58.43,135.22,0.9303,2,1,-1
291,0,298.82,619.25,16.29,14.72,1.0,0,-1,-1
292,1,1716.35,596.97,71.18,112.13,0.8720,2,1,-1
292,2,1579.00,606.74,69.05,90.90,0.7751,2,2,-1
292,4,724.65,591.11,54.29,110.04,0.9360,2,2,-1
292,6,1275.62,496.37,33.56,81.71,0.9031,2,2,-1
292,7,600.32,581.24,52.27,108.92,0.9403,2,1,-1
292,8,1306.06,501.50,38.06,75.73,0.8623,2,1,-1
292,9,1155.12,498.59,31.89,91.31,0.9155,2,2,-1
292,10,1318.24,563.33,17.56,36.56,0.7381,2,2,-1
292,13,1530.63,556.58,40.37,103.99,0.8694,2,2,-1
292,14,1225.83,497.53,31.36,86.44,0.9155,2,1,-1
292,18,887.25,593.69,55.34,116.93,0.9355,2,1,-1
292,21,974.75,482.94,39.01,86.97,0.9281,3,0,-1
292,22,1352.53,515.57,34.08,93.97,0.9207,2,2,-1
292,23,197.72,514.26,28.74,101.39,0.9159,2,1,-1
292,24,976.43,572.15,36.11,102.95,0.9112,2,1,-1
292,30,1617.26,548.13,23.03,57.17,0.8379,2,2,-1
292,38,1476.28,534.39,54.73,107.62,0.9169,2,2,-1
292,41,710.28,487.30,27.52,82.42,0.9161,2,2,-1
292,46,552.26,690.83,57.15,135.41,0.9259,2,1,-1
292,0,297.92,619.29,15.53,14.58,1.0,0,-1,-1
293,1,1709.19,597.12,51.48,110.83,0.8963,2,1,-1
293,3,1305.85,501.46,36.82,99.44,0.8885,2,2,-1
293,4,726.04,592.22,52.46,108.80,0.9363,2,2,-1
293,6,1275.30,496.07,36.23,81.84,0.8975,2,2,-1
293,7,596.64,580.07,48.63,110.42,0.9309,2,1,-1
293,9,1157.79,499.19,29.21,90.53,0.9198,2,2,-1
293,13,1529.97,555.89,40.28,103.74,0.8604,2,2,-1
293,14,1227.70,498.81,29.93,85.12,0.9103,2,1,-1
293,18,884.87,594.76,57.12,115.31,0.9423,2,1,-1
293,21,972.81,483.18,45.34,86.39,0.9329,3,0,-1
293,22,1352.07,515.69,36.22,93.71,0.9203,2,2,-1
293,23,197.04,513.84,29.30,101.19,0.9101,2,1,-1
293,24,975.32,572.44,34.39,102.24,0.9106,2,1,-1
293,30,1616.04,547.47,23.72,56.43,0.7818,2,2,-1
293,38,1474.82,535.03,55.27,106.51,0.9182,2,2,-1
293,41,710.36,487.94,28.22,81.65,0.9182,2,2,-1
293,46,550.98,689.62,55.69,135.08,0.9298,2,1,-1
293,0,297.07,619.27,15.34,13.85,1.0,0,-1,-1
294,1,1715.57,596.65,59.26,110.42,0.9015,2,1,-1
294,3,1306.06,501.98,35.47,95.04,0.8662,2,2,-1
294,4,726.27,591.33,50.91,109.03,0.9350,2,2,-1
294,6,1274.22,495.98,38.46,80.41,0.9052,2,2,-1
294,7,592.40,578.94,45.92,108.42,0.9381,2,1,-1
294,9,1159.14,500.22,29.61,89.40,0.9209,2,2,-1
294,13,1528.26,553.81,42.36,105.60,0.8854,2,2,-1
294,14,1230.08,499.54,28.43,84.51,0.9086,2,1,-1
294,18,883.62,594.74,57.79,114.86,0.9425,2,1,-1
294,21,971.10,483.33,48.26,86.56,0.9326,3,0,-1
294,22,1350.63,516.08,38.80,93.15,0.9240,2,2,-1
294,23,196.37,514.23,29.11,100.99,0.9044,2,1,-1
294,24,973.02,572.24,34.37,102.09,0.9188,2,1,-1
294,38,1471.74,534.67,56.24,106.73,0.9192,2,2,-1
294,41,710.16,488.60,29.34,81.04,0.9241,2,2,-1
294,46,547.59,687.76,55.79,135.00,0.9302,2,1,-1
294,65,1609.35,547.76,32.35,60.42,0.7834,2,1,-1
294,67,1609.78,600.03,43.06,97.41,0.8007,2,2,-1
294,0,295.70,618.79,15.91,14.43,1.0,0,-1,-1
295,1,1713.96,596.95,62.24,110.14,0.9086,2,1,-1
295,4,728.83,591.19,48.17,109.15,0.9333,2,2,-1
295,6,1275.79,496.85,39.38,77.29,0.8987,2,2,-1
295,7,586.89,577.08,44.67,111.72,0.9268,2,1,-1
295,9,1159.33,502.48,33.45,87.55,0.9281,2,2,-1
295,10,1315.24,568.19,15.43,32.57,0.7620,2,2,-1
295,13,1526.10,552.76,43.82,106.62,0.8878,2,2,-1
295,14,1235.35,499.93,36.45,84.11,0.8972,2,1,-1
295,18,884.34,594.13,56.72,115.18,0.9391,2,1,-1
295,21,970.59,483.66,48.94,86.28,0.9305,3,0,-1
295,22,1348.71,516.62,42.00,92.88,0.9271,2,2,-1
295,23,195.91,514.05,29.39,100.95,0.8911,2,1,-1
295,24,971.60,571.68,34.11,102.46,0.9190,2,1,-1
295,38,1469.21,534.73,57.06,106.67,0.9150,2,2,-1
295,41,709.21,489.29,30.88,80.44,0.9232,2,2,-1
295,46,546.05,687.03,53.24,131.46,0.9396,2,1,-1
295,65,1608.97,547.78,31.65,61.40,0.7734,2,1,-1
295,67,1609.06,593.89,51.47,103.28,0.9105,2,2,-1
295,0,295.51,618.93,15.37,13.86,1.0,0,-1,-1
296,1,1712.85,596.43,60.85,109.94,0.9266,2,1,-1
296,4,731.50,590.60,44.62,109.53,0.9320,2,2,-1
296,6,1276.79,497.40,41.48,76.25,0.8909,2,2,-1
296,7,583.68,575.66,43.68,112.73,0.9301,2,1,-1
296,9,1158.67,503.37,38.15,86.87,0.9297,2,2,-1
296,10,1311.97,550.10,22.25,50.91,0.7431,2,2,-1
296,13,1524.46,552.64,44.44,106.64,0.8932,2,2,-1
296,14,1232.98,499.12,32.52,84.67,0.9001,2,1,-1
296,18,885.84,593.35,55.52,114.97,0.9395,2,1,-1
296,21,971.55,483.57,48.24,86.51,0.9257,3,0,-1
296,22,1346.88,517.10,42.95,92.69,0.9233,2,2,-1
296,23,195.71,514.01,29.42,101.04,0.8698,2,1,-1
296,24,970.87,571.41,33.54,102.76,0.9186,2,1,-1
296,38,1467.50,535.59,56.78,106.02,0.9052,2,2,-1
296,41,708.69,490.10,32.22,80.99,0.9226,2,2,-1
296,46,545.22,685.93,51.31,131.19,0.9419,2,1,-1
296,65,1608.57,548.30,31.73,61.82,0.6915,2,1,-1
296,67,1608.85,591.76,54.02,104.53,0.9246,2,2,-1
296,0,294.39,619.09,15.63,13.63,1.0,0,-1,-1
297,1,1711.82,595.80,57.08,110.94,0.9316,2,1,-1
297,4,735.27,589.45,39.80,109.29,0.9351,2,2,-1
297,6,1279.23,497.72,41.74,76.33,0.8879,2,2,-1
297,7,578.45,576.64,43.11,112.22,0.9333,2,1,-1
297,9,1157.63,503.26,41.61,87.20,0.9280,2,2,-1
297,10,1311.55,553.10,20.89,48.01,0.5555,2,2,-1
297,13,1523.49,551.83,44.25,107.90,0.8931,2,2,-1
297,14,1233.21,498.69,30.91,85.73,0.9069,2,1,-1
297,18,886.93,592.62,55.17,115.43,0.9335,2,1,-1
297,21,972.52,483.69,46.55,86.24,0.9158,3,0,-1
297,22,1345.70,517.81,42.38,91.68,0.9187,2,2,-1
297,23,195.30,513.81,30.51,101.45,0.8828,2,1,-1
297,24,970.33,571.05,33.38,103.13,0.9142,2,1,-1
297,38,1466.25,535.61,58.43,105.89,0.9141,2,2,-1
297,41,707.54,489.88,33.47,81.34,0.9265,2,2,-1
297,46,543.43,684.10,50.19,132.23,0.9401,2,1,-1
297,67,1610.70,589.87,53.58,105.71,0.9239,2,2,-1
297,0,293.21,618.48,15.81,13.98,1.0,0,-1,-1
298,1,1712.68,595.62,52.96,108.91,0.9307,2,1,-1
298,4,738.32,588.27,43.08,109.52,0.9403,2,2,-1
298,7,573.98,577.84,42.26,112.15,0.9272,2,1,-1
298,8,1281.07,496.66,39.97,82.56,0.8734,2,1,-1
298,9,1155.94,503.05,43.04,87.50,0.9284,2,2,-1
298,10,1312.90,568.45,15.77,32.55,0.7406,2,2,-1
298,13,1524.14,551.77,41.88,107.19,0.8905,2,2,-1
298,14,1232.89,497.61,32.50,86.31,0.9144,2,1,-1
298,18,891.88,591.51,51.97,114.95,0.9373,2,1,-1
298,21,976.02,483.15,42.26,86.43,0.9104,3,0,-1
298,22,1344.93,517.80,42.18,91.23,0.9145,2,2,-1
298,23,194.54,513.28,31.51,101.68,0.8896,2,1,-1
298,24,968.56,570.81,34.35,102.53,0.9129,2,1,-1
298,38,1464.30,535.87,60.16,105.64,0.9123,2,2,-1
298,41,706.87,490.02,34.11,81.65,0.9233,2,2,-1
298,46,542.39,683.46,48.82,132.13,0.9382,2,1,-1
298,65,1608.37,547.65,31.23,66.31,0.7295,2,1,-1
298,67,1612.90,587.94,57.22,107.24,0.9205,2,2,-1
298,0,293.02,618.26,15.02,13.87,1.0,0,-1,-1
299,1,1711.07,595.00,49.65,109.07,0.9295,2,1,-1
299,4,738.80,587.06,48.36,110.89,0.9317,2,2,-1
299,7,569.69,579.18,42.71,111.60,0.9391,2,1,-1
299,8,1285.27,494.83,36.61,79.61,0.8663,2,1,-1
299,9,1154.88,500.66,42.93,88.45,0.9302,2,2,-1
299,13,1524.18,551.49,40.01,106.62,0.8950,2,2,-1
299,14,1231.78,497.64,34.07,85.73,0.9123,2,1,-1
299,15,1607.85,547.46,27.71,74.70,0.7955,2,2,-1
299,18,895.96,591.12,50.00,114.21,0.9310,2,1,-1
299,21,978.67,482.84,37.69,85.94,0.9145,3,0,-1
299,22,1343.24,517.21,42.09,91.36,0.9105,2,2,-1
299,23,194.39,514.03,31.14,100.55,0.8385,2,1,-1
299,24,965.52,570.21,36.02,102.06,0.9141,2,1,-1
299,38,1460.61,535.64,62.17,105.02,0.9213,2,2,-1
299,41,706.62,489.78,33.82,81.27,0.9238,2,2,-1
299,46,540.48,682.78,47.03,132.04,0.9396,2,1,-1
299,67,1614.93,587.81,63.42,104.85,0.9299,2,2,-1
299,0,290.93,618.03,16.45,14.29,1.0,0,-1,-1
300,1,1710.93,594.42,46.81,108.23,0.9216,2,1,-1
300,3,1302.52,500.29,35.78,99.60,0.8655,2,2,-1
300,4,738.88,586.61,53.93,110.77,0.9341,2,2,-1
300,7,564.00,580.65,42.36,109.15,0.9259,2,1,-1
300,9,1157.15,499.45,39.41,87.48,0.9197,2,2,-1
300,13,1523.63,551.48,40.11,106.11,0.9100,2,2,-1
300,14,1231.23,498.38,35.00,85.62,0.9167,2,1,-1
300,15,1607.34,546.98,26.54,71.83,0.7668,2,2,-1
300,18,902.29,591.36,45.60,113.48,0.9219,2,1,-1
300,21,982.54,481.99,32.68,86.56,0.9097,3,0,-1
300,22,1342.75,516.63,40.58,91.41,0.9113,2,2,-1
300,23,197.82,549.81,24.25,64.40,0.8611,2,1,-1
300,24,963.44,569.37,36.81,102.06,0.9191,2,1,-1
300,38,1456.88,535.56,64.18,105.56,0.9136,2,2,-1
300,41,708.40,489.35,32.15,81.00,0.9176,2,2,-1
300,46,535.95,681.29,47.91,133.34,0.9429,2,1,-1
300,67,1619.02,588.63,71.21,105.57,0.9322,2,2,-1
300,0,290.47,617.81,15.37,13.97,1.0,0,-1,-1
301,1,1709.95,593.52,43.32,108.99,0.9115,2,1,-1
301,3,1302.24,499.62,35.38,100.96,0.8559,2,2,-1
301,4,739.41,586.31,56.78,110.83,0.9269,2,2,-1
301,7,558.62,580.59,42.02,109.40,0.9363,2,1,-1
301,9,1162.00,497.52,34.40,88.17,0.9093,2,2,-1
301,13,1522.76,549.91,43.34,106.89,0.9196,2,2,-1
301,14,1231.85,500.16,35.05,82.68,0.9174,2,1,-1
301,15,1598.29,569.04,33.50,91.86,0.8365,2,2,-1
301,18,906.69,590.97,41.84,113.28,0.9156,2,1,-1
301,21,987.06,481.33,27.29,86.35,0.9101,3,0,-1
301,22,1342.37,515.93,39.29,91.84,0.9104,2,2,-1
301,23,190.86,514.58,25.85,65.69,0.8414,2,1,-1
301,24,961.68,568.65,36.48,101.39,0.9141,2,1,-1
301,38,1451.70,535.58,65.72,105.20,0.9217,2,2,-1
301,41,711.66,488.75,30.57,81.52,0.9166,2,2,-1
301,46,530.87,680.52,50.10,133.67,0.9345,2,1,-1
301,67,1621.38,589.68,66.99,104.31,0.9335,2,2,-1
301,0,289.13,617.39,15.13,13.22,1.0,0,-1,-1
302,1,1710.36,592.43,41.01,109.81,0.9113,2,1,-1
302,3,1297.22,497.52,38.56,102.71,0.8570,2,2,-1
302,4,739.04,585.25,58.21,110.83,0.9320,2,2,-1
302,7,550.57,579.69,44.60,109.71,0.9328,2,1,-1
302,9,1167.33,496.90,29.63,87.91,0.9160,2,2,-1
302,13,1522.12,551.02,45.97,106.06,0.9217,2,2,-1
302,14,1232.64,500.19,35.26,82.11,0.9091,2,1,-1
302,15,1597.13,567.11,32.88,94.77,0.8909,2,2,-1
302,18,906.97,589.98,40.98,113.50,0.9238,2,1,-1
302,21,989.97,480.73,24.75,86.49,0.9058,3,0,-1
302,22,1342.69,515.38,37.75,92.24,0.9087,2,2,-1
302,23,188.40,513.42,26.71,67.38,0.8700,2,1,-1
302,24,960.03,567.70,36.25,100.49,0.9151,2,1,-1
302,38,1450.68,534.90,64.20,105.30,0.9098,2,2,-1
302,41,712.58,488.39,29.89,81.11,0.9166,2,2,-1
302,46,527.24,679.92,51.16,133.24,0.9323,2,1,-1
302,67,1626.03,588.71,60.71,105.01,0.9297,2,2,-1
302,0,288.85,616.48,14.54,14.40,1.0,0,-1,-1
303,1,1710.41,591.28,40.20,109.24,0.9214,2,1,-1
303,3,1296.33,496.36,40.24,103.79,0.8985,2,2,-1
303,4,738.74,584.60,59.15,110.66,0.9312,2,2,-1
303,7,543.04,577.54,48.39,110.75,0.9348,2,1,-1
303,9,1169.85,496.50,28.51,88.34,0.9080,2,2,-1
303,13,1522.06,551.08,49.22,105.39,0.9278,2,2,-1
303,14,1236.52,500.24,34.09,83.35,0.8973,2,1,-1
303,15,1596.88,565.26,31.69,95.59,0.8713,2,2,-1
303,18,907.14,588.80,40.21,114.13,0.9157,2,1,-1
303,21,991.44,480.36,24.89,86.81,0.9039,3,0,-1
303,22,1343.41,515.36,36.07,91.31,0.9130,2,2,-1
303,23,196.85,549.66,25.84,61.99,0.8212,2,1,-1
303,24,958.86,566.70,36.74,99.99,0.9209,2,1,-1
303,38,1448.61,534.11,62.55,105.19,0.9167,2,2,-1
303,41,712.26,488.03,30.92,80.92,0.9147,2,2,-1
303,46,525.74,678.90,49.52,132.79,0.9426,2,1,-1
303,67,1636.40,586.76,51.88,105.95,0.9275,2,2,-1
303,0,288.20,615.79,14.67,14.42,1.0,0,-1,-1
304,1,1710.38,590.52,42.65,110.18,0.9276,2,1,-1
304,3,1296.16,495.18,40.85,104.78,0.9064,2,2,-1
304,4,738.96,584.14,57.85,109.82,0.9354,2,2,-1
304,7,536.74,576.14,53.70,111.72,0.9387,2,1,-1
304,9,1172.45,496.60,27.95,88.01,0.9144,2,2,-1
304,13,1521.52,551.98,48.54,103.93,0.9242,2,2,-1
304,14,1239.31,499.26,32.73,85.80,0.9118,2,1,-1
304,15,1596.87,565.70,30.29,94.78,0.8060,2,2,-1
304,18,907.46,587.70,42.28,114.00,0.9291,2,1,-1
304,21,992.11,480.19,26.08,86.59,0.9029,3,0,-1
304,22,1343.42,515.11,34.67,91.39,0.9138,2,2,-1
304,23,186.56,512.96,38.87,98.76,0.8329,2,1,-1
304,24,957.78,565.12,35.73,99.57,0.9267,2,1,-1
304,38,1447.61,533.80,61.07,104.23,0.9156,2,2,-1
304,41,712.23,487.84,32.72,81.24,0.9151,2,2,-1
304,46,525.59,678.68,46.75,131.89,0.9419,2,1,-1
304,67,1647.07,584.60,43.20,107.14,0.9286,2,2,-1
304,0,287.17,615.16,15.30,14.26,1.0,0,-1,-1
305,1,1709.90,590.21,46.42,109.67,0.9354,2,1,-1
305,3,1296.54,495.52,40.13,103.61,0.9146,2,2,-1
305,4,739.00,583.53,55.06,109.42,0.9276,2,2,-1
305,7,532.42,574.29,56.39,112.07,0.9323,2,1,-1
305,9,1174.50,497.15,30.04,87.47,0.9283,2,2,-1
305,13,1521.49,553.02,47.54,101.89,0.9228,2,2,-1
305,14,1242.02,498.31,30.87,82.84,0.9170,2,1,-1
305,15,1598.04,570.13,28.52,89.79,0.7656,2,2,-1
305,18,906.51,587.45,46.97,113.74,0.9377,2,1,-1
305,21,991.67,480.15,30.83,86.81,0.9225,3,0,-1
305,22,1343.19,515.31,33.08,91.36,0.9143,2,2,-1
305,23,187.35,511.29,37.53,100.02,0.9031,2,1,-1
305,24,956.85,564.08,35.19,99.50,0.9218,2,1,-1
305,38,1446.63,533.73,60.49,104.00,0.9225,2,2,-1
305,41,710.99,488.46,34.52,80.17,0.9114,2,2,-1
305,46,523.86,678.14,46.60,131.65,0.9372,2,1,-1
305,67,1652.21,582.48,39.06,108.58,0.9331,2,2,-1
305,0,287.30,614.75,15.12,13.64,1.0,0,-1,-1
306,1,1708.72,589.68,48.78,109.47,0.9378,2,1,-1
306,3,1296.15,496.67,39.72,102.02,0.9156,2,2,-1
306,4,740.12,583.13,51.93,109.19,0.9267,2,2,-1
306,7,528.07,575.44,55.10,110.16,0.9331,2,1,-1
306,9,1175.30,497.62,34.77,86.48,0.9345,2,2,-1
306,13,1520.25,553.63,46.98,100.18,0.9212,2,2,-1
306,14,1243.59,496.63,31.09,85.46,0.9133,2,1,-1
306,15,1596.48,565.77,28.80,93.03,0.8264,2,2,-1
306,18,906.94,587.77,50.56,113.03,0.9365,2,1,-1
306,21,991.00,480.03,34.88,86.22,0.9278,3,0,-1
306,22,1342.17,515.14,33.00,91.72,0.9141,2,2,-1
306,23,187.50,510.10,37.36,100.26,0.9007,2,1,-1
306,24,954.98,563.18,33.74,100.30,0.9236,2,1,-1
306,38,1447.57,533.04,58.41,104.20,0.9243,2,2,-1
306,41,709.94,489.05,36.36,78.86,0.9172,2,2,-1
306,46,523.09,677.55,45.01,130.15,0.9401,2,1,-1
306,67,1654.13,580.34,41.45,107.24,0.9230,2,2,-1
306,0,286.97,613.95,15.31,14.37,1.0,0,-1,-1
307,1,1708.03,589.31,48.86,109.44,0.9307,2,1,-1
307,3,1295.89,497.26,39.82,101.37,0.9154,2,2,-1
307,4,740.26,582.37,48.33,108.85,0.9274,2,2,-1
307,7,523.47,576.07,50.15,109.76,0.9329,2,1,-1
307,9,1174.92,497.58,39.71,86.10,0.9298,2,2,-1
307,13,1518.30,552.67,47.68,100.81,0.9167,2,2,-1
307,14,1244.10,495.39,30.77,87.93,0.9122,2,1,-1
307,15,1596.61,564.75,29.87,93.64,0.8101,2,2,-1
307,18,907.38,587.26,50.70,111.89,0.9403,2,1,-1
307,21,990.13,480.03,38.68,85.70,0.9277,3,0,-1
307,22,1340.99,515.41,32.79,91.00,0.9175,2,2,-1
307,23,187.86,510.19,37.08,99.24,0.8982,2,1,-1
307,24,954.42,562.79,32.19,99.40,0.9058,2,1,-1
307,38,1451.16,532.17,54.47,104.54,0.9281,2,2,-1
307,41,711.39,489.42,36.06,78.09,0.9189,2,2,-1
307,46,521.44,676.81,44.61,128.19,0.9356,2,1,-1
307,67,1655.78,579.84,45.02,108.85,0.9278,2,2,-1
307,0,286.36,613.28,15.46,14.79,1.0,0,-1,-1
308,1,1706.34,588.72,48.49,109.99,0.9297,2,1,-1
308,3,1295.15,496.60,41.02,102.14,0.9049,2,2,-1
308,4,741.94,582.03,44.36,107.31,0.9279,2,2,-1
308,7,519.00,577.20,44.20,108.59,0.9340,2,1,-1
308,9,1173.96,497.32,43.72,85.41,0.9309,2,2,-1
308,13,1517.06,552.53,47.82,100.28,0.9129,2,2,-1
308,14,1245.07,495.08,30.67,87.43,0.9152,2,1,-1
308,15,1597.80,564.05,32.84,93.73,0.8234,2,2,-1
308,18,908.17,587.03,50.73,111.42,0.9382,2,1,-1
308,21,989.02,480.18,40.80,85.65,0.9274,3,0,-1
308,22,1340.12,515.53,32.52,90.33,0.9158,2,2,-1
308,23,186.87,510.02,39.07,99.74,0.9302,2,1,-1
308,24,953.11,561.88,31.17,99.65,0.9080,2,1,-1
308,38,1456.77,531.98,48.28,104.80,0.9289,2,2,-1
308,41,711.42,489.70,36.04,78.59,0.9190,2,2,-1
308,46,519.21,676.82,44.60,126.90,0.9458,2,1,-1
308,67,1658.03,579.40,47.94,108.82,0.9335,2,2,-1
308,0,285.27,612.77,15.94,14.25,1.0,0,-1,-1
309,1,1704.47,588.33,48.78,109.99,0.9232,2,1,-1
309,3,1294.12,498.74,39.16,99.59,0.8560,2,2,-1
309,4,743.10,581.26,42.74,106.50,0.9301,2,2,-1
309,7,512.56,577.51,41.72,108.44,0.9247,2,1,-1
309,9,1172.21,497.00,46.23,85.85,0.9325,2,2,-1
309,13,1515.50,550.05,48.22,101.93,0.9147,2,2,-1
309,14,1246.07,495.95,31.36,86.87,0.9193,2,1,-1
309,15,1595.66,560.94,35.75,95.64,0.8571,2,2,-1
309,18,908.89,586.22,50.23,110.75,0.9318,2,1,-1
309,21,988.84,479.96,41.62,85.65,0.9283,3,0,-1
309,22,1339.90,516.24,31.30,89.69,0.9085,2,2,-1
309,23,186.94,509.95,41.27,99.58,0.9357,2,1,-1
309,24,952.78,561.31,30.45,99.35,0.9021,2,1,-1
309,38,1462.01,531.99,42.70,104.85,0.9321,2,2,-1
309,41,712.72,489.73,35.59,79.01,0.9247,2,2,-1
309,46,517.07,675.25,44.74,125.29,0.9398,2,1,-1
309,67,1661.24,579.93,49.09,109.29,0.9252,2,2,-1
309,0,284.51,612.96,16.44,13.49,1.0,0,-1,-1
310,3,1294.18,507.70,34.96,90.53,0.8511,2,2,-1
310,4,743.94,580.44,40.69,105.74,0.9335,2,2,-1
310,7,506.83,576.51,39.84,108.49,0.9238,2,1,-1
310,9,1172.75,497.34,46.54,85.02,0.9330,2,2,-1
310,13,1514.79,550.01,47.66,101.52,0.9016,2,2,-1
310,14,1247.02,497.72,31.48,87.30,0.9222,2,1,-1
310,15,1593.11,558.51,39.75,98.22,0.8633,2,2,-1
310,18,911.66,586.33,48.37,109.43,0.9261,2,1,-1
310,21,989.34,480.15,42.10,85.89,0.9277,3,0,-1
310,22,1339.20,516.84,30.47,89.56,0.9080,2,2,-1
310,23,187.12,509.89,43.97,99.63,0.9376,2,1,-1
310,24,951.91,561.19,30.12,98.58,0.9028,2,1,-1
310,38,1463.93,532.41,40.80,104.68,0.9275,2,2,-1
310,41,714.92,490.39,34.10,79.18,0.9252,2,2,-1
310,46,513.84,673.05,45.42,127.39,0.9336,2,1,-1
310,67,1664.60,582.10,48.87,107.84,0.9290,2,2,-1
310,0,284.42,612.63,16.11,13.56,1.0,0,-1,-1
311,3,1294.06,507.11,34.28,91.01,0.8646,2,2,-1
311,4,744.78,579.34,39.02,106.53,0.9263,2,2,-1
311,7,501.99,575.18,37.77,106.87,0.9256,2,1,-1
311,9,1173.06,498.29,47.10,83.95,0.9417,2,2,-1
311,13,1514.33,550.63,47.30,100.90,0.8934,2,2,-1
311,14,1248.23,498.99,31.10,86.39,0.9223,2,1,-1
311,15,1590.91,556.98,42.08,99.37,0.8759,2,2,-1
311,18,917.03,589.45,43.01,104.78,0.9137,2,1,-1
311,21,990.19,480.21,41.53,85.86,0.9242,3,0,-1
311,22,1339.05,517.62,29.59,89.17,0.9013,2,2,-1
311,23,187.37,509.98,45.70,99.32,0.9351,2,1,-1
311,24,952.05,560.70,29.08,97.21,0.8654,2,1,-1
311,38,1463.08,532.61,40.82,104.60,0.9269,2,2,-1
311,41,717.20,490.24,32.95,79.48,0.9219,2,2,-1
311,46,512.13,671.79,45.46,128.18,0.9279,2,1,-1
311,67,1668.44,583.29,49.70,107.68,0.9268,2,2,-1
311,0,284.15,612.53,16.20,13.60,1.0,0,-1,-1
312,3,1295.52,505.27,33.76,92.55,0.8820,2,2,-1
312,4,746.04,579.10,37.65,105.92,0.9263,2,2,-1
312,7,497.06,574.27,36.13,107.44,0.9315,2,1,-1
312,9,1176.65,499.54,47.11,82.54,0.9345,2,2,-1
312,13,1516.70,551.37,45.08,99.99,0.8710,2,2,-1
312,14,1250.01,500.10,29.75,86.25,0.9111,2,1,-1
312,15,1589.53,556.21,43.04,99.56,0.8599,2,2,-1
312,18,922.19,596.04,38.36,97.57,0.8955,2,1,-1
312,21,992.30,479.80,39.85,86.57,0.9068,3,0,-1
312,22,1337.70,518.43,30.30,88.70,0.8932,2,2,-1
312,23,187.86,509.99,47.25,99.28,0.9298,2,1,-1
312,24,951.79,560.35,28.72,97.79,0.8652,2,1,-1
312,38,1462.24,532.37,41.36,104.88,0.9281,2,2,-1
312,41,720.21,490.10,31.71,80.16,0.9217,2,2,-1
312,46,511.12,671.19,45.58,128.58,0.9327,2,1,-1
312,67,1671.60,585.01,48.36,105.09,0.9245,2,2,-1
312,0,284.20,612.46,16.09,13.47,1.0,0,-1,-1
313,3,1295.63,505.18,32.23,93.40,0.8927,2,2,-1
313,4,747.47,578.57,36.67,106.02,0.9281,2,2,-1
313,7,492.06,574.37,37.43,111.07,0.9226,2,1,-1
313,9,1183.57,500.13,45.85,82.14,0.9296,2,2,-1
313,13,1519.25,550.39,42.36,100.49,0.8631,2,2,-1
313,14,1252.45,500.87,28.05,85.49,0.9135,2,1,-1
313,15,1587.08,556.44,40.32,99.79,0.8308,2,2,-1
313,21,995.23,479.52,37.31,86.77,0.9091,3,0,-1
313,22,1336.47,518.25,31.28,88.76,0.9010,2,2,-1
313,23,187.74,509.90,47.79,99.41,0.9300,2,1,-1
313,24,949.56,561.29,28.55,96.80,0.8730,2,1,-1
313,38,1461.61,532.46,41.87,104.48,0.9262,2,2,-1
313,41,723.87,489.62,29.15,80.91,0.9215,2,2,-1
313,46,510.24,670.57,45.27,128.85,0.9357,2,1,-1
313,67,1673.12,586.70,46.79,101.92,0.9259,2,2,-1
313,0,284.23,612.39,16.05,13.72,1.0,0,-1,-1
314,3,1296.83,505.38,31.76,93.12,0.8913,2,2,-1
314,4,748.51,577.81,36.40,106.67,0.9325,2,2,-1
314,7,486.67,574.83,37.45,113.69,0.9369,2,1,-1
314,9,1191.85,499.61,41.71,82.58,0.9299,2,2,-1
314,13,1520.83,549.71,39.69,101.13,0.8661,2,2,-1
314,14,1254.69,500.56,26.75,84.82,0.9188,2,1,-1
314,15,1584.45,556.63,34.60,98.50,0.8405,2,2,-1
314,21,999.91,479.83,32.67,86.02,0.9131,3,0,-1
314,22,1335.63,517.64,31.66,89.16,0.9022,2,2,-1
314,23,188.21,510.04,47.38,99.26,0.9301,2,1,-1
314,24,945.52,560.34,31.71,97.41,0.8989,2,1,-1
314,38,1460.35,532.14,42.68,104.58,0.9261,2,2,-1
314,41,726.64,489.59,28.07,80.60,0.9231,2,2,-1
314,46,509.54,670.54,45.39,128.99,0.9356,2,1,-1
314,67,1674.99,588.40,46.02,100.44,0.9235,2,2,-1
314,0,284.19,612.47,15.85,13.36,1.0,0,-1,-1
315,3,1296.95,505.68,32.03,93.19,0.9032,2,2,-1
315,4,750.13,577.43,35.90,107.23,0.9330,2,2,-1
315,7,482.70,576.42,35.50,111.17,0.9240,2,1,-1
315,9,1198.75,498.85,38.45,83.07,0.9252,2,2,-1
315,13,1522.13,549.88,37.19,101.43,0.8909,2,2,-1
315,14,1256.26,499.87,27.27,86.60,0.9156,2,1,-1
315,15,1584.95,556.91,31.41,98.26,0.8597,2,2,-1
315,21,1004.23,478.72,29.53,86.93,0.8883,3,0,-1
315,22,1334.91,519.38,32.01,87.18,0.9027,2,2,-1
315,23,188.79,510.08,45.99,99.29,0.9306,2,1,-1
315,24,946.41,560.13,29.64,89.78,0.8401,2,1,-1
315,38,1459.83,532.36,42.87,103.77,0.9232,2,2,-1
315,41,727.99,489.79,28.62,80.86,0.9237,2,2,-1
315,46,509.33,670.40,44.79,128.46,0.9313,2,1,-1
315,67,1676.38,589.42,45.09,98.88,0.9028,2,2,-1
315,0,283.73,612.39,16.40,13.34,1.0,0,-1,-1
316,3,1297.07,505.69,32.53,93.41,0.9024,2,2,-1
316,4,751.28,576.95,36.01,107.62,0.9317,2,2,-1
316,7,479.51,578.28,35.09,110.43,0.9244,2,1,-1
316,9,1202.61,497.42,37.07,84.79,0.9209,2,2,-1
316,13,1522.72,549.25,35.76,103.80,0.9077,2,2,-1
316,14,1257.30,499.40,29.38,87.43,0.9161,2,1,-1
316,15,1584.32,556.70,30.80,97.83,0.8664,2,2,-1
316,18,935.58,590.74,38.54,102.84,0.8630,2,1,-1
316,21,1008.43,479.53,26.11,85.97,0.8973,3,0,-1
316,22,1335.29,521.56,31.48,84.87,0.8994,2,2,-1
316,23,190.88,510.07,44.33,99.21,0.9287,2,1,-1
316,38,1459.75,532.12,42.61,103.59,0.9219,2,2,-1
316,41,729.54,490.14,31.36,80.83,0.9279,2,2,-1
316,46,508.80,670.39,45.13,128.25,0.9324,2,1,-1
316,67,1678.41,589.14,44.68,99.91,0.8962,2,2,-1
316,0,283.66,612.36,16.36,13.37,1.0,0,-1,-1
317,1,1700.78,585.98,59.19,109.75,0.9027,2,1,-1
317,3,1297.51,507.34,32.67,91.77,0.8894,2,2,-1
317,4,753.32,577.55,38.05,106.96,0.9288,2,2,-1
317,7,475.11,579.13,35.15,109.56,0.9274,2,1,-1
317,9,1205.32,496.55,37.19,86.03,0.9350,2,2,-1
317,13,1523.12,548.69,34.69,104.39,0.9179,2,2,-1
317,14,1257.54,499.59,32.06,87.15,0.9092,2,1,-1
317,15,1582.05,556.65,32.47,97.75,0.8713,2,2,-1
317,18,938.78,598.85,41.44,94.30,0.8592,2,1,-1
317,21,1011.12,478.66,25.54,87.15,0.9063,3,0,-1
317,22,1335.28,522.04,31.48,84.67,0.9024,2,2,-1
317,23,191.34,509.89,44.14,99.40,0.9311,2,1,-1
317,30,1605.72,543.31,22.18,52.72,0.5208,2,2,-1
317,38,1458.51,531.90,43.16,103.75,0.9251,2,2,-1
317,41,731.00,492.08,34.74,79.28,0.9292,2,2,-1
317,46,508.80,670.65,44.57,127.27,0.9331,2,1,-1
317,0,284.28,612.41,16.09,13.43,1.0,0,-1,-1
318,1,1700.94,586.22,59.57,109.19,0.9084,2,1,-1
318,3,1298.03,507.78,33.19,92.15,0.8959,2,2,-1
318,4,754.96,577.12,43.16,106.80,0.9238,2,2,-1
318,7,468.14,578.83,38.38,110.46,0.9285,2,1,-1
318,9,1207.67,496.71,37.97,84.79,0.9293,2,2,-1
318,13,1523.47,548.82,33.78,104.52,0.9084,2,2,-1
318,14,1258.41,499.71,33.81,86.79,0.9132,2,1,-1
318,15,1579.87,557.15,34.52,97.31,0.8868,2,2,-1
318,18,936.68,574.25,54.23,118.81,0.9097,2,1,-1
318,21,1012.24,479.30,25.61,86.52,0.9118,3,0,-1
318,22,1334.43,522.41,32.33,84.63,0.9012,2,2,-1
318,23,191.99,509.89,43.80,99.37,0.9358,2,1,-1
318,38,1458.01,531.68,43.25,103.75,0.9235,2,2,-1
318,41,731.74,492.79,36.56,78.65,0.9269,2,2,-1
318,46,508.45,670.22,44.52,126.99,0.9329,2,1,-1
318,65,1606.23,543.30,22.96,46.42,0.7659,2,1,-1
318,0,284.60,612.30,15.63,13.59,1.0,0,-1,-1
319,3,1298.57,507.23,32.94,93.67,0.8815,2,2,-1
319,4,755.26,577.46,46.45,106.22,0.9310,2,2,-1
319,7,460.62,579.02,41.98,110.49,0.9336,2,1,-1
319,9,1211.00,497.21,37.44,83.93,0.9202,2,2,-1
319,13,1522.76,548.25,33.90,103.25,0.9087,2,2,-1
319,14,1259.75,501.21,35.73,87.90,0.8977,2,1,-1
319,15,1578.44,556.82,36.28,97.46,0.8886,2,2,-1
319,18,936.98,572.16,57.69,120.45,0.9060,2,1,-1
319,21,1013.84,479.64,29.94,87.21,0.9231,3,0,-1
319,22,1334.15,522.49,32.36,84.96,0.9077,2,2,-1
319,23,192.94,510.01,43.23,99.21,0.9346,2,1,-1
319,38,1458.07,531.92,43.03,103.20,0.9221,2,2,-1
319,41,731.98,493.78,38.70,78.63,0.9298,2,2,-1
319,46,508.50,669.67,44.19,126.94,0.9332,2,1,-1
319,65,1606.56,543.30,22.66,46.48,0.7034,2,1,-1
319,67,1682.81,583.62,44.24,105.64,0.8785,2,2,-1
319,0,285.22,612.42,15.56,13.26,1.0,0,-1,-1
320,1,1699.19,585.37,54.30,109.28,0.8640,2,1,-1
320,3,1299.14,508.60,32.07,92.71,0.8850,2,2,-1
320,4,754.40,577.29,48.68,106.22,0.9307,2,2,-1
320,7,452.37,577.25,47.99,112.02,0.9388,2,1,-1
320,9,1215.35,498.41,36.16,82.19,0.9138,2,2,-1
320,13,1522.75,548.31,33.99,103.68,0.9034,2,2,-1
320,14,1261.03,502.97,35.14,86.13,0.9036,2,1,-1
320,15,1576.71,557.02,37.88,97.90,0.8900,2,2,-1
320,18,939.47,600.75,56.68,91.54,0.9169,2,1,-1
320,21,1013.67,480.00,34.82,86.69,0.9324,3,0,-1
320,22,1334.52,523.25,32.36,85.13,0.8970,2,2,-1
320,23,193.63,510.04,42.48,99.24,0.9325,2,1,-1
320,24,947.50,559.11,21.20,57.73,0.7798,2,1,-1
320,38,1457.34,532.23,42.00,102.57,0.9217,2,2,-1
320,41,731.12,494.74,40.92,79.27,0.9311,2,2,-1
320,46,507.83,669.33,44.18,126.75,0.9350,2,1,-1
320,65,1607.03,543.27,21.80,43.35,0.7369,2,1,-1
320,67,1614.59,579.97,29.48,72.31,0.6175,2,2,-1
320,0,284.97,612.39,15.89,13.43,1.0,0,-1,-1
321,1,1705.65,587.28,48.51,107.24,0.8333,2,1,-1
321,3,1300.06,509.52,32.25,92.24,0.8896,2,2,-1
321,4,754.31,577.68,49.30,104.00,0.9302,2,2,-1
321,7,447.22,577.02,52.05,111.92,0.9340,2,1,-1
321,9,1220.50,499.95,35.14,81.24,0.9216,2,2,-1
321,13,1522.29,548.83,34.13,102.85,0.9010,2,2,-1
321,14,1263.06,504.00,34.85,86.42,0.9148,2,1,-1
321,15,1575.68,556.64,39.10,98.30,0.8908,2,2,-1
321,18,934.95,568.24,67.53,124.56,0.9019,2,1,-1
321,21,1013.51,480.67,38.78,86.07,0.9378,3,0,-1
321,22,1334.83,523.56,32.72,86.33,0.8974,2,2,-1
321,23,194.87,510.04,41.70,99.11,0.9360,2,1,-1
321,30,1607.44,543.34,22.11,47.67,0.7066,2,2,-1
321,38,1457.47,532.14,40.78,103.27,0.9253,2,2,-1
321,41,732.02,494.84,40.70,79.12,0.9291,2,2,-1
321,46,507.74,668.66,43.89,126.96,0.9408,2,1,-1
321,0,285.52,612.37,15.51,13.35,1.0,0,-1,-1
322,1,1702.79,586.56,47.99,108.15,0.8450,2,1,-1
322,3,1300.87,509.86,32.86,91.89,0.8967,2,2,-1
322,4,755.41,576.85,49.23,104.60,0.9295,2,2,-1
322,7,440.89,577.68,55.79,114.43,0.9363,2,1,-1
322,8,1226.19,501.47,40.36,82.54,0.9037,2,1,-1
322,13,1522.41,548.70,33.99,103.13,0.8978,2,2,-1
322,14,1266.37,503.49,33.56,87.15,0.9154,2,1,-1
322,15,1575.03,557.37,39.53,98.57,0.8901,2,2,-1
322,18,941.77,581.55,58.81,110.32,0.9089,2,1,-1
322,21,1013.69,480.84,41.02,86.67,0.9303,3,0,-1
322,22,1335.11,523.32,32.83,86.89,0.9012,2,2,-1
322,23,196.21,510.56,40.95,98.62,0.9331,2,1,-1
322,30,1608.22,543.41,22.64,48.69,0.7053,2,2,-1
322,38,1457.80,532.49,39.67,103.48,0.9251,2,2,-1
322,41,735.08,494.92,39.43,79.03,0.9311,2,2,-1
322,46,507.21,668.66,43.91,126.23,0.9413,2,1,-1
322,0,286.34,612.42,15.19,13.36,1.0,0,-1,-1
323,1,1699.46,584.59,50.31,110.07,0.8533,2,1,-1
323,3,1300.96,509.89,33.34,92.09,0.8884,2,2,-1
323,4,757.04,576.00,46.92,105.67,0.9310,2,2,-1
323,7,438.65,579.07,49.50,113.17,0.9384,2,1,-1
323,9,1231.61,501.44,32.07,81.84,0.9124,2,2,-1
323,13,1522.05,548.84,34.70,103.40,0.8988,2,2,-1
323,14,1269.10,503.07,32.50,88.03,0.9074,2,1,-1
323,15,1574.66,557.69,39.89,98.11,0.8847,2,2,-1
323,18,946.62,583.96,55.69,107.98,0.9124,2,1,-1
323,21,1013.62,481.74,42.09,85.88,0.9267,3,0,-1
323,22,1335.57,523.59,33.37,87.72,0.9057,2,2,-1
323,23,197.61,510.39,39.71,98.76,0.9343,2,1,-1
323,30,1608.58,543.06,22.07,45.83,0.7488,2,2,-1
323,38,1457.56,532.32,39.05,103.46,0.9248,2,2,-1
323,41,738.52,493.82,37.17,80.13,0.9242,2,2,-1
323,46,505.91,668.31,44.30,126.51,0.9383,2,1,-1
323,71,1499.85,528.50,27.58,107.75,0.8280,2,-1,-1
323,0,286.58,612.24,15.26,13.62,1.0,0,-1,-1
324,1,1702.25,583.24,47.12,111.40,0.9002,2,1,-1
324,3,1301.59,509.96,33.58,92.33,0.8835,2,2,-1
324,4,759.46,575.35,44.74,106.06,0.9315,2,2,-1
324,7,435.00,580.79,42.83,112.61,0.9384,2,1,-1
324,9,1235.52,500.62,31.27,82.25,0.9153,2,2,-1
324,13,1520.67,549.12,35.88,102.84,0.8884,2,2,-1
324,14,1271.65,502.73,31.44,87.36,0.9109,2,1,-1
324,15,1573.70,557.72,40.63,98.99,0.8716,2,2,-1
324,18,952.57,581.87,49.10,109.52,0.9192,2,1,-1
324,21,1013.99,481.55,42.24,86.17,0.9284,3,0,-1
324,22,1335.35,525.77,33.67,85.78,0.8461,2,2,-1
324,23,197.82,510.26,39.33,98.93,0.9347,2,1,-1
324,38,1456.77,532.29,38.99,103.21,0.9259,2,2,-1
324,41,745.13,492.07,33.19,81.99,0.9186,2,2,-1
324,46,502.05,668.02,46.52,127.58,0.9381,2,1,-1
324,71,1498.05,528.36,27.78,108.39,0.5623,2,-1,-1
324,0,286.17,612.39,15.38,13.37,1.0,0,-1,-1
325,1,1702.78,584.46,44.91,109.86,0.9163,2,1,-1
325,3,1302.28,510.82,33.70,93.28,0.8790,2,2,-1
325,4,764.61,574.63,41.29,106.06,0.9307,2,2,-1
325,6,1339.45,504.08,36.69,87.57,0.8383,2,2,-1
325,7,432.40,582.67,37.65,109.76,0.9260,2,1,-1
325,9,1236.23,499.91,32.80,83.05,0.9138,2,2,-1
325,13,1520.18,548.90,36.49,102.75,0.9010,2,2,-1
325,14,1272.35,502.78,30.94,87.13,0.9110,2,1,-1
325,15,1572.82,558.04,39.83,98.63,0.8675,2,2,-1
325,18,959.50,580.55,41.24,111.16,0.9061,2,1,-1
325,21,1014.55,482.01,42.52,85.85,0.9269,3,0,-1
325,23,197.90,510.46,38.80,98.96,0.9357,2,1,-1
325,38,1455.55,532.22,38.26,102.82,0.9232,2,2,-1
325,41,750.93,490.45,29.80,83.58,0.9188,2,2,-1
325,46,498.93,667.97,48.43,129.56,0.9403,2,1,-1
325,71,1496.69,528.25,28.12,109.14,0.8261,2,-1,-1
325,0,285.35,612.38,15.89,13.64,1.0,0,-1,-1
326,1,1703.52,584.06,43.65,109.64,0.9230,2,1,-1
326,3,1304.81,510.72,35.39,92.11,0.8953,2,2,-1
326,4,769.49,573.94,39.99,106.34,0.9304,2,2,-1
326,6,1341.71,503.19,37.44,88.76,0.8655,2,2,-1
326,7,428.34,583.39,35.16,110.79,0.9270,2,1,-1
326,9,1235.84,499.59,36.03,83.45,0.9104,2,2,-1
326,13,1520.28,548.98,36.52,102.57,0.9111,2,2,-1
326,14,1273.79,503.07,30.25,86.58,0.9090,2,1,-1
326,15,1573.86,558.36,38.64,99.50,0.8729,2,2,-1
326,18,969.72,580.20,33.41,111.32,0.8920,2,1,-1
326,21,1016.76,482.11,41.18,86.06,0.9269,3,0,-1
326,23,198.26,510.53,38.55,99.21,0.9363,2,1,-1
326,38,1455.32,532.36,38.78,101.66,0.9206,2,2,-1
326,41,754.40,489.13,27.79,85.61,0.9173,2,2,-1
326,46,498.49,668.26,48.52,128.53,0.9354,2,1,-1
326,71,1495.27,528.17,29.00,109.58,0.8728,2,1,-1
326,0,285.18,612.51,15.82,13.56,1.0,0,-1,-1
327,1,1704.65,584.79,42.08,108.79,0.9225,2,1,-1
327,3,1307.05,510.92,36.44,92.10,0.8872,2,2,-1
327,4,771.53,573.60,41.45,106.35,0.9400,2,2,-1
327,6,1344.48,502.99,38.11,88.58,0.8821,2,2,-1
327,7,421.69,582.04,33.54,110.47,0.9274,2,1,-1
327,9,1236.74,499.74,39.60,86.20,0.8904,2,2,-1
327,13,1520.28,548.71,36.67,102.86,0.9139,2,2,-1
327,14,1274.51,503.63,30.24,85.52,0.9013,2,1,-1
327,15,1574.01,558.31,37.56,99.51,0.8639,2,2,-1
327,18,974.58,579.38,30.49,112.68,0.8988,2,1,-1
327,21,1019.57,481.98,38.25,86.20,0.9274,3,0,-1
327,23,198.46,510.44,38.19,99.35,0.9367,2,1,-1
327,38,1454.54,532.43,37.70,100.77,0.9172,2,2,-1
327,41,756.40,489.00,27.15,84.19,0.9202,2,2,-1
327,46,497.00,668.24,48.22,128.84,0.9333,2,1,-1
327,71,1493.36,528.33,29.64,107.58,0.8944,2,1,-1
327,0,285.08,612.44,15.82,13.44,1.0,0,-1,-1
328,1,1704.72,585.57,42.98,107.62,0.9242,2,1,-1
328,3,1308.25,510.50,36.20,91.34,0.8895,2,2,-1
328,4,771.73,573.89,44.17,105.82,0.9377,2,2,-1
328,6,1345.68,503.70,39.70,89.76,0.8751,2,2,-1
328,7,414.42,579.70,36.27,113.85,0.9428,2,1,-1
328,9,1238.86,500.09,41.68,86.88,0.9023,2,2,-1
328,13,1520.09,547.86,37.10,103.07,0.9172,2,2,-1
328,14,1275.54,505.12,30.12,85.55,0.9035,2,1,-1
328,15,1573.70,558.27,36.89,99.19,0.8645,2,2,-1
328,18,976.73,580.30,32.47,111.33,0.9126,2,1,-1
328,21,1022.91,481.70,34.31,86.03,0.9255,3,0,-1
328,23,198.31,510.64,37.57,99.18,0.9376,2,1,-1
328,38,1452.89,532.08,38.02,100.00,0.9187,2,2,-1
328,41,757.30,488.96,26.84,84.28,0.9176,2,2,-1
328,46,497.07,668.42,47.02,127.95,0.9330,2,1,-1
328,71,1492.28,528.34,30.18,108.54,0.8830,2,1,-1
328,72,939.73,557.81,34.01,97.32,0.9192,2,-1,-1
328,73,1605.57,542.77,26.70,106.72,0.8651,2,-1,-1
328,0,284.18,612.53,15.78,13.27,1.0,0,-1,-1
329,1,1704.90,586.63,45.05,106.80,0.9230,2,1,-1
329,3,1309.98,510.79,35.34,94.56,0.8843,2,2,-1
329,4,773.43,573.64,46.38,106.00,0.9421,2,2,-1
329,6,1349.44,504.95,39.26,88.95,0.8546,2,2,-1
329,7,407.10,579.11,42.43,116.89,0.9290,2,1,-1
329,9,1242.86,501.32,41.19,85.15,0.8930,2,2,-1
329,13,1521.06,546.98,37.07,104.15,0.9236,2,2,-1
329,15,1573.83,558.80,36.40,97.47,0.8624,2,2,-1
329,18,976.89,581.05,41.80,110.16,0.9305,2,1,-1
329,21,1027.35,481.59,30.62,86.46,0.9209,3,0,-1
329,23,198.56,510.62,37.59,98.95,0.9366,2,1,-1
329,38,1452.22,530.94,38.66,101.07,0.9225,2,2,-1
329,41,759.22,489.86,27.29,85.25,0.9181,2,2,-1
329,46,496.86,668.88,46.18,127.30,0.9317,2,1,-1
329,71,1490.66,528.57,31.40,109.51,0.8962,2,1,-1
329,72,939.75,557.60,33.51,97.26,0.9183,2,-1,-1
329,73,1605.67,543.10,26.53,105.60,0.8726,2,-1,-1
329,0,283.76,612.47,16.16,13.19,1.0,0,-1,-1
330,1,1703.68,587.13,48.22,106.25,0.9232,2,1,-1
330,3,1311.90,511.59,33.27,92.09,0.8820,2,2,-1
330,4,775.10,573.73,47.27,105.50,0.9372,2,2,-1
330,6,1357.73,506.42,34.97,86.86,0.8903,2,2,-1
330,7,399.23,579.08,44.61,117.60,0.9321,2,1,-1
330,13,1521.79,547.26,37.38,103.94,0.9248,2,2,-1
330,14,1274.15,506.87,32.69,88.85,0.8735,2,1,-1
330,15,1574.23,558.46,36.37,99.15,0.8630,2,2,-1
330,18,976.61,581.67,50.22,109.57,0.9329,2,1,-1
330,21,1031.87,481.76,27.61,86.03,0.9112,3,0,-1
330,23,198.34,510.82,37.56,98.67,0.9369,2,1,-1
330,38,1451.24,530.16,38.99,101.62,0.9254,2,2,-1
330,41,760.01,491.79,28.85,83.29,0.9230,2,2,-1
330,46,496.58,668.67,45.01,127.66,0.9324,2,1,-1
330,71,1490.28,528.87,31.10,109.43,0.8740,2,1,-1
330,72,939.73,557.47,32.45,97.12,0.9175,2,-1,-1
330,73,1605.78,543.18,26.50,105.51,0.8668,2,-1,-1
330,0,283.90,612.55,15.25,13.15,1.0,0,-1,-1
331,1,1701.96,581.37,50.23,111.79,0.8957,2,1,-1
331,4,775.96,573.94,48.47,104.62,0.9356,2,2,-1
331,6,1359.63,506.78,34.53,86.63,0.9004,2,2,-1
331,7,392.31,580.26,41.78,115.79,0.9294,2,1,-1
331,9,1255.58,502.63,35.56,86.45,0.8799,2,2,-1
331,13,1521.65,546.74,37.52,104.32,0.9252,2,2,-1
331,15,1574.09,558.41,35.72,99.13,0.8711,2,2,-1
331,18,975.59,581.59,56.21,109.74,0.9325,2,1,-1
331,21,1034.09,481.49,27.20,86.17,0.9108,3,0,-1
331,22,1335.93,521.08,31.12,90.86,0.8812,2,2,-1
331,23,198.28,510.90,36.78,98.64,0.9315,2,1,-1
331,38,1450.36,529.51,39.12,102.29,0.9229,2,2,-1
331,41,760.31,493.87,30.28,81.85,0.9266,2,2,-1
331,46,495.21,669.39,44.58,127.11,0.9321,2,1,-1
331,71,1489.53,529.54,30.66,108.07,0.8491,2,1,-1
331,72,938.60,557.23,32.23,96.97,0.9186,2,1,-1
331,73,1605.52,543.13,26.39,105.90,0.8647,2,1,-1
331,0,282.89,612.25,15.26,13.48,1.0,0,-1,-1
332,1,1698.01,580.27,46.37,112.84,0.8233,2,1,-1
332,4,777.90,574.20,49.37,104.09,0.9368,2,2,-1
332,6,1361.09,506.42,34.87,88.00,0.8995,2,2,-1
332,7,388.49,583.11,37.39,113.32,0.9306,2,1,-1
332,9,1260.80,501.55,33.99,88.58,0.8689,2,2,-1
332,13,1522.16,546.81,37.31,104.14,0.9239,2,2,-1
332,15,1574.83,558.70,35.00,99.03,0.8720,2,2,-1
332,18,975.34,582.85,59.67,108.43,0.9383,2,1,-1
332,21,1034.77,481.81,28.20,86.36,0.9101,3,0,-1
332,22,1335.68,519.85,30.92,93.37,0.8864,2,2,-1
332,23,198.35,510.63,36.52,98.85,0.9256,2,1,-1
332,38,1450.51,529.31,39.01,102.40,0.9215,2,2,-1
332,41,760.53,495.65,32.34,80.28,0.9253,2,2,-1
332,46,494.64,669.36,44.86,127.18,0.9343,2,1,-1
332,71,1488.65,530.86,30.36,106.53,0.8627,2,1,-1
332,72,938.22,556.81,32.92,96.95,0.9153,2,1,-1
332,73,1605.24,543.26,26.46,105.82,0.8713,2,1,-1
332,0,282.25,612.15,15.62,13.67,1.0,0,-1,-1
333,1,1699.39,581.29,42.09,111.86,0.8571,2,1,-1
333,4,780.25,574.12,49.07,104.62,0.9369,2,2,-1
333,6,1362.99,505.08,34.56,89.58,0.9047,2,2,-1
333,7,385.19,584.49,34.26,112.78,0.9171,2,1,-1
333,9,1264.82,500.41,32.88,86.81,0.8552,2,2,-1
333,13,1522.39,547.10,37.09,103.91,0.9225,2,2,-1
333,15,1575.17,558.23,34.52,99.98,0.8674,2,2,-1
333,18,975.95,582.95,60.96,109.33,0.9381,2,1,-1
333,21,1035.12,482.36,31.45,85.77,0.9145,3,0,-1
333,22,1335.66,520.53,30.39,93.25,0.8925,2,2,-1
333,23,198.70,510.63,36.22,98.84,0.9218,2,1,-1
333,38,1450.78,529.54,38.94,102.14,0.9206,2,2,-1
333,41,760.27,496.87,35.15,79.83,0.9273,2,2,-1
333,46,493.35,670.13,45.51,127.00,0.9361,2,1,-1
333,71,1488.02,531.24,30.72,106.61,0.8650,2,1,-1
333,72,938.71,556.18,33.11,97.19,0.9157,2,1,-1
333,73,1605.05,543.53,26.59,106.17,0.8655,2,1,-1
333,0,282.46,611.81,15.13,14.06,1.0,0,-1,-1
334,1,1697.81,578.58,39.64,114.85,0.8484,2,1,-1
334,4,782.59,574.44,47.48,102.65,0.9358,2,2,-1
334,6,1365.49,504.22,33.35,90.03,0.9040,2,2,-1
334,7,382.09,586.03,32.37,111.36,0.9210,2,1,-1
334,9,1267.39,499.97,33.52,89.88,0.8403,2,2,-1
334,13,1522.40,547.07,37.19,104.23,0.9234,2,2,-1
334,15,1575.40,558.75,33.45,98.66,0.8770,2,2,-1
334,18,979.26,582.00,58.78,110.21,0.9353,2,1,-1
334,21,1034.81,482.86,33.99,86.71,0.9154,3,0,-1
334,22,1335.71,521.52,29.61,92.47,0.8914,2,2,-1
334,23,199.73,510.77,35.38,98.81,0.9005,2,1,-1
334,38,1450.59,529.54,39.29,102.10,0.9210,2,2,-1
334,41,759.58,497.40,36.40,79.88,0.9260,2,2,-1
334,46,491.23,670.44,47.33,126.98,0.9416,2,1,-1
334,71,1486.63,531.40,30.96,106.25,0.8356,2,1,-1
334,72,939.07,555.88,32.73,97.12,0.9114,2,1,-1
334,73,1604.96,543.89,26.35,105.07,0.8760,2,1,-1
334,0,280.49,612.09,16.38,13.90,1.0,0,-1,-1
335,1,1699.08,581.25,37.62,112.43,0.8774,2,1,-1
335,4,784.36,573.86,47.05,102.58,0.9433,2,2,-1
335,6,1369.45,503.70,31.46,90.30,0.9059,2,2,-1
335,7,372.83,585.80,35.98,111.93,0.9311,2,1,-1
335,13,1523.43,547.30,37.00,103.92,0.9220,2,2,-1
335,14,1271.56,500.77,36.72,94.33,0.8476,2,1,-1
335,15,1575.93,558.67,33.18,98.58,0.8771,2,2,-1
335,18,984.50,581.14,54.09,109.19,0.9344,2,1,-1
335,21,1035.39,483.20,35.40,85.39,0.9195,3,0,-1
335,22,1336.14,521.93,29.24,92.07,0.8934,2,2,-1
335,23,200.42,510.66,35.25,98.52,0.9127,2,1,-1
335,38,1451.64,529.31,39.40,102.70,0.9202,2,2,-1
335,41,760.55,497.49,36.67,80.50,0.9228,2,2,-1
335,46,490.73,670.38,48.04,127.05,0.9411,2,1,-1
335,71,1485.81,531.21,31.40,106.06,0.8439,2,1,-1
335,72,940.74,555.64,31.57,96.38,0.9177,2,1,-1
335,73,1604.87,543.97,26.70,105.27,0.8749,2,1,-1
335,0,280.55,612.10,16.29,13.84,1.0,0,-1,-1
336,1,1699.59,580.66,37.38,112.25,0.8674,2,1,-1
336,4,787.27,572.93,45.51,103.05,0.9375,2,2,-1
336,6,1372.16,503.78,31.13,90.93,0.9177,2,2,-1
336,7,364.60,585.24,40.86,112.42,0.9318,2,1,-1
336,13,1524.81,547.51,36.73,104.19,0.9279,2,2,-1
336,14,1274.79,501.51,36.07,94.48,0.9155,2,1,-1
336,15,1576.70,558.27,32.53,98.82,0.8749,2,2,-1
336,18,991.79,580.53,48.30,109.34,0.9289,2,1,-1
336,21,1037.39,483.67,37.22,85.73,0.9263,3,0,-1
336,22,1336.03,521.56,29.63,93.72,0.8820,2,2,-1
336,23,201.44,510.66,34.82,98.18,0.9165,2,1,-1
336,38,1452.85,529.38,39.62,102.22,0.9147,2,2,-1
336,41,763.52,497.52,35.03,81.70,0.9205,2,2,-1
336,46,490.49,670.46,48.13,127.20,0.9401,2,1,-1
336,71,1486.08,530.31,31.93,108.10,0.7076,2,1,-1
336,72,941.98,555.23,30.89,96.47,0.9196,2,1,-1
336,73,1605.31,544.61,26.62,104.59,0.8779,2,1,-1
336,0,280.62,612.11,16.22,13.79,1.0,0,-1,-1
337,1,1699.49,581.10,37.47,111.99,0.8630,2,1,-1
337,4,789.54,571.27,43.47,102.37,0.9326,2,2,-1
337,6,1373.89,504.57,31.07,91.69,0.9174,2,2,-1
337,7,355.66,584.29,48.08,114.25,0.9396,2,1,-1
337,13,1524.91,547.85,36.63,103.88,0.9230,2,2,-1
337,14,1277.34,503.13,35.49,94.05,0.9273,2,1,-1
337,15,1577.83,558.26,31.36,99.21,0.8757,2,2,-1
337,18,1000.89,579.84,39.92,109.27,0.9333,2,1,-1
337,21,1037.94,484.01,37.99,85.89,0.9252,3,0,-1
337,22,1336.76,523.17,29.09,93.27,0.8763,2,2,-1
337,23,202.93,510.39,33.75,98.31,0.9087,2,1,-1
337,38,1453.25,529.50,40.20,102.40,0.9137,2,2,-1
337,41,766.00,497.41,33.33,82.23,0.9233,2,2,-1
337,46,489.91,670.83,48.39,127.19,0.9415,2,1,-1
337,72,942.26,554.85,31.00,97.27,0.9184,2,1,-1
337,73,1606.43,544.54,25.97,104.65,0.8766,2,1,-1
337,0,280.53,612.06,16.24,13.93,1.0,0,-1,-1
338,1,1699.23,581.95,37.82,110.78,0.8680,2,1,-1
338,4,792.96,571.09,40.70,101.80,0.9341,2,2,-1
338,6,1375.73,506.22,30.68,91.62,0.9155,2,2,-1
338,7,350.73,583.51,53.40,115.38,0.9306,2,1,-1
338,9,1281.66,504.60,33.95,92.42,0.9226,2,2,-1
338,13,1524.89,548.22,36.79,103.39,0.9223,2,2,-1
338,15,1578.37,558.54,30.31,97.88,0.8747,2,2,-1
338,18,1009.75,578.95,33.12,109.98,0.9210,2,1,-1
338,21,1039.40,484.34,38.51,85.41,0.9251,3,0,-1
338,22,1335.06,517.68,30.89,99.33,0.8533,2,2,-1
338,23,203.80,510.51,33.60,97.85,0.8992,2,1,-1
338,38,1454.00,529.75,40.51,102.02,0.9150,2,2,-1
338,41,768.80,496.81,31.34,83.14,0.9214,2,2,-1
338,46,489.59,671.74,48.48,126.51,0.9444,2,1,-1
338,71,1487.75,527.62,33.08,111.27,0.7524,2,1,-1
338,72,942.54,554.46,30.63,96.83,0.9182,2,1,-1
338,73,1606.81,544.67,25.78,104.29,0.8787,2,1,-1
338,0,280.50,612.24,16.30,13.72,1.0,0,-1,-1
339,1,1699.10,582.03,38.04,110.82,0.8637,2,1,-1
339,4,795.58,569.76,38.71,103.82,0.9396,2,2,-1
339,6,1377.19,509.87,30.14,88.58,0.9155,2,2,-1
339,7,344.73,584.69,56.99,115.11,0.9437,2,1,-1
339,9,1283.70,505.70,33.65,90.81,0.9202,2,2,-1
339,10,1317.50,514.31,48.75,101.33,0.8228,2,2,-1
339,13,1524.77,548.46,37.25,103.10,0.9177,2,2,-1
339,15,1579.78,557.31,29.71,100.04,0.8787,2,2,-1
339,18,1015.83,578.91,31.17,110.59,0.9175,2,1,-1
339,21,1040.98,484.65,37.58,85.02,0.9238,3,0,-1
339,23,204.35,510.68,33.84,97.12,0.8402,2,1,-1
339,38,1454.19,530.11,42.08,101.88,0.9205,2,2,-1
339,41,770.85,496.63,30.77,83.35,0.9214,2,2,-1
339,46,488.80,672.57,49.59,126.01,0.9452,2,1,-1
339,72,943.07,554.25,30.57,96.67,0.9198,2,1,-1
339,73,1606.96,544.82,25.54,104.15,0.8811,2,1,-1
339,0,280.63,612.07,15.96,13.83,1.0,0,-1,-1
340,1,1699.43,582.63,38.42,109.90,0.8500,2,1,-1
340,2,1328.87,514.88,40.88,66.97,0.8430,2,2,-1
340,4,798.42,568.91,36.59,104.05,0.9376,2,2,-1
340,6,1379.06,511.20,30.47,87.77,0.9198,2,2,-1
340,7,341.74,585.52,53.11,114.47,0.9430,2,1,-1
340,9,1284.58,505.72,34.13,91.40,0.9124,2,2,-1
340,13,1525.16,548.42,37.17,103.78,0.9149,2,2,-1
340,15,1580.60,556.90,29.16,100.44,0.8799,2,2,-1
340,18,1017.77,578.77,33.61,111.13,0.9282,2,1,-1
340,21,1043.03,484.04,36.81,86.05,0.9093,3,0,-1
340,23,203.43,510.66,34.45,96.98,0.9135,2,1,-1
340,38,1454.46,530.31,43.84,101.19,0.9167,2,2,-1
340,41,771.99,496.65,30.30,83.13,0.9226,2,2,-1
340,46,488.59,674.30,50.54,124.00,0.9457,2,1,-1
340,72,943.08,554.24,30.40,96.82,0.9199,2,1,-1
340,73,1606.78,544.92,25.75,104.23,0.8809,2,1,-1
340,0,280.70,612.01,15.79,13.97,1.0,0,-1,-1
341,1,1698.77,582.37,38.77,110.32,0.8391,2,1,-1
341,4,800.26,568.43,36.51,104.13,0.9413,2,2,-1
341,6,1380.62,511.18,31.15,88.77,0.9162,2,2,-1
341,7,338.94,587.00,47.24,112.81,0.9350,2,1,-1
341,13,1524.97,548.34,37.13,103.18,0.9051,2,2,-1
341,14,1285.21,505.01,34.60,93.27,0.8980,2,1,-1
341,15,1580.71,557.65,28.72,99.87,0.8838,2,2,-1
341,18,1018.49,579.06,40.39,111.30,0.9279,2,1,-1
341,21,1044.91,483.60,36.20,86.71,0.8256,3,0,-1
341,22,1329.81,514.03,36.28,102.81,0.8655,2,2,-1
341,23,203.08,510.50,34.13,97.08,0.9088,2,1,-1
341,38,1454.98,530.20,44.27,102.09,0.9180,2,2,-1
341,41,773.12,496.68,29.53,83.42,0.9247,2,2,-1
341,46,487.29,675.94,52.91,123.18,0.9450,2,1,-1
341,72,942.99,553.84,30.52,96.83,0.9209,2,1,-1
341,73,1606.86,544.77,25.68,104.18,0.8847,2,1,-1
341,0,280.23,612.18,16.26,13.87,1.0,0,-1,-1
342,1,1698.47,582.23,39.11,110.99,0.8415,2,1,-1
342,2,1333.75,515.29,38.09,64.35,0.8518,2,2,-1
342,4,802.90,568.56,40.62,103.95,0.9343,2,2,-1
342,6,1382.35,511.06,33.42,89.78,0.9171,2,2,-1
342,7,337.68,587.51,41.81,112.23,0.9349,2,1,-1
342,13,1526.95,548.05,35.80,104.16,0.9050,2,2,-1
342,14,1285.49,505.97,32.00,93.29,0.8793,2,1,-1
342,15,1581.19,557.86,28.31,99.56,0.8855,2,2,-1
342,18,1018.53,579.88,50.25,110.68,0.9356,2,1,-1
342,21,1047.56,483.29,33.75,86.82,0.8602,3,0,-1
342,23,202.94,510.39,33.68,97.41,0.8998,2,1,-1
342,38,1455.13,530.00,44.74,102.26,0.9194,2,2,-1
342,41,774.39,496.80,29.90,84.75,0.9243,2,2,-1
342,46,486.12,678.76,54.68,120.56,0.9469,2,1,-1
342,72,943.64,553.73,29.71,96.82,0.9202,2,1,-1
342,73,1606.76,544.64,25.75,104.74,0.8784,2,1,-1
342,0,280.04,612.49,16.15,13.34,1.0,0,-1,-1
343,1,1698.40,582.87,39.26,108.47,0.8324,2,1,-1
343,3,1333.22,520.60,32.42,96.24,0.8774,2,2,-1
343,4,804.54,568.94,43.19,103.57,0.9379,2,2,-1
343,6,1384.11,510.96,35.87,89.71,0.9289,2,2,-1
343,7,337.37,588.22,37.08,111.94,0.9281,2,1,-1
343,13,1529.38,548.18,33.55,103.86,0.9129,2,2,-1
343,14,1286.92,507.77,30.22,92.48,0.8828,2,1,-1
343,15,1581.24,557.93,28.22,99.75,0.8824,2,2,-1
343,18,1018.51,580.32,56.47,110.39,0.9381,2,1,-1
343,21,1051.09,483.20,30.84,86.78,0.8691,3,0,-1
343,23,202.47,510.41,33.29,97.37,0.8982,2,1,-1
343,38,1456.35,530.01,44.60,101.96,0.9221,2,2,-1
343,41,774.54,497.95,28.77,83.65,0.9234,2,2,-1
343,46,485.91,680.14,56.77,120.63,0.9393,2,1,-1
343,72,944.56,553.79,28.85,96.23,0.9195,2,1,-1
343,73,1606.48,544.66,25.83,104.83,0.8735,2,1,-1
343,0,279.83,612.51,15.90,13.30,1.0,0,-1,-1
344,1,1697.26,582.31,40.13,108.42,0.8382,2,1,-1
344,2,1338.89,515.70,35.52,63.60,0.8623,2,2,-1
344,4,806.36,568.84,46.77,104.10,0.9355,2,2,-1
344,6,1384.83,510.80,37.67,89.86,0.9357,2,2,-1
344,7,334.15,588.06,32.87,111.06,0.9230,2,1,-1
344,13,1530.35,548.19,31.97,104.29,0.9115,2,2,-1
344,14,1287.61,504.81,30.98,95.12,0.8735,2,1,-1
344,15,1580.23,558.46,28.60,99.18,0.8885,2,2,-1
344,18,1018.00,580.15,59.80,111.00,0.9391,2,1,-1
344,21,1053.35,483.21,30.35,86.62,0.6201,3,0,-1
344,23,201.77,510.32,32.73,97.23,0.9112,2,1,-1
344,38,1457.92,529.64,43.76,102.27,0.9210,2,2,-1
344,41,774.86,498.83,27.97,83.40,0.9220,2,2,-1
344,46,486.18,680.32,57.73,121.77,0.9335,2,1,-1
344,72,944.33,553.69,28.93,96.42,0.9206,2,1,-1
344,73,1606.29,544.59,25.97,105.81,0.8587,2,1,-1
344,0,279.83,612.04,15.54,14.13,1.0,0,-1,-1
345,1,1695.73,582.70,40.64,108.25,0.8442,2,1,-1
345,3,1332.28,519.37,31.95,98.44,0.8344,2,2,-1
345,4,807.08,569.23,48.41,102.74,0.9420,2,2,-1
345,6,1385.37,511.35,41.02,89.90,0.9328,2,2,-1
345,7,326.06,587.57,33.26,112.53,0.9255,2,1,-1
345,13,1531.33,548.25,30.48,103.98,0.9133,2,2,-1
345,14,1287.78,506.03,30.17,93.52,0.8694,2,1,-1
345,15,1579.06,557.64,29.86,100.09,0.8934,2,2,-1
345,18,1018.85,581.12,61.15,109.90,0.9339,2,1,-1
345,21,1056.64,483.39,27.78,86.42,0.9098,3,0,-1
345,23,201.10,510.21,31.76,97.39,0.9115,2,1,-1
345,38,1459.00,529.35,42.93,102.72,0.9175,2,2,-1
345,41,775.30,499.66,27.66,81.77,0.9208,2,2,-1
345,46,487.66,680.41,57.93,122.55,0.9326,2,1,-1
345,72,944.16,553.54,29.40,96.24,0.9233,2,1,-1
345,73,1606.80,544.69,25.78,105.52,0.8729,2,1,-1
345,0,279.41,611.81,15.80,14.87,1.0,0,-1,-1
346,1,1692.12,582.67,43.44,108.42,0.8758,2,1,-1
346,3,1332.84,517.08,33.39,101.98,0.8306,2,2,-1
346,4,807.40,569.40,49.63,102.39,0.9427,2,2,-1
346,6,1385.16,512.55,44.00,90.69,0.9300,2,2,-1
346,7,316.88,587.70,39.73,113.98,0.9333,2,1,-1
346,13,1532.43,548.45,29.10,102.38,0.9082,2,2,-1
346,14,1288.43,508.87,29.05,91.16,0.8690,2,1,-1
346,15,1578.75,558.88,30.27,97.93,0.8930,2,2,-1
346,18,1020.27,580.52,61.84,110.38,0.9327,2,1,-1
346,21,1059.23,483.50,27.10,86.11,0.9071,3,0,-1
346,23,200.61,510.20,31.35,97.58,0.9167,2,1,-1
346,38,1462.38,528.96,40.95,102.94,0.9166,2,2,-1
346,41,775.28,500.44,27.44,82.74,0.9214,2,2,-1
346,46,489.62,681.16,59.01,123.23,0.9327,2,1,-1
346,72,943.16,553.16,30.59,96.42,0.9168,2,1,-1
346,73,1607.02,544.76,25.80,105.25,0.8785,2,1,-1
346,0,279.40,612.20,15.76,14.72,1.0,0,-1,-1
347,1,1689.56,583.79,46.13,107.67,0.8933,2,1,-1
347,4,807.95,569.21,50.39,102.64,0.9396,2,2,-1
347,6,1385.58,513.82,46.31,90.70,0.9334,2,2,-1
347,7,307.64,588.09,47.88,115.57,0.9352,2,1,-1
347,13,1532.96,548.39,28.44,102.20,0.9075,2,2,-1
347,14,1289.06,509.11,28.56,90.90,0.8620,2,1,-1
347,15,1578.56,557.13,31.28,100.37,0.8923,2,2,-1
347,18,1023.84,580.71,59.42,110.21,0.9341,2,1,-1
347,21,1060.87,483.32,27.63,87.09,0.9138,3,0,-1
347,22,1333.26,517.68,39.29,100.44,0.8237,2,2,-1
347,23,200.02,510.10,31.11,97.66,0.9198,2,1,-1
347,38,1464.63,528.96,38.81,102.49,0.9236,2,2,-1
347,41,775.22,501.01,27.80,83.29,0.9212,2,2,-1
347,46,490.22,681.42,60.30,124.51,0.9324,2,1,-1
347,72,941.03,553.19,32.59,95.95,0.9106,2,1,-1
347,73,1606.59,544.84,26.14,104.52,0.8856,2,1,-1
347,0,278.99,612.33,16.22,14.48,1.0,0,-1,-1
348,1,1688.99,583.32,46.71,107.68,0.8917,2,1,-1
348,3,1331.03,520.63,30.56,97.96,0.7769,2,2,-1
348,4,808.46,568.66,49.80,103.29,0.9363,2,2,-1
348,6,1389.87,514.21,44.91,90.01,0.9194,2,2,-1
348,7,300.07,588.66,55.84,115.06,0.9386,2,1,-1
348,13,1532.71,548.05,28.59,102.97,0.9063,2,2,-1
348,14,1289.73,510.24,29.11,89.69,0.8683,2,1,-1
348,15,1578.38,558.93,31.06,98.12,0.8953,2,2,-1
348,18,1029.57,579.70,54.73,110.82,0.9292,2,1,-1
348,21,1061.91,483.24,30.56,87.70,0.9257,3,0,-1
348,23,199.30,509.79,31.38,97.85,0.9225,2,1,-1
348,38,1465.73,528.95,37.94,102.67,0.9238,2,2,-1
348,41,774.98,501.43,29.01,83.40,0.9182,2,2,-1
348,46,492.06,680.07,60.17,125.53,0.9350,2,1,-1
348,72,938.45,552.68,35.60,96.11,0.9098,2,1,-1
348,73,1606.33,544.86,26.48,105.36,0.8861,2,1,-1
348,0,278.89,612.51,15.39,13.25,1.0,0,-1,-1
349,1,1688.10,583.76,47.04,107.15,0.8946,2,1,-1
349,3,1330.53,524.04,32.41,95.84,0.7884,2,2,-1
349,4,809.27,568.26,49.34,102.88,0.9349,2,2,-1
349,6,1394.79,513.96,42.88,90.19,0.9249,2,2,-1
349,7,293.16,589.27,60.71,115.27,0.9402,2,1,-1
349,13,1532.28,547.67,28.86,103.14,0.9046,2,2,-1
349,14,1290.03,510.87,29.61,89.56,0.8640,2,1,-1
349,15,1578.33,558.94,30.95,98.59,0.8974,2,2,-1
349,18,1037.21,579.96,46.97,110.28,0.9369,2,1,-1
349,21,1062.50,483.85,34.38,86.93,0.9372,3,0,-1
349,23,198.46,510.11,31.91,97.54,0.9264,2,1,-1
349,38,1466.65,528.96,37.75,103.63,0.9224,2,2,-1
349,41,775.23,501.18,30.17,83.87,0.9212,2,2,-1
349,46,495.18,678.27,58.27,127.53,0.9374,2,1,-1
349,72,937.78,552.47,37.00,96.13,0.9154,2,1,-1
349,73,1606.94,544.58,26.10,105.50,0.8848,2,1,-1
349,0,278.51,612.08,15.17,14.10,1.0,0,-1,-1
350,4,817.36,567.32,42.49,102.35,0.9336,2,2,-1
350,6,1399.02,513.27,40.15,91.23,0.9167,2,2,-1
350,7,290.10,591.19,62.93,113.92,0.9351,2,1,-1
350,13,1531.71,547.78,29.28,103.01,0.9041,2,2,-1
350,14,1290.57,511.80,29.63,89.76,0.8607,2,1,-1
350,15,1578.74,559.16,30.72,99.83,0.8960,2,2,-1
350,18,1045.80,578.46,39.16,111.69,0.9168,2,1,-1
350,21,1063.10,484.51,37.02,86.67,0.9379,3,0,-1
350,22,1347.02,519.00,36.66,94.20,0.8235,2,2,-1
350,23,197.62,510.10,31.77,97.58,0.9257,2,1,-1
350,38,1466.81,529.53,37.72,103.61,0.9221,2,2,-1
350,41,775.43,501.40,31.61,83.50,0.9226,2,2,-1
350,46,498.93,676.95,54.04,128.83,0.9414,2,1,-1
350,67,1719.78,580.41,34.89,108.51,0.8938,2,2,-1
350,72,936.68,552.44,38.75,96.05,0.9228,2,1,-1
350,73,1607.04,544.49,25.96,105.76,0.8870,2,1,-1
350,0,278.47,611.97,14.97,14.95,1.0,0,-1,-1
351,4,822.27,566.18,37.16,103.61,0.9280,2,2,-1
351,6,1402.35,512.72,36.93,92.27,0.9157,2,2,-1
351,7,285.09,591.47,66.48,113.41,0.9324,2,1,-1
351,13,1531.05,547.90,29.91,103.51,0.9051,2,2,-1
351,14,1290.96,512.51,29.07,89.45,0.8573,2,1,-1
351,15,1579.24,559.51,29.85,99.49,0.8956,2,2,-1
351,18,1054.87,578.98,33.59,110.95,0.9122,2,1,-1
351,21,1062.94,484.85,38.09,86.53,0.9368,3,0,-1
351,22,1349.59,518.96,38.28,93.62,0.7828,2,2,-1
351,23,197.12,509.82,31.99,97.87,0.9258,2,1,-1
351,38,1466.85,529.80,37.84,103.58,0.9211,2,2,-1
351,41,775.81,501.34,32.29,83.64,0.9235,2,2,-1
351,46,502.76,675.57,50.40,128.86,0.9341,2,1,-1
351,67,1719.79,580.87,37.25,109.14,0.9056,2,2,-1
351,72,936.22,552.25,40.84,95.62,0.9237,2,1,-1
351,73,1607.33,544.42,25.55,105.28,0.8812,2,1,-1
351,0,278.32,611.81,14.74,14.62,1.0,0,-1,-1
352,4,825.11,564.23,33.50,103.87,0.9249,2,2,-1
352,6,1403.23,512.40,34.69,93.06,0.9220,2,2,-1
352,7,278.99,591.62,67.98,113.35,0.9310,2,1,-1
352,13,1530.17,548.39,30.73,103.03,0.9135,2,2,-1
352,14,1291.74,513.75,28.20,86.91,0.8504,2,1,-1
352,15,1579.06,559.23,30.00,99.64,0.8960,2,2,-1
352,18,1058.94,578.27,32.36,112.08,0.9205,2,1,-1
352,21,1063.11,484.89,38.37,86.41,0.9342,3,0,-1
352,22,1349.44,518.90,41.38,93.75,0.8657,2,2,-1
352,23,196.14,509.69,32.32,98.16,0.9231,2,1,-1
352,38,1466.69,530.17,37.71,102.41,0.9215,2,2,-1
352,41,776.20,501.33,32.36,83.81,0.9226,2,2,-1
352,46,505.07,675.35,48.44,129.38,0.9374,2,1,-1
352,67,1719.64,581.19,39.17,108.80,0.9069,2,2,-1
352,72,935.50,551.85,42.03,95.71,0.9292,2,1,-1
352,73,1607.12,544.46,25.58,105.25,0.8793,2,1,-1
352,0,276.58,611.63,16.64,19.21,1.0,0,-1,-1
353,4,828.36,563.88,31.24,104.58,0.9226,2,2,-1
353,6,1405.15,513.33,34.55,92.92,0.9208,2,2,-1
353,7,274.78,590.98,66.71,113.98,0.9277,2,1,-1
353,13,1529.51,548.29,31.32,103.08,0.9119,2,2,-1
353,14,1292.29,515.04,28.47,86.59,0.8645,2,1,-1
353,15,1577.91,559.44,30.67,99.41,0.9007,2,2,-1
353,18,1060.98,578.66,35.28,111.43,0.9318,2,1,-1
353,21,1063.20,484.83,38.41,86.80,0.9310,3,0,-1
353,22,1349.15,518.68,44.03,93.04,0.8881,2,2,-1
353,23,195.85,509.53,32.55,98.42,0.9225,2,1,-1
353,38,1466.82,530.15,37.67,102.09,0.9211,2,2,-1
353,41,776.50,501.40,31.91,83.93,0.9222,2,2,-1
353,46,506.42,675.87,47.95,131.26,0.9354,2,1,-1
353,67,1719.15,581.45,39.38,107.11,0.9048,2,2,-1
353,72,935.47,551.61,42.76,96.02,0.9309,2,1,-1
353,73,1606.90,544.76,25.69,106.41,0.8824,2,1,-1
353,0,273.26,611.53,19.78,16.23,1.0,0,-1,-1
354,3,1325.34,526.34,32.14,94.90,0.6506,2,2,-1
354,4,831.36,563.36,31.32,104.12,0.9216,2,2,-1
354,6,1406.24,514.36,34.63,91.61,0.9191,2,2,-1
354,7,271.91,589.72,61.54,115.19,0.9252,2,1,-1
354,13,1528.95,548.33,31.48,102.83,0.9114,2,2,-1
354,14,1292.93,514.58,29.12,89.06,0.8576,2,1,-1
354,15,1577.17,559.78,30.95,100.43,0.9006,2,2,-1
354,18,1061.14,579.50,42.52,110.78,0.9329,2,1,-1
354,21,1064.58,484.78,37.81,87.08,0.9289,3,0,-1
354,22,1351.51,518.72,43.77,93.63,0.8867,2,2,-1
354,23,195.26,509.46,32.87,98.40,0.9199,2,1,-1
354,38,1466.72,529.87,37.74,101.39,0.9193,2,2,-1
354,41,777.05,502.19,31.78,83.95,0.9247,2,2,-1
354,46,508.59,678.43,46.69,132.22,0.9322,2,1,-1
354,67,1718.62,581.29,39.22,106.54,0.9148,2,2,-1
354,72,935.87,551.69,42.47,95.92,0.9270,2,1,-1
354,73,1606.83,544.58,25.62,105.98,0.8804,2,1,-1
355,3,1324.59,526.62,31.62,94.22,0.8253,2,2,-1
355,4,833.04,563.31,34.99,105.10,0.9249,2,2,-1
355,6,1406.69,515.78,34.49,90.38,0.9155,2,2,-1
355,7,270.44,588.56,54.30,116.34,0.9097,2,1,-1
355,13,1528.19,549.30,32.09,102.10,0.9189,2,2,-1
355,14,1293.19,515.03,29.37,90.51,0.8749,2,1,-1
355,15,1575.93,559.63,31.66,100.50,0.8973,2,2,-1
355,18,1060.22,580.40,48.91,110.04,0.9408,2,1,-1
355,21,1065.28,484.18,37.86,88.83,0.7988,3,0,-1
355,22,1353.72,518.56,42.01,92.96,0.9147,2,2,-1
355,23,194.62,509.52,33.44,98.31,0.9165,2,1,-1
355,38,1467.16,530.13,37.90,101.80,0.9176,2,2,-1
355,41,777.14,502.73,31.50,83.51,0.9231,2,2,-1
355,46,510.29,681.66,46.09,131.71,0.9331,2,1,-1
355,67,1718.16,580.91,38.72,106.36,0.9193,2,2,-1
355,71,1498.72,533.15,32.20,107.40,0.8542,2,1,-1
355,72,936.35,551.37,42.06,96.41,0.9257,2,1,-1
355,73,1606.54,544.56,25.79,106.29,0.8836,2,1,-1
356,3,1323.90,525.88,32.07,95.19,0.8734,2,2,-1
356,4,834.32,563.57,39.96,104.27,0.9282,2,2,-1
356,6,1406.87,517.22,34.77,90.52,0.9160,2,2,-1
356,7,270.92,588.10,44.84,117.00,0.9214,2,1,-1
356,13,1527.98,550.22,32.22,101.27,0.9166,2,2,-1
356,14,1293.82,515.23,29.82,91.26,0.8748,2,1,-1
356,15,1574.07,559.62,33.26,100.71,0.9152,2,2,-1
356,18,1060.04,580.95,54.33,109.66,0.9384,2,1,-1
356,21,1067.66,484.77,35.19,87.63,0.8769,3,0,-1
356,22,1354.39,519.30,41.54,92.58,0.9140,2,2,-1
356,23,193.87,509.47,33.98,98.37,0.9164,2,1,-1
356,38,1467.23,530.41,38.42,102.20,0.9255,2,2,-1
356,41,777.72,503.46,30.99,83.00,0.9229,2,2,-1
356,46,512.08,685.16,47.06,129.87,0.9321,2,1,-1
356,67,1718.25,579.84,38.69,107.21,0.9193,2,2,-1
356,71,1502.05,532.74,29.95,108.29,0.8520,2,1,-1
356,72,937.17,551.44,40.71,95.92,0.9187,2,1,-1
356,73,1606.82,544.37,25.61,104.99,0.8787,2,1,-1
357,3,1321.07,524.23,34.07,97.26,0.8820,2,2,-1
357,4,836.04,564.20,42.99,103.38,0.9277,2,2,-1
357,6,1408.77,518.51,34.63,88.93,0.9208,2,2,-1
357,7,273.42,588.81,36.34,115.99,0.9244,2,1,-1
357,13,1527.42,550.83,32.74,100.88,0.9086,2,2,-1
357,14,1294.59,515.08,29.78,91.39,0.8818,2,1,-1
357,15,1572.41,559.94,34.84,100.55,0.9082,2,2,-1
357,18,1060.61,581.67,57.09,108.88,0.9388,2,1,-1
357,21,1070.54,484.75,31.72,87.18,0.9104,3,0,-1
357,22,1356.50,519.98,39.89,93.22,0.9175,2,2,-1
357,23,193.27,509.89,34.17,97.83,0.9190,2,1,-1
357,38,1468.33,530.47,38.97,102.13,0.9323,2,2,-1
357,41,777.91,504.05,30.82,83.15,0.9224,2,2,-1
357,46,514.47,689.04,48.37,125.69,0.9348,2,1,-1
357,67,1717.86,578.74,38.91,109.00,0.9177,2,2,-1
357,71,1503.41,533.06,28.85,108.68,0.8381,2,1,-1
357,72,941.16,551.19,38.22,96.05,0.9279,2,1,-1
357,73,1606.78,544.37,25.76,104.70,0.8887,2,1,-1
358,3,1320.56,525.73,34.51,95.51,0.8801,2,2,-1
358,4,836.79,564.02,45.75,104.08,0.9346,2,2,-1
358,6,1409.30,518.97,35.28,89.30,0.9245,2,2,-1
358,7,269.47,590.09,38.71,115.40,0.9343,2,1,-1
358,13,1527.36,551.20,33.02,100.43,0.9023,2,2,-1
358,14,1295.40,514.08,30.38,92.74,0.8827,2,1,-1
358,15,1572.14,559.94,35.83,100.64,0.9135,2,2,-1
358,18,1062.02,581.42,57.62,109.01,0.9396,2,1,-1
358,21,1073.22,484.98,30.75,86.89,0.7808,3,0,-1
358,22,1358.70,520.87,38.45,92.78,0.9279,2,2,-1
358,23,193.21,509.45,34.79,98.35,0.9168,2,1,-1
358,38,1469.44,530.78,39.94,101.78,0.9313,2,2,-1
358,41,778.84,504.96,30.28,83.72,0.9230,2,2,-1
358,46,515.03,691.58,53.62,123.61,0.9360,2,1,-1
358,67,1717.40,578.43,39.09,109.22,0.9001,2,2,-1
358,71,1505.48,533.49,27.01,108.64,0.8386,2,1,-1
358,72,944.04,551.12,38.16,96.32,0.9345,2,1,-1
358,73,1606.32,544.20,26.10,105.24,0.8837,2,1,-1
359,1,1685.51,581.62,47.43,107.93,0.9040,2,1,-1
359,3,1319.75,527.72,34.00,94.30,0.8642,2,2,-1
359,4,839.66,564.87,47.14,103.22,0.9321,2,2,-1
359,6,1410.86,518.99,35.33,90.16,0.9175,2,2,-1
359,7,259.25,590.83,47.03,114.65,0.9350,2,1,-1
359,13,1526.71,551.02,33.50,100.60,0.8635,2,2,-1
359,14,1295.64,513.75,30.40,93.03,0.8796,2,1,-1
359,15,1571.45,559.91,36.80,100.61,0.9141,2,2,-1
359,18,1065.28,581.19,55.95,109.08,0.9355,2,1,-1
359,21,1076.59,484.93,28.07,87.55,0.9017,3,0,-1
359,22,1359.73,521.48,39.12,93.24,0.9348,2,2,-1
359,23,192.87,509.70,35.49,98.15,0.9100,2,1,-1
359,38,1470.10,531.66,42.11,100.68,0.9342,2,2,-1
359,41,778.85,505.21,30.53,84.39,0.9227,2,2,-1
359,46,516.17,692.57,58.44,124.52,0.9402,2,1,-1
359,71,1506.61,532.74,26.34,109.83,0.7345,2,1,-1
359,72,944.50,551.36,38.35,96.21,0.9339,2,1,-1
359,73,1606.15,544.45,26.16,105.09,0.8816,2,1,-1
360,1,1685.69,581.60,47.78,107.84,0.9052,2,1,-1
360,3,1320.35,530.53,33.03,91.67,0.8751,2,2,-1
360,4,841.18,564.97,47.73,103.49,0.9324,2,2,-1
360,6,1415.15,519.01,32.59,89.82,0.9219,2,2,-1
360,7,251.61,591.89,55.27,114.58,0.9374,2,1,-1
360,13,1526.11,551.13,33.90,100.11,0.8264,2,2,-1
360,14,1295.98,513.96,30.28,91.97,0.8816,2,1,-1
360,15,1571.72,559.75,36.93,100.83,0.9162,2,2,-1
360,18,1070.41,580.18,51.91,109.19,0.9338,2,1,-1
360,21,1078.05,484.88,27.40,87.24,0.9071,3,0,-1
360,22,1360.64,522.41,39.62,91.90,0.9320,2,2,-1
360,23,192.60,509.78,36.07,97.95,0.9221,2,1,-1
360,30,1507.36,533.29,24.25,74.32,0.7138,2,2,-1
360,38,1470.23,532.53,44.36,101.00,0.9289,2,2,-1
360,41,779.09,505.10,30.77,84.58,0.9202,2,2,-1
360,46,516.33,693.00,63.21,126.53,0.9395,2,1,-1
360,72,945.40,550.95,37.98,96.82,0.9312,2,1,-1
360,73,1605.63,544.50,26.64,105.43,0.8799,2,1,-1
361,1,1685.39,581.73,47.48,107.34,0.9049,2,1,-1
361,3,1319.91,530.80,32.82,91.09,0.8758,2,2,-1
361,4,843.04,564.86,48.27,103.27,0.9354,2,2,-1
361,6,1417.67,519.08,31.00,90.54,0.9192,2,2,-1
361,7,244.55,592.71,61.39,114.05,0.9383,2,1,-1
361,13,1526.00,551.22,34.32,99.77,0.8869,2,2,-1
361,14,1295.99,515.12,28.75,91.15,0.8799,2,1,-1
361,15,1571.48,559.68,37.33,100.50,0.9174,2,2,-1
361,18,1076.57,577.82,46.73,110.34,0.9329,2,1,-1
361,21,1078.77,484.67,28.16,88.18,0.7938,3,0,-1
361,22,1360.83,522.89,39.68,92.55,0.9376,2,2,-1
361,23,191.83,509.47,36.72,98.26,0.9251,2,1,-1
361,38,1469.29,532.91,46.25,100.79,0.9229,2,2,-1
361,41,779.37,504.93,31.34,84.68,0.9207,2,2,-1
361,46,516.97,693.18,67.95,126.60,0.9367,2,1,-1
361,72,945.24,550.90,37.90,96.72,0.9319,2,1,-1
361,73,1605.13,544.76,26.84,104.58,0.8792,2,1,-1
362,1,1685.28,580.78,47.24,108.09,0.9044,2,1,-1
362,3,1319.54,530.06,32.75,91.64,0.8744,2,2,-1
362,4,844.03,565.03,47.54,102.92,0.9339,2,2,-1
362,6,1419.16,519.08,31.49,91.33,0.9177,2,2,-1
362,7,239.70,593.75,66.87,113.34,0.9344,2,1,-1
362,13,1526.31,550.29,34.68,100.38,0.8860,2,2,-1
362,14,1296.77,515.44,28.34,91.39,0.8780,2,1,-1
362,15,1571.08,559.75,37.88,100.72,0.9204,2,2,-1
362,18,1084.35,577.90,39.38,110.38,0.9313,2,1,-1
362,21,1078.80,485.23,29.70,87.93,0.9209,3,0,-1
362,22,1361.65,523.51,39.98,92.56,0.9355,2,2,-1
362,23,191.44,509.47,36.80,97.98,0.9255,2,1,-1
362,38,1468.48,533.20,47.98,101.07,0.9223,2,2,-1
362,41,779.00,504.85,30.75,84.95,0.9215,2,2,-1
362,46,520.67,692.95,70.80,126.84,0.9342,2,1,-1
362,72,945.95,550.88,37.30,96.47,0.9303,2,1,-1
362,73,1604.62,544.73,27.15,104.63,0.8753,2,1,-1
363,1,1685.04,581.98,46.82,107.14,0.9012,2,1,-1
363,3,1319.85,529.71,32.52,92.16,0.8617,2,2,-1
363,4,846.71,564.64,44.29,102.13,0.9259,2,2,-1
363,6,1420.90,519.90,33.86,91.84,0.9201,2,2,-1
363,7,236.69,581.96,68.88,124.66,0.9263,2,1,-1
363,13,1526.62,550.05,36.08,101.23,0.8944,2,2,-1
363,14,1297.59,515.96,28.25,91.56,0.8308,2,1,-1
363,15,1571.95,559.66,37.67,99.93,0.9185,2,2,-1
363,18,1093.19,577.14,32.62,110.58,0.9186,2,1,-1
363,21,1077.51,485.19,32.53,88.12,0.9168,3,0,-1
363,22,1362.61,523.36,39.93,92.87,0.9345,2,2,-1
363,23,191.35,509.46,37.14,97.97,0.9265,2,1,-1
363,38,1468.19,533.72,49.98,101.44,0.9158,2,2,-1
363,41,779.32,504.80,29.85,84.95,0.9214,2,2,-1
363,46,526.67,691.93,71.79,128.87,0.9322,2,1,-1
363,72,946.17,550.73,37.27,96.58,0.9274,2,1,-1
363,73,1604.48,544.85,27.38,103.68,0.8712,2,1,-1
364,1,1684.71,581.79,47.31,107.68,0.9056,2,1,-1
364,3,1319.90,529.96,31.60,91.08,0.8672,2,2,-1
364,4,852.35,563.92,39.39,102.39,0.9241,2,2,-1
364,6,1422.50,521.21,36.80,91.56,0.9296,2,2,-1
364,7,236.14,594.18,65.07,112.76,0.9358,2,1,-1
364,13,1528.08,549.38,36.80,101.37,0.8895,2,2,-1
364,14,1298.69,516.13,27.38,90.68,0.8558,2,1,-1
364,15,1572.57,559.80,37.52,99.73,0.9093,2,2,-1
364,18,1098.26,576.74,32.35,111.84,0.9231,2,1,-1
364,21,1077.50,485.47,34.32,87.73,0.9231,3,0,-1
364,22,1363.90,523.50,40.57,92.80,0.9229,2,2,-1
364,23,191.18,509.51,37.43,98.04,0.9273,2,1,-1
364,38,1467.68,534.26,51.44,101.20,0.9180,2,2,-1
364,41,779.60,504.78,29.19,85.79,0.9252,2,2,-1
364,46,535.10,690.36,66.41,131.10,0.9389,2,1,-1
364,72,946.65,550.90,37.15,95.88,0.9255,2,1,-1
364,73,1604.20,544.84,27.78,104.80,0.8671,2,1,-1
364,0,275.21,612.39,13.34,13.64,1.0,0,-1,-1
365,1,1684.49,581.12,48.51,108.61,0.8995,2,1,-1
365,3,1319.08,531.10,31.24,90.62,0.8790,2,2,-1
365,4,857.21,563.76,34.24,102.17,0.9255,2,2,-1
365,6,1422.80,521.85,39.55,90.71,0.9264,2,2,-1
365,7,234.11,594.56,62.00,111.86,0.9316,2,1,-1
365,13,1527.94,548.79,37.48,101.92,0.8801,2,2,-1
365,14,1298.63,517.48,26.76,89.88,0.8511,2,1,-1
365,15,1573.35,559.99,38.35,99.94,0.8711,2,2,-1
365,18,1099.72,576.85,34.26,111.86,0.9401,2,1,-1
365,21,1077.40,485.59,35.58,88.34,0.9272,3,0,-1
365,22,1366.08,522.79,39.68,93.52,0.9219,2,2,-1
365,23,190.39,509.21,37.83,98.36,0.9262,2,1,-1
365,38,1467.50,534.35,52.40,101.78,0.9194,2,2,-1
365,41,779.32,504.99,28.33,85.53,0.9196,2,2,-1
365,46,544.01,687.80,59.52,133.35,0.9370,2,1,-1
365,72,945.84,550.31,38.37,95.73,0.9285,2,1,-1
365,0,274.07,612.40,14.41,13.70,1.0,0,-1,-1
366,1,1684.19,580.29,49.56,110.04,0.9055,2,1,-1
366,3,1319.00,530.39,31.53,91.38,0.8813,2,2,-1
366,4,859.46,563.14,31.51,102.05,0.9141,2,2,-1
366,6,1423.03,522.90,41.14,90.29,0.9273,2,2,-1
366,7,232.79,594.73,54.61,112.23,0.9378,2,1,-1
366,13,1527.79,548.83,38.16,102.14,0.8690,2,2,-1
366,14,1298.93,518.43,26.05,89.45,0.8421,2,1,-1
366,15,1573.60,560.24,40.66,99.28,0.8793,2,2,-1
366,18,1100.43,576.83,41.27,112.88,0.9301,2,1,-1
366,21,1077.37,485.86,36.48,88.15,0.9209,3,0,-1
366,22,1369.90,522.90,37.69,93.64,0.9200,2,2,-1
366,23,189.53,509.26,37.77,98.27,0.9256,2,1,-1
366,38,1468.67,534.16,52.29,102.94,0.9090,2,2,-1
366,41,778.03,505.05,28.22,86.25,0.9207,2,2,-1
366,46,551.33,686.52,54.90,134.68,0.9298,2,1,-1
366,72,945.12,550.11,39.57,95.52,0.9344,2,1,-1
366,0,273.31,612.18,14.94,13.90,1.0,0,-1,-1
367,1,1685.66,594.63,46.34,95.36,0.8937,2,1,-1
367,3,1318.78,529.62,33.09,92.10,0.8871,2,2,-1
367,4,862.40,563.10,29.65,102.38,0.9099,2,2,-1
367,6,1423.27,523.29,43.80,91.82,0.9286,2,2,-1
367,7,231.78,593.13,44.97,113.82,0.9343,2,1,-1
367,8,1099.46,578.05,53.51,111.55,0.9396,2,1,-1
367,13,1527.64,548.54,38.55,102.87,0.8536,2,2,-1
367,15,1574.44,558.76,44.36,100.72,0.9015,2,2,-1
367,21,1078.04,486.06,37.23,88.78,0.9219,3,0,-1
367,22,1374.65,522.82,35.09,94.41,0.9235,2,2,-1
367,23,189.09,509.25,37.67,98.30,0.9272,2,1,-1
367,38,1473.89,533.37,49.85,106.59,0.9001,2,2,-1
367,41,778.14,505.44,27.61,86.13,0.9220,2,2,-1
367,46,555.07,685.66,53.22,134.82,0.9324,2,1,-1
367,72,947.01,549.90,39.24,95.04,0.9302,2,1,-1
367,0,272.58,612.07,15.94,14.07,1.0,0,-1,-1
368,1,1685.24,595.62,47.18,94.33,0.8684,2,1,-1
368,3,1319.40,530.39,33.48,91.68,0.8899,2,2,-1
368,4,865.27,562.70,28.62,103.02,0.9165,2,2,-1
368,6,1422.97,523.34,43.92,91.74,0.9273,2,2,-1
368,7,230.53,593.17,37.69,113.49,0.9203,2,1,-1
368,8,1099.84,579.28,58.21,110.71,0.9432,2,1,-1
368,13,1527.70,548.85,38.38,102.15,0.7737,2,2,-1
368,15,1574.17,560.09,45.34,99.68,0.9062,2,2,-1
368,21,1078.78,486.53,36.74,88.78,0.9214,3,0,-1
368,22,1376.87,522.93,34.69,94.19,0.9241,2,2,-1
368,23,188.75,509.24,37.24,98.30,0.9245,2,1,-1
368,38,1479.85,532.75,44.21,107.12,0.8997,2,2,-1
368,41,777.71,506.37,27.47,85.46,0.9216,2,2,-1
368,46,559.80,686.83,51.42,134.53,0.9326,2,1,-1
368,72,949.54,549.60,37.56,95.54,0.9245,2,1,-1
368,0,272.40,612.53,15.77,13.96,1.0,0,-1,-1
369,3,1319.13,529.24,33.82,92.55,0.8853,2,2,-1
369,4,868.15,563.36,28.66,102.14,0.9206,2,2,-1
369,6,1424.49,523.02,42.48,91.91,0.9166,2,2,-1
369,7,228.17,593.33,33.57,114.86,0.9133,2,1,-1
369,8,1099.56,579.86,60.65,110.47,0.9492,2,1,-1
369,13,1527.94,548.14,38.43,103.01,0.8226,2,2,-1
369,15,1574.74,562.05,46.31,97.39,0.8971,2,2,-1
369,21,1079.75,486.20,36.03,89.41,0.9250,3,0,-1
369,22,1376.94,523.00,35.80,93.85,0.9228,2,2,-1
369,23,188.75,509.15,37.14,98.60,0.9259,2,1,-1
369,38,1484.15,531.87,39.78,106.14,0.8954,2,2,-1
369,41,777.24,507.15,27.29,84.81,0.9207,2,2,-1
369,46,565.89,688.95,49.45,135.22,0.9259,2,1,-1
369,67,1724.10,607.07,26.05,74.03,0.8580,2,2,-1
369,72,950.63,549.02,36.73,95.88,0.9262,2,1,-1
369,0,271.64,612.39,16.23,13.93,1.0,0,-1,-1
370,3,1319.48,530.76,33.61,90.75,0.8760,2,2,-1
370,4,870.95,563.16,31.28,102.12,0.9284,2,2,-1
370,6,1426.59,522.88,39.49,93.08,0.9075,2,2,-1
370,7,222.68,593.77,31.14,112.12,0.9217,2,1,-1
370,8,1100.77,579.67,61.46,110.51,0.9425,2,1,-1
370,13,1528.12,547.81,38.31,103.17,0.7514,2,2,-1
370,15,1575.24,564.64,46.56,94.80,0.9023,2,2,-1
370,21,1081.00,486.34,34.81,89.17,0.9257,3,0,-1
370,22,1376.24,523.69,37.88,95.31,0.9208,2,2,-1
370,23,188.81,508.89,36.30,98.78,0.9248,2,1,-1
370,38,1486.67,530.87,36.93,106.19,0.8995,2,2,-1
370,41,776.00,507.71,27.60,84.41,0.9208,2,2,-1
370,46,571.22,692.05,48.10,135.55,0.9446,2,1,-1
370,65,1711.09,576.49,31.27,67.12,0.8355,2,1,-1
370,72,951.51,548.94,36.34,95.86,0.9177,2,1,-1
370,0,271.32,612.76,16.37,13.18,1.0,0,-1,-1
371,3,1320.01,529.37,34.26,92.25,0.8636,2,2,-1
371,4,871.57,563.09,34.39,102.28,0.9309,2,2,-1
371,6,1430.35,522.19,34.48,93.82,0.9181,2,2,-1
371,7,213.96,595.43,36.89,112.71,0.9282,2,1,-1
371,8,1101.56,579.37,62.54,110.94,0.9348,2,1,-1
371,13,1528.30,547.63,38.37,103.49,0.6940,2,2,-1
371,15,1576.21,568.33,44.93,91.00,0.8741,2,2,-1
371,21,1082.62,486.22,33.66,89.60,0.9275,3,0,-1
371,22,1376.23,524.38,38.94,94.50,0.9261,2,2,-1
371,23,188.42,509.12,35.83,98.17,0.9258,2,1,-1
371,38,1487.59,530.82,35.91,105.60,0.9077,2,2,-1
371,41,775.68,508.21,27.60,84.53,0.9202,2,2,-1
371,46,575.03,696.03,53.11,134.02,0.9368,2,1,-1
371,65,1712.19,574.88,34.24,66.87,0.8260,2,1,-1
371,72,952.30,549.21,35.84,95.24,0.9155,2,1,-1
371,0,271.31,612.48,16.05,13.62,1.0,0,-1,-1
372,4,871.46,563.58,37.77,102.14,0.9324,2,2,-1
372,6,1431.47,522.04,33.29,94.38,0.9193,2,2,-1
372,7,204.30,597.27,45.74,113.13,0.9312,2,1,-1
372,8,1104.58,579.47,59.49,110.60,0.9392,2,1,-1
372,9,1303.12,517.70,30.63,92.31,0.8552,2,2,-1
372,13,1528.67,548.07,38.25,103.55,0.6427,2,2,-1
372,15,1576.31,566.65,45.60,92.88,0.8305,2,2,-1
372,21,1084.29,486.35,32.29,89.68,0.8970,3,0,-1
372,22,1376.41,525.87,40.51,94.14,0.9286,2,2,-1
372,23,188.35,509.29,35.45,97.79,0.9238,2,1,-1
372,38,1487.93,531.83,35.57,103.96,0.9080,2,2,-1
372,41,774.48,508.84,27.49,84.62,0.9232,2,2,-1
372,46,580.61,700.35,58.95,131.82,0.9388,2,1,-1
372,65,1711.09,574.00,40.23,68.48,0.8169,2,1,-1
372,72,953.07,549.51,35.58,95.24,0.9182,2,1,-1
372,0,270.92,612.48,16.21,13.49,1.0,0,-1,-1
373,4,871.32,563.45,40.43,101.60,0.9331,2,2,-1
373,6,1431.24,522.52,34.15,93.59,0.9073,2,2,-1
373,7,195.95,603.21,53.73,108.32,0.9390,2,1,-1
373,8,1110.23,579.00,53.24,110.04,0.9389,2,1,-1
373,9,1303.90,517.79,30.87,93.44,0.8587,2,2,-1
373,15,1577.30,564.10,45.10,95.25,0.8767,2,2,-1
373,21,1086.45,486.56,30.77,89.20,0.8780,3,0,-1
373,22,1377.28,527.24,41.36,93.84,0.9265,2,2,-1
373,23,188.30,509.33,35.91,97.73,0.9224,2,1,-1
373,38,1487.96,533.26,37.10,102.44,0.9147,2,2,-1
373,41,773.62,508.94,28.18,84.76,0.9248,2,2,-1
373,46,583.95,704.73,64.20,127.44,0.9415,2,1,-1
373,65,1706.32,573.14,48.83,70.53,0.8171,2,1,-1
373,72,954.08,549.45,35.29,95.03,0.9176,2,1,-1
373,0,271.05,612.55,15.97,13.26,1.0,0,-1,-1
374,4,871.08,563.27,42.21,101.89,0.9350,2,2,-1
374,6,1430.34,523.04,35.58,94.34,0.9105,2,2,-1
374,7,191.16,600.11,58.27,111.58,0.9374,2,1,-1
374,9,1304.41,518.07,30.42,93.27,0.8658,2,2,-1
374,15,1576.81,564.36,44.47,94.91,0.8717,2,2,-1
374,18,1118.99,578.14,42.82,110.52,0.9344,2,1,-1
374,21,1087.74,486.64,29.08,89.02,0.9046,3,0,-1
374,22,1378.13,527.71,42.46,93.98,0.9275,2,2,-1
374,23,188.08,509.72,35.10,97.53,0.9213,2,1,-1
374,38,1487.93,534.76,41.09,103.33,0.9081,2,2,-1
374,41,772.19,508.82,29.00,84.65,0.9247,2,2,-1
374,46,583.83,706.62,71.69,129.36,0.9490,2,1,-1
374,65,1709.32,573.33,50.20,68.99,0.7959,2,1,-1
374,72,954.44,549.12,34.84,95.10,0.9173,2,1,-1
374,0,270.18,612.22,16.11,13.69,1.0,0,-1,-1
375,1,1705.40,589.56,43.62,104.75,0.8481,2,1,-1
375,3,1328.13,533.02,30.67,88.27,0.8061,2,2,-1
375,4,871.59,563.23,43.29,102.04,0.9354,2,2,-1
375,6,1430.15,523.97,36.91,94.47,0.9125,2,2,-1
375,7,187.65,600.46,60.78,111.84,0.9348,2,1,-1
375,9,1304.82,518.07,30.46,94.02,0.8439,2,2,-1
375,15,1577.49,559.33,44.01,99.82,0.8666,2,2,-1
375,18,1126.11,576.87,40.31,111.96,0.9231,2,1,-1
375,21,1089.02,487.26,27.88,88.19,0.9104,3,0,-1
375,22,1379.36,528.23,42.97,94.45,0.9254,2,2,-1
375,23,187.95,509.88,34.29,97.41,0.9208,2,1,-1
375,38,1486.73,535.32,44.88,103.91,0.9055,2,2,-1
375,41,770.89,508.93,28.77,84.95,0.9211,2,2,-1
375,46,582.78,706.78,73.83,130.48,0.9518,2,1,-1
375,72,954.67,549.45,34.60,94.85,0.9109,2,1,-1
375,0,269.64,612.17,15.86,14.08,1.0,0,-1,-1
376,1,1708.86,590.02,47.94,105.51,0.8673,2,1,-1
376,3,1329.94,529.33,30.18,91.98,0.8130,2,2,-1
376,4,872.57,563.05,42.99,102.23,0.9307,2,2,-1
376,6,1431.75,525.32,36.63,91.75,0.9171,2,2,-1
376,7,186.16,599.83,59.89,112.84,0.9433,2,1,-1
376,9,1305.08,519.09,30.39,94.54,0.8467,2,2,-1
376,13,1532.21,549.27,36.51,100.89,0.6214,2,2,-1
376,15,1578.84,557.60,42.43,101.98,0.8634,2,2,-1
376,18,1135.56,576.51,35.93,111.17,0.9074,2,1,-1
376,21,1090.31,487.19,27.00,88.26,0.9117,3,0,-1
376,22,1381.82,527.96,42.38,94.52,0.9277,2,2,-1
376,23,188.16,510.01,34.06,97.55,0.9203,2,1,-1
376,38,1486.61,535.59,48.79,106.24,0.9044,2,2,-1
376,41,770.10,508.82,28.11,85.30,0.9190,2,2,-1
376,46,585.44,707.18,75.24,130.39,0.9482,2,1,-1
376,72,955.20,549.34,34.41,94.78,0.9110,2,1,-1
376,0,268.68,612.11,16.63,15.18,1.0,0,-1,-1
377,1,1708.46,593.13,48.27,103.04,0.8671,2,1,-1
377,3,1333.07,532.82,28.60,89.32,0.8139,2,2,-1
377,4,873.23,562.75,42.30,102.61,0.9311,2,2,-1
377,6,1432.59,526.52,37.08,91.17,0.9167,2,2,-1
377,7,185.46,604.39,53.92,108.76,0.9394,2,1,-1
377,9,1305.27,520.00,30.37,93.89,0.8519,2,2,-1
377,13,1534.13,549.56,34.99,101.07,0.7103,2,2,-1
377,15,1580.60,558.94,40.50,101.43,0.8711,2,2,-1
377,18,1140.46,576.35,34.32,112.40,0.9236,2,1,-1
377,21,1091.24,487.32,26.54,88.24,0.9141,3,0,-1
377,22,1384.57,528.30,40.76,94.51,0.9304,2,2,-1
377,23,187.93,510.03,34.84,98.63,0.9214,2,1,-1
377,38,1486.11,535.52,46.40,105.33,0.8912,2,2,-1
377,41,769.15,508.86,28.26,85.68,0.9238,2,2,-1
377,46,591.59,706.96,76.51,131.01,0.9457,2,1,-1
377,72,955.67,548.71,34.37,95.52,0.9158,2,1,-1
377,0,268.37,612.22,16.73,14.83,1.0,0,-1,-1
378,1,1709.88,592.30,46.79,104.36,0.8339,2,1,-1
378,3,1334.93,532.17,28.01,90.15,0.8392,2,2,-1
378,4,875.03,562.52,40.99,101.90,0.9299,2,2,-1
378,6,1433.62,526.96,36.99,91.29,0.9164,2,2,-1
378,7,184.35,608.40,47.68,104.87,0.9376,2,1,-1
378,9,1305.27,521.08,30.73,92.84,0.8142,2,2,-1
378,13,1535.24,549.95,33.93,101.86,0.7106,2,2,-1
378,15,1582.33,562.73,38.30,97.68,0.8792,2,2,-1
378,18,1142.52,576.56,36.09,112.56,0.9253,2,1,-1
378,21,1092.25,487.52,26.60,88.29,0.9158,3,0,-1
378,22,1387.65,527.70,40.34,95.38,0.9251,2,2,-1
378,23,187.80,510.01,35.10,98.94,0.9221,2,1,-1
378,38,1486.37,535.61,44.04,103.23,0.8891,2,2,-1
378,41,768.01,508.74,29.10,86.35,0.9261,2,2,-1
378,46,601.78,705.22,72.52,132.61,0.9424,2,1,-1
378,72,956.03,548.41,33.32,95.36,0.9111,2,1,-1
378,0,268.35,612.27,16.91,14.96,1.0,0,-1,-1
379,1,1707.99,591.29,44.63,105.71,0.8705,2,1,-1
379,3,1336.65,531.40,28.73,90.56,0.8601,2,2,-1
379,4,876.87,562.14,39.66,101.93,0.9231,2,2,-1
379,6,1434.30,527.27,37.77,95.05,0.9221,2,2,-1
379,7,183.08,607.24,39.94,105.65,0.9410,2,1,-1
379,13,1536.08,549.47,33.23,102.73,0.6374,2,2,-1
379,14,1305.15,522.80,27.23,90.78,0.7996,2,1,-1
379,15,1582.03,557.70,38.99,103.29,0.8817,2,2,-1
379,18,1140.90,576.76,42.63,111.71,0.9379,2,1,-1
379,21,1092.88,487.73,27.73,88.82,0.9184,3,0,-1
379,22,1391.22,527.40,38.94,95.95,0.9232,2,2,-1
379,23,187.37,509.87,35.02,99.27,0.9211,2,1,-1
379,38,1487.35,535.55,42.48,102.58,0.8919,2,2,-1
379,41,766.68,508.92,31.23,86.89,0.9261,2,2,-1
379,46,612.74,702.55,66.46,135.88,0.9389,2,1,-1
379,72,956.01,548.00,32.73,95.31,0.9147,2,1,-1
379,0,268.05,612.45,16.79,14.16,1.0,0,-1,-1
380,1,1710.87,592.49,39.51,104.11,0.9014,2,1,-1
380,3,1337.88,530.79,32.20,90.38,0.8568,2,2,-1
380,4,879.28,561.46,38.77,102.39,0.9260,2,2,-1
380,6,1434.34,527.72,38.27,94.46,0.9254,2,2,-1
380,7,182.23,604.78,32.82,107.20,0.9129,2,1,-1
380,13,1536.81,549.39,32.62,103.24,0.5417,2,2,-1
380,14,1305.38,525.18,26.99,90.27,0.7921,2,1,-1
380,15,1582.60,556.89,39.32,104.66,0.8622,2,2,-1
380,18,1139.74,577.69,50.76,111.27,0.9347,2,1,-1
380,21,1093.44,487.63,29.48,89.30,0.9231,3,0,-1
380,22,1394.82,527.85,35.69,94.86,0.9257,2,2,-1
380,23,186.77,509.96,35.54,97.93,0.9292,2,1,-1
380,38,1488.92,535.47,43.30,105.82,0.8654,2,2,-1
380,41,765.33,509.22,32.93,86.79,0.9274,2,2,-1
380,46,620.84,700.77,61.36,136.82,0.9374,2,1,-1
380,72,956.03,547.74,31.30,94.60,0.9136,2,1,-1
380,0,267.72,612.20,16.00,14.23,1.0,0,-1,-1
381,1,1711.65,590.23,38.66,106.39,0.9073,2,1,-1
381,4,881.35,561.09,37.30,103.15,0.9287,2,2,-1
381,6,1436.80,527.85,36.96,93.96,0.9288,2,2,-1
381,7,179.95,602.93,29.11,110.26,0.9078,2,1,-1
381,9,1304.05,523.97,29.49,92.05,0.7894,2,-1,-1
381,10,1335.90,529.21,39.85,92.02,0.8707,2,2,-1
381,13,1537.59,549.05,31.52,102.53,0.5739,2,2,-1
381,15,1581.92,553.68,40.64,109.10,0.8467,2,2,-1
381,18,1139.36,577.87,54.45,110.81,0.9379,2,1,-1
381,21,1093.76,488.13,31.34,88.74,0.9221,3,0,-1
381,22,1397.81,527.96,34.01,96.25,0.9263,2,2,-1
381,23,186.55,509.69,35.87,98.32,0.9263,2,1,-1
381,38,1491.03,535.94,44.09,105.31,0.8727,2,2,-1
381,41,763.20,509.55,34.95,86.75,0.9296,2,2,-1
381,46,626.04,700.07,59.99,138.80,0.9226,2,1,-1
381,72,956.31,547.35,30.64,94.74,0.9159,2,1,-1
381,0,267.29,612.35,16.42,14.18,1.0,0,-1,-1
382,1,1712.74,590.87,38.14,106.37,0.8970,2,1,-1
382,4,884.71,560.89,35.04,102.08,0.9292,2,2,-1
382,6,1437.78,527.89,37.45,94.02,0.9175,2,2,-1
382,7,175.49,603.67,28.66,108.89,0.9171,2,1,-1
382,9,1304.95,523.96,30.63,92.85,0.8000,2,1,-1
382,10,1337.98,529.73,41.27,91.82,0.8948,2,2,-1
382,13,1538.93,548.89,28.67,102.51,0.8205,2,2,-1
382,15,1582.15,557.64,39.54,106.36,0.8586,2,2,-1
382,18,1141.01,578.34,56.94,109.94,0.9347,2,1,-1
382,21,1094.45,488.53,32.25,88.35,0.9197,3,0,-1
382,22,1400.01,528.30,35.40,96.11,0.9268,2,2,-1
382,23,186.24,509.95,36.05,98.26,0.9290,2,1,-1
382,38,1491.83,536.59,40.99,99.84,0.8670,2,2,-1
382,41,760.05,510.32,37.40,85.65,0.9269,2,2,-1
382,46,632.01,698.97,56.10,140.30,0.9335,2,1,-1
382,72,956.65,547.24,30.09,93.98,0.9160,2,1,-1
382,0,266.99,612.70,16.56,13.60,1.0,0,-1,-1
383,1,1714.33,590.50,38.72,106.33,0.8362,2,1,-1
383,4,888.72,560.72,32.12,101.49,0.9241,2,2,-1
383,6,1441.18,527.93,35.95,94.10,0.9131,2,2,-1
383,7,166.91,598.47,36.12,115.30,0.9275,2,1,-1
383,9,1304.98,523.74,30.54,93.71,0.8536,2,1,-1
383,10,1339.41,529.51,42.36,91.96,0.8903,2,2,-1
383,13,1539.38,548.94,27.87,102.89,0.8049,2,2,-1
383,15,1582.80,558.24,39.54,106.64,0.8489,2,2,-1
383,18,1143.51,578.21,57.33,110.20,0.9395,2,1,-1
383,21,1094.76,488.78,32.51,88.68,0.9170,3,0,-1
383,22,1401.40,529.22,36.23,95.55,0.9248,2,2,-1
383,23,186.09,510.02,36.17,98.23,0.9318,2,1,-1
383,30,1494.96,536.39,35.43,101.87,0.7668,2,2,-1
383,41,757.96,510.58,39.36,86.06,0.9280,2,2,-1
383,46,637.74,701.19,53.87,139.71,0.9317,2,1,-1
383,72,956.75,546.61,29.99,94.40,0.9178,2,1,-1
383,0,267.05,612.76,16.32,13.70,1.0,0,-1,-1
384,1,1715.24,591.10,41.22,105.27,0.8870,2,1,-1
384,2,1497.53,537.02,27.51,49.28,0.8201,2,2,-1
384,4,894.08,560.90,31.52,101.31,0.9267,2,2,-1
384,6,1444.19,527.86,34.53,94.44,0.9201,2,2,-1
384,7,159.83,598.05,42.93,115.83,0.9318,2,1,-1
384,9,1305.07,523.86,29.94,93.68,0.8486,2,1,-1
384,10,1339.33,529.69,43.20,91.61,0.8980,2,2,-1
384,13,1539.85,549.37,27.07,103.15,0.8229,2,2,-1
384,15,1583.31,562.64,38.27,102.44,0.8098,2,2,-1
384,18,1146.63,577.83,57.06,109.08,0.9295,2,1,-1
384,21,1094.49,489.11,31.45,89.18,0.9209,3,0,-1
384,22,1402.73,530.43,37.38,95.12,0.9285,2,2,-1
384,23,185.77,510.07,36.12,98.18,0.9318,2,1,-1
384,41,756.26,511.11,40.09,85.61,0.9282,2,2,-1
384,46,643.43,704.39,53.06,140.78,0.9425,2,1,-1
384,72,957.39,546.20,32.23,95.06,0.9227,2,1,-1
384,0,267.09,612.61,15.87,13.83,1.0,0,-1,-1
385,1,1715.12,591.72,43.36,104.57,0.8914,2,1,-1
385,2,1498.24,536.67,28.28,50.76,0.8185,2,2,-1
385,4,895.10,561.12,35.55,101.34,0.9281,2,2,-1
385,6,1445.75,528.18,33.81,94.25,0.9207,2,2,-1
385,7,150.89,599.39,51.29,115.18,0.9427,2,1,-1
385,9,1305.06,523.93,29.74,93.44,0.8691,2,1,-1
385,10,1338.95,529.99,43.97,91.41,0.9057,2,2,-1
385,13,1540.06,549.26,26.20,103.38,0.8800,2,2,-1
385,15,1584.20,562.08,38.53,103.29,0.8423,2,2,-1
385,18,1150.73,577.60,54.53,107.76,0.9283,2,1,-1
385,21,1094.50,488.84,30.84,89.80,0.9242,3,0,-1
385,22,1402.65,531.39,38.91,94.64,0.9225,2,2,-1
385,23,184.92,510.17,36.42,98.21,0.9278,2,1,-1
385,41,754.19,511.48,40.77,86.37,0.9302,2,2,-1
385,46,649.79,707.51,53.46,139.06,0.9403,2,1,-1
385,67,1712.02,572.39,19.61,45.12,0.7519,2,2,-1
385,72,957.14,545.83,33.93,95.14,0.9255,2,1,-1
385,0,266.26,612.52,16.55,14.28,1.0,0,-1,-1
386,1,1718.96,592.61,43.01,99.07,0.8605,2,1,-1
386,3,1344.92,529.44,37.44,91.82,0.8667,2,2,-1
386,4,894.31,561.75,41.52,101.01,0.9362,2,2,-1
386,6,1447.09,528.58,34.67,93.79,0.9252,2,2,-1
386,7,144.40,599.53,56.32,115.99,0.9384,2,1,-1
386,13,1540.15,548.23,25.62,104.82,0.8899,2,2,-1
386,14,1305.16,523.98,28.22,92.81,0.8702,2,1,-1
386,15,1584.96,565.08,38.16,99.89,0.8265,2,2,-1
386,18,1156.64,576.55,50.02,108.48,0.9228,2,1,-1
386,21,1094.60,488.95,30.69,89.79,0.9237,3,0,-1
386,22,1402.85,531.86,41.55,95.28,0.9222,2,2,-1
386,23,184.53,509.77,36.37,98.64,0.9251,2,1,-1
386,30,1500.62,534.93,43.21,111.93,0.8313,2,2,-1
386,41,752.15,511.21,41.17,87.34,0.9306,2,2,-1
386,46,655.94,710.34,58.22,139.44,0.9417,2,1,-1
386,72,956.72,545.48,35.06,95.44,0.9261,2,1,-1
386,73,1710.69,572.40,20.19,58.68,0.7758,2,1,-1
386,0,265.96,612.55,16.07,13.62,1.0,0,-1,-1
387,1,1716.98,590.80,47.59,105.60,0.8851,2,1,-1
387,3,1346.23,528.76,36.93,91.87,0.8561,2,2,-1
387,4,893.51,561.18,46.41,101.25,0.9417,2,2,-1
387,6,1447.99,529.26,36.80,93.68,0.9263,2,2,-1
387,7,139.23,599.91,61.52,117.26,0.9420,2,1,-1
387,13,1539.90,547.88,25.43,104.84,0.8931,2,2,-1
387,14,1305.01,523.97,27.93,92.89,0.8791,2,1,-1
387,15,1585.56,566.75,38.45,98.70,0.8494,2,2,-1
387,18,1161.85,575.16,44.59,109.65,0.9228,2,1,-1
387,21,1094.78,489.09,30.85,89.11,0.9328,3,0,-1
387,22,1402.18,531.88,43.02,96.50,0.9277,2,2,-1
387,23,184.08,509.74,36.58,98.41,0.9283,2,1,-1
387,30,1501.82,534.57,43.30,112.31,0.8689,2,2,-1
387,41,752.02,511.21,39.76,87.09,0.9304,2,2,-1
387,46,662.74,715.10,60.98,134.53,0.9352,2,1,-1
387,72,957.00,545.17,35.46,96.69,0.9258,2,1,-1
387,0,266.00,612.28,16.07,13.98,1.0,0,-1,-1
388,1,1715.84,590.06,50.56,107.01,0.9120,2,1,-1
388,3,1347.54,527.82,35.19,92.47,0.8590,2,2,-1
388,4,893.02,561.34,47.73,101.59,0.9407,2,2,-1
388,6,1448.00,530.66,39.41,93.09,0.9286,2,2,-1
388,7,136.20,600.62,63.93,116.98,0.9424,2,1,-1
388,13,1538.67,547.85,26.04,105.05,0.8957,2,2,-1
388,14,1305.25,524.03,28.13,92.93,0.8824,2,1,-1
388,15,1585.80,565.21,39.11,100.15,0.8362,2,2,-1
388,18,1170.39,574.66,37.09,109.98,0.9220,2,1,-1
388,21,1094.91,489.01,30.52,88.86,0.9352,3,0,-1
388,22,1401.64,531.61,43.85,96.54,0.9290,2,2,-1
388,23,183.01,510.07,36.30,97.55,0.9281,2,1,-1
388,30,1503.92,535.75,41.41,110.65,0.7376,2,2,-1
388,41,750.70,511.36,38.45,87.39,0.9299,2,2,-1
388,46,665.58,717.40,66.96,136.49,0.9469,2,1,-1
388,72,957.30,545.17,34.86,96.09,0.9229,2,1,-1
388,0,264.68,612.24,16.06,13.59,1.0,0,-1,-1
389,1,1715.58,589.85,51.15,107.44,0.9153,2,1,-1
389,4,893.88,560.99,47.81,102.08,0.9361,2,2,-1
389,6,1448.69,531.17,39.67,92.70,0.9256,2,2,-1
389,7,133.75,600.63,64.40,116.57,0.9346,2,1,-1
389,9,1328.15,520.81,28.85,95.94,0.8799,2,1,-1
389,13,1538.47,548.32,26.16,104.43,0.9018,2,2,-1
389,15,1588.29,564.73,34.61,100.30,0.8554,2,2,-1
389,18,1174.72,574.37,34.46,111.26,0.9205,2,1,-1
389,21,1095.32,488.80,31.06,89.14,0.9232,3,0,-1
389,22,1404.23,530.92,42.48,97.45,0.9199,2,2,-1
389,23,182.17,510.17,36.21,97.25,0.9292,2,1,-1
389,30,1502.24,534.98,41.16,111.86,0.8771,2,2,-1
389,41,750.06,511.20,35.19,87.92,0.9275,2,2,-1
389,46,666.16,719.04,71.36,136.85,0.9478,2,1,-1
389,72,957.90,544.89,34.35,96.28,0.9201,2,1,-1
389,0,264.11,611.76,15.61,14.52,1.0,0,-1,-1
390,1,1714.38,590.41,52.36,107.57,0.9148,2,1,-1
390,3,1351.74,526.28,30.68,94.25,0.8679,2,2,-1
390,4,895.49,561.36,46.12,101.40,0.9301,2,2,-1
390,6,1448.60,532.18,40.83,94.52,0.9152,2,2,-1
390,7,133.04,600.36,62.41,116.92,0.9328,2,1,-1
390,9,1328.83,521.61,28.63,95.22,0.8822,2,1,-1
390,13,1537.96,548.42,26.41,104.24,0.8968,2,2,-1
390,14,1304.81,525.02,28.64,92.89,0.8850,2,1,-1
390,15,1589.26,565.93,31.29,98.99,0.8547,2,2,-1
390,18,1176.76,574.88,37.39,110.99,0.9228,2,1,-1
390,21,1096.54,489.09,30.91,88.87,0.8707,3,0,-1
390,22,1409.16,531.04,39.79,97.37,0.9347,2,2,-1
390,23,181.64,510.32,36.37,97.42,0.9276,2,1,-1
390,30,1504.16,535.70,39.66,111.69,0.8206,2,2,-1
390,41,753.87,511.46,30.19,87.72,0.9201,2,2,-1
390,46,666.32,720.73,71.26,135.61,0.9480,2,1,-1
390,72,958.33,545.29,34.22,95.48,0.9203,2,1,-1
390,0,263.62,612.20,16.24,13.88,1.0,0,-1,-1
391,1,1714.07,590.03,52.54,107.94,0.9165,2,1,-1
391,3,1356.06,526.34,26.66,94.46,0.8868,2,2,-1
391,4,897.84,561.16,43.80,101.03,0.9327,2,2,-1
391,6,1450.18,532.82,40.41,93.78,0.9110,2,2,-1
391,7,130.84,599.23,56.96,117.90,0.9348,2,1,-1
391,9,1328.97,522.89,29.59,95.93,0.8793,2,1,-1
391,13,1538.18,547.70,26.35,105.06,0.9004,2,2,-1
391,14,1305.10,525.43,28.46,92.45,0.8927,2,1,-1
391,15,1591.87,566.57,28.45,98.30,0.8423,2,2,-1
391,18,1178.17,574.94,44.71,111.73,0.9206,2,1,-1
391,21,1096.62,489.21,31.73,88.74,0.9217,3,0,-1
391,22,1413.39,530.85,37.22,97.97,0.9294,2,2,-1
391,23,181.12,510.30,36.52,97.44,0.9282,2,1,-1
391,30,1502.38,534.82,40.50,112.91,0.8537,2,2,-1
391,41,753.70,511.61,27.41,87.44,0.9190,2,2,-1
391,46,671.45,721.29,67.94,134.79,0.9457,2,1,-1
391,72,958.44,545.63,33.60,94.92,0.9184,2,1,-1
391,0,263.79,612.39,15.36,13.48,1.0,0,-1,-1
392,1,1713.94,589.65,51.73,108.16,0.9161,2,1,-1
392,3,1359.65,526.72,23.84,92.97,0.8801,2,2,-1
392,4,901.05,560.94,40.65,101.65,0.9271,2,2,-1
392,6,1451.24,532.32,40.17,95.11,0.9135,2,2,-1
392,7,130.47,599.50,46.69,117.96,0.9321,2,1,-1
392,9,1329.59,523.17,29.82,95.43,0.8651,2,1,-1
392,13,1537.93,547.62,26.41,105.35,0.8955,2,2,-1
392,14,1305.06,526.53,28.37,91.19,0.8874,2,1,-1
392,15,1593.00,565.63,26.11,98.04,0.8422,2,2,-1
392,18,1177.90,575.09,54.26,111.64,0.9356,2,1,-1
392,21,1097.13,489.40,32.03,88.67,0.8982,3,0,-1
392,22,1416.58,530.56,35.93,98.03,0.9216,2,2,-1
392,23,180.97,510.21,36.50,97.64,0.9266,2,1,-1
392,30,1503.44,535.28,38.99,111.88,0.8338,2,2,-1
392,41,753.04,511.51,26.61,87.39,0.9135,2,2,-1
392,46,679.78,719.94,64.20,136.81,0.9382,2,1,-1
392,72,958.75,545.51,33.34,94.51,0.9184,2,1,-1
392,73,1707.32,573.80,20.27,52.41,0.5138,2,1,-1
392,0,263.53,612.06,15.47,13.84,1.0,0,-1,-1
393,1,1715.54,589.08,49.08,108.33,0.9093,2,1,-1
393,3,1362.75,526.36,22.67,92.38,0.8817,2,2,-1
393,4,903.45,560.48,37.98,101.15,0.9322,2,2,-1
393,6,1452.02,531.98,39.94,95.40,0.9147,2,2,-1
393,7,129.42,598.51,39.63,118.90,0.9289,2,1,-1
393,9,1329.35,522.86,29.99,95.04,0.8831,2,1,-1
393,13,1537.92,547.95,26.06,104.52,0.8951,2,2,-1
393,14,1305.17,526.82,28.17,91.14,0.8873,2,1,-1
393,18,1178.38,574.94,60.10,112.02,0.9305,2,1,-1
393,21,1097.62,489.08,33.42,89.55,0.9174,3,0,-1
393,22,1417.86,530.21,36.56,98.83,0.9260,2,2,-1
393,23,180.51,510.24,36.69,97.49,0.9253,2,1,-1
393,38,1511.57,545.59,31.04,101.06,0.8183,2,2,-1
393,41,752.16,511.80,26.41,87.40,0.9144,2,2,-1
393,46,690.16,718.37,57.28,137.85,0.9482,2,1,-1
393,71,1603.48,547.29,21.21,68.56,0.8008,2,1,-1
393,72,959.17,545.17,32.83,94.31,0.9162,2,1,-1
393,0,263.23,611.96,15.64,14.20,1.0,0,-1,-1
394,1,1716.15,589.57,48.30,108.17,0.9106,2,1,-1
394,3,1364.28,526.06,25.27,94.46,0.8906,2,2,-1
394,4,906.65,560.33,35.23,101.30,0.9245,2,2,-1
394,6,1455.46,531.71,37.83,96.14,0.9149,2,2,-1
394,7,127.76,598.99,34.01,118.03,0.9283,2,1,-1
394,9,1330.04,522.66,29.63,95.59,0.8875,2,1,-1
394,13,1536.75,548.01,26.90,104.48,0.8929,2,2,-1
394,14,1305.23,527.09,27.99,91.99,0.8825,2,1,-1
394,18,1176.87,575.56,62.30,111.33,0.9286,2,1,-1
394,21,1097.73,489.25,34.65,89.31,0.9226,3,0,-1
394,22,1418.68,531.41,37.41,98.40,0.9185,2,2,-1
394,23,180.31,510.38,36.67,97.42,0.9238,2,1,-1
394,30,1499.42,534.65,42.01,112.34,0.8949,2,2,-1
394,41,750.43,511.81,26.09,87.72,0.9178,2,2,-1
394,46,696.80,716.26,54.26,140.50,0.9311,2,1,-1
394,71,1602.50,547.60,21.03,66.22,0.7715,2,1,-1
394,72,959.49,545.19,32.68,94.11,0.9183,2,1,-1
394,0,263.20,612.17,15.23,13.93,1.0,0,-1,-1
395,1,1717.50,589.22,47.08,108.03,0.9107,2,1,-1
395,3,1364.60,525.65,27.91,94.49,0.8998,2,2,-1
395,4,912.17,560.33,30.49,100.58,0.9231,2,2,-1
395,6,1457.99,531.22,35.69,95.80,0.9126,2,2,-1
395,7,124.58,599.58,32.26,117.30,0.9339,2,1,-1
395,9,1329.79,522.51,29.91,96.40,0.8929,2,1,-1
395,13,1535.54,548.11,27.82,104.03,0.8927,2,2,-1
395,14,1305.45,527.11,27.90,93.60,0.8810,2,1,-1
395,18,1177.88,575.44,61.19,110.77,0.9323,2,1,-1
395,21,1097.75,489.37,35.39,89.84,0.9031,3,0,-1
395,22,1418.17,532.06,39.78,98.41,0.9237,2,2,-1
395,23,179.95,510.07,37.00,97.76,0.9252,2,1,-1
395,30,1498.16,534.32,42.81,113.20,0.9068,2,2,-1
395,41,748.60,511.86,27.02,88.19,0.9216,2,2,-1
395,46,699.75,715.95,54.22,142.05,0.9437,2,1,-1
395,71,1604.95,547.60,21.22,65.19,0.8050,2,1,-1
395,72,960.45,545.27,32.10,93.66,0.9106,2,1,-1
395,0,263.17,612.43,15.21,13.71,1.0,0,-1,-1
396,1,1718.02,589.00,46.38,107.96,0.9050,2,1,-1
396,3,1364.67,525.35,29.74,94.49,0.9027,2,2,-1
396,4,915.82,559.54,27.40,101.18,0.9213,2,2,-1
396,6,1460.54,530.94,34.03,95.91,0.9116,2,2,-1
396,7,117.57,600.35,33.59,117.75,0.9310,2,1,-1
396,9,1329.83,522.35,29.62,96.29,0.8917,2,1,-1
396,13,1534.25,547.96,28.90,104.12,0.8841,2,2,-1
396,14,1305.64,527.24,27.94,93.55,0.8773,2,1,-1
396,18,1180.60,574.65,58.20,111.66,0.9356,2,1,-1
396,21,1098.21,488.95,36.44,90.27,0.9141,3,0,-1
396,22,1417.74,533.39,41.06,96.42,0.9207,2,2,-1
396,23,179.68,510.11,36.86,97.46,0.9233,2,1,-1
396,30,1497.47,534.11,43.12,112.94,0.8900,2,2,-1
396,41,745.87,512.08,28.62,88.39,0.9159,2,2,-1
396,46,704.04,716.71,54.28,142.31,0.9347,2,1,-1
396,71,1605.27,547.69,21.52,65.65,0.7710,2,1,-1
396,72,961.53,545.40,31.12,93.34,0.9100,2,1,-1
396,0,262.76,612.43,14.81,13.75,1.0,0,-1,-1
397,1,1719.17,588.94,45.34,107.98,0.9001,2,1,-1
397,3,1364.21,526.82,31.38,93.38,0.9073,2,2,-1
397,4,917.97,559.37,25.93,101.04,0.9243,2,2,-1
397,6,1462.04,530.83,33.25,96.45,0.9131,2,2,-1
397,7,109.34,601.42,39.92,118.59,0.9317,2,1,-1
397,9,1330.11,522.37,29.19,96.22,0.8931,2,1,-1
397,13,1534.14,548.58,28.80,102.97,0.8789,2,2,-1
397,14,1305.42,527.40,28.79,93.93,0.8799,2,1,-1
397,15,1591.54,562.63,25.93,102.11,0.8025,2,2,-1
397,18,1182.91,574.58,54.95,111.17,0.9284,2,1,-1
397,21,1098.30,489.88,37.09,89.20,0.9182,3,0,-1
397,22,1417.85,534.61,43.31,95.39,0.9187,2,2,-1
397,23,179.31,509.99,36.75,97.62,0.9218,2,1,-1
397,30,1497.12,534.11,43.64,113.06,0.8929,2,2,-1
397,41,744.79,512.70,29.04,87.74,0.9172,2,2,-1
397,46,708.46,718.08,54.27,144.03,0.9312,2,1,-1
397,72,964.70,545.32,28.54,93.07,0.9091,2,1,-1
397,0,262.07,612.60,15.14,13.52,1.0,0,-1,-1
398,1,1718.85,589.06,45.30,107.76,0.9075,2,1,-1
398,3,1363.56,526.89,31.99,93.31,0.9016,2,2,-1
398,4,920.37,559.14,25.75,101.78,0.9138,2,2,-1
398,6,1463.37,531.66,32.86,96.06,0.9109,2,2,-1
398,7,101.78,602.46,48.04,119.21,0.9403,2,1,-1
398,9,1330.52,522.70,28.49,95.77,0.8974,2,1,-1
398,13,1534.74,549.10,28.44,102.37,0.8509,2,2,-1
398,14,1305.02,525.96,29.12,95.13,0.8747,2,1,-1
398,15,1590.95,562.62,26.17,102.37,0.7925,2,2,-1
398,18,1191.41,578.38,47.01,106.63,0.9278,2,1,-1
398,21,1099.13,489.65,37.29,90.59,0.9203,3,0,-1
398,22,1417.76,535.05,44.92,96.76,0.9250,2,2,-1
398,23,178.97,509.95,36.72,97.84,0.9232,2,1,-1
398,30,1497.22,533.67,43.87,113.10,0.8902,2,-1,-1
398,41,744.69,513.07,28.48,87.34,0.9134,2,2,-1
398,46,715.10,720.14,54.08,145.34,0.9379,2,1,-1
398,72,967.73,544.90,26.39,93.96,0.8996,2,1,-1
398,0,261.47,612.68,15.73,13.45,1.0,0,-1,-1
399,1,1718.45,589.11,45.19,107.72,0.9068,2,1,-1
399,3,1364.05,527.42,32.87,93.25,0.9003,2,2,-1
399,4,921.62,558.95,26.83,102.09,0.9175,2,2,-1
399,6,1464.45,532.65,32.68,96.93,0.9141,2,2,-1
399,7,93.65,602.92,55.26,119.55,0.9351,2,1,-1
399,9,1330.87,523.13,27.91,95.95,0.9013,2,-1,-1
399,13,1533.90,549.28,28.64,102.28,0.8021,2,2,-1
399,14,1305.22,527.59,29.73,93.16,0.8846,2,1,-1
399,15,1590.98,562.78,26.31,102.41,0.8474,2,2,-1
399,18,1198.16,575.91,43.45,109.07,0.9219,2,1,-1
399,21,1099.71,489.90,36.79,89.20,0.9188,3,0,-1
399,22,1418.06,535.62,45.86,96.80,0.9350,2,2,-1
399,23,179.01,510.07,36.52,97.69,0.9239,2,1,-1
399,30,1497.65,533.73,43.13,113.15,0.8825,2,1,-1
399,41,744.44,512.98,28.22,87.44,0.9127,2,2,-1
399,46,720.16,725.48,58.25,141.42,0.9410,2,1,-1
399,72,970.41,544.92,25.06,93.76,0.8902,2,1,-1
399,0,261.33,612.64,15.60,13.49,1.0,0,-1,-1
400,1,1717.46,588.52,45.94,108.30,0.9133,2,1,-1
400,3,1363.64,527.67,33.65,93.24,0.9014,2,2,-1
400,4,922.54,558.84,30.11,102.14,0.9253,2,2,-1
400,6,1465.80,533.12,32.26,97.02,0.9046,2,2,-1
400,7,87.09,603.06,61.33,120.25,0.9343,2,1,-1
400,9,1330.66,523.67,27.56,95.70,0.8963,2,2,-1
400,14,1304.94,528.09,30.45,92.67,0.8834,2,1,-1
400,15,1590.95,563.01,26.21,101.56,0.8409,2,2,-1
400,18,1207.09,577.78,39.30,107.30,0.9047,2,1,-1
400,21,1100.96,490.08,36.02,88.69,0.9187,3,0,-1
400,22,1419.71,536.10,45.78,96.86,0.9298,2,2,-1
400,23,179.04,510.06,36.35,97.56,0.9250,2,1,-1
400,30,1500.02,533.97,44.34,112.83,0.8824,2,1,-1
400,41,744.02,513.09,27.46,87.16,0.9146,2,2,-1
400,46,726.20,728.53,63.29,139.56,0.9443,2,1,-1
400,72,973.14,544.70,23.80,92.73,0.8812,2,1,-1
400,0,261.23,612.74,15.49,13.21,1.0,0,-1,-1
401,1,1714.29,588.61,47.59,108.37,0.9175,2,1,-1
401,3,1363.58,527.54,33.45,93.16,0.9032,2,2,-1
401,4,922.82,558.46,33.05,102.18,0.9287,2,2,-1
401,6,1466.90,533.65,31.96,96.71,0.9144,2,2,-1
401,7,83.34,602.71,64.50,120.97,0.9266,2,1,-1
401,14,1304.84,528.32,31.24,92.76,0.8901,2,1,-1
401,15,1588.37,562.47,28.45,101.77,0.8745,2,2,-1
401,18,1213.31,574.16,36.15,110.95,0.8836,2,1,-1
401,21,1101.70,490.97,35.37,89.12,0.9195,3,0,-1
401,22,1421.56,536.28,45.28,96.40,0.9305,2,2,-1
401,23,178.84,509.91,36.34,97.59,0.9248,2,1,-1
401,30,1500.62,533.96,43.80,113.14,0.8827,2,1,-1
401,41,743.36,512.72,27.37,87.57,0.9163,2,2,-1
401,46,733.88,731.01,66.00,140.79,0.9486,2,1,-1
401,72,974.84,543.88,23.96,93.34,0.8964,2,1,-1
401,0,260.69,612.60,15.83,13.10,1.0,0,-1,-1
402,1,1713.78,588.57,47.07,108.07,0.9053,2,1,-1
402,3,1363.91,527.41,32.68,92.94,0.9005,2,2,-1
402,4,923.59,558.17,35.19,102.58,0.9325,2,2,-1
402,6,1467.65,534.43,31.87,97.59,0.9150,2,2,-1
402,7,78.87,602.50,66.63,120.73,0.9293,2,1,-1
402,8,1102.60,491.46,34.25,89.01,0.9196,2,1,-1
402,14,1304.84,528.42,31.64,93.74,0.8893,2,1,-1
402,15,1587.44,562.89,29.76,102.14,0.8855,2,2,-1
402,18,1216.65,574.81,35.48,109.36,0.8822,2,1,-1
402,22,1423.83,536.40,43.67,96.96,0.9300,2,2,-1
402,23,178.61,510.05,35.78,97.15,0.9241,2,1,-1
402,30,1501.72,534.01,42.03,113.29,0.8489,2,1,-1
402,41,742.98,512.84,27.04,87.63,0.9132,2,2,-1
402,46,738.14,732.96,67.13,141.46,0.9498,2,1,-1
402,72,975.84,544.53,25.91,93.16,0.8961,2,1,-1
402,0,259.97,612.44,15.86,13.10,1.0,0,-1,-1
403,1,1712.28,588.99,48.21,107.53,0.9097,2,1,-1
403,3,1364.32,527.24,31.60,93.60,0.9014,2,2,-1
403,4,923.96,558.38,35.84,102.47,0.9292,2,2,-1
403,6,1467.86,534.93,31.92,97.10,0.9187,2,2,-1
403,7,74.80,602.79,68.11,120.79,0.9177,2,1,-1
403,8,1103.00,491.53,33.50,89.14,0.9197,2,1,-1
403,9,1330.78,525.57,26.93,95.29,0.8741,2,2,-1
403,15,1587.02,562.93,30.72,101.99,0.8835,2,2,-1
403,18,1217.86,572.57,38.15,111.82,0.9221,2,1,-1
403,22,1425.95,536.25,40.69,97.35,0.9248,2,2,-1
403,23,178.30,509.78,35.89,97.79,0.9257,2,1,-1
403,30,1502.91,534.02,39.82,112.99,0.8525,2,1,-1
403,41,742.03,512.98,26.93,87.89,0.9107,2,2,-1
403,46,738.51,734.78,70.75,142.47,0.9475,2,1,-1
403,72,976.33,544.56,28.94,93.77,0.8955,2,1,-1
403,0,259.98,612.47,15.76,13.28,1.0,0,-1,-1
404,1,1711.27,588.19,48.84,109.01,0.9109,2,1,-1
404,3,1365.44,527.11,30.02,92.96,0.9022,2,2,-1
404,4,924.45,558.57,37.32,102.97,0.9288,2,2,-1
404,6,1468.25,535.21,32.64,97.12,0.9123,2,2,-1
404,7,73.36,602.10,65.94,120.82,0.9282,2,1,-1
404,8,1104.39,491.83,32.30,89.01,0.9202,2,1,-1
404,9,1330.79,526.20,26.68,95.14,0.8704,2,2,-1
404,15,1586.99,563.47,30.90,101.07,0.8890,2,2,-1
404,18,1218.47,573.49,43.30,110.47,0.9289,2,1,-1
404,22,1429.96,535.95,36.98,97.42,0.9236,2,2,-1
404,23,178.20,509.97,36.01,97.65,0.9283,2,1,-1
404,30,1504.70,533.99,37.27,112.99,0.8551,2,1,-1
404,41,741.46,513.07,27.27,87.67,0.9147,2,2,-1
404,46,739.34,736.79,71.09,139.96,0.9446,2,1,-1
404,72,976.55,545.95,31.92,92.22,0.9124,2,1,-1
404,0,259.16,612.56,16.55,13.01,1.0,0,-1,-1
405,1,1711.56,588.56,47.70,108.54,0.9072,2,1,-1
405,3,1365.58,526.79,29.67,93.57,0.8980,2,2,-1
405,4,925.96,558.81,37.76,102.80,0.9336,2,2,-1
405,6,1468.73,535.19,33.05,97.29,0.9099,2,2,-1
405,7,72.76,602.06,62.33,120.68,0.9274,2,1,-1
405,8,1105.33,491.36,31.47,89.44,0.9059,2,1,-1
405,9,1330.78,525.73,26.83,94.77,0.8552,2,2,-1
405,15,1586.81,563.36,31.05,101.59,0.8893,2,2,-1
405,18,1219.19,574.68,47.76,109.43,0.9311,2,1,-1
405,22,1433.45,535.84,33.83,98.04,0.9245,2,2,-1
405,23,178.13,509.97,36.15,97.73,0.9300,2,1,-1
405,30,1507.27,533.96,37.60,112.99,0.7807,2,1,-1
405,41,739.38,513.36,29.33,87.37,0.9206,2,2,-1
405,46,742.03,738.02,69.93,139.89,0.9449,2,1,-1
405,72,976.47,545.82,34.33,92.29,0.9179,2,1,-1
405,0,259.38,612.42,16.38,13.04,1.0,0,-1,-1
406,1,1711.27,588.89,47.14,108.04,0.9097,2,1,-1
406,3,1366.04,526.57,29.03,93.82,0.8943,2,2,-1
406,4,926.51,558.50,38.14,103.15,0.9331,2,2,-1
406,6,1469.57,535.05,32.50,96.58,0.9058,2,2,-1
406,7,72.29,601.60,56.75,122.03,0.9245,2,1,-1
406,8,1106.34,490.92,30.44,89.83,0.9065,2,1,-1
406,14,1308.26,530.15,30.95,92.51,0.8418,2,1,-1
406,15,1587.41,563.52,30.56,101.58,0.8861,2,2,-1
406,18,1219.73,573.66,50.80,110.47,0.9323,2,1,-1
406,22,1436.27,536.11,33.57,98.92,0.9194,2,2,-1
406,23,178.13,509.93,36.11,97.76,0.9308,2,1,-1
406,30,1507.51,533.93,35.96,112.21,0.7600,2,1,-1
406,41,736.31,513.27,32.17,87.35,0.9234,2,2,-1
406,46,748.61,737.64,65.47,140.41,0.9495,2,1,-1
406,72,976.45,544.72,36.98,93.56,0.9288,2,1,-1
406,0,259.38,612.22,16.27,13.24,1.0,0,-1,-1
407,1,1711.13,588.56,46.91,108.25,0.9145,2,1,-1
407,3,1365.96,526.08,29.14,94.48,0.8821,2,2,-1
407,4,927.51,558.32,39.06,103.21,0.9393,2,2,-1
407,6,1470.55,534.94,32.52,95.64,0.9059,2,2,-1
407,7,73.54,602.73,48.03,120.31,0.9302,2,1,-1
407,8,1107.31,490.73,29.26,90.12,0.9093,2,1,-1
407,14,1309.60,531.68,31.67,91.35,0.8714,2,1,-1
407,15,1586.21,563.47,31.06,101.57,0.8738,2,2,-1
407,18,1221.00,574.61,52.17,108.81,0.9315,2,1,-1
407,22,1439.15,536.40,34.02,98.62,0.9193,2,2,-1
407,23,178.16,509.68,35.93,97.66,0.9292,2,1,-1
407,30,1508.97,533.56,35.71,112.14,0.6615,2,1,-1
407,41,733.11,513.42,35.21,87.22,0.9239,2,2,-1
407,46,756.40,735.89,59.89,143.56,0.9411,2,1,-1
407,72,976.19,544.38,38.58,94.14,0.9320,2,1,-1
407,75,1687.60,574.22,30.38,108.13,0.8989,2,-1,-1
407,0,259.92,612.27,15.69,13.12,1.0,0,-1,-1
408,1,1710.87,588.65,46.81,107.84,0.9186,2,1,-1
408,3,1366.47,525.93,28.55,94.28,0.8815,2,2,-1
408,4,926.84,558.29,41.45,102.64,0.9349,2,2,-1
408,6,1471.90,534.95,32.20,95.63,0.9020,2,2,-1
408,7,72.30,603.95,44.19,119.49,0.9339,2,1,-1
408,8,1108.47,490.89,28.01,89.87,0.9012,2,1,-1
408,14,1309.31,531.03,32.05,93.54,0.8862,2,1,-1
408,15,1585.15,565.46,32.13,100.14,0.8692,2,2,-1
408,18,1223.65,574.02,50.94,108.99,0.9204,2,1,-1
408,22,1439.81,537.49,34.52,98.39,0.9244,2,2,-1
408,23,178.02,509.78,36.22,97.66,0.9311,2,1,-1
408,30,1510.18,533.43,35.81,112.58,0.6323,2,1,-1
408,41,731.12,513.48,37.08,88.16,0.9222,2,2,-1
408,46,767.06,734.36,52.59,144.46,0.9356,2,1,-1
408,72,976.13,544.28,39.93,93.94,0.9330,2,1,-1
408,75,1686.15,574.22,31.11,107.70,0.9105,2,-1,-1
408,0,259.67,612.42,15.96,12.62,1.0,0,-1,-1
409,1,1710.47,588.54,46.65,107.43,0.9168,2,1,-1
409,3,1367.06,525.79,27.60,94.15,0.8910,2,2,-1
409,4,927.25,558.28,43.89,102.30,0.9290,2,2,-1
409,6,1472.58,535.02,32.21,98.09,0.9042,2,2,-1
409,7,65.56,604.75,47.69,119.10,0.9376,2,1,-1
409,8,1109.52,491.24,27.33,89.44,0.8214,2,1,-1
409,14,1311.39,529.66,32.71,94.83,0.8686,2,1,-1
409,15,1584.50,567.24,32.81,98.34,0.8618,2,2,-1
409,18,1227.50,574.55,49.18,106.04,0.9240,2,1,-1
409,22,1441.35,538.94,34.17,96.91,0.9260,2,2,-1
409,23,177.95,509.63,36.11,97.67,0.9300,2,1,-1
409,30,1510.81,533.29,36.13,111.81,0.7776,2,1,-1
409,41,730.35,513.32,37.65,88.54,0.9248,2,2,-1
409,46,772.37,732.19,49.94,145.41,0.9361,2,1,-1
409,72,976.36,544.44,40.00,93.60,0.9294,2,1,-1
409,75,1684.44,574.43,32.01,108.88,0.9143,2,-1,-1
409,0,259.58,612.16,15.79,13.05,1.0,0,-1,-1
410,1,1709.39,588.23,46.25,107.35,0.9213,2,1,-1
410,3,1367.45,525.87,26.74,93.73,0.8839,2,2,-1
410,4,930.47,557.53,44.03,102.18,0.9296,2,2,-1
410,6,1472.02,535.23,33.46,99.36,0.8913,2,2,-1
410,7,57.70,606.86,54.98,118.39,0.9413,2,1,-1
410,8,1110.38,491.71,26.52,89.22,0.8949,2,1,-1
410,14,1312.50,528.99,32.80,96.24,0.8412,2,1,-1
410,15,1585.21,570.67,31.74,94.39,0.7462,2,2,-1
410,18,1232.20,573.98,46.46,106.13,0.9065,2,1,-1
410,22,1442.54,539.52,34.53,97.46,0.9120,2,2,-1
410,23,177.93,509.69,36.12,97.54,0.9297,2,1,-1
410,30,1511.07,533.31,36.56,111.27,0.7442,2,1,-1
410,41,729.77,513.64,38.15,89.04,0.9232,2,2,-1
410,46,775.71,733.43,50.75,146.37,0.9380,2,1,-1
410,72,976.23,545.11,40.27,92.90,0.9294,2,1,-1
410,75,1683.45,574.46,32.22,107.54,0.9079,2,2,-1
410,0,259.15,612.16,16.12,13.06,1.0,0,-1,-1
411,1,1708.83,587.72,45.86,108.46,0.9182,2,1,-1
411,3,1366.58,525.41,27.26,94.70,0.8788,2,2,-1
411,4,933.63,556.92,42.90,102.17,0.9218,2,2,-1
411,6,1473.07,535.61,34.65,98.80,0.8830,2,2,-1
411,7,51.91,607.32,61.22,119.00,0.9442,2,1,-1
411,8,1112.03,492.14,26.17,88.35,0.9125,2,1,-1
411,14,1315.37,530.47,30.46,94.48,0.8548,2,1,-1
411,15,1584.60,570.24,33.39,94.99,0.8462,2,2,-1
411,18,1238.68,572.90,41.68,107.70,0.9300,2,1,-1
411,22,1443.83,540.22,35.07,96.64,0.9104,2,2,-1
411,23,177.92,509.67,35.82,97.32,0.9305,2,1,-1
411,30,1510.92,533.27,36.43,109.60,0.6230,2,1,-1
411,41,729.46,513.55,38.37,89.00,0.9223,2,2,-1
411,46,778.80,734.49,50.58,147.72,0.9295,2,1,-1
411,72,976.91,544.53,40.12,93.36,0.9259,2,1,-1
411,75,1682.13,574.40,33.04,106.78,0.9097,2,2,-1
411,0,259.13,612.07,15.94,12.96,1.0,0,-1,-1
412,1,1708.13,586.88,43.86,108.29,0.9205,2,1,-1
412,3,1366.47,525.12,26.39,94.90,0.8805,2,2,-1
412,4,939.49,556.40,39.34,101.76,0.9282,2,2,-1
412,7,48.24,608.66,65.18,119.00,0.9428,2,1,-1
412,8,1112.73,492.01,26.74,88.11,0.9149,2,-1,-1
412,14,1317.83,530.58,30.01,95.97,0.8132,2,1,-1
412,15,1584.73,570.08,34.79,95.08,0.8598,2,2,-1
412,18,1245.74,571.57,35.43,108.16,0.9291,2,1,-1
412,22,1444.08,540.10,35.63,96.78,0.8990,2,2,-1
412,23,177.99,509.67,35.94,97.49,0.9312,2,1,-1
412,30,1509.76,533.05,37.44,110.84,0.7359,2,1,-1
412,41,730.19,513.92,37.67,88.60,0.9229,2,2,-1
412,46,782.20,737.67,50.69,144.18,0.9303,2,1,-1
412,72,978.86,544.43,38.76,92.76,0.9184,2,1,-1
412,75,1680.77,574.79,33.49,105.51,0.9028,2,2,-1
412,0,259.52,612.14,15.70,12.63,1.0,0,-1,-1
413,1,1706.56,586.77,41.49,108.72,0.9229,2,1,-1
413,3,1366.47,524.70,25.80,95.01,0.8825,2,2,-1
413,4,943.97,556.49,37.10,101.61,0.9274,2,2,-1
413,7,45.65,609.46,67.20,118.62,0.9327,2,1,-1
413,8,1113.13,491.78,27.15,88.68,0.9169,3,0,-1
413,14,1319.57,531.23,28.91,93.06,0.8257,2,1,-1
413,15,1584.57,569.72,35.31,95.52,0.8329,2,2,-1
413,18,1251.06,570.40,32.77,109.19,0.9256,2,1,-1
413,22,1444.93,540.45,35.96,96.94,0.8926,2,2,-1
413,23,177.98,509.53,35.99,97.50,0.9319,2,1,-1
413,30,1509.86,533.43,37.31,108.54,0.6675,2,1,-1
413,41,730.48,514.08,36.87,88.48,0.9215,2,2,-1
413,46,784.07,740.66,53.88,145.09,0.9396,2,1,-1
413,72,980.47,543.96,37.36,93.30,0.9120,2,1,-1
413,75,1680.06,574.24,32.96,106.61,0.9070,2,2,-1
413,0,259.48,612.20,15.79,12.66,1.0,0,-1,-1
414,1,1706.29,586.63,37.99,107.22,0.9209,2,1,-1
414,3,1365.83,524.48,25.70,95.32,0.8746,2,2,-1
414,4,947.50,556.01,35.16,102.31,0.9240,2,2,-1
414,7,43.70,609.35,68.03,118.98,0.9335,2,1,-1
414,8,1114.05,491.44,26.95,88.80,0.9150,3,0,-1
414,13,1539.73,548.41,29.94,103.06,0.6709,2,2,-1
414,14,1320.80,531.76,28.68,93.31,0.8070,2,1,-1
414,15,1584.60,569.43,35.26,95.84,0.8517,2,2,-1
414,18,1254.24,569.18,32.54,109.63,0.9301,2,1,-1
414,22,1446.34,539.69,35.98,98.18,0.8942,2,2,-1
414,23,177.94,509.51,35.82,97.52,0.9324,2,1,-1
414,41,732.89,513.85,34.73,88.74,0.9214,2,2,-1
414,46,786.49,743.13,55.73,145.49,0.9379,2,1,-1
414,72,983.04,546.06,34.72,90.42,0.9054,2,1,-1
414,75,1679.63,574.40,32.26,107.63,0.9053,2,2,-1
414,0,259.50,612.10,15.97,12.75,1.0,0,-1,-1
415,1,1706.22,586.23,34.50,107.73,0.9070,2,1,-1
415,3,1364.69,524.18,26.05,95.16,0.8570,2,2,-1
415,4,950.23,555.62,35.03,101.75,0.9219,2,2,-1
415,7,42.79,609.14,66.43,119.51,0.9352,2,1,-1
415,8,1114.51,491.00,28.41,89.58,0.9175,3,0,-1
415,13,1539.87,548.10,30.75,103.37,0.7918,2,2,-1
415,14,1321.63,531.20,28.89,95.89,0.8455,2,1,-1
415,15,1584.46,567.55,35.53,97.54,0.8556,2,2,-1
415,18,1256.20,568.32,35.62,112.05,0.9377,2,1,-1
415,22,1447.83,539.05,35.31,99.18,0.9055,2,2,-1
415,23,178.02,509.34,36.06,97.49,0.9317,2,1,-1
415,41,734.82,513.78,32.29,88.29,0.9208,2,2,-1
415,46,789.20,745.59,56.84,145.24,0.9311,2,1,-1
415,72,985.86,551.24,31.59,84.35,0.8899,2,1,-1
415,75,1679.28,574.07,32.53,108.92,0.9007,2,2,-1
415,0,259.37,611.99,15.80,12.56,1.0,0,-1,-1
416,1,1705.09,585.43,32.56,107.12,0.9049,2,1,-1
416,3,1363.43,523.59,26.87,97.22,0.8354,2,2,-1
416,4,952.04,555.73,34.75,100.48,0.9215,2,2,-1
416,7,42.32,608.99,61.33,118.75,0.9399,2,1,-1
416,8,1115.05,490.65,30.97,90.39,0.9209,3,0,-1
416,13,1540.21,548.36,31.24,102.80,0.7952,2,2,-1
416,14,1323.00,531.79,28.54,95.07,0.7684,2,1,-1
416,15,1585.12,568.96,36.08,95.86,0.8675,2,2,-1
416,18,1257.52,569.09,43.49,110.84,0.9338,2,1,-1
416,22,1450.40,538.89,33.66,99.31,0.9106,2,2,-1
416,23,177.76,509.28,36.08,97.39,0.9323,2,1,-1
416,41,737.56,513.82,29.80,88.15,0.9139,2,2,-1
416,46,792.35,746.50,57.07,147.86,0.9294,2,1,-1
416,72,988.40,547.22,30.49,88.43,0.8828,2,1,-1
416,75,1678.83,574.06,32.66,109.36,0.8941,2,2,-1
416,0,258.33,611.63,16.80,12.37,1.0,0,-1,-1
417,1,1705.05,585.34,31.30,107.29,0.8771,2,1,-1
417,3,1361.49,523.34,27.25,97.61,0.8255,2,2,-1
417,4,953.63,556.00,34.98,100.18,0.9219,2,2,-1
417,7,42.08,608.45,54.58,119.08,0.9375,2,1,-1
417,8,1116.12,491.36,32.92,89.65,0.9225,3,0,-1
417,13,1540.26,548.09,31.52,102.70,0.7105,2,2,-1
417,14,1323.91,532.14,29.64,95.29,0.8535,2,1,-1
417,15,1585.16,567.77,36.96,96.70,0.8786,2,2,-1
417,18,1258.15,570.54,49.65,109.25,0.9306,2,1,-1
417,22,1451.95,538.49,32.38,100.22,0.9152,2,2,-1
417,23,178.02,509.15,35.84,97.41,0.9326,2,1,-1
417,41,740.84,513.70,27.05,88.42,0.9069,2,2,-1
417,46,795.53,748.74,56.32,145.67,0.9400,2,1,-1
417,72,991.40,543.49,29.21,92.18,0.8850,2,1,-1
417,75,1678.75,572.64,32.87,110.82,0.8860,2,2,-1
417,0,258.44,611.60,16.67,12.46,1.0,0,-1,-1
418,1,1704.28,585.89,30.04,106.54,0.8866,2,1,-1
418,3,1359.24,522.86,27.16,98.58,0.7817,2,2,-1
418,4,954.16,555.72,38.49,100.73,0.9104,2,2,-1
418,7,41.67,607.10,45.89,120.54,0.9367,2,1,-1
418,8,1116.16,491.13,34.01,89.71,0.9234,3,0,-1
418,13,1540.37,548.37,31.83,102.59,0.6269,2,2,-1
418,14,1324.52,533.19,29.91,94.16,0.8034,2,1,-1
418,15,1585.19,566.81,37.07,97.16,0.8807,2,2,-1
418,18,1257.81,570.77,54.23,108.76,0.9353,2,1,-1
418,22,1452.00,538.32,33.82,101.18,0.9166,2,2,-1
418,23,178.15,509.10,35.81,97.49,0.9329,2,1,-1
418,41,741.41,513.84,26.06,88.08,0.9048,2,2,-1
418,46,797.81,749.48,56.01,145.15,0.9384,2,1,-1
418,72,994.66,543.32,28.06,91.96,0.8561,2,1,-1
418,75,1678.20,573.19,32.64,109.99,0.8495,2,2,-1
418,0,258.67,611.61,16.70,12.41,1.0,0,-1,-1
419,3,1358.35,523.01,26.65,98.22,0.7226,2,2,-1
419,4,952.84,555.86,40.29,100.58,0.9248,2,2,-1
419,7,41.39,607.69,37.33,119.25,0.9363,2,1,-1
419,8,1116.46,491.61,34.42,89.71,0.9212,3,0,-1
419,13,1541.09,547.83,32.55,102.41,0.8310,2,2,-1
419,14,1325.59,534.52,31.96,94.74,0.8512,2,1,-1
419,15,1584.97,565.47,36.93,98.23,0.8796,2,2,-1
419,18,1257.57,571.22,55.12,108.22,0.9341,2,1,-1
419,22,1451.18,538.72,35.46,101.40,0.9188,2,2,-1
419,23,178.29,509.48,35.86,97.13,0.9311,2,1,-1
419,41,741.78,513.76,25.76,87.96,0.9046,2,2,-1
419,46,799.75,746.84,56.84,146.77,0.9334,2,1,-1
419,72,996.34,545.00,26.95,90.80,0.8702,2,1,-1
419,75,1677.92,572.82,33.27,111.29,0.8855,2,2,-1
419,0,258.85,611.58,16.43,12.39,1.0,0,-1,-1
420,1,1700.13,587.34,30.13,104.91,0.8682,2,1,-1
420,4,954.12,555.54,41.52,100.98,0.9256,2,2,-1
420,6,1481.23,536.56,33.03,99.84,0.7743,2,2,-1
420,7,40.39,607.09,34.30,120.60,0.9356,2,1,-1
420,8,1117.31,491.56,33.90,89.79,0.9138,3,0,-1
420,13,1541.74,547.93,32.72,101.55,0.8429,2,2,-1
420,14,1325.76,535.45,35.45,94.54,0.8867,2,1,-1
420,15,1585.47,565.52,36.64,98.19,0.8878,2,2,-1
420,18,1258.17,571.24,56.43,109.03,0.9357,2,1,-1
420,22,1450.88,539.31,36.48,100.92,0.9200,2,2,-1
420,23,178.09,509.30,35.58,96.97,0.9315,2,1,-1
420,41,741.56,513.68,25.98,87.94,0.9060,2,2,-1
420,46,802.60,745.63,55.97,148.71,0.9277,2,1,-1
420,72,998.92,543.39,28.12,91.86,0.8528,2,1,-1
420,0,259.07,611.35,16.13,12.50,1.0,0,-1,-1
421,4,955.92,554.54,41.66,99.23,0.9088,2,2,-1
421,6,1482.26,536.19,32.43,99.26,0.8159,2,2,-1
421,7,37.68,608.19,34.18,119.75,0.9266,2,1,-1
421,8,1117.57,491.22,32.50,90.20,0.9161,3,0,-1
421,13,1542.31,547.83,32.81,100.97,0.8273,2,2,-1
421,14,1325.94,534.38,36.61,96.12,0.9000,2,1,-1
421,15,1585.57,564.49,36.88,99.35,0.8907,2,2,-1
421,18,1258.24,570.15,55.67,109.00,0.9322,2,1,-1
421,22,1450.91,539.63,37.41,101.55,0.9183,2,2,-1
421,23,178.35,509.34,35.33,96.88,0.9322,2,1,-1
421,41,741.57,513.97,26.10,87.60,0.9073,2,2,-1
421,46,804.04,746.66,57.29,146.95,0.9320,2,1,-1
421,72,999.42,544.60,28.28,90.62,0.8542,2,1,-1
421,75,1673.29,572.94,33.68,110.85,0.8432,2,2,-1
421,0,259.22,611.25,15.69,12.42,1.0,0,-1,-1
422,1,1695.67,586.92,31.08,105.90,0.8271,2,1,-1
422,4,958.54,553.27,40.96,100.60,0.9142,2,2,-1
422,6,1482.99,536.09,32.43,99.79,0.7079,2,2,-1
422,7,32.64,613.42,35.06,115.31,0.9185,2,1,-1
422,8,1118.16,491.13,31.18,89.79,0.9194,3,0,-1
422,13,1543.31,547.68,33.11,101.07,0.8459,2,2,-1
422,14,1326.72,535.59,37.42,94.42,0.8943,2,1,-1
422,15,1585.68,564.69,36.99,98.83,0.8857,2,2,-1
422,18,1263.17,569.12,51.05,109.41,0.9361,2,1,-1
422,22,1451.18,540.58,38.02,100.56,0.9068,2,2,-1
422,23,178.41,509.38,35.22,96.70,0.9324,2,1,-1
422,41,741.60,513.84,26.19,87.58,0.9077,2,2,-1
422,46,807.30,745.53,56.27,148.40,0.9440,2,1,-1
422,72,1001.67,546.04,27.59,88.21,0.8610,2,1,-1
422,0,259.25,611.14,15.60,12.39,1.0,0,-1,-1
423,1,1693.76,587.90,32.19,104.62,0.8630,2,1,-1
423,4,962.99,552.40,38.02,99.76,0.9196,2,2,-1
423,7,26.55,610.66,40.96,122.02,0.9218,2,1,-1
423,8,1118.34,490.76,31.19,90.02,0.5847,3,0,-1
423,13,1543.94,547.22,33.65,103.40,0.8460,2,2,-1
423,14,1327.84,534.68,36.45,94.85,0.8575,2,1,-1
423,15,1585.57,564.93,37.05,98.96,0.8978,2,2,-1
423,18,1267.06,568.09,47.40,109.83,0.9421,2,1,-1
423,22,1451.31,540.77,39.56,100.31,0.9009,2,2,-1
423,23,178.55,509.30,35.17,96.63,0.9322,2,1,-1
423,41,742.45,513.14,25.71,87.94,0.9106,2,2,-1
423,46,810.18,744.40,56.39,150.15,0.9403,2,1,-1
423,72,1002.86,541.47,27.96,92.11,0.8757,2,1,-1
423,73,1669.69,572.55,32.48,71.65,0.7178,2,1,-1
423,0,258.85,610.88,15.55,12.77,1.0,0,-1,-1
424,1,1692.41,590.04,32.16,101.84,0.7768,2,1,-1
424,4,967.90,551.76,34.20,100.04,0.9063,2,2,-1
424,7,19.43,612.18,46.29,122.24,0.9203,2,1,-1
424,8,1118.92,490.65,31.39,89.94,0.8350,3,0,-1
424,10,1353.20,522.80,23.05,62.89,0.8436,2,2,-1
424,13,1545.95,547.17,33.01,105.07,0.8642,2,2,-1
424,15,1585.74,564.10,37.70,99.76,0.9039,2,2,-1
424,18,1273.70,567.51,42.53,109.93,0.9346,2,1,-1
424,22,1452.28,541.44,40.23,99.96,0.8883,2,2,-1
424,23,178.77,509.35,35.28,96.62,0.9308,2,1,-1
424,41,742.98,513.07,25.38,88.38,0.9111,2,2,-1
424,46,813.28,747.14,56.25,148.24,0.9395,2,1,-1
424,72,1004.17,540.70,27.63,92.57,0.8886,2,1,-1
424,73,1670.99,572.54,30.34,69.75,0.8270,2,1,-1
424,0,259.17,610.96,15.10,12.73,1.0,0,-1,-1
425,1,1690.10,589.15,33.45,102.41,0.8383,2,1,-1
425,3,1355.43,528.42,27.04,99.01,0.8541,2,2,-1
425,4,973.18,550.08,29.47,101.43,0.9151,2,2,-1
425,7,16.75,612.53,47.95,122.05,0.9246,2,1,-1
425,8,1118.96,489.69,31.54,91.18,0.7542,3,0,-1
425,13,1545.00,546.92,34.00,103.55,0.8445,2,2,-1
425,15,1585.04,563.08,38.10,100.67,0.8952,2,2,-1
425,18,1281.19,566.72,39.19,110.17,0.9190,2,1,-1
425,22,1454.06,541.70,40.76,99.29,0.8790,2,2,-1
425,23,178.87,509.52,34.91,96.15,0.9331,2,1,-1
425,41,743.65,513.29,24.92,87.77,0.9114,2,2,-1
425,46,817.33,750.06,55.27,148.92,0.9405,2,1,-1
425,72,1004.36,541.32,28.31,92.24,0.9039,2,1,-1
425,0,259.15,610.51,14.76,12.81,1.0,0,-1,-1
426,1,1689.14,589.46,33.77,101.27,0.8505,2,1,-1
426,3,1355.82,527.12,27.17,102.02,0.8654,2,2,-1
426,4,975.84,550.45,28.35,101.40,0.9102,2,2,-1
426,7,14.75,612.05,48.68,122.59,0.9229,2,1,-1
426,8,1119.75,490.43,31.25,89.92,0.9215,3,0,-1
426,9,1291.41,620.86,22.74,55.46,0.8405,2,2,-1
426,13,1545.45,546.89,34.65,104.37,0.8183,2,2,-1
426,15,1584.99,564.23,37.60,99.20,0.8960,2,2,-1
426,22,1455.67,541.85,40.99,99.42,0.8839,2,2,-1
426,23,178.82,509.28,34.69,96.50,0.9305,2,1,-1
426,41,744.23,513.66,24.53,87.04,0.9120,2,2,-1
426,46,819.46,751.44,57.83,150.66,0.9404,2,1,-1
426,72,1004.36,541.09,28.35,92.39,0.9018,2,1,-1
426,73,1666.41,571.72,31.33,65.77,0.8067,2,1,-1
426,0,258.45,610.61,15.41,12.72,1.0,0,-1,-1
427,1,1685.46,587.34,35.30,102.18,0.8412,2,1,-1
427,3,1357.23,530.89,26.57,98.67,0.8584,2,2,-1
427,4,977.53,550.06,29.72,101.58,0.9055,2,2,-1
427,7,11.59,612.20,50.58,123.11,0.9257,2,1,-1
427,8,1120.64,490.64,31.74,89.68,0.9025,3,0,-1
427,9,1294.86,620.58,21.85,55.42,0.7620,2,2,-1
427,13,1548.22,546.68,33.80,104.55,0.8426,2,2,-1
427,15,1584.59,563.78,37.72,100.13,0.8947,2,2,-1
427,22,1457.45,541.39,39.35,100.01,0.8958,2,2,-1
427,23,178.83,509.30,33.97,95.71,0.9314,2,1,-1
427,41,744.88,513.32,25.18,87.00,0.9172,2,2,-1
427,46,821.30,751.76,56.54,152.06,0.9396,2,1,-1
427,72,1005.20,541.62,27.62,91.24,0.8786,2,1,-1
427,0,257.95,609.92,15.64,13.49,1.0,0,-1,-1
428,3,1357.31,530.41,26.80,99.23,0.8095,2,2,-1
428,4,978.15,549.53,32.98,102.01,0.9054,2,2,-1
428,7,9.81,612.60,50.03,122.54,0.9115,2,1,-1
428,8,1121.27,490.66,31.82,89.88,0.8823,3,0,-1
428,13,1547.34,546.57,34.27,104.29,0.8359,2,2,-1
428,15,1584.63,562.36,38.03,100.95,0.8749,2,2,-1
428,22,1458.88,541.06,37.29,100.20,0.8986,2,2,-1
428,23,178.83,509.02,33.74,95.91,0.9331,2,1,-1
428,41,745.20,513.46,25.41,86.83,0.9168,2,2,-1
428,46,823.18,753.26,56.02,151.46,0.9361,2,1,-1
428,71,1675.78,570.57,29.99,72.03,0.7300,2,1,-1
428,72,1005.60,541.16,27.14,90.63,0.8829,2,1,-1
428,0,257.01,609.65,15.51,13.34,1.0,0,-1,-1
429,3,1358.65,532.69,26.42,96.96,0.8352,2,2,-1
429,4,978.00,550.44,38.74,100.45,0.9216,2,2,-1
429,7,8.12,611.59,48.00,123.21,0.9120,2,1,-1
429,8,1121.88,489.81,31.72,90.58,0.7714,3,0,-1
429,9,1296.78,619.94,29.73,55.87,0.8490,2,2,-1
429,13,1548.46,546.17,33.56,104.66,0.8493,2,2,-1
429,15,1584.38,561.94,38.09,100.99,0.8956,2,2,-1
429,22,1460.33,540.81,36.29,99.79,0.8703,2,2,-1
429,23,178.22,509.00,33.87,95.67,0.9342,2,1,-1
429,38,1340.21,561.33,21.77,69.30,0.6732,2,2,-1
429,41,745.12,513.19,25.46,87.23,0.9198,2,2,-1
429,46,823.90,755.81,55.69,149.47,0.9332,2,1,-1
429,75,1672.96,580.07,37.43,105.27,0.8638,2,2,-1
429,0,256.55,609.07,15.66,13.75,1.0,0,-1,-1
430,3,1358.45,532.76,27.50,97.00,0.8597,2,2,-1
430,4,977.44,551.07,42.37,99.20,0.9271,2,2,-1
430,7,8.25,613.04,43.63,120.46,0.8832,2,1,-1
430,8,1122.24,490.30,31.36,89.58,0.7898,3,0,-1
430,9,1294.47,613.70,35.76,61.68,0.8945,2,2,-1
430,13,1548.08,546.10,33.68,104.38,0.8556,2,2,-1
430,14,1336.62,550.19,28.85,79.82,0.5023,2,1,-1
430,15,1584.90,563.59,37.28,99.15,0.8816,2,2,-1
430,22,1462.67,540.01,36.64,101.54,0.8968,2,2,-1
430,23,178.03,509.30,33.66,95.41,0.9329,2,1,-1
430,41,745.28,512.88,25.91,87.77,0.9176,2,2,-1
430,46,825.92,756.58,54.96,149.04,0.9315,2,1,-1
430,75,1671.07,577.84,37.06,107.84,0.8748,2,2,-1
430,0,256.37,608.98,15.66,13.84,1.0,0,-1,-1
431,3,1358.64,533.17,28.70,96.98,0.8783,2,2,-1
431,4,977.47,551.39,46.33,98.86,0.9272,2,2,-1
431,7,6.97,610.79,41.63,124.21,0.9270,2,1,-1
431,8,1122.54,489.70,31.72,90.28,0.6340,3,0,-1
431,13,1548.84,546.06,33.20,104.29,0.8657,2,2,-1
431,14,1338.10,551.60,27.00,78.53,0.5446,2,1,-1
431,15,1584.96,556.76,38.67,105.63,0.9072,2,2,-1
431,18,1291.04,564.97,45.31,111.07,0.9061,2,1,-1
431,22,1464.13,540.30,36.82,100.92,0.8956,2,2,-1
431,23,178.21,509.35,33.52,95.08,0.9335,2,1,-1
431,41,745.35,513.14,26.12,87.51,0.9182,2,2,-1
431,46,827.69,754.74,54.44,149.64,0.9354,2,1,-1
431,75,1668.67,572.08,37.96,112.76,0.8882,2,2,-1
431,0,256.40,609.12,15.20,13.54,1.0,0,-1,-1
432,3,1359.52,533.19,29.16,96.58,0.9049,2,2,-1
432,4,977.78,552.12,48.50,97.63,0.9248,2,2,-1
432,7,5.03,610.86,39.87,123.68,0.9267,2,1,-1
432,8,1122.56,490.03,32.18,90.25,0.8014,3,0,-1
432,9,1297.17,620.50,38.94,54.31,0.9031,2,2,-1
432,10,1340.46,521.52,24.82,70.71,0.7842,2,2,-1
432,13,1548.81,546.11,33.26,104.36,0.8711,2,2,-1
432,15,1585.73,559.73,37.88,102.71,0.9125,2,2,-1
432,22,1465.95,541.22,38.43,100.32,0.8786,2,2,-1
432,23,177.93,509.29,33.41,95.27,0.9312,2,1,-1
432,41,744.96,512.93,26.62,87.25,0.9175,2,2,-1
432,46,828.83,754.59,54.43,149.96,0.9361,2,1,-1
432,75,1664.89,572.97,39.46,111.32,0.8818,2,2,-1
432,0,256.14,609.23,15.16,13.44,1.0,0,-1,-1
433,3,1359.68,533.49,30.57,97.07,0.9070,2,2,-1
433,4,978.40,552.53,48.97,97.13,0.9261,2,2,-1
433,7,-0.12,610.52,39.14,124.26,0.9084,2,1,-1
433,8,1121.60,490.09,33.38,90.44,0.8882,3,0,-1
433,9,1298.47,621.72,39.39,53.07,0.8955,2,2,-1
433,10,1336.13,521.35,27.85,81.03,0.7013,2,2,-1
433,13,1548.79,545.99,33.13,105.16,0.8839,2,2,-1
433,15,1586.01,560.09,37.11,102.13,0.9102,2,2,-1
433,22,1465.50,541.84,37.92,99.37,0.8788,2,2,-1
433,23,178.10,509.36,32.77,95.04,0.9304,2,1,-1
433,41,742.79,512.98,28.55,87.16,0.9191,2,2,-1
433,46,829.01,754.90,55.75,149.77,0.9369,2,1,-1
433,75,1661.75,571.60,42.38,111.23,0.9051,2,2,-1
433,0,256.11,609.29,14.78,13.36,1.0,0,-1,-1
434,3,1354.53,534.12,35.76,99.00,0.8784,2,2,-1
434,4,980.61,552.28,47.94,97.16,0.9219,2,2,-1
434,7,-0.46,612.00,37.23,125.40,0.9218,2,1,-1
434,8,1121.27,490.02,33.81,90.70,0.8827,3,0,-1
434,13,1549.17,546.18,32.72,105.06,0.8919,2,2,-1
434,15,1587.09,561.35,36.20,100.72,0.9053,2,2,-1
434,18,1297.37,565.03,48.20,107.75,0.9154,2,1,-1
434,22,1465.98,542.76,40.24,99.25,0.8963,2,2,-1
434,23,178.07,510.04,32.49,94.69,0.9304,2,1,-1
434,41,739.35,513.19,32.33,86.94,0.9256,2,2,-1
434,46,828.92,755.67,57.46,149.53,0.9325,2,1,-1
434,75,1657.03,572.37,40.55,107.62,0.8177,2,2,-1
434,0,256.02,609.29,14.79,13.46,1.0,0,-1,-1
435,1,1675.49,570.60,31.39,111.08,0.8641,2,1,-1
435,3,1359.17,535.14,33.99,97.90,0.9099,2,2,-1
435,4,984.74,551.97,45.36,96.34,0.9127,2,2,-1
435,7,-0.46,612.74,33.87,122.89,0.9280,2,1,-1
435,8,1120.93,490.22,34.14,91.07,0.8380,3,0,-1
435,10,1336.25,521.04,25.38,75.43,0.8467,2,2,-1
435,13,1549.39,546.63,31.81,104.07,0.8988,2,2,-1
435,15,1587.62,558.89,36.03,102.62,0.9026,2,2,-1
435,18,1299.16,564.57,46.74,108.01,0.9079,2,1,-1
435,22,1465.56,543.17,41.96,99.15,0.8954,2,2,-1
435,23,178.09,510.33,32.23,93.89,0.9315,2,1,-1
435,41,737.79,513.07,35.34,87.19,0.9284,2,2,-1
435,46,828.39,755.84,59.53,150.26,0.9332,2,1,-1
435,0,255.87,609.11,14.77,13.59,1.0,0,-1,-1
436,3,1359.24,535.96,33.15,98.98,0.9020,2,2,-1
436,4,990.54,550.86,40.03,97.89,0.9084,2,2,-1
436,7,-0.28,613.24,31.75,121.31,0.9298,2,1,-1
436,8,1120.29,490.45,34.22,91.16,0.5183,3,0,-1
436,10,1334.87,521.15,25.69,71.67,0.8336,2,2,-1
436,13,1549.66,546.71,31.45,104.04,0.9003,2,2,-1
436,15,1588.60,557.00,35.34,104.13,0.8865,2,2,-1
436,18,1303.20,564.00,45.40,107.75,0.8549,2,1,-1
436,22,1465.46,543.38,44.44,99.20,0.8892,2,2,-1
436,23,177.74,510.48,32.32,93.43,0.9318,2,1,-1
436,41,736.59,513.03,37.17,87.23,0.9304,2,2,-1
436,46,828.12,755.34,60.39,153.75,0.9342,2,1,-1
436,75,1641.43,579.58,45.92,103.31,0.8817,2,2,-1
436,0,255.40,609.31,15.04,13.46,1.0,0,-1,-1
437,3,1359.51,536.52,32.66,98.59,0.8979,2,2,-1
437,4,996.73,550.49,34.85,97.77,0.9089,2,2,-1
437,7,0.18,616.52,31.27,119.00,0.9268,2,1,-1
437,8,1119.33,490.69,34.40,90.91,0.7842,3,0,-1
437,10,1334.31,520.83,26.60,65.25,0.8323,2,2,-1
437,13,1549.30,546.66,31.97,104.25,0.8993,2,2,-1
437,15,1588.57,550.69,35.83,110.07,0.8968,2,2,-1
437,18,1304.93,564.15,44.30,106.41,0.5368,2,1,-1
437,22,1465.10,542.93,46.71,100.52,0.8981,2,2,-1
437,23,178.01,510.98,32.09,92.66,0.9315,2,1,-1
437,41,736.77,512.51,37.78,87.61,0.9321,2,2,-1
437,46,828.54,755.72,62.29,155.37,0.9328,2,1,-1
437,75,1633.34,583.01,52.38,99.31,0.9058,2,2,-1
437,0,255.03,609.28,14.72,13.13,1.0,0,-1,-1
438,3,1359.34,536.23,32.78,98.73,0.9014,2,2,-1
438,4,1002.27,550.78,30.87,96.55,0.8893,2,2,-1
438,7,-0.08,613.25,31.17,122.15,0.9162,2,1,-1
438,8,1119.17,490.54,34.50,90.84,0.6002,3,0,-1
438,10,1330.97,520.86,28.66,71.69,0.7810,2,2,-1
438,13,1548.90,546.65,32.73,104.74,0.8804,2,2,-1
438,15,1589.81,550.69,34.84,110.42,0.9004,2,2,-1
438,22,1464.71,543.29,47.05,100.66,0.8966,2,2,-1
438,23,178.10,511.41,32.55,91.86,0.9308,2,1,-1
438,41,736.26,512.58,39.20,87.54,0.9325,2,2,-1
438,46,827.93,758.25,63.79,154.72,0.9282,2,1,-1
438,75,1629.22,584.67,55.99,96.83,0.9159,2,2,-1
438,0,254.97,609.24,14.64,13.19,1.0,0,-1,-1
439,3,1357.24,535.87,34.25,99.19,0.8888,2,2,-1
439,7,0.13,615.95,30.21,119.47,0.9081,2,1,-1
439,8,1118.29,490.46,34.39,90.66,0.8240,3,0,-1
439,10,1325.80,520.53,33.34,76.58,0.8056,2,2,-1
439,15,1591.44,550.41,33.66,110.49,0.8905,2,2,-1
439,22,1466.55,542.83,44.91,100.11,0.9039,2,2,-1
439,23,178.34,511.91,33.01,91.55,0.9329,2,1,-1
439,30,1541.26,546.69,40.11,104.90,0.8756,2,1,-1
439,41,736.83,512.53,38.99,87.48,0.9323,2,2,-1
439,46,828.21,761.61,63.70,152.35,0.9266,2,1,-1
439,72,1006.17,545.67,27.90,102.44,0.7798,2,1,-1
439,75,1626.26,582.72,56.84,97.62,0.9123,2,2,-1
439,0,254.34,609.20,15.09,13.32,1.0,0,-1,-1
440,1,1666.57,570.54,38.99,111.19,0.9053,2,1,-1
440,3,1357.00,535.36,35.00,99.80,0.8844,2,2,-1
440,4,1006.51,549.28,28.75,97.78,0.8046,2,2,-1
440,7,0.76,627.91,29.31,107.72,0.9057,2,1,-1
440,8,1116.90,490.97,34.83,90.25,0.8959,3,0,-1
440,15,1593.51,555.36,31.74,105.60,0.8771,2,2,-1
440,18,1318.12,562.02,41.84,109.31,0.8008,2,1,-1
440,22,1469.75,543.01,42.06,99.32,0.9039,2,2,-1
440,23,179.02,512.37,32.77,91.42,0.9300,2,1,-1
440,30,1541.67,546.58,40.30,105.30,0.8672,2,1,-1
440,41,737.56,512.29,38.55,87.73,0.9317,2,2,-1
440,46,828.22,762.53,63.90,151.78,0.9253,2,1,-1
440,0,254.08,609.04,15.16,13.43,1.0,0,-1,-1
441,1,1659.03,570.35,45.18,111.15,0.9025,2,1,-1
441,3,1354.91,535.00,36.83,100.19,0.8860,2,2,-1
441,4,1007.92,547.98,27.24,99.42,0.8451,2,2,-1
441,7,1.36,653.90,25.98,81.20,0.9005,2,1,-1
441,8,1115.10,491.16,35.13,90.55,0.8886,3,0,-1
441,15,1594.18,558.45,30.85,102.50,0.8533,2,2,-1
441,21,1029.35,574.02,21.48,58.89,0.7828,3,0,-1
441,22,1472.44,542.74,40.24,99.58,0.8921,2,2,-1
441,23,179.37,513.05,33.02,90.57,0.9259,2,1,-1
441,30,1544.83,546.23,38.26,104.83,0.8759,2,1,-1
441,38,1328.10,519.95,22.05,62.72,0.7036,2,2,-1
441,41,738.80,512.38,37.98,87.78,0.9288,2,2,-1
441,46,826.88,764.08,64.61,151.54,0.9283,2,1,-1
441,0,253.86,608.84,14.97,13.56,1.0,0,-1,-1
442,1,1653.43,570.25,51.38,111.02,0.9172,2,1,-1
442,3,1354.75,534.78,37.24,99.89,0.8748,2,2,-1
442,4,1009.36,546.69,27.82,100.32,0.8854,2,2,-1
442,7,-1.42,645.74,25.58,89.22,0.8745,2,1,-1
442,8,1113.10,491.95,36.11,90.11,0.8948,3,0,-1
442,14,1321.69,519.70,26.47,89.24,0.8576,2,1,-1
442,15,1596.62,565.90,29.12,92.98,0.8402,2,2,-1
442,21,1031.01,571.06,21.64,60.82,0.7517,3,0,-1
442,22,1474.80,542.86,39.32,99.75,0.8809,2,2,-1
442,23,179.82,513.75,33.19,89.83,0.9245,2,1,-1
442,30,1545.76,546.48,36.87,104.35,0.8922,2,1,-1
442,41,741.00,512.43,36.74,87.57,0.9286,2,2,-1
442,46,826.42,765.25,63.02,150.69,0.9306,2,1,-1
442,0,253.70,608.91,15.00,13.63,1.0,0,-1,-1
443,1,1650.78,570.27,54.33,109.67,0.9201,2,1,-1
443,3,1358.10,535.16,34.43,99.35,0.9089,2,2,-1
443,4,1010.44,544.51,28.88,102.20,0.8802,2,2,-1
443,6,1520.60,533.37,32.06,104.38,0.5991,2,2,-1
443,7,-3.64,642.79,24.26,93.19,0.7667,2,1,-1
443,8,1112.67,492.14,36.53,89.60,0.8795,3,0,-1
443,14,1320.21,520.21,26.87,87.64,0.8522,2,1,-1
443,15,1597.01,568.04,28.16,90.13,0.8380,2,2,-1
443,22,1476.48,542.34,40.64,100.66,0.8789,2,2,-1
443,23,180.17,514.23,33.74,89.58,0.9228,2,1,-1
443,30,1547.28,546.60,36.25,105.11,0.8964,2,-1,-1
443,41,743.16,512.57,35.66,87.38,0.9250,2,2,-1
443,46,825.97,766.64,61.64,150.72,0.9277,2,1,-1
443,0,253.84,609.02,14.97,13.33,1.0,0,-1,-1
444,1,1647.05,570.35,57.94,108.82,0.9088,2,1,-1
444,2,1596.39,546.82,23.50,65.51,0.8277,2,2,-1
444,3,1358.48,536.14,32.94,98.20,0.9119,2,2,-1
444,4,1012.61,540.25,31.82,105.44,0.8495,2,2,-1
444,6,1520.59,533.09,31.17,105.50,0.7569,2,2,-1
444,7,-4.42,642.71,20.74,95.43,0.7736,2,1,-1
444,8,1111.29,493.27,36.52,88.39,0.9192,3,0,-1
444,10,1339.31,538.62,27.62,70.01,0.6183,2,2,-1
444,14,1318.34,520.41,26.37,88.25,0.8577,2,1,-1
444,22,1475.47,542.31,41.16,100.58,0.8747,2,2,-1
444,23,180.31,514.60,34.19,89.18,0.9213,2,1,-1
444,30,1550.31,546.33,37.14,105.35,0.8956,2,2,-1
444,41,744.77,512.28,34.94,87.49,0.9238,2,2,-1
444,46,825.46,766.34,60.39,150.94,0.9324,2,1,-1
444,0,253.22,608.70,15.62,13.55,1.0,0,-1,-1
445,1,1641.29,570.56,63.24,108.61,0.9316,2,1,-1
445,2,1596.64,546.62,21.94,59.57,0.7749,2,2,-1
445,3,1359.20,536.80,32.17,97.93,0.9155,2,2,-1
445,4,1013.76,539.62,37.70,104.74,0.8730,2,2,-1
445,6,1519.28,533.61,31.38,104.21,0.8311,2,2,-1
445,8,1110.07,493.72,36.96,88.76,0.9244,3,0,-1
445,13,1551.78,546.31,34.20,105.09,0.8924,2,2,-1
445,14,1317.17,519.73,26.30,89.01,0.8722,2,1,-1
445,22,1474.37,542.16,39.06,100.72,0.8815,2,2,-1
445,23,179.69,514.97,35.22,88.85,0.9231,2,1,-1
445,41,745.71,512.06,34.23,87.50,0.9213,2,2,-1
445,46,824.17,766.08,59.11,151.54,0.9358,2,1,-1
445,0,252.77,608.78,16.12,13.61,1.0,0,-1,-1
446,1,1638.76,570.32,64.83,108.97,0.9259,2,1,-1
446,3,1358.67,537.80,32.18,97.15,0.9105,2,2,-1
446,4,1012.95,538.95,40.93,105.80,0.9116,2,2,-1
446,6,1519.03,533.83,31.03,103.63,0.8319,2,2,-1
446,8,1109.42,494.96,36.74,87.60,0.9331,3,0,-1
446,13,1552.42,546.37,34.05,104.96,0.9021,2,2,-1
446,14,1316.85,520.04,26.30,89.07,0.8788,2,1,-1
446,22,1475.09,542.47,37.12,100.34,0.8879,2,2,-1
446,23,179.49,514.81,36.15,89.06,0.9224,2,1,-1
446,41,746.64,512.32,33.12,87.22,0.9239,2,2,-1
446,46,822.64,765.82,59.54,151.61,0.9427,2,1,-1
446,67,1596.89,547.16,24.69,68.66,0.7037,2,2,-1
446,75,1603.36,581.15,47.95,95.72,0.7366,2,-1,-1
446,0,252.48,608.53,16.26,13.77,1.0,0,-1,-1
447,1,1636.52,570.18,66.10,108.57,0.9158,2,1,-1
447,4,1013.54,538.62,39.94,105.84,0.9133,2,2,-1
447,6,1518.32,533.58,31.34,103.57,0.8443,2,2,-1
447,8,1108.73,495.59,36.70,87.09,0.9278,3,0,-1
447,13,1552.52,546.73,34.33,104.66,0.9137,2,2,-1
447,18,1326.09,558.78,49.49,110.40,0.9040,2,1,-1
447,22,1475.97,542.89,35.81,99.91,0.8885,2,2,-1
447,23,179.78,514.87,37.43,88.69,0.9252,2,1,-1
447,41,746.45,512.03,33.13,87.93,0.9217,2,2,-1
447,46,822.92,766.10,59.26,151.26,0.9417,2,1,-1
447,75,1597.17,577.25,45.20,99.01,0.8043,2,1,-1
447,0,252.31,608.20,16.10,14.25,1.0,0,-1,-1
448,1,1635.59,570.05,65.74,107.03,0.9205,2,1,-1
448,4,1014.83,538.01,38.60,105.79,0.9153,2,2,-1
448,6,1517.03,534.18,31.53,103.51,0.8429,2,2,-1
448,8,1108.10,495.76,36.96,86.83,0.9271,3,0,-1
448,13,1552.63,546.69,34.92,104.44,0.9044,2,2,-1
448,14,1314.85,520.25,25.67,87.89,0.8833,2,1,-1
448,18,1329.09,564.61,46.45,103.18,0.9077,2,1,-1
448,22,1477.08,542.43,35.36,100.31,0.8732,2,2,-1
448,23,180.09,514.70,38.16,88.68,0.9211,2,1,-1
448,41,746.35,511.99,33.45,88.01,0.9224,2,2,-1
448,46,822.70,766.16,59.94,150.89,0.9438,2,1,-1
448,75,1591.83,569.57,47.51,106.09,0.6235,2,1,-1
448,0,252.43,607.97,15.72,14.38,1.0,0,-1,-1
449,1,1634.63,569.65,65.01,107.33,0.9220,2,1,-1
449,3,1359.39,538.80,30.25,95.69,0.8641,2,2,-1
449,4,1015.89,537.76,37.22,105.70,0.9218,2,2,-1
449,6,1516.55,534.05,31.58,103.29,0.8503,2,2,-1
449,8,1106.51,495.29,38.51,87.47,0.9442,3,0,-1
449,14,1313.35,519.85,26.15,88.95,0.8873,2,1,-1
449,22,1478.31,540.34,34.80,102.86,0.8480,2,2,-1
449,23,181.39,515.35,38.82,87.82,0.9252,2,1,-1
449,30,1552.35,546.60,38.46,104.34,0.8988,2,2,-1
449,41,746.85,511.52,32.96,87.83,0.9188,2,2,-1
449,46,822.27,764.35,61.57,153.50,0.9394,2,1,-1
449,67,1594.20,546.31,27.58,70.43,0.7541,2,2,-1
449,0,252.53,607.52,15.07,14.59,1.0,0,-1,-1
450,1,1635.68,569.37,62.11,107.40,0.9271,2,-1,-1
450,3,1358.73,539.52,29.21,92.55,0.8195,2,2,-1
450,4,1016.69,537.87,36.74,104.84,0.9270,2,2,-1
450,6,1516.12,534.35,31.74,102.72,0.8485,2,2,-1
450,8,1105.38,494.21,38.74,88.66,0.8984,3,0,-1
450,14,1311.98,520.29,27.24,89.65,0.9019,2,1,-1
450,22,1479.46,538.45,34.19,104.33,0.7995,2,2,-1
450,23,180.17,515.58,40.37,86.80,0.9220,2,1,-1
450,30,1552.24,546.34,39.07,104.42,0.8935,2,2,-1
450,41,748.68,511.67,31.25,86.62,0.9203,2,2,-1
450,46,822.61,764.50,63.04,154.30,0.9354,2,1,-1
450,67,1589.32,545.96,29.08,72.79,0.8323,2,2,-1
450,0,252.23,607.54,15.22,14.31,1.0,0,-1,-1
451,1,1636.98,568.87,60.04,107.73,0.9280,2,2,-1
451,2,1596.99,545.38,21.42,70.07,0.8274,2,2,-1
451,4,1017.64,537.13,39.33,105.87,0.9283,2,2,-1
451,6,1516.08,534.19,32.23,103.19,0.8529,2,2,-1
451,8,1103.98,492.79,39.14,90.18,0.9040,3,0,-1
451,10,1357.48,539.47,28.17,69.94,0.7681,2,2,-1
451,14,1308.49,520.70,29.75,89.57,0.8935,2,1,-1
451,22,1481.25,540.06,32.89,102.52,0.8509,2,2,-1
451,23,181.42,516.11,40.66,87.30,0.9263,2,1,-1
451,30,1552.13,546.09,39.38,104.30,0.8768,2,2,-1
451,41,751.46,511.13,29.12,86.80,0.9079,2,2,-1
451,46,822.77,765.22,64.21,154.43,0.9361,2,1,-1
451,0,251.61,607.34,15.34,14.57,1.0,0,-1,-1
452,1,1638.13,567.75,58.17,108.49,0.9242,2,2,-1
452,2,1597.35,545.14,20.72,68.76,0.8392,2,2,-1
452,4,1017.64,537.22,43.26,105.10,0.9231,2,2,-1
452,6,1516.14,534.06,32.85,102.61,0.8421,2,2,-1
452,8,1103.26,491.97,38.13,90.76,0.9147,3,0,-1
452,10,1367.04,564.66,23.80,65.54,0.6839,2,2,-1
452,13,1551.88,546.71,36.12,103.59,0.8149,2,2,-1
452,14,1308.04,521.83,30.69,88.33,0.8910,2,1,-1
452,22,1482.02,537.45,32.76,104.84,0.8548,2,2,-1
452,23,181.88,518.39,40.95,85.68,0.9258,2,1,-1
452,41,754.67,510.84,26.51,87.69,0.9030,2,2,-1
452,46,823.03,766.57,64.65,156.89,0.9313,2,1,-1
452,0,251.14,607.10,15.96,14.08,1.0,0,-1,-1
453,1,1638.88,567.33,57.46,108.83,0.9271,2,2,-1
453,2,1595.72,545.25,22.35,69.38,0.8060,2,2,-1
453,4,1016.98,538.99,45.38,103.38,0.9277,2,2,-1
453,6,1515.12,533.49,33.25,103.86,0.8528,2,2,-1
453,8,1101.06,491.03,36.41,91.31,0.8789,3,0,-1
453,14,1307.39,522.92,32.04,87.63,0.8854,2,1,-1
453,22,1483.16,541.03,33.24,100.84,0.8592,2,2,-1
453,23,182.95,520.75,40.52,82.54,0.9226,2,1,-1
453,38,1354.78,539.02,27.36,69.36,0.8498,2,2,-1
453,41,757.31,510.71,23.80,87.35,0.9047,2,2,-1
453,46,823.45,767.43,64.90,156.74,0.9259,2,1,-1
453,73,1559.66,546.77,30.29,69.43,0.6078,2,1,-1
453,0,250.77,607.16,15.57,14.18,1.0,0,-1,-1
454,1,1638.99,567.36,56.67,108.95,0.9311,2,2,-1
454,4,1016.90,538.73,47.76,103.10,0.9297,2,2,-1
454,6,1514.00,532.72,33.65,104.23,0.8627,2,2,-1
454,8,1100.27,491.25,34.05,91.50,0.9273,3,0,-1
454,14,1306.33,524.27,32.37,85.87,0.8869,2,1,-1
454,15,1593.23,563.35,28.39,96.21,0.7939,2,2,-1
454,22,1486.73,530.49,23.90,63.35,0.7717,2,2,-1
454,23,183.94,523.92,41.37,80.32,0.8999,2,1,-1
454,30,1555.27,546.36,41.22,105.08,0.6026,2,2,-1
454,41,758.92,510.44,22.06,87.48,0.9080,2,2,-1
454,46,823.20,768.03,64.22,157.53,0.9269,2,1,-1
454,0,250.14,607.09,15.16,13.92,1.0,0,-1,-1
455,1,1638.73,566.91,56.65,109.25,0.9339,2,2,-1
455,4,1017.11,543.58,47.50,98.29,0.9278,2,2,-1
455,6,1512.89,531.21,34.14,102.78,0.8712,2,2,-1
455,8,1097.85,491.50,34.30,90.86,0.9292,3,0,-1
455,14,1306.56,525.73,35.82,83.05,0.8835,2,-1,-1
455,15,1592.33,563.16,28.71,97.41,0.8647,2,2,-1
455,22,1477.63,538.43,37.08,98.57,0.6955,2,2,-1
455,23,182.79,526.47,42.79,77.94,0.9196,2,1,-1
455,38,1350.59,539.84,27.91,74.56,0.7958,2,2,-1
455,41,759.87,510.37,21.31,87.44,0.9111,2,2,-1
455,46,823.02,769.06,63.92,156.63,0.9356,2,1,-1
455,67,1560.26,546.58,33.30,82.59,0.7914,2,2,-1
455,0,249.83,606.48,15.18,14.11,1.0,0,-1,-1
456,1,1638.91,566.43,56.86,109.19,0.9333,2,2,-1
456,4,1018.49,545.61,45.92,95.77,0.9249,2,2,-1
456,6,1512.64,528.69,33.61,104.35,0.8798,2,2,-1
456,8,1095.74,492.45,34.92,89.73,0.9375,3,0,-1
456,14,1305.00,526.61,37.82,82.27,0.8675,2,2,-1
456,15,1591.39,563.30,28.68,96.58,0.8669,2,2,-1
456,18,1352.47,557.60,45.16,107.68,0.8688,2,1,-1
456,22,1474.95,535.09,40.96,104.70,0.7454,2,2,-1
456,23,184.43,528.42,42.44,76.39,0.9003,2,1,-1
456,41,760.69,510.40,21.60,87.31,0.9116,2,2,-1
456,46,823.16,770.16,62.92,155.66,0.9305,2,1,-1
456,67,1559.31,547.35,35.08,79.79,0.8413,2,2,-1
456,0,248.67,606.11,15.49,14.83,1.0,0,-1,-1
457,1,1638.84,566.10,56.56,108.71,0.9330,2,2,-1
457,4,1019.53,542.31,45.16,98.87,0.9217,2,2,-1
457,6,1512.59,527.54,32.21,103.24,0.8723,2,2,-1
457,8,1091.52,493.57,37.80,88.92,0.9347,3,0,-1
457,14,1302.27,526.99,35.87,81.82,0.8919,2,2,-1
457,15,1590.62,560.93,29.38,98.38,0.8716,2,2,-1
457,18,1354.84,556.89,43.06,107.82,0.8882,2,1,-1
457,22,1476.75,532.15,29.81,63.23,0.7778,2,2,-1
457,23,187.17,528.96,41.98,77.46,0.9184,2,1,-1
457,41,761.15,510.52,22.96,87.02,0.9102,2,2,-1
457,46,822.50,770.05,63.07,156.30,0.9305,2,1,-1
457,67,1556.71,547.89,34.99,75.17,0.8335,2,2,-1
457,0,247.60,605.70,15.66,14.62,1.0,0,-1,-1
458,1,1638.03,565.76,56.86,107.91,0.9328,2,2,-1
458,4,1021.36,544.51,42.07,96.35,0.8973,2,2,-1
458,6,1511.25,527.30,31.88,103.17,0.8028,2,2,-1
458,8,1086.91,495.52,41.80,87.16,0.9350,3,0,-1
458,13,1557.99,548.95,32.24,81.54,0.7816,2,2,-1
458,14,1301.51,527.06,35.66,82.20,0.8968,2,2,-1
458,15,1590.35,559.95,29.72,99.61,0.8718,2,2,-1
458,18,1355.03,555.98,43.72,107.09,0.8988,2,1,-1
458,22,1469.18,535.28,44.78,102.00,0.8079,2,2,-1
458,23,189.09,529.12,40.87,77.40,0.9195,2,1,-1
458,41,760.19,511.16,24.85,86.67,0.9144,2,2,-1
458,46,820.46,770.08,63.63,156.89,0.9321,2,1,-1
458,0,247.03,605.68,15.12,14.77,1.0,0,-1,-1
459,1,1637.42,565.06,57.21,108.38,0.9335,2,2,-1
459,4,1026.11,544.62,37.94,95.05,0.8747,2,2,-1
459,6,1509.66,525.67,31.98,105.56,0.8112,2,2,-1
459,8,1082.24,496.72,45.11,85.77,0.9278,3,0,-1
459,14,1301.80,526.48,35.43,82.14,0.8908,2,2,-1
459,15,1590.44,559.67,30.70,99.81,0.8850,2,2,-1
459,18,1355.05,554.78,43.58,108.41,0.8754,2,1,-1
459,22,1467.31,533.97,45.34,104.79,0.7524,2,2,-1
459,23,191.03,529.20,40.43,77.35,0.9212,2,1,-1
459,30,1555.85,549.87,35.36,93.58,0.7282,2,2,-1
459,41,759.28,511.26,28.15,87.83,0.9127,2,2,-1
459,46,818.25,768.02,63.52,158.54,0.9350,2,1,-1
459,0,244.99,605.28,15.72,14.51,1.0,0,-1,-1
460,1,1637.01,564.48,55.93,108.79,0.9317,2,2,-1
460,6,1508.37,525.95,30.60,100.88,0.6817,2,2,-1
460,8,1078.35,497.28,47.58,85.52,0.9362,3,0,-1
460,14,1302.19,525.24,35.60,83.31,0.8384,2,2,-1
460,15,1588.72,557.78,33.26,101.35,0.8899,2,2,-1
460,18,1352.29,552.90,44.87,106.72,0.8390,2,1,-1
460,22,1466.69,536.62,44.50,101.76,0.7489,2,2,-1
460,23,193.09,529.05,40.23,77.95,0.9248,2,1,-1
460,41,758.46,511.53,29.44,87.52,0.9119,2,2,-1
460,46,816.62,768.27,62.66,157.34,0.9271,2,1,-1
460,72,1032.36,544.94,29.31,94.51,0.9043,2,1,-1
460,0,243.58,605.64,15.94,14.24,1.0,0,-1,-1
461,1,1636.22,564.05,54.79,108.62,0.9317,2,2,-1
461,8,1075.50,496.92,48.54,85.42,0.9350,3,0,-1
461,14,1300.67,523.35,37.11,84.60,0.8778,2,2,-1
461,15,1586.64,553.36,36.39,105.62,0.8924,2,2,-1
461,18,1350.47,551.17,45.78,106.79,0.7624,2,1,-1
461,22,1461.96,530.38,30.31,65.66,0.7369,2,2,-1
461,23,195.65,528.22,38.89,78.58,0.9274,2,1,-1
461,30,1551.78,549.29,38.33,98.25,0.7461,2,2,-1
461,41,756.60,511.88,30.44,86.99,0.9136,2,2,-1
461,46,814.57,769.32,62.24,155.69,0.9363,2,1,-1
461,72,1033.50,542.66,28.42,96.48,0.8986,2,1,-1
461,0,242.39,604.63,16.27,14.90,1.0,0,-1,-1
462,1,1635.22,563.54,52.37,108.37,0.9237,2,2,-1
462,8,1073.93,496.74,49.58,85.74,0.9321,3,0,-1
462,14,1299.64,521.75,38.59,85.23,0.8779,2,2,-1
462,15,1585.21,555.02,35.81,101.58,0.8255,2,2,-1
462,18,1355.08,550.39,43.62,107.36,0.7772,2,1,-1
462,22,1457.36,528.95,30.38,63.98,0.7481,2,2,-1
462,23,199.47,527.14,35.20,78.98,0.9173,2,1,-1
462,30,1547.91,548.86,40.65,99.00,0.8623,2,2,-1
462,41,754.00,512.32,32.41,86.70,0.9212,2,2,-1
462,46,811.11,767.37,62.88,156.62,0.9456,2,1,-1
462,72,1034.20,540.89,27.11,96.45,0.8906,2,1,-1
462,73,1505.41,529.94,29.42,74.97,0.8251,2,1,-1
462,0,241.03,604.22,15.37,14.57,1.0,0,-1,-1
463,1,1633.47,562.97,50.08,108.01,0.9222,2,2,-1
463,3,1362.36,549.01,32.56,107.23,0.8639,2,2,-1
463,8,1071.78,496.08,48.17,85.96,0.9366,3,0,-1
463,14,1301.58,520.83,37.76,83.79,0.8917,2,2,-1
463,21,1007.91,532.63,34.37,92.39,0.9026,3,0,-1
463,22,1446.34,526.56,43.12,102.90,0.7180,2,2,-1
463,23,201.56,525.42,32.43,80.45,0.9132,2,1,-1
463,30,1544.06,549.02,43.24,96.02,0.8804,2,2,-1
463,41,751.62,512.71,33.14,85.08,0.9256,2,2,-1
463,46,806.43,766.83,64.74,158.74,0.9549,2,1,-1
463,73,1503.16,530.03,27.40,63.29,0.8158,2,1,-1
463,75,1581.22,558.01,41.46,97.34,0.8661,2,1,-1
463,0,239.56,604.15,14.81,14.64,1.0,0,-1,-1
464,1,1631.82,562.01,47.90,108.92,0.9270,2,2,-1
464,3,1362.22,548.16,32.91,107.98,0.7939,2,2,-1
464,8,1069.63,494.31,47.67,87.14,0.9337,3,0,-1
464,14,1305.96,518.96,35.42,86.32,0.8828,2,2,-1
464,21,1007.27,532.02,34.09,92.93,0.9038,3,0,-1
464,22,1444.82,525.25,36.94,104.91,0.8061,2,2,-1
464,23,202.59,522.55,31.81,82.33,0.9258,2,1,-1
464,30,1542.86,549.17,43.90,95.45,0.9070,2,2,-1
464,41,749.54,513.18,33.55,84.65,0.9261,2,2,-1
464,46,801.77,767.11,65.83,156.61,0.9401,2,1,-1
464,72,1035.80,538.39,26.99,96.48,0.8898,2,1,-1
464,73,1497.47,530.14,27.90,57.10,0.8488,2,1,-1
464,75,1578.72,560.67,43.62,94.53,0.8914,2,1,-1
464,0,237.55,603.64,15.09,13.89,1.0,0,-1,-1
465,1,1629.86,562.00,47.10,108.37,0.9291,2,2,-1
465,3,1361.90,548.45,34.47,106.23,0.8204,2,2,-1
465,6,1495.28,528.21,26.88,66.91,0.8028,2,2,-1
465,8,1066.28,491.90,45.29,88.59,0.9285,3,0,-1
465,14,1311.02,517.41,31.49,84.13,0.9004,2,2,-1
465,21,1005.36,531.78,34.36,92.47,0.9098,3,0,-1
465,22,1442.49,522.97,34.23,105.92,0.8887,2,2,-1
465,23,200.92,519.58,34.07,86.11,0.9273,2,1,-1
465,30,1542.32,549.53,44.85,95.53,0.9041,2,2,-1
465,41,748.30,513.13,34.23,83.93,0.9215,2,2,-1
465,46,800.05,767.87,65.47,156.12,0.9400,2,1,-1
465,71,1595.58,552.59,28.79,66.86,0.6856,2,1,-1
465,72,1037.62,538.24,27.55,96.57,0.9013,2,1,-1
465,0,236.23,603.27,14.49,13.71,1.0,0,-1,-1
466,1,1627.74,562.62,46.60,107.26,0.9157,2,2,-1
466,2,1600.70,551.71,25.95,80.43,0.5604,2,2,-1
466,8,1062.86,490.41,41.64,88.81,0.9245,3,0,-1
466,14,1310.31,514.78,32.78,86.26,0.8922,2,2,-1
466,18,1360.06,548.48,41.23,104.41,0.8199,2,1,-1
466,21,1004.29,531.25,35.10,91.78,0.9110,3,0,-1
466,22,1438.81,522.54,34.28,104.68,0.9086,2,2,-1
466,23,199.36,516.36,39.20,89.87,0.9310,2,1,-1
466,30,1540.36,550.29,44.16,95.73,0.9102,2,2,-1
466,41,748.80,512.61,33.86,83.97,0.9187,2,2,-1
466,46,797.94,766.92,65.31,157.64,0.9454,2,1,-1
466,72,1037.51,537.46,31.49,97.14,0.9148,2,1,-1
466,73,1491.45,526.10,26.82,57.24,0.7525,2,1,-1
466,0,233.61,602.52,15.35,14.02,1.0,0,-1,-1
467,1,1626.43,563.96,45.56,104.53,0.9193,2,2,-1
467,6,1485.73,523.68,26.97,62.60,0.7991,2,2,-1
467,8,1061.23,489.71,39.08,88.22,0.9263,3,0,-1
467,14,1309.41,512.89,34.89,86.23,0.8902,2,2,-1
467,18,1359.92,548.34,41.64,104.32,0.8438,2,1,-1
467,21,1003.24,530.08,36.43,92.21,0.9130,3,0,-1
467,22,1433.06,521.57,36.07,106.10,0.8786,2,2,-1
467,23,195.18,514.67,48.69,98.65,0.9318,2,1,-1
467,30,1538.46,550.98,44.53,95.57,0.9101,2,2,-1
467,41,750.34,511.74,32.62,84.50,0.9151,2,2,-1
467,46,795.31,767.38,65.10,157.26,0.9532,2,1,-1
467,72,1036.33,536.06,33.97,98.64,0.9163,2,1,-1
467,75,1577.27,561.85,44.69,93.23,0.5918,2,1,-1
467,0,231.69,600.02,15.51,16.43,1.0,0,-1,-1
468,1,1625.70,564.66,45.15,103.96,0.9221,2,2,-1
468,2,1604.10,549.12,29.20,86.52,0.6490,2,2,-1
468,8,1058.04,489.28,37.46,86.16,0.9326,3,0,-1
468,14,1308.70,511.46,38.49,86.93,0.8825,2,2,-1
468,18,1357.70,548.24,42.72,104.09,0.7733,2,1,-1
468,21,1002.45,530.02,36.32,91.45,0.9061,3,0,-1
468,22,1426.32,521.28,37.41,103.40,0.8966,2,2,-1
468,23,192.20,514.65,54.40,99.95,0.9336,2,1,-1
468,30,1538.10,551.22,47.17,94.76,0.9172,2,2,-1
468,41,751.33,510.13,31.28,85.74,0.9103,2,2,-1
468,46,792.88,766.92,64.00,155.78,0.9490,2,1,-1
468,72,1034.49,535.07,36.47,99.42,0.9143,2,1,-1
468,73,1483.38,520.69,27.72,56.32,0.7683,2,1,-1
469,1,1624.50,566.21,44.62,101.16,0.9224,2,2,-1
469,6,1477.75,517.89,31.11,70.94,0.5927,2,2,-1
469,14,1309.21,510.51,40.27,87.00,0.8851,2,2,-1
469,18,1356.49,547.49,43.93,104.07,0.8444,2,1,-1
469,21,1001.50,529.47,36.52,91.39,0.9057,3,0,-1
469,22,1417.93,520.75,40.02,102.52,0.8792,2,2,-1
469,23,192.94,515.26,54.69,100.00,0.9299,2,1,-1
469,30,1537.84,550.90,49.83,94.93,0.9139,2,2,-1
469,41,752.67,508.30,30.10,87.62,0.9124,2,2,-1
469,46,790.31,767.66,64.54,154.17,0.9422,2,1,-1
469,72,1033.76,535.58,39.07,97.92,0.9176,2,1,-1
470,1,1624.55,566.71,44.43,99.59,0.9204,2,2,-1
470,4,1033.43,539.01,41.07,94.14,0.9181,2,2,-1
470,14,1312.34,510.27,39.08,87.64,0.8779,2,2,-1
470,21,1000.15,528.64,37.39,92.47,0.9100,3,0,-1
470,22,1409.61,520.87,43.24,101.42,0.9107,2,2,-1
470,23,197.50,517.15,51.40,98.08,0.9356,2,1,-1
470,30,1534.72,549.45,51.35,94.36,0.9113,2,2,-1
470,38,1343.85,548.65,30.44,87.43,0.7666,2,2,-1
470,41,753.53,507.21,28.88,87.47,0.9196,2,2,-1
470,46,788.83,767.05,63.46,154.71,0.9404,2,1,-1
470,67,1473.24,515.67,38.41,94.34,0.5254,2,2,-1
471,1,1623.63,567.59,46.50,97.75,0.9226,2,2,-1
471,4,1032.13,536.87,41.76,95.88,0.9231,2,2,-1
471,9,1315.67,585.73,36.88,62.66,0.6487,2,2,-1
471,14,1317.60,510.70,36.03,85.75,0.8645,2,2,-1
471,15,1578.85,552.31,38.81,98.84,0.8648,2,2,-1
471,18,1358.84,545.97,43.28,103.40,0.8287,2,1,-1
471,21,998.32,528.08,38.28,93.02,0.9179,2,-1,-1
471,22,1403.06,520.93,49.44,101.61,0.8987,2,2,-1
471,23,202.44,519.96,49.26,93.58,0.9305,2,1,-1
471,30,1531.65,547.57,54.07,96.13,0.9238,2,2,-1
471,41,753.02,506.60,29.33,88.27,0.9186,2,2,-1
471,46,787.09,765.91,63.22,155.01,0.9433,2,1,-1
471,67,1470.15,513.78,37.52,101.26,0.7739,2,2,-1
472,1,1621.63,567.50,49.51,97.91,0.9178,2,2,-1
472,4,1033.03,541.10,39.42,90.63,0.9124,2,2,-1
472,9,1314.59,581.09,37.04,67.26,0.5750,2,2,-1
472,14,1325.65,509.94,32.48,86.00,0.8256,2,2,-1
472,15,1582.88,550.01,37.14,98.43,0.8818,2,2,-1
472,18,1360.77,544.89,43.38,104.38,0.6677,2,1,-1
472,21,997.24,527.62,38.89,93.70,0.9186,2,1,-1
472,22,1399.73,521.44,52.38,101.21,0.8878,2,-1,-1
472,23,202.11,522.08,51.84,91.68,0.9303,2,1,-1
472,30,1531.76,546.17,58.54,97.09,0.9177,2,2,-1
472,41,751.97,506.91,29.91,88.10,0.9203,2,2,-1
472,46,785.84,766.15,63.31,155.35,0.9484,2,1,-1
472,67,1464.82,513.60,39.32,96.15,0.8658,2,2,-1
473,1,1619.66,567.43,53.69,97.54,0.9218,2,2,-1
473,4,1031.42,538.81,40.46,91.98,0.9047,2,2,-1
473,10,1313.17,561.15,32.81,86.63,0.8442,2,2,-1
473,15,1583.62,545.98,36.69,101.55,0.9050,2,2,-1
473,18,1360.51,543.43,43.32,105.14,0.6112,2,1,-1
473,21,996.09,527.21,39.62,93.53,0.9126,2,1,-1
473,22,1398.29,521.09,52.25,100.62,0.5554,2,1,-1
473,23,200.49,523.13,54.53,88.94,0.9257,2,1,-1
473,30,1534.02,545.38,53.61,95.13,0.9182,2,2,-1
473,41,749.82,508.05,31.79,87.40,0.9258,2,2,-1
473,46,783.91,766.39,66.40,154.80,0.9486,2,1,-1
473,67,1464.22,513.85,35.72,92.29,0.8130,2,2,-1
474,1,1617.31,567.27,57.30,96.85,0.9228,2,2,-1
474,4,1043.54,501.02,26.42,52.09,0.8042,2,2,-1
474,9,1313.03,591.94,29.92,54.82,0.8621,2,2,-1
474,14,1329.40,505.73,30.09,84.24,0.8685,2,2,-1
474,15,1586.02,543.87,35.11,102.91,0.9004,2,2,-1
474,21,993.94,526.86,39.92,92.60,0.9075,2,1,-1
474,22,1390.86,520.37,49.39,99.97,0.6966,2,1,-1
474,23,199.73,524.21,55.11,86.22,0.9264,2,1,-1
474,30,1538.12,544.07,49.17,93.56,0.9175,2,2,-1
474,41,747.48,509.46,35.53,86.31,0.9301,2,2,-1
474,46,782.17,766.29,71.27,154.28,0.9450,2,1,-1
474,67,1461.76,514.69,31.18,88.55,0.8732,2,2,-1
474,72,1031.29,535.81,39.85,94.36,0.9012,2,-1,-1
474,0,251.14,610.41,20.46,16.46,1.0,0,-1,-1
475,1,1613.36,566.58,60.78,97.51,0.9229,2,2,-1
475,3,1355.71,579.12,26.27,67.39,0.6348,2,2,-1
475,10,1309.87,556.26,31.37,89.80,0.9109,2,2,-1
475,14,1332.09,503.92,32.71,87.94,0.8676,2,2,-1
475,15,1586.74,542.53,35.11,103.22,0.8966,2,2,-1
475,21,992.99,526.44,39.36,91.90,0.9134,2,1,-1
475,22,1405.31,523.11,40.47,92.39,0.7457,2,1,-1
475,23,199.42,525.14,54.90,91.27,0.9254,2,1,-1
475,30,1541.68,542.80,44.54,92.54,0.9320,2,2,-1
475,41,745.79,511.02,39.55,84.98,0.9342,2,2,-1
475,46,780.35,766.35,74.00,153.33,0.9476,2,1,-1
475,67,1456.77,516.17,30.02,86.30,0.8677,2,2,-1
475,72,1032.65,534.64,37.78,94.64,0.9087,2,2,-1
475,0,267.69,617.74,19.68,15.20,1.0,0,-1,-1
476,1,1614.74,567.18,57.96,93.96,0.9139,2,2,-1
476,3,1351.55,580.25,23.54,62.40,0.5263,2,2,-1
476,10,1306.54,554.09,30.15,91.95,0.8966,2,2,-1
476,14,1331.83,503.17,30.94,88.45,0.8644,2,2,-1
476,15,1584.44,542.41,36.69,101.11,0.9053,2,2,-1
476,21,992.13,526.02,39.21,92.38,0.9171,2,1,-1
476,22,1405.14,522.39,33.72,94.98,0.8487,2,1,-1
476,23,200.03,526.64,52.74,90.81,0.9272,2,1,-1
476,30,1545.26,541.09,40.42,93.87,0.9170,2,2,-1
476,41,743.95,511.61,44.36,84.62,0.9334,2,2,-1
476,46,777.64,765.77,76.89,153.81,0.9485,2,1,-1
476,72,1031.26,535.01,35.46,93.06,0.9027,2,2,-1
476,0,284.58,624.45,20.41,15.71,1.0,0,-1,-1
477,1,1618.21,567.14,53.43,93.24,0.9101,2,2,-1
477,3,1346.25,578.40,24.40,63.38,0.5113,2,2,-1
477,10,1301.43,552.24,28.98,91.75,0.8950,2,2,-1
477,14,1333.36,503.30,30.96,80.07,0.8689,2,2,-1
477,15,1584.35,543.36,38.95,99.95,0.9043,2,2,-1
477,21,990.03,525.31,38.59,92.53,0.9178,2,1,-1
477,22,1401.75,522.66,32.70,97.05,0.7884,2,1,-1
477,23,201.23,527.39,51.07,91.00,0.9303,2,1,-1
477,30,1548.73,539.69,35.43,94.25,0.9102,2,2,-1
477,41,740.74,512.15,48.47,83.28,0.9324,2,2,-1
477,46,774.46,766.21,79.42,153.59,0.9470,2,1,-1
477,67,1446.42,521.77,28.72,84.88,0.8508,2,2,-1
477,72,1031.08,534.24,33.46,90.91,0.8888,2,2,-1
477,0,300.65,631.00,20.03,14.66,1.0,0,-1,-1
478,1,1622.48,566.43,50.39,94.93,0.8558,2,2,-1
478,8,1031.03,491.99,38.02,68.30,0.8846,3,0,-1
478,10,1295.90,552.68,29.19,90.94,0.9098,2,2,-1
478,13,1436.77,521.13,35.63,108.05,0.6525,2,2,-1
478,14,1331.34,503.54,31.24,79.84,0.8686,2,2,-1
478,21,987.03,525.00,38.67,92.43,0.9194,2,1,-1
478,22,1396.73,522.54,30.99,93.86,0.6332,2,1,-1
478,23,201.88,528.05,48.08,90.10,0.9067,2,1,-1
478,30,1548.98,538.97,32.84,92.26,0.8941,2,2,-1
478,41,738.13,512.15,49.67,84.02,0.9379,2,2,-1
478,46,771.41,768.37,80.73,149.32,0.9520,2,1,-1
478,75,1581.76,545.38,49.93,97.87,0.8952,2,1,-1
478,0,318.41,635.87,19.07,14.85,1.0,0,-1,-1
479,1,1624.01,567.63,45.30,91.77,0.8270,2,2,-1
479,6,1394.31,522.67,30.23,60.53,0.7325,2,2,-1
479,8,1027.88,489.79,39.89,73.49,0.9091,3,0,-1
479,10,1289.56,552.51,30.01,90.36,0.9068,2,2,-1
479,14,1330.39,504.37,28.79,74.98,0.8755,2,2,-1
479,21,984.74,524.12,37.91,92.66,0.9170,2,1,-1
479,22,1371.36,513.04,18.95,50.47,0.5483,2,1,-1
479,23,205.36,527.74,43.78,90.27,0.9134,2,1,-1
479,30,1550.15,537.86,30.15,89.16,0.9050,2,2,-1
479,41,735.98,512.49,48.55,83.51,0.9393,2,2,-1
479,46,766.67,771.02,84.36,145.44,0.9464,2,1,-1
479,67,1432.87,518.50,31.01,89.73,0.6946,2,2,-1
479,75,1582.11,546.37,54.01,97.08,0.8940,2,1,-1
479,0,333.43,641.27,21.62,15.89,1.0,0,-1,-1
480,1,1627.07,533.83,46.76,68.39,0.8516,2,2,-1
480,6,1385.84,522.74,32.42,67.87,0.7836,2,2,-1
480,8,1027.92,487.72,38.17,71.15,0.9155,3,0,-1
480,10,1282.69,555.66,30.97,87.82,0.8877,2,2,-1
480,13,1425.65,531.28,35.16,93.87,0.7218,2,2,-1
480,14,1330.35,506.58,27.30,69.38,0.8456,2,2,-1
480,21,981.25,523.84,38.10,92.92,0.9193,2,1,-1
480,22,1356.01,510.16,26.98,66.75,0.7926,2,1,-1
480,23,206.70,527.53,40.90,90.73,0.9253,2,1,-1
480,30,1549.26,538.24,29.24,88.69,0.9047,2,2,-1
480,41,734.26,513.28,46.87,82.68,0.9341,2,2,-1
480,46,763.03,775.03,88.47,144.15,0.9355,2,1,-1
480,72,1026.29,545.53,33.34,77.95,0.9027,2,2,-1
480,75,1580.86,546.87,53.74,96.22,0.8916,2,1,-1
480,0,350.21,648.53,21.04,16.55,1.0,0,-1,-1
481,1,1628.20,531.67,46.20,55.56,0.8585,2,2,-1
481,6,1377.41,522.29,30.56,58.75,0.7696,2,2,-1
481,8,1025.64,485.27,38.70,77.77,0.9211,3,0,-1
481,10,1279.12,562.87,28.92,80.34,0.7430,2,2,-1
481,21,977.82,523.57,37.51,93.19,0.9278,2,1,-1
481,23,206.81,527.50,39.42,90.17,0.9291,2,1,-1
481,30,1548.39,538.52,28.46,85.54,0.8958,2,2,-1
481,38,1328.72,508.46,26.63,79.80,0.8413,2,2,-1
481,41,733.61,513.52,43.64,82.30,0.9302,2,2,-1
481,46,758.37,778.29,92.38,141.30,0.9372,2,1,-1
481,73,1429.78,510.60,29.90,69.79,0.8236,2,1,-1
481,75,1577.56,545.22,49.87,96.03,0.9054,2,1,-1
481,0,367.14,656.58,20.29,16.26,1.0,0,-1,-1
482,1,1624.81,531.25,46.26,54.30,0.8582,2,2,-1
482,6,1370.92,522.42,31.72,59.26,0.5847,2,2,-1
482,8,1024.59,483.62,36.14,78.68,0.9215,3,0,-1
482,10,1269.37,556.33,32.51,86.50,0.7738,2,2,-1
482,13,1414.32,533.18,38.75,89.08,0.7999,2,2,-1
482,18,1340.79,573.04,34.99,71.57,0.5172,2,1,-1
482,21,973.15,523.22,38.36,92.93,0.9177,2,1,-1
482,23,203.28,526.21,41.05,92.04,0.9321,2,1,-1
482,30,1545.98,538.68,28.93,84.67,0.8997,2,2,-1
482,38,1324.24,508.62,25.69,78.10,0.7930,2,2,-1
482,41,732.98,514.02,39.45,81.44,0.9252,2,2,-1
482,46,753.28,780.50,95.16,138.87,0.9232,2,1,-1
482,72,1019.83,549.48,39.60,75.16,0.9042,2,2,-1
482,75,1573.58,543.00,48.21,96.64,0.9201,2,1,-1
482,0,383.19,661.12,20.29,16.40,1.0,0,-1,-1
483,2,1623.40,570.31,38.94,83.49,0.8244,2,2,-1
483,8,1020.36,482.21,35.95,81.61,0.9223,3,0,-1
483,10,1260.40,556.24,35.14,86.24,0.8849,2,-1,-1
483,13,1409.13,531.47,41.51,90.80,0.8789,2,2,-1
483,18,1363.74,557.32,38.15,73.12,0.5716,2,1,-1
483,21,968.28,522.75,38.21,93.20,0.9202,2,1,-1
483,22,1329.12,507.64,29.56,68.33,0.5840,2,1,-1
483,23,198.54,524.35,43.08,93.75,0.9326,2,1,-1
483,30,1541.53,537.47,30.11,86.55,0.9047,2,2,-1
483,41,728.79,513.28,37.82,82.11,0.9274,2,2,-1
483,46,747.07,779.42,98.27,140.59,0.9281,2,1,-1
483,72,1016.12,548.83,39.99,75.43,0.9115,2,2,-1
483,75,1571.35,541.45,46.58,96.17,0.9147,2,1,-1
483,0,397.19,667.19,21.60,17.09,1.0,0,-1,-1
484,2,1618.71,570.68,43.03,80.09,0.8835,2,2,-1
484,8,1017.58,482.14,34.04,81.01,0.9004,3,0,-1
484,10,1252.82,553.46,37.76,88.32,0.8951,2,1,-1
484,13,1405.92,529.89,40.87,92.53,0.8345,2,2,-1
484,18,1351.42,520.95,50.05,108.35,0.8022,2,1,-1
484,21,962.15,522.94,38.68,92.69,0.9160,2,1,-1
484,23,192.52,522.26,46.56,96.23,0.9299,2,1,-1
484,38,1318.02,504.15,29.99,78.78,0.7829,2,2,-1
484,41,722.96,513.13,37.25,82.36,0.9312,2,2,-1
484,46,744.66,777.81,99.82,141.16,0.9214,2,1,-1
484,71,1536.30,536.02,38.99,88.39,0.9159,2,1,-1
484,72,1011.69,549.36,39.57,76.41,0.8984,2,2,-1
484,75,1569.31,540.07,43.94,95.18,0.9005,2,1,-1
484,0,412.57,674.18,21.89,17.05,1.0,0,-1,-1
485,2,1613.67,569.44,49.80,81.23,0.9045,2,2,-1
485,6,1351.11,522.52,34.98,69.93,0.7740,2,2,-1
485,8,1014.51,482.57,32.81,77.98,0.9179,3,0,-1
485,10,1245.59,551.23,36.97,89.90,0.8875,2,1,-1
485,13,1397.86,524.30,42.44,98.05,0.8708,2,2,-1
485,21,956.96,522.71,39.71,92.98,0.9188,2,1,-1
485,23,185.82,520.13,51.38,98.22,0.9422,2,1,-1
485,38,1297.64,501.44,43.25,112.50,0.8124,2,2,-1
485,41,716.86,512.57,37.58,83.14,0.9276,2,2,-1
485,46,740.44,775.70,103.47,142.56,0.9146,2,1,-1
485,71,1529.80,534.35,43.52,88.80,0.9254,2,1,-1
485,72,1006.14,547.96,37.28,77.63,0.9092,2,2,-1
485,75,1566.97,538.46,42.26,95.27,0.8988,2,-1,-1
485,0,430.93,682.11,19.92,15.02,1.0,0,-1,-1
486,1,1608.40,525.50,45.82,57.24,0.7085,2,2,-1
486,2,1608.43,570.10,55.70,80.27,0.9171,2,2,-1
486,8,1010.40,483.92,32.09,77.29,0.9115,3,0,-1
486,10,1236.74,549.25,36.18,89.79,0.9138,2,1,-1
486,13,1396.52,524.22,40.15,98.46,0.8707,2,2,-1
486,15,1567.53,535.94,36.85,96.49,0.8956,2,2,-1
486,21,952.75,522.31,38.11,93.05,0.9078,2,1,-1
486,22,1304.37,499.77,31.73,78.43,0.8246,2,1,-1
486,23,178.65,517.97,55.22,100.35,0.9317,2,1,-1
486,41,710.40,512.35,37.50,84.09,0.9267,2,2,-1
486,46,743.01,775.45,103.96,143.13,0.9104,2,1,-1
486,67,1347.76,523.40,33.49,92.37,0.7461,2,2,-1
486,71,1524.09,533.31,49.36,89.97,0.9264,2,1,-1
486,72,1001.47,546.48,33.54,77.48,0.9170,2,2,-1
486,0,445.92,688.01,22.17,15.64,1.0,0,-1,-1
487,1,1607.78,523.85,42.66,58.10,0.8181,2,2,-1
487,2,1602.59,569.25,60.39,79.74,0.9242,2,2,-1
487,8,1006.68,485.54,32.03,80.48,0.9018,3,0,-1
487,9,1229.76,573.24,31.81,61.86,0.8452,2,2,-1
487,13,1391.17,521.49,39.37,98.70,0.8658,2,2,-1
487,14,1299.57,498.55,43.14,82.18,0.8373,2,2,-1
487,15,1566.23,533.43,34.92,98.26,0.8860,2,2,-1
487,21,948.73,521.94,36.86,93.46,0.9078,2,1,-1
487,23,171.98,516.85,58.30,101.10,0.9446,2,1,-1
487,41,703.15,512.61,38.44,84.08,0.9355,2,2,-1
487,46,752.12,774.53,90.22,141.27,0.9204,2,1,-1
487,67,1337.04,523.34,35.02,96.87,0.8377,2,2,-1
487,71,1517.12,531.27,55.94,91.01,0.9331,2,1,-1
487,72,996.12,546.53,32.33,78.19,0.9003,2,2,-1
487,0,460.85,692.75,22.13,16.16,1.0,0,-1,-1
488,1,1605.49,522.90,42.43,59.59,0.8306,2,2,-1
488,2,1599.37,567.87,57.07,80.61,0.9212,2,2,-1
488,8,1001.77,486.71,31.81,78.71,0.9057,3,0,-1
488,9,1223.05,573.79,29.80,61.53,0.8498,2,2,-1
488,13,1386.11,520.91,37.74,98.56,0.8887,2,2,-1
488,15,1564.03,530.74,32.04,100.14,0.8956,2,2,-1
488,21,943.93,522.22,34.98,93.08,0.9069,2,1,-1
488,22,1293.75,498.39,31.28,76.84,0.8175,2,1,-1
488,23,168.58,516.95,58.87,101.05,0.9385,2,1,-1
488,41,695.60,513.40,38.27,84.37,0.9254,2,2,-1
488,46,757.59,773.88,96.27,141.70,0.9067,2,1,-1
488,67,1326.90,522.79,33.19,92.59,0.7945,2,2,-1
488,71,1507.66,529.83,61.22,91.60,0.9306,2,1,-1
488,72,990.36,546.94,30.28,78.35,0.9158,2,2,-1
488,0,479.08,699.10,19.69,17.38,1.0,0,-1,-1
489,1,1600.58,522.79,42.66,58.62,0.8187,2,2,-1
489,2,1594.17,567.98,55.66,81.42,0.9124,2,2,-1
489,6,1317.06,520.83,29.35,57.29,0.7826,2,2,-1
489,8,996.39,486.70,34.09,77.92,0.9100,3,0,-1
489,9,1210.15,564.93,32.88,69.35,0.8537,2,-1,-1
489,13,1382.12,520.00,36.48,98.49,0.8763,2,2,-1
489,15,1561.41,529.54,30.15,98.55,0.9075,2,2,-1
489,21,938.38,521.85,33.66,92.98,0.9078,2,1,-1
489,23,166.60,517.31,57.42,99.12,0.9255,2,1,-1
489,38,1259.66,508.91,39.76,107.52,0.8435,2,2,-1
489,41,685.15,514.50,40.02,84.01,0.9236,2,2,-1
489,46,769.28,770.29,95.14,146.58,0.9071,2,1,-1
489,71,1503.29,527.62,58.80,93.72,0.9337,2,1,-1
489,72,983.87,547.12,29.34,77.25,0.9022,2,2,-1
489,0,494.06,705.87,21.36,16.93,1.0,0,-1,-1
490,1,1602.35,523.64,37.74,53.29,0.7708,2,2,-1
490,2,1594.56,568.60,49.47,80.98,0.9112,2,2,-1
490,6,1309.64,520.01,31.27,56.76,0.6598,2,2,-1
490,8,990.60,486.99,33.61,76.29,0.9169,3,0,-1
490,10,1198.95,543.72,34.77,89.79,0.8813,2,1,-1
490,13,1376.62,520.78,34.73,95.61,0.8723,2,2,-1
490,14,1278.07,499.59,37.86,86.81,0.8233,2,2,-1
490,15,1555.98,529.04,29.39,94.47,0.8949,2,2,-1
490,21,932.50,522.18,32.32,93.16,0.8986,2,1,-1
490,23,167.67,518.75,56.85,98.50,0.9144,2,1,-1
490,41,674.84,515.63,39.93,83.18,0.9187,2,2,-1
490,46,763.13,768.86,92.14,146.42,0.9303,2,1,-1
490,71,1503.59,526.03,51.48,94.74,0.9307,2,1,-1
490,72,975.83,545.23,29.47,79.26,0.9158,2,2,-1
490,0,509.57,711.71,20.10,16.44,1.0,0,-1,-1
491,2,1596.13,564.22,47.36,84.47,0.8919,2,2,-1
491,8,984.37,486.25,34.03,76.58,0.9108,3,0,-1
491,10,1185.38,537.20,38.26,94.78,0.9111,2,1,-1
491,13,1367.21,519.10,36.83,98.40,0.8997,2,2,-1
491,14,1273.53,500.94,34.45,83.86,0.8503,2,2,-1
491,15,1551.70,530.05,28.07,90.56,0.9090,2,2,-1
491,21,925.38,522.58,30.70,92.68,0.9056,2,1,-1
491,23,164.97,520.48,56.67,96.80,0.9012,2,1,-1
491,30,1506.57,522.74,39.13,98.20,0.9292,2,2,-1
491,38,1240.00,504.09,40.34,110.74,0.8613,2,2,-1
491,41,663.67,516.35,39.34,82.50,0.9179,2,2,-1
491,46,763.74,766.36,88.47,143.44,0.9267,2,1,-1
491,72,967.43,547.72,29.54,78.22,0.8979,2,2,-1
491,0,524.18,717.38,20.71,17.38,1.0,0,-1,-1
492,1,1592.37,524.79,35.61,55.00,0.7956,2,2,-1
492,2,1598.97,564.47,42.49,82.72,0.9053,2,2,-1
492,8,977.96,484.42,34.14,77.93,0.9029,3,0,-1
492,10,1173.91,535.73,38.83,92.26,0.9181,2,1,-1
492,13,1357.77,518.67,38.15,98.45,0.8914,2,2,-1
492,14,1273.12,506.15,48.87,78.06,0.8463,2,2,-1
492,15,1544.90,531.98,28.83,87.32,0.8979,2,2,-1
492,21,917.34,522.54,30.65,92.58,0.9073,2,1,-1
492,23,157.90,521.38,59.34,95.21,0.9043,2,1,-1
492,30,1501.98,519.85,37.77,100.56,0.9100,2,2,-1
492,38,1228.38,502.82,40.53,111.92,0.7202,2,2,-1
492,41,654.41,516.37,38.37,82.08,0.9201,2,2,-1
492,46,764.12,763.52,84.75,142.11,0.9360,2,1,-1
492,72,957.30,545.43,30.89,80.82,0.9157,2,2,-1
492,0,538.77,724.13,21.22,18.05,1.0,0,-1,-1
493,2,1595.99,559.30,40.35,87.34,0.9086,2,2,-1
493,8,969.78,481.29,36.28,81.59,0.9057,3,0,-1
493,10,1162.26,534.95,38.45,89.45,0.8965,2,1,-1
493,13,1349.24,519.02,38.69,94.92,0.8980,2,2,-1
493,14,1256.99,499.47,59.21,83.78,0.9056,2,2,-1
493,15,1536.17,533.11,30.80,85.82,0.8956,2,2,-1
493,21,908.61,522.68,30.28,91.14,0.8978,2,1,-1
493,23,144.21,520.96,64.20,95.68,0.9329,2,1,-1
493,30,1495.35,516.32,36.07,102.47,0.8992,2,2,-1
493,38,1217.64,500.90,37.74,102.80,0.6869,2,2,-1
493,41,644.24,514.87,37.14,83.51,0.9250,2,2,-1
493,46,768.79,762.19,72.74,137.91,0.9374,2,1,-1
493,72,946.79,544.47,32.32,81.91,0.9148,2,2,-1
493,0,553.68,730.75,19.39,16.26,1.0,0,-1,-1
494,2,1591.13,559.29,39.03,84.44,0.8981,2,2,-1
494,3,1256.55,563.32,35.22,81.83,0.7018,2,2,-1
494,8,961.27,478.81,36.45,84.42,0.9126,3,0,-1
494,10,1149.90,534.55,38.45,91.01,0.8970,2,1,-1
494,13,1341.11,518.17,39.12,95.72,0.8963,2,2,-1
494,14,1245.87,498.84,60.43,84.34,0.8920,2,2,-1
494,15,1529.04,533.58,31.13,84.19,0.8870,2,2,-1
494,21,898.98,522.88,30.09,91.13,0.8954,2,1,-1
494,23,134.85,519.36,68.53,98.18,0.9378,2,1,-1
494,30,1488.73,517.64,35.32,99.30,0.9052,2,2,-1
494,38,1203.88,500.15,42.68,111.34,0.8742,2,2,-1
494,41,632.92,513.81,36.07,85.41,0.9280,2,2,-1
494,46,777.03,760.80,64.43,140.63,0.9292,2,1,-1
494,72,936.86,544.84,33.41,83.22,0.9186,2,2,-1
494,73,1311.70,502.55,37.70,96.17,0.8927,2,1,-1
494,75,1570.52,545.30,29.34,63.95,0.7842,2,2,-1
494,0,565.36,736.55,22.31,17.16,1.0,0,-1,-1
495,1,1573.19,522.85,31.93,54.68,0.7684,2,2,-1
495,2,1586.26,562.18,36.27,84.17,0.8994,2,2,-1
495,8,955.37,476.52,35.82,86.04,0.9182,3,0,-1
495,10,1136.89,533.67,36.68,92.10,0.8639,2,1,-1
495,13,1333.98,517.09,38.00,95.13,0.9112,2,2,-1
495,15,1518.21,531.76,33.74,85.11,0.8857,2,2,-1
495,21,889.07,523.56,29.63,90.83,0.8979,2,1,-1
495,22,1234.26,497.56,35.13,86.30,0.8579,2,1,-1
495,23,126.22,518.06,70.76,99.37,0.9363,2,1,-1
495,30,1483.99,520.67,35.90,95.60,0.8930,2,2,-1
495,38,1199.42,545.62,35.08,67.92,0.8483,2,2,-1
495,41,621.67,512.50,35.74,88.30,0.9279,2,2,-1
495,46,785.61,757.87,52.95,141.56,0.9435,2,1,-1
495,72,927.41,545.44,33.53,83.19,0.9215,2,2,-1
495,73,1299.89,502.89,39.99,103.79,0.9133,2,1,-1
495,0,578.91,742.46,21.53,18.88,1.0,0,-1,-1
496,1,1551.25,524.43,40.84,83.56,0.7954,2,2,-1
496,2,1579.13,563.93,38.58,82.36,0.9133,2,2,-1
496,8,948.46,475.35,35.14,87.05,0.8435,3,0,-1
496,10,1124.18,539.72,33.07,86.12,0.8220,2,1,-1
496,13,1322.77,515.41,39.43,96.33,0.9178,2,2,-1
496,15,1507.99,529.38,35.71,87.33,0.8825,2,2,-1
496,21,878.95,523.41,29.65,91.57,0.9110,2,1,-1
496,22,1224.28,497.32,39.40,86.29,0.8211,2,1,-1
496,23,118.52,517.48,67.97,99.16,0.9411,2,1,-1
496,30,1475.84,516.81,38.77,99.89,0.9054,2,2,-1
496,38,1178.84,527.76,46.10,85.11,0.8868,2,2,-1
496,41,609.54,511.78,34.97,89.74,0.9263,2,2,-1
496,46,784.48,756.01,53.15,144.21,0.9486,2,1,-1
496,72,916.12,546.26,36.13,86.57,0.9254,2,2,-1
496,73,1288.76,503.43,39.60,101.75,0.9059,2,1,-1
496,0,592.84,749.60,21.57,17.97,1.0,0,-1,-1
497,1,1544.67,528.41,37.58,79.22,0.8683,2,-1,-1
497,2,1572.37,558.08,45.51,89.57,0.9272,2,2,-1
497,3,1223.40,560.74,39.97,87.18,0.8767,2,2,-1
497,8,941.65,474.91,32.72,87.64,0.9154,3,0,-1
497,10,1110.99,529.93,36.38,94.86,0.8985,2,1,-1
497,13,1312.14,513.83,40.91,97.14,0.9126,2,2,-1
497,15,1504.14,527.02,36.05,88.68,0.8842,2,2,-1
497,21,868.45,523.73,29.74,91.89,0.9067,2,1,-1
497,23,114.06,517.95,64.73,99.13,0.9399,2,1,-1
497,30,1465.59,516.49,41.71,100.59,0.9169,2,2,-1
497,38,1167.49,507.09,35.64,64.32,0.5866,2,2,-1
497,41,598.00,512.43,34.39,90.25,0.9268,2,2,-1
497,46,777.54,755.64,67.16,143.16,0.9468,2,1,-1
497,72,904.49,547.78,36.39,87.33,0.9224,2,2,-1
497,73,1276.56,503.72,41.09,98.65,0.9097,2,1,-1
497,0,605.74,755.03,21.87,19.26,1.0,0,-1,-1
498,1,1548.60,513.19,26.90,57.09,0.7924,2,1,-1
498,2,1565.06,560.04,51.15,88.60,0.9359,2,2,-1
498,8,934.66,474.83,32.08,88.51,0.9203,3,0,-1
498,10,1098.30,527.62,35.50,94.24,0.8577,2,1,-1
498,13,1302.04,512.39,42.54,98.56,0.9178,2,2,-1
498,15,1494.08,524.91,39.99,89.66,0.9000,2,2,-1
498,21,858.11,523.44,30.69,92.77,0.9024,2,1,-1
498,22,1198.26,498.77,40.87,90.43,0.7162,2,1,-1
498,23,112.16,519.64,59.91,98.09,0.9292,2,1,-1
498,30,1456.22,517.75,43.01,98.15,0.9062,2,2,-1
498,41,585.53,513.36,34.46,90.96,0.9267,2,2,-1
498,46,767.73,752.94,87.89,144.19,0.9474,2,1,-1
498,72,892.20,550.05,37.01,85.22,0.9327,2,2,-1
498,73,1263.77,503.23,42.83,98.99,0.9112,2,1,-1
498,0,619.44,760.31,21.85,20.14,1.0,0,-1,-1
499,1,1525.86,511.88,39.67,92.72,0.8848,2,1,-1
499,2,1557.27,563.84,57.73,84.42,0.9410,2,2,-1
499,8,928.22,476.10,36.16,87.25,0.9390,3,0,-1
499,10,1085.41,525.15,35.23,90.74,0.8637,2,1,-1
499,13,1291.80,511.17,44.35,100.21,0.9202,2,2,-1
499,21,847.43,523.07,30.83,94.15,0.9038,2,1,-1
499,22,1185.64,499.82,41.75,95.24,0.7836,2,1,-1
499,23,111.47,521.32,50.95,95.63,0.9224,2,1,-1
499,30,1449.34,516.93,42.07,99.15,0.8920,2,2,-1
499,41,573.30,515.09,34.31,90.24,0.9318,2,2,-1
499,46,759.32,750.62,101.97,147.43,0.9444,2,1,-1
499,72,881.00,551.45,37.31,83.48,0.9316,2,2,-1
499,73,1250.76,502.56,44.01,99.08,0.9199,2,1,-1
499,0,633.67,768.94,22.31,19.17,1.0,0,-1,-1
500,1,1519.34,510.40,38.32,94.95,0.8950,2,1,-1
500,2,1551.41,567.66,62.96,81.69,0.9388,2,2,-1
500,8,920.83,478.23,39.55,85.69,0.9268,3,0,-1
500,10,1073.50,524.09,34.97,88.66,0.9194,2,1,-1
500,13,1282.40,510.90,45.06,98.67,0.9253,2,2,-1
500,15,1476.34,522.45,38.42,88.35,0.8843,2,2,-1
500,21,838.34,523.25,29.57,94.57,0.8921,2,1,-1
500,22,1174.00,501.39,42.06,94.96,0.7970,2,1,-1
500,23,107.23,522.23,46.24,96.14,0.9286,2,1,-1
500,30,1442.55,517.01,39.67,98.21,0.8855,2,2,-1
500,41,562.34,516.10,34.37,89.49,0.9334,2,2,-1
500,46,757.48,749.79,97.89,146.09,0.9425,2,1,-1
500,67,1133.91,504.24,39.52,98.46,0.6826,2,2,-1
500,72,872.29,552.28,38.41,81.85,0.9341,2,2,-1
500,73,1238.99,500.33,45.62,99.22,0.9131,2,-1,-1
500,0,648.56,774.73,21.14,18.99,1.0,0,-1,-1
501,1,1511.81,512.59,37.99,93.05,0.8972,2,1,-1
501,2,1545.23,569.84,66.38,82.69,0.9288,2,2,-1
501,8,913.25,480.38,38.69,83.21,0.9195,3,0,-1
501,9,1096.18,534.81,33.27,84.22,0.7381,2,1,-1
501,10,1061.40,523.50,34.19,89.08,0.9142,2,1,-1
501,13,1273.50,510.62,45.97,99.30,0.9277,2,2,-1
501,15,1469.67,522.24,36.56,91.03,0.8959,2,2,-1
501,21,829.56,523.37,29.19,94.73,0.8838,2,1,-1
501,22,1162.23,502.60,42.34,94.98,0.8372,2,1,-1
501,23,97.49,522.60,51.29,94.71,0.9329,2,1,-1
501,30,1435.45,514.26,38.85,101.54,0.8855,2,2,-1
501,38,1125.70,503.09,38.82,68.65,0.5584,2,-1,-1
501,41,550.33,516.43,34.57,89.61,0.9295,2,2,-1
501,46,764.78,749.96,88.31,145.72,0.9442,2,1,-1
501,72,863.17,552.33,39.40,83.37,0.9318,2,2,-1
501,73,1228.04,498.93,45.70,98.45,0.9197,2,2,-1
501,0,661.71,780.72,22.86,20.65,1.0,0,-1,-1
502,1,1504.44,505.45,37.71,100.66,0.9158,2,1,-1
502,2,1538.49,571.22,66.58,81.52,0.9384,2,2,-1
502,8,905.01,483.94,36.79,79.95,0.9204,3,0,-1
502,10,1050.03,523.64,32.98,90.72,0.9104,2,1,-1
502,13,1264.88,510.79,46.72,98.75,0.9273,2,2,-1
502,15,1461.64,523.42,36.54,90.19,0.8982,2,2,-1
502,21,819.55,523.10,29.10,95.23,0.9035,2,1,-1
502,22,1151.18,501.62,41.54,93.88,0.8833,2,1,-1
502,23,84.96,520.28,60.54,98.05,0.9314,2,1,-1
502,30,1425.91,515.09,38.68,100.22,0.8760,2,2,-1
502,41,538.30,516.29,35.21,90.02,0.9276,2,2,-1
502,46,765.56,750.60,86.67,145.97,0.9365,2,1,-1
502,72,854.06,552.49,39.23,85.01,0.9269,2,2,-1
502,73,1217.64,496.43,45.56,99.87,0.9163,2,2,-1
502,0,676.30,789.37,22.80,18.96,1.0,0,-1,-1
503,1,1496.75,506.27,39.37,99.99,0.9149,2,1,-1
503,2,1534.30,572.95,62.50,78.94,0.9345,2,2,-1
503,8,896.93,485.79,36.08,78.57,0.9186,3,0,-1
503,10,1038.14,523.67,32.83,91.61,0.8854,2,1,-1
503,13,1255.81,510.79,47.28,97.39,0.9299,2,2,-1
503,15,1454.64,524.63,37.84,88.65,0.9049,2,2,-1
503,21,809.96,523.48,29.81,94.51,0.9033,2,1,-1
503,22,1139.17,500.17,42.49,97.87,0.8819,2,1,-1
503,23,75.40,518.95,66.81,99.38,0.9364,2,1,-1
503,30,1418.38,513.14,39.07,101.89,0.8927,2,2,-1
503,41,526.87,515.47,35.78,92.19,0.9263,2,2,-1
503,46,761.16,750.49,89.07,141.92,0.9420,2,1,-1
503,67,1096.88,500.81,38.45,103.33,0.8587,2,2,-1
503,72,844.05,553.25,38.52,86.73,0.9234,2,2,-1
503,73,1208.63,493.83,45.00,102.53,0.9086,2,2,-1
503,0,691.02,794.68,23.12,19.30,1.0,0,-1,-1
504,1,1488.27,512.60,37.82,93.50,0.8880,2,1,-1
504,2,1529.48,575.47,57.06,77.67,0.9285,2,2,-1
504,3,1165.66,544.66,46.67,89.57,0.6772,2,2,-1
504,8,888.72,487.17,33.70,77.03,0.8971,3,0,-1
504,10,1026.12,522.40,32.04,91.51,0.8457,2,1,-1
504,13,1246.93,510.80,47.83,97.80,0.9294,2,2,-1
504,15,1446.31,526.75,42.34,85.52,0.8976,2,2,-1
504,21,800.32,523.73,29.64,94.89,0.8912,2,1,-1
504,22,1126.64,500.16,40.65,92.83,0.8298,2,1,-1
504,23,67.71,517.78,71.33,99.46,0.9385,2,1,-1
504,30,1407.79,515.21,41.25,100.17,0.8793,2,2,-1
504,38,1086.85,499.23,33.91,68.88,0.8136,2,1,-1
504,41,515.08,514.81,36.44,93.94,0.9274,2,2,-1
504,46,764.04,749.84,84.52,142.43,0.9362,2,1,-1
504,72,829.59,554.90,41.69,89.06,0.9111,2,2,-1
504,73,1198.96,490.74,44.10,105.63,0.9134,2,2,-1
504,0,706.98,799.53,21.97,19.87,1.0,0,-1,-1
505,1,1481.40,514.72,37.29,91.56,0.8788,2,1,-1
505,2,1527.37,576.72,49.74,75.89,0.9374,2,2,-1
505,6,1125.49,498.31,34.96,78.94,0.8314,2,2,-1
505,8,880.18,487.02,32.51,78.00,0.9183,3,0,-1
505,9,1030.74,527.65,48.21,91.44,0.8433,2,1,-1
505,13,1240.64,510.91,46.40,97.31,0.9291,2,2,-1
505,15,1440.45,526.86,48.02,85.48,0.9158,2,2,-1
505,18,1152.73,537.39,53.24,110.39,0.6610,2,1,-1
505,21,790.87,524.12,30.48,96.30,0.8968,2,1,-1
505,23,64.77,518.26,68.40,96.69,0.9335,2,1,-1
505,30,1397.97,514.29,44.51,100.18,0.8976,2,2,-1
505,38,1075.63,496.78,33.38,71.50,0.8311,2,1,-1
505,41,500.81,515.09,39.56,95.20,0.9273,2,2,-1
505,46,768.96,749.01,78.33,142.41,0.9269,2,1,-1
505,72,818.12,557.66,45.52,89.02,0.9218,2,2,-1
505,73,1190.70,490.61,42.15,103.94,0.9264,2,2,-1
505,0,721.14,805.84,25.08,20.60,1.0,0,-1,-1
506,2,1521.42,577.31,47.80,74.87,0.9261,2,2,-1
506,6,1120.50,496.96,31.95,72.95,0.8272,2,2,-1
506,8,872.11,486.34,31.99,78.00,0.9090,3,0,-1
506,9,1012.93,527.67,55.66,93.07,0.8670,2,1,-1
506,13,1233.61,510.63,45.43,98.37,0.9268,2,2,-1
506,15,1433.11,526.30,52.44,85.92,0.9091,2,2,-1
506,18,1147.88,542.28,49.48,109.69,0.8915,2,1,-1
506,21,782.82,524.44,31.76,95.79,0.8962,2,1,-1
506,23,65.15,525.19,62.83,89.22,0.8610,2,1,-1
506,41,487.93,516.15,42.11,95.74,0.9286,2,2,-1
506,46,770.36,748.74,74.70,136.10,0.9224,2,1,-1
506,67,1062.89,493.37,35.79,106.70,0.8832,2,2,-1
506,71,1387.32,521.42,49.29,93.02,0.9135,2,1,-1
506,72,808.29,559.87,49.11,87.32,0.9262,2,2,-1
506,73,1181.79,489.84,41.74,103.15,0.9147,2,2,-1
506,0,738.85,813.84,23.99,19.67,1.0,0,-1,-1
507,2,1514.05,576.51,46.70,74.69,0.9251,2,2,-1
507,8,863.33,485.86,31.75,78.70,0.9102,3,0,-1
507,10,992.79,514.49,32.09,86.72,0.8713,2,1,-1
507,13,1227.06,510.06,43.86,98.19,0.9366,2,2,-1
507,15,1427.96,525.11,54.17,87.71,0.9102,2,2,-1
507,18,1140.64,545.40,45.61,105.51,0.8937,2,1,-1
507,21,773.20,524.71,34.94,96.34,0.9106,2,1,-1
507,22,1094.94,497.43,35.59,96.08,0.8483,2,-1,-1
507,23,70.55,519.50,60.13,94.21,0.8590,2,1,-1
507,41,474.02,517.51,45.72,96.62,0.9284,2,2,-1
507,46,769.00,749.48,70.93,135.66,0.9040,2,1,-1
507,67,1047.57,490.94,38.93,111.34,0.8796,2,2,-1
507,71,1377.01,517.75,52.12,97.36,0.9138,2,1,-1
507,72,799.81,561.35,52.51,86.21,0.9220,2,2,-1
507,73,1172.33,490.35,41.97,102.45,0.9184,2,2,-1
507,0,754.35,818.93,28.38,21.01,1.0,0,-1,-1
508,2,1505.22,576.49,47.52,76.53,0.9198,2,2,-1
508,3,1133.59,572.07,41.12,79.04,0.8578,2,2,-1
508,8,854.48,484.63,32.44,80.19,0.9053,3,0,-1
508,10,981.13,513.07,34.99,93.09,0.8700,2,1,-1
508,13,1220.70,509.13,41.85,97.67,0.9222,2,2,-1
508,14,1124.16,536.89,32.08,53.28,0.6126,2,2,-1
508,15,1422.85,524.11,53.02,88.53,0.9178,2,2,-1
508,21,763.82,524.89,38.68,95.68,0.9150,2,1,-1
508,22,1085.18,494.69,32.66,96.16,0.8690,2,2,-1
508,23,90.63,518.52,35.56,57.64,0.8741,2,1,-1
508,41,463.60,519.02,46.22,95.25,0.9289,2,2,-1
508,46,773.65,750.34,71.04,134.99,0.9229,2,1,-1
508,67,1036.42,489.72,39.39,109.87,0.8917,2,2,-1
508,71,1371.49,520.19,49.64,93.76,0.8476,2,1,-1
508,72,791.13,561.27,54.99,85.67,0.9250,2,2,-1
508,73,1162.60,491.08,42.07,101.91,0.9161,2,2,-1
509,2,1497.83,577.30,46.99,82.24,0.9213,2,2,-1
509,6,1094.90,491.20,34.97,88.67,0.8529,2,2,-1
509,8,845.55,483.02,32.88,81.29,0.9174,3,0,-1
509,10,976.47,513.32,23.61,52.00,0.7610,2,1,-1
509,13,1213.96,508.07,40.68,99.12,0.9244,2,2,-1
509,15,1417.68,522.65,54.01,87.95,0.9101,2,2,-1
509,18,1124.02,539.18,43.34,111.54,0.8407,2,1,-1
509,21,754.46,525.93,41.83,95.34,0.9140,2,1,-1
509,23,65.90,516.67,54.55,97.82,0.9015,2,1,-1
509,41,451.64,519.77,47.02,95.31,0.9291,2,2,-1
509,46,773.55,750.83,78.75,137.05,0.9361,2,1,-1
509,67,1026.50,489.55,39.77,107.94,0.9125,2,2,-1
509,71,1360.67,515.06,52.63,99.01,0.8717,2,-1,-1
509,72,783.33,563.16,57.83,89.04,0.9326,2,2,-1
509,73,1153.56,492.57,41.91,100.88,0.9152,2,2,-1
510,2,1495.40,579.61,46.47,82.65,0.9307,2,2,-1
510,8,836.09,480.89,33.67,83.10,0.9232,3,0,-1
510,10,966.63,513.72,25.13,52.64,0.6338,2,1,-1
510,13,1206.68,505.95,40.24,100.33,0.9322,2,2,-1
510,15,1413.22,521.90,53.66,89.97,0.9111,2,2,-1
510,21,745.92,526.64,43.19,95.66,0.9234,2,1,-1
510,22,1065.86,493.67,32.71,93.80,0.8537,2,2,-1
510,23,58.26,515.13,56.17,101.15,0.9343,2,1,-1
510,41,442.27,519.80,46.63,95.97,0.9354,2,2,-1
510,46,773.09,750.31,87.24,136.99,0.9222,2,1,-1
510,67,1015.63,490.67,41.14,105.21,0.9119,2,2,-1
510,71,1349.36,514.93,54.95,99.57,0.8688,2,2,-1
510,72,779.32,564.51,56.86,91.99,0.9271,2,2,-1
510,73,1144.00,493.52,42.54,99.02,0.9149,2,2,-1
511,2,1489.30,581.97,47.08,80.96,0.9315,2,2,-1
511,8,826.44,479.17,34.34,85.19,0.9183,3,0,-1
511,13,1198.75,504.27,39.52,100.94,0.9308,2,2,-1
511,15,1410.14,519.68,51.11,91.20,0.9113,2,2,-1
511,21,737.35,526.41,43.61,95.58,0.9226,2,1,-1
511,22,1054.98,493.50,32.69,93.66,0.8774,2,2,-1
511,23,52.56,515.22,67.18,100.48,0.9336,2,1,-1
511,41,433.74,519.42,45.77,96.28,0.9361,2,2,-1
511,46,770.69,750.76,94.47,136.20,0.9301,2,1,-1
511,67,1005.57,491.64,41.87,103.58,0.9168,2,2,-1
511,71,1341.40,514.08,54.44,99.61,0.9119,2,2,-1
511,72,777.02,567.72,51.90,90.29,0.9247,2,2,-1
511,73,1132.99,493.23,44.45,98.65,0.9147,2,2,-1
511,78,949.77,572.03,27.10,51.23,0.8074,2,-1,-1
512,2,1482.77,583.15,47.82,80.08,0.9276,2,2,-1
512,8,816.64,477.34,34.06,87.12,0.9213,3,0,-1
512,9,925.51,535.65,42.33,88.26,0.8744,2,1,-1
512,13,1191.28,502.94,38.46,101.00,0.9276,2,2,-1
512,15,1408.44,521.81,48.34,89.00,0.9058,2,2,-1
512,18,1100.71,548.22,45.60,102.48,0.9253,2,1,-1
512,21,728.35,525.84,44.06,95.46,0.9226,2,1,-1
512,22,1042.38,493.98,35.08,92.48,0.8952,2,2,-1
512,23,45.34,515.26,75.61,100.36,0.9409,2,1,-1
512,41,427.57,518.87,44.10,97.47,0.9304,2,2,-1
512,46,765.79,749.66,102.48,136.39,0.9300,2,1,-1
512,67,996.07,492.42,42.51,102.90,0.9034,2,2,-1
512,71,1333.28,514.88,52.69,98.50,0.9144,2,2,-1
512,72,774.10,568.95,48.20,90.35,0.9248,2,2,-1
512,73,1071.25,487.82,31.87,69.10,0.8768,2,2,-1
513,2,1474.00,583.20,50.63,80.07,0.9260,2,2,-1
513,6,1061.30,486.40,31.55,77.10,0.8904,2,2,-1
513,8,808.59,474.99,34.20,89.33,0.9194,3,0,-1
513,9,907.74,530.93,46.91,94.13,0.9256,2,1,-1
513,13,1184.58,502.50,37.30,101.12,0.9230,2,2,-1
513,15,1405.30,519.34,44.57,91.31,0.8875,2,2,-1
513,18,1093.85,553.73,47.71,96.49,0.9203,2,1,-1
513,21,720.81,525.45,44.80,96.56,0.9232,2,1,-1
513,22,1030.02,494.73,37.62,91.54,0.8686,2,2,-1
513,23,39.93,517.06,76.73,100.60,0.9259,2,1,-1
513,41,421.58,519.28,41.11,97.72,0.9281,2,2,-1
513,46,763.22,748.45,106.41,135.21,0.9242,2,1,-1
513,67,986.98,491.97,42.64,103.54,0.9086,2,2,-1
513,71,1323.46,514.87,52.69,98.78,0.9216,2,2,-1
513,72,769.61,570.25,48.18,90.54,0.9333,2,2,-1
513,75,1408.37,505.61,17.11,33.74,0.7045,2,2,-1
514,2,1465.60,581.34,51.36,82.55,0.9214,2,2,-1
514,6,1051.98,484.25,33.08,80.30,0.8916,2,2,-1
514,8,799.20,473.29,34.31,91.35,0.9226,3,0,-1
514,9,891.17,532.58,51.67,93.46,0.9252,2,1,-1
514,13,1177.67,502.85,37.10,100.27,0.9226,2,2,-1
514,15,1402.71,519.17,41.97,91.37,0.8851,2,2,-1
514,18,1085.69,549.81,50.73,100.78,0.9137,2,1,-1
514,21,714.47,524.90,44.04,97.09,0.9261,2,1,-1
514,22,1016.69,495.13,42.00,92.09,0.8600,2,2,-1
514,23,41.22,519.20,65.99,98.36,0.9132,2,1,-1
514,41,414.19,519.43,40.19,98.69,0.9327,2,2,-1
514,46,758.16,747.14,109.89,141.25,0.9237,2,1,-1
514,67,977.59,490.69,42.68,104.93,0.9137,2,-1,-1
514,71,1314.96,515.10,53.64,97.05,0.9289,2,2,-1
514,72,761.85,569.80,52.64,91.09,0.9434,2,2,-1
514,75,1399.10,506.61,16.62,33.20,0.5405,2,2,-1
515,2,1455.63,579.80,49.95,84.58,0.9241,2,2,-1
515,6,1093.09,487.07,41.31,99.40,0.9161,2,2,-1
515,8,789.75,471.63,34.13,92.71,0.9205,3,0,-1
515,9,875.09,533.25,53.38,95.92,0.9137,2,1,-1
515,13,1170.34,503.40,38.33,99.96,0.9360,2,2,-1
515,15,1397.71,518.83,38.41,91.75,0.8784,2,2,-1
515,18,1056.02,536.99,40.52,81.61,0.5153,2,1,-1
515,21,710.66,523.75,40.73,97.96,0.9068,2,1,-1
515,22,1004.50,493.54,47.76,93.12,0.8745,2,2,-1
515,23,44.69,520.22,55.79,98.08,0.8984,2,1,-1
515,41,404.07,521.13,42.22,97.30,0.9327,2,2,-1
515,46,755.42,747.95,104.97,138.90,0.9328,2,1,-1
515,67,966.09,489.19,43.14,106.43,0.9115,2,1,-1
515,71,1304.10,514.27,55.72,95.56,0.9271,2,2,-1
515,72,753.08,569.19,57.81,90.62,0.9395,2,2,-1
515,0,853.15,842.12,18.09,19.59,1.0,0,-1,-1
516,2,1446.39,579.79,50.01,87.56,0.9291,2,2,-1
516,3,1067.77,555.50,55.97,95.63,0.9358,2,2,-1
516,8,780.43,469.48,35.30,94.66,0.9160,3,0,-1
516,9,863.18,535.00,48.31,94.90,0.9094,2,1,-1
516,13,1162.61,504.11,40.56,100.13,0.9276,2,2,-1
516,15,1390.81,520.29,37.49,92.50,0.9011,2,2,-1
516,21,706.19,523.39,37.84,98.05,0.9043,2,1,-1
516,22,992.03,492.81,47.71,91.43,0.8788,2,2,-1
516,23,50.81,520.10,46.05,97.89,0.8795,2,1,-1
516,41,393.89,522.04,44.51,97.54,0.9309,2,2,-1
516,46,754.47,746.16,98.87,139.58,0.9407,2,1,-1
516,67,956.92,488.60,41.85,102.40,0.8705,2,1,-1
516,71,1293.14,513.53,57.54,95.81,0.9299,2,2,-1
516,72,747.47,568.05,60.48,95.43,0.9373,2,2,-1
516,73,1034.61,482.26,32.25,72.03,0.8949,2,2,-1
516,0,851.75,839.27,19.79,20.02,1.0,0,-1,-1
517,2,1436.31,580.18,51.70,90.70,0.9241,2,2,-1
517,3,1060.99,558.25,55.41,92.77,0.9290,2,2,-1
517,6,1078.46,485.81,34.37,89.12,0.9061,2,2,-1
517,8,771.64,468.60,34.12,96.99,0.9191,3,0,-1
517,9,850.19,535.55,42.81,94.52,0.8714,2,1,-1
517,13,1154.40,504.01,41.17,98.99,0.9299,2,2,-1
517,15,1385.28,520.28,36.04,92.65,0.8909,2,2,-1
517,18,1028.05,535.39,37.71,77.58,0.5651,2,1,-1
517,21,702.70,523.30,36.34,98.76,0.8786,2,1,-1
517,22,983.85,491.21,44.49,92.25,0.8911,2,2,-1
517,23,47.05,518.14,45.35,99.20,0.9348,2,1,-1
517,41,383.06,522.95,46.79,97.87,0.9323,2,2,-1
517,46,755.23,743.92,89.96,140.23,0.9461,2,1,-1
517,67,949.15,488.54,40.77,99.81,0.8954,2,1,-1
517,71,1282.33,512.19,59.11,96.34,0.9231,2,2,-1
517,72,742.87,567.33,62.20,105.11,0.9307,2,2,-1
517,73,1026.92,482.59,31.01,67.06,0.8876,2,2,-1
517,0,851.66,838.58,19.87,21.17,1.0,0,-1,-1
518,2,1426.40,581.89,51.41,92.57,0.9284,2,2,-1
518,3,1052.29,555.05,56.79,95.41,0.9148,2,-1,-1
518,6,1071.57,483.46,32.44,89.15,0.9059,2,2,-1
518,8,762.51,467.97,33.60,97.51,0.9217,3,0,-1
518,9,835.23,543.35,35.22,86.73,0.8397,2,1,-1
518,13,1146.68,503.34,41.04,99.38,0.9295,2,2,-1
518,15,1377.67,521.30,37.93,91.04,0.9010,2,2,-1
518,21,696.79,523.20,36.43,99.97,0.9011,2,1,-1
518,22,972.58,488.99,41.18,93.74,0.8871,2,2,-1
518,23,36.28,516.18,52.49,101.41,0.9386,2,1,-1
518,30,1350.59,505.46,27.30,61.02,0.5986,2,2,-1
518,41,371.14,523.96,47.65,97.67,0.9310,2,2,-1
518,46,756.98,742.02,79.03,140.26,0.9500,2,1,-1
518,67,938.60,487.21,39.18,99.82,0.8988,2,1,-1
518,71,1270.50,510.86,60.59,97.61,0.9240,2,2,-1
518,72,741.91,570.50,58.12,101.86,0.9287,2,2,-1
518,73,1017.59,481.62,30.90,63.91,0.8922,2,2,-1
518,79,879.25,502.10,32.40,89.61,0.9130,2,-1,-1
518,0,849.02,839.71,20.76,20.19,1.0,0,-1,-1
519,1,1332.84,508.01,46.54,97.58,0.9174,2,1,-1
519,2,1413.45,582.77,50.84,92.94,0.9235,2,2,-1
519,3,1046.66,551.36,54.95,98.34,0.9139,2,1,-1
519,8,752.18,467.57,33.52,97.03,0.9248,3,0,-1
519,9,817.79,536.88,34.05,93.07,0.8744,2,1,-1
519,13,1138.15,502.01,42.02,99.03,0.9226,2,2,-1
519,21,688.63,523.58,37.60,101.14,0.8977,2,1,-1
519,22,960.15,487.00,38.46,94.87,0.8395,2,2,-1
519,23,26.66,514.64,61.75,105.16,0.9424,2,1,-1
519,41,359.49,524.37,48.77,97.69,0.9297,2,2,-1
519,46,757.02,738.57,72.36,141.51,0.9394,2,1,-1
519,67,927.68,485.25,39.04,101.85,0.8653,2,1,-1
519,71,1259.40,510.36,59.36,97.65,0.9271,2,2,-1
519,72,742.83,571.43,54.66,102.16,0.9074,2,2,-1
519,73,1007.61,480.16,31.65,64.22,0.8798,2,2,-1
519,79,867.61,500.26,32.97,90.67,0.9090,2,-1,-1
519,0,847.38,840.77,20.27,19.88,1.0,0,-1,-1
520,1,1321.72,504.61,49.10,100.01,0.9136,2,1,-1
520,2,1400.62,583.22,49.92,93.42,0.9204,2,2,-1
520,3,1041.68,549.57,50.36,97.99,0.9219,2,1,-1
520,8,741.62,467.71,33.48,96.23,0.9282,3,0,-1
520,9,802.57,536.96,34.37,92.53,0.8892,2,1,-1
520,13,1129.33,500.42,43.34,98.79,0.9282,2,2,-1
520,21,679.34,523.46,39.52,101.58,0.9161,2,1,-1
520,23,18.24,513.95,70.73,105.94,0.9423,2,1,-1
520,41,350.36,523.98,47.31,98.32,0.9304,2,2,-1
520,46,753.67,737.25,66.33,141.57,0.9269,2,1,-1
520,67,917.31,482.09,38.81,102.68,0.8946,2,1,-1
520,71,1248.08,510.34,55.19,96.90,0.9284,2,2,-1
520,72,744.01,573.51,50.38,102.63,0.9259,2,2,-1
520,73,995.94,477.77,33.63,66.51,0.8781,2,2,-1
520,79,855.91,496.95,34.39,93.17,0.9121,2,-1,-1
520,0,845.22,842.54,19.92,20.06,1.0,0,-1,-1
521,1,1309.78,502.71,50.89,102.19,0.8909,2,1,-1
521,2,1388.11,582.11,51.11,94.53,0.9153,2,2,-1
521,6,1037.79,477.71,38.25,98.16,0.9229,2,2,-1
521,8,730.59,467.28,33.59,96.11,0.9295,3,0,-1
521,9,782.84,534.47,39.03,91.97,0.8722,2,1,-1
521,13,1120.25,498.47,43.79,99.79,0.9383,2,2,-1
521,14,1039.21,574.14,42.57,72.04,0.8724,2,2,-1
521,15,1353.45,520.07,38.54,91.65,0.9008,2,2,-1
521,21,669.24,524.81,41.69,99.48,0.9150,2,1,-1
521,23,11.29,514.41,72.21,105.84,0.9333,2,1,-1
521,38,976.29,509.29,44.25,100.13,0.8971,2,1,-1
521,41,341.30,523.17,46.26,99.05,0.9297,2,2,-1
521,46,749.76,737.62,64.16,142.33,0.9372,2,1,-1
521,67,905.96,479.66,37.97,100.05,0.8724,2,1,-1
521,71,1235.93,510.56,48.73,96.88,0.9231,2,2,-1
521,72,740.63,574.82,51.10,101.45,0.9277,2,2,-1
521,79,844.11,494.36,35.95,93.90,0.9094,2,1,-1
521,0,843.96,843.90,20.62,21.52,1.0,0,-1,-1
522,1,1294.76,500.38,49.82,105.26,0.9017,2,1,-1
522,2,1373.25,581.19,54.25,92.57,0.9248,2,2,-1
522,6,1025.67,477.08,40.10,98.97,0.9127,2,2,-1
522,8,719.82,467.14,33.49,96.40,0.9315,3,0,-1
522,13,1111.79,495.89,42.63,101.12,0.9264,2,2,-1
522,14,1033.95,580.15,39.04,66.37,0.8755,2,2,-1
522,15,1345.31,519.44,37.21,90.56,0.9047,2,2,-1
522,21,658.03,525.05,42.61,99.76,0.9094,2,1,-1
522,22,922.80,479.03,33.60,93.87,0.8787,2,2,-1
522,23,6.69,515.99,66.05,105.72,0.9228,2,1,-1
522,38,961.17,508.91,47.74,97.84,0.9217,2,1,-1
522,41,332.21,522.63,44.01,99.78,0.9282,2,2,-1
522,46,738.17,738.42,65.41,142.30,0.9346,2,1,-1
522,71,1223.02,510.49,41.46,96.14,0.9252,2,2,-1
522,72,733.89,575.07,54.09,100.90,0.9342,2,2,-1
522,79,832.15,491.88,36.14,91.16,0.9108,2,1,-1
522,0,843.58,841.61,20.09,22.02,1.0,0,-1,-1
523,1,1279.95,498.74,45.25,104.67,0.8599,2,1,-1
523,2,1357.10,580.59,57.49,93.63,0.9175,2,2,-1
523,6,1014.31,476.78,42.70,98.99,0.9162,2,2,-1
523,8,709.21,467.15,33.98,96.59,0.9246,3,0,-1
523,13,1102.49,493.21,42.15,103.06,0.9274,2,2,-1
523,14,1027.05,576.95,38.85,68.24,0.7689,2,2,-1
523,15,1337.46,518.55,37.57,90.89,0.9102,2,2,-1
523,21,647.56,525.44,44.54,99.54,0.9218,2,1,-1
523,23,6.80,518.68,58.01,103.98,0.9260,2,1,-1
523,38,948.47,508.52,49.63,96.09,0.9227,2,1,-1
523,41,323.65,522.73,42.22,100.06,0.9255,2,2,-1
523,46,727.13,739.68,68.88,138.63,0.9400,2,1,-1
523,67,881.12,477.43,39.98,99.91,0.8785,2,1,-1
523,71,1210.42,509.92,40.45,96.71,0.9264,2,2,-1
523,72,727.76,575.08,62.61,105.74,0.9292,2,2,-1
523,79,820.73,490.31,37.64,86.46,0.9122,2,1,-1
523,0,841.91,839.94,20.84,20.35,1.0,0,-1,-1
524,1,1267.68,498.53,41.80,103.16,0.8904,2,1,-1
524,2,1338.82,585.16,60.74,95.25,0.9237,2,2,-1
524,6,1003.56,475.33,45.12,99.11,0.9171,2,2,-1
524,8,698.93,468.21,34.55,96.40,0.9218,3,0,-1
524,13,1093.38,491.33,40.41,103.30,0.9223,2,2,-1
524,14,1021.61,576.15,36.91,68.05,0.8002,2,2,-1
524,15,1329.63,517.82,38.30,86.31,0.9095,2,2,-1
524,21,637.55,525.90,46.10,99.92,0.9215,2,1,-1
524,23,7.15,519.37,55.32,103.82,0.9180,2,1,-1
524,38,936.38,507.87,48.30,96.42,0.9123,2,1,-1
524,41,311.53,522.90,45.02,101.22,0.9316,2,2,-1
524,46,716.22,740.55,75.84,137.07,0.9418,2,1,-1
524,67,869.52,477.82,40.34,98.49,0.8587,2,1,-1
524,71,1197.65,509.08,42.01,96.88,0.9207,2,2,-1
524,72,722.99,575.81,61.04,108.55,0.9195,2,2,-1
524,79,808.66,489.80,39.00,88.22,0.9235,2,1,-1
524,0,841.49,840.21,21.23,20.23,1.0,0,-1,-1
525,1,1255.64,497.98,40.66,103.02,0.8863,2,1,-1
525,2,1324.76,590.26,56.39,95.79,0.9211,2,2,-1
525,3,1012.04,547.91,43.19,96.79,0.7381,2,1,-1
525,6,992.86,473.81,45.43,101.02,0.9112,2,2,-1
525,8,688.49,470.31,34.60,94.83,0.9264,3,0,-1
525,13,1083.40,490.57,39.39,103.71,0.9318,2,2,-1
525,15,1319.97,517.51,38.67,86.06,0.9130,2,2,-1
525,21,628.71,526.09,45.67,100.76,0.9205,2,1,-1
525,23,0.79,519.16,51.20,105.04,0.9198,2,1,-1
525,38,945.71,473.23,37.93,91.96,0.9092,2,1,-1
525,41,299.29,523.83,47.78,101.88,0.9319,2,2,-1
525,46,706.20,741.45,80.59,136.28,0.9411,2,1,-1
525,67,858.81,477.70,40.56,98.68,0.8167,2,1,-1
525,71,1182.89,507.92,46.12,98.17,0.9327,2,2,-1
525,72,724.27,577.73,56.99,109.47,0.9227,2,2,-1
525,79,798.19,489.88,38.59,89.28,0.9236,2,1,-1
525,0,841.34,841.97,19.81,19.08,1.0,0,-1,-1
526,2,1314.94,590.41,58.63,98.93,0.9263,2,2,-1
526,6,982.89,472.37,42.13,100.32,0.9114,2,2,-1
526,8,676.79,472.53,34.92,92.64,0.9123,3,0,-1
526,9,693.23,539.21,38.50,99.06,0.8688,2,1,-1
526,13,1073.00,489.95,38.99,103.69,0.9278,2,2,-1
526,14,1003.90,563.55,40.94,79.97,0.8595,2,2,-1
526,15,1309.99,517.81,40.38,84.72,0.9124,2,2,-1
526,18,910.39,505.53,37.89,97.88,0.7341,2,1,-1
526,21,619.43,526.28,44.86,100.70,0.8811,2,1,-1
526,23,-2.27,518.58,43.76,104.68,0.9049,2,1,-1
526,30,1244.04,497.61,33.63,57.99,0.7948,2,2,-1
526,38,935.28,470.95,35.16,93.91,0.9151,2,1,-1
526,41,284.03,525.17,52.33,99.24,0.9337,2,2,-1
526,46,696.54,740.03,88.20,138.05,0.9464,2,1,-1
526,67,844.19,478.70,40.78,97.32,0.6047,2,1,-1
526,71,1161.57,506.62,56.28,99.89,0.9295,2,2,-1
526,72,728.71,581.39,49.93,106.36,0.8888,2,2,-1
526,79,787.20,489.38,39.71,89.94,0.9168,2,1,-1
526,0,840.71,842.46,20.05,21.11,1.0,0,-1,-1
527,1,1229.20,498.68,42.00,104.67,0.8374,2,1,-1
527,2,1303.34,590.23,62.25,99.79,0.9137,2,2,-1
527,3,993.79,533.19,43.65,110.22,0.9307,2,1,-1
527,6,972.86,471.43,38.95,100.50,0.9110,2,2,-1
527,8,666.74,473.73,41.39,95.98,0.9153,3,0,-1
527,13,1063.64,490.45,37.94,102.37,0.9274,2,2,-1
527,15,1298.68,518.25,43.58,87.13,0.9097,2,2,-1
527,18,900.90,502.99,30.87,100.65,0.8871,2,1,-1
527,21,611.41,526.79,42.39,100.86,0.8619,2,1,-1
527,22,861.19,479.85,35.13,92.52,0.7103,2,2,-1
527,23,-1.60,517.65,36.23,110.53,0.9296,2,1,-1
527,38,925.92,468.88,33.32,95.00,0.9150,2,1,-1
527,41,270.52,526.72,56.77,98.57,0.9374,2,2,-1
527,46,686.15,739.39,90.32,139.36,0.9364,2,1,-1
527,71,1141.94,505.72,64.84,101.05,0.9479,2,2,-1
527,72,725.52,583.59,49.02,105.90,0.9364,2,2,-1
527,79,775.22,486.96,36.50,90.62,0.9132,2,1,-1
527,0,1248.44,587.22,19.95,18.74,1.0,0,-1,-1
528,1,1216.50,498.56,46.17,107.05,0.8853,2,1,-1
528,3,985.07,534.24,47.60,110.51,0.9328,2,1,-1
528,6,962.48,471.56,37.07,100.45,0.9166,2,2,-1
528,8,655.46,475.24,42.05,94.82,0.9168,3,0,-1
528,13,1053.74,491.54,37.98,100.58,0.9257,2,2,-1
528,15,1288.15,519.70,45.63,88.34,0.9152,2,2,-1
528,18,887.97,501.03,28.93,100.89,0.8941,2,1,-1
528,21,603.37,526.97,38.87,100.95,0.8688,2,1,-1
528,23,-0.31,517.85,35.13,111.37,0.9163,2,1,-1
528,38,916.13,467.74,31.80,94.26,0.9211,2,1,-1
528,41,256.46,527.68,60.67,100.64,0.9392,2,2,-1
528,46,681.98,738.31,90.39,142.91,0.9374,2,1,-1
528,67,822.23,477.62,41.86,98.57,0.8709,2,1,-1
528,71,1127.10,505.75,67.57,101.47,0.9402,2,2,-1
528,72,716.10,584.62,53.91,103.98,0.9400,2,2,-1
528,79,766.13,484.29,34.74,92.47,0.9085,2,1,-1
529,1,1203.27,500.00,45.89,106.55,0.8514,2,1,-1
529,3,974.56,534.85,54.08,110.96,0.9333,2,1,-1
529,6,952.98,470.25,35.28,100.91,0.9210,2,2,-1
529,8,645.55,475.25,40.61,95.47,0.9117,3,0,-1
529,13,1044.15,492.30,39.11,99.95,0.9221,2,2,-1
529,15,1279.08,520.83,46.79,87.36,0.9105,2,2,-1
529,18,874.29,499.15,28.84,99.95,0.8867,2,1,-1
529,21,596.18,526.60,34.88,102.15,0.8867,2,1,-1
529,23,-0.48,518.92,32.46,112.94,0.9189,2,1,-1
529,38,905.64,467.93,31.58,92.93,0.9242,2,1,-1
529,41,244.24,528.67,62.08,101.32,0.9410,2,2,-1
529,46,685.79,738.68,86.24,140.67,0.9334,2,1,-1
529,67,813.01,475.30,41.11,99.45,0.8642,2,1,-1
529,71,1117.40,506.50,65.46,100.91,0.9311,2,2,-1
529,72,707.93,585.01,60.58,107.03,0.9402,2,2,-1
529,79,756.75,482.04,34.86,90.84,0.9134,2,1,-1
529,0,1229.78,585.45,16.54,19.15,1.0,0,-1,-1
530,2,1257.21,588.20,51.84,106.22,0.8583,2,2,-1
530,3,963.91,535.07,53.30,109.25,0.9319,2,1,-1
530,6,942.79,468.49,35.35,101.67,0.9225,2,2,-1
530,8,637.67,474.93,37.23,94.23,0.9175,3,0,-1
530,13,1034.64,492.18,39.05,100.17,0.9280,2,2,-1
530,15,1268.45,520.79,47.59,89.49,0.9079,2,2,-1
530,18,859.61,498.13,30.34,96.97,0.8914,2,1,-1
530,21,589.47,526.52,32.67,102.27,0.8904,2,1,-1
530,23,-2.36,526.54,25.95,106.57,0.8786,2,1,-1
530,30,1198.83,499.33,40.53,59.72,0.8364,2,2,-1
530,38,895.37,468.25,31.76,91.90,0.9250,2,1,-1
530,41,234.27,528.67,62.28,103.05,0.9327,2,2,-1
530,46,722.22,740.58,56.27,84.67,0.8471,2,1,-1
530,67,806.28,472.74,43.60,102.03,0.8198,2,1,-1
530,71,1106.64,505.64,62.95,101.60,0.9271,2,2,-1
530,72,703.67,586.48,64.67,109.46,0.9433,2,2,-1
530,79,748.80,480.22,33.50,86.05,0.8897,2,1,-1
530,0,1214.42,583.86,16.79,22.25,1.0,0,-1,-1
531,1,1178.76,499.97,46.59,106.98,0.8397,2,1,-1
531,2,1243.47,588.94,46.97,106.73,0.8611,2,2,-1
531,3,955.94,534.24,53.80,110.22,0.9222,2,1,-1
531,6,932.14,466.84,37.31,100.78,0.9205,2,2,-1
531,8,628.23,473.30,36.50,95.42,0.9231,3,0,-1
531,9,611.54,540.34,41.98,105.04,0.9017,2,1,-1
531,13,1024.77,491.50,39.17,100.50,0.9321,2,2,-1
531,15,1258.72,521.22,48.32,96.10,0.9167,2,2,-1
531,18,845.46,497.58,31.70,97.47,0.9028,2,1,-1
531,21,580.06,525.74,32.19,103.20,0.8862,2,1,-1
531,23,-6.02,534.51,21.88,99.43,0.6981,2,1,-1
531,38,885.37,468.35,32.13,90.59,0.9268,2,-1,-1
531,41,224.25,528.91,62.33,103.17,0.9315,2,2,-1
531,46,693.57,743.98,63.05,136.07,0.9234,2,1,-1
531,67,796.23,471.41,44.56,103.10,0.8531,2,1,-1
531,71,1096.08,504.07,57.08,102.55,0.9308,2,2,-1
531,72,701.86,587.13,65.59,116.20,0.9344,2,2,-1
531,79,740.88,480.13,32.26,85.49,0.9032,2,1,-1
531,0,833.37,838.31,22.04,20.72,1.0,0,-1,-1
532,1,1165.01,500.39,45.22,106.62,0.8443,2,1,-1
532,2,1230.55,591.16,53.67,111.52,0.9267,2,2,-1
532,3,951.10,539.52,50.30,103.40,0.8879,2,1,-1
532,6,920.66,465.64,40.64,100.18,0.9136,2,2,-1
532,8,619.24,471.68,36.04,96.97,0.9277,3,0,-1
532,9,594.84,541.76,43.96,104.84,0.9004,2,1,-1
532,13,1015.46,490.67,38.06,101.06,0.9270,2,2,-1
532,15,1250.94,520.90,45.67,99.05,0.9265,2,2,-1
532,18,833.01,497.27,31.71,97.27,0.9025,2,1,-1
532,38,874.53,467.81,32.85,90.38,0.9231,2,2,-1
532,41,213.80,529.00,60.96,103.40,0.9335,2,2,-1
532,46,689.84,741.72,66.08,139.94,0.8986,2,1,-1
532,67,787.16,471.72,41.36,98.42,0.8575,2,1,-1
532,71,1084.34,502.38,51.58,104.00,0.9354,2,2,-1
532,72,707.28,590.44,59.90,115.20,0.9346,2,2,-1
532,79,731.96,479.95,31.66,86.71,0.8902,2,1,-1
532,0,833.36,838.61,20.08,20.97,1.0,0,-1,-1
533,1,1148.94,498.98,47.62,107.66,0.8134,2,1,-1
533,2,1217.14,594.69,47.92,111.79,0.9285,2,2,-1
533,3,946.84,535.59,48.17,105.88,0.8941,2,1,-1
533,6,910.21,465.93,43.63,99.51,0.9114,2,2,-1
533,8,609.48,470.12,36.41,96.80,0.9286,3,0,-1
533,9,577.92,544.96,44.81,105.59,0.8935,2,1,-1
533,13,1006.21,490.44,40.44,100.48,0.9233,2,2,-1
533,15,1243.23,521.23,42.09,98.67,0.9230,2,2,-1
533,18,821.23,496.30,32.21,97.73,0.8861,2,1,-1
533,38,865.46,466.76,33.63,91.51,0.9184,2,2,-1
533,41,206.66,529.48,57.92,103.44,0.9342,2,2,-1
533,46,683.40,737.01,73.58,145.80,0.9122,2,1,-1
533,71,1071.65,500.72,46.81,106.11,0.9290,2,2,-1
533,72,713.86,592.24,55.03,113.89,0.9223,2,2,-1
533,73,798.66,470.19,30.92,62.63,0.5525,2,2,-1
533,79,722.04,480.03,32.50,87.69,0.8968,2,1,-1
533,0,832.95,839.43,20.39,20.71,1.0,0,-1,-1
534,2,1204.09,598.90,44.39,108.50,0.9331,2,2,-1
534,3,944.85,535.31,43.89,104.63,0.9087,2,1,-1
534,6,901.85,465.21,46.02,99.31,0.9204,2,2,-1
534,8,599.56,467.50,37.73,99.96,0.9248,3,0,-1
534,9,565.72,550.50,40.62,100.61,0.8502,2,1,-1
534,13,997.00,490.13,42.47,99.20,0.9234,2,2,-1
534,15,1233.98,521.16,40.32,98.73,0.9245,2,2,-1
534,18,810.55,498.49,32.06,94.40,0.8690,2,-1,-1
534,22,768.86,485.16,33.52,83.67,0.6000,2,2,-1
534,30,1149.13,498.70,38.40,62.23,0.7376,2,2,-1
534,38,855.75,464.90,35.23,92.82,0.9214,2,2,-1
534,41,200.39,529.79,52.67,104.24,0.9353,2,2,-1
534,46,681.54,731.47,82.70,146.75,0.9337,2,1,-1
534,71,1059.97,498.46,44.05,107.97,0.9290,2,2,-1
534,72,718.93,592.32,50.58,114.26,0.9286,2,2,-1
534,79,713.19,478.81,33.78,88.91,0.8970,2,1,-1
534,0,832.63,837.94,19.83,21.45,1.0,0,-1,-1
535,1,1125.72,497.52,46.27,107.93,0.8726,2,1,-1
535,2,1190.48,600.53,44.32,106.35,0.9243,2,2,-1
535,6,894.87,464.05,46.12,100.46,0.9226,2,2,-1
535,8,592.88,465.86,35.80,99.11,0.9313,3,0,-1
535,13,987.57,488.37,46.41,101.07,0.9287,2,2,-1
535,14,944.62,568.93,36.20,70.50,0.8430,2,2,-1
535,15,1224.54,521.53,40.24,98.59,0.9258,2,2,-1
535,18,799.69,493.59,33.22,99.15,0.8359,2,2,-1
535,21,549.55,529.96,38.19,116.35,0.5820,2,1,-1
535,38,847.68,463.75,35.87,93.73,0.9192,2,2,-1
535,41,195.78,529.84,45.58,104.20,0.9340,2,2,-1
535,46,679.50,734.67,88.17,142.38,0.9396,2,1,-1
535,71,1048.69,497.96,43.71,108.73,0.9234,2,2,-1
535,72,718.03,591.91,53.60,113.09,0.9376,2,2,-1
535,79,704.16,476.09,35.26,91.36,0.8995,2,1,-1
535,0,832.42,837.80,20.61,21.28,1.0,0,-1,-1
536,1,1110.73,497.50,48.31,108.68,0.9090,2,1,-1
536,2,1175.54,601.46,45.35,105.41,0.9175,2,2,-1
536,3,942.58,544.33,35.81,94.65,0.8262,2,1,-1
536,6,886.84,462.60,44.04,101.02,0.9193,2,2,-1
536,8,584.95,464.93,35.34,99.00,0.9248,3,0,-1
536,13,978.19,486.51,47.72,101.58,0.9271,2,2,-1
536,15,1213.57,521.99,41.36,98.49,0.9261,2,2,-1
536,18,787.51,492.01,33.73,100.75,0.8413,2,2,-1
536,21,545.28,529.37,26.92,72.03,0.7267,2,1,-1
536,38,836.90,463.49,37.15,90.91,0.9110,2,2,-1
536,41,189.74,530.18,41.64,104.72,0.9295,2,2,-1
536,46,681.77,734.99,82.77,140.07,0.9395,2,1,-1
536,67,749.76,478.96,39.04,90.75,0.7211,2,1,-1
536,71,1035.61,497.80,45.86,109.05,0.9268,2,2,-1
536,72,715.28,593.33,58.65,114.55,0.9473,2,2,-1
536,78,535.96,590.61,36.45,62.21,0.6341,2,-1,-1
536,79,695.83,473.32,36.67,93.05,0.8973,2,1,-1
536,82,1479.35,441.62,53.82,91.23,0.5009,2,-1,-1
536,0,832.18,837.63,18.83,20.28,1.0,0,-1,-1
537,1,1098.51,501.82,48.27,104.49,0.8730,2,1,-1
537,2,1159.27,601.99,47.32,109.35,0.9205,2,2,-1
537,6,878.48,461.03,42.01,99.66,0.9241,2,2,-1
537,8,575.66,464.07,33.44,99.21,0.9288,3,0,-1
537,9,524.15,574.23,32.30,79.39,0.5992,2,1,-1
537,13,968.81,483.82,47.69,102.34,0.9192,2,2,-1
537,14,937.95,582.13,29.12,57.89,0.6919,2,2,-1
537,15,1200.50,522.75,44.31,98.17,0.9249,2,2,-1
537,18,773.72,490.13,35.94,98.94,0.8880,2,2,-1
537,22,739.93,494.10,35.69,74.97,0.7298,2,2,-1
537,38,826.53,462.88,40.43,90.99,0.9103,2,2,-1
537,41,179.43,530.73,44.48,105.08,0.9335,2,2,-1
537,46,695.19,731.48,88.28,144.96,0.8917,2,1,-1
537,71,1022.16,499.21,47.88,108.20,0.9249,2,2,-1
537,72,717.22,594.52,59.91,114.29,0.9463,2,2,-1
537,79,688.53,477.85,34.86,83.66,0.8693,2,1,-1
537,82,1471.36,492.09,24.16,40.86,0.5271,2,-1,-1
537,0,831.16,836.61,19.61,21.19,1.0,0,-1,-1
538,1,1083.38,498.09,52.28,108.71,0.9067,2,1,-1
538,2,1143.44,603.40,50.76,115.38,0.9270,2,2,-1
538,6,869.90,461.42,40.78,98.10,0.9313,2,2,-1
538,8,567.09,464.14,32.90,99.80,0.9249,3,0,-1
538,9,519.92,530.67,44.12,103.63,0.8452,2,1,-1
538,13,958.28,482.26,47.61,103.22,0.9203,2,2,-1
538,14,931.76,582.68,30.18,57.26,0.7085,2,2,-1
538,15,1186.05,524.61,48.48,96.31,0.9265,2,2,-1
538,18,763.85,491.66,37.68,94.47,0.8930,2,2,-1
538,38,817.66,461.75,40.43,92.26,0.9119,2,2,-1
538,41,168.82,531.82,50.87,104.79,0.9330,2,2,-1
538,46,709.44,732.51,69.36,144.87,0.9102,2,1,-1
538,67,728.64,482.51,40.01,83.75,0.8258,2,1,-1
538,71,1008.98,501.35,50.46,106.49,0.9244,2,2,-1
538,72,719.10,597.19,63.72,114.24,0.9331,2,2,-1
538,79,679.43,468.36,36.35,83.19,0.8905,2,1,-1
538,0,1080.07,589.64,15.80,16.25,1.0,0,-1,-1
539,1,1071.83,498.90,53.71,108.17,0.9127,2,1,-1
539,2,1124.43,605.79,55.90,115.37,0.9096,2,2,-1
539,3,920.65,529.03,41.81,111.34,0.9074,2,1,-1
539,6,861.01,462.67,39.17,96.01,0.9228,2,2,-1
539,8,557.44,465.30,33.47,98.94,0.9322,3,0,-1
539,9,489.81,550.53,39.86,107.47,0.8848,2,1,-1
539,13,948.76,481.67,46.94,103.80,0.9199,2,2,-1
539,15,1173.14,525.97,52.49,95.91,0.9300,2,2,-1
539,18,752.39,487.81,41.33,98.07,0.8785,2,2,-1
539,38,809.67,458.89,37.47,93.53,0.9213,2,2,-1
539,41,156.25,532.48,57.53,105.29,0.9319,2,2,-1
539,46,709.58,734.16,63.83,142.66,0.9322,2,1,-1
539,71,996.21,504.43,53.49,103.95,0.9250,2,2,-1
539,72,724.85,600.67,66.96,115.36,0.9313,2,2,-1
539,79,672.59,467.79,35.11,80.11,0.8858,2,1,-1
539,0,828.62,835.36,19.55,20.96,1.0,0,-1,-1
540,1,1061.89,498.94,54.37,108.11,0.9311,2,1,-1
540,2,1109.57,608.57,60.50,121.64,0.9304,2,2,-1
540,6,850.59,464.01,39.41,94.53,0.9275,2,2,-1
540,8,547.73,466.60,34.94,98.58,0.9329,3,0,-1
540,9,473.10,550.22,43.29,110.21,0.9122,2,1,-1
540,13,938.33,481.94,47.46,103.13,0.9242,2,2,-1
540,15,1161.37,525.40,55.31,98.68,0.9308,2,2,-1
540,18,741.43,485.82,42.80,99.02,0.8691,2,2,-1
540,38,801.05,456.16,35.62,95.69,0.9221,2,2,-1
540,41,144.16,533.71,61.63,104.82,0.9320,2,2,-1
540,46,701.17,732.95,74.05,143.90,0.9478,2,1,-1
540,71,984.64,508.45,55.72,100.51,0.9225,2,2,-1
540,72,730.89,606.51,67.18,115.80,0.9169,2,2,-1
540,79,664.18,466.99,36.08,82.08,0.9011,2,1,-1
540,0,826.56,834.77,20.81,22.27,1.0,0,-1,-1
541,1,1050.85,498.47,54.72,108.80,0.9279,2,1,-1
541,2,1098.88,610.67,61.24,120.46,0.9202,2,2,-1
541,6,842.49,465.50,38.87,90.24,0.9245,2,2,-1
541,8,537.28,467.71,38.39,97.08,0.9343,3,0,-1
541,9,456.43,551.89,46.26,109.51,0.9176,2,1,-1
541,13,903.54,542.37,54.75,97.33,0.9235,2,2,-1
541,15,1149.60,524.94,57.00,99.01,0.9293,2,2,-1
541,18,730.70,482.54,42.48,100.85,0.8889,2,2,-1
541,38,790.96,454.96,33.66,94.38,0.9168,2,2,-1
541,41,131.32,533.92,64.39,105.76,0.9356,2,2,-1
541,46,696.55,729.38,81.79,145.05,0.9432,2,1,-1
541,71,973.80,510.73,57.91,98.90,0.9188,2,2,-1
541,72,735.71,611.92,65.59,116.59,0.9269,2,2,-1
541,79,653.28,467.10,35.90,84.99,0.9113,2,1,-1
541,0,826.09,834.51,19.81,20.60,1.0,0,-1,-1
542,1,1041.13,498.14,54.24,109.06,0.9297,2,1,-1
542,2,1089.77,612.68,60.70,117.70,0.9122,2,2,-1
542,6,833.03,464.75,40.61,89.58,0.9338,2,2,-1
542,8,527.54,468.51,39.90,96.50,0.9353,3,0,-1
542,9,440.15,554.30,48.67,112.73,0.9239,2,1,-1
542,13,894.53,541.51,60.52,99.02,0.9367,2,2,-1
542,15,1137.87,524.12,56.33,100.68,0.9295,2,2,-1
542,38,783.36,454.84,32.82,92.01,0.9171,2,2,-1
542,41,119.80,534.12,64.85,106.37,0.9404,2,2,-1
542,46,695.91,726.67,84.15,144.78,0.9408,2,1,-1
542,71,961.62,511.47,59.63,99.20,0.9138,2,2,-1
542,72,739.33,616.37,53.59,112.46,0.9351,2,2,-1
542,73,717.50,465.04,37.14,71.24,0.7180,2,2,-1
542,79,645.34,464.49,38.99,86.41,0.9098,2,1,-1
542,83,493.74,571.30,25.97,64.19,0.8247,2,-1,-1
542,0,823.84,834.54,21.52,20.92,1.0,0,-1,-1
543,1,1032.53,498.39,54.21,107.86,0.9223,2,1,-1
543,2,1083.31,614.87,58.21,113.88,0.9246,2,2,-1
543,6,823.50,463.43,42.61,92.08,0.9285,2,2,-1
543,8,517.64,469.07,40.72,96.50,0.9179,3,0,-1
543,9,425.22,557.09,48.13,111.58,0.9171,2,1,-1
543,13,888.00,548.27,58.96,92.70,0.9289,2,2,-1
543,15,1126.63,524.12,52.30,99.90,0.9195,2,2,-1
543,18,710.08,479.07,41.56,103.48,0.8348,2,2,-1
543,21,485.42,565.01,30.40,70.88,0.8098,2,1,-1
543,38,773.99,454.91,31.81,92.72,0.9250,2,2,-1
543,41,110.57,535.02,63.75,106.86,0.9447,2,2,-1
543,46,704.54,725.46,77.76,144.87,0.9165,2,1,-1
543,71,953.05,511.00,59.07,99.68,0.9203,2,2,-1
543,72,732.09,618.36,58.92,110.64,0.9352,2,2,-1
543,79,636.16,463.06,43.91,88.00,0.9164,2,1,-1
543,0,823.36,833.42,20.29,21.71,1.0,0,-1,-1
544,1,1023.11,496.58,54.44,109.48,0.9209,2,1,-1
544,2,1075.05,616.24,56.70,122.84,0.9049,2,2,-1
544,6,814.67,462.04,45.66,92.82,0.9281,2,2,-1
544,8,508.85,469.08,41.32,96.62,0.9355,3,0,-1
544,9,410.18,560.46,48.41,109.45,0.9226,2,1,-1
544,13,883.11,548.74,55.96,91.66,0.9145,2,2,-1
544,15,1117.87,522.87,47.37,101.42,0.9210,2,2,-1
544,21,476.14,535.27,38.33,103.12,0.8353,2,1,-1
544,38,765.53,455.66,32.02,90.89,0.9228,2,2,-1
544,41,103.30,535.34,59.44,106.41,0.9383,2,2,-1
544,46,718.00,723.49,62.62,147.24,0.8668,2,1,-1
544,71,945.82,508.78,57.11,102.76,0.9104,2,2,-1
544,72,728.63,618.35,73.45,111.17,0.9415,2,2,-1
544,73,705.87,468.64,37.21,75.66,0.7389,2,2,-1
544,79,626.83,460.98,48.35,86.89,0.9177,2,1,-1
544,0,822.49,832.83,20.15,21.69,1.0,0,-1,-1
545,1,1013.80,495.90,53.99,110.18,0.9263,2,1,-1
545,2,1065.62,617.75,54.23,124.41,0.9288,2,2,-1
545,6,806.76,459.92,48.43,94.13,0.9287,2,2,-1
545,8,501.41,467.99,40.61,97.60,0.9138,3,0,-1
545,9,397.09,561.36,46.44,108.40,0.9216,2,1,-1
545,10,707.77,468.67,27.09,65.62,0.8050,2,1,-1
545,13,879.22,550.52,51.92,89.83,0.8785,2,2,-1
545,15,1109.00,522.19,44.02,102.16,0.9266,2,2,-1
545,21,468.93,536.50,38.01,103.28,0.8440,2,1,-1
545,38,756.34,456.67,32.26,88.91,0.9208,2,2,-1
545,41,99.01,534.87,52.21,107.00,0.9400,2,2,-1
545,46,724.46,718.89,54.94,151.97,0.8932,2,1,-1
545,71,939.71,507.03,53.34,105.38,0.9217,2,2,-1
545,72,727.35,617.93,95.20,110.60,0.9331,2,2,-1
545,79,617.83,461.31,48.97,82.52,0.8891,2,1,-1
545,0,821.21,832.64,19.70,20.93,1.0,0,-1,-1
546,1,1005.25,495.52,52.14,109.75,0.9316,2,1,-1
546,2,1054.88,621.00,53.76,126.38,0.9228,2,2,-1
546,6,799.26,459.45,52.51,93.14,0.9351,2,2,-1
546,8,493.20,466.29,39.94,99.19,0.9295,3,0,-1
546,9,385.72,561.03,44.54,108.14,0.9293,2,1,-1
546,10,703.58,467.44,25.20,59.13,0.8196,2,1,-1
546,13,877.56,548.42,48.38,92.09,0.8670,2,2,-1
546,15,1101.52,521.92,41.90,103.55,0.9251,2,2,-1
546,21,459.68,535.63,41.90,104.58,0.9166,2,1,-1
546,38,747.18,457.00,33.89,88.53,0.9238,2,2,-1
546,41,97.01,534.27,44.60,108.24,0.9408,2,2,-1
546,46,728.04,716.39,75.77,153.17,0.8779,2,1,-1
546,71,933.01,504.47,50.28,107.51,0.9266,2,2,-1
546,72,727.87,617.93,104.25,113.38,0.9410,2,2,-1
546,79,608.60,457.40,48.93,83.94,0.8906,2,1,-1
546,0,820.98,832.41,20.02,20.75,1.0,0,-1,-1
547,1,997.83,495.85,51.42,109.32,0.9290,2,1,-1
547,2,1043.50,625.84,56.19,127.24,0.9348,2,2,-1
547,3,884.40,563.59,32.62,76.05,0.6275,2,1,-1
547,6,793.95,458.87,53.47,93.22,0.9230,2,2,-1
547,8,488.14,465.02,38.67,100.68,0.9278,3,0,-1
547,9,374.66,560.97,42.42,109.93,0.9273,2,1,-1
547,15,1094.32,522.25,40.75,103.96,0.9266,2,2,-1
547,21,451.93,534.53,42.63,106.46,0.9201,2,1,-1
547,38,740.22,455.93,34.69,88.78,0.9189,2,2,-1
547,41,94.92,534.05,40.78,108.91,0.9289,2,2,-1
547,46,722.50,717.27,94.17,145.27,0.9319,2,1,-1
547,67,662.72,486.58,51.83,87.45,0.8338,2,1,-1
547,71,927.62,503.44,47.81,108.83,0.9260,2,2,-1
547,72,738.96,620.36,93.98,117.83,0.9414,2,2,-1
547,79,603.10,457.85,47.19,85.26,0.8463,2,1,-1
547,85,874.05,484.62,35.46,77.73,0.9205,2,-1,-1
547,0,821.29,832.03,19.98,21.00,1.0,0,-1,-1
548,1,990.58,496.45,50.91,108.69,0.9271,2,1,-1
548,2,1032.90,631.10,59.31,127.78,0.9315,2,2,-1
548,6,792.33,457.06,53.24,95.70,0.9290,2,2,-1
548,8,482.99,462.87,36.22,98.27,0.9320,3,0,-1
548,9,363.54,561.15,41.38,113.89,0.9315,2,1,-1
548,10,696.99,464.13,24.34,58.57,0.7174,2,1,-1
548,13,875.81,541.02,41.08,99.96,0.8682,2,2,-1
548,15,1087.02,523.13,40.50,104.39,0.9237,2,2,-1
548,21,445.25,535.58,45.03,105.20,0.9210,2,1,-1
548,38,732.98,455.33,36.83,90.13,0.9160,2,2,-1
548,41,89.58,534.52,41.21,109.66,0.9402,2,2,-1
548,46,727.95,719.22,89.90,130.62,0.9283,2,1,-1
548,67,658.05,481.45,51.77,92.92,0.8655,2,1,-1
548,71,921.82,503.06,46.15,109.98,0.9244,2,2,-1
548,72,759.08,620.63,74.20,118.69,0.9292,2,2,-1
548,79,600.29,458.35,43.01,85.64,0.9140,2,1,-1
548,85,866.43,483.37,34.56,80.11,0.9051,2,-1,-1
548,0,821.04,832.52,21.64,20.66,1.0,0,-1,-1
549,1,982.85,497.10,52.91,108.78,0.9326,2,1,-1
549,2,1020.68,635.51,64.30,123.82,0.9344,2,2,-1
549,6,791.49,454.90,48.28,96.77,0.9257,2,2,-1
549,8,477.30,460.75,34.52,93.61,0.9020,3,0,-1
549,9,352.25,562.59,40.59,116.63,0.9349,2,1,-1
549,15,1078.71,523.65,41.17,107.14,0.9269,2,2,-1
549,21,437.35,536.82,46.43,105.76,0.9269,2,1,-1
549,38,725.29,453.08,40.13,92.83,0.9178,2,2,-1
549,41,79.71,535.50,46.26,109.44,0.9268,2,2,-1
549,46,728.59,720.82,93.96,132.10,0.9263,2,1,-1
549,71,915.96,503.33,45.28,110.00,0.9251,2,2,-1
549,72,776.00,620.10,51.52,118.50,0.9281,2,2,-1
549,73,659.99,477.82,42.24,80.83,0.7887,2,2,-1
549,79,595.46,458.28,43.00,86.40,0.9111,2,1,-1
549,85,858.23,481.48,35.16,91.26,0.9074,2,-1,-1
549,0,822.58,832.90,19.96,19.86,1.0,0,-1,-1
550,1,976.34,497.87,53.90,107.21,0.9228,2,1,-1
550,2,1009.76,638.72,71.72,122.43,0.9328,2,2,-1
550,6,787.91,452.44,45.85,97.62,0.9252,2,2,-1
550,8,471.68,460.46,30.36,73.93,0.8946,3,0,-1
550,9,340.38,564.84,41.13,115.41,0.9318,2,1,-1
550,13,867.57,539.71,41.28,102.70,0.5704,2,2,-1
550,15,1071.37,524.41,40.94,107.53,0.9320,2,2,-1
550,21,430.30,536.23,46.44,108.10,0.9117,2,1,-1
550,38,718.76,452.31,42.05,90.84,0.9167,2,2,-1
550,41,68.54,536.58,52.17,108.96,0.9336,2,2,-1
550,46,740.37,721.90,80.34,129.43,0.9217,2,1,-1
550,71,909.96,504.32,44.12,109.60,0.9224,2,2,-1
550,72,777.65,616.40,51.05,120.90,0.9019,2,2,-1
550,73,652.58,476.45,41.12,78.82,0.8466,2,2,-1
550,79,589.06,456.64,47.25,87.67,0.9130,2,1,-1
550,82,1369.78,491.40,22.30,36.86,0.6855,2,-1,-1
550,83,472.98,520.72,24.42,59.58,0.8121,2,-1,-1
550,85,850.19,479.15,34.93,99.42,0.9164,2,2,-1
550,0,822.36,831.82,20.61,20.84,1.0,0,-1,-1
551,1,968.95,497.45,54.63,108.51,0.9269,2,1,-1
551,2,1002.24,640.84,75.35,124.94,0.9344,2,2,-1
551,6,784.05,450.72,43.70,98.22,0.9255,2,2,-1
551,8,462.03,459.73,34.71,94.90,0.9249,3,0,-1
551,9,328.98,568.37,40.90,117.38,0.9400,2,1,-1
551,15,1064.08,525.01,40.85,106.91,0.9219,2,2,-1
551,18,649.57,476.30,37.12,93.18,0.8938,2,2,-1
551,21,424.26,537.74,44.67,107.40,0.9217,2,1,-1
551,38,712.62,452.02,44.76,90.13,0.9190,2,2,-1
551,41,59.11,537.32,58.98,108.96,0.9360,2,2,-1
551,46,756.29,720.58,69.16,129.31,0.9041,2,1,-1
551,71,904.60,507.53,42.87,108.61,0.9302,2,2,-1
551,72,779.20,610.21,53.50,123.66,0.8296,2,2,-1
551,79,583.60,454.55,50.11,88.66,0.9147,2,1,-1
551,82,1362.77,495.48,19.73,33.07,0.5725,2,-1,-1
551,85,842.41,478.58,34.53,100.94,0.9101,2,2,-1
552,1,961.65,496.75,54.47,109.41,0.9291,2,1,-1
552,2,993.54,644.15,77.44,125.77,0.9380,2,2,-1
552,6,779.36,450.32,42.82,98.11,0.9297,2,2,-1
552,8,455.74,460.02,32.95,95.79,0.9180,3,0,-1
552,9,318.18,571.79,40.65,114.29,0.9385,2,1,-1
552,10,689.57,461.66,22.46,54.52,0.5655,2,1,-1
552,13,858.36,528.50,49.37,113.79,0.9121,2,2,-1
552,15,1055.80,524.89,41.64,107.55,0.9254,2,2,-1
552,18,642.12,476.52,38.32,92.06,0.8547,2,2,-1
552,21,419.32,538.00,42.42,108.62,0.8908,2,1,-1
552,38,706.39,450.87,46.02,92.76,0.9043,2,2,-1
552,41,50.76,538.93,63.63,107.93,0.9439,2,2,-1
552,46,761.33,718.81,75.65,135.35,0.9260,2,1,-1
552,71,898.95,510.07,47.09,106.51,0.9301,2,2,-1
552,72,782.14,601.30,61.82,127.26,0.9170,2,2,-1
552,79,578.55,453.30,51.42,84.37,0.9190,2,1,-1
552,82,1356.12,495.82,19.16,33.56,0.7086,2,-1,-1
552,85,834.19,478.50,35.00,101.03,0.9240,2,2,-1
553,1,956.09,495.99,53.97,108.57,0.9239,2,1,-1
553,2,984.07,648.78,76.99,123.95,0.9324,2,2,-1
553,6,776.58,450.49,40.27,97.43,0.9254,2,2,-1
553,8,449.41,460.84,32.91,91.08,0.9279,3,0,-1
553,9,308.71,573.56,40.87,113.43,0.9325,2,1,-1
553,13,852.58,530.02,51.10,113.88,0.9000,2,2,-1
553,15,1047.81,526.24,42.36,106.33,0.9336,2,2,-1
553,18,632.91,477.66,39.45,91.80,0.8738,2,2,-1
553,21,415.49,538.51,39.08,109.09,0.8711,2,1,-1
553,38,703.35,449.34,44.54,93.51,0.8970,2,2,-1
553,41,44.21,539.86,65.17,108.07,0.9366,2,2,-1
553,46,762.91,714.75,78.11,139.31,0.8442,2,1,-1
553,71,894.11,512.77,55.12,104.73,0.9375,2,2,-1
553,72,782.58,594.29,66.73,128.26,0.9041,2,2,-1
553,79,576.51,452.24,51.00,81.38,0.9126,2,1,-1
553,85,825.99,478.91,37.44,100.82,0.9256,2,2,-1
554,1,951.09,496.19,51.94,107.89,0.9270,2,1,-1
554,2,979.97,654.45,71.17,119.99,0.9348,2,2,-1
554,6,773.81,450.96,39.17,97.09,0.9405,2,2,-1
554,8,444.18,462.18,32.98,93.87,0.9225,3,0,-1
554,9,299.49,574.45,41.34,112.85,0.9293,2,1,-1
554,13,845.46,531.98,51.09,112.46,0.7857,2,-1,-1
554,15,1038.72,528.44,44.51,104.59,0.9344,2,2,-1
554,18,626.61,478.13,39.45,90.20,0.8752,2,2,-1
554,21,417.86,575.91,28.39,72.22,0.8639,2,1,-1
554,38,699.58,446.53,42.04,94.97,0.8817,2,2,-1
554,41,38.14,541.52,66.12,108.30,0.9410,2,2,-1
554,46,764.05,711.17,69.36,142.23,0.8957,2,1,-1
554,71,888.95,514.74,59.75,103.93,0.9314,2,2,-1
554,72,782.06,584.89,62.03,128.75,0.9054,2,2,-1
554,79,576.33,452.13,49.40,81.35,0.8875,2,1,-1
554,85,819.35,479.74,39.44,100.68,0.9234,2,2,-1
555,1,945.79,496.67,50.71,107.38,0.9340,2,1,-1
555,2,974.87,657.34,74.79,119.78,0.9356,2,2,-1
555,6,769.46,452.98,41.67,95.77,0.9280,2,2,-1
555,8,438.63,463.96,33.57,91.10,0.9245,3,0,-1
555,9,289.56,573.85,41.33,115.68,0.9369,2,1,-1
555,13,844.61,532.32,50.76,111.15,0.6987,2,1,-1
555,15,1029.13,531.37,47.76,103.71,0.9334,2,2,-1
555,18,620.94,478.73,41.12,89.33,0.8916,2,2,-1
555,21,412.27,575.07,29.17,73.25,0.8271,2,1,-1
555,38,695.65,444.30,40.07,96.30,0.8744,2,2,-1
555,41,33.99,541.46,63.86,109.46,0.9396,2,2,-1
555,46,765.83,708.14,66.65,141.83,0.8554,2,1,-1
555,71,885.15,514.73,61.29,105.03,0.9285,2,2,-1
555,72,786.86,582.23,57.23,122.36,0.8610,2,2,-1
555,79,572.26,454.84,46.62,80.08,0.9112,2,1,-1
555,82,1337.17,495.94,16.34,30.66,0.7561,2,-1,-1
555,85,812.47,480.98,42.36,101.14,0.9234,2,2,-1
555,0,895.64,686.95,25.12,30.22,1.0,0,-1,-1
556,1,942.52,498.31,49.81,105.09,0.9312,2,1,-1
556,2,969.93,661.74,73.08,116.10,0.9324,2,2,-1
556,6,766.31,456.43,46.30,92.27,0.9274,2,2,-1
556,8,435.14,464.81,34.45,91.99,0.9226,3,0,-1
556,9,282.18,574.29,41.98,119.06,0.9369,2,1,-1
556,15,1023.66,535.28,50.11,101.58,0.9319,2,2,-1
556,21,405.21,540.93,29.10,74.27,0.8173,2,1,-1
556,38,695.80,444.01,36.80,93.92,0.7799,2,2,-1
556,41,33.60,541.69,59.12,109.82,0.9395,2,2,-1
556,46,770.76,708.01,71.23,142.51,0.8872,2,1,-1
556,67,615.06,473.45,50.69,94.33,0.8884,2,1,-1
556,71,881.74,514.54,61.64,106.25,0.9356,2,2,-1
556,72,796.06,579.04,54.32,117.55,0.8448,2,2,-1
556,79,571.55,459.52,51.81,76.41,0.8975,2,1,-1
556,85,807.98,480.63,45.33,101.44,0.9210,2,2,-1
557,1,941.01,499.83,50.42,103.65,0.9360,2,1,-1
557,2,967.92,662.74,70.04,123.14,0.9326,2,2,-1
557,6,762.87,457.39,51.24,92.38,0.9308,2,2,-1
557,8,432.38,465.00,35.61,90.96,0.9088,3,0,-1
557,9,276.40,574.97,42.61,121.77,0.9381,2,1,-1
557,15,1021.44,538.79,54.31,100.01,0.9330,2,2,-1
557,21,403.69,539.58,38.36,110.47,0.8913,2,1,-1
557,38,695.98,444.41,33.30,92.48,0.8197,2,2,-1
557,41,36.65,542.46,53.23,109.54,0.9307,2,2,-1
557,46,768.66,708.79,81.49,143.15,0.9081,2,1,-1
557,71,880.89,513.55,60.27,108.41,0.9157,2,2,-1
557,72,813.27,574.91,73.15,123.46,0.8924,2,2,-1
557,73,613.16,473.30,48.05,91.31,0.8849,2,2,-1
557,79,568.16,466.72,48.11,70.55,0.8927,2,1,-1
557,85,804.92,480.16,46.93,102.12,0.9202,2,2,-1
558,1,939.70,503.06,52.07,101.11,0.9325,2,1,-1
558,2,965.73,664.02,73.92,124.57,0.9497,2,2,-1
558,3,854.68,532.38,25.66,60.15,0.7157,2,1,-1
558,6,761.80,457.91,55.13,92.78,0.9299,2,2,-1
558,8,430.43,465.43,36.63,91.13,0.9166,3,0,-1
558,9,270.64,578.02,44.36,123.97,0.9387,2,1,-1
558,15,1019.07,541.16,58.80,100.19,0.9390,2,2,-1
558,21,405.13,540.83,39.62,110.81,0.8766,2,1,-1
558,38,696.99,445.47,31.83,90.52,0.7460,2,2,-1
558,41,41.74,543.39,44.63,110.28,0.9285,2,2,-1
558,46,764.70,711.34,92.10,141.21,0.9182,2,1,-1
558,71,881.45,512.88,57.75,109.53,0.9225,2,2,-1
558,72,822.80,574.82,72.94,122.42,0.7482,2,2,-1
558,79,570.82,456.40,63.09,78.77,0.9040,2,1,-1
559,1,937.70,506.00,54.90,100.32,0.9253,2,1,-1
559,2,965.46,666.23,71.56,124.17,0.9445,2,2,-1
559,6,759.72,458.71,61.14,94.55,0.9285,2,2,-1
559,8,427.78,466.05,35.89,87.17,0.9209,3,0,-1
559,9,262.76,582.08,44.66,124.24,0.9335,2,1,-1
559,10,697.77,448.62,27.21,61.31,0.8388,2,1,-1
559,14,867.76,634.21,25.91,49.93,0.7536,2,2,-1
559,15,1016.55,543.82,60.40,99.79,0.9375,2,2,-1
559,21,402.83,541.73,46.28,113.15,0.9270,2,1,-1
559,30,852.58,532.81,26.61,38.50,0.7811,2,2,-1
559,38,692.18,494.61,24.83,56.92,0.7371,2,2,-1
559,41,45.99,543.97,36.02,111.63,0.9288,2,2,-1
559,46,764.49,715.53,97.65,140.63,0.9269,2,1,-1
559,71,880.88,512.88,55.92,112.84,0.9320,2,2,-1
559,72,821.15,581.01,65.87,116.56,0.6115,2,2,-1
559,79,569.66,454.03,64.16,78.33,0.9206,2,1,-1
560,1,933.88,509.15,58.75,99.37,0.9108,2,1,-1
560,2,966.74,667.36,68.26,127.96,0.9348,2,2,-1
560,3,853.81,534.32,25.13,55.00,0.5012,2,1,-1
560,6,760.51,460.03,64.99,95.04,0.9089,2,2,-1
560,8,425.19,466.79,37.96,91.98,0.9325,3,0,-1
560,9,255.03,587.90,44.87,122.22,0.9291,2,1,-1
560,10,696.01,451.81,26.53,52.67,0.7986,2,1,-1
560,14,870.28,638.39,22.92,51.36,0.7475,2,2,-1
560,15,1012.39,545.15,60.83,100.86,0.9411,2,2,-1
560,21,400.21,544.60,50.07,112.57,0.9105,2,1,-1
560,41,46.84,545.46,33.28,111.62,0.9344,2,2,-1
560,46,762.84,719.77,99.10,138.69,0.9168,2,1,-1
560,71,882.34,514.21,52.83,113.05,0.9170,2,2,-1
560,72,828.34,569.33,56.72,134.99,0.8436,2,2,-1
560,79,574.05,458.00,58.02,75.29,0.9106,2,1,-1
560,82,1320.17,500.58,20.29,37.64,0.6807,2,-1,-1
561,1,929.72,512.66,56.78,97.04,0.9203,2,1,-1
561,2,968.53,666.83,63.13,132.32,0.9347,2,2,-1
561,3,850.96,536.91,28.35,57.22,0.5888,2,1,-1
561,8,421.03,466.80,39.23,95.90,0.9302,3,0,-1
561,9,248.38,592.53,44.92,120.98,0.9224,2,1,-1
561,10,672.10,484.02,39.81,73.73,0.7425,2,1,-1
561,15,1009.41,545.77,60.69,102.11,0.9329,2,2,-1
561,21,394.18,543.94,52.57,115.71,0.9002,2,1,-1
561,22,587.87,471.35,38.03,64.52,0.8744,2,2,-1
561,41,43.62,547.80,34.09,111.25,0.9058,2,2,-1
561,46,767.32,721.98,101.04,138.90,0.9309,2,1,-1
561,67,616.71,475.66,59.48,94.80,0.8991,2,1,-1
561,71,885.11,516.08,48.65,113.29,0.9081,2,2,-1
561,72,841.33,575.47,49.92,129.00,0.8612,2,2,-1
561,82,1316.91,453.38,47.12,85.62,0.6458,2,-1,-1
561,85,795.05,482.11,48.67,104.22,0.9041,2,2,-1
561,0,983.94,536.57,18.83,27.00,1.0,0,-1,-1
562,1,925.66,519.94,57.67,93.19,0.9093,2,1,-1
562,2,970.64,666.35,57.19,136.81,0.9292,2,2,-1
562,3,847.55,537.44,22.96,38.89,0.7985,2,1,-1
562,8,417.65,465.92,38.24,99.13,0.9168,3,0,-1
562,9,243.61,595.23,43.93,121.28,0.9313,2,1,-1
562,10,686.70,460.81,29.46,58.44,0.7615,2,1,-1
562,15,1005.48,546.06,59.87,103.23,0.9334,2,2,-1
562,21,388.86,550.30,53.16,112.47,0.9188,2,1,-1
562,22,586.77,477.69,38.05,59.13,0.8576,2,2,-1
562,41,38.39,549.54,41.75,112.33,0.9346,2,2,-1
562,46,767.71,723.52,95.22,139.06,0.9444,2,1,-1
562,67,613.40,474.26,56.10,96.66,0.9055,2,1,-1
562,71,884.44,518.06,46.40,114.44,0.8893,2,2,-1
562,75,989.09,517.70,18.47,35.11,0.6528,2,2,-1
562,82,1310.93,496.84,21.12,41.47,0.7955,2,-1,-1
562,85,792.43,486.33,48.09,100.85,0.8928,2,2,-1
563,1,922.00,512.42,62.83,99.28,0.8766,2,1,-1
563,2,972.21,665.95,51.67,137.76,0.9302,2,2,-1
563,8,412.73,464.33,34.84,99.65,0.9177,3,0,-1
563,9,238.56,596.39,40.77,121.50,0.9275,2,1,-1
563,10,666.88,461.03,53.91,99.35,0.8222,2,1,-1
563,13,843.95,538.15,26.70,57.25,0.7295,2,1,-1
563,15,1004.04,545.87,57.08,105.59,0.9283,2,2,-1
563,21,383.18,555.14,53.98,110.64,0.9244,2,1,-1
563,41,30.66,550.73,52.06,114.16,0.9385,2,2,-1
563,46,772.28,726.06,86.13,135.99,0.9372,2,1,-1
563,67,611.25,473.26,56.43,96.93,0.9026,2,1,-1
563,71,883.28,520.09,45.10,114.19,0.8836,2,2,-1
563,72,849.81,575.29,53.27,140.62,0.8609,2,2,-1
563,85,787.51,486.25,47.61,100.49,0.8763,2,2,-1
564,1,919.92,522.66,56.05,89.67,0.8715,2,1,-1
564,2,973.98,666.82,46.09,137.91,0.9372,2,2,-1
564,8,408.31,462.84,34.89,102.50,0.8937,3,0,-1
564,9,231.47,597.58,40.32,122.53,0.9299,2,1,-1
564,10,669.63,457.71,46.47,93.11,0.8762,2,1,-1
564,15,1003.80,545.80,53.53,106.56,0.9209,2,2,-1
564,21,377.44,559.94,52.15,106.91,0.9264,2,1,-1
564,41,21.56,552.78,59.94,114.21,0.9391,2,2,-1
564,46,777.78,726.00,74.84,135.57,0.9337,2,1,-1
564,67,608.93,473.54,55.30,94.86,0.8841,2,1,-1
564,71,882.43,522.90,44.41,112.37,0.9161,2,2,-1
564,72,849.65,588.69,56.62,134.01,0.9013,2,2,-1
564,85,779.04,488.24,49.19,98.84,0.8817,2,2,-1
564,0,997.67,489.21,16.20,19.71,1.0,0,-1,-1
565,1,918.30,531.85,47.83,81.99,0.8390,2,1,-1
565,2,971.88,668.39,44.64,138.31,0.9236,2,2,-1
565,8,403.51,463.24,33.92,107.30,0.9089,3,0,-1
565,9,222.93,599.79,40.52,124.75,0.9275,2,1,-1
565,10,667.45,459.02,47.32,90.83,0.9062,2,1,-1
565,15,1006.49,545.37,47.60,109.43,0.9180,2,2,-1
565,21,372.58,560.99,50.41,107.88,0.9183,2,1,-1
565,41,12.86,554.83,64.26,114.35,0.9377,2,2,-1
565,46,782.71,724.17,67.26,137.41,0.9356,2,1,-1
565,67,607.19,473.79,56.29,94.62,0.8912,2,1,-1
565,71,881.98,526.93,43.37,92.34,0.9134,2,2,-1
565,72,852.14,594.56,58.20,138.46,0.8943,2,2,-1
565,85,777.71,507.42,40.75,80.38,0.7539,2,2,-1
566,1,918.64,536.95,43.13,78.04,0.8492,2,1,-1
566,2,967.26,671.31,45.70,141.25,0.9175,2,2,-1
566,8,400.92,464.36,28.24,77.44,0.8952,3,0,-1
566,9,211.88,602.80,43.91,128.53,0.9313,2,1,-1
566,10,668.38,459.79,48.55,90.03,0.9020,2,1,-1
566,15,1011.66,545.96,39.15,109.34,0.9151,2,2,-1
566,41,5.27,557.33,65.31,114.32,0.9396,2,2,-1
566,46,787.52,721.91,60.15,139.15,0.9307,2,1,-1
566,67,606.93,477.22,53.74,92.82,0.8187,2,1,-1
566,71,878.76,530.07,45.23,91.33,0.8920,2,2,-1
566,72,852.41,600.12,62.40,144.55,0.9099,2,2,-1
566,78,371.60,602.57,43.66,67.42,0.8957,2,-1,-1
566,83,399.25,532.17,20.04,43.83,0.5457,2,-1,-1
566,85,775.18,520.05,36.54,69.62,0.7917,2,2,-1
566,94,785.68,466.82,47.57,48.80,0.8708,2,-1,-1
566,0,1002.47,464.57,16.11,18.48,1.0,0,-1,-1
567,1,913.33,518.28,51.14,98.11,0.6587,2,1,-1
567,2,960.05,674.26,48.87,142.35,0.9235,2,2,-1
567,6,765.01,495.50,46.28,95.85,0.9182,2,2,-1
567,8,390.00,466.29,35.26,108.09,0.8991,3,0,-1
567,9,200.01,606.97,47.46,128.66,0.9321,2,1,-1
567,10,668.68,459.43,47.85,91.19,0.8828,2,1,-1
567,15,1014.50,546.58,32.36,111.36,0.9051,2,2,-1
567,41,-0.52,558.96,62.52,114.72,0.9329,2,2,-1
567,46,792.35,722.07,57.48,142.36,0.9374,2,1,-1
567,67,604.51,482.04,54.75,89.56,0.8067,2,1,-1
567,71,874.01,532.23,52.41,104.84,0.8915,2,2,-1
567,72,856.23,609.53,65.54,143.58,0.9274,2,2,-1
567,78,368.21,605.72,40.03,66.76,0.8943,2,1,-1
568,1,923.03,505.65,53.48,110.57,0.8752,2,1,-1
568,2,952.93,679.47,52.23,141.43,0.9317,2,2,-1
568,6,759.31,496.77,48.86,97.30,0.9163,2,2,-1
568,8,385.69,468.89,34.30,104.28,0.9105,3,0,-1
568,9,186.23,612.43,52.68,128.31,0.9331,2,1,-1
568,10,668.47,458.82,47.54,91.64,0.8953,2,1,-1
568,15,1013.59,547.63,28.04,112.75,0.9061,2,2,-1
568,41,-1.48,561.08,55.34,115.78,0.9290,2,2,-1
568,46,792.17,723.10,61.82,143.61,0.9343,2,1,-1
568,67,599.65,478.06,58.03,94.29,0.9034,2,-1,-1
568,71,859.67,534.46,61.40,111.96,0.9321,2,2,-1
568,72,860.88,622.67,75.77,144.49,0.9263,2,2,-1
568,78,365.62,608.44,36.48,67.60,0.8890,2,1,-1
568,96,722.16,472.94,23.64,52.47,0.7614,2,-1,-1
569,1,922.44,506.04,49.97,109.62,0.8564,2,1,-1
569,2,946.30,684.09,54.09,139.73,0.9266,2,2,-1
569,6,751.89,500.36,53.48,95.14,0.9230,2,2,-1
569,8,378.51,473.99,35.37,101.86,0.9105,3,0,-1
569,9,173.00,617.71,57.23,125.80,0.9274,2,1,-1
569,10,664.33,456.93,50.30,94.59,0.8978,2,1,-1
569,15,1010.39,549.87,30.66,112.72,0.9156,2,2,-1
569,21,358.37,568.16,39.97,111.61,0.8357,2,1,-1
569,41,-1.80,563.23,45.06,111.09,0.9219,2,2,-1
569,46,791.30,726.80,64.55,147.02,0.9325,2,1,-1
569,67,592.56,477.71,57.35,97.40,0.9044,2,2,-1
569,71,854.25,536.57,62.61,111.97,0.9269,2,2,-1
569,72,859.89,637.21,82.23,137.82,0.9321,2,2,-1
569,96,724.70,474.53,20.98,48.32,0.7963,2,-1,-1
569,97,1250.47,479.38,52.22,69.74,0.6332,1,-1,-1
570,1,916.91,506.67,48.73,113.55,0.8993,2,1,-1
570,2,941.70,684.97,54.90,143.03,0.9266,2,2,-1
570,6,745.63,502.93,54.76,94.88,0.9163,2,2,-1
570,8,371.67,477.43,38.28,100.39,0.8923,3,0,-1
570,9,163.43,622.49,62.47,124.66,0.9374,2,1,-1
570,10,661.57,457.54,49.73,94.36,0.9102,2,1,-1
570,15,1006.02,551.37,38.10,114.20,0.9266,2,2,-1
570,18,589.03,493.18,46.07,82.45,0.9069,2,2,-1
570,21,355.34,568.18,36.98,115.84,0.8586,2,1,-1
570,41,-1.91,564.79,36.12,113.93,0.9266,2,2,-1
570,46,790.66,730.50,63.73,146.84,0.9265,2,1,-1
570,67,681.42,525.34,32.22,50.23,0.6535,2,2,-1
570,71,849.75,538.02,63.63,116.89,0.9186,2,2,-1
570,72,861.89,648.26,83.17,130.78,0.9253,2,2,-1
570,96,727.58,477.10,19.63,46.61,0.8144,2,-1,-1
570,98,808.56,557.25,36.37,119.06,0.8881,2,-1,-1
570,99,632.72,466.70,25.59,47.17,0.7907,2,-1,-1
571,1,913.20,509.72,49.44,112.35,0.9215,2,1,-1
571,2,935.37,684.17,54.95,145.73,0.9271,2,2,-1
571,6,737.83,505.66,54.51,95.64,0.8806,2,2,-1
571,8,362.13,480.90,40.90,100.93,0.8427,3,0,-1
571,9,153.04,625.68,63.06,125.93,0.9283,2,1,-1
571,10,658.08,458.12,46.61,94.66,0.9221,2,1,-1
571,15,1000.18,553.24,44.64,115.02,0.9307,2,2,-1
571,41,-4.70,566.57,28.99,114.17,0.8649,2,2,-1
571,46,788.75,736.08,66.92,148.07,0.9385,2,1,-1
571,67,695.40,545.99,20.85,28.44,0.5558,2,2,-1
571,71,848.88,540.49,58.24,113.05,0.9238,2,2,-1
571,72,869.26,654.46,71.16,128.42,0.9448,2,2,-1
571,73,584.01,478.91,61.61,95.27,0.9144,2,2,-1
571,78,351.98,621.33,32.79,65.88,0.6782,2,1,-1
571,82,1239.81,472.05,40.40,80.45,0.7194,1,-1,-1
571,96,781.75,480.67,64.48,83.60,0.9168,2,-1,-1
571,98,801.07,562.58,34.86,116.12,0.8197,2,-1,-1
572,1,908.57,512.94,55.51,112.03,0.9324,2,1,-1
572,2,915.28,683.88,65.19,149.08,0.9215,2,2,-1
572,6,734.57,509.30,52.83,95.35,0.9011,2,2,-1
572,8,352.87,483.19,45.61,104.64,0.9050,3,0,-1
572,9,145.33,628.61,61.01,129.11,0.9246,2,1,-1
572,10,650.06,460.64,47.22,92.50,0.9009,2,-1,-1
572,15,993.82,556.62,50.69,113.96,0.9288,2,2,-1
572,21,345.51,572.66,35.01,118.47,0.8698,2,1,-1
572,23,-0.22,605.44,13.59,76.87,0.7640,2,1,-1
572,38,632.24,481.07,22.98,59.29,0.7712,2,2,-1
572,46,785.69,740.00,70.65,146.43,0.9414,2,1,-1
572,67,691.80,511.82,51.99,68.76,0.7827,2,2,-1
572,71,854.37,585.70,42.65,69.61,0.8900,2,2,-1
572,73,581.32,482.90,52.24,94.03,0.9196,2,2,-1
572,96,779.59,483.11,73.38,85.23,0.9226,2,-1,-1
572,97,1228.18,490.06,43.06,65.93,0.7471,1,-1,-1
572,98,794.59,564.97,34.02,117.00,0.8624,2,-1,-1
573,1,901.54,517.36,64.23,110.71,0.9301,2,1,-1
573,2,911.63,684.65,63.52,152.26,0.9281,2,2,-1
573,6,731.32,510.10,50.09,95.24,0.8740,2,2,-1
573,8,346.03,485.27,45.16,101.38,0.8717,3,0,-1
573,9,140.65,632.26,53.23,134.63,0.9294,2,1,-1
573,10,649.66,462.56,43.11,94.63,0.9054,2,2,-1
573,15,986.35,559.09,54.37,114.54,0.9316,2,2,-1
573,21,339.07,576.30,34.63,115.03,0.8888,2,1,-1
573,23,-1.61,614.92,11.77,72.56,0.5129,2,1,-1
573,38,629.46,484.04,23.68,62.71,0.7418,2,2,-1
573,46,784.14,743.32,75.04,149.00,0.9495,2,1,-1
573,71,848.38,544.57,49.68,113.61,0.9197,2,2,-1
573,73,583.49,485.21,47.38,94.19,0.8985,2,2,-1
573,82,1224.45,480.23,39.26,77.99,0.8021,1,-1,-1
573,96,781.60,486.30,75.37,89.10,0.8948,2,-1,-1
573,98,787.44,561.22,35.98,124.34,0.9090,2,1,-1
574,1,896.40,521.70,68.46,109.34,0.9295,2,1,-1
574,2,907.31,687.44,61.26,154.82,0.8976,2,2,-1
574,6,728.20,509.27,46.63,97.86,0.8884,2,2,-1
574,8,344.29,487.77,42.67,97.51,0.8566,3,0,-1
574,9,134.77,635.96,46.00,133.51,0.9286,2,1,-1
574,10,646.84,466.52,37.73,92.11,0.8944,2,2,-1
574,15,980.77,562.28,55.38,113.59,0.9378,2,2,-1
574,21,332.36,586.41,35.71,109.09,0.8824,2,1,-1
574,30,691.67,525.10,41.64,57.81,0.8532,2,2,-1
574,38,625.53,491.56,26.11,59.31,0.7896,2,2,-1
574,46,782.00,743.99,77.17,151.02,0.9577,2,1,-1
574,71,850.66,545.55,40.96,116.63,0.8855,2,2,-1
574,73,586.36,487.38,42.60,93.99,0.9012,2,2,-1
574,96,798.02,489.00,64.73,85.16,0.8700,2,2,-1
574,98,781.99,570.29,35.56,118.08,0.8303,2,1,-1
575,1,890.35,525.35,71.28,108.89,0.9291,2,1,-1
575,2,906.98,690.88,54.21,150.01,0.9080,2,2,-1
575,6,725.22,510.45,42.98,98.45,0.8812,2,2,-1
575,8,346.80,488.35,36.58,93.62,0.8643,3,0,-1
575,9,125.74,639.95,44.14,131.83,0.9284,2,1,-1
575,10,634.53,470.84,44.70,91.44,0.8753,2,2,-1
575,15,974.86,564.93,56.00,113.06,0.9427,2,2,-1
575,21,323.45,585.36,36.71,113.02,0.8956,2,1,-1
575,46,782.39,744.22,75.14,154.04,0.9516,2,1,-1
575,71,848.85,546.29,37.51,117.36,0.8925,2,2,-1
575,73,582.65,488.15,45.37,95.15,0.9133,2,2,-1
575,96,798.13,491.71,68.91,87.55,0.9049,2,2,-1
575,98,772.02,566.88,43.10,126.44,0.9172,2,1,-1
575,0,945.55,616.34,19.14,18.32,1.0,0,-1,-1
576,1,884.81,528.04,71.21,109.26,0.9374,2,1,-1
576,2,901.16,692.19,57.31,153.47,0.9038,2,2,-1
576,6,724.75,514.05,38.20,97.82,0.8707,2,2,-1
576,8,339.02,488.29,35.53,101.94,0.9153,3,0,-1
576,9,114.48,643.64,44.57,133.97,0.9315,2,1,-1
576,10,624.09,476.98,47.04,88.46,0.8680,2,2,-1
576,15,967.47,567.02,57.07,112.96,0.9357,2,2,-1
576,21,315.03,585.22,38.40,118.14,0.9152,2,1,-1
576,46,783.95,748.07,72.06,155.49,0.9526,2,1,-1
576,71,844.57,548.72,39.17,117.80,0.9115,2,2,-1
576,73,578.72,488.93,48.31,96.66,0.9112,2,2,-1
576,82,1201.92,487.12,34.18,74.66,0.6067,2,-1,-1
576,96,793.98,491.93,73.76,88.37,0.9162,2,2,-1
576,98,763.55,570.95,47.07,123.72,0.9294,2,1,-1
577,1,881.18,530.13,71.95,109.78,0.9356,2,1,-1
577,2,891.50,696.80,67.00,152.11,0.9163,2,2,-1
577,8,336.21,488.12,32.16,102.94,0.9087,3,0,-1
577,9,102.47,647.73,45.41,134.68,0.9273,2,1,-1
577,10,627.06,480.23,46.37,87.34,0.8895,2,2,-1
577,15,962.92,568.41,55.12,114.13,0.9321,2,2,-1
577,21,306.14,587.44,37.51,119.05,0.8985,2,1,-1
577,46,781.20,750.32,70.80,157.27,0.9467,2,1,-1
577,71,839.50,548.79,43.05,119.15,0.9176,2,2,-1
577,73,574.91,490.15,47.69,94.77,0.9183,2,2,-1
577,82,1200.40,487.69,36.54,79.15,0.5080,1,-1,-1
577,85,725.43,556.65,26.80,58.09,0.8602,2,2,-1
577,94,711.30,489.83,57.57,69.65,0.6748,2,-1,-1
577,96,791.58,493.45,77.87,88.27,0.9291,2,2,-1
577,98,753.16,573.97,51.00,123.11,0.9282,2,1,-1
578,1,878.15,531.68,71.82,110.14,0.9320,2,1,-1
578,2,880.16,694.44,67.85,158.97,0.8757,2,2,-1
578,8,331.66,489.13,30.72,103.37,0.9079,3,0,-1
578,9,91.38,650.35,42.24,134.76,0.9111,2,1,-1
578,10,624.52,482.03,44.94,88.09,0.9228,2,2,-1
578,13,731.78,491.34,38.71,97.63,0.8366,2,1,-1
578,15,960.57,570.42,52.05,114.32,0.9268,2,2,-1
578,21,298.79,595.41,35.44,114.53,0.8891,2,1,-1
578,46,778.47,754.13,70.52,159.10,0.9611,2,1,-1
578,73,572.83,491.68,46.70,92.86,0.9192,2,2,-1
578,85,718.04,556.92,27.35,59.66,0.5278,2,2,-1
578,96,793.86,494.52,76.64,92.36,0.9319,2,2,-1
578,98,744.53,577.53,52.41,122.73,0.9089,2,1,-1
579,1,877.72,532.09,72.38,111.92,0.9318,2,1,-1
579,2,871.65,708.92,59.00,146.95,0.9040,2,2,-1
579,8,326.45,490.87,30.59,103.88,0.9158,3,0,-1
579,9,80.09,651.83,40.63,134.70,0.9229,2,1,-1
579,10,618.98,481.39,45.98,90.94,0.9177,2,2,-1
579,13,731.40,496.73,42.34,92.94,0.8523,2,1,-1
579,15,959.19,572.06,48.08,115.23,0.9262,2,2,-1
579,21,292.46,592.88,36.85,119.92,0.8956,2,1,-1
579,46,776.11,757.53,71.18,161.56,0.9525,2,1,-1
579,72,916.53,736.61,36.05,67.73,0.6898,2,2,-1
579,73,573.32,492.75,43.31,93.65,0.9038,2,2,-1
579,82,1188.63,488.48,39.81,81.11,0.8515,1,-1,-1
579,85,706.65,527.91,31.88,69.04,0.7409,2,2,-1
579,96,802.12,496.68,73.67,96.64,0.9110,2,2,-1
579,98,736.35,576.96,54.42,125.44,0.9293,2,1,-1
579,0,800.03,571.12,15.83,21.13,1.0,0,-1,-1
580,1,879.98,531.61,68.44,114.36,0.9289,2,1,-1
580,2,863.03,694.48,60.42,163.96,0.8835,2,2,-1
580,8,321.64,493.01,33.20,104.11,0.9230,3,0,-1
580,9,69.40,653.96,41.65,137.19,0.9199,2,1,-1
580,10,618.26,482.15,47.68,91.74,0.9162,2,2,-1
580,13,738.72,500.63,46.32,102.94,0.8089,2,1,-1
580,15,958.63,574.06,44.49,115.51,0.9273,2,2,-1
580,21,285.90,596.31,38.05,120.19,0.9080,2,1,-1
580,46,773.36,761.30,68.96,160.97,0.9503,2,1,-1
580,71,819.82,553.98,54.95,123.38,0.9004,2,2,-1
580,72,906.60,719.27,42.82,87.91,0.7604,2,2,-1
580,73,576.00,493.08,36.94,94.56,0.9044,2,2,-1
580,82,1184.30,490.01,40.12,80.74,0.7316,1,3,-1
580,85,702.35,529.26,32.06,69.70,0.6854,2,2,-1
580,98,728.48,586.00,54.14,122.29,0.9303,2,1,-1
581,1,881.50,531.79,63.22,116.86,0.9202,2,1,-1
581,6,696.98,524.01,32.93,96.00,0.8499,2,2,-1
581,8,316.03,496.39,34.92,104.08,0.9192,3,0,-1
581,9,57.07,656.24,44.70,138.57,0.9197,2,1,-1
581,10,620.70,483.85,49.45,91.06,0.9057,2,2,-1
581,13,742.14,502.76,41.49,104.16,0.8864,2,1,-1
581,15,957.98,576.38,41.22,115.61,0.9246,2,2,-1
581,21,281.09,597.81,39.38,121.24,0.8843,2,1,-1
581,46,769.47,765.09,69.58,160.26,0.9581,2,1,-1
581,67,660.10,498.80,44.66,60.96,0.8875,2,2,-1
581,71,818.01,559.44,50.85,119.40,0.9114,2,2,-1
581,72,887.53,679.98,61.95,129.88,0.9030,2,2,-1
581,73,575.30,493.75,34.30,95.87,0.9087,2,2,-1
581,82,1178.92,494.02,39.45,78.46,0.6896,1,3,-1
581,85,717.94,504.90,32.48,72.40,0.6422,2,2,-1
581,98,722.19,586.14,52.86,124.52,0.8967,2,1,-1
582,1,882.67,530.90,57.78,118.18,0.9114,2,1,-1
582,6,694.19,526.26,30.93,100.13,0.8565,2,2,-1
582,8,310.74,500.71,32.85,102.44,0.9263,3,0,-1
582,9,45.29,659.46,47.21,139.90,0.9250,2,1,-1
582,10,623.32,486.72,43.30,87.45,0.9080,2,2,-1
582,13,744.47,506.73,37.62,101.86,0.8396,2,1,-1
582,15,954.97,578.78,39.27,115.31,0.9328,2,2,-1
582,21,273.91,600.24,39.27,122.08,0.7921,2,1,-1
582,46,765.20,769.13,68.62,163.42,0.9458,2,1,-1
582,67,660.21,497.91,48.10,61.41,0.8833,2,2,-1
582,71,814.16,562.40,53.43,118.56,0.8842,2,2,-1
582,72,887.05,679.23,62.04,132.76,0.9085,2,2,-1
582,73,571.79,494.32,36.07,98.16,0.9289,2,2,-1
582,85,703.68,487.48,23.05,47.92,0.5454,2,2,-1
582,97,1172.90,531.18,27.94,45.60,0.5091,2,-1,-1
582,98,714.85,590.21,51.37,123.47,0.9214,2,1,-1
583,1,883.23,530.81,53.91,120.19,0.9013,2,1,-1
583,6,690.56,531.78,29.98,97.72,0.8758,2,2,-1
583,8,307.42,504.50,33.88,100.17,0.9271,3,0,-1
583,9,33.64,662.64,51.56,140.66,0.9304,2,1,-1
583,10,620.64,490.37,38.45,86.41,0.8999,2,2,-1
583,13,748.59,508.38,32.41,98.91,0.8683,2,1,-1
583,15,952.22,581.55,38.86,115.64,0.9321,2,2,-1
583,21,269.03,601.40,41.70,123.27,0.8699,2,1,-1
583,46,762.68,773.35,66.44,161.15,0.9470,2,1,-1
583,67,702.71,507.96,63.19,89.75,0.7307,2,2,-1
583,71,810.02,563.22,58.41,122.22,0.9128,2,2,-1
583,72,883.78,679.48,62.57,133.96,0.9269,2,2,-1
583,73,569.41,495.74,39.50,96.36,0.9284,2,2,-1
583,82,1174.12,497.80,40.15,78.89,0.8890,1,3,-1
583,85,705.62,486.08,26.41,52.62,0.7348,2,2,-1
583,98,707.99,592.22,49.64,124.36,0.9118,2,1,-1
583,106,840.04,494.83,53.38,103.92,0.9108,2,-1,-1
584,1,884.95,530.72,50.84,122.00,0.8541,2,1,-1
584,6,686.95,530.96,32.17,100.05,0.8885,2,2,-1
584,8,303.29,507.63,34.29,99.36,0.9204,3,0,-1
584,9,22.80,666.47,54.86,141.53,0.9334,2,1,-1
584,10,617.76,492.44,44.42,85.77,0.9212,2,2,-1
584,13,750.81,508.51,34.61,104.66,0.8685,2,1,-1
584,15,949.20,583.65,38.72,116.10,0.9190,2,2,-1
584,21,259.68,604.84,39.53,123.22,0.8051,2,1,-1
584,46,759.97,774.52,66.17,163.74,0.9477,2,1,-1
584,67,714.14,512.06,51.31,93.90,0.8180,2,2,-1
584,71,806.69,565.34,58.92,121.82,0.9124,2,2,-1
584,72,880.62,680.37,63.70,135.98,0.9353,2,2,-1
584,73,567.93,497.55,44.80,96.66,0.9279,2,2,-1
584,82,1176.37,517.46,33.26,61.43,0.8007,1,3,-1
584,98,702.81,592.90,49.31,127.51,0.9207,2,1,-1
584,106,839.72,494.93,57.11,107.76,0.9109,2,-1,-1
585,1,886.15,531.71,46.90,122.01,0.8563,2,1,-1
585,6,681.95,528.48,37.78,103.42,0.9023,2,2,-1
585,8,298.28,511.19,33.16,97.90,0.9218,3,0,-1
585,9,11.07,669.77,58.33,142.15,0.9309,2,1,-1
585,10,614.18,495.73,54.75,84.77,0.9253,2,2,-1
585,13,751.61,508.86,38.95,107.06,0.8923,2,1,-1
585,15,946.35,585.28,38.08,116.94,0.9198,2,2,-1
585,21,255.09,607.69,39.73,122.91,0.8696,2,1,-1
585,46,757.41,775.31,63.71,166.30,0.9425,2,1,-1
585,67,723.08,520.39,37.23,87.38,0.8538,2,2,-1
585,71,801.27,567.49,60.81,120.01,0.9248,2,2,-1
585,72,876.70,682.18,66.46,137.63,0.9472,2,2,-1
585,73,567.79,500.10,41.66,93.76,0.9256,2,2,-1
585,97,1174.61,534.77,31.39,45.40,0.7694,2,-1,-1
585,98,695.84,597.11,47.77,126.12,0.7485,2,1,-1
585,106,837.82,494.97,64.99,104.53,0.9272,2,-1,-1
586,1,884.66,533.87,45.69,122.59,0.8968,2,1,-1
586,6,676.85,529.87,41.46,102.33,0.9119,2,2,-1
586,8,293.53,514.06,34.49,98.44,0.9246,3,0,-1
586,9,1.34,673.34,60.13,143.37,0.9309,2,1,-1
586,10,609.88,499.02,62.11,82.48,0.9166,2,2,-1
586,15,943.70,588.13,37.21,115.68,0.9274,2,2,-1
586,21,261.07,607.97,33.57,65.90,0.8393,2,1,-1
586,46,754.21,775.22,62.24,168.60,0.9336,2,1,-1
586,67,726.41,524.18,35.00,86.50,0.8743,2,2,-1
586,71,797.52,569.84,58.37,121.03,0.9200,2,2,-1
586,72,874.81,684.45,65.95,139.08,0.9419,2,2,-1
586,73,571.26,501.78,37.60,93.48,0.9210,2,2,-1
586,82,1172.27,517.22,32.51,64.21,0.8457,1,3,-1
586,96,839.37,497.89,65.09,86.43,0.6357,2,2,-1
587,1,885.77,538.43,45.84,120.02,0.9107,2,1,-1
587,2,835.34,722.27,36.82,94.11,0.5396,2,2,-1
587,6,671.03,531.40,44.59,103.16,0.9090,2,2,-1
587,8,288.55,516.49,34.56,97.91,0.9201,3,0,-1
587,9,-0.95,676.38,54.75,144.03,0.9330,2,1,-1
587,10,605.68,501.91,68.13,81.15,0.9273,2,2,-1
587,15,940.29,589.96,37.29,117.21,0.9257,2,2,-1
587,21,234.73,610.81,48.85,124.39,0.8599,2,1,-1
587,46,751.63,773.69,62.57,173.27,0.9348,2,1,-1
587,67,724.46,516.27,40.39,98.74,0.8957,2,2,-1
587,71,791.72,570.58,55.85,121.24,0.9198,2,2,-1
587,72,872.35,686.76,63.48,139.72,0.9335,2,2,-1
587,73,574.67,502.04,34.12,93.30,0.9217,2,2,-1
587,82,1167.65,515.01,33.20,67.55,0.8261,1,3,-1
587,0,986.93,492.01,11.59,15.04,1.0,0,-1,-1
588,1,885.80,546.77,46.08,112.92,0.8794,2,1,-1
588,6,663.14,533.38,46.83,103.29,0.9093,2,2,-1
588,8,283.14,518.90,35.09,96.88,0.9223,3,0,-1
588,9,-1.45,681.20,46.88,138.47,0.9189,2,1,-1
588,10,603.06,504.99,69.13,80.44,0.9143,2,2,-1
588,15,937.14,591.40,37.94,117.97,0.9183,2,2,-1
588,21,229.24,613.94,44.84,125.32,0.8047,2,1,-1
588,46,746.10,777.10,65.18,173.29,0.9245,2,1,-1
588,67,722.21,522.81,45.62,95.02,0.9106,2,2,-1
588,71,786.52,572.19,52.44,121.76,0.9283,2,2,-1
588,72,869.85,689.35,61.22,140.04,0.9387,2,2,-1
588,73,571.99,502.44,35.51,93.96,0.9208,2,2,-1
588,82,1166.11,524.70,29.62,59.49,0.6644,1,3,-1
588,0,847.31,549.36,13.98,13.90,1.0,0,-1,-1
589,1,882.62,552.85,49.50,109.43,0.8788,2,1,-1
589,6,659.06,535.41,46.19,103.21,0.9058,2,2,-1
589,8,276.90,520.78,35.77,96.89,0.9170,3,0,-1
589,9,-0.61,709.51,35.31,111.68,0.9107,2,1,-1
589,10,603.42,508.49,65.26,77.86,0.9037,2,2,-1
589,15,934.23,593.70,37.95,117.77,0.9116,2,2,-1
589,46,740.93,778.88,66.81,175.66,0.8993,2,1,-1
589,67,719.78,519.10,53.83,103.19,0.9105,2,2,-1
589,71,780.71,572.68,49.25,122.12,0.9219,2,2,-1
589,72,866.29,690.25,60.55,142.79,0.9388,2,2,-1
589,73,568.57,502.50,37.91,96.56,0.9142,2,2,-1
589,78,224.48,623.72,47.89,117.04,0.6669,2,1,-1
589,82,1162.21,530.64,27.35,53.42,0.5189,1,3,-1
590,1,878.20,558.07,52.55,105.06,0.8743,2,1,-1
590,6,650.45,537.22,48.06,102.99,0.9111,2,2,-1
590,8,270.90,523.26,35.86,96.39,0.9234,3,0,-1
590,9,-3.11,728.89,28.15,95.07,0.7800,2,1,-1
590,10,605.40,511.77,58.33,74.97,0.8959,2,2,-1
590,15,930.13,595.30,38.30,118.80,0.9253,2,2,-1
590,46,736.27,783.22,68.74,178.54,0.9174,2,1,-1
590,67,720.32,514.59,52.73,97.60,0.9083,2,2,-1
590,71,774.85,575.31,46.35,120.49,0.9149,2,2,-1
590,72,863.76,692.25,57.48,141.98,0.9308,2,2,-1
590,73,564.03,503.27,39.01,95.63,0.9222,2,2,-1
590,78,215.77,618.82,47.37,123.63,0.5356,2,1,-1
590,112,892.56,509.37,38.64,54.97,0.7850,2,-1,-1
590,0,871.56,550.13,15.09,14.19,1.0,0,-1,-1
591,1,871.77,555.81,57.95,108.66,0.9128,2,1,-1
591,6,645.75,538.01,47.55,104.97,0.9118,2,2,-1
591,8,265.40,525.76,36.04,95.76,0.9206,3,0,-1
591,9,-5.24,718.31,24.27,107.77,0.8287,2,1,-1
591,10,610.88,512.96,47.34,71.25,0.9160,2,2,-1
591,15,927.16,597.35,40.10,118.85,0.9246,2,2,-1
591,46,730.97,788.15,72.66,175.17,0.9317,2,1,-1
591,67,722.65,528.23,48.80,84.09,0.9062,2,2,-1
591,71,770.69,576.85,44.27,119.34,0.9082,2,2,-1
591,72,860.09,694.06,57.16,142.89,0.9310,2,2,-1
591,73,562.13,505.45,39.13,94.02,0.9199,2,2,-1
591,112,899.11,508.32,41.74,67.10,0.8083,2,-1,-1
591,113,813.89,730.29,60.03,159.06,0.8483,2,-1,-1
592,1,868.15,553.78,62.08,113.15,0.9244,2,1,-1
592,6,638.26,539.65,48.98,105.46,0.9107,2,2,-1
592,8,260.90,527.95,35.14,96.42,0.9227,3,0,-1
592,10,609.93,514.87,44.00,68.36,0.9194,2,2,-1
592,13,724.96,517.57,46.66,97.38,0.8996,2,1,-1
592,15,924.25,598.93,42.97,120.26,0.9247,2,2,-1
592,46,727.85,793.05,74.63,175.61,0.9032,2,1,-1
592,67,794.88,524.67,29.50,46.57,0.7756,2,2,-1
592,71,765.70,577.89,47.89,123.62,0.9031,2,2,-1
592,72,857.40,695.26,56.71,144.65,0.9441,2,2,-1
592,73,561.06,506.55,39.54,93.72,0.9182,2,2,-1
592,78,202.82,619.25,44.77,128.22,0.7116,2,1,-1
592,97,1147.95,543.63,28.06,40.74,0.5624,2,-1,-1
592,112,908.63,506.58,42.03,72.78,0.8515,2,-1,-1
592,113,809.54,731.09,58.56,162.12,0.8879,2,-1,-1
593,1,865.66,553.30,65.33,115.95,0.9218,2,1,-1
593,6,632.67,540.93,49.69,106.90,0.9141,2,2,-1
593,8,255.42,529.85,35.36,96.34,0.9175,3,0,-1
593,10,607.34,515.28,41.66,66.26,0.9142,2,2,-1
593,13,731.31,520.64,42.60,88.83,0.7807,2,1,-1
593,15,920.92,601.95,47.27,119.29,0.9292,2,2,-1
593,46,723.78,798.30,76.45,173.40,0.9367,2,1,-1
593,71,758.48,578.54,47.28,124.79,0.9160,2,2,-1
593,72,853.52,697.65,56.57,144.22,0.9307,2,2,-1
593,73,560.24,506.80,39.48,94.36,0.9161,2,2,-1
593,75,789.36,530.46,42.41,106.47,0.8472,2,2,-1
593,78,196.72,622.55,44.13,127.78,0.8901,2,1,-1
593,112,910.86,506.09,50.47,92.98,0.8105,2,2,-1
593,113,805.36,733.06,57.18,161.69,0.9110,2,-1,-1
594,1,862.87,553.27,67.18,116.97,0.9135,2,1,-1
594,6,627.11,542.51,49.87,106.72,0.9189,2,2,-1
594,8,249.03,531.85,37.11,96.18,0.9228,3,0,-1
594,10,603.17,515.74,40.48,63.44,0.8947,2,2,-1
594,13,736.77,521.67,40.13,91.29,0.8660,2,1,-1
594,15,916.06,606.15,51.38,118.13,0.9251,2,2,-1
594,46,720.22,797.83,76.09,176.09,0.9256,2,1,-1
594,71,752.89,582.43,46.91,123.54,0.9138,2,2,-1
594,72,847.23,698.04,57.79,145.84,0.9378,2,2,-1
594,73,558.50,507.10,39.10,94.02,0.9219,2,2,-1
594,75,788.92,530.74,48.35,106.82,0.8517,2,2,-1
594,78,187.37,623.15,44.87,129.76,0.8847,2,1,-1
594,112,913.95,507.64,44.51,86.53,0.8736,2,2,-1
594,113,801.31,736.91,58.45,160.30,0.8993,2,2,-1
595,1,863.54,548.86,68.07,120.32,0.8414,2,1,-1
595,6,619.97,544.16,50.49,107.35,0.9265,2,2,-1
595,8,240.94,534.29,38.14,96.91,0.9205,3,0,-1
595,10,597.50,515.38,40.98,66.08,0.9096,2,2,-1
595,13,745.52,521.75,30.77,76.39,0.8909,2,1,-1
595,15,910.04,606.45,54.56,120.31,0.9310,2,2,-1
595,46,717.69,802.15,74.50,175.73,0.9024,2,1,-1
595,71,746.45,584.25,48.34,121.10,0.9237,2,2,-1
595,72,841.04,702.13,58.25,145.28,0.9268,2,2,-1
595,73,555.13,506.84,39.45,94.15,0.9256,2,2,-1
595,106,779.84,529.47,66.04,111.90,0.8685,2,2,-1
595,112,918.05,507.24,60.31,101.97,0.9183,2,2,-1
595,113,796.62,738.52,56.19,160.28,0.9284,2,2,-1
596,6,612.04,544.85,51.73,108.32,0.9229,2,2,-1
596,8,232.71,536.12,39.65,97.73,0.9333,3,0,-1
596,13,744.36,520.79,30.96,80.52,0.8746,2,1,-1
596,15,904.10,608.01,55.75,120.13,0.9354,2,2,-1
596,46,714.56,804.81,70.71,175.45,0.9293,2,1,-1
596,71,737.55,585.39,50.26,120.79,0.9298,2,2,-1
596,72,832.81,702.61,59.88,146.27,0.9446,2,2,-1
596,73,550.65,507.59,41.43,93.27,0.9237,2,2,-1
596,106,777.04,533.58,66.51,113.96,0.8085,2,2,-1
596,112,927.96,508.71,56.39,103.96,0.9038,2,2,-1
596,113,790.48,741.34,56.32,160.28,0.8885,2,2,-1
597,6,603.89,546.77,51.12,104.25,0.9104,2,2,-1
597,8,223.88,537.38,40.03,97.80,0.9239,3,0,-1
597,13,741.18,519.96,32.35,90.96,0.8834,2,1,-1
597,15,896.47,608.96,56.52,121.10,0.9269,2,2,-1
597,46,707.65,807.49,70.20,175.53,0.9255,2,1,-1
597,71,725.56,585.65,51.84,119.44,0.9209,2,2,-1
597,72,824.60,705.27,58.93,145.06,0.9284,2,2,-1
597,73,544.79,507.24,43.44,94.74,0.9233,2,2,-1
597,96,793.09,499.92,37.69,46.93,0.7942,2,2,-1
597,106,775.23,546.83,60.35,103.84,0.7254,2,2,-1
597,112,930.34,513.55,56.95,102.27,0.8918,2,2,-1
597,113,782.62,742.52,56.47,161.82,0.9134,2,2,-1
597,0,935.58,506.30,11.98,10.79,1.0,0,-1,-1
598,6,593.99,547.14,53.05,106.25,0.9170,2,2,-1
598,8,214.50,539.25,40.68,96.60,0.9178,3,0,-1
598,15,891.38,610.13,55.19,120.70,0.9370,2,2,-1
598,46,700.81,807.42,67.43,177.30,0.9294,2,1,-1
598,71,715.19,583.78,53.22,120.83,0.9331,2,2,-1
598,72,815.69,707.79,60.94,146.47,0.9294,2,2,-1
598,73,538.29,508.68,45.17,94.30,0.9192,2,2,-1
598,96,799.73,500.12,34.22,42.07,0.7923,2,2,-1
598,112,928.88,514.53,61.45,101.99,0.9044,2,2,-1
598,0,927.44,507.24,11.65,11.96,1.0,0,-1,-1
599,6,585.01,548.81,54.13,102.19,0.9171,2,2,-1
599,8,206.12,540.37,40.60,99.14,0.9268,3,0,-1
599,15,885.81,611.08,55.87,121.45,0.9312,2,2,-1
599,46,693.27,809.88,67.55,177.72,0.9305,2,1,-1
599,71,703.95,584.41,53.65,121.69,0.9290,2,2,-1
599,72,807.12,708.39,62.00,147.32,0.9375,2,2,-1
599,73,533.17,511.85,44.95,92.52,0.9235,2,2,-1
599,75,734.82,519.57,48.79,100.50,0.9157,2,2,-1
599,78,137.19,632.72,44.58,130.69,0.7886,2,1,-1
599,96,803.46,499.53,48.60,63.63,0.7578,2,2,-1
599,112,925.36,515.24,64.43,102.76,0.9221,2,2,-1
599,0,791.19,627.72,18.84,22.19,1.0,0,-1,-1
600,2,770.68,857.40,18.07,51.85,0.6490,2,2,-1
600,6,575.56,550.08,55.35,101.82,0.9020,2,2,-1
600,8,197.45,540.08,40.36,100.54,0.9328,3,0,-1
600,15,881.17,612.44,54.66,121.89,0.9356,2,2,-1
600,46,684.54,812.15,67.71,178.43,0.9365,2,1,-1
600,71,693.41,584.92,50.25,122.56,0.9234,2,2,-1
600,72,797.94,712.84,63.50,144.89,0.9320,2,2,-1
600,73,526.79,514.03,42.67,91.16,0.9212,2,2,-1
600,75,729.99,521.44,51.05,99.59,0.9191,2,2,-1
600,96,804.59,499.68,54.55,86.95,0.8016,2,2,-1
600,112,924.47,515.40,62.57,103.22,0.9241,2,2,-1
601,1,787.08,543.16,58.68,115.05,0.9116,2,1,-1
601,6,564.96,551.15,57.97,104.00,0.8986,2,2,-1
601,8,188.67,539.89,39.22,101.52,0.9240,3,0,-1
601,15,874.19,614.20,54.85,122.33,0.9305,2,2,-1
601,46,673.79,815.31,67.82,179.41,0.9376,2,1,-1
601,71,682.73,586.46,47.81,123.04,0.9275,2,2,-1
601,72,788.57,714.32,63.09,145.07,0.9248,2,2,-1
601,73,520.01,515.37,40.06,90.81,0.9228,2,2,-1
601,75,724.95,524.17,52.31,102.27,0.9205,2,2,-1
601,96,813.84,501.74,36.52,59.96,0.7857,2,2,-1
601,112,925.57,516.97,59.32,99.88,0.9158,2,2,-1
601,118,857.82,561.50,37.13,60.73,0.5369,2,-1,-1
602,1,784.97,545.70,64.13,112.26,0.8994,2,1,-1
602,6,554.87,552.74,59.45,105.84,0.9207,2,2,-1
602,8,179.08,538.18,39.43,105.54,0.9227,3,0,-1
602,15,866.80,615.42,55.49,123.09,0.9257,2,2,-1
602,46,663.58,820.53,68.00,178.34,0.9308,2,1,-1
602,71,671.61,587.54,47.24,123.55,0.9258,2,2,-1
602,72,778.53,715.95,63.79,145.27,0.9240,2,2,-1
602,73,513.37,515.68,38.71,90.92,0.9160,2,2,-1
602,75,724.16,527.13,46.99,103.22,0.9213,2,2,-1
602,112,927.92,518.41,58.29,99.69,0.9132,2,2,-1
602,118,857.70,577.94,24.62,42.82,0.5395,2,-1,-1
603,1,785.79,545.76,71.47,113.52,0.8802,2,1,-1
603,6,545.21,553.77,60.10,112.21,0.9265,2,2,-1
603,8,168.73,537.33,39.88,109.23,0.9232,3,0,-1
603,13,728.15,527.80,36.85,102.92,0.9030,2,1,-1
603,15,859.62,617.53,56.21,123.05,0.9246,2,2,-1
603,46,652.22,820.33,69.14,179.87,0.9395,2,1,-1
603,71,660.51,588.84,47.96,124.61,0.9132,2,2,-1
603,72,765.58,718.54,65.32,143.48,0.9209,2,2,-1
603,73,505.20,514.97,37.53,91.12,0.9157,2,2,-1
603,75,771.26,623.27,15.55,34.06,0.6488,2,2,-1
603,112,929.60,521.30,52.27,94.38,0.9173,2,2,-1
603,0,722.67,615.16,17.52,17.49,1.0,0,-1,-1
604,1,784.67,549.28,74.21,99.85,0.8937,2,1,-1
604,6,533.96,554.07,60.55,112.59,0.9227,2,2,-1
604,8,157.33,537.02,40.77,111.57,0.9227,3,0,-1
604,13,725.18,526.45,33.47,106.19,0.8982,2,1,-1
604,15,852.41,618.61,59.32,123.59,0.9282,2,2,-1
604,46,641.01,823.92,70.07,179.26,0.9105,2,1,-1
604,71,647.30,590.03,49.88,124.51,0.9231,2,2,-1
604,72,753.74,719.88,62.77,143.90,0.9139,2,2,-1
604,73,495.74,515.72,36.28,92.65,0.9008,2,2,-1
604,75,774.29,630.96,10.66,23.11,0.5687,2,2,-1
604,112,930.41,523.16,52.54,94.86,0.8073,2,2,-1
605,1,782.58,556.61,72.70,92.56,0.8094,2,1,-1
605,6,523.62,556.27,59.96,111.45,0.9223,2,2,-1
605,8,144.78,536.82,41.12,113.93,0.9298,3,0,-1
605,13,720.66,525.30,31.93,107.81,0.9165,2,1,-1
605,15,844.87,621.42,59.95,122.91,0.9207,2,2,-1
605,46,625.61,825.83,73.66,182.57,0.9364,2,1,-1
605,71,634.17,591.41,51.37,125.02,0.9179,2,2,-1
605,72,741.64,721.22,58.88,145.67,0.9088,2,2,-1
605,73,485.54,513.99,35.93,94.85,0.8890,2,2,-1
605,75,774.19,628.33,10.84,22.32,0.7809,2,2,-1
605,78,55.36,644.34,49.29,133.15,0.7878,2,1,-1
605,98,513.42,639.03,52.29,132.19,0.9281,2,1,-1
605,112,932.44,522.86,57.39,95.54,0.9255,2,2,-1
606,6,513.49,557.47,60.37,112.04,0.9064,2,2,-1
606,8,133.99,536.74,42.15,115.44,0.9380,3,0,-1
606,13,715.59,524.38,35.90,109.14,0.9230,2,1,-1
606,15,835.21,624.29,57.32,121.84,0.8670,2,2,-1
606,46,610.00,830.73,79.18,179.88,0.9398,2,1,-1
606,71,620.71,592.23,52.94,125.58,0.9267,2,2,-1
606,73,475.58,513.70,35.94,97.21,0.8926,2,2,-1
606,78,40.77,644.53,50.25,135.09,0.7175,2,1,-1
606,98,499.42,640.90,51.94,131.20,0.9123,2,1,-1
606,112,932.42,522.86,59.36,97.33,0.9255,2,2,-1
606,113,704.72,766.49,71.49,159.27,0.8819,2,2,-1
607,6,501.73,557.78,62.49,113.98,0.9115,2,2,-1
607,8,123.33,536.79,47.54,117.60,0.9335,3,0,-1
607,13,709.72,524.34,42.69,107.43,0.9237,2,1,-1
607,15,829.23,629.81,55.13,117.69,0.8693,2,2,-1
607,46,591.11,829.26,88.62,183.41,0.9372,2,1,-1
607,71,606.20,594.22,55.75,125.53,0.9384,2,2,-1
607,73,464.64,513.82,34.95,98.66,0.8919,2,2,-1
607,78,24.13,646.25,52.07,136.37,0.7630,2,1,-1
607,98,485.09,640.39,54.67,134.03,0.9397,2,1,-1
607,112,930.42,524.97,59.87,96.51,0.9289,2,2,-1
607,113,692.24,763.81,68.96,164.65,0.8910,2,2,-1
607,121,830.13,518.94,21.85,56.04,0.7952,2,-1,-1
608,6,490.13,558.36,65.45,117.03,0.9160,2,2,-1
608,8,110.89,539.45,53.97,116.86,0.9349,3,0,-1
608,15,822.40,633.89,52.47,114.45,0.8772,2,2,-1
608,46,577.37,835.65,91.84,183.43,0.9284,2,1,-1
608,67,711.80,524.70,24.78,40.24,0.7551,2,2,-1
608,71,591.09,595.78,58.54,124.89,0.9315,2,2,-1
608,73,454.32,513.92,33.89,99.82,0.8952,2,2,-1
608,78,9.64,648.55,52.65,137.04,0.6139,2,1,-1
608,98,467.98,641.74,55.99,135.42,0.8433,2,1,-1
608,106,705.16,557.65,49.31,73.41,0.9116,2,2,-1
608,112,926.85,525.12,56.89,94.96,0.9218,2,2,-1
608,113,681.23,763.25,67.35,168.83,0.8643,2,2,-1
608,121,827.31,522.49,22.97,56.53,0.6578,2,-1,-1
609,6,474.80,558.63,68.51,116.71,0.9099,2,2,-1
609,8,95.08,543.07,61.23,116.01,0.9356,3,0,-1
609,13,703.84,526.72,48.69,105.25,0.9272,2,1,-1
609,15,814.73,637.49,48.53,112.63,0.9129,2,2,-1
609,46,575.79,842.69,82.60,180.21,0.9319,2,1,-1
609,71,577.63,596.89,58.52,126.53,0.9307,2,2,-1
609,73,442.32,513.70,33.29,101.08,0.8965,2,2,-1
609,112,920.93,524.82,56.18,95.60,0.7677,2,2,-1
609,113,672.25,784.88,62.83,149.70,0.9165,2,2,-1
609,0,828.81,517.33,12.13,10.89,1.0,0,-1,-1
610,6,465.65,559.61,68.72,120.36,0.9110,2,2,-1
610,8,79.84,546.07,67.98,115.75,0.9388,3,0,-1
610,13,699.73,528.86,49.91,104.79,0.9305,2,-1,-1
610,15,806.15,633.92,50.56,118.72,0.9043,2,2,-1
610,46,548.17,847.18,94.64,177.33,0.9173,2,1,-1
610,71,565.39,596.48,56.62,127.67,0.9271,2,2,-1
610,72,662.35,763.15,65.04,174.34,0.8661,2,2,-1
610,73,431.37,513.75,32.45,101.86,0.8856,2,2,-1
610,98,438.89,642.53,59.73,139.22,0.8094,2,1,-1
610,121,828.67,520.08,25.15,61.06,0.6015,2,-1,-1
610,0,819.10,518.09,13.06,12.33,1.0,0,-1,-1
611,6,459.92,560.51,62.61,119.20,0.9204,2,2,-1
611,8,65.81,548.46,69.44,114.89,0.9384,3,0,-1
611,13,693.03,531.84,52.81,104.07,0.9300,2,2,-1
611,15,796.85,630.72,48.01,123.33,0.8714,2,2,-1
611,21,-1.18,686.10,20.02,106.37,0.8158,2,1,-1
611,46,544.44,846.37,93.06,182.10,0.9047,2,1,-1
611,71,554.36,597.20,52.39,126.50,0.9274,2,2,-1
611,72,655.25,774.34,62.72,165.42,0.9099,2,2,-1
611,73,421.12,513.72,32.25,103.55,0.9093,2,2,-1
611,98,426.14,643.07,61.38,142.47,0.6352,2,1,-1
611,118,842.49,563.09,29.54,44.08,0.6903,2,-1,-1
611,121,830.06,523.31,23.95,53.90,0.6706,2,1,-1
612,6,451.01,561.87,60.51,119.61,0.9215,2,2,-1
612,8,55.41,550.08,71.40,114.27,0.9395,3,0,-1
612,13,686.50,535.82,54.02,100.70,0.9262,2,2,-1
612,15,792.16,632.33,47.88,124.37,0.8775,2,2,-1
612,46,515.57,851.04,98.95,184.46,0.7727,2,1,-1
612,71,543.73,597.36,48.38,127.13,0.9193,2,2,-1
612,72,645.36,771.46,64.17,170.82,0.8604,2,2,-1
612,73,411.59,512.99,31.55,104.34,0.9070,2,2,-1
612,98,415.28,643.36,63.19,143.51,0.9037,2,1,-1
613,6,440.46,562.98,61.44,120.44,0.9106,2,2,-1
613,8,46.78,550.89,75.03,116.21,0.9401,3,0,-1
613,13,681.19,537.50,51.75,100.15,0.9318,2,2,-1
613,15,783.93,631.06,42.75,128.63,0.9311,2,2,-1
613,46,500.78,852.55,105.43,184.44,0.9052,2,1,-1
613,71,532.62,597.91,44.35,126.91,0.9288,2,2,-1
613,72,638.68,774.92,65.65,174.26,0.8551,2,2,-1
613,73,401.90,513.56,32.02,105.49,0.8929,2,2,-1
613,98,404.49,645.54,63.90,144.96,0.9453,2,1,-1
614,6,429.27,564.04,65.88,123.40,0.9186,2,2,-1
614,8,37.84,552.23,73.36,116.67,0.9381,3,0,-1
614,13,678.39,537.63,48.05,101.89,0.9327,2,2,-1
614,15,778.32,630.99,42.94,130.68,0.9243,2,2,-1
614,46,482.97,842.37,105.46,195.48,0.8702,2,1,-1
614,71,521.37,598.81,42.02,128.39,0.9323,2,2,-1
614,72,630.54,775.82,63.62,172.38,0.7575,2,2,-1
614,73,393.27,514.14,31.81,107.03,0.8874,2,2,-1
614,82,929.47,568.16,23.96,51.22,0.7319,1,3,-1
614,98,393.58,646.20,65.42,146.29,0.9420,2,1,-1
615,6,415.67,564.32,69.01,123.99,0.9092,2,2,-1
615,8,30.64,551.69,69.63,117.91,0.9282,3,0,-1
615,13,677.23,536.37,44.36,102.42,0.9347,2,2,-1
615,15,771.29,631.56,44.11,131.80,0.9286,2,2,-1
615,46,477.13,848.39,85.69,142.14,0.8209,2,1,-1
615,71,510.09,599.42,42.90,129.61,0.9242,2,2,-1
615,72,623.86,774.47,64.59,177.18,0.9078,2,2,-1
615,73,384.66,513.81,30.99,107.39,0.8943,2,2,-1
615,98,381.55,646.14,66.67,147.47,0.9327,2,1,-1
615,123,821.52,542.28,63.36,69.48,0.7505,2,-1,-1
616,6,412.63,564.62,64.90,124.56,0.9108,2,2,-1
616,8,25.69,550.53,63.64,119.49,0.9363,3,0,-1
616,13,677.55,534.72,42.56,103.95,0.9350,2,2,-1
616,14,462.21,844.09,85.22,194.12,0.5275,2,2,-1
616,15,763.57,631.86,43.80,132.63,0.9149,2,2,-1
616,38,400.75,513.80,32.99,92.30,0.8467,2,2,-1
616,71,497.55,599.20,44.43,131.40,0.9225,2,2,-1
616,73,375.95,513.48,31.16,107.74,0.8974,2,2,-1
616,98,368.87,646.58,63.76,148.64,0.8958,2,1,-1
616,113,618.85,790.39,63.37,162.64,0.9164,2,2,-1
616,123,787.23,604.00,70.74,82.96,0.6193,2,-1,-1
617,6,403.58,564.28,64.48,127.71,0.9039,2,2,-1
617,8,20.86,549.55,57.82,121.88,0.9309,3,0,-1
617,13,674.66,531.76,41.40,107.60,0.9199,2,2,-1
617,14,449.25,846.08,83.67,193.11,0.5040,2,2,-1
617,15,757.67,632.83,42.78,132.92,0.9139,2,2,-1
617,38,392.58,512.22,32.39,94.09,0.8431,2,2,-1
617,71,484.07,599.52,47.63,131.69,0.9162,2,2,-1
617,72,610.67,777.91,64.29,176.39,0.9085,2,2,-1
617,73,367.05,513.29,31.98,108.16,0.9021,2,2,-1
617,98,355.92,645.63,62.61,150.18,0.6931,2,1,-1
617,123,766.98,577.65,92.57,118.44,0.5631,2,-1,-1
618,6,392.90,564.30,65.67,126.47,0.9050,2,2,-1
618,8,15.51,548.66,51.08,123.43,0.9343,3,0,-1
618,13,670.83,530.96,38.64,108.50,0.9078,2,2,-1
618,15,750.86,633.76,42.38,133.07,0.9228,2,2,-1
618,38,382.85,512.36,32.63,95.65,0.8642,2,2,-1
618,71,464.15,599.97,55.13,132.12,0.9228,2,2,-1
618,72,595.41,742.21,44.40,115.22,0.8061,2,2,-1
618,73,357.37,513.03,31.67,109.18,0.8923,2,2,-1
618,123,778.09,572.70,60.88,123.26,0.8580,2,1,-1
619,6,386.79,565.50,62.90,124.49,0.9111,2,2,-1
619,8,10.06,548.62,47.39,125.10,0.9270,3,0,-1
619,13,665.68,531.13,38.45,109.26,0.9189,2,2,-1
619,14,422.36,853.92,82.53,196.24,0.7628,2,2,-1
619,15,744.54,634.90,42.67,133.53,0.9279,2,2,-1
619,38,375.14,511.94,32.40,98.01,0.8768,2,2,-1
619,71,450.52,601.20,59.73,132.39,0.9332,2,2,-1
619,72,584.20,742.61,45.77,112.48,0.8552,2,2,-1
619,73,349.35,513.46,31.78,109.13,0.9063,2,2,-1
619,123,778.09,569.30,53.17,128.16,0.8360,2,1,-1
620,6,380.23,565.87,60.45,124.60,0.9221,2,2,-1
620,8,3.07,548.52,46.38,126.38,0.9304,3,0,-1
620,13,662.52,531.70,43.59,109.83,0.9275,2,2,-1
620,14,404.63,864.87,91.22,186.68,0.8990,2,2,-1
620,15,738.93,635.82,42.93,134.06,0.9312,2,2,-1
620,38,367.66,511.88,32.39,95.57,0.8273,2,2,-1
620,71,442.42,601.29,60.46,132.98,0.9338,2,2,-1
620,72,573.58,743.41,47.44,112.25,0.8817,2,2,-1
620,73,341.53,513.14,31.91,110.63,0.9014,2,2,-1
620,98,326.23,643.20,57.00,157.38,0.7734,2,1,-1
620,123,777.85,568.04,48.14,129.71,0.8564,2,1,-1
621,6,366.33,566.11,65.42,126.37,0.9157,2,2,-1
621,8,-1.04,548.38,41.84,127.63,0.9249,3,0,-1
621,13,658.11,533.07,45.09,109.06,0.9258,2,2,-1
621,14,391.32,872.00,97.44,182.49,0.9219,2,2,-1
621,15,733.37,636.22,42.94,134.76,0.9257,2,2,-1
621,71,436.54,601.27,59.90,134.47,0.9317,2,2,-1
621,73,334.94,512.78,31.46,111.66,0.8904,2,2,-1
621,113,583.40,781.78,65.97,177.70,0.8358,2,2,-1
621,123,773.67,567.47,47.05,131.72,0.8379,2,1,-1
622,6,359.69,567.36,65.04,125.65,0.9169,2,2,-1
622,8,-1.23,549.43,35.44,127.15,0.9262,3,0,-1
622,13,655.72,534.05,43.38,108.51,0.9217,2,2,-1
622,14,378.10,877.24,102.29,179.15,0.9092,2,2,-1
622,15,729.84,637.63,42.87,134.44,0.9222,2,2,-1
622,71,431.52,601.36,58.32,134.84,0.9316,2,2,-1
622,73,328.77,513.13,30.70,111.86,0.8967,2,2,-1
622,112,817.87,541.97,75.28,130.94,0.5416,2,2,-1
622,113,554.89,742.53,55.63,159.86,0.8133,2,2,-1
622,123,785.66,631.21,23.69,65.41,0.6938,2,1,-1
623,6,352.70,568.50,64.84,124.91,0.9175,2,2,-1
623,8,-1.07,549.28,31.20,127.96,0.9183,3,0,-1
623,13,655.11,535.18,41.51,108.23,0.9245,2,2,-1
623,14,368.35,882.40,108.18,177.86,0.9253,2,2,-1
623,15,727.50,638.14,42.59,135.71,0.9237,2,2,-1
623,71,427.45,601.80,58.29,135.00,0.9370,2,2,-1
623,73,324.53,513.85,30.12,111.60,0.8927,2,2,-1
623,112,818.58,545.57,79.21,128.64,0.8794,2,2,-1
623,113,550.94,744.45,51.65,160.81,0.9181,2,2,-1
623,123,777.77,564.02,49.07,130.86,0.8275,2,1,-1
624,6,350.30,569.50,58.18,124.91,0.9295,2,2,-1
624,8,-1.78,550.12,27.42,127.80,0.8820,3,0,-1
624,13,655.94,534.82,39.12,109.14,0.9315,2,2,-1
624,14,352.95,887.01,112.55,175.84,0.9055,2,2,-1
624,15,726.18,638.81,42.72,136.84,0.9285,2,2,-1
624,71,424.33,601.89,58.11,137.18,0.9292,2,2,-1
624,73,321.12,514.17,31.06,113.06,0.8996,2,2,-1
624,112,825.41,545.91,75.01,127.95,0.9148,2,2,-1
624,113,545.42,744.03,52.23,166.04,0.8774,2,2,-1
624,123,786.41,643.75,22.14,51.74,0.7455,2,1,-1
625,6,346.36,569.97,54.34,125.93,0.8956,2,2,-1
625,8,-1.76,550.88,24.11,129.15,0.8699,3,0,-1
625,13,659.16,532.85,35.45,111.47,0.9211,2,2,-1
625,14,342.79,886.74,117.10,185.12,0.8971,2,2,-1
625,15,725.41,639.21,42.68,138.22,0.9327,2,2,-1
625,71,420.70,601.81,58.39,138.04,0.9381,2,2,-1
625,73,318.32,514.05,31.17,113.20,0.9001,2,2,-1
625,112,830.55,543.28,74.03,132.25,0.7726,2,2,-1
625,113,540.95,745.21,51.31,169.39,0.8848,2,2,-1
625,123,788.88,646.39,21.71,49.22,0.6477,2,1,-1
625,0,832.49,657.67,12.81,16.53,1.0,0,-1,-1
626,6,341.49,569.66,54.86,127.38,0.8723,2,2,-1
626,8,-2.31,553.57,21.26,128.08,0.8177,3,0,-1
626,13,661.04,532.43,31.68,111.51,0.9118,2,2,-1
626,14,327.52,884.93,115.84,184.72,0.8089,2,2,-1
626,15,724.92,639.20,42.47,138.04,0.9357,2,2,-1
626,71,415.81,601.79,58.63,139.46,0.9419,2,2,-1
626,73,315.73,513.47,30.61,114.79,0.8986,2,2,-1
626,112,838.94,548.36,65.52,127.99,0.8479,2,2,-1
626,113,526.45,747.89,60.86,168.27,0.9189,2,2,-1
626,123,775.80,591.21,42.03,103.07,0.7928,2,1,-1
627,2,575.95,915.47,19.88,58.36,0.5185,2,2,-1
627,6,338.75,570.78,56.34,127.08,0.8872,2,2,-1
627,8,-1.87,570.02,16.77,110.53,0.7710,3,0,-1
627,13,661.78,530.27,30.76,114.83,0.9105,2,2,-1
627,14,313.35,884.54,115.79,185.98,0.5519,2,2,-1
627,15,724.50,641.73,42.75,136.68,0.9374,2,2,-1
627,71,412.24,601.72,58.14,141.70,0.9287,2,2,-1
627,73,313.69,514.96,30.72,113.73,0.9047,2,2,-1
627,113,517.16,748.95,67.76,167.53,0.8909,2,2,-1
627,123,774.37,555.46,47.33,138.34,0.9190,2,1,-1
628,6,344.11,570.90,51.85,128.49,0.9050,2,2,-1
628,8,-2.34,585.93,13.28,95.73,0.6863,3,0,-1
628,13,664.72,532.64,32.99,112.61,0.9038,2,2,-1
628,14,299.20,881.23,116.36,192.92,0.6975,2,2,-1
628,15,724.01,643.27,43.51,136.38,0.9355,2,2,-1
628,71,409.89,600.81,55.68,142.27,0.9324,2,2,-1
628,73,310.90,515.11,30.88,114.57,0.9002,2,2,-1
628,98,279.77,653.70,57.21,159.45,0.5186,2,1,-1
628,113,511.06,745.93,76.35,173.83,0.9151,2,2,-1
628,123,774.42,559.72,49.79,132.57,0.9283,2,1,-1
629,6,346.66,570.01,47.89,129.98,0.9045,2,2,-1
629,13,664.65,531.67,37.48,115.45,0.9077,2,2,-1
629,14,287.27,882.23,112.81,189.46,0.5453,2,2,-1
629,15,722.50,644.21,44.65,137.69,0.9337,2,2,-1
629,38,336.15,512.26,27.73,100.83,0.8780,2,2,-1
629,71,405.46,602.42,55.38,141.89,0.9301,2,2,-1
629,73,308.87,514.96,31.51,115.78,0.8978,2,2,-1
629,98,272.89,654.23,59.86,159.98,0.8059,2,1,-1
629,113,508.79,746.90,83.51,177.00,0.9212,2,2,-1
629,123,772.04,560.46,57.20,132.98,0.9289,2,1,-1
630,6,345.69,570.71,46.84,129.51,0.8756,2,2,-1
630,13,663.59,531.77,36.98,115.91,0.8986,2,2,-1
630,15,720.40,644.84,46.10,138.54,0.9343,2,2,-1
630,38,334.73,511.81,28.27,101.93,0.8695,2,2,-1
630,71,400.47,601.67,54.61,142.84,0.9286,2,2,-1
630,72,573.53,796.56,58.12,127.51,0.8389,2,2,-1
630,73,306.38,514.02,31.74,116.34,0.8927,2,2,-1
630,96,767.48,565.50,66.34,127.18,0.9315,2,2,-1
630,97,888.11,627.68,26.45,50.72,0.8283,2,-1,-1
630,113,504.92,750.40,80.04,174.03,0.9275,2,2,-1
631,2,571.91,919.55,20.24,60.02,0.5237,2,2,-1
631,6,344.47,570.35,47.16,131.05,0.8805,2,2,-1
631,13,661.86,531.79,31.92,116.72,0.8928,2,2,-1
631,15,719.15,645.57,47.50,139.14,0.9289,2,2,-1
631,38,331.56,512.02,27.77,102.04,0.8271,2,2,-1
631,46,280.28,883.41,83.93,139.38,0.6759,2,1,-1
631,71,396.85,602.30,52.51,142.84,0.9313,2,2,-1
631,72,570.43,797.98,60.40,127.66,0.8442,2,2,-1
631,73,304.63,515.12,31.79,116.36,0.9004,2,2,-1
631,96,767.87,568.48,68.33,124.69,0.9288,2,2,-1
631,97,894.40,626.24,29.55,52.47,0.7424,2,-1,-1
631,113,502.20,752.25,80.11,173.70,0.9257,2,2,-1
632,2,570.52,921.69,20.40,60.63,0.7038,2,2,-1
632,6,343.37,571.61,47.48,130.55,0.8648,2,2,-1
632,13,667.41,532.40,40.65,116.23,0.8907,2,2,-1
632,14,268.45,885.20,92.76,167.01,0.6514,2,2,-1
632,15,716.90,646.38,49.98,138.68,0.9288,2,2,-1
632,71,392.60,602.60,50.96,143.54,0.9283,2,2,-1
632,72,568.47,798.23,62.39,128.38,0.8708,2,2,-1
632,73,302.67,514.88,32.07,116.72,0.9040,2,2,-1
632,85,330.88,551.68,24.18,63.20,0.8064,2,2,-1
632,96,767.25,570.11,73.21,124.54,0.9312,2,2,-1
632,97,899.26,623.32,32.44,53.02,0.8373,2,-1,-1
632,113,501.22,754.10,78.76,172.37,0.9298,2,2,-1
633,2,591.30,919.86,20.73,62.92,0.5019,2,2,-1
633,6,339.53,571.13,48.39,131.33,0.8765,2,2,-1
633,13,666.84,529.98,46.49,118.31,0.8788,2,2,-1
633,14,262.93,890.90,84.04,171.61,0.8334,2,2,-1
633,15,715.91,646.87,51.07,139.43,0.9269,2,2,-1
633,71,389.59,602.63,50.47,143.46,0.9278,2,2,-1
633,72,557.36,798.43,80.48,183.90,0.8176,2,2,-1
633,73,300.97,515.04,33.34,116.53,0.9052,2,2,-1
633,85,329.26,552.14,23.72,63.64,0.8488,2,2,-1
633,96,768.34,570.26,72.70,125.28,0.9258,2,2,-1
633,97,907.02,626.28,30.75,50.67,0.8223,2,-1,-1
633,113,502.05,756.79,72.26,171.41,0.9472,2,2,-1
634,6,333.07,570.33,51.95,132.86,0.8824,2,2,-1
634,10,327.51,511.00,28.20,66.20,0.6400,2,2,-1
634,13,666.88,528.96,48.17,119.68,0.8304,2,2,-1
634,14,245.73,899.43,81.79,179.71,0.7403,2,2,-1
634,15,715.46,647.14,52.23,139.36,0.9271,2,2,-1
634,71,386.19,602.74,50.54,144.58,0.9084,2,2,-1
634,72,564.87,799.74,63.22,133.02,0.8855,2,2,-1
634,73,298.26,514.93,33.80,116.65,0.8803,2,2,-1
634,96,770.37,569.84,70.52,125.13,0.9164,2,2,-1
634,98,261.01,654.85,60.62,163.06,0.6899,2,1,-1
634,113,499.52,758.21,71.95,171.77,0.9303,2,2,-1
634,0,767.73,676.81,14.02,17.41,1.0,0,-1,-1
635,6,331.04,570.21,53.22,132.95,0.8990,2,2,-1
635,10,326.60,510.78,26.55,70.09,0.7517,2,2,-1
635,13,666.14,528.55,49.10,120.23,0.8732,2,2,-1
635,14,244.75,905.20,81.36,175.03,0.5983,2,2,-1
635,15,716.34,646.37,51.39,141.12,0.9266,2,2,-1
635,71,383.51,602.81,50.98,144.55,0.9120,2,2,-1
635,72,554.27,799.83,83.36,188.92,0.7715,2,2,-1
635,73,296.04,514.62,34.11,117.04,0.8882,2,2,-1
635,96,774.57,567.38,73.95,125.27,0.9110,2,-1,-1
635,98,259.53,655.73,61.95,163.44,0.9324,2,1,-1
635,113,496.94,759.22,70.29,171.99,0.9166,2,2,-1
636,6,330.60,570.04,52.51,132.80,0.8920,2,2,-1
636,13,662.14,528.81,43.17,119.73,0.8129,2,2,-1
636,14,227.66,910.39,83.67,169.90,0.6195,2,2,-1
636,15,720.04,645.54,49.22,143.15,0.9116,2,2,-1
636,71,381.43,602.33,51.78,144.92,0.9166,2,2,-1
636,72,560.03,800.06,72.18,193.82,0.8835,2,2,-1
636,73,295.16,514.31,34.21,117.28,0.8929,2,2,-1
636,85,325.53,550.14,22.32,63.24,0.8239,2,2,-1
636,96,776.41,567.06,73.02,124.92,0.9099,2,1,-1
636,98,259.41,658.62,62.36,160.51,0.9313,2,1,-1
636,113,493.99,756.36,66.93,175.78,0.9138,2,2,-1
637,6,330.28,570.08,51.16,132.88,0.8507,2,2,-1
637,13,665.34,530.40,32.61,118.17,0.8952,2,2,-1
637,15,721.54,646.53,47.87,144.10,0.9166,2,2,-1
637,71,379.49,602.80,51.74,144.86,0.9222,2,2,-1
637,72,560.76,800.56,69.29,196.21,0.8589,2,2,-1
637,73,294.22,513.73,34.91,118.12,0.8892,2,2,-1
637,85,324.36,550.09,22.20,62.57,0.8328,2,2,-1
637,96,779.83,566.04,71.88,124.56,0.9172,2,1,-1
637,98,257.63,661.13,63.27,158.30,0.9236,2,1,-1
637,113,492.71,759.70,61.57,175.95,0.9131,2,2,-1
638,6,328.55,569.59,48.71,133.84,0.8634,2,2,-1
638,10,324.13,508.34,26.52,66.12,0.7907,2,2,-1
638,13,666.25,528.24,31.03,120.36,0.8935,2,2,-1
638,15,726.63,644.44,43.84,146.08,0.8957,2,2,-1
638,71,375.75,601.04,51.55,146.90,0.9217,2,2,-1
638,72,559.61,800.02,68.35,198.16,0.7817,2,2,-1
638,73,291.15,512.47,35.47,119.57,0.8921,2,2,-1
638,96,786.96,566.23,66.51,123.86,0.9102,2,1,-1
638,98,252.68,654.46,65.67,164.58,0.5779,2,1,-1
638,113,489.22,755.65,57.93,178.59,0.8923,2,2,-1
639,6,325.09,568.60,48.60,134.62,0.8400,2,2,-1
639,13,667.59,527.22,34.85,121.48,0.8808,2,2,-1
639,15,725.52,645.57,43.29,145.55,0.9113,2,2,-1
639,38,321.72,509.29,25.73,73.67,0.8600,2,2,-1
639,71,373.25,597.95,50.74,150.04,0.9049,2,2,-1
639,72,558.69,800.46,68.30,200.20,0.6050,2,2,-1
639,73,288.84,512.95,35.78,118.28,0.9072,2,2,-1
639,96,797.35,565.11,60.11,125.14,0.8833,2,1,-1
639,98,250.29,655.13,65.53,164.01,0.5444,2,1,-1
639,113,487.84,761.03,50.84,175.09,0.9147,2,2,-1
640,13,667.37,527.19,38.43,121.79,0.8852,2,2,-1
640,15,724.79,644.88,43.59,146.31,0.9104,2,2,-1
640,38,317.42,509.53,33.59,102.62,0.8280,2,2,-1
640,71,369.94,596.96,50.75,151.49,0.9023,2,2,-1
640,73,286.74,512.42,37.86,118.85,0.9149,2,2,-1
640,96,814.38,570.25,48.77,120.39,0.8849,2,1,-1
640,112,928.32,526.03,68.75,146.08,0.7738,2,2,-1
640,113,482.89,760.89,48.67,177.34,0.9094,2,2,-1
640,0,730.71,519.51,10.69,10.95,1.0,0,-1,-1
641,2,561.86,933.28,20.07,63.81,0.7430,2,2,-1
641,14,172.55,916.52,63.69,140.25,0.7418,2,2,-1
641,15,724.28,645.42,43.72,146.55,0.9131,2,2,-1
641,38,315.42,509.45,33.53,105.87,0.8662,2,2,-1
641,71,366.69,599.58,50.17,149.65,0.9316,2,2,-1
641,73,282.95,512.06,38.71,119.50,0.9241,2,2,-1
641,96,817.90,567.17,49.64,122.83,0.9043,2,1,-1
641,106,664.82,527.97,36.53,67.64,0.8588,2,2,-1
641,113,477.83,761.87,46.84,176.91,0.9093,2,2,-1
642,1,817.45,627.07,43.38,61.74,0.6232,2,1,-1
642,2,558.33,935.72,20.10,63.10,0.6604,2,2,-1
642,6,321.62,569.17,42.88,134.74,0.8628,2,2,-1
642,13,661.71,528.33,31.11,121.40,0.8798,2,2,-1
642,15,722.83,647.44,43.49,144.70,0.9246,2,2,-1
642,38,314.41,509.77,30.58,87.90,0.8380,2,2,-1
642,71,361.36,597.30,51.24,152.48,0.8881,2,2,-1
642,73,279.20,511.51,39.88,120.41,0.9109,2,2,-1
642,97,927.08,645.61,14.88,28.16,0.7500,2,-1,-1
642,98,247.81,662.52,65.05,159.51,0.8418,2,1,-1
642,112,937.45,535.74,66.97,127.31,0.8196,2,2,-1
642,113,471.52,762.54,46.82,173.36,0.8826,2,2,-1
643,13,659.71,531.06,27.82,117.55,0.8882,2,2,-1
643,15,721.25,646.72,42.39,145.86,0.9284,2,2,-1
643,38,307.05,509.43,37.36,104.72,0.8739,2,2,-1
643,71,356.27,597.53,51.69,152.69,0.9140,2,2,-1
643,73,274.09,511.79,40.20,119.59,0.9178,2,2,-1
643,97,928.66,643.59,13.14,25.43,0.7881,2,-1,-1
643,98,248.78,662.13,64.51,159.68,0.5806,2,1,-1
643,112,936.83,532.47,70.41,134.72,0.8887,2,2,-1
643,113,460.79,759.87,50.37,179.48,0.9206,2,2,-1
643,118,818.01,611.15,54.46,77.77,0.7437,2,-1,-1
643,135,552.45,806.86,61.60,133.09,0.7241,2,-1,-1
643,0,815.73,673.61,16.77,17.29,1.0,0,-1,-1
644,13,656.27,527.55,26.79,121.64,0.8631,2,2,-1
644,15,719.81,646.43,40.95,146.78,0.9046,2,2,-1
644,38,303.12,508.32,39.25,103.91,0.8996,2,2,-1
644,71,350.03,597.13,52.33,153.38,0.8675,2,2,-1
644,73,268.93,511.40,39.80,119.86,0.9312,2,2,-1
644,82,930.78,639.51,14.01,26.77,0.6861,1,3,-1
644,96,819.88,562.89,58.77,126.85,0.8804,2,1,-1
644,98,274.95,662.71,37.49,83.65,0.7381,2,1,-1
644,112,941.01,550.00,62.71,118.40,0.6983,2,2,-1
644,113,449.31,760.10,56.16,180.77,0.9267,2,2,-1
644,135,548.44,806.80,62.73,134.49,0.5868,2,-1,-1
644,0,816.07,672.00,15.30,18.05,1.0,0,-1,-1
645,2,546.29,938.59,20.16,63.34,0.6164,2,2,-1
645,15,714.63,648.21,41.50,146.75,0.9181,2,2,-1
645,38,296.33,507.92,37.84,96.25,0.8803,2,2,-1
645,71,344.85,597.68,51.19,153.82,0.8996,2,2,-1
645,73,262.78,511.85,40.66,119.04,0.9096,2,2,-1
645,96,820.35,568.79,57.73,121.18,0.8721,2,1,-1
645,112,938.84,552.64,66.96,115.62,0.8953,2,2,-1
645,113,433.89,762.67,64.62,179.53,0.9204,2,2,-1
645,121,652.44,568.09,25.32,80.34,0.8577,2,1,-1
645,135,541.54,806.91,62.95,134.98,0.7453,2,-1,-1
645,0,817.06,671.24,14.31,17.78,1.0,0,-1,-1
646,2,539.56,940.79,20.34,62.33,0.5763,2,2,-1
646,15,709.50,647.83,41.25,148.48,0.9110,2,2,-1
646,38,288.51,507.62,40.77,101.01,0.8789,2,2,-1
646,71,336.22,596.59,52.04,155.37,0.8787,2,2,-1
646,73,255.11,511.17,41.37,119.58,0.9267,2,2,-1
646,112,960.21,551.23,60.69,116.57,0.7715,2,-1,-1
646,113,420.20,765.02,72.48,178.61,0.9166,2,2,-1
646,118,823.14,605.98,52.66,84.23,0.8399,2,-1,-1
646,121,646.72,568.27,25.63,79.58,0.8343,2,1,-1
646,0,711.73,516.59,11.76,11.16,1.0,0,-1,-1
647,1,832.49,622.72,43.06,67.77,0.7025,2,1,-1
647,6,290.60,565.77,44.04,141.15,0.6695,2,2,-1
647,15,699.35,652.62,44.20,145.55,0.9138,2,2,-1
647,71,327.98,602.71,50.27,148.60,0.7574,2,2,-1
647,73,246.55,511.19,42.24,119.28,0.9314,2,2,-1
647,112,962.56,553.86,58.52,114.91,0.6114,2,1,-1
647,113,409.11,768.59,77.25,178.10,0.9330,2,2,-1
647,121,638.83,556.56,28.39,92.26,0.8664,2,1,-1
648,6,280.34,566.08,45.14,142.70,0.7809,2,2,-1
648,13,632.52,522.96,28.43,126.22,0.8956,2,2,-1
648,15,689.21,651.34,47.70,148.31,0.8874,2,2,-1
648,72,520.95,818.65,64.89,192.92,0.8178,2,2,-1
648,73,238.32,512.25,43.57,118.67,0.9127,2,2,-1
648,112,961.89,540.34,61.81,127.02,0.9082,2,1,-1
648,113,397.87,769.00,81.36,180.27,0.9368,2,2,-1
648,123,842.41,591.86,39.00,96.81,0.6839,2,1,-1
648,0,699.19,515.70,12.36,12.07,1.0,0,-1,-1
649,1,837.55,619.84,47.98,70.44,0.7337,2,1,-1
649,15,680.99,652.12,50.05,148.74,0.9114,2,2,-1
649,73,229.90,512.17,44.06,118.60,0.9241,2,2,-1
649,112,961.35,540.48,61.35,120.02,0.8829,2,1,-1
649,113,389.46,783.98,80.59,166.67,0.9237,2,2,-1
649,121,625.61,548.43,29.40,100.50,0.8561,2,1,-1
649,138,1057.64,536.83,71.78,123.77,0.8761,2,-1,-1
650,1,830.25,623.90,46.44,68.58,0.7853,2,1,-1
650,2,510.48,950.05,20.72,61.21,0.7091,2,2,-1
650,13,619.82,523.21,28.48,126.39,0.9035,2,2,-1
650,15,677.86,654.59,47.67,147.71,0.8859,2,2,-1
650,73,221.17,512.60,43.93,118.12,0.9300,2,2,-1
650,112,959.41,540.53,68.67,126.22,0.9168,2,1,-1
650,113,377.90,768.24,84.64,184.91,0.9179,2,2,-1
650,0,827.31,673.40,16.81,16.70,1.0,0,-1,-1
651,6,258.30,567.02,44.93,142.16,0.8640,2,2,-1
651,13,614.03,523.00,27.81,126.89,0.9090,2,2,-1
651,15,681.77,700.25,34.93,102.79,0.8564,2,2,-1
651,73,212.10,511.83,46.19,118.76,0.9191,2,2,-1
651,96,826.70,587.43,63.79,106.39,0.9001,2,1,-1
651,112,961.07,533.31,72.99,134.67,0.8845,2,1,-1
651,113,369.39,797.11,77.63,157.19,0.9125,2,2,-1
652,6,247.32,566.00,45.54,140.03,0.7800,2,2,-1
652,13,606.14,522.85,28.31,127.67,0.9155,2,2,-1
652,15,674.73,696.43,35.51,107.53,0.8670,2,2,-1
652,73,202.82,513.41,46.91,116.63,0.9144,2,2,-1
652,75,678.07,654.79,25.75,47.77,0.7411,2,2,-1
652,96,824.69,577.88,67.21,117.33,0.8791,2,1,-1
652,112,966.10,542.50,70.19,127.53,0.6599,2,1,-1
652,113,355.69,788.34,76.92,166.73,0.8745,2,2,-1
653,2,485.21,953.88,21.23,61.34,0.6259,2,2,-1
653,6,237.60,566.06,46.54,140.92,0.6759,2,2,-1
653,13,596.89,522.31,28.92,127.50,0.9055,2,2,-1
653,15,663.39,653.58,42.02,151.89,0.8778,2,2,-1
653,73,192.24,513.37,47.57,116.61,0.9162,2,2,-1
653,96,823.63,578.98,68.98,116.65,0.9139,2,1,-1
653,113,342.48,768.25,76.33,188.16,0.8622,2,2,-1
653,135,478.19,814.86,65.17,140.19,0.6639,2,2,-1
654,2,476.63,954.38,21.05,61.55,0.6183,2,2,-1
654,6,229.27,562.62,53.51,143.92,0.7949,2,2,-1
654,13,588.87,522.11,28.85,127.30,0.9073,2,2,-1
654,15,657.22,659.37,37.73,145.41,0.8358,2,2,-1
654,73,181.40,515.44,48.07,115.14,0.9086,2,2,-1
654,96,819.26,569.45,73.03,126.77,0.7159,2,1,-1
654,113,330.03,768.99,64.30,186.85,0.8609,2,2,-1
654,142,994.41,566.75,43.35,101.85,0.6012,2,-1,-1
655,13,580.23,522.26,29.53,127.46,0.9065,2,2,-1
655,15,647.11,653.32,38.50,152.45,0.8740,2,2,-1
655,38,199.58,500.68,49.02,103.73,0.9003,2,2,-1
655,96,869.51,565.71,34.50,55.34,0.6495,2,1,-1
655,113,315.56,770.43,57.96,190.51,0.8550,2,2,-1
655,142,1003.22,575.16,38.34,93.83,0.6650,2,-1,-1
656,6,206.50,564.02,52.48,142.35,0.6249,2,2,-1
656,13,572.11,520.18,30.90,129.25,0.8999,2,2,-1
656,15,637.24,652.98,39.87,154.24,0.8726,2,2,-1
656,73,160.61,514.10,54.21,116.77,0.9141,2,2,-1
656,98,252.84,679.86,40.29,75.25,0.6095,2,1,-1
656,113,301.10,770.39,55.01,189.96,0.8594,2,2,-1
656,142,1002.61,568.43,40.52,99.41,0.6683,2,-1,-1
656,0,1182.11,604.07,17.33,18.87,1.0,0,-1,-1
657,6,194.16,569.91,48.83,136.03,0.6023,2,2,-1
657,13,563.99,519.82,33.09,129.57,0.8964,2,2,-1
657,15,625.30,653.89,42.50,155.41,0.8766,2,2,-1
657,73,150.32,519.53,53.94,110.01,0.9131,2,2,-1
657,98,246.50,678.60,46.57,78.21,0.7477,2,1,-1
657,112,996.25,579.07,48.42,87.74,0.8704,2,1,-1
657,113,285.69,781.00,55.92,181.51,0.8940,2,2,-1
657,123,845.68,612.01,39.34,84.78,0.6816,2,1,-1
658,2,440.10,956.84,22.08,66.03,0.6164,2,2,-1
658,15,614.38,653.70,44.81,156.50,0.8728,2,2,-1
658,71,188.14,588.76,41.36,116.16,0.5510,2,2,-1
658,73,138.95,521.22,55.83,108.26,0.9182,2,2,-1
658,113,268.12,779.87,63.38,185.31,0.8946,2,2,-1
658,121,555.55,540.31,35.13,108.22,0.8126,2,1,-1
658,123,840.21,618.75,37.59,77.15,0.6248,2,1,-1
658,138,990.34,564.02,58.13,105.23,0.8833,2,-1,-1
658,145,1185.90,619.67,25.94,56.40,0.5575,2,-1,-1
659,13,546.48,518.23,38.88,130.72,0.9158,2,2,-1
659,15,601.62,652.58,45.87,157.68,0.8979,2,2,-1
659,46,245.15,863.21,77.73,104.21,0.8641,2,1,-1
659,71,165.16,616.01,70.70,138.99,0.7737,2,2,-1
659,73,127.87,521.72,57.68,105.45,0.9114,2,2,-1
659,123,834.12,573.88,62.67,122.18,0.8314,2,1,-1
659,142,990.42,535.36,63.70,136.66,0.8230,2,1,-1
660,13,537.34,518.03,40.69,130.81,0.9015,2,2,-1
660,15,596.72,654.34,31.87,94.94,0.7562,2,2,-1
660,46,222.70,855.65,88.35,112.37,0.8911,2,1,-1
660,71,154.14,610.77,78.33,147.06,0.6095,2,2,-1
660,73,116.47,522.19,59.03,104.14,0.9040,2,2,-1
660,123,828.16,561.25,69.89,136.85,0.8765,2,1,-1
660,142,990.54,566.64,71.56,105.75,0.9072,2,1,-1
661,2,411.59,963.11,21.90,64.41,0.6334,2,2,-1
661,13,527.93,517.62,42.58,131.67,0.9019,2,2,-1
661,15,581.65,654.21,40.16,111.90,0.7069,2,2,-1
661,46,209.86,861.12,90.40,110.45,0.8857,2,1,-1
661,71,144.41,597.06,80.00,162.37,0.9130,2,2,-1
661,73,105.11,522.98,60.79,103.38,0.8822,2,2,-1
661,123,829.79,584.22,69.49,115.26,0.8895,2,1,-1
661,142,984.17,537.24,84.91,136.44,0.9014,2,1,-1
661,145,1201.22,636.92,22.75,48.26,0.6048,3,-1,-1
662,13,518.97,517.09,43.61,132.22,0.9059,2,2,-1
662,15,570.44,657.72,42.21,110.54,0.6756,2,2,-1
662,46,194.57,862.73,93.44,111.67,0.8936,2,1,-1
662,71,132.89,599.41,75.07,160.25,0.9256,2,2,-1
662,73,92.30,522.83,60.00,103.26,0.8274,2,2,-1
662,96,859.24,561.56,45.43,68.61,0.6778,2,1,-1
662,145,1197.16,614.43,31.87,69.69,0.5132,2,-1,-1
663,2,390.96,963.76,22.08,66.51,0.7480,2,2,-1
663,13,509.07,517.21,42.80,130.94,0.9078,2,2,-1
663,15,556.72,658.46,51.68,134.87,0.8541,2,2,-1
663,46,176.77,818.97,106.54,155.44,0.9113,2,1,-1
663,71,117.69,599.82,77.49,159.05,0.9284,2,2,-1
663,73,80.75,522.23,60.49,104.07,0.8449,2,2,-1
663,96,860.46,561.64,49.79,72.90,0.7423,2,1,-1
663,145,1197.39,595.53,43.11,88.32,0.6914,2,1,-1
664,13,499.34,516.02,41.76,131.79,0.9011,2,2,-1
664,15,544.80,652.18,57.65,157.76,0.8001,2,2,-1
664,71,108.42,607.62,75.69,151.31,0.9090,2,2,-1
664,73,68.65,521.05,60.17,104.20,0.8486,2,2,-1
664,96,752.08,497.16,75.41,124.02,0.6384,2,1,-1
664,113,174.44,807.20,84.70,169.64,0.9223,2,2,-1
664,145,1195.48,587.73,57.17,95.94,0.8767,2,1,-1
665,13,489.23,513.95,40.91,132.83,0.8948,2,2,-1
665,15,535.03,649.63,55.21,163.78,0.9199,2,2,-1
665,73,56.42,519.12,61.07,106.36,0.8368,2,2,-1
665,78,96.18,648.47,68.88,110.06,0.8115,2,1,-1
665,85,115.38,562.77,40.79,86.77,0.6140,2,2,-1
665,96,737.50,487.39,66.10,129.93,0.7786,2,1,-1
665,112,1022.50,594.32,38.55,78.01,0.7947,2,1,-1
665,113,159.04,792.71,84.71,184.34,0.9091,2,2,-1
665,145,1199.29,564.92,71.27,112.25,0.8480,2,1,-1
665,146,850.12,594.71,25.03,62.34,0.5596,2,-1,-1
666,13,478.71,512.79,39.04,133.35,0.8836,2,2,-1
666,15,524.07,648.31,54.86,165.02,0.9184,2,2,-1
666,73,43.93,516.18,60.82,107.68,0.8601,2,2,-1
666,78,82.53,667.08,65.49,91.11,0.8894,2,1,-1
666,85,101.51,562.78,45.19,89.98,0.8168,2,2,-1
666,96,733.22,486.83,58.86,131.03,0.8818,2,1,-1
666,98,208.55,676.70,54.12,81.37,0.6879,2,1,-1
666,112,1017.53,587.10,41.89,84.38,0.7592,2,1,-1
666,113,145.11,791.28,76.69,187.15,0.9193,2,2,-1
666,138,867.90,565.22,47.59,68.43,0.8752,2,-1,-1
666,145,1200.78,557.55,80.64,123.22,0.8270,2,1,-1
667,13,468.18,514.68,35.85,130.96,0.8845,2,2,-1
667,15,512.24,647.79,55.94,165.39,0.9224,2,2,-1
667,73,31.31,513.84,58.66,107.77,0.8727,2,2,-1
667,78,65.95,662.17,67.22,95.30,0.8661,2,1,-1
667,85,89.01,560.87,46.85,90.63,0.8469,2,2,-1
667,96,726.93,486.47,56.05,127.91,0.8815,2,1,-1
667,98,204.44,674.52,58.59,83.89,0.7681,2,1,-1
667,113,126.23,793.70,69.73,186.00,0.9056,2,2,-1
667,123,840.98,571.12,57.28,130.51,0.8666,2,1,-1
667,142,1009.29,525.08,62.60,144.34,0.9290,2,1,-1
667,145,1229.05,591.83,57.11,88.81,0.7090,2,1,-1
668,13,457.95,510.89,33.56,133.94,0.9042,2,2,-1
668,15,500.04,646.61,57.29,166.98,0.9269,2,2,-1
668,72,368.47,965.23,20.57,66.36,0.5892,2,2,-1
668,73,16.95,508.74,55.84,111.61,0.8553,2,2,-1
668,78,48.79,654.55,65.44,102.64,0.8950,2,1,-1
668,85,75.42,559.20,48.28,91.10,0.8309,2,2,-1
668,96,719.51,485.61,60.82,129.14,0.8368,2,1,-1
668,98,224.25,670.71,38.32,54.38,0.8139,2,1,-1
668,113,104.06,795.45,63.59,184.70,0.8903,2,2,-1
668,123,839.36,573.38,56.77,130.60,0.9198,2,1,-1
668,142,1006.31,522.02,69.31,151.74,0.9384,2,1,-1
669,13,447.85,509.74,31.69,133.93,0.9036,2,2,-1
669,15,491.55,644.98,55.55,168.90,0.9270,2,2,-1
669,73,5.53,508.18,50.03,111.52,0.8714,2,2,-1
669,78,34.59,664.91,57.67,91.89,0.7910,2,1,-1
669,85,64.09,562.67,46.94,81.78,0.8772,2,2,-1
669,96,708.83,485.61,61.91,128.03,0.8873,2,1,-1
669,98,173.59,711.60,84.31,120.40,0.6213,2,1,-1
669,113,83.71,794.89,64.12,186.38,0.5294,2,2,-1
669,123,841.55,573.32,60.97,131.27,0.9108,2,1,-1
669,142,1004.90,522.33,68.90,149.36,0.7020,2,1,-1
670,10,54.90,515.99,24.31,59.90,0.5303,2,2,-1
670,13,438.07,508.62,30.52,133.77,0.9035,2,2,-1
670,15,482.58,644.42,53.77,169.28,0.9280,2,2,-1
670,38,0.48,489.50,62.91,129.12,0.7924,2,2,-1
670,78,17.16,658.24,56.57,98.61,0.8409,2,1,-1
670,96,700.58,490.55,62.91,122.12,0.8299,2,1,-1
670,98,192.51,679.41,67.16,95.37,0.5118,2,1,-1
670,113,65.03,785.14,67.71,197.18,0.6770,2,2,-1
670,123,842.15,574.32,63.28,131.96,0.8859,2,1,-1
670,142,1053.97,604.32,31.34,67.20,0.6264,2,1,-1
671,6,36.88,616.17,42.05,88.15,0.7809,2,2,-1
671,10,42.06,516.79,23.39,59.55,0.5913,2,2,-1
671,13,427.70,506.66,30.71,134.88,0.8860,2,2,-1
671,15,471.33,642.26,54.56,171.24,0.9277,2,2,-1
671,78,1.66,662.39,52.91,93.45,0.6357,2,1,-1
671,96,691.64,481.50,68.84,131.05,0.8688,2,1,-1
671,113,44.24,795.91,73.56,188.39,0.9246,2,2,-1
671,123,841.18,586.60,59.87,121.30,0.7535,2,1,-1
671,153,1260.43,605.80,38.56,84.97,0.7576,2,-1,-1
672,2,294.59,969.27,22.55,67.64,0.7361,2,2,-1
672,13,417.80,503.62,31.20,137.22,0.8737,2,2,-1
672,15,460.13,644.60,55.91,168.38,0.9234,2,2,-1
672,21,2.90,481.64,35.49,101.97,0.5243,2,1,-1
672,71,6.96,596.71,55.07,107.09,0.7432,2,2,-1
672,113,24.25,792.25,80.74,191.76,0.9184,2,2,-1
672,118,689.33,480.51,96.06,132.22,0.8473,2,-1,-1
672,153,1259.21,597.03,48.39,94.33,0.8538,2,-1,-1
673,2,283.93,970.87,22.31,67.43,0.5931,2,2,-1
673,13,408.05,503.55,30.99,135.96,0.8474,2,2,-1
673,15,449.94,644.88,55.39,168.05,0.9283,2,2,-1
673,96,683.92,479.29,67.61,131.19,0.8182,2,1,-1
673,113,5.62,796.82,88.00,190.42,0.9128,2,2,-1
673,135,222.03,673.78,40.81,80.53,0.8102,2,2,-1
673,142,1049.90,612.97,26.30,58.20,0.6343,2,1,-1
673,153,1266.06,554.40,59.61,114.16,0.7936,2,-1,-1
674,2,272.86,973.95,21.54,64.47,0.5261,2,2,-1
674,6,-2.25,610.21,32.30,93.45,0.8374,2,2,-1
674,13,397.64,502.63,30.95,136.59,0.8440,2,2,-1
674,15,439.52,644.81,53.89,168.32,0.9263,2,2,-1
674,96,660.88,519.32,39.81,86.97,0.7904,2,1,-1
674,113,-3.54,795.14,85.67,193.51,0.8356,2,2,-1
674,118,678.60,475.14,92.03,133.46,0.6711,2,-1,-1
674,135,221.35,673.17,32.49,40.53,0.8179,2,2,-1
674,142,1040.38,591.71,33.84,78.06,0.5592,2,1,-1
675,2,260.95,974.80,22.30,66.15,0.5006,2,2,-1
675,13,386.44,501.57,31.88,137.39,0.8933,2,2,-1
675,15,427.91,644.47,52.76,168.96,0.9272,2,2,-1
675,85,-1.14,560.65,29.41,75.91,0.8904,2,2,-1
675,96,654.16,517.25,34.67,80.50,0.7952,2,1,-1
675,113,-1.90,804.59,69.20,182.84,0.9165,2,2,-1
675,118,671.14,477.93,85.30,132.45,0.8335,2,-1,-1
675,123,850.91,561.84,61.80,141.84,0.9065,2,1,-1
675,142,1027.51,523.33,50.98,111.75,0.7493,2,1,-1
676,8,0.42,552.82,17.28,84.26,0.7737,3,0,-1
676,13,376.01,500.10,31.45,138.24,0.9141,2,2,-1
676,15,416.88,645.26,50.55,168.36,0.9215,2,2,-1
676,96,645.55,513.73,33.97,85.07,0.7818,2,1,-1
676,112,1031.28,585.76,37.06,86.27,0.8355,2,1,-1
676,113,-3.91,808.43,59.47,179.04,0.8793,2,2,-1
676,118,661.72,474.07,84.70,134.15,0.5143,2,-1,-1
676,123,845.54,551.55,68.45,153.69,0.8993,2,1,-1
677,1,664.09,528.45,53.52,78.30,0.7592,2,1,-1
677,13,365.38,498.49,32.56,138.41,0.9242,2,2,-1
677,14,-0.24,892.36,36.17,97.18,0.8421,2,2,-1
677,15,404.63,658.62,47.94,155.89,0.9130,2,2,-1
677,96,639.69,510.44,29.69,77.13,0.8386,2,-1,-1
677,112,1028.49,570.56,45.78,102.51,0.8046,2,1,-1
677,123,843.72,572.62,69.59,133.54,0.8952,2,1,-1
677,156,1316.30,561.87,28.40,42.63,0.6799,2,-1,-1
677,0,1177.79,568.35,9.96,10.10,1.0,0,-1,-1
678,13,355.10,496.90,33.00,139.30,0.9131,2,2,-1
678,15,390.00,645.64,49.81,169.19,0.8809,2,2,-1
678,96,634.93,507.65,36.13,76.82,0.8565,2,-1,-1
678,112,1024.51,572.09,57.99,104.23,0.9183,2,1,-1
678,123,845.19,573.99,67.00,125.32,0.6559,2,1,-1
678,156,1323.15,560.74,29.50,40.80,0.7256,2,-1,-1
678,157,167.23,685.92,81.44,160.62,0.7210,2,-1,-1
679,13,343.72,496.26,34.08,138.78,0.9013,2,2,-1
679,15,375.89,645.79,49.62,171.00,0.8744,2,2,-1
679,72,247.10,974.74,20.50,67.87,0.6525,2,2,-1
679,96,626.84,504.87,37.21,76.06,0.7236,2,-1,-1
679,112,1020.72,543.30,68.69,133.66,0.9092,2,1,-1
679,156,1304.86,556.83,76.71,149.67,0.9042,2,-1,-1
679,157,185.40,695.46,36.03,69.09,0.7788,2,-1,-1
680,15,361.07,643.82,51.36,172.16,0.8883,2,2,-1
680,112,1021.82,557.50,64.01,120.96,0.9119,2,1,-1
680,121,330.60,502.70,35.97,130.65,0.8945,2,1,-1
680,146,648.98,471.50,49.36,133.82,0.5836,2,-1,-1
680,156,1308.18,556.65,75.10,151.18,0.9085,2,-1,-1
680,157,185.50,697.86,33.68,65.10,0.6486,2,-1,-1
680,0,1308.18,612.45,13.80,15.76,1.0,0,-1,-1
681,13,318.91,493.80,35.97,139.45,0.8963,2,2,-1
681,15,348.63,644.02,51.71,173.40,0.8903,2,2,-1
681,112,1023.57,581.28,53.55,97.21,0.7990,2,1,-1
681,146,646.43,469.46,43.87,134.28,0.8449,2,-1,-1
681,156,1308.37,553.16,79.51,154.54,0.9178,2,-1,-1
681,159,206.24,666.95,41.48,54.04,0.5768,2,-1,-1
682,13,305.59,493.30,38.21,140.44,0.9252,2,2,-1
682,15,336.98,654.76,50.10,162.65,0.8860,2,2,-1
682,112,1033.86,529.39,33.94,63.44,0.5798,2,1,-1
682,146,637.91,469.37,47.66,134.41,0.9073,2,-1,-1
682,156,1314.03,556.98,87.04,154.03,0.8370,2,-1,-1
682,159,202.16,671.86,45.76,59.91,0.5385,2,-1,-1
682,0,1315.74,614.54,14.24,14.60,1.0,0,-1,-1
683,2,163.68,982.12,23.79,68.44,0.6535,2,2,-1
683,13,293.31,493.09,39.93,140.92,0.9331,2,2,-1
683,15,326.04,646.27,50.18,170.76,0.8748,2,2,-1
683,123,863.03,607.66,50.24,104.00,0.7216,2,1,-1
683,146,628.19,467.31,54.31,136.24,0.8937,2,2,-1
683,156,1320.44,562.44,91.84,156.32,0.7329,2,-1,-1
683,159,205.48,674.29,40.83,51.32,0.8936,2,-1,-1
684,13,282.30,492.38,41.00,140.95,0.9225,2,2,-1
684,15,318.41,643.56,48.05,173.18,0.8651,2,2,-1
684,112,1029.82,521.96,33.06,59.02,0.6454,2,1,-1
684,118,575.93,494.94,46.08,101.52,0.8454,2,-1,-1
684,123,862.09,619.79,47.48,92.20,0.8858,2,1,-1
684,146,618.25,469.30,61.64,132.80,0.9127,2,2,-1
684,156,1318.23,566.51,88.36,149.93,0.7077,2,-1,-1
684,159,206.98,673.32,41.15,55.12,0.8626,2,-1,-1
685,13,271.10,491.46,42.76,141.89,0.9171,2,2,-1
685,15,304.01,643.32,49.51,172.47,0.8568,2,2,-1
685,112,1030.43,517.56,30.21,53.65,0.5878,2,1,-1
685,123,853.47,565.54,64.37,150.28,0.8926,2,1,-1
685,146,610.58,468.41,65.24,133.09,0.8842,2,2,-1
685,156,1356.62,568.79,41.68,63.77,0.7055,2,-1,-1
685,159,190.83,670.86,60.40,97.15,0.9174,2,1,-1
686,13,259.44,489.71,44.41,142.47,0.9109,2,2,-1
686,75,286.65,645.49,55.43,103.22,0.8692,2,2,-1
686,106,213.80,667.51,36.49,53.77,0.8808,2,2,-1
686,123,859.70,583.05,58.15,129.63,0.7901,2,1,-1
686,146,602.07,470.33,66.11,130.02,0.9261,2,2,-1
686,156,1364.45,569.01,37.70,51.53,0.7759,2,-1,-1
687,13,247.88,488.68,44.60,144.29,0.8826,2,2,-1
687,75,272.46,645.86,56.66,97.14,0.8528,2,2,-1
687,106,215.01,665.79,38.32,58.65,0.7999,2,2,-1
687,112,1023.93,513.53,31.21,53.46,0.5998,2,1,-1
687,123,856.03,603.00,66.28,104.07,0.8859,2,1,-1
687,146,592.15,469.30,74.49,132.69,0.9306,2,2,-1
687,156,1367.79,566.98,41.12,56.82,0.6205,2,-1,-1
688,13,237.68,487.87,45.46,144.89,0.8650,2,2,-1
688,15,263.40,642.72,56.36,173.26,0.8695,2,2,-1
688,106,217.44,665.73,37.72,58.66,0.7907,2,2,-1
688,145,997.84,542.31,70.57,135.31,0.7373,2,1,-1
688,146,587.97,466.68,71.90,135.73,0.9165,2,2,-1
688,156,1339.90,575.96,79.36,143.95,0.8353,2,-1,-1
689,13,224.64,487.33,48.14,145.61,0.9061,2,2,-1
689,15,250.53,642.75,58.85,175.06,0.8971,2,2,-1
689,72,129.11,979.21,21.03,68.10,0.6549,2,2,-1
689,106,219.45,668.14,35.32,53.17,0.8121,2,2,-1
689,112,1019.76,514.16,29.48,50.34,0.6997,2,1,-1
689,145,994.32,561.11,64.61,122.03,0.8464,2,1,-1
689,156,1373.01,569.46,62.41,101.87,0.6120,2,-1,-1
690,13,212.47,487.12,48.75,145.61,0.9138,2,2,-1
690,15,239.90,643.09,58.49,175.62,0.7885,2,2,-1
690,112,1010.14,517.53,35.66,58.27,0.6575,2,1,-1
690,156,1379.62,567.74,62.27,91.48,0.7014,2,-1,-1
690,159,198.53,673.14,57.86,96.01,0.6623,2,1,-1
691,13,199.45,487.81,51.02,144.92,0.9225,2,2,-1
691,72,105.39,979.17,21.19,68.68,0.5329,2,2,-1
691,112,1008.62,521.56,38.21,59.06,0.6156,2,1,-1
691,156,1382.76,570.63,63.15,77.67,0.8362,2,-1,-1
691,165,884.53,577.30,40.25,58.92,0.8149,2,-1,-1
692,13,186.36,487.13,53.08,146.01,0.9246,2,2,-1
692,75,218.64,646.12,50.89,84.44,0.5212,2,2,-1
692,123,865.22,621.90,57.65,95.86,0.8717,2,1,-1
692,142,997.00,523.79,50.24,114.26,0.8109,2,1,-1
692,156,1360.57,574.82,80.68,80.40,0.8445,2,-1,-1
692,165,895.44,561.07,39.65,52.43,0.7211,2,-1,-1
693,13,172.13,486.97,56.04,145.84,0.9221,2,2,-1
693,75,209.90,645.58,55.86,97.14,0.6679,2,2,-1
693,123,851.98,573.63,77.71,145.32,0.8346,2,1,-1
693,142,991.77,523.20,51.63,114.03,0.8412,2,1,-1
693,156,1359.79,578.60,82.36,84.33,0.8544,2,-1,-1
694,13,158.09,485.61,57.53,145.82,0.9272,2,2,-1
694,75,206.69,644.92,50.70,95.47,0.7762,2,2,-1
694,123,845.66,566.45,80.70,156.24,0.8093,2,1,-1
694,142,986.43,521.59,52.05,113.33,0.6216,2,1,-1
694,153,992.91,608.37,31.60,76.96,0.7988,2,-1,-1
694,156,1384.98,580.78,49.75,53.52,0.6606,2,-1,-1
695,13,145.95,485.47,58.71,144.56,0.9213,2,2,-1
695,15,184.19,712.41,51.89,148.80,0.5946,2,2,-1
695,75,197.75,644.34,42.82,92.88,0.7741,2,2,-1
695,112,984.85,518.16,44.26,61.21,0.5607,2,1,-1
695,123,844.36,568.99,78.64,149.67,0.8425,2,1,-1
695,153,987.04,627.83,27.23,61.20,0.6848,3,-1,-1
695,156,1393.44,578.44,41.45,49.00,0.7685,2,-1,-1
696,13,129.49,485.55,63.63,144.10,0.9320,2,2,-1
696,75,186.61,645.15,39.23,86.12,0.8423,2,2,-1
696,112,981.96,515.72,48.70,60.55,0.8049,2,1,-1
696,145,849.09,588.54,73.49,129.43,0.6029,2,1,-1
696,153,978.67,604.88,39.00,86.63,0.8024,2,1,-1
696,156,1400.34,573.45,37.08,50.65,0.8228,2,-1,-1
697,13,117.96,485.31,65.47,142.03,0.9342,2,2,-1
697,75,177.53,645.34,43.65,91.96,0.6989,2,2,-1
697,118,432.22,486.09,48.66,105.60,0.6588,2,-1,-1
697,138,542.61,516.04,56.42,83.01,0.5188,2,1,-1
697,153,969.90,551.91,54.73,141.01,0.9070,2,1,-1
697,156,1407.51,574.57,33.37,49.33,0.7991,2,-1,-1
697,170,1383.42,602.92,54.19,133.73,0.5603,2,-1,-1
697,171,225.75,666.94,28.77,47.83,0.7974,2,-1,-1
698,2,-1.55,977.59,23.89,79.84,0.5693,2,2,-1
698,13,105.79,484.62,69.27,144.53,0.9321,2,2,-1
698,121,157.66,643.44,48.71,168.31,0.6078,2,1,-1
698,138,535.62,512.48,63.65,86.49,0.9060,2,1,-1
698,153,967.48,549.20,55.95,144.84,0.9016,2,1,-1
698,156,1414.34,575.48,32.57,49.46,0.7890,2,-1,-1
698,170,1386.91,614.68,61.42,112.78,0.8021,2,-1,-1
698,171,222.64,669.58,43.89,71.35,0.8301,2,-1,-1
699,13,97.99,484.28,68.79,143.42,0.9314,2,2,-1
699,82,490.55,561.48,12.05,23.33,0.5054,1,3,-1
699,113,-2.14,834.01,45.44,150.29,0.5561,2,2,-1
699,121,142.41,640.71,58.52,180.46,0.8851,2,1,-1
699,146,529.46,469.39,67.28,129.75,0.9232,2,2,-1
699,153,971.48,579.14,46.18,115.20,0.7634,2,1,-1
699,156,1422.72,578.11,32.49,49.05,0.8021,2,-1,-1
699,170,1383.04,582.97,86.23,148.94,0.8293,3,-1,-1
699,171,228.39,674.32,39.70,55.75,0.8420,2,-1,-1
700,13,89.06,482.73,71.23,146.14,0.9381,2,2,-1
700,113,-4.60,837.99,47.49,178.34,0.5171,2,2,-1
700,121,132.66,640.47,62.14,177.60,0.9142,2,1,-1
700,142,973.04,524.99,52.87,126.02,0.7983,2,1,-1
700,146,525.35,465.92,69.07,133.22,0.9215,2,2,-1
700,156,1430.53,579.84,33.66,50.18,0.7969,2,-1,-1
700,170,1400.24,625.40,69.40,107.58,0.7336,2,-1,-1
700,171,235.34,676.86,40.43,58.53,0.8497,2,-1,-1
700,174,884.16,650.50,31.07,76.27,0.6746,2,-1,-1
701,13,83.34,481.51,71.69,146.25,0.9291,2,2,-1
701,121,122.43,639.13,67.68,180.01,0.9201,2,1,-1
701,142,974.63,528.07,50.87,123.43,0.7194,2,1,-1
701,146,522.92,471.12,67.82,128.85,0.9205,2,2,-1
701,156,1442.18,580.69,32.01,48.79,0.8481,2,-1,-1
701,170,1405.60,627.11,77.68,117.75,0.7350,2,1,-1
701,171,241.26,678.20,39.61,50.15,0.8984,2,-1,-1
701,174,880.58,616.92,47.29,108.81,0.8913,2,-1,-1
702,13,72.56,480.79,75.13,147.23,0.9349,2,2,-1
702,121,113.21,637.98,70.32,181.08,0.9196,2,-1,-1
702,138,521.82,512.44,62.45,86.36,0.9256,2,1,-1
702,142,977.98,531.06,44.26,105.04,0.5554,2,1,-1
702,156,1449.66,583.44,32.39,47.86,0.8485,2,-1,-1
702,170,1415.45,655.07,61.74,93.96,0.7580,2,1,-1
702,171,246.32,676.15,41.90,53.17,0.8305,2,-1,-1
702,174,880.00,608.32,53.47,122.32,0.7895,2,-1,-1
703,13,68.79,480.58,73.56,146.49,0.9257,2,2,-1
703,96,393.52,538.16,24.17,50.09,0.7674,2,-1,-1
703,112,992.71,527.00,30.98,40.62,0.6117,2,1,-1
703,121,104.09,638.07,73.10,180.58,0.9372,2,2,-1
703,138,521.38,513.50,58.09,84.23,0.9176,2,1,-1
703,153,980.28,575.72,47.43,117.19,0.6439,2,1,-1
703,156,1453.88,586.08,35.18,49.47,0.8138,2,-1,-1
703,170,1428.10,638.07,70.10,111.45,0.5911,2,1,-1
703,171,254.32,672.36,44.50,63.69,0.8311,2,-1,-1
703,174,879.92,590.76,64.17,139.35,0.8588,2,1,-1
704,13,60.68,478.05,74.79,147.95,0.9186,2,2,-1
704,121,96.99,637.89,74.80,181.07,0.9286,2,2,-1
704,138,521.40,515.87,53.28,80.65,0.8261,2,1,-1
704,153,979.95,564.14,50.02,123.94,0.7161,2,1,-1
704,156,1457.45,580.48,39.08,53.29,0.7899,2,-1,-1
704,171,262.53,670.67,38.71,50.38,0.8220,2,-1,-1
704,174,882.91,583.54,71.64,145.57,0.8817,2,1,-1
705,13,56.95,480.07,74.03,144.88,0.9150,2,2,-1
705,121,91.84,635.66,75.22,182.07,0.9237,2,2,-1
705,153,969.62,624.98,26.12,64.76,0.5478,2,1,-1
705,170,1443.92,622.22,70.69,125.50,0.7716,2,1,-1
705,171,270.73,668.80,41.30,54.15,0.8104,2,1,-1
705,174,883.27,575.71,76.29,155.27,0.5637,2,1,-1
705,0,937.98,714.18,22.66,19.45,1.0,0,-1,-1
706,13,51.96,479.58,75.31,147.09,0.9217,2,2,-1
706,96,378.60,540.29,22.68,45.56,0.5699,2,-1,-1
706,121,89.60,636.77,73.91,180.20,0.9383,2,2,-1
706,153,974.17,580.21,44.58,99.13,0.6532,2,1,-1
706,170,1453.54,647.00,64.01,97.92,0.8968,2,1,-1
706,171,283.19,668.17,40.09,55.19,0.8188,2,1,-1
706,174,970.57,527.64,42.50,84.70,0.5119,2,1,-1
707,1,361.26,458.20,73.15,125.48,0.7694,2,1,-1
707,13,48.89,479.66,74.60,144.13,0.9136,2,2,-1
707,46,271.36,671.58,58.41,98.57,0.9026,2,1,-1
707,121,84.65,637.88,73.06,177.08,0.9240,2,2,-1
707,146,533.62,518.76,38.39,76.16,0.7415,2,2,-1
707,153,924.82,567.93,33.86,69.67,0.6322,2,1,-1
708,13,49.17,479.58,70.85,143.70,0.9134,2,2,-1
708,46,296.36,674.33,42.83,78.35,0.8392,2,1,-1
708,118,357.09,457.10,33.58,76.29,0.8061,2,-1,-1
708,121,82.88,640.94,69.89,172.82,0.9265,2,2,-1
708,176,1482.64,583.70,41.46,46.99,0.8057,2,-1,-1
709,13,44.65,480.01,71.38,143.76,0.9200,2,2,-1
709,46,295.96,751.28,53.40,103.65,0.6718,2,1,-1
709,96,361.89,537.64,24.64,47.28,0.5801,2,-1,-1
709,121,73.56,639.15,73.15,174.10,0.9189,2,2,-1
709,171,303.08,676.46,39.11,50.50,0.8529,2,1,-1
709,176,1477.69,589.88,57.65,71.35,0.7994,2,-1,-1
710,13,41.14,479.15,68.34,142.31,0.9029,2,2,-1
710,96,354.91,539.50,24.51,45.07,0.5176,2,-1,-1
710,118,344.22,453.82,34.82,80.98,0.6478,2,-1,-1
710,121,63.47,638.76,75.45,173.21,0.9246,2,2,-1
710,123,904.59,630.76,44.85,98.94,0.8368,2,1,-1
710,142,929.32,565.31,28.45,53.45,0.6965,2,1,-1
710,171,308.60,676.49,39.49,47.70,0.8667,2,1,-1
710,176,1481.45,594.82,53.08,72.37,0.8285,2,-1,-1
710,178,1488.06,663.06,60.54,82.01,0.8612,2,-1,-1
711,13,41.89,479.95,64.44,142.94,0.9243,2,2,-1
711,96,349.95,536.18,32.42,47.94,0.7333,2,-1,-1
711,118,341.01,453.37,35.99,80.02,0.7266,2,-1,-1
711,121,54.13,640.08,76.89,171.95,0.9083,2,2,-1
711,123,899.36,579.53,71.76,152.58,0.9018,2,1,-1
711,171,307.63,674.57,45.36,54.88,0.6634,2,1,-1
711,176,1485.44,604.79,46.15,63.37,0.5631,2,-1,-1
711,178,1495.52,677.12,56.04,73.41,0.8912,2,-1,-1
711,179,1440.89,607.54,58.99,66.84,0.8372,2,-1,-1
712,13,28.90,479.20,69.14,142.42,0.9175,2,2,-1
712,96,340.53,533.89,33.25,49.61,0.7456,2,-1,-1
712,123,902.67,593.81,69.15,135.67,0.7978,2,1,-1
712,159,43.37,688.10,79.53,121.38,0.8884,2,1,-1
712,171,315.42,669.82,42.65,48.10,0.8529,2,1,-1
712,176,1487.54,615.28,42.88,58.93,0.7189,2,-1,-1
712,178,1499.48,687.25,53.84,66.42,0.8737,2,-1,-1
712,179,1447.46,625.55,50.79,58.37,0.7626,2,-1,-1
713,13,29.87,479.68,65.95,141.31,0.9146,2,2,-1
713,118,325.65,449.97,36.99,88.14,0.6895,2,-1,-1
713,121,34.13,632.37,80.22,176.64,0.9035,2,2,-1
713,123,906.16,599.86,69.94,125.28,0.8298,2,1,-1
713,171,322.28,666.73,42.95,47.80,0.8123,2,1,-1
713,174,966.89,529.65,52.11,106.76,0.7796,2,1,-1
713,176,1494.88,624.92,39.32,55.72,0.7830,2,1,-1
713,178,1490.76,682.52,66.03,72.53,0.9006,2,1,-1
713,179,1454.37,633.85,49.08,57.11,0.6066,2,-1,-1
713,181,499.24,466.76,78.93,127.97,0.9327,2,-1,-1
714,13,31.06,480.65,62.33,140.07,0.9241,2,2,-1
714,96,326.85,531.60,29.46,50.07,0.7680,2,-1,-1
714,106,28.89,636.66,57.74,93.86,0.8623,2,2,-1
714,157,40.61,707.65,64.30,98.82,0.8477,2,1,-1
714,170,1463.25,653.24,41.65,58.78,0.8269,2,1,-1
714,174,980.68,527.68,35.45,57.48,0.7532,2,1,-1
714,176,1494.01,632.40,44.37,55.39,0.8834,2,1,-1
714,178,1483.41,685.99,74.78,69.43,0.9266,2,1,-1
714,181,495.77,464.43,78.86,130.06,0.9364,2,-1,-1
715,13,19.81,479.96,68.84,140.72,0.9313,2,2,-1
715,121,23.46,632.16,75.74,173.54,0.8863,2,2,-1
715,165,726.72,539.26,40.32,56.80,0.5626,2,-1,-1
715,174,952.10,563.94,25.55,40.77,0.5307,2,1,-1
715,176,1501.57,644.70,43.37,44.64,0.8703,2,1,-1
715,178,1480.86,686.43,76.41,70.18,0.8796,2,1,-1
715,181,493.54,461.92,78.05,131.37,0.7575,2,-1,-1
715,183,297.18,683.84,84.76,171.84,0.9105,2,-1,-1
716,13,20.45,480.63,68.20,139.78,0.9295,2,2,-1
716,121,21.47,632.25,71.14,171.50,0.9048,2,2,-1
716,174,950.53,560.18,25.27,40.53,0.5704,2,1,-1
716,176,1507.36,651.40,48.58,45.04,0.8457,2,1,-1
716,183,308.21,693.13,83.39,164.31,0.7358,2,-1,-1
717,13,22.07,481.20,66.34,138.35,0.9254,2,2,-1
717,121,22.15,632.68,65.00,169.86,0.9034,2,2,-1
717,174,948.43,559.67,20.66,33.84,0.6875,2,1,-1
717,176,1469.37,666.04,90.77,88.65,0.8074,2,1,-1
718,13,31.23,481.10,58.27,138.10,0.9254,2,2,-1
718,121,23.29,632.47,59.45,169.54,0.8997,2,2,-1
718,176,1470.83,674.52,78.90,78.59,0.5201,2,1,-1
719,13,39.99,482.14,49.47,137.30,0.9221,2,2,-1
719,112,940.32,560.45,20.02,26.36,0.7294,2,1,-1
719,121,25.37,632.57,55.85,170.51,0.9103,2,2,-1
719,123,943.52,620.21,53.50,113.21,0.8339,2,1,-1
719,176,1466.52,708.37,27.71,31.89,0.7045,1,1,-1
720,13,38.18,482.40,49.10,137.30,0.9223,2,2,-1
720,112,936.68,560.26,20.14,27.11,0.6824,2,1,-1
720,121,27.28,632.81,53.58,167.79,0.9135,2,2,-1
720,123,948.36,619.61,57.29,115.18,0.8703,2,1,-1
720,165,710.71,534.25,39.54,58.16,0.6009,2,-1,-1
720,176,1511.35,688.06,58.64,75.17,0.8469,2,1,-1
721,13,26.61,482.53,58.47,136.28,0.9121,2,2,-1
721,121,28.07,632.57,53.35,167.90,0.9163,2,2,-1
721,123,952.21,617.00,61.04,116.12,0.8050,2,1,-1
721,176,1509.81,676.26,68.68,87.57,0.7806,2,1,-1
721,189,1002.29,537.87,25.98,39.42,0.7263,2,-1,-1
721,190,397.41,667.13,44.78,60.02,0.6628,2,-1,-1
722,13,40.41,483.46,50.72,134.70,0.8960,2,2,-1
722,121,26.59,631.15,56.82,168.81,0.9157,2,2,-1
722,123,959.48,618.59,69.12,112.79,0.8846,2,1,-1
722,176,1536.66,689.62,54.73,79.73,0.8015,2,1,-1
722,183,381.19,731.28,63.95,118.03,0.5379,2,-1,-1
722,189,1004.45,535.68,30.57,48.10,0.5932,2,-1,-1
722,190,400.11,666.45,61.59,90.35,0.8294,2,-1,-1
722,0,1010.84,718.43,24.53,17.17,1.0,0,-1,-1
723,13,26.86,484.24,60.78,133.85,0.9227,2,2,-1
723,46,378.46,669.88,93.36,173.36,0.9047,2,1,-1
723,121,26.09,630.80,58.90,168.72,0.8916,2,2,-1
723,123,965.29,620.30,72.01,113.88,0.8359,2,1,-1
723,138,534.97,525.06,46.61,66.98,0.5897,2,1,-1
723,174,927.04,558.82,17.79,27.44,0.5740,2,1,-1
723,176,1572.94,696.55,44.03,59.83,0.7326,2,1,-1
723,189,997.57,534.60,40.87,68.33,0.7420,2,-1,-1
724,13,26.65,484.44,63.50,132.78,0.9239,2,2,-1
724,15,29.15,644.52,57.77,154.91,0.8930,2,2,-1
724,142,924.08,559.07,19.36,33.81,0.6606,2,1,-1
724,176,1572.68,702.15,46.14,62.28,0.8520,2,1,-1
724,181,532.97,495.39,57.69,98.00,0.9093,2,2,-1
724,189,1014.17,532.04,27.14,47.42,0.7310,2,-1,-1
724,190,425.52,666.60,56.81,89.18,0.8753,2,-1,-1
724,191,1526.29,644.93,52.28,89.99,0.5042,2,-1,-1
725,13,28.60,483.76,65.08,133.16,0.9412,2,2,-1
725,121,31.55,632.64,57.84,166.24,0.8979,2,2,-1
725,145,534.12,476.16,57.98,116.91,0.9206,2,1,-1
725,176,1572.20,708.55,42.56,63.75,0.8756,2,1,-1
725,189,1016.94,532.90,28.82,50.94,0.5463,2,-1,-1
725,190,437.41,672.71,56.45,89.99,0.7199,2,1,-1
725,191,1537.02,640.91,38.40,62.56,0.6825,2,-1,-1
726,13,31.13,483.79,64.95,131.86,0.9370,2,2,-1
726,121,32.98,629.38,58.46,169.96,0.9038,2,2,-1
726,145,535.87,475.71,56.60,118.43,0.9145,2,1,-1
726,176,1572.55,712.19,40.00,60.69,0.8794,2,1,-1
726,189,1008.67,535.80,42.91,80.68,0.6928,2,-1,-1
726,190,449.53,703.23,49.65,81.71,0.7146,2,1,-1
726,191,1523.52,630.17,18.42,29.41,0.5187,2,-1,-1
727,13,31.53,483.81,65.00,131.00,0.9295,2,2,-1
727,98,-0.10,661.58,28.92,45.39,0.5584,2,1,-1
727,121,36.01,629.77,56.02,165.35,0.8870,2,2,-1
727,123,1007.15,632.29,57.89,100.21,0.8694,2,1,-1
727,176,1572.52,722.62,36.22,50.15,0.8722,2,1,-1
727,181,537.07,490.36,59.11,104.80,0.6375,2,2,-1
727,189,1017.27,538.16,32.15,56.26,0.6924,2,-1,-1
727,190,461.16,709.12,43.24,72.81,0.5794,2,1,-1
728,13,32.12,485.74,65.72,129.29,0.9204,2,2,-1
728,121,39.57,631.58,52.27,157.21,0.9048,2,2,-1
728,123,1000.70,609.72,47.26,78.73,0.6305,2,1,-1
728,174,914.17,557.09,18.11,26.93,0.5113,2,1,-1
728,176,1569.39,717.00,40.38,55.28,0.5835,2,1,-1
728,189,1016.10,540.87,40.49,72.86,0.7007,3,0,-1
728,190,490.66,674.24,30.28,46.74,0.6496,2,1,-1
729,13,34.13,485.51,66.38,129.28,0.9206,2,2,-1
729,46,470.27,681.05,80.73,159.78,0.6698,2,1,-1
729,123,999.24,585.77,79.03,146.66,0.8340,2,1,-1
729,176,1556.00,668.10,52.28,73.88,0.5331,2,1,-1
729,189,1032.77,542.61,25.82,45.72,0.6917,3,0,-1
730,13,37.97,485.74,65.52,127.89,0.9245,2,2,-1
730,46,478.21,672.57,77.79,163.27,0.6326,2,1,-1
730,75,36.13,631.93,50.56,96.03,0.8356,2,2,-1
730,189,1027.81,543.39,38.04,71.22,0.6061,3,0,-1
730,0,1062.68,712.26,24.75,20.46,1.0,0,-1,-1
731,13,40.19,486.38,65.80,127.73,0.9346,2,2,-1
731,113,-3.48,803.67,20.01,119.53,0.5238,2,2,-1
731,121,34.90,631.94,47.05,148.50,0.7013,2,2,-1
731,183,490.38,708.37,76.14,131.21,0.7190,2,1,-1
731,189,1036.39,542.56,28.75,49.61,0.6610,3,0,-1
731,0,1479.76,721.71,12.62,12.28,1.0,0,-1,-1
732,13,47.02,487.31,62.93,125.27,0.8964,2,2,-1
732,15,38.70,631.71,52.09,151.47,0.8495,2,2,-1
732,46,494.61,670.33,82.66,167.06,0.8980,2,1,-1
732,113,0.04,807.67,19.09,116.43,0.7330,2,2,-1
732,189,1026.25,541.27,51.93,93.88,0.6191,3,0,-1
732,0,1477.12,720.93,11.61,11.48,1.0,0,-1,-1
733,13,51.62,487.17,61.76,125.08,0.8731,2,2,-1
733,15,39.90,630.36,46.96,157.12,0.9169,2,2,-1
733,46,503.93,680.81,82.25,156.58,0.9035,2,1,-1
733,72,-0.44,918.57,16.98,65.97,0.6449,2,2,-1
733,113,0.49,807.42,20.97,116.95,0.8157,2,2,-1
733,157,112.03,664.11,42.34,84.64,0.6430,2,1,-1
733,176,1547.73,679.66,57.85,85.86,0.7507,2,1,-1
733,189,1029.39,538.34,51.16,91.29,0.7471,3,0,-1
734,13,51.98,487.24,63.27,124.44,0.8670,2,2,-1
734,15,40.39,630.19,46.03,155.18,0.9221,2,2,-1
734,46,513.28,679.92,84.36,160.33,0.6894,2,1,-1
734,72,1.15,917.96,18.62,64.74,0.6853,2,2,-1
734,113,0.73,794.01,24.43,129.17,0.8184,2,2,-1
734,176,1559.57,659.12,66.70,102.26,0.8295,2,1,-1
734,189,1032.64,538.74,51.96,94.23,0.8463,3,0,-1
735,2,-3.69,789.14,37.81,178.64,0.5155,2,2,-1
735,13,52.75,488.25,65.92,123.76,0.9047,2,2,-1
735,15,42.13,630.84,46.23,153.49,0.9233,2,2,-1
735,46,571.38,670.06,32.22,58.01,0.5992,2,1,-1
735,123,1030.88,585.86,52.18,105.92,0.7524,2,1,-1
735,159,143.21,661.05,53.70,81.90,0.6353,2,1,-1
735,176,1554.00,705.68,33.55,57.88,0.7179,2,1,-1
736,14,86.16,486.85,36.37,123.78,0.8806,2,2,-1
736,15,44.42,630.35,46.77,151.56,0.9362,2,2,-1
736,46,589.16,671.27,27.70,44.12,0.8202,2,1,-1
736,113,3.04,788.83,28.96,129.25,0.7799,2,2,-1
736,123,1080.09,586.88,29.49,53.92,0.5413,2,1,-1
736,159,129.86,700.01,76.37,126.99,0.8377,2,1,-1
736,176,1564.16,676.54,30.61,45.34,0.7625,2,1,-1
736,189,1040.77,543.55,50.41,92.00,0.8245,3,0,-1
736,197,1587.68,678.63,60.87,93.15,0.9315,2,-1,-1
736,198,1035.68,620.50,54.05,73.01,0.8404,2,-1,-1
737,1,142.99,653.65,84.53,169.71,0.9114,2,1,-1
737,2,0.47,781.74,39.04,159.14,0.8273,2,2,-1
737,14,89.50,488.59,36.35,120.44,0.9036,2,2,-1
737,15,46.50,630.72,48.11,152.03,0.9355,2,2,-1
737,146,599.65,670.92,30.28,44.23,0.8146,2,2,-1
737,189,1038.01,579.94,55.08,111.54,0.8234,3,0,-1
737,197,1584.97,678.34,59.70,91.67,0.9180,2,-1,-1
737,198,1068.22,631.64,59.34,102.31,0.8699,2,-1,-1
738,14,92.97,490.04,35.65,118.77,0.8981,2,2,-1
738,15,46.16,630.86,50.73,151.78,0.9317,2,2,-1
738,113,2.00,780.73,39.59,134.11,0.8687,2,2,-1
738,123,1100.62,583.79,25.14,42.67,0.5082,2,1,-1
738,146,592.68,669.66,53.52,83.16,0.7653,2,2,-1
738,189,1053.04,590.35,34.84,69.20,0.5124,3,0,-1
738,197,1580.40,679.66,57.42,88.92,0.9193,2,-1,-1
738,198,1075.90,630.12,59.42,104.66,0.8984,2,-1,-1
739,13,67.72,489.67,64.35,118.66,0.8691,2,2,-1
739,15,44.37,630.21,55.42,151.21,0.9291,2,2,-1
739,113,1.81,778.67,43.65,133.28,0.8626,2,2,-1
739,146,607.12,685.68,44.11,65.55,0.7694,2,2,-1
739,197,1574.69,674.19,57.41,93.36,0.9153,2,-1,-1
739,198,1082.46,625.54,65.44,108.20,0.8969,2,1,-1
740,14,99.40,488.26,34.78,121.03,0.8904,2,2,-1
740,15,41.72,631.72,61.07,149.63,0.9422,2,2,-1
740,146,616.11,668.22,51.59,78.73,0.8158,2,2,-1
740,183,591.22,724.60,67.94,107.09,0.6146,2,1,-1
740,197,1561.69,614.41,70.02,152.23,0.9082,2,-1,-1
740,198,1085.03,603.88,75.64,131.00,0.8599,2,1,-1
740,199,1056.62,550.60,39.67,47.18,0.6410,2,-1,-1
740,0,1440.37,712.72,11.22,10.27,1.0,0,-1,-1
741,14,101.71,491.60,34.13,116.57,0.8441,2,2,-1
741,15,40.31,630.13,64.96,150.10,0.9373,2,2,-1
741,183,591.42,666.29,88.52,161.81,0.9127,2,1,-1
741,197,1563.26,692.72,31.26,68.08,0.7307,2,-1,-1
742,14,105.11,492.59,33.63,115.46,0.7423,2,2,-1
742,15,45.38,632.04,63.72,147.76,0.9380,2,2,-1
742,113,8.10,776.00,44.60,131.16,0.5896,2,2,-1
742,174,895.76,555.83,18.72,29.19,0.6824,2,1,-1
742,183,605.50,713.06,79.66,109.76,0.8846,2,1,-1
742,197,1566.52,685.17,28.98,65.05,0.7081,2,-1,-1
742,199,1065.52,549.06,37.68,47.52,0.6381,2,-1,-1
743,14,109.82,490.06,32.90,118.41,0.8648,2,2,-1
743,15,48.62,631.98,63.45,144.72,0.9290,2,2,-1
743,153,671.76,663.64,25.73,44.17,0.7778,2,1,-1
743,183,617.88,725.17,75.47,95.62,0.7379,2,1,-1
743,199,1074.20,547.55,32.21,48.19,0.8310,2,-1,-1
743,202,1571.70,619.72,41.73,116.94,0.8349,2,-1,-1
744,2,14.59,774.14,47.89,189.26,0.7251,2,2,-1
744,14,114.25,490.79,31.76,116.54,0.8764,2,2,-1
744,15,59.99,632.63,56.58,142.78,0.9413,2,2,-1
744,153,661.99,669.49,47.61,80.77,0.8786,2,1,-1
744,156,1131.49,626.14,41.83,68.45,0.6779,2,-1,-1
744,202,1573.11,637.80,32.35,82.47,0.5076,2,-1,-1
744,203,1060.00,555.20,56.88,140.02,0.8364,2,-1,-1
745,2,17.01,773.30,49.03,190.70,0.7102,2,2,-1
745,14,117.11,493.08,32.01,114.03,0.7812,2,2,-1
745,15,63.05,631.94,56.92,142.57,0.9340,2,2,-1
745,138,587.28,540.89,35.63,57.73,0.8370,2,1,-1
745,153,676.93,671.04,42.72,72.07,0.6864,2,1,-1
745,156,1131.13,643.44,52.10,89.29,0.8709,2,-1,-1
745,202,1565.67,616.47,35.53,81.88,0.6832,2,-1,-1
745,203,1060.46,545.97,60.54,149.06,0.6819,3,-1,-1
745,204,291.54,665.48,77.64,151.46,0.9452,2,-1,-1
745,0,568.50,583.16,17.67,17.75,1.0,0,-1,-1
746,2,22.54,771.08,48.29,187.60,0.8455,2,2,-1
746,14,121.64,492.94,31.96,114.05,0.5808,2,2,-1
746,15,63.08,630.66,58.66,143.48,0.9345,2,2,-1
746,153,698.90,668.56,32.07,54.91,0.6645,2,1,-1
746,156,1130.82,650.74,49.41,83.86,0.6987,2,-1,-1
746,176,1571.18,647.80,22.58,38.29,0.5254,2,1,-1
746,181,575.77,513.39,48.83,85.87,0.8679,2,2,-1
746,189,1064.08,589.45,56.66,104.84,0.6294,3,0,-1
746,199,1085.03,548.99,28.60,46.18,0.7542,2,-1,-1
746,204,299.45,647.08,86.93,163.26,0.9269,2,-1,-1
747,2,25.84,771.34,47.36,187.09,0.8518,2,2,-1
747,14,123.39,492.44,32.82,114.33,0.8859,2,2,-1
747,15,63.53,630.91,58.82,141.61,0.9391,2,2,-1
747,153,710.69,664.57,26.32,39.80,0.7795,2,1,-1
747,198,1130.94,617.04,66.47,118.75,0.9196,2,1,-1
747,203,1063.30,553.31,60.78,142.15,0.8571,2,-1,-1
747,204,309.92,645.31,91.97,162.67,0.9308,2,-1,-1
747,205,683.45,676.44,62.92,145.30,0.8178,2,-1,-1
747,206,1161.81,589.20,26.05,39.72,0.7056,2,-1,-1
748,2,28.43,771.32,46.46,185.96,0.7969,2,2,-1
748,14,126.28,493.28,32.94,112.92,0.8437,2,2,-1
748,15,63.20,629.11,60.71,141.93,0.9421,2,2,-1
748,123,1087.25,553.76,30.95,51.75,0.7295,2,1,-1
748,153,714.94,662.18,34.11,52.01,0.6422,2,1,-1
748,171,326.39,676.07,96.01,128.06,0.9046,2,1,-1
748,189,1066.36,599.58,56.18,95.03,0.8634,3,0,-1
748,198,1133.36,612.93,71.94,120.72,0.9069,2,1,-1
748,205,692.62,720.49,48.28,101.59,0.7426,2,-1,-1
748,206,1169.38,589.18,24.35,38.36,0.6978,2,-1,-1
748,0,555.80,585.25,16.82,16.05,1.0,0,-1,-1
749,2,32.62,771.51,45.70,185.12,0.7181,2,2,-1
749,15,63.59,629.10,61.34,140.86,0.9357,2,2,-1
749,123,1087.42,552.54,29.68,49.04,0.7537,2,1,-1
749,145,571.12,490.48,53.80,109.10,0.7971,2,1,-1
749,171,380.54,657.79,41.51,55.12,0.5070,2,1,-1
749,189,1069.51,598.36,54.87,95.07,0.8070,3,0,-1
749,198,1140.85,616.03,71.24,115.75,0.8570,2,1,-1
749,205,691.92,654.28,73.44,164.04,0.8888,2,-1,-1
749,206,1176.83,590.57,23.00,36.97,0.8079,2,-1,-1
749,0,552.73,585.37,16.13,16.25,1.0,0,-1,-1
750,2,37.06,766.67,45.02,186.67,0.7548,2,2,-1
750,13,114.25,493.84,54.18,112.61,0.7628,2,2,-1
750,15,64.60,628.60,62.39,140.48,0.9379,2,2,-1
750,123,1088.15,552.55,29.45,48.03,0.7725,2,1,-1
750,189,1078.59,628.50,40.45,64.63,0.8236,3,0,-1
750,198,1143.07,622.06,72.26,114.87,0.7690,2,1,-1
750,205,697.12,651.38,75.30,165.83,0.9034,2,1,-1
750,206,1184.08,592.44,21.76,35.07,0.5431,2,-1,-1
750,207,1602.18,631.68,24.12,53.07,0.8620,2,-1,-1
750,0,549.53,585.21,16.44,16.26,1.0,0,-1,-1
