1,0,422.49,466.63,10.54,11.36,1.0,0,-1,-1
2,0,422.16,466.36,10.81,11.35,1.0,0,-1,-1
3,1,1045.74,659.49,39.57,121.37,0.9308,2,-1,-1
3,2,940.23,886.90,93.42,159.47,0.9386,2,-1,-1
3,3,1340.69,548.91,28.93,97.44,0.9219,2,-1,-1
3,4,726.18,542.87,32.02,96.57,0.9189,2,-1,-1
3,5,1451.66,565.25,37.84,107.49,0.9057,2,-1,-1
3,6,1502.96,388.27,25.20,55.87,0.9109,2,-1,-1
3,7,1074.94,344.34,20.20,52.65,0.8886,2,-1,-1
3,8,274.15,417.25,20.45,51.79,0.8051,1,-1,-1
3,9,1387.38,333.25,24.63,43.46,0.8942,3,-1,-1
3,0,422.17,465.85,11.13,11.62,1.0,0,-1,-1
4,1,1046.80,662.13,40.71,121.04,0.9310,2,-1,-1
4,2,946.00,888.29,88.56,157.63,0.9405,2,-1,-1
4,3,1339.69,549.07,30.35,97.90,0.9239,2,-1,-1
4,4,726.32,542.85,32.02,96.41,0.9183,2,-1,-1
4,5,1455.79,565.45,34.14,107.45,0.9213,2,-1,-1
4,6,1504.78,388.04,24.06,57.31,0.9112,2,-1,-1
4,7,1077.03,344.71,20.82,53.27,0.8920,2,-1,-1
4,8,273.21,409.08,22.62,60.45,0.8170,1,-1,-1
4,9,1389.85,333.75,24.37,43.11,0.8296,3,-1,-1
4,0,422.53,466.16,10.42,11.35,1.0,0,-1,-1
5,1,1047.26,663.74,40.85,118.98,0.9345,2,-1,-1
5,2,952.01,884.95,84.92,163.71,0.9316,2,-1,-1
5,3,1338.68,549.48,31.24,97.74,0.9288,2,-1,-1
5,4,726.17,542.83,31.55,96.22,0.9141,2,-1,-1
5,5,1459.32,566.01,32.38,106.52,0.9243,2,-1,-1
5,6,1507.53,388.00,22.80,57.66,0.9094,2,-1,-1
5,7,1078.36,344.19,21.54,55.43,0.8906,2,-1,-1
5,8,273.68,414.42,20.73,55.10,0.7806,1,-1,-1
5,9,1391.68,334.48,23.66,42.23,0.6965,3,-1,-1
5,0,421.95,466.12,11.04,11.55,1.0,0,-1,-1
6,1,1048.30,663.58,40.89,118.68,0.9328,2,-1,-1
6,2,963.30,886.41,76.90,162.30,0.9347,2,-1,-1
6,3,1337.57,549.85,32.51,97.37,0.9285,2,-1,-1
6,4,726.63,543.07,31.51,95.63,0.9168,2,-1,-1
6,5,1462.43,566.36,32.60,106.49,0.9205,2,-1,-1
6,6,1508.98,387.95,22.51,58.22,0.9089,2,-1,-1
6,7,1080.15,344.80,21.02,55.34,0.8838,2,-1,-1
6,8,273.10,409.46,21.49,59.80,0.8232,1,-1,-1
6,9,1393.17,333.55,23.28,43.40,0.8783,3,-1,-1
6,0,422.41,466.09,10.76,11.92,1.0,0,-1,-1
7,1,1048.11,660.55,39.69,121.38,0.9349,2,-1,-1
7,2,974.59,888.74,69.18,160.04,0.9253,2,-1,-1
7,3,1336.05,549.89,35.62,97.95,0.9328,2,-1,-1
7,4,726.66,543.41,32.00,94.56,0.9152,2,-1,-1
7,5,1463.16,566.78,36.18,107.84,0.9314,2,-1,-1
7,6,1511.31,388.12,22.39,58.49,0.9111,2,-1,-1
7,7,1083.71,347.76,19.60,52.88,0.8834,2,-1,-1
7,8,274.88,417.41,18.92,51.73,0.8383,1,-1,-1
7,9,1394.91,332.55,23.10,44.63,0.8826,3,-1,-1
7,0,422.43,466.06,10.76,11.75,1.0,0,-1,-1
8,1,1046.63,656.75,40.33,125.05,0.9303,2,-1,-1
8,2,986.57,882.88,61.70,166.43,0.9281,2,-1,-1
8,3,1332.68,550.55,39.12,97.22,0.9347,2,-1,-1
8,4,725.90,544.13,33.55,94.42,0.9194,2,-1,-1
8,5,1464.08,567.88,41.37,108.49,0.9322,2,-1,-1
8,6,1512.85,389.54,21.70,57.67,0.9167,2,-1,-1
8,7,1086.43,349.37,17.83,51.54,0.8889,2,-1,-1
8,8,274.29,416.01,19.42,53.07,0.8295,1,-1,-1
8,9,1396.27,333.24,22.52,43.47,0.8610,3,-1,-1
8,0,422.40,466.00,10.86,11.95,1.0,0,-1,-1
9,1,1044.01,653.80,41.38,127.11,0.9291,2,-1,-1
9,2,1007.42,885.41,44.49,117.28,0.7365,2,-1,-1
9,3,1328.68,550.87,42.80,97.47,0.9342,2,-1,-1
9,4,726.05,544.16,33.83,89.94,0.9171,2,-1,-1
9,5,1465.16,569.24,47.03,107.90,0.9347,2,-1,-1
9,6,1513.73,390.53,21.72,57.16,0.9164,2,-1,-1
9,7,1088.57,349.80,17.43,51.39,0.8779,2,-1,-1
9,8,273.29,411.92,20.51,56.87,0.8333,1,-1,-1
9,9,1398.91,331.72,21.76,44.03,0.8618,3,-1,-1
9,0,422.54,466.20,10.62,11.59,1.0,0,-1,-1
10,1,1041.99,651.32,43.25,128.39,0.9279,2,-1,-1
10,2,1012.29,884.99,45.49,111.33,0.8906,2,-1,-1
10,3,1326.22,550.99,45.20,96.91,0.9327,2,-1,-1
10,4,726.67,543.50,35.67,89.03,0.9180,2,-1,-1
10,5,1464.94,569.79,50.33,109.05,0.9339,2,-1,-1
10,6,1514.86,391.63,21.51,55.93,0.9134,2,-1,-1
10,7,1091.06,350.17,18.18,50.80,0.8903,2,-1,-1
10,8,272.64,408.38,21.11,59.98,0.8394,1,-1,-1
10,9,1402.45,330.76,20.04,44.65,0.8651,3,-1,-1
10,0,422.41,465.93,10.73,12.34,1.0,0,-1,-1
11,1,1040.25,650.08,44.11,127.72,0.9315,2,2,-1
11,2,1008.24,883.55,57.85,163.37,0.8901,2,1,-1
11,3,1323.70,551.53,45.96,96.45,0.9330,2,2,-1
11,4,726.65,542.13,35.97,89.27,0.9262,2,1,-1
11,5,1464.94,570.79,49.54,108.37,0.9339,2,1,-1
11,6,1515.95,391.85,22.08,56.38,0.9087,2,2,-1
11,7,1092.25,349.13,19.19,51.93,0.8950,2,1,-1
11,8,272.56,411.61,20.57,56.74,0.8374,1,-1,-1
11,0,422.66,465.79,10.42,12.23,1.0,0,-1,-1
12,1,1039.09,649.70,46.13,126.61,0.9308,2,2,-1
12,2,1011.71,883.05,64.03,165.37,0.9421,2,1,-1
12,3,1319.90,552.18,49.78,96.04,0.9308,2,2,-1
12,4,725.20,539.97,37.46,91.12,0.9251,2,1,-1
12,5,1466.21,571.15,49.43,109.74,0.9346,2,1,-1
12,6,1516.50,391.88,23.84,56.23,0.9131,2,2,-1
12,7,1093.28,349.25,20.81,52.21,0.9049,2,1,-1
12,8,270.58,405.65,22.34,62.42,0.8656,1,-1,-1
12,0,422.68,465.70,10.44,12.24,1.0,0,-1,-1
13,1,1036.87,651.03,49.29,125.12,0.9309,2,2,-1
13,2,1012.84,883.16,77.30,165.69,0.9523,2,1,-1
13,3,1318.98,552.22,51.54,95.93,0.9343,2,2,-1
13,4,725.54,538.10,37.41,92.73,0.9316,2,1,-1
13,5,1469.05,571.45,47.29,109.48,0.9381,2,1,-1
13,6,1516.31,391.85,25.64,56.22,0.9131,2,2,-1
13,7,1094.35,348.33,22.64,53.84,0.9076,2,1,-1
13,8,270.17,403.33,22.59,64.84,0.8699,1,-1,-1
13,9,1408.43,331.20,20.76,46.46,0.8489,3,0,-1
13,0,422.92,465.96,10.62,12.16,1.0,0,-1,-1
14,1,1034.65,653.13,52.26,124.31,0.9333,2,2,-1
14,2,1014.24,884.98,86.93,163.38,0.9346,2,1,-1
14,3,1317.65,552.11,51.99,96.23,0.9344,2,2,-1
14,4,725.99,536.29,38.10,93.62,0.9310,2,1,-1
14,5,1471.70,571.56,45.17,109.22,0.9389,2,1,-1
14,6,1516.32,390.92,27.78,57.04,0.9233,2,2,-1
14,7,1096.53,351.79,23.32,52.54,0.8973,2,1,-1
14,8,269.66,402.62,22.81,65.49,0.8854,1,-1,-1
14,9,1409.52,331.49,22.00,46.47,0.8752,3,0,-1
14,0,422.79,465.74,10.69,12.06,1.0,0,-1,-1
15,1,1033.20,654.60,52.94,123.33,0.9416,2,2,-1
15,2,1014.45,884.50,90.37,163.71,0.9393,2,1,-1
15,3,1315.28,552.44,53.21,95.88,0.9366,2,2,-1
15,4,726.15,535.85,38.10,92.89,0.9344,2,1,-1
15,5,1476.66,571.15,41.83,109.60,0.9330,2,1,-1
15,6,1516.09,391.12,29.71,57.51,0.9229,2,2,-1
15,7,1099.20,351.61,23.01,53.00,0.8801,2,1,-1
15,8,268.98,405.03,21.11,62.58,0.8626,1,-1,-1
15,9,1410.80,331.73,22.69,46.50,0.8406,3,0,-1
15,0,422.85,465.92,10.29,11.92,1.0,0,-1,-1
16,1,1033.46,655.47,53.35,121.94,0.9384,2,2,-1
16,2,1016.72,883.54,89.67,161.58,0.9401,2,1,-1
16,3,1314.87,552.31,53.11,96.06,0.9396,2,2,-1
16,4,727.37,536.32,38.81,90.89,0.9281,2,1,-1
16,5,1482.44,570.96,38.17,110.05,0.9237,2,1,-1
16,6,1518.84,391.39,29.89,57.47,0.9215,2,2,-1
16,7,1103.44,353.31,21.47,52.27,0.8871,2,1,-1
16,8,268.70,403.86,21.11,61.97,0.8815,1,4,-1
16,9,1411.08,331.95,23.25,46.28,0.8632,3,0,-1
16,0,422.71,465.94,10.42,11.91,1.0,0,-1,-1
17,1,1034.54,655.89,52.71,120.11,0.9393,2,2,-1
17,2,1019.79,882.81,90.13,163.67,0.9408,2,1,-1
17,3,1314.52,552.19,52.15,96.15,0.9368,2,2,-1
17,4,728.10,537.92,40.92,89.47,0.9301,2,1,-1
17,5,1488.64,570.95,34.18,109.79,0.9279,2,1,-1
17,6,1522.68,392.52,28.49,56.86,0.9077,2,2,-1
17,7,1106.69,351.60,21.78,53.97,0.8922,2,1,-1
17,8,268.30,404.35,20.77,61.05,0.8793,1,4,-1
17,9,1411.45,333.05,23.41,44.82,0.8817,3,0,-1
17,0,422.78,465.87,10.53,12.08,1.0,0,-1,-1
18,1,1035.91,655.22,52.00,120.73,0.9348,2,2,-1
18,2,1024.26,879.01,89.70,169.53,0.9429,2,1,-1
18,3,1314.83,552.74,50.09,95.70,0.9371,2,2,-1
18,4,727.79,540.37,46.33,86.92,0.9384,2,1,-1
18,5,1494.17,571.88,33.62,109.27,0.9272,2,1,-1
18,6,1524.98,393.48,27.84,56.46,0.9148,2,2,-1
18,7,1109.56,352.45,21.25,53.11,0.8875,2,1,-1
18,8,267.78,404.51,21.04,62.56,0.8725,1,4,-1
18,9,1413.36,333.22,23.05,44.36,0.7698,3,0,-1
18,0,423.01,465.86,10.91,11.76,1.0,0,-1,-1
19,1,1036.11,654.03,51.86,120.59,0.9320,2,2,-1
19,2,1034.19,881.36,85.08,163.54,0.7889,2,1,-1
19,3,1314.75,552.56,47.43,95.07,0.9398,2,2,-1
19,4,727.04,543.04,53.65,84.99,0.9437,2,1,-1
19,5,1495.86,572.29,35.76,111.26,0.9155,2,1,-1
19,6,1529.39,394.02,26.60,56.18,0.9112,2,2,-1
19,7,1111.72,350.78,22.06,54.21,0.8890,2,1,-1
19,8,267.54,404.28,20.26,62.80,0.8769,1,4,-1
19,9,1416.62,332.05,23.38,46.72,0.8254,3,0,-1
19,0,423.07,466.13,10.76,11.41,1.0,0,-1,-1
20,1,1034.72,652.54,52.05,120.65,0.9338,2,2,-1
20,2,1046.32,879.12,74.79,164.02,0.9101,2,1,-1
20,3,1314.17,551.86,45.35,95.71,0.9389,2,2,-1
20,4,726.18,544.30,58.64,83.91,0.9439,2,1,-1
20,5,1496.84,573.29,38.16,111.11,0.9188,2,1,-1
20,6,1533.06,393.58,25.45,56.07,0.9117,2,2,-1
20,7,1113.27,351.02,22.07,52.98,0.8853,2,1,-1
20,8,267.29,408.13,19.87,57.69,0.8835,1,4,-1
20,9,1417.62,332.68,22.62,45.69,0.8646,3,0,-1
20,0,423.02,466.01,10.80,11.68,1.0,0,-1,-1
21,1,1034.78,651.02,50.14,120.76,0.9366,2,2,-1
21,2,1061.47,878.09,60.95,165.37,0.9286,2,1,-1
21,3,1311.36,551.67,45.67,95.84,0.9370,2,2,-1
21,4,727.11,544.53,59.05,83.43,0.9415,2,1,-1
21,5,1497.86,574.90,42.51,110.55,0.9249,2,1,-1
21,6,1535.17,392.98,25.08,56.62,0.9119,2,2,-1
21,7,1116.06,351.45,22.43,54.20,0.8837,2,1,-1
21,8,267.05,418.90,19.62,48.66,0.8824,1,4,-1
21,9,1420.16,333.21,22.32,45.40,0.8548,3,0,-1
21,0,422.98,465.91,10.90,11.87,1.0,0,-1,-1
22,1,1034.85,649.68,49.36,121.70,0.9369,2,2,-1
22,2,1072.98,879.76,53.77,161.49,0.8763,2,1,-1
22,3,1307.68,551.05,45.06,96.92,0.9337,2,2,-1
22,4,728.27,543.73,61.06,84.74,0.9377,2,1,-1
22,5,1498.42,575.62,44.45,110.27,0.9363,2,1,-1
22,6,1536.57,392.66,25.98,58.60,0.9141,2,2,-1
22,7,1118.96,352.13,22.14,55.98,0.8914,2,1,-1
22,8,264.89,422.24,21.09,45.67,0.8714,1,4,-1
22,9,1422.27,332.08,23.05,47.21,0.8259,3,0,-1
22,0,423.02,465.89,11.15,11.92,1.0,0,-1,-1
23,1,1034.96,648.87,48.40,119.74,0.9370,2,2,-1
23,2,1082.51,876.99,51.97,168.26,0.9103,2,1,-1
23,3,1304.55,551.27,44.96,96.86,0.9302,2,2,-1
23,4,731.07,543.11,59.33,85.34,0.9328,2,1,-1
23,5,1499.59,577.07,46.99,110.28,0.9348,2,1,-1
23,6,1537.83,392.44,26.72,60.12,0.9109,2,2,-1
23,7,1120.86,352.35,21.94,56.01,0.8945,2,1,-1
23,8,263.10,425.06,22.53,43.50,0.8559,1,4,-1
23,9,1424.19,334.21,22.19,45.01,0.5742,3,0,-1
23,0,423.10,465.55,11.15,12.32,1.0,0,-1,-1
24,1,1034.78,649.09,47.49,117.40,0.9361,2,2,-1
24,2,1087.09,879.63,55.65,157.67,0.9407,2,1,-1
24,3,1301.73,550.90,44.48,98.12,0.9188,2,2,-1
24,4,735.65,541.32,55.12,87.27,0.9353,2,1,-1
24,5,1500.78,577.99,49.08,110.70,0.9316,2,1,-1
24,6,1540.46,393.10,26.38,59.48,0.9083,2,2,-1
24,7,1123.50,353.81,21.30,55.60,0.8912,2,1,-1
24,8,260.41,412.23,27.66,56.47,0.8649,1,4,-1
24,9,1427.57,335.20,21.47,43.30,0.5385,3,0,-1
24,0,423.15,465.52,11.14,12.22,1.0,0,-1,-1
25,1,1034.41,648.78,47.19,118.39,0.9375,2,2,-1
25,2,1087.93,879.81,60.73,162.71,0.9177,2,1,-1
25,3,1298.95,550.67,44.53,98.62,0.9150,2,2,-1
25,4,742.41,539.98,49.96,86.84,0.9206,2,1,-1
25,5,1502.53,578.72,50.12,111.46,0.9318,2,1,-1
25,6,1543.24,394.39,26.14,59.58,0.9072,2,2,-1
25,7,1125.37,356.01,20.76,55.17,0.8904,2,1,-1
25,8,260.20,409.97,27.72,58.59,0.8267,1,4,-1
25,9,1429.80,335.65,21.47,42.85,0.8580,3,0,-1
25,0,423.27,465.41,11.17,12.44,1.0,0,-1,-1
26,1,1034.27,648.92,45.98,118.90,0.9381,2,2,-1
26,2,1088.30,879.49,73.55,165.00,0.9296,2,1,-1
26,3,1297.02,550.64,44.70,98.83,0.9210,2,2,-1
26,4,751.02,540.08,44.01,86.11,0.9165,2,1,-1
26,5,1506.17,578.79,48.54,111.56,0.9341,2,1,-1
26,6,1547.14,396.11,24.22,58.00,0.9112,2,2,-1
26,7,1127.74,355.54,19.92,55.36,0.8984,2,1,-1
26,8,260.42,412.03,26.43,56.21,0.8511,1,4,-1
26,9,1431.27,335.23,21.75,43.07,0.8212,3,0,-1
26,0,423.20,465.51,10.95,12.41,1.0,0,-1,-1
27,1,1035.55,649.26,45.21,118.44,0.9386,2,2,-1
27,2,1089.43,880.58,85.40,165.24,0.9254,2,1,-1
27,3,1296.77,550.57,43.88,98.45,0.9269,2,2,-1
27,4,759.56,540.04,41.12,85.75,0.9174,2,1,-1
27,5,1511.36,579.05,46.37,111.21,0.9280,2,1,-1
27,6,1550.66,396.51,22.48,57.56,0.9103,2,2,-1
27,7,1129.86,355.67,20.25,54.55,0.8955,2,1,-1
27,8,260.92,416.87,25.23,51.33,0.8775,1,4,-1
27,9,1432.79,335.46,21.88,43.64,0.7289,3,0,-1
27,0,423.15,465.70,10.87,12.41,1.0,0,-1,-1
28,1,1036.49,649.76,45.08,117.74,0.9359,2,2,-1
28,2,1089.55,880.64,92.09,165.84,0.9337,2,1,-1
28,3,1297.38,550.65,42.94,99.25,0.9284,2,2,-1
28,4,767.57,539.48,40.58,85.63,0.9224,2,1,-1
28,5,1517.62,579.97,42.17,110.25,0.9321,2,1,-1
28,6,1553.47,397.71,22.05,56.15,0.9182,2,2,-1
28,7,1132.48,355.92,19.80,53.76,0.8967,2,1,-1
28,8,259.45,413.33,27.42,55.12,0.8621,1,4,-1
28,9,1434.92,334.81,21.46,43.56,0.7813,3,0,-1
28,0,423.21,465.60,10.96,12.30,1.0,0,-1,-1
29,1,1036.93,649.67,45.67,118.30,0.9380,2,2,-1
29,2,1089.97,880.96,95.82,165.94,0.9453,2,1,-1
29,3,1297.98,550.96,41.26,99.76,0.9257,2,2,-1
29,4,772.53,539.70,42.84,87.25,0.9301,2,1,-1
29,5,1523.36,579.16,39.95,110.96,0.8951,2,1,-1
29,6,1554.49,397.81,22.51,55.81,0.9192,2,2,-1
29,7,1134.32,356.00,20.50,54.58,0.9002,2,1,-1
29,8,258.12,408.06,29.40,60.36,0.7808,1,4,-1
29,9,1436.60,333.82,21.56,45.46,0.8451,3,0,-1
29,0,423.27,465.41,10.84,12.29,1.0,0,-1,-1
30,1,1037.28,650.16,46.34,118.06,0.9344,2,2,-1
30,2,1094.36,880.14,94.05,166.55,0.9400,2,1,-1
30,3,1299.25,551.20,39.43,100.59,0.9226,2,2,-1
30,4,774.16,539.89,45.00,86.41,0.9251,2,1,-1
30,5,1528.26,578.36,37.55,112.01,0.9311,2,1,-1
30,6,1554.87,397.32,25.11,57.14,0.9165,2,2,-1
30,7,1134.78,356.67,22.41,57.06,0.9072,2,1,-1
30,9,1438.59,333.13,20.86,45.76,0.8563,3,0,-1
30,0,423.25,465.50,10.92,12.10,1.0,0,-1,-1
31,1,1037.61,650.56,47.64,117.80,0.9318,2,2,-1
31,2,1101.35,878.63,90.39,168.12,0.9360,2,1,-1
31,3,1302.72,551.75,35.52,100.45,0.9256,2,2,-1
31,4,774.91,540.37,48.24,88.87,0.9248,2,1,-1
31,5,1531.51,579.60,37.04,110.11,0.9271,2,1,-1
31,6,1555.44,396.79,27.41,58.38,0.9217,2,2,-1
31,7,1137.20,356.54,22.77,57.87,0.8858,2,1,-1
31,8,257.05,406.93,29.28,60.63,0.6607,1,4,-1
31,9,1441.35,336.67,19.32,41.80,0.8500,3,0,-1
31,0,423.25,465.27,11.12,12.65,1.0,0,-1,-1
32,1,1037.76,650.56,49.36,118.11,0.9349,2,2,-1
32,2,1109.97,878.35,81.69,166.99,0.9363,2,1,-1
32,3,1306.08,552.05,31.63,100.49,0.9236,2,2,-1
32,4,775.41,541.84,51.64,87.21,0.9307,2,1,-1
32,5,1534.25,580.45,38.64,110.59,0.9348,2,1,-1
32,6,1556.15,396.46,29.25,58.65,0.9204,2,2,-1
32,7,1140.86,360.16,22.30,54.95,0.8847,2,1,-1
32,9,1443.30,336.07,20.29,42.94,0.8721,3,0,-1
32,0,423.23,465.65,10.91,11.92,1.0,0,-1,-1
33,1,1038.05,650.81,51.58,117.58,0.9442,2,2,-1
33,2,1121.44,877.33,71.48,170.34,0.9350,2,1,-1
33,3,1310.08,552.35,27.59,101.41,0.9094,2,2,-1
33,4,776.02,542.90,54.05,86.61,0.9321,2,1,-1
33,5,1535.91,580.80,43.83,111.12,0.9372,2,1,-1
33,6,1558.61,396.60,30.14,58.88,0.9192,2,2,-1
33,7,1143.86,360.86,22.21,54.55,0.8957,2,1,-1
33,9,1444.29,334.15,21.43,45.82,0.8171,3,0,-1
33,0,423.32,465.58,10.79,11.40,1.0,0,-1,-1
34,1,1038.41,651.32,53.27,117.39,0.9446,2,2,-1
34,2,1133.95,878.94,61.57,169.19,0.8937,2,1,-1
34,3,1311.70,552.79,25.20,101.18,0.9057,2,2,-1
34,4,777.12,543.20,58.30,86.39,0.9308,2,1,-1
34,5,1537.06,581.87,51.08,110.52,0.9361,2,1,-1
34,6,1560.88,398.30,30.51,58.07,0.9174,2,2,-1
34,7,1146.18,360.99,21.64,54.18,0.9043,2,1,-1
34,9,1445.63,333.62,21.52,46.20,0.8527,3,0,-1
34,0,423.40,465.58,10.70,11.43,1.0,0,-1,-1
35,1,1041.03,650.76,53.06,117.76,0.9310,2,2,-1
35,2,1148.67,875.62,55.30,173.09,0.9192,2,1,-1
35,3,1312.08,553.05,24.04,100.78,0.9071,2,2,-1
35,4,779.96,543.56,58.26,86.65,0.9249,2,1,-1
35,5,1536.84,582.81,57.94,110.04,0.9336,2,1,-1
35,6,1564.62,398.84,29.25,57.79,0.9053,2,2,-1
35,7,1147.52,361.03,21.13,54.06,0.8998,2,1,-1
35,8,252.99,406.13,27.47,60.39,0.7366,1,4,-1
35,9,1446.61,332.21,22.76,47.95,0.8633,3,0,-1
35,0,423.15,465.77,11.09,11.71,1.0,0,-1,-1
36,1,1049.04,650.47,47.42,118.11,0.9385,2,2,-1
36,2,1158.71,876.57,53.37,170.41,0.8905,2,1,-1
36,3,1311.63,553.27,24.80,100.82,0.9126,2,2,-1
36,4,784.41,543.33,55.67,86.51,0.9218,2,1,-1
36,5,1536.47,583.85,62.99,109.67,0.9360,2,1,-1
36,6,1569.82,399.60,27.64,57.31,0.9054,2,2,-1
36,7,1149.83,359.10,23.02,55.50,0.9004,2,1,-1
36,8,252.33,406.55,26.41,59.65,0.5630,1,4,-1
36,9,1448.35,331.57,23.70,49.26,0.8751,3,0,-1
36,0,423.14,465.51,11.12,11.73,1.0,0,-1,-1
37,1,1054.32,651.29,44.00,117.38,0.9283,2,2,-1
37,2,1162.01,876.16,59.40,170.14,0.9228,2,1,-1
37,3,1311.74,553.37,26.80,100.66,0.9161,2,2,-1
37,4,790.91,542.93,51.25,86.89,0.9186,2,1,-1
37,5,1537.63,584.77,64.60,110.68,0.9396,2,1,-1
37,6,1576.08,399.49,25.37,57.21,0.9162,2,2,-1
37,7,1152.19,358.85,23.12,55.82,0.9048,2,1,-1
37,8,252.16,406.23,25.36,59.64,0.6621,1,4,-1
37,9,1450.67,335.39,22.22,45.00,0.7974,3,0,-1
37,0,423.17,465.24,11.29,12.03,1.0,0,-1,-1
38,1,1057.72,652.33,42.03,117.12,0.9341,2,2,-1
38,2,1157.95,876.27,71.69,170.43,0.9367,2,1,-1
38,3,1311.37,553.61,29.79,100.69,0.9216,2,2,-1
38,4,798.22,542.52,45.59,87.51,0.9130,2,1,-1
38,5,1539.70,585.01,64.14,112.03,0.9458,2,1,-1
38,6,1578.82,398.82,25.98,58.19,0.9149,2,2,-1
38,7,1154.16,359.53,23.05,55.31,0.9010,2,1,-1
38,9,1452.39,335.52,22.26,44.68,0.8298,3,0,-1
38,0,423.09,465.29,11.01,12.09,1.0,0,-1,-1
39,1,1060.25,653.78,41.49,115.64,0.9437,2,2,-1
39,2,1157.77,876.26,80.87,170.54,0.9104,2,1,-1
39,3,1310.17,554.01,32.04,100.41,0.9234,2,2,-1
39,4,805.63,542.34,38.81,87.50,0.9215,2,1,-1
39,5,1542.47,586.00,62.31,110.68,0.9454,2,1,-1
39,6,1580.42,398.25,26.94,60.01,0.9167,2,2,-1
39,7,1156.83,360.30,23.14,55.04,0.9103,2,1,-1
39,8,252.58,409.86,22.31,56.83,0.7772,1,4,-1
39,9,1453.43,337.05,22.60,44.69,0.5783,3,0,-1
39,0,423.27,465.21,11.27,11.78,1.0,0,-1,-1
40,1,1061.92,654.61,40.78,117.31,0.9461,2,2,-1
40,2,1158.59,876.79,91.30,169.04,0.9207,2,1,-1
40,3,1309.63,554.38,34.02,99.93,0.9270,2,2,-1
40,4,809.93,542.91,34.62,86.67,0.9167,2,1,-1
40,5,1545.56,586.05,63.78,110.98,0.9368,2,1,-1
40,6,1583.33,398.54,27.42,60.77,0.9193,2,2,-1
40,7,1159.40,360.41,23.01,59.02,0.8997,2,1,-1
40,8,251.73,405.95,22.32,59.93,0.8344,1,4,-1
40,9,1458.47,336.00,21.57,43.66,0.8211,3,0,-1
40,0,423.30,465.26,11.56,11.95,1.0,0,-1,-1
41,1,1063.24,655.78,41.61,116.49,0.9372,2,2,-1
41,2,1160.45,876.55,95.15,169.69,0.9124,2,1,-1
41,3,1309.68,554.76,34.60,99.48,0.9257,2,2,-1
41,4,812.96,543.37,33.59,86.27,0.9263,2,1,-1
41,5,1551.25,585.62,62.63,111.43,0.9480,2,1,-1
41,6,1585.01,398.49,28.91,61.40,0.9183,2,2,-1
41,7,1162.17,362.84,21.51,57.31,0.8990,2,1,-1
41,8,251.24,405.26,22.27,60.68,0.7869,1,4,-1
41,9,1458.64,335.75,22.66,45.42,0.8530,3,0,-1
41,0,423.52,465.18,11.34,11.99,1.0,0,-1,-1
42,1,1064.29,656.11,42.86,118.79,0.9342,2,2,-1
42,2,1164.45,877.68,98.14,167.94,0.9028,2,1,-1
42,3,1310.37,554.93,34.78,99.65,0.9267,2,2,-1
42,4,814.67,544.41,36.64,85.35,0.9268,2,1,-1
42,5,1560.16,585.73,59.05,111.42,0.9311,2,1,-1
42,6,1587.45,399.11,28.76,61.95,0.9167,2,2,-1
42,7,1163.58,365.43,20.60,56.00,0.8950,2,1,-1
42,9,1459.48,334.31,23.00,47.08,0.8359,3,0,-1
42,0,423.38,465.21,11.31,11.82,1.0,0,-1,-1
43,1,1065.50,655.89,43.53,119.86,0.9341,2,2,-1
43,2,1169.67,876.58,98.73,169.74,0.8429,2,1,-1
43,3,1310.74,555.59,35.16,98.97,0.9290,2,2,-1
43,4,815.64,546.11,42.11,84.36,0.9315,2,1,-1
43,5,1566.87,585.55,55.83,111.78,0.9294,2,1,-1
43,6,1591.92,400.50,27.56,61.51,0.9132,2,2,-1
43,7,1165.91,365.35,20.10,55.50,0.9007,2,1,-1
43,9,1463.24,332.85,22.30,46.99,0.8448,3,0,-1
43,0,423.28,465.18,11.26,11.91,1.0,0,-1,-1
44,1,1066.43,655.87,44.19,120.80,0.9328,2,2,-1
44,2,1174.37,878.92,94.96,167.95,0.8808,2,1,-1
44,3,1311.62,556.29,35.88,98.52,0.9288,2,2,-1
44,4,815.66,547.04,47.44,84.79,0.9368,2,1,-1
44,5,1570.38,585.65,54.55,111.56,0.9268,2,1,-1
44,6,1597.24,401.71,25.05,60.19,0.9115,2,2,-1
44,7,1167.43,365.50,20.37,55.73,0.9055,2,1,-1
44,9,1467.00,331.75,22.38,47.60,0.8614,3,0,-1
44,0,423.24,465.24,11.34,11.99,1.0,0,-1,-1
45,1,1068.50,656.00,44.69,121.87,0.9372,2,2,-1
45,2,1186.75,872.38,89.48,168.33,0.9054,2,1,-1
45,3,1311.80,556.50,37.35,98.28,0.9303,2,2,-1
45,4,816.12,547.78,50.24,84.61,0.9331,2,1,-1
45,5,1575.53,586.21,52.39,112.22,0.9333,2,1,-1
45,6,1601.15,402.62,23.37,59.43,0.9216,2,2,-1
45,7,1169.17,364.30,20.68,56.89,0.9001,2,1,-1
45,8,250.22,405.75,21.97,59.55,0.5144,1,4,-1
45,9,1469.50,331.79,21.99,47.66,0.8805,3,0,-1
45,0,423.24,465.24,11.35,11.92,1.0,0,-1,-1
46,1,1071.35,655.95,44.34,122.17,0.9383,2,2,-1
46,2,1198.82,872.59,78.91,167.46,0.9234,2,1,-1
46,3,1311.81,556.83,38.47,97.74,0.9301,2,2,-1
46,4,817.56,548.90,50.68,84.56,0.9339,2,1,-1
46,5,1578.95,587.10,50.19,112.35,0.9384,2,1,-1
46,6,1604.66,402.48,23.43,59.52,0.9186,2,2,-1
46,7,1170.43,365.04,21.12,55.63,0.9015,2,1,-1
46,9,1471.65,332.67,21.88,47.55,0.8814,3,0,-1
46,0,422.98,465.30,11.18,11.89,1.0,0,-1,-1
47,1,1074.09,655.98,44.33,122.24,0.9313,2,2,-1
47,2,1210.40,872.53,68.12,165.75,0.9207,2,1,-1
47,3,1311.52,557.28,39.39,97.61,0.9342,2,2,-1
47,4,820.22,549.24,50.99,84.73,0.9315,2,1,-1
47,5,1582.25,588.45,48.84,111.51,0.9389,2,1,-1
47,6,1605.39,402.35,24.63,59.57,0.9177,2,2,-1
47,7,1171.89,365.46,21.91,56.21,0.9016,2,1,-1
47,8,248.03,403.17,23.21,62.14,0.5507,1,4,-1
47,9,1472.85,333.98,22.08,46.69,0.8776,3,0,-1
47,0,422.70,465.37,11.25,11.89,1.0,0,-1,-1
48,1,1077.31,655.70,43.51,123.12,0.9313,2,2,-1
48,2,1223.21,873.17,54.28,162.24,0.9306,2,1,-1
48,3,1311.81,556.97,40.89,98.88,0.9364,2,2,-1
48,4,824.86,550.59,49.33,83.04,0.9279,2,1,-1
48,5,1584.18,589.63,47.69,112.11,0.9363,2,1,-1
48,6,1606.00,401.92,26.73,60.45,0.9210,2,2,-1
48,7,1173.71,366.90,23.48,59.68,0.8950,2,1,-1
48,8,247.42,403.58,23.25,61.87,0.5867,1,4,-1
48,9,1473.47,334.09,22.75,46.78,0.8798,3,0,-1
48,0,422.71,465.11,11.35,12.02,1.0,0,-1,-1
49,1,1080.58,656.47,43.45,122.25,0.9346,2,2,-1
49,2,1230.25,873.65,52.88,162.46,0.9342,2,1,-1
49,3,1311.70,557.81,42.66,98.88,0.9313,2,2,-1
49,4,831.65,551.36,47.18,82.57,0.9253,2,1,-1
49,5,1586.05,591.82,48.03,111.51,0.9364,2,1,-1
49,6,1607.63,401.59,29.72,61.40,0.9260,2,2,-1
49,7,1176.94,367.07,23.47,60.74,0.9024,2,1,-1
49,8,247.03,402.84,23.63,62.93,0.6703,1,4,-1
49,9,1475.54,335.44,22.71,45.27,0.8770,3,0,-1
49,0,422.69,465.40,11.41,11.83,1.0,0,-1,-1
50,1,1083.57,656.73,43.21,122.47,0.9423,2,2,-1
50,2,1232.66,873.01,56.70,164.20,0.9305,2,1,-1
50,3,1312.05,558.28,44.31,98.82,0.9311,2,2,-1
50,4,838.81,551.23,43.80,82.98,0.9145,2,1,-1
50,5,1588.20,592.67,48.52,113.46,0.9364,2,1,-1
50,6,1608.40,402.40,32.35,61.25,0.9235,2,2,-1
50,7,1180.29,368.86,24.08,58.53,0.9064,2,1,-1
50,8,245.92,403.14,23.86,62.35,0.6546,1,4,-1
50,9,1477.45,335.66,22.64,46.19,0.8721,3,0,-1
50,0,422.62,465.29,11.30,12.13,1.0,0,-1,-1
51,1,1084.46,656.75,45.12,122.14,0.9369,2,2,-1
51,2,1234.78,873.86,61.37,164.59,0.9271,2,1,-1
51,3,1313.40,558.35,44.88,98.55,0.9345,2,2,-1
51,4,843.21,551.23,42.36,81.75,0.9212,2,1,-1
51,5,1590.45,592.90,48.13,113.98,0.9367,2,1,-1
51,6,1609.96,402.87,33.73,61.50,0.9202,2,2,-1
51,7,1181.95,368.85,22.24,58.98,0.9035,2,1,-1
51,9,1481.05,335.44,21.50,44.53,0.7204,3,0,-1
51,0,422.45,465.02,11.48,12.16,1.0,0,-1,-1
52,1,1085.66,658.51,47.94,120.41,0.9354,2,2,-1
52,2,1235.20,872.37,78.88,167.40,0.9266,2,1,-1
52,3,1315.45,558.30,44.59,99.78,0.9367,2,2,-1
52,4,844.66,550.80,44.93,83.94,0.9146,2,1,-1
52,5,1593.42,593.30,48.44,114.21,0.9323,2,1,-1
52,6,1614.12,404.08,33.24,61.43,0.9123,2,2,-1
52,7,1184.29,369.18,22.24,58.63,0.9063,2,1,-1
52,9,1482.90,336.06,21.37,43.99,0.8792,3,0,-1
52,0,422.68,465.20,11.30,12.01,1.0,0,-1,-1
53,1,1085.48,660.55,51.47,119.57,0.9350,2,2,-1
53,2,1235.60,870.86,89.60,168.79,0.9152,2,1,-1
53,3,1320.36,558.64,42.73,99.31,0.9351,2,2,-1
53,4,850.40,550.24,43.87,84.86,0.9178,2,1,-1
53,5,1597.27,594.07,48.23,113.49,0.9306,2,1,-1
53,6,1620.15,405.32,30.54,61.30,0.9028,2,2,-1
53,7,1186.36,369.16,22.79,59.29,0.8991,2,1,-1
53,9,1485.26,336.12,21.19,44.02,0.8910,3,0,-1
53,0,423.03,465.36,11.09,11.70,1.0,0,-1,-1
54,1,1085.04,662.73,55.37,120.23,0.9437,2,2,-1
54,2,1234.73,871.51,94.30,168.16,0.9270,2,1,-1
54,3,1321.54,558.47,43.41,99.99,0.9355,2,2,-1
54,4,853.96,550.15,42.81,86.75,0.9266,2,1,-1
54,5,1601.79,593.40,47.12,114.09,0.9296,2,1,-1
54,6,1626.60,406.54,27.55,60.35,0.9107,2,2,-1
54,7,1188.08,368.25,23.36,58.96,0.9004,2,1,-1
54,9,1487.82,336.73,21.26,44.33,0.8955,3,0,-1
54,0,423.00,465.34,11.23,11.83,1.0,0,-1,-1
55,1,1085.09,663.93,59.29,118.63,0.9394,2,2,-1
55,2,1236.97,872.59,96.00,166.24,0.9161,2,1,-1
55,3,1321.70,559.25,45.38,98.76,0.9360,2,2,-1
55,4,856.75,550.78,43.41,86.86,0.9309,2,1,-1
55,5,1605.72,593.33,46.11,113.58,0.9275,2,1,-1
55,6,1630.96,406.39,25.91,60.06,0.9220,2,2,-1
55,7,1190.39,368.67,23.59,59.71,0.8982,2,1,-1
55,9,1488.91,337.85,21.86,43.61,0.8932,3,0,-1
55,0,422.88,465.16,11.18,11.83,1.0,0,-1,-1
56,1,1088.54,666.35,59.94,118.59,0.9385,2,2,-1
56,2,1238.61,868.07,95.10,170.52,0.9224,2,1,-1
56,3,1323.02,559.68,47.35,98.29,0.9305,2,2,-1
56,4,859.74,551.00,43.65,88.48,0.9298,2,1,-1
56,5,1611.18,593.40,43.28,112.65,0.9315,2,1,-1
56,6,1633.83,405.97,27.15,60.74,0.9172,2,2,-1
56,7,1192.51,368.78,24.00,62.36,0.9014,2,1,-1
56,9,1491.53,338.02,21.78,43.39,0.8462,3,0,-1
56,0,422.97,465.34,11.12,11.64,1.0,0,-1,-1
57,1,1094.47,667.68,59.02,117.38,0.9353,2,2,-1
57,2,1246.22,867.00,88.25,172.69,0.9210,2,1,-1
57,3,1325.05,560.71,48.17,96.69,0.9298,2,2,-1
57,4,864.68,552.35,42.38,87.17,0.9273,2,1,-1
57,5,1616.39,593.78,40.76,113.71,0.9336,2,1,-1
57,6,1636.20,405.12,28.22,62.88,0.9194,2,2,-1
57,7,1194.59,371.19,23.30,61.05,0.9037,2,1,-1
57,9,1494.39,338.71,21.49,42.96,0.8507,3,0,-1
57,0,423.06,465.41,11.06,11.58,1.0,0,-1,-1
58,1,1104.49,668.13,55.65,117.12,0.9365,2,2,-1
58,2,1254.54,865.06,80.48,173.38,0.9219,2,1,-1
58,3,1327.51,561.62,49.11,96.45,0.9301,2,2,-1
58,4,871.39,553.19,38.43,86.78,0.9099,2,1,-1
58,5,1619.58,594.78,42.98,114.49,0.9354,2,1,-1
58,6,1638.10,405.53,29.06,62.96,0.9207,2,2,-1
58,7,1196.65,373.06,23.16,60.33,0.8981,2,1,-1
58,9,1495.84,338.58,22.04,43.36,0.8373,3,0,-1
58,0,423.02,465.11,10.89,12.20,1.0,0,-1,-1
59,1,1112.00,667.80,53.19,118.14,0.9398,2,2,-1
59,2,1265.97,863.76,72.79,174.01,0.8888,2,1,-1
59,3,1328.87,561.75,51.62,96.58,0.9213,2,2,-1
59,4,878.57,554.00,34.37,85.83,0.9127,2,1,-1
59,5,1621.55,596.16,50.86,113.98,0.9381,2,1,-1
59,6,1640.67,406.43,30.19,63.15,0.9162,2,2,-1
59,7,1198.88,374.20,22.77,59.73,0.8987,2,1,-1
59,9,1498.48,337.66,21.78,42.99,0.8269,3,0,-1
59,0,422.88,465.02,11.03,12.12,1.0,0,-1,-1
60,1,1114.14,666.10,54.79,119.00,0.9389,2,2,-1
60,2,1281.60,867.64,65.65,170.09,0.9101,2,1,-1
60,3,1330.66,562.88,53.83,99.74,0.9263,2,2,-1
60,4,882.54,553.77,34.00,85.83,0.9220,2,1,-1
60,5,1621.13,598.29,57.66,112.74,0.9378,2,1,-1
60,6,1644.81,407.52,29.22,63.57,0.9124,2,2,-1
60,7,1199.93,374.68,22.63,59.26,0.9037,2,1,-1
60,9,1501.67,337.75,21.58,43.08,0.8409,3,0,-1
60,0,422.95,464.91,11.04,12.27,1.0,0,-1,-1
61,1,1115.07,665.93,58.78,119.66,0.9356,2,2,-1
61,2,1289.54,869.28,62.53,168.04,0.6748,2,1,-1
61,3,1335.14,563.84,53.12,100.49,0.9312,2,2,-1
61,4,884.23,552.50,36.61,88.05,0.9265,2,1,-1
61,5,1621.06,599.31,61.96,113.30,0.9314,2,1,-1
61,6,1650.10,408.43,27.11,62.89,0.9102,2,2,-1
61,7,1202.02,374.52,22.23,59.15,0.9002,2,1,-1
61,8,241.42,412.99,20.84,51.17,0.5525,1,4,-1
61,9,1502.45,337.21,23.54,44.86,0.8647,3,0,-1
61,0,422.75,464.71,11.31,12.44,1.0,0,-1,-1
62,1,1119.21,666.07,57.66,119.13,0.9360,2,2,-1
62,2,1312.36,856.69,46.67,118.01,0.8257,2,1,-1
62,3,1337.36,564.68,53.21,99.31,0.9318,2,2,-1
62,4,885.57,551.99,42.07,90.20,0.9291,2,1,-1
62,5,1621.89,599.81,63.00,115.11,0.9334,2,1,-1
62,6,1655.80,409.35,24.07,62.09,0.9190,2,2,-1
62,7,1203.29,374.51,21.77,58.59,0.9052,2,1,-1
62,9,1506.20,337.55,22.54,43.94,0.8724,3,0,-1
62,0,422.80,464.75,11.19,12.52,1.0,0,-1,-1
63,1,1123.48,668.23,56.48,120.77,0.9360,2,2,-1
63,2,1307.71,859.60,64.55,177.72,0.8782,2,1,-1
63,3,1338.43,565.17,53.36,98.95,0.9261,2,2,-1
63,4,886.94,551.51,46.03,92.43,0.9319,2,1,-1
63,5,1623.54,599.80,61.76,116.33,0.9414,2,1,-1
63,6,1660.17,410.47,22.13,61.09,0.9186,2,2,-1
63,7,1205.01,374.81,21.73,59.34,0.9058,2,1,-1
63,8,240.89,412.20,21.73,51.22,0.6769,1,4,-1
63,9,1508.12,337.48,22.56,44.52,0.8730,3,0,-1
63,0,422.62,464.81,11.19,12.13,1.0,0,-1,-1
64,1,1129.52,670.87,53.56,118.69,0.9321,2,2,-1
64,2,1309.32,867.32,62.89,170.88,0.8316,2,1,-1
64,3,1342.01,564.56,52.25,100.39,0.9274,2,2,-1
64,4,888.95,551.75,48.17,92.58,0.9323,2,1,-1
64,5,1626.05,600.26,58.94,117.17,0.9397,2,1,-1
64,6,1662.05,409.78,23.64,61.76,0.9264,2,2,-1
64,7,1206.77,375.05,23.55,61.16,0.9115,2,1,-1
64,8,241.11,412.65,21.92,51.49,0.6252,1,4,-1
64,9,1510.80,337.49,21.97,45.07,0.8758,3,0,-1
64,0,422.72,465.00,11.01,11.81,1.0,0,-1,-1
65,1,1137.36,673.91,49.92,116.08,0.9273,2,2,-1
65,2,1311.37,856.57,74.70,180.57,0.8966,2,1,-1
65,3,1344.57,564.76,48.48,100.01,0.9260,2,2,-1
65,4,890.98,552.84,49.10,93.35,0.9297,2,1,-1
65,5,1630.44,600.84,54.86,116.70,0.9380,2,1,-1
65,6,1663.09,408.90,26.21,62.70,0.9252,2,2,-1
65,7,1208.64,375.70,23.82,62.21,0.9058,2,1,-1
65,8,242.15,414.99,20.72,48.72,0.6038,1,4,-1
65,9,1513.49,339.47,21.09,43.16,0.8301,3,0,-1
65,0,423.10,465.23,11.37,11.82,1.0,0,-1,-1
66,1,1146.58,676.05,48.81,113.78,0.9304,2,2,-1
66,2,1311.67,854.76,84.81,180.65,0.9160,2,1,-1
66,3,1348.00,564.61,44.13,100.20,0.9335,2,2,-1
66,4,897.02,554.75,46.20,92.80,0.9144,2,1,-1
66,5,1637.38,599.70,48.99,117.00,0.9462,2,1,-1
66,6,1663.96,409.02,30.04,63.65,0.9251,2,2,-1
66,7,1211.97,376.29,25.40,63.63,0.9101,2,1,-1
66,8,242.64,417.66,20.08,46.09,0.7346,1,4,-1
66,0,422.97,464.86,11.37,12.38,1.0,0,-1,-1
67,1,1149.87,677.64,50.09,111.90,0.9349,2,2,-1
67,2,1311.76,855.22,93.79,180.06,0.9106,2,1,-1
67,3,1352.77,565.23,40.29,99.70,0.9277,2,2,-1
67,4,904.53,556.92,41.52,90.84,0.8838,2,1,-1
67,5,1644.40,600.53,43.61,116.25,0.9321,2,1,-1
67,6,1664.91,408.74,32.84,64.35,0.9247,2,2,-1
67,7,1215.24,378.38,24.29,62.51,0.9064,2,1,-1
67,8,242.86,417.28,20.26,46.45,0.6337,1,4,-1
67,9,1519.24,339.46,21.98,44.48,0.7528,3,0,-1
67,0,422.98,465.11,10.83,11.82,1.0,0,-1,-1
68,1,1151.83,677.42,55.55,112.30,0.9333,2,2,-1
68,2,1314.53,857.02,96.72,177.52,0.9142,2,1,-1
68,3,1359.14,566.33,35.57,98.51,0.9274,2,2,-1
68,4,916.25,558.05,38.06,89.93,0.8649,2,1,-1
68,5,1652.84,600.95,37.58,115.91,0.9324,2,1,-1
68,6,1666.91,410.36,35.32,63.91,0.9315,2,2,-1
68,7,1217.46,381.25,23.90,59.72,0.9121,2,1,-1
68,8,242.91,416.81,20.40,46.85,0.5752,1,4,-1
68,9,1521.60,338.93,22.14,45.48,0.7949,3,0,-1
68,0,423.03,465.10,11.09,12.04,1.0,0,-1,-1
69,1,1152.73,678.03,61.01,113.43,0.9410,2,2,-1
69,2,1318.19,866.93,92.83,170.26,0.6881,2,1,-1
69,3,1363.55,566.99,35.24,98.34,0.9287,2,2,-1
69,4,921.56,557.66,37.48,89.99,0.9237,2,1,-1
69,5,1660.96,601.03,33.63,115.88,0.9193,2,1,-1
69,6,1671.12,411.66,33.96,64.62,0.9107,2,2,-1
69,7,1219.06,379.76,25.02,61.70,0.9065,2,1,-1
69,8,243.04,416.86,20.44,46.92,0.6476,1,4,-1
69,9,1524.31,340.16,21.66,44.17,0.6570,3,0,-1
69,0,423.23,465.01,10.89,11.87,1.0,0,-1,-1
70,1,1154.88,679.43,65.83,117.46,0.9396,2,2,-1
70,2,1326.87,862.78,95.59,167.91,0.8846,2,1,-1
70,3,1364.23,567.80,38.02,97.63,0.9300,2,2,-1
70,4,925.71,557.41,37.75,90.15,0.9219,2,1,-1
70,5,1664.92,602.55,32.32,117.95,0.9103,2,1,-1
70,6,1677.56,413.60,31.86,62.83,0.8905,2,2,-1
70,7,1221.22,379.01,25.37,61.74,0.9068,2,1,-1
70,8,242.37,416.18,20.89,47.73,0.6732,1,4,-1
70,9,1526.70,338.56,22.79,44.78,0.8434,3,0,-1
70,0,423.11,465.09,11.33,12.09,1.0,0,-1,-1
71,1,1159.49,681.41,67.13,118.97,0.9394,2,2,-1
71,2,1334.34,865.80,91.21,162.32,0.6972,2,1,-1
71,3,1363.97,568.52,44.33,97.21,0.9347,2,2,-1
71,4,927.96,557.17,40.13,90.45,0.9305,2,1,-1
71,5,1666.73,603.77,34.35,116.08,0.9300,2,1,-1
71,6,1683.45,414.70,29.10,62.81,0.8988,2,2,-1
71,7,1222.98,378.84,25.22,61.16,0.9089,2,1,-1
71,8,242.08,415.49,21.16,48.47,0.5757,1,4,-1
71,9,1528.50,338.45,23.70,46.46,0.8518,3,0,-1
71,0,423.12,465.16,11.22,11.67,1.0,0,-1,-1
72,1,1167.10,684.60,66.97,117.16,0.9342,2,2,-1
72,2,1348.17,864.79,77.05,161.72,0.8906,2,1,-1
72,3,1363.62,569.42,49.71,99.03,0.9381,2,2,-1
72,4,929.46,557.37,42.76,93.62,0.9335,2,1,-1
72,5,1667.47,604.61,40.29,117.51,0.9297,2,1,-1
72,6,1688.79,414.90,27.45,62.20,0.9182,2,2,-1
72,7,1225.35,378.62,25.21,63.30,0.9034,2,1,-1
72,8,241.89,414.83,21.46,49.29,0.6781,1,4,-1
72,9,1530.71,335.56,24.03,49.20,0.8689,3,0,-1
72,0,423.02,465.06,11.31,12.30,1.0,0,-1,-1
73,1,1177.63,687.24,64.20,114.43,0.9194,2,2,-1
73,2,1360.96,865.12,64.80,159.92,0.8994,2,1,-1
73,3,1363.92,570.05,50.75,99.23,0.9374,2,2,-1
73,4,931.46,557.56,44.16,94.65,0.9312,2,1,-1
73,5,1667.27,606.51,45.34,115.40,0.9355,2,1,-1
73,6,1692.74,414.45,27.77,62.16,0.9166,2,2,-1
73,7,1228.24,378.84,24.65,63.74,0.9103,2,1,-1
73,8,241.79,414.37,21.59,49.57,0.6698,1,4,-1
73,9,1533.23,337.10,23.15,47.46,0.6642,3,0,-1
73,0,422.90,464.87,11.31,12.59,1.0,0,-1,-1
74,1,1192.96,688.75,57.52,112.54,0.9284,2,2,-1
74,2,1374.45,864.80,61.21,161.05,0.9288,2,1,-1
74,3,1365.87,570.35,48.81,100.17,0.9334,2,2,-1
74,4,933.78,559.10,44.85,95.35,0.9272,2,1,-1
74,5,1667.90,609.22,50.44,115.81,0.9368,2,1,-1
74,6,1695.24,413.77,29.12,65.17,0.9179,2,2,-1
74,7,1229.46,380.15,24.75,65.30,0.9121,2,1,-1
74,8,241.78,414.21,21.71,49.85,0.6470,1,4,-1
74,9,1535.90,338.43,23.19,47.26,0.8426,3,0,-1
74,0,423.06,464.96,11.10,12.46,1.0,0,-1,-1
75,1,1199.24,689.20,59.76,111.69,0.9323,2,2,-1
75,2,1376.30,865.51,62.47,160.22,0.9223,2,1,-1
75,3,1368.02,570.35,47.03,100.45,0.9353,2,2,-1
75,4,939.40,561.28,43.06,94.61,0.9171,2,1,-1
75,5,1669.41,609.51,53.07,118.05,0.9329,2,1,-1
75,6,1697.44,413.86,30.54,65.63,0.9204,2,2,-1
75,7,1231.38,382.32,24.26,65.51,0.9157,2,1,-1
75,8,241.70,413.62,21.96,50.52,0.5249,1,4,-1
75,9,1537.34,337.00,24.21,50.28,0.8285,3,0,-1
75,0,422.85,464.95,11.19,12.33,1.0,0,-1,-1
76,1,1200.97,687.62,62.63,113.30,0.9377,2,2,-1
76,2,1376.72,864.47,67.33,162.94,0.9345,2,1,-1
76,3,1373.16,570.08,43.46,100.99,0.9337,2,2,-1
76,4,946.70,563.19,38.24,93.38,0.9104,2,1,-1
76,5,1672.65,610.09,54.22,118.66,0.9390,2,1,-1
76,6,1700.00,414.36,32.38,65.51,0.9217,2,2,-1
76,7,1233.03,384.20,23.64,64.21,0.9102,2,1,-1
76,9,1540.10,337.15,23.80,47.32,0.7485,3,0,-1
76,0,422.96,465.09,11.42,12.12,1.0,0,-1,-1
77,1,1203.41,687.15,66.13,114.42,0.9406,2,2,-1
77,2,1378.20,865.91,74.55,162.25,0.9227,2,1,-1
77,3,1378.02,569.78,40.70,101.89,0.9224,2,2,-1
77,4,956.64,565.57,32.10,90.85,0.8965,2,1,-1
77,5,1677.53,611.46,53.62,116.76,0.9399,2,1,-1
77,6,1704.11,414.94,32.06,67.65,0.9113,2,2,-1
77,7,1234.81,385.25,23.26,63.24,0.9055,2,1,-1
77,8,241.75,413.58,21.92,50.44,0.5555,1,4,-1
77,9,1543.43,339.66,23.15,45.20,0.8339,3,0,-1
77,0,422.97,464.48,11.57,12.67,1.0,0,-1,-1
78,1,1207.03,686.74,68.98,119.71,0.9431,2,2,-1
78,2,1379.49,865.01,86.07,162.15,0.9204,2,1,-1
78,3,1385.25,569.55,36.81,102.59,0.9289,2,2,-1
78,4,961.81,565.46,30.30,90.76,0.9170,2,1,-1
78,5,1681.79,611.08,52.87,117.57,0.9300,2,1,-1
78,6,1708.96,416.82,30.30,65.79,0.9076,2,2,-1
78,7,1236.76,385.53,22.75,62.93,0.9041,2,1,-1
78,9,1547.03,341.88,22.36,43.41,0.7969,3,0,-1
78,0,423.11,464.94,11.46,12.16,1.0,0,-1,-1
79,1,1210.92,686.95,73.10,122.09,0.9430,2,2,-1
79,2,1378.88,866.91,94.41,161.93,0.9320,2,1,-1
79,3,1388.19,569.88,35.67,102.41,0.9323,2,2,-1
79,4,965.40,564.93,33.54,91.48,0.9224,2,1,-1
79,5,1685.75,611.35,54.31,117.43,0.9315,2,1,-1
79,6,1715.92,418.45,26.95,65.09,0.9111,2,2,-1
79,7,1239.17,385.05,22.31,63.12,0.9044,2,1,-1
79,8,242.05,414.41,21.39,49.54,0.6063,1,4,-1
79,9,1550.71,340.12,23.09,45.38,0.8245,3,0,-1
79,0,423.13,464.83,11.72,12.18,1.0,0,-1,-1
80,1,1216.66,689.00,75.16,123.97,0.9483,2,2,-1
80,2,1379.68,866.56,96.56,162.05,0.9265,2,1,-1
80,3,1390.38,570.51,39.43,101.10,0.9267,2,2,-1
80,4,965.90,563.65,38.67,93.50,0.9366,2,1,-1
80,5,1689.62,610.85,53.52,117.88,0.9328,2,1,-1
80,6,1721.69,419.58,23.98,64.17,0.9229,2,2,-1
80,7,1241.18,385.37,22.06,62.71,0.9053,2,1,-1
80,8,242.17,414.93,21.01,48.94,0.6491,1,4,-1
80,9,1554.16,338.29,23.89,47.65,0.8476,3,0,-1
80,0,423.19,464.85,11.62,11.99,1.0,0,-1,-1
81,1,1223.34,691.95,74.99,123.21,0.9324,2,2,-1
81,2,1385.17,865.56,100.09,162.16,0.9241,2,1,-1
81,3,1389.68,571.74,45.11,99.84,0.9286,2,2,-1
81,4,967.19,562.96,41.91,95.58,0.9315,2,1,-1
81,5,1693.58,611.06,50.96,117.19,0.9216,2,1,-1
81,6,1723.33,419.44,25.69,64.07,0.9192,2,2,-1
81,7,1242.05,385.36,23.35,65.01,0.9151,2,1,-1
81,8,242.06,414.90,21.00,49.02,0.7036,1,4,-1
81,9,1554.86,338.09,24.16,47.93,0.8514,3,0,-1
81,0,423.20,464.85,11.64,12.03,1.0,0,-1,-1
82,1,1236.10,695.06,70.94,121.10,0.9246,2,2,-1
82,2,1390.49,864.09,102.01,164.46,0.9207,2,1,-1
82,3,1389.64,573.26,49.49,98.77,0.9371,2,2,-1
82,4,968.91,563.26,45.85,98.61,0.9296,2,1,-1
82,5,1698.68,611.55,48.72,118.70,0.9388,2,1,-1
82,6,1724.93,418.86,28.43,64.38,0.9142,2,2,-1
82,7,1244.17,386.46,23.83,66.10,0.9042,2,1,-1
82,8,241.78,414.30,21.25,49.57,0.5864,1,4,-1
82,9,1556.52,337.63,25.06,49.07,0.8532,3,0,-1
82,0,423.17,464.64,11.67,12.67,1.0,0,-1,-1
83,1,1248.28,698.55,65.93,118.26,0.9208,2,2,-1
83,2,1401.25,862.95,97.24,164.18,0.9113,2,1,-1
83,3,1391.50,574.59,51.61,99.52,0.9384,2,2,-1
83,4,970.85,564.81,49.42,99.04,0.9323,2,1,-1
83,5,1702.62,612.37,49.71,119.20,0.9350,2,1,-1
83,6,1725.84,418.38,31.93,66.28,0.9210,2,2,-1
83,7,1246.98,387.01,24.02,67.43,0.9019,2,1,-1
83,8,241.55,414.49,21.63,49.95,0.6471,1,4,-1
83,9,1560.53,341.56,23.92,45.91,0.8558,3,0,-1
83,0,423.06,465.15,11.41,12.23,1.0,0,-1,-1
84,1,1268.12,699.05,55.58,117.20,0.9268,2,2,-1
84,2,1412.16,864.23,82.67,163.03,0.9230,2,1,-1
84,3,1392.43,575.25,53.05,100.33,0.9358,2,2,-1
84,4,974.32,565.43,50.34,98.08,0.9330,2,1,-1
84,5,1704.84,615.09,56.93,118.40,0.9356,2,1,-1
84,6,1727.45,418.54,34.69,66.39,0.9322,2,2,-1
84,7,1249.29,389.49,23.85,65.98,0.9064,2,1,-1
84,8,241.55,414.50,21.59,49.71,0.5626,1,4,-1
84,9,1563.05,339.89,25.02,48.31,0.5507,3,0,-1
84,0,423.05,464.98,11.22,12.28,1.0,0,-1,-1
85,1,1275.07,698.43,55.40,116.75,0.9316,2,2,-1
85,2,1427.34,864.46,65.01,162.38,0.9293,2,1,-1
85,3,1393.41,575.76,53.83,103.99,0.9322,2,2,-1
85,4,980.70,567.89,50.12,96.82,0.9022,2,1,-1
85,5,1705.94,616.42,62.71,117.86,0.9394,2,1,-1
85,6,1729.72,419.41,37.77,66.03,0.9336,2,2,-1
85,7,1251.56,391.18,23.97,64.37,0.9057,2,1,-1
85,8,241.77,415.15,21.31,48.91,0.7050,1,4,-1
85,9,1565.79,338.73,24.16,49.20,0.8617,3,0,-1
85,0,422.82,465.02,11.36,12.18,1.0,0,-1,-1
86,1,1277.22,697.60,59.39,116.76,0.9407,2,2,-1
86,2,1438.01,864.98,60.33,163.05,0.8108,2,1,-1
86,3,1395.28,575.85,54.29,104.63,0.9316,2,2,-1
86,4,991.51,569.79,46.97,95.91,0.8867,2,1,-1
86,5,1706.63,617.75,68.05,118.07,0.9402,2,1,-1
86,6,1732.87,420.65,37.80,67.24,0.9103,2,2,-1
86,7,1253.19,391.79,24.94,64.14,0.9104,2,1,-1
86,8,241.81,415.12,21.31,48.84,0.6587,1,4,-1
86,9,1569.22,338.35,23.91,49.32,0.7337,3,0,-1
86,0,422.68,464.99,11.51,12.18,1.0,0,-1,-1
87,1,1279.77,697.24,64.37,122.02,0.9362,2,2,-1
87,2,1453.46,862.96,54.63,164.67,0.9306,2,1,-1
87,3,1397.91,576.24,52.40,104.20,0.9353,2,2,-1
87,4,1000.48,570.42,44.55,95.35,0.8632,2,1,-1
87,5,1707.90,618.83,69.31,119.60,0.9488,2,1,-1
87,6,1738.18,422.45,36.85,65.79,0.9160,2,2,-1
87,7,1255.36,391.64,25.06,64.19,0.9085,2,1,-1
87,8,242.05,415.85,21.06,48.07,0.6967,1,4,-1
87,9,1572.95,335.37,25.63,51.50,0.8625,3,0,-1
87,0,422.84,464.91,11.43,12.17,1.0,0,-1,-1
88,1,1283.48,699.05,68.47,125.32,0.9372,2,2,-1
88,2,1455.01,862.35,61.53,166.06,0.9141,2,1,-1
88,3,1399.90,575.72,50.28,105.25,0.9374,2,2,-1
88,4,1006.35,570.07,42.33,95.28,0.9284,2,1,-1
88,5,1709.57,619.75,68.33,119.97,0.9471,2,1,-1
88,6,1746.56,423.69,32.80,64.93,0.9034,2,2,-1
88,7,1258.20,390.69,25.14,64.05,0.9113,2,1,-1
88,8,242.15,415.70,21.12,48.19,0.6780,1,4,-1
88,9,1575.00,338.90,25.70,50.17,0.8696,3,0,-1
88,0,422.56,464.99,11.61,12.14,1.0,0,-1,-1
89,1,1290.18,700.30,71.48,126.57,0.9441,2,2,-1
89,2,1453.62,862.21,66.55,166.37,0.9194,2,1,-1
89,3,1402.68,575.58,45.82,105.07,0.9370,2,2,-1
89,4,1009.97,569.11,42.36,94.89,0.9268,2,1,-1
89,5,1711.64,619.87,67.10,120.37,0.9393,2,1,-1
89,6,1753.89,424.10,30.23,64.21,0.9126,2,2,-1
89,7,1259.80,390.87,25.68,65.10,0.9027,2,1,-1
89,8,242.11,415.82,21.20,48.10,0.7094,1,4,-1
89,9,1578.22,340.77,24.11,46.51,0.8675,3,0,-1
89,0,422.56,464.89,11.23,12.29,1.0,0,-1,-1
90,1,1298.08,703.31,71.32,128.01,0.9335,2,2,-1
90,2,1455.43,863.66,79.08,165.37,0.9278,2,1,-1
90,3,1407.70,575.99,41.22,104.80,0.9453,2,2,-1
90,4,1011.45,568.66,44.29,98.87,0.9297,2,1,-1
90,5,1716.65,619.87,66.46,119.73,0.9442,2,1,-1
90,6,1757.74,423.52,31.00,64.86,0.9241,2,2,-1
90,7,1262.96,390.94,24.87,66.96,0.9059,2,1,-1
90,8,242.26,415.76,21.23,48.10,0.5956,1,4,-1
90,9,1582.08,342.84,23.34,45.00,0.6125,3,0,-1
90,0,422.62,465.20,11.11,11.80,1.0,0,-1,-1
91,1,1307.34,708.45,68.35,124.16,0.9152,2,2,-1
91,2,1456.87,864.22,90.78,165.64,0.9069,2,1,-1
91,3,1412.13,576.84,38.92,104.12,0.9334,2,2,-1
91,4,1014.73,568.85,45.75,100.19,0.9303,2,1,-1
91,5,1724.47,619.42,65.55,120.38,0.9471,2,1,-1
91,6,1760.26,423.00,33.38,66.60,0.9267,2,2,-1
91,7,1264.54,391.79,24.98,67.13,0.9109,2,1,-1
91,8,242.62,416.75,21.05,47.24,0.6343,1,4,-1
91,9,1585.54,342.75,23.28,45.16,0.6863,3,0,-1
91,0,422.55,465.04,11.27,12.11,1.0,0,-1,-1
92,1,1319.18,711.36,64.98,121.09,0.9295,2,2,-1
92,2,1458.19,866.08,95.85,163.15,0.8927,2,1,-1
92,3,1415.31,577.63,37.48,103.60,0.9271,2,2,-1
92,4,1017.40,569.61,47.64,102.01,0.9313,2,1,-1
92,5,1731.06,619.17,64.80,120.46,0.9345,2,1,-1
92,6,1762.90,423.12,35.47,67.83,0.9185,2,2,-1
92,7,1266.09,393.77,25.69,68.30,0.9124,2,1,-1
92,8,242.88,417.00,21.07,47.04,0.6076,1,4,-1
92,9,1587.75,340.44,24.26,47.02,0.7552,3,0,-1
92,0,422.69,464.93,11.14,12.09,1.0,0,-1,-1
93,1,1336.66,711.78,57.22,120.85,0.9278,2,2,-1
93,2,1462.82,862.99,101.33,163.08,0.9312,2,1,-1
93,3,1416.61,578.31,39.25,102.98,0.9271,2,2,-1
93,4,1022.66,571.03,47.82,101.76,0.9337,2,1,-1
93,5,1737.00,618.58,63.31,121.30,0.9287,2,1,-1
93,6,1765.55,422.94,36.53,68.70,0.9217,2,2,-1
93,7,1268.33,395.47,24.24,67.75,0.9045,2,1,-1
93,8,243.01,417.26,20.97,46.79,0.7061,1,4,-1
93,9,1591.15,339.08,24.10,47.90,0.8443,3,0,-1
93,0,422.54,464.93,11.17,11.96,1.0,0,-1,-1
94,1,1349.62,711.58,53.73,121.44,0.9416,2,2,-1
94,2,1465.71,862.59,102.74,165.41,0.8311,2,1,-1
94,3,1416.32,579.96,42.44,100.71,0.9340,2,2,-1
94,4,1028.68,574.44,45.53,99.14,0.9213,2,1,-1
94,5,1743.17,619.59,60.92,120.96,0.9407,2,1,-1
94,6,1770.93,423.84,36.11,69.63,0.9095,2,2,-1
94,7,1269.57,396.59,23.92,66.46,0.9118,2,1,-1
94,8,242.81,416.85,21.04,47.15,0.6562,1,4,-1
94,9,1594.25,340.45,23.47,45.83,0.8788,3,0,-1
94,0,422.31,464.92,11.21,12.05,1.0,0,-1,-1
95,1,1352.27,711.64,57.72,121.57,0.9412,2,2,-1
95,2,1472.94,860.95,99.37,162.40,0.9011,2,1,-1
95,3,1416.00,580.76,47.66,102.78,0.9316,2,2,-1
95,4,1039.63,577.09,40.82,95.99,0.9088,2,1,-1
95,5,1747.64,620.48,58.95,121.73,0.9279,2,1,-1
95,6,1777.84,425.54,33.62,68.70,0.9118,2,2,-1
95,7,1271.56,396.41,23.36,66.79,0.9054,2,1,-1
95,9,1596.25,340.79,24.96,46.89,0.8852,3,0,-1
95,0,422.45,465.02,11.35,12.07,1.0,0,-1,-1
96,1,1355.24,710.95,61.71,123.74,0.9419,2,2,-1
96,2,1482.61,862.20,90.66,161.17,0.9214,2,1,-1
96,3,1416.26,581.29,51.26,104.54,0.9333,2,2,-1
96,4,1047.86,577.96,35.31,95.25,0.8991,2,1,-1
96,5,1752.11,622.41,57.31,120.54,0.9300,2,1,-1
96,6,1785.48,428.19,29.61,66.12,0.9086,2,2,-1
96,7,1273.56,396.28,22.97,66.43,0.9042,2,1,-1
96,9,1600.00,340.60,24.79,46.56,0.8859,3,0,-1
96,0,422.17,464.75,11.58,12.20,1.0,0,-1,-1
97,1,1359.04,710.61,67.14,128.38,0.9414,2,2,-1
97,2,1495.23,861.47,81.53,161.17,0.9143,2,1,-1
97,3,1419.94,581.63,49.48,105.63,0.9346,2,2,-1
97,4,1053.78,577.99,34.17,95.58,0.9182,2,1,-1
97,5,1755.62,623.54,56.38,120.86,0.9351,2,1,-1
97,6,1791.85,429.73,26.29,64.54,0.9213,2,2,-1
97,7,1275.39,396.32,23.84,66.67,0.9040,2,1,-1
97,9,1602.80,342.21,25.38,47.29,0.8985,3,0,-1
97,0,422.40,464.58,11.46,12.20,1.0,0,-1,-1
98,1,1363.39,711.69,75.45,132.97,0.9432,2,2,-1
98,2,1507.54,863.01,68.20,157.23,0.8848,2,1,-1
98,3,1422.96,581.62,46.67,106.33,0.9343,2,2,-1
98,4,1055.25,577.36,38.60,95.88,0.9354,2,1,-1
98,5,1758.22,625.05,55.91,121.97,0.9364,2,1,-1
98,6,1795.20,428.86,27.50,65.32,0.9215,2,2,-1
98,7,1276.31,397.35,26.29,66.90,0.9161,2,1,-1
98,9,1605.93,343.05,23.97,45.76,0.8561,3,0,-1
98,0,422.44,464.67,11.45,12.18,1.0,0,-1,-1
99,1,1367.67,714.18,80.88,134.63,0.9412,2,2,-1
99,2,1522.58,862.91,53.63,158.70,0.9195,2,1,-1
99,3,1424.84,581.70,46.11,106.65,0.9317,2,2,-1
99,4,1056.14,576.21,43.60,98.88,0.9309,2,1,-1
99,5,1760.22,626.80,55.86,122.58,0.9377,2,1,-1
99,6,1796.86,427.96,30.67,67.15,0.9168,2,2,-1
99,7,1278.17,398.44,30.94,68.05,0.9293,2,1,-1
99,0,422.49,464.80,11.32,11.94,1.0,0,-1,-1
100,1,1374.36,718.29,78.04,131.04,0.9325,2,2,-1
100,2,1526.28,862.66,53.57,156.64,0.9196,2,1,-1
100,3,1429.89,581.09,42.92,107.43,0.9346,2,2,-1
100,4,1058.06,575.84,47.17,99.65,0.9348,2,1,-1
100,5,1762.55,627.68,56.04,123.45,0.9352,2,1,-1
100,6,1797.75,427.95,34.35,67.61,0.9284,2,2,-1
100,7,1279.91,400.72,33.31,67.21,0.9334,2,1,-1
100,8,239.35,402.91,25.81,60.23,0.5456,1,4,-1
100,0,422.53,464.82,11.36,12.04,1.0,0,-1,-1
101,1,1386.04,722.45,74.00,127.56,0.9191,2,2,-1
101,2,1526.98,863.00,63.42,163.15,0.9308,2,1,-1
101,3,1438.11,581.18,38.66,106.86,0.9229,2,2,-1
101,4,1060.91,576.34,50.49,100.64,0.9408,2,1,-1
101,5,1767.53,628.54,54.74,122.87,0.9274,2,1,-1
101,6,1799.93,428.26,38.84,68.15,0.9380,2,2,-1
101,7,1282.36,403.09,35.64,67.23,0.9218,2,1,-1
101,8,239.54,402.52,25.39,61.23,0.6607,1,4,-1
101,0,422.49,464.79,11.43,12.16,1.0,0,-1,-1
102,1,1402.70,723.76,67.15,125.86,0.9219,2,2,-1
102,2,1527.22,862.53,75.35,163.52,0.9510,2,1,-1
102,3,1442.30,581.66,37.13,106.50,0.9257,2,2,-1
102,4,1063.21,578.05,54.00,102.44,0.9318,2,1,-1
102,5,1770.21,629.83,53.27,121.95,0.9296,2,1,-1
102,6,1802.35,429.28,42.20,67.38,0.9274,2,2,-1
102,7,1286.04,406.14,35.08,65.94,0.9192,2,1,-1
102,8,239.63,402.62,25.17,61.39,0.5569,1,4,-1
102,9,1616.50,344.86,23.57,44.68,0.6266,3,0,-1
102,0,422.53,464.84,11.55,12.06,1.0,0,-1,-1
103,1,1420.12,725.30,61.00,124.95,0.9234,2,2,-1
103,2,1526.99,864.24,88.01,161.77,0.9382,2,1,-1
103,3,1445.02,582.91,37.22,105.27,0.9332,2,2,-1
103,4,1067.44,580.77,53.11,100.85,0.9294,2,1,-1
103,5,1774.73,630.13,52.45,121.48,0.9337,2,1,-1
103,6,1806.62,430.62,42.00,68.52,0.9237,2,2,-1
103,7,1288.75,406.89,32.76,65.17,0.9215,2,1,-1
103,8,239.80,402.48,24.96,61.53,0.5698,1,4,-1
103,9,1619.69,343.35,24.07,45.19,0.6885,3,0,-1
103,0,422.55,464.89,11.54,12.13,1.0,0,-1,-1
104,1,1430.57,725.65,58.45,124.64,0.9363,2,2,-1
104,2,1528.06,866.01,95.79,160.67,0.9390,2,1,-1
104,3,1446.04,583.77,39.55,104.30,0.9396,2,2,-1
104,4,1076.03,583.76,52.02,97.89,0.9236,2,1,-1
104,5,1780.14,629.69,50.58,122.03,0.9296,2,1,-1
104,6,1812.20,432.61,40.97,68.35,0.9198,2,2,-1
104,7,1290.37,407.85,31.00,64.33,0.9193,2,1,-1
104,8,239.91,401.82,24.92,62.10,0.6155,1,4,-1
104,9,1622.70,343.02,26.30,47.64,0.8373,3,0,-1
104,0,422.48,464.80,11.77,12.21,1.0,0,-1,-1
105,1,1435.18,725.61,63.31,124.15,0.9375,2,2,-1
105,2,1529.97,866.80,99.79,160.26,0.9413,2,1,-1
105,3,1447.48,584.55,41.49,104.29,0.9309,2,2,-1
105,4,1086.91,584.09,49.02,97.42,0.9028,2,1,-1
105,5,1784.81,629.79,48.31,122.02,0.9348,2,1,-1
105,6,1821.28,433.54,36.57,67.46,0.9144,2,2,-1
105,7,1290.60,407.69,30.37,63.97,0.9132,2,1,-1
105,8,240.08,401.82,24.61,62.08,0.7009,1,4,-1
105,9,1626.02,342.16,25.06,48.17,0.8741,3,0,-1
105,0,422.53,464.80,11.59,12.29,1.0,0,-1,-1
106,1,1437.36,725.55,71.19,133.70,0.9427,2,2,-1
106,2,1532.51,866.29,100.57,160.80,0.9375,2,1,-1
106,3,1449.53,585.21,45.20,104.74,0.9323,2,2,-1
106,4,1094.49,584.42,45.78,98.35,0.9284,2,1,-1
106,5,1790.47,630.74,47.51,123.98,0.9328,2,1,-1
106,6,1829.96,434.16,33.90,67.00,0.9184,2,2,-1
106,7,1290.18,407.12,30.63,65.56,0.9145,2,1,-1
106,8,240.11,401.90,24.46,62.01,0.6456,1,4,-1
106,9,1629.98,343.73,23.71,46.41,0.8142,3,0,-1
106,0,422.52,464.82,11.63,12.35,1.0,0,-1,-1
107,1,1442.24,726.25,75.28,137.46,0.9474,2,2,-1
107,2,1541.80,866.69,98.69,162.26,0.9357,2,1,-1
107,3,1451.14,586.22,49.64,104.85,0.9351,2,2,-1
107,4,1102.53,584.05,43.13,99.55,0.9293,2,1,-1
107,5,1792.70,631.67,53.04,123.74,0.9383,2,1,-1
107,6,1837.35,433.44,31.62,67.17,0.9241,2,2,-1
107,7,1287.53,407.28,32.83,67.39,0.9181,2,1,-1
107,8,240.15,401.83,24.40,62.18,0.6253,1,4,-1
107,9,1633.03,345.92,23.57,46.13,0.8611,3,0,-1
107,0,422.96,464.93,11.27,12.21,1.0,0,-1,-1
108,1,1449.36,728.98,81.20,137.64,0.9414,2,2,-1
108,2,1547.10,865.59,95.19,165.22,0.9359,2,1,-1
108,3,1453.54,586.90,51.34,104.99,0.9344,2,2,-1
108,4,1105.59,583.84,44.70,101.69,0.9300,2,1,-1
108,5,1793.95,633.75,63.85,122.10,0.9467,2,1,-1
108,6,1840.15,432.73,33.02,68.56,0.9249,2,2,-1
108,7,1283.05,407.80,36.24,68.48,0.9193,2,1,-1
108,8,240.26,402.24,24.16,61.72,0.6549,1,4,-1
108,9,1635.29,343.62,25.40,48.65,0.8649,3,0,-1
108,0,422.96,464.90,11.36,12.17,1.0,0,-1,-1
109,1,1458.78,733.17,79.45,137.22,0.9236,2,2,-1
109,2,1560.77,866.11,81.87,165.05,0.9243,2,1,-1
109,3,1455.51,587.90,53.77,105.63,0.9332,2,2,-1
109,4,1108.02,583.72,46.37,102.08,0.9337,2,1,-1
109,5,1793.96,635.19,71.45,122.63,0.9417,2,1,-1
109,6,1842.63,432.79,36.08,70.60,0.9295,2,2,-1
109,7,1281.57,409.27,37.27,68.10,0.9132,2,1,-1
109,9,1636.31,341.93,26.34,50.03,0.8514,3,0,-1
109,0,422.84,465.03,11.49,11.95,1.0,0,-1,-1
110,1,1472.32,736.93,72.26,134.05,0.9200,2,2,-1
110,2,1574.58,865.23,68.39,166.63,0.9266,2,1,-1
110,3,1457.11,587.84,55.24,106.95,0.9383,2,2,-1
110,4,1110.85,584.77,47.88,102.39,0.9341,2,1,-1
110,5,1793.96,637.49,75.01,122.74,0.9405,2,1,-1
110,6,1845.42,433.23,38.26,70.37,0.9224,2,2,-1
110,7,1280.41,411.03,38.96,67.63,0.9110,2,1,-1
110,9,1640.33,342.02,26.25,49.07,0.8848,3,0,-1
110,0,422.98,465.23,11.35,11.68,1.0,0,-1,-1
111,1,1487.41,740.14,66.14,132.57,0.9249,2,2,-1
111,2,1590.01,865.96,57.54,166.06,0.9087,2,1,-1
111,3,1460.00,588.29,55.94,106.85,0.9373,2,2,-1
111,4,1112.29,586.38,52.02,102.80,0.9353,2,1,-1
111,5,1795.00,638.45,74.62,125.11,0.9390,2,1,-1
111,6,1849.63,434.23,39.38,70.51,0.9154,2,2,-1
111,7,1275.93,412.23,42.39,66.41,0.9173,2,1,-1
111,9,1644.69,342.08,25.52,48.01,0.8803,3,0,-1
111,0,423.03,465.26,11.30,11.85,1.0,0,-1,-1
112,1,1505.54,742.82,58.51,129.29,0.9261,2,2,-1
112,2,1603.76,866.49,52.93,165.86,0.9176,2,1,-1
112,3,1462.95,588.11,55.03,107.07,0.9334,2,2,-1
112,4,1117.24,588.62,52.37,104.79,0.9294,2,1,-1
112,5,1798.49,639.39,72.08,124.95,0.9367,2,1,-1
112,6,1856.43,436.08,37.17,71.32,0.9143,2,2,-1
112,7,1273.09,412.78,45.39,66.70,0.9144,2,1,-1
112,9,1647.95,345.57,26.00,46.60,0.8819,3,0,-1
112,0,423.05,465.18,11.48,11.75,1.0,0,-1,-1
113,1,1517.36,743.34,55.54,127.13,0.9446,2,2,-1
113,2,1608.89,866.54,55.21,163.91,0.8237,2,1,-1
113,3,1466.07,587.85,53.61,107.66,0.9315,2,2,-1
113,4,1124.41,591.31,48.59,101.76,0.9176,2,1,-1
113,5,1802.23,639.63,69.30,124.93,0.9387,2,1,-1
113,6,1865.59,438.11,32.68,69.21,0.9124,2,2,-1
113,7,1271.06,411.91,46.15,66.76,0.9192,2,1,-1
113,9,1650.49,345.17,26.56,46.40,0.8747,3,0,-1
113,0,423.06,465.23,11.46,11.78,1.0,0,-1,-1
114,1,1521.24,742.64,62.10,128.63,0.9402,2,2,-1
114,2,1607.64,867.04,70.90,165.46,0.9386,2,1,-1
114,3,1470.82,587.83,49.41,107.83,0.9325,2,2,-1
114,4,1134.72,592.67,43.04,100.85,0.8969,2,1,-1
114,5,1809.67,639.66,63.49,124.70,0.9370,2,1,-1
114,6,1872.77,439.32,29.71,68.18,0.9178,2,2,-1
114,7,1271.91,411.18,44.09,68.02,0.9251,2,1,-1
114,9,1652.46,343.68,28.31,49.92,0.7023,3,0,-1
114,0,423.02,465.10,11.53,12.14,1.0,0,-1,-1
115,1,1523.46,742.35,71.10,132.76,0.9423,2,2,-1
115,2,1607.93,867.16,79.15,166.25,0.9248,2,1,-1
115,3,1476.60,588.17,44.97,108.30,0.9390,2,2,-1
115,4,1143.60,592.26,35.84,101.44,0.8953,2,1,-1
115,5,1819.76,639.15,56.13,125.23,0.9376,2,1,-1
115,6,1879.08,439.41,27.48,68.03,0.9180,2,2,-1
115,7,1270.81,410.50,42.72,68.08,0.9165,2,1,-1
115,9,1656.59,345.64,26.08,48.43,0.8266,3,0,-1
115,0,423.14,465.02,11.52,11.89,1.0,0,-1,-1
116,1,1527.39,742.61,76.46,140.45,0.9496,2,2,-1
116,2,1608.95,869.20,89.45,163.31,0.9336,2,1,-1
116,3,1481.82,588.43,41.61,107.94,0.9387,2,2,-1
116,4,1150.38,591.64,34.04,101.55,0.9182,2,1,-1
116,5,1830.34,638.64,49.70,125.88,0.9268,2,1,-1
116,6,1881.30,439.13,30.82,68.28,0.9150,2,2,-1
116,7,1270.00,410.89,42.18,68.88,0.9188,2,1,-1
116,9,1659.40,347.96,24.30,45.21,0.8368,3,0,-1
116,0,423.17,465.02,11.49,11.96,1.0,0,-1,-1
117,1,1533.54,744.57,82.99,141.36,0.9407,2,2,-1
117,2,1611.11,869.85,96.76,161.72,0.9286,2,1,-1
117,3,1485.31,589.54,42.92,106.72,0.9366,2,2,-1
117,4,1153.68,589.92,36.72,102.32,0.9214,2,1,-1
117,5,1839.87,639.32,43.83,124.94,0.9315,2,1,-1
117,6,1882.10,438.77,35.66,69.44,0.9224,2,2,-1
117,7,1268.23,411.22,41.04,70.46,0.8881,2,1,-1
117,9,1661.86,346.03,24.56,46.90,0.8748,3,0,-1
117,0,423.18,465.00,11.47,11.85,1.0,0,-1,-1
118,1,1541.76,747.37,88.57,141.32,0.9379,2,2,-1
118,2,1612.99,869.21,100.15,163.97,0.9049,2,1,-1
118,3,1485.75,590.55,50.18,106.40,0.9344,2,2,-1
118,4,1154.94,589.33,41.55,104.80,0.9274,2,1,-1
118,5,1845.87,639.64,42.30,126.83,0.9238,2,1,-1
118,6,1882.74,438.77,37.10,70.34,0.9294,2,2,-1
118,7,1267.18,412.65,39.15,71.29,0.9022,2,1,-1
118,9,1664.47,345.36,24.12,47.52,0.8864,3,0,-1
118,0,423.23,465.05,11.76,12.28,1.0,0,-1,-1
119,1,1548.95,751.46,85.11,139.49,0.9345,2,2,-1
119,2,1619.32,869.90,103.59,164.42,0.9183,2,1,-1
119,3,1485.28,591.57,57.98,106.84,0.9396,2,2,-1
119,4,1155.59,590.09,46.29,104.90,0.9332,2,1,-1
119,5,1848.15,641.25,45.22,127.91,0.9250,2,1,-1
119,6,1884.38,439.88,35.87,69.56,0.9123,2,2,-1
119,7,1264.65,414.48,36.59,70.02,0.9024,2,1,-1
119,9,1667.65,346.46,24.12,47.80,0.8737,3,0,-1
119,0,423.52,464.96,11.70,12.33,1.0,0,-1,-1
120,1,1561.92,756.38,82.83,136.34,0.9219,2,2,-1
120,2,1625.33,869.69,100.29,165.17,0.9111,2,1,-1
120,3,1484.96,592.08,60.56,107.47,0.9382,2,2,-1
120,4,1157.06,591.34,52.22,105.41,0.9353,2,1,-1
120,5,1849.27,643.17,49.48,127.81,0.9339,2,1,-1
120,6,1887.33,440.64,32.41,62.58,0.8945,2,2,-1
120,7,1261.76,415.60,34.44,68.43,0.9032,2,1,-1
120,9,1671.59,347.09,24.71,46.26,0.8879,3,0,-1
120,0,423.58,464.62,11.77,12.59,1.0,0,-1,-1
121,1,1582.63,758.86,76.02,134.56,0.9249,2,2,-1
121,2,1633.15,869.61,99.81,163.86,0.9148,2,1,-1
121,3,1486.27,592.48,59.90,108.72,0.9361,2,2,-1
121,4,1159.67,593.48,54.79,105.14,0.9384,2,1,-1
121,5,1851.15,646.15,56.75,125.25,0.9375,2,1,-1
121,6,1891.17,443.75,30.13,59.38,0.6961,2,2,-1
121,7,1258.54,416.21,35.34,68.12,0.9145,2,1,-1
121,8,248.08,405.84,22.14,57.13,0.5148,1,4,-1
121,9,1675.32,348.24,26.56,45.99,0.8945,3,0,-1
121,0,423.52,464.65,12.09,12.67,1.0,0,-1,-1
122,1,1606.58,760.37,65.17,133.65,0.9315,2,2,-1
122,2,1642.33,869.02,95.62,165.02,0.8460,2,1,-1
122,3,1491.80,592.97,55.29,107.98,0.9415,2,2,-1
122,4,1163.43,595.87,53.52,103.28,0.9311,2,1,-1
122,5,1851.50,648.92,62.80,122.63,0.9345,2,1,-1
122,7,1257.96,415.39,35.18,68.54,0.9167,2,1,-1
122,9,1676.72,347.64,27.65,45.58,0.8928,3,0,-1
122,0,423.66,464.96,11.91,12.21,1.0,0,-1,-1
123,1,1612.18,760.82,67.61,131.59,0.9389,2,2,-1
123,2,1657.04,868.28,82.37,165.44,0.8492,2,1,-1
123,3,1494.59,593.01,52.25,108.86,0.9430,2,2,-1
123,4,1169.29,596.51,49.22,103.25,0.9356,2,1,-1
123,5,1851.34,651.01,67.56,124.02,0.9437,2,1,-1
123,7,1256.38,414.59,35.51,69.14,0.9166,2,1,-1
123,8,248.36,405.93,22.92,57.95,0.6006,1,4,-1
123,9,1678.66,349.13,28.27,44.88,0.8958,3,0,-1
123,0,423.84,464.98,11.78,12.20,1.0,0,-1,-1
124,1,1613.84,760.89,74.18,133.98,0.9421,2,2,-1
124,2,1671.00,868.99,68.97,162.48,0.8030,2,1,-1
124,3,1497.17,592.70,50.63,109.54,0.9359,2,2,-1
124,4,1176.21,596.77,45.74,102.98,0.9272,2,1,-1
124,5,1852.32,652.38,66.98,119.43,0.9431,2,1,-1
124,7,1253.03,412.98,37.37,71.85,0.9299,2,1,-1
124,8,248.83,406.56,23.70,58.19,0.8765,1,4,-1
124,9,1679.96,349.87,28.38,45.12,0.6268,3,0,-1
124,0,423.75,465.05,11.86,12.19,1.0,0,-1,-1
125,1,1617.61,761.24,77.95,138.84,0.9419,2,2,-1
125,2,1681.65,869.08,57.49,164.08,0.9210,2,1,-1
125,3,1501.35,592.40,48.15,110.09,0.9297,2,2,-1
125,4,1184.96,595.98,41.86,103.97,0.9275,2,1,-1
125,5,1854.48,653.52,66.23,126.03,0.9278,2,1,-1
125,7,1250.40,413.15,38.04,71.41,0.9243,2,1,-1
125,8,248.98,406.26,24.20,58.79,0.9049,1,4,-1
125,9,1680.98,349.65,27.93,44.94,0.8207,3,0,-1
125,0,423.75,465.00,12.06,12.48,1.0,0,-1,-1
126,1,1624.13,763.18,79.82,139.40,0.9475,2,2,-1
126,2,1684.30,870.03,63.14,161.81,0.9156,2,1,-1
126,3,1510.36,592.23,40.97,109.91,0.9279,2,2,-1
126,4,1193.45,594.90,40.69,104.93,0.9176,2,1,-1
126,5,1860.97,654.27,59.91,126.03,0.9384,2,1,-1
126,7,1247.18,413.65,38.58,71.28,0.9280,2,1,-1
126,8,249.25,406.46,24.30,58.42,0.9120,1,4,-1
126,9,1681.84,349.22,27.76,45.24,0.6536,3,0,-1
126,0,423.77,465.02,11.90,12.35,1.0,0,-1,-1
127,1,1630.00,766.21,83.72,140.04,0.9387,2,2,-1
127,2,1685.01,869.79,74.98,167.55,0.9286,2,1,-1
127,3,1514.07,592.95,38.78,108.82,0.9275,2,2,-1
127,4,1197.50,594.34,40.81,105.42,0.9163,2,1,-1
127,5,1868.44,653.85,54.28,127.02,0.8921,2,1,-1
127,7,1241.55,416.07,40.96,71.01,0.9103,2,1,-1
127,8,249.59,407.19,24.09,57.54,0.9046,1,4,-1
127,9,1683.75,348.60,26.05,45.37,0.8140,3,0,-1
127,0,423.82,464.88,11.85,12.34,1.0,0,-1,-1
128,1,1639.64,770.12,83.68,140.60,0.9416,2,2,-1
128,2,1685.85,871.16,85.21,164.27,0.9210,2,1,-1
128,3,1514.02,593.18,40.34,108.99,0.9303,2,2,-1
128,4,1199.05,594.78,40.52,107.76,0.9093,2,1,-1
128,5,1878.33,654.29,45.06,126.46,0.8893,2,1,-1
128,7,1235.93,416.53,41.37,70.80,0.8690,2,1,-1
128,8,249.96,407.13,24.42,57.92,0.7821,1,4,-1
128,9,1685.81,348.23,23.97,45.37,0.8462,3,0,-1
128,0,423.82,464.83,11.87,12.36,1.0,0,-1,-1
129,1,1652.07,775.23,80.48,138.46,0.9270,2,2,-1
129,2,1685.36,875.88,95.88,162.85,0.9246,2,1,-1
129,3,1514.24,593.29,42.92,107.66,0.9373,2,2,-1
129,4,1200.48,595.69,42.64,108.31,0.9295,2,1,-1
129,5,1889.41,665.99,33.77,114.30,0.8752,2,1,-1
129,7,1231.08,417.01,38.84,70.96,0.8858,2,1,-1
129,8,251.22,408.11,24.60,56.84,0.7852,1,4,-1
129,9,1687.64,347.74,21.91,45.62,0.8750,3,0,-1
129,0,423.85,465.12,11.88,12.34,1.0,0,-1,-1
130,1,1668.71,780.86,73.57,134.59,0.9204,2,2,-1
130,2,1687.23,877.49,102.42,161.83,0.9301,2,1,-1
130,3,1514.97,594.80,46.84,105.82,0.9333,2,2,-1
130,4,1200.74,597.22,46.06,110.02,0.9398,2,1,-1
130,5,1897.82,669.21,26.68,110.83,0.8356,2,1,-1
130,7,1228.64,417.03,34.74,69.74,0.9021,2,1,-1
130,8,252.36,409.29,25.26,56.16,0.7684,1,4,-1
130,9,1688.14,346.25,21.34,47.25,0.8756,3,0,-1
130,0,423.97,465.10,11.81,12.51,1.0,0,-1,-1
131,2,1689.45,878.17,104.09,159.09,0.9336,2,1,-1
131,3,1515.69,595.54,51.08,106.39,0.9351,2,2,-1
131,4,1202.60,599.74,45.10,108.18,0.9339,2,1,-1
131,5,1900.85,673.22,22.51,106.57,0.7923,2,1,-1
131,7,1224.90,415.64,32.14,71.00,0.9138,2,1,-1
131,8,252.88,410.05,26.69,56.28,0.7867,1,4,-1
131,9,1687.98,344.12,21.43,49.70,0.8703,3,0,-1
131,0,424.00,465.19,11.94,12.33,1.0,0,-1,-1
132,1,1704.02,783.54,61.00,132.96,0.9330,2,2,-1
132,2,1696.11,878.72,106.40,164.02,0.9253,2,1,-1
132,3,1517.74,596.84,52.43,106.30,0.9315,2,2,-1
132,4,1205.72,600.46,43.01,107.07,0.9312,2,1,-1
132,5,1904.09,699.74,16.47,79.98,0.7956,2,1,-1
132,7,1224.55,414.71,30.36,72.11,0.9076,2,1,-1
132,8,253.89,410.30,26.89,55.80,0.6055,1,4,-1
132,9,1687.55,342.99,21.66,50.43,0.8723,3,0,-1
132,0,423.94,465.24,12.00,12.45,1.0,0,-1,-1
133,1,1707.72,782.36,68.83,136.87,0.9436,2,2,-1
133,2,1707.56,919.09,86.91,124.06,0.8812,2,1,-1
133,3,1520.02,597.21,52.60,107.69,0.9231,2,2,-1
133,4,1210.29,600.62,40.17,106.95,0.9299,2,1,-1
133,5,1903.55,684.60,18.15,95.36,0.7628,2,1,-1
133,7,1222.43,414.44,30.03,73.42,0.9148,2,1,-1
133,8,254.49,410.97,28.20,54.73,0.8485,1,4,-1
133,9,1687.12,344.02,21.60,49.60,0.8731,3,0,-1
133,0,423.86,465.15,12.10,12.45,1.0,0,-1,-1
134,1,1711.24,781.71,76.85,138.05,0.9405,2,2,-1
134,3,1522.19,595.56,52.84,110.57,0.9263,2,2,-1
134,4,1217.85,600.63,37.77,106.75,0.9243,2,1,-1
134,5,1904.13,680.43,18.07,99.56,0.6417,2,1,-1
134,7,1218.01,413.63,32.56,74.23,0.9292,2,1,-1
134,8,256.90,410.85,28.13,54.62,0.7236,1,4,-1
134,9,1686.96,347.12,21.39,46.71,0.8775,3,0,-1
134,0,423.98,465.15,11.99,12.56,1.0,0,-1,-1
135,1,1714.63,783.76,86.04,136.98,0.9404,2,2,-1
135,3,1524.81,593.75,51.12,113.20,0.9290,2,2,-1
135,4,1223.03,600.24,37.56,107.39,0.9189,2,1,-1
135,5,1905.16,684.70,16.79,96.46,0.6068,2,1,-1
135,7,1213.24,413.97,33.68,74.11,0.9205,2,1,-1
135,8,259.45,412.84,26.72,53.36,0.7820,1,4,-1
135,9,1685.71,348.13,22.15,46.05,0.8940,3,0,-1
135,0,423.93,465.15,11.77,12.11,1.0,0,-1,-1
136,1,1720.73,785.37,90.94,149.84,0.9393,2,2,-1
136,3,1527.10,592.95,49.13,114.60,0.9267,2,2,-1
136,4,1224.53,600.32,38.49,106.96,0.8951,2,1,-1
136,7,1209.19,416.65,33.17,72.85,0.9162,2,1,-1
136,8,261.89,415.25,25.90,52.09,0.8603,1,4,-1
136,9,1684.68,346.90,23.28,47.64,0.8994,3,0,-1
136,0,423.91,464.91,11.89,12.59,1.0,0,-1,-1
137,1,1728.52,787.72,99.08,152.70,0.9243,2,2,-1
137,3,1529.38,592.07,48.05,115.02,0.9212,2,2,-1
137,4,1225.18,600.37,42.80,106.55,0.9073,2,1,-1
137,7,1206.49,419.42,29.51,68.73,0.8238,2,1,-1
137,8,262.99,416.45,26.92,51.30,0.8527,1,4,-1
137,9,1683.75,347.21,23.37,46.75,0.9017,3,0,-1
137,0,423.87,465.00,12.02,12.56,1.0,0,-1,-1
138,1,1738.00,794.62,97.41,151.88,0.9212,2,2,-1
138,3,1531.56,590.45,47.28,116.47,0.9185,2,2,-1
138,4,1227.09,600.91,44.26,107.20,0.9231,2,1,-1
138,7,1203.44,420.16,25.63,64.70,0.8732,2,1,-1
138,8,266.00,415.70,27.65,51.27,0.6515,1,4,-1
138,9,1682.45,348.16,24.61,46.36,0.8980,3,0,-1
138,0,424.00,465.14,11.84,12.39,1.0,0,-1,-1
139,1,1754.76,798.26,90.07,149.87,0.9165,2,2,-1
139,3,1533.85,590.07,46.56,117.20,0.9264,2,2,-1
139,4,1227.96,602.09,45.41,106.70,0.9277,2,1,-1
139,7,1198.79,419.31,25.62,70.04,0.8594,2,1,-1
139,9,1680.96,349.46,25.72,44.92,0.9016,3,0,-1
139,0,423.93,465.21,11.85,12.31,1.0,0,-1,-1
140,1,1765.71,883.62,85.82,164.80,0.9399,2,2,-1
140,3,1536.00,589.06,46.96,118.52,0.9278,2,2,-1
140,4,1229.64,603.07,46.46,106.83,0.9351,2,1,-1
140,7,1194.30,420.23,25.00,68.28,0.9053,2,1,-1
140,8,269.70,412.81,28.63,48.98,0.6034,1,4,-1
140,9,1678.88,350.13,25.52,43.27,0.8966,3,0,-1
140,0,423.85,465.04,11.99,12.83,1.0,0,-1,-1
141,1,1768.20,882.17,91.42,166.57,0.9191,2,2,-1
141,3,1538.26,588.23,46.14,119.49,0.9226,2,2,-1
141,4,1231.41,604.27,46.66,106.16,0.9344,2,1,-1
141,7,1191.16,417.32,26.41,72.06,0.8452,2,1,-1
141,8,288.30,432.37,19.02,35.33,0.7434,1,4,-1
141,9,1676.69,350.52,25.42,42.65,0.8900,3,0,-1
141,0,423.91,465.11,11.92,12.73,1.0,0,-1,-1
142,1,1769.70,882.37,98.13,168.40,0.8979,2,2,-1
142,3,1541.40,587.13,44.46,120.82,0.9239,2,2,-1
142,4,1234.07,605.40,44.04,105.34,0.9233,2,1,-1
142,7,1185.19,416.22,30.97,72.98,0.9216,2,1,-1
142,8,286.00,414.48,24.83,54.85,0.8488,1,4,-1
142,9,1673.87,349.61,23.31,42.15,0.9006,3,0,-1
142,0,423.61,465.07,11.97,12.60,1.0,0,-1,-1
143,1,1826.10,805.23,69.03,142.77,0.9081,2,2,-1
143,3,1545.37,586.95,44.07,121.21,0.9191,2,2,-1
143,4,1238.34,606.00,40.62,104.79,0.9195,2,1,-1
143,7,1178.71,416.05,34.58,73.18,0.9233,2,1,-1
143,8,289.49,414.43,22.54,55.07,0.8731,1,4,-1
143,9,1671.48,348.56,22.78,44.05,0.8958,3,0,-1
143,0,423.18,465.23,11.96,12.76,1.0,0,-1,-1
144,1,1836.35,805.42,67.42,148.66,0.9211,2,2,-1
144,2,1771.57,894.43,104.04,155.92,0.7775,2,1,-1
144,3,1550.65,586.91,43.31,120.71,0.9276,2,2,-1
144,4,1241.13,606.22,36.50,103.29,0.9238,2,1,-1
144,7,1173.72,416.50,36.54,73.65,0.9234,2,1,-1
144,9,1670.11,348.85,22.98,43.69,0.8932,3,0,-1
144,0,423.17,465.24,11.94,12.70,1.0,0,-1,-1
145,1,1844.78,807.84,66.18,147.61,0.9002,2,2,-1
145,3,1554.29,588.82,44.04,119.04,0.9322,2,2,-1
145,4,1243.11,605.61,35.69,104.60,0.9201,2,1,-1
145,7,1171.52,417.64,33.91,72.25,0.9160,2,1,-1
145,9,1666.19,342.60,25.86,49.88,0.8835,3,0,-1
145,0,422.95,465.20,11.15,12.54,1.0,0,-1,-1
146,1,1860.12,809.89,61.81,156.60,0.9138,2,2,-1
146,3,1555.33,588.47,46.68,120.72,0.9320,2,2,-1
146,4,1244.25,605.77,33.88,105.74,0.9161,2,1,-1
146,7,1169.15,417.41,30.10,72.82,0.9162,2,1,-1
146,8,295.87,409.71,28.14,58.84,0.8381,1,4,-1
146,9,1663.88,342.40,26.23,49.26,0.9018,3,0,-1
146,0,422.55,465.20,11.36,12.74,1.0,0,-1,-1
147,1,1867.62,810.37,61.76,163.07,0.6748,2,2,-1
147,2,1797.07,881.73,102.89,171.01,0.6809,2,1,-1
147,3,1555.72,586.12,51.49,122.70,0.9278,2,2,-1
147,4,1244.98,605.15,32.86,108.31,0.9143,2,1,-1
147,7,1166.05,417.98,25.25,71.10,0.9051,2,1,-1
147,8,299.31,429.60,24.24,40.40,0.8487,1,4,-1
147,9,1661.48,344.40,26.23,47.30,0.8725,3,0,-1
147,0,421.89,464.99,11.58,13.10,1.0,0,-1,-1
148,2,1833.84,883.76,64.21,111.11,0.6851,2,1,-1
148,3,1554.09,585.41,53.73,126.51,0.9351,2,2,-1
148,4,1245.56,605.92,32.94,112.10,0.9156,2,1,-1
148,7,1161.29,417.62,23.36,72.74,0.8997,2,1,-1
148,8,300.83,410.17,32.37,55.01,0.7665,1,4,-1
148,9,1657.84,347.53,25.90,45.03,0.8812,3,0,-1
148,0,421.72,465.16,11.62,12.43,1.0,0,-1,-1
149,2,1825.84,883.61,73.80,163.81,0.8166,2,1,-1
149,3,1553.29,585.46,54.64,127.20,0.9353,2,2,-1
149,4,1245.52,607.37,31.97,110.54,0.9144,2,1,-1
149,7,1157.98,417.43,23.11,73.19,0.9091,2,1,-1
149,8,309.28,409.44,29.06,62.74,0.8808,1,4,-1
149,9,1654.47,350.59,24.40,42.30,0.8828,3,0,-1
149,0,421.49,465.59,11.52,12.30,1.0,0,-1,-1
150,2,1843.43,884.23,62.47,168.98,0.8841,2,1,-1
150,3,1553.43,586.12,54.79,127.00,0.9374,2,2,-1
150,4,1245.85,608.44,32.24,109.76,0.9156,2,1,-1
150,7,1152.86,417.31,24.70,73.21,0.9070,2,1,-1
150,8,317.43,430.60,18.98,42.38,0.8240,1,4,-1
150,9,1651.03,349.42,23.15,42.77,0.8681,3,0,-1
150,0,420.68,465.49,11.58,12.16,1.0,0,-1,-1
151,2,1848.41,885.11,63.99,164.14,0.9218,2,1,-1
151,3,1553.12,587.59,54.87,125.61,0.9388,2,2,-1
151,4,1244.90,609.61,32.85,109.17,0.9161,2,1,-1
151,7,1146.25,417.39,28.41,73.71,0.9207,2,1,-1
151,8,319.69,416.30,22.73,56.73,0.8610,1,4,-1
151,9,1647.68,346.50,22.23,45.81,0.8575,3,0,-1
151,0,419.98,465.52,11.36,12.01,1.0,0,-1,-1
152,2,1846.75,885.26,72.12,171.70,0.9294,2,1,-1
152,3,1552.43,586.72,54.95,126.13,0.9346,2,2,-1
152,4,1243.52,610.33,35.38,108.84,0.9220,2,1,-1
152,7,1142.01,418.79,28.55,73.30,0.9064,2,1,-1
152,8,322.17,411.45,24.81,61.43,0.9018,1,4,-1
152,9,1646.09,345.61,20.91,45.95,0.8665,3,0,-1
152,0,419.08,465.38,11.39,12.19,1.0,0,-1,-1
153,2,1846.27,886.19,72.82,168.47,0.9221,2,1,-1
153,3,1553.71,589.32,54.07,123.81,0.9334,2,2,-1
153,4,1241.42,611.28,38.66,108.21,0.9327,2,1,-1
153,7,1139.13,419.63,26.52,72.35,0.8970,2,1,-1
153,8,323.64,410.79,27.65,62.08,0.9054,1,4,-1
153,9,1642.99,344.61,20.90,46.09,0.8770,3,0,-1
153,0,418.38,465.40,11.07,12.18,1.0,0,-1,-1
154,2,1845.79,889.48,73.48,161.80,0.9211,2,1,-1
154,3,1558.17,588.39,50.57,124.88,0.9284,2,2,-1
154,4,1239.87,611.25,40.04,108.62,0.9313,2,1,-1
154,7,1135.20,420.38,24.14,70.99,0.8894,2,1,-1
154,8,324.14,408.38,31.96,65.28,0.9147,1,4,-1
154,9,1639.64,343.90,21.87,47.00,0.8824,3,0,-1
154,0,417.59,464.85,11.45,12.71,1.0,0,-1,-1
155,2,1845.25,887.20,74.94,166.99,0.9254,2,1,-1
155,3,1562.13,588.08,47.33,125.53,0.9278,2,2,-1
155,4,1238.08,611.16,39.34,109.10,0.9178,2,1,-1
155,7,1129.83,420.07,23.69,71.75,0.8860,2,1,-1
155,8,326.32,407.42,36.37,65.80,0.9345,1,4,-1
155,9,1635.25,343.37,22.26,47.09,0.8928,3,0,-1
155,0,416.93,465.77,11.32,11.85,1.0,0,-1,-1
156,2,1846.14,890.32,73.71,162.97,0.9038,2,1,-1
156,3,1565.67,587.12,44.43,125.85,0.9312,2,2,-1
156,4,1235.17,611.54,38.65,108.61,0.9205,2,1,-1
156,7,1126.12,419.37,22.93,72.52,0.8873,2,1,-1
156,8,328.49,408.50,38.11,65.21,0.9356,1,4,-1
156,9,1631.72,342.32,21.38,48.67,0.8824,3,0,-1
156,0,685.66,469.71,12.31,12.24,1.0,0,-1,-1
157,2,1846.26,889.90,73.86,163.91,0.8946,2,1,-1
157,3,1570.35,586.51,41.02,126.84,0.9229,2,2,-1
157,4,1233.37,611.66,38.47,108.67,0.9263,2,1,-1
157,7,1121.36,418.30,24.33,73.80,0.8827,2,1,-1
157,8,333.46,410.24,35.68,64.52,0.8714,1,4,-1
157,9,1628.23,343.51,19.21,47.57,0.8564,3,0,-1
158,2,1852.56,891.08,69.06,160.70,0.8734,2,1,-1
158,3,1569.92,586.97,41.34,126.16,0.9279,2,2,-1
158,4,1232.26,611.56,37.35,109.00,0.9342,2,1,-1
158,7,1114.68,417.73,29.07,74.44,0.9156,2,1,-1
158,8,341.16,414.00,29.78,60.78,0.8970,1,4,-1
158,9,1624.27,343.85,17.93,46.05,0.8200,3,0,-1
158,0,412.90,465.33,12.13,12.17,1.0,0,-1,-1
159,2,1858.93,894.64,66.61,157.47,0.5550,2,1,-1
159,3,1569.40,587.70,42.50,125.27,0.9310,2,2,-1
159,4,1229.09,611.94,38.28,109.70,0.9391,2,1,-1
159,7,1106.02,418.01,35.48,75.29,0.9237,2,1,-1
159,8,347.05,417.99,26.32,56.07,0.8811,1,4,-1
159,9,1620.40,345.38,17.70,43.34,0.8757,3,0,-1
159,0,412.22,465.59,11.71,11.63,1.0,0,-1,-1
160,2,1867.73,896.38,61.47,152.22,0.5824,2,1,-1
160,3,1569.22,589.58,43.87,122.78,0.9293,2,2,-1
160,4,1225.97,612.48,39.75,109.49,0.9321,2,1,-1
160,7,1102.66,418.98,36.93,73.90,0.9257,2,1,-1
160,8,351.34,413.05,26.59,61.02,0.8950,1,4,-1
160,9,1616.61,344.67,19.67,44.55,0.8711,3,0,-1
160,0,411.68,465.20,11.72,12.22,1.0,0,-1,-1
161,2,1876.96,898.74,54.31,150.68,0.6596,2,1,-1
161,3,1570.17,593.12,45.23,119.03,0.9283,2,2,-1
161,4,1222.86,613.15,42.20,109.74,0.9360,2,1,-1
161,7,1101.43,419.81,36.36,72.81,0.9242,2,1,-1
161,8,354.32,411.25,28.32,62.68,0.8994,1,4,-1
161,9,1612.79,344.33,20.59,44.42,0.8629,3,0,-1
161,0,411.32,465.56,11.33,11.72,1.0,0,-1,-1
162,3,1571.35,597.11,47.84,115.67,0.9324,2,2,-1
162,4,1219.63,614.04,45.24,109.33,0.9407,2,1,-1
162,7,1099.54,419.40,35.18,73.54,0.9299,2,1,-1
162,8,357.52,410.45,32.23,63.76,0.9312,1,4,-1
162,9,1608.92,343.52,22.33,44.89,0.8839,3,0,-1
162,0,410.08,465.50,11.65,12.31,1.0,0,-1,-1
163,3,1574.50,603.18,47.31,112.03,0.9338,2,2,-1
163,4,1218.23,614.62,46.75,110.08,0.9482,2,1,-1
163,7,1096.48,419.26,32.61,73.24,0.9152,2,1,-1
163,8,362.50,411.91,34.18,62.14,0.9073,1,4,-1
163,9,1605.28,343.18,23.55,45.68,0.8648,3,0,-1
163,0,409.64,465.30,11.85,12.71,1.0,0,-1,-1
164,3,1576.24,604.84,46.51,111.97,0.9380,2,2,-1
164,4,1216.74,614.82,47.04,109.13,0.9457,2,1,-1
164,7,1094.00,418.10,28.59,74.73,0.8969,2,1,-1
164,8,366.73,412.97,34.80,61.37,0.8932,1,4,-1
164,9,1602.20,343.42,23.12,46.48,0.8687,3,0,-1
164,0,410.56,466.16,10.20,11.62,1.0,0,-1,-1
165,3,1577.55,605.04,45.20,112.60,0.9388,2,2,-1
165,4,1215.15,615.48,45.35,108.20,0.9382,2,1,-1
165,7,1090.57,416.26,24.63,76.00,0.8940,2,1,-1
165,8,372.23,413.43,29.30,55.64,0.8884,1,4,-1
165,9,1598.20,344.12,20.28,44.31,0.8643,3,0,-1
165,0,408.85,465.56,10.39,11.48,1.0,0,-1,-1
166,3,1578.61,606.08,44.16,111.46,0.9380,2,2,-1
166,4,1213.86,615.26,44.27,109.13,0.9348,2,1,-1
166,7,1087.40,415.79,21.88,75.84,0.8832,2,1,-1
166,8,377.61,415.48,28.27,59.24,0.9064,1,4,-1
166,9,1593.61,343.83,18.31,43.02,0.8149,3,0,-1
166,0,408.07,465.57,9.86,10.51,1.0,0,-1,-1
167,3,1579.16,606.80,43.77,111.31,0.9373,2,2,-1
167,4,1212.08,615.02,42.13,109.47,0.9357,2,1,-1
167,7,1085.82,445.17,14.88,47.33,0.8109,2,1,-1
167,8,383.38,415.01,27.89,61.16,0.9063,1,4,-1
167,9,1590.00,344.79,17.86,43.67,0.8605,3,0,-1
168,3,1578.98,607.35,43.43,111.45,0.9350,2,2,-1
168,4,1210.36,615.04,39.22,108.95,0.9273,2,1,-1
168,7,1079.27,416.35,21.80,76.12,0.8767,2,1,-1
168,8,388.31,414.29,29.72,62.57,0.9155,1,4,-1
168,9,1585.58,341.91,19.35,45.82,0.8424,3,0,-1
168,0,675.18,469.75,12.88,11.91,1.0,0,-1,-1
169,3,1578.78,607.38,42.74,111.41,0.9341,2,2,-1
169,4,1209.13,615.47,36.76,108.77,0.9328,2,1,-1
169,7,1074.51,416.84,22.22,75.19,0.8888,2,1,-1
169,8,390.60,412.63,32.06,64.20,0.9179,1,4,-1
169,9,1581.16,341.70,20.50,44.58,0.8704,3,0,-1
169,0,674.20,469.50,13.10,11.95,1.0,0,-1,-1
170,3,1577.76,607.01,42.39,111.29,0.9324,2,2,-1
170,4,1205.52,615.75,38.60,108.74,0.9323,2,1,-1
170,7,1066.23,418.46,25.37,74.39,0.8758,2,1,-1
170,8,391.68,412.86,32.84,64.58,0.9210,1,4,-1
170,9,1574.68,335.11,24.22,52.23,0.8820,3,0,-1
170,0,457.95,466.55,15.57,15.52,1.0,0,-1,-1
171,3,1577.62,606.84,41.66,111.55,0.9299,2,2,-1
171,4,1199.05,616.05,43.34,111.71,0.9287,2,1,-1
171,7,1058.83,424.52,27.51,69.33,0.8935,2,1,-1
171,8,392.40,413.28,32.07,64.42,0.9339,1,4,-1
171,9,1569.91,340.91,23.87,46.11,0.8750,3,0,-1
171,0,474.75,469.14,16.80,13.50,1.0,0,-1,-1
172,3,1576.77,606.65,40.53,111.83,0.9286,2,2,-1
172,4,1194.12,617.37,46.18,111.08,0.9294,2,1,-1
172,7,1051.19,422.11,32.92,73.51,0.9214,2,1,-1
172,8,393.41,415.48,28.62,64.50,0.9153,1,4,-1
172,9,1563.20,341.71,24.14,45.09,0.8584,3,0,-1
172,0,491.31,470.54,15.62,12.22,1.0,0,-1,-1
173,3,1576.22,606.33,39.40,111.71,0.9298,2,2,-1
173,4,1187.77,618.01,50.62,112.63,0.9325,2,1,-1
173,7,1047.00,423.21,33.17,72.54,0.9198,2,1,-1
173,8,396.49,430.29,22.52,49.39,0.8908,1,4,-1
173,9,1558.32,342.24,23.43,44.07,0.6170,3,0,-1
173,0,507.49,471.44,13.29,10.96,1.0,0,-1,-1
174,3,1577.39,606.27,36.43,111.04,0.9252,2,2,-1
174,4,1183.45,618.43,52.08,113.47,0.9341,2,1,-1
174,7,1042.56,423.99,33.10,71.59,0.9169,2,1,-1
174,8,396.79,432.00,21.21,48.08,0.8671,1,4,-1
174,9,1550.30,338.29,23.39,48.52,0.8480,3,0,-1
174,0,525.33,471.80,14.50,13.00,1.0,0,-1,-1
175,3,1578.64,606.50,32.34,110.75,0.9035,2,2,-1
175,4,1177.85,620.38,53.83,112.29,0.9360,2,1,-1
175,7,1038.29,424.08,30.27,71.37,0.9072,2,1,-1
175,8,396.71,437.27,19.57,43.51,0.8425,1,4,-1
175,9,1543.05,337.58,21.96,48.36,0.7812,3,0,-1
175,0,539.38,471.89,14.87,13.97,1.0,0,-1,-1
176,3,1578.72,606.55,29.14,110.28,0.9177,2,2,-1
176,4,1172.27,620.86,56.79,112.75,0.9288,2,1,-1
176,7,1034.18,422.87,27.11,72.36,0.8960,2,1,-1
176,8,391.52,414.29,28.21,66.38,0.8513,1,4,-1
176,9,1534.88,341.02,20.88,45.41,0.6324,3,0,-1
176,0,552.09,473.36,16.11,12.22,1.0,0,-1,-1
177,3,1576.35,606.63,27.77,110.62,0.9218,2,2,-1
177,4,1169.04,621.51,55.94,111.59,0.9379,2,1,-1
177,7,1028.73,421.23,25.79,73.91,0.8558,2,1,-1
177,8,392.92,435.99,21.08,45.06,0.8320,1,4,-1
177,0,566.67,473.27,16.14,14.51,1.0,0,-1,-1
178,3,1572.25,606.51,27.72,110.51,0.9109,2,2,-1
178,4,1163.55,622.04,57.71,110.99,0.9344,2,1,-1
178,7,1023.59,421.56,24.41,73.07,0.8848,2,1,-1
178,8,390.48,434.55,23.85,46.80,0.8662,1,4,-1
178,9,1520.09,337.18,21.42,47.89,0.8396,3,0,-1
178,0,579.74,474.26,15.26,13.56,1.0,0,-1,-1
179,3,1568.22,606.78,28.01,109.60,0.9151,2,2,-1
179,4,1160.09,622.40,56.48,110.81,0.9374,2,1,-1
179,7,1015.13,421.35,25.49,73.62,0.8926,2,1,-1
179,8,387.58,429.14,26.79,52.60,0.8720,1,4,-1
179,9,1511.06,331.31,23.49,54.17,0.8629,3,0,-1
179,0,593.44,475.24,14.07,12.60,1.0,0,-1,-1
180,3,1563.41,606.65,29.62,110.48,0.9259,2,2,-1
180,4,1157.16,622.60,55.58,110.76,0.9367,2,1,-1
180,7,1008.68,423.94,25.11,71.06,0.8790,2,1,-1
180,8,383.48,417.77,31.24,65.62,0.8955,1,4,-1
180,9,1504.04,334.38,22.10,50.56,0.8704,3,0,-1
180,0,606.42,477.05,14.39,11.90,1.0,0,-1,-1
181,3,1557.57,607.11,32.65,109.48,0.9221,2,2,-1
181,4,1152.60,623.25,55.24,111.40,0.9319,2,1,-1
181,7,1002.11,424.98,24.93,71.30,0.9084,2,1,-1
181,8,381.95,424.24,27.37,59.88,0.8563,1,4,-1
181,9,1496.17,333.44,21.63,51.02,0.8216,3,0,-1
181,0,617.77,477.09,15.30,12.80,1.0,0,-1,-1
182,3,1552.17,607.21,36.17,109.70,0.9326,2,2,-1
182,4,1148.32,623.15,52.16,110.94,0.9366,2,1,-1
182,7,994.67,425.42,25.25,71.22,0.8913,2,1,-1
182,8,381.88,437.30,21.94,47.97,0.8432,1,4,-1
182,9,1488.50,335.61,20.58,49.21,0.8186,3,0,-1
182,0,626.45,474.20,16.52,16.85,1.0,0,-1,-1
183,3,1546.25,607.27,38.50,108.97,0.9297,2,2,-1
183,4,1144.06,624.10,50.18,110.60,0.9257,2,1,-1
183,7,987.92,426.69,25.06,70.12,0.8964,2,1,-1
183,8,379.91,439.36,21.46,46.37,0.8422,1,4,-1
183,9,1480.06,342.49,18.35,42.85,0.8259,3,0,-1
183,0,639.76,479.84,13.55,12.32,1.0,0,-1,-1
184,3,1540.04,607.36,41.38,108.95,0.9343,2,2,-1
184,4,1139.09,624.70,47.93,109.99,0.9352,2,1,-1
184,7,981.30,426.15,24.78,70.63,0.8963,2,1,-1
184,8,378.15,440.77,21.32,45.38,0.8612,1,4,-1
184,9,1471.41,340.77,19.40,44.75,0.5138,3,0,-1
184,0,650.16,480.24,13.92,12.29,1.0,0,-1,-1
185,3,1533.54,607.67,43.87,108.64,0.9361,2,2,-1
185,4,1134.18,625.84,45.78,110.22,0.9254,2,1,-1
185,7,975.00,426.62,24.23,72.24,0.8969,2,1,-1
185,8,373.67,431.90,23.83,54.39,0.8891,1,4,-1
185,9,1459.53,340.62,20.99,43.69,0.8452,3,0,-1
185,0,659.68,481.40,13.44,12.17,1.0,0,-1,-1
186,3,1526.81,607.65,44.68,108.43,0.9371,2,2,-1
186,4,1128.15,626.75,45.53,111.12,0.9108,2,1,-1
186,7,967.76,426.64,23.72,72.97,0.9007,2,1,-1
186,8,369.59,440.18,22.59,46.20,0.8598,1,4,-1
186,9,1452.45,339.62,21.38,45.02,0.8510,3,0,-1
186,0,669.95,481.68,12.20,11.96,1.0,0,-1,-1
187,3,1520.24,608.08,45.95,110.14,0.9356,2,2,-1
187,4,1120.20,628.14,44.77,110.96,0.9306,2,1,-1
187,7,961.87,426.62,23.14,73.19,0.8888,2,1,-1
187,8,361.78,418.13,29.46,69.15,0.9044,1,4,-1
187,9,1442.95,338.18,22.61,46.22,0.8526,3,0,-1
187,0,678.90,482.83,12.24,11.56,1.0,0,-1,-1
188,3,1513.39,608.22,46.28,108.64,0.9363,2,2,-1
188,4,1112.46,628.62,43.78,111.91,0.9085,2,1,-1
188,7,954.67,426.83,22.82,72.90,0.8943,2,1,-1
188,8,357.53,418.83,30.99,69.80,0.9437,1,4,-1
188,9,1432.85,336.27,23.88,48.51,0.8336,3,0,-1
188,0,687.28,483.39,12.46,10.38,1.0,0,-1,-1
189,3,1507.48,608.32,46.25,108.98,0.9405,2,2,-1
189,4,1105.59,629.26,42.74,112.06,0.9202,2,1,-1
189,7,947.75,426.75,22.41,73.62,0.8846,2,1,-1
189,8,352.29,419.30,32.87,69.64,0.9424,1,4,-1
189,9,1424.67,336.98,23.52,47.50,0.8415,3,0,-1
189,0,695.91,484.84,11.63,10.81,1.0,0,-1,-1
190,3,1500.44,608.82,47.53,108.69,0.9393,2,2,-1
190,4,1099.36,630.41,40.90,111.38,0.9192,2,1,-1
190,7,941.34,426.51,22.42,74.24,0.8834,2,1,-1
190,8,347.90,422.15,33.27,68.43,0.8867,1,4,-1
190,9,1416.07,338.13,22.65,46.72,0.8601,3,0,-1
190,0,703.36,485.42,12.60,11.28,1.0,0,-1,-1
191,3,1494.72,609.11,48.33,109.11,0.9453,2,2,-1
191,4,1092.38,629.72,39.01,112.45,0.9217,2,1,-1
191,7,933.91,426.63,22.64,74.80,0.8870,2,1,-1
191,8,348.73,444.73,25.61,46.19,0.8469,1,4,-1
191,9,1408.55,338.48,21.89,46.02,0.7165,3,0,-1
192,3,1488.37,609.26,49.29,108.52,0.9382,2,2,-1
192,4,1086.20,631.11,36.56,111.44,0.9197,2,1,-1
192,7,929.35,427.01,19.53,57.92,0.8274,2,1,-1
192,8,347.20,444.17,26.04,47.62,0.8683,1,4,-1
193,3,1482.29,609.31,50.67,108.43,0.9436,2,2,-1
193,4,1079.93,630.86,35.27,111.99,0.9240,2,1,-1
193,7,918.77,427.39,24.37,73.43,0.8658,2,1,-1
193,8,344.29,444.22,26.50,48.05,0.5845,1,4,-1
193,0,723.42,488.38,12.16,11.33,1.0,0,-1,-1
194,3,1475.78,610.01,52.61,107.84,0.9368,2,2,-1
194,4,1073.29,632.11,35.68,111.80,0.9257,2,1,-1
194,7,911.73,428.07,23.82,74.10,0.8798,2,1,-1
195,3,1470.37,610.03,53.68,108.09,0.9404,2,2,-1
195,4,1066.90,632.98,37.54,112.16,0.9308,2,1,-1
195,7,905.32,428.73,23.53,74.08,0.8938,2,1,-1
195,9,1375.34,337.83,20.95,45.92,0.7423,3,0,-1
195,12,332.66,422.66,37.00,70.07,0.8597,1,-1,-1
195,0,734.87,489.38,11.55,12.57,1.0,0,-1,-1
196,3,1465.87,610.75,53.94,107.60,0.9391,2,2,-1
196,4,1060.08,635.55,38.65,111.92,0.9270,2,1,-1
196,5,1905.44,481.55,14.06,53.95,0.6359,2,1,-1
196,7,898.01,428.98,24.95,74.50,0.8767,2,1,-1
196,12,327.05,422.86,36.56,71.47,0.9055,1,-1,-1
196,0,740.19,490.89,10.92,11.75,1.0,0,-1,-1
197,3,1461.77,611.10,53.70,107.33,0.9354,2,2,-1
197,4,1053.99,636.74,40.11,113.63,0.9303,2,1,-1
197,7,890.01,429.41,27.40,74.62,0.8912,2,1,-1
197,9,1359.20,338.68,20.64,45.22,0.5412,3,0,-1
197,12,320.53,423.31,36.46,71.73,0.8557,1,-1,-1
197,0,745.12,492.87,10.91,10.79,1.0,0,-1,-1
198,1,1896.84,477.28,23.14,57.71,0.8621,2,2,-1
198,3,1457.30,611.24,54.88,107.05,0.9443,2,2,-1
198,4,1046.70,638.57,40.57,112.52,0.9271,2,1,-1
198,7,883.16,429.39,28.72,74.46,0.8868,2,1,-1
198,9,1350.45,339.18,20.95,45.67,0.7178,3,0,-1
198,12,315.34,424.99,35.24,71.16,0.8543,1,4,-1
198,0,748.46,493.29,10.91,10.36,1.0,0,-1,-1
199,1,1893.01,460.37,27.57,75.18,0.8858,2,2,-1
199,3,1454.56,611.11,54.52,108.06,0.9374,2,2,-1
199,4,1039.98,640.13,40.57,114.77,0.9301,2,1,-1
199,7,877.25,429.92,29.15,73.09,0.8730,2,1,-1
199,9,1341.87,341.51,20.32,43.42,0.5881,3,0,-1
199,12,311.74,426.49,35.71,71.58,0.6408,1,4,-1
199,0,753.21,492.90,11.39,12.05,1.0,0,-1,-1
200,1,1893.93,460.34,26.16,75.25,0.8939,2,2,-1
200,3,1449.63,611.15,54.20,108.62,0.9313,2,2,-1
200,4,1033.24,641.87,41.19,114.40,0.9219,2,1,-1
200,7,868.92,430.69,31.02,73.45,0.8711,2,1,-1
200,9,1334.04,343.72,20.87,41.69,0.7949,3,0,-1
200,12,308.15,428.27,31.89,69.59,0.8885,1,4,-1
200,0,756.23,494.96,10.91,10.48,1.0,0,-1,-1
201,1,1891.96,460.34,26.25,75.11,0.9120,2,2,-1
201,3,1448.82,611.23,50.58,108.21,0.9415,2,2,-1
201,4,1026.92,643.30,42.53,112.68,0.9333,2,1,-1
201,7,860.31,431.07,32.20,73.23,0.8802,2,1,-1
201,9,1325.18,342.20,21.69,42.59,0.8129,3,0,-1
201,0,758.57,494.83,10.36,10.92,1.0,0,-1,-1
202,1,1885.33,460.88,26.37,74.38,0.9056,2,2,-1
202,3,1446.51,611.49,47.11,108.44,0.9381,2,2,-1
202,4,1022.90,643.93,42.32,112.57,0.9218,2,1,-1
202,7,853.59,431.79,33.62,72.20,0.8630,2,1,-1
202,9,1318.01,342.02,21.46,42.84,0.7319,3,0,-1
202,12,301.50,430.56,27.34,69.40,0.8935,1,4,-1
202,0,760.99,495.32,11.04,10.59,1.0,0,-1,-1
203,1,1878.95,461.37,26.99,74.23,0.9137,2,2,-1
203,3,1442.88,612.03,45.18,108.34,0.9417,2,2,-1
203,4,1019.17,644.61,42.80,113.33,0.9217,2,1,-1
203,7,844.33,431.74,33.28,72.36,0.8290,2,1,-1
203,9,1311.58,343.99,20.93,41.69,0.8651,3,0,-1
203,12,295.35,429.51,27.82,70.57,0.8941,1,4,-1
203,0,763.39,496.67,11.35,12.22,1.0,0,-1,-1
204,1,1871.36,461.78,31.62,74.27,0.9252,2,2,-1
204,3,1437.77,612.30,43.91,109.77,0.9351,2,2,-1
204,4,1016.37,644.15,42.78,114.53,0.9315,2,1,-1
204,7,831.06,430.89,34.62,74.95,0.8605,2,1,-1
204,9,1304.56,343.35,21.02,41.58,0.6969,3,0,-1
204,12,287.70,428.21,30.57,74.71,0.8899,1,4,-1
204,0,766.17,497.24,10.59,12.57,1.0,0,-1,-1
205,1,1864.56,463.03,36.26,73.91,0.9268,2,2,-1
205,3,1432.55,612.55,42.08,109.64,0.9450,2,2,-1
205,4,1011.09,644.44,44.44,114.37,0.9236,2,1,-1
205,7,823.10,430.88,35.40,75.48,0.8788,2,1,-1
205,9,1297.51,344.26,20.95,41.66,0.8630,3,0,-1
205,12,281.18,428.77,31.62,74.27,0.8063,1,4,-1
205,0,767.99,497.38,12.08,12.31,1.0,0,-1,-1
206,1,1856.23,463.57,39.76,73.72,0.9288,2,2,-1
206,3,1426.58,612.63,41.79,109.49,0.9328,2,2,-1
206,4,1004.31,644.62,46.57,114.13,0.9182,2,1,-1
206,7,818.11,430.14,38.08,76.80,0.8831,2,1,-1
206,9,1290.45,342.67,21.89,43.24,0.8393,3,0,-1
206,0,768.78,498.70,13.37,13.62,1.0,0,-1,-1
207,1,1848.61,464.03,42.16,73.93,0.9295,2,2,-1
207,3,1419.97,613.58,41.53,108.75,0.9403,2,2,-1
207,4,996.69,646.19,50.54,113.55,0.9295,2,1,-1
207,7,810.31,430.47,38.28,76.28,0.8852,2,1,-1
207,9,1283.17,343.28,21.05,43.35,0.8526,3,0,-1
207,12,269.75,430.75,32.88,73.67,0.6319,1,4,-1
208,1,1841.97,464.90,43.54,73.11,0.9267,2,2,-1
208,3,1413.56,613.41,41.43,109.84,0.9335,2,2,-1
208,4,988.79,647.73,56.12,116.46,0.9389,2,1,-1
208,7,804.24,431.01,37.28,77.25,0.8949,2,1,-1
208,9,1276.85,343.97,20.77,41.84,0.8540,3,0,-1
208,12,265.10,432.34,33.76,72.40,0.7588,1,4,-1
209,1,1837.47,465.39,41.90,72.74,0.9144,2,2,-1
209,3,1406.29,614.59,41.95,109.33,0.9382,2,2,-1
209,4,980.52,650.51,59.39,115.27,0.9351,2,1,-1
209,7,798.17,432.28,36.87,76.77,0.8870,2,1,-1
209,9,1269.79,344.48,21.24,42.63,0.7933,3,0,-1
209,12,260.94,436.51,33.18,67.66,0.8584,1,4,-1
209,0,774.29,501.45,12.88,12.93,1.0,0,-1,-1
210,1,1833.02,465.20,40.24,72.92,0.9148,2,2,-1
210,2,1892.85,905.55,31.45,169.35,0.6080,2,1,-1
210,3,1397.60,614.53,44.60,110.50,0.9404,2,2,-1
210,4,973.47,653.03,62.82,112.84,0.9331,2,1,-1
210,7,790.73,433.95,33.41,75.96,0.8951,2,1,-1
210,9,1263.15,345.15,21.24,42.13,0.6498,3,0,-1
210,12,258.98,438.33,31.01,67.72,0.8867,1,4,-1
210,0,776.17,502.40,11.78,11.21,1.0,0,-1,-1
211,1,1829.93,464.54,38.88,72.80,0.9192,2,2,-1
211,3,1389.90,615.25,46.81,110.17,0.9388,2,2,-1
211,4,966.52,655.47,66.00,112.79,0.9449,2,1,-1
211,7,784.37,436.35,31.53,74.65,0.8887,2,1,-1
211,12,255.75,437.22,29.34,67.35,0.8886,1,4,-1
211,0,778.51,502.97,11.37,10.84,1.0,0,-1,-1
212,1,1828.00,463.30,35.90,74.20,0.9151,2,2,-1
212,2,1886.53,889.27,33.67,184.42,0.6704,2,1,-1
212,3,1382.13,615.37,48.27,110.36,0.9382,2,2,-1
212,4,959.64,657.17,67.47,112.85,0.9397,2,1,-1
212,7,778.49,438.99,29.56,75.48,0.9034,2,1,-1
212,9,1249.32,344.50,22.06,43.00,0.5775,3,0,-1
212,12,249.94,437.62,30.03,68.96,0.8983,1,4,-1
213,1,1827.36,462.26,31.06,75.15,0.9124,2,2,-1
213,2,1883.60,901.80,35.80,169.71,0.8658,2,1,-1
213,3,1376.01,615.43,48.53,110.60,0.9386,2,2,-1
213,4,953.88,657.45,66.92,114.02,0.9441,2,1,-1
213,7,771.28,440.36,28.69,74.70,0.9056,2,1,-1
213,9,1241.31,343.93,22.84,44.17,0.7266,3,0,-1
213,12,242.66,435.90,31.17,71.64,0.6814,1,4,-1
214,1,1824.38,462.05,28.48,76.10,0.9070,2,2,-1
214,2,1877.51,896.37,41.71,177.19,0.9063,2,1,-1
214,3,1370.19,616.00,48.35,110.02,0.9374,2,2,-1
214,4,949.98,658.55,61.77,113.16,0.9369,2,1,-1
214,7,764.71,441.67,27.98,75.12,0.9066,2,1,-1
214,8,235.56,461.91,31.82,46.18,0.8939,1,4,-1
214,9,1235.20,342.81,23.01,44.37,0.6260,3,0,-1
214,12,242.58,435.90,22.65,32.46,0.8303,1,4,-1
215,1,1821.95,462.70,25.46,76.18,0.9131,2,2,-1
215,2,1870.39,893.91,47.37,182.22,0.8715,2,1,-1
215,3,1363.34,615.54,49.45,109.82,0.9409,2,2,-1
215,4,947.68,657.96,54.99,115.91,0.9383,2,1,-1
215,7,758.24,441.95,27.60,75.50,0.9139,2,1,-1
215,8,224.74,437.11,42.16,72.44,0.8984,1,4,-1
215,9,1229.31,342.09,22.02,44.85,0.8701,3,0,-1
216,1,1816.64,463.62,25.25,75.88,0.9151,2,2,-1
216,2,1860.06,897.25,58.86,179.81,0.9427,2,1,-1
216,3,1358.86,616.04,48.52,109.14,0.9350,2,2,-1
216,4,945.87,658.04,48.51,116.00,0.9345,2,1,-1
216,7,751.55,442.18,29.19,75.36,0.9162,2,1,-1
216,8,224.60,462.92,32.33,48.39,0.7910,1,4,-1
216,9,1223.46,341.72,22.21,44.59,0.8364,3,0,-1
217,1,1809.59,464.56,29.47,75.97,0.9186,2,2,-1
217,2,1851.62,897.94,65.34,180.23,0.9263,2,1,-1
217,3,1352.39,616.38,48.85,108.84,0.9370,2,2,-1
217,4,943.65,658.77,42.52,116.18,0.9328,2,1,-1
217,7,743.27,442.17,29.64,76.43,0.9151,2,1,-1
217,8,215.95,438.59,41.49,75.45,0.9060,1,4,-1
217,9,1216.40,340.99,22.57,45.48,0.8540,3,0,-1
218,1,1800.66,466.49,35.26,75.11,0.9200,2,2,-1
218,2,1839.03,897.26,71.51,179.04,0.9375,2,1,-1
218,3,1348.64,615.93,46.93,110.05,0.9373,2,2,-1
218,4,942.87,660.02,39.83,115.14,0.9357,2,1,-1
218,7,734.98,442.21,30.33,77.42,0.9154,2,1,-1
218,8,212.16,440.22,37.61,72.81,0.8384,1,4,-1
218,9,1208.65,341.59,22.81,44.26,0.8684,3,0,-1
219,1,1792.27,467.27,39.57,73.83,0.9274,2,2,-1
219,2,1826.84,895.80,76.88,180.33,0.9424,2,1,-1
219,3,1344.10,617.19,46.05,107.75,0.9338,2,2,-1
219,4,939.70,660.70,42.54,119.68,0.9365,2,1,-1
219,7,726.42,442.23,31.50,78.16,0.9242,2,1,-1
219,8,210.07,441.36,32.36,72.36,0.9139,1,4,-1
220,1,1783.75,467.35,43.01,74.31,0.9279,2,2,-1
220,2,1816.29,896.66,78.51,180.37,0.9395,2,1,-1
220,3,1343.19,617.44,44.13,108.87,0.9216,2,2,-1
220,4,934.96,661.84,45.30,121.88,0.9219,2,1,-1
220,7,718.92,442.66,32.07,78.87,0.9179,2,1,-1
220,8,208.39,441.24,29.67,73.56,0.8842,1,4,-1
220,9,1194.60,342.06,23.74,46.46,0.7816,3,0,-1
221,1,1777.27,467.42,43.35,74.07,0.9195,2,2,-1
221,2,1807.86,896.49,77.30,179.18,0.9439,2,1,-1
221,3,1341.33,617.98,41.66,108.89,0.9235,2,2,-1
221,4,928.49,663.99,47.74,120.46,0.9344,2,1,-1
221,7,711.33,442.04,32.79,80.18,0.9122,2,1,-1
221,8,203.42,439.71,28.92,75.70,0.9132,1,4,-1
221,9,1186.16,341.80,24.66,46.98,0.7978,3,0,-1
222,1,1772.13,467.16,41.40,74.33,0.9125,2,2,-1
222,2,1800.23,896.45,74.67,179.60,0.9414,2,1,-1
222,3,1335.01,619.24,41.90,107.94,0.9295,2,2,-1
222,4,922.61,666.18,50.97,122.20,0.9306,2,1,-1
222,7,703.90,441.76,34.43,81.58,0.9184,2,1,-1
222,8,195.80,439.16,30.83,76.86,0.9036,1,4,-1
222,9,1178.98,342.55,25.66,48.03,0.7561,3,0,-1
223,1,1769.80,466.25,38.19,74.94,0.9156,2,2,-1
223,2,1792.60,896.00,73.90,179.50,0.9478,2,1,-1
223,3,1327.06,619.57,45.90,108.63,0.9395,2,2,-1
223,4,915.04,667.88,52.63,121.55,0.9270,2,1,-1
223,7,695.18,440.98,36.87,82.20,0.9107,2,1,-1
223,8,187.31,438.27,34.26,78.73,0.9182,1,4,-1
223,9,1172.42,345.41,24.60,44.04,0.7733,3,0,-1
224,1,1769.15,464.53,34.14,75.97,0.9111,2,2,-1
224,2,1784.13,895.85,73.62,178.47,0.9396,2,1,-1
224,3,1320.72,620.34,48.99,109.59,0.9302,2,2,-1
224,4,908.22,669.43,53.01,121.98,0.9296,2,1,-1
224,7,688.14,440.93,38.46,83.13,0.9136,2,1,-1
224,8,181.00,438.06,34.17,77.52,0.5451,1,4,-1
224,9,1165.08,343.47,25.79,46.24,0.5100,3,0,-1
225,1,1768.97,462.74,30.31,77.11,0.9120,2,2,-1
225,2,1776.52,895.66,73.35,178.49,0.9392,2,1,-1
225,3,1313.62,621.60,57.87,109.00,0.9414,2,2,-1
225,4,901.99,671.04,53.30,122.41,0.9306,2,1,-1
225,7,679.82,440.95,40.10,83.12,0.9131,2,1,-1
225,8,174.89,439.00,37.86,77.18,0.7840,1,4,-1
225,0,275.97,493.68,18.06,15.32,1.0,0,-1,-1
226,1,1767.10,461.47,27.15,77.38,0.9149,2,2,-1
226,2,1767.57,896.32,73.95,178.26,0.9462,2,1,-1
226,3,1305.63,622.23,61.80,108.23,0.9381,2,2,-1
226,4,895.02,671.24,50.50,122.20,0.9394,2,1,-1
226,7,672.92,441.37,42.76,83.79,0.9174,2,1,-1
226,8,167.01,439.86,43.63,77.34,0.8978,1,4,-1
227,1,1764.52,461.51,25.16,77.25,0.9073,2,2,-1
227,2,1760.24,897.47,75.42,176.44,0.9336,2,1,-1
227,3,1300.00,622.34,62.76,108.00,0.9430,2,2,-1
227,4,890.90,672.14,44.72,121.14,0.9347,2,1,-1
227,7,666.03,443.11,43.04,82.73,0.9147,2,1,-1
227,8,164.23,455.96,36.24,62.35,0.6720,1,4,-1
228,1,1762.21,462.37,24.05,76.69,0.9155,2,2,-1
228,2,1751.50,895.97,76.97,177.86,0.8959,2,1,-1
228,3,1293.09,622.45,64.20,107.58,0.9359,2,2,-1
228,4,886.34,672.34,37.69,121.37,0.9231,2,1,-1
228,7,660.11,446.51,47.30,80.03,0.9155,2,1,-1
228,8,160.54,444.00,37.96,75.01,0.8769,1,4,-1
228,13,1875.52,890.33,37.03,170.87,0.8093,2,-1,-1
229,1,1757.33,463.10,27.22,75.71,0.9136,2,2,-1
229,2,1742.76,895.63,79.73,177.75,0.9189,2,1,-1
229,3,1290.56,622.61,61.07,107.38,0.9389,2,2,-1
229,4,882.28,671.62,35.00,122.04,0.9303,2,1,-1
229,7,653.15,447.92,48.27,78.64,0.9101,2,1,-1
229,8,159.84,443.82,34.60,74.91,0.8968,1,4,-1
229,9,1137.32,341.96,23.18,45.04,0.7729,3,0,-1
229,13,1879.06,883.24,38.93,174.44,0.7494,2,-1,-1
230,1,1748.76,464.38,34.80,74.56,0.9272,2,2,-1
230,2,1734.00,896.34,80.26,176.07,0.9198,2,1,-1
230,3,1288.89,620.40,59.21,109.14,0.9388,2,2,-1
230,4,876.84,671.77,35.97,122.26,0.9253,2,1,-1
230,7,647.35,448.20,47.48,79.57,0.9129,2,1,-1
230,8,156.90,442.20,30.78,76.52,0.9151,1,4,-1
230,9,1132.15,340.21,23.85,47.84,0.7324,3,0,-1
230,13,1863.19,880.80,45.67,178.58,0.6588,2,-1,-1
231,1,1740.66,464.55,40.95,74.62,0.9260,2,2,-1
231,2,1724.81,895.77,79.42,177.00,0.9220,2,1,-1
231,3,1288.82,619.44,54.37,110.19,0.9361,2,2,-1
231,4,870.71,672.07,36.36,120.92,0.9302,2,1,-1
231,7,640.91,448.70,45.01,78.77,0.8993,2,1,-1
231,8,150.95,440.64,30.60,77.63,0.9149,1,4,-1
231,9,1127.47,340.94,21.69,47.13,0.8462,3,0,-1
231,13,1854.63,880.32,59.77,177.82,0.8407,2,2,-1
231,14,1875.99,603.98,42.89,120.43,0.8841,2,-1,-1
232,1,1732.41,464.32,45.95,74.19,0.9352,2,2,-1
232,2,1713.11,893.65,84.50,179.03,0.9269,2,1,-1
232,3,1289.92,618.26,48.97,111.55,0.9273,2,2,-1
232,4,863.44,672.55,38.82,122.74,0.9272,2,1,-1
232,7,635.33,448.79,42.18,78.75,0.8957,2,1,-1
232,8,144.31,439.58,31.22,79.66,0.8954,1,4,-1
232,9,1122.03,340.18,21.61,46.12,0.7490,3,0,-1
232,13,1847.23,877.91,70.71,178.85,0.9032,2,2,-1
232,14,1868.77,601.93,49.48,119.94,0.9220,2,-1,-1
233,1,1725.74,464.49,48.09,72.66,0.9261,2,2,-1
233,2,1701.38,894.00,86.49,179.49,0.9305,2,1,-1
233,3,1292.92,617.62,42.06,110.86,0.9188,2,2,-1
233,4,857.65,673.50,42.07,123.14,0.9355,2,1,-1
233,7,630.11,448.39,39.42,74.33,0.8997,2,1,-1
233,8,137.56,439.55,35.16,79.59,0.9200,1,4,-1
233,9,1116.30,340.89,21.51,44.72,0.8487,3,0,-1
233,13,1842.67,876.72,75.45,179.01,0.9299,2,2,-1
233,14,1858.39,599.21,58.42,121.29,0.9244,2,-1,-1
233,15,1907.32,433.15,11.93,73.50,0.8707,2,-1,-1
233,0,650.93,517.36,13.34,12.64,1.0,0,-1,-1
234,1,1720.72,463.97,46.84,72.50,0.9320,2,2,-1
234,2,1689.98,895.69,86.52,178.20,0.9330,2,1,-1
234,3,1290.08,616.85,39.06,110.77,0.9332,2,2,-1
234,4,850.27,674.67,48.17,121.74,0.9389,2,1,-1
234,7,623.79,448.85,38.26,78.64,0.8964,2,1,-1
234,8,130.34,439.17,38.94,79.72,0.8787,1,4,-1
234,9,1108.94,334.15,24.30,51.84,0.8394,3,0,-1
234,13,1840.56,875.01,76.27,179.92,0.9316,2,2,-1
234,14,1843.70,598.36,64.71,119.84,0.9167,2,1,-1
234,15,1902.94,432.33,15.76,72.35,0.8878,2,-1,-1
234,0,651.83,518.82,11.73,11.44,1.0,0,-1,-1
235,1,1717.21,462.52,42.30,73.52,0.9201,2,2,-1
235,2,1682.06,895.09,84.63,176.73,0.9400,2,1,-1
235,3,1283.09,616.50,42.24,110.85,0.9271,2,2,-1
235,4,842.33,675.06,52.15,122.71,0.9369,2,1,-1
235,7,618.32,450.27,36.24,76.91,0.8932,2,1,-1
235,8,128.70,462.69,31.70,56.92,0.7705,1,4,-1
235,9,1102.46,335.34,23.10,50.29,0.8062,3,0,-1
235,13,1835.73,874.63,72.43,177.96,0.9364,2,2,-1
235,14,1827.46,598.09,71.73,118.43,0.9250,2,1,-1
235,15,1896.97,430.82,20.54,73.95,0.8906,2,-1,-1
235,0,650.35,518.27,12.64,12.31,1.0,0,-1,-1
236,1,1716.69,460.28,36.46,74.20,0.9189,2,2,-1
236,2,1672.20,897.34,86.77,181.33,0.9379,2,1,-1
236,3,1276.79,616.81,46.58,110.29,0.9329,2,2,-1
236,4,835.05,675.07,53.18,123.84,0.9444,2,1,-1
236,7,613.01,450.98,34.20,77.18,0.8948,2,1,-1
236,8,118.85,442.92,41.42,78.18,0.8088,1,4,-1
236,13,1830.50,873.13,69.61,178.44,0.9391,2,2,-1
236,14,1816.09,597.01,74.65,118.03,0.8955,2,1,-1
236,15,1888.23,429.21,27.88,74.36,0.9157,2,-1,-1
236,0,649.79,518.71,12.39,12.99,1.0,0,-1,-1
237,1,1716.10,458.14,32.04,75.13,0.9065,2,2,-1
237,2,1664.83,902.04,86.04,177.95,0.8879,2,1,-1
237,3,1268.20,616.16,58.17,110.65,0.9416,2,2,-1
237,4,826.62,676.41,54.38,124.58,0.9385,2,1,-1
237,7,607.81,450.72,31.32,77.06,0.8966,2,1,-1
237,8,113.27,443.38,37.85,76.53,0.8144,1,4,-1
237,9,1090.21,334.19,23.85,52.82,0.6570,3,0,-1
237,13,1820.29,871.77,71.90,177.13,0.9298,2,2,-1
237,14,1805.49,596.12,75.47,116.19,0.8497,2,1,-1
237,15,1879.13,427.29,33.15,74.12,0.9232,2,-1,-1
237,0,648.65,519.24,12.22,13.08,1.0,0,-1,-1
238,1,1714.17,456.29,29.04,77.34,0.8885,2,2,-1
238,2,1656.64,905.09,86.19,174.75,0.9297,2,1,-1
238,3,1260.27,615.91,63.92,109.72,0.9384,2,2,-1
238,4,819.22,675.87,53.24,124.59,0.9346,2,1,-1
238,7,601.10,462.81,27.01,64.77,0.8676,2,1,-1
238,8,111.92,443.13,33.09,76.74,0.8594,1,4,-1
238,13,1818.63,870.03,67.20,177.76,0.9388,2,2,-1
238,14,1798.30,593.53,74.27,117.46,0.9250,2,1,-1
238,15,1870.69,426.79,36.46,72.88,0.9244,2,1,-1
238,0,646.89,519.04,12.16,12.26,1.0,0,-1,-1
239,1,1711.62,458.34,26.01,74.97,0.8440,2,2,-1
239,2,1651.63,905.73,85.30,174.27,0.9341,2,1,-1
239,3,1251.40,615.73,67.71,110.33,0.9393,2,2,-1
239,4,813.69,675.70,50.90,124.83,0.9382,2,1,-1
239,7,591.87,455.23,30.61,71.77,0.8665,2,1,-1
239,8,108.12,442.02,30.43,77.42,0.8502,1,4,-1
239,9,1080.15,336.01,22.12,47.21,0.7451,3,0,-1
239,13,1813.73,869.10,64.38,176.41,0.9325,2,2,-1
239,14,1793.60,589.10,69.59,119.43,0.9261,2,1,-1
239,15,1866.95,425.77,35.64,72.74,0.9256,2,1,-1
239,0,643.14,519.11,13.32,12.35,1.0,0,-1,-1
240,1,1709.02,455.09,24.92,77.86,0.9109,2,2,-1
240,2,1646.07,906.68,83.81,173.32,0.9384,2,1,-1
240,3,1245.67,615.04,67.08,109.73,0.9406,2,2,-1
240,4,807.86,674.47,48.48,127.03,0.9360,2,1,-1
240,7,584.73,465.33,30.86,61.00,0.8840,2,1,-1
240,8,101.64,439.94,31.08,79.05,0.9021,1,4,-1
240,9,1073.20,332.05,23.66,50.11,0.8325,3,0,-1
240,13,1807.47,867.54,63.65,178.91,0.9082,2,2,-1
240,14,1788.26,585.16,63.72,121.63,0.9344,2,1,-1
240,15,1862.95,425.06,33.32,73.11,0.9135,2,1,-1
240,0,640.59,518.69,12.73,12.36,1.0,0,-1,-1
241,1,1703.91,455.16,27.97,77.68,0.9099,2,2,-1
241,2,1640.22,910.01,82.42,147.09,0.9427,2,1,-1
241,3,1243.42,613.18,62.08,110.56,0.9383,2,2,-1
241,4,802.81,675.02,44.96,125.91,0.9343,2,1,-1
241,7,574.70,447.60,38.82,78.94,0.9201,2,1,-1
241,8,92.28,438.70,33.71,80.79,0.8957,1,4,-1
241,9,1067.28,333.92,23.53,48.63,0.7686,3,0,-1
241,13,1798.35,864.70,63.52,178.20,0.9183,2,2,-1
241,14,1780.00,582.32,60.90,122.75,0.9352,2,1,-1
241,15,1859.79,423.63,31.92,72.00,0.9054,2,1,-1
241,0,638.82,518.98,12.61,13.07,1.0,0,-1,-1
242,1,1696.49,456.06,33.40,76.36,0.9197,2,2,-1
242,2,1629.58,907.09,90.15,172.81,0.9287,2,1,-1
242,3,1242.23,612.19,56.56,110.36,0.9305,2,2,-1
242,4,798.30,674.81,42.61,125.70,0.9320,2,1,-1
242,7,567.07,448.13,40.01,78.38,0.9253,2,1,-1
242,8,82.65,438.06,37.19,81.07,0.9121,1,4,-1
242,9,1061.16,335.49,23.14,46.10,0.8545,3,0,-1
242,13,1790.79,862.65,63.83,180.70,0.9303,2,2,-1
242,14,1768.69,580.52,62.55,120.99,0.9235,2,1,-1
242,15,1856.29,421.27,30.20,73.58,0.9053,2,1,-1
242,0,636.18,520.23,12.15,12.86,1.0,0,-1,-1
243,1,1686.83,456.41,40.46,76.19,0.9286,2,2,-1
243,2,1625.27,910.51,86.80,169.49,0.9357,2,1,-1
243,3,1242.29,610.54,50.25,111.88,0.9272,2,2,-1
243,4,793.36,674.20,42.28,126.50,0.9300,2,1,-1
243,7,560.47,447.61,41.60,79.41,0.9241,2,1,-1
243,8,75.90,437.68,39.56,79.59,0.8528,1,4,-1
243,9,1055.58,335.49,21.94,44.93,0.8502,3,0,-1
243,13,1782.47,861.84,64.20,180.23,0.9240,2,2,-1
243,14,1756.09,578.67,67.08,121.64,0.9254,2,1,-1
243,15,1852.28,418.72,28.28,75.47,0.9097,2,1,-1
243,0,632.51,519.88,12.56,11.90,1.0,0,-1,-1
244,1,1677.43,456.62,44.98,74.87,0.9281,2,2,-1
244,2,1618.30,905.87,87.94,174.14,0.9122,2,1,-1
244,3,1243.32,608.29,43.73,113.12,0.9248,2,2,-1
244,4,788.32,674.80,42.02,126.60,0.9237,2,1,-1
244,7,555.45,449.89,41.97,76.56,0.9143,2,1,-1
244,8,66.01,437.91,45.67,80.13,0.9310,1,4,-1
244,9,1050.66,336.72,20.30,42.15,0.7975,3,0,-1
244,13,1772.27,861.06,65.23,177.81,0.9136,2,2,-1
244,14,1746.69,578.67,68.47,115.64,0.9273,2,1,-1
244,15,1847.47,417.33,26.80,73.40,0.9116,2,1,-1
244,0,628.87,519.70,12.02,12.34,1.0,0,-1,-1
245,1,1669.69,455.99,47.18,74.57,0.9225,2,2,-1
245,2,1616.00,908.43,80.84,170.11,0.9335,2,1,-1
245,3,1246.50,607.30,36.59,111.90,0.9246,2,2,-1
245,4,782.35,675.16,42.46,128.51,0.9139,2,1,-1
245,7,551.49,451.15,40.58,75.57,0.8728,2,1,-1
245,8,59.55,438.67,46.94,81.34,0.8037,1,4,-1
245,9,1044.84,336.07,20.20,43.02,0.7787,3,0,-1
245,13,1763.00,858.33,66.88,179.69,0.9106,2,2,-1
245,14,1740.00,579.02,66.81,113.32,0.9232,2,1,-1
245,15,1842.18,416.76,26.74,72.87,0.9174,2,1,-1
245,0,625.74,520.15,12.92,12.99,1.0,0,-1,-1
246,1,1662.42,455.86,47.02,73.78,0.9238,2,2,-1
246,2,1611.32,903.82,78.87,175.57,0.9455,2,1,-1
246,3,1243.78,606.20,35.20,114.40,0.9266,2,2,-1
246,4,774.86,675.18,42.11,131.81,0.9102,2,1,-1
246,7,550.28,450.33,40.14,76.39,0.8913,2,1,-1
246,8,53.25,440.28,44.79,79.50,0.7490,1,4,-1
246,9,1038.44,333.56,21.26,45.05,0.8562,3,0,-1
246,13,1753.72,859.13,69.01,177.94,0.9168,2,2,-1
246,14,1734.41,577.38,65.26,113.82,0.9283,2,1,-1
246,15,1836.88,416.44,25.77,72.60,0.9110,2,1,-1
246,0,621.59,521.02,13.08,12.11,1.0,0,-1,-1
247,1,1658.49,454.16,44.04,74.56,0.9157,2,2,-1
247,2,1605.16,905.39,75.12,172.47,0.9116,2,1,-1
247,3,1236.08,606.02,39.91,114.80,0.9264,2,2,-1
247,4,767.87,676.61,40.75,131.26,0.9127,2,1,-1
247,7,549.55,449.80,36.01,76.04,0.8995,2,1,-1
247,8,53.74,468.14,34.13,51.15,0.8461,1,4,-1
247,9,1032.31,332.83,21.91,45.34,0.8881,3,0,-1
247,13,1744.45,855.19,70.78,179.67,0.9317,2,2,-1
247,14,1729.39,576.33,58.72,112.74,0.9275,2,1,-1
247,15,1830.89,415.64,25.39,72.15,0.9122,2,1,-1
247,0,618.07,520.61,12.76,12.63,1.0,0,-1,-1
248,1,1657.15,451.98,39.26,76.13,0.9056,2,2,-1
248,2,1600.86,906.04,69.82,171.05,0.9204,2,1,-1
248,3,1229.49,606.03,49.45,113.55,0.9334,2,2,-1
248,4,759.85,677.00,40.44,130.80,0.9302,2,1,-1
248,7,543.38,448.85,33.31,76.04,0.8983,2,1,-1
248,8,42.22,442.94,48.94,76.25,0.5688,1,4,-1
248,9,1026.32,330.17,22.31,46.50,0.8789,3,0,-1
248,13,1735.35,853.14,70.37,181.49,0.9267,2,2,-1
248,14,1723.95,572.62,53.24,114.92,0.9234,2,1,-1
248,15,1824.65,414.41,25.28,71.85,0.9066,2,1,-1
248,0,614.33,520.24,12.76,13.10,1.0,0,-1,-1
249,1,1658.42,449.70,33.10,77.05,0.9046,2,2,-1
249,2,1594.47,906.32,70.10,171.76,0.9500,2,1,-1
249,3,1221.60,606.50,58.66,113.14,0.9365,2,2,-1
249,4,751.50,677.68,38.91,132.50,0.9331,2,1,-1
249,7,536.64,446.66,35.84,80.18,0.9003,2,1,-1
249,8,37.22,439.21,48.50,80.15,0.5611,1,4,-1
249,9,1019.80,330.53,22.15,45.56,0.8904,3,0,-1
249,13,1726.84,849.66,70.43,179.43,0.9279,2,2,-1
249,14,1717.62,568.93,48.90,116.29,0.9229,2,1,-1
249,15,1816.70,412.13,26.81,72.30,0.9011,2,1,-1
249,0,610.45,520.65,12.71,13.80,1.0,0,-1,-1
250,1,1659.34,447.87,26.83,77.38,0.9097,2,2,-1
250,2,1589.10,909.21,69.41,170.78,0.9467,2,1,-1
250,3,1212.96,606.06,66.36,112.61,0.9359,2,2,-1
250,4,743.99,678.10,36.21,130.67,0.9228,2,1,-1
250,7,530.22,446.31,37.81,80.38,0.9145,2,1,-1
250,8,36.78,440.68,35.09,78.17,0.8654,1,4,-1
250,9,1015.12,329.01,22.05,46.39,0.8846,3,0,-1
250,13,1718.93,849.76,69.49,175.92,0.9331,2,2,-1
250,14,1709.32,565.27,48.16,118.49,0.9192,2,1,-1
250,15,1808.13,409.77,29.41,73.19,0.9122,2,1,-1
250,0,606.62,520.56,12.59,12.68,1.0,0,-1,-1
251,1,1655.77,446.57,24.22,76.81,0.8957,2,2,-1
251,2,1583.22,914.43,70.46,165.57,0.9488,2,1,-1
251,3,1204.98,605.78,68.17,111.55,0.9366,2,2,-1
251,4,735.36,678.01,36.31,129.63,0.9244,2,1,-1
251,7,524.23,444.75,39.46,82.16,0.9193,2,1,-1
251,8,30.00,434.93,35.85,84.34,0.8842,1,4,-1
251,9,1009.03,329.23,20.89,44.84,0.8919,3,0,-1
251,13,1711.99,849.67,67.14,174.26,0.9227,2,2,-1
251,14,1700.44,561.58,47.11,117.15,0.9017,2,1,-1
251,15,1800.15,408.03,31.75,73.03,0.9195,2,1,-1
251,0,601.81,519.88,13.73,12.86,1.0,0,-1,-1
252,1,1653.21,446.10,23.36,76.74,0.8972,2,2,-1
252,2,1578.10,918.47,68.91,161.53,0.9512,2,1,-1
252,3,1200.78,604.06,67.53,112.05,0.9457,2,2,-1
252,4,726.42,677.77,39.57,130.70,0.9335,2,1,-1
252,7,519.87,444.99,38.55,82.20,0.9191,2,1,-1
252,8,23.83,443.81,36.56,74.08,0.8865,1,4,-1
252,9,1005.03,328.62,20.12,44.93,0.8720,3,0,-1
252,13,1706.61,847.01,64.26,170.73,0.9422,2,2,-1
252,14,1691.85,560.33,46.92,114.42,0.9197,2,1,-1
252,15,1794.60,407.50,32.85,72.76,0.9140,2,1,-1
252,0,599.38,520.19,12.24,13.37,1.0,0,-1,-1
253,1,1648.46,446.33,26.04,76.25,0.9084,2,2,-1
253,2,1571.35,919.42,71.98,160.58,0.9482,2,1,-1
253,3,1197.90,602.31,60.42,112.60,0.9336,2,2,-1
253,4,718.59,677.36,41.63,129.83,0.9218,2,1,-1
253,7,516.76,447.05,36.73,80.60,0.8965,2,1,-1
253,8,14.93,434.36,43.59,83.56,0.8985,1,4,-1
253,9,999.70,328.11,19.98,44.98,0.5407,3,0,-1
253,13,1699.43,845.43,62.89,171.27,0.9412,2,2,-1
253,14,1682.44,559.46,48.21,114.45,0.9239,2,1,-1
253,15,1791.54,406.62,31.23,71.60,0.9018,2,1,-1
253,0,595.39,520.57,12.80,12.67,1.0,0,-1,-1
254,1,1641.47,447.02,31.65,74.52,0.9189,2,2,-1
254,2,1564.18,919.07,77.89,160.93,0.9493,2,1,-1
254,3,1198.49,599.86,53.64,113.71,0.9304,2,2,-1
254,4,709.18,676.71,46.61,131.39,0.9267,2,1,-1
254,7,517.43,448.48,32.80,79.05,0.8744,2,1,-1
254,8,7.84,435.33,43.97,83.31,0.8629,1,4,-1
254,9,994.35,327.15,19.80,45.51,0.7925,3,0,-1
254,13,1692.33,843.46,62.03,172.09,0.9289,2,2,-1
254,14,1673.14,558.89,47.95,113.82,0.9239,2,1,-1
254,15,1787.04,405.91,30.28,70.60,0.9130,2,1,-1
254,16,1879.74,542.99,38.03,107.38,0.9229,2,-1,-1
254,0,591.88,519.88,13.39,12.71,1.0,0,-1,-1
255,1,1632.92,446.91,38.54,74.35,0.9217,2,2,-1
255,2,1555.20,918.39,84.69,161.61,0.9271,2,1,-1
255,3,1200.02,598.72,45.18,113.33,0.9346,2,2,-1
255,4,700.54,677.19,48.64,130.63,0.9281,2,1,-1
255,7,516.80,450.72,28.60,75.54,0.8914,2,1,-1
255,8,2.25,448.32,41.00,70.47,0.9205,1,4,-1
255,9,988.79,325.72,20.44,46.30,0.6426,3,0,-1
255,13,1686.52,839.33,60.67,173.02,0.9469,2,2,-1
255,14,1664.65,558.01,48.31,111.91,0.9300,2,1,-1
255,15,1783.93,402.99,28.98,72.06,0.9127,2,1,-1
255,16,1866.95,542.81,43.19,105.52,0.9159,2,-1,-1
255,0,588.29,519.56,12.64,13.20,1.0,0,-1,-1
256,1,1626.00,446.70,42.80,73.93,0.9298,2,2,-1
256,2,1549.18,918.68,89.38,161.32,0.8977,2,1,-1
256,3,1205.20,596.53,41.49,115.29,0.9355,2,2,-1
256,4,692.49,675.88,50.10,131.65,0.9326,2,1,-1
256,7,512.34,457.01,28.23,68.90,0.8867,2,1,-1
256,8,-1.69,436.62,42.74,82.27,0.8512,1,4,-1
256,9,984.43,326.50,21.51,45.14,0.8564,3,0,-1
256,13,1679.38,839.71,60.02,171.48,0.9312,2,2,-1
256,14,1658.11,556.39,47.70,112.86,0.9242,2,1,-1
256,15,1779.78,400.80,28.32,72.30,0.9063,2,1,-1
256,16,1856.57,541.95,44.43,105.51,0.9101,2,-1,-1
256,0,585.53,520.20,13.19,12.90,1.0,0,-1,-1
257,1,1619.76,445.83,44.84,73.31,0.9224,2,2,-1
257,2,1550.98,920.19,88.77,159.81,0.9163,2,1,-1
257,3,1205.58,595.60,42.12,115.39,0.9433,2,2,-1
257,4,683.63,677.30,51.87,130.11,0.9304,2,1,-1
257,7,504.84,447.85,34.61,77.64,0.9152,2,1,-1
257,8,-3.78,436.10,39.42,81.73,0.7341,1,4,-1
257,9,978.83,324.31,22.45,45.79,0.8057,3,0,-1
257,13,1673.43,838.88,59.30,170.32,0.9444,2,2,-1
257,14,1654.12,553.23,45.35,113.90,0.9212,2,1,-1
257,15,1775.28,398.98,28.81,72.87,0.9035,2,1,-1
257,16,1849.20,540.44,42.57,105.26,0.9206,2,2,-1
257,0,582.18,520.17,12.92,13.54,1.0,0,-1,-1
258,1,1616.33,444.46,44.01,73.45,0.9239,2,2,-1
258,2,1558.92,922.24,81.47,157.76,0.9340,2,1,-1
258,3,1199.03,594.47,48.94,115.46,0.9330,2,2,-1
258,4,676.69,677.11,51.69,130.33,0.9304,2,1,-1
258,7,498.28,446.13,37.73,80.35,0.9258,2,1,-1
258,8,-5.67,434.25,36.54,82.25,0.7026,1,4,-1
258,13,1666.60,837.72,59.19,170.83,0.9367,2,2,-1
258,14,1648.29,549.90,45.84,113.88,0.9296,2,1,-1
258,15,1771.68,399.05,27.11,70.55,0.9108,2,1,-1
258,16,1841.59,539.05,41.64,105.17,0.9267,2,2,-1
258,0,579.43,519.85,13.39,12.85,1.0,0,-1,-1
259,1,1613.00,443.00,41.88,73.50,0.9206,2,2,-1
259,2,1562.78,923.85,75.05,156.16,0.9288,2,1,-1
259,3,1192.47,594.18,56.56,114.38,0.9313,2,2,-1
259,4,668.60,676.18,51.56,132.28,0.9374,2,1,-1
259,7,493.34,446.32,41.72,78.90,0.9276,2,1,-1
259,8,-6.97,432.38,33.86,83.69,0.6535,1,4,-1
259,9,970.20,322.79,22.18,46.19,0.8564,3,0,-1
259,13,1659.05,834.98,59.86,172.81,0.9417,2,2,-1
259,14,1641.92,546.73,45.86,115.10,0.9256,2,1,-1
259,15,1768.42,398.29,26.20,70.49,0.9089,2,1,-1
259,16,1832.37,536.60,41.42,105.16,0.9230,2,2,-1
259,0,577.05,519.93,12.38,13.06,1.0,0,-1,-1
260,1,1612.31,440.68,38.09,74.47,0.9208,2,2,-1
260,2,1562.43,924.05,72.13,155.95,0.8941,2,1,-1
260,3,1185.64,593.61,63.16,114.73,0.9310,2,2,-1
260,4,661.44,677.08,49.46,131.63,0.9295,2,1,-1
260,7,488.03,443.14,45.62,83.22,0.9278,2,1,-1
260,8,-7.07,433.49,29.89,81.07,0.6062,1,4,-1
260,9,966.46,321.52,22.66,46.95,0.8606,3,0,-1
260,13,1652.15,834.29,59.25,172.60,0.9434,2,2,-1
260,14,1635.57,544.24,46.62,116.17,0.9333,2,1,-1
260,15,1764.27,397.79,24.97,68.19,0.9090,2,1,-1
260,16,1824.58,535.33,39.08,104.30,0.9208,2,2,-1
260,0,574.72,519.68,12.69,13.59,1.0,0,-1,-1
261,1,1610.58,438.52,34.89,75.58,0.9151,2,2,-1
261,2,1562.74,923.72,71.63,156.30,0.7522,2,1,-1
261,3,1180.29,593.50,66.28,112.89,0.9436,2,2,-1
261,4,653.42,676.72,47.88,133.33,0.9297,2,1,-1
261,7,485.78,448.33,43.57,78.50,0.9149,2,1,-1
261,8,-3.69,428.14,20.24,85.41,0.8437,1,4,-1
261,9,962.74,322.71,22.66,45.05,0.8658,3,0,-1
261,13,1645.67,832.74,58.63,173.27,0.9323,2,2,-1
261,14,1629.16,543.07,47.99,116.08,0.9248,2,1,-1
261,15,1756.82,395.73,27.12,69.77,0.9051,2,1,-1
261,16,1816.38,534.31,37.24,103.50,0.9296,2,2,-1
261,0,570.89,520.05,12.73,13.19,1.0,0,-1,-1
262,1,1609.62,437.11,31.24,75.78,0.9082,2,2,-1
262,2,1563.89,921.98,69.80,158.02,0.8431,2,1,-1
262,3,1175.42,592.20,68.14,112.09,0.9366,2,2,-1
262,4,646.11,676.57,46.25,134.87,0.9337,2,1,-1
262,7,485.63,446.25,42.40,80.40,0.9004,2,1,-1
262,8,-1.78,439.25,16.88,74.38,0.6988,1,4,-1
262,9,959.37,321.23,23.87,46.96,0.8761,3,0,-1
262,13,1639.26,830.23,59.42,174.84,0.9492,2,2,-1
262,14,1623.00,542.23,48.87,113.68,0.9278,2,1,-1
262,15,1749.64,393.01,29.76,71.47,0.9099,2,1,-1
262,16,1808.43,532.71,35.80,102.95,0.9273,2,2,-1
262,0,568.02,520.07,13.82,13.21,1.0,0,-1,-1
263,1,1609.95,435.42,27.86,76.59,0.9013,2,2,-1
263,2,1561.89,921.68,69.27,158.33,0.8295,2,1,-1
263,3,1171.87,591.79,67.72,111.45,0.9382,2,2,-1
263,4,638.38,677.45,45.00,135.99,0.9335,2,1,-1
263,7,489.70,446.76,35.81,66.02,0.8005,2,1,-1
263,8,-3.04,442.02,15.56,72.01,0.5391,1,4,-1
263,9,954.21,319.11,24.06,48.77,0.8626,3,0,-1
263,13,1632.48,828.52,58.99,175.73,0.9305,2,2,-1
263,14,1616.72,542.93,49.48,111.49,0.9280,2,1,-1
263,15,1742.37,391.65,32.89,70.67,0.9174,2,1,-1
263,16,1799.73,531.32,35.24,103.56,0.9193,2,2,-1
263,0,565.96,520.26,12.59,13.58,1.0,0,-1,-1
264,1,1610.34,435.29,26.68,77.43,0.8926,2,2,-1
264,2,1559.27,926.52,67.03,153.49,0.8627,2,1,-1
264,3,1171.04,590.61,64.37,112.38,0.9377,2,2,-1
264,4,630.44,677.45,44.68,135.77,0.9311,2,1,-1
264,7,489.77,446.19,35.79,79.85,0.9065,2,1,-1
264,9,949.65,317.05,25.63,50.74,0.8971,3,0,-1
264,13,1625.10,827.28,59.78,175.00,0.9364,2,2,-1
264,14,1610.71,542.91,49.78,109.80,0.9245,2,1,-1
264,15,1735.57,391.28,35.86,70.25,0.9174,2,1,-1
264,16,1791.74,530.12,35.39,103.83,0.9244,2,2,-1
264,0,563.11,520.54,12.64,13.09,1.0,0,-1,-1
265,1,1607.45,435.24,30.18,77.31,0.9157,2,2,-1
265,2,1557.23,930.00,67.97,150.00,0.8929,2,1,-1
265,3,1170.77,588.90,58.88,110.77,0.9371,2,2,-1
265,4,622.64,677.03,45.11,136.57,0.9357,2,1,-1
265,7,486.43,444.31,36.68,80.63,0.9048,2,1,-1
265,9,946.74,317.29,25.94,50.17,0.8822,3,0,-1
265,13,1615.69,826.58,62.41,174.52,0.9326,2,2,-1
265,14,1604.63,540.82,49.74,110.18,0.9285,2,1,-1
265,15,1733.11,390.12,34.92,70.46,0.9181,2,1,-1
265,16,1781.20,529.13,39.10,103.34,0.9304,2,2,-1
265,0,561.08,520.29,13.20,13.38,1.0,0,-1,-1
266,1,1601.97,436.27,36.06,76.20,0.9308,2,2,-1
266,2,1556.92,935.85,68.16,143.89,0.8871,2,1,-1
266,3,1172.74,586.55,50.23,111.75,0.9373,2,2,-1
266,4,614.44,677.69,45.56,136.73,0.9287,2,1,-1
266,7,482.13,443.46,36.66,82.21,0.9137,2,1,-1
266,9,943.65,317.64,24.28,48.34,0.8768,3,0,-1
266,13,1606.77,825.97,64.53,173.15,0.9306,2,2,-1
266,14,1600.96,538.85,47.90,110.37,0.9255,2,1,-1
266,15,1731.51,389.63,32.68,69.47,0.9059,2,1,-1
266,16,1771.30,528.00,43.10,103.08,0.9198,2,2,-1
266,0,559.09,520.55,12.76,12.34,1.0,0,-1,-1
267,1,1596.21,436.45,40.68,75.72,0.9224,2,2,-1
267,2,1558.22,941.02,66.64,138.45,0.7340,2,1,-1
267,3,1174.74,585.53,40.14,111.99,0.9218,2,2,-1
267,4,606.22,678.15,46.60,137.07,0.9354,2,1,-1
267,7,478.20,443.11,39.51,83.47,0.9259,2,1,-1
267,9,940.07,318.66,23.69,47.82,0.7106,3,0,-1
267,13,1597.55,822.71,66.15,176.40,0.9384,2,2,-1
267,14,1597.76,535.76,44.59,110.96,0.9240,2,1,-1
267,15,1731.10,388.27,30.03,69.40,0.8923,2,1,-1
267,16,1761.39,526.70,46.46,103.95,0.9259,2,2,-1
267,0,554.69,520.60,14.67,13.34,1.0,0,-1,-1
268,1,1588.75,436.24,45.66,75.50,0.9298,2,2,-1
268,3,1174.54,583.51,34.90,113.20,0.9288,2,2,-1
268,4,598.21,678.11,47.35,137.80,0.9400,2,1,-1
268,7,474.39,443.14,42.19,85.06,0.9265,2,1,-1
268,9,937.87,319.70,21.76,44.42,0.6976,3,0,-1
268,13,1589.58,822.77,64.99,177.40,0.9338,2,2,-1
268,14,1593.42,532.25,44.92,114.78,0.9204,2,1,-1
268,15,1729.38,386.38,28.60,70.16,0.8983,2,1,-1
268,16,1751.38,526.17,49.94,104.00,0.9254,2,2,-1
268,0,553.27,520.38,13.34,12.96,1.0,0,-1,-1
269,1,1582.11,435.87,48.67,74.57,0.9289,2,2,-1
269,3,1170.98,583.08,36.11,113.87,0.9331,2,2,-1
269,4,591.38,679.22,47.65,135.84,0.9302,2,1,-1
269,7,471.74,443.54,42.12,85.51,0.9215,2,1,-1
269,9,936.07,320.62,21.02,42.80,0.6718,3,0,-1
269,13,1583.65,822.15,64.64,178.74,0.9382,2,2,-1
269,14,1587.63,530.42,44.19,114.64,0.9311,2,1,-1
269,15,1725.40,384.08,29.52,71.44,0.8935,2,1,-1
269,16,1742.27,525.38,50.93,103.48,0.9243,2,2,-1
269,0,551.34,520.35,12.39,13.29,1.0,0,-1,-1
270,1,1576.82,435.11,48.69,74.67,0.9307,2,2,-1
270,3,1166.05,582.89,43.12,113.63,0.9322,2,2,-1
270,4,583.64,680.52,48.13,134.34,0.9389,2,1,-1
270,7,471.98,444.45,39.81,84.86,0.8934,2,1,-1
270,9,930.97,318.66,22.63,44.38,0.8203,3,0,-1
270,13,1576.28,821.07,62.58,178.83,0.9357,2,2,-1
270,14,1582.09,529.14,45.21,114.70,0.9157,2,1,-1
270,15,1722.49,382.51,28.70,70.61,0.9171,2,1,-1
270,16,1736.03,524.19,49.65,102.95,0.9315,2,2,-1
270,0,548.29,520.42,12.87,13.29,1.0,0,-1,-1
271,1,1574.17,434.27,45.65,74.72,0.9143,2,2,-1
271,3,1159.64,582.92,53.74,112.81,0.9318,2,2,-1
271,4,575.63,680.82,49.42,135.57,0.9395,2,1,-1
271,7,473.55,445.00,35.36,83.72,0.8986,2,1,-1
271,9,928.48,317.46,22.81,46.37,0.8631,3,0,-1
271,13,1572.10,818.31,59.40,174.25,0.9138,2,2,-1
271,14,1575.76,528.42,45.35,111.90,0.9244,2,1,-1
271,15,1720.54,382.22,27.01,70.15,0.9060,2,1,-1
271,16,1727.01,522.20,49.12,103.43,0.9342,2,2,-1
271,0,545.74,520.37,13.42,13.66,1.0,0,-1,-1
272,1,1572.76,431.92,41.14,75.89,0.9018,2,2,-1
272,3,1153.15,583.08,60.76,111.71,0.9320,2,2,-1
272,4,568.00,681.49,49.68,134.83,0.9482,2,1,-1
272,7,476.45,444.40,31.77,83.84,0.9045,2,1,-1
272,9,923.94,317.67,24.17,46.26,0.8864,3,0,-1
272,13,1564.77,817.54,56.14,161.16,0.8679,2,2,-1
272,14,1569.04,528.62,45.43,109.10,0.9232,2,1,-1
272,15,1717.60,381.71,24.71,66.53,0.8943,2,1,-1
272,16,1719.52,520.65,47.25,103.18,0.9292,2,2,-1
272,0,542.95,520.35,14.12,13.61,1.0,0,-1,-1
273,1,1574.58,430.14,34.47,76.57,0.9119,2,2,-1
273,3,1146.50,582.48,63.93,111.45,0.9369,2,2,-1
273,4,560.46,681.45,49.10,135.51,0.9441,2,1,-1
273,7,474.83,442.34,30.80,85.43,0.9244,2,1,-1
273,9,919.62,316.47,25.59,46.64,0.8714,3,0,-1
273,13,1541.99,816.89,70.01,164.34,0.9304,2,2,-1
273,14,1563.12,529.44,44.81,108.97,0.9305,2,1,-1
273,15,1713.90,380.12,24.87,69.09,0.8974,2,1,-1
273,16,1714.17,519.43,44.19,103.54,0.9283,2,2,-1
273,0,539.97,520.29,13.87,13.64,1.0,0,-1,-1
274,1,1577.25,428.14,29.35,76.53,0.8800,2,2,-1
274,3,1142.53,581.62,65.94,111.33,0.9476,2,2,-1
274,4,553.23,680.83,49.51,135.96,0.9307,2,1,-1
274,7,469.59,440.80,34.26,86.42,0.9266,2,1,-1
274,9,916.18,315.00,25.68,47.11,0.8715,3,0,-1
274,13,1529.21,816.05,75.45,165.67,0.9369,2,2,-1
274,14,1557.81,528.29,43.37,109.09,0.9267,2,1,-1
274,15,1710.27,378.63,24.39,69.55,0.9009,2,1,-1
274,16,1709.00,517.79,41.75,102.99,0.9300,2,2,-1
274,0,537.92,520.16,13.34,13.99,1.0,0,-1,-1
275,1,1579.16,450.77,20.86,53.92,0.8625,2,2,-1
275,3,1138.20,580.18,62.25,111.41,0.9286,2,2,-1
275,4,545.73,680.53,48.77,135.33,0.9382,2,1,-1
275,7,464.46,441.08,38.11,86.89,0.9297,2,1,-1
275,9,913.23,315.91,24.63,46.41,0.7363,3,0,-1
275,13,1519.81,814.45,92.05,169.23,0.9356,2,2,-1
275,14,1553.06,527.37,42.46,108.47,0.9324,2,1,-1
275,15,1704.82,378.08,25.34,69.42,0.9014,2,1,-1
275,16,1704.48,516.71,38.60,101.64,0.9258,2,2,-1
275,0,535.13,520.48,13.79,13.04,1.0,0,-1,-1
276,1,1574.02,426.42,24.18,76.99,0.8910,2,2,-1
276,3,1138.87,578.23,58.01,111.49,0.9322,2,2,-1
276,4,538.40,680.54,48.74,134.88,0.9398,2,1,-1
276,7,459.77,439.35,45.30,88.83,0.9291,2,1,-1
276,9,911.60,316.49,22.40,44.48,0.7594,3,0,-1
276,13,1508.65,814.25,84.66,168.17,0.9407,2,2,-1
276,14,1547.18,524.77,43.55,109.04,0.9316,2,1,-1
276,15,1698.82,376.16,28.10,69.12,0.9108,2,1,-1
276,16,1698.39,515.53,36.11,100.30,0.9327,2,2,-1
276,0,531.79,520.12,13.54,13.50,1.0,0,-1,-1
277,1,1571.55,426.31,24.50,76.40,0.9077,2,2,-1
277,3,1139.33,576.52,49.74,112.25,0.9305,2,2,-1
277,4,531.22,679.67,49.42,135.39,0.9392,2,1,-1
277,7,457.43,440.39,48.18,88.43,0.9292,2,1,-1
277,9,909.80,314.18,20.46,44.97,0.8405,3,0,-1
277,13,1501.55,813.05,82.45,170.27,0.9448,2,2,-1
277,14,1542.69,521.96,44.58,109.27,0.9352,2,1,-1
277,15,1693.79,376.34,29.39,68.40,0.9080,2,1,-1
277,16,1691.89,512.56,35.49,102.57,0.9269,2,2,-1
277,0,529.60,520.00,13.60,13.75,1.0,0,-1,-1
278,1,1564.59,426.63,29.91,75.79,0.9119,2,2,-1
278,3,1143.27,575.23,42.45,112.45,0.9318,2,2,-1
278,4,523.98,680.09,49.08,135.78,0.9279,2,1,-1
278,7,455.13,441.61,49.15,87.55,0.9244,2,1,-1
278,9,906.33,312.84,21.35,46.87,0.8564,3,0,-1
278,13,1495.76,810.17,83.40,173.45,0.9371,2,2,-1
278,14,1537.23,519.75,47.50,109.58,0.9303,2,1,-1
278,15,1691.42,374.31,28.63,68.24,0.8993,2,1,-1
278,16,1685.07,511.77,34.78,101.95,0.9251,2,2,-1
278,0,527.45,520.08,13.56,13.65,1.0,0,-1,-1
279,1,1560.13,426.78,34.63,75.28,0.9177,2,2,-1
279,3,1145.34,574.09,41.51,112.92,0.9408,2,2,-1
279,4,516.96,680.08,49.79,136.39,0.9327,2,1,-1
279,7,454.53,443.09,44.64,85.61,0.9181,2,1,-1
279,9,902.11,310.62,22.37,49.72,0.8756,3,0,-1
279,13,1490.26,811.30,81.92,169.45,0.9442,2,2,-1
279,14,1530.66,518.72,49.82,109.53,0.9367,2,1,-1
279,15,1688.79,372.52,27.91,69.39,0.8853,2,1,-1
279,16,1677.22,510.40,34.69,102.40,0.9250,2,2,-1
279,0,523.86,520.33,13.70,12.60,1.0,0,-1,-1
280,1,1554.08,426.65,38.61,75.05,0.9248,2,2,-1
280,3,1139.53,572.82,48.09,113.96,0.9352,2,2,-1
280,4,510.25,680.04,49.08,136.56,0.9342,2,1,-1
280,7,457.32,443.01,42.23,85.26,0.9247,2,1,-1
280,9,898.20,308.23,23.49,50.74,0.8681,3,0,-1
280,13,1481.77,810.67,83.40,168.02,0.9444,2,2,-1
280,14,1526.46,517.08,49.82,109.86,0.9288,2,1,-1
280,15,1685.99,373.46,25.36,66.52,0.8848,2,1,-1
280,16,1670.61,508.44,33.85,102.69,0.9206,2,2,-1
280,0,520.51,519.99,13.89,13.47,1.0,0,-1,-1
281,1,1549.13,426.21,40.69,74.62,0.9223,2,2,-1
281,3,1134.72,572.05,53.10,114.15,0.9339,2,2,-1
281,4,503.55,680.61,48.32,136.16,0.9245,2,1,-1
281,7,461.80,442.55,38.41,85.76,0.9063,2,1,-1
281,9,896.89,311.07,23.08,47.85,0.8607,3,0,-1
281,13,1477.51,809.76,80.99,167.38,0.9505,2,2,-1
281,14,1523.28,517.43,48.53,107.50,0.9322,2,1,-1
281,15,1682.87,371.28,26.24,68.05,0.8710,2,1,-1
281,16,1664.19,508.20,32.97,102.58,0.9154,2,2,-1
281,0,518.76,520.05,13.77,13.23,1.0,0,-1,-1
282,1,1545.44,425.62,40.07,73.61,0.9193,2,2,-1
282,3,1130.45,570.62,57.37,115.23,0.9265,2,2,-1
282,4,497.48,680.38,47.68,137.46,0.9316,2,1,-1
282,7,461.59,440.64,35.32,87.89,0.9173,2,1,-1
282,9,894.06,311.94,23.37,47.30,0.8742,3,0,-1
282,13,1470.03,807.12,80.18,168.40,0.9430,2,2,-1
282,14,1520.35,518.35,48.08,105.51,0.9354,2,1,-1
282,15,1680.22,369.55,24.27,66.85,0.8942,2,1,-1
282,16,1658.59,507.01,31.87,101.90,0.9172,2,2,-1
282,0,515.15,519.83,14.07,14.38,1.0,0,-1,-1
283,1,1543.34,424.57,37.63,73.11,0.9196,2,2,-1
283,3,1126.39,571.08,54.65,113.58,0.9044,2,2,-1
283,4,491.68,680.71,46.25,137.01,0.9270,2,1,-1
283,7,459.59,439.32,35.44,89.68,0.9178,2,1,-1
283,9,891.72,311.24,21.54,46.70,0.8557,3,0,-1
283,13,1461.79,805.52,75.97,167.36,0.9358,2,2,-1
283,14,1520.73,517.61,45.23,105.71,0.9306,2,1,-1
283,15,1677.04,369.93,23.81,66.20,0.8907,2,1,-1
283,16,1653.16,506.35,30.86,101.36,0.9204,2,2,-1
283,0,514.41,520.09,13.07,13.59,1.0,0,-1,-1
284,1,1542.23,422.71,34.85,74.27,0.9222,2,2,-1
284,3,1124.67,570.00,61.98,113.74,0.9315,2,2,-1
284,4,486.17,680.86,46.57,138.88,0.9333,2,1,-1
284,7,456.95,439.42,37.36,90.92,0.9258,2,1,-1
284,9,889.46,312.47,20.35,45.43,0.8498,3,0,-1
284,13,1454.50,804.31,67.94,167.32,0.9365,2,2,-1
284,14,1520.99,516.77,40.54,105.70,0.9238,2,1,-1
284,15,1674.25,368.72,23.15,65.43,0.9032,2,1,-1
284,16,1647.63,505.42,30.02,100.78,0.9212,2,2,-1
284,0,511.86,520.76,13.67,13.56,1.0,0,-1,-1
285,1,1542.07,420.49,31.81,75.16,0.9053,2,2,-1
285,2,1588.55,980.23,61.16,99.76,0.7202,2,1,-1
285,3,1120.94,570.20,60.87,111.38,0.9261,2,2,-1
285,4,480.43,681.69,45.14,140.08,0.9280,2,1,-1
285,7,455.05,439.51,39.14,91.07,0.9268,2,1,-1
285,9,888.11,312.84,20.05,44.90,0.8126,3,0,-1
285,13,1446.56,803.59,61.64,167.72,0.9410,2,2,-1
285,14,1521.21,514.35,36.49,105.62,0.9252,2,1,-1
285,15,1672.22,368.39,22.51,65.10,0.8961,2,1,-1
285,16,1641.96,505.06,29.10,99.42,0.9180,2,2,-1
285,0,509.30,520.58,14.85,13.62,1.0,0,-1,-1
286,1,1542.37,418.85,29.18,75.79,0.9004,2,2,-1
286,2,1589.15,979.13,63.20,100.82,0.5978,2,1,-1
286,3,1119.55,569.40,61.84,112.18,0.9218,2,2,-1
286,4,474.66,682.21,44.27,139.32,0.9225,2,1,-1
286,7,453.68,441.67,38.90,89.78,0.9219,2,1,-1
286,9,885.82,311.13,20.55,46.39,0.8466,3,0,-1
286,13,1435.21,802.60,56.48,167.58,0.9307,2,2,-1
286,14,1518.46,511.15,35.02,108.40,0.9191,2,1,-1
286,15,1669.40,367.15,22.03,65.55,0.8909,2,1,-1
286,16,1635.20,503.52,29.10,98.79,0.9189,2,2,-1
286,0,506.90,520.84,14.83,13.90,1.0,0,-1,-1
287,1,1545.04,436.61,22.78,58.25,0.8353,2,2,-1
287,3,1119.22,569.13,57.63,111.14,0.9360,2,2,-1
287,4,469.20,682.36,41.99,139.70,0.9285,2,1,-1
287,7,454.28,442.62,36.82,89.05,0.9129,2,1,-1
287,9,883.82,310.74,20.19,45.70,0.8845,3,0,-1
287,13,1422.70,800.43,53.27,169.07,0.9308,2,2,-1
287,14,1514.63,508.66,34.71,109.98,0.9159,2,1,-1
287,15,1665.47,363.82,22.03,68.31,0.8986,2,1,-1
287,16,1628.62,503.03,29.12,97.84,0.9144,2,2,-1
287,0,505.19,520.86,14.34,14.12,1.0,0,-1,-1
288,1,1542.50,417.17,26.58,77.33,0.8872,2,2,-1
288,3,1120.08,566.80,52.24,110.10,0.9268,2,2,-1
288,4,463.89,682.08,42.77,139.95,0.9282,2,1,-1
288,7,456.22,442.20,32.43,88.69,0.9086,2,1,-1
288,9,881.17,309.45,22.17,46.65,0.8798,3,0,-1
288,13,1411.39,798.92,54.70,169.63,0.9250,2,2,-1
288,14,1511.45,506.90,34.75,105.41,0.9230,2,1,-1
288,15,1659.47,362.51,23.95,67.81,0.9132,2,1,-1
288,16,1623.08,500.65,29.75,98.78,0.9165,2,2,-1
288,0,504.22,520.49,13.27,13.37,1.0,0,-1,-1
289,1,1540.73,416.44,29.98,77.24,0.9132,2,2,-1
289,3,1121.53,565.03,45.70,110.07,0.9253,2,2,-1
289,4,458.43,682.10,43.26,139.98,0.9274,2,1,-1
289,7,457.93,441.54,29.80,88.67,0.9137,2,1,-1
289,9,877.37,307.96,25.90,47.81,0.9068,3,0,-1
289,13,1400.82,798.30,57.25,169.07,0.9214,2,2,-1
289,14,1506.44,505.21,35.97,103.26,0.9261,2,1,-1
289,15,1655.71,360.27,25.44,67.49,0.9105,2,1,-1
289,16,1617.66,498.84,30.05,100.28,0.9176,2,2,-1
289,0,502.91,520.12,13.34,13.96,1.0,0,-1,-1
290,1,1536.58,417.42,35.09,75.56,0.9152,2,2,-1
290,3,1122.58,563.72,38.60,108.97,0.9259,2,2,-1
290,4,452.15,682.37,44.73,138.54,0.9310,2,1,-1
290,7,456.96,440.19,30.33,89.32,0.9185,2,1,-1
290,9,873.48,308.39,27.24,46.85,0.8949,3,0,-1
290,13,1389.54,797.85,60.14,168.85,0.9097,2,2,-1
290,14,1502.25,505.45,37.11,101.72,0.9227,2,1,-1
290,15,1650.84,359.79,27.74,67.47,0.9175,2,1,-1
290,16,1612.33,497.99,29.63,100.58,0.9219,2,2,-1
290,0,500.28,520.44,13.69,12.54,1.0,0,-1,-1
291,1,1530.71,417.49,41.27,75.96,0.9228,2,2,-1
291,2,1614.58,992.67,55.51,87.31,0.6600,2,1,-1
291,3,1121.92,562.20,36.13,111.38,0.9293,2,2,-1
291,4,447.30,682.11,46.88,139.60,0.9248,2,1,-1
291,7,454.99,439.39,32.10,90.76,0.9189,2,1,-1
291,9,871.02,307.28,26.69,46.52,0.8323,3,0,-1
291,13,1376.97,797.39,67.18,168.75,0.9389,2,2,-1
291,14,1497.12,506.06,37.91,101.16,0.9285,2,1,-1
291,15,1648.69,360.01,26.68,65.95,0.8984,2,1,-1
291,16,1606.31,496.87,30.71,100.62,0.9197,2,2,-1
291,0,498.14,520.45,13.79,13.26,1.0,0,-1,-1
292,1,1524.56,417.76,45.52,74.58,0.9246,2,2,-1
292,2,1615.39,996.26,55.73,83.70,0.6401,2,1,-1
292,3,1119.21,561.62,37.33,111.88,0.9322,2,2,-1
292,4,441.33,682.56,50.69,138.70,0.9336,2,1,-1
292,7,452.25,438.42,35.52,91.52,0.9264,2,1,-1
292,9,870.98,306.65,26.22,47.17,0.8353,3,0,-1
292,13,1364.32,796.89,74.12,165.78,0.9523,2,2,-1
292,14,1490.11,506.22,39.82,100.91,0.9239,2,1,-1
292,15,1646.79,358.66,25.46,65.70,0.8903,2,1,-1
292,16,1600.60,496.09,31.14,100.99,0.9193,2,2,-1
292,0,495.66,520.87,15.01,12.57,1.0,0,-1,-1
293,1,1518.93,417.43,48.13,74.15,0.9268,2,2,-1
293,3,1113.95,561.65,43.37,111.35,0.9265,2,2,-1
293,4,436.85,682.92,53.48,139.42,0.9380,2,1,-1
293,7,451.32,439.29,36.91,90.98,0.9267,2,1,-1
293,9,870.51,305.48,23.93,48.21,0.8441,3,0,-1
293,13,1355.75,794.45,75.87,166.94,0.9289,2,2,-1
293,14,1485.17,505.83,40.55,100.40,0.9297,2,1,-1
293,15,1644.08,356.02,25.01,67.74,0.8904,2,1,-1
293,16,1594.87,495.55,31.48,100.02,0.9155,2,2,-1
293,0,494.23,520.57,12.84,13.04,1.0,0,-1,-1
294,1,1515.60,416.86,46.73,73.97,0.9254,2,2,-1
294,3,1109.31,561.79,53.64,110.87,0.9291,2,2,-1
294,4,431.28,683.05,53.33,138.67,0.9265,2,1,-1
294,7,451.19,440.59,36.32,90.77,0.9230,2,1,-1
294,9,869.92,304.03,21.67,47.57,0.8482,3,0,-1
294,13,1347.82,792.59,77.48,167.55,0.9422,2,2,-1
294,14,1480.02,503.06,40.69,100.93,0.9271,2,1,-1
294,15,1641.02,354.73,23.39,67.91,0.8896,2,1,-1
294,16,1588.29,495.24,32.84,99.98,0.9214,2,2,-1
294,0,491.35,520.60,13.49,14.39,1.0,0,-1,-1
295,1,1513.92,415.14,43.38,74.33,0.9136,2,2,-1
295,3,1103.53,562.08,61.05,110.08,0.9330,2,2,-1
295,4,427.21,683.96,54.81,137.85,0.9384,2,1,-1
295,7,452.55,441.57,34.12,89.19,0.9111,2,1,-1
295,9,867.69,303.55,22.27,48.68,0.8588,3,0,-1
295,13,1340.88,790.87,75.88,167.07,0.9514,2,2,-1
295,14,1474.80,500.32,42.44,101.61,0.9229,2,1,-1
295,15,1637.58,353.85,22.57,66.49,0.8978,2,1,-1
295,16,1582.68,494.65,33.01,99.13,0.9092,2,2,-1
295,0,489.81,520.60,12.86,13.51,1.0,0,-1,-1
296,1,1513.34,412.91,38.81,75.53,0.9082,2,2,-1
296,3,1098.32,561.97,62.57,110.08,0.9437,2,2,-1
296,4,423.15,682.98,54.88,137.99,0.9155,2,1,-1
296,7,452.36,442.70,35.22,87.90,0.9039,2,1,-1
296,9,864.43,302.59,22.01,49.23,0.8623,3,0,-1
296,13,1334.39,788.46,71.45,165.48,0.9438,2,2,-1
296,14,1469.75,497.42,43.71,102.52,0.9242,2,1,-1
296,15,1633.76,353.50,22.59,64.63,0.8949,2,1,-1
296,16,1577.29,493.30,33.04,100.06,0.9166,2,2,-1
296,0,487.17,521.00,13.60,13.43,1.0,0,-1,-1
297,1,1515.06,410.89,32.20,77.14,0.9101,2,2,-1
297,3,1095.43,560.40,64.64,111.15,0.9388,2,2,-1
297,4,418.98,682.78,56.86,138.77,0.9191,2,1,-1
297,7,450.38,442.50,36.91,88.38,0.9133,2,1,-1
297,9,862.41,303.13,21.81,47.86,0.8596,3,0,-1
297,13,1327.43,787.47,66.39,165.51,0.9344,2,2,-1
297,14,1465.40,494.42,43.65,97.77,0.9280,2,1,-1
297,15,1629.86,352.89,22.67,65.22,0.8969,2,1,-1
297,16,1571.09,492.79,34.46,99.20,0.9186,2,2,-1
297,0,484.47,520.34,13.27,13.20,1.0,0,-1,-1
298,1,1517.90,408.73,26.84,78.21,0.9016,2,2,-1
298,3,1092.95,559.15,61.88,111.74,0.9366,2,2,-1
298,4,416.34,682.42,56.38,138.39,0.9245,2,1,-1
298,7,447.76,441.63,38.99,89.86,0.9278,2,1,-1
298,9,859.41,302.54,22.98,48.80,0.8544,3,0,-1
298,13,1321.24,787.26,57.75,163.11,0.9275,2,2,-1
298,14,1461.94,493.76,42.64,96.72,0.9302,2,1,-1
298,15,1625.96,352.25,22.61,64.30,0.9071,2,1,-1
298,16,1567.35,491.70,34.09,98.63,0.9198,2,2,-1
298,0,482.62,520.36,12.49,12.80,1.0,0,-1,-1
299,1,1517.89,407.68,23.52,77.97,0.8937,2,2,-1
299,3,1094.66,557.35,54.27,110.72,0.9337,2,2,-1
299,4,414.03,682.77,55.15,137.58,0.9204,2,1,-1
299,7,445.76,439.76,41.69,91.34,0.9279,2,1,-1
299,9,857.96,302.10,23.25,50.01,0.8566,3,0,-1
299,13,1315.73,785.62,49.79,162.17,0.9319,2,2,-1
299,14,1458.93,493.66,41.54,97.14,0.9289,2,1,-1
299,15,1623.26,350.53,22.37,65.44,0.9026,2,1,-1
299,16,1563.32,490.62,34.55,98.60,0.9150,2,2,-1
299,0,482.13,520.92,12.33,12.26,1.0,0,-1,-1
300,1,1516.83,407.04,21.66,77.87,0.8989,2,2,-1
300,3,1097.55,555.55,47.30,111.37,0.9335,2,2,-1
300,4,410.06,682.53,55.13,135.26,0.9199,2,1,-1
300,7,444.37,439.17,43.47,90.86,0.9270,2,1,-1
300,9,856.21,302.24,22.12,48.28,0.5866,3,0,-1
300,13,1307.94,782.87,47.67,162.76,0.9328,2,2,-1
300,14,1454.97,492.61,39.97,96.96,0.9214,2,1,-1
300,15,1619.03,347.94,22.32,66.66,0.8915,2,1,-1
300,16,1560.63,487.88,34.17,100.08,0.9191,2,2,-1
300,0,483.48,518.69,15.50,14.18,1.0,0,-1,-1
301,1,1515.88,407.21,21.90,77.77,0.8903,2,2,-1
301,3,1102.50,553.53,41.67,112.76,0.9252,2,2,-1
301,4,405.43,682.07,56.12,136.90,0.9277,2,1,-1
301,7,442.21,438.72,44.15,90.84,0.9316,2,1,-1
301,13,1298.73,780.04,49.04,166.72,0.9345,2,2,-1
301,14,1451.16,489.93,38.83,98.74,0.9177,2,1,-1
301,15,1616.43,346.16,21.58,65.91,0.8929,2,1,-1
301,16,1561.19,486.51,30.86,100.15,0.9206,2,2,-1
301,17,1899.71,454.10,17.23,94.63,0.7744,2,-1,-1
301,18,1895.99,633.44,22.87,131.84,0.8881,2,-1,-1
301,0,490.00,515.89,13.65,13.28,1.0,0,-1,-1
302,1,1514.85,407.73,21.40,76.48,0.8915,2,2,-1
302,2,1629.23,1015.74,49.00,64.23,0.5289,2,1,-1
302,3,1104.60,552.15,41.63,113.43,0.9247,2,2,-1
302,4,400.73,681.38,55.11,138.09,0.9172,2,1,-1
302,7,441.46,439.27,44.36,92.21,0.9297,2,1,-1
302,9,853.99,302.01,21.35,47.53,0.5285,3,0,-1
302,13,1289.90,779.43,49.83,165.14,0.9415,2,2,-1
302,14,1447.41,486.62,38.73,99.85,0.9299,2,1,-1
302,15,1613.83,344.85,20.91,66.01,0.8951,2,1,-1
302,16,1558.98,485.42,29.20,98.48,0.9066,2,2,-1
302,17,1894.64,452.17,23.52,96.45,0.8750,3,-1,-1
302,18,1889.55,631.76,28.95,133.85,0.9025,2,-1,-1
302,0,496.09,514.35,14.43,13.15,1.0,0,-1,-1
303,1,1513.30,408.04,21.40,73.45,0.8745,2,2,-1
303,2,1629.24,1015.06,51.91,64.81,0.5948,2,1,-1
303,3,1103.00,551.09,45.13,113.25,0.9216,2,2,-1
303,4,396.70,681.00,56.98,138.79,0.9295,2,1,-1
303,7,441.43,439.66,40.52,91.70,0.9209,2,1,-1
303,9,852.50,301.24,21.41,48.01,0.7853,3,0,-1
303,13,1281.39,777.84,51.02,164.58,0.9335,2,2,-1
303,14,1442.18,483.17,38.17,101.04,0.9281,2,1,-1
303,15,1609.87,343.51,21.42,65.15,0.8923,2,1,-1
303,16,1556.17,484.82,29.10,97.61,0.9075,2,2,-1
303,18,1883.17,630.10,35.41,133.00,0.9186,2,-1,-1
303,0,503.22,511.99,13.40,12.62,1.0,0,-1,-1
304,1,1510.91,407.76,24.24,74.97,0.8685,2,2,-1
304,2,1631.41,1015.87,54.11,64.10,0.8051,2,1,-1
304,3,1098.95,549.89,50.63,113.80,0.9209,2,2,-1
304,4,391.53,679.96,59.41,139.68,0.9388,2,1,-1
304,7,445.28,440.56,35.69,90.95,0.9095,2,1,-1
304,9,850.98,299.10,20.66,47.58,0.8266,3,0,-1
304,13,1261.71,776.28,61.52,166.25,0.9302,2,2,-1
304,14,1437.16,479.11,35.65,95.07,0.9272,2,1,-1
304,15,1606.25,342.92,21.20,64.90,0.8991,2,1,-1
304,16,1550.44,484.46,33.12,97.80,0.9091,2,2,-1
304,17,1888.93,447.62,25.22,93.91,0.6180,3,-1,-1
304,18,1876.53,628.17,41.68,131.49,0.9112,2,2,-1
304,0,507.63,512.06,14.98,12.79,1.0,0,-1,-1
305,1,1506.79,407.07,27.63,76.12,0.8837,2,2,-1
305,2,1633.86,1019.07,52.15,60.87,0.7244,2,1,-1
305,3,1095.90,549.13,55.24,114.35,0.9215,2,2,-1
305,4,386.46,679.28,62.05,139.56,0.9290,2,1,-1
305,7,449.76,441.08,32.25,88.77,0.9069,2,1,-1
305,9,848.94,296.68,21.60,50.30,0.8695,3,0,-1
305,13,1249.46,774.84,67.19,165.59,0.9389,2,2,-1
305,14,1431.64,477.55,35.18,90.67,0.9263,2,1,-1
305,15,1601.30,342.16,21.77,64.10,0.9007,2,1,-1
305,16,1546.27,483.77,37.02,97.71,0.9090,2,2,-1
305,17,1880.08,445.62,36.45,94.10,0.9117,2,-1,-1
305,18,1870.11,626.15,48.32,129.19,0.9198,2,2,-1
305,0,514.02,511.85,14.57,13.82,1.0,0,-1,-1
306,1,1501.12,405.04,31.27,77.28,0.8999,2,2,-1
306,2,1635.11,1022.88,51.74,57.11,0.8558,2,1,-1
306,3,1092.28,548.35,59.30,114.13,0.9231,2,2,-1
306,4,380.82,679.83,64.69,138.56,0.9364,2,1,-1
306,7,451.38,439.79,31.70,90.19,0.9256,2,1,-1
306,9,846.30,296.00,23.40,50.40,0.8601,3,0,-1
306,13,1241.34,774.61,67.27,164.00,0.9336,2,2,-1
306,14,1424.55,475.88,35.83,92.21,0.9253,2,1,-1
306,15,1597.74,340.83,21.61,64.53,0.8907,2,1,-1
306,16,1539.82,484.09,39.78,96.19,0.9296,2,2,-1
306,17,1873.76,443.01,37.56,94.75,0.9253,2,-1,-1
306,18,1862.55,624.02,55.17,127.77,0.9316,2,2,-1
306,0,519.19,512.92,15.12,13.30,1.0,0,-1,-1
307,1,1495.56,405.28,32.78,73.67,0.9095,2,2,-1
307,2,1636.68,1024.13,50.98,55.85,0.7681,2,1,-1
307,3,1089.08,547.54,61.56,113.06,0.9291,2,2,-1
307,4,373.99,678.72,69.57,139.23,0.9412,2,1,-1
307,7,447.92,438.92,35.22,90.70,0.9331,2,1,-1
307,9,843.85,295.39,25.17,50.55,0.8677,3,0,-1
307,13,1234.74,774.01,66.99,163.39,0.9320,2,2,-1
307,14,1417.35,475.21,37.16,92.40,0.9241,2,1,-1
307,15,1592.77,339.92,21.63,64.72,0.8941,2,1,-1
307,16,1534.83,484.28,40.57,94.90,0.9204,2,2,-1
307,17,1868.21,441.84,37.15,94.28,0.9390,2,-1,-1
307,18,1855.91,621.49,55.15,128.67,0.9295,2,2,-1
307,0,524.37,515.28,14.77,11.96,1.0,0,-1,-1
308,1,1491.22,403.73,32.71,73.81,0.9025,2,2,-1
308,2,1641.80,1029.46,47.03,50.54,0.8791,2,1,-1
308,3,1086.00,547.40,62.54,111.52,0.9327,2,2,-1
308,4,368.32,678.08,73.49,140.09,0.9323,2,1,-1
308,7,442.54,436.35,41.09,93.52,0.9360,2,1,-1
308,9,840.75,295.39,24.71,50.47,0.8372,3,0,-1
308,13,1228.92,773.20,65.57,161.98,0.9349,2,2,-1
308,14,1409.42,473.85,39.06,93.39,0.9302,2,1,-1
308,15,1588.06,338.49,20.40,64.81,0.8960,2,1,-1
308,16,1531.16,482.63,40.32,95.73,0.9222,2,2,-1
308,17,1862.01,440.94,36.90,94.60,0.9312,2,-1,-1
308,18,1849.17,619.87,54.33,127.62,0.9265,2,2,-1
308,0,529.38,516.40,14.06,13.27,1.0,0,-1,-1
309,1,1487.58,403.62,31.41,72.90,0.8911,2,2,-1
309,2,1644.85,1031.96,44.70,48.04,0.9064,2,1,-1
309,3,1083.33,546.11,62.14,112.55,0.9379,2,2,-1
309,4,362.46,677.61,77.10,140.17,0.9360,2,1,-1
309,7,439.78,435.67,44.43,93.55,0.9397,2,1,-1
309,9,840.33,298.18,22.27,46.57,0.8615,3,0,-1
309,13,1223.64,771.05,64.46,161.53,0.9333,2,2,-1
309,14,1400.81,470.45,40.87,96.32,0.9228,2,1,-1
309,15,1583.74,337.55,19.74,62.59,0.8847,2,1,-1
309,16,1528.92,479.92,40.93,97.73,0.9278,2,2,-1
309,17,1856.40,440.53,36.27,93.96,0.9254,2,-1,-1
309,18,1844.35,617.87,54.84,129.16,0.9341,2,2,-1
309,0,531.84,514.30,14.12,13.90,1.0,0,-1,-1
310,1,1490.87,401.66,25.52,72.69,0.8973,2,2,-1
310,2,1645.59,1033.23,43.05,46.76,0.7734,2,1,-1
310,3,1081.87,545.48,60.38,110.88,0.9294,2,2,-1
310,4,356.90,677.18,78.06,141.01,0.9312,2,1,-1
310,7,436.38,435.68,49.04,93.40,0.9368,2,1,-1
310,9,839.52,298.62,20.58,45.79,0.8232,3,0,-1
310,13,1217.59,770.59,62.10,161.19,0.9349,2,2,-1
310,14,1390.95,465.90,42.95,99.46,0.9186,2,1,-1
310,15,1578.16,337.43,20.04,62.14,0.8864,2,1,-1
310,16,1526.59,477.47,39.07,98.90,0.9226,2,2,-1
310,17,1849.66,439.90,35.30,94.30,0.9317,2,-1,-1
310,18,1840.21,616.15,53.89,128.86,0.9402,2,2,-1
310,0,533.67,512.70,15.21,12.67,1.0,0,-1,-1
311,1,1487.81,400.07,23.63,73.60,0.8953,2,2,-1
311,2,1644.13,1030.88,43.71,49.12,0.8646,2,1,-1
311,3,1081.73,544.08,55.27,111.25,0.9354,2,2,-1
311,4,352.85,674.44,76.66,143.04,0.9303,2,1,-1
311,7,434.37,436.24,49.78,93.02,0.9365,2,1,-1
311,9,836.62,297.33,20.76,47.04,0.8549,3,0,-1
311,13,1210.68,770.22,59.05,160.01,0.9297,2,2,-1
311,14,1380.10,462.57,45.01,100.81,0.9211,2,1,-1
311,15,1572.30,336.02,19.92,62.53,0.8902,2,1,-1
311,16,1523.00,475.69,36.99,99.59,0.9164,2,2,-1
311,17,1842.97,440.05,34.23,93.97,0.9320,2,-1,-1
311,18,1833.45,614.84,55.53,129.72,0.9343,2,2,-1
311,0,536.30,512.17,13.52,13.12,1.0,0,-1,-1
312,1,1485.40,398.82,21.82,73.55,0.9020,2,2,-1
312,2,1644.44,1031.76,43.06,48.24,0.8109,2,1,-1
312,3,1081.41,542.69,50.06,110.58,0.9374,2,2,-1
312,4,351.56,671.36,72.46,145.24,0.9290,2,1,-1
312,7,434.39,437.77,46.25,91.78,0.9315,2,1,-1
312,9,833.96,297.99,20.49,45.53,0.7634,3,0,-1
312,13,1207.00,766.75,53.11,161.43,0.9419,2,2,-1
312,14,1372.53,460.46,44.10,90.04,0.9198,2,1,-1
312,15,1567.27,334.93,19.93,62.83,0.8832,2,1,-1
312,16,1518.70,475.02,32.57,98.38,0.9171,2,2,-1
312,17,1836.44,439.36,33.58,91.77,0.9317,2,-1,-1
312,18,1825.60,614.23,56.48,128.64,0.9346,2,2,-1
312,0,538.85,512.14,13.77,13.24,1.0,0,-1,-1
313,1,1481.26,396.78,23.42,74.95,0.9074,2,2,-1
313,2,1644.41,1031.01,44.24,49.00,0.7478,2,1,-1
313,3,1080.60,541.95,45.38,110.36,0.9333,2,2,-1
313,4,352.39,673.21,61.93,136.78,0.9167,2,1,-1
313,7,439.39,439.60,41.56,90.12,0.9119,2,1,-1
313,9,831.41,295.28,22.30,49.01,0.8806,3,0,-1
313,13,1201.09,766.03,51.43,163.51,0.9270,2,2,-1
313,14,1365.29,459.26,42.98,89.68,0.9230,2,1,-1
313,15,1560.57,331.84,21.80,65.29,0.8875,2,1,-1
313,16,1515.32,474.52,30.36,97.73,0.9223,2,2,-1
313,17,1830.42,439.01,32.50,93.09,0.9342,2,-1,-1
313,18,1817.25,613.98,58.66,128.98,0.9321,2,2,-1
313,0,541.23,513.00,14.74,13.74,1.0,0,-1,-1
314,1,1476.76,395.11,25.28,75.30,0.8972,2,2,-1
314,2,1645.19,1032.14,43.21,47.86,0.8195,2,1,-1
314,3,1078.68,540.87,41.57,110.96,0.9299,2,2,-1
314,4,354.07,670.74,55.60,136.60,0.9352,2,1,-1
314,7,446.47,440.28,36.49,89.22,0.9187,2,1,-1
314,9,828.78,294.30,23.56,49.83,0.8720,3,0,-1
314,13,1195.36,765.80,50.49,161.13,0.9376,2,2,-1
314,14,1359.54,458.46,40.00,91.36,0.9221,2,1,-1
314,15,1555.89,331.12,21.14,64.03,0.8716,2,1,-1
314,16,1511.68,475.18,30.71,96.46,0.9123,2,2,-1
314,17,1824.53,438.14,32.43,92.82,0.6773,3,-1,-1
314,18,1811.63,612.54,58.55,129.09,0.9307,2,2,-1
314,0,544.02,514.45,15.17,13.58,1.0,0,-1,-1
315,1,1473.57,395.20,26.45,74.86,0.9074,2,2,-1
315,2,1646.75,1033.28,42.61,46.73,0.7232,2,1,-1
315,3,1076.82,540.55,39.28,111.08,0.9276,2,2,-1
315,4,357.60,671.04,45.83,135.43,0.9328,2,1,-1
315,7,447.69,439.28,36.18,90.77,0.9319,2,1,-1
315,9,828.12,291.57,25.41,52.30,0.8703,3,0,-1
315,13,1188.81,764.16,51.17,164.48,0.9258,2,2,-1
315,14,1354.61,458.51,38.36,91.00,0.9226,2,1,-1
315,15,1551.29,330.70,21.46,62.34,0.8863,2,1,-1
315,16,1509.14,477.19,30.49,94.01,0.9126,2,2,-1
315,17,1818.45,436.89,32.74,93.13,0.9194,2,-1,-1
315,18,1806.20,612.42,58.54,128.76,0.9314,2,2,-1
315,0,548.47,516.65,13.72,12.22,1.0,0,-1,-1
316,1,1471.37,395.46,25.63,74.28,0.9031,2,2,-1
316,2,1645.98,1034.20,40.30,45.49,0.5813,2,1,-1
316,3,1075.46,540.80,41.72,111.49,0.9304,2,2,-1
316,4,360.53,671.57,41.08,135.37,0.9330,2,1,-1
316,7,444.73,437.44,40.21,92.69,0.9325,2,1,-1
316,9,826.72,293.35,23.36,49.91,0.8746,3,0,-1
316,13,1184.77,763.22,51.57,161.41,0.9355,2,2,-1
316,14,1349.96,456.93,38.17,92.28,0.9312,2,1,-1
316,15,1546.29,330.38,22.88,63.06,0.8878,2,1,-1
316,16,1505.28,478.40,29.33,92.60,0.9186,2,2,-1
316,17,1812.83,435.75,32.96,92.19,0.9286,2,-1,-1
316,18,1799.53,612.04,58.95,128.62,0.9299,2,2,-1
316,0,550.20,515.33,13.46,12.63,1.0,0,-1,-1
317,1,1469.15,396.16,25.12,72.90,0.8792,2,2,-1
317,3,1072.96,540.15,44.40,111.55,0.9319,2,2,-1
317,4,357.41,671.55,43.10,136.17,0.9398,2,1,-1
317,7,442.33,436.32,42.67,93.77,0.9322,2,1,-1
317,9,824.83,296.80,20.89,46.11,0.8725,3,0,-1
317,13,1178.91,761.76,53.62,165.83,0.9342,2,2,-1
317,14,1340.33,454.50,40.78,94.45,0.9081,2,1,-1
317,15,1541.44,330.11,24.41,62.32,0.8973,2,1,-1
317,16,1502.27,478.17,28.62,93.19,0.9088,2,2,-1
317,17,1807.11,434.12,33.32,91.01,0.9329,2,-1,-1
317,18,1792.07,610.14,62.48,128.50,0.9321,2,2,-1
317,0,552.08,514.35,12.43,12.82,1.0,0,-1,-1
318,1,1466.85,395.38,26.70,73.94,0.8979,2,2,-1
318,2,1649.13,1041.43,32.22,37.57,0.5376,2,1,-1
318,3,1069.98,540.80,49.35,110.36,0.9363,2,2,-1
318,4,354.14,671.77,47.04,133.97,0.9423,2,1,-1
318,7,441.22,435.95,47.97,93.71,0.9402,2,1,-1
318,9,823.92,297.59,20.43,45.74,0.8462,3,0,-1
318,13,1174.40,761.13,56.29,164.72,0.9388,2,2,-1
318,14,1331.24,450.75,41.14,92.00,0.8679,2,1,-1
318,15,1538.25,330.39,25.70,61.45,0.8959,2,1,-1
318,16,1498.58,476.64,28.34,94.16,0.9084,2,2,-1
318,17,1802.18,432.42,33.97,91.88,0.9303,2,-1,-1
318,18,1791.46,609.16,59.03,128.43,0.9295,2,2,-1
318,0,553.07,513.86,13.60,13.24,1.0,0,-1,-1
319,1,1464.63,394.22,27.72,75.03,0.8975,2,2,-1
319,2,1649.40,1043.81,30.17,36.05,0.5201,2,1,-1
319,3,1064.99,540.72,51.83,110.12,0.9408,2,2,-1
319,4,350.07,672.33,56.68,135.01,0.9305,2,1,-1
319,7,440.43,436.17,51.94,94.71,0.9379,2,1,-1
319,9,823.62,297.89,19.56,44.63,0.8483,3,0,-1
319,13,1169.63,761.16,57.91,165.72,0.9450,2,2,-1
319,14,1322.68,448.92,42.99,89.25,0.9290,2,1,-1
319,15,1535.10,329.46,25.05,61.87,0.8950,2,1,-1
319,16,1493.97,474.46,28.58,95.98,0.9174,2,2,-1
319,17,1795.46,431.72,35.04,92.62,0.9284,2,-1,-1
319,18,1788.87,608.01,56.34,128.37,0.9282,2,2,-1
319,0,554.24,514.66,13.75,12.88,1.0,0,-1,-1
320,1,1462.71,392.87,28.13,75.85,0.9106,2,2,-1
320,3,1062.01,540.61,55.08,109.30,0.9395,2,2,-1
320,4,345.05,672.65,69.79,135.81,0.9401,2,1,-1
320,7,441.21,438.21,49.18,93.78,0.9334,2,1,-1
320,9,823.00,297.87,19.49,45.35,0.7243,3,0,-1
320,13,1164.29,760.90,59.45,165.90,0.9368,2,2,-1
320,14,1314.05,448.42,42.57,86.74,0.9238,2,1,-1
320,15,1533.49,328.29,23.78,62.66,0.8968,2,1,-1
320,16,1489.16,471.98,28.74,96.15,0.9099,2,2,-1
320,17,1790.90,431.36,34.29,92.16,0.9264,2,-1,-1
320,18,1789.14,606.88,51.89,127.34,0.9292,2,2,-1
320,0,555.71,516.18,13.09,12.60,1.0,0,-1,-1
321,1,1460.88,392.24,27.07,75.07,0.9122,2,2,-1
321,3,1058.68,540.04,55.36,108.33,0.9316,2,2,-1
321,4,338.40,673.44,78.12,134.66,0.9345,2,1,-1
321,7,444.52,439.39,43.25,92.03,0.9030,2,1,-1
321,9,821.35,297.75,19.14,43.99,0.7754,3,0,-1
321,13,1159.56,759.60,59.92,167.33,0.9424,2,2,-1
321,14,1304.57,446.93,41.09,88.57,0.8883,2,1,-1
321,15,1529.80,327.70,22.81,62.55,0.8908,2,1,-1
321,16,1483.58,469.45,29.08,96.00,0.9181,2,2,-1
321,17,1785.49,431.01,34.41,91.25,0.9275,2,-1,-1
321,18,1785.98,605.58,48.62,126.44,0.9310,2,2,-1
321,0,556.12,517.06,14.32,13.49,1.0,0,-1,-1
322,1,1459.29,391.76,26.43,73.69,0.9110,2,2,-1
322,3,1055.36,538.70,53.98,110.86,0.9328,2,2,-1
322,4,332.83,673.29,80.44,135.61,0.9342,2,1,-1
322,7,449.88,439.92,38.31,92.21,0.9115,2,1,-1
322,9,818.30,296.90,20.79,45.87,0.7259,3,0,-1
322,13,1155.15,757.82,59.50,165.82,0.9455,2,2,-1
322,14,1294.47,445.83,37.21,89.15,0.8879,2,1,-1
322,15,1526.83,326.84,21.62,60.84,0.8902,2,1,-1
322,16,1478.82,466.51,29.76,97.69,0.9180,2,2,-1
322,17,1780.24,430.51,34.35,89.32,0.9267,2,-1,-1
322,18,1782.04,603.32,47.66,127.29,0.9360,2,2,-1
322,0,557.43,514.88,13.41,14.37,1.0,0,-1,-1
323,1,1456.55,392.07,25.10,72.70,0.9086,2,2,-1
323,3,1054.85,537.07,51.34,111.13,0.9336,2,2,-1
323,4,328.77,674.50,80.98,133.57,0.9335,2,1,-1
323,7,456.83,439.52,32.80,91.83,0.9283,2,1,-1
323,9,816.05,296.00,22.51,46.14,0.7280,3,0,-1
323,13,1151.28,755.58,58.22,165.25,0.9346,2,2,-1
323,14,1283.47,443.63,38.88,90.86,0.8931,2,1,-1
323,15,1523.71,327.44,20.91,60.42,0.8745,2,1,-1
323,16,1474.44,463.21,29.97,98.89,0.9132,2,2,-1
323,17,1774.65,430.67,35.48,88.89,0.9278,2,-1,-1
323,18,1778.68,603.10,46.21,127.47,0.9234,2,2,-1
323,0,558.16,516.10,14.35,12.64,1.0,0,-1,-1
324,1,1453.18,391.98,25.22,72.36,0.9080,2,2,-1
324,3,1057.98,535.19,47.42,110.75,0.9372,2,2,-1
324,4,324.61,673.20,80.82,135.93,0.9386,2,1,-1
324,7,454.66,438.60,35.32,92.73,0.9313,2,1,-1
324,9,812.43,295.35,24.19,46.99,0.7178,3,0,-1
324,13,1145.94,755.51,58.39,165.29,0.9418,2,2,-1
324,14,1273.77,441.05,39.72,92.82,0.9081,2,1,-1
324,15,1520.27,327.79,20.35,59.29,0.8827,2,1,-1
324,16,1470.62,461.45,29.99,98.46,0.9167,2,2,-1
324,17,1768.94,430.71,36.50,89.37,0.9321,2,-1,-1
324,18,1773.60,601.94,45.41,127.96,0.9264,2,2,-1
324,0,559.05,516.47,13.90,13.20,1.0,0,-1,-1
325,1,1449.16,390.75,25.08,74.34,0.9014,2,2,-1
325,3,1057.59,532.62,46.75,112.66,0.9420,2,2,-1
325,4,323.82,672.62,75.67,136.35,0.9289,2,1,-1
325,7,451.84,437.53,39.50,95.02,0.9376,2,1,-1
325,9,810.17,295.16,24.36,47.45,0.5258,3,0,-1
325,13,1141.85,753.96,56.93,162.33,0.9427,2,2,-1
325,14,1262.04,438.15,42.07,94.00,0.9089,2,1,-1
325,15,1515.34,326.72,20.80,59.43,0.8895,2,1,-1
325,16,1465.55,459.92,30.78,98.04,0.9193,2,2,-1
325,17,1763.06,430.06,37.28,89.41,0.9305,2,-1,-1
325,18,1769.41,601.04,43.94,128.10,0.9211,2,2,-1
325,0,559.91,517.81,14.07,13.54,1.0,0,-1,-1
326,1,1445.96,388.86,25.11,75.04,0.9047,2,2,-1
326,3,1054.36,531.03,48.12,112.71,0.9436,2,2,-1
326,4,326.33,671.58,67.57,134.21,0.9383,2,1,-1
326,7,449.45,436.71,43.43,94.11,0.9341,2,1,-1
326,9,809.58,293.40,23.70,49.52,0.8231,3,0,-1
326,13,1137.30,753.79,55.23,160.45,0.9349,2,2,-1
326,14,1254.88,436.06,42.79,88.47,0.9131,2,1,-1
326,15,1510.14,324.82,22.51,61.28,0.8897,2,1,-1
326,16,1461.22,460.40,31.95,96.87,0.9223,2,2,-1
326,17,1758.23,429.08,36.86,89.26,0.9360,2,-1,-1
326,18,1764.83,600.75,42.90,127.27,0.8946,2,2,-1
326,0,560.09,517.76,14.42,14.36,1.0,0,-1,-1
327,1,1441.77,386.99,26.03,75.89,0.8951,2,2,-1
327,3,1050.85,529.81,49.16,115.62,0.9334,2,2,-1
327,4,327.49,670.66,60.04,134.24,0.9345,2,1,-1
327,7,447.06,436.32,48.90,93.96,0.9354,2,1,-1
327,9,810.05,294.47,21.40,47.84,0.8036,3,0,-1
327,13,1134.52,751.03,52.30,160.76,0.9397,2,2,-1
327,14,1244.71,433.95,45.46,88.83,0.9215,2,1,-1
327,15,1504.81,323.50,24.48,61.74,0.8948,2,1,-1
327,16,1455.27,460.39,33.46,95.55,0.9235,2,2,-1
327,17,1753.35,428.72,36.55,89.63,0.9277,2,-1,-1
327,18,1759.56,600.37,41.03,127.15,0.9097,2,2,-1
327,0,560.38,517.99,13.76,12.68,1.0,0,-1,-1
328,1,1437.04,385.87,27.57,75.96,0.9003,2,2,-1
328,3,1047.84,530.17,48.41,114.39,0.9388,2,2,-1
328,4,331.29,668.82,52.87,136.84,0.9430,2,1,-1
328,7,445.46,437.17,50.89,93.15,0.9344,2,1,-1
328,9,808.95,294.04,20.47,48.94,0.8198,3,0,-1
328,13,1130.78,750.64,52.09,159.40,0.9335,2,2,-1
328,14,1239.20,432.58,44.73,90.86,0.9379,2,1,-1
328,15,1498.73,323.29,26.40,60.29,0.8893,2,1,-1
328,16,1449.24,461.74,35.53,94.80,0.9204,2,2,-1
328,17,1749.25,427.65,35.98,89.18,0.9305,1,3,-1
328,18,1754.03,599.33,40.13,127.40,0.9225,2,2,-1
328,0,560.83,518.87,13.67,12.30,1.0,0,-1,-1
329,1,1433.13,385.87,28.67,74.18,0.9044,2,2,-1
329,3,1044.88,531.05,47.79,112.87,0.9348,2,2,-1
329,4,336.76,668.30,49.63,136.57,0.9328,2,1,-1
329,7,446.72,439.75,47.45,91.27,0.9305,2,1,-1
329,9,806.75,293.36,20.25,48.22,0.8244,3,0,-1
329,13,1125.70,749.86,52.07,159.95,0.9358,2,2,-1
329,14,1231.59,431.86,43.69,90.35,0.9309,2,1,-1
329,15,1494.16,322.78,28.64,60.85,0.8990,2,1,-1
329,16,1442.76,463.62,38.15,92.95,0.9261,2,2,-1
329,17,1746.45,426.99,34.06,89.36,0.9143,1,3,-1
329,18,1748.39,598.75,38.08,127.04,0.9248,2,2,-1
329,0,560.25,518.96,14.87,13.54,1.0,0,-1,-1
330,1,1430.06,386.18,28.63,73.21,0.8965,2,2,-1
330,3,1041.32,533.80,46.48,111.88,0.9378,2,2,-1
330,4,339.42,667.86,50.37,138.08,0.9321,2,1,-1
330,7,451.60,440.80,43.79,89.82,0.9204,2,1,-1
330,9,802.97,292.22,22.36,50.18,0.8558,3,0,-1
330,13,1121.52,748.86,52.29,163.62,0.9449,2,2,-1
330,14,1221.36,431.42,43.26,89.78,0.9272,2,1,-1
330,15,1489.43,322.70,29.24,60.82,0.8929,2,1,-1
330,16,1436.66,464.90,38.58,91.35,0.9235,2,2,-1
330,17,1744.39,425.89,31.88,90.25,0.9226,1,3,-1
330,18,1742.73,597.78,37.44,127.15,0.9282,2,2,-1
330,0,560.59,518.19,14.38,14.11,1.0,0,-1,-1
331,1,1428.42,386.23,28.13,72.43,0.8982,2,2,-1
331,3,1038.86,536.77,43.80,107.27,0.9352,2,2,-1
331,4,336.47,668.23,52.07,136.98,0.9294,2,1,-1
331,7,458.68,441.41,37.52,89.34,0.9096,2,1,-1
331,9,801.21,291.89,23.98,50.49,0.8826,3,0,-1
331,13,1118.23,747.13,51.49,162.03,0.9264,2,2,-1
331,14,1213.08,427.23,37.76,92.56,0.9221,2,1,-1
331,15,1486.22,322.88,28.67,60.77,0.8910,2,1,-1
331,16,1430.97,464.29,38.84,91.68,0.9258,2,2,-1
331,17,1741.17,425.31,30.68,90.18,0.9154,1,3,-1
331,18,1735.51,596.14,38.50,127.35,0.9301,2,2,-1
331,0,560.60,519.02,14.02,13.67,1.0,0,-1,-1
332,1,1426.58,385.13,27.78,73.54,0.8983,2,2,-1
332,3,1035.21,539.75,43.40,102.67,0.9321,2,2,-1
332,4,332.86,669.19,58.49,138.06,0.9404,2,1,-1
332,7,459.10,439.93,37.39,90.83,0.9309,2,1,-1
332,9,798.91,292.54,25.45,50.07,0.8776,3,0,-1
332,13,1114.02,746.55,52.74,164.89,0.9359,2,2,-1
332,14,1205.10,425.34,30.49,92.38,0.9131,2,1,-1
332,15,1485.26,323.70,27.35,57.76,0.8833,2,1,-1
332,16,1425.63,462.87,38.08,92.96,0.9253,2,2,-1
332,17,1739.29,424.94,28.95,88.22,0.9116,1,3,-1
332,18,1727.05,595.60,40.88,125.98,0.9337,2,2,-1
332,0,561.10,519.46,14.20,13.82,1.0,0,-1,-1
333,1,1425.59,383.81,27.30,74.19,0.9038,2,2,-1
333,3,1030.42,540.69,44.31,102.28,0.9301,2,2,-1
333,4,326.96,669.82,65.06,137.39,0.9389,2,1,-1
333,7,457.22,438.67,39.39,92.26,0.9344,2,1,-1
333,9,798.09,291.59,25.91,52.41,0.8771,3,0,-1
333,13,1110.32,745.03,52.84,165.26,0.9382,2,2,-1
333,14,1198.97,424.01,27.88,89.91,0.9047,2,1,-1
333,15,1484.30,323.15,25.93,57.75,0.8752,2,1,-1
333,16,1421.01,461.97,36.30,92.88,0.9249,2,2,-1
333,17,1736.17,424.35,28.56,88.05,0.9138,1,3,-1
333,18,1718.55,594.19,44.23,125.03,0.9289,2,2,-1
333,0,562.05,519.25,13.60,13.90,1.0,0,-1,-1
334,1,1423.61,382.26,27.86,75.10,0.9085,2,2,-1
334,3,1025.63,539.85,44.98,103.95,0.9354,2,2,-1
334,4,321.18,670.36,72.29,137.25,0.9391,2,1,-1
334,7,455.70,436.88,42.27,94.74,0.9346,2,1,-1
334,9,797.18,292.92,23.77,48.74,0.7265,3,0,-1
334,13,1105.23,745.11,54.18,165.13,0.9314,2,2,-1
334,14,1191.40,422.81,28.09,89.70,0.9116,2,1,-1
334,15,1481.09,322.74,26.41,57.53,0.8868,2,1,-1
334,16,1415.18,460.36,34.14,91.95,0.9139,2,2,-1
334,17,1731.05,423.87,30.96,89.50,0.9325,1,3,-1
334,18,1710.08,591.86,48.44,124.17,0.9380,2,2,-1
334,0,562.17,519.56,14.01,14.64,1.0,0,-1,-1
335,1,1420.45,381.57,27.37,74.27,0.9125,2,2,-1
335,3,1020.39,539.09,45.49,105.09,0.9284,2,2,-1
335,4,315.15,671.42,77.73,136.69,0.9413,2,1,-1
335,7,452.99,436.87,49.26,94.17,0.9406,2,1,-1
335,13,1101.00,744.98,54.79,164.34,0.9362,2,2,-1
335,14,1182.96,422.72,29.01,88.43,0.9138,2,1,-1
335,15,1479.53,325.77,24.58,53.49,0.8651,2,1,-1
335,16,1408.99,458.49,34.53,91.79,0.9227,2,2,-1
335,17,1728.20,424.30,33.44,88.55,0.9334,1,3,-1
335,18,1699.93,590.51,55.96,123.71,0.9355,2,2,-1
335,0,562.63,520.22,13.86,13.87,1.0,0,-1,-1
336,1,1417.94,381.23,27.24,72.86,0.9076,2,2,-1
336,3,1016.11,537.94,45.98,103.26,0.9253,2,2,-1
336,4,310.37,671.05,79.94,137.45,0.9489,2,1,-1
336,7,452.51,438.10,52.12,93.41,0.9377,2,1,-1
336,9,796.67,297.00,21.22,44.79,0.7968,3,0,-1
336,13,1096.37,744.54,55.66,162.48,0.9402,2,2,-1
336,14,1173.71,421.91,30.75,87.27,0.9170,2,1,-1
336,15,1478.21,329.51,22.94,49.09,0.8576,2,1,-1
336,16,1403.24,456.13,35.58,92.14,0.9164,2,2,-1
336,17,1722.63,424.25,38.25,88.33,0.9384,1,3,-1
336,18,1690.20,589.20,64.03,124.79,0.9277,2,2,-1
336,0,563.06,520.31,13.62,13.81,1.0,0,-1,-1
337,1,1415.41,381.73,26.47,72.48,0.9152,2,2,-1
337,3,1011.71,536.79,46.05,102.44,0.9318,2,2,-1
337,4,306.76,670.28,80.86,138.73,0.9457,2,1,-1
337,7,453.15,439.87,50.97,93.52,0.9307,2,1,-1
337,13,1091.96,744.05,56.29,159.48,0.9345,2,2,-1
337,14,1163.00,419.98,32.62,89.24,0.9134,2,1,-1
337,15,1477.03,334.90,19.87,43.42,0.8524,2,1,-1
337,16,1395.74,453.10,37.31,92.64,0.9236,2,2,-1
337,17,1718.54,424.51,40.92,87.84,0.9371,1,3,-1
337,18,1682.95,588.63,67.97,124.63,0.9266,2,2,-1
337,0,563.35,520.44,14.69,14.32,1.0,0,-1,-1
338,1,1413.30,382.52,26.63,71.94,0.9085,2,2,-1
338,3,1007.47,535.52,47.19,100.53,0.9297,2,2,-1
338,4,305.75,668.69,79.02,140.51,0.9391,2,1,-1
338,7,456.38,440.95,44.67,92.54,0.8883,2,1,-1
338,9,792.93,295.00,21.82,46.17,0.5645,3,0,-1
338,13,1088.50,743.47,56.20,159.33,0.9341,2,2,-1
338,14,1152.90,417.54,34.90,90.42,0.9143,2,1,-1
338,15,1473.43,330.92,22.18,45.73,0.8609,2,1,-1
338,16,1389.66,450.15,37.90,93.59,0.9163,2,2,-1
338,17,1713.60,424.43,43.29,87.46,0.9360,1,3,-1
338,18,1676.11,587.66,72.20,125.61,0.9343,2,2,-1
338,0,564.47,520.48,13.23,14.18,1.0,0,-1,-1
339,1,1410.34,382.23,26.00,70.99,0.9143,2,2,-1
339,3,1002.34,534.66,49.32,98.27,0.9347,2,2,-1
339,4,307.93,667.17,72.26,139.64,0.9302,2,1,-1
339,7,465.70,442.65,37.33,90.95,0.8873,2,1,-1
339,9,790.38,294.71,24.11,46.98,0.8170,3,0,-1
339,13,1084.94,741.76,56.02,159.48,0.9275,2,2,-1
339,14,1144.97,415.26,36.35,88.64,0.9269,2,1,-1
339,15,1467.43,330.10,26.96,47.46,0.8830,2,1,-1
339,16,1380.61,448.58,41.91,94.25,0.9223,2,2,-1
339,17,1707.55,424.72,45.11,87.15,0.9338,1,3,-1
339,18,1671.34,587.00,72.50,125.68,0.9290,2,2,-1
339,0,564.66,520.89,13.97,13.82,1.0,0,-1,-1
340,1,1408.26,381.17,24.56,71.02,0.9168,2,2,-1
340,3,996.50,532.97,50.18,98.69,0.9297,2,2,-1
340,4,312.35,666.47,62.03,136.66,0.9378,2,1,-1
340,7,470.68,441.96,32.22,91.98,0.9246,2,1,-1
340,9,787.70,295.17,25.99,46.35,0.8358,3,0,-1
340,13,1081.13,740.51,55.86,159.82,0.9274,2,2,-1
340,14,1136.80,413.97,38.74,87.43,0.9234,2,1,-1
340,15,1463.63,334.18,28.65,42.78,0.8705,2,1,-1
340,16,1376.29,447.34,42.50,91.56,0.9266,2,2,-1
340,17,1704.78,424.35,43.92,87.10,0.9367,1,3,-1
340,18,1666.86,586.86,73.92,124.71,0.9245,2,2,-1
340,0,564.99,521.27,14.18,13.89,1.0,0,-1,-1
341,1,1406.04,379.22,24.85,72.49,0.9080,2,2,-1
341,3,991.26,530.06,49.36,97.81,0.9310,2,2,-1
341,4,317.64,666.05,50.83,137.16,0.9394,2,1,-1
341,7,469.02,440.50,36.05,93.01,0.9298,2,1,-1
341,9,786.80,295.04,27.15,46.68,0.8783,3,0,-1
341,13,1078.83,739.13,55.95,159.27,0.9298,2,2,-1
341,14,1128.65,413.62,38.93,87.49,0.9167,2,1,-1
341,15,1458.42,321.09,36.27,54.92,0.8972,2,1,-1
341,16,1370.63,447.30,44.38,89.16,0.9335,2,2,-1
341,17,1701.18,424.33,43.92,86.98,0.9349,1,3,-1
341,18,1662.20,586.33,74.93,125.00,0.9376,2,2,-1
341,0,566.46,521.49,14.58,13.63,1.0,0,-1,-1
342,1,1401.63,377.39,27.06,74.80,0.9074,2,2,-1
342,3,985.22,527.56,48.96,99.52,0.9319,2,2,-1
342,4,320.96,665.54,44.23,138.69,0.9270,2,1,-1
342,7,466.81,439.98,40.16,93.48,0.9361,2,1,-1
342,9,786.10,295.40,25.77,45.51,0.7824,3,0,-1
342,13,1076.11,737.82,55.95,157.23,0.9411,2,2,-1
342,14,1121.00,413.96,38.02,86.35,0.9176,2,1,-1
342,15,1457.62,319.50,36.39,56.10,0.8873,2,1,-1
342,16,1365.15,447.49,44.51,88.91,0.9268,2,2,-1
342,17,1700.58,423.72,41.35,87.56,0.9348,1,3,-1
342,18,1658.76,585.60,74.10,125.91,0.9279,2,2,-1
342,0,567.50,521.36,13.83,14.35,1.0,0,-1,-1
343,1,1398.45,376.30,28.66,73.91,0.9112,2,2,-1
343,3,979.17,523.87,47.65,101.85,0.9271,2,2,-1
343,4,321.44,665.28,43.38,138.20,0.9379,2,1,-1
343,7,465.87,438.94,45.18,94.64,0.9403,2,1,-1
343,9,787.62,295.85,24.15,45.78,0.7606,3,0,-1
343,13,1073.40,736.34,55.99,159.74,0.9487,2,2,-1
343,14,1113.58,413.69,35.22,84.60,0.9060,2,1,-1
343,15,1460.26,324.54,33.64,49.81,0.8440,2,1,-1
343,16,1359.90,448.51,44.04,87.95,0.9337,2,2,-1
343,17,1702.49,422.58,37.22,88.20,0.9248,1,3,-1
343,18,1655.82,585.52,71.68,124.22,0.9321,2,2,-1
343,0,567.94,522.49,14.85,13.82,1.0,0,-1,-1
344,1,1394.47,375.98,30.25,73.46,0.9186,2,2,-1
344,3,974.40,521.48,46.23,100.02,0.9311,2,2,-1
344,4,319.87,665.21,45.73,138.80,0.9427,2,1,-1
344,7,465.35,438.77,52.81,94.94,0.9352,2,1,-1
344,9,788.70,295.78,21.02,45.21,0.8440,3,0,-1
344,13,1071.01,735.80,55.23,159.15,0.9420,2,2,-1
344,14,1105.31,411.61,33.19,86.21,0.9119,2,1,-1
344,15,1459.85,317.39,32.89,55.22,0.8512,2,1,-1
344,16,1352.32,448.22,42.75,87.97,0.9156,2,2,-1
344,17,1703.13,421.79,33.61,88.41,0.9190,1,3,-1
344,18,1651.99,584.34,69.10,124.13,0.9365,2,2,-1
344,0,568.43,522.01,14.33,14.00,1.0,0,-1,-1
345,1,1392.53,375.92,30.55,73.42,0.9101,2,2,-1
345,3,967.65,519.82,46.21,102.52,0.9336,2,2,-1
345,4,318.88,665.61,53.75,139.73,0.9316,2,1,-1
345,7,465.29,439.84,55.25,94.90,0.9365,2,1,-1
345,9,787.49,296.37,20.65,44.92,0.8249,3,0,-1
345,13,1067.38,735.40,56.48,159.18,0.9399,2,2,-1
345,14,1098.26,408.84,31.86,89.10,0.9049,2,1,-1
345,15,1463.66,328.75,28.28,44.43,0.8579,2,1,-1
345,16,1344.62,446.85,40.47,88.13,0.9243,2,2,-1
345,17,1703.29,420.98,30.85,88.96,0.9124,1,3,-1
345,18,1649.71,583.50,63.92,124.00,0.9388,2,2,-1
345,0,569.13,521.96,13.59,14.17,1.0,0,-1,-1
346,1,1391.47,376.67,29.59,72.13,0.9059,2,2,-1
346,3,962.03,518.75,45.09,102.02,0.9316,2,2,-1
346,4,313.97,665.66,65.64,139.92,0.9324,2,1,-1
346,7,467.24,441.22,48.77,94.42,0.9320,2,1,-1
346,9,786.67,293.37,20.76,47.49,0.8612,3,0,-1
346,13,1064.03,733.75,56.09,160.55,0.9400,2,2,-1
346,14,1090.27,406.52,32.16,87.63,0.9165,2,1,-1
346,15,1461.76,334.82,28.83,38.35,0.8821,2,1,-1
346,16,1338.94,445.16,36.28,89.36,0.9084,2,2,-1
346,17,1700.40,420.64,32.03,89.23,0.9177,1,3,-1
346,18,1648.52,581.86,57.30,122.50,0.9363,2,2,-1
346,0,568.96,522.39,14.40,14.14,1.0,0,-1,-1
347,1,1390.65,376.64,28.57,71.29,0.9054,2,2,-1
347,3,955.30,519.00,44.03,96.97,0.9306,2,2,-1
347,4,307.43,665.95,73.60,139.89,0.9339,2,1,-1
347,7,472.73,441.73,41.29,93.69,0.9265,2,1,-1
347,9,784.73,293.02,21.24,48.83,0.8143,3,0,-1
347,13,1060.92,733.66,56.98,160.20,0.9476,2,2,-1
347,14,1081.47,405.17,32.25,87.02,0.9188,2,1,-1
347,15,1458.25,326.23,36.21,45.85,0.8907,2,1,-1
347,16,1332.90,443.35,33.32,90.69,0.9236,2,2,-1
347,17,1696.05,420.77,35.17,88.61,0.9224,1,3,-1
347,18,1646.13,580.70,50.79,122.24,0.9340,2,2,-1
347,20,1894.17,591.48,22.89,66.75,0.8446,2,-1,-1
347,0,568.70,523.18,14.64,13.41,1.0,0,-1,-1
348,1,1389.54,375.53,27.22,71.88,0.9060,2,2,-1
348,3,948.92,518.97,43.41,96.40,0.9320,2,2,-1
348,4,301.66,666.34,76.92,139.48,0.9390,2,1,-1
348,7,480.51,441.17,35.87,94.41,0.9211,2,1,-1
348,9,782.77,290.33,24.00,51.51,0.8959,3,0,-1
348,13,1057.83,735.02,56.93,159.92,0.9327,2,2,-1
348,14,1073.69,404.34,33.31,87.52,0.9120,2,1,-1
348,15,1458.47,325.48,38.56,45.58,0.8976,2,1,-1
348,16,1326.94,442.95,31.77,90.05,0.9070,2,2,-1
348,17,1690.56,420.59,40.15,88.14,0.9291,1,3,-1
348,18,1644.61,579.71,45.37,122.68,0.9393,2,2,-1
348,20,1884.76,585.20,36.89,127.10,0.8934,2,-1,-1
348,0,569.50,523.27,13.92,13.52,1.0,0,-1,-1
349,1,1388.32,374.01,26.18,74.12,0.9019,2,2,-1
349,3,941.13,517.55,44.02,97.71,0.9339,2,2,-1
349,4,296.51,666.72,77.04,139.57,0.9353,2,1,-1
349,7,485.49,439.26,34.55,96.44,0.9258,2,1,-1
349,9,780.46,290.31,26.05,51.81,0.8978,3,0,-1
349,13,1055.40,735.18,55.34,159.17,0.9427,2,2,-1
349,14,1065.78,405.08,34.21,84.23,0.9100,2,1,-1
349,15,1458.42,324.34,41.18,47.75,0.8969,2,1,-1
349,16,1321.05,442.61,30.28,88.66,0.9008,2,2,-1
349,17,1685.95,420.54,43.49,88.56,0.9241,1,3,-1
349,18,1639.62,579.10,43.76,122.71,0.9308,2,2,-1
349,20,1880.88,581.59,38.97,132.42,0.8938,2,-1,-1
349,0,569.33,523.49,14.80,13.29,1.0,0,-1,-1
350,1,1386.17,372.38,26.17,75.44,0.9160,2,2,-1
350,3,932.66,514.75,46.14,99.48,0.9321,2,2,-1
350,4,292.00,666.66,78.57,139.31,0.9406,2,1,-1
350,7,483.94,437.91,36.65,98.33,0.9328,2,1,-1
350,9,780.27,290.46,25.43,51.90,0.8787,3,0,-1
350,13,1052.27,733.76,55.85,160.77,0.9397,2,2,-1
350,14,1057.62,403.59,34.02,83.85,0.9062,2,1,-1
350,15,1460.28,323.83,41.28,48.75,0.8405,2,1,-1
350,16,1314.99,441.48,29.57,88.51,0.9129,2,2,-1
350,17,1682.19,420.44,46.62,88.43,0.9234,1,3,-1
350,18,1632.68,578.54,45.95,123.05,0.9365,2,2,-1
350,20,1876.65,579.89,42.41,131.74,0.9052,2,1,-1
350,0,569.93,523.36,14.00,13.22,1.0,0,-1,-1
351,1,1383.63,371.23,25.43,74.50,0.9130,2,2,-1
351,3,925.46,512.80,50.18,100.85,0.9338,2,2,-1
351,4,290.86,666.05,75.34,138.40,0.9424,2,1,-1
351,7,483.61,438.50,42.41,97.20,0.9353,2,1,-1
351,9,779.47,291.78,24.04,49.93,0.6093,3,0,-1
351,13,1050.20,732.17,55.01,157.73,0.9406,2,2,-1
351,14,1050.47,401.82,32.29,85.63,0.9141,2,1,-1
351,15,1467.91,326.27,32.59,45.90,0.8479,2,1,-1
351,16,1308.39,439.68,29.66,88.35,0.9018,2,2,-1
351,17,1678.64,420.03,48.41,88.58,0.9281,1,3,-1
351,18,1624.62,578.04,48.08,122.76,0.9306,2,2,-1
351,20,1872.68,578.40,46.67,132.87,0.9268,2,1,-1
351,0,571.04,523.54,13.09,12.93,1.0,0,-1,-1
352,1,1380.90,371.12,26.17,74.05,0.9127,2,2,-1
352,3,917.26,510.50,55.91,101.62,0.9405,2,2,-1
352,4,293.28,665.65,66.43,137.12,0.9370,2,1,-1
352,7,482.54,439.02,48.11,96.57,0.9336,2,1,-1
352,9,779.17,293.49,22.61,47.98,0.5465,3,0,-1
352,13,1047.63,732.69,54.23,156.82,0.9407,2,2,-1
352,14,1041.24,400.53,31.84,86.68,0.9160,2,1,-1
352,15,1470.41,327.42,28.28,43.93,0.8748,2,1,-1
352,16,1300.66,437.69,30.27,89.71,0.9145,2,2,-1
352,17,1674.67,420.18,50.58,88.10,0.9310,1,3,-1
352,18,1614.50,578.07,51.94,122.51,0.9336,2,2,-1
352,20,1870.87,576.53,48.86,134.66,0.9306,2,1,-1
352,0,571.11,524.51,13.69,12.76,1.0,0,-1,-1
353,1,1378.15,371.40,26.06,73.85,0.9091,2,2,-1
353,3,909.30,508.87,58.60,98.02,0.9396,2,2,-1
353,4,296.62,664.09,59.60,137.49,0.9326,2,1,-1
353,7,482.24,439.99,49.51,96.28,0.9355,2,1,-1
353,13,1043.41,730.74,54.42,157.79,0.9354,2,2,-1
353,14,1034.32,398.97,31.58,85.28,0.9209,2,1,-1
353,15,1468.51,322.19,34.40,48.75,0.8955,2,1,-1
353,16,1295.01,435.52,29.45,90.54,0.9048,2,2,-1
353,17,1672.12,419.46,50.05,88.37,0.9341,1,3,-1
353,18,1606.85,578.13,54.99,122.16,0.9340,2,2,-1
353,20,1868.57,576.35,50.57,133.74,0.9321,2,1,-1
353,0,571.39,524.36,13.94,13.00,1.0,0,-1,-1
354,1,1376.75,372.33,25.84,72.11,0.9089,2,2,-1
354,3,901.62,508.85,62.45,92.71,0.9423,2,2,-1
354,4,301.29,662.82,52.38,137.97,0.9308,2,1,-1
354,7,484.37,441.13,44.62,95.30,0.9294,2,1,-1
354,9,779.65,291.37,22.44,49.75,0.5940,3,0,-1
354,13,1039.79,729.84,54.62,157.28,0.9373,2,2,-1
354,14,1027.08,398.81,31.17,83.34,0.9230,2,1,-1
354,15,1468.12,319.81,37.74,50.14,0.9174,2,1,-1
354,16,1288.06,434.00,30.91,90.19,0.9316,2,2,-1
354,17,1670.53,418.79,47.92,88.02,0.9320,1,3,-1
354,18,1601.64,577.77,55.15,121.53,0.9318,2,2,-1
354,20,1865.97,576.63,50.87,132.89,0.9274,2,1,-1
354,0,571.96,523.91,13.85,14.15,1.0,0,-1,-1
355,1,1374.43,372.06,25.38,72.11,0.9129,2,2,-1
355,3,891.86,509.11,66.38,91.10,0.9346,2,2,-1
355,4,306.41,661.96,51.89,139.71,0.9370,2,1,-1
355,7,489.56,441.34,37.97,95.29,0.9231,2,1,-1
355,9,777.76,289.98,22.73,50.97,0.5797,3,0,-1
355,13,1035.47,728.40,55.91,158.88,0.9362,2,2,-1
355,14,1020.63,398.97,30.72,82.93,0.9100,2,1,-1
355,15,1469.12,324.60,35.24,43.99,0.8852,2,1,-1
355,16,1281.61,433.66,30.95,89.91,0.9016,2,2,-1
355,17,1669.89,418.02,44.68,89.11,0.9286,1,3,-1
355,18,1597.78,577.54,54.44,120.47,0.9311,2,2,-1
355,20,1863.58,577.44,52.09,132.10,0.9162,2,1,-1
355,21,1906.42,504.47,12.41,78.32,0.7128,2,-1,-1
355,0,572.15,525.26,13.52,12.74,1.0,0,-1,-1
356,1,1372.58,371.35,25.30,72.35,0.9108,2,2,-1
356,3,881.27,509.97,67.90,89.30,0.9417,2,2,-1
356,4,306.09,661.55,54.55,139.90,0.9345,2,1,-1
356,7,495.63,440.30,32.63,96.50,0.9236,2,1,-1
356,9,776.18,291.47,22.94,49.78,0.7138,3,0,-1
356,13,1030.52,728.37,57.52,156.89,0.9325,2,2,-1
356,14,1014.50,398.81,29.77,82.10,0.9125,2,1,-1
356,15,1471.98,322.33,35.84,47.13,0.8543,2,-1,-1
356,16,1274.62,434.03,30.36,89.65,0.9070,2,2,-1
356,17,1669.60,417.42,41.41,89.29,0.9284,1,3,-1
356,18,1594.22,576.49,53.62,121.27,0.9310,2,2,-1
356,20,1860.00,576.49,57.92,132.20,0.9083,2,1,-1
356,21,1901.02,487.59,17.45,98.74,0.7786,2,-1,-1
356,0,572.23,525.70,14.78,13.68,1.0,0,-1,-1
357,1,1369.55,370.39,26.15,72.84,0.9058,2,2,-1
357,3,871.27,509.55,64.95,90.03,0.9302,2,2,-1
357,4,305.17,661.92,58.78,140.20,0.9384,2,1,-1
357,7,498.03,439.38,30.81,97.05,0.9273,2,1,-1
357,9,774.96,291.02,24.20,50.21,0.5919,3,0,-1
357,13,1025.76,726.55,58.28,158.21,0.9388,2,2,-1
357,14,1008.82,398.64,29.67,81.83,0.9101,2,1,-1
357,15,1480.97,323.76,30.23,46.31,0.8523,2,2,-1
357,16,1267.60,434.56,28.85,89.68,0.8910,2,2,-1
357,17,1668.07,416.79,39.04,89.94,0.9196,1,3,-1
357,18,1589.89,575.10,50.47,120.53,0.9340,2,2,-1
357,20,1856.08,576.92,62.74,132.01,0.9175,2,1,-1
357,21,1896.52,477.67,22.69,107.10,0.8908,2,-1,-1
357,22,1894.41,393.04,24.24,79.17,0.8772,2,-1,-1
357,0,573.56,525.72,13.76,14.30,1.0,0,-1,-1
358,1,1365.65,368.85,27.58,74.55,0.9139,2,2,-1
358,3,862.32,507.77,61.89,92.13,0.9310,2,2,-1
358,4,302.91,661.70,63.12,142.18,0.9291,2,1,-1
358,7,497.40,438.68,31.88,97.17,0.9279,2,1,-1
358,9,773.90,292.42,25.24,49.12,0.6580,3,0,-1
358,13,1019.80,726.43,60.02,159.45,0.9248,2,2,-1
358,14,1002.27,396.27,29.39,84.44,0.9146,2,1,-1
358,15,1482.34,327.83,25.27,41.94,0.8612,2,2,-1
358,16,1262.50,435.59,26.63,88.79,0.8996,2,2,-1
358,17,1667.45,416.06,36.08,90.16,0.9288,1,3,-1
358,18,1585.05,573.74,48.69,118.86,0.9264,2,2,-1
358,20,1851.37,575.71,65.33,131.56,0.9141,2,1,-1
358,21,1892.68,477.43,26.33,106.98,0.9025,2,-1,-1
358,22,1890.73,398.46,27.63,75.13,0.8856,2,-1,-1
358,0,573.66,526.26,13.77,13.39,1.0,0,-1,-1
359,1,1362.12,369.10,29.47,72.54,0.9249,2,2,-1
359,3,853.34,505.42,63.81,94.20,0.9326,2,2,-1
359,4,299.09,663.18,62.97,141.19,0.9346,2,1,-1
359,7,496.16,438.80,37.42,97.23,0.9346,2,1,-1
359,9,772.07,293.68,25.75,49.86,0.7898,3,0,-1
359,13,1015.26,726.37,60.71,159.82,0.9416,2,2,-1
359,14,996.31,394.37,29.20,86.12,0.9041,2,1,-1
359,15,1482.89,327.87,27.34,40.21,0.8447,2,2,-1
359,16,1255.99,436.31,27.28,87.80,0.9025,2,2,-1
359,17,1669.31,415.96,31.65,89.57,0.9188,1,3,-1
359,18,1580.30,573.59,46.10,117.19,0.9300,2,2,-1
359,20,1847.84,574.20,68.87,132.43,0.9063,2,1,-1
359,21,1888.86,477.74,30.29,106.16,0.9259,2,2,-1
359,22,1886.72,407.10,30.04,64.91,0.8822,2,-1,-1
359,0,573.66,527.31,14.40,13.71,1.0,0,-1,-1
360,1,1358.22,369.98,31.05,71.71,0.9179,2,2,-1
360,3,841.63,502.32,64.99,95.57,0.9386,2,2,-1
360,4,296.15,663.45,68.66,142.51,0.9364,2,1,-1
360,7,495.52,439.92,42.82,96.28,0.9336,2,1,-1
360,9,772.02,294.53,23.11,49.15,0.8433,3,0,-1
360,13,1009.43,725.94,61.63,160.98,0.9362,2,2,-1
360,14,990.04,392.59,29.35,85.55,0.9075,2,1,-1
360,15,1482.57,322.79,36.98,45.77,0.9011,2,2,-1
360,16,1249.06,435.81,29.66,88.43,0.9089,2,2,-1
360,17,1668.94,415.93,29.80,90.20,0.9211,1,3,-1
360,18,1575.48,574.31,46.06,116.08,0.9330,2,2,-1
360,20,1843.82,572.10,71.29,132.19,0.9081,2,1,-1
360,21,1884.22,477.48,35.05,106.16,0.9339,2,2,-1
360,22,1880.90,408.58,35.22,63.20,0.8905,2,1,-1
360,0,574.07,527.67,15.60,13.73,1.0,0,-1,-1
361,1,1356.47,370.73,29.93,70.84,0.9104,2,2,-1
361,3,831.67,500.62,65.85,97.84,0.9405,2,2,-1
361,4,291.91,664.57,72.26,141.49,0.9280,2,1,-1
361,7,496.02,441.79,40.91,95.48,0.9384,2,1,-1
361,9,772.14,293.27,23.09,50.54,0.6207,3,0,-1
361,13,1005.24,725.75,61.55,162.28,0.9296,2,2,-1
361,14,983.51,392.11,29.37,84.41,0.9152,2,1,-1
361,15,1481.66,320.27,39.20,48.20,0.9052,2,2,-1
361,16,1241.17,435.18,32.86,89.13,0.9273,2,2,-1
361,17,1665.62,416.03,33.27,90.57,0.9271,1,3,-1
361,18,1570.00,574.86,46.58,114.80,0.9308,2,2,-1
361,20,1838.52,571.60,69.84,129.89,0.9260,2,1,-1
361,21,1881.02,477.15,38.28,106.19,0.9240,2,2,-1
361,22,1877.40,406.51,34.68,63.12,0.8060,2,1,-1
361,0,574.98,528.01,13.32,13.84,1.0,0,-1,-1
362,1,1355.94,370.79,28.14,70.55,0.9091,2,2,-1
362,3,819.33,499.29,62.63,95.35,0.9357,2,2,-1
362,4,288.68,664.66,73.66,141.43,0.9214,2,1,-1
362,7,498.84,443.36,38.05,93.75,0.9313,2,1,-1
362,9,771.55,292.86,22.15,50.34,0.6969,3,0,-1
362,13,1001.36,725.94,60.80,161.66,0.9450,2,2,-1
362,14,975.95,391.86,30.33,83.44,0.9184,2,1,-1
362,15,1483.61,320.40,38.87,49.27,0.8961,2,2,-1
362,16,1236.29,434.44,33.01,89.84,0.9102,2,2,-1
362,17,1659.70,416.67,39.52,90.32,0.9373,1,3,-1
362,18,1563.83,576.64,47.99,113.33,0.9340,2,2,-1
362,20,1833.51,570.02,65.10,129.46,0.9370,2,1,-1
362,21,1876.70,476.90,42.50,104.98,0.9301,2,2,-1
362,22,1878.84,403.22,34.38,64.93,0.8049,2,1,-1
362,0,575.07,528.18,13.79,13.91,1.0,0,-1,-1
363,1,1354.55,369.80,26.36,71.81,0.9098,2,2,-1
363,3,806.77,498.71,57.14,96.55,0.9306,2,2,-1
363,4,286.29,663.59,74.68,142.60,0.9192,2,1,-1
363,7,504.57,444.09,37.40,93.98,0.9245,2,1,-1
363,9,771.41,292.67,21.66,50.64,0.6222,3,0,-1
363,13,996.56,726.00,59.79,160.92,0.9284,2,2,-1
363,14,968.15,392.21,30.64,81.32,0.9103,2,1,-1
363,15,1491.91,323.85,34.76,46.74,0.7894,2,2,-1
363,16,1228.99,433.60,33.11,90.55,0.9285,2,2,-1
363,17,1656.16,417.54,42.87,89.52,0.9304,1,3,-1
363,18,1558.58,577.49,49.27,112.37,0.9326,2,2,-1
363,20,1829.07,568.89,59.52,129.48,0.9332,2,1,-1
363,21,1873.19,476.63,45.39,104.34,0.9321,2,2,-1
363,22,1874.17,397.21,36.98,71.50,0.6127,2,1,-1
363,0,574.79,528.87,14.12,13.68,1.0,0,-1,-1
364,1,1354.36,368.78,24.38,72.76,0.9108,2,2,-1
364,3,796.03,497.74,50.89,99.54,0.9251,2,2,-1
364,4,285.26,661.71,72.02,143.92,0.9175,2,1,-1
364,7,506.03,443.95,39.23,94.50,0.9244,2,1,-1
364,9,771.88,293.71,20.63,49.85,0.7594,3,0,-1
364,13,992.97,726.29,59.87,159.57,0.9358,2,2,-1
364,14,960.84,391.94,30.70,81.30,0.9079,2,1,-1
364,15,1499.09,319.84,30.93,50.09,0.8850,2,2,-1
364,16,1221.89,432.98,32.08,89.21,0.9134,2,2,-1
364,17,1652.09,417.82,45.67,89.24,0.9333,1,3,-1
364,18,1554.31,578.11,50.03,112.48,0.9333,2,2,-1
364,20,1824.93,567.57,55.16,131.25,0.9378,2,1,-1
364,21,1869.17,475.94,47.50,105.20,0.9295,2,2,-1
364,22,1876.03,396.00,32.57,72.19,0.8293,2,1,-1
364,0,575.20,528.66,13.94,14.81,1.0,0,-1,-1
365,1,1353.37,367.90,22.70,73.66,0.9125,2,2,-1
365,3,787.23,496.21,50.83,100.34,0.9329,2,2,-1
365,4,288.78,660.23,65.66,140.55,0.9331,2,1,-1
365,7,503.82,445.12,46.38,94.83,0.9342,2,1,-1
365,9,770.02,293.55,23.03,51.03,0.8627,3,0,-1
365,13,989.21,725.46,57.21,161.50,0.9387,2,2,-1
365,14,955.12,390.55,30.31,83.28,0.9060,2,1,-1
365,15,1497.57,318.36,34.90,52.05,0.9145,2,2,-1
365,16,1213.49,431.67,31.05,88.64,0.9149,2,2,-1
365,17,1647.27,418.70,47.37,88.66,0.9318,1,3,-1
365,18,1551.80,578.11,50.15,113.06,0.9338,2,2,-1
365,20,1820.72,568.49,51.07,131.08,0.9342,2,1,-1
365,21,1867.41,475.20,44.41,104.29,0.9271,2,2,-1
365,22,1889.95,380.72,28.32,63.33,0.7933,2,1,-1
365,0,575.66,529.21,14.00,15.18,1.0,0,-1,-1
366,1,1351.36,367.58,22.55,74.08,0.9138,2,2,-1
366,3,778.19,494.86,52.86,98.64,0.9317,2,2,-1
366,4,290.56,659.68,60.09,139.38,0.9394,2,1,-1
366,7,500.15,446.44,55.87,94.83,0.9392,2,1,-1
366,9,769.21,293.90,23.62,51.24,0.8623,3,0,-1
366,13,984.43,725.11,57.12,161.03,0.9296,2,2,-1
366,14,949.81,388.90,30.15,84.87,0.9056,2,1,-1
366,15,1497.25,318.50,36.99,51.69,0.9133,2,2,-1
366,16,1205.15,431.55,30.27,87.68,0.9194,2,2,-1
366,17,1642.30,418.91,49.15,88.61,0.9348,1,3,-1
366,18,1548.64,576.54,50.17,114.00,0.9303,2,2,-1
366,20,1818.05,568.83,48.09,130.69,0.9315,2,1,-1
366,21,1864.98,473.56,42.29,105.61,0.9323,2,2,-1
366,22,1889.34,378.94,28.29,64.02,0.8138,2,1,-1
366,0,575.64,529.60,14.30,15.93,1.0,0,-1,-1
367,1,1349.17,368.02,23.19,73.98,0.9168,2,2,-1
367,3,766.37,493.96,52.58,96.18,0.9317,2,2,-1
367,4,289.95,660.79,52.85,135.48,0.9296,2,1,-1
367,7,497.97,447.98,65.50,94.23,0.9351,2,1,-1
367,9,768.94,295.43,22.44,49.45,0.8096,3,0,-1
367,13,980.38,722.68,55.17,161.01,0.9378,2,2,-1
367,14,944.32,387.57,29.58,83.71,0.9100,2,1,-1
367,15,1498.71,317.56,39.36,50.93,0.8834,2,2,-1
367,16,1199.06,431.69,30.43,87.32,0.9211,2,2,-1
367,17,1639.30,419.39,48.72,88.32,0.9346,1,3,-1
367,18,1544.46,574.40,52.53,114.69,0.9279,2,2,-1
367,20,1813.91,569.01,48.00,130.87,0.9334,2,1,-1
367,21,1862.85,473.29,40.08,104.96,0.9250,2,2,-1
367,22,1889.53,378.61,26.51,63.37,0.8391,2,1,-1
367,0,576.43,530.91,13.73,14.13,1.0,0,-1,-1
368,1,1346.83,369.37,24.05,73.03,0.9115,2,2,-1
368,3,754.35,494.42,50.21,95.14,0.9334,2,2,-1
368,4,288.03,660.12,50.11,139.59,0.9304,2,1,-1
368,7,496.81,450.68,71.81,92.67,0.9272,2,1,-1
368,9,767.41,296.17,22.68,50.50,0.5125,3,0,-1
368,13,977.08,721.75,53.25,160.08,0.9388,2,2,-1
368,14,938.66,387.70,28.75,83.58,0.9005,2,1,-1
368,15,1503.24,317.31,40.23,52.32,0.8857,2,2,-1
368,16,1189.93,432.28,31.67,86.71,0.9132,2,2,-1
368,17,1637.57,419.27,46.99,88.52,0.9323,1,3,-1
368,18,1541.42,571.28,54.48,114.43,0.9304,2,2,-1
368,20,1809.47,569.31,47.13,129.92,0.9456,2,1,-1
368,21,1859.61,472.45,38.44,105.96,0.9255,2,2,-1
368,22,1874.93,392.08,29.67,76.27,0.8560,2,1,-1
368,0,576.68,531.38,14.31,14.47,1.0,0,-1,-1
369,1,1344.67,370.61,26.23,72.78,0.9124,2,2,-1
369,3,741.68,495.43,48.59,93.43,0.9256,2,2,-1
369,4,286.40,658.35,47.51,141.59,0.9314,2,1,-1
369,7,496.89,454.02,75.32,89.94,0.9007,2,1,-1
369,9,765.64,295.48,22.26,51.49,0.6231,3,0,-1
369,13,971.38,721.43,52.24,157.45,0.9365,2,2,-1
369,14,932.94,388.00,27.75,81.60,0.9049,2,1,-1
369,15,1510.75,318.94,36.20,51.61,0.7981,2,2,-1
369,16,1181.36,434.36,33.86,85.97,0.9171,2,2,-1
369,17,1637.36,418.46,43.23,89.50,0.9278,1,3,-1
369,18,1539.46,567.48,54.02,116.72,0.9257,2,2,-1
369,20,1804.99,569.82,46.65,127.84,0.9261,2,1,-1
369,21,1856.61,473.52,36.61,104.80,0.9313,2,2,-1
369,22,1886.75,379.19,23.34,60.98,0.8651,2,1,-1
369,0,576.23,532.08,13.95,14.51,1.0,0,-1,-1
370,1,1339.22,371.87,30.70,71.62,0.9176,2,2,-1
370,3,728.59,497.20,50.08,93.46,0.9299,2,2,-1
370,4,285.55,660.63,48.25,140.32,0.9375,2,1,-1
370,7,498.15,457.37,76.63,87.70,0.8932,2,1,-1
370,9,764.37,295.71,20.93,51.08,0.8019,3,0,-1
370,13,966.54,719.57,51.05,157.48,0.9315,2,2,-1
370,14,927.79,389.09,27.30,79.24,0.9040,2,1,-1
370,15,1517.17,320.55,32.41,49.95,0.8862,2,2,-1
370,16,1174.41,436.53,30.71,84.55,0.9076,2,2,-1
370,17,1639.81,418.23,38.22,90.26,0.9160,1,3,-1
370,18,1538.64,563.27,53.39,118.93,0.9308,2,2,-1
370,20,1799.47,569.13,46.62,128.91,0.9405,2,1,-1
370,21,1852.07,473.95,36.27,104.63,0.9272,2,2,-1
370,22,1869.15,394.73,36.35,74.46,0.8986,2,1,-1
370,0,576.06,532.20,14.19,15.09,1.0,0,-1,-1
371,1,1335.48,371.90,32.82,71.62,0.9131,2,2,-1
371,3,717.32,500.20,50.81,93.33,0.9120,2,2,-1
371,4,283.09,661.39,55.09,141.21,0.9381,2,1,-1
371,7,502.82,457.17,73.50,88.57,0.8627,2,1,-1
371,9,764.31,296.25,21.03,52.11,0.8006,3,0,-1
371,13,960.91,719.83,52.17,156.17,0.9251,2,2,-1
371,14,921.42,389.92,27.29,78.78,0.9073,2,1,-1
371,15,1516.22,323.13,37.12,47.65,0.9016,2,2,-1
371,16,1167.64,438.70,28.55,83.18,0.9174,2,2,-1
371,17,1641.99,418.16,32.87,89.44,0.9143,1,3,-1
371,18,1538.71,559.23,51.27,121.10,0.9289,2,2,-1
371,20,1795.40,566.92,46.09,129.29,0.9332,2,1,-1
371,21,1847.39,474.38,36.08,103.88,0.9286,2,2,-1
371,22,1864.56,399.21,41.29,70.94,0.8924,2,1,-1
371,0,576.07,532.53,13.37,15.67,1.0,0,-1,-1
372,1,1332.34,372.56,33.39,71.11,0.9134,2,2,-1
372,3,708.32,503.57,50.44,90.54,0.9147,2,2,-1
372,4,279.91,661.59,60.90,141.08,0.9377,2,1,-1
372,7,505.97,458.56,63.90,87.69,0.9247,2,1,-1
372,9,763.59,296.69,21.16,50.60,0.8690,3,0,-1
372,13,955.14,720.12,52.44,156.37,0.9344,2,2,-1
372,14,916.10,388.83,28.02,80.52,0.9164,2,1,-1
372,15,1515.27,317.69,44.70,51.86,0.9044,2,2,-1
372,16,1160.61,441.11,28.43,81.50,0.9098,2,2,-1
372,17,1642.07,418.25,29.85,89.66,0.9107,1,3,-1
372,18,1536.72,555.97,51.17,123.88,0.9318,2,2,-1
372,20,1790.49,566.34,45.96,129.49,0.9357,2,1,-1
372,21,1841.72,475.22,37.09,104.18,0.9317,2,2,-1
372,22,1858.02,396.59,47.11,74.08,0.9031,2,1,-1
372,0,575.79,533.67,13.09,14.48,1.0,0,-1,-1
373,1,1329.64,372.55,32.07,69.04,0.9140,2,2,-1
373,3,698.50,504.08,50.21,91.17,0.9107,2,2,-1
373,4,275.57,662.83,64.14,142.38,0.9366,2,1,-1
373,7,503.15,461.57,59.76,85.07,0.9221,2,1,-1
373,9,761.37,296.66,24.12,51.95,0.8929,3,0,-1
373,13,950.40,719.09,52.91,157.66,0.9332,2,2,-1
373,14,911.63,386.89,28.40,82.25,0.9116,2,1,-1
373,15,1516.96,320.99,44.91,48.96,0.8754,2,2,-1
373,16,1153.16,442.41,28.97,80.48,0.9177,2,2,-1
373,17,1640.10,418.49,28.93,89.27,0.9048,1,3,-1
373,18,1535.53,554.28,49.56,123.31,0.9322,2,2,-1
373,20,1785.00,563.50,46.10,129.30,0.9393,2,1,-1
373,21,1835.81,476.30,38.05,103.16,0.9254,2,2,-1
373,22,1853.35,399.70,48.49,71.25,0.9101,2,1,-1
373,0,574.90,535.00,13.73,14.04,1.0,0,-1,-1
374,1,1324.11,371.52,33.73,68.79,0.9190,2,2,-1
374,3,687.07,503.99,51.89,88.07,0.9162,2,2,-1
374,4,270.73,664.56,63.95,141.08,0.9456,2,1,-1
374,7,499.10,456.77,60.81,90.46,0.9379,2,1,-1
374,9,758.41,295.63,25.67,53.69,0.8869,3,0,-1
374,13,944.20,720.93,53.72,157.51,0.9369,2,2,-1
374,14,906.43,385.39,28.56,83.49,0.9167,2,1,-1
374,15,1532.40,318.91,38.81,52.52,0.8232,2,2,-1
374,16,1144.47,442.28,31.90,80.46,0.9087,2,2,-1
374,17,1638.61,418.62,28.35,89.41,0.9151,1,3,-1
374,18,1533.74,554.14,47.54,122.48,0.9255,2,2,-1
374,20,1780.73,561.86,46.85,128.28,0.9359,2,1,-1
374,21,1829.48,476.12,40.11,103.60,0.9348,2,2,-1
374,22,1848.73,400.03,50.24,71.50,0.9107,2,1,-1
374,0,574.24,536.26,14.07,13.77,1.0,0,-1,-1
375,1,1320.22,370.37,32.88,70.13,0.9173,2,2,-1
375,3,678.92,504.23,50.67,86.66,0.9336,2,2,-1
375,4,264.12,664.58,66.54,140.74,0.9450,2,1,-1
375,7,495.29,457.78,67.39,84.89,0.9382,2,1,-1
375,9,755.45,296.99,25.64,54.04,0.8457,3,0,-1
375,13,939.01,719.26,53.94,159.71,0.9353,2,2,-1
375,14,901.45,385.14,28.28,80.57,0.9081,2,1,-1
375,15,1539.57,321.40,28.32,51.52,0.8606,2,2,-1
375,16,1134.80,441.29,34.23,81.73,0.9163,2,2,-1
375,17,1634.15,419.57,30.31,88.95,0.9101,1,3,-1
375,18,1531.86,554.24,44.37,121.15,0.9318,2,2,-1
375,20,1775.00,561.16,48.11,127.68,0.9494,2,1,-1
375,21,1824.18,476.72,40.84,98.69,0.9259,2,2,-1
375,22,1845.08,397.53,50.60,73.58,0.9110,2,1,-1
375,0,572.35,536.87,14.77,13.53,1.0,0,-1,-1
376,1,1316.42,369.07,32.01,71.79,0.9200,2,2,-1
376,3,672.76,503.37,48.21,85.99,0.9251,2,2,-1
376,4,259.43,664.82,65.53,140.92,0.9417,2,1,-1
376,7,515.60,460.51,59.69,82.34,0.9178,2,1,-1
376,9,754.05,299.64,22.39,51.89,0.8384,3,0,-1
376,13,933.08,721.57,54.55,159.33,0.9368,2,2,-1
376,14,892.97,385.69,30.25,81.05,0.9187,2,1,-1
376,15,1540.98,321.73,26.25,50.99,0.8776,2,2,-1
376,16,1126.33,439.20,35.69,84.55,0.9162,2,2,-1
376,17,1628.84,420.68,33.92,88.74,0.9189,1,3,-1
376,18,1528.09,556.23,42.63,119.82,0.9370,2,2,-1
376,20,1770.40,560.46,48.57,128.09,0.9360,2,1,-1
376,21,1817.87,475.71,44.06,99.32,0.9311,2,2,-1
376,22,1844.35,396.11,47.53,75.04,0.9196,2,1,-1
376,0,569.47,538.43,15.39,12.26,1.0,0,-1,-1
377,1,1311.97,368.35,31.25,72.65,0.9202,2,2,-1
377,3,666.11,501.11,45.05,87.04,0.9383,2,2,-1
377,4,256.55,663.95,61.73,141.68,0.9460,2,1,-1
377,7,500.67,462.88,80.09,88.84,0.9200,2,1,-1
377,9,752.63,300.96,20.31,49.52,0.7859,3,0,-1
377,13,927.19,721.20,55.82,160.45,0.9396,2,2,-1
377,14,884.55,386.34,31.58,79.38,0.9143,2,1,-1
377,15,1537.19,321.64,30.83,51.79,0.8926,2,2,-1
377,16,1119.16,438.09,34.89,85.91,0.9222,2,2,-1
377,17,1623.19,421.43,37.46,88.84,0.9283,1,3,-1
377,18,1523.52,559.10,42.27,117.25,0.9265,2,2,-1
377,20,1764.29,560.25,50.76,128.70,0.9376,2,1,-1
377,21,1810.71,474.04,46.00,100.90,0.9266,2,2,-1
377,22,1845.83,396.85,42.67,74.08,0.9075,2,1,-1
377,0,569.09,538.50,15.03,14.00,1.0,0,-1,-1
378,1,1307.40,367.99,29.06,73.04,0.9189,2,2,-1
378,3,658.85,498.52,44.77,89.66,0.9263,2,2,-1
378,4,255.67,662.19,57.35,139.42,0.9446,2,1,-1
378,7,508.40,466.32,78.39,86.51,0.9264,2,1,-1
378,9,749.23,301.75,19.55,50.41,0.8358,3,0,-1
378,13,919.78,722.11,55.86,159.12,0.9331,2,2,-1
378,14,876.75,386.62,32.15,78.55,0.9177,2,1,-1
378,15,1534.30,321.23,36.45,51.57,0.9019,2,2,-1
378,16,1112.90,436.76,33.15,87.26,0.9133,2,2,-1
378,17,1616.38,422.88,39.68,87.64,0.9274,1,3,-1
378,18,1519.08,561.32,41.22,116.04,0.9320,2,2,-1
378,20,1758.55,560.97,54.29,127.72,0.9398,2,1,-1
378,21,1807.32,472.37,44.17,102.74,0.9235,2,2,-1
378,22,1845.98,396.23,38.16,75.33,0.8943,2,1,-1
379,1,1301.99,368.99,27.83,72.05,0.9230,2,2,-1
379,3,649.49,494.90,46.40,93.07,0.9321,2,2,-1
379,4,254.81,661.82,56.06,140.26,0.9445,2,1,-1
379,7,505.36,468.47,78.58,85.49,0.9190,2,1,-1
379,9,745.09,300.46,20.39,52.25,0.8418,3,0,-1
379,13,913.36,722.38,56.49,156.51,0.9320,2,2,-1
379,14,868.50,386.02,32.47,78.60,0.9184,2,1,-1
379,15,1533.57,322.00,40.45,50.58,0.8935,2,2,-1
379,16,1105.68,435.45,30.76,86.15,0.9133,2,2,-1
379,17,1609.66,423.82,42.04,87.18,0.9321,1,3,-1
379,18,1512.71,562.49,42.04,114.18,0.9282,2,2,-1
379,20,1750.67,561.67,56.57,125.05,0.9396,2,1,-1
379,21,1802.66,470.32,41.87,105.14,0.9384,2,2,-1
379,22,1845.74,392.65,34.75,79.36,0.8841,2,1,-1
380,1,1295.86,370.54,28.43,70.99,0.9154,2,2,-1
380,3,641.30,492.01,47.19,97.88,0.9333,2,2,-1
380,4,253.95,663.05,54.56,139.69,0.9364,2,1,-1
380,7,530.08,501.58,47.03,53.53,0.8798,2,1,-1
380,9,739.36,301.13,21.67,52.96,0.8650,3,0,-1
380,13,906.02,721.52,56.41,158.95,0.9453,2,2,-1
380,14,859.75,384.64,33.29,80.58,0.9144,2,1,-1
380,15,1545.70,323.47,33.52,49.95,0.8430,2,2,-1
380,16,1097.78,434.59,29.52,86.31,0.9094,2,2,-1
380,17,1604.10,424.54,42.61,86.84,0.9279,1,3,-1
380,18,1506.63,562.70,44.82,115.68,0.9308,2,2,-1
380,20,1742.85,561.86,60.14,128.44,0.9390,2,1,-1
380,21,1795.56,468.50,40.73,106.29,0.9368,2,2,-1
380,22,1844.26,394.83,30.30,76.56,0.8659,2,1,-1
380,0,558.56,541.11,16.58,15.21,1.0,0,-1,-1
381,1,1288.18,372.75,30.00,69.71,0.9193,2,2,-1
381,3,634.06,489.89,46.41,98.92,0.9316,2,2,-1
381,4,249.20,663.72,56.06,140.78,0.9306,2,1,-1
381,9,733.94,301.14,22.53,53.56,0.8751,3,0,-1
381,13,897.79,721.55,56.88,158.65,0.9325,2,2,-1
381,14,850.51,384.30,32.28,79.57,0.8676,2,1,-1
381,15,1549.98,325.95,27.21,49.29,0.8460,2,2,-1
381,16,1088.91,433.94,29.96,86.97,0.8912,2,2,-1
381,17,1599.93,425.38,40.42,85.89,0.9356,1,3,-1
381,18,1498.28,562.12,47.83,115.19,0.9293,2,2,-1
381,20,1735.28,563.02,61.11,126.54,0.9350,2,1,-1
381,21,1787.13,467.50,40.73,106.99,0.9354,2,2,-1
381,22,1840.40,395.71,28.68,76.66,0.8679,2,1,-1
382,1,1279.90,374.99,31.71,68.28,0.9222,2,2,-1
382,3,619.86,489.08,50.96,97.18,0.9306,2,2,-1
382,4,241.09,666.26,59.86,140.36,0.9268,2,1,-1
382,9,727.83,302.85,23.28,53.01,0.8666,3,0,-1
382,13,889.11,723.05,56.86,154.42,0.9359,2,2,-1
382,14,841.98,384.88,32.61,79.22,0.9034,2,1,-1
382,15,1547.23,325.40,27.00,50.54,0.8839,2,2,-1
382,16,1077.42,433.98,31.25,85.28,0.8967,2,2,-1
382,17,1592.74,425.33,40.10,86.94,0.9231,1,3,-1
382,18,1487.86,561.92,54.20,115.04,0.9306,2,2,-1
382,20,1726.82,563.29,60.57,126.20,0.9320,2,1,-1
382,21,1778.70,467.55,39.72,104.76,0.9333,2,2,-1
382,22,1849.51,378.47,25.80,66.58,0.8631,2,1,-1
382,23,505.85,472.70,71.96,82.11,0.9236,2,-1,-1
383,1,1269.25,376.36,33.55,68.60,0.9225,2,2,-1
383,3,616.52,489.45,45.31,94.48,0.9328,2,2,-1
383,4,231.62,668.32,59.81,138.43,0.9297,2,1,-1
383,9,720.60,304.05,23.04,52.42,0.8580,3,0,-1
383,13,879.67,721.79,56.09,150.72,0.9445,2,2,-1
383,14,830.26,386.43,33.68,77.34,0.9081,2,1,-1
383,15,1540.67,330.88,28.86,45.46,0.8798,2,2,-1
383,16,1064.58,435.10,33.05,84.03,0.8958,2,2,-1
383,17,1587.49,424.85,36.82,87.87,0.9224,1,3,-1
383,18,1479.02,559.91,57.07,113.93,0.9343,2,2,-1
383,20,1716.27,563.11,60.05,126.42,0.9261,2,1,-1
383,21,1766.64,468.83,39.34,99.43,0.9377,2,2,-1
383,22,1829.42,399.70,28.77,75.07,0.8696,2,1,-1
383,23,502.99,473.95,63.73,81.62,0.9151,2,-1,-1
384,1,1259.06,377.37,35.32,68.52,0.9218,2,2,-1
384,3,605.25,490.85,44.70,92.76,0.9350,2,2,-1
384,4,221.96,671.11,64.03,140.48,0.9145,2,1,-1
384,9,711.54,305.42,22.81,53.26,0.8455,3,0,-1
384,13,869.37,722.79,55.74,151.90,0.9407,2,2,-1
384,14,817.92,390.24,33.69,74.94,0.8679,2,1,-1
384,15,1534.49,325.72,36.81,51.43,0.8577,2,2,-1
384,16,1050.70,436.97,35.25,84.44,0.9176,2,2,-1
384,17,1581.61,423.77,34.28,88.46,0.9095,1,3,-1
384,18,1471.97,557.06,58.20,117.06,0.9308,2,2,-1
384,20,1704.55,562.54,60.95,125.29,0.9293,2,1,-1
384,21,1753.93,470.99,40.44,98.37,0.9314,2,2,-1
384,22,1836.04,379.58,26.69,67.77,0.8943,2,1,-1
384,23,495.08,472.06,56.54,85.01,0.9399,2,-1,-1
384,0,701.15,476.96,26.06,17.02,1.0,0,-1,-1
385,1,1248.80,377.64,36.17,68.99,0.9211,2,2,-1
385,3,592.98,492.91,45.03,90.92,0.9345,2,2,-1
385,4,210.77,673.26,67.34,141.00,0.9305,2,1,-1
385,9,700.58,305.70,23.31,54.21,0.8213,3,0,-1
385,13,857.98,723.17,55.76,154.62,0.9424,2,2,-1
385,14,804.62,391.31,34.85,73.95,0.8507,2,1,-1
385,15,1543.33,332.98,29.58,43.25,0.8396,2,2,-1
385,16,1038.33,438.87,35.04,84.97,0.9120,2,2,-1
385,17,1575.85,422.11,31.76,90.92,0.9136,1,3,-1
385,18,1467.07,554.23,55.89,119.58,0.9253,2,2,-1
385,20,1693.93,561.32,58.84,123.71,0.9341,2,1,-1
385,21,1740.58,472.88,41.51,98.20,0.9255,2,2,-1
385,22,1808.91,406.47,37.62,70.08,0.9123,2,1,-1
385,23,485.79,470.95,50.39,84.05,0.9320,2,1,-1
385,0,739.98,459.92,27.44,18.68,1.0,0,-1,-1
386,1,1238.82,378.28,36.87,68.29,0.9159,2,2,-1
386,3,579.18,495.52,44.93,91.32,0.9302,2,2,-1
386,4,197.60,675.99,69.12,141.52,0.9324,2,1,-1
386,9,691.27,308.03,22.94,53.38,0.5548,3,0,-1
386,13,845.99,724.68,57.12,155.81,0.9407,2,2,-1
386,14,780.70,393.87,45.08,73.61,0.8875,2,1,-1
386,15,1543.19,329.05,28.59,50.66,0.8661,2,2,-1
386,16,1026.28,440.99,34.31,83.92,0.9119,2,2,-1
386,17,1568.15,421.10,29.88,92.24,0.8956,1,3,-1
386,18,1459.38,551.89,54.24,121.95,0.9292,2,2,-1
386,20,1681.56,560.55,56.18,125.34,0.9374,2,1,-1
386,21,1727.20,474.19,42.44,96.52,0.9305,2,2,-1
386,22,1795.93,406.74,44.28,71.02,0.9139,2,1,-1
386,23,473.82,469.79,49.09,86.31,0.9298,2,1,-1
387,1,1228.51,378.09,37.50,69.33,0.9207,2,2,-1
387,3,567.63,496.12,43.29,92.36,0.9310,2,2,-1
387,4,183.78,678.82,71.00,140.36,0.9337,2,1,-1
387,9,681.92,309.91,22.75,52.96,0.5581,3,0,-1
387,13,832.75,726.02,57.54,154.63,0.9416,2,2,-1
387,14,777.66,396.09,47.96,71.85,0.8659,2,1,-1
387,15,1536.56,328.18,27.58,53.61,0.8334,2,2,-1
387,16,1013.42,442.20,34.73,83.79,0.9140,2,2,-1
387,17,1560.17,421.22,28.08,92.30,0.9033,1,3,-1
387,18,1453.93,551.32,49.05,121.13,0.9304,2,2,-1
387,20,1669.04,559.90,53.12,125.05,0.9355,2,1,-1
387,21,1713.67,474.60,43.11,95.78,0.9257,2,2,-1
387,22,1782.18,407.87,48.11,71.76,0.9134,2,1,-1
387,23,460.74,469.84,48.76,89.20,0.9347,2,1,-1
388,1,1219.92,378.87,35.71,69.70,0.9164,2,2,-1
388,3,554.99,495.89,41.97,93.18,0.9293,2,2,-1
388,4,167.21,681.51,75.29,140.89,0.9247,2,1,-1
388,9,671.62,311.29,22.38,52.19,0.6697,3,0,-1
388,13,818.64,727.21,59.53,155.16,0.9387,2,2,-1
388,14,759.41,396.76,45.80,73.59,0.9143,2,1,-1
388,15,1532.57,334.64,23.59,46.29,0.8572,2,2,-1
388,16,999.60,442.26,35.93,84.24,0.9224,2,2,-1
388,17,1550.57,422.63,26.87,92.02,0.9138,1,3,-1
388,18,1444.34,551.43,46.74,120.71,0.9313,2,2,-1
388,20,1655.57,560.18,51.66,125.90,0.9286,2,1,-1
388,21,1700.09,473.62,43.16,96.82,0.9265,2,2,-1
388,22,1769.50,407.52,48.94,72.18,0.9103,2,1,-1
388,23,445.66,468.91,49.93,91.82,0.9310,2,1,-1
388,24,1879.65,463.13,38.46,99.70,0.9166,2,-1,-1
388,0,842.98,418.33,24.66,15.62,1.0,0,-1,-1
389,1,1210.19,378.55,33.18,71.29,0.9064,2,2,-1
389,3,542.53,495.17,39.82,96.71,0.9246,2,2,-1
389,4,151.35,683.95,76.01,138.70,0.9239,2,1,-1
389,9,659.62,311.76,22.88,53.24,0.6717,3,0,-1
389,13,803.90,728.21,60.29,156.36,0.9298,2,2,-1
389,14,747.90,397.52,47.30,71.96,0.8821,2,1,-1
389,15,1523.15,331.66,30.25,51.26,0.8866,2,2,-1
389,16,984.00,442.31,38.35,84.99,0.9257,2,2,-1
389,17,1537.74,424.42,27.84,92.94,0.9034,1,3,-1
389,18,1433.14,552.66,45.50,120.33,0.9310,2,2,-1
389,20,1641.82,560.90,49.05,125.24,0.9294,2,1,-1
389,21,1687.61,472.57,42.08,98.09,0.9305,2,2,-1
389,22,1758.40,408.04,47.74,72.61,0.9054,2,1,-1
389,23,428.10,468.87,51.82,93.27,0.9294,2,1,-1
389,24,1867.18,462.15,50.55,100.26,0.9242,2,-1,-1
389,0,873.00,405.94,22.85,16.06,1.0,0,-1,-1
390,1,1199.36,378.78,30.68,71.26,0.9066,2,2,-1
390,3,527.87,494.85,38.90,97.18,0.9201,2,2,-1
390,4,137.31,686.42,73.06,136.05,0.9285,2,1,-1
390,9,647.19,312.11,24.00,54.49,0.7576,3,0,-1
390,13,789.71,730.81,60.63,155.68,0.9280,2,2,-1
390,14,737.68,398.57,52.07,70.60,0.8929,2,1,-1
390,15,1510.67,334.31,36.10,49.58,0.8964,2,2,-1
390,16,969.50,443.13,39.55,86.03,0.9275,2,2,-1
390,17,1524.20,427.06,29.25,92.25,0.9129,1,3,-1
390,18,1419.95,555.54,45.40,117.96,0.9327,2,2,-1
390,20,1628.19,562.00,46.86,126.29,0.9285,2,1,-1
390,21,1673.26,471.70,43.02,98.75,0.9342,2,2,-1
390,22,1751.93,412.78,42.52,68.06,0.8476,2,1,-1
390,23,409.33,469.25,54.00,95.41,0.9368,2,1,-1
390,24,1854.55,462.69,62.47,98.20,0.9280,2,-1,-1
390,0,899.80,393.72,23.04,16.25,1.0,0,-1,-1
391,1,1187.26,379.37,28.61,70.77,0.9036,2,2,-1
391,3,512.49,494.77,37.95,99.28,0.9193,2,2,-1
391,4,125.96,688.99,68.07,133.36,0.9303,2,1,-1
391,9,633.71,315.65,22.92,51.39,0.8397,3,0,-1
391,13,775.35,731.40,60.66,157.26,0.9386,2,2,-1
391,14,724.40,399.69,56.96,70.69,0.9139,2,1,-1
391,15,1506.10,333.34,37.18,51.03,0.8515,2,2,-1
391,16,955.63,444.95,38.12,82.79,0.9166,2,2,-1
391,17,1511.05,431.16,30.53,89.68,0.9233,1,3,-1
391,18,1405.95,559.17,44.35,114.78,0.9291,2,2,-1
391,20,1612.75,563.59,44.59,126.01,0.9290,2,1,-1
391,21,1658.56,472.00,42.83,98.93,0.9336,2,2,-1
391,22,1744.04,412.24,38.41,68.13,0.8184,2,1,-1
391,23,390.68,470.23,55.13,97.78,0.9362,2,1,-1
391,24,1842.26,463.64,65.92,94.46,0.9095,2,1,-1
391,0,925.99,381.65,20.80,15.97,1.0,0,-1,-1
392,1,1172.91,381.12,28.40,70.25,0.9056,2,2,-1
392,3,496.83,496.23,36.35,95.11,0.9174,2,2,-1
392,4,113.88,690.39,59.63,131.86,0.9263,2,1,-1
392,9,619.12,319.00,23.72,51.68,0.8707,3,0,-1
392,13,760.46,732.57,60.46,156.57,0.9449,2,2,-1
392,14,711.26,400.14,58.19,72.12,0.9148,2,1,-1
392,15,1506.94,335.82,32.46,50.19,0.7775,2,2,-1
392,16,939.33,446.55,38.28,79.72,0.9263,2,2,-1
392,17,1497.23,434.51,34.06,88.05,0.9278,1,3,-1
392,18,1391.67,563.13,44.72,112.59,0.9286,2,2,-1
392,20,1597.63,565.32,44.71,125.94,0.9147,2,1,-1
392,21,1643.73,473.31,42.56,96.59,0.9243,2,2,-1
392,22,1733.75,380.67,50.87,103.38,0.8364,2,1,-1
392,23,370.61,471.15,57.22,100.09,0.9365,2,1,-1
392,24,1828.67,465.97,68.15,91.87,0.9147,2,1,-1
393,1,1158.25,384.04,27.97,69.40,0.9062,2,2,-1
393,3,478.51,498.82,38.30,95.63,0.9125,2,2,-1
393,4,102.29,691.07,54.71,134.87,0.9425,2,1,-1
393,13,744.62,735.03,60.22,152.81,0.9361,2,2,-1
393,14,699.00,399.39,58.14,73.23,0.9027,2,1,-1
393,15,1499.09,338.36,28.57,48.90,0.7911,2,2,-1
393,16,922.36,448.54,39.42,78.83,0.9300,2,2,-1
393,17,1482.13,437.07,37.58,86.89,0.9351,1,3,-1
393,18,1376.95,565.98,46.97,112.46,0.9265,2,2,-1
393,20,1580.80,566.92,44.22,125.02,0.9196,2,1,-1
393,21,1626.68,475.20,43.92,95.17,0.9344,2,2,-1
393,22,1733.15,381.04,34.37,69.98,0.8616,2,1,-1
393,23,349.28,473.85,59.24,100.17,0.9357,2,1,-1
393,24,1819.36,467.53,64.40,90.00,0.9282,2,1,-1
394,1,1139.95,386.37,30.03,68.55,0.9009,2,2,-1
394,3,460.68,502.78,37.99,95.07,0.9043,2,2,-1
394,4,82.90,691.45,57.78,137.74,0.9341,2,1,-1
394,9,587.70,324.49,22.75,50.75,0.6297,3,0,-1
394,13,727.90,737.89,62.42,153.96,0.9378,2,2,-1
394,14,683.27,398.83,55.55,75.50,0.8951,2,1,-1
394,15,1489.63,338.94,29.11,50.84,0.8552,2,2,-1
394,16,905.82,448.63,41.94,80.60,0.9283,2,2,-1
394,17,1466.85,438.70,39.15,85.92,0.9419,1,3,-1
394,18,1362.12,567.58,48.21,110.81,0.9364,2,2,-1
394,20,1561.68,568.33,44.85,123.10,0.9311,2,1,-1
394,21,1608.19,477.41,45.35,95.64,0.9320,2,2,-1
394,22,1719.25,383.90,33.45,66.24,0.8718,2,1,-1
394,23,330.61,475.69,58.76,102.35,0.9361,2,1,-1
394,24,1804.89,467.68,64.11,91.44,0.9155,2,1,-1
395,1,1122.11,389.08,31.50,67.89,0.9130,2,2,-1
395,3,441.57,506.42,39.61,95.37,0.9149,2,2,-1
395,4,63.13,690.27,61.75,143.05,0.9388,2,1,-1
395,13,709.62,738.71,62.85,155.87,0.9441,2,2,-1
395,14,668.06,399.33,54.80,77.74,0.8668,2,1,-1
395,15,1478.04,346.50,30.84,45.66,0.8291,2,2,-1
395,16,889.92,448.58,41.70,82.32,0.9267,2,2,-1
395,17,1450.20,439.81,40.73,86.37,0.9355,1,3,-1
395,18,1344.28,568.02,50.14,110.53,0.9321,2,2,-1
395,20,1544.88,569.33,43.54,123.21,0.9208,2,1,-1
395,21,1590.85,480.11,46.44,93.63,0.9330,2,2,-1
395,22,1707.33,385.13,35.59,66.03,0.8922,2,1,-1
395,23,308.34,478.64,57.57,101.04,0.9326,2,1,-1
395,24,1788.62,466.86,66.06,93.21,0.8281,2,1,-1
396,1,1103.27,391.34,34.69,67.29,0.9066,2,2,-1
396,3,419.72,509.41,41.81,95.64,0.9141,2,2,-1
396,4,41.14,691.46,67.06,145.00,0.9339,2,1,-1
396,13,692.28,741.58,62.62,154.52,0.9398,2,2,-1
396,14,650.47,399.72,54.41,77.16,0.9065,2,1,-1
396,15,1464.45,344.10,41.29,48.75,0.8702,2,2,-1
396,16,872.53,447.53,42.90,85.51,0.9328,2,2,-1
396,17,1431.72,440.84,43.23,87.70,0.9368,1,3,-1
396,18,1328.28,569.30,51.18,109.55,0.9318,2,2,-1
396,20,1526.24,569.87,44.22,122.73,0.9350,2,1,-1
396,21,1570.82,480.95,49.33,94.07,0.9324,2,2,-1
396,22,1696.41,386.35,36.70,63.05,0.8828,2,1,-1
396,23,288.27,480.51,54.81,103.10,0.9345,2,1,-1
396,24,1770.87,465.59,68.21,94.07,0.8339,2,1,-1
397,1,1084.37,393.37,37.37,68.05,0.9018,2,2,-1
397,3,400.58,511.56,41.28,95.01,0.9185,2,2,-1
397,4,16.80,693.45,71.06,145.24,0.9345,2,1,-1
397,9,535.32,330.57,23.72,52.14,0.8410,3,0,-1
397,13,674.82,742.35,62.57,156.38,0.9457,2,2,-1
397,14,634.38,402.15,53.22,75.14,0.9022,2,1,-1
397,15,1454.42,344.19,42.64,51.57,0.7249,2,2,-1
397,16,855.90,449.14,42.51,84.60,0.9207,2,2,-1
397,17,1412.85,442.35,45.02,88.31,0.9371,1,3,-1
397,18,1311.92,571.30,51.88,108.28,0.9367,2,2,-1
397,20,1507.65,569.49,43.59,122.02,0.9047,2,1,-1
397,21,1552.73,480.77,50.64,94.56,0.9310,2,2,-1
397,22,1680.07,386.67,39.98,63.37,0.8795,2,1,-1
397,23,266.30,483.30,48.91,102.75,0.9326,2,1,-1
397,24,1754.48,464.57,70.98,94.83,0.8557,2,1,-1
398,1,1066.01,395.37,39.47,67.16,0.9034,2,2,-1
398,3,381.13,512.83,41.26,97.48,0.9123,2,2,-1
398,4,0.35,695.55,71.50,145.28,0.9385,2,1,-1
398,13,657.86,746.51,61.65,154.37,0.9456,2,2,-1
398,14,616.78,404.21,52.72,75.87,0.8844,2,1,-1
398,15,1453.06,345.58,34.22,52.89,0.8111,2,2,-1
398,16,841.09,451.09,42.44,82.59,0.9234,2,2,-1
398,17,1394.78,444.34,47.32,86.27,0.9391,1,3,-1
398,18,1297.55,574.25,52.95,106.10,0.9310,2,2,-1
398,20,1487.47,569.24,46.26,121.56,0.9167,2,1,-1
398,21,1534.07,480.74,52.33,94.06,0.9289,2,2,-1
398,22,1656.27,386.60,46.23,67.66,0.8128,2,1,-1
398,23,244.72,485.45,44.26,102.95,0.9267,2,1,-1
398,24,1742.93,464.46,68.21,89.39,0.9116,2,1,-1
398,25,1651.24,440.82,27.52,52.44,0.6139,2,-1,-1
399,1,1047.86,397.32,40.89,66.94,0.9091,2,2,-1
399,3,359.18,513.60,43.60,101.50,0.9116,2,2,-1
399,4,-2.79,701.72,57.24,142.60,0.9244,2,1,-1
399,13,641.24,749.47,59.57,155.65,0.9454,2,2,-1
399,14,600.61,417.59,45.25,65.47,0.8377,2,1,-1
399,15,1442.61,347.51,29.16,51.24,0.8694,2,2,-1
399,16,824.48,453.65,44.39,80.53,0.9284,2,2,-1
399,17,1378.48,446.80,47.24,84.34,0.9262,1,3,-1
399,18,1282.01,573.30,52.09,107.72,0.9352,2,2,-1
399,20,1468.20,570.15,46.14,121.40,0.9240,2,1,-1
399,21,1515.25,481.31,54.02,94.11,0.9342,2,2,-1
399,22,1643.20,388.73,40.86,65.80,0.8866,2,1,-1
399,23,220.97,489.34,42.45,103.25,0.8959,2,1,-1
399,24,1732.16,467.18,66.25,89.44,0.8040,2,1,-1
399,26,1878.20,458.18,38.36,83.19,0.9206,2,-1,-1
399,0,1722.89,537.30,18.30,19.39,1.0,0,-1,-1
400,1,1031.47,398.90,40.81,66.60,0.8897,2,2,-1
400,3,338.45,514.44,43.19,103.19,0.9215,2,2,-1
400,4,-6.50,706.55,48.14,142.97,0.8617,2,1,-1
400,13,622.10,752.79,59.81,154.76,0.9413,2,2,-1
400,14,590.39,410.03,42.31,68.11,0.8652,2,1,-1
400,15,1428.16,348.13,32.02,53.98,0.8361,2,2,-1
400,16,807.27,455.56,43.04,82.19,0.9177,2,2,-1
400,17,1364.12,449.37,45.80,82.75,0.8030,1,3,-1
400,18,1268.74,571.17,50.13,112.60,0.9312,2,2,-1
400,20,1448.33,571.99,46.85,120.37,0.8871,2,1,-1
400,21,1496.48,482.45,55.57,92.01,0.9372,2,2,-1
400,22,1623.99,388.73,39.68,67.48,0.8836,2,1,-1
400,23,196.69,492.77,41.46,101.88,0.8193,2,1,-1
400,24,1712.92,467.32,67.20,92.02,0.8761,2,1,-1
400,26,1854.07,459.00,48.87,84.63,0.9414,2,-1,-1
401,1,1016.48,400.47,39.37,66.26,0.8989,2,2,-1
401,3,314.90,517.30,43.70,103.02,0.9211,2,2,-1
401,13,601.20,756.48,65.95,155.23,0.9444,2,2,-1
401,14,571.26,413.24,42.66,72.57,0.8708,2,1,-1
401,15,1415.77,349.91,33.02,51.14,0.7909,2,2,-1
401,16,787.44,458.34,44.05,82.55,0.9196,2,2,-1
401,17,1348.39,450.74,44.59,82.70,0.9315,1,3,-1
401,18,1254.34,569.81,47.88,116.31,0.9261,2,2,-1
401,20,1427.57,572.55,47.66,121.13,0.8956,2,1,-1
401,21,1480.44,484.36,54.37,90.79,0.9350,2,2,-1
401,22,1598.25,387.61,53.28,107.94,0.8893,2,1,-1
401,23,172.50,497.08,40.72,101.86,0.9139,2,1,-1
401,24,1700.01,469.80,65.52,90.05,0.9145,2,1,-1
401,26,1834.38,458.64,54.78,84.80,0.9324,2,-1,-1
402,1,1002.35,401.30,37.02,67.04,0.9090,2,2,-1
402,3,290.97,519.58,41.50,102.88,0.9198,2,2,-1
402,13,579.38,761.46,75.11,154.27,0.9461,2,2,-1
402,14,550.63,415.27,45.27,74.68,0.8953,2,1,-1
402,15,1412.40,349.58,31.36,52.93,0.8042,2,2,-1
402,16,767.63,460.84,44.88,81.56,0.9134,2,2,-1
402,17,1332.76,451.06,43.13,84.31,0.9222,1,3,-1
402,18,1239.30,569.07,45.99,118.50,0.9233,2,2,-1
402,20,1407.53,574.29,50.72,121.44,0.9002,2,1,-1
402,21,1464.56,486.91,52.91,90.65,0.9239,2,2,-1
402,22,1595.49,387.47,35.79,70.52,0.7963,2,1,-1
402,23,147.27,499.49,40.66,101.89,0.8091,2,1,-1
402,24,1690.82,472.22,59.86,90.07,0.9374,2,1,-1
402,26,1816.74,458.43,60.12,86.43,0.9350,2,2,-1
403,1,983.71,401.90,38.50,68.46,0.9060,2,2,-1
403,3,260.54,522.53,47.82,103.92,0.9183,2,2,-1
403,13,556.04,764.21,81.23,158.31,0.9438,2,2,-1
403,14,531.41,416.49,48.35,75.47,0.8803,2,1,-1
403,15,1400.58,353.02,30.17,51.44,0.7752,2,2,-1
403,16,746.90,460.65,48.28,82.10,0.9202,2,2,-1
403,17,1316.96,450.82,42.44,86.65,0.9238,1,3,-1
403,18,1222.36,569.51,46.96,119.56,0.8949,2,2,-1
403,20,1387.93,576.32,51.56,120.64,0.9122,2,1,-1
403,21,1451.02,488.90,49.66,90.77,0.9232,2,2,-1
403,22,1589.21,387.48,28.98,64.81,0.8734,2,1,-1
403,23,122.77,501.96,40.09,101.18,0.8107,2,1,-1
403,24,1673.86,473.88,61.84,89.60,0.9319,2,1,-1
403,26,1801.35,459.04,63.36,84.65,0.9334,2,2,-1
404,1,966.76,402.61,38.46,70.23,0.9096,2,2,-1
404,3,234.78,526.21,52.47,101.11,0.9200,2,2,-1
404,13,533.83,767.50,83.99,159.01,0.9406,2,2,-1
404,14,515.15,416.38,47.46,75.23,0.8805,2,1,-1
404,15,1393.57,356.02,28.00,50.28,0.8604,2,2,-1
404,16,726.71,460.58,50.75,82.67,0.9262,2,2,-1
404,17,1300.39,450.63,43.11,87.44,0.9384,1,3,-1
404,18,1206.91,570.83,45.70,116.07,0.9162,2,2,-1
404,20,1367.65,578.60,51.49,118.44,0.8921,2,1,-1
404,21,1436.13,490.42,48.91,89.91,0.9302,2,2,-1
404,22,1575.42,388.83,28.11,67.04,0.8818,2,1,-1
404,23,96.38,503.25,40.47,104.85,0.7431,2,1,-1
404,24,1656.76,474.71,66.34,88.33,0.9149,2,1,-1
404,26,1788.94,460.22,63.48,84.56,0.9330,2,2,-1
405,1,949.62,405.00,39.84,68.90,0.9138,2,2,-1
405,3,208.47,529.84,55.83,100.32,0.9245,2,2,-1
405,13,512.48,770.85,83.75,158.12,0.9526,2,2,-1
405,14,493.49,417.14,51.25,76.16,0.8949,2,1,-1
405,15,1381.60,355.38,32.62,55.02,0.8921,2,2,-1
405,16,708.10,461.42,52.51,83.35,0.9224,2,2,-1
405,17,1284.84,450.59,42.12,87.44,0.9370,1,3,-1
405,18,1189.92,573.18,44.25,110.90,0.9193,2,2,-1
405,20,1349.40,580.02,52.77,118.55,0.9263,2,1,-1
405,21,1417.95,490.28,51.18,92.32,0.9284,2,2,-1
405,22,1560.94,390.50,27.38,66.58,0.8856,2,1,-1
405,23,71.93,505.84,40.81,105.66,0.8765,2,1,-1
405,24,1638.64,474.09,72.29,89.55,0.9423,2,1,-1
405,26,1779.89,462.82,58.78,85.36,0.9250,2,2,-1
406,1,931.76,406.75,40.99,67.68,0.9080,2,2,-1
406,3,182.81,533.33,56.64,98.43,0.9242,2,2,-1
406,9,350.05,350.04,25.16,51.07,0.6555,3,0,-1
406,13,492.65,774.40,83.47,157.46,0.9385,2,2,-1
406,14,474.63,418.10,54.04,76.39,0.9081,2,1,-1
406,15,1370.98,356.08,34.86,50.88,0.8517,2,2,-1
406,16,691.38,463.31,53.15,81.42,0.9254,2,2,-1
406,17,1269.77,450.97,42.13,87.57,0.9277,1,3,-1
406,18,1173.24,576.56,45.08,109.61,0.9242,2,2,-1
406,20,1330.26,581.34,51.44,119.52,0.9094,2,1,-1
406,21,1402.16,489.08,52.92,92.94,0.9251,2,2,-1
406,22,1546.79,391.23,27.68,67.26,0.8956,2,1,-1
406,23,45.61,506.40,41.92,107.94,0.7727,2,1,-1
406,24,1625.04,474.13,74.96,89.33,0.9425,2,1,-1
406,26,1772.90,464.02,54.89,85.69,0.9256,2,2,-1
407,1,913.97,407.88,41.44,68.43,0.9006,2,2,-1
407,3,156.33,535.25,57.83,100.62,0.9293,2,2,-1
407,13,473.28,777.03,84.04,158.15,0.9391,2,2,-1
407,14,456.21,419.66,54.32,77.07,0.8438,2,1,-1
407,15,1363.76,358.98,34.68,49.83,0.7837,2,2,-1
407,16,674.35,464.59,52.91,82.70,0.9053,2,2,-1
407,17,1251.77,451.58,43.58,86.57,0.9349,1,3,-1
407,18,1157.84,580.29,44.06,110.54,0.9400,2,2,-1
407,20,1312.15,581.93,51.39,121.92,0.9119,2,1,-1
407,21,1385.45,488.43,55.35,91.87,0.9313,2,2,-1
407,22,1532.35,391.79,31.36,64.57,0.9003,2,1,-1
407,23,17.27,507.70,44.06,111.09,0.9163,2,1,-1
407,24,1613.61,475.57,75.33,88.73,0.9385,2,1,-1
407,26,1767.57,466.05,50.06,84.17,0.9199,2,2,-1
408,1,898.50,410.37,40.26,67.82,0.8903,2,2,-1
408,3,131.80,537.12,55.29,98.46,0.9053,2,2,-1
408,13,455.31,779.29,83.09,160.18,0.9517,2,2,-1
408,14,447.86,423.20,44.64,63.33,0.8437,2,1,-1
408,15,1358.31,359.68,34.96,51.83,0.5333,2,2,-1
408,16,662.92,466.64,48.83,85.01,0.9132,2,2,-1
408,17,1234.83,453.26,43.04,86.66,0.9323,1,3,-1
408,18,1142.76,582.55,42.14,109.50,0.9287,2,2,-1
408,20,1293.19,582.27,50.70,120.12,0.9161,2,1,-1
408,21,1369.55,487.56,57.04,91.15,0.9282,2,2,-1
408,22,1518.87,391.42,34.39,64.72,0.9030,2,1,-1
408,23,-3.31,511.54,43.45,111.42,0.6575,2,1,-1
408,24,1604.83,476.93,73.97,88.10,0.9174,2,1,-1
408,25,1492.23,428.50,41.05,77.71,0.8358,2,-1,-1
408,26,1758.15,465.91,48.20,85.05,0.9279,2,2,-1
409,1,884.98,413.12,38.92,66.81,0.8805,2,2,-1
409,3,112.58,539.27,52.15,102.39,0.8601,2,2,-1
409,13,441.33,782.42,78.87,160.18,0.9370,2,2,-1
409,14,432.51,425.12,44.29,72.01,0.8718,2,1,-1
409,15,1350.29,358.71,32.12,54.89,0.7161,2,2,-1
409,16,652.16,468.89,41.81,76.36,0.8901,2,2,-1
409,17,1219.85,456.59,41.77,86.20,0.9043,1,3,-1
409,18,1126.73,583.01,43.41,110.25,0.9243,2,2,-1
409,20,1275.28,583.42,51.54,120.18,0.9197,2,1,-1
409,21,1353.98,488.66,58.46,92.62,0.9244,2,2,-1
409,22,1503.97,391.18,35.69,66.31,0.9087,2,1,-1
409,24,1598.05,479.83,68.68,86.67,0.9168,2,1,-1
409,25,1478.23,429.84,38.98,76.78,0.8363,2,-1,-1
409,26,1741.41,465.02,54.80,86.11,0.9282,2,2,-1
409,28,1871.54,596.96,45.26,122.55,0.9349,2,-1,-1
410,1,871.55,415.03,39.57,67.57,0.9049,2,2,-1
410,3,93.00,540.53,43.31,106.23,0.9197,2,2,-1
410,13,427.28,785.96,72.94,161.48,0.9369,2,2,-1
410,14,412.84,426.30,47.33,78.39,0.9050,2,1,-1
410,15,1339.36,360.01,30.39,55.65,0.6909,2,2,-1
410,16,633.78,469.58,43.31,80.10,0.9056,2,2,-1
410,17,1205.25,459.35,37.52,84.68,0.9245,1,3,-1
410,18,1107.05,583.37,48.10,111.34,0.9232,2,2,-1
410,20,1256.70,583.55,51.23,121.45,0.9247,2,1,-1
410,21,1341.78,490.99,55.91,92.98,0.9211,2,2,-1
410,22,1489.34,391.95,32.46,69.47,0.8953,2,1,-1
410,24,1593.72,481.12,63.19,87.03,0.9280,2,1,-1
410,25,1463.30,432.08,37.23,75.30,0.8257,2,-1,-1
410,26,1725.98,464.86,59.57,86.77,0.9404,2,2,-1
410,28,1852.68,596.56,55.41,122.31,0.9359,2,-1,-1
411,1,851.87,415.71,43.39,69.21,0.9033,2,2,-1
411,3,68.24,542.72,40.93,103.67,0.9296,2,2,-1
411,13,415.04,789.04,65.65,162.71,0.9362,2,2,-1
411,14,390.76,426.02,49.13,80.29,0.6863,2,1,-1
411,15,1329.28,362.55,29.32,52.50,0.8133,2,2,-1
411,16,617.12,470.13,43.85,80.12,0.9187,2,2,-1
411,17,1189.95,461.56,35.41,84.33,0.9169,1,3,-1
411,18,1087.18,583.17,54.17,113.16,0.9336,2,2,-1
411,20,1239.22,584.90,49.41,122.05,0.9189,2,1,-1
411,21,1329.88,494.14,52.29,92.48,0.9181,2,2,-1
411,22,1475.45,393.16,29.54,70.27,0.8895,2,1,-1
411,24,1585.04,481.99,61.26,85.44,0.9257,2,1,-1
411,25,1449.87,433.04,37.92,76.25,0.8856,2,-1,-1
411,26,1711.75,464.87,62.98,85.87,0.9377,2,2,-1
411,28,1832.45,594.86,62.14,124.71,0.9398,2,-1,-1
411,0,1831.43,701.84,17.90,19.98,1.0,0,-1,-1
412,1,833.51,415.89,45.86,69.88,0.9026,2,2,-1
412,3,41.58,545.11,40.93,106.51,0.9311,2,2,-1
412,13,400.31,792.32,59.98,165.83,0.9350,2,2,-1
412,14,370.77,427.46,51.97,79.78,0.9117,2,1,-1
412,15,1313.38,365.25,39.23,52.09,0.9057,2,2,-1
412,16,596.02,470.35,48.04,83.22,0.9269,2,2,-1
412,17,1171.46,462.67,37.39,85.73,0.9367,1,3,-1
412,18,1071.22,584.13,54.89,114.97,0.9411,2,2,-1
412,20,1222.06,586.02,47.86,124.38,0.9319,2,1,-1
412,21,1321.47,495.73,46.70,93.04,0.9275,2,2,-1
412,22,1463.36,395.81,26.38,67.22,0.8790,2,1,-1
412,24,1567.95,481.00,67.46,89.43,0.9241,2,1,-1
412,25,1434.01,433.79,37.37,77.56,0.8861,2,-1,-1
412,26,1701.40,466.39,62.74,85.90,0.9258,2,2,-1
412,28,1811.52,594.60,67.44,126.96,0.9456,2,1,-1
412,0,1811.07,701.47,19.95,21.78,1.0,0,-1,-1
413,1,814.81,416.68,47.45,70.41,0.9035,2,2,-1
413,3,15.29,548.16,41.09,110.28,0.9160,2,2,-1
413,13,380.05,797.69,59.80,166.65,0.9250,2,2,-1
413,14,350.94,428.82,56.40,80.97,0.9215,2,1,-1
413,15,1302.47,365.85,43.11,53.78,0.8148,2,2,-1
413,16,576.98,471.53,51.22,84.41,0.9177,2,2,-1
413,17,1153.40,463.03,40.30,87.18,0.9338,1,3,-1
413,18,1054.72,585.32,54.82,114.13,0.9304,2,2,-1
413,20,1204.04,588.12,46.31,125.20,0.9230,2,1,-1
413,21,1304.39,497.49,47.46,92.95,0.9355,2,2,-1
413,22,1450.87,395.91,25.43,64.91,0.8835,2,1,-1
413,24,1555.09,481.29,73.34,88.19,0.9363,2,1,-1
413,25,1421.86,433.09,36.77,77.92,0.8208,2,1,-1
413,26,1694.57,468.61,58.69,86.64,0.9229,2,2,-1
413,28,1794.84,594.55,69.80,124.74,0.9474,2,1,-1
414,1,797.95,418.92,46.12,68.20,0.9150,2,2,-1
414,3,-1.93,552.10,34.46,110.94,0.9097,2,2,-1
414,13,356.44,802.12,63.90,167.83,0.9246,2,2,-1
414,14,330.61,431.10,59.82,80.10,0.9193,2,1,-1
414,15,1298.95,366.66,41.64,56.08,0.7975,2,2,-1
414,16,564.00,474.02,48.34,84.15,0.9121,2,2,-1
414,17,1136.00,462.07,43.49,90.78,0.9345,1,3,-1
414,18,1039.35,588.51,56.24,113.30,0.9366,2,2,-1
414,20,1186.19,589.75,46.47,126.84,0.7740,2,1,-1
414,21,1288.13,496.43,50.62,95.49,0.9271,2,2,-1
414,22,1437.04,397.92,25.70,63.15,0.8719,2,1,-1
414,24,1544.11,482.19,76.84,87.66,0.9261,2,1,-1
414,25,1409.75,432.90,37.04,77.96,0.8656,2,1,-1
414,26,1693.17,471.54,49.51,85.85,0.9221,2,2,-1
414,28,1781.99,595.72,69.27,121.78,0.9397,2,1,-1
414,29,1797.09,904.84,100.76,164.60,0.7639,2,-1,-1
415,1,781.88,420.62,46.69,68.96,0.9066,2,2,-1
415,13,334.33,808.11,66.43,168.30,0.9282,2,2,-1
415,14,313.66,432.35,61.41,82.01,0.9037,2,1,-1
415,15,1297.70,373.75,36.73,51.74,0.5432,2,2,-1
415,16,545.46,476.40,48.91,85.27,0.9168,2,2,-1
415,17,1119.74,462.21,45.75,91.64,0.9363,1,3,-1
415,18,1026.15,591.80,56.39,112.13,0.9315,2,2,-1
415,20,1170.41,593.78,43.31,124.37,0.9135,2,1,-1
415,21,1272.02,495.32,54.39,97.91,0.9343,2,2,-1
415,22,1423.92,399.37,26.11,62.20,0.8650,2,1,-1
415,24,1535.80,485.71,76.80,88.29,0.8854,2,1,-1
415,25,1396.04,433.66,36.85,76.87,0.8434,2,1,-1
415,26,1687.93,473.80,43.57,84.96,0.9275,2,2,-1
415,28,1771.59,598.17,67.38,120.85,0.9381,2,1,-1
415,29,1791.79,905.69,91.96,134.14,0.8659,2,-1,-1
416,1,768.88,422.24,44.26,69.54,0.9079,2,2,-1
416,9,119.90,367.27,27.08,56.68,0.6375,3,0,-1
416,13,311.51,810.98,73.44,172.61,0.9319,2,2,-1
416,14,298.40,434.21,59.05,82.25,0.8622,2,1,-1
416,15,1289.52,375.36,34.29,49.46,0.8609,2,2,-1
416,16,532.44,479.27,45.72,85.49,0.9169,2,2,-1
416,17,1103.34,462.74,48.34,89.75,0.9332,1,3,-1
416,18,1014.81,594.71,55.79,111.64,0.9238,2,2,-1
416,20,1152.64,595.57,43.28,123.89,0.9138,2,1,-1
416,21,1256.81,494.75,57.93,97.25,0.9384,2,2,-1
416,22,1410.40,399.82,26.90,63.21,0.8766,2,1,-1
416,24,1530.24,483.67,77.75,92.88,0.8505,2,1,-1
416,25,1384.47,433.75,36.04,77.83,0.8610,2,1,-1
416,26,1672.72,474.31,47.95,85.12,0.9317,2,2,-1
416,28,1761.85,600.01,63.78,121.15,0.9336,2,1,-1
416,29,1806.20,902.03,70.54,102.18,0.6204,2,-1,-1
416,30,1877.69,550.15,40.08,111.39,0.9308,2,-1,-1
417,1,757.89,424.01,39.86,70.11,0.8966,2,2,-1
417,13,290.33,812.94,76.76,173.23,0.9486,2,2,-1
417,14,289.46,441.53,54.17,77.65,0.8239,2,1,-1
417,15,1278.74,369.95,41.25,54.47,0.9071,2,2,-1
417,16,521.40,480.86,39.87,86.11,0.9335,2,2,-1
417,17,1088.80,464.28,49.91,88.98,0.9378,1,3,-1
417,18,1006.41,595.58,52.12,112.81,0.9247,2,2,-1
417,20,1136.35,596.82,43.23,125.40,0.8965,2,1,-1
417,21,1246.09,496.46,57.15,94.27,0.9357,2,2,-1
417,22,1397.79,399.93,27.41,60.74,0.8869,2,1,-1
417,24,1532.88,485.95,66.41,92.24,0.9157,2,1,-1
417,25,1374.91,436.72,33.22,77.54,0.8873,2,1,-1
417,26,1657.92,473.86,55.32,86.69,0.9414,2,2,-1
417,28,1756.63,599.82,57.32,121.95,0.9401,2,1,-1
417,30,1862.08,548.22,55.20,114.07,0.9315,2,-1,-1
418,1,748.50,425.40,34.52,69.89,0.9191,2,2,-1
418,13,267.67,817.84,82.43,174.69,0.9380,2,2,-1
418,14,281.41,439.20,50.69,81.78,0.8823,2,1,-1
418,15,1272.50,371.50,41.40,52.59,0.8258,2,2,-1
418,16,502.35,480.92,43.55,87.24,0.9255,2,2,-1
418,17,1076.98,466.15,49.65,89.73,0.9253,1,3,-1
418,18,996.45,595.83,49.20,115.38,0.9290,2,2,-1
418,20,1119.75,598.00,43.18,124.44,0.9349,2,1,-1
418,21,1234.58,498.87,59.28,95.40,0.9281,2,2,-1
418,22,1386.66,400.05,29.42,59.55,0.8794,2,1,-1
418,24,1533.82,486.90,58.00,92.07,0.9322,2,1,-1
418,25,1365.76,439.53,30.37,75.84,0.8996,2,1,-1
418,26,1648.28,474.08,59.96,84.09,0.9469,2,2,-1
418,28,1747.85,599.17,54.27,123.70,0.9314,2,1,-1
418,30,1845.29,546.27,66.86,115.63,0.9436,2,-1,-1
419,1,732.25,426.79,35.35,70.34,0.9157,2,2,-1
419,13,248.81,818.00,83.35,178.77,0.9417,2,2,-1
419,14,264.72,438.95,51.12,83.32,0.8688,2,1,-1
419,15,1275.73,367.49,40.11,59.36,0.8078,2,2,-1
419,16,484.82,481.18,48.59,88.30,0.9276,2,2,-1
419,17,1068.52,469.85,46.23,89.10,0.9168,1,3,-1
419,18,982.91,595.29,49.47,117.26,0.9331,2,2,-1
419,20,1102.79,598.91,44.33,128.01,0.9265,2,1,-1
419,21,1229.81,501.20,56.81,95.21,0.9200,2,2,-1
419,22,1375.94,400.55,33.99,60.21,0.8859,2,1,-1
419,24,1523.00,488.01,61.14,90.10,0.8993,2,1,-1
419,25,1354.11,441.33,30.89,75.38,0.8874,2,1,-1
419,26,1641.01,474.77,62.42,84.86,0.9380,2,2,-1
419,28,1736.98,597.44,55.29,127.64,0.9316,2,1,-1
419,29,1793.43,895.20,66.99,96.06,0.5616,2,1,-1
419,30,1834.54,546.62,68.33,109.56,0.9474,2,2,-1
420,1,715.82,425.36,38.97,73.35,0.9207,2,2,-1
420,13,231.99,822.73,80.58,176.69,0.9441,2,2,-1
420,14,246.06,438.93,54.45,84.98,0.8994,2,1,-1
420,15,1271.41,370.07,34.27,59.24,0.7663,2,2,-1
420,16,468.38,482.22,52.86,88.85,0.9242,2,2,-1
420,17,1058.18,471.56,45.67,89.34,0.9295,1,3,-1
420,18,970.01,594.79,51.11,118.71,0.9215,2,2,-1
420,20,1088.25,599.84,44.48,127.15,0.9251,2,1,-1
420,21,1227.83,504.40,50.88,94.06,0.9056,2,2,-1
420,22,1364.39,400.77,36.13,59.20,0.8925,2,1,-1
420,24,1510.53,488.49,71.39,91.44,0.9250,2,1,-1
420,25,1338.24,441.58,35.86,75.92,0.9103,2,1,-1
420,26,1638.27,476.09,59.32,86.96,0.9330,2,2,-1
420,28,1726.65,595.55,55.38,129.90,0.9302,2,1,-1
420,29,1753.66,922.12,88.54,128.97,0.5531,2,1,-1
420,30,1825.01,547.65,69.80,107.19,0.9406,2,2,-1
421,1,699.65,426.81,43.13,73.18,0.9250,2,2,-1
421,13,217.93,828.70,74.33,172.93,0.9326,2,2,-1
421,14,228.11,438.46,57.20,85.74,0.9224,2,1,-1
421,15,1267.97,371.44,27.97,58.63,0.8785,2,2,-1
421,16,451.18,483.50,59.60,90.40,0.9382,2,2,-1
421,17,1047.76,473.92,43.10,87.89,0.9340,1,3,-1
421,18,954.58,595.43,55.07,122.28,0.9338,2,2,-1
421,20,1072.04,599.43,45.53,126.65,0.9339,2,1,-1
421,21,1219.97,505.56,50.20,94.57,0.9218,2,2,-1
421,22,1353.54,400.74,36.72,58.83,0.8894,2,1,-1
421,24,1503.06,489.17,75.31,91.00,0.9449,2,1,-1
421,25,1322.44,441.56,41.15,76.99,0.9145,2,1,-1
421,26,1639.35,478.24,56.34,86.32,0.9217,2,2,-1
421,28,1715.80,595.98,54.78,127.30,0.9297,2,1,-1
421,30,1816.31,549.86,70.19,107.53,0.9413,2,2,-1
422,1,683.34,428.21,49.19,72.04,0.9236,2,2,-1
422,13,201.94,832.23,69.39,174.56,0.9414,2,2,-1
422,14,208.26,439.55,60.42,86.57,0.9338,2,1,-1
422,15,1258.60,378.02,32.00,53.17,0.8983,2,2,-1
422,16,436.25,485.51,59.80,87.58,0.9334,2,2,-1
422,17,1033.73,473.56,43.97,90.04,0.9334,1,3,-1
422,18,942.41,597.06,55.63,118.33,0.9378,2,2,-1
422,20,1055.02,600.17,47.20,128.56,0.9284,2,1,-1
422,21,1206.37,505.88,53.30,95.60,0.9301,2,2,-1
422,22,1339.11,405.21,39.50,59.23,0.8945,2,1,-1
422,24,1497.27,490.79,75.88,91.55,0.9067,2,1,-1
422,25,1309.57,441.89,45.36,75.34,0.9141,2,1,-1
422,26,1640.79,479.54,50.18,85.73,0.9283,2,2,-1
422,28,1706.62,595.80,52.70,123.58,0.9370,2,1,-1
422,30,1811.64,552.07,66.69,108.23,0.9370,2,2,-1
423,1,668.21,430.15,51.04,70.98,0.9209,2,2,-1
423,13,188.65,832.55,63.50,176.19,0.9365,2,2,-1
423,14,192.74,440.37,63.79,88.13,0.9313,2,1,-1
423,15,1249.91,375.66,37.42,55.24,0.8569,2,2,-1
423,16,425.09,487.64,57.06,88.05,0.9288,2,2,-1
423,17,1020.69,473.15,43.97,89.84,0.9287,1,3,-1
423,18,930.34,600.28,54.91,114.60,0.9378,2,2,-1
423,20,1040.42,601.38,46.47,127.22,0.9110,2,1,-1
423,21,1192.25,504.63,55.71,99.45,0.9382,2,2,-1
423,22,1328.04,406.65,36.28,52.23,0.8868,2,-1,-1
423,24,1497.40,491.93,74.38,93.23,0.9173,2,1,-1
423,25,1299.93,443.74,45.25,72.50,0.8991,2,1,-1
423,26,1631.25,479.11,54.42,87.14,0.9292,2,2,-1
423,28,1697.09,597.61,50.49,122.20,0.9350,2,1,-1
423,30,1805.90,553.58,66.26,107.51,0.9349,2,2,-1
424,1,656.42,430.93,47.85,73.17,0.9064,2,2,-1
424,13,174.36,838.25,60.41,176.81,0.9371,2,2,-1
424,14,176.72,442.17,62.07,89.06,0.8989,2,1,-1
424,15,1242.17,372.10,44.01,60.74,0.8705,2,2,-1
424,16,416.02,489.80,53.03,88.43,0.9163,2,2,-1
424,17,1006.56,471.96,46.18,92.23,0.9313,1,3,-1
424,18,920.28,603.65,52.21,114.11,0.9257,2,2,-1
424,20,1022.27,601.75,49.34,128.26,0.9252,2,1,-1
424,21,1179.93,503.89,58.27,97.35,0.9366,2,2,-1
424,22,1315.96,406.80,38.88,54.77,0.8808,2,-1,-1
424,24,1499.38,494.25,69.21,92.79,0.9266,2,1,-1
424,25,1292.39,444.86,44.28,75.82,0.8456,2,1,-1
424,26,1619.64,478.22,61.17,88.71,0.9398,2,2,-1
424,28,1688.09,599.82,47.59,121.89,0.9387,2,1,-1
424,30,1793.98,553.36,69.91,108.42,0.9362,2,2,-1
425,1,647.52,432.47,44.62,73.99,0.9043,2,2,-1
425,13,158.49,842.52,59.34,176.85,0.9248,2,2,-1
425,14,165.45,445.64,55.22,89.14,0.9087,2,1,-1
425,15,1242.00,390.11,33.42,45.35,0.7155,2,2,-1
425,16,409.08,491.23,48.25,87.50,0.9154,2,2,-1
425,17,992.66,472.55,47.33,91.39,0.9383,1,3,-1
425,18,913.56,607.05,45.75,112.77,0.9381,2,2,-1
425,20,1005.01,603.60,52.04,130.36,0.9328,2,1,-1
425,21,1168.12,503.83,60.63,96.50,0.9380,2,2,-1
425,22,1302.87,407.36,40.41,57.40,0.8930,2,-1,-1
425,24,1505.10,495.89,61.87,91.90,0.8758,2,1,-1
425,25,1284.34,447.09,40.15,75.47,0.8747,2,1,-1
425,26,1609.65,478.07,64.42,86.52,0.9389,2,2,-1
425,28,1677.75,601.56,46.84,123.11,0.9394,2,1,-1
425,30,1783.35,551.92,70.40,107.56,0.9383,2,2,-1
426,1,638.92,434.88,41.81,73.47,0.8934,2,2,-1
426,13,137.64,847.19,62.71,178.33,0.9310,2,2,-1
426,14,157.60,447.31,46.08,89.22,0.8995,2,1,-1
426,15,1242.56,380.18,31.25,55.68,0.8686,2,2,-1
426,16,391.67,491.10,49.91,90.68,0.9285,2,2,-1
426,17,979.20,473.41,48.42,90.41,0.9400,1,3,-1
426,18,897.89,608.59,47.69,113.79,0.9379,2,2,-1
426,20,988.94,606.58,52.48,130.61,0.9221,2,1,-1
426,21,1158.49,504.70,61.53,97.72,0.9330,2,2,-1
426,22,1290.11,406.29,43.20,58.16,0.8804,2,-1,-1
426,24,1496.73,494.28,63.75,95.14,0.9217,2,1,-1
426,25,1275.55,448.46,38.34,74.87,0.8565,2,1,-1
426,26,1603.88,478.71,63.77,87.52,0.9252,2,2,-1
426,28,1665.34,603.04,47.88,121.54,0.9425,2,1,-1
426,30,1772.06,550.87,75.51,111.80,0.9374,2,2,-1
427,1,626.69,436.04,40.88,73.44,0.9116,2,2,-1
427,13,114.06,852.98,73.85,180.29,0.9257,2,2,-1
427,14,147.11,447.52,44.03,89.59,0.8729,2,1,-1
427,15,1235.38,380.22,33.95,54.93,0.8444,2,2,-1
427,16,374.10,490.96,54.00,90.69,0.9291,2,2,-1
427,17,968.71,475.69,45.71,91.89,0.9185,1,3,-1
427,18,881.75,608.60,52.01,116.50,0.9437,2,2,-1
427,20,971.32,609.02,52.45,130.86,0.9190,2,1,-1
427,21,1149.37,506.20,59.76,100.45,0.9192,2,2,-1
427,22,1278.99,406.01,44.42,60.99,0.8705,2,-1,-1
427,24,1486.25,492.42,68.25,95.37,0.9110,2,1,-1
427,25,1262.03,446.63,40.08,77.40,0.8367,2,1,-1
427,26,1603.56,480.14,56.81,87.53,0.9193,2,2,-1
427,28,1650.15,602.78,51.95,120.91,0.9343,2,1,-1
427,30,1763.19,550.39,75.59,107.77,0.9377,2,2,-1
427,32,1730.19,895.08,92.12,160.62,0.8539,2,-1,-1
428,1,608.22,435.20,43.63,75.74,0.9076,2,2,-1
428,13,86.22,854.45,93.45,182.46,0.9287,2,2,-1
428,14,125.94,446.67,47.19,93.01,0.9130,2,1,-1
428,15,1223.53,376.82,41.22,58.65,0.8780,2,2,-1
428,16,355.82,491.37,58.35,91.45,0.9354,2,2,-1
428,17,956.89,478.72,43.71,90.60,0.7773,1,3,-1
428,18,864.73,607.85,56.93,119.05,0.9398,2,2,-1
428,20,953.76,611.33,52.81,130.40,0.9318,2,1,-1
428,21,1143.38,508.59,55.48,100.30,0.9086,2,2,-1
428,22,1270.96,404.15,45.41,65.91,0.8388,2,-1,-1
428,24,1477.92,492.16,73.16,94.64,0.9311,2,1,-1
428,25,1250.91,451.46,40.34,71.41,0.8617,2,1,-1
428,26,1606.45,482.20,46.83,88.06,0.9142,2,2,-1
428,28,1631.98,601.78,58.81,124.03,0.9409,2,1,-1
428,30,1756.70,551.16,72.49,108.21,0.9369,2,2,-1
428,32,1716.29,895.08,99.89,165.98,0.8703,2,-1,-1
428,0,1631.15,706.52,17.60,19.89,1.0,0,-1,-1
429,1,591.83,433.88,44.06,76.70,0.9191,2,2,-1
429,13,60.44,864.73,104.77,180.86,0.9285,2,2,-1
429,14,104.18,447.33,52.77,91.63,0.9322,2,1,-1
429,15,1230.99,376.35,30.25,49.19,0.8088,2,2,-1
429,16,341.48,492.46,60.90,91.33,0.9334,2,2,-1
429,17,949.82,480.86,35.98,91.05,0.9200,1,3,-1
429,18,849.10,608.29,61.42,118.35,0.9365,2,2,-1
429,20,937.08,614.05,53.10,126.39,0.9124,2,1,-1
429,21,1138.99,511.10,48.51,99.56,0.9218,2,2,-1
429,22,1260.73,405.45,47.33,67.70,0.8869,2,-1,-1
429,24,1470.98,492.92,76.62,98.25,0.8856,2,1,-1
429,25,1237.53,454.15,42.18,65.97,0.8850,2,1,-1
429,26,1599.98,483.75,45.42,86.96,0.9307,2,2,-1
429,28,1616.14,600.43,63.80,125.62,0.9385,2,1,-1
429,30,1755.55,552.95,65.25,108.49,0.9130,2,2,-1
429,32,1751.56,898.06,63.81,106.08,0.5905,2,-1,-1
429,0,1615.60,703.33,17.77,23.95,1.0,0,-1,-1
430,1,574.66,434.51,47.70,76.27,0.9253,2,2,-1
430,13,36.79,866.94,109.17,183.72,0.9216,2,2,-1
430,14,83.39,449.39,57.95,91.75,0.9331,2,1,-1
430,15,1222.37,376.99,31.21,55.88,0.7649,2,2,-1
430,16,330.03,494.47,59.01,92.11,0.9290,2,2,-1
430,17,935.44,481.93,36.33,91.19,0.9156,1,3,-1
430,18,834.12,609.53,67.13,117.46,0.9413,2,2,-1
430,20,919.51,614.48,53.68,128.59,0.9211,2,1,-1
430,21,1135.02,512.58,42.13,99.84,0.9227,2,2,-1
430,22,1255.33,407.67,40.69,54.86,0.8588,2,-1,-1
430,24,1465.89,492.95,77.86,102.67,0.9130,2,1,-1
430,25,1226.06,446.41,49.18,75.21,0.8853,2,1,-1
430,26,1585.15,483.39,53.71,87.11,0.9362,2,2,-1
430,28,1603.79,600.48,66.72,119.46,0.9389,2,1,-1
430,30,1753.47,553.82,55.69,108.10,0.9311,2,2,-1
430,32,1717.09,898.57,98.42,166.75,0.7672,2,1,-1
431,1,559.64,435.16,50.28,76.13,0.9268,2,2,-1
431,13,12.11,874.86,112.61,182.17,0.9260,2,2,-1
431,14,64.41,450.01,68.31,91.42,0.9341,2,1,-1
431,15,1219.38,378.84,29.33,63.01,0.8783,2,2,-1
431,16,320.03,497.01,54.90,92.95,0.9186,2,2,-1
431,17,918.80,480.60,40.89,93.16,0.9300,1,3,-1
431,18,821.02,611.01,69.68,116.99,0.9426,2,2,-1
431,20,903.82,615.01,53.17,130.64,0.9244,2,1,-1
431,21,1121.15,511.66,47.33,101.65,0.9340,2,2,-1
431,22,1242.01,406.72,43.03,62.36,0.8629,2,2,-1
431,24,1468.50,495.04,72.51,102.31,0.8918,2,1,-1
431,25,1219.27,445.31,46.95,78.82,0.8671,2,1,-1
431,26,1575.25,482.54,61.28,87.40,0.9376,2,2,-1
431,28,1594.78,601.18,66.80,118.55,0.9408,2,1,-1
431,30,1742.05,554.40,58.30,107.99,0.9366,2,2,-1
431,32,1736.73,898.06,74.51,122.89,0.8972,2,1,-1
432,1,547.57,436.78,48.12,76.62,0.9051,2,2,-1
432,13,-0.89,877.67,108.35,181.31,0.9189,2,2,-1
432,14,46.55,449.89,72.63,95.01,0.9267,2,1,-1
432,16,314.34,499.05,46.98,92.32,0.9203,2,2,-1
432,17,904.16,479.99,44.35,95.05,0.9301,1,3,-1
432,18,810.88,613.43,67.59,116.59,0.9383,2,2,-1
432,20,886.97,615.20,54.03,132.22,0.9234,2,1,-1
432,21,1106.71,511.30,53.28,103.76,0.9393,2,2,-1
432,22,1228.18,407.30,42.72,57.43,0.8583,2,2,-1
432,24,1473.66,499.13,66.54,99.62,0.7880,2,1,-1
432,25,1215.26,449.16,41.50,75.27,0.8174,2,1,-1
432,26,1569.17,482.49,64.68,87.15,0.9343,2,2,-1
432,28,1589.42,602.55,63.98,120.18,0.9366,2,1,-1
432,30,1728.02,552.52,66.25,113.64,0.9451,2,2,-1
432,32,1744.09,895.02,64.27,106.15,0.8248,2,1,-1
433,1,537.34,439.69,43.44,77.15,0.8958,2,2,-1
433,13,-8.22,882.45,92.07,179.79,0.8757,2,2,-1
433,14,30.62,454.57,68.23,92.97,0.9175,2,1,-1
433,15,1207.87,379.59,26.60,53.73,0.7576,2,2,-1
433,16,301.76,500.65,45.79,92.40,0.9252,2,2,-1
433,17,888.57,479.25,47.72,97.32,0.9276,1,3,-1
433,18,804.57,616.71,64.67,117.09,0.9323,2,2,-1
433,20,871.49,615.55,53.99,129.91,0.9343,2,1,-1
433,21,1093.48,510.10,58.20,103.13,0.9423,2,2,-1
433,22,1226.16,406.75,38.77,55.85,0.8503,2,2,-1
433,24,1478.30,499.21,57.94,100.48,0.9213,2,1,-1
433,25,1207.36,452.28,37.79,74.36,0.8857,2,1,-1
433,26,1567.42,483.03,61.48,89.93,0.9245,2,2,-1
433,28,1586.22,603.91,58.39,120.57,0.9372,2,1,-1
433,30,1715.33,551.79,73.05,109.20,0.9410,2,2,-1
433,32,1723.81,892.15,79.24,115.05,0.8097,2,1,-1
433,33,1904.97,668.47,13.43,98.89,0.7136,2,-1,-1
433,0,1212.42,444.89,15.61,14.27,1.0,0,-1,-1
434,1,528.33,441.44,37.38,77.94,0.8900,2,2,-1
434,13,-13.12,886.26,76.83,183.57,0.8370,2,2,-1
434,14,17.27,456.53,60.24,93.10,0.9189,2,1,-1
434,16,281.44,500.34,53.91,93.71,0.9364,2,2,-1
434,17,872.49,479.31,50.47,94.10,0.9344,1,3,-1
434,18,798.20,618.99,58.58,116.73,0.9374,2,2,-1
434,20,854.73,615.72,52.02,132.67,0.9197,2,1,-1
434,21,1082.26,510.85,62.16,100.26,0.9423,2,2,-1
434,22,1216.54,410.46,36.12,50.58,0.8594,2,2,-1
434,24,1468.45,500.17,66.48,97.28,0.9398,2,1,-1
434,25,1193.07,453.65,39.61,74.42,0.8868,2,1,-1
434,26,1568.67,484.79,59.54,89.87,0.9306,2,2,-1
434,28,1576.97,605.19,57.07,120.17,0.9395,2,1,-1
434,30,1706.96,551.74,75.28,105.60,0.9446,2,2,-1
434,32,1709.12,886.44,104.97,165.20,0.8585,2,1,-1
434,33,1893.43,662.60,23.92,113.60,0.8649,2,-1,-1
434,0,1462.28,587.10,17.14,14.86,1.0,0,-1,-1
435,1,515.91,443.20,33.27,76.81,0.9049,2,2,-1
435,13,-6.13,890.20,43.79,126.88,0.8400,2,2,-1
435,14,7.20,458.87,54.63,93.67,0.9073,2,1,-1
435,16,261.98,501.01,59.02,94.44,0.9377,2,2,-1
435,17,857.66,480.57,52.85,93.72,0.9384,1,3,-1
435,18,791.22,619.54,53.08,120.04,0.9296,2,2,-1
435,20,839.18,617.72,48.95,133.14,0.9167,2,1,-1
435,21,1071.39,512.08,65.26,102.46,0.9337,2,2,-1
435,22,1207.82,412.67,35.70,49.47,0.8414,2,2,-1
435,24,1455.33,501.55,77.25,97.14,0.9440,2,1,-1
435,25,1178.39,452.23,45.32,76.40,0.9159,2,1,-1
435,26,1572.88,486.15,53.12,90.09,0.9232,2,2,-1
435,28,1565.67,605.25,57.98,118.06,0.9257,2,1,-1
435,30,1700.27,553.10,76.33,106.14,0.9261,2,2,-1
435,32,1727.02,886.47,85.89,167.85,0.8748,2,1,-1
435,33,1881.05,656.05,36.51,120.52,0.9030,2,-1,-1
435,0,1877.90,752.49,19.82,22.84,1.0,0,-1,-1
436,1,495.88,443.99,37.84,77.81,0.9193,2,2,-1
436,13,-10.69,895.05,33.20,117.31,0.7550,2,2,-1
436,14,2.64,460.95,42.24,72.73,0.7855,2,1,-1
436,16,243.28,502.08,67.37,93.92,0.9331,2,2,-1
436,17,843.60,483.63,54.06,92.83,0.9369,1,3,-1
436,18,774.72,619.50,52.44,121.85,0.9290,2,2,-1
436,20,822.54,618.90,46.54,133.94,0.8999,2,1,-1
436,21,1063.98,515.21,60.08,103.72,0.9213,2,2,-1
436,22,1197.30,412.10,35.47,50.90,0.8231,2,2,-1
436,24,1446.73,501.96,80.78,99.84,0.9383,2,1,-1
436,25,1165.22,454.31,47.62,70.71,0.9116,2,1,-1
436,26,1562.81,485.38,54.81,89.70,0.9289,2,2,-1
436,28,1551.16,604.40,63.13,123.89,0.9190,2,1,-1
436,30,1695.38,555.53,76.58,106.40,0.9234,2,2,-1
436,32,1722.85,890.39,85.10,169.02,0.6083,2,1,-1
436,33,1868.84,646.80,49.07,122.84,0.9236,2,-1,-1
436,0,1546.78,706.14,17.47,20.56,1.0,0,-1,-1
437,1,475.20,443.20,43.52,79.00,0.9191,2,2,-1
437,14,-5.36,461.14,36.55,67.74,0.7179,2,1,-1
437,16,225.60,503.86,72.23,93.12,0.9319,2,2,-1
437,17,832.46,486.65,52.35,93.76,0.9344,1,3,-1
437,18,758.76,619.57,54.77,125.47,0.9157,2,2,-1
437,20,803.34,622.12,45.39,134.50,0.8401,2,1,-1
437,21,1060.18,518.53,57.80,102.49,0.9248,2,2,-1
437,22,1184.75,409.47,39.44,54.49,0.8225,2,2,-1
437,24,1443.59,503.74,78.30,103.02,0.9127,2,1,-1
437,25,1154.59,454.07,49.64,71.14,0.8985,2,1,-1
437,26,1551.07,484.95,61.19,89.68,0.9402,2,2,-1
437,28,1536.48,604.59,69.01,122.56,0.9303,2,1,-1
437,30,1692.23,557.82,73.93,105.49,0.9154,2,2,-1
437,32,1711.39,893.14,86.80,172.39,0.5790,2,1,-1
437,33,1857.68,647.62,60.24,119.45,0.9310,2,2,-1
438,1,455.23,444.93,48.55,78.48,0.9196,2,2,-1
438,16,210.29,507.17,66.83,93.93,0.9342,2,2,-1
438,17,821.78,488.81,49.98,93.74,0.9270,1,3,-1
438,18,741.87,619.46,58.43,124.33,0.9148,2,2,-1
438,21,1056.34,520.41,51.61,102.30,0.9268,2,2,-1
438,22,1179.57,410.78,37.83,53.52,0.8305,2,2,-1
438,24,1445.03,505.41,75.86,103.18,0.7606,2,1,-1
438,25,1145.51,456.14,48.43,73.60,0.8800,2,1,-1
438,26,1540.77,485.36,64.67,88.59,0.9357,2,2,-1
438,28,1528.36,605.54,65.13,115.33,0.9329,2,1,-1
438,30,1690.96,558.99,67.83,107.04,0.9351,2,2,-1
438,32,1720.27,894.08,76.89,160.89,0.6876,2,1,-1
438,33,1851.30,649.91,65.48,120.12,0.9229,2,2,-1
439,1,436.85,446.14,54.40,77.74,0.9126,2,2,-1
439,16,201.01,509.55,61.87,95.47,0.9282,2,2,-1
439,17,810.26,491.44,48.52,93.11,0.9367,1,3,-1
439,18,725.82,621.86,58.24,122.61,0.8988,2,2,-1
439,21,1042.29,521.92,52.87,103.06,0.9259,2,2,-1
439,22,1170.15,408.87,39.06,58.31,0.8035,2,2,-1
439,24,1455.50,540.84,46.07,68.10,0.7828,2,1,-1
439,25,1138.12,456.81,46.12,75.58,0.8819,2,1,-1
439,26,1535.04,486.29,62.60,90.02,0.9142,2,2,-1
439,28,1524.46,606.34,58.46,116.23,0.9358,2,1,-1
439,30,1678.69,557.58,70.36,107.99,0.9302,2,2,-1
439,33,1849.79,651.41,61.49,120.00,0.9191,2,2,-1
440,1,420.15,448.22,54.84,78.87,0.9063,2,2,-1
440,16,195.70,511.21,55.11,95.44,0.9264,2,2,-1
440,17,795.04,493.06,48.22,92.70,0.9285,1,3,-1
440,20,713.69,623.15,76.09,144.15,0.9323,2,1,-1
440,21,1027.39,520.84,56.33,105.14,0.9347,2,2,-1
440,22,1167.00,408.65,33.33,56.60,0.8119,2,2,-1
440,24,1449.23,508.71,63.69,101.28,0.8647,2,1,-1
440,25,1133.05,461.06,40.92,72.70,0.8570,2,1,-1
440,26,1534.79,487.93,55.47,90.55,0.9087,2,2,-1
440,28,1514.45,609.78,56.77,116.31,0.9449,2,1,-1
440,30,1667.83,556.08,74.09,107.85,0.9354,2,2,-1
440,32,1701.00,888.36,85.82,171.08,0.7985,2,1,-1
440,33,1847.11,653.24,54.34,120.00,0.9372,2,2,-1
441,1,406.49,450.97,50.46,80.38,0.9046,2,2,-1
441,16,177.61,511.82,57.86,97.85,0.9270,2,2,-1
441,17,777.88,491.91,50.49,94.98,0.9323,1,3,-1
441,20,703.26,629.65,68.91,131.68,0.9271,2,1,-1
441,21,1011.49,520.93,60.49,105.63,0.9380,2,2,-1
441,22,1152.98,412.95,37.64,57.14,0.8660,2,2,-1
441,24,1437.74,507.87,68.02,102.84,0.8913,2,1,-1
441,25,1119.70,455.15,43.78,79.75,0.8852,2,1,-1
441,26,1540.24,490.13,44.50,89.94,0.9114,2,2,-1
441,28,1498.48,610.89,62.18,116.50,0.9352,2,1,-1
441,30,1656.92,557.05,76.71,107.67,0.9439,2,2,-1
441,32,1695.28,883.88,95.04,174.18,0.9391,2,1,-1
441,33,1835.79,654.29,55.23,120.23,0.9339,2,2,-1
442,1,396.28,453.82,46.77,79.87,0.9017,2,2,-1
442,16,156.60,512.75,63.62,99.46,0.9371,2,2,-1
442,17,762.81,492.08,53.01,98.83,0.9415,1,3,-1
442,20,696.13,633.30,59.02,137.20,0.9352,2,1,-1
442,21,998.76,520.99,62.51,105.02,0.9463,2,2,-1
442,22,1144.81,409.48,38.58,59.55,0.8590,2,2,-1
442,24,1431.79,508.31,73.12,100.28,0.9276,2,1,-1
442,25,1106.85,456.55,46.45,79.72,0.9038,2,1,-1
442,26,1530.56,492.53,46.60,89.55,0.9297,2,2,-1
442,28,1482.69,611.52,70.14,118.38,0.9473,2,1,-1
442,30,1651.08,558.02,77.47,110.47,0.9258,2,2,-1
442,32,1691.37,885.70,101.81,171.21,0.9308,2,1,-1
442,33,1820.27,652.64,61.56,124.45,0.9386,2,2,-1
442,0,1482.02,711.11,17.37,19.44,1.0,0,-1,-1
443,1,386.38,456.20,44.61,80.84,0.8995,2,2,-1
443,16,138.25,514.61,67.09,98.48,0.9369,2,2,-1
443,17,747.91,493.70,53.71,94.79,0.9396,1,3,-1
443,20,705.27,636.20,37.84,94.03,0.8291,2,1,-1
443,21,988.30,523.15,68.08,105.67,0.9371,2,2,-1
443,22,1134.52,411.55,41.32,59.71,0.8785,2,2,-1
443,24,1451.59,510.30,58.84,103.08,0.9083,2,1,-1
443,25,1092.81,456.18,50.86,78.20,0.9086,2,1,-1
443,26,1517.32,492.53,56.11,89.18,0.9421,2,2,-1
443,28,1468.31,611.40,76.39,119.81,0.9431,2,1,-1
443,30,1647.38,559.19,75.26,111.90,0.9249,2,2,-1
443,32,1690.18,887.96,98.61,172.04,0.8939,2,1,-1
443,33,1804.25,652.23,70.23,126.20,0.9434,2,2,-1
444,1,367.26,456.77,43.62,81.80,0.9084,2,2,-1
444,16,120.52,516.57,73.65,98.82,0.9372,2,2,-1
444,17,734.30,495.31,54.04,94.85,0.9388,1,3,-1
444,20,688.16,637.99,40.85,102.96,0.7760,2,1,-1
444,21,978.70,526.45,68.69,107.24,0.9310,2,2,-1
444,22,1123.59,414.49,44.71,58.43,0.9024,2,2,-1
444,24,1430.50,511.63,69.27,108.37,0.8970,2,1,-1
444,25,1082.50,456.86,52.77,78.13,0.9087,2,1,-1
444,26,1506.03,493.09,65.04,89.70,0.9391,2,2,-1
444,28,1458.35,610.98,79.50,115.51,0.9421,2,1,-1
444,30,1646.87,563.43,69.88,109.93,0.9070,2,2,-1
444,32,1689.73,891.06,98.14,176.97,0.8710,2,1,-1
444,33,1793.45,652.77,72.56,119.06,0.9469,2,2,-1
445,1,349.01,457.74,44.24,82.43,0.9192,2,2,-1
445,16,105.76,519.54,72.69,100.85,0.9290,2,2,-1
445,17,726.64,498.48,49.17,96.91,0.9040,1,3,-1
445,18,634.91,640.33,49.50,137.36,0.8735,2,2,-1
445,20,675.88,638.66,42.32,117.94,0.9186,2,1,-1
445,21,969.52,529.47,64.56,107.78,0.9181,2,2,-1
445,22,1113.29,412.16,48.44,63.95,0.8756,2,2,-1
445,25,1074.91,457.60,51.39,82.38,0.8866,2,1,-1
445,26,1501.02,494.72,67.66,90.22,0.9191,2,2,-1
445,28,1454.57,611.60,74.84,116.70,0.9431,2,1,-1
445,30,1648.45,564.19,61.93,111.73,0.9134,2,2,-1
445,32,1695.46,895.05,94.54,175.82,0.7841,2,1,-1
445,33,1784.16,654.32,73.36,117.32,0.9457,2,2,-1
446,1,327.83,458.15,48.93,83.40,0.9256,2,2,-1
446,16,95.90,523.83,63.40,99.98,0.9281,2,2,-1
446,17,715.68,502.00,43.81,96.26,0.9157,1,3,-1
446,20,654.28,639.08,50.20,124.44,0.9137,2,1,-1
446,21,963.99,532.46,55.05,107.12,0.9137,2,2,-1
446,22,1111.66,414.30,42.26,64.69,0.8543,2,2,-1
446,25,1072.92,460.32,42.54,82.64,0.8958,2,1,-1
446,26,1497.90,496.43,63.65,92.69,0.9165,2,2,-1
446,28,1451.56,611.86,70.04,119.39,0.9454,2,1,-1
446,30,1645.20,564.43,57.07,112.07,0.9347,2,2,-1
446,32,1708.46,895.42,78.70,137.98,0.9359,2,1,-1
446,33,1780.14,656.30,69.51,118.02,0.9309,2,2,-1
446,0,1192.04,437.99,12.22,13.41,1.0,0,-1,-1
447,1,308.25,459.51,55.38,83.87,0.9255,2,2,-1
447,16,88.62,527.37,53.92,101.96,0.9237,2,2,-1
447,17,702.81,505.14,41.33,96.05,0.9324,1,3,-1
447,20,635.67,640.34,59.53,125.83,0.9255,2,1,-1
447,21,960.71,534.70,46.23,108.08,0.9036,2,2,-1
447,22,1107.13,422.24,35.29,57.85,0.8671,2,2,-1
447,25,1063.59,462.77,39.85,81.62,0.9169,2,1,-1
447,26,1499.73,498.08,58.89,91.28,0.9181,2,2,-1
447,28,1451.78,612.75,62.20,120.46,0.9355,2,1,-1
447,30,1632.57,564.23,63.14,112.07,0.9371,2,2,-1
447,32,1700.34,892.63,88.75,161.41,0.7670,2,1,-1
447,33,1778.26,657.52,63.81,118.87,0.9337,2,2,-1
447,0,1188.74,447.11,11.88,13.37,1.0,0,-1,-1
448,1,292.62,462.68,54.56,84.50,0.9209,2,2,-1
448,16,80.10,528.39,48.69,100.80,0.9293,2,2,-1
448,17,688.27,506.44,41.45,96.08,0.9300,1,3,-1
448,20,615.69,644.40,70.83,127.14,0.9253,2,1,-1
448,21,954.91,535.10,40.34,109.64,0.9302,2,2,-1
448,22,1097.03,420.86,42.49,59.73,0.9010,2,2,-1
448,24,1427.04,517.48,62.03,110.64,0.9187,2,1,-1
448,25,1049.79,463.21,45.86,83.11,0.9144,2,1,-1
448,26,1503.96,499.12,51.30,91.29,0.9154,2,2,-1
448,28,1445.44,612.69,60.95,121.88,0.9000,2,1,-1
448,30,1619.03,564.90,71.75,112.76,0.9428,2,2,-1
448,32,1700.03,889.16,83.30,154.05,0.5565,2,1,-1
448,33,1776.39,657.22,59.03,120.68,0.9285,2,2,-1
448,0,1184.59,452.01,12.69,13.70,1.0,0,-1,-1
449,1,280.09,465.82,49.99,84.92,0.9023,2,2,-1
449,16,59.48,529.24,56.37,103.69,0.9252,2,2,-1
449,17,670.82,506.69,47.91,98.25,0.9355,1,3,-1
449,18,558.76,649.13,55.10,142.33,0.9347,2,2,-1
449,20,606.42,648.45,67.73,126.64,0.9176,2,1,-1
449,21,940.18,534.35,46.21,113.03,0.9299,2,2,-1
449,22,1086.81,419.89,42.22,59.35,0.8657,2,2,-1
449,24,1418.15,519.21,67.72,108.18,0.9236,2,1,-1
449,25,1034.39,463.61,51.64,83.08,0.9281,2,1,-1
449,26,1497.29,499.59,54.34,93.09,0.9316,2,2,-1
449,28,1432.88,610.15,65.27,128.15,0.9379,2,1,-1
449,30,1607.87,567.87,80.05,112.83,0.9462,2,2,-1
449,32,1695.24,928.90,76.30,137.59,0.6336,2,1,-1
449,33,1766.47,654.15,61.41,126.41,0.9370,2,2,-1
449,0,1179.23,448.26,13.07,13.93,1.0,0,-1,-1
450,1,270.11,470.66,43.34,82.95,0.9020,2,2,-1
450,16,38.31,531.09,67.77,105.48,0.9373,2,2,-1
450,17,654.58,506.63,54.24,102.85,0.9377,1,3,-1
450,18,539.38,653.75,56.15,142.74,0.9306,2,2,-1
450,20,594.45,652.63,69.09,124.48,0.9181,2,1,-1
450,21,926.87,535.35,51.69,113.96,0.9310,2,2,-1
450,22,1077.61,418.08,52.13,65.22,0.8849,2,2,-1
450,24,1409.60,520.02,76.89,107.66,0.9238,2,1,-1
450,25,1025.37,464.70,55.70,80.61,0.9229,2,1,-1
450,26,1489.47,499.61,58.24,92.35,0.9349,2,2,-1
450,28,1426.92,610.73,65.53,125.41,0.9322,2,1,-1
450,30,1603.74,567.40,85.10,115.36,0.9334,2,2,-1
450,32,1690.26,890.90,96.46,174.09,0.5820,2,1,-1
450,33,1757.33,653.33,65.60,130.93,0.9375,2,2,-1
450,0,1176.37,446.59,11.45,11.86,1.0,0,-1,-1
451,1,262.51,472.42,36.96,84.33,0.9061,2,2,-1
451,16,22.04,532.49,80.14,105.20,0.9450,2,2,-1
451,17,640.24,507.24,58.55,100.19,0.9407,1,3,-1
451,18,523.37,657.23,56.11,143.84,0.9369,2,2,-1
451,20,590.44,656.96,66.60,124.68,0.9299,2,1,-1
451,21,913.85,536.01,58.46,113.21,0.9327,2,2,-1
451,22,1102.75,416.85,41.32,56.80,0.8247,2,2,-1
451,24,1411.18,521.20,81.23,109.81,0.8175,2,1,-1
451,25,1018.76,466.29,57.14,81.95,0.9293,2,1,-1
451,26,1484.53,500.19,64.27,93.79,0.9295,2,2,-1
451,28,1421.84,610.77,66.43,119.78,0.9448,2,1,-1
451,30,1605.93,571.06,83.81,116.15,0.9164,2,2,-1
451,32,1693.58,890.83,94.56,175.91,0.8902,2,1,-1
451,33,1749.29,653.73,68.92,125.30,0.9441,2,2,-1
452,1,247.55,473.42,38.14,84.91,0.9256,2,2,-1
452,16,8.99,535.54,86.90,104.43,0.9451,2,2,-1
452,17,628.44,510.20,61.95,97.31,0.9346,1,3,-1
452,18,506.27,660.34,56.03,142.47,0.9369,2,2,-1
452,20,592.47,657.85,58.35,126.57,0.9363,2,1,-1
452,21,904.37,538.07,66.53,110.80,0.9374,2,2,-1
452,22,1080.13,428.33,41.15,61.69,0.7567,2,2,-1
452,24,1409.11,524.22,82.36,106.34,0.8074,2,1,-1
452,25,1014.93,468.62,52.53,84.20,0.9144,2,1,-1
452,26,1484.66,502.57,65.13,92.02,0.8959,2,2,-1
452,28,1419.21,612.73,65.43,120.87,0.9380,2,1,-1
452,30,1606.57,575.24,79.19,113.46,0.8560,2,2,-1
452,32,1704.42,894.29,91.19,180.48,0.8724,2,1,-1
452,33,1744.09,654.42,68.50,117.90,0.9413,2,2,-1
452,0,1168.76,441.75,13.67,13.30,1.0,0,-1,-1
453,1,230.25,474.21,43.77,86.14,0.9282,2,2,-1
453,16,0.45,539.22,80.34,105.12,0.9323,2,2,-1
453,17,617.92,512.39,62.77,97.61,0.9352,1,3,-1
453,18,489.91,662.93,55.72,140.41,0.9373,2,2,-1
453,20,580.75,657.09,60.79,130.14,0.9378,2,1,-1
453,21,895.92,540.70,69.83,110.86,0.9406,2,2,-1
453,22,1077.72,428.13,41.32,63.50,0.8615,2,2,-1
453,24,1411.69,527.23,80.30,106.20,0.7700,2,1,-1
453,25,1014.24,470.90,47.68,84.07,0.8989,2,1,-1
453,26,1487.75,506.42,59.22,93.25,0.8801,2,2,-1
453,28,1421.79,612.19,67.36,124.44,0.8921,2,1,-1
453,30,1616.19,576.22,80.53,114.76,0.9038,2,2,-1
453,32,1721.94,895.15,74.41,145.33,0.7520,2,1,-1
453,33,1740.00,655.07,69.14,120.64,0.9372,2,2,-1
453,0,1167.05,440.15,12.49,12.98,1.0,0,-1,-1
454,1,213.34,474.87,51.09,86.45,0.9365,2,2,-1
454,16,-1.41,542.95,68.24,104.06,0.9174,2,2,-1
454,17,611.96,515.90,61.66,99.38,0.9321,1,3,-1
454,18,474.65,664.90,56.92,146.29,0.9420,2,2,-1
454,20,566.94,657.23,65.01,133.88,0.9411,2,1,-1
454,21,889.70,544.26,66.26,112.84,0.9220,2,2,-1
454,22,1069.04,415.59,49.10,76.35,0.9019,2,2,-1
454,24,1432.54,528.47,67.68,109.25,0.7757,2,1,-1
454,25,1015.85,471.25,42.02,85.68,0.8757,2,1,-1
454,26,1498.86,507.46,45.01,94.53,0.8950,2,2,-1
454,28,1421.30,611.20,57.36,127.21,0.8748,2,1,-1
454,30,1621.11,576.77,72.70,116.19,0.9237,2,2,-1
454,32,1746.52,896.94,47.54,90.30,0.6711,2,1,-1
454,33,1739.85,657.65,64.33,119.93,0.9208,2,2,-1
455,1,200.30,477.21,58.11,85.72,0.9331,2,2,-1
455,16,3.84,544.52,56.79,105.04,0.9182,2,2,-1
455,17,607.78,519.39,59.33,97.70,0.9359,1,3,-1
455,18,458.68,666.74,57.42,145.52,0.9403,2,2,-1
455,20,556.13,657.63,68.60,134.16,0.9364,2,-1,-1
455,21,889.29,549.05,60.85,110.55,0.9270,2,2,-1
455,22,1062.91,416.00,57.13,77.33,0.9255,2,2,-1
455,25,1008.37,470.84,41.04,87.17,0.9182,2,1,-1
455,26,1500.35,508.74,37.59,94.25,0.9083,2,2,-1
455,28,1419.88,617.25,50.19,122.82,0.9123,2,1,-1
455,30,1612.40,575.19,73.94,120.33,0.9324,2,2,-1
455,32,1709.75,894.00,88.38,182.25,0.7794,2,1,-1
455,33,1741.51,659.24,55.61,120.96,0.9175,2,2,-1
455,0,1418.75,724.44,19.47,17.76,1.0,0,-1,-1
456,1,188.01,479.57,61.64,85.90,0.9330,2,2,-1
456,16,0.37,545.13,53.76,105.92,0.9286,2,2,-1
456,17,608.96,522.23,52.70,98.01,0.9226,1,3,-1
456,18,445.09,668.12,57.22,143.24,0.9370,2,2,-1
456,20,546.53,660.65,75.41,128.47,0.9563,2,2,-1
456,21,889.73,550.49,55.91,111.33,0.9142,2,2,-1
456,22,1060.77,416.07,60.05,79.44,0.8703,2,2,-1
456,25,1000.35,470.16,44.06,88.08,0.9189,2,1,-1
456,26,1492.31,507.30,44.78,96.83,0.9281,2,2,-1
456,28,1408.23,615.89,56.28,127.01,0.9340,2,1,-1
456,30,1606.62,576.24,74.92,117.93,0.9314,2,2,-1
456,32,1708.35,890.66,85.82,180.05,0.9417,2,1,-1
456,33,1738.42,658.81,51.68,122.21,0.9265,2,2,-1
456,0,1161.10,442.14,11.91,12.15,1.0,0,-1,-1
457,1,178.71,482.31,56.34,84.82,0.8983,2,2,-1
457,16,-1.35,545.44,47.51,102.22,0.9091,2,2,-1
457,17,601.79,523.64,50.83,97.02,0.9282,1,3,-1
457,18,429.81,668.41,57.23,145.38,0.9337,2,2,-1
457,20,540.76,662.98,73.58,128.37,0.9346,2,2,-1
457,21,887.29,551.01,50.07,112.42,0.9300,2,2,-1
457,22,1063.23,416.09,52.91,72.48,0.8398,2,2,-1
457,25,992.34,470.65,47.15,85.29,0.9326,2,1,-1
457,26,1485.84,506.69,51.38,96.50,0.9147,2,2,-1
457,28,1397.54,619.69,65.09,121.72,0.9385,2,1,-1
457,30,1601.02,576.14,77.84,117.78,0.9339,2,2,-1
457,32,1705.61,888.79,95.39,176.24,0.9332,2,1,-1
457,33,1736.30,657.19,47.71,124.66,0.9291,2,2,-1
458,1,171.09,484.64,52.78,85.47,0.9074,2,2,-1
458,16,-1.97,545.42,40.32,105.53,0.9178,2,2,-1
458,17,588.62,523.20,52.91,97.89,0.9282,1,3,-1
458,18,413.59,669.05,57.79,147.72,0.9387,2,-1,-1
458,20,535.90,667.08,70.59,128.55,0.9231,2,2,-1
458,21,877.17,549.48,50.95,115.17,0.9321,2,2,-1
458,22,1069.37,432.15,42.76,68.64,0.8352,2,2,-1
458,25,986.30,470.64,52.71,84.77,0.9244,2,1,-1
458,26,1484.53,506.38,56.39,96.60,0.9023,2,2,-1
458,28,1390.10,617.76,71.90,119.31,0.9363,2,1,-1
458,30,1599.52,576.24,80.35,120.37,0.9100,2,2,-1
458,32,1705.12,887.95,101.30,176.93,0.9071,2,1,-1
458,33,1729.13,654.56,48.25,127.96,0.9336,2,2,-1
458,38,1446.41,530.83,48.87,109.35,0.8680,2,-1,-1
459,1,167.42,487.25,47.80,85.19,0.9053,2,2,-1
459,16,-1.18,546.55,35.82,107.06,0.9174,2,2,-1
459,17,576.45,521.89,56.01,102.74,0.9351,1,3,-1
459,18,396.09,671.80,57.57,147.70,0.9360,2,1,-1
459,20,536.00,670.46,64.78,128.11,0.9261,2,2,-1
459,21,864.10,549.02,53.39,116.86,0.9309,2,2,-1
459,22,1067.89,430.54,37.53,70.66,0.8744,2,2,-1
459,25,982.45,471.59,54.71,85.12,0.9236,2,1,-1
459,26,1483.95,507.15,62.75,96.13,0.8995,2,2,-1
459,28,1386.34,618.72,72.23,116.29,0.9360,2,1,-1
459,30,1599.48,578.02,77.42,121.79,0.9212,2,2,-1
459,32,1708.47,891.85,87.77,151.05,0.8469,2,1,-1
459,33,1716.53,652.79,55.09,132.52,0.9409,2,2,-1
459,38,1443.52,530.41,50.10,115.74,0.8871,2,-1,-1
459,0,1151.99,446.92,12.66,11.97,1.0,0,-1,-1
460,1,155.64,487.24,47.11,86.38,0.9219,2,2,-1
460,16,-6.94,549.37,31.37,108.06,0.7945,2,2,-1
460,17,563.88,521.57,59.31,99.67,0.9346,1,3,-1
460,18,379.58,671.71,57.02,151.16,0.9334,2,1,-1
460,20,537.84,672.04,52.88,128.56,0.9277,2,2,-1
460,21,852.25,549.17,56.55,113.31,0.9320,2,2,-1
460,22,1060.87,430.79,39.96,70.69,0.8795,2,2,-1
460,25,980.33,473.42,51.50,87.42,0.9230,2,1,-1
460,26,1492.56,508.52,54.79,98.43,0.8828,2,2,-1
460,28,1385.78,619.69,66.14,118.51,0.9259,2,1,-1
460,30,1611.85,581.08,64.63,120.20,0.9028,2,2,-1
460,32,1709.68,894.43,95.39,177.34,0.8712,2,1,-1
460,33,1707.78,651.50,58.65,129.61,0.9380,2,2,-1
460,38,1440.77,531.29,49.43,118.39,0.8121,2,-1,-1
460,0,1057.05,488.42,13.66,15.21,1.0,0,-1,-1
461,1,138.27,486.65,49.66,89.82,0.9298,2,2,-1
461,17,552.82,522.96,62.05,99.22,0.9355,1,3,-1
461,18,362.03,676.21,57.52,148.13,0.9243,2,1,-1
461,20,525.82,672.16,57.12,130.94,0.9392,2,2,-1
461,21,841.46,549.76,60.04,111.67,0.9339,2,2,-1
461,22,1057.91,431.16,44.32,66.49,0.8838,2,2,-1
461,25,978.41,475.10,46.21,88.55,0.9030,2,1,-1
461,26,1495.31,511.49,50.03,97.58,0.8945,2,2,-1
461,28,1388.17,616.39,61.05,124.78,0.9004,2,1,-1
461,30,1618.72,582.40,51.78,119.80,0.9246,2,2,-1
461,32,1725.56,894.85,74.92,125.70,0.8800,2,1,-1
461,33,1699.83,651.24,63.08,128.81,0.9382,2,2,-1
461,38,1439.33,534.71,47.90,118.21,0.5755,2,1,-1
461,0,1143.95,452.85,11.99,13.80,1.0,0,-1,-1
462,1,121.78,486.51,52.68,89.05,0.9336,2,2,-1
462,17,551.44,524.63,55.13,101.85,0.9074,1,3,-1
462,18,345.32,678.58,57.95,149.65,0.9219,2,1,-1
462,20,510.50,671.11,66.34,133.64,0.9428,2,2,-1
462,21,833.32,551.82,60.52,113.68,0.9310,2,2,-1
462,22,1052.73,430.60,49.18,71.93,0.8423,2,2,-1
462,25,973.74,476.75,38.59,88.56,0.9073,2,1,-1
462,26,1493.02,513.62,50.80,96.32,0.9173,2,2,-1
462,28,1389.72,615.88,53.10,124.43,0.9233,2,1,-1
462,30,1610.92,581.53,52.88,120.86,0.9272,2,2,-1
462,33,1692.63,653.27,66.84,125.24,0.9458,2,2,-1
462,38,1442.29,536.08,41.37,115.96,0.8754,2,1,-1
462,0,1139.05,458.44,12.39,11.88,1.0,0,-1,-1
463,1,105.31,487.25,57.48,88.94,0.9339,2,2,-1
463,17,543.13,527.96,50.34,99.91,0.9359,1,3,-1
463,18,327.11,680.85,58.83,150.18,0.9270,2,1,-1
463,20,497.45,671.10,72.54,135.39,0.9452,2,2,-1
463,21,828.56,555.19,59.20,113.95,0.9239,2,2,-1
463,22,1047.12,431.74,47.87,72.05,0.8325,2,2,-1
463,25,966.36,477.45,34.70,87.36,0.8926,2,1,-1
463,26,1486.04,514.33,54.09,97.12,0.9315,2,2,-1
463,28,1383.09,613.09,56.53,128.69,0.9313,2,1,-1
463,30,1600.66,580.13,60.88,123.20,0.9449,2,2,-1
463,33,1688.13,655.24,70.34,123.42,0.9383,2,2,-1
463,38,1436.21,536.65,48.20,107.48,0.9001,2,1,-1
463,0,1135.25,462.86,12.59,14.06,1.0,0,-1,-1
464,1,93.20,489.37,59.60,88.31,0.9280,2,2,-1
464,17,539.47,530.49,45.34,99.76,0.9269,1,3,-1
464,18,308.75,682.63,59.59,149.75,0.9257,2,1,-1
464,20,485.98,671.96,83.07,134.37,0.9463,2,2,-1
464,21,829.22,559.83,52.78,111.37,0.9232,2,2,-1
464,22,1050.95,432.87,37.30,73.40,0.8784,2,2,-1
464,25,956.26,477.42,40.72,89.00,0.9321,2,1,-1
464,26,1480.15,514.70,54.25,92.07,0.9184,2,2,-1
464,28,1375.36,611.23,57.02,132.52,0.9340,2,1,-1
464,30,1593.54,580.39,66.82,119.47,0.9398,2,2,-1
464,33,1686.16,656.48,68.22,124.66,0.9324,2,2,-1
464,38,1427.84,536.82,56.98,103.69,0.9156,2,1,-1
464,0,1131.11,468.66,12.62,13.51,1.0,0,-1,-1
465,1,83.38,493.02,55.17,88.82,0.9079,2,2,-1
465,17,532.63,531.97,44.94,99.85,0.9331,1,3,-1
465,18,290.13,685.80,62.63,146.63,0.9367,2,1,-1
465,20,476.68,674.26,89.14,132.21,0.9396,2,2,-1
465,21,824.70,562.30,47.70,110.99,0.9329,2,2,-1
465,22,1048.50,433.77,35.38,72.40,0.8572,2,2,-1
465,25,946.91,478.83,51.09,84.63,0.9278,2,1,-1
465,26,1477.01,514.83,57.23,93.80,0.9193,2,2,-1
465,28,1372.57,611.81,56.70,124.09,0.9413,2,1,-1
465,30,1587.46,580.85,75.38,118.75,0.9425,2,2,-1
465,32,1712.42,881.57,93.32,173.93,0.9316,2,1,-1
465,33,1683.90,655.61,64.01,127.91,0.9403,2,2,-1
465,38,1424.69,538.00,63.22,105.41,0.9114,2,1,-1
465,0,1127.27,470.44,11.92,11.12,1.0,0,-1,-1
466,1,78.33,495.36,47.67,88.19,0.9107,2,2,-1
466,17,519.40,530.97,53.15,104.07,0.9346,1,3,-1
466,18,273.85,687.80,63.72,150.07,0.9225,2,1,-1
466,20,470.02,677.44,84.19,134.02,0.9262,2,2,-1
466,21,810.27,563.43,52.86,112.01,0.9424,2,2,-1
466,22,1044.57,433.68,38.08,66.97,0.8705,2,2,-1
466,25,939.90,480.29,57.10,82.64,0.9233,2,1,-1
466,26,1484.80,516.08,50.19,93.15,0.9183,2,2,-1
466,28,1370.62,612.03,54.83,122.03,0.9347,2,1,-1
466,30,1584.16,583.00,85.17,121.17,0.9320,2,2,-1
466,32,1715.55,880.80,92.05,175.66,0.9361,2,1,-1
466,33,1674.66,655.09,62.68,129.49,0.9330,2,2,-1
466,38,1435.90,539.36,60.85,107.94,0.8981,2,1,-1
466,0,1120.43,468.08,12.32,11.91,1.0,0,-1,-1
467,1,74.50,497.46,39.76,87.66,0.9159,2,2,-1
467,17,506.89,530.60,59.62,104.28,0.9354,1,3,-1
467,18,257.76,689.63,63.03,149.39,0.9326,2,1,-1
467,20,470.01,681.59,76.12,132.11,0.9292,2,2,-1
467,21,797.26,562.75,59.80,114.55,0.9412,2,2,-1
467,22,1039.52,434.18,46.08,67.75,0.8867,2,2,-1
467,25,937.28,482.55,54.39,83.09,0.9278,2,1,-1
467,26,1485.78,517.21,44.32,98.35,0.9042,2,2,-1
467,28,1370.30,614.25,50.01,124.04,0.9256,2,1,-1
467,30,1583.65,585.73,88.13,121.71,0.9284,2,2,-1
467,32,1722.72,883.58,84.28,178.63,0.9051,2,1,-1
467,33,1668.05,654.37,63.36,132.74,0.9276,2,2,-1
467,38,1423.52,541.13,69.55,113.40,0.8797,2,1,-1
467,0,1112.98,465.35,14.34,14.31,1.0,0,-1,-1
468,1,61.21,498.49,42.97,88.48,0.9316,2,2,-1
468,17,495.91,529.71,65.02,102.62,0.9384,1,3,-1
468,18,239.72,690.00,64.49,150.50,0.9370,2,1,-1
468,20,473.00,683.80,72.66,134.06,0.9403,2,2,-1
468,21,785.91,562.43,67.35,115.81,0.9416,2,2,-1
468,22,1039.89,433.91,45.55,71.37,0.8817,2,2,-1
468,25,932.88,485.83,50.19,84.30,0.9190,2,1,-1
468,26,1489.49,519.18,36.62,97.40,0.9094,2,2,-1
468,28,1370.67,615.51,45.94,124.41,0.9283,2,1,-1
468,30,1593.21,589.39,82.81,120.21,0.9014,2,2,-1
468,32,1737.48,888.67,65.46,139.01,0.7355,2,1,-1
468,33,1660.73,655.08,66.18,125.27,0.9299,2,2,-1
468,38,1430.16,542.32,61.32,113.35,0.8870,2,1,-1
468,0,1587.46,659.92,21.13,19.79,1.0,0,-1,-1
469,1,45.08,498.42,50.80,91.64,0.9378,2,2,-1
469,17,488.41,531.29,70.58,102.25,0.9365,1,3,-1
469,18,225.49,690.48,64.76,151.69,0.9363,2,1,-1
469,20,479.23,685.74,64.36,134.00,0.9245,2,2,-1
469,21,780.08,563.37,71.81,111.51,0.9381,2,2,-1
469,22,1039.39,436.96,39.87,70.84,0.8472,2,2,-1
469,25,926.24,487.69,49.17,84.57,0.9149,2,1,-1
469,26,1488.84,519.68,37.18,97.90,0.9110,2,2,-1
469,28,1369.09,615.59,44.27,125.32,0.9330,2,1,-1
469,30,1594.74,590.30,79.17,121.36,0.9216,2,2,-1
469,32,1738.56,887.26,78.55,175.18,0.6346,2,1,-1
469,33,1654.59,655.73,68.06,121.98,0.9345,2,2,-1
469,38,1439.59,543.77,55.14,113.49,0.7983,2,1,-1
469,0,1103.86,464.61,11.03,12.86,1.0,0,-1,-1
470,1,29.88,498.89,58.18,92.77,0.9414,2,2,-1
470,17,482.47,534.08,68.93,103.63,0.9252,1,3,-1
470,18,212.44,692.75,60.71,150.08,0.9398,2,1,-1
470,20,469.66,684.79,66.38,135.93,0.9402,2,2,-1
470,21,774.89,565.69,71.49,112.35,0.9425,2,2,-1
470,22,1037.25,439.20,34.30,70.62,0.8647,2,2,-1
470,25,918.45,487.77,46.30,84.97,0.9216,2,1,-1
470,26,1479.90,520.79,47.59,95.30,0.9156,2,2,-1
470,28,1360.49,613.65,49.39,129.25,0.9371,2,1,-1
470,30,1604.13,589.12,67.43,125.69,0.9130,2,2,-1
470,32,1739.86,884.86,74.38,171.59,0.6233,2,1,-1
470,33,1651.43,658.28,67.08,123.12,0.9217,2,2,-1
470,38,1442.72,543.87,49.33,114.47,0.8183,2,1,-1
470,40,1011.54,420.58,28.23,69.81,0.8129,2,-1,-1
471,1,15.70,500.27,67.79,88.58,0.9409,2,2,-1
471,17,480.69,537.05,64.86,103.28,0.9331,1,3,-1
471,18,196.84,693.71,61.87,153.55,0.9470,2,1,-1
471,20,457.19,681.73,71.39,145.34,0.9454,2,2,-1
471,21,774.70,568.22,67.85,113.73,0.9316,2,2,-1
471,22,1034.95,435.27,33.45,75.00,0.8729,2,2,-1
471,25,910.33,486.84,47.69,87.31,0.9285,2,1,-1
471,26,1477.90,520.40,55.11,93.46,0.9168,2,2,-1
471,28,1350.29,613.27,59.01,128.71,0.9392,2,1,-1
471,30,1605.90,587.67,59.69,126.09,0.9310,2,2,-1
471,32,1736.38,881.92,73.95,176.88,0.9326,2,1,-1
471,33,1655.79,660.28,57.69,123.93,0.9240,2,2,-1
471,38,1436.46,538.60,51.68,121.53,0.8900,2,1,-1
471,40,1006.23,420.98,25.83,70.20,0.8328,2,-1,-1
471,0,1091.39,466.59,12.37,13.80,1.0,0,-1,-1
472,1,5.37,501.60,71.86,88.40,0.9400,2,2,-1
472,17,481.71,539.88,60.73,101.72,0.9408,1,3,-1
472,18,180.31,696.29,61.74,153.09,0.9336,2,1,-1
472,20,446.63,684.00,73.55,139.31,0.9434,2,2,-1
472,21,776.50,572.02,62.59,111.71,0.9256,2,2,-1
472,22,1028.35,435.14,36.45,73.57,0.8976,2,2,-1
472,25,903.08,486.70,49.88,83.18,0.9371,2,1,-1
472,26,1482.67,520.48,59.37,96.23,0.9146,2,2,-1
472,28,1341.92,610.19,69.32,126.56,0.9419,2,1,-1
472,30,1599.94,586.96,62.12,126.09,0.9343,2,2,-1
472,32,1732.02,880.16,81.65,171.19,0.9381,2,1,-1
472,33,1657.30,663.43,49.88,123.05,0.9329,2,2,-1
472,38,1434.61,540.38,57.16,119.03,0.8996,2,1,-1
472,40,996.40,421.25,32.52,71.77,0.8672,2,-1,-1
473,1,-3.19,504.13,65.66,90.49,0.8812,2,2,-1
473,17,480.09,540.43,51.26,102.76,0.9298,1,3,-1
473,18,163.11,701.57,61.60,152.63,0.9467,2,1,-1
473,20,436.39,683.88,79.51,136.87,0.9566,2,2,-1
473,21,773.25,573.10,58.21,112.69,0.9329,2,2,-1
473,22,1026.67,434.08,37.98,70.56,0.8551,2,2,-1
473,25,896.03,487.15,49.19,79.57,0.9145,2,1,-1
473,26,1488.85,521.03,52.77,97.92,0.9140,2,2,-1
473,28,1337.44,610.99,70.31,124.05,0.9354,2,1,-1
473,30,1593.68,587.29,66.57,125.75,0.9300,2,2,-1
473,32,1724.88,878.58,96.91,169.33,0.9399,2,1,-1
473,33,1649.78,663.70,51.31,123.01,0.9394,2,2,-1
473,38,1430.55,540.12,65.70,115.12,0.9252,2,1,-1
473,40,987.75,422.52,34.48,65.56,0.8271,2,-1,-1
473,0,1079.66,471.88,11.75,11.02,1.0,0,-1,-1
474,1,-2.91,506.93,52.12,90.20,0.9150,2,2,-1
474,17,470.36,539.51,51.50,104.46,0.9314,1,3,-1
474,18,144.98,703.90,64.36,153.54,0.9465,2,1,-1
474,20,429.30,686.09,78.87,135.34,0.9357,2,2,-1
474,21,763.00,573.20,59.08,113.04,0.9291,2,2,-1
474,22,1018.94,436.12,41.03,71.11,0.8519,2,2,-1
474,25,887.86,488.29,50.48,81.92,0.8910,2,1,-1
474,26,1491.56,521.87,47.21,98.62,0.9219,2,2,-1
474,28,1337.13,612.73,63.75,124.96,0.9387,2,1,-1
474,30,1590.47,589.40,67.58,120.82,0.9286,2,2,-1
474,32,1723.41,880.97,98.84,170.47,0.9318,2,1,-1
474,33,1637.22,662.54,57.32,124.89,0.9411,2,2,-1
474,38,1430.69,540.72,72.70,117.18,0.9083,2,1,-1
474,0,1071.73,474.48,13.22,13.23,1.0,0,-1,-1
475,1,-2.28,509.22,43.00,89.09,0.9019,2,2,-1
475,17,459.74,538.47,54.02,106.76,0.9356,1,3,-1
475,18,127.01,705.70,65.67,154.43,0.9368,2,1,-1
475,20,426.18,690.38,75.27,135.26,0.9377,2,2,-1
475,21,753.11,571.23,59.48,117.82,0.9379,2,2,-1
475,22,1017.44,438.33,37.71,72.62,0.8799,2,2,-1
475,25,878.90,489.82,49.79,82.38,0.9262,2,1,-1
475,26,1490.79,522.16,49.81,99.91,0.9254,2,2,-1
475,28,1338.15,613.62,56.03,125.17,0.9332,2,1,-1
475,32,1733.82,882.37,83.81,134.27,0.9007,2,1,-1
475,33,1624.76,662.52,64.09,125.28,0.9404,2,2,-1
475,38,1433.82,540.74,72.34,118.51,0.7236,2,1,-1
475,40,976.52,432.97,32.44,60.54,0.8623,2,-1,-1
475,0,1065.92,479.50,12.83,11.12,1.0,0,-1,-1
476,1,-4.56,510.20,37.80,97.79,0.8757,2,2,-1
476,17,447.63,537.99,58.58,103.46,0.9403,1,3,-1
476,18,106.89,707.39,68.79,154.65,0.9386,2,1,-1
476,20,426.85,694.52,68.19,135.19,0.9266,2,2,-1
476,21,743.31,570.34,62.26,114.03,0.9358,2,2,-1
476,22,1014.39,437.20,34.59,73.57,0.8676,2,2,-1
476,25,868.65,489.03,49.47,84.43,0.9305,2,1,-1
476,26,1486.66,521.76,53.04,99.89,0.9248,2,2,-1
476,28,1343.03,612.59,48.84,127.44,0.9015,2,1,-1
476,32,1740.17,884.44,82.58,173.27,0.9415,2,1,-1
476,33,1615.93,661.72,70.40,120.18,0.9479,2,2,-1
476,38,1435.81,544.89,64.62,116.22,0.8506,2,1,-1
476,40,975.97,433.85,28.97,60.11,0.8456,2,-1,-1
476,0,1057.27,479.30,13.14,14.31,1.0,0,-1,-1
477,1,-8.80,508.81,32.95,89.08,0.5582,2,2,-1
477,17,436.94,538.75,65.63,102.56,0.9439,1,3,-1
477,18,88.79,709.64,70.56,152.37,0.9362,2,1,-1
477,20,431.46,695.97,54.06,135.00,0.9324,2,2,-1
477,21,735.61,570.30,68.40,111.64,0.9388,2,2,-1
477,22,1009.14,436.90,34.47,74.31,0.8622,2,2,-1
477,25,857.51,487.27,45.49,86.97,0.9280,2,1,-1
477,26,1484.53,519.59,52.48,98.30,0.9199,2,2,-1
477,28,1337.96,610.03,46.22,130.69,0.9206,2,1,-1
477,32,1745.31,882.03,75.49,173.10,0.9136,2,1,-1
477,33,1613.30,663.16,69.93,118.02,0.9412,2,2,-1
477,38,1440.16,546.38,55.06,117.42,0.8802,2,1,-1
477,40,968.58,427.98,32.17,66.46,0.8751,2,-1,-1
477,0,1050.06,478.34,14.09,14.23,1.0,0,-1,-1
478,17,430.92,539.79,64.93,105.30,0.9280,1,3,-1
478,18,69.45,712.12,75.10,155.61,0.9382,2,1,-1
478,20,421.26,695.56,57.76,136.62,0.9401,2,2,-1
478,21,730.20,571.34,69.61,114.26,0.9315,2,2,-1
478,22,1002.34,433.84,39.29,71.57,0.8926,2,2,-1
478,25,847.66,486.40,41.91,84.90,0.9087,2,1,-1
478,26,1484.90,519.50,56.02,98.99,0.9287,2,2,-1
478,28,1330.75,608.93,48.77,130.03,0.9199,2,1,-1
478,30,1599.08,595.17,52.09,123.74,0.9305,2,2,-1
478,32,1755.80,876.45,63.32,131.04,0.8977,2,1,-1
478,38,1452.20,546.35,44.60,116.56,0.9032,2,1,-1
478,40,961.26,425.29,31.67,68.20,0.8649,2,2,-1
478,0,1044.32,477.76,12.45,12.41,1.0,0,-1,-1
479,17,431.65,543.07,54.56,104.23,0.9374,1,3,-1
479,18,56.07,714.22,72.24,152.61,0.9419,2,1,-1
479,20,408.42,693.12,68.03,143.06,0.9375,2,2,-1
479,21,728.00,573.75,61.89,114.85,0.9276,2,2,-1
479,22,1001.42,433.76,39.41,73.19,0.8726,2,2,-1
479,25,838.92,485.21,39.77,81.55,0.9106,2,1,-1
479,26,1487.92,519.81,59.73,100.49,0.9210,2,2,-1
479,28,1325.72,607.57,50.22,128.05,0.9288,2,1,-1
479,30,1596.72,594.28,53.67,127.29,0.9290,2,2,-1
479,32,1751.37,870.85,75.83,173.54,0.9187,2,1,-1
479,38,1449.73,544.26,45.70,113.42,0.8813,2,1,-1
479,40,959.94,428.83,31.22,64.33,0.8818,2,2,-1
479,0,995.55,478.25,11.33,15.84,1.0,0,-1,-1
480,17,435.38,544.57,46.05,105.18,0.9140,1,3,-1
480,18,45.28,715.65,68.56,152.49,0.9446,2,1,-1
480,20,399.78,692.41,72.49,140.55,0.9424,2,2,-1
480,21,730.83,575.73,51.92,115.20,0.9246,2,2,-1
480,22,997.08,434.38,37.14,74.53,0.8303,2,2,-1
480,25,828.50,483.58,39.04,83.17,0.9208,2,1,-1
480,26,1490.06,521.71,54.60,99.38,0.9284,2,2,-1
480,28,1321.65,607.43,52.10,123.31,0.9307,2,1,-1
480,30,1592.09,594.09,58.94,126.40,0.9387,2,2,-1
480,32,1749.24,869.54,79.92,171.46,0.9189,2,1,-1
480,38,1442.09,542.99,58.59,114.75,0.9211,2,1,-1
480,40,959.15,433.04,27.94,60.73,0.8988,2,2,-1
480,0,1032.45,477.99,11.79,12.81,1.0,0,-1,-1
481,17,434.36,545.69,41.76,105.13,0.9252,1,3,-1
481,18,33.75,715.03,65.42,154.88,0.9378,2,1,-1
481,20,389.73,693.02,85.18,139.02,0.9458,2,2,-1
481,21,739.27,578.53,38.95,113.78,0.9270,2,2,-1
481,22,995.97,433.04,34.70,78.24,0.8730,2,2,-1
481,25,819.58,483.59,38.06,85.30,0.9195,2,1,-1
481,28,1318.31,608.46,52.50,124.32,0.9280,2,1,-1
481,32,1746.61,866.86,85.02,169.81,0.9359,2,1,-1
481,33,1617.96,659.27,54.79,126.51,0.9281,2,2,-1
481,38,1435.87,541.72,71.37,120.40,0.9375,2,1,-1
481,40,959.14,438.85,24.47,56.16,0.8814,2,2,-1
481,0,1027.19,479.88,12.06,13.90,1.0,0,-1,-1
482,17,424.54,543.62,48.63,108.76,0.9389,1,3,-1
482,18,20.86,714.23,64.14,157.66,0.9295,2,1,-1
482,20,383.11,694.25,94.02,136.51,0.9422,2,2,-1
482,21,731.77,577.44,42.96,116.48,0.9251,2,2,-1
482,22,995.03,432.52,30.86,78.09,0.8625,2,2,-1
482,25,810.65,484.49,39.09,86.01,0.9253,2,1,-1
482,28,1317.35,609.93,50.47,126.21,0.9325,2,1,-1
482,32,1753.73,867.14,81.33,172.74,0.9352,2,1,-1
482,33,1614.63,656.54,56.35,130.12,0.9180,2,2,-1
482,38,1433.59,541.58,81.09,119.76,0.9378,2,1,-1
482,40,951.58,440.41,28.17,54.86,0.8853,2,2,-1
482,0,1023.46,482.26,10.55,12.74,1.0,0,-1,-1
483,17,413.38,541.16,56.62,110.18,0.9428,1,3,-1
483,18,8.07,714.07,64.17,157.19,0.9214,2,1,-1
483,20,379.22,696.31,91.80,140.05,0.9381,2,2,-1
483,21,720.93,575.47,51.32,120.19,0.9295,2,2,-1
483,22,992.64,433.47,29.52,73.91,0.8368,2,2,-1
483,25,800.98,484.58,42.62,87.54,0.9237,2,1,-1
483,26,1498.34,523.12,42.21,100.59,0.9200,2,2,-1
483,28,1315.73,610.04,48.72,126.17,0.8950,2,1,-1
483,32,1760.49,870.09,77.54,175.80,0.8838,2,1,-1
483,33,1611.88,656.04,57.66,121.78,0.9262,2,2,-1
483,38,1432.20,543.50,82.17,119.75,0.9179,2,1,-1
483,40,945.42,438.08,36.45,57.43,0.9081,2,2,-1
483,0,1019.78,483.54,8.86,11.06,1.0,0,-1,-1
484,17,403.05,540.27,62.75,107.59,0.9389,1,3,-1
484,18,-0.41,715.10,60.99,155.42,0.9088,2,1,-1
484,20,382.30,699.59,81.57,139.24,0.9470,2,2,-1
484,21,712.68,574.83,58.10,120.72,0.9403,2,2,-1
484,22,984.62,430.35,36.88,73.45,0.8883,2,2,-1
484,25,790.06,481.84,41.42,90.28,0.9214,2,1,-1
484,26,1499.38,521.18,42.45,101.15,0.9064,2,2,-1
484,28,1316.07,608.66,45.55,128.84,0.9261,2,1,-1
484,30,1602.68,602.36,56.30,101.47,0.9205,2,2,-1
484,32,1770.23,870.38,70.58,175.37,0.9313,2,1,-1
484,38,1438.33,545.00,71.92,119.97,0.9297,2,1,-1
484,40,941.72,434.41,39.38,60.98,0.9050,2,2,-1
485,17,395.19,540.27,72.10,106.10,0.9331,1,3,-1
485,18,-6.59,715.91,54.99,153.86,0.8095,2,1,-1
485,20,386.58,701.66,77.83,140.39,0.9425,2,2,-1
485,21,704.56,574.66,67.23,113.99,0.9419,2,2,-1
485,22,979.39,430.02,42.28,74.33,0.8899,2,2,-1
485,25,778.97,481.30,40.40,92.25,0.9123,2,1,-1
485,26,1501.68,521.06,47.87,98.52,0.9133,2,2,-1
485,28,1310.50,607.65,49.10,131.57,0.9326,2,1,-1
485,32,1776.66,863.00,66.15,179.44,0.8853,2,1,-1
485,33,1606.62,656.02,59.90,122.45,0.9175,2,2,-1
485,38,1447.33,545.84,64.25,120.04,0.9115,2,1,-1
485,40,940.87,430.33,34.92,64.92,0.8974,2,2,-1
486,17,387.78,542.97,75.26,105.92,0.9371,1,3,-1
486,20,392.41,700.99,69.05,142.70,0.9280,2,2,-1
486,21,698.74,575.57,69.65,114.78,0.9337,2,2,-1
486,22,974.02,431.06,42.52,77.24,0.8911,2,2,-1
486,25,769.46,480.52,38.23,88.41,0.9112,2,1,-1
486,26,1499.65,523.52,57.32,96.64,0.9232,2,2,-1
486,28,1299.80,607.20,60.07,129.38,0.9437,2,1,-1
486,30,1597.66,600.93,54.50,85.53,0.9126,2,2,-1
486,32,1776.95,859.63,63.79,176.36,0.9208,2,1,-1
486,38,1457.01,559.57,55.34,107.85,0.7591,2,1,-1
486,40,942.55,440.93,25.27,54.51,0.8682,2,2,-1
487,17,383.38,545.62,68.79,108.50,0.9271,1,3,-1
487,20,386.22,699.87,66.78,146.54,0.9420,2,2,-1
487,21,697.72,578.36,66.03,116.74,0.9164,2,2,-1
487,22,972.76,433.99,38.18,76.15,0.8981,2,2,-1
487,24,935.32,432.10,31.06,64.85,0.8866,2,1,-1
487,25,759.14,480.65,40.38,85.81,0.9141,2,1,-1
487,26,1498.04,524.69,59.51,99.76,0.9157,2,2,-1
487,28,1294.22,607.36,64.65,124.96,0.9433,2,1,-1
487,30,1592.28,600.24,56.58,91.38,0.9144,2,2,-1
487,32,1766.45,858.71,72.94,177.66,0.9350,2,1,-1
487,38,1454.53,544.83,54.34,124.43,0.9048,2,1,-1
488,17,385.83,549.47,60.06,106.28,0.9326,1,3,-1
488,20,376.35,698.31,68.63,153.08,0.9430,2,2,-1
488,21,703.80,581.48,58.01,116.03,0.9269,2,2,-1
488,22,971.33,434.58,37.96,75.80,0.8921,2,2,-1
488,24,931.18,431.77,31.73,66.12,0.9071,2,1,-1
488,25,747.89,482.01,44.05,85.82,0.9188,2,1,-1
488,26,1499.10,526.72,59.66,99.42,0.9094,2,2,-1
488,28,1290.46,608.53,64.86,123.67,0.9433,2,1,-1
488,30,1589.67,601.12,58.72,93.46,0.9303,2,2,-1
488,32,1761.04,858.87,82.58,175.74,0.9399,2,1,-1
488,38,1452.98,544.70,57.15,123.90,0.9147,2,1,-1
489,17,387.71,550.22,52.55,107.36,0.9317,1,3,-1
489,20,367.52,700.58,70.64,146.00,0.9421,2,2,-1
489,21,702.91,583.33,53.24,115.62,0.9214,2,2,-1
489,22,967.74,434.42,40.46,74.90,0.8993,2,2,-1
489,24,929.56,430.50,29.74,67.94,0.8688,2,1,-1
489,25,737.20,483.22,46.89,87.78,0.9238,2,1,-1
489,26,1500.61,527.97,63.41,99.70,0.9077,2,2,-1
489,28,1290.52,610.56,58.78,122.23,0.9376,2,1,-1
489,30,1587.16,602.57,61.77,94.23,0.9218,2,2,-1
489,32,1758.21,858.76,90.78,169.65,0.9490,2,1,-1
489,38,1450.24,545.55,63.79,121.76,0.9219,2,1,-1
490,17,387.18,549.03,47.39,109.72,0.9342,1,3,-1
490,20,360.84,701.38,77.02,141.57,0.9473,2,2,-1
490,21,696.41,582.63,52.02,117.87,0.9263,2,2,-1
490,22,962.19,435.56,41.16,74.51,0.9070,2,2,-1
490,24,928.33,431.29,28.60,66.06,0.8608,2,1,-1
490,25,726.16,483.87,47.84,88.35,0.9211,2,1,-1
490,26,1498.81,528.04,62.13,99.15,0.9034,2,2,-1
490,28,1291.84,610.35,52.52,123.15,0.9469,2,1,-1
490,32,1760.95,861.52,90.26,171.08,0.9440,2,1,-1
490,33,1593.63,651.86,57.56,125.26,0.9130,2,2,-1
491,17,379.37,546.98,49.17,112.21,0.9385,1,3,-1
491,20,354.93,703.08,80.56,141.21,0.9444,2,2,-1
491,21,689.05,580.41,52.96,121.84,0.9390,2,2,-1
491,22,955.58,435.70,37.23,74.19,0.8928,2,2,-1
491,24,920.97,434.27,31.68,60.63,0.8918,2,1,-1
491,25,716.71,483.64,45.61,88.59,0.9182,2,1,-1
491,26,1497.80,527.35,56.61,101.35,0.9020,2,2,-1
491,28,1291.12,609.20,50.52,126.69,0.9331,2,1,-1
491,32,1772.64,862.13,82.08,171.98,0.9336,2,1,-1
491,33,1584.43,649.68,63.20,124.96,0.9335,2,2,-1
491,38,1454.32,548.64,66.94,120.99,0.7068,2,1,-1
492,17,371.43,546.13,51.11,109.87,0.9380,1,3,-1
492,20,353.54,706.40,75.96,140.73,0.9432,2,2,-1
492,21,680.67,579.06,58.02,117.73,0.9375,2,2,-1
492,22,953.93,435.41,32.93,74.86,0.8489,2,2,-1
492,24,924.34,431.72,33.89,66.15,0.7719,2,1,-1
492,25,707.82,481.44,43.26,88.18,0.9077,2,1,-1
492,26,1498.67,527.02,48.92,99.57,0.9061,2,2,-1
492,28,1289.12,607.75,49.97,128.62,0.9090,2,1,-1
492,32,1778.70,860.79,75.21,174.91,0.9347,2,1,-1
492,33,1581.11,650.96,66.44,123.17,0.9287,2,2,-1
492,38,1456.86,551.37,70.22,120.74,0.8498,2,1,-1
493,17,362.87,545.84,58.26,108.53,0.9394,1,3,-1
493,20,357.16,708.57,68.90,140.52,0.9313,2,2,-1
493,21,674.75,578.54,64.93,114.45,0.9349,2,2,-1
493,22,948.40,434.98,31.35,71.84,0.8144,2,2,-1
493,24,922.75,432.50,32.48,66.07,0.7973,2,1,-1
493,25,695.47,480.16,41.11,89.34,0.9050,2,1,-1
493,26,1500.26,530.37,43.28,90.11,0.8785,2,2,-1
493,28,1283.26,606.48,51.28,130.73,0.9216,2,1,-1
493,32,1781.83,858.63,71.63,177.22,0.8867,2,1,-1
493,33,1580.87,651.74,67.22,122.87,0.9298,2,2,-1
494,17,359.39,546.63,60.06,109.00,0.9235,1,3,-1
494,20,363.66,708.98,56.81,142.45,0.9316,2,2,-1
494,21,668.81,579.23,67.14,116.32,0.9298,2,2,-1
494,22,941.48,433.45,34.55,75.51,0.8383,2,2,-1
494,24,918.98,433.39,30.65,66.78,0.7324,2,1,-1
494,25,682.91,480.58,41.81,87.15,0.9134,2,1,-1
494,26,1500.66,531.04,42.98,96.49,0.9011,2,2,-1
494,28,1280.98,605.23,50.98,127.01,0.9292,2,1,-1
494,32,1784.08,855.80,70.12,181.51,0.9256,2,1,-1
494,33,1565.50,598.17,69.04,141.63,0.9187,2,2,-1
495,17,355.16,548.68,59.58,109.89,0.9300,1,3,-1
495,20,358.68,708.46,54.85,144.53,0.9377,2,2,-1
495,21,669.41,580.02,60.52,118.55,0.9304,2,2,-1
495,22,940.00,435.22,33.09,73.48,0.8698,2,2,-1
495,24,916.18,433.92,29.84,68.36,0.7850,2,1,-1
495,25,672.23,482.06,43.93,83.08,0.9091,2,1,-1
495,28,1277.62,605.56,52.69,125.09,0.9406,2,1,-1
495,32,1785.23,847.07,71.94,186.76,0.9205,2,1,-1
495,33,1561.45,595.76,64.48,136.47,0.9269,2,2,-1
495,38,1476.29,553.93,48.37,119.74,0.9126,2,1,-1
496,17,353.41,550.75,51.55,109.10,0.9336,1,3,-1
496,20,347.40,706.06,61.73,147.54,0.9306,2,2,-1
496,21,675.19,582.16,49.58,117.68,0.9143,2,2,-1
496,24,912.76,433.92,29.48,67.47,0.8854,2,1,-1
496,25,662.74,483.50,47.00,83.96,0.8992,2,1,-1
496,28,1274.90,606.91,51.04,123.73,0.9353,2,1,-1
496,32,1787.61,846.61,71.90,176.16,0.9212,2,1,-1
496,33,1556.45,595.28,63.75,126.83,0.9224,2,2,-1
496,38,1473.74,555.93,51.66,117.63,0.9128,2,1,-1
497,17,354.04,551.92,46.21,110.09,0.9032,1,3,-1
497,20,337.40,704.50,68.24,150.54,0.9332,2,2,-1
497,21,680.54,582.28,39.64,118.53,0.9266,2,2,-1
497,22,925.50,433.86,37.44,68.41,0.8537,2,2,-1
497,25,653.91,484.94,48.43,84.46,0.8893,2,1,-1
497,28,1271.80,606.83,49.32,125.37,0.9277,2,1,-1
497,32,1790.66,846.23,71.65,171.34,0.9391,2,1,-1
497,33,1550.37,595.97,64.79,117.95,0.9335,2,2,-1
497,38,1468.47,552.81,61.93,120.02,0.9103,2,1,-1
498,17,355.52,550.88,42.76,112.24,0.9306,1,3,-1
498,20,327.37,705.28,77.59,146.83,0.9451,2,2,-1
498,21,673.72,580.26,41.70,123.50,0.9212,2,2,-1
498,22,918.23,433.77,38.62,64.80,0.8463,2,2,-1
498,25,644.03,485.64,50.47,84.69,0.8857,2,1,-1
498,28,1272.97,605.60,45.83,126.97,0.9120,2,1,-1
498,32,1793.64,847.14,68.47,174.70,0.9247,2,1,-1
498,33,1580.52,646.83,62.25,125.53,0.9290,2,2,-1
498,38,1462.20,554.55,74.29,117.20,0.9155,2,1,-1
499,17,344.89,548.86,49.47,114.48,0.9376,1,3,-1
499,20,319.53,705.90,90.39,144.27,0.9465,2,2,-1
499,21,662.62,578.17,49.61,126.01,0.9285,2,2,-1
499,22,906.62,436.09,41.78,70.03,0.8594,2,2,-1
499,25,635.98,483.17,50.03,87.52,0.9082,2,1,-1
499,28,1269.07,603.44,48.05,131.14,0.9339,2,1,-1
499,30,1541.65,600.55,67.50,102.94,0.9334,2,2,-1
499,32,1796.69,848.03,66.87,175.23,0.8808,2,1,-1
499,38,1460.61,554.41,82.73,115.10,0.8792,2,1,-1
500,17,334.22,547.61,56.52,117.03,0.9375,1,3,-1
500,20,315.63,707.23,88.93,146.89,0.9427,2,2,-1
500,21,654.16,577.68,57.82,119.91,0.9381,2,2,-1
500,22,902.92,434.66,44.24,72.66,0.8624,2,2,-1
500,25,628.01,483.95,47.25,85.98,0.9123,2,1,-1
500,26,1489.24,535.81,46.42,87.94,0.8501,2,2,-1
500,28,1264.62,603.07,57.30,130.61,0.9412,2,1,-1
500,32,1800.28,847.87,64.56,176.85,0.9266,2,1,-1
500,33,1577.41,645.62,66.33,122.95,0.9295,2,2,-1
501,17,326.14,547.58,64.06,112.90,0.9384,1,3,-1
501,20,317.87,713.23,80.43,142.57,0.9396,2,2,-1
501,21,648.17,577.08,65.71,116.85,0.9404,2,2,-1
501,22,898.24,434.09,46.92,72.72,0.8405,2,2,-1
501,25,621.27,481.39,47.73,88.84,0.8992,2,1,-1
501,26,1487.54,536.20,46.92,77.26,0.8355,2,2,-1
501,28,1261.01,603.17,65.53,130.34,0.9388,2,1,-1
501,30,1527.74,599.18,62.70,120.22,0.9270,2,2,-1
501,32,1806.56,845.27,64.01,175.90,0.7480,2,1,-1
501,33,1579.10,646.63,63.77,125.72,0.9233,2,2,-1
502,17,316.51,548.57,76.10,111.26,0.9506,1,3,-1
502,20,323.63,714.41,75.73,144.18,0.9335,2,2,-1
502,21,646.72,578.05,67.88,120.43,0.9270,2,2,-1
502,24,889.95,442.43,32.14,66.06,0.8378,2,1,-1
502,25,614.40,482.12,48.15,88.31,0.9099,2,1,-1
502,26,1485.54,537.92,48.63,69.53,0.8701,2,2,-1
502,28,1258.87,604.39,67.48,126.63,0.9405,2,1,-1
502,30,1522.43,596.58,59.55,129.02,0.9124,2,2,-1
502,32,1802.37,845.38,69.59,180.15,0.9162,2,1,-1
502,33,1582.94,648.76,57.58,125.46,0.9190,2,2,-1
503,17,311.35,550.28,80.89,112.61,0.9388,1,3,-1
503,20,331.06,714.03,69.06,146.92,0.9266,2,2,-1
503,21,653.73,580.10,63.47,120.00,0.9234,2,2,-1
503,22,881.56,433.23,46.87,73.34,0.8041,2,2,-1
503,25,608.02,488.94,46.02,81.78,0.8905,2,1,-1
503,26,1480.70,539.51,49.79,71.44,0.8304,2,2,-1
503,28,1254.09,607.07,64.91,123.44,0.9430,2,1,-1
503,30,1513.24,594.22,59.09,131.11,0.9189,2,2,-1
503,32,1799.89,837.02,79.09,180.12,0.9356,2,1,-1
503,33,1583.68,649.64,57.59,127.06,0.9263,2,2,-1
503,0,888.47,491.36,14.37,17.03,1.0,0,-1,-1
504,17,313.63,552.38,74.25,111.82,0.9203,1,3,-1
504,20,328.05,711.05,65.59,151.30,0.9390,2,2,-1
504,21,656.54,583.35,57.40,119.19,0.9358,2,2,-1
504,22,875.20,430.79,50.12,75.63,0.8559,2,2,-1
504,25,600.03,488.14,44.47,83.41,0.9219,2,1,-1
504,26,1473.46,541.28,47.26,72.72,0.6763,2,2,-1
504,28,1247.95,609.25,65.02,120.34,0.9327,2,1,-1
504,30,1514.09,595.02,55.31,127.08,0.8993,2,2,-1
504,32,1799.56,837.30,87.91,174.36,0.9351,2,1,-1
504,33,1590.58,648.91,54.27,127.68,0.9240,2,2,-1
505,17,314.61,554.56,64.55,111.64,0.9281,1,3,-1
505,20,323.27,709.32,65.81,158.23,0.9437,2,2,-1
505,21,656.53,584.12,53.55,120.22,0.9289,2,2,-1
505,22,885.48,433.10,42.85,73.72,0.7694,2,2,-1
505,25,590.31,488.02,44.11,83.97,0.9299,2,1,-1
505,26,1479.56,543.06,37.27,65.03,0.7717,2,2,-1
505,28,1243.57,610.33,65.39,120.16,0.9147,2,1,-1
505,30,1506.99,600.76,54.36,117.61,0.9156,2,2,-1
505,32,1803.16,839.71,92.01,173.62,0.9311,2,1,-1
505,33,1591.73,648.10,52.58,130.54,0.9272,2,2,-1
506,17,321.04,555.46,57.88,112.81,0.9372,1,3,-1
506,20,318.41,708.77,68.18,155.66,0.9384,2,2,-1
506,21,653.01,582.43,52.30,123.59,0.9384,2,2,-1
506,22,874.47,431.36,45.15,77.47,0.5374,2,2,-1
506,25,581.70,488.95,47.52,84.28,0.9301,2,1,-1
506,26,1478.30,545.57,41.17,83.29,0.7605,2,2,-1
506,28,1243.45,609.03,61.42,122.36,0.9170,2,1,-1
506,30,1501.34,576.37,57.89,143.62,0.9203,2,2,-1
506,32,1813.82,844.39,90.58,176.06,0.9352,2,1,-1
506,33,1588.10,647.02,55.14,132.84,0.9339,2,2,-1
507,17,324.89,553.54,51.77,116.10,0.9325,1,3,-1
507,20,314.04,710.40,74.59,149.53,0.9459,2,2,-1
507,21,649.89,580.55,54.12,125.22,0.9328,2,2,-1
507,22,879.95,438.63,39.22,71.38,0.8388,2,2,-1
507,25,573.04,490.96,56.14,82.88,0.9374,2,1,-1
507,26,1480.01,545.36,33.24,64.99,0.8440,2,2,-1
507,28,1242.48,608.93,58.72,122.70,0.9358,2,1,-1
507,30,1499.91,604.94,51.35,116.20,0.8494,2,2,-1
507,32,1824.99,845.51,83.84,174.86,0.9264,2,1,-1
507,33,1584.06,646.51,60.65,128.89,0.9280,2,2,-1
508,17,321.90,551.28,49.46,118.31,0.9310,1,3,-1
508,20,314.07,713.36,75.72,145.38,0.9442,2,2,-1
508,21,647.19,580.92,56.98,116.88,0.9358,2,2,-1
508,22,878.91,440.24,43.82,70.85,0.8221,2,2,-1
508,25,565.65,490.34,62.99,84.70,0.9380,2,1,-1
508,26,1475.98,545.81,37.22,79.85,0.8852,2,2,-1
508,28,1242.04,608.55,57.72,127.93,0.9317,2,1,-1
508,30,1526.71,618.62,30.27,60.98,0.7628,2,2,-1
508,32,1834.34,845.54,76.41,176.12,0.9158,2,1,-1
508,33,1579.52,646.80,70.44,124.67,0.9444,2,2,-1
509,17,318.91,550.32,49.03,121.69,0.9337,1,3,-1
509,20,314.32,716.44,71.70,145.83,0.9409,2,2,-1
509,21,645.84,581.25,61.19,116.70,0.9330,2,2,-1
509,22,873.47,440.72,53.67,72.20,0.9123,2,2,-1
509,25,562.33,490.74,59.94,85.30,0.9304,2,1,-1
509,26,1475.42,544.82,40.81,80.79,0.8646,2,2,-1
509,28,1242.24,609.05,53.71,122.21,0.9216,2,1,-1
509,30,1524.09,623.21,39.70,58.34,0.8708,2,2,-1
509,32,1844.53,841.39,71.97,182.95,0.8920,2,1,-1
509,33,1581.03,648.60,75.55,124.88,0.9378,2,2,-1
510,17,316.28,550.38,51.29,116.14,0.9453,1,3,-1
510,20,319.82,719.72,66.13,146.89,0.9362,2,2,-1
510,21,646.80,582.74,59.34,118.71,0.9317,2,2,-1
510,22,869.95,442.25,57.19,72.19,0.9137,2,2,-1
510,25,563.32,491.64,50.96,83.89,0.9213,2,1,-1
510,26,1471.51,543.55,40.39,75.99,0.8912,2,2,-1
510,28,1240.19,609.03,52.60,121.31,0.9328,2,1,-1
510,30,1504.87,653.03,43.55,67.70,0.6027,2,2,-1
510,32,1851.13,837.65,70.22,186.27,0.8633,2,1,-1
510,33,1585.98,650.72,74.72,125.76,0.9409,2,2,-1
511,17,314.10,551.75,54.91,112.34,0.9342,1,3,-1
511,20,328.92,720.75,56.68,148.45,0.9345,2,2,-1
511,21,653.93,584.80,50.42,118.89,0.9275,2,2,-1
511,22,871.63,442.16,54.41,72.79,0.7622,2,2,-1
511,25,565.28,490.01,41.94,86.50,0.9159,2,1,-1
511,26,1467.64,543.77,40.64,74.52,0.8757,2,2,-1
511,28,1238.94,608.20,51.81,124.44,0.9303,2,1,-1
511,32,1854.29,833.12,58.61,181.19,0.9127,2,1,-1
511,33,1592.62,653.69,66.77,124.45,0.9344,2,2,-1
511,43,1504.50,567.94,59.75,117.85,0.8953,2,-1,-1
512,17,313.73,554.10,58.53,113.94,0.9351,1,3,-1
512,20,334.01,719.69,50.96,150.35,0.9402,2,2,-1
512,21,662.43,585.53,42.68,119.59,0.9278,2,2,-1
512,22,883.93,441.44,45.66,75.77,0.7931,2,2,-1
512,24,863.63,440.12,35.74,74.18,0.7122,2,1,-1
512,25,568.37,486.23,33.43,91.98,0.9160,2,1,-1
512,26,1465.69,543.44,39.08,69.17,0.7983,2,2,-1
512,28,1240.68,607.02,49.16,126.46,0.9307,2,1,-1
512,32,1860.65,836.64,57.98,176.01,0.9145,2,1,-1
512,33,1604.79,654.40,58.50,126.25,0.9249,2,2,-1
512,43,1510.51,568.91,56.45,121.90,0.8586,2,-1,-1
513,17,314.13,556.69,56.87,115.01,0.9295,1,3,-1
513,20,329.49,718.62,56.51,154.66,0.9349,2,2,-1
513,21,667.00,584.34,38.95,123.23,0.9395,2,2,-1
513,22,885.98,439.62,38.41,79.23,0.8377,2,2,-1
513,25,567.05,486.19,31.80,92.65,0.8921,2,1,-1
513,26,1463.04,543.95,40.15,69.90,0.7915,2,2,-1
513,28,1240.74,604.96,49.40,129.60,0.9333,2,1,-1
513,32,1866.58,836.38,54.85,179.22,0.8999,2,1,-1
513,33,1614.61,651.70,52.97,129.59,0.9349,2,2,-1
513,43,1515.53,566.49,53.18,123.92,0.8994,2,-1,-1
514,17,318.62,558.46,49.59,115.94,0.9287,1,3,-1
514,20,325.58,716.78,62.70,153.96,0.9340,2,2,-1
514,21,665.55,582.59,42.63,126.47,0.9288,2,2,-1
514,25,562.83,484.30,35.00,95.65,0.9029,2,1,-1
514,26,1459.39,545.01,42.18,71.44,0.8247,2,2,-1
514,28,1238.90,603.10,52.05,131.91,0.9409,2,1,-1
514,32,1870.99,842.86,50.89,171.49,0.8156,2,1,-1
514,33,1619.95,650.68,49.98,131.78,0.9243,2,2,-1
514,38,1446.93,607.97,64.64,112.65,0.7838,2,1,-1
514,43,1519.81,565.47,55.08,125.76,0.8785,2,1,-1
515,17,325.20,559.44,44.00,114.36,0.9172,1,3,-1
515,20,322.11,715.77,72.93,155.17,0.9375,2,2,-1
515,21,662.53,581.58,49.04,128.59,0.9273,2,2,-1
515,25,561.65,485.13,36.33,92.37,0.9069,2,1,-1
515,26,1457.81,546.60,42.03,72.60,0.8120,2,2,-1
515,28,1235.75,602.17,55.42,134.21,0.9377,2,1,-1
515,33,1623.16,648.72,47.13,133.95,0.9236,2,2,-1
515,38,1446.94,609.15,62.15,113.32,0.8014,2,1,-1
515,43,1520.28,563.65,57.70,127.93,0.9047,2,1,-1
516,17,329.35,558.69,41.60,117.26,0.9406,1,3,-1
516,20,318.74,715.83,87.75,152.78,0.9436,2,2,-1
516,21,659.99,580.34,56.82,120.12,0.9369,2,2,-1
516,28,1234.87,603.06,54.80,131.55,0.9380,2,1,-1
516,33,1625.62,648.13,47.91,133.34,0.9268,2,2,-1
516,38,1435.22,579.07,73.76,145.13,0.8499,2,1,-1
516,40,561.45,514.50,35.78,60.78,0.8888,2,2,-1
516,43,1520.97,562.93,59.89,129.74,0.8937,2,1,-1
516,0,856.71,491.72,11.83,12.37,1.0,0,-1,-1
517,17,328.05,557.13,43.93,120.05,0.9385,1,3,-1
517,20,317.12,717.93,91.35,150.24,0.9450,2,2,-1
517,21,658.80,580.24,64.80,119.52,0.9295,2,2,-1
517,28,1234.21,603.51,53.05,127.81,0.9380,2,1,-1
517,32,1894.88,878.88,36.45,140.26,0.5715,2,1,-1
517,33,1627.59,648.38,54.06,128.19,0.9380,2,2,-1
517,38,1435.64,588.59,67.20,135.96,0.8936,2,1,-1
517,40,563.51,526.49,31.67,48.84,0.8791,2,2,-1
517,43,1520.22,562.23,62.83,130.34,0.9001,2,1,-1
518,17,322.75,555.94,49.44,121.64,0.9339,1,3,-1
518,20,321.28,722.89,85.53,148.27,0.9489,2,2,-1
518,21,663.51,581.55,63.85,120.52,0.9330,2,2,-1
518,22,903.20,441.24,39.51,81.01,0.8845,2,2,-1
518,25,554.62,497.20,38.49,80.59,0.8229,2,1,-1
518,28,1233.59,606.05,52.08,124.65,0.9396,2,1,-1
518,32,1902.82,918.36,22.30,101.17,0.6744,2,1,-1
518,33,1628.70,650.68,58.62,124.33,0.9355,2,2,-1
518,38,1429.47,594.43,68.46,130.52,0.9018,2,1,-1
518,43,1519.25,564.16,65.34,128.39,0.8861,2,1,-1
519,17,319.34,555.17,57.07,118.31,0.9388,1,3,-1
519,20,330.72,724.33,81.26,148.90,0.9365,2,2,-1
519,21,673.49,582.46,56.03,121.96,0.9244,2,2,-1
519,22,903.82,441.92,46.18,82.47,0.9137,2,2,-1
519,24,855.60,442.70,41.96,80.30,0.9024,2,1,-1
519,25,548.96,491.67,45.27,89.35,0.9069,2,1,-1
519,28,1233.21,606.27,50.10,125.10,0.9384,2,1,-1
519,32,1905.19,934.59,16.03,78.55,0.7346,2,1,-1
519,33,1631.36,653.64,58.58,124.74,0.9318,2,2,-1
519,38,1423.16,586.28,65.99,140.07,0.9146,2,1,-1
519,43,1517.10,564.03,67.12,130.93,0.6395,2,1,-1
520,17,317.32,555.99,64.89,115.79,0.9375,1,3,-1
520,20,342.66,723.70,73.75,151.21,0.9496,2,2,-1
520,21,681.03,582.05,51.59,123.98,0.9296,2,2,-1
520,22,907.16,445.94,45.15,78.90,0.8652,2,2,-1
520,24,851.43,443.69,43.89,79.94,0.9085,2,1,-1
520,25,547.79,492.03,43.08,89.12,0.8918,2,1,-1
520,28,1233.62,605.64,48.73,126.75,0.9383,2,1,-1
520,32,1906.44,930.10,14.85,76.66,0.6632,2,1,-1
520,33,1634.02,655.81,55.92,123.37,0.9320,2,2,-1
520,38,1420.64,595.22,61.53,130.46,0.9198,2,1,-1
520,43,1516.06,569.37,66.50,127.30,0.7720,2,1,-1
521,17,315.72,557.56,69.28,114.89,0.9378,1,3,-1
521,20,349.60,721.68,67.49,154.57,0.9371,2,2,-1
521,21,687.40,581.13,48.42,125.85,0.9294,2,2,-1
521,22,909.32,461.30,43.18,64.21,0.9109,2,2,-1
521,24,851.17,445.75,42.98,78.36,0.7908,2,1,-1
521,25,546.86,490.86,42.62,91.31,0.8860,2,1,-1
521,28,1229.99,602.51,51.39,130.84,0.9327,2,1,-1
521,33,1638.79,654.81,51.39,125.22,0.9282,2,2,-1
521,38,1416.09,595.98,63.24,130.44,0.9257,2,1,-1
521,43,1514.51,572.36,65.45,124.57,0.8944,2,1,-1
522,17,317.47,559.21,65.84,115.81,0.9262,1,3,-1
522,20,352.05,718.64,63.44,158.36,0.9399,2,2,-1
522,21,690.38,578.08,45.63,129.23,0.9207,2,2,-1
522,22,913.96,478.03,32.60,46.92,0.5978,2,2,-1
522,24,849.33,450.81,40.49,73.46,0.6972,2,1,-1
522,25,545.64,489.85,42.32,92.20,0.9078,2,1,-1
522,28,1227.21,600.68,50.48,132.95,0.9325,2,1,-1
522,33,1643.90,653.58,49.05,126.52,0.9219,2,2,-1
522,38,1412.38,590.97,66.42,131.97,0.9329,2,1,-1
522,43,1515.31,572.10,62.74,125.86,0.9265,2,1,-1
523,17,324.11,561.78,59.25,113.72,0.9347,1,3,-1
523,20,354.47,716.14,62.11,161.03,0.9303,2,2,-1
523,21,693.00,576.42,43.71,129.03,0.9203,2,2,-1
523,24,846.89,450.07,39.41,74.59,0.9026,2,1,-1
523,25,543.21,492.72,41.14,88.45,0.9261,2,1,-1
523,28,1223.85,598.82,48.53,134.22,0.9422,2,1,-1
523,33,1649.64,651.51,47.05,129.77,0.9185,2,2,-1
523,38,1406.07,593.84,69.60,127.70,0.9383,2,1,-1
523,43,1517.12,571.85,59.42,126.64,0.9232,2,1,-1
524,17,331.26,561.09,55.59,115.54,0.9406,1,3,-1
524,20,356.60,715.09,63.67,159.65,0.9312,2,2,-1
524,21,694.33,575.64,44.71,121.21,0.9302,2,2,-1
524,24,845.69,448.97,37.16,76.48,0.8868,2,1,-1
524,25,543.81,504.98,36.99,77.00,0.8933,2,1,-1
524,26,1441.63,549.03,40.63,83.77,0.7199,2,2,-1
524,28,1220.31,598.52,48.18,134.26,0.9400,2,1,-1
524,33,1651.23,650.15,46.34,130.84,0.9295,2,2,-1
524,38,1400.66,595.62,70.91,128.16,0.9404,2,-1,-1
524,43,1521.34,570.75,56.06,128.97,0.9253,2,1,-1
524,48,1468.49,618.13,13.04,40.08,0.8112,2,-1,-1
525,17,335.77,560.49,53.70,117.44,0.9310,1,3,-1
525,20,358.50,715.66,65.07,153.17,0.9380,2,2,-1
525,21,696.31,575.98,51.37,119.24,0.9331,2,2,-1
525,24,843.84,446.67,36.18,79.67,0.8182,2,1,-1
525,25,538.48,497.81,38.01,83.00,0.9026,2,1,-1
525,26,1436.01,548.47,40.29,86.40,0.7676,2,2,-1
525,28,1217.61,598.76,47.80,128.59,0.9238,2,1,-1
525,33,1654.87,650.13,50.59,131.62,0.9236,2,2,-1
525,38,1395.19,596.95,70.12,127.85,0.9269,2,2,-1
525,43,1524.13,563.07,55.49,137.20,0.8996,2,1,-1
525,48,1465.43,619.01,12.92,40.34,0.7788,2,-1,-1
526,17,336.13,558.59,52.56,119.84,0.9217,1,3,-1
526,20,361.12,718.06,65.23,151.30,0.9457,2,2,-1
526,21,699.74,578.59,53.56,119.03,0.9356,2,2,-1
526,24,843.12,445.46,33.89,80.97,0.7857,2,1,-1
526,25,534.45,493.63,37.14,87.98,0.9116,2,1,-1
526,26,1438.59,550.41,35.86,83.29,0.8650,2,2,-1
526,28,1213.11,601.05,51.26,125.85,0.9217,2,1,-1
526,33,1657.12,652.89,55.04,129.71,0.9342,2,2,-1
526,38,1389.82,596.43,68.42,128.62,0.9328,2,2,-1
526,43,1525.48,565.25,50.63,136.89,0.8774,2,1,-1
526,48,1463.16,619.78,12.95,40.92,0.8191,2,-1,-1
527,17,338.77,557.36,49.47,121.66,0.9228,1,3,-1
527,20,367.67,722.26,65.92,148.95,0.9405,2,2,-1
527,21,703.64,581.91,54.23,119.08,0.9318,2,2,-1
527,25,532.75,498.04,35.35,84.27,0.9136,2,1,-1
527,26,1432.48,550.30,42.41,107.31,0.8668,2,2,-1
527,28,1210.68,602.32,54.08,126.08,0.9265,2,1,-1
527,33,1659.95,655.37,58.27,128.49,0.9338,2,2,-1
527,38,1387.64,595.09,65.11,129.26,0.9192,2,2,-1
527,43,1535.55,621.33,31.22,80.76,0.7090,2,1,-1
527,48,1461.74,622.61,12.23,39.59,0.7277,2,-1,-1
528,17,342.72,556.72,46.87,121.09,0.9195,1,3,-1
528,20,373.90,725.07,65.87,149.57,0.9459,2,2,-1
528,21,706.77,583.29,56.20,119.17,0.9361,2,2,-1
528,22,921.88,472.49,31.19,53.65,0.8455,2,2,-1
528,25,528.41,497.70,36.07,85.67,0.9184,2,1,-1
528,26,1433.79,550.44,39.29,102.46,0.8745,2,2,-1
528,28,1208.83,602.65,55.35,126.61,0.9323,2,1,-1
528,33,1663.20,659.15,56.04,123.61,0.9343,2,2,-1
528,38,1385.32,593.87,64.59,130.72,0.9220,2,2,-1
528,43,1524.16,568.86,48.86,128.70,0.8246,2,1,-1
528,48,1460.54,623.96,11.94,38.71,0.7629,2,-1,-1
529,17,346.65,555.42,46.38,118.29,0.9286,1,3,-1
529,20,382.88,726.01,60.39,148.54,0.9260,2,2,-1
529,21,710.65,582.93,60.36,120.35,0.9323,2,2,-1
529,22,925.44,473.03,30.03,52.99,0.8601,2,2,-1
529,25,525.80,495.14,36.37,89.24,0.8748,2,1,-1
529,26,1434.12,552.45,38.59,107.79,0.8887,2,2,-1
529,28,1208.12,601.65,55.64,128.05,0.9305,2,1,-1
529,33,1667.08,659.48,53.13,123.51,0.9292,2,2,-1
529,38,1381.22,593.79,65.33,131.13,0.9116,2,2,-1
529,43,1559.26,587.41,15.63,40.25,0.6127,2,1,-1
530,17,350.98,558.49,46.21,113.37,0.9264,1,3,-1
530,20,391.03,723.59,54.69,151.99,0.9398,2,2,-1
530,21,714.74,580.58,59.17,124.32,0.9332,2,2,-1
530,22,927.72,476.14,28.51,50.81,0.8970,2,2,-1
530,24,841.13,445.46,31.57,84.78,0.8484,2,1,-1
530,25,531.01,523.53,27.16,61.25,0.8437,2,1,-1
530,26,1433.17,552.94,39.15,112.97,0.9051,2,2,-1
530,28,1208.07,599.71,55.72,130.39,0.9303,2,1,-1
530,33,1670.51,658.74,50.96,123.15,0.9268,2,2,-1
530,38,1378.29,594.81,66.57,128.50,0.9131,2,2,-1
531,17,354.94,560.51,45.06,114.50,0.9329,1,3,-1
531,20,392.21,720.20,56.56,155.55,0.9303,2,2,-1
531,21,722.19,578.80,53.44,127.13,0.9285,2,2,-1
531,22,929.84,481.95,25.78,46.09,0.8910,2,2,-1
531,24,843.81,450.12,31.27,80.94,0.8925,2,1,-1
531,25,530.35,522.25,27.66,63.48,0.8528,2,1,-1
531,26,1432.91,553.96,38.11,112.32,0.9030,2,2,-1
531,28,1210.06,599.16,54.03,131.80,0.9329,2,1,-1
531,33,1672.28,656.38,54.17,126.16,0.9247,2,2,-1
531,38,1374.93,595.63,65.50,128.14,0.9057,2,2,-1
531,50,1527.43,573.38,48.02,135.36,0.8723,2,-1,-1
532,17,362.56,563.02,43.22,113.05,0.9283,1,3,-1
532,20,392.16,718.82,61.48,156.58,0.9367,2,2,-1
532,21,728.91,577.74,49.68,126.25,0.9329,2,2,-1
532,22,924.97,460.08,34.40,68.70,0.8727,2,2,-1
532,24,844.45,452.00,32.76,80.39,0.8969,2,1,-1
532,25,529.27,522.04,27.64,62.96,0.8457,2,1,-1
532,26,1433.44,555.10,37.72,113.56,0.9111,2,2,-1
532,28,1211.97,599.84,51.87,129.62,0.9311,2,1,-1
532,33,1673.23,653.94,53.16,129.00,0.9362,2,2,-1
532,38,1373.60,598.79,66.41,126.17,0.9144,2,2,-1
532,50,1529.24,572.08,48.70,137.47,0.8859,2,-1,-1
533,17,371.55,564.22,40.09,112.84,0.9298,1,3,-1
533,20,394.42,718.24,72.89,154.26,0.9360,2,2,-1
533,21,734.45,577.00,50.55,124.18,0.9351,2,2,-1
533,22,933.43,478.51,25.26,50.68,0.9031,2,2,-1
533,24,847.02,473.10,28.36,59.20,0.8885,2,1,-1
533,25,527.20,514.92,29.82,67.85,0.8499,2,1,-1
533,26,1434.25,555.12,37.12,114.01,0.9188,2,2,-1
533,28,1214.85,600.12,48.41,127.32,0.9317,2,1,-1
533,33,1674.41,651.97,53.00,133.05,0.9318,2,2,-1
533,38,1369.15,601.85,69.76,122.79,0.9140,2,2,-1
533,50,1534.77,572.53,48.39,138.45,0.9070,2,-1,-1
534,17,377.95,561.92,38.76,115.56,0.9284,1,3,-1
534,20,394.72,717.42,82.72,152.27,0.9385,2,2,-1
534,21,738.07,577.26,54.55,119.74,0.9416,2,2,-1
534,22,933.93,472.68,25.90,56.03,0.9024,2,2,-1
534,24,844.81,459.65,32.62,73.36,0.8859,2,1,-1
534,25,523.54,505.08,33.64,77.77,0.8282,2,1,-1
534,26,1434.55,555.70,37.02,114.14,0.9127,2,2,-1
534,28,1216.89,602.99,47.21,124.06,0.9332,2,1,-1
534,33,1677.00,651.65,51.93,132.72,0.9294,2,2,-1
534,38,1365.65,602.23,69.33,122.78,0.9173,2,2,-1
534,50,1537.34,572.52,47.01,139.78,0.7922,2,1,-1
534,0,885.75,497.42,13.11,14.20,1.0,0,-1,-1
535,17,381.42,560.17,41.71,117.30,0.9377,1,3,-1
535,20,400.57,720.70,80.68,149.84,0.9506,2,2,-1
535,21,741.89,580.10,55.33,117.15,0.9388,2,2,-1
535,22,935.74,473.93,26.55,54.95,0.7594,2,2,-1
535,24,853.58,486.33,21.23,46.96,0.5921,2,1,-1
535,25,520.85,496.22,37.07,87.46,0.8527,2,1,-1
535,26,1435.62,555.95,36.43,114.54,0.8964,2,2,-1
535,28,1219.04,605.44,45.55,121.06,0.9316,2,1,-1
535,33,1679.33,652.83,52.14,132.24,0.9222,2,2,-1
535,38,1364.28,601.17,65.65,124.84,0.9184,2,2,-1
535,50,1540.99,573.17,44.76,137.58,0.8785,2,1,-1
535,0,890.10,498.34,13.30,14.55,1.0,0,-1,-1
536,17,381.07,556.89,46.95,121.96,0.9354,1,3,-1
536,20,408.55,723.59,79.10,147.93,0.9476,2,2,-1
536,21,749.49,582.01,54.01,114.77,0.9424,2,2,-1
536,25,520.69,499.10,37.62,85.80,0.8936,2,1,-1
536,26,1436.66,557.24,35.47,114.30,0.8884,2,2,-1
536,28,1220.59,606.29,44.28,121.03,0.9338,2,1,-1
536,30,1555.88,656.23,25.53,56.31,0.8614,2,2,-1
536,33,1681.72,654.40,52.63,130.56,0.9285,2,2,-1
536,38,1362.83,600.81,63.50,126.35,0.9277,2,2,-1
536,0,894.33,499.91,13.33,14.03,1.0,0,-1,-1
537,17,382.51,553.01,53.18,123.61,0.9310,1,3,-1
537,20,424.44,725.32,73.16,147.32,0.9422,2,2,-1
537,21,757.08,581.08,54.69,118.51,0.9361,2,2,-1
537,25,522.81,501.44,37.20,84.05,0.8776,2,1,-1
537,26,1438.05,559.85,34.20,111.91,0.8325,2,2,-1
537,28,1222.34,605.68,44.44,121.96,0.9357,2,1,-1
537,30,1546.73,580.56,47.34,111.62,0.7889,2,2,-1
537,33,1682.85,656.78,55.23,129.86,0.9323,2,2,-1
537,38,1361.64,601.06,62.73,126.18,0.9405,2,2,-1
537,0,899.06,502.82,12.62,11.90,1.0,0,-1,-1
538,17,385.03,553.89,59.07,120.23,0.9306,1,3,-1
538,20,436.68,725.72,68.36,149.46,0.9402,2,2,-1
538,21,764.32,580.81,55.58,118.69,0.9352,2,2,-1
538,25,525.20,505.95,35.24,79.38,0.8688,2,1,-1
538,26,1438.71,560.57,34.22,112.21,0.8659,2,2,-1
538,28,1222.71,604.23,47.90,123.84,0.9382,2,1,-1
538,30,1551.58,579.14,44.12,120.84,0.8981,2,2,-1
538,33,1684.96,657.40,57.52,129.15,0.9337,2,2,-1
538,38,1358.38,601.28,64.10,126.90,0.9360,2,2,-1
539,17,387.65,558.96,61.10,113.91,0.9369,1,3,-1
539,20,447.15,723.59,62.90,151.30,0.9404,2,2,-1
539,21,768.09,578.91,52.93,123.16,0.9296,2,2,-1
539,22,944.25,473.58,28.76,51.53,0.8095,2,2,-1
539,25,529.26,516.96,30.84,68.08,0.8567,2,1,-1
539,26,1438.72,559.75,34.60,114.31,0.8619,2,2,-1
539,28,1221.82,602.35,49.73,127.42,0.9388,2,1,-1
539,30,1553.75,578.42,45.70,129.46,0.7815,2,2,-1
539,33,1687.67,656.43,57.36,128.82,0.9284,2,2,-1
539,38,1354.46,601.61,67.94,126.74,0.9437,2,2,-1
540,17,390.99,561.71,64.80,112.77,0.9291,1,3,-1
540,18,-1.27,622.46,22.19,124.81,0.7490,2,1,-1
540,20,452.70,719.85,62.82,156.77,0.9212,2,2,-1
540,21,772.59,576.43,45.84,124.25,0.9308,2,2,-1
540,22,945.57,474.23,30.74,52.43,0.8348,2,2,-1
540,25,529.50,519.46,30.68,66.08,0.8574,2,1,-1
540,26,1438.86,559.62,34.70,114.38,0.8634,2,2,-1
540,28,1219.75,602.08,51.45,127.07,0.9426,2,1,-1
540,30,1564.51,664.26,17.21,51.12,0.8121,2,2,-1
540,33,1687.96,655.00,58.04,129.60,0.9292,2,2,-1
540,38,1353.16,600.67,68.11,127.21,0.9442,2,2,-1
541,17,397.92,565.25,62.57,111.42,0.9341,1,3,-1
541,18,0.38,619.68,30.21,134.70,0.9139,2,1,-1
541,20,459.15,717.38,64.60,160.94,0.9326,2,2,-1
541,21,776.85,574.97,43.11,123.69,0.9225,2,2,-1
541,22,938.56,456.61,40.55,71.60,0.8707,2,2,-1
541,25,527.00,494.22,36.65,90.37,0.8978,2,1,-1
541,26,1439.27,559.68,32.83,107.73,0.6264,2,2,-1
541,28,1218.33,602.10,52.99,126.37,0.9427,2,1,-1
541,30,1566.04,664.29,16.80,52.34,0.7487,2,2,-1
541,33,1695.29,652.80,53.02,131.39,0.9302,2,2,-1
541,38,1352.19,599.06,68.65,127.39,0.9375,2,2,-1
542,17,404.59,565.82,56.61,110.72,0.9325,1,3,-1
542,18,2.73,618.76,45.53,134.10,0.9231,2,1,-1
542,20,463.63,715.01,64.97,156.79,0.9354,2,2,-1
542,21,781.09,575.57,43.08,121.21,0.9372,2,2,-1
542,22,941.70,453.63,40.99,76.08,0.7696,2,2,-1
542,25,530.04,490.45,34.45,94.08,0.9156,2,1,-1
542,26,1449.11,624.47,17.75,49.24,0.5580,2,2,-1
542,28,1216.35,602.35,54.99,125.11,0.9412,2,1,-1
542,33,1703.00,651.15,45.58,133.04,0.9243,2,2,-1
542,38,1350.71,598.81,71.60,127.86,0.9340,2,2,-1
542,50,1564.11,581.03,50.97,140.98,0.8563,2,1,-1
543,17,415.24,564.47,49.47,112.91,0.9390,1,3,-1
543,18,3.33,618.99,60.30,132.28,0.9293,2,1,-1
543,20,470.11,716.99,65.59,149.90,0.9446,2,2,-1
543,21,784.04,576.07,43.77,119.51,0.9346,2,2,-1
543,22,942.44,453.40,40.54,77.24,0.7269,2,2,-1
543,25,531.51,493.24,34.39,91.22,0.9189,2,1,-1
543,28,1213.66,602.23,56.57,125.02,0.9405,2,1,-1
543,33,1705.11,650.84,45.17,134.29,0.9333,2,2,-1
543,38,1350.44,598.33,74.61,128.47,0.9194,2,2,-1
543,48,1442.20,601.25,30.94,74.01,0.7952,2,-1,-1
543,50,1598.55,669.00,19.26,49.32,0.8142,2,1,-1
544,17,428.91,563.50,43.28,114.72,0.9397,1,3,-1
544,18,1.73,620.44,70.23,132.36,0.9312,2,1,-1
544,20,476.06,718.32,64.70,148.18,0.9387,2,2,-1
544,21,786.81,577.93,45.61,117.61,0.9347,2,2,-1
544,22,946.32,461.66,36.19,69.09,0.8436,2,2,-1
544,25,532.48,493.67,34.82,90.92,0.9254,2,1,-1
544,28,1212.21,601.54,56.22,125.59,0.9428,2,1,-1
544,30,1573.93,675.63,14.09,42.95,0.6967,2,2,-1
544,33,1706.91,652.04,46.47,134.04,0.9250,2,2,-1
544,38,1351.02,597.10,77.51,130.65,0.9105,2,2,-1
544,43,1602.80,672.18,20.45,46.87,0.7951,2,1,-1
544,48,1440.70,601.41,31.36,72.82,0.8482,2,-1,-1
545,17,438.39,563.20,39.91,115.23,0.9342,1,3,-1
545,18,2.52,623.27,71.55,131.64,0.9332,2,1,-1
545,20,486.44,720.48,59.59,146.96,0.9371,2,2,-1
545,21,788.60,578.37,45.79,117.01,0.9279,2,2,-1
545,22,948.22,474.58,32.13,56.14,0.8750,2,2,-1
545,25,532.89,497.08,35.70,87.71,0.9235,2,1,-1
545,28,1209.52,600.31,55.32,127.79,0.9279,2,1,-1
545,30,1575.39,676.49,14.11,43.19,0.7591,2,2,-1
545,33,1707.98,653.42,47.66,134.01,0.9235,2,2,-1
545,38,1350.30,596.26,79.79,132.06,0.8849,2,2,-1
545,43,1571.64,583.44,55.05,139.24,0.8236,2,1,-1
545,48,1439.83,601.84,31.06,73.31,0.8430,2,-1,-1
546,17,441.35,560.22,40.39,118.79,0.9288,1,3,-1
546,18,13.09,623.66,74.83,132.38,0.9289,2,1,-1
546,20,497.90,721.63,56.54,146.87,0.9392,2,2,-1
546,21,792.30,577.66,47.41,118.71,0.9238,2,2,-1
546,22,947.39,474.54,32.16,56.49,0.7572,2,2,-1
546,25,534.78,502.46,35.57,83.63,0.9190,2,1,-1
546,28,1207.90,599.36,55.01,128.91,0.9313,2,1,-1
546,33,1709.94,654.15,48.01,133.82,0.9254,2,2,-1
546,38,1348.96,596.05,80.97,132.73,0.8902,2,2,-1
546,43,1571.72,584.21,54.10,139.31,0.9222,2,1,-1
546,48,1433.38,563.24,41.58,113.04,0.7941,2,-1,-1
547,17,446.49,561.14,40.06,117.55,0.9400,1,3,-1
547,18,37.04,623.46,65.38,133.05,0.9310,2,1,-1
547,20,510.32,721.47,50.46,147.61,0.9415,2,2,-1
547,21,798.68,576.00,50.03,121.58,0.9345,2,2,-1
547,22,947.22,470.84,33.26,60.70,0.7612,2,2,-1
547,25,535.07,503.17,35.06,83.67,0.9236,2,1,-1
547,26,1450.14,639.36,16.58,38.32,0.8266,2,2,-1
547,28,1207.09,598.76,55.07,130.05,0.9279,2,1,-1
547,33,1711.98,654.34,48.37,135.42,0.9189,2,2,-1
547,38,1349.09,596.41,80.91,132.54,0.8844,2,2,-1
547,43,1577.02,606.34,50.24,118.10,0.8894,2,1,-1
547,54,848.55,457.15,33.06,83.29,0.5308,2,-1,-1
548,17,449.66,561.82,43.02,116.92,0.9317,1,3,-1
548,18,48.56,621.57,60.99,134.70,0.9383,2,1,-1
548,20,518.19,719.94,50.71,148.48,0.9319,2,2,-1
548,21,803.44,574.22,52.65,122.80,0.9288,2,2,-1
548,22,945.42,462.58,36.88,69.59,0.5873,2,2,-1
548,25,535.33,498.83,34.65,88.03,0.9245,2,1,-1
548,28,1204.95,598.25,55.37,131.06,0.9246,2,1,-1
548,33,1714.20,654.60,47.96,136.15,0.9211,2,2,-1
548,38,1350.16,597.43,79.69,133.19,0.8864,2,2,-1
548,43,1573.24,581.30,58.42,144.13,0.8517,2,1,-1
548,48,1437.48,573.76,35.46,104.32,0.7288,2,2,-1
548,50,1612.06,678.85,17.06,45.84,0.7736,2,1,-1
549,17,454.62,564.80,42.13,113.52,0.7251,1,3,-1
549,18,54.75,619.36,62.81,136.28,0.9382,2,1,-1
549,20,518.93,717.47,57.23,152.61,0.9335,2,2,-1
549,21,808.14,572.50,53.42,125.09,0.9297,2,2,-1
549,22,950.02,478.01,27.39,54.35,0.8322,2,2,-1
549,25,535.85,498.44,33.62,88.28,0.9345,2,1,-1
549,28,1206.12,597.75,51.77,132.37,0.9279,2,1,-1
549,33,1713.76,654.20,48.74,138.35,0.9154,2,2,-1
549,38,1350.57,599.02,78.24,133.60,0.8884,2,2,-1
549,43,1575.24,586.76,55.88,139.73,0.8234,2,1,-1
549,48,1442.53,605.38,26.54,73.30,0.8313,2,2,-1
549,50,1614.49,679.45,16.79,46.59,0.8004,2,1,-1
549,54,844.58,460.07,37.25,82.02,0.7690,2,-1,-1
549,55,-1.42,569.94,20.28,84.90,0.8517,2,-1,-1
550,17,459.73,565.71,43.51,113.45,0.9459,1,3,-1
550,18,59.23,618.17,68.31,138.21,0.9369,2,1,-1
550,20,522.41,714.39,61.45,154.45,0.9382,2,2,-1
550,21,811.55,572.06,51.27,125.82,0.9325,2,2,-1
550,22,951.17,482.64,25.62,50.42,0.7592,2,2,-1
550,25,536.11,496.76,34.62,90.86,0.9297,2,1,-1
550,28,1206.53,598.53,49.83,133.10,0.9266,2,1,-1
550,33,1712.71,653.70,50.51,137.67,0.9300,2,2,-1
550,38,1351.47,599.88,77.35,133.06,0.9002,2,2,-1
550,43,1580.74,592.83,52.30,134.91,0.8254,2,1,-1
550,48,1442.42,605.61,27.27,73.03,0.8572,2,2,-1
550,54,842.54,460.36,40.20,82.53,0.7564,1,-1,-1
550,55,-0.26,553.06,23.21,101.76,0.9050,2,-1,-1
551,17,463.56,563.70,40.31,115.42,0.9264,1,3,-1
551,18,66.66,618.68,75.03,133.25,0.9466,2,-1,-1
551,20,524.85,713.36,68.33,152.58,0.9403,2,2,-1
551,21,815.73,572.56,48.38,124.35,0.9335,2,2,-1
551,22,951.08,480.07,27.30,53.50,0.7102,2,2,-1
551,25,536.88,496.36,34.57,91.53,0.9259,2,1,-1
551,28,1205.29,599.48,49.59,132.65,0.9240,2,1,-1
551,33,1713.00,653.37,47.72,134.15,0.9325,2,2,-1
551,38,1350.39,600.71,70.69,132.40,0.8930,2,2,-1
551,43,1582.83,591.42,52.69,137.42,0.6593,2,1,-1
551,48,1439.88,605.63,30.29,73.64,0.8826,2,2,-1
551,54,841.50,461.89,41.17,81.31,0.6833,2,2,-1
551,55,0.71,547.78,27.85,107.70,0.9139,2,-1,-1
552,17,469.69,565.56,37.27,113.71,0.8843,1,3,-1
552,18,76.13,618.66,76.55,129.94,0.9451,2,2,-1
552,20,527.16,713.74,78.79,148.51,0.9425,2,2,-1
552,21,817.80,574.00,49.09,123.25,0.9336,2,2,-1
552,25,536.76,495.77,33.93,91.95,0.9203,2,1,-1
552,28,1202.74,600.20,48.85,131.08,0.9225,2,1,-1
552,33,1713.76,652.95,46.29,133.78,0.9320,2,2,-1
552,38,1351.94,602.33,71.44,131.81,0.9064,2,2,-1
552,48,1436.35,605.46,33.68,75.33,0.8852,2,2,-1
552,50,1619.64,681.81,16.66,45.83,0.6829,2,1,-1
552,54,840.54,463.75,41.72,80.05,0.6385,2,2,-1
552,55,1.33,547.14,34.85,108.99,0.9212,2,-1,-1
553,17,475.08,565.85,34.91,114.69,0.9118,1,3,-1
553,18,88.84,620.93,73.02,132.61,0.9411,2,2,-1
553,20,534.38,715.33,79.54,147.91,0.9559,2,2,-1
553,21,821.01,576.63,50.74,120.28,0.9339,2,2,-1
553,22,953.20,489.80,24.22,46.80,0.6449,2,2,-1
553,25,537.06,494.42,34.30,94.07,0.9025,2,1,-1
553,28,1202.27,601.63,47.35,128.49,0.9231,2,1,-1
553,33,1714.61,653.21,45.78,133.92,0.9223,2,2,-1
553,38,1351.25,602.18,68.73,131.23,0.9018,2,2,-1
553,48,1436.08,605.93,35.04,75.65,0.8937,2,2,-1
553,50,1620.98,681.99,17.11,46.98,0.5760,2,1,-1
553,54,838.48,464.79,43.40,80.16,0.7576,2,2,-1
553,55,1.15,547.36,40.75,107.83,0.9265,2,-1,-1
554,17,481.21,564.13,33.55,117.45,0.8818,1,3,-1
554,18,103.57,624.46,64.36,131.33,0.9280,2,2,-1
554,20,545.48,718.74,78.99,146.98,0.9494,2,2,-1
554,21,822.64,577.82,55.23,119.37,0.9380,2,2,-1
554,22,951.89,482.96,27.07,55.13,0.8131,2,2,-1
554,25,536.90,493.87,34.22,96.23,0.9025,2,1,-1
554,28,1199.58,601.38,48.01,128.09,0.9278,2,1,-1
554,30,1594.55,678.20,17.02,49.99,0.5230,2,2,-1
554,33,1715.86,653.28,46.10,134.90,0.9085,2,2,-1
554,38,1350.61,602.70,62.63,129.70,0.9188,2,2,-1
554,48,1436.53,609.06,35.23,73.43,0.8976,2,2,-1
554,54,837.00,466.41,43.65,80.39,0.6081,2,2,-1
554,55,1.33,546.22,46.03,109.48,0.9229,2,2,-1
555,17,482.79,562.04,35.52,119.71,0.9236,1,3,-1
555,18,123.16,624.79,52.67,131.71,0.9293,2,2,-1
555,20,557.95,719.63,76.54,147.57,0.9415,2,2,-1
555,21,827.59,578.81,56.79,118.94,0.9345,2,2,-1
555,22,955.91,492.10,22.72,46.59,0.7383,2,2,-1
555,25,535.91,494.32,34.86,95.68,0.8981,2,1,-1
555,28,1198.38,600.00,45.90,130.84,0.9294,2,1,-1
555,33,1717.88,653.12,45.48,135.94,0.9114,2,2,-1
555,38,1350.29,602.54,55.69,131.03,0.9219,2,2,-1
555,43,1596.05,602.05,46.32,129.69,0.7078,2,1,-1
555,48,1437.83,609.19,34.57,74.52,0.8986,2,2,-1
555,54,835.35,465.94,43.10,80.74,0.7555,2,2,-1
555,55,0.82,548.62,48.48,107.04,0.9177,2,2,-1
556,17,485.96,560.77,40.17,122.06,0.9331,1,3,-1
556,18,136.28,624.08,48.29,131.75,0.9381,2,2,-1
556,20,574.01,718.91,68.84,148.77,0.9411,2,2,-1
556,21,834.23,577.88,57.50,120.29,0.9325,2,2,-1
556,25,535.28,493.68,36.09,96.58,0.8876,2,1,-1
556,28,1195.18,598.90,44.02,132.29,0.9261,2,1,-1
556,33,1718.99,654.27,44.75,136.58,0.9235,2,2,-1
556,38,1349.06,601.95,49.43,133.68,0.9145,2,2,-1
556,43,1599.62,604.84,42.36,128.19,0.8175,2,1,-1
556,48,1437.93,611.37,33.61,74.64,0.8777,2,2,-1
556,55,1.27,550.01,47.57,105.97,0.9248,2,2,-1
557,17,487.14,561.50,48.08,122.37,0.9298,1,3,-1
557,18,139.07,620.69,55.30,134.08,0.9410,2,2,-1
557,20,586.05,717.49,61.99,149.37,0.9322,2,2,-1
557,21,839.54,576.35,55.79,120.96,0.9309,2,2,-1
557,25,540.03,495.28,24.51,49.51,0.7953,2,1,-1
557,28,1193.53,597.94,43.75,133.02,0.9283,2,1,-1
557,30,1606.33,688.48,18.49,45.14,0.6219,2,2,-1
557,33,1720.25,654.34,43.92,137.78,0.9101,2,2,-1
557,38,1349.75,602.12,44.79,131.19,0.9213,2,2,-1
557,40,542.09,533.42,28.56,57.12,0.8057,2,2,-1
557,48,1431.69,574.10,41.67,110.33,0.8655,2,2,-1
557,54,825.76,461.57,40.30,85.61,0.7706,2,2,-1
557,55,2.08,551.43,47.10,103.20,0.9199,2,2,-1
558,17,487.25,561.96,54.71,122.85,0.9180,1,3,-1
558,18,142.31,619.34,62.80,136.88,0.9373,2,2,-1
558,20,592.15,714.49,61.09,151.41,0.9424,2,2,-1
558,21,841.79,574.45,50.81,123.55,0.9378,2,2,-1
558,24,958.06,508.33,17.60,32.67,0.6480,2,1,-1
558,28,1191.77,599.40,44.05,133.18,0.9356,2,1,-1
558,33,1720.76,655.25,43.05,136.63,0.9317,2,2,-1
558,38,1348.95,602.33,43.29,132.39,0.9279,2,2,-1
558,40,533.23,495.92,40.82,95.85,0.8157,2,2,-1
558,43,1606.46,602.95,38.66,132.75,0.8694,2,1,-1
558,48,1423.31,567.07,44.82,114.77,0.8814,2,2,-1
558,54,824.08,462.17,34.92,85.67,0.8438,2,2,-1
558,55,10.63,552.86,49.90,102.98,0.9295,2,2,-1
559,17,486.87,564.34,61.21,121.08,0.9186,1,3,-1
559,18,147.62,618.98,78.09,133.69,0.9446,2,2,-1
559,20,598.55,712.36,62.76,156.31,0.9285,2,2,-1
559,21,845.04,572.42,43.96,125.32,0.9419,2,2,-1
559,22,953.83,494.03,23.08,47.87,0.6215,2,2,-1
559,28,1189.37,600.93,46.27,131.69,0.9314,2,1,-1
559,33,1721.45,656.55,42.64,136.22,0.9338,2,2,-1
559,38,1345.94,603.22,44.70,132.20,0.9287,2,2,-1
559,40,533.89,493.83,38.88,98.63,0.8511,2,2,-1
559,43,1609.40,602.02,37.23,135.68,0.8347,2,1,-1
559,48,1416.28,567.13,50.65,116.27,0.9060,2,2,-1
559,54,821.98,460.69,34.95,88.07,0.8809,2,2,-1
559,55,19.77,552.33,50.03,103.70,0.9209,2,2,-1
560,17,487.28,565.59,63.49,120.58,0.9302,1,3,-1
560,18,153.55,619.55,85.42,130.90,0.9447,2,2,-1
560,20,603.53,710.19,66.58,155.25,0.9269,2,2,-1
560,21,847.66,571.80,40.71,125.99,0.9265,2,2,-1
560,28,1184.05,601.67,50.46,131.80,0.9433,2,1,-1
560,33,1721.67,658.28,43.14,135.22,0.9263,2,2,-1
560,38,1340.76,602.63,48.24,133.55,0.9374,2,2,-1
560,40,534.22,493.53,39.20,99.42,0.8737,2,2,-1
560,43,1610.38,599.21,37.38,140.20,0.7360,2,1,-1
560,48,1414.11,567.87,53.09,116.86,0.9154,2,2,-1
560,54,820.27,463.52,36.52,86.42,0.9132,2,2,-1
560,55,24.92,550.73,51.99,105.10,0.9296,2,2,-1
561,17,488.10,567.64,62.47,118.37,0.8117,1,3,-1
561,18,161.27,622.00,81.36,129.66,0.9505,2,2,-1
561,20,608.46,710.82,68.34,149.02,0.9397,2,2,-1
561,21,849.63,571.52,39.80,125.67,0.9176,2,2,-1
561,28,1182.45,602.48,53.48,131.82,0.9412,2,1,-1
561,33,1721.59,658.60,44.15,134.52,0.9236,2,2,-1
561,38,1335.91,602.63,52.54,133.81,0.9403,2,2,-1
561,40,536.09,494.67,37.37,98.52,0.8832,2,2,-1
561,43,1619.15,600.69,21.28,70.51,0.6033,2,1,-1
561,48,1413.46,566.85,53.96,117.66,0.9128,2,2,-1
561,54,818.13,464.76,38.05,85.44,0.9194,2,2,-1
561,55,28.61,550.20,51.20,105.95,0.9315,2,2,-1
562,17,492.20,568.54,60.05,117.33,0.8096,1,3,-1
562,18,174.55,623.31,74.44,129.45,0.9381,2,2,-1
562,20,616.92,712.56,67.12,144.96,0.9413,2,2,-1
562,21,852.02,572.14,40.43,125.92,0.9194,2,2,-1
562,22,956.89,506.46,19.17,36.78,0.6848,2,2,-1
562,28,1182.11,603.00,54.80,131.33,0.9391,2,1,-1
562,33,1721.48,658.45,45.41,135.13,0.9242,2,2,-1
562,38,1334.80,602.84,54.16,134.29,0.9391,2,2,-1
562,40,538.48,494.90,36.51,98.08,0.8912,2,2,-1
562,48,1410.69,566.53,56.67,118.87,0.9066,2,2,-1
562,50,1623.52,688.47,23.38,52.41,0.8048,2,1,-1
562,54,812.25,464.53,43.99,86.23,0.9257,2,2,-1
562,55,30.48,548.80,50.54,108.01,0.9316,2,2,-1
563,17,498.43,568.55,54.26,117.53,0.8740,1,3,-1
563,18,191.87,623.56,71.16,129.50,0.9344,2,2,-1
563,20,629.39,714.24,61.80,145.78,0.9376,2,2,-1
563,21,853.18,573.92,41.41,123.08,0.9263,2,2,-1
563,22,957.07,506.41,19.97,37.40,0.6059,2,2,-1
563,28,1182.15,603.13,55.53,132.41,0.9385,2,1,-1
563,30,1624.00,693.40,23.73,48.27,0.7934,2,2,-1
563,33,1720.52,655.28,46.23,136.96,0.9302,2,2,-1
563,38,1334.81,602.68,54.52,134.50,0.9378,2,2,-1
563,40,542.56,495.34,34.82,97.90,0.8792,2,2,-1
563,48,1409.02,566.97,58.97,119.59,0.9128,2,2,-1
563,54,808.76,466.49,48.22,84.74,0.9265,2,2,-1
563,55,33.59,548.47,51.13,109.22,0.9326,2,2,-1
564,17,506.39,568.66,47.36,117.42,0.9147,1,3,-1
564,18,211.06,622.39,62.86,130.70,0.9267,2,2,-1
564,20,642.63,716.32,57.74,144.33,0.9311,2,2,-1
564,21,854.23,575.50,42.12,121.32,0.9329,2,2,-1
564,28,1181.97,602.66,53.72,132.12,0.9382,2,1,-1
564,30,1620.66,667.23,29.89,73.92,0.8286,2,2,-1
564,33,1719.89,655.39,45.00,135.66,0.9333,2,2,-1
564,38,1336.11,604.05,53.23,134.00,0.9355,2,2,-1
564,40,544.22,495.92,33.37,96.83,0.8975,2,2,-1
564,48,1408.48,566.50,61.01,120.20,0.9114,2,2,-1
564,54,806.81,466.42,50.09,85.58,0.9314,2,2,-1
564,55,36.85,550.12,52.03,107.55,0.9345,2,2,-1
565,17,513.63,569.60,41.91,116.10,0.8973,1,3,-1
565,18,221.87,618.71,58.55,133.47,0.9380,2,2,-1
565,20,657.40,716.79,50.80,144.25,0.9343,2,2,-1
565,21,856.92,576.54,42.47,120.62,0.9295,2,2,-1
565,28,1180.39,602.53,53.29,132.46,0.9337,2,1,-1
565,30,1620.79,665.07,29.58,76.48,0.8577,2,-1,-1
565,33,1719.45,655.39,43.09,135.96,0.9378,2,2,-1
565,38,1337.34,604.64,50.59,133.00,0.9418,2,2,-1
565,40,545.60,490.74,34.43,102.46,0.8741,2,-1,-1
565,48,1409.19,569.75,59.94,117.54,0.8980,2,2,-1
565,54,806.48,467.39,49.60,85.08,0.9270,2,2,-1
565,55,40.68,551.57,49.99,105.95,0.9367,2,2,-1
566,17,522.92,567.89,36.41,118.53,0.8833,1,3,-1
566,18,229.66,617.32,57.83,135.73,0.9292,2,2,-1
566,20,663.78,714.28,52.08,146.05,0.9435,2,2,-1
566,21,860.93,575.57,43.17,121.84,0.9266,2,2,-1
566,28,1179.32,602.12,51.55,130.96,0.9393,2,1,-1
566,30,1619.54,663.31,31.62,79.14,0.8608,2,1,-1
566,33,1719.42,655.34,44.04,135.85,0.9289,2,2,-1
566,38,1338.53,605.81,48.67,131.84,0.9375,2,2,-1
566,40,546.27,496.98,33.89,96.96,0.8567,2,1,-1
566,48,1411.92,569.82,58.24,117.48,0.8940,2,2,-1
566,54,805.51,466.77,47.59,86.71,0.9327,2,2,-1
566,55,46.99,554.33,45.68,102.21,0.9347,2,2,-1
567,17,529.82,567.99,34.14,111.58,0.5029,1,3,-1
567,18,234.07,615.83,60.63,135.23,0.9380,2,2,-1
567,20,667.61,709.98,57.05,151.71,0.9346,2,2,-1
567,21,865.04,574.63,42.85,122.48,0.9321,2,2,-1
567,28,1178.71,601.81,49.05,131.19,0.9336,2,1,-1
567,30,1618.01,661.48,33.19,81.03,0.7431,2,1,-1
567,33,1717.40,655.35,47.70,136.14,0.9094,2,2,-1
567,38,1338.21,605.69,47.07,131.59,0.9293,2,2,-1
567,40,547.35,499.51,34.65,94.25,0.8682,2,1,-1
567,48,1413.42,570.66,56.94,117.32,0.9019,2,2,-1
567,54,805.68,467.38,43.27,86.26,0.9313,2,2,-1
567,55,55.12,553.73,41.44,102.68,0.9271,2,2,-1
568,17,534.62,568.39,34.43,113.28,0.7155,1,3,-1
568,18,240.84,615.57,68.14,131.04,0.9409,2,2,-1
568,20,671.72,707.64,61.57,149.88,0.9339,2,2,-1
568,21,869.52,573.27,46.45,124.65,0.9305,2,2,-1
568,28,1177.96,600.67,46.09,132.49,0.9347,2,1,-1
568,30,1611.16,604.65,47.30,137.78,0.8392,2,1,-1
568,33,1715.42,655.29,51.36,135.89,0.9173,2,2,-1
568,38,1337.02,605.82,46.21,131.18,0.9223,2,2,-1
568,40,547.40,498.06,37.29,95.74,0.9044,2,1,-1
568,48,1417.00,570.63,54.16,117.94,0.8990,2,2,-1
568,54,804.49,470.73,38.09,82.98,0.9154,2,2,-1
568,55,64.43,552.38,37.54,103.19,0.9304,2,2,-1
569,17,538.82,570.89,35.07,114.91,0.8656,1,3,-1
569,18,248.86,616.98,70.86,127.42,0.9481,2,2,-1
569,20,675.87,706.49,69.63,150.32,0.9360,2,2,-1
569,21,873.42,572.11,45.50,125.49,0.9207,2,2,-1
569,28,1178.84,601.76,42.35,131.48,0.9382,2,1,-1
569,30,1623.92,601.00,20.91,51.10,0.6849,2,1,-1
569,33,1712.64,655.50,54.23,136.12,0.8946,2,2,-1
569,38,1337.09,605.36,44.58,131.94,0.9152,2,2,-1
569,40,550.25,501.23,37.65,91.50,0.8928,2,1,-1
569,48,1421.89,572.91,49.24,115.68,0.8716,2,2,-1
569,50,1616.54,663.51,36.93,80.03,0.5642,2,1,-1
569,54,807.99,505.07,24.32,48.59,0.8075,2,2,-1
569,55,72.22,552.37,35.45,104.27,0.9140,2,2,-1
570,17,540.75,570.69,40.51,116.86,0.9160,1,3,-1
570,18,260.51,618.79,66.38,129.63,0.9298,2,2,-1
570,20,680.19,706.58,79.70,147.05,0.9382,2,2,-1
570,21,877.80,572.34,43.53,125.13,0.9352,2,2,-1
570,28,1178.87,600.83,43.44,132.79,0.9308,2,1,-1
570,33,1711.77,655.47,55.98,137.22,0.9146,2,2,-1
570,38,1336.97,607.54,44.34,129.86,0.9058,2,2,-1
570,40,553.24,498.29,39.79,95.48,0.9174,2,1,-1
570,48,1427.58,574.20,44.16,114.41,0.8967,2,2,-1
570,50,1612.77,641.90,45.08,102.25,0.6906,2,1,-1
570,54,804.00,502.97,23.92,50.40,0.8228,2,2,-1
570,55,75.81,551.22,37.05,105.45,0.9370,2,2,-1
571,17,543.77,571.63,41.50,115.58,0.8496,1,3,-1
571,18,277.85,620.59,56.56,129.26,0.9266,2,2,-1
571,20,687.22,709.83,81.56,143.19,0.9475,2,2,-1
571,21,881.30,572.68,43.67,124.92,0.9377,2,2,-1
571,22,962.64,515.43,18.51,35.55,0.7252,2,2,-1
571,28,1178.39,601.20,44.94,132.24,0.9208,2,1,-1
571,33,1711.16,655.65,56.52,136.78,0.9233,2,2,-1
571,38,1336.24,607.39,45.47,130.49,0.9057,2,2,-1
571,40,556.33,498.81,39.25,95.17,0.8386,2,1,-1
571,48,1431.95,575.57,40.82,113.38,0.9215,2,2,-1
571,50,1612.37,617.55,47.99,127.03,0.8696,2,1,-1
571,54,795.16,467.72,34.02,86.51,0.8395,2,2,-1
571,55,78.14,551.51,44.24,105.73,0.9302,2,2,-1
572,17,543.67,570.75,45.67,117.22,0.9184,1,3,-1
572,18,294.98,620.44,48.89,129.59,0.9266,2,2,-1
572,20,699.25,711.50,76.78,143.69,0.9455,2,2,-1
572,21,883.77,574.45,44.61,123.65,0.9302,2,2,-1
572,28,1177.75,602.38,46.76,130.70,0.9193,2,1,-1
572,33,1710.78,656.36,56.91,136.09,0.9229,2,2,-1
572,38,1336.22,607.49,46.09,131.00,0.9084,2,2,-1
572,40,558.65,497.63,39.39,95.96,0.7107,2,1,-1
572,48,1435.52,576.95,37.63,112.89,0.9167,2,2,-1
572,50,1612.32,613.86,48.77,131.43,0.8690,2,1,-1
572,54,796.09,468.88,30.38,85.68,0.9259,2,2,-1
572,55,80.11,551.34,55.93,105.61,0.9315,2,2,-1
573,17,545.91,570.33,49.08,117.64,0.9283,1,3,-1
573,18,305.93,618.10,46.87,130.63,0.9398,2,2,-1
573,20,712.80,711.96,73.73,142.04,0.9357,2,2,-1
573,21,886.02,574.91,46.58,122.96,0.9354,2,2,-1
573,22,964.66,517.12,15.22,33.69,0.6822,2,2,-1
573,28,1177.23,601.58,48.77,131.44,0.9156,2,1,-1
573,33,1710.17,656.97,57.46,135.80,0.8922,2,2,-1
573,38,1337.02,607.47,45.34,130.95,0.8996,2,2,-1
573,48,1437.94,578.67,35.17,110.85,0.9053,2,2,-1
573,50,1613.52,622.80,46.79,123.06,0.6683,2,1,-1
573,54,791.44,471.76,34.58,83.62,0.9218,2,2,-1
573,55,81.79,552.48,62.07,104.57,0.9292,2,2,-1
574,17,548.18,571.37,50.40,116.78,0.8907,1,3,-1
574,18,311.33,615.58,51.40,132.98,0.9339,2,2,-1
574,20,729.44,710.36,67.72,144.14,0.9293,2,2,-1
574,21,888.46,575.78,49.93,122.51,0.9283,2,2,-1
574,28,1175.64,602.32,51.87,131.84,0.9268,2,1,-1
574,33,1708.77,656.73,58.33,135.33,0.9176,2,2,-1
574,38,1338.28,610.63,44.69,127.67,0.8890,2,2,-1
574,48,1439.73,579.39,35.81,111.33,0.9198,2,2,-1
574,50,1613.76,628.60,49.08,119.02,0.8546,2,1,-1
574,54,787.18,472.38,40.37,83.26,0.9302,2,2,-1
574,55,83.02,553.48,63.49,104.01,0.9320,2,2,-1
575,17,551.85,570.68,49.41,117.56,0.9053,1,3,-1
575,18,315.46,614.19,57.15,133.44,0.9380,2,2,-1
575,20,745.31,706.42,61.54,148.28,0.9274,2,2,-1
575,21,891.64,575.83,53.16,122.16,0.9298,2,2,-1
575,24,972.09,512.56,19.16,39.54,0.7423,2,1,-1
575,28,1175.20,602.34,53.05,131.90,0.9274,2,1,-1
575,33,1710.08,656.13,56.23,136.94,0.9218,2,2,-1
575,38,1339.88,611.96,44.36,126.24,0.8862,2,2,-1
575,48,1442.13,578.94,36.44,113.17,0.9173,2,2,-1
575,50,1612.56,609.59,55.53,138.50,0.7968,2,1,-1
575,54,785.55,473.92,43.02,82.01,0.9316,2,2,-1
575,55,88.64,554.30,65.44,104.16,0.9374,2,2,-1
576,17,556.72,567.02,48.36,121.31,0.9103,1,3,-1
576,18,320.26,613.07,71.07,132.33,0.9449,2,2,-1
576,20,754.39,703.72,59.16,150.43,0.9255,2,2,-1
576,21,895.50,575.61,55.67,120.70,0.9380,2,2,-1
576,24,977.52,515.15,16.23,36.92,0.8019,2,1,-1
576,28,1174.76,602.57,55.13,132.28,0.9257,2,1,-1
576,33,1711.43,655.62,52.91,135.47,0.9334,2,2,-1
576,38,1341.27,612.02,44.54,126.72,0.8830,2,2,-1
576,48,1444.53,580.45,37.60,112.91,0.9278,2,2,-1
576,50,1618.61,617.16,50.89,130.24,0.8682,2,1,-1
576,54,785.18,473.90,44.05,82.57,0.9316,2,2,-1
576,55,94.16,554.37,62.01,102.93,0.9319,2,2,-1
577,17,564.48,567.72,45.83,118.94,0.8418,1,3,-1
577,18,327.78,613.64,76.35,129.31,0.9444,2,2,-1
577,20,762.66,701.24,61.14,152.35,0.9358,2,2,-1
577,21,901.42,575.78,54.27,119.37,0.9284,2,2,-1
577,28,1174.60,602.83,55.91,131.63,0.9232,2,1,-1
577,33,1714.25,655.25,48.16,132.94,0.9359,2,2,-1
577,38,1343.22,609.65,43.98,129.03,0.8801,2,2,-1
577,48,1447.62,583.81,38.71,109.65,0.9252,2,2,-1
577,50,1620.59,626.45,49.85,121.61,0.9065,2,1,-1
577,54,785.49,474.98,42.52,82.27,0.9319,2,2,-1
577,55,103.18,553.70,55.91,103.05,0.9311,2,2,-1
578,17,573.51,608.69,33.61,77.46,0.8998,1,3,-1
578,18,334.30,615.12,74.03,129.01,0.9370,2,2,-1
578,20,769.94,698.22,61.87,153.50,0.9322,2,2,-1
578,21,907.19,575.20,50.74,120.26,0.9331,2,2,-1
578,24,984.37,514.66,16.15,38.13,0.6752,2,1,-1
578,28,1173.61,602.53,56.17,130.79,0.9211,2,1,-1
578,33,1718.11,654.85,45.38,134.17,0.8899,2,2,-1
578,38,1344.68,608.45,43.03,130.36,0.9018,2,2,-1
578,40,570.26,498.53,38.01,96.60,0.8672,2,1,-1
578,48,1448.47,582.41,40.45,111.53,0.9214,2,2,-1
578,50,1620.89,624.70,50.15,125.22,0.9125,2,1,-1
578,54,785.08,476.67,38.29,79.86,0.9237,2,2,-1
578,55,114.26,551.84,47.68,104.74,0.9235,2,2,-1
579,17,573.52,568.41,42.57,106.73,0.8559,1,3,-1
579,18,345.60,615.94,70.91,129.01,0.9378,2,2,-1
579,20,775.82,698.09,64.45,146.68,0.9341,2,2,-1
579,21,914.87,575.29,45.55,120.15,0.9386,2,2,-1
579,24,988.36,515.18,15.28,37.81,0.6931,2,1,-1
579,28,1173.88,600.62,54.82,132.09,0.9198,2,1,-1
579,38,1347.74,617.89,41.03,121.78,0.8974,2,2,-1
579,43,1723.27,655.11,37.57,95.97,0.7566,2,1,-1
579,48,1450.86,581.77,41.61,111.93,0.9180,2,2,-1
579,50,1622.24,629.32,48.60,121.35,0.5310,2,1,-1
579,54,784.08,474.10,34.87,82.59,0.9088,2,2,-1
579,55,126.59,551.78,40.55,105.12,0.9210,2,2,-1
580,17,582.03,565.67,39.48,120.35,0.8908,1,3,-1
580,18,361.94,616.22,67.56,127.77,0.9333,2,2,-1
580,20,784.26,699.38,63.95,142.85,0.9367,2,2,-1
580,21,915.08,575.23,47.54,120.52,0.9252,2,2,-1
580,24,985.08,505.35,21.22,48.90,0.6358,2,1,-1
580,28,1175.35,600.96,50.94,131.19,0.9271,2,1,-1
580,33,1721.44,654.32,41.28,133.44,0.8925,2,2,-1
580,38,1353.01,622.99,37.65,116.76,0.8810,2,2,-1
580,48,1453.03,583.30,42.81,111.38,0.9199,2,2,-1
580,50,1620.62,634.63,49.14,116.30,0.8893,2,1,-1
580,54,781.91,474.09,31.56,82.22,0.8627,2,2,-1
580,55,137.62,551.41,35.91,105.06,0.9260,2,2,-1
580,61,4.14,742.60,57.75,167.27,0.8969,2,-1,-1
581,17,584.61,566.06,39.41,120.16,0.9281,1,3,-1
581,18,381.80,615.33,58.97,129.28,0.9190,2,2,-1
581,20,796.58,701.67,59.06,142.53,0.9325,2,2,-1
581,21,913.66,574.59,51.18,121.54,0.9229,2,2,-1
581,24,992.38,509.36,17.26,44.30,0.7706,2,1,-1
581,25,589.52,502.00,25.48,70.82,0.6962,2,1,-1
581,28,1177.95,600.32,46.12,132.19,0.9305,2,1,-1
581,33,1720.82,654.05,42.12,136.56,0.9174,2,2,-1
581,38,1356.95,630.42,34.88,109.05,0.8374,2,2,-1
581,48,1455.70,583.51,43.57,111.05,0.9139,2,2,-1
581,50,1615.78,616.27,55.55,135.69,0.7339,2,1,-1
581,54,780.46,473.86,30.16,82.81,0.7986,2,2,-1
581,55,142.38,551.32,35.61,105.03,0.9221,2,2,-1
581,61,9.23,744.53,64.65,162.78,0.9163,2,-1,-1
582,17,589.93,567.92,38.67,118.34,0.8901,1,3,-1
582,18,391.49,612.84,55.88,129.96,0.9325,2,2,-1
582,20,810.53,703.31,53.80,142.00,0.9346,2,2,-1
582,21,914.56,574.77,53.08,121.18,0.9244,2,2,-1
582,24,993.57,513.98,15.47,40.33,0.6508,2,1,-1
582,25,593.69,500.74,24.13,78.34,0.8474,2,1,-1
582,28,1179.98,599.89,43.64,133.78,0.9435,2,1,-1
582,30,1615.02,613.31,39.38,73.10,0.7274,2,1,-1
582,33,1717.71,654.29,44.70,135.12,0.9192,2,2,-1
582,38,1362.97,656.43,28.51,83.60,0.8528,2,2,-1
582,48,1458.96,582.37,43.63,113.15,0.9148,2,2,-1
582,54,777.95,475.24,29.69,81.55,0.9164,2,2,-1
582,55,144.89,552.99,38.86,104.13,0.9237,2,2,-1
582,61,24.57,742.91,57.49,164.00,0.9320,2,-1,-1
583,17,596.72,569.47,39.08,118.70,0.9135,1,3,-1
583,18,398.73,610.09,54.75,132.54,0.9334,2,2,-1
583,20,825.52,702.99,46.96,141.49,0.9361,2,2,-1
583,21,917.34,575.58,56.79,120.79,0.9245,2,2,-1
583,24,983.78,479.74,28.10,75.41,0.7474,2,1,-1
583,28,1181.24,599.53,42.35,133.34,0.9408,2,1,-1
583,30,1611.96,614.01,48.44,73.09,0.8223,2,1,-1
583,33,1717.21,654.48,46.19,135.13,0.9200,2,2,-1
583,38,1365.23,657.92,28.88,82.48,0.8607,2,2,-1
583,40,595.61,513.12,28.80,75.50,0.6438,2,1,-1
583,48,1465.54,581.46,40.89,114.06,0.9103,2,2,-1
583,54,775.19,477.20,31.40,80.25,0.9171,2,2,-1
583,55,147.36,552.16,51.16,105.05,0.9289,2,2,-1
583,61,28.06,739.38,63.06,163.47,0.9376,2,1,-1
584,17,599.43,566.04,42.30,121.90,0.9176,1,3,-1
584,18,403.33,608.63,55.41,134.55,0.9335,2,2,-1
584,20,836.00,701.01,46.38,143.36,0.9315,2,2,-1
584,21,920.56,575.61,60.84,120.24,0.9311,2,2,-1
584,24,988.21,494.43,23.90,60.88,0.7332,2,1,-1
584,28,1180.36,599.57,43.52,133.14,0.9416,2,1,-1
584,30,1610.63,614.07,48.28,69.05,0.8309,2,1,-1
584,33,1719.12,654.53,45.11,133.77,0.9082,2,2,-1
584,38,1367.30,662.52,28.52,78.13,0.8243,2,2,-1
584,48,1471.16,581.85,39.08,113.57,0.9068,2,2,-1
584,54,771.76,477.22,35.31,80.85,0.9256,2,2,-1
584,55,149.58,553.48,59.32,103.57,0.9362,2,2,-1
584,61,36.12,737.67,64.43,164.16,0.9394,2,1,-1
585,18,411.54,608.87,61.46,130.18,0.9353,2,2,-1
585,20,839.32,697.63,48.76,144.36,0.9013,2,2,-1
585,21,924.50,575.92,63.83,120.53,0.9292,2,2,-1
585,24,989.55,481.39,28.13,74.99,0.7456,2,1,-1
585,25,603.13,504.07,32.16,91.92,0.8362,2,1,-1
585,28,1178.04,598.57,45.90,133.35,0.9354,2,1,-1
585,30,1610.49,614.06,49.09,68.98,0.7166,2,1,-1
585,33,1721.02,654.37,43.74,135.85,0.8895,2,2,-1
585,38,1368.86,666.08,28.90,74.60,0.8208,2,2,-1
585,48,1473.20,580.41,39.61,115.95,0.9096,2,2,-1
585,54,768.38,477.86,38.26,80.50,0.9207,2,2,-1
585,55,150.36,554.94,63.61,103.03,0.9369,2,2,-1
585,61,39.11,736.61,70.66,167.35,0.9416,2,1,-1
586,17,604.46,569.20,47.58,117.93,0.9234,1,3,-1
586,18,419.29,609.56,64.45,127.13,0.9282,2,2,-1
586,20,843.53,694.70,56.32,147.93,0.9263,2,2,-1
586,21,928.31,576.02,62.63,120.31,0.9364,2,2,-1
586,24,994.64,500.42,21.70,56.02,0.7978,2,-1,-1
586,28,1178.81,599.23,46.32,133.10,0.9348,2,1,-1
586,30,1612.62,614.71,49.62,68.93,0.5040,2,1,-1
586,33,1722.80,654.11,42.96,135.79,0.9218,2,2,-1
586,38,1367.86,655.28,33.31,85.85,0.8267,2,2,-1
586,48,1475.45,580.37,40.80,116.63,0.9122,2,2,-1
586,54,767.57,478.98,38.72,80.68,0.9204,2,2,-1
586,55,152.16,554.35,66.33,103.55,0.9388,2,2,-1
586,61,40.97,735.10,77.53,169.27,0.9471,2,1,-1
587,17,605.26,567.42,48.63,119.90,0.9359,1,3,-1
587,18,429.62,611.24,61.16,127.42,0.9302,2,2,-1
587,20,848.38,692.73,62.78,147.89,0.9332,2,2,-1
587,21,933.02,576.68,61.18,119.20,0.9313,2,2,-1
587,24,998.27,505.23,20.74,51.33,0.8785,2,2,-1
587,28,1180.83,599.37,46.33,132.88,0.9319,2,1,-1
587,30,1615.25,615.74,49.15,66.06,0.6043,2,1,-1
587,33,1723.62,653.22,43.74,136.89,0.9300,2,2,-1
587,38,1373.27,666.12,29.55,75.04,0.7687,2,2,-1
587,48,1474.68,581.38,43.40,117.06,0.9044,2,2,-1
587,54,763.88,478.49,40.82,81.40,0.9196,2,2,-1
587,55,157.98,554.79,63.62,103.92,0.9392,2,2,-1
587,61,52.40,798.24,68.62,106.46,0.9091,2,1,-1
588,17,607.79,566.33,51.86,121.38,0.9300,1,3,-1
588,18,445.18,612.79,53.44,126.37,0.9267,2,2,-1
588,20,851.04,692.22,76.81,144.95,0.9424,2,2,-1
588,21,939.70,576.11,58.16,120.19,0.9333,2,2,-1
588,24,999.14,505.87,21.98,51.28,0.8858,2,2,-1
588,28,1182.38,598.86,45.72,134.24,0.9368,2,1,-1
588,30,1619.85,616.22,46.82,60.31,0.6423,2,1,-1
588,33,1724.96,653.44,44.08,137.56,0.9327,2,2,-1
588,38,1375.96,665.89,29.45,75.21,0.7524,2,2,-1
588,48,1477.01,581.72,45.75,117.50,0.9043,2,2,-1
588,54,761.25,479.36,39.96,80.91,0.9008,2,2,-1
588,55,163.41,555.45,60.47,103.29,0.9413,2,2,-1
588,61,48.02,739.37,91.88,165.48,0.9316,2,1,-1
589,17,610.57,569.07,51.86,118.63,0.9307,1,3,-1
589,18,460.50,613.34,47.20,125.86,0.9163,2,2,-1
589,20,858.21,693.95,78.06,144.25,0.9380,2,2,-1
589,21,947.62,576.32,53.30,119.35,0.9252,2,2,-1
589,24,1001.18,508.24,22.41,49.89,0.8917,2,2,-1
589,28,1183.39,598.74,45.12,134.77,0.9264,2,1,-1
589,30,1623.59,617.84,44.98,56.28,0.6720,2,1,-1
589,33,1727.07,653.13,44.48,137.27,0.9342,2,2,-1
589,38,1377.34,665.41,30.18,76.61,0.7422,2,2,-1
589,48,1480.51,582.21,46.74,118.24,0.8809,2,2,-1
589,54,762.08,479.16,37.07,81.15,0.8507,2,2,-1
589,55,172.43,554.57,53.37,103.26,0.9377,2,2,-1
589,61,56.17,737.11,90.57,167.45,0.9404,2,1,-1
590,17,615.34,566.77,49.69,121.25,0.9198,1,3,-1
590,18,472.22,611.64,44.39,127.30,0.9377,2,2,-1
590,20,869.57,696.08,71.18,141.11,0.9424,2,2,-1
590,21,958.24,576.12,46.13,119.35,0.9238,2,2,-1
590,24,1003.59,510.26,22.87,47.41,0.8725,2,2,-1
590,28,1184.46,599.35,45.24,134.75,0.9272,2,1,-1
590,30,1626.28,619.38,46.49,57.16,0.8038,2,1,-1
590,33,1729.55,653.88,46.29,136.05,0.9324,2,2,-1
590,38,1378.78,661.73,32.40,81.21,0.8400,2,2,-1
590,48,1481.59,581.50,50.69,119.28,0.8847,2,2,-1
590,54,762.43,478.80,35.56,81.89,0.8857,2,2,-1
590,55,184.31,554.43,42.61,104.11,0.9295,2,2,-1
590,61,68.63,741.01,90.67,164.14,0.9225,2,1,-1
591,18,477.16,609.22,48.45,129.66,0.9349,2,2,-1
591,20,884.10,697.68,66.24,141.44,0.9277,2,2,-1
591,21,969.23,575.18,39.85,118.56,0.9170,2,2,-1
591,24,1007.11,510.38,23.50,47.25,0.8676,2,2,-1
591,25,617.45,510.30,40.04,88.34,0.9022,2,1,-1
591,28,1186.56,600.84,47.71,132.85,0.9257,2,1,-1
591,30,1631.69,620.74,47.38,57.56,0.5896,2,1,-1
591,33,1731.00,653.56,48.67,136.17,0.9243,2,2,-1
591,38,1382.59,664.12,30.80,78.09,0.8693,2,2,-1
591,48,1485.75,582.69,52.67,119.01,0.8637,2,2,-1
591,54,764.02,478.25,33.75,83.16,0.9028,2,2,-1
591,55,196.68,554.43,33.25,102.76,0.9139,2,2,-1
591,61,83.04,740.71,86.13,164.54,0.9209,2,1,-1
592,18,481.39,607.14,53.56,131.87,0.9287,2,2,-1
592,20,905.48,699.22,54.69,140.01,0.9095,2,2,-1
592,21,980.62,575.54,34.93,119.33,0.9240,2,2,-1
592,24,1009.26,506.63,27.09,53.20,0.7912,2,2,-1
592,25,622.88,506.55,41.51,93.13,0.9000,2,1,-1
592,28,1188.52,604.85,50.81,129.11,0.9116,2,1,-1
592,33,1731.12,653.84,51.98,135.90,0.9247,2,2,-1
592,38,1385.75,666.84,30.25,75.76,0.8025,2,2,-1
592,48,1487.64,584.34,55.93,118.52,0.8829,2,2,-1
592,50,1637.40,637.14,48.96,127.38,0.6516,2,1,-1
592,54,762.77,476.48,33.17,84.60,0.9051,2,2,-1
592,55,206.01,554.56,29.51,103.90,0.9166,2,2,-1
592,61,104.32,739.66,74.56,164.12,0.9250,2,1,-1
593,18,486.84,606.39,62.10,131.05,0.9293,2,2,-1
593,20,917.03,695.26,53.22,143.80,0.9081,2,2,-1
593,21,986.29,574.56,35.92,119.91,0.9175,2,2,-1
593,24,1016.89,511.24,22.55,49.33,0.8694,2,2,-1
593,25,628.69,508.09,38.91,90.67,0.8803,2,1,-1
593,26,1519.08,664.57,20.79,38.11,0.8184,2,2,-1
593,28,1191.42,602.21,51.49,132.15,0.9208,2,1,-1
593,33,1731.42,653.81,54.32,136.13,0.9311,2,2,-1
593,38,1389.77,670.22,29.28,72.35,0.6076,2,2,-1
593,48,1493.20,584.19,53.99,110.57,0.6807,2,2,-1
593,50,1641.35,637.80,47.82,125.33,0.5606,2,1,-1
593,54,762.53,477.21,32.98,86.58,0.9008,2,2,-1
593,55,209.72,554.64,33.67,104.65,0.9292,2,2,-1
593,61,119.84,737.65,68.75,166.27,0.9106,2,1,-1
594,17,641.33,570.46,41.96,112.28,0.6503,1,3,-1
594,18,493.17,606.39,71.43,127.87,0.9253,2,2,-1
594,20,925.08,692.08,53.66,145.84,0.9217,2,2,-1
594,21,989.28,575.59,40.26,120.00,0.9330,2,2,-1
594,24,1020.75,513.13,21.78,48.83,0.8582,2,2,-1
594,25,636.54,511.71,36.41,86.81,0.8442,2,1,-1
594,26,1524.65,665.31,20.26,38.23,0.5979,2,2,-1
594,28,1195.34,601.62,50.43,133.13,0.9382,2,1,-1
594,33,1734.35,654.36,55.60,135.65,0.9281,2,2,-1
594,38,1392.34,669.06,29.60,73.24,0.7607,2,2,-1
594,48,1497.22,584.84,52.99,92.69,0.7624,2,2,-1
594,50,1647.49,636.76,48.35,128.69,0.6380,2,1,-1
594,54,762.34,477.13,32.02,88.19,0.8981,2,2,-1
594,55,209.78,555.37,46.01,104.43,0.9311,2,2,-1
594,61,126.38,735.04,66.76,168.16,0.9106,2,1,-1
595,17,645.60,567.62,42.37,115.75,0.5435,1,3,-1
595,18,500.17,607.98,72.18,127.91,0.9384,2,2,-1
595,20,934.87,688.50,54.80,147.33,0.9270,2,2,-1
595,21,993.65,575.89,49.87,120.66,0.9349,2,2,-1
595,24,1024.64,512.24,22.27,49.94,0.7749,2,2,-1
595,28,1199.54,601.71,49.54,133.42,0.9288,2,1,-1
595,33,1737.19,654.24,56.02,135.79,0.9258,2,2,-1
595,38,1395.47,669.03,29.73,74.81,0.8529,2,2,-1
595,40,647.63,534.31,24.78,53.04,0.6240,2,1,-1
595,48,1511.01,585.71,59.61,116.34,0.7110,2,2,-1
595,50,1650.91,636.10,46.55,130.44,0.8045,2,1,-1
595,54,763.95,479.98,29.82,85.81,0.9085,2,2,-1
595,55,212.00,555.66,53.73,103.45,0.9235,2,2,-1
595,61,130.95,730.03,71.29,172.89,0.9204,2,1,-1
596,17,654.45,567.26,36.44,97.23,0.5848,1,3,-1
596,18,510.54,609.90,66.68,126.32,0.9377,2,2,-1
596,20,942.59,686.39,57.13,148.44,0.9336,2,2,-1
596,21,997.33,577.27,58.10,119.63,0.9271,2,2,-1
596,22,1026.40,494.02,27.91,67.88,0.6098,2,2,-1
596,25,650.09,508.49,36.61,76.63,0.8321,2,1,-1
596,26,1532.44,664.78,19.69,39.40,0.6668,2,2,-1
596,28,1203.34,601.63,49.86,134.63,0.9303,2,1,-1
596,33,1740.75,654.28,55.87,136.64,0.9299,2,2,-1
596,38,1399.13,671.12,29.08,72.33,0.8054,2,2,-1
596,48,1501.32,584.78,64.19,119.06,0.8374,2,2,-1
596,50,1654.56,630.19,48.68,136.22,0.8560,2,1,-1
596,54,765.42,481.47,27.63,84.59,0.9083,2,2,-1
596,55,213.30,557.48,60.83,101.75,0.9292,2,2,-1
596,61,136.09,728.91,75.04,172.96,0.9194,2,1,-1
597,17,661.59,569.26,35.13,89.49,0.7401,1,3,-1
597,18,524.01,610.42,60.74,125.60,0.9207,2,2,-1
597,20,950.94,685.99,58.31,141.19,0.9306,2,2,-1
597,21,999.96,578.76,65.86,117.88,0.9331,2,2,-1
597,24,1033.37,515.14,21.56,46.67,0.6107,2,2,-1
597,25,653.90,503.91,39.47,75.76,0.7869,2,1,-1
597,28,1206.32,606.05,51.87,131.15,0.9340,2,1,-1
597,33,1747.03,654.89,53.69,135.52,0.9211,2,2,-1
597,38,1401.22,670.75,29.35,73.03,0.7550,2,2,-1
597,48,1503.03,584.43,65.96,120.26,0.8775,2,2,-1
597,50,1657.99,643.40,42.69,123.06,0.6440,2,1,-1
597,54,765.74,482.83,26.04,83.77,0.8783,2,2,-1
597,55,216.65,557.34,61.66,103.50,0.9340,2,2,-1
597,61,142.02,734.05,80.81,166.81,0.9362,2,1,-1
598,17,663.73,569.02,41.25,110.58,0.7864,1,3,-1
598,18,547.04,609.37,51.80,125.95,0.9096,2,2,-1
598,20,959.53,687.26,58.98,142.20,0.9228,2,2,-1
598,21,1002.89,579.37,68.08,118.26,0.9344,2,2,-1
598,22,1033.78,486.15,29.95,76.52,0.6658,2,2,-1
598,28,1208.27,596.23,54.70,140.83,0.9251,2,1,-1
598,33,1752.55,654.10,52.60,137.67,0.9169,2,2,-1
598,38,1404.96,669.20,30.48,75.67,0.5896,2,2,-1
598,48,1523.98,585.74,54.04,120.71,0.8537,2,2,-1
598,50,1664.11,626.91,49.15,140.14,0.8423,2,1,-1
598,54,765.94,482.60,25.04,84.38,0.8658,2,2,-1
598,55,221.88,557.87,62.44,103.35,0.9394,2,2,-1
598,61,150.20,737.13,79.57,162.36,0.9287,2,1,-1
599,17,670.71,577.02,40.21,110.03,0.8740,1,3,-1
599,18,558.18,607.28,49.11,127.22,0.9137,2,2,-1
599,20,970.39,689.50,55.41,141.04,0.9261,2,2,-1
599,21,1006.28,579.24,68.62,118.20,0.9322,2,2,-1
599,24,1042.25,518.56,21.11,43.77,0.5578,2,2,-1
599,25,665.34,504.17,42.45,66.61,0.7919,2,1,-1
599,28,1211.43,608.21,53.94,129.89,0.9160,2,1,-1
599,33,1758.90,654.67,49.54,137.86,0.9300,2,2,-1
599,38,1407.94,665.68,31.81,79.34,0.7564,2,2,-1
599,48,1514.86,584.72,60.47,124.02,0.8929,2,2,-1
599,50,1668.81,625.88,48.76,142.84,0.8306,2,1,-1
599,54,765.53,481.16,25.32,85.62,0.8809,2,2,-1
599,55,228.59,556.89,58.83,104.71,0.9335,2,2,-1
599,61,161.79,738.01,78.85,160.78,0.9224,2,1,-1
600,17,672.54,567.81,43.56,119.67,0.8697,1,3,-1
600,18,564.80,604.14,49.86,130.24,0.9191,2,2,-1
600,20,982.25,690.94,52.33,139.48,0.9240,2,2,-1
600,21,1010.58,578.87,70.29,118.52,0.9364,2,2,-1
600,24,1041.30,515.17,21.30,47.31,0.7072,2,2,-1
600,28,1213.39,616.02,53.91,123.55,0.9256,2,1,-1
600,33,1765.25,654.62,47.06,138.17,0.9248,2,2,-1
600,38,1410.55,666.35,31.38,78.40,0.8085,2,2,-1
600,48,1516.15,585.48,62.93,124.21,0.8972,2,2,-1
600,50,1673.12,631.08,46.94,138.29,0.7972,2,1,-1
600,54,765.27,481.77,25.50,85.36,0.8992,2,2,-1
600,55,237.60,555.06,52.61,107.04,0.9327,2,2,-1
600,61,176.67,738.20,73.53,159.72,0.9247,2,1,-1
601,17,675.50,567.14,46.35,120.24,0.9355,1,3,-1
601,18,571.21,603.40,51.48,129.19,0.9316,2,2,-1
601,20,997.05,691.59,47.61,139.45,0.9243,2,2,-1
601,21,1017.96,577.53,67.40,119.62,0.9292,2,2,-1
601,24,1054.92,519.02,18.60,44.69,0.6934,2,2,-1
601,28,1217.59,643.75,50.07,96.26,0.9179,2,1,-1
601,33,1769.52,655.26,46.29,137.55,0.9090,2,2,-1
601,38,1412.69,666.75,31.53,78.30,0.7817,2,2,-1
601,43,1680.93,677.90,35.62,91.99,0.6719,2,1,-1
601,48,1525.52,585.38,59.77,125.46,0.9186,2,2,-1
601,54,764.53,480.16,26.53,88.00,0.9111,2,2,-1
601,55,247.41,553.89,45.07,108.47,0.9314,2,2,-1
601,61,194.47,737.31,64.76,161.21,0.9262,2,1,-1
602,17,677.78,568.99,45.15,118.66,0.9238,1,3,-1
602,18,576.92,602.96,56.45,128.64,0.9272,2,2,-1
602,20,1007.06,690.16,46.18,140.30,0.9389,2,2,-1
602,21,1027.12,578.15,62.14,119.45,0.9191,2,2,-1
602,22,1047.06,487.36,30.14,77.75,0.8498,2,2,-1
602,28,1217.12,611.68,57.89,129.16,0.9306,2,1,-1
602,33,1772.18,655.98,46.64,137.55,0.9234,2,2,-1
602,38,1412.70,653.02,36.18,92.91,0.7487,2,2,-1
602,48,1529.73,585.61,59.21,124.78,0.8888,2,2,-1
602,50,1680.44,628.00,48.03,143.80,0.6715,2,1,-1
602,54,763.54,481.42,27.68,89.01,0.9065,2,2,-1
602,55,258.69,553.50,37.57,108.29,0.9254,2,2,-1
602,61,206.28,735.51,62.55,165.23,0.9370,2,1,-1
603,17,682.46,590.78,43.04,97.03,0.9086,1,3,-1
603,18,583.84,603.06,61.06,127.85,0.9343,2,2,-1
603,20,1012.06,687.48,49.50,141.87,0.9219,2,2,-1
603,21,1038.02,577.96,56.34,119.90,0.8925,2,2,-1
603,22,1049.70,484.11,31.61,81.28,0.6623,2,2,-1
603,28,1221.43,615.08,55.40,126.74,0.9274,2,1,-1
603,33,1779.79,656.65,44.27,136.57,0.9103,2,2,-1
603,38,1413.05,632.73,40.38,113.83,0.7714,2,2,-1
603,43,1682.72,674.61,37.07,97.85,0.5317,2,1,-1
603,48,1529.29,589.51,63.10,123.82,0.9157,2,2,-1
603,54,762.91,480.39,28.51,90.86,0.9022,2,2,-1
603,55,267.24,553.48,33.83,109.01,0.9267,2,2,-1
603,61,212.09,728.61,66.13,167.96,0.9314,2,1,-1
604,17,682.62,569.98,48.60,118.87,0.9284,1,3,-1
604,18,593.78,605.25,59.53,126.63,0.9246,2,2,-1
604,20,1016.48,684.40,55.64,145.35,0.9318,2,2,-1
604,21,1052.08,575.82,46.69,121.75,0.8799,2,2,-1
604,22,1054.79,493.87,28.48,72.24,0.6203,2,2,-1
604,28,1226.67,611.72,53.85,130.74,0.9343,2,1,-1
604,33,1788.02,656.32,41.72,136.68,0.8948,2,2,-1
604,38,1420.14,663.90,31.04,82.54,0.8239,2,2,-1
604,48,1532.76,589.66,65.07,124.27,0.8999,2,2,-1
604,54,763.52,482.34,28.63,89.73,0.8848,2,2,-1
604,55,273.28,555.39,33.37,107.00,0.9273,2,2,-1
604,61,214.83,725.83,71.79,173.57,0.9336,2,1,-1
605,18,609.07,608.04,50.52,125.10,0.9191,2,2,-1
605,20,1021.41,686.59,62.10,142.03,0.9366,2,2,-1
605,21,1061.30,577.62,38.30,119.94,0.9002,2,2,-1
605,24,1068.77,523.32,17.76,43.59,0.7059,2,2,-1
605,26,1561.46,672.75,16.78,36.48,0.6538,2,2,-1
605,28,1233.87,624.78,49.70,118.00,0.9186,2,1,-1
605,33,1793.85,675.19,38.27,118.09,0.9138,2,2,-1
605,38,1421.31,664.30,32.98,82.87,0.8553,2,2,-1
605,40,683.72,539.14,40.70,60.76,0.8603,2,1,-1
605,43,1693.58,672.04,38.20,106.02,0.6097,2,1,-1
605,54,761.98,484.24,29.35,88.17,0.9039,2,2,-1
605,55,278.35,556.60,37.01,106.26,0.9238,2,2,-1
605,61,219.40,723.79,76.90,175.23,0.9321,2,1,-1
606,18,621.69,608.95,47.50,124.77,0.9168,2,2,-1
606,20,1026.92,691.36,72.66,133.60,0.9415,2,2,-1
606,21,1069.92,578.51,35.69,119.15,0.9095,2,2,-1
606,22,1062.53,487.53,30.74,79.99,0.7575,2,2,-1
606,26,1565.17,672.03,16.25,37.36,0.6277,2,2,-1
606,28,1240.18,620.59,47.63,122.06,0.9210,2,1,-1
606,33,1797.89,669.06,39.51,124.92,0.9107,2,2,-1
606,38,1424.54,664.90,33.39,83.08,0.8141,2,2,-1
606,40,689.72,534.53,36.92,56.58,0.8011,2,1,-1
606,43,1701.34,686.06,33.11,93.56,0.7171,2,1,-1
606,48,1561.41,591.54,53.49,122.32,0.8261,2,2,-1
606,54,761.04,483.85,30.64,89.37,0.9108,2,2,-1
606,55,282.51,556.97,47.29,106.85,0.9316,2,2,-1
606,61,224.47,727.51,82.39,170.35,0.9446,2,1,-1
607,17,699.72,569.41,38.46,118.23,0.9414,1,3,-1
607,18,635.97,607.64,43.51,125.26,0.9195,2,2,-1
607,20,1033.30,690.03,76.04,134.45,0.9439,2,2,-1
607,21,1075.70,578.76,38.99,119.68,0.9222,2,2,-1
607,24,1076.82,531.46,15.68,35.90,0.5782,2,2,-1
607,26,1569.64,670.90,17.11,39.48,0.5047,2,2,-1
607,28,1247.90,620.17,44.72,123.41,0.8659,2,1,-1
607,33,1803.40,665.72,39.05,128.73,0.8972,2,2,-1
607,38,1421.67,620.18,44.71,128.46,0.8174,2,2,-1
607,48,1556.18,590.99,55.88,123.20,0.8233,2,2,-1
607,54,760.31,483.35,31.25,90.18,0.9259,2,2,-1
607,55,283.82,557.64,57.31,106.54,0.9441,2,2,-1
607,61,231.30,731.98,85.52,167.04,0.9369,2,1,-1
608,17,706.11,571.26,35.71,116.84,0.9188,1,3,-1
608,18,642.35,605.70,46.38,126.57,0.9315,2,2,-1
608,20,1042.82,685.55,72.56,140.75,0.9383,2,2,-1
608,21,1079.25,579.65,50.48,118.50,0.9256,2,2,-1
608,24,1075.36,521.52,22.33,46.50,0.5984,2,2,-1
608,28,1257.44,614.98,42.55,128.61,0.8264,2,1,-1
608,33,1808.69,662.89,38.73,133.15,0.8956,2,2,-1
608,38,1430.40,661.74,32.43,87.25,0.8201,2,2,-1
608,43,1706.37,709.49,22.35,71.24,0.7785,2,1,-1
608,48,1557.91,590.76,58.54,125.19,0.8081,2,2,-1
608,54,760.11,483.32,31.46,89.72,0.9288,2,2,-1
608,55,284.88,557.47,60.97,107.48,0.9407,2,2,-1
608,61,238.26,735.42,88.38,163.92,0.9397,2,1,-1
609,17,711.32,570.30,35.06,116.57,0.9246,1,3,-1
609,18,646.58,603.63,50.89,128.39,0.9216,2,2,-1
609,20,1066.92,689.46,60.76,136.93,0.9121,2,2,-1
609,21,1082.15,580.45,60.84,118.88,0.9239,2,2,-1
609,24,1077.27,520.33,26.65,47.94,0.8475,2,2,-1
609,28,1268.05,625.80,37.13,117.59,0.8761,2,1,-1
609,33,1813.65,670.32,37.91,125.99,0.8636,2,2,-1
609,38,1432.38,663.76,33.14,84.80,0.8646,2,2,-1
609,43,1710.24,710.44,21.71,69.99,0.7337,2,1,-1
609,48,1575.74,590.36,50.66,127.34,0.8538,2,2,-1
609,54,759.70,482.38,31.55,90.58,0.9005,2,2,-1
609,55,287.24,558.04,63.04,107.20,0.9383,2,2,-1
609,61,250.65,735.80,86.29,164.08,0.9291,2,1,-1
609,0,1827.05,779.99,21.93,17.65,1.0,0,-1,-1
610,17,714.52,569.03,36.09,119.45,0.9105,1,3,-1
610,18,652.32,603.05,56.54,129.59,0.9255,2,2,-1
610,20,1076.04,687.64,59.67,139.49,0.9235,2,2,-1
610,21,1083.60,581.35,68.51,118.67,0.9231,2,2,-1
610,24,1080.95,520.83,25.73,47.59,0.8319,2,2,-1
610,28,1277.12,656.78,31.33,87.20,0.7991,2,1,-1
610,33,1817.45,660.95,41.12,136.59,0.9069,2,2,-1
610,38,1429.28,620.83,44.56,128.63,0.8282,2,2,-1
610,43,1716.34,727.44,17.21,53.61,0.5355,2,1,-1
610,48,1583.32,590.69,46.23,126.49,0.9125,2,2,-1
610,54,758.21,481.44,32.27,94.29,0.8835,2,2,-1
610,55,290.49,558.40,64.38,107.90,0.9506,2,2,-1
610,61,266.61,736.13,82.62,164.16,0.9306,2,1,-1
610,0,1843.16,781.24,16.24,15.63,1.0,0,-1,-1
611,17,717.47,569.70,37.75,117.81,0.9269,1,3,-1
611,18,656.57,603.38,62.76,127.76,0.9277,2,2,-1
611,20,1087.85,684.02,56.24,142.90,0.9230,2,2,-1
611,21,1086.42,582.51,69.79,118.11,0.9398,2,2,-1
611,24,1084.99,518.26,23.93,49.86,0.8440,2,2,-1
611,28,1276.46,639.64,41.51,103.96,0.8694,2,1,-1
611,33,1822.75,661.88,43.84,136.52,0.9043,2,2,-1
611,38,1432.78,615.10,42.30,135.25,0.8492,2,2,-1
611,48,1587.65,590.45,46.81,128.58,0.8704,2,2,-1
611,54,757.27,480.75,32.50,96.22,0.8467,2,2,-1
611,55,295.11,557.57,62.57,109.06,0.9407,2,2,-1
611,61,284.63,732.65,76.58,166.50,0.9071,2,1,-1
612,17,721.27,569.42,38.94,120.31,0.8767,1,3,-1
612,18,662.72,605.32,67.33,125.69,0.9267,2,2,-1
612,20,1097.11,680.36,54.74,145.75,0.9296,2,2,-1
612,21,1088.79,583.03,70.35,118.23,0.9260,2,2,-1
612,24,1089.44,517.29,24.95,52.12,0.8581,2,2,-1
612,28,1277.84,629.07,49.30,116.75,0.8887,2,1,-1
612,33,1825.96,657.15,50.16,142.74,0.9217,2,2,-1
612,38,1437.77,645.17,35.67,105.61,0.8559,2,2,-1
612,48,1593.02,591.46,49.07,127.73,0.8708,2,2,-1
612,50,1712.37,638.88,61.70,145.22,0.9159,2,1,-1
612,54,756.02,481.31,32.44,96.27,0.6486,2,2,-1
612,55,302.02,557.55,56.21,108.61,0.9356,2,2,-1
612,61,297.15,730.18,67.91,168.43,0.9115,2,1,-1
613,17,716.37,508.55,31.90,93.53,0.8719,1,3,-1
613,18,670.61,609.95,63.39,121.69,0.9240,2,2,-1
613,20,1105.80,678.05,56.00,145.25,0.9217,2,2,-1
613,21,1093.22,583.14,61.24,118.81,0.9223,2,2,-1
613,24,1092.06,517.83,27.02,52.19,0.8722,2,2,-1
613,28,1279.85,622.33,55.99,123.75,0.8787,2,1,-1
613,33,1830.70,658.22,52.09,141.64,0.9061,2,2,-1
613,38,1439.18,649.16,37.06,101.35,0.8594,2,2,-1
613,48,1597.46,590.91,53.37,128.52,0.8630,2,2,-1
613,50,1714.46,631.92,62.22,154.93,0.8955,2,1,-1
613,54,755.84,484.56,31.33,93.97,0.8991,2,-1,-1
613,55,311.38,557.01,48.31,109.06,0.9336,2,2,-1
613,61,305.76,804.81,45.51,93.08,0.8997,2,1,-1
614,17,719.84,508.43,36.34,94.85,0.8672,1,3,-1
614,18,681.93,611.25,59.31,120.44,0.9251,2,2,-1
614,20,1111.27,675.52,57.62,149.96,0.9248,2,2,-1
614,21,1102.08,582.28,58.53,119.34,0.9217,2,2,-1
614,22,1096.06,479.74,32.55,91.38,0.8353,2,2,-1
614,28,1284.65,631.35,61.26,116.07,0.8767,2,1,-1
614,33,1834.63,657.87,52.34,142.83,0.9246,2,2,-1
614,38,1439.65,637.98,40.93,112.47,0.8634,2,2,-1
614,48,1600.43,591.03,57.33,131.11,0.8922,2,2,-1
614,50,1721.77,640.96,59.27,147.43,0.8782,2,1,-1
614,54,755.86,487.13,29.65,91.97,0.8999,2,1,-1
614,55,322.28,556.56,40.52,109.16,0.8963,2,2,-1
614,61,310.58,798.23,56.45,100.84,0.8975,2,1,-1
615,17,721.65,510.41,40.65,95.64,0.8658,1,3,-1
615,18,696.93,613.82,54.72,118.58,0.8927,2,2,-1
615,20,1118.70,677.40,58.09,142.67,0.9302,2,2,-1
615,21,1111.57,584.66,55.62,116.28,0.8984,2,2,-1
615,22,1100.62,485.83,30.67,87.40,0.8567,2,2,-1
615,26,1610.86,676.83,20.44,45.22,0.8511,2,2,-1
615,28,1286.92,647.69,64.60,100.50,0.8874,2,1,-1
615,33,1837.80,660.70,52.63,140.50,0.9244,2,2,-1
615,38,1440.37,621.39,44.39,129.83,0.8745,2,2,-1
615,50,1723.10,632.50,64.63,157.57,0.9239,2,1,-1
615,54,756.10,489.95,27.71,89.04,0.7996,2,1,-1
615,55,332.89,555.84,33.55,109.02,0.9167,2,2,-1
615,61,307.25,724.28,83.68,173.95,0.9007,2,1,-1
616,18,707.93,610.33,51.27,120.81,0.8209,2,2,-1
616,20,1126.65,677.91,58.41,140.87,0.9299,2,2,-1
616,21,1122.09,582.34,54.96,121.16,0.8495,2,2,-1
616,22,1110.12,534.10,15.49,39.35,0.7235,2,2,-1
616,26,1614.97,676.67,20.86,45.71,0.8202,2,2,-1
616,28,1285.27,638.55,70.66,111.18,0.9131,2,1,-1
616,30,1606.37,593.07,63.13,70.77,0.7539,2,1,-1
616,33,1841.72,666.78,52.38,134.67,0.9243,2,2,-1
616,38,1442.84,614.97,44.50,136.90,0.8716,2,2,-1
616,50,1727.24,632.58,64.36,157.51,0.9114,2,1,-1
616,54,752.37,488.05,29.36,90.66,0.8735,2,1,-1
616,55,337.90,555.90,32.63,110.41,0.9181,2,2,-1
616,61,315.28,724.48,80.37,172.94,0.9357,2,1,-1
617,18,718.94,603.89,50.77,125.93,0.8981,2,2,-1
617,20,1138.06,679.82,55.08,139.76,0.9240,2,2,-1
617,21,1136.40,627.64,34.29,75.35,0.8173,2,2,-1
617,22,1111.25,495.63,30.62,78.95,0.8894,2,2,-1
617,26,1619.12,679.54,20.37,43.47,0.8349,2,2,-1
617,28,1288.64,638.39,72.15,112.38,0.9005,2,1,-1
617,30,1606.93,593.71,67.81,75.08,0.8066,2,1,-1
617,33,1844.67,663.12,52.33,139.31,0.9195,2,2,-1
617,38,1451.15,652.32,35.32,100.03,0.8603,2,2,-1
617,50,1734.28,639.77,61.55,153.14,0.8230,2,1,-1
617,54,752.13,487.39,29.86,92.72,0.8689,2,1,-1
617,55,338.45,556.92,39.04,109.64,0.9297,2,2,-1
617,61,332.06,789.84,62.31,106.37,0.8739,2,1,-1
618,17,729.36,518.71,40.44,91.48,0.8787,1,3,-1
618,18,724.96,600.65,52.28,129.56,0.9109,2,2,-1
618,20,1151.33,680.69,50.87,140.34,0.9199,2,2,-1
618,21,1139.95,580.92,52.94,121.36,0.9080,2,2,-1
618,24,1114.41,506.80,31.82,67.61,0.7592,2,2,-1
618,26,1622.48,679.30,20.55,44.18,0.8683,2,2,-1
618,28,1291.73,646.58,71.28,105.46,0.9073,2,1,-1
618,33,1848.90,664.86,51.58,137.35,0.9167,2,2,-1
618,38,1449.37,627.34,42.37,125.52,0.8741,2,2,-1
618,48,1622.65,594.37,48.57,100.26,0.6503,2,2,-1
618,50,1738.64,636.04,60.61,156.91,0.9103,2,1,-1
618,55,337.39,557.86,50.19,109.01,0.9308,2,2,-1
618,61,330.82,733.21,84.22,163.50,0.8968,2,1,-1
619,18,730.11,600.94,53.98,129.34,0.8998,2,2,-1
619,20,1166.66,681.62,46.04,139.14,0.9284,2,2,-1
619,21,1144.23,581.20,56.22,123.03,0.9079,2,2,-1
619,24,1120.13,527.09,26.34,47.60,0.8497,2,2,-1
619,26,1625.63,678.49,20.82,45.92,0.8241,2,2,-1
619,28,1297.23,643.72,70.83,108.36,0.8964,2,1,-1
619,33,1851.37,664.32,52.92,139.02,0.9202,2,2,-1
619,38,1453.03,625.73,41.42,127.27,0.8789,2,2,-1
619,48,1624.28,595.56,51.53,91.80,0.7590,2,2,-1
619,50,1745.08,636.67,59.10,157.21,0.9276,2,1,-1
619,54,743.71,485.81,36.96,92.84,0.8620,2,1,-1
619,55,337.30,558.65,59.94,108.96,0.9357,2,2,-1
619,61,347.90,733.05,75.26,164.58,0.9197,2,1,-1
620,18,738.25,601.24,57.70,129.00,0.9228,2,2,-1
620,20,1175.91,679.54,45.69,140.43,0.9302,2,2,-1
620,21,1146.56,581.90,58.85,123.15,0.9178,2,2,-1
620,24,1122.78,526.27,27.81,49.03,0.6822,2,2,-1
620,26,1630.89,679.20,19.50,45.39,0.8570,2,2,-1
620,28,1306.88,655.55,63.89,97.25,0.9064,2,1,-1
620,33,1857.38,664.00,51.14,139.63,0.9093,2,2,-1
620,38,1454.90,621.83,42.71,131.64,0.8623,2,2,-1
620,40,739.87,542.33,40.20,69.30,0.8876,2,1,-1
620,48,1625.85,596.19,54.89,93.95,0.8770,2,2,-1
620,50,1748.94,639.83,57.88,154.97,0.9229,2,1,-1
620,55,338.81,559.08,66.00,108.93,0.9380,2,2,-1
620,61,367.91,732.18,62.66,164.37,0.9296,2,1,-1
621,18,744.83,602.43,57.53,126.79,0.9211,2,2,-1
621,20,1178.44,675.40,50.88,143.38,0.9323,2,2,-1
621,21,1149.94,582.76,64.09,122.40,0.9210,2,2,-1
621,22,1124.35,494.90,34.78,81.53,0.9001,2,2,-1
621,26,1635.20,679.86,18.92,45.26,0.8417,2,2,-1
621,28,1313.45,655.27,61.72,97.60,0.8763,2,1,-1
621,33,1861.24,675.60,49.72,127.54,0.9048,2,2,-1
621,38,1459.24,658.10,37.83,95.54,0.8754,2,2,-1
621,40,744.74,544.07,37.80,67.01,0.8284,2,1,-1
621,48,1629.10,596.37,53.57,92.09,0.6717,2,2,-1
621,50,1755.99,641.15,55.44,154.51,0.8838,2,1,-1
621,55,344.19,560.37,65.52,108.04,0.9408,2,2,-1
621,61,377.25,728.44,60.01,168.14,0.9408,2,1,-1
622,18,752.53,602.83,54.97,127.36,0.9019,2,2,-1
622,20,1183.27,672.03,56.13,148.73,0.9338,2,2,-1
622,21,1152.35,584.37,66.21,122.37,0.9155,2,2,-1
622,22,1126.72,489.20,36.72,86.28,0.9045,2,2,-1
622,25,751.05,547.36,34.71,59.94,0.8507,2,1,-1
622,26,1638.63,680.95,18.50,44.76,0.6610,2,2,-1
622,28,1325.14,659.58,55.83,93.58,0.8897,2,1,-1
622,33,1864.46,666.84,52.27,137.07,0.9007,2,2,-1
622,38,1457.38,629.53,46.66,124.75,0.8641,2,2,-1
622,48,1625.57,596.47,61.54,115.83,0.7444,2,2,-1
622,50,1759.30,631.93,58.36,164.95,0.6625,2,1,-1
622,55,350.10,560.66,65.14,109.09,0.9411,2,2,-1
622,61,383.05,726.64,62.15,168.38,0.9402,2,1,-1
623,17,753.72,521.53,35.00,77.99,0.7158,1,3,-1
623,18,763.80,604.95,53.02,125.32,0.8860,2,2,-1
623,20,1187.58,672.22,60.60,148.14,0.9319,2,2,-1
623,21,1156.90,585.49,68.51,122.28,0.9317,2,2,-1
623,22,1130.64,491.58,38.06,84.68,0.9022,2,2,-1
623,26,1641.88,680.55,20.17,45.54,0.8157,2,2,-1
623,33,1871.35,670.02,49.19,134.53,0.9044,2,2,-1
623,38,1458.97,617.43,48.41,136.95,0.8905,2,2,-1
623,50,1774.83,698.22,38.44,98.49,0.8035,2,1,-1
623,55,356.24,560.61,63.35,109.93,0.9340,2,2,-1
623,61,385.70,725.67,67.94,171.11,0.9339,2,1,-1
624,17,759.21,525.77,30.54,62.23,0.7624,1,3,-1
624,18,782.54,605.86,44.49,124.91,0.9093,2,2,-1
624,20,1193.13,671.66,71.77,143.37,0.9400,2,2,-1
624,21,1161.17,586.46,67.62,122.35,0.9234,2,2,-1
624,22,1135.63,494.84,39.61,83.45,0.8996,2,2,-1
624,26,1645.18,679.84,21.83,47.30,0.7791,2,2,-1
624,33,1876.73,670.43,44.83,134.33,0.8932,2,2,-1
624,38,1461.68,620.99,48.07,133.29,0.8596,2,2,-1
624,50,1776.75,666.77,49.32,129.42,0.6040,2,1,-1
624,55,365.16,560.86,57.92,109.27,0.9337,2,2,-1
624,61,388.33,726.21,74.38,171.14,0.9444,2,1,-1
624,74,1347.83,617.91,52.46,76.71,0.8919,2,-1,-1
624,76,0.82,575.17,28.30,124.95,0.9085,2,-1,-1
625,17,760.88,534.76,29.45,52.93,0.7620,1,3,-1
625,18,790.99,603.71,42.76,126.88,0.9022,2,2,-1
625,20,1197.47,673.75,74.00,141.05,0.9355,2,2,-1
625,21,1167.68,587.10,68.08,124.23,0.9288,2,2,-1
625,24,1157.26,530.64,22.09,48.01,0.7934,2,2,-1
625,33,1883.76,676.92,39.64,126.94,0.7966,2,2,-1
625,38,1467.29,660.50,40.70,94.31,0.8514,2,2,-1
625,48,1641.36,595.80,47.89,128.09,0.8328,2,2,-1
625,50,1787.00,697.22,37.16,101.48,0.7194,2,1,-1
625,55,375.04,561.00,49.28,109.81,0.9180,2,2,-1
625,61,392.30,726.60,77.78,170.15,0.9054,2,1,-1
625,74,1351.65,618.83,55.73,76.27,0.9064,2,-1,-1
625,76,2.22,573.62,34.42,125.55,0.8955,2,-1,-1
626,18,796.15,601.86,45.00,128.32,0.9298,2,2,-1
626,20,1208.19,674.83,73.06,141.72,0.9410,2,2,-1
626,21,1174.80,586.67,63.77,125.74,0.9313,2,2,-1
626,22,1152.43,498.68,35.81,82.10,0.8408,2,2,-1
626,38,1470.88,666.66,40.52,88.28,0.8054,2,2,-1
626,48,1646.58,596.97,41.97,131.89,0.8855,2,2,-1
626,50,1785.20,647.33,53.03,155.64,0.8178,2,1,-1
626,54,738.20,491.62,32.78,86.71,0.8114,2,1,-1
626,55,384.97,560.37,38.94,110.51,0.9236,2,2,-1
626,61,398.44,726.80,82.63,169.61,0.9356,2,1,-1
626,74,1353.71,619.87,60.69,76.30,0.9056,2,-1,-1
626,76,5.19,572.61,41.71,127.39,0.9279,2,-1,-1
627,18,801.29,600.39,47.94,129.44,0.9196,2,2,-1
627,20,1222.33,677.49,72.44,139.52,0.9351,2,2,-1
627,21,1183.40,586.75,58.37,126.33,0.9304,2,2,-1
627,22,1157.64,495.54,34.42,85.89,0.8395,2,2,-1
627,33,1898.00,690.43,26.50,114.72,0.8251,2,2,-1
627,38,1476.08,628.61,34.58,63.23,0.7618,2,2,-1
627,48,1652.36,598.04,41.03,133.51,0.9146,2,2,-1
627,50,1796.01,674.12,41.35,127.90,0.7742,2,1,-1
627,54,739.06,491.58,29.02,68.18,0.8284,2,1,-1
627,55,395.56,560.18,33.96,110.95,0.9240,2,2,-1
627,61,406.83,729.67,84.92,167.90,0.9438,2,1,-1
627,74,1356.09,621.04,65.00,75.31,0.9238,2,1,-1
627,76,8.69,571.39,47.85,126.75,0.9225,2,1,-1
627,79,769.20,571.27,38.01,120.42,0.8201,2,-1,-1
628,18,804.65,599.45,53.48,131.54,0.9218,2,2,-1
628,20,1237.36,677.48,65.43,139.29,0.9403,2,2,-1
628,21,1193.03,587.01,51.05,126.36,0.9238,2,2,-1
628,22,1164.89,502.31,31.35,79.55,0.8237,2,2,-1
628,33,1904.68,724.78,18.05,83.49,0.6828,2,2,-1
628,38,1476.25,624.98,39.74,63.97,0.8121,2,2,-1
628,40,764.80,515.06,44.16,73.84,0.6778,2,1,-1
628,48,1655.81,598.45,42.86,135.24,0.9265,2,2,-1
628,50,1796.08,644.20,47.09,158.93,0.8226,2,1,-1
628,54,735.01,491.53,35.72,98.32,0.8815,2,1,-1
628,55,400.17,560.84,33.89,109.74,0.9195,2,2,-1
628,61,417.14,731.60,85.08,166.46,0.9344,2,1,-1
628,74,1359.84,621.52,68.11,77.22,0.9110,2,1,-1
628,76,11.81,568.80,53.23,128.56,0.9259,2,1,-1
628,79,772.34,570.30,38.79,120.15,0.9038,2,-1,-1
629,18,808.57,600.04,57.72,127.49,0.9275,2,2,-1
629,20,1251.14,674.38,59.55,143.30,0.9282,2,2,-1
629,21,1199.89,586.26,45.28,127.25,0.9047,2,2,-1
629,22,1169.12,496.75,32.33,83.90,0.8415,2,2,-1
629,33,1908.93,697.53,14.51,74.77,0.6476,2,2,-1
629,38,1479.75,628.99,40.75,61.48,0.8566,2,2,-1
629,40,764.90,513.89,47.99,79.43,0.8500,2,1,-1
629,48,1659.44,600.55,44.54,133.52,0.9236,2,2,-1
629,50,1801.92,649.43,43.18,156.81,0.8670,2,1,-1
629,54,740.13,525.14,26.73,66.79,0.8427,2,1,-1
629,55,403.67,561.30,38.82,110.31,0.9356,2,2,-1
629,61,431.58,733.01,78.82,166.64,0.9231,2,1,-1
629,74,1363.89,623.03,68.94,75.11,0.9109,2,1,-1
629,76,16.22,567.99,59.65,127.02,0.9241,2,1,-1
629,79,781.56,611.32,28.54,79.82,0.8416,2,-1,-1
630,18,817.09,602.57,58.65,125.48,0.9279,2,2,-1
630,20,1259.34,671.16,57.45,146.00,0.9240,2,2,-1
630,21,1206.07,586.37,40.95,127.34,0.9199,2,2,-1
630,22,1174.36,492.48,36.55,90.18,0.9001,2,2,-1
630,38,1483.55,632.24,41.09,60.57,0.8498,2,2,-1
630,40,767.30,514.18,46.64,76.73,0.8001,2,1,-1
630,48,1659.57,601.87,48.38,131.43,0.9184,2,2,-1
630,50,1807.36,653.08,46.19,156.89,0.8428,2,1,-1
630,54,732.40,495.80,35.22,98.16,0.8959,2,1,-1
630,55,406.93,561.53,47.56,111.14,0.9301,2,2,-1
630,61,450.97,730.28,70.13,169.51,0.9227,2,1,-1
630,74,1368.40,623.81,70.93,75.07,0.9247,2,1,-1
630,76,20.34,569.17,69.60,123.16,0.9409,2,1,-1
630,79,776.00,576.43,40.71,115.90,0.7868,2,-1,-1
631,18,823.08,603.63,59.25,122.93,0.9304,2,2,-1
631,20,1268.15,668.82,56.74,145.34,0.9334,2,2,-1
631,21,1210.75,586.42,39.90,128.16,0.9058,2,2,-1
631,24,1177.10,525.33,32.56,57.70,0.8756,2,2,-1
631,38,1486.51,628.85,42.28,64.32,0.7411,2,2,-1
631,40,770.91,514.44,43.32,74.26,0.8391,2,1,-1
631,48,1660.48,603.21,50.42,131.45,0.9310,2,2,-1
631,50,1809.62,653.60,47.05,157.25,0.8749,2,1,-1
631,54,733.18,525.06,26.74,68.35,0.8394,2,1,-1
631,55,408.95,562.62,54.79,110.98,0.9257,2,2,-1
631,61,462.54,727.68,65.20,170.84,0.8858,2,1,-1
631,74,1373.48,624.58,69.18,75.14,0.9148,2,1,-1
631,76,25.94,567.69,72.33,125.61,0.9361,2,1,-1
631,79,778.74,572.42,40.73,120.07,0.7108,1,3,-1
631,82,1498.14,676.89,34.60,81.00,0.8735,2,-1,-1
632,18,836.35,603.14,59.72,123.20,0.9272,2,2,-1
632,20,1274.29,667.38,58.95,146.37,0.9313,2,2,-1
632,21,1216.04,587.21,42.85,129.22,0.9281,2,2,-1
632,24,1181.21,527.06,32.74,55.03,0.8917,2,2,-1
632,40,774.82,514.41,40.39,74.36,0.8638,2,1,-1
632,48,1658.12,604.40,55.65,131.37,0.9200,2,2,-1
632,50,1816.40,654.82,46.81,157.13,0.8407,2,1,-1
632,54,731.98,529.06,26.36,65.18,0.8245,2,1,-1
632,55,409.70,563.57,59.73,110.07,0.9273,2,2,-1
632,61,468.39,726.01,64.06,172.00,0.9035,2,1,-1
632,74,1379.28,624.68,68.04,76.03,0.9104,2,1,-1
632,76,34.73,572.13,67.79,121.09,0.9290,2,1,-1
632,79,782.64,571.64,37.91,121.31,0.8757,1,3,-1
632,82,1498.42,678.60,39.55,80.88,0.9001,2,-1,-1
633,18,851.98,602.60,53.91,123.97,0.9231,2,2,-1
633,20,1279.73,666.95,62.29,144.03,0.9350,2,2,-1
633,21,1221.70,589.56,46.99,126.95,0.9256,2,2,-1
633,24,1189.75,531.52,32.63,54.69,0.7884,2,2,-1
633,26,1702.44,691.46,16.63,45.20,0.7954,2,2,-1
633,38,1494.34,625.20,43.63,70.15,0.6590,2,2,-1
633,40,776.92,513.96,39.36,74.28,0.8456,2,1,-1
633,43,1829.08,714.41,34.29,97.69,0.7516,2,1,-1
633,48,1656.16,603.89,61.50,132.07,0.9172,2,2,-1
633,54,728.77,528.96,27.67,65.49,0.8636,2,1,-1
633,55,412.11,563.85,62.20,110.78,0.9385,2,2,-1
633,61,473.71,730.12,62.08,165.80,0.6779,2,1,-1
633,74,1388.53,625.03,63.54,76.84,0.9112,2,1,-1
633,76,46.25,570.28,66.36,123.28,0.9392,2,1,-1
633,79,791.70,612.73,26.14,80.37,0.7569,1,3,-1
633,82,1500.66,679.78,41.84,80.36,0.9083,2,-1,-1
634,17,780.12,513.46,38.33,62.54,0.8200,1,3,-1
634,18,861.56,600.82,51.08,125.23,0.9276,2,2,-1
634,20,1287.79,668.61,61.85,141.57,0.9371,2,2,-1
634,21,1225.19,591.10,53.58,128.32,0.9348,2,2,-1
634,24,1195.47,526.43,34.17,60.99,0.7308,2,2,-1
634,26,1704.99,689.90,16.25,47.03,0.8408,2,2,-1
634,43,1836.72,718.61,35.81,94.53,0.5815,2,1,-1
634,48,1665.52,605.62,58.32,129.82,0.8871,2,2,-1
634,54,726.15,523.27,30.14,70.88,0.8799,2,1,-1
634,55,414.12,564.29,62.78,111.56,0.9421,2,2,-1
634,61,480.49,799.59,58.51,96.17,0.8995,2,1,-1
634,74,1397.33,624.63,59.11,78.93,0.8937,2,1,-1
634,76,63.03,571.14,59.82,123.45,0.9304,2,1,-1
634,79,790.78,603.61,28.99,89.96,0.7788,1,3,-1
634,82,1501.79,680.38,43.23,81.13,0.8734,2,2,-1
635,18,867.24,598.61,50.45,126.62,0.9224,2,2,-1
635,20,1300.40,670.80,59.23,139.42,0.9351,2,2,-1
635,21,1229.28,592.95,56.13,127.06,0.9278,2,2,-1
635,24,1207.96,550.58,19.96,36.99,0.8190,2,2,-1
635,28,1413.69,624.53,43.29,77.43,0.7930,2,1,-1
635,40,783.45,513.65,39.09,75.04,0.8938,2,1,-1
635,48,1679.49,605.53,50.95,132.21,0.9118,2,2,-1
635,50,1836.34,656.48,51.30,160.17,0.8850,2,1,-1
635,54,722.99,504.68,34.75,91.48,0.9210,2,1,-1
635,55,417.91,563.76,61.78,112.00,0.9345,2,2,-1
635,61,476.67,724.85,83.15,170.94,0.9123,2,1,-1
635,76,74.44,569.07,54.24,124.52,0.9146,2,1,-1
635,79,793.48,615.08,27.60,79.03,0.8749,1,3,-1
635,82,1504.05,676.71,46.25,85.36,0.8967,2,2,-1
636,18,873.73,597.21,50.46,127.45,0.9283,2,2,-1
636,20,1313.65,672.19,56.22,138.16,0.9327,2,2,-1
636,21,1232.47,593.57,55.26,127.46,0.9306,2,2,-1
636,24,1212.26,531.27,29.53,56.45,0.7296,2,2,-1
636,26,1713.20,691.39,15.97,46.07,0.6844,2,2,-1
636,28,1427.02,623.70,28.28,47.03,0.5976,2,1,-1
636,40,785.07,513.36,41.46,86.83,0.8963,2,1,-1
636,48,1677.19,605.41,55.66,130.98,0.9051,2,2,-1
636,50,1844.60,663.74,47.21,146.66,0.7519,2,1,-1
636,54,722.71,503.52,35.80,92.97,0.9322,2,1,-1
636,55,425.25,563.29,56.21,112.37,0.9320,2,2,-1
636,61,488.53,726.61,77.17,167.30,0.9170,2,1,-1
636,76,85.47,562.45,50.78,131.13,0.9237,2,1,-1
636,79,792.76,584.10,32.75,109.79,0.8624,1,3,-1
636,82,1505.94,669.94,48.71,92.59,0.8364,2,2,-1
637,18,879.50,596.97,54.47,126.13,0.9265,2,2,-1
637,20,1326.91,671.47,50.20,138.46,0.9273,2,2,-1
637,21,1235.75,594.46,55.94,127.10,0.9296,2,2,-1
637,22,1217.14,512.94,30.19,75.36,0.8114,2,2,-1
637,28,1434.70,623.54,27.09,44.04,0.5827,2,1,-1
637,40,787.26,513.30,43.40,102.72,0.9004,2,1,-1
637,48,1678.49,605.29,61.53,134.57,0.9147,2,2,-1
637,50,1848.48,666.01,46.96,144.17,0.7613,2,1,-1
637,54,721.49,516.95,35.67,79.46,0.9210,2,1,-1
637,55,435.28,562.22,47.23,113.16,0.9217,2,2,-1
637,61,497.99,727.80,75.47,165.44,0.9204,2,1,-1
637,76,91.32,557.89,50.48,134.19,0.9192,2,1,-1
637,79,797.67,616.07,25.34,77.22,0.8648,1,3,-1
637,82,1505.31,615.68,57.84,147.65,0.9021,2,2,-1
638,18,885.07,597.79,59.04,127.57,0.9303,2,2,-1
638,20,1337.22,670.13,48.22,140.50,0.9365,2,2,-1
638,21,1240.28,594.91,54.41,127.23,0.9328,2,2,-1
638,22,1221.72,510.14,31.76,77.58,0.7341,2,2,-1
638,28,1427.15,652.67,56.91,109.57,0.7262,2,1,-1
638,40,790.77,514.67,42.15,103.65,0.9087,2,1,-1
638,48,1698.61,604.33,51.11,134.74,0.9068,2,2,-1
638,50,1847.54,658.44,54.31,156.47,0.9056,2,1,-1
638,54,716.63,499.38,41.49,100.78,0.9232,2,1,-1
638,55,446.92,562.49,37.86,112.71,0.9183,2,2,-1
638,61,510.94,729.49,69.60,164.34,0.9122,2,1,-1
638,76,98.27,554.72,50.29,133.06,0.9227,2,1,-1
638,82,1512.68,620.62,51.70,142.93,0.9095,2,2,-1
639,18,892.42,599.35,56.17,126.75,0.9334,2,2,-1
639,20,1341.52,668.66,52.73,141.53,0.9288,2,2,-1
639,21,1245.17,594.52,50.66,127.54,0.9286,2,2,-1
639,22,1223.80,505.54,36.80,83.93,0.9028,2,2,-1
639,28,1438.71,669.86,50.30,97.07,0.7918,2,1,-1
639,40,793.35,514.86,41.24,102.78,0.8909,2,1,-1
639,48,1705.74,605.88,48.41,134.73,0.9088,2,2,-1
639,50,1851.03,654.20,55.33,162.24,0.8668,2,1,-1
639,54,714.39,501.60,39.74,99.52,0.9071,2,1,-1
639,55,456.64,566.11,32.04,109.00,0.8789,2,2,-1
639,61,525.20,728.29,60.93,165.40,0.9245,2,1,-1
639,76,103.29,555.84,53.13,127.69,0.9328,2,1,-1
639,79,798.08,601.42,30.33,93.14,0.6753,1,3,-1
639,82,1515.75,621.37,50.33,142.83,0.8969,2,2,-1
640,18,901.92,601.14,50.89,126.31,0.9255,2,2,-1
640,20,1346.34,665.20,57.81,143.79,0.9316,2,2,-1
640,21,1251.58,594.11,46.85,128.15,0.9236,2,2,-1
640,22,1226.34,496.06,40.39,94.36,0.9007,2,2,-1
640,28,1439.30,639.70,62.89,129.05,0.8098,2,1,-1
640,40,796.62,516.09,40.76,104.31,0.8916,2,1,-1
640,48,1712.30,605.86,49.84,136.53,0.9046,2,2,-1
640,50,1856.80,654.57,59.38,163.36,0.9268,2,1,-1
640,54,714.52,528.73,32.08,72.22,0.8105,2,1,-1
640,55,463.03,562.00,33.29,113.46,0.9019,2,2,-1
640,61,537.47,725.93,57.48,166.44,0.9308,2,1,-1
640,76,110.12,553.93,53.69,129.57,0.9249,2,1,-1
640,79,801.17,618.37,27.25,76.09,0.8333,1,3,-1
640,82,1517.58,620.72,53.47,143.89,0.9064,2,2,-1
641,18,913.62,600.75,46.49,126.07,0.9290,2,2,-1
641,20,1351.58,662.52,64.24,146.93,0.9351,2,2,-1
641,21,1259.84,593.18,42.34,129.53,0.9212,2,2,-1
641,22,1231.46,500.90,41.24,88.35,0.9203,2,2,-1
641,28,1446.03,633.94,68.23,134.93,0.8174,2,1,-1
641,40,799.47,516.80,40.54,103.44,0.8913,2,1,-1
641,48,1718.51,605.22,49.46,138.77,0.9069,2,2,-1
641,50,1860.80,654.58,59.26,167.05,0.9220,2,1,-1
641,54,711.05,537.27,30.11,64.34,0.7218,2,1,-1
641,55,465.99,562.00,39.07,113.39,0.8756,2,2,-1
641,61,543.52,725.68,58.89,165.31,0.9373,2,1,-1
641,76,118.15,558.94,51.93,126.15,0.9213,2,1,-1
641,79,802.85,619.14,27.06,74.88,0.8271,1,3,-1
641,82,1522.43,620.62,53.70,143.92,0.9063,2,2,-1
641,86,1459.80,627.06,28.73,38.26,0.7121,2,-1,-1
642,18,925.00,599.86,43.40,127.28,0.9294,2,2,-1
642,20,1356.36,661.82,74.79,146.75,0.9355,2,2,-1
642,21,1267.25,592.98,40.86,130.62,0.9201,2,2,-1
642,22,1237.30,499.72,43.41,91.71,0.9067,2,2,-1
642,28,1455.69,669.97,58.38,99.69,0.7502,2,1,-1
642,40,803.41,516.93,39.89,96.28,0.8846,2,1,-1
642,48,1721.34,606.93,54.69,137.34,0.9042,2,2,-1
642,50,1866.68,660.63,53.82,161.54,0.9365,2,1,-1
642,54,703.54,503.63,41.06,98.25,0.8699,2,1,-1
642,55,462.93,563.38,53.12,112.94,0.9210,2,2,-1
642,61,545.42,721.50,65.03,171.05,0.9343,2,1,-1
642,74,1457.39,647.09,43.06,64.41,0.6986,2,1,-1
642,76,131.05,559.96,47.19,125.86,0.9253,2,1,-1
642,82,1525.28,619.29,56.65,146.46,0.9090,2,2,-1
643,18,932.57,598.92,43.32,128.48,0.9222,2,2,-1
643,20,1361.24,665.31,80.63,141.77,0.9426,2,2,-1
643,21,1271.32,593.54,45.05,130.29,0.9227,2,2,-1
643,22,1246.47,506.88,40.21,86.66,0.8799,2,2,-1
643,28,1458.55,673.96,60.38,98.22,0.6085,2,1,-1
643,40,805.78,518.91,40.57,97.99,0.8508,2,1,-1
643,43,1873.31,708.25,45.93,110.19,0.7772,2,1,-1
643,48,1724.00,608.56,52.34,135.18,0.8776,2,2,-1
643,54,703.70,502.10,38.91,100.24,0.8696,2,1,-1
643,55,462.75,564.48,63.66,112.19,0.9196,2,2,-1
643,61,550.48,723.89,68.50,169.79,0.8933,2,1,-1
643,76,143.88,559.43,42.62,125.55,0.9196,2,1,-1
643,82,1527.75,617.52,57.81,148.22,0.9166,2,2,-1
643,86,1473.81,629.51,31.08,42.52,0.5796,2,-1,-1
644,18,938.84,597.87,44.64,130.18,0.9298,2,2,-1
644,20,1369.40,668.09,78.61,138.63,0.9437,2,2,-1
644,21,1272.77,594.47,50.39,131.17,0.9214,2,2,-1
644,22,1254.86,505.07,39.43,89.61,0.8368,2,2,-1
644,28,1458.44,672.58,64.87,100.71,0.6828,2,1,-1
644,40,805.07,516.93,43.28,102.09,0.9009,2,1,-1
644,48,1729.18,609.31,56.83,135.60,0.8844,2,2,-1
644,50,1874.60,668.70,47.50,149.68,0.8034,2,1,-1
644,54,702.59,501.33,38.29,102.40,0.9128,2,1,-1
644,55,465.03,565.26,67.42,111.74,0.9300,2,2,-1
644,61,553.33,725.39,75.82,168.38,0.9418,2,1,-1
644,76,153.96,558.00,40.50,126.60,0.9163,2,1,-1
644,82,1531.81,620.85,57.80,145.05,0.9021,2,2,-1
645,18,942.27,597.02,49.51,131.09,0.9288,2,2,-1
645,20,1382.82,668.89,74.17,138.35,0.9401,2,2,-1
645,21,1275.07,594.97,55.94,131.32,0.9092,2,2,-1
645,22,1264.74,508.70,35.12,85.47,0.8439,2,2,-1
645,28,1463.51,669.47,69.04,103.49,0.7434,2,1,-1
645,40,806.55,517.70,44.70,103.91,0.8990,2,1,-1
645,43,1879.21,705.53,41.79,112.64,0.8407,2,1,-1
645,48,1735.89,609.90,56.11,134.86,0.7783,2,2,-1
645,54,701.50,501.89,38.90,102.83,0.9160,2,1,-1
645,55,468.36,565.74,71.30,112.71,0.9377,2,2,-1
645,61,557.63,726.28,79.15,167.96,0.9327,2,1,-1
645,76,157.80,555.07,45.02,127.16,0.9298,2,1,-1
645,82,1535.03,614.89,59.71,151.79,0.8936,2,2,-1
645,86,1487.47,629.62,31.57,44.76,0.5374,2,-1,-1
646,18,944.73,597.10,63.37,131.35,0.9408,2,2,-1
646,20,1397.00,669.06,71.14,138.03,0.9402,2,2,-1
646,21,1277.14,596.31,62.18,132.58,0.9287,2,2,-1
646,24,1271.65,542.60,27.21,51.69,0.8241,2,2,-1
646,28,1470.32,670.19,65.71,102.28,0.8202,2,1,-1
646,30,1705.43,611.14,88.64,134.06,0.8906,2,1,-1
646,40,809.56,517.57,43.92,101.07,0.9107,2,1,-1
646,50,1883.97,675.29,37.26,142.48,0.8974,2,1,-1
646,54,699.11,502.48,39.24,103.48,0.9146,2,1,-1
646,55,473.53,566.28,70.59,112.81,0.9340,2,2,-1
646,61,566.53,728.47,81.55,165.45,0.9369,2,1,-1
646,76,161.64,553.09,48.94,130.58,0.9340,2,1,-1
646,82,1538.18,615.82,59.68,151.30,0.9115,2,2,-1
647,18,947.13,598.84,68.22,129.56,0.9349,2,2,-1
647,20,1413.32,666.59,63.42,140.62,0.9287,2,2,-1
647,21,1279.63,596.93,65.67,131.26,0.9210,2,2,-1
647,22,1274.44,500.14,37.25,94.36,0.8323,2,2,-1
647,26,1751.99,700.75,19.57,44.66,0.8028,2,2,-1
647,28,1479.77,679.93,60.43,93.61,0.8785,2,1,-1
647,30,1713.36,610.74,84.46,135.60,0.8818,2,1,-1
647,40,813.54,517.52,42.94,100.81,0.8883,2,1,-1
647,43,1888.61,712.72,31.91,105.53,0.9154,2,1,-1
647,54,696.77,505.78,38.08,101.42,0.8998,2,1,-1
647,55,480.22,566.18,68.38,112.90,0.9316,2,2,-1
647,61,576.62,729.71,80.02,165.04,0.9333,2,1,-1
647,76,167.26,556.21,53.40,123.91,0.9319,2,1,-1
647,82,1544.12,616.20,58.34,151.28,0.9023,2,2,-1
648,18,952.18,599.22,65.67,129.21,0.9367,2,2,-1
648,20,1428.50,664.15,56.24,142.70,0.9197,2,2,-1
648,21,1282.41,598.20,70.36,133.65,0.9201,2,2,-1
648,22,1281.42,511.61,32.12,84.01,0.8741,2,2,-1
648,28,1491.61,694.97,50.07,77.49,0.8768,2,1,-1
648,30,1722.60,611.30,77.90,135.82,0.9077,2,1,-1
648,33,1895.57,734.86,24.11,86.82,0.8622,2,2,-1
648,40,815.61,517.66,44.11,105.16,0.9092,2,1,-1
648,54,693.52,504.69,36.60,103.87,0.8808,2,1,-1
648,55,487.56,566.30,64.93,113.02,0.9173,2,2,-1
648,61,591.71,729.06,73.99,165.82,0.9334,2,1,-1
648,76,171.52,551.59,61.89,124.99,0.9327,2,1,-1
648,82,1547.32,617.76,58.42,150.52,0.8958,2,2,-1
649,18,958.62,599.30,61.64,128.29,0.9329,2,2,-1
649,20,1437.35,660.66,56.08,147.30,0.9280,2,2,-1
649,21,1287.77,598.02,71.35,132.66,0.9316,2,2,-1
649,22,1286.65,495.25,37.32,101.70,0.8678,2,2,-1
649,30,1731.32,610.34,70.31,136.51,0.9097,2,1,-1
649,33,1899.72,735.15,22.60,89.50,0.7509,2,2,-1
649,54,692.24,508.74,32.89,99.03,0.8330,2,1,-1
649,55,497.53,565.07,57.71,114.40,0.9165,2,2,-1
649,61,607.28,726.96,68.30,167.12,0.9058,2,1,-1
649,76,176.92,548.94,66.15,126.13,0.9299,2,1,-1
649,79,805.32,573.30,43.24,124.91,0.9027,1,3,-1
649,82,1553.54,623.33,56.85,145.68,0.9223,2,2,-1
650,18,969.24,599.53,56.35,128.25,0.9312,2,2,-1
650,20,1445.56,658.89,57.91,148.29,0.9361,2,2,-1
650,21,1292.93,598.00,72.58,135.63,0.9183,2,2,-1
650,22,1292.02,494.88,38.11,100.49,0.9174,2,2,-1
650,40,824.16,518.45,43.27,105.60,0.9109,2,1,-1
650,48,1744.07,610.12,55.49,138.16,0.9107,2,2,-1
650,54,691.93,515.91,29.48,92.42,0.8769,2,1,-1
650,55,509.99,564.71,46.38,114.90,0.8971,2,2,-1
650,61,619.59,725.18,64.82,168.87,0.9010,2,1,-1
650,76,186.13,550.92,63.23,125.65,0.9306,2,1,-1
650,79,806.75,573.98,43.14,123.86,0.8458,1,3,-1
650,82,1557.72,624.24,57.65,145.39,0.9096,2,2,-1
651,18,981.21,597.98,53.93,128.86,0.9264,2,2,-1
651,20,1453.04,658.88,60.11,147.28,0.9266,2,2,-1
651,21,1300.37,598.99,70.25,135.23,0.9271,2,2,-1
651,22,1297.96,496.78,39.50,103.51,0.9079,2,2,-1
651,48,1754.48,611.05,49.47,137.95,0.9245,2,2,-1
651,54,690.85,525.75,30.20,82.36,0.9131,2,1,-1
651,55,519.14,565.32,38.04,114.19,0.9052,2,2,-1
651,61,623.12,725.38,61.87,168.95,0.8394,2,1,-1
651,76,198.30,555.41,57.90,121.46,0.9194,2,1,-1
651,79,807.52,574.80,43.14,123.57,0.7024,1,3,-1
651,82,1563.21,625.70,56.66,143.72,0.9198,2,2,-1
652,18,991.98,596.93,50.36,129.66,0.9264,2,2,-1
652,20,1459.34,659.54,64.58,144.55,0.9376,2,2,-1
652,21,1306.91,599.57,66.70,134.74,0.9170,2,2,-1
652,22,1306.31,498.87,36.68,103.47,0.9117,2,2,-1
652,40,831.41,519.60,41.26,105.88,0.9127,2,1,-1
652,48,1763.36,610.78,44.06,138.58,0.9019,2,2,-1
652,54,686.88,509.50,35.88,99.60,0.9269,2,1,-1
652,55,525.97,564.24,35.26,115.17,0.9016,2,2,-1
652,61,629.95,718.68,64.69,174.15,0.9026,2,1,-1
652,76,211.78,552.80,55.21,123.79,0.8963,2,1,-1
652,82,1567.64,626.06,55.66,143.52,0.9172,2,2,-1
652,87,1527.27,660.68,43.41,112.07,0.7242,2,-1,-1
653,18,998.57,595.72,48.83,131.09,0.9112,2,2,-1
653,20,1469.39,661.02,63.07,142.34,0.9394,2,2,-1
653,21,1316.33,598.96,60.16,135.02,0.9302,2,2,-1
653,22,1314.08,501.24,33.41,100.79,0.9098,2,2,-1
653,40,833.77,521.34,41.37,105.43,0.9146,2,1,-1
653,48,1770.63,611.38,40.54,138.56,0.9124,2,2,-1
653,54,684.47,515.09,37.65,94.88,0.9258,2,1,-1
653,55,531.18,565.32,37.93,114.52,0.9100,2,2,-1
653,61,635.61,721.18,66.78,172.45,0.8696,2,1,-1
653,76,223.56,551.23,53.82,124.72,0.9074,2,1,-1
653,82,1573.92,628.61,53.90,143.38,0.9172,2,2,-1
653,87,1534.48,659.28,45.38,115.90,0.7748,2,-1,-1
654,18,998.58,595.15,54.38,131.27,0.9162,2,2,-1
654,20,1482.30,663.79,58.29,140.15,0.9206,2,2,-1
654,21,1323.80,598.74,53.44,136.00,0.9322,2,2,-1
654,22,1321.38,501.36,31.72,101.18,0.9123,2,2,-1
654,40,835.75,521.43,41.78,107.00,0.9166,2,1,-1
654,48,1774.96,611.28,40.11,139.15,0.9159,2,2,-1
654,54,678.83,507.20,42.49,103.92,0.9423,2,1,-1
654,55,533.91,565.04,46.74,115.46,0.9252,2,2,-1
654,61,640.77,724.81,68.67,167.79,0.9050,2,1,-1
654,76,231.17,547.94,52.80,128.30,0.9047,2,1,-1
654,82,1577.11,627.86,54.26,145.77,0.9058,2,2,-1
654,87,1539.08,672.47,46.72,103.43,0.8257,2,-1,-1
655,18,997.11,595.70,62.14,130.45,0.9238,2,2,-1
655,20,1498.87,665.03,57.61,139.12,0.9082,2,2,-1
655,21,1329.16,598.97,46.85,135.32,0.9230,2,2,-1
655,22,1327.45,501.42,30.69,100.03,0.9097,2,2,-1
655,40,837.18,521.60,42.41,108.42,0.9001,2,1,-1
655,48,1779.59,612.79,39.93,138.64,0.9172,2,2,-1
655,54,674.99,508.33,44.22,105.46,0.9292,2,1,-1
655,55,535.77,565.31,54.50,115.34,0.9313,2,2,-1
655,61,646.68,723.60,69.34,168.17,0.9131,2,1,-1
655,76,237.96,543.78,50.83,131.34,0.9158,2,1,-1
655,82,1582.57,629.19,52.87,145.59,0.9203,2,2,-1
656,18,1001.31,595.91,66.75,130.61,0.9287,2,2,-1
656,20,1512.10,665.45,51.65,137.83,0.9158,2,2,-1
656,21,1334.75,598.65,42.63,134.55,0.9312,2,2,-1
656,22,1332.83,499.72,31.33,102.79,0.9061,2,2,-1
656,40,839.50,521.09,42.78,109.43,0.8771,2,1,-1
656,48,1781.55,611.70,42.38,142.25,0.9235,2,2,-1
656,54,671.00,509.22,45.08,105.64,0.9245,2,1,-1
656,55,536.22,569.64,58.27,110.98,0.9365,2,2,-1
656,61,656.72,725.98,67.38,165.52,0.9128,2,1,-1
656,76,243.85,542.26,49.82,131.15,0.9246,2,1,-1
656,79,809.33,575.67,46.87,124.45,0.9019,1,3,-1
656,82,1586.72,629.40,51.69,147.96,0.9138,2,2,-1
657,18,1004.91,596.29,69.31,130.38,0.9416,2,2,-1
657,20,1518.60,663.98,50.13,138.98,0.9303,2,2,-1
657,21,1339.45,602.02,42.38,133.36,0.9187,2,2,-1
657,22,1336.48,500.17,33.13,101.55,0.9142,2,2,-1
657,25,666.47,535.87,40.24,78.43,0.8048,2,1,-1
657,40,843.10,521.33,40.96,104.03,0.8126,2,1,-1
657,48,1784.88,613.86,43.36,139.97,0.9258,2,2,-1
657,55,536.90,569.53,59.87,112.34,0.9265,2,2,-1
657,61,668.96,727.14,64.13,165.42,0.9224,2,1,-1
657,76,248.09,541.42,50.37,125.44,0.9316,2,1,-1
657,79,809.39,575.27,46.93,124.96,0.9032,1,3,-1
657,82,1592.37,628.42,50.59,150.17,0.8971,2,2,-1
658,18,1008.88,596.59,72.89,130.37,0.9389,2,2,-1
658,20,1521.26,658.80,53.33,144.95,0.9061,2,2,-1
658,21,1344.62,604.36,42.48,132.40,0.8672,2,2,-1
658,22,1339.44,498.69,36.67,103.81,0.9192,2,2,-1
658,40,846.97,519.42,40.32,110.54,0.8358,2,1,-1
658,48,1786.88,614.36,45.28,139.48,0.9395,2,2,-1
658,54,658.35,513.21,40.03,101.30,0.8574,2,1,-1
658,55,540.43,570.56,58.85,111.40,0.9235,2,2,-1
658,61,681.02,725.70,56.29,164.52,0.9191,2,1,-1
658,76,254.28,541.10,51.28,126.73,0.9240,2,1,-1
658,79,809.42,574.33,46.65,126.48,0.9030,1,3,-1
658,82,1596.47,627.12,50.30,153.46,0.9024,2,2,-1
659,18,1016.83,596.44,70.77,130.46,0.9411,2,2,-1
659,20,1526.77,657.01,58.21,147.23,0.9243,2,2,-1
659,21,1348.63,602.38,50.27,135.49,0.9278,2,2,-1
659,22,1342.15,499.41,40.09,101.48,0.9232,2,2,-1
659,40,849.70,520.59,37.49,109.36,0.8723,2,1,-1
659,48,1789.02,614.51,46.73,138.51,0.9298,2,2,-1
659,54,656.13,516.51,38.33,98.51,0.9026,2,1,-1
659,55,543.55,569.46,55.61,112.33,0.9324,2,2,-1
659,61,692.02,723.81,51.43,164.31,0.9369,2,1,-1
659,76,260.16,543.25,51.78,124.62,0.9279,2,1,-1
659,79,810.00,574.73,45.60,125.61,0.9062,1,3,-1
659,82,1603.26,629.75,47.30,149.26,0.8708,2,2,-1
660,18,1022.56,596.36,68.36,129.78,0.9364,2,2,-1
660,20,1531.93,655.76,69.58,147.37,0.9229,2,2,-1
660,21,1352.19,605.10,52.42,133.96,0.9301,2,2,-1
660,22,1347.11,500.40,42.25,104.03,0.9194,2,2,-1
660,40,851.47,520.11,38.35,110.24,0.9016,2,1,-1
660,48,1791.19,615.32,48.91,139.11,0.9352,2,2,-1
660,54,652.53,511.45,39.79,103.59,0.9158,2,1,-1
660,55,549.51,568.88,50.80,112.34,0.9191,2,2,-1
660,61,694.28,722.31,56.17,168.43,0.9336,2,1,-1
660,76,270.12,546.30,48.45,122.12,0.8806,2,1,-1
660,79,810.83,574.80,44.86,125.69,0.8693,1,3,-1
660,82,1604.56,628.64,49.24,149.16,0.9110,2,2,-1
661,18,1030.18,595.88,67.88,129.42,0.9336,2,2,-1
661,20,1537.51,656.33,76.33,145.15,0.9213,2,2,-1
661,21,1354.74,606.63,49.27,133.35,0.9171,2,2,-1
661,22,1353.16,502.64,41.33,102.68,0.9215,2,2,-1
661,26,1824.41,709.58,17.73,45.55,0.5738,2,2,-1
661,40,851.63,520.09,39.82,109.63,0.9104,2,1,-1
661,48,1793.25,614.59,53.73,140.36,0.9427,2,2,-1
661,54,648.89,510.00,41.68,106.58,0.9259,2,1,-1
661,55,560.03,602.04,38.99,78.64,0.8999,2,2,-1
661,61,696.88,718.04,60.47,172.90,0.9431,2,1,-1
661,76,281.73,543.91,45.30,123.89,0.9133,2,1,-1
661,79,811.02,574.37,45.00,127.07,0.8764,1,3,-1
661,82,1608.51,629.95,49.92,150.06,0.8638,2,2,-1
662,18,1039.95,594.74,63.11,130.17,0.9243,2,2,-1
662,20,1541.26,655.64,76.12,145.92,0.9382,2,2,-1
662,21,1358.55,610.55,46.82,129.92,0.9286,2,2,-1
662,22,1359.76,504.17,39.68,101.90,0.9155,2,2,-1
662,40,852.68,520.67,40.59,109.93,0.8984,2,1,-1
662,48,1795.17,614.19,58.58,140.79,0.9325,2,2,-1
662,54,644.57,509.15,43.10,108.60,0.9263,2,1,-1
662,55,566.88,607.58,34.50,73.27,0.8605,2,2,-1
662,61,701.67,721.15,66.50,170.42,0.8999,2,1,-1
662,76,289.28,542.50,42.62,125.22,0.9150,2,1,-1
662,79,810.67,575.13,44.76,127.39,0.7523,1,3,-1
662,82,1607.23,630.18,52.03,151.25,0.7901,2,2,-1
663,18,1049.34,594.73,56.30,130.18,0.9298,2,2,-1
663,20,1551.38,662.02,72.97,139.67,0.9327,2,2,-1
663,21,1360.91,612.41,46.90,129.44,0.9353,2,2,-1
663,22,1367.50,504.54,38.59,104.87,0.9182,2,2,-1
663,30,1795.46,613.38,71.60,143.36,0.9366,2,1,-1
663,40,854.24,521.39,42.40,110.73,0.9040,2,1,-1
663,50,1898.87,823.84,21.23,81.50,0.5988,2,1,-1
663,54,640.87,510.32,44.19,109.03,0.9389,2,1,-1
663,55,570.70,575.22,38.34,106.26,0.8758,2,2,-1
663,61,699.60,723.05,76.48,170.11,0.9419,2,1,-1
663,76,291.73,538.90,45.85,128.45,0.9292,2,1,-1
663,79,811.87,575.50,44.38,128.15,0.7583,1,3,-1
663,82,1613.17,630.91,51.75,149.38,0.8496,2,2,-1
664,18,1055.01,593.88,48.72,131.12,0.9283,2,2,-1
664,20,1565.33,665.84,66.78,136.74,0.9205,2,2,-1
664,21,1363.56,609.28,46.48,133.17,0.9302,2,2,-1
664,22,1373.30,504.23,38.08,107.45,0.9278,2,2,-1
664,30,1798.12,614.24,76.72,142.08,0.9360,2,1,-1
664,33,1902.53,813.30,18.29,95.32,0.7812,2,2,-1
664,40,855.97,522.46,43.09,110.21,0.9214,2,1,-1
664,54,638.00,512.19,42.02,109.15,0.9245,2,1,-1
664,55,576.23,580.46,35.29,101.82,0.8334,2,2,-1
664,61,701.24,725.13,80.06,168.54,0.9409,2,1,-1
664,76,294.48,536.31,49.63,129.07,0.9355,2,1,-1
664,79,813.28,576.21,43.44,127.79,0.7833,1,3,-1
665,18,1060.91,594.16,45.60,131.12,0.9306,2,2,-1
665,20,1582.34,666.03,55.74,136.20,0.9017,2,2,-1
665,21,1369.07,606.58,44.18,135.22,0.9372,2,2,-1
665,22,1378.40,502.13,38.34,109.99,0.9180,2,2,-1
665,25,637.03,552.10,34.25,68.60,0.7706,2,1,-1
665,30,1800.56,615.60,79.79,143.40,0.9408,2,1,-1
665,40,858.33,522.77,41.40,109.94,0.8976,2,1,-1
665,43,1904.56,799.71,18.15,88.46,0.6606,2,1,-1
665,55,576.39,590.93,38.31,89.09,0.8289,2,2,-1
665,61,708.29,725.03,76.73,169.23,0.9409,2,1,-1
665,76,296.86,535.67,56.09,126.16,0.9401,2,1,-1
665,79,814.85,577.30,42.15,126.59,0.8080,1,3,-1
665,87,1624.29,633.42,45.17,106.13,0.7806,2,1,-1
666,18,1067.10,594.56,49.68,131.25,0.9271,2,2,-1
666,20,1594.67,665.32,51.32,137.08,0.9030,2,2,-1
666,21,1375.23,612.22,41.12,130.34,0.9264,2,2,-1
666,22,1385.21,501.58,34.89,96.69,0.8509,2,2,-1
666,30,1802.35,617.68,85.19,141.44,0.9344,2,1,-1
666,38,1640.52,641.48,32.87,67.66,0.6955,2,2,-1
666,40,862.32,527.07,38.36,105.76,0.8686,2,1,-1
666,43,1902.76,800.28,17.44,86.03,0.7396,2,1,-1
666,54,629.20,516.77,35.25,103.42,0.8326,2,1,-1
666,55,572.37,570.49,53.74,111.57,0.9025,2,2,-1
666,61,717.25,722.88,76.57,170.81,0.9360,2,1,-1
666,76,300.78,534.81,61.40,124.80,0.9338,2,1,-1
666,79,816.11,578.08,41.40,125.77,0.7437,1,3,-1
667,18,1071.45,594.74,55.60,131.11,0.9242,2,2,-1
667,20,1599.70,657.57,54.82,144.89,0.9170,2,2,-1
667,21,1380.82,608.00,40.58,135.23,0.9164,2,2,-1
667,22,1387.96,501.13,39.69,111.75,0.9008,2,2,-1
667,30,1806.93,618.77,85.62,140.51,0.9346,2,-1,-1
667,38,1648.87,643.92,27.51,60.18,0.6538,2,2,-1
667,40,864.68,523.78,38.87,110.19,0.8952,2,1,-1
667,50,1898.21,819.77,21.04,63.31,0.8011,2,1,-1
667,54,627.37,529.73,29.45,91.26,0.8962,2,1,-1
667,55,573.33,571.29,60.40,112.98,0.8990,2,2,-1
667,61,730.48,725.07,74.69,168.40,0.9273,2,1,-1
667,76,305.43,536.83,67.76,122.43,0.9449,2,1,-1
667,79,816.87,578.83,41.61,127.22,0.8858,1,3,-1
668,18,1072.62,594.83,62.57,131.12,0.9338,2,2,-1
668,20,1608.33,655.01,63.14,144.79,0.8847,2,2,-1
668,21,1385.21,606.37,42.72,138.11,0.9312,2,2,-1
668,22,1391.80,502.10,39.86,108.04,0.9154,2,2,-1
668,30,1810.50,618.65,87.17,142.86,0.9205,2,2,-1
668,33,1893.89,820.29,25.37,116.69,0.8123,2,2,-1
668,38,1653.83,645.55,25.92,59.91,0.6396,2,2,-1
668,40,865.69,523.80,40.22,111.47,0.9011,2,1,-1
668,54,622.28,515.93,33.25,105.21,0.8914,2,1,-1
668,55,573.61,570.85,61.60,114.69,0.9208,2,2,-1
668,61,744.26,722.29,67.61,171.07,0.9167,2,1,-1
668,76,311.55,536.94,71.04,123.59,0.9074,2,1,-1
668,79,818.45,579.24,41.70,127.13,0.8950,1,3,-1
669,18,1073.39,595.37,64.80,129.92,0.9349,2,2,-1
669,20,1613.04,652.39,72.56,147.55,0.9103,2,2,-1
669,21,1388.49,606.07,46.54,139.21,0.9118,2,2,-1
669,22,1396.59,503.95,41.17,109.25,0.9183,2,2,-1
669,30,1814.31,620.24,86.14,142.45,0.9048,2,2,-1
669,38,1658.64,647.38,23.65,56.31,0.6349,2,2,-1
669,40,866.80,524.34,40.18,110.70,0.8887,2,1,-1
669,50,1889.52,820.35,28.03,58.75,0.8627,2,1,-1
669,55,576.65,571.38,61.39,115.19,0.9290,2,2,-1
669,61,753.41,721.63,57.45,171.35,0.8634,2,1,-1
669,76,320.16,538.53,67.70,122.76,0.8911,2,1,-1
669,79,819.22,579.60,42.60,128.31,0.8959,1,3,-1
670,18,1074.90,595.44,66.75,130.36,0.9404,2,2,-1
670,20,1618.85,653.88,72.43,142.34,0.9047,2,2,-1
670,21,1388.78,608.12,52.06,138.67,0.9238,2,2,-1
670,22,1402.12,506.21,39.75,109.34,0.9181,2,2,-1
670,26,1845.64,714.63,21.02,47.87,0.6562,2,2,-1
670,30,1819.07,621.03,86.27,141.28,0.9107,2,2,-1
670,40,868.03,523.75,40.65,111.49,0.8962,2,1,-1
670,50,1884.47,821.86,33.06,59.62,0.9014,2,1,-1
670,55,580.41,572.87,60.26,114.25,0.9212,2,2,-1
670,61,758.42,718.90,56.20,173.61,0.6676,2,1,-1
670,76,331.00,536.55,66.82,123.42,0.8956,2,1,-1
670,79,819.39,579.68,42.93,127.91,0.8846,1,3,-1
671,18,1077.75,594.68,65.14,131.22,0.9254,2,2,-1
671,20,1625.68,654.77,76.49,144.05,0.9318,2,2,-1
671,21,1390.51,609.89,56.89,136.21,0.9221,2,2,-1
671,22,1408.05,508.76,36.69,103.79,0.9237,2,2,-1
671,30,1823.41,622.10,84.87,142.20,0.9100,2,2,-1
671,40,869.73,523.11,41.97,111.52,0.8782,2,1,-1
671,50,1880.50,822.62,37.57,64.68,0.8778,2,1,-1
671,55,587.04,572.04,62.93,115.57,0.8976,2,2,-1
671,61,768.07,722.65,57.09,170.38,0.7990,2,1,-1
671,76,339.19,535.87,62.30,124.25,0.8836,2,1,-1
671,79,820.43,579.21,43.12,128.38,0.6142,1,3,-1
672,17,875.13,543.05,39.42,91.18,0.8289,1,3,-1
672,18,1084.47,594.16,58.34,130.97,0.9333,2,2,-1
672,20,1637.96,658.68,68.37,139.82,0.9071,2,2,-1
672,21,1391.38,611.23,62.01,138.47,0.9172,2,2,-1
672,22,1414.92,509.23,36.79,107.47,0.8738,2,2,-1
672,30,1828.65,623.91,80.63,141.14,0.9148,2,2,-1
672,50,1876.24,823.10,42.38,65.63,0.8920,2,1,-1
672,54,604.60,520.97,27.43,78.58,0.7288,2,1,-1
672,55,594.21,571.80,61.65,115.32,0.8923,2,2,-1
672,61,768.74,718.04,68.76,175.17,0.9021,2,1,-1
672,76,349.12,532.38,63.48,127.05,0.9034,2,1,-1
672,79,821.72,578.36,43.82,129.28,0.9033,1,3,-1
673,18,1092.30,593.69,51.63,130.10,0.9252,2,2,-1
673,20,1640.03,656.84,70.76,142.61,0.9160,2,2,-1
673,21,1392.55,610.62,66.74,139.61,0.9198,2,2,-1
673,22,1421.05,508.85,35.22,110.20,0.8753,2,2,-1
673,30,1831.12,625.04,79.50,141.25,0.9184,2,2,-1
673,40,874.09,524.12,41.22,110.34,0.7564,2,1,-1
673,50,1872.16,822.54,45.19,69.26,0.8172,2,1,-1
673,55,600.93,571.19,57.03,115.82,0.9018,2,2,-1
673,61,769.13,724.10,77.85,169.52,0.9284,2,1,-1
673,74,1662.61,637.21,35.90,47.56,0.5863,2,1,-1
673,76,349.07,528.30,54.43,128.92,0.8785,2,1,-1
673,79,822.61,578.05,44.34,128.87,0.9174,1,3,-1
674,18,1100.91,592.58,46.25,131.81,0.9361,2,2,-1
674,20,1646.84,658.63,70.91,141.83,0.9095,2,2,-1
674,21,1396.99,611.94,68.90,139.50,0.9213,2,2,-1
674,22,1426.82,508.05,34.60,107.23,0.8856,2,2,-1
674,30,1835.18,625.16,78.44,141.69,0.9091,2,2,-1
674,40,873.70,521.94,45.18,112.97,0.8861,2,1,-1
674,50,1869.01,821.82,48.70,73.09,0.7682,2,1,-1
674,55,609.70,570.40,47.84,116.46,0.8939,2,2,-1
674,61,769.84,725.99,82.98,168.00,0.9407,2,1,-1
674,74,1667.52,633.68,37.96,48.99,0.6222,2,1,-1
674,76,359.58,526.77,63.22,127.28,0.9163,2,1,-1
674,79,822.10,577.80,46.28,129.61,0.9247,1,3,-1
675,18,1107.63,591.91,46.67,132.68,0.9249,2,2,-1
675,21,1400.19,613.96,69.83,138.23,0.9272,2,2,-1
675,22,1429.04,507.72,37.04,109.05,0.9089,2,2,-1
675,30,1838.49,625.22,77.54,142.49,0.9146,2,2,-1
675,40,873.78,522.27,47.97,114.50,0.9003,2,1,-1
675,50,1859.85,821.88,64.19,104.78,0.7941,2,1,-1
675,55,613.94,569.91,42.34,117.67,0.8856,2,2,-1
675,61,771.66,725.90,85.20,168.04,0.9324,2,1,-1
675,76,363.27,526.53,67.57,124.42,0.9087,2,1,-1
675,79,820.91,577.71,47.67,130.81,0.9145,1,3,-1
675,82,1677.22,658.32,50.32,142.29,0.8231,2,2,-1
676,18,1112.15,591.02,50.15,133.16,0.9307,2,2,-1
676,21,1403.15,614.09,70.91,139.37,0.9148,2,2,-1
676,22,1433.00,507.59,38.86,108.48,0.9043,2,2,-1
676,30,1840.08,624.87,72.03,142.97,0.9305,2,2,-1
676,33,1870.45,834.25,48.45,162.29,0.8673,2,2,-1
676,40,874.81,523.26,48.94,113.51,0.9049,2,1,-1
676,55,620.80,569.72,37.70,118.24,0.8926,2,2,-1
676,61,776.27,723.44,85.11,171.79,0.9280,2,1,-1
676,76,368.03,527.00,68.43,124.20,0.9257,2,1,-1
676,79,820.58,578.60,48.69,131.26,0.8735,1,3,-1
676,82,1680.16,656.34,56.80,140.43,0.8786,2,2,-1
676,90,577.13,523.19,39.54,104.67,0.8997,2,-1,-1
677,18,1114.61,590.57,54.08,133.54,0.9289,2,2,-1
677,21,1410.31,613.67,67.11,139.57,0.9192,2,2,-1
677,22,1433.94,507.72,44.21,110.60,0.9298,2,2,-1
677,30,1842.34,625.01,70.75,143.92,0.8982,2,2,-1
677,40,878.13,525.87,48.40,111.57,0.8928,2,1,-1
677,55,624.98,569.77,36.28,116.52,0.8996,2,2,-1
677,61,783.62,723.48,78.72,170.01,0.9292,2,1,-1
677,76,376.02,528.82,69.89,123.15,0.9158,2,1,-1
677,79,820.84,578.74,48.90,131.30,0.8683,1,3,-1
677,82,1685.44,654.75,63.02,144.27,0.9292,2,2,-1
677,87,1695.28,630.49,26.71,56.15,0.5840,2,1,-1
677,90,571.45,519.47,42.41,108.09,0.8957,2,-1,-1
678,18,1116.32,590.56,60.70,132.50,0.9222,2,2,-1
678,20,1694.51,652.48,75.10,146.19,0.9292,2,2,-1
678,21,1414.99,612.41,64.06,140.83,0.9208,2,2,-1
678,22,1439.23,508.15,45.64,108.96,0.9209,2,2,-1
678,30,1846.28,625.77,69.84,143.01,0.9204,2,2,-1
678,40,879.24,526.05,49.88,112.45,0.9021,2,1,-1
678,55,628.32,570.30,37.11,116.53,0.9085,2,2,-1
678,61,795.69,725.30,74.16,164.73,0.9372,2,1,-1
678,74,1695.21,632.30,35.84,47.77,0.5527,2,1,-1
678,76,384.47,529.69,66.92,122.15,0.8953,2,1,-1
678,79,818.91,579.40,51.46,131.55,0.8965,1,3,-1
678,90,565.73,517.78,46.94,111.28,0.9200,2,-1,-1
679,18,1117.21,589.79,66.79,134.23,0.9212,2,2,-1
679,20,1703.75,651.78,81.02,146.71,0.9277,2,2,-1
679,21,1422.45,611.68,56.67,141.87,0.9323,2,2,-1
679,22,1445.66,511.64,45.83,109.77,0.9268,2,2,-1
679,30,1850.91,626.53,66.62,142.51,0.9233,2,2,-1
679,40,881.57,526.61,50.79,113.04,0.8962,2,1,-1
679,55,630.86,570.80,43.53,117.87,0.9225,2,2,-1
679,61,806.74,724.77,71.15,165.78,0.9314,2,1,-1
679,74,1701.12,632.10,36.05,50.52,0.7428,2,1,-1
679,76,394.98,529.04,64.09,122.13,0.9085,2,1,-1
679,79,819.55,581.00,51.74,131.24,0.7147,1,3,-1
679,90,560.31,518.71,48.52,110.73,0.9293,2,1,-1
680,18,1121.51,590.71,67.25,133.24,0.9331,2,2,-1
680,20,1707.77,653.28,81.62,146.92,0.9266,2,2,-1
680,21,1428.56,612.54,51.24,141.79,0.9213,2,2,-1
680,22,1453.98,511.83,45.07,109.05,0.9096,2,2,-1
680,30,1853.37,626.65,66.70,144.18,0.9362,2,2,-1
680,38,1689.15,651.82,27.32,68.73,0.6971,2,2,-1
680,40,884.46,528.57,49.97,111.48,0.9058,2,1,-1
680,55,631.43,571.63,49.35,117.95,0.9286,2,2,-1
680,61,820.77,723.50,60.67,166.61,0.9290,2,1,-1
680,74,1706.41,632.56,35.46,49.76,0.6668,2,1,-1
680,76,400.93,526.45,63.75,124.56,0.9104,2,1,-1
680,79,819.93,582.28,51.97,130.25,0.6112,1,3,-1
680,90,553.30,518.78,51.49,111.79,0.9260,2,1,-1
681,18,1125.40,590.82,68.39,132.53,0.9244,2,2,-1
681,21,1433.56,612.44,46.30,141.55,0.9222,2,2,-1
681,22,1464.16,513.56,40.24,106.82,0.8963,2,2,-1
681,40,884.96,528.96,51.72,109.92,0.9188,2,1,-1
681,48,1859.47,626.48,60.54,146.30,0.9179,2,2,-1
681,55,632.17,571.66,54.65,118.83,0.9356,2,2,-1
681,61,833.18,721.01,51.83,168.44,0.9316,2,1,-1
681,76,403.02,524.91,66.13,125.42,0.9134,2,1,-1
681,79,820.50,582.93,52.47,129.42,0.8065,1,3,-1
681,82,1725.25,655.35,62.14,145.18,0.8939,2,2,-1
681,90,546.27,522.10,51.99,111.02,0.9083,2,1,-1
682,18,1128.78,590.72,69.44,131.96,0.9266,2,2,-1
682,21,1438.59,612.29,46.19,143.92,0.9051,2,2,-1
682,22,1470.31,512.18,39.60,108.16,0.9066,2,2,-1
682,26,1881.75,723.49,18.37,43.51,0.6184,2,2,-1
682,33,1829.05,812.49,80.52,187.73,0.7779,2,2,-1
682,40,885.28,528.42,53.36,111.16,0.9065,2,1,-1
682,43,1866.78,840.32,20.32,66.78,0.6553,2,1,-1
682,48,1861.71,625.92,60.74,147.64,0.5237,2,2,-1
682,55,633.41,571.32,56.21,119.34,0.9269,2,2,-1
682,61,839.34,721.11,49.75,167.35,0.9384,2,1,-1
682,76,405.44,522.05,66.55,126.70,0.9209,2,1,-1
682,79,821.19,583.33,53.40,129.47,0.8662,1,3,-1
682,82,1744.21,655.91,51.49,145.48,0.9077,2,2,-1
682,90,537.67,523.37,51.15,111.44,0.8868,2,1,-1
682,0,1883.01,978.38,28.36,20.62,1.0,0,-1,-1
683,18,1134.67,589.82,67.41,133.48,0.9318,2,2,-1
683,21,1442.99,613.68,49.29,143.17,0.9208,2,2,-1
683,22,1476.39,512.16,39.73,109.07,0.8710,2,2,-1
683,33,1840.87,818.81,26.65,48.04,0.6970,2,2,-1
683,40,886.29,528.38,51.61,112.15,0.8915,2,1,-1
683,43,1862.00,840.74,22.99,71.58,0.6292,2,1,-1
683,48,1878.68,676.29,38.94,92.23,0.5904,2,2,-1
683,55,637.28,571.45,55.21,119.07,0.9282,2,2,-1
683,61,843.16,719.80,52.80,171.24,0.9365,2,1,-1
683,76,409.89,520.08,68.48,123.87,0.9103,2,1,-1
683,79,821.85,583.78,53.37,130.25,0.8105,1,3,-1
683,82,1756.49,656.60,48.49,146.05,0.9168,2,2,-1
683,90,530.87,525.38,53.22,108.96,0.8758,2,1,-1
684,18,1138.95,589.51,68.31,133.92,0.9232,2,2,-1
684,21,1448.63,615.67,52.09,142.83,0.9037,2,2,-1
684,22,1482.94,510.34,40.18,111.79,0.8794,2,2,-1
684,28,1704.21,667.06,71.91,125.12,0.6483,2,1,-1
684,30,1877.76,657.56,44.15,110.78,0.8375,2,2,-1
684,40,888.06,529.07,51.90,111.47,0.9130,2,1,-1
684,43,1858.10,841.03,22.88,67.91,0.5630,2,1,-1
684,55,640.30,571.27,52.65,119.31,0.9352,2,2,-1
684,61,846.92,721.08,63.18,171.18,0.9003,2,1,-1
684,76,414.94,520.70,69.10,120.15,0.9239,2,1,-1
684,79,823.27,583.70,53.55,132.60,0.8670,1,3,-1
684,82,1765.29,655.85,45.69,145.27,0.9158,2,2,-1
684,90,526.63,526.34,50.54,108.53,0.8580,2,1,-1
685,18,1144.95,588.64,64.68,132.87,0.9317,2,2,-1
685,21,1451.33,616.76,51.44,141.16,0.9150,2,2,-1
685,22,1486.87,510.25,40.37,113.79,0.8235,2,2,-1
685,28,1702.11,670.97,58.55,120.64,0.5816,2,1,-1
685,30,1883.62,639.09,39.25,128.26,0.8782,2,2,-1
685,33,1832.93,817.78,25.54,37.46,0.8302,2,2,-1
685,40,889.95,528.44,51.26,112.32,0.9138,2,1,-1
685,43,1851.41,840.63,24.92,68.71,0.7593,2,1,-1
685,55,641.92,570.20,52.71,120.08,0.9185,2,2,-1
685,61,859.19,756.43,57.25,135.58,0.7393,2,1,-1
685,76,419.17,523.31,69.19,118.59,0.9007,2,1,-1
685,79,824.12,584.00,52.78,132.03,0.8284,1,3,-1
685,82,1774.82,653.79,47.11,146.56,0.9065,2,2,-1
685,90,522.83,525.63,50.08,108.72,0.8472,2,1,-1
686,18,1149.85,588.42,63.01,132.36,0.9319,2,2,-1
686,21,1454.99,616.39,49.86,144.02,0.9270,2,2,-1
686,24,1493.19,561.83,35.86,61.44,0.8804,2,2,-1
686,28,1706.53,647.76,59.75,144.09,0.6420,2,1,-1
686,30,1895.17,633.09,23.97,76.61,0.6115,2,2,-1
686,33,1830.09,818.67,24.87,33.89,0.7858,2,2,-1
686,40,892.27,528.53,50.61,112.62,0.9173,2,1,-1
686,43,1850.00,840.23,25.08,72.18,0.6464,2,1,-1
686,48,1890.69,690.26,29.70,76.80,0.8585,2,2,-1
686,55,650.96,568.46,47.34,121.71,0.9063,2,2,-1
686,61,856.07,751.56,76.78,140.16,0.8426,2,1,-1
686,76,431.25,523.79,75.80,118.08,0.8977,2,1,-1
686,79,825.82,583.87,52.57,132.84,0.8015,1,3,-1
686,82,1779.27,651.92,50.99,147.56,0.9261,2,2,-1
686,90,506.17,525.52,62.57,109.99,0.9014,2,1,-1
687,18,1158.19,588.28,56.03,133.83,0.9341,2,2,-1
687,21,1459.49,617.89,48.10,143.68,0.9297,2,2,-1
687,22,1496.91,511.18,41.20,114.42,0.8668,2,2,-1
687,33,1829.01,816.98,27.41,33.04,0.7735,2,2,-1
687,40,896.50,528.00,48.04,113.34,0.9097,2,1,-1
687,43,1832.08,844.71,24.79,68.13,0.7059,2,1,-1
687,48,1894.14,689.64,27.62,78.37,0.8215,2,2,-1
687,55,661.39,569.94,39.13,116.93,0.8465,2,2,-1
687,61,849.53,723.55,96.10,168.77,0.9179,2,1,-1
687,74,1742.22,634.44,40.49,55.57,0.8212,2,1,-1
687,76,440.65,524.01,73.53,118.26,0.8831,2,1,-1
687,79,827.03,583.33,52.89,133.99,0.6908,1,3,-1
687,82,1790.32,647.70,57.83,152.15,0.9201,2,2,-1
687,90,506.23,525.76,64.01,110.95,0.9155,2,1,-1
688,18,1162.81,587.87,52.39,133.52,0.9328,2,2,-1
688,21,1464.28,616.89,47.11,146.12,0.9303,2,2,-1
688,22,1506.37,528.00,37.27,100.65,0.7996,2,2,-1
688,28,1723.86,642.14,48.34,149.72,0.8317,2,1,-1
688,33,1825.99,815.89,32.17,36.98,0.6658,2,2,-1
688,40,899.41,527.89,47.65,113.71,0.9104,2,1,-1
688,48,1898.98,684.66,24.79,83.61,0.8032,2,2,-1
688,55,670.53,570.05,31.85,119.44,0.8835,2,2,-1
688,61,858.39,772.10,79.92,119.57,0.8834,2,1,-1
688,76,451.70,523.63,60.19,118.38,0.8823,2,1,-1
688,79,831.62,583.48,50.47,132.45,0.7776,1,3,-1
688,82,1797.26,647.50,66.98,154.57,0.9193,2,2,-1
688,90,510.55,525.91,58.84,111.33,0.9199,2,1,-1
689,18,1168.16,588.07,49.14,132.92,0.9310,2,2,-1
689,21,1468.27,617.64,46.38,145.50,0.9294,2,2,-1
689,25,677.26,570.12,27.54,87.14,0.8807,2,1,-1
689,33,1818.15,813.80,34.98,42.77,0.7301,2,2,-1
689,40,903.09,528.26,46.89,113.40,0.9088,2,1,-1
689,48,1904.53,685.58,22.35,85.93,0.6673,2,2,-1
689,61,857.68,747.63,91.57,144.48,0.9255,2,1,-1
689,76,461.56,518.46,51.04,123.53,0.8904,2,1,-1
689,79,834.74,583.24,49.42,133.55,0.7661,1,3,-1
689,82,1805.85,647.46,68.22,153.91,0.8914,2,2,-1
689,86,1518.72,590.21,25.74,39.70,0.5499,2,-1,-1
689,87,1752.20,634.79,28.14,54.83,0.7871,2,1,-1
689,90,512.35,533.68,54.39,106.46,0.9047,2,1,-1
690,17,908.17,531.96,44.85,111.05,0.9069,1,3,-1
690,18,1173.19,587.72,49.91,134.14,0.9285,2,2,-1
690,21,1473.50,617.45,44.80,145.73,0.9335,2,2,-1
690,28,1738.73,643.57,45.21,149.89,0.8046,2,1,-1
690,33,1791.80,822.95,99.43,166.53,0.7988,2,2,-1
690,55,680.87,570.15,30.06,118.53,0.8847,2,2,-1
690,61,867.66,732.24,88.75,161.47,0.9312,2,1,-1
690,76,470.42,514.94,45.36,124.89,0.8996,2,1,-1
690,79,838.67,583.50,48.35,135.18,0.7743,1,3,-1
690,82,1815.69,653.61,64.29,147.37,0.9299,2,2,-1
690,86,1526.15,592.38,20.63,36.91,0.6540,2,-1,-1
690,90,510.25,537.86,49.49,105.02,0.8144,2,1,-1
691,18,1178.36,587.46,51.55,134.38,0.9275,2,2,-1
691,21,1479.40,616.48,42.72,147.55,0.9417,2,2,-1
691,22,1530.93,542.33,32.28,87.10,0.7622,2,2,-1
691,28,1742.70,644.26,45.30,148.31,0.8672,2,1,-1
691,40,914.42,537.05,42.57,105.57,0.8794,2,1,-1
691,55,684.81,570.57,32.37,118.29,0.9014,2,2,-1
691,61,878.72,727.83,79.96,164.41,0.9115,2,1,-1
691,76,476.54,512.48,48.31,128.65,0.8920,2,1,-1
691,79,841.69,584.35,45.59,133.44,0.8408,1,3,-1
691,82,1827.94,655.16,57.26,145.99,0.9404,2,2,-1
692,18,1184.19,587.88,55.91,133.72,0.9351,2,2,-1
692,21,1485.36,616.30,42.52,147.60,0.9097,2,2,-1
692,22,1536.49,544.24,33.17,84.08,0.8746,2,2,-1
692,28,1746.76,646.10,48.35,148.35,0.8806,2,1,-1
692,40,919.73,538.36,40.80,106.15,0.8874,2,1,-1
692,55,687.38,571.16,35.54,119.76,0.9198,2,2,-1
692,61,894.81,731.13,71.35,160.68,0.9012,2,1,-1
692,76,487.10,568.09,40.56,73.92,0.8676,2,1,-1
692,79,843.95,585.01,44.77,135.42,0.8326,1,3,-1
692,82,1841.58,656.59,53.54,144.88,0.9300,2,2,-1
693,18,1187.87,588.28,58.57,132.71,0.9340,2,2,-1
693,21,1489.92,618.20,45.77,146.67,0.9243,2,2,-1
693,22,1539.96,532.01,38.07,96.69,0.8135,2,2,-1
693,28,1749.97,647.72,48.69,145.58,0.8865,2,1,-1
693,40,923.92,537.42,40.42,106.91,0.8938,2,1,-1
693,55,689.45,572.35,39.44,119.59,0.9208,2,2,-1
693,61,912.42,718.03,68.41,175.33,0.8835,2,1,-1
693,79,846.04,585.66,43.95,136.87,0.8797,1,3,-1
693,82,1852.76,654.24,51.10,147.40,0.9253,2,2,-1
693,90,487.74,542.94,50.50,100.16,0.9060,2,1,-1
694,18,1191.14,588.68,57.44,133.19,0.9316,2,2,-1
694,21,1494.69,619.18,48.25,146.69,0.9023,2,2,-1
694,22,1543.94,536.39,40.65,94.50,0.9124,2,2,-1
694,28,1753.97,645.71,53.68,149.31,0.8817,2,1,-1
694,40,927.17,534.59,41.40,111.19,0.8910,2,1,-1
694,55,692.15,573.03,41.56,119.43,0.9210,2,2,-1
694,61,930.74,769.68,49.63,122.42,0.7792,2,1,-1
694,79,848.77,586.24,43.47,137.28,0.8879,1,3,-1
694,82,1863.32,653.38,49.16,146.62,0.9230,2,2,-1
694,90,491.56,534.59,49.22,103.71,0.8020,2,1,-1
694,95,1807.28,812.35,28.22,74.42,0.8086,2,-1,-1
695,18,1194.60,588.21,56.08,133.13,0.9363,2,2,-1
695,21,1497.38,620.96,53.09,149.61,0.9016,2,2,-1
695,22,1548.64,536.23,43.59,94.54,0.8960,2,2,-1
695,28,1756.65,647.99,55.47,147.37,0.9003,2,1,-1
695,33,1769.80,819.78,102.74,177.33,0.8760,2,2,-1
695,40,930.32,534.23,42.60,112.27,0.9163,2,1,-1
695,54,521.42,515.57,25.88,56.53,0.5879,2,1,-1
695,55,694.44,573.62,43.25,118.22,0.9183,2,2,-1
695,61,931.19,727.64,66.27,165.81,0.5509,2,1,-1
695,76,496.12,564.36,42.61,80.51,0.7943,2,1,-1
695,79,851.98,587.01,41.90,136.22,0.8979,1,3,-1
695,82,1872.70,650.83,47.51,148.67,0.9264,2,2,-1
696,18,1198.70,587.40,54.18,134.48,0.9305,2,2,-1
696,21,1500.06,619.89,57.69,149.13,0.9082,2,2,-1
696,22,1553.83,538.27,46.56,93.39,0.9181,2,2,-1
696,28,1761.23,650.11,57.65,145.02,0.8873,2,-1,-1
696,33,1773.50,831.60,97.40,165.88,0.5927,2,2,-1
696,40,933.96,533.24,44.27,113.25,0.9088,2,1,-1
696,55,697.75,573.69,45.82,119.54,0.9149,2,2,-1
696,61,937.57,719.06,68.81,174.52,0.7360,2,1,-1
696,79,855.25,588.30,41.75,136.37,0.7486,1,3,-1
696,82,1878.72,647.52,42.49,152.64,0.9278,2,2,-1
696,90,488.35,538.92,47.32,107.37,0.9003,2,1,-1
696,95,1802.38,816.10,28.09,69.64,0.7278,2,-1,-1
697,18,1204.48,586.98,50.43,134.04,0.9358,2,2,-1
697,21,1505.27,622.34,59.18,147.09,0.9123,2,2,-1
697,22,1560.71,535.01,49.04,99.71,0.8746,2,2,-1
697,28,1764.20,652.15,60.46,143.60,0.8975,2,2,-1
697,40,937.47,530.18,45.09,115.65,0.8948,2,1,-1
697,55,700.81,573.29,43.83,119.49,0.9158,2,2,-1
697,61,940.74,718.91,76.09,175.01,0.9146,2,1,-1
697,79,857.57,588.58,41.55,136.57,0.7650,1,3,-1
697,82,1884.55,647.79,37.67,148.32,0.8699,2,2,-1
697,90,483.11,534.08,45.99,114.14,0.9161,2,1,-1
698,18,1210.95,585.84,49.37,134.55,0.9340,2,2,-1
698,21,1508.18,617.88,64.01,154.03,0.9121,2,2,-1
698,22,1568.72,541.10,46.89,94.78,0.8657,2,2,-1
698,28,1768.33,644.99,65.92,149.79,0.9062,2,2,-1
698,40,943.20,530.45,43.46,115.57,0.9041,2,1,-1
698,55,708.91,573.05,39.48,120.60,0.9095,2,2,-1
698,61,944.78,730.37,80.92,163.70,0.9252,2,1,-1
698,79,861.34,588.76,41.52,136.77,0.8778,1,3,-1
698,90,480.55,540.27,45.14,111.19,0.9106,2,1,-1
699,18,1217.24,585.14,48.52,134.63,0.9392,2,2,-1
699,20,1794.48,815.19,27.66,42.60,0.7207,2,2,-1
699,21,1511.28,624.51,66.07,149.72,0.9247,2,2,-1
699,22,1580.67,547.85,42.14,87.94,0.8359,2,2,-1
699,25,720.82,624.60,28.01,68.01,0.7609,2,1,-1
699,28,1775.19,650.11,66.96,144.76,0.8946,2,2,-1
699,40,947.72,530.19,42.17,116.38,0.8875,2,1,-1
699,48,1897.14,709.40,23.27,92.73,0.6416,2,2,-1
699,61,949.18,741.43,83.92,153.25,0.8894,2,1,-1
699,79,863.54,588.27,41.36,137.83,0.8770,1,3,-1
699,90,471.28,539.06,42.59,112.44,0.8497,2,1,-1
699,96,537.63,508.30,46.72,122.62,0.9233,2,-1,-1
700,18,1222.59,584.06,51.99,135.46,0.9366,2,2,-1
700,20,1793.34,815.01,26.12,39.14,0.5038,2,2,-1
700,21,1518.09,625.06,65.68,150.53,0.9165,2,2,-1
700,22,1590.37,546.14,41.00,89.34,0.7654,2,2,-1
700,26,1900.43,734.44,22.05,67.24,0.5499,2,2,-1
700,28,1779.13,651.02,72.44,147.26,0.9130,2,2,-1
700,33,1777.48,831.68,92.15,163.01,0.5288,2,2,-1
700,40,952.08,530.61,41.40,117.22,0.9045,2,1,-1
700,55,723.66,572.69,33.67,118.71,0.8787,2,2,-1
700,61,949.58,727.68,92.26,167.47,0.9327,2,1,-1
700,79,866.76,588.55,41.75,137.70,0.8133,1,3,-1
700,90,466.28,549.24,36.99,102.17,0.8549,2,1,-1
700,96,543.57,503.94,49.27,126.28,0.9256,2,-1,-1
701,18,1227.89,583.83,53.68,136.18,0.9236,2,2,-1
701,21,1523.80,625.77,66.07,151.25,0.9115,2,2,-1
701,24,1602.70,582.36,29.99,52.99,0.6866,2,2,-1
701,28,1787.79,645.14,73.75,152.58,0.8732,2,2,-1
701,40,955.76,530.42,39.59,117.72,0.9012,2,1,-1
701,55,730.26,572.55,32.96,120.23,0.9093,2,2,-1
701,61,955.58,724.38,90.31,170.10,0.9278,2,1,-1
701,79,869.24,588.44,42.03,138.11,0.6899,1,3,-1
701,90,464.35,547.09,37.08,105.02,0.9031,2,1,-1
701,96,549.68,506.87,54.11,119.16,0.9318,2,-1,-1
702,18,1231.87,582.83,56.74,136.36,0.9342,2,2,-1
702,21,1532.92,622.34,62.97,153.19,0.8978,2,2,-1
702,22,1607.45,557.33,34.92,77.14,0.6748,2,2,-1
702,28,1800.86,641.10,73.51,160.99,0.9010,2,2,-1
702,40,959.72,530.49,38.54,117.93,0.8551,2,1,-1
702,55,734.42,571.50,33.67,122.93,0.8890,2,2,-1
702,61,964.30,727.02,86.86,167.78,0.9093,2,1,-1
702,79,871.83,587.61,43.89,138.66,0.8413,1,3,-1
702,90,461.90,545.52,38.61,106.54,0.9184,2,1,-1
702,96,555.18,504.15,59.90,118.88,0.9350,2,-1,-1
702,0,1608.69,616.78,17.65,19.62,1.0,0,-1,-1
703,18,1233.66,582.95,61.28,136.36,0.9270,2,2,-1
703,21,1537.95,624.62,60.26,152.27,0.9195,2,2,-1
703,22,1614.32,568.85,31.20,67.43,0.8672,2,2,-1
703,40,963.39,530.71,37.02,117.28,0.9005,2,1,-1
703,50,1814.34,714.48,61.59,85.59,0.8981,2,1,-1
703,55,738.64,571.76,34.21,99.50,0.9048,2,2,-1
703,61,975.39,728.33,80.68,163.61,0.9271,2,1,-1
703,79,874.25,587.83,43.98,138.05,0.7554,1,3,-1
703,90,458.12,541.82,42.79,110.61,0.9248,2,1,-1
703,95,1785.62,810.10,26.03,60.46,0.5403,2,-1,-1
703,96,560.02,505.75,62.25,119.28,0.9293,2,-1,-1
704,18,1235.97,583.24,64.65,136.28,0.9246,2,2,-1
704,21,1543.01,623.83,56.71,154.80,0.9272,2,2,-1
704,22,1619.08,571.57,34.89,66.68,0.8848,2,2,-1
704,40,966.67,531.62,36.59,115.81,0.9111,2,1,-1
704,43,1779.82,808.93,32.32,87.54,0.6358,2,1,-1
704,50,1823.60,701.89,60.88,94.22,0.8342,2,1,-1
704,55,738.69,571.53,43.94,121.93,0.9162,2,2,-1
704,61,989.51,725.57,71.72,166.08,0.9133,2,1,-1
704,79,876.36,588.36,44.96,139.70,0.5912,1,3,-1
704,90,453.41,541.00,46.74,113.50,0.9384,2,1,-1
704,96,569.96,508.20,59.88,117.85,0.9319,2,-1,-1
705,18,1241.00,582.81,64.96,135.74,0.9365,2,2,-1
705,21,1548.78,624.20,52.96,151.31,0.8945,2,2,-1
705,22,1625.37,570.23,37.61,68.06,0.9183,2,2,-1
705,28,1840.59,643.06,54.27,154.28,0.8352,2,2,-1
705,40,970.33,532.36,35.99,115.37,0.8747,2,1,-1
705,55,741.69,571.82,46.27,122.06,0.9155,2,2,-1
705,61,1002.44,719.78,64.21,172.32,0.8803,2,1,-1
705,76,584.28,520.93,51.83,104.59,0.9043,2,1,-1
705,79,876.59,589.98,47.96,141.41,0.8586,1,3,-1
705,90,447.87,545.59,50.16,110.40,0.9390,2,1,-1
706,18,1244.35,582.66,66.17,135.43,0.9290,2,2,-1
706,21,1553.82,624.27,49.85,150.05,0.9054,2,2,-1
706,22,1629.76,560.34,42.94,81.83,0.8886,2,2,-1
706,40,974.19,533.32,35.26,115.25,0.9144,2,1,-1
706,43,1772.51,811.33,41.11,95.27,0.6430,2,1,-1
706,55,745.90,572.30,51.15,122.21,0.9230,2,2,-1
706,61,1015.12,717.25,60.09,173.25,0.7637,2,1,-1
706,76,597.43,511.73,47.82,113.60,0.8973,2,1,-1
706,79,877.16,590.07,51.08,140.75,0.9033,1,3,-1
706,90,442.31,548.86,52.18,110.76,0.9099,2,1,-1
706,98,980.13,948.56,82.32,131.45,0.5532,2,-1,-1
706,99,11.05,745.37,31.13,175.82,0.6435,2,-1,-1
707,18,1248.77,582.77,66.34,134.06,0.9231,2,2,-1
707,21,1559.87,625.11,48.82,154.17,0.9308,2,2,-1
707,22,1640.39,564.64,39.61,77.68,0.7854,2,2,-1
707,28,1864.39,641.21,50.86,157.64,0.8627,2,2,-1
707,40,977.64,533.52,36.50,115.92,0.9021,2,1,-1
707,43,1763.21,888.82,59.15,97.61,0.6606,2,1,-1
707,55,751.10,572.44,50.62,122.06,0.9253,2,2,-1
707,61,1030.69,719.84,50.46,170.01,0.9048,2,1,-1
707,76,609.18,510.78,42.27,113.51,0.8581,2,1,-1
707,79,880.24,590.67,51.68,141.38,0.6484,1,3,-1
707,90,431.96,555.80,47.60,104.85,0.8127,2,1,-1
707,99,6.16,753.79,56.49,171.93,0.8796,2,-1,-1
708,18,1253.59,582.28,65.28,134.78,0.9406,2,2,-1
708,21,1564.95,623.76,49.14,154.99,0.9280,2,2,-1
708,28,1868.69,640.31,51.05,160.67,0.8875,2,2,-1
708,33,1759.45,815.16,50.27,93.20,0.6709,2,2,-1
708,40,981.13,532.98,37.33,117.97,0.8730,2,1,-1
708,43,1756.73,889.89,72.69,105.55,0.6430,2,1,-1
708,55,756.43,572.68,50.08,121.93,0.9264,2,2,-1
708,61,1041.60,764.25,42.93,128.53,0.8091,2,1,-1
708,76,616.22,507.31,39.96,116.47,0.8512,2,1,-1
708,79,882.22,591.65,53.43,141.13,0.8869,1,3,-1
708,90,424.56,548.17,46.67,113.17,0.8364,2,1,-1
708,99,4.79,751.06,82.27,173.88,0.9123,2,-1,-1
709,18,1257.67,582.14,63.74,135.28,0.9248,2,2,-1
709,21,1571.96,625.08,50.58,154.73,0.9195,2,2,-1
709,22,1659.97,558.32,41.20,84.14,0.6580,2,2,-1
709,28,1872.73,643.45,47.98,158.49,0.9003,2,2,-1
709,33,1755.03,815.37,46.21,91.80,0.8524,2,2,-1
709,40,984.83,533.59,36.23,117.73,0.8633,2,1,-1
709,55,761.08,572.87,48.67,123.25,0.9217,2,2,-1
709,61,1041.17,725.09,56.59,169.26,0.5770,2,1,-1
709,79,885.00,593.69,55.44,140.91,0.9139,1,3,-1
709,90,424.04,547.90,45.54,113.44,0.8624,2,1,-1
709,96,624.15,530.68,38.94,93.09,0.8708,2,1,-1
710,18,1264.71,582.05,60.31,136.29,0.9387,2,2,-1
710,21,1578.46,629.05,52.87,152.73,0.9283,2,2,-1
710,22,1670.96,558.92,36.93,83.86,0.8870,2,2,-1
710,28,1878.67,656.58,41.65,142.91,0.9068,2,2,-1
710,33,1753.86,814.41,47.58,96.39,0.7653,2,2,-1
710,40,989.45,532.29,37.85,120.18,0.9108,2,1,-1
710,55,766.04,572.08,48.28,123.80,0.9224,2,2,-1
710,61,1049.03,735.14,69.54,159.35,0.8545,2,1,-1
710,79,887.94,594.60,55.77,141.39,0.6303,1,3,-1
710,90,420.71,544.46,47.94,116.64,0.9176,2,1,-1
710,96,632.54,539.17,40.56,79.23,0.9101,2,1,-1
711,17,894.45,595.37,52.88,107.08,0.7039,3,-1,-1
711,18,1269.59,581.63,57.58,136.33,0.9337,2,2,-1
711,21,1583.94,625.44,52.05,158.55,0.9231,2,2,-1
711,22,1677.77,557.83,38.75,85.14,0.8861,2,2,-1
711,28,1883.97,664.20,36.81,135.82,0.8959,2,2,-1
711,33,1752.72,814.87,46.44,93.07,0.6475,2,-1,-1
711,40,993.57,532.55,37.00,119.18,0.9075,2,1,-1
711,43,1758.66,882.51,84.22,119.01,0.8205,2,1,-1
711,55,772.22,572.07,44.47,124.24,0.9223,2,2,-1
711,61,1048.77,723.85,86.06,172.39,0.9038,2,1,-1
711,90,420.76,544.76,47.35,117.34,0.9207,2,1,-1
711,96,639.80,536.64,45.00,77.68,0.9063,2,1,-1
712,18,1274.36,581.59,53.65,135.17,0.9290,2,2,-1
712,21,1589.87,630.22,49.03,154.78,0.9354,2,2,-1
712,22,1682.69,551.74,42.89,93.83,0.8376,2,2,-1
712,33,1751.82,814.43,47.45,95.35,0.7727,2,1,-1
712,40,997.97,531.45,37.70,120.73,0.7712,2,1,-1
712,43,1759.93,880.37,79.70,115.77,0.8050,2,1,-1
712,48,1889.58,709.14,30.15,91.43,0.8778,2,2,-1
712,55,778.98,572.25,41.83,124.22,0.9076,2,2,-1
712,61,1052.51,724.50,88.07,172.50,0.8791,2,1,-1
712,76,647.74,512.81,44.66,103.12,0.8988,2,1,-1
712,79,897.36,595.58,55.32,141.05,0.9176,1,3,-1
712,90,417.93,545.40,49.56,119.64,0.9256,2,1,-1
712,99,71.15,750.44,84.44,180.85,0.7142,2,1,-1
713,18,1280.50,580.80,50.14,136.30,0.9267,2,2,-1
713,21,1595.95,630.16,48.65,156.38,0.9370,2,2,-1
713,22,1688.57,546.86,47.17,99.05,0.9101,2,2,-1
713,30,1897.03,739.02,22.69,62.38,0.8098,2,2,-1
713,33,1752.33,812.89,47.37,96.19,0.8031,2,1,-1
713,40,1000.88,531.37,39.20,121.29,0.9280,2,1,-1
713,55,785.15,572.46,37.74,124.61,0.9155,2,2,-1
713,61,1056.34,725.29,90.00,173.07,0.9177,2,1,-1
713,76,654.67,502.16,45.80,114.21,0.8905,2,1,-1
713,79,899.39,595.65,56.23,140.77,0.9113,1,3,-1
713,90,414.92,545.48,51.33,119.56,0.9335,2,1,-1
713,99,107.90,763.87,73.12,166.37,0.7617,2,1,-1
714,18,1285.87,580.20,49.96,137.22,0.9224,2,2,-1
714,21,1601.04,630.96,48.13,155.99,0.9329,2,2,-1
714,22,1695.07,548.23,49.76,97.09,0.9192,2,2,-1
714,33,1755.08,811.38,47.21,96.29,0.5614,2,1,-1
714,40,1002.82,534.62,41.10,118.22,0.9108,2,1,-1
714,55,791.48,571.31,34.33,125.03,0.9150,2,2,-1
714,61,1062.54,724.23,90.81,174.79,0.9142,2,1,-1
714,76,666.24,501.54,43.10,114.95,0.8443,2,1,-1
714,79,906.94,595.24,53.34,140.90,0.9197,1,3,-1
714,82,1906.68,771.46,13.06,47.36,0.5947,2,2,-1
714,90,410.12,543.69,52.89,124.28,0.9228,2,1,-1
714,99,119.14,763.78,74.84,168.15,0.7785,2,1,-1
715,18,1291.96,579.28,52.65,138.35,0.9322,2,2,-1
715,21,1606.87,632.10,47.76,156.21,0.9003,2,2,-1
715,22,1702.25,556.07,49.30,91.05,0.8906,2,2,-1
715,40,1005.66,533.47,44.01,119.76,0.9250,2,1,-1
715,55,795.78,571.50,33.54,124.21,0.9144,2,2,-1
715,61,1073.06,721.54,86.70,176.23,0.9221,2,1,-1
715,76,680.54,499.18,39.70,117.06,0.8770,2,1,-1
715,79,910.11,595.12,52.29,142.01,0.9007,1,3,-1
715,90,404.19,547.70,50.74,122.12,0.8959,2,1,-1
715,99,126.16,764.60,82.55,166.90,0.9113,2,1,-1
716,18,1297.88,579.41,53.98,139.04,0.9311,2,2,-1
716,20,1761.67,808.85,32.51,50.58,0.5556,2,2,-1
716,21,1613.48,630.28,47.24,157.23,0.9146,2,2,-1
716,22,1709.89,561.84,49.66,87.65,0.8655,2,2,-1
716,40,1009.45,536.21,45.83,117.78,0.9209,2,1,-1
716,55,800.94,571.50,33.47,125.11,0.9135,2,2,-1
716,61,1086.24,722.60,79.60,174.47,0.9212,2,1,-1
716,76,690.69,498.09,38.52,117.13,0.9097,2,1,-1
716,79,915.23,593.92,51.12,142.42,0.9118,1,3,-1
716,90,401.79,563.11,43.12,107.29,0.8586,2,1,-1
716,99,139.99,777.50,83.97,150.95,0.8982,2,1,-1
717,18,1305.06,579.85,55.48,138.29,0.9360,2,2,-1
717,21,1623.26,630.78,46.13,158.09,0.9225,2,2,-1
717,22,1722.86,564.69,47.91,84.60,0.8828,2,2,-1
717,40,1012.15,533.54,50.46,121.04,0.9309,2,1,-1
717,55,807.35,571.87,33.68,123.15,0.9128,2,2,-1
717,61,1102.95,726.76,68.72,170.75,0.8921,2,1,-1
717,76,696.35,489.98,41.08,126.19,0.9210,2,1,-1
717,79,922.26,594.21,49.48,142.06,0.8772,1,3,-1
717,90,399.32,558.36,41.05,111.95,0.8791,2,1,-1
717,98,1110.07,941.05,72.01,138.95,0.7327,2,-1,-1
718,18,1312.53,579.57,56.62,137.63,0.9343,2,2,-1
718,21,1631.97,630.53,47.42,157.84,0.9161,2,2,-1
718,38,1744.91,559.27,34.84,90.43,0.8675,2,2,-1
718,40,1019.97,535.89,49.63,120.05,0.9204,2,1,-1
718,55,813.04,571.96,34.12,124.16,0.8950,2,2,-1
718,61,1117.13,724.81,65.27,172.46,0.7460,2,1,-1
718,76,704.13,489.81,43.67,124.35,0.9292,2,1,-1
718,79,929.43,593.77,46.01,142.90,0.9179,1,3,-1
718,90,399.25,558.60,38.69,111.45,0.9170,2,1,-1
719,18,1317.02,579.44,56.67,137.71,0.9384,2,2,-1
719,21,1636.05,630.70,50.01,159.55,0.8864,2,2,-1
719,38,1752.55,562.91,32.97,86.58,0.8650,2,2,-1
719,40,1023.80,534.10,50.91,122.74,0.9271,2,1,-1
719,55,816.04,572.28,35.12,125.85,0.9060,2,2,-1
719,61,1134.20,724.07,59.03,172.89,0.7678,2,1,-1
719,76,710.24,491.51,49.33,119.94,0.9278,2,1,-1
719,79,933.36,594.73,45.96,144.14,0.7129,1,3,-1
719,90,396.65,554.35,41.82,116.83,0.9335,2,1,-1
720,18,1321.12,579.62,55.45,137.94,0.9358,2,2,-1
720,21,1639.33,634.06,54.21,156.89,0.9175,2,2,-1
720,24,1759.17,588.50,31.27,61.64,0.8804,2,2,-1
720,40,1028.37,534.62,51.04,122.16,0.9215,2,1,-1
720,55,819.69,572.68,36.02,124.14,0.9080,2,2,-1
720,76,717.01,490.08,54.47,118.90,0.9373,2,1,-1
720,79,938.40,596.02,44.25,142.85,0.8970,1,3,-1
720,90,392.99,558.02,45.55,114.34,0.9377,2,1,-1
721,18,1326.49,579.65,53.61,137.93,0.9352,2,2,-1
721,21,1643.09,633.59,58.66,159.95,0.8934,2,2,-1
721,24,1766.99,585.72,32.34,66.78,0.8888,2,2,-1
721,40,1034.29,534.14,52.71,122.86,0.9183,2,1,-1
721,43,1717.54,821.41,113.58,171.77,0.5944,2,1,-1
721,55,824.38,573.18,36.40,124.08,0.9007,2,2,-1
721,76,724.67,494.97,55.75,114.34,0.9310,2,1,-1
721,79,943.88,596.63,44.15,143.12,0.9002,1,3,-1
721,90,389.07,560.74,50.64,112.18,0.9362,2,1,-1
721,98,1153.47,937.46,74.46,142.54,0.8715,2,-1,-1
722,18,1330.58,579.32,53.78,138.72,0.9334,2,2,-1
722,21,1648.21,632.08,59.13,161.44,0.8842,2,2,-1
722,22,1770.10,578.56,41.27,75.41,0.9079,2,2,-1
722,40,1039.95,534.81,54.27,122.39,0.9158,2,1,-1
722,55,828.01,573.51,38.47,126.41,0.8941,2,2,-1
722,61,1161.58,722.98,65.03,175.74,0.8037,2,1,-1
722,76,734.84,503.18,50.84,105.72,0.9115,2,1,-1
722,79,949.62,597.02,43.09,142.81,0.8902,1,3,-1
722,90,383.87,564.95,55.38,108.78,0.9308,2,1,-1
722,98,1163.12,932.69,77.32,147.31,0.9212,2,2,-1
723,18,1335.67,579.88,51.03,137.16,0.9340,2,2,-1
723,21,1652.97,631.49,61.63,161.88,0.8828,2,2,-1
723,22,1775.89,567.73,46.75,85.74,0.9119,2,2,-1
723,40,1044.00,535.07,53.66,122.17,0.8859,2,1,-1
723,55,831.64,573.44,39.45,125.59,0.9155,2,2,-1
723,61,1165.23,734.93,78.61,163.87,0.9060,2,1,-1
723,76,745.29,498.27,50.32,110.54,0.8962,2,1,-1
723,79,953.81,598.17,42.82,141.96,0.9188,1,3,-1
723,90,377.74,563.50,58.21,113.91,0.9273,2,1,-1
723,98,1174.44,928.14,78.74,150.33,0.9286,2,2,-1
723,99,188.06,876.72,58.54,104.28,0.7675,2,1,-1
724,18,1338.53,578.55,51.34,138.15,0.9389,2,2,-1
724,21,1655.12,635.48,65.57,162.45,0.9072,2,2,-1
724,22,1782.57,569.60,47.44,86.91,0.9110,2,2,-1
724,40,1049.42,539.31,51.20,117.62,0.8830,2,1,-1
724,55,833.04,572.90,42.70,127.15,0.9256,2,2,-1
724,61,1166.43,726.27,87.58,173.20,0.9104,2,1,-1
724,79,957.63,598.21,42.98,141.78,0.8993,1,3,-1
724,90,371.97,569.58,58.08,110.27,0.8780,2,1,-1
724,96,761.10,539.23,37.63,68.40,0.7929,2,1,-1
724,98,1185.53,921.23,79.94,158.54,0.9296,2,2,-1
724,102,294.37,739.25,85.89,184.65,0.9406,2,-1,-1
725,18,1341.12,578.29,51.26,137.66,0.9331,2,2,-1
725,21,1660.29,632.43,64.90,164.88,0.8903,2,2,-1
725,22,1786.94,563.48,48.38,93.11,0.8692,2,2,-1
725,33,1737.60,809.30,40.14,94.84,0.6227,2,1,-1
725,40,1052.09,534.47,52.62,122.49,0.8610,2,1,-1
725,55,833.82,572.55,45.16,127.05,0.9268,2,2,-1
725,61,1169.60,721.35,94.52,177.63,0.9215,2,1,-1
725,76,767.61,490.07,39.74,117.66,0.8773,2,1,-1
725,79,961.04,598.82,43.36,141.42,0.9101,1,3,-1
725,90,361.53,572.13,56.42,106.48,0.8383,2,1,-1
725,98,1194.77,920.25,80.88,159.75,0.8866,2,2,-1
725,102,307.37,733.24,88.93,179.67,0.9321,2,-1,-1
726,18,1342.36,577.90,51.38,137.64,0.9246,2,2,-1
726,21,1663.99,634.78,65.94,163.09,0.9009,2,2,-1
726,22,1794.99,561.27,46.68,94.98,0.8309,2,2,-1
726,33,1738.67,807.64,29.75,62.13,0.6370,2,1,-1
726,40,1055.89,540.75,50.75,115.87,0.8422,2,1,-1
726,55,834.27,572.66,47.22,126.65,0.9235,2,2,-1
726,61,1172.10,723.02,94.01,174.28,0.9145,2,1,-1
726,76,774.92,485.89,37.53,121.25,0.8646,2,1,-1
726,79,963.08,597.56,43.80,142.93,0.9200,1,3,-1
726,90,354.26,561.30,54.70,117.12,0.8925,2,1,-1
726,98,1202.35,920.20,81.10,159.80,0.9403,2,2,-1
726,102,316.30,730.51,97.44,182.35,0.9206,2,-1,-1
727,18,1345.05,576.64,49.28,137.71,0.9205,2,2,-1
727,21,1664.89,633.32,66.77,164.28,0.9006,2,2,-1
727,25,782.22,550.32,25.95,54.98,0.8529,2,1,-1
727,40,1055.62,535.59,49.89,121.42,0.8414,2,1,-1
727,55,833.04,571.73,49.36,126.41,0.9284,2,2,-1
727,61,1176.99,725.28,91.65,170.81,0.9289,2,1,-1
727,79,963.05,596.32,44.45,143.17,0.9152,1,3,-1
727,90,350.01,554.85,51.52,122.34,0.9025,2,1,-1
727,98,1209.14,921.55,75.68,157.68,0.9366,2,2,-1
727,102,330.04,725.55,100.56,182.80,0.8345,2,1,-1
728,18,1340.55,575.61,50.86,137.22,0.9265,2,2,-1
728,21,1665.27,632.71,65.29,162.67,0.9152,2,2,-1
728,22,1810.75,558.20,37.67,95.54,0.9000,2,2,-1
728,40,1053.99,530.42,47.53,125.12,0.8971,2,1,-1
728,55,830.11,569.92,51.69,128.20,0.9328,2,2,-1
728,61,1184.00,734.56,84.93,157.85,0.6566,2,1,-1
728,79,962.70,594.83,44.85,143.04,0.9253,1,3,-1
728,90,343.61,553.39,49.46,122.44,0.9186,2,1,-1
728,96,783.10,552.35,32.11,46.99,0.8628,2,1,-1
728,98,1215.55,920.18,71.43,159.02,0.9256,2,2,-1
728,102,339.90,729.37,99.28,179.61,0.7198,2,1,-1
729,17,825.69,570.82,54.69,92.36,0.9116,2,1,-1
729,18,1342.00,575.58,47.98,137.55,0.9269,2,2,-1
729,21,1665.76,633.06,62.78,161.92,0.9005,2,2,-1
729,22,1810.70,560.45,38.46,93.22,0.8998,2,2,-1
729,40,1051.77,535.50,43.95,121.49,0.8354,2,1,-1
729,61,1195.50,784.38,64.39,105.62,0.8937,2,1,-1
729,79,962.09,595.16,44.88,143.16,0.7838,1,3,-1
729,90,336.45,553.89,51.24,124.63,0.9253,2,1,-1
729,96,779.48,510.38,45.27,85.60,0.8991,2,1,-1
729,98,1223.23,921.61,68.79,156.07,0.9341,2,2,-1
729,102,348.92,732.00,97.02,182.00,0.7244,2,1,-1
730,17,824.86,572.21,56.19,102.06,0.9145,2,1,-1
730,18,1343.76,576.46,45.75,137.96,0.9256,2,2,-1
730,21,1669.71,634.15,58.36,162.30,0.9108,2,2,-1
730,22,1810.20,564.06,42.82,91.96,0.9060,2,2,-1
730,40,1052.68,535.84,42.54,122.41,0.7843,2,1,-1
730,61,1195.47,722.18,79.88,171.87,0.8611,2,1,-1
730,79,963.62,597.12,44.24,141.46,0.7005,1,3,-1
730,90,327.61,557.78,54.46,122.38,0.9315,2,1,-1
730,96,784.81,524.52,38.55,72.70,0.9071,2,1,-1
730,98,1232.50,922.11,66.31,156.64,0.9025,2,2,-1
730,102,372.23,732.22,86.37,181.88,0.8757,2,1,-1
731,18,1349.27,576.67,41.55,137.68,0.9093,2,2,-1
731,21,1673.89,637.85,54.35,155.52,0.9129,2,2,-1
731,22,1811.37,559.88,48.29,98.60,0.9105,2,2,-1
731,40,1055.01,537.04,39.62,121.73,0.8747,2,1,-1
731,55,826.20,571.83,53.84,128.58,0.9094,2,2,-1
731,61,1203.27,719.36,77.01,173.44,0.5854,2,1,-1
731,79,964.88,596.66,46.02,144.06,0.8501,1,3,-1
731,90,318.88,557.26,56.18,124.54,0.9280,2,1,-1
731,96,790.34,528.56,35.11,68.29,0.8634,2,1,-1
731,98,1244.22,918.38,60.89,161.62,0.9353,2,2,-1
731,102,407.32,736.58,72.93,177.18,0.8812,2,1,-1
732,18,1350.81,575.61,39.83,138.30,0.9048,2,2,-1
732,21,1675.18,636.45,53.13,157.00,0.9209,2,2,-1
732,22,1813.54,563.73,50.24,93.58,0.9172,2,2,-1
732,40,1055.47,538.89,37.83,119.65,0.8321,2,1,-1
732,55,825.43,570.76,53.31,126.57,0.9304,2,2,-1
732,61,1216.89,725.77,64.62,165.97,0.7655,2,1,-1
732,79,965.58,596.13,46.40,144.16,0.5519,1,3,-1
732,90,313.49,558.28,53.83,127.00,0.9247,2,1,-1
732,96,798.20,528.85,32.90,67.08,0.8407,2,1,-1
732,98,1247.93,910.63,62.08,169.37,0.9374,2,2,-1
732,102,417.46,743.49,70.20,169.36,0.7352,2,1,-1
733,18,1353.91,575.69,37.79,137.56,0.9052,2,2,-1
733,21,1677.45,632.43,52.43,163.93,0.9211,2,2,-1
733,22,1816.26,558.03,55.36,100.14,0.9221,2,2,-1
733,40,1057.68,541.93,36.67,117.48,0.8119,2,1,-1
733,55,824.90,570.81,52.01,126.58,0.9207,2,2,-1
733,61,1221.58,715.64,65.61,174.31,0.5480,2,1,-1
733,79,966.17,596.61,48.50,147.67,0.6769,1,3,-1
733,90,304.36,568.98,48.86,117.40,0.7884,2,1,-1
733,96,805.40,554.11,20.07,41.37,0.6220,2,1,-1
733,98,1250.55,905.94,68.34,174.07,0.9369,2,2,-1
733,102,421.20,738.66,77.18,175.55,0.8661,2,1,-1
734,18,1356.67,576.42,35.80,137.83,0.9047,2,2,-1
734,21,1680.62,632.51,53.43,166.18,0.9089,2,2,-1
734,40,1063.93,542.44,24.89,61.19,0.7579,2,1,-1
734,43,1659.49,805.36,99.10,180.29,0.7828,2,1,-1
734,55,825.75,571.87,48.70,127.57,0.9225,2,2,-1
734,61,1228.11,716.05,62.73,178.90,0.7535,2,1,-1
734,76,810.44,490.11,33.39,107.11,0.8057,2,1,-1
734,79,969.07,597.91,49.59,147.09,0.6904,1,3,-1
734,87,1820.64,570.00,53.85,90.77,0.9205,2,1,-1
734,90,295.42,564.20,47.67,124.14,0.9017,2,1,-1
734,98,1253.33,904.03,73.91,175.97,0.9392,2,2,-1
734,102,429.71,730.56,85.07,179.94,0.9208,2,1,-1
735,18,1355.63,576.33,35.30,138.17,0.9076,2,2,-1
735,21,1684.65,636.63,54.22,162.00,0.8410,2,2,-1
735,40,1062.78,542.38,25.98,56.70,0.6795,2,1,-1
735,43,1658.37,804.55,94.18,180.77,0.8384,2,1,-1
735,55,824.82,572.10,45.16,127.22,0.9208,2,2,-1
735,61,1247.90,718.39,39.63,108.54,0.5050,2,1,-1
735,76,810.41,479.73,37.23,117.46,0.9122,2,1,-1
735,79,965.46,598.27,54.23,145.50,0.8923,1,3,-1
735,87,1825.15,571.55,52.68,89.81,0.9255,2,1,-1
735,90,289.89,565.02,42.61,122.36,0.9156,2,1,-1
735,98,1257.28,905.60,75.70,174.40,0.8274,2,2,-1
735,102,438.65,728.60,88.10,173.88,0.8830,2,1,-1
736,18,1354.83,576.34,35.23,137.32,0.9164,2,2,-1
736,21,1683.12,639.15,56.94,161.18,0.9157,2,2,-1
736,22,1832.35,569.19,49.80,92.61,0.8799,2,2,-1
736,40,1054.29,542.73,44.57,117.66,0.8455,2,1,-1
736,43,1659.75,826.36,83.24,157.70,0.6006,2,1,-1
736,55,823.63,572.39,41.29,127.58,0.9314,2,2,-1
736,61,1239.55,718.04,67.28,173.49,0.5864,2,1,-1
736,76,811.85,479.89,38.98,114.46,0.9161,2,1,-1
736,79,964.76,599.14,55.17,144.03,0.8933,1,3,-1
736,90,283.19,565.14,44.12,122.12,0.9299,2,1,-1
736,98,1261.50,906.41,81.61,173.59,0.8871,2,2,-1
736,102,449.99,727.49,90.99,176.58,0.7503,2,1,-1
737,18,1354.55,576.18,35.72,136.74,0.9212,2,2,-1
737,21,1682.48,643.28,53.82,157.94,0.9167,2,2,-1
737,22,1839.95,572.37,43.39,89.95,0.8802,2,2,-1
737,40,1054.75,539.61,41.73,121.03,0.8842,2,1,-1
737,43,1651.21,809.02,90.37,174.82,0.5796,2,1,-1
737,55,821.27,575.17,40.42,125.06,0.9397,2,2,-1
737,61,1236.37,718.92,77.82,178.14,0.7311,2,1,-1
737,76,813.24,484.46,39.40,107.17,0.8845,2,1,-1
737,79,965.41,599.63,55.49,145.39,0.8934,1,3,-1
737,90,274.45,566.39,48.70,121.93,0.9331,2,1,-1
737,98,1264.35,910.15,82.47,169.85,0.7185,2,2,-1
737,102,476.70,726.63,86.58,180.52,0.6946,2,1,-1
738,18,1354.87,576.22,35.82,136.76,0.9206,2,2,-1
738,21,1684.68,641.83,52.13,160.45,0.9254,2,2,-1
738,22,1847.35,568.05,42.85,94.04,0.8247,2,2,-1
738,40,1055.05,550.07,39.82,111.86,0.8539,2,1,-1
738,50,1631.73,800.16,55.62,99.06,0.7425,2,1,-1
738,55,819.49,572.82,41.06,128.05,0.9354,2,2,-1
738,61,1235.52,746.50,80.88,150.39,0.8060,2,1,-1
738,76,815.28,475.81,44.86,113.09,0.8762,2,1,-1
738,79,965.25,600.54,55.21,145.01,0.8705,1,3,-1
738,90,266.18,567.04,53.03,121.77,0.9330,2,1,-1
738,98,1277.05,911.80,83.54,168.20,0.8080,2,2,-1
738,102,481.57,729.72,81.98,179.75,0.8738,2,1,-1
739,18,1355.88,576.21,35.01,137.12,0.9203,2,2,-1
739,21,1686.24,643.22,51.84,160.25,0.9362,2,2,-1
739,40,1053.53,541.37,43.08,120.62,0.9028,2,1,-1
739,50,1631.26,799.52,48.64,86.74,0.7657,2,1,-1
739,55,817.50,573.05,40.67,128.47,0.9228,2,2,-1
739,61,1232.78,744.57,85.73,151.47,0.8138,2,1,-1
739,74,1851.62,588.78,41.10,74.80,0.8134,2,1,-1
739,76,817.51,480.11,46.79,108.89,0.8928,2,1,-1
739,79,965.04,600.77,55.80,145.80,0.8372,1,3,-1
739,90,256.67,570.24,57.96,120.54,0.9243,2,1,-1
739,98,1287.61,911.80,82.80,168.23,0.5460,2,2,-1
739,102,506.15,735.81,69.30,172.57,0.8751,2,1,-1
740,18,1354.46,576.64,34.64,137.45,0.9241,2,2,-1
740,21,1685.18,643.14,51.13,160.74,0.9321,2,2,-1
740,40,1052.72,544.97,42.38,117.15,0.8450,2,1,-1
740,55,814.04,574.11,40.45,128.50,0.9191,2,2,-1
740,61,1231.92,724.50,91.85,172.93,0.8490,2,1,-1
740,74,1851.39,592.22,37.94,72.99,0.8839,2,1,-1
740,76,818.64,483.28,45.85,107.17,0.8769,2,1,-1
740,79,963.88,599.58,55.49,147.86,0.8124,1,3,-1
740,90,245.54,575.56,60.13,118.80,0.9290,2,1,-1
740,98,1293.76,909.89,78.57,170.11,0.9023,2,2,-1
740,102,538.93,733.25,49.77,128.38,0.8838,2,1,-1
741,18,1353.95,576.27,34.22,137.10,0.9276,2,2,-1
741,21,1685.33,643.25,51.97,160.80,0.9371,2,2,-1
741,40,1051.26,540.13,45.08,124.98,0.5118,2,1,-1
741,55,811.19,574.45,39.96,127.50,0.9262,2,2,-1
741,61,1238.88,725.24,83.28,172.34,0.9048,2,1,-1
741,74,1852.57,588.48,42.64,77.01,0.9045,2,1,-1
741,76,824.93,483.70,43.37,106.18,0.8017,2,1,-1
741,79,964.82,598.48,54.57,148.25,0.8058,1,3,-1
741,90,231.64,578.89,60.22,118.50,0.8722,2,1,-1
741,98,1302.33,906.26,74.13,173.74,0.9231,2,2,-1
741,102,536.55,727.71,62.81,157.30,0.6597,2,1,-1
742,18,1355.26,576.07,34.34,137.94,0.9238,2,2,-1
742,21,1688.53,642.41,53.91,161.71,0.9347,2,2,-1
742,40,1054.05,546.35,42.69,117.22,0.8592,2,1,-1
742,55,810.80,574.68,40.81,127.15,0.9253,2,2,-1
742,61,1270.07,721.42,50.10,104.41,0.5392,2,1,-1
742,74,1855.92,582.21,47.24,84.23,0.9090,2,1,-1
742,76,834.04,494.46,38.12,95.52,0.7538,2,1,-1
742,79,969.87,599.68,51.90,146.99,0.9020,1,3,-1
742,90,220.60,571.68,62.10,126.06,0.9022,2,1,-1
742,98,1311.16,896.74,73.41,166.79,0.9193,2,2,-1
742,102,536.97,729.99,82.62,177.27,0.9163,2,1,-1
743,18,1353.95,576.46,35.14,136.98,0.9285,2,2,-1
743,21,1689.72,642.30,54.68,161.12,0.9186,2,2,-1
743,22,1859.52,577.33,45.20,91.20,0.8798,2,2,-1
743,40,1053.87,548.98,42.06,114.67,0.8798,2,1,-1
743,50,1627.41,798.07,42.72,81.11,0.7083,2,1,-1
743,55,808.61,574.88,41.76,126.95,0.9348,2,2,-1
743,79,970.58,601.17,50.42,145.66,0.9233,1,3,-1
743,90,211.21,572.35,59.44,125.80,0.8817,2,1,-1
743,96,844.75,546.41,21.58,42.71,0.7588,2,1,-1
743,98,1318.32,895.05,72.49,160.76,0.7902,2,2,-1
743,102,543.23,724.74,89.22,173.57,0.9322,2,1,-1
744,18,1353.92,577.13,35.56,137.23,0.9249,2,2,-1
744,21,1690.82,642.64,57.81,162.32,0.9079,2,2,-1
744,22,1865.92,581.54,43.71,87.59,0.8347,2,2,-1
744,40,1060.48,579.41,33.06,86.24,0.7506,2,1,-1
744,50,1618.62,795.70,46.43,90.34,0.6497,2,1,-1
744,55,807.56,575.20,43.53,127.05,0.9322,2,2,-1
744,79,973.27,601.14,51.36,146.86,0.9303,1,3,-1
744,90,206.98,570.77,56.26,127.47,0.9310,2,1,-1
744,96,840.10,475.27,42.32,114.05,0.8362,2,1,-1
744,98,1324.90,892.66,75.29,144.69,0.9316,2,2,-1
744,102,551.25,717.27,95.71,181.01,0.9318,2,1,-1
745,18,1352.76,577.30,35.96,136.56,0.9182,2,2,-1
745,21,1690.04,644.29,60.91,161.80,0.9034,2,2,-1
745,22,1872.15,579.93,44.56,90.08,0.5278,2,2,-1
745,40,1059.19,578.76,34.56,87.03,0.7974,2,1,-1
745,55,804.87,575.10,44.69,126.44,0.9261,2,2,-1
745,79,975.29,601.21,50.00,145.84,0.9234,1,3,-1
745,90,202.65,569.14,54.84,129.59,0.9242,2,1,-1
745,96,846.35,469.03,40.61,119.09,0.8670,2,1,-1
745,98,1330.17,889.31,76.25,146.60,0.8306,2,2,-1
745,102,564.85,719.81,96.86,178.01,0.8629,2,1,-1
746,17,849.20,530.88,32.09,55.31,0.7676,2,1,-1
746,18,1348.55,576.69,37.04,136.88,0.9205,2,2,-1
746,21,1688.06,643.56,62.31,163.63,0.9071,2,2,-1
746,22,1877.76,574.97,43.55,94.43,0.7723,2,2,-1
746,40,1051.89,544.85,43.81,121.10,0.9078,2,1,-1
746,43,1564.26,791.98,104.62,180.79,0.8815,2,1,-1
746,55,800.90,573.99,45.66,127.25,0.9219,2,2,-1
746,79,973.77,600.85,48.91,145.49,0.9013,1,3,-1
746,90,194.11,567.22,53.85,131.86,0.9296,2,1,-1
746,98,1332.13,891.81,75.90,144.66,0.8985,2,2,-1
746,102,578.55,754.55,81.83,144.08,0.7166,2,1,-1
747,18,1344.23,576.83,37.65,136.89,0.9052,2,2,-1
747,21,1684.98,645.94,62.01,162.83,0.8278,2,2,-1
747,22,1877.52,568.96,42.95,99.95,0.8937,2,2,-1
747,40,1048.07,545.01,43.11,121.00,0.8853,2,1,-1
747,50,1590.01,796.25,46.93,93.19,0.7793,2,1,-1
747,55,796.45,574.09,47.30,128.00,0.9310,2,2,-1
747,76,847.05,489.45,35.84,92.73,0.8471,2,1,-1
747,79,972.07,599.80,47.94,146.88,0.9206,1,3,-1
747,90,183.42,567.55,56.05,132.15,0.9294,2,1,-1
747,98,1334.29,894.38,75.84,152.57,0.8830,2,2,-1
747,102,584.26,730.62,92.34,171.70,0.7678,2,1,-1
748,17,845.75,515.05,36.53,67.10,0.8672,2,1,-1
748,18,1339.73,578.67,38.00,135.79,0.9177,2,2,-1
748,21,1680.18,643.76,63.50,164.93,0.8700,2,2,-1
748,28,1874.04,550.47,45.52,120.97,0.8382,2,2,-1
748,40,1042.21,543.00,46.17,124.00,0.9130,2,1,-1
748,50,1579.42,797.70,45.60,91.02,0.7575,2,1,-1
748,55,790.88,575.04,48.64,127.82,0.9233,2,2,-1
748,79,969.85,602.77,46.11,145.60,0.9248,1,3,-1
748,90,171.50,570.16,57.47,132.53,0.9325,2,1,-1
748,98,1338.56,895.27,71.08,150.17,0.8999,2,2,-1
748,102,602.87,726.57,82.53,175.97,0.8934,2,1,-1
749,17,846.00,512.91,36.74,69.70,0.8687,2,1,-1
749,18,1337.66,574.32,37.52,140.55,0.9138,2,2,-1
749,21,1678.54,644.55,64.15,165.49,0.8823,2,2,-1
749,28,1871.48,543.54,48.44,128.26,0.8993,2,2,-1
749,40,1039.07,550.05,44.48,117.93,0.8635,2,1,-1
749,50,1569.63,796.98,45.57,92.04,0.8367,2,1,-1
749,55,786.40,575.07,49.60,128.74,0.9293,2,2,-1
749,79,969.35,603.32,48.75,146.39,0.9153,1,3,-1
749,90,160.51,571.45,55.87,136.11,0.9231,2,1,-1
749,98,1344.74,893.70,67.20,158.50,0.9242,2,2,-1
749,102,627.78,728.76,75.06,174.33,0.7971,2,1,-1
749,112,481.58,867.45,67.97,177.94,0.8099,2,-1,-1
750,18,1336.07,580.00,36.83,135.20,0.9123,2,2,-1
750,21,1677.63,646.21,64.15,168.28,0.8802,2,2,-1
750,28,1870.32,533.57,50.04,137.77,0.9161,2,2,-1
750,40,1033.66,540.76,51.08,127.18,0.8899,2,1,-1
750,43,1551.74,807.93,94.47,167.31,0.5584,2,1,-1
750,55,783.02,574.79,49.78,128.62,0.9331,2,2,-1
750,61,1277.15,738.26,85.66,158.50,0.7322,2,1,-1
750,79,968.09,603.77,51.00,147.63,0.9219,1,3,-1
750,90,150.66,579.03,50.64,130.05,0.8997,2,1,-1
750,96,847.48,469.59,37.45,113.14,0.8876,2,1,-1
750,98,1353.05,893.91,62.43,149.29,0.8184,2,2,-1
750,102,648.46,726.02,57.86,133.66,0.6021,2,1,-1
750,112,488.31,859.53,69.69,179.01,0.6327,2,-1,-1
